date,temperature_2m_max,temperature_2m_min,temperature_2m_mean,precipitation_sum,windspeed_10m_max,relative_humidity_2m_mean,month,day_of_year,season,temperature_2m_mean_lag1,temperature_2m_mean_lag2,temperature_2m_mean_lag3,temperature_2m_mean_lag7,temperature_2m_mean_roll_mean3,temperature_2m_mean_roll_mean7,temperature_2m_mean_roll_mean14,precipitation_sum_lag1,precipitation_sum_lag2,precipitation_sum_lag3,precipitation_sum_lag7,precipitation_sum_roll_mean3,precipitation_sum_roll_mean7,precipitation_sum_roll_mean14
2015-01-15,12.8,1.3,7.2,0.4,4.7,76,1,15,1,7.4,7.8,9.5,8.1,8.233333333333333,8.514285714285714,8.085714285714285,3.5,7.7,0.0,0.0,3.733333333333333,1.5999999999999999,0.8071428571428572
2015-01-16,14.7,-2.1,6.1,0.0,7.1,57,1,16,1,7.2,7.4,7.8,8.1,7.466666666666666,8.385714285714284,8.121428571428572,0.4,3.5,7.7,0.0,3.8666666666666667,1.657142857142857,0.8357142857142856
2015-01-17,14.3,-2.7,5.9,0.0,4.9,47,1,17,1,6.1,7.2,7.4,9.1,6.8999999999999995,8.1,8.078571428571427,0.0,0.4,3.5,0.0,1.3,1.657142857142857,0.8357142857142856
2015-01-18,14.2,-1.9,6.6,0.0,5.2,49,1,18,1,5.9,6.1,7.2,9.6,6.400000000000001,7.642857142857143,7.971428571428572,0.0,0.0,0.4,0.0,0.13333333333333333,1.657142857142857,0.8285714285714285
2015-01-19,14.8,-0.7,7.6,0.0,3.4,50,1,19,1,6.6,5.9,6.1,9.5,6.2,7.214285714285714,7.935714285714285,0.0,0.0,0.0,0.0,0.0,1.657142857142857,0.8285714285714285
2015-01-20,14.3,0.4,7.5,0.0,5.4,61,1,20,1,7.6,6.6,5.9,7.8,6.7,6.942857142857143,7.8999999999999995,0.0,0.0,0.0,7.7,0.0,1.657142857142857,0.8285714285714285
2015-01-21,9.7,4.0,6.8,14.5,4.6,81,1,21,1,7.5,7.6,6.6,7.4,7.233333333333333,6.9,7.807142857142857,0.0,0.0,0.0,3.5,0.0,0.5571428571428572,0.8285714285714285
2015-01-22,8.7,3.2,5.3,15.5,4.0,84,1,22,1,6.8,7.5,7.6,7.2,7.3,6.814285714285714,7.6642857142857155,14.5,0.0,0.0,0.4,4.833333333333333,2.1285714285714286,1.8642857142857143
2015-01-23,9.4,-0.5,4.1,6.2,4.9,80,1,23,1,5.3,6.8,7.5,6.1,6.533333333333334,6.542857142857143,7.464285714285714,15.5,14.5,0.0,0.0,10.0,4.285714285714286,2.9714285714285715
2015-01-24,9.9,-2.0,3.8,0.0,6.3,68,1,24,1,4.1,5.3,6.8,5.9,5.3999999999999995,6.257142857142857,7.178571428571429,6.2,15.5,14.5,0.0,12.066666666666668,5.171428571428572,3.414285714285714
2015-01-25,10.3,-0.9,4.1,11.2,7.6,72,1,25,1,3.8,4.1,5.3,6.6,4.3999999999999995,5.957142857142857,6.799999999999999,0.0,6.2,15.5,0.0,7.233333333333333,5.171428571428572,3.414285714285714
2015-01-26,7.5,-1.5,2.6,7.5,5.4,80,1,26,1,4.1,3.8,4.1,7.6,4.0,5.6,6.4071428571428575,11.2,0.0,6.2,0.0,5.8,6.771428571428571,4.214285714285714
2015-01-27,4.7,-2.9,0.6,13.1,5.2,84,1,27,1,2.6,4.1,3.8,7.5,3.5,4.885714285714285,5.914285714285714,7.5,11.2,0.0,0.0,6.233333333333333,7.8428571428571425,4.75
2015-01-28,9.6,-6.2,2.1,0.0,7.9,55,1,28,1,0.6,2.6,4.1,6.8,2.433333333333333,3.8999999999999995,5.3999999999999995,13.1,7.5,11.2,14.5,10.6,9.714285714285714,5.135714285714285
2015-01-29,7.7,-0.6,3.1,3.4,7.0,70,1,29,1,2.1,0.6,2.6,5.3,1.7666666666666668,3.2285714285714286,5.021428571428571,0.0,13.1,7.5,15.5,6.866666666666667,7.642857142857143,4.885714285714285
2015-01-30,10.7,-3.8,3.5,0.0,5.4,58,1,30,1,3.1,2.1,0.6,4.1,1.9333333333333336,2.914285714285714,4.728571428571429,3.4,0.0,13.1,6.2,5.5,5.914285714285714,5.1000000000000005
2015-01-31,12.8,-2.3,5.4,0.0,6.8,49,1,31,1,3.5,3.1,2.1,3.8,2.9000000000000004,2.8285714285714283,4.542857142857143,0.0,3.4,0.0,0.0,1.1333333333333333,5.028571428571428,5.1000000000000005
2015-02-01,7.6,1.2,3.8,12.1,7.1,76,2,32,1,5.4,3.5,3.1,4.1,4.0,3.0571428571428574,4.507142857142857,0.0,0.0,3.4,11.2,1.1333333333333333,5.028571428571428,5.1000000000000005
2015-02-02,9.2,2.0,5.2,12.0,7.1,82,2,33,1,3.8,5.4,3.5,2.6,4.233333333333333,3.0142857142857147,4.307142857142857,12.1,0.0,0.0,7.5,4.033333333333333,5.1571428571428575,5.964285714285714
2015-02-03,7.9,2.1,4.9,9.1,5.8,84,2,34,1,5.2,3.8,5.4,0.6,4.800000000000001,3.385714285714286,4.135714285714285,12.0,12.1,0.0,13.1,8.033333333333333,5.8,6.821428571428571
2015-02-04,12.9,-2.3,5.7,0.0,6.0,62,2,35,1,4.9,5.2,3.8,2.1,4.633333333333334,4.0,3.9499999999999997,9.1,12.0,12.1,0.0,11.066666666666668,5.228571428571428,7.471428571428572
2015-02-05,15.2,-3.2,5.9,0.0,5.9,56,2,36,1,5.7,4.9,5.2,3.1,5.266666666666667,4.514285714285714,3.8714285714285714,0.0,9.1,12.0,3.4,7.033333333333332,5.228571428571428,6.435714285714286
2015-02-06,13.8,-1.8,6.2,0.0,4.0,65,2,37,1,5.9,5.7,4.9,3.5,5.5,4.9142857142857155,3.9142857142857146,0.0,0.0,9.1,0.0,3.033333333333333,4.742857142857143,5.328571428571429
2015-02-07,10.6,-1.2,4.6,4.7,6.6,76,2,38,1,6.2,5.9,5.7,5.4,5.933333333333334,5.3,4.064285714285715,0.0,0.0,0.0,0.0,0.0,4.742857142857143,4.885714285714286
2015-02-08,10.8,2.2,5.9,2.9,5.8,74,2,39,1,4.6,6.2,5.9,3.8,5.566666666666667,5.185714285714285,4.121428571428571,4.7,0.0,0.0,12.1,1.5666666666666667,5.414285714285714,5.221428571428572
2015-02-09,14.5,-2.8,6.0,0.0,7.3,59,2,40,1,5.9,4.6,6.2,5.2,5.566666666666666,5.485714285714287,4.250000000000001,2.9,4.7,0.0,12.0,2.533333333333333,4.1,4.628571428571428
2015-02-10,16.0,-2.9,6.6,0.0,6.4,52,2,41,1,6.0,5.9,4.6,4.9,5.5,5.6000000000000005,4.492857142857143,0.0,2.9,4.7,9.1,2.533333333333333,2.385714285714286,4.0928571428571425
2015-02-11,16.4,-0.4,7.7,0.0,4.5,52,2,42,1,6.6,6.0,5.9,5.7,6.166666666666667,5.8428571428571425,4.921428571428572,0.0,0.0,2.9,0.0,0.9666666666666667,1.0857142857142856,3.157142857142857
2015-02-12,16.3,-1.7,7.6,0.0,4.7,53,2,43,1,7.7,6.6,6.0,5.9,6.766666666666667,6.128571428571428,5.321428571428571,0.0,0.0,0.0,0.0,0.0,1.0857142857142856,3.157142857142857
2015-02-13,16.8,-0.9,8.6,0.0,5.4,51,2,44,1,7.6,7.7,6.6,6.2,7.3,6.371428571428572,5.642857142857143,0.0,0.0,0.0,0.0,0.0,1.0857142857142856,2.914285714285714
2015-02-14,17.9,2.0,10.3,0.0,4.8,47,2,45,1,8.6,7.6,7.7,4.6,7.966666666666666,6.714285714285714,6.007142857142857,0.0,0.0,0.0,4.7,0.0,1.0857142857142856,2.914285714285714
2015-02-15,18.8,-0.6,9.9,0.9,7.9,54,2,46,1,10.3,8.6,7.6,5.9,8.833333333333334,7.528571428571429,6.357142857142857,0.0,0.0,0.0,2.9,0.0,0.41428571428571426,2.914285714285714
2015-02-16,9.0,5.1,7.2,32.0,7.9,82,2,47,1,9.9,10.3,8.6,6.0,9.6,8.1,6.792857142857143,0.9,0.0,0.0,0.0,0.3,0.1285714285714286,2.1142857142857143
2015-02-17,15.2,5.1,9.8,2.8,6.8,70,2,48,1,7.2,9.9,10.3,6.6,9.133333333333335,8.27142857142857,6.935714285714286,32.0,0.9,0.0,0.0,10.966666666666667,4.7,3.542857142857143
2015-02-18,12.2,4.5,7.9,10.0,8.1,78,2,49,1,9.8,7.2,9.9,7.7,8.966666666666667,8.72857142857143,7.285714285714286,2.8,32.0,0.9,0.0,11.899999999999999,5.1,3.0928571428571425
2015-02-19,6.8,5.2,6.0,38.9,8.7,83,2,50,1,7.9,9.8,7.2,7.6,8.299999999999999,8.757142857142858,7.442857142857143,10.0,2.8,32.0,0.0,14.933333333333332,6.528571428571429,3.807142857142857
2015-02-20,11.2,5.6,7.9,18.3,6.8,82,2,51,1,6.0,7.9,9.8,8.6,7.900000000000001,8.528571428571428,7.450000000000001,38.9,10.0,2.8,0.0,17.233333333333334,12.085714285714285,6.585714285714286
2015-02-21,16.4,5.3,10.7,0.9,7.9,67,2,52,1,7.9,6.0,7.9,10.3,7.266666666666667,8.428571428571429,7.571428571428571,18.3,38.9,10.0,0.0,22.400000000000002,14.7,7.892857142857143
2015-02-22,21.1,7.4,14.0,0.0,10.1,53,2,53,1,10.7,7.9,6.0,9.9,8.200000000000001,8.485714285714286,8.007142857142856,0.9,18.3,38.9,0.9,19.36666666666667,14.828571428571427,7.621428571428572
2015-02-23,19.9,8.1,13.7,0.0,8.6,57,2,54,1,14.0,10.7,7.9,7.2,10.866666666666667,9.071428571428571,8.585714285714285,0.0,0.9,18.3,32.0,6.3999999999999995,14.7,7.4142857142857155
2015-02-24,11.9,6.9,9.8,28.8,9.6,77,2,55,1,13.7,14.0,10.7,9.8,12.799999999999999,10.0,9.135714285714286,0.0,0.0,0.9,2.8,0.3,10.12857142857143,7.4142857142857155
2015-02-25,10.4,4.7,7.5,32.8,8.4,86,2,56,1,9.8,13.7,14.0,7.9,12.5,10.0,9.364285714285714,28.8,0.0,0.0,10.0,9.6,13.842857142857142,9.471428571428573
2015-02-26,12.0,1.9,7.2,0.6,8.0,62,2,57,1,7.5,9.8,13.7,6.0,10.333333333333334,9.942857142857141,9.35,32.8,28.8,0.0,38.9,20.53333333333333,17.099999999999998,11.814285714285715
2015-02-27,12.7,0.5,7.0,0.7,5.9,57,2,58,1,7.2,7.5,9.8,7.9,8.166666666666668,10.114285714285714,9.321428571428571,0.6,32.8,28.8,18.3,20.73333333333333,11.628571428571428,11.857142857142858
2015-02-28,13.6,-0.5,7.4,0.7,7.4,56,2,59,1,7.0,7.2,7.5,10.7,7.233333333333333,9.985714285714286,9.207142857142857,0.7,0.6,32.8,0.9,11.366666666666662,9.114285714285714,11.907142857142858
2015-03-01,7.2,5.1,6.2,30.1,7.5,79,3,60,2,7.4,7.0,7.2,14.0,7.2,9.514285714285714,9.0,0.7,0.7,0.6,0.0,0.6666666666666643,9.085714285714285,11.957142857142857
2015-03-02,10.9,6.0,7.8,36.7,7.4,85,3,61,2,6.2,7.4,7.0,13.7,6.866666666666667,8.4,8.735714285714286,30.1,0.7,0.7,0.0,10.499999999999998,13.385714285714284,14.042857142857143
2015-03-03,10.6,5.2,7.3,24.6,4.0,84,3,62,2,7.8,6.2,7.4,9.8,7.133333333333334,7.557142857142857,8.778571428571428,36.7,30.1,0.7,28.8,22.5,18.62857142857143,14.37857142857143
2015-03-04,12.4,-0.6,5.9,6.5,6.7,78,3,63,2,7.3,7.8,6.2,7.5,7.099999999999999,7.2,8.6,24.6,36.7,30.1,32.8,30.46666666666667,18.02857142857143,15.935714285714285
2015-03-05,8.0,4.0,5.8,15.4,7.1,82,3,64,2,5.9,7.3,7.8,7.2,7.0,6.971428571428572,8.457142857142857,6.5,24.6,36.7,0.6,22.600000000000005,14.271428571428572,15.685714285714285
2015-03-06,13.5,0.2,6.9,4.3,5.6,72,3,65,2,5.8,5.9,7.3,7.0,6.333333333333333,6.771428571428571,8.442857142857143,15.4,6.5,24.6,0.7,15.5,16.38571428571429,14.007142857142856
2015-03-07,10.7,1.0,5.2,14.3,6.4,79,3,66,2,6.9,5.8,5.9,7.4,6.2,6.757142857142858,8.371428571428572,4.3,15.4,6.5,0.7,8.733333333333333,16.900000000000002,13.007142857142856
2015-03-08,8.1,2.6,5.5,14.3,6.6,76,3,67,2,5.2,6.9,5.8,6.2,5.966666666666666,6.442857142857143,7.978571428571429,14.3,4.3,15.4,30.1,11.333333333333334,18.842857142857145,13.964285714285714
2015-03-09,12.4,2.8,7.6,3.1,5.4,70,3,68,2,5.5,5.2,6.9,7.8,5.866666666666667,6.3428571428571425,7.371428571428572,14.3,14.3,4.3,36.7,10.966666666666669,16.585714285714285,14.985714285714286
2015-03-10,17.5,-0.3,9.4,0.0,7.8,57,3,69,2,7.6,5.5,5.2,7.3,6.1000000000000005,6.314285714285715,6.935714285714285,3.1,14.3,14.3,24.6,10.566666666666668,11.785714285714288,15.207142857142857
2015-03-11,18.0,2.7,11.3,0.0,5.7,46,3,70,2,9.4,7.6,5.5,5.9,7.5,6.614285714285714,6.9071428571428575,0.0,3.1,14.3,6.5,5.800000000000001,8.27142857142857,13.150000000000002
2015-03-12,19.9,1.3,12.1,0.0,7.1,45,3,71,2,11.3,9.4,7.6,5.8,9.433333333333334,7.385714285714286,7.178571428571429,0.0,0.0,3.1,15.4,1.0333333333333334,7.3428571428571425,10.807142857142859
2015-03-13,19.8,1.5,11.8,0.0,5.9,52,3,72,2,12.1,11.3,9.4,6.9,10.933333333333335,8.285714285714286,7.528571428571429,0.0,0.0,0.0,4.3,0.0,5.142857142857143,10.764285714285716
2015-03-14,19.1,5.4,12.9,0.0,5.9,52,3,73,2,11.8,12.1,11.3,5.2,11.733333333333334,8.985714285714286,7.871428571428572,0.0,0.0,0.0,14.3,0.0,4.528571428571429,10.714285714285714
2015-03-15,10.3,6.9,8.7,9.5,7.4,77,3,74,2,12.9,11.8,12.1,5.5,12.266666666666666,10.085714285714287,8.264285714285714,0.0,0.0,0.0,14.3,0.0,2.485714285714286,10.664285714285715
2015-03-16,12.4,6.5,9.1,10.2,7.7,79,3,75,2,8.7,12.9,11.8,7.6,11.133333333333333,10.542857142857143,8.442857142857141,9.5,0.0,0.0,3.1,3.1666666666666665,1.8,9.192857142857145
2015-03-17,15.3,5.4,10.5,1.4,4.8,70,3,76,2,9.1,8.7,12.9,9.4,10.233333333333334,10.757142857142856,8.535714285714286,10.2,9.5,0.0,0.0,6.566666666666666,2.814285714285714,7.299999999999999
2015-03-18,18.6,2.2,11.4,0.0,6.0,62,3,77,2,10.5,9.1,8.7,11.3,9.433333333333332,10.914285714285715,8.764285714285714,1.4,10.2,9.5,0.0,7.033333333333332,3.014285714285714,5.642857142857143
2015-03-19,19.8,4.0,13.2,0.0,5.2,55,3,78,2,11.4,10.5,9.1,12.1,10.333333333333334,10.928571428571429,9.157142857142858,0.0,1.4,10.2,0.0,3.8666666666666667,3.014285714285714,5.178571428571429
2015-03-20,20.2,5.4,13.7,0.0,6.4,53,3,79,2,13.2,11.4,10.5,11.8,11.699999999999998,11.085714285714285,9.685714285714285,0.0,0.0,1.4,0.0,0.4666666666666666,3.014285714285714,4.078571428571428
2015-03-21,21.0,5.5,14.5,0.0,5.5,49,3,80,2,13.7,13.2,11.4,12.9,12.766666666666666,11.357142857142858,10.171428571428569,0.0,0.0,0.0,0.0,0.0,3.014285714285714,3.7714285714285714
2015-03-22,22.9,5.7,15.5,0.0,6.6,48,3,81,2,14.5,13.7,13.2,8.7,13.799999999999999,11.585714285714285,10.835714285714285,0.0,0.0,0.0,9.5,0.0,3.014285714285714,2.75
2015-03-23,24.2,5.5,16.2,0.0,6.3,49,3,82,2,15.5,14.5,13.7,9.1,14.566666666666668,12.557142857142859,11.549999999999999,0.0,0.0,0.0,10.2,0.0,1.657142857142857,1.7285714285714284
2015-03-24,24.6,8.8,16.1,3.7,7.4,60,3,83,2,16.2,15.5,14.5,10.5,15.4,13.571428571428571,12.164285714285715,0.0,0.0,0.0,1.4,0.0,0.19999999999999998,1.507142857142857
2015-03-25,22.9,8.4,16.1,0.1,9.5,57,3,84,2,16.1,16.2,15.5,11.4,15.933333333333332,14.37142857142857,12.642857142857142,3.7,0.0,0.0,0.0,1.2333333333333334,0.5285714285714286,1.7714285714285711
2015-03-26,23.5,6.7,16.5,0.0,6.3,55,3,85,2,16.1,16.1,16.2,13.2,16.133333333333336,15.042857142857144,12.985714285714284,0.1,3.7,0.0,0.0,1.2666666666666668,0.5428571428571429,1.7785714285714285
2015-03-27,24.1,6.3,16.9,0.0,7.1,46,3,86,2,16.5,16.1,16.1,13.7,16.233333333333334,15.514285714285714,13.299999999999999,0.0,0.1,3.7,0.0,1.2666666666666668,0.5428571428571429,1.7785714285714285
2015-03-28,20.5,10.8,14.9,13.3,11.0,64,3,87,2,16.9,16.5,16.1,14.5,16.5,15.971428571428572,13.664285714285713,0.0,0.0,0.1,0.0,0.03333333333333333,0.5428571428571429,1.7785714285714285
2015-03-29,13.9,9.3,11.5,22.1,6.5,80,3,88,2,14.9,16.9,16.5,15.5,16.099999999999998,16.02857142857143,13.807142857142859,13.3,0.0,0.0,0.0,4.433333333333334,2.442857142857143,2.728571428571428
2015-03-30,17.6,8.1,12.9,3.2,5.5,73,3,89,2,11.5,14.9,16.9,16.2,14.433333333333332,15.457142857142857,14.007142857142856,22.1,13.3,0.0,0.0,11.800000000000002,5.6000000000000005,3.6285714285714286
2015-03-31,17.6,8.6,13.0,6.9,8.8,75,3,90,2,12.9,11.5,14.9,16.1,13.1,14.985714285714284,14.278571428571428,3.2,22.1,13.3,3.7,12.866666666666667,6.057142857142858,3.128571428571429
2015-04-01,12.3,9.4,10.5,42.7,8.1,84,4,91,2,13.0,12.9,11.5,16.1,12.466666666666669,14.542857142857143,14.457142857142857,6.9,3.2,22.1,0.1,10.733333333333334,6.514285714285714,3.521428571428572
2015-04-02,17.2,7.8,12.2,18.1,6.6,78,4,92,2,10.5,13.0,12.9,16.5,12.133333333333335,13.742857142857142,14.392857142857142,42.7,6.9,3.2,0.0,17.6,12.600000000000003,6.571428571428571
2015-04-03,14.4,9.0,11.4,30.3,5.5,80,4,93,2,12.2,10.5,13.0,16.9,11.9,13.128571428571428,14.321428571428571,18.1,42.7,6.9,0.0,22.566666666666666,15.185714285714287,7.864285714285715
2015-04-04,18.9,6.2,13.3,0.3,5.4,66,4,94,2,11.4,12.2,10.5,14.9,11.366666666666667,12.342857142857143,14.157142857142858,30.3,18.1,42.7,13.3,30.36666666666667,19.514285714285716,10.028571428571428
2015-04-05,18.9,5.8,13.3,1.2,5.6,71,4,95,2,13.3,11.4,12.2,11.5,12.299999999999999,12.114285714285714,14.071428571428571,0.3,30.3,18.1,22.1,16.233333333333334,17.657142857142855,10.05
2015-04-06,20.2,6.3,13.6,2.0,6.9,71,4,96,2,13.3,13.3,11.4,12.9,12.666666666666666,12.37142857142857,13.914285714285715,1.2,0.3,30.3,3.2,10.6,14.671428571428573,10.135714285714286
2015-04-07,18.0,7.9,13.1,0.9,6.2,72,4,97,2,13.6,13.3,13.3,13.0,13.4,12.471428571428573,13.728571428571428,2.0,1.2,0.3,6.9,1.1666666666666667,14.5,10.278571428571428
2015-04-08,18.6,7.7,13.9,0.0,4.3,66,4,98,2,13.1,13.6,13.3,10.5,13.333333333333334,12.485714285714286,13.514285714285714,0.9,2.0,1.2,42.7,1.366666666666667,13.642857142857144,10.078571428571427
2015-04-09,21.4,6.2,15.4,0.0,4.6,59,4,99,2,13.9,13.1,13.6,12.2,13.533333333333333,12.971428571428573,13.357142857142858,0.0,0.9,2.0,18.1,0.9666666666666667,7.542857142857144,10.071428571428571
2015-04-10,23.5,5.9,16.5,0.0,6.1,54,4,100,2,15.4,13.9,13.1,11.4,14.133333333333333,13.428571428571429,13.278571428571428,0.0,0.0,0.9,30.3,0.3,4.957142857142857,10.071428571428571
2015-04-11,22.6,8.2,17.0,1.9,5.9,54,4,101,2,16.5,15.4,13.9,13.3,15.266666666666666,14.157142857142857,13.25,0.0,0.0,0.0,0.3,0.0,0.6285714285714287,10.071428571428571
2015-04-12,23.6,7.8,17.6,0.0,6.1,52,4,102,2,17.0,16.5,15.4,13.3,16.3,14.685714285714285,13.4,1.9,0.0,0.0,1.2,0.6333333333333333,0.8571428571428571,9.257142857142856
2015-04-13,23.9,8.4,17.7,0.0,5.7,56,4,103,2,17.6,17.0,16.5,13.6,17.033333333333335,15.299999999999999,13.835714285714285,0.0,1.9,0.0,2.0,0.6333333333333333,0.6857142857142857,7.678571428571429
2015-04-14,22.6,9.9,17.8,0.0,6.2,67,4,104,2,17.7,17.6,17.0,13.1,17.433333333333334,15.885714285714286,14.178571428571429,0.0,0.0,1.9,0.9,0.6333333333333333,0.39999999999999997,7.45
2015-04-15,21.2,12.5,17.9,4.1,6.3,74,4,105,2,17.8,17.7,17.6,13.9,17.7,16.557142857142857,14.52142857142857,0.0,0.0,0.0,0.0,0.0,0.2714285714285714,6.957142857142857
2015-04-16,19.6,13.3,16.3,12.4,8.5,82,4,106,2,17.9,17.8,17.7,15.4,17.8,17.128571428571426,15.049999999999999,4.1,0.0,0.0,0.0,1.3666666666666665,0.8571428571428571,4.2
2015-04-17,23.2,8.5,16.9,0.5,7.6,69,4,107,2,16.3,17.9,17.8,16.5,17.333333333333332,17.257142857142856,15.342857142857143,12.4,4.1,0.0,0.0,5.5,2.6285714285714286,3.792857142857143
2015-04-18,23.8,8.6,17.5,0.0,6.4,56,4,108,2,16.9,16.3,17.9,17.0,17.03333333333333,17.314285714285713,15.735714285714284,0.5,12.4,4.1,1.9,5.666666666666667,2.6999999999999997,1.6642857142857144
2015-04-19,20.9,12.1,15.7,14.8,11.2,70,4,109,2,17.5,16.9,16.3,17.6,16.900000000000002,17.385714285714286,16.035714285714285,0.0,0.5,12.4,0.0,4.3,2.4285714285714284,1.6428571428571428
2015-04-20,21.1,11.3,15.3,19.4,10.4,73,4,110,2,15.7,17.5,16.9,17.7,16.7,17.11428571428571,16.20714285714286,14.8,0.0,0.5,0.0,5.1000000000000005,4.542857142857144,2.6142857142857143
2015-04-21,24.2,8.5,17.2,1.2,9.3,59,4,111,2,15.3,15.7,17.5,17.8,16.166666666666668,16.771428571428572,16.32857142857143,19.4,14.8,0.0,0.0,11.4,7.314285714285715,3.857142857142857
2015-04-22,25.4,9.3,18.8,0.0,6.9,53,4,112,2,17.2,15.3,15.7,17.9,16.066666666666666,16.685714285714283,16.621428571428574,1.2,19.4,14.8,4.1,11.799999999999999,7.485714285714287,3.878571428571429
2015-04-23,26.3,9.3,19.5,0.0,6.5,52,4,113,2,18.8,17.2,15.3,16.3,17.099999999999998,16.814285714285713,16.97142857142857,0.0,1.2,19.4,12.4,6.866666666666666,6.9,3.878571428571429
2015-04-24,26.9,10.0,20.2,0.0,8.2,49,4,114,2,19.5,18.8,17.2,16.9,18.5,17.271428571428572,17.264285714285712,0.0,0.0,1.2,0.5,0.39999999999999997,5.128571428571429,3.878571428571429
2015-04-25,27.1,10.5,20.5,0.0,8.2,47,4,115,2,20.2,19.5,18.8,17.5,19.5,17.74285714285714,17.52857142857143,0.0,0.0,0.0,0.0,0.0,5.057142857142858,3.878571428571429
2015-04-26,25.8,11.5,20.0,0.5,8.9,55,4,116,2,20.5,20.2,19.5,15.7,20.066666666666666,18.17142857142857,17.77857142857143,0.0,0.0,0.0,14.8,0.0,5.057142857142858,3.7428571428571433
2015-04-27,20.3,14.0,16.6,19.3,10.1,71,4,117,2,20.0,20.5,20.2,15.3,20.233333333333334,18.785714285714285,17.95,0.5,0.0,0.0,19.4,0.16666666666666666,3.014285714285714,3.778571428571429
2015-04-28,24.7,9.3,18.5,0.0,7.6,55,4,118,2,16.6,20.0,20.5,17.2,19.03333333333333,18.97142857142857,17.87142857142857,19.3,0.5,0.0,1.2,6.6000000000000005,3.0,5.1571428571428575
2015-04-29,25.4,9.0,18.7,0.0,6.8,52,4,119,2,18.5,16.6,20.0,18.8,18.366666666666664,19.157142857142862,17.92142857142857,0.0,19.3,0.5,0.0,6.6000000000000005,2.8285714285714287,5.1571428571428575
2015-04-30,17.4,11.6,15.2,12.0,10.5,67,4,120,2,18.7,18.5,16.6,19.5,17.933333333333334,19.142857142857142,17.978571428571428,0.0,0.0,19.3,0.0,6.433333333333334,2.8285714285714287,4.864285714285714
2015-05-01,22.5,8.0,16.6,0.0,8.9,53,5,121,2,15.2,18.7,18.5,20.2,17.46666666666667,18.52857142857143,17.9,12.0,0.0,0.0,0.0,4.0,4.542857142857143,4.835714285714286
2015-05-02,23.8,8.2,17.3,0.0,6.6,51,5,122,2,16.6,15.2,18.7,20.5,16.833333333333332,18.014285714285716,17.87857142857143,0.0,12.0,0.0,0.0,4.0,4.542857142857143,4.8
2015-05-03,25.4,8.1,18.3,0.0,7.1,50,5,123,2,17.3,16.6,15.2,20.0,16.366666666666667,17.557142857142857,17.864285714285717,0.0,0.0,12.0,0.5,4.0,4.542857142857143,4.8
2015-05-04,26.8,10.6,20.5,0.0,7.9,42,5,124,2,18.3,17.3,16.6,16.6,17.400000000000002,17.314285714285717,18.05,0.0,0.0,0.0,19.3,0.0,4.4714285714285715,3.742857142857143
2015-05-05,28.0,12.7,21.9,0.0,7.7,45,5,125,2,20.5,18.3,17.3,18.5,18.7,17.87142857142857,18.421428571428574,0.0,0.0,0.0,0.0,0.0,1.7142857142857142,2.357142857142857
2015-05-06,29.2,13.1,22.6,0.0,7.2,42,5,126,2,21.9,20.5,18.3,18.7,20.233333333333334,18.357142857142858,18.75714285714286,0.0,0.0,0.0,0.0,0.0,1.7142857142857142,2.2714285714285714
2015-05-07,30.2,14.2,23.1,1.2,7.4,44,5,127,2,22.6,21.9,20.5,15.2,21.666666666666668,18.914285714285715,19.028571428571432,0.0,0.0,0.0,12.0,0.0,1.7142857142857142,2.2714285714285714
2015-05-08,29.4,15.7,23.3,1.6,7.7,45,5,128,2,23.1,22.6,21.9,16.6,22.533333333333335,20.042857142857144,19.285714285714285,1.2,0.0,0.0,0.0,0.39999999999999997,0.17142857142857143,2.357142857142857
2015-05-09,27.9,13.5,22.4,1.7,7.9,52,5,129,2,23.3,23.1,22.6,17.3,23.0,21.0,19.50714285714286,1.6,1.2,0.0,0.0,0.9333333333333332,0.39999999999999997,2.4714285714285715
2015-05-10,28.2,13.0,22.0,1.8,7.1,54,5,130,2,22.4,23.3,23.1,18.3,22.933333333333337,21.728571428571428,19.642857142857142,1.7,1.6,1.2,0.0,1.5,0.6428571428571429,2.5928571428571425
2015-05-11,27.5,14.4,19.8,10.3,7.4,72,5,131,2,22.0,22.4,23.3,20.5,22.566666666666663,22.25714285714286,19.785714285714285,1.8,1.7,1.6,0.0,1.7,0.9,2.685714285714286
2015-05-12,20.0,15.4,17.9,17.7,6.2,79,5,132,2,19.8,22.0,22.4,21.9,21.400000000000002,22.157142857142862,20.014285714285712,10.3,1.8,1.7,0.0,4.6000000000000005,2.3714285714285714,2.042857142857143
2015-05-13,22.0,13.6,17.9,6.6,6.4,79,5,133,2,17.9,19.8,22.0,22.6,19.900000000000002,21.585714285714285,19.97142857142857,17.7,10.3,1.8,0.0,9.933333333333334,4.8999999999999995,3.307142857142857
2015-05-14,23.6,13.6,18.8,1.3,7.6,67,5,134,2,17.9,17.9,19.8,23.1,18.53333333333333,20.914285714285715,19.91428571428571,6.6,17.7,10.3,1.2,11.533333333333333,5.8428571428571425,3.7785714285714285
2015-05-15,25.7,13.1,20.3,0.0,5.8,69,5,135,2,18.8,17.9,17.9,23.3,18.2,20.3,20.17142857142857,1.3,6.6,17.7,1.6,8.533333333333333,5.857142857142857,3.0142857142857147
2015-05-16,26.4,14.9,21.6,0.0,6.9,70,5,136,2,20.3,18.8,17.9,22.4,19.0,19.87142857142857,20.435714285714283,0.0,1.3,6.6,1.7,2.6333333333333333,5.628571428571429,3.0142857142857147
2015-05-17,26.5,18.1,21.7,9.0,8.4,71,5,137,2,21.6,20.3,18.8,22.0,20.233333333333334,19.75714285714286,20.742857142857144,0.0,0.0,1.3,1.8,0.43333333333333335,5.385714285714286,3.0142857142857147
2015-05-18,25.8,15.2,20.6,2.4,8.9,66,5,138,2,21.7,21.6,20.3,19.8,21.2,19.714285714285715,20.985714285714288,9.0,0.0,0.0,10.3,3.0,6.4142857142857155,3.6571428571428575
2015-05-19,27.3,11.8,20.4,0.5,8.9,54,5,139,2,20.6,21.7,21.6,17.9,21.3,19.82857142857143,20.992857142857144,2.4,9.0,0.0,17.7,3.8000000000000003,5.285714285714286,3.8285714285714287
2015-05-20,27.0,13.1,21.0,0.0,7.9,48,5,140,2,20.4,20.6,21.7,17.9,20.9,20.185714285714283,20.885714285714283,0.5,2.4,9.0,6.6,3.966666666666667,2.8285714285714287,3.8642857142857143
2015-05-21,28.6,11.4,21.4,0.0,8.1,50,5,141,2,21.0,20.4,20.6,18.8,20.666666666666668,20.62857142857143,20.771428571428572,0.0,0.5,2.4,1.3,0.9666666666666667,1.885714285714286,3.8642857142857143
2015-05-22,29.3,14.0,21.9,1.2,7.9,47,5,142,2,21.4,21.0,20.4,20.3,20.933333333333334,21.0,20.65,0.0,0.0,0.5,0.0,0.16666666666666666,1.7,3.7785714285714285
2015-05-23,27.8,12.7,20.6,1.6,8.4,52,5,143,2,21.9,21.4,21.0,21.6,21.433333333333334,21.228571428571428,20.55,1.2,0.0,0.0,0.0,0.39999999999999997,1.8714285714285714,3.7500000000000004
2015-05-24,25.9,13.1,20.0,1.5,10.1,56,5,144,2,20.6,21.9,21.4,21.7,21.3,21.085714285714285,20.42142857142857,1.6,1.2,0.0,9.0,0.9333333333333332,2.1,3.742857142857143
2015-05-25,28.4,11.7,19.5,2.9,10.3,57,5,145,2,20.0,20.6,21.9,20.6,20.833333333333332,20.842857142857145,20.27857142857143,1.5,1.6,1.2,2.4,1.4333333333333333,1.0285714285714287,3.7214285714285715
2015-05-26,26.1,12.3,19.4,0.0,9.5,54,5,146,2,19.5,20.0,20.6,20.4,20.033333333333335,20.685714285714287,20.257142857142856,2.9,1.5,1.6,0.5,2.0,1.1,3.192857142857143
2015-05-27,28.0,10.4,20.4,0.0,9.4,48,5,147,2,19.4,19.5,20.0,21.0,19.633333333333333,20.54285714285714,20.364285714285717,0.0,2.9,1.5,0.0,1.4666666666666668,1.0285714285714285,1.9285714285714286
2015-05-28,28.2,11.8,21.6,0.6,9.5,44,5,148,2,20.4,19.4,19.5,21.4,19.766666666666666,20.457142857142856,20.542857142857144,0.0,0.0,2.9,0.0,0.9666666666666668,1.0285714285714285,1.457142857142857
2015-05-29,27.0,13.5,20.8,2.0,8.3,56,5,149,2,21.6,20.4,19.4,21.9,20.466666666666665,20.485714285714288,20.742857142857144,0.6,0.0,0.0,1.2,0.19999999999999998,1.114285714285714,1.4071428571428573
2015-05-30,27.8,13.1,21.3,0.0,8.4,52,5,150,2,20.8,21.6,20.4,20.6,20.933333333333334,20.32857142857143,20.77857142857143,2.0,0.6,0.0,1.6,0.8666666666666667,1.2285714285714284,1.5500000000000003
2015-05-31,27.2,13.1,20.6,3.2,8.2,55,5,151,2,21.3,20.8,21.6,20.0,21.233333333333334,20.428571428571427,20.757142857142856,0.0,2.0,0.6,1.5,0.8666666666666667,1.0,1.5500000000000003
2015-06-01,26.7,12.6,20.0,1.2,8.1,59,6,152,3,20.6,21.3,20.8,19.5,20.900000000000002,20.514285714285712,20.678571428571427,3.2,0.0,2.0,2.9,1.7333333333333334,1.2428571428571427,1.1357142857142857
2015-06-02,26.1,13.1,20.5,0.0,7.1,56,6,153,3,20.0,20.6,21.3,19.4,20.633333333333336,20.585714285714285,20.635714285714283,1.2,3.2,0.0,0.0,1.4666666666666668,1.0,1.05
2015-06-03,23.2,14.2,19.0,1.3,6.6,69,6,154,3,20.5,20.0,20.6,20.4,20.366666666666667,20.74285714285714,20.642857142857142,0.0,1.2,3.2,0.0,1.4666666666666668,1.0,1.0142857142857142
2015-06-04,24.1,14.9,20.0,2.3,8.3,65,6,155,3,19.0,20.5,20.0,21.6,19.833333333333332,20.542857142857144,20.5,1.3,0.0,1.2,0.6,0.8333333333333334,1.1857142857142857,1.1071428571428572
2015-06-05,23.9,15.6,19.8,1.6,8.5,65,6,156,3,20.0,19.0,20.5,20.8,19.833333333333332,20.314285714285713,20.400000000000002,2.3,1.3,0.0,2.0,1.2,1.4285714285714286,1.2714285714285716
2015-06-06,28.0,15.0,21.6,0.0,8.7,57,6,157,3,19.8,20.0,19.0,21.3,19.599999999999998,20.17142857142857,20.25,1.6,2.3,1.3,0.0,1.7333333333333332,1.3714285714285717,1.3
2015-06-07,29.6,14.4,22.9,0.0,7.1,55,6,158,3,21.6,19.8,20.0,20.6,20.46666666666667,20.214285714285715,20.321428571428573,0.0,1.6,2.3,3.2,1.3,1.3714285714285717,1.1857142857142855
2015-06-08,30.7,17.0,24.1,0.3,7.6,49,6,159,3,22.9,21.6,19.8,20.0,21.433333333333334,20.542857142857144,20.528571428571432,0.0,0.0,1.6,1.2,0.5333333333333333,0.9142857142857143,1.0785714285714287
2015-06-09,30.2,16.6,24.1,0.0,7.8,50,6,160,3,24.1,22.9,21.6,20.5,22.86666666666667,21.12857142857143,20.857142857142858,0.3,0.0,0.0,0.0,0.09999999999999999,0.7857142857142857,0.8928571428571429
2015-06-10,29.2,15.4,23.3,1.6,9.7,51,6,161,3,24.1,24.1,22.9,19.0,23.7,21.642857142857142,21.192857142857143,0.0,0.3,0.0,1.3,0.09999999999999999,0.7857142857142857,0.8928571428571429
2015-06-11,29.5,17.0,23.8,0.4,8.0,51,6,162,3,23.3,24.1,24.1,20.0,23.833333333333332,22.25714285714286,21.400000000000002,1.6,0.0,0.3,2.3,0.6333333333333334,0.8285714285714285,1.0071428571428571
2015-06-12,30.2,15.4,23.9,0.2,9.4,47,6,163,3,23.8,23.3,24.1,19.8,23.733333333333334,22.8,21.557142857142857,0.4,1.6,0.0,1.6,0.6666666666666666,0.5571428571428572,0.9928571428571429
2015-06-13,30.2,15.8,23.7,0.1,7.9,49,6,164,3,23.9,23.8,23.3,21.6,23.666666666666668,23.38571428571429,21.77857142857143,0.2,0.4,1.6,0.0,0.7333333333333334,0.35714285714285715,0.8642857142857144
2015-06-14,28.9,15.0,22.5,1.3,6.5,58,6,165,3,23.7,23.9,23.8,22.9,23.8,23.685714285714283,21.95,0.1,0.2,0.4,0.0,0.23333333333333336,0.37142857142857144,0.8714285714285716
2015-06-15,26.3,16.7,21.7,3.4,5.1,69,6,166,3,22.5,23.7,23.9,24.1,23.366666666666664,23.628571428571426,22.085714285714285,1.3,0.1,0.2,0.3,0.5333333333333333,0.5571428571428572,0.7357142857142857
2015-06-16,28.0,14.6,22.1,0.0,5.4,64,6,167,3,21.7,22.5,23.7,24.1,22.63333333333333,23.285714285714285,22.207142857142856,3.4,1.3,0.1,0.0,1.5999999999999999,1.0,0.8928571428571429
2015-06-17,29.8,16.1,24.3,0.1,5.1,52,6,168,3,22.1,21.7,22.5,23.3,22.099999999999998,23.0,22.321428571428573,0.0,3.4,1.3,1.6,1.566666666666667,1.0,0.8928571428571429
2015-06-18,32.0,17.7,25.8,0.0,5.7,47,6,169,3,24.3,22.1,21.7,23.8,22.7,23.142857142857142,22.7,0.1,0.0,3.4,0.4,1.1666666666666667,0.7857142857142856,0.807142857142857
2015-06-19,33.3,19.1,27.3,0.0,6.2,43,6,170,3,25.8,24.3,22.1,23.9,24.066666666666666,23.428571428571427,23.114285714285717,0.0,0.1,0.0,0.2,0.033333333333333486,0.7285714285714285,0.6428571428571429
2015-06-20,32.1,19.6,26.1,1.5,7.2,55,6,171,3,27.3,25.8,24.3,23.7,25.8,23.914285714285715,23.65,0.0,0.0,0.1,0.1,0.033333333333333486,0.7,0.5285714285714286
2015-06-21,27.1,19.3,23.0,6.3,7.4,73,6,172,3,26.1,27.3,25.8,22.5,26.400000000000002,24.25714285714286,23.97142857142857,1.5,0.0,0.0,1.3,0.5000000000000001,0.8999999999999998,0.6357142857142858
2015-06-22,29.2,16.9,23.7,0.9,6.5,67,6,173,3,23.0,26.1,27.3,21.7,25.46666666666667,24.32857142857143,23.978571428571428,6.3,1.5,0.0,3.4,2.6,1.6142857142857143,1.0857142857142856
2015-06-23,27.6,19.1,22.9,7.7,7.1,68,6,174,3,23.7,23.0,26.1,22.1,24.266666666666666,24.614285714285717,23.95,0.9,6.3,1.5,0.0,2.9,1.2571428571428573,1.1285714285714286
2015-06-24,22.1,18.6,20.3,7.7,7.2,77,6,175,3,22.9,23.7,23.0,24.3,23.2,24.728571428571428,23.864285714285717,7.7,0.9,6.3,0.1,4.966666666666667,2.357142857142857,1.6785714285714286
2015-06-25,24.6,15.2,20.1,4.1,6.1,70,6,176,3,20.3,22.9,23.7,25.8,22.3,24.157142857142855,23.65,7.7,7.7,0.9,0.0,5.433333333333334,3.442857142857143,2.1142857142857143
2015-06-26,27.3,14.7,22.0,0.0,6.6,56,6,177,3,20.1,20.3,22.9,27.3,21.099999999999998,23.342857142857145,23.385714285714283,4.1,7.7,7.7,0.0,6.5,4.0285714285714285,2.3785714285714286
2015-06-27,28.6,16.1,23.4,0.2,6.6,49,6,178,3,22.0,20.1,20.3,26.1,20.8,22.585714285714285,23.25,0.0,4.1,7.7,1.5,3.9333333333333336,4.0285714285714285,2.364285714285714
2015-06-28,31.2,16.0,24.8,0.0,8.7,45,6,179,3,23.4,22.0,20.1,23.0,21.833333333333332,22.2,23.228571428571428,0.2,0.0,4.1,6.3,1.4333333333333333,3.8428571428571425,2.3714285714285714
2015-06-29,30.2,16.9,25.0,0.3,6.6,50,6,180,3,24.8,23.4,22.0,23.7,23.400000000000002,22.457142857142856,23.392857142857142,0.0,0.2,0.0,0.9,0.06666666666666667,2.942857142857143,2.278571428571429
2015-06-30,27.5,18.4,23.4,1.5,6.3,68,6,181,3,25.0,24.8,23.4,22.9,24.400000000000002,22.642857142857142,23.62857142857143,0.3,0.0,0.2,7.7,0.16666666666666666,2.857142857142857,2.057142857142857
2015-07-01,27.9,17.8,23.4,2.6,6.0,70,7,182,3,23.4,25.0,24.8,20.3,24.400000000000002,22.714285714285715,23.72142857142857,1.5,0.3,0.0,7.7,0.6,1.9714285714285715,2.164285714285714
2015-07-02,28.1,18.2,24.0,0.0,7.2,70,7,183,3,23.4,23.4,25.0,20.1,23.933333333333334,23.157142857142855,23.657142857142855,2.6,1.5,0.3,4.1,1.4666666666666668,1.2428571428571427,2.342857142857143
2015-07-03,29.9,19.2,25.5,0.0,6.7,66,7,184,3,24.0,23.4,23.4,22.0,23.599999999999998,23.714285714285715,23.52857142857143,0.0,2.6,1.5,0.0,1.3666666666666665,0.6571428571428571,2.342857142857143
2015-07-04,32.1,21.9,27.1,0.0,6.0,63,7,185,3,25.5,24.0,23.4,23.4,24.299999999999997,24.214285714285715,23.400000000000002,0.0,0.0,2.6,0.2,0.8666666666666667,0.6571428571428571,2.342857142857143
2015-07-05,31.5,24.0,27.6,2.8,6.6,66,7,186,3,27.1,25.5,24.0,24.8,25.533333333333335,24.74285714285714,23.47142857142857,0.0,0.0,0.0,0.0,0.0,0.6285714285714287,2.2357142857142858
2015-07-06,27.0,21.3,24.3,19.3,6.9,81,7,187,3,27.6,27.1,25.5,25.0,26.733333333333334,25.142857142857142,23.8,2.8,0.0,0.0,0.3,0.9333333333333331,1.0285714285714285,1.9857142857142858
2015-07-07,25.1,20.1,22.7,4.3,7.4,87,7,188,3,24.3,27.6,27.1,23.4,26.333333333333332,25.04285714285714,23.842857142857145,19.3,2.8,0.0,1.5,7.366666666666667,3.742857142857143,3.3000000000000003
2015-07-08,27.3,18.8,23.0,5.0,5.8,85,7,189,3,22.7,24.3,27.6,23.4,24.866666666666664,24.942857142857147,23.828571428571426,4.3,19.3,2.8,2.6,8.8,4.142857142857143,3.057142857142857
2015-07-09,26.4,20.4,23.6,4.3,5.7,86,7,190,3,23.0,22.7,24.3,24.0,23.333333333333332,24.885714285714283,24.021428571428572,5.0,4.3,19.3,0.0,9.533333333333333,4.485714285714286,2.864285714285714
2015-07-10,23.3,19.9,21.7,17.0,6.5,90,7,191,3,23.6,23.0,22.7,25.5,23.099999999999998,24.82857142857143,24.271428571428572,4.3,5.0,4.3,0.0,4.533333333333333,5.1,2.878571428571429
2015-07-11,25.8,19.4,21.8,5.0,5.1,86,7,192,3,21.7,23.6,23.0,27.1,22.766666666666666,24.285714285714285,24.25,17.0,4.3,5.0,0.0,8.766666666666667,7.528571428571428,4.092857142857143
2015-07-12,26.3,20.1,22.9,6.9,7.2,77,7,193,3,21.8,21.7,23.6,27.6,22.366666666666664,23.528571428571432,24.13571428571429,5.0,17.0,4.3,2.8,8.766666666666667,8.242857142857142,4.435714285714286
2015-07-13,27.4,21.1,24.0,5.5,5.5,77,7,194,3,22.9,21.8,21.7,24.3,22.133333333333336,22.857142857142858,24.0,6.9,5.0,17.0,19.3,9.633333333333333,8.828571428571427,4.928571428571429
2015-07-14,28.1,19.8,24.5,0.6,6.3,83,7,195,3,24.0,22.9,21.8,22.7,22.900000000000002,22.814285714285713,23.928571428571427,5.5,6.9,5.0,4.3,5.8,6.857142857142857,5.3
2015-07-15,28.7,23.1,25.5,3.1,6.8,84,7,196,3,24.5,24.0,22.9,23.0,23.8,23.071428571428573,24.007142857142856,0.6,5.5,6.9,5.0,4.333333333333333,6.328571428571428,5.235714285714287
2015-07-16,28.2,21.7,25.1,11.8,5.1,86,7,197,3,25.5,24.5,24.0,23.6,24.666666666666668,23.428571428571427,24.157142857142855,3.1,0.6,5.5,4.3,3.0666666666666664,6.057142857142857,5.271428571428571
2015-07-17,25.4,21.2,22.4,49.9,5.9,92,7,198,3,25.1,25.5,24.5,21.7,25.03333333333333,23.642857142857142,24.235714285714288,11.8,3.1,0.6,17.0,5.166666666666667,7.128571428571429,6.114285714285714
2015-07-18,25.0,20.4,22.5,16.0,3.8,88,7,199,3,22.4,25.1,25.5,21.8,24.333333333333332,23.74285714285714,24.014285714285712,49.9,11.8,3.1,5.0,21.599999999999998,11.828571428571427,9.678571428571429
2015-07-19,26.3,20.4,22.9,29.6,6.4,87,7,200,3,22.5,22.4,25.1,22.9,23.333333333333332,23.842857142857138,23.685714285714283,16.0,49.9,11.8,6.9,25.899999999999995,13.4,10.821428571428571
2015-07-20,27.3,19.3,23.1,2.0,5.6,85,7,201,3,22.9,22.5,22.4,24.0,22.599999999999998,23.842857142857145,23.35,29.6,16.0,49.9,5.5,31.833333333333332,16.642857142857142,12.735714285714286
2015-07-21,26.5,20.5,23.5,2.1,5.0,84,7,202,3,23.1,22.9,22.5,24.5,22.833333333333332,23.714285714285715,23.264285714285712,2.0,29.6,16.0,0.6,15.866666666666665,16.142857142857142,11.5
2015-07-22,27.0,20.0,23.8,2.2,5.4,85,7,203,3,23.5,23.1,22.9,25.5,23.166666666666668,23.571428571428573,23.321428571428573,2.1,2.0,29.6,3.1,11.233333333333333,16.357142857142858,11.342857142857142
2015-07-23,26.0,21.8,23.5,10.5,7.0,88,7,204,3,23.8,23.5,23.1,25.1,23.46666666666667,23.328571428571426,23.37857142857143,2.2,2.1,2.0,11.8,2.099999999999998,16.22857142857143,11.142857142857142
2015-07-24,27.3,20.3,23.4,12.7,6.8,86,7,205,3,23.5,23.8,23.5,22.4,23.599999999999998,23.099999999999998,23.37142857142857,10.5,2.2,2.1,49.9,4.933333333333331,16.04285714285714,11.585714285714287
2015-07-25,27.0,21.1,23.9,3.5,5.9,87,7,206,3,23.4,23.5,23.8,22.5,23.566666666666663,23.242857142857144,23.49285714285714,12.7,10.5,2.2,16.0,8.466666666666663,10.728571428571428,11.278571428571428
2015-07-26,23.6,20.3,22.0,27.1,3.9,93,7,207,3,23.9,23.4,23.5,22.9,23.599999999999998,23.442857142857143,23.642857142857142,3.5,12.7,10.5,29.6,8.899999999999999,8.942857142857143,11.171428571428573
2015-07-27,27.0,20.7,24.1,6.4,7.6,80,7,208,3,22.0,23.9,23.4,23.1,23.099999999999998,23.314285714285717,23.57857142857143,27.1,3.5,12.7,2.0,14.433333333333332,8.585714285714285,12.614285714285716
2015-07-28,26.2,19.9,23.2,3.1,6.2,84,7,209,3,24.1,22.0,23.9,23.5,23.333333333333332,23.45714285714286,23.585714285714285,6.4,27.1,3.5,2.1,12.33333333333333,9.214285714285714,12.678571428571429
2015-07-29,27.6,18.8,23.5,3.1,6.2,82,7,210,3,23.2,24.1,22.0,23.8,23.099999999999998,23.41428571428571,23.492857142857144,3.1,6.4,27.1,2.2,12.199999999999998,9.357142857142858,12.85714285714286
2015-07-30,27.2,22.2,24.2,3.5,7.0,85,7,211,3,23.5,23.2,24.1,23.5,23.599999999999998,23.37142857142857,23.35,3.1,3.1,6.4,10.5,4.199999999999998,9.485714285714286,12.85714285714286
2015-07-31,25.5,21.1,22.8,13.3,6.1,90,7,212,3,24.2,23.5,23.2,23.4,23.633333333333336,23.47142857142857,23.285714285714285,3.5,3.1,3.1,12.7,3.2333333333333307,8.485714285714286,12.264285714285716
2015-08-01,25.4,20.8,22.3,28.3,4.3,91,8,213,3,22.8,24.2,23.5,23.9,23.5,23.385714285714283,23.314285714285717,13.3,3.5,3.1,3.5,6.63333333333333,8.571428571428571,9.65
2015-08-02,26.0,20.3,22.4,17.2,6.0,89,8,214,3,22.3,22.8,24.2,22.0,23.099999999999998,23.157142857142855,23.3,28.3,13.3,3.5,27.1,15.033333333333331,12.114285714285716,10.528571428571428
2015-08-03,24.8,20.4,22.2,16.5,5.1,91,8,215,3,22.4,22.3,22.8,24.1,22.5,23.214285714285715,23.264285714285712,17.2,28.3,13.3,6.4,19.599999999999998,10.700000000000001,9.642857142857142
2015-08-04,27.4,20.0,23.6,10.7,5.0,84,8,216,3,22.2,22.4,22.3,23.2,22.3,22.942857142857143,23.2,16.5,17.2,28.3,3.1,20.666666666666668,12.142857142857142,10.678571428571429
2015-08-05,27.1,19.8,24.1,2.9,5.2,81,8,217,3,23.6,22.2,22.4,23.5,22.733333333333334,23.0,23.20714285714286,10.7,16.5,17.2,3.1,14.799999999999997,13.228571428571428,11.292857142857144
2015-08-06,27.9,20.3,24.4,1.5,5.8,84,8,218,3,24.1,23.6,22.2,24.2,23.3,23.08571428571429,23.228571428571428,2.9,10.7,16.5,3.5,10.03333333333333,13.200000000000001,11.342857142857143
2015-08-07,28.3,22.0,25.0,2.1,6.9,84,8,219,3,24.4,24.1,23.6,22.8,24.03333333333333,23.11428571428571,23.292857142857144,1.5,2.9,10.7,13.3,5.0333333333333306,12.914285714285715,10.700000000000001
2015-08-08,27.8,20.7,24.3,3.3,6.4,88,8,220,3,25.0,24.4,24.1,22.3,24.5,23.428571428571427,23.407142857142862,2.1,1.5,2.9,28.3,2.1666666666666643,11.314285714285713,9.942857142857145
2015-08-09,26.2,21.0,23.3,7.7,5.5,92,8,221,3,24.3,25.0,24.4,22.4,24.566666666666663,23.714285714285715,23.435714285714283,3.3,2.1,1.5,17.2,2.2999999999999976,7.742857142857142,9.928571428571429
2015-08-10,27.0,20.5,23.7,1.1,6.8,85,8,222,3,23.3,24.3,25.0,22.2,24.200000000000003,23.842857142857138,23.52857142857143,7.7,3.3,2.1,16.5,4.3666666666666645,6.385714285714286,8.542857142857143
2015-08-11,28.9,18.9,24.5,0.0,5.9,77,8,223,3,23.7,23.3,24.3,23.6,23.76666666666667,24.057142857142857,23.5,1.1,7.7,3.3,10.7,4.0333333333333306,4.185714285714286,8.164285714285715
2015-08-12,27.7,20.8,24.2,1.5,6.9,84,8,224,3,24.5,23.7,23.3,24.1,23.833333333333332,24.185714285714287,23.592857142857138,0.0,1.1,7.7,2.9,2.9333333333333305,2.6571428571428575,7.942857142857143
2015-08-13,27.0,19.9,23.7,4.7,5.6,85,8,225,3,24.2,24.5,23.7,24.4,24.133333333333336,24.199999999999996,23.642857142857142,1.5,0.0,1.1,1.5,0.8666666666666644,2.457142857142857,7.828571428571429
2015-08-14,27.3,19.5,23.6,3.3,6.1,85,8,226,3,23.7,24.2,24.5,25.0,24.133333333333336,24.1,23.607142857142858,4.7,1.5,0.0,2.1,2.066666666666664,2.914285714285714,7.9142857142857155
2015-08-15,26.9,20.2,23.3,3.1,7.2,83,8,227,3,23.6,23.7,24.2,24.3,23.833333333333332,23.900000000000002,23.66428571428571,3.3,4.7,1.5,3.3,3.1666666666666643,3.0857142857142854,7.2
2015-08-16,26.3,18.8,23.1,2.1,6.6,81,8,228,3,23.3,23.6,23.7,23.3,23.53333333333333,23.75714285714286,23.735714285714288,3.1,3.3,4.7,7.7,3.6999999999999975,3.0571428571428574,5.3999999999999995
2015-08-17,26.7,17.9,23.0,1.1,5.2,80,8,229,3,23.1,23.3,23.6,23.7,23.333333333333332,23.728571428571428,23.785714285714285,2.1,3.1,3.3,1.1,2.833333333333331,2.257142857142857,4.321428571428571
2015-08-18,27.8,18.4,23.8,0.1,6.6,79,8,230,3,23.0,23.1,23.3,24.5,23.133333333333336,23.62857142857143,23.842857142857145,1.1,2.1,3.1,0.0,2.099999999999998,2.257142857142857,3.221428571428571
2015-08-19,27.9,20.8,24.4,0.4,6.5,81,8,231,3,23.8,23.0,23.1,24.2,23.3,23.52857142857143,23.857142857142858,0.1,1.1,2.1,1.5,1.0999999999999976,2.2714285714285714,2.4642857142857144
2015-08-20,27.3,21.3,23.9,3.8,6.4,88,8,232,3,24.4,23.8,23.0,23.7,23.73333333333333,23.557142857142857,23.87857142857143,0.4,0.1,1.1,4.7,0.533333333333331,2.1142857142857143,2.2857142857142856
2015-08-21,25.8,20.3,22.4,7.7,6.0,90,8,233,3,23.9,24.4,23.8,23.6,24.03333333333333,23.585714285714285,23.842857142857138,3.8,0.4,0.1,3.3,1.433333333333331,1.9857142857142858,2.45
2015-08-22,25.0,18.6,21.4,6.0,5.2,87,8,234,3,22.4,23.9,24.4,23.3,23.566666666666663,23.414285714285715,23.657142857142855,7.7,3.8,0.4,3.1,3.9666666666666646,2.6142857142857143,2.85
2015-08-23,25.8,17.2,21.4,1.9,5.0,87,8,235,3,21.4,22.4,23.9,23.1,22.566666666666663,23.142857142857142,23.45,6.0,7.7,3.8,2.1,5.833333333333331,3.0285714285714285,3.042857142857143
2015-08-24,26.0,18.0,22.2,2.3,5.6,80,8,236,3,21.4,21.4,22.4,23.0,21.73333333333333,22.9,23.314285714285717,1.9,6.0,7.7,1.1,5.1999999999999975,3.0,2.6285714285714286
2015-08-25,28.1,17.0,23.4,0.0,5.4,70,8,237,3,22.2,21.4,21.4,23.8,21.666666666666668,22.785714285714285,23.20714285714286,2.3,1.9,6.0,0.1,3.3999999999999972,3.1714285714285713,2.7142857142857144
2015-08-26,27.9,16.7,23.3,0.7,6.4,77,8,238,3,23.4,22.2,21.4,24.4,22.333333333333332,22.728571428571428,23.12857142857143,0.0,2.3,1.9,0.4,1.3999999999999975,3.157142857142857,2.7142857142857144
2015-08-27,27.3,18.8,23.2,3.7,7.3,79,8,239,3,23.3,23.4,22.2,23.9,22.96666666666667,22.571428571428573,23.064285714285713,0.7,0.0,2.3,3.8,0.9999999999999977,3.1999999999999997,2.657142857142857
2015-08-28,26.9,17.7,23.0,1.2,5.2,80,8,240,3,23.2,23.3,23.4,22.4,23.299999999999997,22.471428571428568,23.02857142857143,3.7,0.7,0.0,7.7,1.4666666666666643,3.1857142857142855,2.585714285714286
2015-08-29,27.4,16.1,22.9,0.4,5.4,76,8,241,3,23.0,23.2,23.3,21.4,23.166666666666668,22.557142857142853,22.985714285714288,1.2,3.7,0.7,6.0,1.8666666666666645,2.257142857142857,2.435714285714286
2015-08-30,27.1,16.7,22.6,1.6,5.8,73,8,242,3,22.9,23.0,23.2,21.4,23.03333333333333,22.771428571428572,22.957142857142856,0.4,1.2,3.7,1.9,1.7666666666666642,1.457142857142857,2.242857142857143
2015-08-31,26.4,17.7,21.5,6.3,7.1,76,8,243,3,22.6,22.9,23.0,22.2,22.833333333333332,22.942857142857143,22.92142857142857,1.6,0.4,1.2,2.3,1.0666666666666644,1.4142857142857141,2.207142857142857
2015-09-01,26.9,16.4,22.3,0.1,6.0,67,9,244,4,21.5,22.6,22.9,23.4,22.333333333333332,22.842857142857138,22.814285714285713,6.3,1.6,0.4,0.0,2.7666666666666644,1.9857142857142858,2.5785714285714283
2015-09-02,26.6,16.1,22.3,0.0,6.8,69,9,245,4,22.3,21.5,22.6,23.3,22.133333333333336,22.685714285714287,22.707142857142856,0.1,6.3,1.6,0.7,2.666666666666664,2.0,2.5785714285714283
2015-09-03,25.7,16.5,21.6,2.8,6.4,72,9,246,4,22.3,22.3,21.5,23.2,22.03333333333333,22.542857142857144,22.557142857142857,0.0,0.1,6.3,3.7,2.1333333333333306,1.9,2.55
2015-09-04,27.3,14.9,21.9,0.0,6.4,64,9,247,4,21.6,22.3,22.3,23.0,22.066666666666666,22.314285714285717,22.392857142857142,2.8,0.0,0.1,1.2,0.9666666666666642,1.7714285714285716,2.4785714285714286
2015-09-05,26.1,15.9,21.8,0.8,7.3,66,9,248,4,21.9,21.6,22.3,22.9,21.933333333333334,22.157142857142862,22.357142857142858,0.0,2.8,0.0,0.4,0.9333333333333309,1.6,1.9285714285714284
2015-09-06,24.7,17.6,21.4,6.7,6.6,67,9,249,4,21.8,21.9,21.6,22.6,21.76666666666667,22.0,22.38571428571429,0.8,0.0,2.8,1.6,1.1999999999999975,1.657142857142857,1.5571428571428572
2015-09-07,25.6,13.6,20.5,0.8,6.2,61,9,250,4,21.4,21.8,21.9,21.5,21.7,21.82857142857143,22.385714285714283,6.7,0.8,0.0,6.3,2.499999999999998,2.385714285714286,1.9000000000000001
2015-09-08,26.1,13.7,21.0,0.7,6.8,52,9,251,4,20.5,21.4,21.8,22.3,21.233333333333334,21.685714285714287,22.264285714285712,0.8,6.7,0.8,0.1,2.7666666666666644,1.6,1.7928571428571427
2015-09-09,27.0,14.2,21.6,0.4,6.2,49,9,252,4,21.0,20.5,21.4,22.3,20.966666666666665,21.5,22.092857142857145,0.7,0.8,6.7,0.0,2.7333333333333307,1.6857142857142857,1.8428571428571427
2015-09-10,27.5,13.4,21.7,0.7,5.2,49,9,253,4,21.6,21.0,20.5,21.6,21.033333333333335,21.4,21.97142857142857,0.4,0.7,0.8,2.8,0.633333333333331,1.742857142857143,1.8214285714285714
2015-09-11,28.2,13.4,21.9,0.0,5.4,55,9,254,4,21.7,21.6,21.0,21.9,21.433333333333334,21.41428571428571,21.864285714285717,0.7,0.4,0.7,0.0,0.5999999999999975,1.4428571428571428,1.6071428571428572
2015-09-12,28.4,16.1,22.8,0.0,5.2,53,9,255,4,21.9,21.7,21.6,21.8,21.733333333333334,21.414285714285715,21.785714285714285,0.0,0.7,0.4,0.8,0.3666666666666643,1.4428571428571428,1.5214285714285716
2015-09-13,28.2,15.8,22.7,0.0,6.2,57,9,256,4,22.8,21.9,21.7,21.4,22.133333333333336,21.557142857142853,21.778571428571432,0.0,0.0,0.7,6.7,0.23333333333333095,1.3285714285714287,1.4928571428571427
2015-09-14,28.2,14.5,22.4,0.0,5.7,58,9,257,4,22.7,22.8,21.9,20.5,22.466666666666665,21.742857142857144,21.785714285714285,0.0,0.0,0.0,0.8,0.0,0.37142857142857144,1.3785714285714286
2015-09-15,27.5,13.8,21.5,0.2,7.0,59,9,258,4,22.4,22.7,22.8,21.0,22.633333333333336,22.014285714285716,21.849999999999998,0.0,0.0,0.0,0.7,0.0,0.2571428571428571,0.9285714285714286
2015-09-16,27.4,15.0,22.0,1.0,6.0,57,9,259,4,21.5,22.4,22.7,21.6,22.2,22.08571428571429,21.792857142857144,0.2,0.0,0.0,0.4,0.0666666666666643,0.18571428571428572,0.9357142857142858
2015-09-17,27.5,15.0,21.9,0.0,7.0,50,9,260,4,22.0,21.5,22.4,21.7,21.966666666666665,22.142857142857142,21.77142857142857,1.0,0.2,0.0,0.7,0.39999999999999764,0.2714285714285714,1.0071428571428573
2015-09-18,28.4,13.9,22.2,0.0,6.6,49,9,261,4,21.9,22.0,21.5,21.9,21.8,22.17142857142857,21.792857142857144,0.0,1.0,0.2,0.0,0.39999999999999764,0.17142857142857146,0.8071428571428572
2015-09-19,28.0,14.3,21.9,0.2,6.8,57,9,262,4,22.2,21.9,22.0,22.8,22.03333333333333,22.214285714285715,21.814285714285713,0.0,0.0,1.0,0.0,0.333333333333331,0.17142857142857146,0.8071428571428572
2015-09-20,27.5,15.9,22.3,0.0,5.4,55,9,263,4,21.9,22.2,21.9,22.7,22.0,22.085714285714285,21.821428571428566,0.2,0.0,0.0,0.0,0.0666666666666643,0.2,0.7642857142857143
2015-09-21,27.8,14.6,21.9,0.6,5.8,57,9,264,4,22.3,21.9,22.2,22.4,22.13333333333333,22.02857142857143,21.885714285714283,0.0,0.2,0.0,0.0,0.0666666666666643,0.2,0.2857142857142857
2015-09-22,21.8,15.5,17.8,54.6,8.7,81,9,265,4,21.9,22.3,21.9,21.5,22.03333333333333,21.95714285714286,21.985714285714288,0.6,0.0,0.2,0.2,0.26666666666666433,0.2857142857142857,0.27142857142857146
2015-09-23,19.8,15.2,17.5,35.0,6.2,86,9,266,4,17.8,21.9,22.3,22.0,20.666666666666668,21.428571428571423,21.757142857142856,54.6,0.6,0.0,1.0,18.4,8.057142857142857,4.121428571428572
2015-09-24,24.0,14.4,19.3,0.3,4.7,78,9,267,4,17.5,17.8,21.9,21.9,19.066666666666666,20.785714285714285,21.46428571428571,35.0,54.6,0.6,0.0,30.066666666666663,12.914285714285715,6.592857142857143
2015-09-25,23.7,13.6,18.9,1.1,5.8,81,9,268,4,19.3,17.5,17.8,22.2,18.2,20.41428571428571,21.29285714285714,0.3,35.0,54.6,0.0,29.96666666666667,12.957142857142857,6.564285714285715
2015-09-26,23.1,13.6,18.4,1.9,7.4,74,9,269,4,18.9,19.3,17.5,21.9,18.566666666666666,19.942857142857143,21.07857142857143,1.1,0.3,35.0,0.2,12.133333333333331,13.114285714285714,6.642857142857143
2015-09-27,23.1,13.0,18.5,0.2,8.4,62,9,270,4,18.4,18.9,19.3,22.3,18.866666666666664,19.442857142857143,20.764285714285712,1.9,1.1,0.3,0.0,1.0999999999999976,13.357142857142858,6.778571428571429
2015-09-28,23.5,11.1,17.8,0.9,7.2,60,9,271,4,18.5,18.4,18.9,21.9,18.599999999999998,18.900000000000002,20.464285714285715,0.2,1.9,1.1,0.6,1.0666666666666644,13.385714285714286,6.792857142857144
2015-09-29,23.6,14.2,19.2,0.3,6.4,57,9,272,4,17.8,18.5,18.4,17.8,18.23333333333333,18.314285714285713,20.13571428571429,0.9,0.2,1.9,54.6,0.9999999999999977,13.428571428571429,6.857142857142857
2015-09-30,25.9,10.8,19.2,0.0,5.2,55,9,273,4,19.2,17.8,18.5,17.5,18.5,18.514285714285712,19.971428571428568,0.3,0.9,0.2,35.0,0.46666666666666434,5.671428571428572,6.864285714285714
2015-10-01,26.5,13.6,20.5,0.0,6.0,51,10,274,4,19.2,19.2,17.8,19.3,18.73333333333333,18.757142857142856,19.771428571428572,0.0,0.3,0.9,0.3,0.3999999999999977,0.6714285714285715,6.792857142857143
2015-10-02,26.2,15.3,20.7,0.0,7.1,48,10,275,4,20.5,19.2,19.2,18.9,19.633333333333333,18.928571428571427,19.67142857142857,0.0,0.0,0.3,1.1,0.09999999999999763,0.6285714285714287,6.792857142857143
2015-10-03,25.9,11.9,19.8,0.0,6.2,54,10,276,4,20.7,20.5,19.2,18.4,20.133333333333336,19.185714285714283,19.564285714285713,0.0,0.0,0.0,1.9,0.0,0.4714285714285714,6.792857142857143
2015-10-04,25.5,11.4,19.2,0.0,6.6,56,10,277,4,19.8,20.7,20.5,18.5,20.333333333333332,19.385714285714283,19.414285714285715,0.0,0.0,0.0,0.2,0.0,0.2,6.778571428571428
2015-10-05,25.6,12.3,19.5,0.0,6.4,53,10,278,4,19.2,19.8,20.7,17.8,19.900000000000002,19.485714285714288,19.192857142857143,0.0,0.0,0.0,0.9,0.0,0.17142857142857146,6.778571428571428
2015-10-06,25.6,11.7,19.4,0.0,6.2,56,10,279,4,19.5,19.2,19.8,19.2,19.5,19.728571428571428,19.021428571428572,0.0,0.0,0.0,0.3,0.0,0.04285714285714286,6.735714285714286
2015-10-07,25.7,11.5,19.3,0.0,6.4,58,10,280,4,19.4,19.5,19.2,19.2,19.366666666666664,19.75714285714286,19.135714285714283,0.0,0.0,0.0,0.0,0.0,0.0,2.835714285714286
2015-10-08,26.1,11.7,19.4,0.0,5.2,59,10,281,4,19.3,19.4,19.5,20.5,19.4,19.771428571428572,19.264285714285712,0.0,0.0,0.0,0.0,0.0,0.0,0.33571428571428574
2015-10-09,26.2,14.2,20.1,0.0,5.4,62,10,282,4,19.4,19.3,19.4,20.7,19.366666666666667,19.61428571428571,19.27142857142857,0.0,0.0,0.0,0.0,0.0,0.0,0.31428571428571433
2015-10-10,25.9,13.6,20.1,0.0,5.5,68,10,283,4,20.1,19.4,19.3,19.8,19.6,19.528571428571432,19.357142857142858,0.0,0.0,0.0,0.0,0.0,0.0,0.2357142857142857
2015-10-11,25.6,14.3,20.1,0.0,6.1,70,10,284,4,20.1,20.1,19.4,19.2,19.866666666666667,19.571428571428573,19.478571428571428,0.0,0.0,0.0,0.0,0.0,0.0,0.1
2015-10-12,25.5,13.1,19.8,0.0,5.8,72,10,285,4,20.1,20.1,20.1,19.5,20.1,19.7,19.592857142857145,0.0,0.0,0.0,0.0,0.0,0.0,0.08571428571428573
2015-10-13,25.1,14.4,19.5,0.2,6.6,74,10,286,4,19.8,20.1,20.1,19.4,20.0,19.742857142857144,19.735714285714288,0.0,0.0,0.0,0.0,0.0,0.0,0.02142857142857143
2015-10-14,22.0,13.3,17.9,2.8,8.1,81,10,287,4,19.5,19.8,20.1,19.3,19.8,19.75714285714286,19.75714285714286,0.2,0.0,0.0,0.0,0.0666666666666643,0.028571428571428574,0.014285714285714287
2015-10-15,23.3,12.3,18.1,0.0,5.1,69,10,288,4,17.9,19.5,19.8,19.4,19.066666666666666,19.557142857142857,19.664285714285715,2.8,0.2,0.0,0.0,0.9999999999999977,0.42857142857142855,0.21428571428571427
2015-10-16,23.5,10.9,17.7,0.0,5.9,67,10,289,4,18.1,17.9,19.5,20.1,18.5,19.37142857142857,19.492857142857144,0.0,2.8,0.2,0.0,0.9999999999999977,0.42857142857142855,0.21428571428571427
2015-10-17,24.3,12.6,18.8,0.0,6.0,62,10,290,4,17.7,18.1,17.9,20.1,17.900000000000002,19.028571428571432,19.27857142857143,0.0,0.0,2.8,0.0,0.9333333333333309,0.42857142857142855,0.21428571428571427
2015-10-18,23.1,11.8,17.8,2.1,5.9,67,10,291,4,18.8,17.7,18.1,20.1,18.2,18.842857142857145,19.20714285714286,0.0,0.0,0.0,0.0,0.0,0.42857142857142855,0.21428571428571427
2015-10-19,17.9,12.1,15.0,33.3,7.1,83,10,292,4,17.8,18.8,17.7,19.8,18.1,18.514285714285712,19.107142857142858,2.1,0.0,0.0,0.0,0.6999999999999976,0.7285714285714285,0.36428571428571427
2015-10-20,20.0,10.4,15.1,7.5,7.9,68,10,293,4,15.0,17.8,18.8,19.5,17.2,17.82857142857143,18.785714285714285,33.3,2.1,0.0,0.2,11.799999999999997,5.485714285714286,2.742857142857143
2015-10-21,21.4,6.3,14.5,0.0,7.6,58,10,294,4,15.1,15.0,17.8,17.9,15.966666666666667,17.2,18.47857142857143,7.5,33.3,2.1,2.8,14.299999999999997,6.528571428571428,3.2785714285714285
2015-10-22,21.5,6.7,14.8,0.0,7.3,56,10,295,4,14.5,15.1,15.0,18.1,14.866666666666667,16.714285714285715,18.135714285714286,0.0,7.5,33.3,0.0,13.599999999999996,6.128571428571428,3.2785714285714285
2015-10-23,21.7,7.4,15.1,0.3,6.6,54,10,296,4,14.8,14.5,15.1,17.7,14.799999999999999,16.242857142857144,17.807142857142857,0.0,0.0,7.5,0.0,2.499999999999998,6.128571428571428,3.2785714285714285
2015-10-24,15.3,10.2,12.9,5.8,9.4,66,10,297,4,15.1,14.8,14.5,18.8,14.799999999999999,15.871428571428572,17.45,0.3,0.0,0.0,0.0,0.09999999999999763,6.171428571428571,3.3
2015-10-25,12.9,10.2,11.3,31.2,6.3,83,10,298,4,12.9,15.1,14.8,17.8,14.266666666666666,15.028571428571428,16.935714285714287,5.8,0.3,0.0,2.1,2.033333333333331,7.0,3.7142857142857144
2015-10-26,13.9,7.8,10.8,19.6,7.4,78,10,299,4,11.3,12.9,15.1,15.0,13.100000000000001,14.1,16.307142857142857,31.2,5.8,0.3,33.3,12.43333333333333,11.157142857142857,5.942857142857142
2015-10-27,17.9,3.3,10.9,0.9,7.8,67,10,300,4,10.8,11.3,12.9,15.1,11.666666666666666,13.5,15.664285714285715,19.6,31.2,5.8,7.5,18.866666666666664,9.200000000000001,7.3428571428571425
2015-10-28,20.8,4.3,13.1,0.0,9.2,50,10,301,4,10.9,10.8,11.3,14.5,11.0,12.900000000000002,15.05,0.9,19.6,31.2,0.0,17.23333333333333,8.257142857142856,7.392857142857143
2015-10-29,20.0,7.1,13.8,0.0,6.7,49,10,302,4,13.1,10.9,10.8,14.8,11.6,12.700000000000001,14.707142857142857,0.0,0.9,19.6,0.0,6.833333333333332,8.257142857142856,7.192857142857143
2015-10-30,19.2,9.0,14.2,0.0,5.5,59,10,303,4,13.8,13.1,10.9,15.1,12.600000000000001,12.557142857142859,14.400000000000002,0.0,0.0,0.9,0.3,0.2999999999999988,8.257142857142856,7.192857142857143
2015-10-31,20.3,8.0,14.9,0.0,4.5,66,10,304,4,14.2,13.8,13.1,12.9,13.700000000000001,12.428571428571429,14.15,0.0,0.0,0.0,5.8,0.0,8.214285714285714,7.192857142857143
2015-11-01,19.8,7.7,14.7,0.0,3.9,73,11,305,4,14.9,14.2,13.8,11.3,14.299999999999999,12.714285714285714,13.871428571428572,0.0,0.0,0.0,31.2,0.0,7.385714285714285,7.192857142857143
2015-11-02,19.5,12.7,15.4,1.7,4.5,75,11,306,4,14.7,14.9,14.2,10.8,14.6,13.2,13.65,0.0,0.0,0.0,19.6,0.0,2.9285714285714284,7.042857142857144
2015-11-03,14.2,10.2,12.4,6.3,9.9,74,11,307,4,15.4,14.7,14.9,10.9,15.0,13.857142857142858,13.678571428571429,1.7,0.0,0.0,0.9,0.5666666666666654,0.37142857142857144,4.785714285714286
2015-11-04,12.8,9.6,10.9,38.7,8.4,84,11,308,4,12.4,15.4,14.7,13.1,14.166666666666666,14.071428571428571,13.485714285714286,6.3,1.7,0.0,0.0,2.6666666666666656,1.1428571428571428,4.7
2015-11-05,15.2,7.2,10.7,6.8,7.8,75,11,309,4,10.9,12.4,15.4,13.8,12.9,13.757142857142856,13.22857142857143,38.7,6.3,1.7,0.0,15.566666666666668,6.671428571428572,7.464285714285714
2015-11-06,17.5,3.0,11.3,0.0,6.3,63,11,310,4,10.7,10.9,12.4,14.2,11.333333333333334,13.314285714285715,12.935714285714285,6.8,38.7,6.3,0.0,17.266666666666666,7.642857142857143,7.95
2015-11-07,18.3,3.8,11.9,0.0,7.2,56,11,311,4,11.3,10.7,10.9,14.9,10.966666666666667,12.9,12.664285714285715,0.0,6.8,38.7,0.0,15.166666666666666,7.642857142857143,7.928571428571429
2015-11-08,18.6,5.4,13.1,0.1,5.2,55,11,312,4,11.9,11.3,10.7,14.7,11.300000000000002,12.471428571428573,12.592857142857142,0.0,0.0,6.8,0.0,2.2666666666666666,7.642857142857143,7.514285714285714
2015-11-09,13.9,6.9,10.1,3.6,8.7,67,11,313,4,13.1,11.9,11.3,15.4,12.1,12.242857142857144,12.721428571428573,0.1,0.0,0.0,1.7,0.03333333333333333,7.6571428571428575,5.292857142857144
2015-11-10,13.6,6.7,9.8,1.0,8.2,73,11,314,4,10.1,13.1,11.9,12.4,11.700000000000001,11.485714285714286,12.671428571428573,3.6,0.1,0.0,6.3,1.2333333333333334,7.928571428571429,4.15
2015-11-11,17.0,6.1,11.8,0.0,7.4,66,11,315,4,9.8,10.1,13.1,10.9,11.0,11.114285714285714,12.592857142857142,1.0,3.6,0.1,38.7,1.5666666666666667,7.171428571428572,4.1571428571428575
2015-11-12,18.1,6.3,11.5,10.3,7.7,71,11,316,4,11.8,9.8,10.1,10.7,10.566666666666666,11.242857142857144,12.5,0.0,1.0,3.6,6.8,1.5333333333333334,1.6428571428571428,4.1571428571428575
2015-11-13,16.2,9.3,12.7,8.6,6.4,76,11,317,4,11.5,11.8,9.8,11.3,11.033333333333333,11.357142857142858,12.335714285714285,10.3,0.0,1.0,0.0,3.766666666666667,2.142857142857143,4.892857142857143
2015-11-14,18.9,5.2,12.7,0.0,6.3,67,11,318,4,12.7,11.5,11.8,11.9,12.0,11.557142857142859,12.228571428571428,8.6,10.3,0.0,0.0,6.3,3.3714285714285714,5.507142857142858
2015-11-15,16.2,4.3,10.8,1.4,6.3,70,11,319,4,12.7,12.7,11.5,13.1,12.299999999999999,11.671428571428569,12.071428571428571,0.0,8.6,10.3,0.1,6.3,3.3714285714285714,5.507142857142858
2015-11-16,17.7,2.6,10.8,0.0,7.6,59,11,320,4,10.8,12.7,12.7,10.1,12.066666666666668,11.342857142857143,11.792857142857143,1.4,0.0,8.6,3.6,3.3333333333333335,3.557142857142857,5.607142857142857
2015-11-17,18.9,1.0,10.7,0.0,8.0,53,11,321,4,10.8,10.8,12.7,9.8,11.433333333333332,11.442857142857145,11.464285714285714,0.0,1.4,0.0,1.0,0.4666666666666666,3.042857142857143,5.485714285714286
2015-11-18,20.0,1.5,11.4,0.0,5.6,52,11,322,4,10.7,10.8,10.8,11.8,10.766666666666666,11.571428571428571,11.342857142857142,0.0,0.0,1.4,0.0,0.4666666666666666,2.9,5.035714285714286
2015-11-19,19.9,3.5,12.2,0.0,5.2,59,11,323,4,11.4,10.7,10.8,11.5,10.966666666666667,11.514285714285714,11.378571428571428,0.0,0.0,0.0,10.3,0.0,2.9,2.2714285714285714
2015-11-20,19.0,6.7,13.1,0.0,4.6,63,11,324,4,12.2,11.4,10.7,12.7,11.433333333333332,11.614285714285714,11.485714285714286,0.0,0.0,0.0,8.6,0.0,1.4285714285714286,1.7857142857142858
2015-11-21,19.8,3.5,12.2,0.0,5.3,68,11,325,4,13.1,12.2,11.4,12.7,12.233333333333334,11.671428571428569,11.614285714285714,0.0,0.0,0.0,0.0,0.0,0.19999999999999998,1.7857142857142858
2015-11-22,17.8,5.8,11.7,0.0,4.3,71,11,326,4,12.2,13.1,12.2,10.8,12.5,11.6,11.635714285714286,0.0,0.0,0.0,1.4,0.0,0.19999999999999998,1.7857142857142858
2015-11-23,17.7,3.4,11.1,0.0,4.6,72,11,327,4,11.7,12.2,13.1,10.8,12.333333333333334,11.728571428571428,11.535714285714286,0.0,0.0,0.0,0.0,0.0,0.0,1.7785714285714287
2015-11-24,17.6,2.9,11.1,0.0,4.5,68,11,328,4,11.1,11.7,12.2,10.7,11.666666666666666,11.77142857142857,11.607142857142858,0.0,0.0,0.0,0.0,0.0,0.0,1.5214285714285716
2015-11-25,17.1,5.9,11.7,0.0,3.9,69,11,329,4,11.1,11.1,11.7,11.4,11.299999999999999,11.828571428571427,11.700000000000001,0.0,0.0,0.0,0.0,0.0,0.0,1.45
2015-11-26,14.5,6.4,11.6,1.2,7.5,65,11,330,4,11.7,11.1,11.1,12.2,11.299999999999999,11.87142857142857,11.692857142857141,0.0,0.0,0.0,0.0,0.0,0.0,1.45
2015-11-27,16.5,1.4,9.5,0.0,6.0,67,11,331,4,11.6,11.7,11.1,13.1,11.466666666666667,11.785714285714286,11.7,1.2,0.0,0.0,0.0,0.39999999999999997,0.17142857142857143,0.7999999999999999
2015-11-28,17.7,3.1,11.0,0.0,5.8,55,11,332,4,9.5,11.6,11.7,12.2,10.933333333333332,11.271428571428572,11.471428571428572,0.0,1.2,0.0,0.0,0.39999999999999997,0.17142857142857143,0.1857142857142857
2015-11-29,17.9,2.0,10.4,0.0,6.0,51,11,333,4,11.0,9.5,11.6,11.7,10.700000000000001,11.1,11.349999999999998,0.0,0.0,1.2,0.0,0.39999999999999997,0.17142857142857143,0.1857142857142857
2015-11-30,18.9,3.7,11.6,0.0,6.4,50,11,334,4,10.4,11.0,9.5,11.1,10.299999999999999,10.914285714285715,11.321428571428571,0.0,0.0,0.0,0.0,0.0,0.17142857142857143,0.08571428571428572
2015-12-01,17.9,2.5,10.6,0.0,6.0,58,12,335,1,11.6,10.4,11.0,11.1,11.0,10.985714285714286,11.378571428571428,0.0,0.0,0.0,0.0,0.0,0.17142857142857143,0.08571428571428572
2015-12-02,18.0,3.1,10.8,0.0,5.0,59,12,336,1,10.6,11.6,10.4,11.7,10.866666666666665,10.914285714285713,11.371428571428572,0.0,0.0,0.0,0.0,0.0,0.17142857142857143,0.08571428571428572
2015-12-03,19.0,2.6,11.3,0.0,5.7,53,12,337,1,10.8,10.6,11.6,11.6,11.0,10.785714285714286,11.328571428571427,0.0,0.0,0.0,1.2,0.0,0.17142857142857143,0.08571428571428572
2015-12-04,20.1,3.7,12.2,0.0,4.7,59,12,338,1,11.3,10.8,10.6,9.5,10.9,10.742857142857144,11.264285714285714,0.0,0.0,0.0,0.0,0.0,0.0,0.08571428571428572
2015-12-05,19.1,5.8,12.9,0.0,4.5,65,12,339,1,12.2,11.3,10.8,11.0,11.433333333333332,11.12857142857143,11.2,0.0,0.0,0.0,0.0,0.0,0.0,0.08571428571428572
2015-12-06,20.2,6.9,13.3,0.0,5.8,64,12,340,1,12.9,12.2,11.3,10.4,12.133333333333333,11.4,11.25,0.0,0.0,0.0,0.0,0.0,0.0,0.08571428571428572
2015-12-07,17.5,3.9,11.3,0.0,5.2,76,12,341,1,13.3,12.9,12.2,11.6,12.799999999999999,11.814285714285715,11.364285714285716,0.0,0.0,0.0,0.0,0.0,0.0,0.08571428571428572
2015-12-08,18.4,4.9,11.6,0.0,5.6,66,12,342,1,11.3,13.3,12.9,10.6,12.5,11.771428571428572,11.378571428571428,0.0,0.0,0.0,0.0,0.0,0.0,0.08571428571428572
2015-12-09,13.7,3.9,8.7,3.7,6.8,81,12,343,1,11.6,11.3,13.3,10.8,12.066666666666668,11.914285714285715,11.414285714285715,0.0,0.0,0.0,0.0,0.0,0.0,0.08571428571428572
2015-12-10,9.4,6.3,7.8,35.9,4.7,88,12,344,1,8.7,11.6,11.3,11.3,10.533333333333333,11.614285714285714,11.200000000000001,3.7,0.0,0.0,0.0,1.2333333333333334,0.5285714285714286,0.35000000000000003
2015-12-11,9.4,3.4,6.1,21.7,5.9,87,12,345,1,7.8,8.7,11.6,12.2,9.366666666666665,11.114285714285714,10.928571428571429,35.9,3.7,0.0,0.0,13.200000000000001,5.6571428571428575,2.8285714285714287
2015-12-12,13.1,-2.7,5.0,0.0,6.8,67,12,346,1,6.1,7.8,8.7,12.9,7.533333333333332,10.242857142857142,10.685714285714287,21.7,35.9,3.7,0.0,20.433333333333334,8.757142857142856,4.378571428571428
2015-12-13,12.8,-1.7,5.2,0.0,5.6,51,12,347,1,5.0,6.1,7.8,13.3,6.3,9.114285714285716,10.257142857142858,0.0,21.7,35.9,0.0,19.2,8.757142857142856,4.378571428571428
2015-12-14,12.3,-1.6,4.8,0.0,6.1,54,12,348,1,5.2,5.0,6.1,11.3,5.433333333333333,7.957142857142856,9.885714285714286,0.0,0.0,21.7,0.0,7.233333333333333,8.757142857142856,4.378571428571428
2015-12-15,13.6,-2.8,4.7,0.0,6.5,51,12,349,1,4.8,5.2,5.0,11.6,5.0,7.028571428571429,9.4,0.0,0.0,0.0,0.0,0.0,8.757142857142856,4.378571428571428
2015-12-16,13.0,-2.5,5.1,0.0,5.2,51,12,350,1,4.7,4.8,5.2,8.7,4.9,6.042857142857143,8.97857142857143,0.0,0.0,0.0,3.7,0.0,8.757142857142856,4.378571428571428
2015-12-17,10.9,1.4,5.7,0.0,4.1,64,12,351,1,5.1,4.7,4.8,7.8,4.866666666666666,5.528571428571428,8.571428571428571,0.0,0.0,0.0,35.9,0.0,8.228571428571428,4.378571428571428
2015-12-18,12.1,-2.5,4.5,0.0,4.6,57,12,352,1,5.7,5.1,4.7,6.1,5.166666666666667,5.228571428571429,8.17142857142857,0.0,0.0,0.0,21.7,0.0,3.1,4.378571428571428
2015-12-19,12.2,-2.4,4.6,0.0,5.5,53,12,353,1,4.5,5.7,5.1,5.0,5.1000000000000005,5.0,7.621428571428571,0.0,0.0,0.0,0.0,0.0,0.0,4.378571428571428
2015-12-20,11.0,-0.6,4.9,0.0,5.7,59,12,354,1,4.6,4.5,5.7,5.2,4.933333333333334,4.942857142857143,7.028571428571429,0.0,0.0,0.0,0.0,0.0,0.0,4.378571428571428
2015-12-21,11.3,-2.8,4.1,0.0,4.9,58,12,355,1,4.9,4.6,4.5,4.8,4.666666666666667,4.8999999999999995,6.428571428571429,0.0,0.0,0.0,0.0,0.0,0.0,4.378571428571428
2015-12-22,6.7,0.3,3.2,5.6,6.1,75,12,356,1,4.1,4.9,4.6,4.7,4.533333333333334,4.8,5.914285714285714,0.0,0.0,0.0,0.0,0.0,0.0,4.378571428571428
2015-12-23,7.2,-0.9,3.1,5.5,5.7,72,12,357,1,3.2,4.1,4.9,5.1,4.066666666666666,4.5857142857142845,5.314285714285715,5.6,0.0,0.0,0.0,1.8666666666666665,0.7999999999999999,4.778571428571429
2015-12-24,11.7,-4.5,2.9,0.0,8.7,58,12,358,1,3.1,3.2,4.1,5.7,3.466666666666667,4.3,4.914285714285714,5.5,5.6,0.0,0.0,3.6999999999999997,1.5857142857142856,4.9071428571428575
2015-12-25,12.6,-3.2,4.4,0.0,5.9,46,12,359,1,2.9,3.1,3.2,4.5,3.0666666666666664,3.9,4.564285714285714,0.0,5.5,5.6,0.0,3.6999999999999997,1.5857142857142856,2.3428571428571425
2015-12-26,11.1,0.0,5.7,0.0,7.8,60,12,360,1,4.4,2.9,3.1,4.6,3.466666666666667,3.885714285714286,4.442857142857142,0.0,0.0,5.5,0.0,1.8333333333333333,1.5857142857142856,0.7928571428571428
2015-12-27,15.6,5.4,9.8,0.0,8.6,63,12,361,1,5.7,4.4,2.9,4.9,4.333333333333333,4.042857142857143,4.492857142857143,0.0,0.0,0.0,0.0,0.0,1.5857142857142856,0.7928571428571428
2015-12-28,15.7,2.8,9.6,0.0,5.6,65,12,362,1,9.8,5.7,4.4,4.1,6.633333333333333,4.742857142857143,4.821428571428571,0.0,0.0,0.0,0.0,0.0,1.5857142857142856,0.7928571428571428
2015-12-29,15.9,-1.6,7.1,0.0,5.7,65,12,363,1,9.6,9.8,5.7,3.2,8.366666666666667,5.528571428571429,5.164285714285714,0.0,0.0,0.0,5.6,0.0,1.5857142857142856,0.7928571428571428
2015-12-30,15.1,-1.8,6.2,0.0,5.6,59,12,364,1,7.1,9.6,9.8,3.1,8.833333333333334,6.0857142857142845,5.3357142857142845,0.0,0.0,0.0,5.5,0.0,0.7857142857142857,0.7928571428571428
2015-12-31,16.1,-3.3,6.5,0.0,6.6,52,12,365,1,6.2,7.1,9.6,2.9,7.633333333333333,6.528571428571429,5.414285714285714,0.0,0.0,0.0,0.0,0.0,0.0,0.7928571428571428
2016-01-01,15.6,0.6,7.7,0.0,4.1,51,1,1,1,6.5,6.2,7.1,4.4,6.6000000000000005,7.042857142857143,5.471428571428571,0.0,0.0,0.0,0.0,0.0,0.0,0.7928571428571428
2016-01-02,15.2,-0.3,7.9,0.0,5.4,51,1,2,1,7.7,6.5,6.2,5.7,6.8,7.514285714285714,5.7,0.0,0.0,0.0,0.0,0.0,0.0,0.7928571428571428
2016-01-03,16.5,-0.2,8.7,0.0,5.2,50,1,3,1,7.9,7.7,6.5,9.8,7.366666666666667,7.828571428571429,5.935714285714286,0.0,0.0,0.0,0.0,0.0,0.0,0.7928571428571428
2016-01-04,10.3,5.9,7.6,13.4,9.2,79,1,4,1,8.7,7.9,7.7,9.6,8.1,7.671428571428572,6.207142857142857,0.0,0.0,0.0,0.0,0.0,0.0,0.7928571428571428
2016-01-05,13.7,3.4,8.4,2.8,6.7,71,1,5,1,7.6,8.7,7.9,7.1,8.066666666666668,7.385714285714285,6.457142857142857,13.4,0.0,0.0,0.0,4.466666666666667,1.9142857142857144,1.75
2016-01-06,13.7,-0.9,6.8,0.0,6.6,64,1,6,1,8.4,7.6,8.7,6.2,8.233333333333333,7.571428571428571,6.828571428571428,2.8,13.4,0.0,0.0,5.3999999999999995,2.314285714285714,1.55
2016-01-07,13.2,-1.2,6.5,0.6,6.3,61,1,7,1,6.8,8.4,7.6,6.5,7.6000000000000005,7.6571428571428575,7.092857142857143,0.0,2.8,13.4,0.0,5.3999999999999995,2.314285714285714,1.1571428571428573
2016-01-08,11.5,1.8,6.4,3.1,6.8,70,1,8,1,6.5,6.8,8.4,7.7,7.233333333333333,7.6571428571428575,7.3500000000000005,0.6,0.0,2.8,0.0,1.1333333333333333,2.4,1.2
2016-01-09,14.5,-1.9,6.6,0.0,5.2,60,1,9,1,6.4,6.5,6.8,7.9,6.566666666666666,7.471428571428571,7.492857142857142,3.1,0.6,0.0,0.0,1.2333333333333334,2.8428571428571425,1.4214285714285713
2016-01-10,16.1,-0.9,7.8,0.0,4.3,58,1,10,1,6.6,6.4,6.5,8.7,6.5,7.285714285714286,7.557142857142858,0.0,3.1,0.6,0.0,1.2333333333333334,2.8428571428571425,1.4214285714285713
2016-01-11,15.2,-0.8,7.5,0.0,3.8,67,1,11,1,7.8,6.6,6.4,7.6,6.933333333333333,7.157142857142857,7.414285714285714,0.0,0.0,3.1,13.4,1.0333333333333334,2.8428571428571425,1.4214285714285713
2016-01-12,9.6,2.6,6.2,2.3,4.5,80,1,12,1,7.5,7.8,6.6,8.4,7.3,7.142857142857143,7.264285714285714,0.0,0.0,0.0,2.8,0.0,0.9285714285714286,1.4214285714285713
2016-01-13,13.8,-0.3,7.5,0.0,4.6,65,1,13,1,6.2,7.5,7.8,6.8,7.166666666666667,6.828571428571428,7.2,2.3,0.0,0.0,0.0,0.7666666666666666,0.8571428571428571,1.5857142857142856
2016-01-14,12.6,-0.5,6.0,1.5,6.5,70,1,14,1,7.5,6.2,7.5,6.5,7.066666666666666,6.928571428571429,7.292857142857144,0.0,2.3,0.0,0.6,0.7666666666666666,0.8571428571428571,1.5857142857142859
2016-01-15,12.6,-1.1,6.3,0.0,6.8,63,1,15,1,6.0,7.5,6.2,6.4,6.566666666666666,6.857142857142857,7.257142857142858,1.5,0.0,2.3,3.1,1.2666666666666666,0.9857142857142858,1.692857142857143
2016-01-16,14.4,-1.3,7.1,0.0,5.8,57,1,16,1,6.3,6.0,7.5,6.6,6.6000000000000005,6.8428571428571425,7.1571428571428575,0.0,1.5,0.0,0.0,0.5,0.5428571428571428,1.692857142857143
2016-01-17,13.1,-0.9,6.8,0.0,5.2,71,1,17,1,7.1,6.3,6.0,7.8,6.466666666666666,6.914285714285714,7.1,0.0,0.0,1.5,0.0,0.5,0.5428571428571428,1.692857142857143
2016-01-18,10.2,0.3,5.8,2.6,3.9,78,1,18,1,6.8,7.1,6.3,7.5,6.733333333333333,6.771428571428571,6.9642857142857135,0.0,0.0,0.0,0.0,0.0,0.5428571428571428,1.692857142857143
2016-01-19,12.6,-1.7,5.7,0.0,6.8,54,1,19,1,5.8,6.8,7.1,6.2,6.566666666666666,6.528571428571429,6.835714285714286,2.6,0.0,0.0,2.3,0.8666666666666667,0.9142857142857144,0.9214285714285715
2016-01-20,12.3,-1.9,5.3,0.0,7.1,47,1,20,1,5.7,5.8,6.8,7.5,6.1000000000000005,6.457142857142856,6.642857142857143,0.0,2.6,0.0,0.0,0.8666666666666667,0.5857142857142856,0.7214285714285715
2016-01-21,12.7,-0.1,6.5,0.0,5.5,63,1,21,1,5.3,5.7,5.8,6.0,5.599999999999999,6.142857142857143,6.535714285714286,0.0,0.0,2.6,1.5,0.8666666666666667,0.5857142857142856,0.7214285714285715
2016-01-22,13.1,0.5,7.0,0.0,5.6,69,1,22,1,6.5,5.3,5.7,6.3,5.833333333333333,6.214285714285714,6.535714285714286,0.0,0.0,0.0,0.0,0.0,0.37142857142857144,0.6785714285714286
2016-01-23,13.0,-1.4,6.4,0.0,4.3,72,1,23,1,7.0,6.5,5.3,7.1,6.266666666666667,6.314285714285715,6.578571428571429,0.0,0.0,0.0,0.0,0.0,0.37142857142857144,0.4571428571428572
2016-01-24,13.6,-2.5,5.8,0.0,6.0,69,1,24,1,6.4,7.0,6.5,6.8,6.633333333333333,6.214285714285714,6.564285714285714,0.0,0.0,0.0,0.0,0.0,0.37142857142857144,0.4571428571428572
2016-01-25,13.0,-0.7,6.2,0.0,5.8,70,1,25,1,5.8,6.4,7.0,5.8,6.3999999999999995,6.071428571428571,6.421428571428571,0.0,0.0,0.0,2.6,0.0,0.37142857142857144,0.4571428571428572
2016-01-26,8.0,3.6,5.8,1.7,6.5,74,1,26,1,6.2,5.8,6.4,5.7,6.133333333333333,6.128571428571428,6.328571428571428,0.0,0.0,0.0,0.0,0.0,0.0,0.4571428571428572
2016-01-27,12.1,1.7,6.7,1.7,7.7,68,1,27,1,5.8,6.2,5.8,5.3,5.933333333333334,6.142857142857143,6.299999999999999,1.7,0.0,0.0,0.0,0.5666666666666667,0.24285714285714285,0.41428571428571426
2016-01-28,13.1,0.3,5.8,3.9,8.0,71,1,28,1,6.7,5.8,6.2,6.5,6.233333333333333,6.3428571428571425,6.242857142857142,1.7,1.7,0.0,0.0,1.1333333333333333,0.4857142857142857,0.5357142857142857
2016-01-29,9.5,4.9,7.0,38.0,6.6,88,1,29,1,5.8,6.7,5.8,7.0,6.1000000000000005,6.242857142857142,6.228571428571428,3.9,1.7,1.7,0.0,2.433333333333333,1.042857142857143,0.7071428571428572
2016-01-30,10.4,4.9,7.1,11.7,5.6,84,1,30,1,7.0,5.8,6.7,6.4,6.5,6.242857142857142,6.278571428571428,38.0,3.9,1.7,0.0,14.533333333333333,6.471428571428571,3.4214285714285713
2016-01-31,11.9,-0.5,5.8,0.9,7.1,74,1,31,1,7.1,7.0,5.8,5.8,6.633333333333333,6.3428571428571425,6.278571428571429,11.7,38.0,3.9,0.0,17.866666666666664,8.142857142857142,4.257142857142857
2016-02-01,13.7,-2.6,6.0,0.0,5.2,63,2,32,1,5.8,7.1,7.0,6.2,6.633333333333333,6.342857142857143,6.207142857142857,0.9,11.7,38.0,0.0,16.866666666666667,8.27142857142857,4.321428571428571
2016-02-02,13.7,-1.9,6.3,0.0,4.5,57,2,33,1,6.0,5.8,7.1,5.8,6.3,6.314285714285715,6.221428571428571,0.0,0.9,11.7,1.7,4.2,8.27142857142857,4.135714285714285
2016-02-03,14.8,-1.8,7.0,0.0,6.1,50,2,34,1,6.3,6.0,5.8,6.7,6.033333333333334,6.385714285714286,6.264285714285714,0.0,0.0,0.9,1.7,0.3,8.028571428571428,4.135714285714285
2016-02-04,16.0,-1.5,7.7,0.0,5.9,50,2,35,1,7.0,6.3,6.0,5.8,6.433333333333334,6.428571428571429,6.385714285714285,0.0,0.0,0.0,3.9,0.0,7.785714285714286,4.135714285714285
2016-02-05,17.3,0.9,9.8,0.0,4.3,53,2,36,1,7.7,7.0,6.3,7.0,7.0,6.700000000000001,6.471428571428571,0.0,0.0,0.0,38.0,0.0,7.228571428571429,4.135714285714285
2016-02-06,15.0,3.2,9.2,0.0,5.0,64,2,37,1,9.8,7.7,7.0,7.1,8.166666666666666,7.1000000000000005,6.671428571428571,0.0,0.0,0.0,11.7,0.0,1.8,4.135714285714285
2016-02-07,13.2,6.4,9.6,0.5,5.8,70,2,38,1,9.2,9.8,7.7,5.8,8.9,7.3999999999999995,6.871428571428572,0.0,0.0,0.0,0.9,0.0,0.1285714285714286,4.135714285714285
2016-02-08,14.9,3.6,9.3,0.0,5.5,71,2,39,1,9.6,9.2,9.8,6.0,9.533333333333333,7.942857142857143,7.142857142857143,0.5,0.0,0.0,0.0,0.16666666666666666,0.07142857142857142,4.171428571428572
2016-02-09,15.4,1.7,9.6,0.0,4.7,70,2,40,1,9.3,9.6,9.2,6.3,9.366666666666667,8.414285714285715,7.364285714285715,0.0,0.5,0.0,0.0,0.16666666666666666,0.07142857142857142,4.171428571428572
2016-02-10,10.2,3.3,6.8,32.0,6.6,83,2,41,1,9.6,9.3,9.6,7.0,9.5,8.885714285714286,7.635714285714286,0.0,0.0,0.5,0.0,0.16666666666666666,0.07142857142857142,4.05
2016-02-11,3.3,0.9,2.2,37.1,6.2,94,2,42,1,6.8,9.6,9.3,7.7,8.566666666666666,8.857142857142858,7.642857142857143,32.0,0.0,0.0,0.0,10.666666666666666,4.642857142857143,6.214285714285714
2016-02-12,10.0,-4.9,3.0,0.0,6.5,66,2,43,1,2.2,6.8,9.6,9.8,6.199999999999999,8.071428571428571,7.385714285714286,37.1,32.0,0.0,0.0,23.03333333333333,9.942857142857141,8.585714285714285
2016-02-13,11.3,-1.1,5.5,0.0,6.3,47,2,44,1,3.0,2.2,6.8,9.2,4.0,7.1000000000000005,7.1000000000000005,0.0,37.1,32.0,0.0,23.03333333333333,9.942857142857141,5.871428571428571
2016-02-14,11.5,-1.3,5.6,0.0,5.9,49,2,45,1,5.5,3.0,2.2,9.6,3.5666666666666664,6.571428571428571,6.985714285714286,0.0,0.0,37.1,0.5,12.366666666666667,9.942857142857141,5.035714285714286
2016-02-15,12.1,-1.9,5.6,0.7,6.0,52,2,46,1,5.6,5.5,3.0,9.3,4.7,6.0,6.971428571428571,0.0,0.0,0.0,0.0,0.0,9.87142857142857,4.971428571428571
2016-02-16,14.7,-3.4,5.8,0.0,7.0,53,2,47,1,5.6,5.6,5.5,9.6,5.566666666666666,5.471428571428571,6.942857142857143,0.7,0.0,0.0,0.0,0.2333333333333333,9.971428571428572,5.021428571428571
2016-02-17,16.1,-2.6,7.0,0.0,7.5,51,2,48,1,5.8,5.6,5.6,6.8,5.666666666666667,4.928571428571429,6.9071428571428575,0.0,0.7,0.0,32.0,0.2333333333333333,9.971428571428572,5.021428571428571
2016-02-18,17.6,-2.0,7.9,0.0,6.9,51,2,49,1,7.0,5.8,5.6,2.2,6.133333333333333,4.957142857142856,6.9071428571428575,0.0,0.0,0.7,37.1,0.2333333333333333,5.4,5.021428571428571
2016-02-19,15.8,0.2,6.6,25.5,8.6,72,2,50,1,7.9,7.0,5.8,3.0,6.900000000000001,5.771428571428572,6.921428571428572,0.0,0.0,0.0,0.0,0.0,0.09999999999999999,5.021428571428571
2016-02-20,16.3,6.4,10.6,7.4,6.6,70,2,51,1,6.6,7.9,7.0,5.5,7.166666666666667,6.285714285714286,6.692857142857143,25.5,0.0,0.0,0.0,8.5,3.742857142857143,6.8428571428571425
2016-02-21,17.8,-0.0,9.8,0.0,6.5,56,2,52,1,10.6,6.6,7.9,5.6,8.366666666666667,7.014285714285714,6.792857142857143,7.4,25.5,0.0,0.0,10.966666666666667,4.8,7.371428571428571
2016-02-22,19.1,0.4,9.6,0.0,11.0,45,2,53,1,9.8,10.6,6.6,5.6,9.0,7.614285714285714,6.807142857142858,0.0,7.4,25.5,0.7,10.966666666666667,4.8,7.3357142857142845
2016-02-23,19.9,1.6,9.7,0.0,12.0,34,2,54,1,9.6,9.8,10.6,5.8,10.0,8.185714285714285,6.828571428571428,0.0,0.0,7.4,0.0,2.466666666666667,4.7,7.3357142857142845
2016-02-24,21.1,0.6,10.9,0.0,11.3,41,2,55,1,9.7,9.6,9.8,7.0,9.7,8.742857142857144,6.835714285714286,0.0,0.0,0.0,0.0,0.0,4.7,7.3357142857142845
2016-02-25,19.5,-1.0,10.7,0.0,5.7,58,2,56,1,10.9,9.7,9.6,7.9,10.066666666666665,9.299999999999999,7.128571428571428,0.0,0.0,0.0,0.0,0.0,4.7,5.049999999999999
2016-02-26,19.5,0.5,10.9,0.0,5.5,52,2,57,1,10.7,10.9,9.7,6.6,10.433333333333332,9.7,7.735714285714286,0.0,0.0,0.0,25.5,0.0,4.7,2.4
2016-02-27,20.3,0.1,11.4,0.0,5.0,49,2,58,1,10.9,10.7,10.9,10.6,10.833333333333334,10.314285714285715,8.3,0.0,0.0,0.0,7.4,0.0,1.0571428571428572,2.4
2016-02-28,20.3,-0.5,11.4,0.0,4.6,54,2,59,1,11.4,10.9,10.7,9.8,11.0,10.428571428571429,8.721428571428572,0.0,0.0,0.0,0.0,0.0,0.0,2.4
2016-02-29,19.3,1.6,11.8,0.0,4.9,51,2,60,1,11.4,11.4,10.9,9.6,11.233333333333334,10.657142857142858,9.135714285714286,0.0,0.0,0.0,0.0,0.0,0.0,2.4
2016-03-01,20.1,1.3,11.8,0.0,5.4,46,3,61,2,11.8,11.4,11.4,9.7,11.533333333333333,10.971428571428572,9.578571428571427,0.0,0.0,0.0,0.0,0.0,0.0,2.35
2016-03-02,19.8,3.4,12.8,0.1,5.3,46,3,62,2,11.8,11.8,11.4,10.9,11.666666666666666,11.271428571428572,10.007142857142858,0.0,0.0,0.0,0.0,0.0,0.0,2.35
2016-03-03,20.4,8.1,13.7,1.2,8.7,49,3,63,2,12.8,11.8,11.8,10.7,12.133333333333335,11.542857142857143,10.421428571428573,0.1,0.0,0.0,0.0,0.03333333333333333,0.014285714285714287,2.357142857142857
2016-03-04,20.2,4.4,12.9,1.4,6.3,57,3,64,2,13.7,12.8,11.8,10.9,12.766666666666666,11.971428571428572,10.835714285714287,1.2,0.1,0.0,0.0,0.43333333333333335,0.18571428571428572,2.4428571428571426
2016-03-05,16.2,6.9,10.9,2.7,7.7,72,3,65,2,12.9,13.7,12.8,11.4,13.133333333333333,12.257142857142858,11.285714285714286,1.4,1.2,0.1,0.0,0.9,0.38571428571428573,0.7214285714285714
2016-03-06,12.9,6.0,9.3,4.8,7.7,76,3,66,2,10.9,12.9,13.7,11.4,12.5,12.185714285714285,11.307142857142855,2.7,1.4,1.2,0.0,1.7666666666666668,0.7714285714285715,0.38571428571428573
2016-03-07,17.9,3.1,11.4,0.3,6.3,63,3,67,2,9.3,10.9,12.9,11.8,11.033333333333333,11.885714285714286,11.271428571428572,4.8,2.7,1.4,0.0,2.9666666666666663,1.457142857142857,0.7285714285714285
2016-03-08,19.8,3.1,12.9,0.4,6.5,54,3,68,2,11.4,9.3,10.9,11.8,10.533333333333333,11.828571428571427,11.400000000000002,0.3,4.8,2.7,0.0,2.6,1.5,0.75
2016-03-09,20.2,3.5,13.1,0.0,5.9,54,3,69,2,12.9,11.4,9.3,12.8,11.200000000000001,11.985714285714286,11.62857142857143,0.4,0.3,4.8,0.1,1.8333333333333333,1.5571428571428572,0.7785714285714286
2016-03-10,20.6,6.6,14.5,0.0,6.0,55,3,70,2,13.1,12.9,11.4,13.7,12.466666666666667,12.028571428571428,11.785714285714286,0.0,0.4,0.3,1.2,0.2333333333333333,1.542857142857143,0.7785714285714286
2016-03-11,13.8,9.0,10.7,31.0,6.8,81,3,71,2,14.5,13.1,12.9,12.9,13.5,12.142857142857142,12.057142857142859,0.0,0.0,0.4,1.4,0.13333333333333333,1.3714285714285714,0.7785714285714286
2016-03-12,12.3,8.2,9.7,26.0,6.5,85,3,72,2,10.7,14.5,13.1,10.9,12.766666666666666,11.828571428571427,12.042857142857143,31.0,0.0,0.0,2.7,10.333333333333334,5.6000000000000005,2.992857142857143
2016-03-13,12.6,7.5,9.6,21.2,6.9,82,3,73,2,9.7,10.7,14.5,9.3,11.633333333333333,11.657142857142858,11.921428571428569,26.0,31.0,0.0,4.8,19.0,8.928571428571429,4.8500000000000005
2016-03-14,14.0,6.1,9.2,27.5,6.9,81,3,74,2,9.6,9.7,10.7,11.4,9.999999999999998,11.7,11.792857142857144,21.2,26.0,31.0,0.3,26.066666666666666,11.271428571428572,6.364285714285714
2016-03-15,15.5,5.6,10.7,0.7,6.4,66,3,75,2,9.2,9.6,9.7,12.9,9.499999999999998,11.385714285714286,11.607142857142858,27.5,21.2,26.0,0.4,24.900000000000002,15.157142857142858,8.328571428571427
2016-03-16,18.5,5.7,12.0,7.9,7.2,61,3,76,2,10.7,9.2,9.6,13.1,9.833333333333332,11.071428571428571,11.528571428571427,0.7,27.5,21.2,0.0,16.466666666666665,15.200000000000001,8.378571428571428
2016-03-17,11.5,7.5,9.4,21.0,6.8,80,3,77,2,12.0,10.7,9.2,14.5,10.633333333333333,10.914285714285715,11.471428571428572,7.9,0.7,27.5,0.0,12.033333333333333,16.32857142857143,8.935714285714287
2016-03-18,11.9,8.0,9.6,39.3,7.8,81,3,78,2,9.4,12.0,10.7,10.7,10.700000000000001,10.185714285714285,11.164285714285713,21.0,7.9,0.7,31.0,9.866666666666667,19.32857142857143,10.35
2016-03-19,12.4,7.9,9.8,37.6,6.9,83,3,79,2,9.6,9.4,12.0,9.7,10.333333333333334,10.028571428571428,10.928571428571427,39.3,21.0,7.9,26.0,22.733333333333334,20.514285714285712,13.057142857142859
2016-03-20,14.4,6.0,9.8,4.7,9.2,72,3,80,2,9.8,9.6,9.4,9.6,9.6,10.042857142857143,10.85,37.6,39.3,21.0,21.2,32.63333333333333,22.17142857142857,15.55
2016-03-21,17.3,0.9,10.5,0.0,7.4,60,3,81,2,9.8,9.8,9.6,9.2,9.733333333333333,10.071428571428571,10.885714285714286,4.7,37.6,39.3,27.5,27.200000000000003,19.814285714285717,15.542857142857143
2016-03-22,22.2,4.0,13.6,0.0,10.1,41,3,82,2,10.5,9.8,9.8,10.7,10.033333333333333,10.257142857142856,10.821428571428571,0.0,4.7,37.6,0.7,14.100000000000003,15.885714285714286,15.52142857142857
2016-03-23,23.0,6.4,14.8,0.0,10.0,43,3,83,2,13.6,10.5,9.8,12.0,11.299999999999999,10.671428571428573,10.87142857142857,0.0,0.0,4.7,7.9,1.566666666666669,15.785714285714286,15.492857142857144
2016-03-24,17.4,7.5,11.7,14.3,8.7,69,3,84,2,14.8,13.6,10.5,9.4,12.966666666666667,11.071428571428571,10.992857142857142,0.0,0.0,0.0,21.0,0.0,14.657142857142857,15.492857142857144
2016-03-25,17.2,9.1,12.7,7.3,8.6,73,3,85,2,11.7,14.8,13.6,9.6,13.366666666666667,11.4,10.792857142857143,14.3,0.0,0.0,39.3,4.766666666666669,13.700000000000001,16.514285714285716
2016-03-26,16.6,9.0,12.5,22.0,7.0,74,3,86,2,12.7,11.7,14.8,9.8,13.066666666666665,11.842857142857143,10.935714285714285,7.3,14.3,0.0,37.6,7.200000000000003,9.128571428571428,14.821428571428571
2016-03-27,22.0,5.0,14.5,0.0,7.3,56,3,87,2,12.5,12.7,11.7,9.8,12.299999999999999,12.22857142857143,11.135714285714284,22.0,7.3,14.3,4.7,14.533333333333337,6.8999999999999995,14.535714285714286
2016-03-28,21.6,7.1,15.7,0.0,7.3,55,3,88,2,14.5,12.5,12.7,10.5,13.233333333333333,12.9,11.485714285714284,0.0,22.0,7.3,0.0,9.76666666666667,6.228571428571428,13.02142857142857
2016-03-29,22.8,10.5,17.7,0.0,6.2,52,3,89,2,15.7,14.5,12.5,13.6,14.233333333333334,13.642857142857142,11.950000000000001,0.0,0.0,22.0,0.0,7.333333333333336,6.228571428571428,11.057142857142855
2016-03-30,23.2,8.4,17.0,0.1,5.0,60,3,90,2,17.7,15.7,14.5,14.8,15.966666666666667,14.228571428571428,12.450000000000001,0.0,0.0,0.0,0.0,0.0,6.228571428571428,11.007142857142856
2016-03-31,16.9,10.9,13.9,9.3,10.4,72,3,91,2,17.0,17.7,15.7,11.7,16.8,14.542857142857143,12.807142857142859,0.1,0.0,0.0,14.3,0.033333333333335706,6.242857142857142,10.450000000000001
2016-04-01,21.6,9.7,15.5,0.2,10.2,66,4,92,2,13.9,17.0,17.7,12.7,16.2,14.857142857142858,13.12857142857143,9.3,0.1,0.0,7.3,3.133333333333336,5.528571428571429,9.614285714285714
2016-04-02,17.7,11.6,14.5,41.3,9.5,77,4,93,2,15.5,13.9,17.0,12.5,15.466666666666667,15.257142857142856,13.55,0.2,9.3,0.1,22.0,3.2000000000000024,4.514285714285714,6.821428571428571
2016-04-03,16.3,11.7,13.9,41.6,9.7,81,4,94,2,14.5,15.5,13.9,14.5,14.633333333333333,15.542857142857143,13.885714285714286,41.3,0.2,9.3,0.0,16.933333333333334,7.271428571428571,7.0857142857142845
2016-04-04,20.3,9.2,14.5,15.5,8.7,75,4,95,2,13.9,14.5,15.5,15.7,14.633333333333335,15.457142857142856,14.178571428571429,41.6,41.3,0.2,0.0,27.7,13.214285714285714,9.721428571428572
2016-04-05,20.9,8.4,14.0,7.5,9.0,72,4,96,2,14.5,13.9,14.5,17.7,14.300000000000002,15.285714285714286,14.464285714285714,15.5,41.6,41.3,0.0,32.800000000000004,15.428571428571429,10.828571428571427
2016-04-06,20.2,7.4,14.2,1.4,7.7,67,4,97,2,14.0,14.5,13.9,17.0,14.133333333333335,14.757142857142858,14.492857142857144,7.5,15.5,41.6,0.1,21.533333333333335,16.5,11.364285714285714
2016-04-07,21.2,6.2,14.1,1.9,5.6,69,4,98,2,14.2,14.0,14.5,13.9,14.233333333333334,14.357142857142858,14.450000000000001,1.4,7.5,15.5,9.3,8.133333333333335,16.685714285714287,11.464285714285714
2016-04-08,21.0,6.0,13.7,2.0,6.4,72,4,99,2,14.1,14.2,14.0,15.5,14.1,14.385714285714286,14.62142857142857,1.9,1.4,7.5,0.2,3.6000000000000028,15.628571428571428,10.578571428571427
2016-04-09,15.7,10.6,13.0,9.4,7.7,75,4,100,2,13.7,14.1,14.2,14.5,14.0,14.128571428571428,14.692857142857145,2.0,1.9,1.4,41.3,1.766666666666669,15.885714285714286,10.200000000000001
2016-04-10,21.4,5.4,14.8,1.1,7.6,63,4,101,2,13.0,13.7,14.1,13.9,13.6,13.914285714285713,14.72857142857143,9.4,2.0,1.9,41.6,4.433333333333336,11.328571428571431,9.299999999999999
2016-04-11,16.6,10.3,13.1,5.8,8.4,74,4,102,2,14.8,13.0,13.7,14.5,13.833333333333334,14.042857142857144,14.75,1.1,9.4,2.0,15.5,4.166666666666669,5.542857142857143,9.37857142857143
2016-04-12,22.5,5.2,15.4,0.0,6.7,61,4,103,2,13.1,14.8,13.0,14.0,13.633333333333335,13.842857142857143,14.564285714285713,5.8,1.1,9.4,7.5,5.433333333333336,4.1571428571428575,9.792857142857143
2016-04-13,23.3,7.6,16.8,0.0,6.6,58,4,104,2,15.4,13.1,14.8,14.2,14.433333333333335,14.042857142857144,14.4,0.0,5.8,1.1,1.4,2.3000000000000025,3.085714285714286,9.792857142857143
2016-04-14,25.9,7.0,18.1,0.0,6.8,56,4,105,2,16.8,15.4,13.1,14.1,15.1,14.414285714285715,14.385714285714286,0.0,0.0,5.8,1.9,1.933333333333336,2.885714285714286,9.785714285714286
2016-04-15,26.2,11.3,19.5,0.0,7.3,49,4,106,2,18.1,16.8,15.4,13.7,16.76666666666667,14.985714285714286,14.685714285714285,0.0,0.0,0.0,2.0,0.0,2.614285714285714,9.12142857142857
2016-04-16,26.7,10.4,19.7,0.1,9.8,54,4,107,2,19.5,18.1,16.8,13.0,18.133333333333333,15.814285714285717,14.971428571428572,0.0,0.0,0.0,9.4,0.0,2.3285714285714283,9.107142857142856
2016-04-17,22.6,14.4,17.9,8.6,9.7,64,4,108,2,19.7,19.5,18.1,14.8,19.099999999999998,16.771428571428572,15.342857142857142,0.1,0.0,0.0,1.1,0.033333333333335706,1.0,6.164285714285714
2016-04-18,24.0,9.1,17.4,0.9,8.0,59,4,109,2,17.9,19.7,19.5,13.1,19.03333333333333,17.214285714285715,15.628571428571428,8.6,0.1,0.0,5.8,2.900000000000002,2.0714285714285716,3.807142857142857
2016-04-19,21.0,9.9,16.0,0.5,7.2,64,4,110,2,17.4,17.9,19.7,15.4,18.333333333333332,17.82857142857143,15.835714285714285,0.9,8.6,0.1,0.0,3.2000000000000024,1.3714285714285714,2.764285714285714
2016-04-20,24.0,9.6,18.4,0.0,8.7,50,4,111,2,16.0,17.4,17.9,16.8,17.099999999999998,17.914285714285715,15.978571428571428,0.5,0.9,8.6,0.0,3.3333333333333357,1.4428571428571428,2.2642857142857142
2016-04-21,23.6,9.6,17.2,6.1,7.4,57,4,112,2,18.4,16.0,17.4,18.1,17.266666666666666,18.142857142857142,16.27857142857143,0.0,0.5,0.9,0.0,0.466666666666669,1.4428571428571428,2.164285714285714
2016-04-22,20.4,10.0,14.9,9.8,9.2,67,4,113,2,17.2,18.4,16.0,19.5,17.2,18.014285714285712,16.5,6.1,0.0,0.5,0.0,2.2000000000000024,2.314285714285714,2.4642857142857144
2016-04-23,21.0,6.2,14.0,2.4,8.7,64,4,114,2,14.9,17.2,18.4,19.7,16.833333333333332,17.357142857142858,16.585714285714285,9.8,6.1,0.0,0.1,5.3000000000000025,3.7142857142857144,3.0214285714285714
2016-04-24,22.3,6.3,15.8,0.0,8.0,53,4,115,2,14.0,14.9,17.2,17.9,15.366666666666665,16.54285714285714,16.657142857142855,2.4,9.8,6.1,8.6,6.100000000000002,4.042857142857143,2.5214285714285714
2016-04-25,23.9,7.7,17.5,0.0,6.9,46,4,116,2,15.8,14.0,14.9,17.4,14.9,16.24285714285714,16.728571428571428,0.0,2.4,9.8,0.9,4.066666666666669,2.814285714285714,2.4428571428571426
2016-04-26,24.0,10.4,17.6,2.6,8.5,51,4,117,2,17.5,15.8,14.0,16.0,15.766666666666667,16.25714285714286,17.042857142857144,0.0,0.0,2.4,0.5,0.8000000000000024,2.685714285714286,2.028571428571429
2016-04-27,23.3,11.7,17.4,2.1,8.2,57,4,118,2,17.6,17.5,15.8,18.4,16.96666666666667,16.485714285714288,17.2,2.6,0.0,0.0,0.0,0.866666666666669,2.985714285714286,2.2142857142857144
2016-04-28,24.4,8.1,17.9,0.0,8.5,48,4,119,2,17.4,17.6,17.5,17.2,17.5,16.342857142857145,17.24285714285714,2.1,2.6,0.0,6.1,1.566666666666669,3.285714285714286,2.3642857142857143
2016-04-29,27.0,8.3,19.4,0.0,8.7,46,4,120,2,17.9,17.4,17.6,14.9,17.633333333333333,16.442857142857143,17.228571428571428,0.0,2.1,2.6,9.8,1.566666666666669,2.4142857142857146,2.3642857142857143
2016-04-30,28.3,9.8,21.2,0.0,6.8,44,4,121,2,19.4,17.9,17.4,14.0,18.23333333333333,17.085714285714285,17.22142857142857,0.0,0.0,2.1,2.4,0.7000000000000024,1.0142857142857142,2.3642857142857143
2016-05-01,29.5,12.1,22.7,0.0,7.4,41,5,122,2,21.2,19.4,17.9,15.8,19.5,18.114285714285714,17.32857142857143,0.0,0.0,0.0,0.0,0.0,0.6714285714285714,2.357142857142857
2016-05-02,30.3,12.1,23.0,0.0,8.4,39,5,123,2,22.7,21.2,19.4,17.5,21.099999999999998,19.099999999999998,17.67142857142857,0.0,0.0,0.0,0.0,0.0,0.6714285714285714,1.742857142857143
2016-05-03,25.0,15.8,19.6,0.9,8.2,56,5,124,2,23.0,22.7,21.2,17.6,22.3,19.885714285714283,18.071428571428573,0.0,0.0,0.0,2.6,0.0,0.6714285714285714,1.6785714285714286
2016-05-04,20.6,13.5,17.2,7.0,9.0,70,5,125,2,19.6,23.0,22.7,17.4,21.766666666666666,20.17142857142857,18.32857142857143,0.9,0.0,0.0,2.1,0.3000000000000024,0.42857142857142855,1.7071428571428573
2016-05-05,21.7,13.7,17.9,14.3,8.0,68,5,126,2,17.2,19.6,23.0,17.9,19.933333333333334,20.142857142857142,18.24285714285714,7.0,0.9,0.0,0.0,2.633333333333336,1.1285714285714286,2.207142857142857
2016-05-06,25.7,11.5,19.7,0.0,6.6,61,5,127,2,17.9,17.2,19.6,19.4,18.233333333333334,20.142857142857142,18.292857142857144,14.3,7.0,0.9,0.0,7.400000000000003,3.1714285714285717,2.792857142857143
2016-05-07,26.8,12.5,20.8,0.0,6.2,59,5,128,2,19.7,17.9,17.2,21.2,18.266666666666666,20.185714285714283,18.635714285714283,0.0,14.3,7.0,0.0,7.100000000000004,3.1714285714285717,2.092857142857143
2016-05-08,28.9,14.7,22.6,0.0,6.6,53,5,129,2,20.8,19.7,17.9,22.7,19.466666666666665,20.12857142857143,19.12142857142857,0.0,0.0,14.3,0.0,4.766666666666669,3.1714285714285717,1.9214285714285713
2016-05-09,29.1,14.8,22.7,0.0,6.5,53,5,130,2,22.6,20.8,19.7,23.0,21.033333333333335,20.114285714285717,19.607142857142858,0.0,0.0,0.0,0.0,0.0,3.1714285714285717,1.9214285714285713
2016-05-10,29.3,14.3,23.2,0.0,6.5,50,5,131,2,22.7,22.6,20.8,19.6,22.03333333333333,20.071428571428573,19.978571428571428,0.0,0.0,0.0,0.9,0.0,3.1714285714285717,1.9214285714285713
2016-05-11,26.8,17.4,22.3,3.0,6.1,57,5,132,2,23.2,22.7,22.6,17.2,22.833333333333332,20.585714285714285,20.37857142857143,0.0,0.0,0.0,7.0,0.0,3.0428571428571436,1.7357142857142855
2016-05-12,25.7,15.9,19.9,11.8,8.7,69,5,133,2,22.3,23.2,22.7,17.9,22.73333333333333,21.314285714285713,20.728571428571428,3.0,0.0,0.0,14.3,1.0000000000000024,2.4714285714285715,1.8000000000000003
2016-05-13,25.3,13.4,20.4,2.1,7.7,63,5,134,2,19.9,22.3,23.2,19.7,21.8,21.599999999999998,20.87142857142857,11.8,3.0,0.0,0.0,4.933333333333336,2.1142857142857143,2.642857142857143
2016-05-14,27.7,13.9,20.9,3.9,8.0,59,5,135,2,20.4,19.9,22.3,20.8,20.866666666666664,21.7,20.942857142857143,2.1,11.8,3.0,0.0,5.633333333333336,2.4142857142857146,2.792857142857143
2016-05-15,27.8,14.5,22.1,0.0,8.3,51,5,136,2,20.9,20.4,19.9,22.6,20.4,21.714285714285715,20.92142857142857,3.9,2.1,11.8,0.0,5.933333333333336,2.9714285714285715,3.0714285714285716
2016-05-16,28.5,15.6,22.3,0.0,8.2,48,5,137,2,22.1,20.9,20.4,22.7,21.133333333333333,21.642857142857142,20.87857142857143,0.0,3.9,2.1,0.0,2.000000000000002,2.9714285714285715,3.0714285714285716
2016-05-17,29.9,12.6,22.8,0.0,7.9,46,5,138,2,22.3,22.1,20.9,23.2,21.766666666666666,21.58571428571429,20.82857142857143,0.0,0.0,3.9,0.0,1.3000000000000023,2.9714285714285715,3.0714285714285716
2016-05-18,32.1,14.8,24.5,0.0,7.4,41,5,139,2,22.8,22.3,22.1,22.3,22.400000000000002,21.52857142857143,21.057142857142857,0.0,0.0,0.0,3.0,0.0,2.9714285714285715,3.007142857142857
2016-05-19,32.2,14.2,24.8,0.0,7.6,41,5,140,2,24.5,22.8,22.3,19.9,23.2,21.842857142857138,21.57857142857143,0.0,0.0,0.0,11.8,0.0,2.542857142857143,2.507142857142857
2016-05-20,32.4,13.8,24.6,0.0,8.3,40,5,141,2,24.8,24.5,22.8,20.4,24.033333333333335,22.542857142857144,22.071428571428573,0.0,0.0,0.0,2.1,0.0,0.8571428571428571,1.4857142857142855
2016-05-21,33.6,14.5,25.6,0.0,8.6,37,5,142,2,24.6,24.8,24.5,20.9,24.633333333333336,23.142857142857142,22.42142857142857,0.0,0.0,0.0,3.9,0.0,0.5571428571428572,1.4857142857142855
2016-05-22,33.7,17.2,26.8,0.0,7.2,35,5,143,2,25.6,24.6,24.8,22.1,25.0,23.814285714285713,22.764285714285712,0.0,0.0,0.0,0.0,0.0,0.0,1.4857142857142855
2016-05-23,30.7,18.8,24.8,0.8,10.2,43,5,144,2,26.8,25.6,24.6,22.3,25.666666666666668,24.485714285714288,23.064285714285717,0.0,0.0,0.0,0.0,0.0,0.0,1.4857142857142855
2016-05-24,24.4,16.0,19.7,16.9,8.2,70,5,145,2,24.8,26.8,25.6,22.8,25.733333333333334,24.842857142857145,23.214285714285715,0.8,0.0,0.0,0.0,0.26666666666666905,0.1142857142857143,1.5428571428571427
2016-05-25,25.4,14.9,20.5,0.2,5.8,62,5,146,2,19.7,24.8,26.8,24.5,23.76666666666667,24.400000000000002,22.964285714285715,16.9,0.8,0.0,0.0,5.900000000000002,2.5285714285714285,2.75
2016-05-26,28.1,13.6,22.1,0.0,7.3,50,5,147,2,20.5,19.7,24.8,24.8,21.666666666666668,23.82857142857143,22.83571428571429,0.2,16.9,0.8,0.0,5.966666666666669,2.557142857142857,2.5500000000000003
2016-05-27,29.8,14.6,23.5,0.0,7.1,46,5,148,2,22.1,20.5,19.7,24.6,20.76666666666667,23.442857142857143,22.99285714285714,0.0,0.2,16.9,0.0,5.700000000000002,2.557142857142857,1.7071428571428569
2016-05-28,29.9,14.1,23.3,0.1,7.4,45,5,149,2,23.5,22.1,20.5,25.6,22.03333333333333,23.285714285714285,23.214285714285715,0.0,0.0,0.2,0.0,0.06666666666666904,2.557142857142857,1.557142857142857
2016-05-29,29.3,14.3,22.8,0.3,8.2,44,5,150,2,23.3,23.5,22.1,26.8,22.96666666666667,22.95714285714286,23.38571428571429,0.1,0.0,0.0,0.0,0.033333333333335706,2.5714285714285716,1.2857142857142858
2016-05-30,28.3,14.0,21.9,1.1,9.4,49,5,151,2,22.8,23.3,23.5,24.8,23.2,22.385714285714283,23.435714285714287,0.3,0.1,0.0,0.8,0.13333333333333572,2.6142857142857143,1.3071428571428572
2016-05-31,29.2,15.4,23.3,0.0,7.9,45,5,152,2,21.9,22.8,23.3,19.7,22.666666666666668,21.971428571428568,23.407142857142855,1.1,0.3,0.1,16.9,0.5000000000000023,2.657142857142857,1.3857142857142855
2016-06-01,31.5,15.7,24.8,0.0,9.0,41,6,153,3,23.3,21.9,22.8,20.5,22.666666666666668,22.485714285714288,23.442857142857143,0.0,1.1,0.3,0.2,0.466666666666669,0.24285714285714288,1.3857142857142857
2016-06-02,31.1,18.6,25.4,1.6,8.7,47,6,154,3,24.8,23.3,21.9,22.1,23.333333333333332,23.099999999999998,23.464285714285715,0.0,0.0,1.1,0.0,0.3666666666666691,0.21428571428571433,1.3857142857142857
2016-06-03,30.4,19.2,25.0,3.9,7.5,48,6,155,3,25.4,24.8,23.3,23.5,24.5,23.571428571428573,23.507142857142856,1.6,0.0,0.0,0.0,0.5333333333333358,0.44285714285714295,1.5
2016-06-04,30.7,16.4,24.8,1.3,8.3,46,6,156,3,25.0,25.4,24.8,23.3,25.066666666666666,23.785714285714285,23.535714285714285,3.9,1.6,0.0,0.1,1.8333333333333357,1.0,1.7785714285714285
2016-06-05,32.3,17.0,25.5,0.0,7.8,42,6,157,3,24.8,25.0,25.4,22.8,25.066666666666666,24.0,23.478571428571428,1.3,3.9,1.6,0.3,2.266666666666669,1.1714285714285715,1.8714285714285714
2016-06-06,32.3,16.4,25.8,0.0,8.0,39,6,158,3,25.5,24.8,25.0,21.9,25.099999999999998,24.385714285714283,23.385714285714283,0.0,1.3,3.9,1.1,1.7333333333333354,1.1285714285714286,1.8714285714285712
2016-06-07,32.6,17.6,26.1,0.0,8.0,36,6,159,3,25.8,25.5,24.8,23.3,25.366666666666664,24.942857142857147,23.45714285714286,0.0,0.0,1.3,0.0,0.43333333333333574,0.9714285714285714,1.8142857142857143
2016-06-08,32.4,18.1,26.3,0.0,6.4,34,6,160,3,26.1,25.8,25.5,24.8,25.8,25.342857142857145,23.91428571428571,0.0,0.0,0.0,0.0,0.0,0.9714285714285714,0.6071428571428571
2016-06-09,31.7,17.9,26.0,0.0,7.9,41,6,161,3,26.3,26.1,25.8,25.4,26.066666666666666,25.557142857142857,24.328571428571426,0.0,0.0,0.0,1.6,0.0,0.9714285714285714,0.5928571428571429
2016-06-10,32.1,17.9,25.8,0.1,7.6,46,6,162,3,26.0,26.3,26.1,25.0,26.133333333333336,25.642857142857142,24.607142857142858,0.0,0.0,0.0,3.9,0.0,0.7428571428571428,0.5928571428571429
2016-06-11,29.6,18.8,24.7,0.0,8.1,58,6,163,3,25.8,26.0,26.3,24.8,26.03333333333333,25.75714285714286,24.771428571428572,0.1,0.0,0.0,1.3,0.033333333333335706,0.2,0.6
2016-06-12,29.6,17.8,24.5,1.1,6.1,60,6,164,3,24.7,25.8,26.0,25.5,25.5,25.74285714285714,24.87142857142857,0.0,0.1,0.0,0.0,0.033333333333335706,0.014285714285714287,0.5928571428571427
2016-06-13,29.8,18.2,24.5,5.4,6.5,63,6,165,3,24.5,24.7,25.8,25.8,25.0,25.599999999999998,24.99285714285714,1.1,0.0,0.1,0.0,0.4000000000000024,0.17142857142857146,0.6500000000000001
2016-06-14,31.9,18.5,26.1,0.0,5.9,59,6,166,3,24.5,24.5,24.7,26.1,24.566666666666666,25.41428571428571,25.178571428571427,5.4,1.1,0.0,0.0,2.166666666666669,0.942857142857143,0.9571428571428571
2016-06-15,31.9,20.4,26.1,8.1,7.4,62,6,167,3,26.1,24.5,24.5,26.3,25.03333333333333,25.414285714285715,25.37857142857143,0.0,5.4,1.1,0.0,2.166666666666669,0.942857142857143,0.9571428571428571
2016-06-16,27.9,19.0,23.8,18.4,7.0,74,6,168,3,26.1,26.1,24.5,26.0,25.566666666666666,25.38571428571429,25.47142857142857,8.1,0.0,5.4,0.0,4.500000000000003,2.1,1.5357142857142858
2016-06-17,29.0,19.8,24.9,0.5,5.9,64,6,169,3,23.8,26.1,26.1,25.8,25.333333333333332,25.071428571428573,25.357142857142858,18.4,8.1,0.0,0.1,8.833333333333336,4.728571428571428,2.7357142857142853
2016-06-18,30.1,19.3,25.3,0.4,6.5,64,6,170,3,24.9,23.8,26.1,24.7,24.933333333333337,24.942857142857143,25.35,0.5,18.4,8.1,0.0,9.000000000000002,4.785714285714286,2.4928571428571433
2016-06-19,30.4,21.1,25.9,0.5,7.2,64,6,171,3,25.3,24.9,23.8,24.5,24.666666666666668,25.028571428571432,25.38571428571429,0.4,0.5,18.4,1.1,6.4333333333333345,4.8428571428571425,2.4285714285714284
2016-06-20,30.5,19.1,24.9,3.6,7.6,73,6,172,3,25.9,25.3,24.9,24.5,25.366666666666664,25.22857142857143,25.414285714285715,0.5,0.4,0.5,5.4,0.466666666666669,4.757142857142857,2.4642857142857144
2016-06-21,28.3,19.6,24.6,7.4,8.2,74,6,173,3,24.9,25.9,25.3,26.1,25.366666666666664,25.285714285714285,25.349999999999998,3.6,0.5,0.4,0.0,1.5000000000000024,4.499999999999999,2.721428571428571
2016-06-22,27.8,20.0,23.7,7.1,7.2,77,6,174,3,24.6,24.9,25.9,26.1,25.133333333333336,25.071428571428573,25.24285714285714,7.4,3.6,0.5,8.1,3.8333333333333357,5.557142857142857,3.25
2016-06-23,29.4,19.1,24.9,0.7,6.3,64,6,175,3,23.7,24.6,24.9,23.8,24.399999999999995,24.728571428571428,25.057142857142857,7.1,7.4,3.6,18.4,6.033333333333336,5.414285714285714,3.7571428571428567
2016-06-24,31.4,18.6,26.3,0.0,7.6,48,6,176,3,24.9,23.7,24.6,24.9,24.400000000000002,24.88571428571429,24.97857142857143,0.7,7.1,7.4,0.5,5.066666666666669,2.8857142857142857,3.807142857142857
2016-06-25,32.1,19.3,26.4,3.6,7.5,52,6,177,3,26.3,24.9,23.7,25.3,24.966666666666665,25.085714285714285,25.014285714285712,0.0,0.7,7.1,0.4,2.6000000000000023,2.814285714285714,3.8
2016-06-26,30.9,19.9,26.3,0.7,7.3,62,6,178,3,26.4,26.3,24.9,25.9,25.866666666666664,25.24285714285714,25.13571428571429,3.6,0.0,0.7,0.5,1.4333333333333356,3.271428571428572,4.057142857142857
2016-06-27,31.3,19.6,26.5,0.6,8.2,65,6,179,3,26.3,26.4,26.3,24.9,26.333333333333332,25.3,25.264285714285716,0.7,3.6,0.0,3.6,1.4333333333333356,3.3000000000000003,4.0285714285714285
2016-06-28,29.9,20.8,25.1,4.8,7.1,75,6,180,3,26.5,26.3,26.4,24.6,26.400000000000002,25.528571428571432,25.407142857142862,0.6,0.7,3.6,7.4,1.6333333333333355,2.8714285714285714,3.6857142857142855
2016-06-29,31.3,20.6,26.6,0.0,7.8,64,6,181,3,25.1,26.5,26.3,23.7,25.96666666666667,25.599999999999998,25.335714285714285,4.8,0.6,0.7,7.1,2.0333333333333354,2.5,4.0285714285714285
2016-06-30,31.9,22.3,27.4,0.0,8.3,60,6,182,3,26.6,25.1,26.5,24.9,26.066666666666666,26.014285714285712,25.37142857142857,0.0,4.8,0.6,0.7,1.8000000000000023,1.4857142857142855,3.4499999999999997
2016-07-01,32.2,22.3,27.0,2.3,7.8,66,7,183,3,27.4,26.6,25.1,26.3,26.366666666666664,26.37142857142857,25.62857142857143,0.0,0.0,4.8,0.0,1.6000000000000023,1.3857142857142857,2.1357142857142857
2016-07-02,28.7,21.9,25.1,6.2,8.5,78,7,184,3,27.0,27.4,26.6,26.4,27.0,26.47142857142857,25.77857142857143,2.3,0.0,0.0,3.6,0.7666666666666689,1.7142857142857142,2.2642857142857142
2016-07-03,24.8,21.3,22.6,48.5,4.7,88,7,185,3,25.1,27.0,27.4,26.3,26.5,26.285714285714285,25.764285714285712,6.2,2.3,0.0,0.7,2.8333333333333357,2.0857142857142854,2.6785714285714284
2016-07-04,27.6,19.2,23.9,2.1,6.5,80,7,186,3,22.6,25.1,27.0,26.5,24.900000000000002,25.75714285714286,25.52857142857143,48.5,6.2,2.3,0.6,19.000000000000004,8.914285714285715,6.107142857142857
2016-07-05,28.4,19.9,24.5,1.7,6.6,79,7,187,3,23.9,22.6,25.1,25.1,23.866666666666664,25.385714285714283,25.45714285714286,2.1,48.5,6.2,4.8,18.933333333333337,9.128571428571428,6.0
2016-07-06,28.3,19.1,24.4,6.7,5.8,74,7,188,3,24.5,23.9,22.6,26.6,23.666666666666668,25.3,25.45,1.7,2.1,48.5,0.0,17.433333333333334,8.685714285714285,5.5928571428571425
2016-07-07,28.2,20.0,24.5,1.1,5.6,73,7,189,3,24.4,24.5,23.9,27.4,24.266666666666666,24.985714285714288,25.5,6.7,1.7,2.1,0.0,3.500000000000002,9.642857142857142,5.564285714285714
2016-07-08,30.3,19.1,25.3,0.6,8.0,69,7,190,3,24.5,24.4,24.5,27.0,24.46666666666667,24.571428571428573,25.47142857142857,1.1,6.7,1.7,2.3,3.166666666666669,9.799999999999999,5.5928571428571425
2016-07-09,27.0,20.2,23.8,4.4,7.6,77,7,191,3,25.3,24.5,24.4,25.1,24.733333333333334,24.32857142857143,25.400000000000002,0.6,1.1,6.7,6.2,2.8000000000000025,9.557142857142859,5.635714285714286
2016-07-10,28.5,19.1,24.3,0.7,6.1,76,7,192,3,23.8,25.3,24.5,22.6,24.53333333333333,24.142857142857142,25.214285714285715,4.4,0.6,1.1,48.5,2.033333333333336,9.299999999999999,5.692857142857142
2016-07-11,28.8,20.4,24.7,3.8,6.5,77,7,193,3,24.3,23.8,25.3,23.9,24.46666666666667,24.385714285714283,25.071428571428577,0.7,4.4,0.6,2.1,1.9000000000000024,2.4714285714285715,5.692857142857143
2016-07-12,27.9,20.7,24.4,8.0,6.6,82,7,194,3,24.7,24.3,23.8,24.5,24.26666666666667,24.5,24.942857142857143,3.8,0.7,4.4,1.7,2.966666666666669,2.7142857142857144,5.921428571428571
2016-07-13,27.4,21.5,24.5,4.8,6.0,85,7,195,3,24.4,24.7,24.3,24.4,24.46666666666667,24.485714285714288,24.892857142857142,8.0,3.8,0.7,6.7,4.166666666666669,3.6142857142857143,6.1499999999999995
2016-07-14,27.5,21.4,24.3,10.8,6.8,85,7,196,3,24.5,24.4,24.7,24.5,24.53333333333333,24.5,24.74285714285714,4.8,8.0,3.8,1.1,5.533333333333336,3.342857142857143,6.492857142857143
2016-07-15,28.8,20.7,24.7,1.5,5.7,84,7,197,3,24.3,24.5,24.4,25.3,24.400000000000002,24.47142857142857,24.521428571428572,10.8,4.8,8.0,0.6,7.86666666666667,4.728571428571429,7.264285714285714
2016-07-16,27.3,20.9,24.1,9.0,6.9,81,7,198,3,24.7,24.3,24.5,23.8,24.5,24.385714285714283,24.357142857142858,1.5,10.8,4.8,4.4,5.700000000000003,4.857142857142857,7.207142857142857
2016-07-17,26.7,20.3,23.0,19.2,6.9,83,7,199,3,24.1,24.7,24.3,24.3,24.366666666666664,24.428571428571427,24.285714285714285,9.0,1.5,10.8,0.7,7.100000000000002,5.514285714285714,7.4071428571428575
2016-07-18,26.1,19.4,22.6,14.5,8.2,83,7,200,3,23.0,24.1,24.7,24.7,23.933333333333337,24.24285714285714,24.314285714285717,19.2,9.0,1.5,3.8,9.900000000000002,8.157142857142857,5.314285714285715
2016-07-19,27.0,18.7,23.4,2.0,5.3,75,7,201,3,22.6,23.0,24.1,24.4,23.233333333333334,23.942857142857147,24.221428571428568,14.5,19.2,9.0,8.0,14.233333333333334,9.685714285714285,6.200000000000001
2016-07-20,29.1,18.6,25.0,0.0,6.4,70,7,202,3,23.4,22.6,23.0,24.5,23.0,23.8,24.142857142857142,2.0,14.5,19.2,4.8,11.9,8.828571428571427,6.221428571428572
2016-07-21,28.9,20.5,25.4,0.0,6.4,71,7,203,3,25.0,23.4,22.6,24.3,23.666666666666668,23.87142857142857,24.185714285714287,0.0,2.0,14.5,10.8,5.500000000000003,8.142857142857142,5.742857142857143
2016-07-22,27.5,19.9,23.9,3.5,6.6,80,7,204,3,25.4,25.0,23.4,24.7,24.599999999999998,24.02857142857143,24.25,0.0,0.0,2.0,1.5,0.6666666666666691,6.6000000000000005,5.6642857142857155
2016-07-23,28.1,20.1,24.1,1.0,7.6,76,7,205,3,23.9,25.4,25.0,24.1,24.766666666666666,23.914285714285715,24.150000000000002,3.5,0.0,0.0,9.0,1.166666666666669,6.885714285714286,5.871428571428572
2016-07-24,27.5,19.6,23.6,6.0,6.9,84,7,206,3,24.1,23.9,25.4,23.0,24.46666666666667,23.914285714285715,24.17142857142857,1.0,3.5,0.0,19.2,1.5000000000000024,5.742857142857143,5.628571428571429
2016-07-25,27.4,21.2,24.5,1.5,7.7,81,7,207,3,23.6,24.1,23.9,22.6,23.866666666666664,24.0,24.12142857142857,6.0,1.0,3.5,14.5,3.500000000000002,3.857142857142857,6.007142857142858
2016-07-26,27.9,19.9,24.0,3.0,6.3,83,7,208,3,24.5,23.6,24.1,23.4,24.066666666666666,24.27142857142857,24.107142857142858,1.5,6.0,1.0,2.0,2.8333333333333357,2.0,5.842857142857143
2016-07-27,25.6,19.8,22.2,51.7,5.1,90,7,209,3,24.0,24.5,23.6,25.0,24.03333333333333,24.357142857142858,24.07857142857143,3.0,1.5,6.0,0.0,3.500000000000002,2.142857142857143,5.485714285714287
2016-07-28,26.6,20.1,23.0,3.0,5.4,86,7,210,3,22.2,24.0,24.5,25.4,23.566666666666666,23.95714285714286,23.914285714285715,51.7,3.0,1.5,0.0,18.733333333333338,9.528571428571428,8.835714285714285
2016-07-29,27.1,18.5,22.9,2.9,6.3,85,7,211,3,23.0,22.2,24.0,23.9,23.066666666666666,23.614285714285717,23.821428571428573,3.0,51.7,3.0,3.5,19.233333333333338,9.957142857142857,8.278571428571428
2016-07-30,26.5,19.8,23.2,2.9,6.3,84,7,212,3,22.9,23.0,22.2,24.1,22.7,23.471428571428568,23.692857142857143,2.9,3.0,51.7,1.0,19.200000000000003,9.871428571428572,8.37857142857143
2016-07-31,27.0,19.8,23.4,5.0,7.1,85,7,213,3,23.2,22.9,23.0,23.6,23.03333333333333,23.342857142857145,23.628571428571426,2.9,2.9,3.0,6.0,2.933333333333336,10.142857142857142,7.942857142857143
2016-08-01,27.6,19.2,24.0,1.7,6.4,80,8,214,3,23.4,23.2,22.9,24.5,23.166666666666668,23.314285714285713,23.657142857142855,5.0,2.9,2.9,1.5,3.6000000000000028,10.0,6.928571428571429
2016-08-02,26.7,20.2,23.0,2.4,5.3,85,8,215,3,24.0,23.4,23.2,24.0,23.53333333333333,23.24285714285714,23.75714285714286,1.7,5.0,2.9,3.0,3.2000000000000024,10.028571428571428,6.014285714285714
2016-08-03,26.5,18.1,22.5,3.9,7.1,85,8,216,3,23.0,24.0,23.4,22.2,23.46666666666667,23.099999999999998,23.728571428571428,2.4,1.7,5.0,51.7,3.0333333333333354,9.942857142857145,6.042857142857144
2016-08-04,28.4,18.8,24.3,0.4,5.7,80,8,217,3,22.5,23.0,24.0,23.0,23.166666666666668,23.142857142857142,23.55,3.9,2.4,1.7,3.0,2.666666666666669,3.1142857142857143,6.321428571428571
2016-08-05,28.8,21.3,25.6,0.3,7.0,77,8,218,3,24.3,22.5,23.0,22.9,23.266666666666666,23.328571428571426,23.47142857142857,0.4,3.9,2.4,2.9,2.2333333333333356,2.742857142857143,6.3500000000000005
2016-08-06,28.9,20.0,24.5,1.8,8.5,81,8,219,3,25.6,24.3,22.5,23.2,24.133333333333336,23.714285714285715,23.592857142857145,0.3,0.4,3.9,2.9,1.5333333333333357,2.3714285714285714,6.121428571428572
2016-08-07,26.7,21.1,23.5,11.2,7.9,89,8,220,3,24.5,25.6,24.3,23.4,24.8,23.9,23.62142857142857,1.8,0.3,0.4,5.0,0.8333333333333357,2.214285714285714,6.178571428571429
2016-08-08,24.2,20.8,22.4,29.8,4.7,90,8,221,3,23.5,24.5,25.6,24.0,24.533333333333335,23.91428571428571,23.61428571428571,11.2,1.8,0.3,1.7,4.433333333333335,3.1,6.55
2016-08-09,25.7,18.6,22.6,6.7,5.9,87,8,222,3,22.4,23.5,24.5,23.0,23.466666666666665,23.685714285714283,23.464285714285715,29.8,11.2,1.8,2.4,14.266666666666667,7.114285714285714,8.571428571428571
2016-08-10,26.4,19.9,22.8,10.0,7.9,85,8,223,3,22.6,22.4,23.5,22.5,22.833333333333332,23.62857142857143,23.36428571428571,6.7,29.8,11.2,3.9,15.900000000000004,7.728571428571429,8.835714285714285
2016-08-11,26.9,17.7,22.3,8.3,5.7,87,8,224,3,22.8,22.6,22.4,24.3,22.599999999999998,23.67142857142857,23.407142857142855,10.0,6.7,29.8,0.4,15.500000000000002,8.6,5.857142857142857
2016-08-12,26.7,19.2,22.9,2.5,6.2,83,8,225,3,22.3,22.8,22.6,25.6,22.566666666666666,23.38571428571429,23.357142857142858,8.3,10.0,6.7,0.3,8.333333333333337,9.728571428571428,6.235714285714286
2016-08-13,27.5,18.4,23.7,0.1,5.4,78,8,226,3,22.9,22.3,22.8,24.5,22.666666666666668,23.0,23.357142857142858,2.5,8.3,10.0,1.8,6.933333333333337,10.042857142857143,6.207142857142856
2016-08-14,27.2,17.5,23.2,1.5,6.8,80,8,227,3,23.7,22.9,22.3,23.5,22.96666666666667,22.88571428571429,23.392857142857142,0.1,2.5,8.3,11.2,3.633333333333337,9.8,6.007142857142857
2016-08-15,27.2,19.3,23.1,2.8,5.5,76,8,228,3,23.2,23.7,22.9,22.4,23.266666666666666,22.842857142857145,23.37857142857143,1.5,0.1,2.5,29.8,1.36666666666667,8.414285714285715,5.757142857142857
2016-08-16,27.6,17.3,22.6,1.1,5.8,75,8,229,3,23.1,23.2,23.7,22.6,23.333333333333332,22.942857142857143,23.314285714285713,2.8,1.5,0.1,6.7,1.4666666666666703,4.557142857142857,5.835714285714286
2016-08-17,27.8,17.1,22.8,1.0,6.0,74,8,230,3,22.6,23.1,23.2,22.8,22.96666666666667,22.942857142857147,23.285714285714285,1.1,2.8,1.5,10.0,1.8000000000000036,3.757142857142857,5.742857142857142
2016-08-18,27.4,18.1,23.0,0.6,5.0,72,8,231,3,22.8,22.6,23.1,22.3,22.833333333333332,22.942857142857143,23.307142857142857,1.0,1.1,2.8,8.3,1.633333333333337,2.4714285714285715,5.535714285714286
2016-08-19,29.6,17.8,24.4,0.0,6.2,65,8,232,3,23.0,22.8,22.6,22.9,22.8,23.04285714285714,23.214285714285715,0.6,1.0,1.1,2.5,0.9000000000000036,1.3714285714285714,5.549999999999999
2016-08-20,29.4,17.2,23.8,1.3,5.9,70,8,233,3,24.4,23.0,22.8,23.7,23.399999999999995,23.25714285714286,23.12857142857143,0.0,0.6,1.0,0.1,0.5333333333333369,1.0142857142857142,5.528571428571428
2016-08-21,28.6,17.9,23.8,0.0,7.8,72,8,234,3,23.8,24.4,23.0,23.2,23.733333333333334,23.271428571428572,23.07857142857143,1.3,0.0,0.6,1.5,0.6333333333333369,1.1857142857142857,5.492857142857143
2016-08-22,28.3,18.7,24.2,1.0,5.8,66,8,235,3,23.8,23.8,24.4,23.1,24.0,23.357142857142858,23.1,0.0,1.3,0.0,2.8,0.43333333333333685,0.9714285714285715,4.692857142857143
2016-08-23,29.1,17.6,24.1,0.5,6.5,67,8,236,3,24.2,23.8,23.8,22.6,23.933333333333334,23.514285714285716,23.228571428571428,1.0,0.0,1.3,1.1,0.7666666666666702,0.7142857142857143,2.6357142857142857
2016-08-24,29.2,18.0,24.1,0.8,6.4,69,8,237,3,24.1,24.2,23.8,22.8,24.033333333333335,23.728571428571428,23.33571428571429,0.5,1.0,0.0,1.0,0.5000000000000036,0.6285714285714287,2.1928571428571426
2016-08-25,27.0,19.1,23.1,11.2,6.8,80,8,238,3,24.1,24.1,24.2,23.0,24.133333333333336,23.914285714285715,23.428571428571427,0.8,0.5,1.0,0.6,0.7666666666666702,0.6,1.5357142857142858
2016-08-26,27.8,20.0,23.6,10.8,4.5,81,8,239,3,23.1,24.1,24.1,24.4,23.766666666666666,23.928571428571427,23.485714285714288,11.2,0.8,0.5,0.0,4.1666666666666705,2.1142857142857143,1.7428571428571427
2016-08-27,25.3,19.0,22.1,20.4,7.8,83,8,240,3,23.6,23.1,24.1,23.8,23.600000000000005,23.814285714285717,23.535714285714285,10.8,11.2,0.8,1.3,7.600000000000004,3.6571428571428575,2.335714285714286
2016-08-28,26.4,17.4,22.1,5.3,5.7,83,8,241,3,22.1,23.6,23.1,23.8,22.933333333333334,23.571428571428573,23.42142857142857,20.4,10.8,11.2,0.0,14.133333333333335,6.385714285714286,3.7857142857142856
2016-08-29,27.0,17.6,22.3,2.3,6.0,78,8,242,3,22.1,22.1,23.6,24.2,22.600000000000005,23.32857142857143,23.342857142857145,5.3,20.4,10.8,1.0,12.16666666666667,7.142857142857143,4.057142857142857
2016-08-30,25.6,17.3,21.7,4.3,6.2,79,8,243,3,22.3,22.1,22.1,24.1,22.166666666666668,23.057142857142857,23.285714285714285,2.3,5.3,20.4,0.5,9.333333333333336,7.328571428571428,4.021428571428571
2016-08-31,26.9,17.6,22.0,8.7,6.6,77,8,244,3,21.7,22.3,22.1,24.1,22.033333333333335,22.714285714285715,23.22142857142857,4.3,2.3,5.3,0.8,3.96666666666667,7.871428571428572,4.25
2016-09-01,25.5,17.1,21.7,3.1,4.8,75,9,245,4,22.0,21.7,22.3,23.1,22.0,22.414285714285715,23.164285714285715,8.7,4.3,2.3,11.2,5.100000000000002,9.0,4.799999999999999
2016-09-02,25.1,16.1,21.1,13.3,5.1,73,9,246,4,21.7,22.0,21.7,23.6,21.8,22.214285714285715,23.071428571428573,3.1,8.7,4.3,10.8,5.36666666666667,7.8428571428571425,4.978571428571429
2016-09-03,26.8,15.8,21.9,0.0,5.9,68,9,247,4,21.1,21.7,22.0,22.1,21.599999999999998,21.857142857142858,22.83571428571429,13.3,3.1,8.7,20.4,8.366666666666669,8.2,5.928571428571429
2016-09-04,26.9,17.2,22.5,0.0,6.5,69,9,248,4,21.9,21.1,21.7,22.1,21.566666666666663,21.82857142857143,22.7,0.0,13.3,3.1,5.3,5.4666666666666694,5.285714285714286,5.8357142857142845
2016-09-05,26.9,16.6,22.1,0.0,6.1,76,9,249,4,22.5,21.9,21.1,22.3,21.833333333333332,21.885714285714283,22.607142857142858,0.0,0.0,13.3,2.3,4.433333333333336,4.528571428571429,5.8357142857142845
2016-09-06,26.2,17.3,21.4,10.0,5.9,81,9,250,4,22.1,22.5,21.9,21.7,22.166666666666668,21.857142857142858,22.457142857142856,0.0,0.0,0.0,4.3,0.0,4.200000000000001,5.764285714285713
2016-09-07,27.0,17.8,22.9,0.1,5.7,69,9,251,4,21.4,22.1,22.5,22.0,22.0,21.814285714285713,22.264285714285712,10.0,0.0,0.0,8.7,3.333333333333336,5.014285714285714,6.442857142857142
2016-09-08,27.9,16.5,22.9,0.0,6.5,71,9,252,4,22.9,21.4,22.1,21.7,22.133333333333336,21.942857142857143,22.178571428571427,0.1,10.0,0.0,3.1,3.3666666666666694,3.785714285714286,6.392857142857143
2016-09-09,27.7,17.5,23.0,0.7,6.9,76,9,253,4,22.9,22.9,21.4,21.1,22.399999999999995,22.11428571428571,22.164285714285715,0.0,0.1,10.0,13.3,3.3666666666666694,3.342857142857143,5.592857142857143
2016-09-10,27.1,18.6,22.8,2.1,7.2,80,9,254,4,23.0,22.9,22.9,21.9,22.933333333333334,22.385714285714283,22.121428571428574,0.7,0.0,0.1,0.0,0.2666666666666696,1.5428571428571434,4.871428571428571
2016-09-11,26.7,17.8,22.2,3.9,6.0,77,9,255,4,22.8,23.0,22.9,22.5,22.900000000000002,22.514285714285716,22.17142857142857,2.1,0.7,0.0,0.0,0.9333333333333362,1.8428571428571434,3.564285714285714
2016-09-12,26.1,17.8,21.7,4.9,6.5,74,9,256,4,22.2,22.8,23.0,22.1,22.666666666666668,22.47142857142857,22.178571428571427,3.9,2.1,0.7,0.0,2.2333333333333365,2.400000000000001,3.4642857142857144
2016-09-13,26.8,17.6,22.4,0.1,7.7,63,9,257,4,21.7,22.2,22.8,21.4,22.233333333333334,22.41428571428571,22.13571428571429,4.9,3.9,2.1,10.0,3.6333333333333364,3.1000000000000005,3.65
2016-09-14,25.8,16.4,21.4,2.5,6.2,71,9,258,4,22.4,21.7,22.2,22.9,22.099999999999998,22.557142857142857,22.185714285714283,0.1,4.9,3.9,0.1,2.96666666666667,1.6857142857142864,3.35
2016-09-15,26.3,15.1,21.7,0.8,6.8,65,9,259,4,21.4,22.4,21.7,22.9,21.833333333333332,22.342857142857145,22.142857142857142,2.5,0.1,4.9,0.0,2.500000000000003,2.0285714285714294,2.9071428571428575
2016-09-16,27.4,14.8,22.1,0.5,7.3,60,9,260,4,21.7,21.4,22.4,23.0,21.833333333333332,22.17142857142857,22.142857142857142,0.8,2.5,0.1,0.7,1.1333333333333364,2.1428571428571432,2.742857142857143
2016-09-17,28.1,14.8,22.2,1.1,7.6,63,9,261,4,22.1,21.7,21.4,22.8,21.733333333333334,22.042857142857144,22.21428571428571,0.5,0.8,2.5,2.1,1.2666666666666695,2.1142857142857148,1.8285714285714287
2016-09-18,27.7,16.9,23.0,0.0,7.3,65,9,262,4,22.2,22.1,21.7,22.2,22.0,21.957142857142856,22.235714285714288,1.1,0.5,0.8,3.9,0.800000000000003,1.971428571428572,1.9071428571428573
2016-09-19,27.7,18.0,23.5,0.0,7.9,66,9,263,4,23.0,22.2,22.1,21.7,22.433333333333334,22.071428571428573,22.271428571428572,0.0,1.1,0.5,4.9,0.5333333333333363,1.414285714285715,1.9071428571428573
2016-09-20,27.2,18.1,22.7,1.5,6.2,73,9,264,4,23.5,23.0,22.2,22.4,22.900000000000002,22.32857142857143,22.371428571428574,0.0,0.0,1.1,0.1,0.36666666666666964,0.7142857142857147,1.9071428571428573
2016-09-21,25.8,17.2,21.6,9.6,6.3,75,9,265,4,22.7,23.5,23.0,21.4,23.066666666666663,22.37142857142857,22.464285714285715,1.5,0.0,0.0,2.5,0.500000000000003,0.9142857142857148,1.3000000000000003
2016-09-22,26.0,16.3,21.2,0.4,6.1,71,9,266,4,21.6,22.7,23.5,21.7,22.599999999999998,22.400000000000002,22.37142857142857,9.6,1.5,0.0,0.8,3.700000000000003,1.928571428571429,1.9785714285714289
2016-09-23,24.4,15.7,20.1,3.4,8.3,78,9,267,4,21.2,21.6,22.7,22.1,21.833333333333332,22.32857142857143,22.25,0.4,9.6,1.5,0.5,3.833333333333336,1.8714285714285719,2.007142857142857
2016-09-24,24.7,16.2,21.0,0.4,5.9,74,9,268,4,20.1,21.2,21.6,22.2,20.96666666666667,22.04285714285714,22.04285714285714,3.4,0.4,9.6,1.1,4.4666666666666694,2.285714285714286,2.2
2016-09-25,25.5,16.0,21.0,0.0,6.6,71,9,269,4,21.0,20.1,21.2,23.0,20.766666666666666,21.87142857142857,21.914285714285715,0.4,3.4,0.4,0.0,1.400000000000003,2.185714285714286,2.0785714285714287
2016-09-26,26.2,14.8,21.2,1.6,6.6,72,9,270,4,21.0,21.0,20.1,23.5,20.7,21.585714285714285,21.828571428571426,0.0,0.4,3.4,0.0,1.2666666666666695,2.185714285714286,1.8000000000000003
2016-09-27,25.4,17.3,21.7,1.6,7.6,74,9,271,4,21.2,21.0,21.0,22.7,21.066666666666666,21.25714285714286,21.79285714285714,1.6,0.0,0.4,1.5,0.6666666666666696,2.4142857142857146,1.5642857142857143
2016-09-28,26.5,16.2,21.8,0.0,6.4,72,9,272,4,21.7,21.2,21.0,21.6,21.3,21.114285714285717,21.742857142857144,1.6,1.6,0.0,9.6,1.0666666666666698,2.4285714285714293,1.6714285714285715
2016-09-29,26.2,15.9,21.4,0.1,6.4,74,9,273,4,21.8,21.7,21.2,21.2,21.566666666666666,21.142857142857142,21.77142857142857,0.0,1.6,1.6,0.4,1.0666666666666698,1.0571428571428576,1.492857142857143
2016-09-30,27.6,15.6,22.1,0.0,6.2,70,9,274,4,21.4,21.8,21.7,20.1,21.633333333333336,21.17142857142857,21.75,0.1,0.0,1.6,3.4,0.5666666666666696,1.0142857142857147,1.4428571428571428
2016-10-01,27.8,14.5,22.2,0.2,6.4,71,10,275,4,22.1,21.4,21.8,21.0,21.766666666666666,21.457142857142856,21.75,0.0,0.1,0.0,0.4,0.033333333333336296,0.5285714285714291,1.407142857142857
2016-10-02,27.7,15.6,22.2,0.0,7.1,66,10,276,4,22.2,22.1,21.4,21.0,21.900000000000002,21.62857142857143,21.75,0.2,0.0,0.1,0.0,0.10000000000000298,0.5000000000000006,1.342857142857143
2016-10-03,27.8,15.6,22.0,0.0,6.6,61,10,277,4,22.2,22.2,22.1,21.2,22.166666666666668,21.8,21.692857142857143,0.0,0.2,0.0,1.6,0.06666666666666964,0.5000000000000006,1.342857142857143
2016-10-04,27.6,13.4,21.2,0.4,8.0,59,10,278,4,22.0,22.2,22.2,21.7,22.133333333333336,21.91428571428571,21.585714285714285,0.0,0.0,0.2,1.6,0.06666666666666964,0.27142857142857196,1.342857142857143
2016-10-05,25.6,15.3,20.8,1.2,8.3,59,10,279,4,21.2,22.0,22.2,21.8,21.799999999999997,21.842857142857145,21.478571428571428,0.4,0.0,0.0,0.0,0.1333333333333363,0.10000000000000052,1.2642857142857142
2016-10-06,25.2,13.5,19.5,1.0,6.7,62,10,280,4,20.8,21.2,22.0,21.4,21.333333333333332,21.7,21.421428571428574,1.2,0.4,0.0,0.1,0.5333333333333363,0.2714285714285719,0.6642857142857144
2016-10-07,25.2,12.8,19.9,0.5,7.0,54,10,281,4,19.5,20.8,21.2,22.1,20.5,21.428571428571427,21.3,1.0,1.2,0.4,0.0,0.8666666666666695,0.40000000000000047,0.7071428571428571
2016-10-08,25.1,12.2,19.2,0.3,7.7,52,10,282,4,19.9,19.5,20.8,22.2,20.066666666666666,21.114285714285717,21.285714285714285,0.5,1.0,1.2,0.2,0.900000000000003,0.4714285714285719,0.5
2016-10-09,25.0,11.7,18.8,0.4,7.4,47,10,283,4,19.2,19.9,19.5,22.2,19.53333333333333,20.685714285714283,21.157142857142855,0.3,0.5,1.0,0.0,0.6000000000000029,0.48571428571428626,0.4928571428571428
2016-10-10,25.0,11.0,18.7,0.0,7.6,42,10,284,4,18.8,19.2,19.9,22.0,19.3,20.2,21.0,0.4,0.3,0.5,0.0,0.40000000000000285,0.5428571428571434,0.5214285714285715
2016-10-11,25.4,8.9,18.0,0.0,7.3,48,10,285,4,18.7,18.8,19.2,21.2,18.900000000000002,19.728571428571428,20.821428571428573,0.0,0.4,0.3,0.4,0.2333333333333362,0.5428571428571434,0.40714285714285714
2016-10-12,24.7,11.1,18.3,0.0,9.8,48,10,286,4,18.0,18.7,18.8,20.8,18.5,19.271428571428572,20.557142857142853,0.0,0.0,0.4,1.2,0.13333333333333622,0.4857142857142862,0.2928571428571428
2016-10-13,24.9,10.3,18.2,0.0,6.2,45,10,287,4,18.3,18.0,18.7,19.5,18.333333333333332,18.91428571428571,20.307142857142857,0.0,0.0,0.0,1.0,0.0,0.31428571428571483,0.2928571428571428
2016-10-14,25.5,9.9,18.3,0.0,6.4,49,10,288,4,18.2,18.3,18.0,19.9,18.166666666666668,18.728571428571428,20.078571428571426,0.0,0.0,0.0,0.5,0.0,0.17142857142857196,0.2857142857142857
2016-10-15,26.2,10.6,19.0,0.0,6.5,46,10,289,4,18.3,18.2,18.3,19.2,18.266666666666666,18.5,19.807142857142857,0.0,0.0,0.0,0.3,0.0,0.10000000000000053,0.2857142857142857
2016-10-16,25.1,10.5,18.4,0.0,7.2,53,10,290,4,19.0,18.3,18.2,18.8,18.5,18.47142857142857,19.57857142857143,0.0,0.0,0.0,0.4,0.0,0.05714285714285768,0.27142857142857146
2016-10-17,24.9,10.6,18.0,0.0,6.2,57,10,291,4,18.4,19.0,18.3,18.7,18.566666666666666,18.414285714285715,19.307142857142857,0.0,0.0,0.0,0.0,0.0,0.0,0.27142857142857146
2016-10-18,25.2,13.0,19.0,0.0,7.4,52,10,292,4,18.0,18.4,19.0,18.0,18.466666666666665,18.314285714285713,19.021428571428572,0.0,0.0,0.0,0.0,0.0,0.0,0.27142857142857146
2016-10-19,24.2,10.7,17.9,0.0,6.7,53,10,293,4,19.0,18.0,18.4,18.3,18.466666666666665,18.457142857142856,18.864285714285717,0.0,0.0,0.0,0.0,0.0,0.0,0.24285714285714285
2016-10-20,23.6,8.8,16.9,0.0,6.8,48,10,294,4,17.9,19.0,18.0,18.2,18.3,18.400000000000002,18.657142857142855,0.0,0.0,0.0,0.0,0.0,0.0,0.15714285714285717
2016-10-21,22.7,11.3,16.8,0.0,9.8,45,10,295,4,16.9,17.9,19.0,18.3,17.933333333333334,18.214285714285715,18.471428571428568,0.0,0.0,0.0,0.0,0.0,0.0,0.08571428571428572
2016-10-22,22.7,8.4,15.9,0.3,7.1,49,10,296,4,16.8,16.9,17.9,19.0,17.2,18.0,18.25,0.0,0.0,0.0,0.0,0.0,0.0,0.049999999999999996
2016-10-23,23.0,7.0,15.7,0.0,7.7,48,10,297,4,15.9,16.8,16.9,18.4,16.533333333333335,17.557142857142857,18.014285714285712,0.3,0.0,0.0,0.0,0.10000000000000288,0.04285714285714339,0.049999999999999996
2016-10-24,23.0,7.2,15.9,0.0,7.5,45,10,298,4,15.7,15.9,16.8,18.0,16.133333333333333,17.17142857142857,17.79285714285714,0.0,0.3,0.0,0.0,0.10000000000000288,0.04285714285714339,0.02142857142857143
2016-10-25,22.1,7.1,15.7,0.4,6.3,46,10,299,4,15.9,15.7,15.9,19.0,15.833333333333334,16.87142857142857,17.59285714285714,0.0,0.0,0.3,0.0,0.10000000000000288,0.04285714285714339,0.02142857142857143
2016-10-26,22.2,7.4,15.5,0.0,5.8,47,10,300,4,15.7,15.9,15.7,17.9,15.766666666666666,16.4,17.428571428571427,0.4,0.0,0.0,0.0,0.13333333333333622,0.10000000000000053,0.049999999999999996
2016-10-27,22.8,7.2,15.6,0.0,6.5,44,10,301,4,15.5,15.7,15.9,16.9,15.699999999999998,16.057142857142857,17.228571428571428,0.0,0.4,0.0,0.0,0.13333333333333622,0.10000000000000053,0.049999999999999996
2016-10-28,23.6,8.2,16.3,0.0,6.8,47,10,302,4,15.6,15.5,15.7,16.8,15.6,15.87142857142857,17.04285714285714,0.0,0.0,0.4,0.0,0.13333333333333622,0.10000000000000053,0.049999999999999996
2016-10-29,22.6,8.6,16.0,0.0,6.9,53,10,303,4,16.3,15.6,15.5,15.9,15.800000000000002,15.799999999999999,16.9,0.0,0.0,0.0,0.3,0.0,0.10000000000000053,0.049999999999999996
2016-10-30,21.2,10.7,15.9,0.0,4.2,57,10,304,4,16.0,16.3,15.6,15.7,15.966666666666669,15.814285714285715,16.685714285714287,0.0,0.0,0.0,0.0,0.0,0.05714285714285768,0.049999999999999996
2016-10-31,22.3,8.9,15.7,0.0,6.3,53,10,305,4,15.9,16.0,16.3,15.9,16.066666666666666,15.842857142857143,16.507142857142856,0.0,0.0,0.0,0.0,0.0,0.05714285714285768,0.049999999999999996
2016-11-01,22.6,8.3,15.7,0.0,6.2,53,11,306,4,15.7,15.9,16.0,15.7,15.866666666666667,15.814285714285713,16.34285714285714,0.0,0.0,0.0,0.4,0.0,0.05714285714285768,0.049999999999999996
2016-11-02,22.3,10.3,16.1,0.0,6.2,57,11,307,4,15.7,15.7,15.9,15.5,15.766666666666667,15.814285714285715,16.107142857142858,0.0,0.0,0.0,0.0,0.0,0.0,0.049999999999999996
2016-11-03,22.2,9.7,16.1,0.0,6.4,62,11,308,4,16.1,15.7,15.7,15.6,15.833333333333336,15.899999999999997,15.978571428571428,0.0,0.0,0.0,0.0,0.0,0.0,0.049999999999999996
2016-11-04,19.4,11.1,14.8,3.2,7.5,66,11,309,4,16.1,16.1,15.7,16.3,15.966666666666669,15.971428571428572,15.921428571428573,0.0,0.0,0.0,0.0,0.0,0.0,0.049999999999999996
2016-11-05,20.7,6.1,14.1,0.0,6.3,55,11,310,4,14.8,16.1,16.1,16.0,15.666666666666671,15.757142857142856,15.778571428571428,3.2,0.0,0.0,0.0,1.0666666666666698,0.4571428571428577,0.2785714285714286
2016-11-06,19.9,6.8,13.7,0.1,5.5,49,11,311,4,14.1,14.8,16.1,15.9,15.000000000000002,15.485714285714286,15.65,0.0,3.2,0.0,0.0,1.0666666666666698,0.4571428571428577,0.2571428571428572
2016-11-07,21.1,5.1,13.7,0.0,5.6,48,11,312,4,13.7,14.1,14.8,15.7,14.200000000000003,15.171428571428569,15.507142857142856,0.1,0.0,3.2,0.0,1.100000000000003,0.471428571428572,0.26428571428571435
2016-11-08,22.8,5.3,14.9,0.0,6.8,45,11,313,4,13.7,13.7,14.1,15.7,13.833333333333336,14.885714285714286,15.35,0.0,0.1,0.0,0.0,0.033333333333336296,0.471428571428572,0.26428571428571435
2016-11-09,22.8,6.5,15.1,0.0,4.6,48,11,314,4,14.9,13.7,13.7,16.1,14.100000000000001,14.771428571428572,15.292857142857143,0.0,0.0,0.1,0.0,0.033333333333336296,0.471428571428572,0.23571428571428574
2016-11-10,21.4,7.6,14.5,0.0,6.2,52,11,315,4,15.1,14.9,13.7,16.1,14.56666666666667,14.62857142857143,15.264285714285716,0.0,0.0,0.0,0.0,0.0,0.471428571428572,0.23571428571428574
2016-11-11,18.8,5.5,12.5,1.4,7.2,58,11,316,4,14.5,15.1,14.9,14.8,14.833333333333336,14.4,15.185714285714285,0.0,0.0,0.0,3.2,0.0,0.471428571428572,0.23571428571428574
2016-11-12,18.8,5.3,11.9,0.0,7.2,57,11,317,4,12.5,14.5,15.1,14.1,14.033333333333337,14.071428571428571,14.914285714285715,1.4,0.0,0.0,0.0,0.4666666666666696,0.2142857142857148,0.33571428571428574
2016-11-13,19.6,3.9,12.2,0.0,5.9,50,11,318,4,11.9,12.5,14.5,13.7,12.966666666666669,13.757142857142856,14.621428571428572,0.0,1.4,0.0,0.1,0.4666666666666696,0.2142857142857148,0.33571428571428574
2016-11-14,19.8,3.4,12.2,0.0,5.0,47,11,319,4,12.2,11.9,12.5,13.7,12.200000000000003,13.542857142857144,14.357142857142858,0.0,0.0,1.4,0.0,0.4666666666666696,0.20000000000000048,0.33571428571428574
2016-11-15,19.2,3.0,11.7,0.0,5.2,48,11,320,4,12.2,12.2,11.9,14.9,12.100000000000001,13.328571428571427,14.107142857142858,0.0,0.0,0.0,0.0,0.0,0.20000000000000048,0.33571428571428574
2016-11-16,19.6,3.6,12.1,0.0,5.2,49,11,321,4,11.7,12.2,12.2,15.1,12.033333333333337,12.87142857142857,13.821428571428571,0.0,0.0,0.0,0.0,0.0,0.20000000000000048,0.33571428571428574
2016-11-17,21.1,3.7,13.0,0.0,5.9,47,11,322,4,12.1,11.7,12.2,14.5,12.000000000000002,12.442857142857141,13.535714285714286,0.0,0.0,0.0,0.0,0.0,0.20000000000000048,0.33571428571428574
2016-11-18,21.8,5.2,13.8,0.0,5.7,48,11,323,4,13.0,12.1,11.7,12.5,12.266666666666667,12.228571428571428,13.314285714285715,0.0,0.0,0.0,1.4,0.0,0.20000000000000048,0.33571428571428574
2016-11-19,21.6,5.5,13.9,0.0,6.0,53,11,324,4,13.8,13.0,12.1,11.9,12.966666666666669,12.414285714285715,13.242857142857144,0.0,0.0,0.0,0.0,0.0,0.0,0.10714285714285714
2016-11-20,18.6,6.6,13.3,0.0,4.5,63,11,325,4,13.9,13.8,13.0,12.2,13.566666666666668,12.7,13.228571428571428,0.0,0.0,0.0,0.0,0.0,0.0,0.10714285714285714
2016-11-21,17.1,9.5,12.9,0.0,5.6,62,11,326,4,13.3,13.9,13.8,12.2,13.66666666666667,12.857142857142858,13.200000000000001,0.0,0.0,0.0,0.0,0.0,0.0,0.09999999999999999
2016-11-22,18.8,7.7,12.9,0.0,6.0,59,11,327,4,12.9,13.3,13.9,11.7,13.366666666666669,12.957142857142857,13.142857142857142,0.0,0.0,0.0,0.0,0.0,0.0,0.09999999999999999
2016-11-23,18.6,10.4,14.2,0.4,6.6,55,11,328,4,12.9,12.9,13.3,12.1,13.033333333333337,13.12857142857143,13.0,0.0,0.0,0.0,0.0,0.0,0.0,0.09999999999999999
2016-11-24,17.8,8.8,12.9,0.4,5.6,57,11,329,4,14.2,12.9,12.9,13.0,13.333333333333336,13.428571428571429,12.935714285714285,0.4,0.0,0.0,0.0,0.1333333333333363,0.057142857142857655,0.12857142857142856
2016-11-25,18.2,6.2,12.4,0.0,7.9,53,11,330,4,12.9,14.2,12.9,13.8,13.333333333333336,13.414285714285715,12.821428571428571,0.4,0.4,0.0,0.0,0.26666666666666966,0.1142857142857148,0.15714285714285717
2016-11-26,19.5,8.3,13.8,0.0,7.0,56,11,331,4,12.4,12.9,14.2,13.9,13.16666666666667,13.214285714285714,12.814285714285715,0.0,0.4,0.4,0.0,0.26666666666666966,0.1142857142857148,0.05714285714285715
2016-11-27,19.8,3.2,12.1,0.0,7.6,60,11,332,4,13.8,12.4,12.9,13.3,13.033333333333337,13.200000000000001,12.95,0.0,0.0,0.4,0.0,0.1333333333333363,0.1142857142857148,0.05714285714285715
2016-11-28,20.8,3.2,12.8,0.0,7.6,48,11,333,4,12.1,13.8,12.4,12.9,12.766666666666671,13.028571428571427,12.942857142857141,0.0,0.0,0.0,0.0,0.0,0.1142857142857148,0.05714285714285715
2016-11-29,19.5,5.2,12.6,0.0,5.6,51,11,334,4,12.8,12.1,13.8,12.9,12.900000000000004,13.014285714285716,12.985714285714286,0.0,0.0,0.0,0.0,0.0,0.1142857142857148,0.05714285714285715
2016-11-30,15.7,7.1,12.1,0.8,8.6,55,11,335,4,12.6,12.8,12.1,14.2,12.500000000000002,12.971428571428572,13.049999999999999,0.0,0.0,0.0,0.4,0.0,0.1142857142857148,0.05714285714285715
2016-12-01,18.5,2.6,11.2,0.0,8.1,58,12,336,1,12.1,12.6,12.8,12.9,12.500000000000002,12.671428571428569,13.049999999999999,0.8,0.0,0.0,0.4,0.26666666666666966,0.17142857142857196,0.1142857142857143
2016-12-02,20.4,2.5,11.8,0.0,8.7,50,12,337,1,11.2,12.1,12.6,12.4,11.966666666666669,12.428571428571429,12.921428571428573,0.0,0.8,0.0,0.0,0.26666666666666966,0.1142857142857148,0.1142857142857143
2016-12-03,21.0,4.5,12.9,0.0,6.2,43,12,338,1,11.8,11.2,12.1,13.8,11.700000000000003,12.342857142857142,12.778571428571427,0.0,0.0,0.8,0.0,0.26666666666666966,0.1142857142857148,0.1142857142857143
2016-12-04,19.7,8.1,13.7,0.0,4.6,49,12,339,1,12.9,11.8,11.2,12.1,11.966666666666669,12.214285714285714,12.707142857142857,0.0,0.0,0.0,0.0,0.0,0.1142857142857148,0.1142857142857143
2016-12-05,20.6,5.5,13.4,0.0,5.0,53,12,340,1,13.7,12.9,11.8,12.8,12.800000000000002,12.442857142857145,12.735714285714286,0.0,0.0,0.0,0.0,0.0,0.1142857142857148,0.1142857142857143
2016-12-06,21.0,5.6,13.4,0.0,5.4,54,12,341,1,13.4,13.7,12.9,12.6,13.333333333333336,12.528571428571427,12.77142857142857,0.0,0.0,0.0,0.0,0.0,0.1142857142857148,0.1142857142857143
2016-12-07,21.5,6.4,13.8,0.0,5.0,54,12,342,1,13.4,13.4,13.7,12.1,13.500000000000002,12.642857142857142,12.807142857142855,0.0,0.0,0.0,0.8,0.0,0.1142857142857148,0.1142857142857143
2016-12-08,19.4,5.9,12.8,0.0,4.0,59,12,343,1,13.8,13.4,13.4,11.2,13.533333333333337,12.885714285714286,12.778571428571428,0.0,0.0,0.0,0.0,0.0,0.0,0.08571428571428573
2016-12-09,18.3,6.1,12.1,0.0,5.7,64,12,344,1,12.8,13.8,13.4,11.8,13.333333333333337,13.114285714285716,12.771428571428572,0.0,0.0,0.0,0.0,0.0,0.0,0.05714285714285715
2016-12-10,16.9,3.5,10.0,11.0,10.4,73,12,345,1,12.1,12.8,13.8,12.9,12.900000000000004,13.157142857142858,12.75,0.0,0.0,0.0,0.0,0.0,0.0,0.05714285714285715
2016-12-11,15.6,5.9,10.3,1.2,7.4,67,12,346,1,10.0,12.1,12.8,13.7,11.633333333333335,12.742857142857144,12.47857142857143,11.0,0.0,0.0,0.0,3.6666666666666696,1.5714285714285718,0.8428571428571429
2016-12-12,11.4,2.4,7.0,6.1,5.7,79,12,347,1,10.3,10.0,12.1,13.4,10.800000000000002,12.257142857142856,12.35,1.2,11.0,0.0,0.0,4.066666666666669,1.7428571428571433,0.9285714285714286
2016-12-13,14.7,1.5,8.3,0.0,5.6,69,12,348,1,7.0,10.3,10.0,13.4,9.100000000000001,11.342857142857143,11.935714285714285,6.1,1.2,11.0,0.0,6.100000000000002,2.6142857142857148,1.3642857142857143
2016-12-14,16.6,-0.3,8.7,0.0,6.4,57,12,349,1,8.3,7.0,10.3,13.8,8.533333333333337,10.614285714285714,11.62857142857143,0.0,6.1,1.2,0.0,2.4333333333333362,2.6142857142857148,1.3642857142857143
2016-12-15,17.5,2.8,9.7,0.0,5.2,55,12,350,1,8.7,8.3,7.0,12.8,8.000000000000002,9.885714285714286,11.385714285714286,0.0,0.0,6.1,0.0,2.0333333333333363,2.6142857142857148,1.3071428571428572
2016-12-16,17.1,0.9,9.4,0.0,5.1,59,12,351,1,9.7,8.7,8.3,12.1,8.900000000000002,9.442857142857141,11.278571428571428,0.0,0.0,0.0,0.0,0.0,2.6142857142857148,1.3071428571428572
2016-12-17,16.3,0.9,9.0,0.0,5.0,60,12,352,1,9.4,9.7,8.7,10.0,9.266666666666667,9.057142857142857,11.107142857142858,0.0,0.0,0.0,11.0,0.0,2.6142857142857148,1.3071428571428572
2016-12-18,16.6,0.7,8.6,0.0,5.6,55,12,353,1,9.0,9.4,9.7,10.3,9.366666666666669,8.914285714285715,10.828571428571431,0.0,0.0,0.0,1.2,0.0,1.0428571428571434,1.3071428571428572
2016-12-19,16.8,0.7,8.6,0.0,5.0,53,12,354,1,8.6,9.0,9.4,7.0,9.000000000000002,8.671428571428573,10.464285714285714,0.0,0.0,0.0,6.1,0.0,0.8714285714285719,1.3071428571428572
2016-12-20,18.2,0.1,9.0,0.0,7.5,49,12,355,1,8.6,8.6,9.0,8.3,8.733333333333336,8.9,10.121428571428572,0.0,0.0,0.0,0.0,0.0,0.0,1.3071428571428572
2016-12-21,20.1,-0.6,9.8,0.0,7.0,52,12,356,1,9.0,8.6,8.6,8.7,8.733333333333336,9.0,9.807142857142859,0.0,0.0,0.0,0.0,0.0,0.0,1.3071428571428572
2016-12-22,18.9,1.9,10.7,0.0,4.9,50,12,357,1,9.8,9.0,8.6,9.7,9.133333333333335,9.157142857142857,9.521428571428572,0.0,0.0,0.0,0.0,0.0,0.0,1.3071428571428572
2016-12-23,17.7,1.5,9.9,0.0,5.8,48,12,358,1,10.7,9.8,9.0,9.4,9.833333333333336,9.299999999999999,9.37142857142857,0.0,0.0,0.0,0.0,0.0,0.0,1.3071428571428572
2016-12-24,14.6,0.8,8.2,0.6,5.2,52,12,359,1,9.9,10.7,9.8,9.0,10.133333333333335,9.37142857142857,9.214285714285714,0.0,0.0,0.0,0.0,0.0,0.0,1.3071428571428572
2016-12-25,14.8,-1.9,6.7,0.0,5.4,59,12,360,1,8.2,9.9,10.7,8.6,9.600000000000003,9.257142857142856,9.085714285714285,0.6,0.0,0.0,0.0,0.20000000000000295,0.08571428571428621,0.5642857142857143
2016-12-26,16.9,1.3,9.1,0.0,7.6,48,12,361,1,6.7,8.2,9.9,8.6,8.26666666666667,8.985714285714286,8.828571428571427,0.0,0.6,0.0,0.0,0.20000000000000295,0.08571428571428621,0.47857142857142854
2016-12-27,18.6,2.2,10.4,0.0,5.0,50,12,362,1,9.1,6.7,8.2,9.0,8.000000000000002,9.057142857142855,8.978571428571428,0.0,0.0,0.6,0.0,0.20000000000000295,0.08571428571428621,0.04285714285714286
2016-12-28,19.5,3.0,11.2,0.0,5.2,53,12,363,1,10.4,9.1,6.7,9.8,8.733333333333336,9.257142857142856,9.128571428571428,0.0,0.0,0.0,0.0,0.0,0.08571428571428621,0.04285714285714286
2016-12-29,19.2,2.8,10.8,0.0,5.2,63,12,364,1,11.2,10.4,9.1,10.7,10.233333333333336,9.457142857142857,9.307142857142855,0.0,0.0,0.0,0.0,0.0,0.08571428571428621,0.04285714285714286
2016-12-30,16.5,4.8,10.7,0.0,5.5,70,12,365,1,10.8,11.2,10.4,9.9,10.800000000000002,9.471428571428572,9.385714285714286,0.0,0.0,0.0,0.0,0.0,0.08571428571428621,0.04285714285714286
2016-12-31,15.3,5.9,10.3,0.1,5.1,72,12,366,1,10.7,10.8,11.2,8.2,10.900000000000004,9.585714285714285,9.478571428571428,0.0,0.0,0.0,0.6,0.0,0.08571428571428621,0.04285714285714286
2017-01-01,14.7,4.3,9.8,1.4,10.2,65,1,1,1,10.3,10.7,10.8,6.7,10.600000000000001,9.885714285714286,9.571428571428571,0.1,0.0,0.0,0.0,0.033333333333336296,0.014285714285714794,0.049999999999999996
2017-01-02,15.0,5.1,10.2,0.1,10.3,52,1,2,1,9.8,10.3,10.7,9.1,10.266666666666671,10.328571428571427,9.657142857142858,1.4,0.1,0.0,0.0,0.500000000000003,0.2142857142857148,0.14999999999999997
2017-01-03,10.7,6.2,8.5,10.5,13.9,78,1,3,1,10.2,9.8,10.3,10.4,10.100000000000001,10.485714285714286,9.77142857142857,0.1,1.4,0.1,0.0,0.5333333333333363,0.2285714285714291,0.1571428571428571
2017-01-04,7.8,4.0,5.6,41.1,14.3,88,1,4,1,8.5,10.2,9.8,11.2,9.500000000000002,10.214285714285714,9.735714285714284,10.5,0.1,1.4,0.0,4.000000000000003,1.728571428571429,0.9071428571428571
2017-01-05,9.6,4.1,6.4,14.3,12.9,81,1,5,1,5.6,8.5,10.2,10.8,8.100000000000001,9.414285714285715,9.435714285714285,41.1,10.5,0.1,0.0,17.233333333333338,7.6000000000000005,3.8428571428571425
2017-01-06,8.3,3.4,5.4,23.8,13.7,85,1,6,1,6.4,5.6,8.5,10.7,6.833333333333336,8.785714285714286,9.128571428571428,14.3,41.1,10.5,0.0,21.96666666666667,9.642857142857142,4.864285714285715
2017-01-07,7.2,1.7,4.0,8.3,6.6,87,1,7,1,5.4,6.4,5.6,10.3,5.800000000000002,8.028571428571428,8.807142857142859,23.8,14.3,41.1,0.1,26.400000000000006,13.042857142857144,6.564285714285715
2017-01-08,7.1,-0.6,3.1,0.9,8.0,73,1,8,1,4.0,5.4,6.4,9.8,5.266666666666669,7.128571428571428,8.507142857142856,8.3,23.8,14.3,1.4,15.466666666666669,14.214285714285717,7.114285714285715
2017-01-09,8.1,-0.7,2.9,1.5,6.9,54,1,9,1,3.1,4.0,5.4,10.2,4.166666666666669,6.171428571428572,8.25,0.9,8.3,23.8,0.1,11.000000000000005,14.142857142857142,7.17857142857143
2017-01-10,9.6,0.5,3.8,0.0,10.0,43,1,10,1,2.9,3.1,4.0,8.5,3.3333333333333357,5.128571428571428,7.807142857142858,1.5,0.9,8.3,10.5,3.5666666666666695,14.342857142857143,7.2857142857142865
2017-01-11,10.0,-0.7,4.0,0.0,7.8,38,1,11,1,3.8,2.9,3.1,5.6,3.2666666666666693,4.457142857142857,7.335714285714286,0.0,1.5,0.9,41.1,0.8000000000000024,12.842857142857143,7.2857142857142865
2017-01-12,9.4,0.3,5.5,0.0,5.7,33,1,12,1,4.0,3.8,2.9,6.4,3.5666666666666687,4.228571428571429,6.821428571428571,0.0,0.0,1.5,14.3,0.5000000000000023,6.971428571428572,7.2857142857142865
2017-01-13,9.4,0.0,3.6,0.0,7.7,39,1,13,1,5.5,4.0,3.8,5.4,4.433333333333336,4.1000000000000005,6.442857142857143,0.0,0.0,0.0,23.8,0.0,4.928571428571429,7.2857142857142865
2017-01-14,11.0,0.9,4.8,0.0,11.8,47,1,14,1,3.6,5.5,4.0,4.0,4.366666666666669,3.8428571428571425,5.935714285714285,0.0,0.0,0.0,8.3,0.0,1.5285714285714287,7.2857142857142865
2017-01-15,9.5,2.5,5.3,5.9,9.2,61,1,15,1,4.8,3.6,5.5,3.1,4.6333333333333355,3.957142857142857,5.542857142857143,0.0,0.0,0.0,0.9,0.0,0.34285714285714286,7.278571428571429
2017-01-16,6.1,1.5,3.5,14.6,9.8,90,1,16,1,5.3,4.8,3.6,2.9,4.566666666666669,4.271428571428571,5.221428571428571,5.9,0.0,0.0,1.5,1.9666666666666692,1.0571428571428572,7.6000000000000005
2017-01-17,9.3,2.6,5.4,1.9,8.2,70,1,17,1,3.5,5.3,4.8,3.8,4.533333333333335,4.357142857142857,4.742857142857142,14.6,5.9,0.0,0.0,6.833333333333336,2.9285714285714284,8.635714285714286
2017-01-18,6.1,1.1,3.1,17.3,9.7,88,1,18,1,5.4,3.5,5.3,4.0,4.733333333333335,4.585714285714286,4.521428571428571,1.9,14.6,5.9,0.0,7.466666666666669,3.1999999999999997,8.02142857142857
2017-01-19,10.1,0.4,4.4,4.5,10.0,65,1,19,1,3.1,5.4,3.5,5.5,4.000000000000003,4.457142857142857,4.342857142857143,17.3,1.9,14.6,0.0,11.266666666666671,5.671428571428572,6.321428571428572
2017-01-20,14.2,2.7,7.5,0.0,13.7,33,1,20,1,4.4,3.1,5.4,3.6,4.3000000000000025,4.3,4.2,4.5,17.3,1.9,0.0,7.900000000000002,6.314285714285715,5.621428571428573
2017-01-21,15.4,6.5,10.2,0.0,14.0,30,1,21,1,7.5,4.4,3.1,4.8,5.000000000000003,4.857142857142857,4.35,0.0,4.5,17.3,0.0,7.266666666666669,6.314285714285715,3.9214285714285717
2017-01-22,14.5,6.3,9.6,0.3,14.0,52,1,22,1,10.2,7.5,4.4,5.3,7.36666666666667,5.628571428571428,4.792857142857143,0.0,0.0,4.5,5.9,1.5000000000000024,6.314285714285715,3.328571428571429
2017-01-23,15.5,6.1,9.4,2.8,15.6,53,1,23,1,9.6,10.2,7.5,3.5,9.100000000000003,6.242857142857143,5.257142857142857,0.3,0.0,0.0,14.6,0.10000000000000236,5.514285714285714,3.285714285714286
2017-01-24,7.3,4.9,6.1,22.9,12.9,89,1,24,1,9.4,9.6,10.2,5.4,9.733333333333334,7.085714285714286,5.721428571428571,2.8,0.3,0.0,1.9,1.0333333333333357,3.8285714285714283,3.378571428571429
2017-01-25,8.1,5.0,6.1,34.7,14.0,93,1,25,1,6.1,9.4,9.6,3.1,8.366666666666669,7.185714285714285,5.885714285714285,22.9,2.8,0.3,17.3,8.66666666666667,6.828571428571428,5.014285714285714
2017-01-26,7.9,4.4,6.3,35.3,12.4,91,1,26,1,6.1,6.1,9.4,4.4,7.200000000000003,7.614285714285715,6.035714285714286,34.7,22.9,2.8,4.5,20.133333333333336,9.314285714285715,7.492857142857143
2017-01-27,12.4,5.4,8.0,4.0,6.9,80,1,27,1,6.3,6.1,6.1,7.5,6.166666666666669,7.885714285714285,6.0928571428571425,35.3,34.7,22.9,0.0,30.96666666666667,13.714285714285714,10.014285714285714
2017-01-28,11.6,5.1,8.6,3.0,10.5,63,1,28,1,8.0,6.3,6.1,10.2,6.800000000000002,7.957142857142856,6.4071428571428575,4.0,35.3,34.7,0.0,24.666666666666668,14.285714285714286,10.299999999999999
2017-01-29,16.0,6.6,10.5,0.0,14.7,57,1,29,1,8.6,8.0,6.3,9.6,7.6333333333333355,7.728571428571429,6.678571428571429,3.0,4.0,35.3,0.3,14.100000000000001,14.714285714285714,10.514285714285714
2017-01-30,13.2,6.2,9.4,7.9,9.0,70,1,30,1,10.5,8.6,8.0,9.4,9.033333333333337,7.857142857142857,7.05,0.0,3.0,4.0,2.8,2.3333333333333357,14.671428571428573,10.092857142857143
2017-01-31,12.2,3.8,7.7,4.1,7.3,82,1,31,1,9.4,10.5,8.6,6.1,9.500000000000002,7.857142857142857,7.471428571428572,7.9,0.0,3.0,22.9,3.633333333333336,15.400000000000002,9.614285714285714
2017-02-01,16.1,4.6,10.3,0.0,7.4,59,2,32,1,7.7,9.4,10.5,6.1,9.200000000000003,8.085714285714285,7.635714285714286,4.1,7.9,0.0,34.7,4.000000000000003,12.714285714285714,9.771428571428572
2017-02-02,15.2,6.6,10.8,0.0,5.7,56,2,33,1,10.3,7.7,9.4,6.3,9.133333333333336,8.685714285714285,8.15,0.0,4.1,7.9,35.3,4.000000000000003,7.757142857142857,8.535714285714286
2017-02-03,13.8,8.3,10.7,0.0,6.5,56,2,34,1,10.8,10.3,7.7,8.0,9.600000000000003,9.328571428571427,8.607142857142858,0.0,0.0,4.1,4.0,1.366666666666669,2.7142857142857144,8.214285714285714
2017-02-04,12.8,6.4,8.9,29.1,15.0,67,2,35,1,10.7,10.8,10.3,8.6,10.600000000000003,9.714285714285714,8.835714285714285,0.0,0.0,0.0,3.0,0.0,2.142857142857143,8.214285714285714
2017-02-05,10.4,4.2,7.6,15.4,14.2,83,2,36,1,8.9,10.7,10.8,10.5,10.133333333333335,9.757142857142856,8.742857142857144,29.1,0.0,0.0,0.0,9.700000000000003,5.871428571428572,10.292857142857143
2017-02-06,11.9,3.6,7.2,3.3,7.0,73,2,37,1,7.6,8.9,10.7,9.4,9.066666666666668,9.342857142857143,8.6,15.4,29.1,0.0,7.9,14.833333333333336,8.071428571428571,11.371428571428572
2017-02-07,14.8,4.0,9.1,0.0,8.8,46,2,38,1,7.2,7.6,8.9,7.7,7.900000000000002,9.028571428571428,8.442857142857143,3.3,15.4,29.1,4.1,15.933333333333337,7.4142857142857155,11.407142857142858
2017-02-08,13.2,3.1,8.5,1.5,15.4,57,2,39,1,9.1,7.2,7.6,10.3,7.966666666666669,9.228571428571428,8.657142857142857,0.0,3.3,15.4,0.0,6.233333333333335,6.828571428571429,9.771428571428572
2017-02-09,13.4,2.8,7.4,0.2,8.4,69,2,40,1,8.5,9.1,7.2,10.8,8.266666666666667,8.971428571428572,8.828571428571427,1.5,0.0,3.3,0.0,1.6000000000000023,7.042857142857144,7.4
2017-02-10,15.4,3.3,9.4,0.0,10.1,46,2,41,1,7.4,8.5,9.1,10.7,8.333333333333336,8.485714285714286,8.907142857142857,0.2,1.5,0.0,0.0,0.566666666666669,7.071428571428571,4.892857142857144
2017-02-11,15.2,6.7,11.6,0.0,7.7,41,2,42,1,9.4,7.4,8.5,8.9,8.433333333333337,8.3,9.007142857142856,0.0,0.2,1.5,29.1,0.566666666666669,7.071428571428571,4.607142857142857
2017-02-12,16.4,5.4,10.7,0.7,9.3,46,2,43,1,11.6,9.4,7.4,7.6,9.46666666666667,8.685714285714287,9.221428571428572,0.0,0.0,0.2,15.4,0.06666666666666904,2.914285714285714,4.392857142857143
2017-02-13,18.0,5.4,11.3,0.0,12.1,33,2,44,1,10.7,11.6,9.4,7.2,10.566666666666668,9.128571428571428,9.235714285714286,0.7,0.0,0.0,3.3,0.2333333333333357,0.8142857142857142,4.442857142857144
2017-02-14,18.7,7.4,13.1,0.0,9.4,37,2,45,1,11.3,10.7,11.6,9.1,11.200000000000003,9.714285714285714,9.37142857142857,0.0,0.7,0.0,0.0,0.2333333333333357,0.34285714285714286,3.8785714285714294
2017-02-15,17.9,8.7,13.7,0.0,15.2,40,2,46,1,13.1,11.3,10.7,8.5,11.700000000000003,10.285714285714286,9.757142857142856,0.0,0.0,0.7,1.5,0.2333333333333357,0.34285714285714286,3.5857142857142863
2017-02-16,19.4,8.7,13.3,0.1,11.0,60,2,47,1,13.7,13.1,11.3,7.4,12.700000000000003,11.028571428571428,10.0,0.0,0.0,0.0,0.2,0.0,0.12857142857142856,3.5857142857142863
2017-02-17,19.3,10.7,14.9,2.1,10.4,61,2,48,1,13.3,13.7,13.1,9.4,13.366666666666669,11.87142857142857,10.178571428571429,0.1,0.0,0.0,0.0,0.033333333333335706,0.11428571428571428,3.592857142857144
2017-02-18,16.0,10.1,13.0,4.4,17.9,70,2,49,1,14.9,13.3,13.7,11.6,13.966666666666669,12.657142857142857,10.478571428571428,2.1,0.1,0.0,0.0,0.7333333333333357,0.41428571428571426,3.7428571428571433
2017-02-19,15.1,9.6,11.7,29.4,15.6,84,2,50,1,13.0,14.9,13.3,10.7,13.733333333333336,12.857142857142858,10.77142857142857,4.4,2.1,0.1,0.7,2.2000000000000024,1.042857142857143,1.9785714285714293
2017-02-20,14.9,6.3,10.3,2.0,9.5,74,2,51,1,11.7,13.0,14.9,11.3,13.200000000000003,13.0,11.064285714285715,29.4,4.4,2.1,0.0,11.966666666666669,5.142857142857143,2.978571428571429
2017-02-21,12.7,5.5,9.1,0.8,9.1,66,2,52,1,10.3,11.7,13.0,13.1,11.666666666666671,12.857142857142858,11.285714285714286,2.0,29.4,4.4,0.0,11.933333333333335,5.428571428571429,2.8857142857142866
2017-02-22,14.3,4.9,9.1,0.2,10.2,48,2,53,1,9.1,10.3,11.7,13.7,10.366666666666669,12.285714285714286,11.285714285714286,0.8,2.0,29.4,0.0,10.733333333333334,5.542857142857143,2.9428571428571435
2017-02-23,14.2,4.7,9.2,0.4,10.5,40,2,54,1,9.1,9.1,10.3,13.3,9.500000000000002,11.62857142857143,11.328571428571427,0.2,0.8,2.0,0.1,1.0000000000000024,5.571428571428571,2.850000000000001
2017-02-24,16.4,5.9,10.8,0.0,8.9,45,2,55,1,9.2,9.1,9.1,14.9,9.133333333333336,11.042857142857143,11.457142857142857,0.4,0.2,0.8,2.1,0.46666666666666906,5.614285714285714,2.8642857142857148
2017-02-25,16.7,7.5,12.5,0.6,8.4,50,2,56,1,10.8,9.2,9.1,13.0,9.700000000000003,10.457142857142857,11.557142857142859,0.0,0.4,0.2,4.4,0.2000000000000024,5.314285714285714,2.8642857142857148
2017-02-26,17.8,6.1,11.5,0.0,9.7,46,2,57,1,12.5,10.8,9.2,11.7,10.833333333333336,10.385714285714286,11.621428571428572,0.6,0.0,0.4,29.4,0.3333333333333357,4.771428571428571,2.907142857142858
2017-02-27,18.7,6.8,12.5,0.0,9.5,36,2,58,1,11.5,12.5,10.8,10.3,11.600000000000003,10.357142857142858,11.678571428571429,0.0,0.6,0.0,2.0,0.20000000000000237,0.5714285714285714,2.8571428571428577
2017-02-28,17.3,8.5,13.6,5.6,9.1,50,2,59,1,12.5,11.5,12.5,9.1,12.16666666666667,10.671428571428573,11.764285714285716,0.0,0.0,0.6,0.8,0.20000000000000237,0.2857142857142857,2.8571428571428577
2017-03-01,12.5,6.7,9.5,6.2,14.2,79,3,60,2,13.6,12.5,11.5,9.1,12.533333333333337,11.314285714285715,11.799999999999999,5.6,0.0,0.0,0.2,1.866666666666669,0.9714285714285714,3.2571428571428576
2017-03-02,13.6,4.7,8.4,4.7,8.4,76,3,61,2,9.5,13.6,12.5,9.2,11.866666666666669,11.37142857142857,11.5,6.2,5.6,0.0,0.4,3.933333333333336,1.8285714285714287,3.7
2017-03-03,14.2,4.7,9.3,0.0,12.9,54,3,62,2,8.4,9.5,13.6,10.8,10.500000000000002,11.257142857142858,11.15,4.7,6.2,5.6,0.0,5.500000000000003,2.442857142857143,4.028571428571429
2017-03-04,14.8,5.5,9.9,0.1,11.4,42,3,63,2,9.3,8.4,9.5,12.5,9.06666666666667,11.042857142857143,10.75,0.0,4.7,6.2,0.6,3.633333333333336,2.442857142857143,3.8785714285714294
2017-03-05,15.6,4.1,10.1,0.2,9.4,43,3,64,2,9.9,9.3,8.4,11.5,9.200000000000003,10.671428571428569,10.528571428571428,0.1,0.0,4.7,0.0,1.6000000000000023,2.3714285714285714,3.571428571428572
2017-03-06,16.9,6.3,11.1,0.1,8.9,42,3,65,2,10.1,9.9,9.3,12.5,9.766666666666671,10.471428571428572,10.414285714285713,0.2,0.1,0.0,0.0,0.10000000000000238,2.4,1.4857142857142864
2017-03-07,12.5,5.7,9.4,8.5,8.8,62,3,66,2,11.1,10.1,9.9,13.6,10.366666666666669,10.271428571428572,10.471428571428573,0.1,0.2,0.1,5.6,0.13333333333333572,2.4142857142857146,1.3500000000000008
2017-03-08,11.3,5.6,8.0,9.9,8.1,81,3,67,2,9.4,11.1,10.1,9.5,10.200000000000003,9.671428571428573,10.492857142857142,8.5,0.1,0.2,6.2,2.933333333333336,2.8285714285714287,1.9000000000000006
2017-03-09,10.2,4.6,7.1,5.8,7.0,86,3,68,2,8.0,9.4,11.1,8.4,9.500000000000002,9.457142857142857,10.414285714285713,9.9,8.5,0.1,4.7,6.166666666666669,3.357142857142857,2.592857142857144
2017-03-10,10.1,3.0,6.1,2.2,7.7,84,3,69,2,7.1,8.0,9.4,9.3,8.16666666666667,9.271428571428572,10.264285714285716,5.8,9.9,8.5,0.0,8.066666666666668,3.514285714285714,2.978571428571429
2017-03-11,9.8,2.2,5.8,2.3,12.0,70,3,70,2,6.1,7.1,8.0,9.9,7.06666666666667,8.814285714285713,9.928571428571429,2.2,5.8,9.9,0.1,5.966666666666669,3.828571428571429,3.1357142857142866
2017-03-12,12.8,2.1,7.9,0.4,12.1,58,3,71,2,5.8,6.1,7.1,10.1,6.333333333333336,8.22857142857143,9.45,2.3,2.2,5.8,0.2,3.433333333333336,4.142857142857143,3.2571428571428576
2017-03-13,12.6,4.8,8.7,1.0,9.9,53,3,72,2,7.9,5.8,6.1,11.1,6.600000000000002,7.914285714285714,9.192857142857141,0.4,2.3,2.2,0.1,1.6333333333333357,4.171428571428572,3.285714285714287
2017-03-14,14.2,5.0,10.5,0.9,8.6,47,3,73,2,8.7,7.9,5.8,9.4,7.466666666666669,7.571428571428571,8.92142857142857,1.0,0.4,2.3,8.5,1.2333333333333356,4.3,3.357142857142858
2017-03-15,15.8,7.3,11.1,0.1,7.9,52,3,74,2,10.5,8.7,7.9,8.0,9.033333333333337,7.728571428571428,8.7,0.9,1.0,0.4,9.9,0.7666666666666689,3.2142857142857144,3.0214285714285722
2017-03-16,16.0,7.2,11.1,8.5,8.9,60,3,75,2,11.1,10.5,8.7,7.1,10.100000000000003,8.17142857142857,8.814285714285715,0.1,0.9,1.0,5.8,0.6666666666666691,1.8142857142857143,2.5857142857142867
2017-03-17,15.1,6.6,10.6,2.5,10.7,67,3,76,2,11.1,11.1,10.5,6.1,10.900000000000004,8.742857142857142,9.007142857142856,8.5,0.1,0.9,2.2,3.166666666666669,2.1999999999999997,2.857142857142858
2017-03-18,18.4,7.0,12.0,0.0,13.1,58,3,77,2,10.6,11.1,11.1,5.8,10.933333333333337,9.385714285714286,9.1,2.5,8.5,0.1,2.3,3.7000000000000024,2.242857142857143,3.035714285714287
2017-03-19,18.7,8.7,13.9,0.1,12.1,48,3,78,2,12.0,10.6,11.1,7.9,11.233333333333334,10.27142857142857,9.25,0.0,2.5,8.5,0.4,3.666666666666669,1.9142857142857141,3.028571428571429
2017-03-20,20.6,9.4,15.1,0.0,10.5,45,3,79,2,13.9,12.0,10.6,8.7,12.16666666666667,11.12857142857143,9.521428571428572,0.1,0.0,2.5,1.0,0.866666666666669,1.8714285714285712,3.0214285714285722
2017-03-21,19.2,11.4,13.7,7.3,18.8,61,3,80,2,15.1,13.9,12.0,10.5,13.66666666666667,12.042857142857143,9.807142857142859,0.0,0.1,0.0,0.9,0.033333333333335706,1.7285714285714282,3.014285714285715
2017-03-22,18.9,10.9,13.9,25.0,14.4,80,3,81,2,13.7,15.1,13.9,11.1,14.233333333333334,12.5,10.114285714285714,7.3,0.0,0.1,0.1,2.466666666666669,2.6428571428571423,2.9285714285714297
2017-03-23,20.4,11.7,15.4,7.9,13.5,65,3,82,2,13.9,13.7,15.1,11.1,14.233333333333336,12.9,10.535714285714286,25.0,7.3,0.0,8.5,10.766666666666667,6.2,4.007142857142858
2017-03-24,23.8,12.0,17.0,1.0,11.8,49,3,83,2,15.4,13.9,13.7,10.6,14.333333333333336,13.514285714285714,11.12857142857143,7.9,25.0,7.3,2.5,13.400000000000004,6.114285714285714,4.1571428571428575
2017-03-25,22.1,12.7,17.0,0.2,10.1,44,3,84,2,17.0,15.4,13.9,12.0,15.433333333333337,14.428571428571429,11.907142857142858,1.0,7.9,25.0,0.0,11.300000000000004,5.8999999999999995,4.071428571428572
2017-03-26,23.9,12.2,18.6,1.0,11.0,47,3,85,2,17.0,17.0,15.4,13.9,16.46666666666667,15.142857142857142,12.707142857142857,0.2,1.0,7.9,0.1,3.0333333333333354,5.928571428571429,3.921428571428572
2017-03-27,24.4,13.9,19.1,0.5,14.0,56,3,86,2,18.6,17.0,17.0,15.1,17.533333333333335,15.814285714285713,13.471428571428572,1.0,0.2,1.0,0.0,0.7333333333333357,6.057142857142857,3.964285714285715
2017-03-28,24.0,15.4,19.3,1.8,12.8,53,3,87,2,19.1,18.6,17.0,13.7,18.233333333333338,16.385714285714286,14.214285714285714,0.5,1.0,0.2,7.3,0.566666666666669,6.128571428571428,3.9285714285714293
2017-03-29,24.2,13.5,18.5,1.1,13.9,64,3,88,2,19.3,19.1,18.6,13.9,19.000000000000004,17.185714285714287,14.842857142857143,1.8,0.5,1.0,25.0,1.1000000000000023,5.3428571428571425,3.9928571428571433
2017-03-30,25.5,15.1,20.3,0.9,10.2,46,3,89,2,18.5,19.3,19.1,15.4,18.96666666666667,17.842857142857145,15.371428571428572,1.1,1.8,0.5,7.9,1.1333333333333357,1.9285714285714282,4.064285714285715
2017-03-31,25.6,14.0,18.6,5.1,14.7,56,3,90,2,20.3,18.5,19.3,17.0,19.36666666666667,18.542857142857144,16.028571428571432,0.9,1.1,1.8,1.0,1.266666666666669,0.928571428571428,3.521428571428572
2017-04-01,24.1,13.7,18.1,2.0,19.4,48,4,91,2,18.6,20.3,18.5,17.0,19.133333333333336,18.771428571428572,16.6,5.1,0.9,1.1,0.2,2.366666666666669,1.5142857142857138,3.707142857142858
2017-04-02,24.3,14.2,18.7,0.1,11.9,44,4,92,2,18.1,18.6,20.3,18.6,19.000000000000004,18.928571428571427,17.035714285714285,2.0,5.1,0.9,1.0,2.666666666666669,1.771428571428571,3.8500000000000005
2017-04-03,24.6,13.2,18.4,0.2,10.5,45,4,93,2,18.7,18.1,18.6,19.1,18.46666666666667,18.942857142857147,17.37857142857143,0.1,2.0,5.1,0.5,2.400000000000002,1.6428571428571423,3.850000000000001
2017-04-04,17.3,11.9,15.0,15.4,17.1,71,4,94,2,18.4,18.7,18.1,19.3,18.400000000000002,18.842857142857145,17.614285714285714,0.2,0.1,2.0,1.8,0.7666666666666689,1.5999999999999996,3.8642857142857148
2017-04-05,19.0,10.7,14.3,24.6,15.8,79,4,95,2,15.0,18.4,18.7,18.5,17.36666666666667,18.22857142857143,17.70714285714286,15.4,0.2,0.1,1.1,5.233333333333335,3.5428571428571423,4.442857142857144
2017-04-06,14.5,8.2,11.6,13.6,9.7,85,4,96,2,14.3,15.0,18.4,20.3,15.9,17.62857142857143,17.735714285714288,24.6,15.4,0.2,0.9,13.400000000000004,6.8999999999999995,4.4142857142857155
2017-04-07,14.7,6.8,10.3,11.1,15.5,75,4,97,2,11.6,14.3,15.0,18.6,13.633333333333335,16.385714285714283,17.464285714285715,13.6,24.6,15.4,5.1,17.86666666666667,8.714285714285714,4.821428571428572
2017-04-08,16.7,6.6,11.4,0.2,9.4,58,4,98,2,10.3,11.6,14.3,18.1,12.06666666666667,15.200000000000001,16.985714285714288,11.1,13.6,24.6,2.0,16.433333333333337,9.571428571428571,5.542857142857144
2017-04-09,18.4,8.7,13.3,0.0,10.0,43,4,99,2,11.4,10.3,11.6,18.7,11.100000000000003,14.242857142857144,16.585714285714285,0.2,11.1,13.6,0.1,8.300000000000002,9.314285714285715,5.542857142857144
2017-04-10,21.9,9.6,15.8,0.0,10.2,35,4,100,2,13.3,11.4,10.3,18.4,11.66666666666667,13.471428571428573,16.20714285714286,0.0,0.2,11.1,0.2,3.766666666666669,9.3,5.471428571428572
2017-04-11,24.7,11.7,18.7,0.0,11.8,30,4,101,2,15.8,13.3,11.4,15.0,13.500000000000005,13.1,15.971428571428573,0.0,0.0,0.2,15.4,0.06666666666666904,9.271428571428572,5.435714285714286
2017-04-12,27.0,13.7,20.4,0.0,12.2,31,4,102,2,18.7,15.8,13.3,14.3,15.933333333333337,13.62857142857143,15.928571428571429,0.0,0.0,0.0,24.6,0.0,7.07142857142857,5.307142857142858
2017-04-13,27.0,15.0,21.7,0.0,11.3,29,4,103,2,20.4,18.7,15.8,11.6,18.3,14.5,16.064285714285713,0.0,0.0,0.0,13.6,0.0,3.5571428571428565,5.2285714285714295
2017-04-14,27.5,16.4,21.9,0.0,10.5,39,4,104,2,21.7,20.4,18.7,10.3,20.26666666666667,15.942857142857145,16.164285714285715,0.0,0.0,0.0,11.1,0.0,1.6142857142857137,5.1642857142857155
2017-04-15,28.5,17.1,22.9,0.0,14.0,32,4,105,2,21.9,21.7,20.4,11.4,21.333333333333332,17.599999999999998,16.4,0.0,0.0,0.0,0.2,0.0,0.028571428571428064,4.800000000000002
2017-04-16,30.2,17.7,24.1,0.0,13.7,35,4,106,2,22.9,21.9,21.7,13.3,22.166666666666668,19.24285714285714,16.742857142857144,0.0,0.0,0.0,0.0,0.0,0.0,4.657142857142858
2017-04-17,30.9,19.0,25.5,0.0,10.1,32,4,107,2,24.1,22.9,21.9,15.8,22.96666666666667,20.785714285714285,17.12857142857143,0.0,0.0,0.0,0.0,0.0,0.0,4.65
2017-04-18,31.6,20.0,25.6,0.0,10.5,33,4,108,2,25.5,24.1,22.9,18.7,24.166666666666668,22.171428571428574,17.635714285714286,0.0,0.0,0.0,0.0,0.0,0.0,4.635714285714287
2017-04-19,30.2,20.3,24.8,0.8,14.0,43,4,109,2,25.6,25.5,24.1,20.4,25.066666666666674,23.157142857142855,18.392857142857142,0.0,0.0,0.0,0.0,0.0,0.0,3.535714285714287
2017-04-20,29.6,19.5,24.0,0.3,15.4,47,4,110,2,24.8,25.6,25.5,21.7,25.3,23.785714285714285,19.142857142857142,0.8,0.0,0.0,0.0,0.26666666666666905,0.11428571428571378,1.8357142857142867
2017-04-21,29.4,16.6,22.8,0.6,17.7,52,4,111,2,24.0,24.8,25.6,21.9,24.8,24.114285714285717,20.028571428571432,0.3,0.8,0.0,0.0,0.3666666666666691,0.15714285714285664,0.8857142857142868
2017-04-22,24.5,14.7,19.6,27.9,16.8,63,4,112,2,22.8,24.0,24.8,22.9,23.86666666666667,24.24285714285714,20.921428571428574,0.6,0.3,0.8,0.0,0.566666666666669,0.24285714285714236,0.13571428571428673
2017-04-23,22.6,14.1,17.9,16.3,16.9,70,4,113,2,19.6,22.8,24.0,24.1,22.133333333333336,23.771428571428572,21.507142857142856,27.9,0.6,0.3,0.0,9.600000000000001,4.228571428571428,2.114285714285715
2017-04-24,18.8,13.1,15.7,16.2,15.0,74,4,114,2,17.9,19.6,22.8,25.5,20.100000000000005,22.885714285714283,21.835714285714285,16.3,27.9,0.6,0.0,14.933333333333335,6.557142857142856,3.2785714285714294
2017-04-25,23.8,13.2,18.5,1.1,9.7,47,4,115,2,15.7,17.9,19.6,25.6,17.733333333333334,21.485714285714284,21.82857142857143,16.2,16.3,27.9,0.0,20.133333333333336,8.87142857142857,4.435714285714286
2017-04-26,23.7,14.1,18.6,2.6,13.4,51,4,116,2,18.5,15.7,17.9,24.8,17.36666666666667,20.47142857142857,21.814285714285713,1.1,16.2,16.3,0.8,11.200000000000003,9.028571428571428,4.514285714285715
2017-04-27,24.0,14.6,19.5,0.0,10.9,46,4,117,2,18.6,18.5,15.7,24.0,17.600000000000005,19.585714285714285,21.685714285714287,2.6,1.1,16.2,0.3,6.6333333333333355,9.285714285714286,4.700000000000001
2017-04-28,24.6,15.5,19.9,0.1,7.2,46,4,118,2,19.5,18.6,18.5,22.8,18.86666666666667,18.942857142857143,21.52857142857143,0.0,2.6,1.1,0.6,1.2333333333333358,9.242857142857144,4.700000000000001
2017-04-29,23.0,13.4,18.2,0.6,17.2,58,4,119,2,19.9,19.5,18.6,19.6,19.333333333333332,18.52857142857143,21.38571428571429,0.1,0.0,2.6,27.9,0.9000000000000025,9.171428571428569,4.707142857142857
2017-04-30,22.6,13.1,18.1,0.1,9.4,50,4,120,2,18.2,19.9,19.5,17.9,19.200000000000003,18.328571428571426,21.05,0.6,0.1,0.0,16.3,0.2333333333333357,5.271428571428571,4.750000000000001
2017-05-01,25.0,13.9,19.7,0.0,9.0,37,5,121,2,18.1,18.2,19.9,15.7,18.733333333333338,18.357142857142858,20.621428571428574,0.1,0.6,0.1,16.2,0.266666666666669,2.9571428571428564,4.757142857142858
2017-05-02,25.3,15.7,19.8,0.2,13.6,41,5,122,2,19.7,18.1,18.2,18.5,18.66666666666667,18.928571428571427,20.20714285714286,0.0,0.1,0.6,1.1,0.2333333333333357,0.6428571428571423,4.757142857142858
2017-05-03,21.9,13.5,16.9,3.9,18.4,61,5,123,2,19.8,19.7,18.1,18.6,19.200000000000003,19.114285714285717,19.792857142857144,0.2,0.0,0.1,2.6,0.10000000000000238,0.5142857142857138,4.771428571428572
2017-05-04,23.6,12.7,18.6,0.8,10.2,61,5,124,2,16.9,19.8,19.7,19.5,18.8,18.87142857142857,19.228571428571428,3.9,0.2,0.0,0.0,1.366666666666669,0.6999999999999995,4.992857142857145
2017-05-05,26.0,16.0,21.9,0.0,8.3,49,5,125,2,18.6,16.9,19.8,19.9,18.433333333333334,18.742857142857144,18.842857142857145,0.8,3.9,0.2,0.1,1.6333333333333357,0.8142857142857138,5.02857142857143
2017-05-06,27.8,17.7,23.4,0.3,8.4,46,5,126,2,21.9,18.6,16.9,18.2,19.133333333333336,19.02857142857143,18.778571428571432,0.0,0.8,3.9,0.6,1.566666666666669,0.7999999999999996,4.985714285714287
2017-05-07,28.2,19.8,23.5,0.5,15.9,46,5,127,2,23.4,21.9,18.6,18.1,21.3,19.771428571428572,19.05,0.3,0.0,0.8,0.1,0.3666666666666691,0.7571428571428566,3.0142857142857156
2017-05-08,29.6,19.3,23.7,0.2,12.6,49,5,128,2,23.5,23.4,21.9,19.7,22.933333333333337,20.542857142857144,19.45,0.5,0.3,0.0,0.0,0.26666666666666905,0.8142857142857138,1.8857142857142866
2017-05-09,29.8,18.5,23.9,0.0,12.9,45,5,129,2,23.7,23.5,23.4,19.8,23.533333333333335,21.114285714285717,20.021428571428572,0.2,0.5,0.3,0.2,0.3333333333333357,0.8428571428571424,0.7428571428571439
2017-05-10,28.1,19.3,24.8,0.0,11.0,41,5,130,2,23.9,23.7,23.5,16.9,23.700000000000003,21.699999999999996,20.407142857142862,0.0,0.2,0.5,3.9,0.2333333333333357,0.8142857142857138,0.6642857142857154
2017-05-11,27.8,18.5,22.4,0.2,13.3,57,5,131,2,24.8,23.9,23.7,18.6,24.133333333333336,22.82857142857143,20.849999999999998,0.0,0.0,0.2,0.8,0.06666666666666904,0.2571428571428566,0.4785714285714296
2017-05-12,27.0,18.1,22.7,3.1,9.6,58,5,132,2,22.4,24.8,23.9,21.9,23.7,23.37142857142857,21.057142857142857,0.2,0.0,0.0,0.0,0.06666666666666904,0.1714285714285709,0.4928571428571439
2017-05-13,28.7,19.4,23.4,4.5,8.4,54,5,133,2,22.7,22.4,24.8,23.4,23.3,23.485714285714288,21.25714285714286,3.1,0.2,0.0,0.3,1.1000000000000025,0.6142857142857138,0.7071428571428582
2017-05-14,28.0,19.3,23.3,3.2,10.4,53,5,134,2,23.4,22.7,22.4,23.5,22.833333333333332,23.485714285714288,21.628571428571426,4.5,3.1,0.2,0.5,2.6000000000000028,1.2142857142857137,0.9857142857142868
2017-05-15,28.0,19.8,23.2,0.9,10.2,54,5,135,2,23.3,23.4,22.7,23.7,23.133333333333336,23.457142857142856,22.0,3.2,4.5,3.1,0.2,3.6000000000000028,1.5999999999999994,1.207142857142858
2017-05-16,26.4,17.0,21.1,5.7,12.0,67,5,136,2,23.2,23.3,23.4,23.9,23.3,23.38571428571429,22.25,0.9,3.2,4.5,0.0,2.8666666666666694,1.6999999999999993,1.2714285714285725
2017-05-17,23.3,16.5,19.8,2.1,12.4,71,5,137,2,21.1,23.2,23.3,24.8,22.533333333333335,22.985714285714288,22.342857142857145,5.7,0.9,3.2,0.0,3.2666666666666693,2.5142857142857133,1.6642857142857153
2017-05-18,26.8,17.3,22.6,1.9,9.2,56,5,138,2,19.8,21.1,23.2,22.4,21.36666666666667,22.271428571428572,22.55,2.1,5.7,0.9,0.2,2.9000000000000026,2.8142857142857136,1.535714285714287
2017-05-19,29.0,19.9,24.6,0.0,9.6,44,5,139,2,22.6,19.8,21.1,22.7,21.166666666666668,22.3,22.835714285714285,1.9,2.1,5.7,3.1,3.233333333333336,3.057142857142857,1.6142857142857154
2017-05-20,28.1,18.7,23.8,0.1,10.4,44,5,140,2,24.6,22.6,19.8,23.4,22.333333333333332,22.571428571428573,23.02857142857143,0.0,1.9,2.1,4.5,1.333333333333336,2.614285714285714,1.6142857142857154
2017-05-21,27.1,17.7,21.7,3.3,11.9,57,5,141,2,23.8,24.6,22.6,23.3,23.66666666666667,22.62857142857143,23.057142857142857,0.1,0.0,1.9,3.2,0.6666666666666693,1.9857142857142853,1.6000000000000012
2017-05-22,24.1,16.0,20.1,6.3,16.4,64,5,142,2,21.7,23.8,24.6,23.2,23.36666666666667,22.400000000000002,22.928571428571427,3.3,0.1,0.0,0.9,1.133333333333336,1.9999999999999996,1.800000000000001
2017-05-23,28.3,16.9,23.0,0.0,10.8,55,5,143,2,20.1,21.7,23.8,21.1,21.86666666666667,21.957142857142856,22.671428571428574,6.3,3.3,0.1,5.7,3.233333333333336,2.7714285714285714,2.2357142857142867
2017-05-24,28.3,19.6,24.0,0.8,7.9,53,5,144,2,23.0,20.1,21.7,19.8,21.600000000000005,22.228571428571428,22.607142857142858,0.0,6.3,3.3,2.1,3.200000000000003,1.9571428571428566,2.2357142857142867
2017-05-25,31.1,19.4,25.6,0.0,9.3,45,5,145,2,24.0,23.0,20.1,22.6,22.36666666666667,22.828571428571426,22.550000000000004,0.8,0.0,6.3,1.9,2.366666666666669,1.771428571428571,2.292857142857144
2017-05-26,32.2,21.0,27.0,0.0,12.2,35,5,146,2,25.6,24.0,23.0,24.6,24.200000000000003,23.25714285714286,22.77857142857143,0.0,0.8,0.0,0.0,0.2666666666666693,1.4999999999999996,2.27857142857143
2017-05-27,33.4,21.1,26.9,2.4,20.6,33,5,147,2,27.0,25.6,24.0,23.8,25.533333333333335,23.6,23.085714285714285,0.0,0.0,0.8,0.1,0.2666666666666693,1.4999999999999996,2.0571428571428583
2017-05-28,32.3,20.7,27.6,0.0,16.3,29,5,148,2,26.9,27.0,25.6,21.7,26.5,24.04285714285714,23.33571428571429,2.4,0.0,0.0,3.3,0.8000000000000026,1.828571428571428,1.9071428571428581
2017-05-29,32.1,20.4,27.4,0.1,13.4,35,5,149,2,27.6,26.9,27.0,20.1,27.166666666666668,24.88571428571429,23.642857142857142,0.0,2.4,0.0,6.3,0.8000000000000026,1.3571428571428565,1.6785714285714295
2017-05-30,29.9,20.5,25.5,0.5,15.3,45,5,150,2,27.4,27.6,26.9,23.0,27.3,25.928571428571427,23.942857142857147,0.1,0.0,2.4,0.0,0.833333333333336,0.471428571428571,1.6214285714285723
2017-05-31,27.0,17.8,23.5,0.2,16.1,51,5,151,2,25.5,27.4,27.6,24.0,26.833333333333332,26.285714285714285,24.25714285714286,0.5,0.1,0.0,0.8,0.20000000000000265,0.5428571428571424,1.250000000000001
2017-06-01,28.2,16.9,22.7,0.0,10.5,46,6,152,3,23.5,25.5,27.4,25.6,25.46666666666667,26.214285714285715,24.521428571428572,0.2,0.5,0.1,0.0,0.2666666666666693,0.4571428571428566,1.1142857142857152
2017-06-02,31.1,18.9,25.4,0.0,11.0,36,6,153,3,22.7,23.5,25.5,27.0,23.900000000000002,25.8,24.528571428571432,0.0,0.2,0.5,0.0,0.23333333333333597,0.4571428571428567,0.9785714285714295
2017-06-03,34.7,21.1,28.3,0.0,11.4,31,6,154,3,25.4,22.7,23.5,26.9,23.86666666666667,25.571428571428573,24.585714285714285,0.0,0.0,0.2,2.4,0.06666666666666933,0.4571428571428567,0.9785714285714295
2017-06-04,37.3,23.3,30.7,0.0,10.5,26,6,155,3,28.3,25.4,22.7,27.6,25.46666666666667,25.771428571428572,24.907142857142855,0.0,0.0,0.0,0.0,0.0,0.11428571428571378,0.9714285714285724
2017-06-05,35.4,24.1,29.9,0.1,12.2,29,6,156,3,30.7,28.3,25.4,27.4,28.133333333333336,26.214285714285715,25.55,0.0,0.0,0.0,0.1,0.0,0.11428571428571378,0.7357142857142867
2017-06-06,31.6,21.7,26.9,0.0,12.0,41,6,157,3,29.9,30.7,28.3,25.5,29.633333333333336,26.571428571428573,26.25,0.1,0.0,0.0,0.5,0.033333333333336,0.11428571428571378,0.2928571428571439
2017-06-07,29.9,19.7,24.2,0.1,15.7,51,6,158,3,26.9,29.9,30.7,23.5,29.166666666666668,26.771428571428572,26.52857142857143,0.0,0.1,0.0,0.2,0.033333333333336,0.04285714285714236,0.2928571428571439
2017-06-08,29.1,19.0,24.6,0.1,12.8,48,6,159,3,24.2,26.9,29.9,22.7,27.0,26.87142857142857,26.54285714285714,0.1,0.0,0.1,0.0,0.06666666666666933,0.028571428571428064,0.2428571428571439
2017-06-09,28.1,18.6,24.1,4.4,8.5,52,6,160,3,24.6,24.2,26.9,25.4,25.233333333333338,27.142857142857142,26.47142857142857,0.1,0.1,0.0,0.0,0.06666666666666933,0.04285714285714236,0.25000000000000105
2017-06-10,27.1,18.5,23.1,0.0,11.8,52,6,161,3,24.1,24.6,24.2,28.3,24.3,26.95714285714286,26.264285714285712,4.4,0.1,0.1,0.0,1.533333333333336,0.6714285714285709,0.5642857142857153
2017-06-11,29.2,18.5,23.5,0.5,9.8,45,6,162,3,23.1,24.1,24.6,30.7,23.933333333333337,26.214285714285715,25.99285714285714,0.0,4.4,0.1,0.0,1.5000000000000029,0.6714285714285709,0.39285714285714396
2017-06-12,30.1,19.2,24.9,0.0,9.8,41,6,163,3,23.5,23.1,24.1,29.9,23.566666666666674,25.185714285714287,25.7,0.5,0.0,4.4,0.1,1.6333333333333362,0.7428571428571423,0.42857142857142966
2017-06-13,30.4,20.7,25.8,3.6,10.7,44,6,164,3,24.9,23.5,23.1,26.9,23.833333333333332,24.47142857142857,25.52142857142857,0.0,0.5,0.0,0.0,0.16666666666666932,0.7285714285714281,0.42142857142857254
2017-06-14,30.5,21.8,26.8,0.6,12.3,38,6,165,3,25.8,24.9,23.5,24.2,24.733333333333334,24.314285714285713,25.54285714285714,3.6,0.0,0.5,0.1,1.3666666666666696,1.2428571428571424,0.642857142857144
2017-06-15,30.9,23.6,28.3,1.3,14.2,35,6,166,3,26.8,25.8,24.9,24.6,25.833333333333332,24.685714285714287,25.77857142857143,0.6,3.6,0.0,0.1,1.4000000000000028,1.3142857142857138,0.6714285714285725
2017-06-16,31.8,22.2,27.8,0.1,13.4,39,6,167,3,28.3,26.8,25.8,24.1,26.96666666666667,25.214285714285715,26.178571428571427,1.3,0.6,3.6,4.4,1.833333333333336,1.485714285714285,0.7642857142857152
2017-06-17,29.8,22.3,26.4,2.8,10.1,57,6,168,3,27.8,28.3,26.8,23.1,27.633333333333336,25.74285714285714,26.35,0.1,1.3,0.6,0.0,0.6666666666666693,0.8714285714285709,0.7714285714285725
2017-06-18,29.9,21.5,26.2,1.9,10.5,63,6,169,3,26.4,27.8,28.3,23.5,27.5,26.214285714285715,26.214285714285715,2.8,0.1,1.3,0.5,1.4000000000000028,1.271428571428571,0.9714285714285724
2017-06-19,30.1,23.0,26.7,0.8,13.9,57,6,170,3,26.2,26.4,27.8,24.9,26.8,26.599999999999998,25.892857142857142,1.9,2.8,0.1,0.0,1.6000000000000025,1.471428571428571,1.107142857142858
2017-06-20,26.5,20.5,23.1,4.5,10.8,74,6,171,3,26.7,26.2,26.4,25.8,26.433333333333337,26.857142857142858,25.664285714285715,0.8,1.9,2.8,3.6,1.833333333333336,1.5857142857142852,1.1571428571428581
2017-06-21,24.9,18.5,20.8,4.1,8.5,73,6,172,3,23.1,26.7,26.2,26.8,25.333333333333332,26.471428571428568,25.392857142857142,4.5,0.8,1.9,0.6,2.4000000000000026,1.7142857142857137,1.4785714285714295
2017-06-22,26.4,17.7,22.3,0.2,8.6,64,6,173,3,20.8,23.1,26.7,28.3,23.533333333333335,25.614285714285717,25.150000000000002,4.1,4.5,0.8,1.3,3.133333333333336,2.214285714285714,1.7642857142857156
2017-06-23,29.0,19.6,24.9,0.0,11.0,60,6,174,3,22.3,20.8,23.1,27.8,22.066666666666674,24.757142857142856,24.985714285714288,0.2,4.1,4.5,0.1,2.933333333333336,2.0571428571428565,1.7714285714285725
2017-06-24,29.8,21.4,26.0,0.0,10.4,63,6,175,3,24.9,22.3,20.8,26.4,22.666666666666668,24.342857142857145,25.042857142857144,0.0,0.2,4.1,2.8,1.433333333333336,2.0428571428571423,1.457142857142858
2017-06-25,29.9,23.9,26.6,0.2,8.2,65,6,176,3,26.0,24.9,22.3,26.2,24.400000000000006,24.285714285714285,25.25,0.0,0.0,0.2,1.9,0.06666666666666933,1.6428571428571421,1.457142857142858
2017-06-26,29.1,21.1,25.5,8.5,11.1,74,6,177,3,26.6,26.0,24.9,26.7,25.833333333333332,24.342857142857145,25.47142857142857,0.2,0.0,0.0,0.8,0.06666666666666933,1.3999999999999992,1.4357142857142866
2017-06-27,28.5,22.3,25.1,2.4,10.9,75,6,178,3,25.5,26.6,26.0,23.1,26.033333333333335,24.17142857142857,25.514285714285716,8.5,0.2,0.0,4.5,2.9000000000000026,2.4999999999999996,2.042857142857144
2017-06-28,27.5,20.5,23.4,13.1,15.4,81,6,179,3,25.1,25.5,26.6,20.8,25.733333333333338,24.45714285714286,25.464285714285715,2.4,8.5,0.2,4.1,3.700000000000003,2.1999999999999997,1.957142857142858
2017-06-29,27.3,19.4,22.8,11.6,12.0,80,6,180,3,23.4,25.1,25.5,22.3,24.666666666666668,24.828571428571426,25.22142857142857,13.1,2.4,8.5,0.2,8.000000000000002,3.4857142857142853,2.850000000000001
2017-06-30,25.7,19.6,22.7,1.2,10.3,82,6,181,3,22.8,23.4,25.1,24.9,23.76666666666667,24.900000000000002,24.828571428571426,11.6,13.1,2.4,0.0,9.033333333333337,5.114285714285714,3.5857142857142867
2017-07-01,28.4,19.9,24.8,0.1,10.9,74,7,182,3,22.7,22.8,23.4,26.0,22.96666666666667,24.585714285714285,24.464285714285715,1.2,11.6,13.1,0.0,8.633333333333336,5.285714285714286,3.664285714285715
2017-07-02,29.2,21.2,25.5,0.1,11.7,72,7,183,3,24.8,22.7,22.8,26.6,23.433333333333337,24.414285714285715,24.349999999999998,0.1,1.2,11.6,0.2,4.300000000000003,5.299999999999999,3.4714285714285724
2017-07-03,29.4,21.2,25.3,0.8,10.3,70,7,184,3,25.5,24.8,22.7,25.5,24.33333333333334,24.25714285714286,24.3,0.1,0.1,1.2,8.5,0.4666666666666696,5.285714285714285,3.342857142857144
2017-07-04,30.0,20.9,25.6,0.7,13.6,67,7,185,3,25.3,25.5,24.8,25.1,25.200000000000003,24.22857142857143,24.2,0.8,0.1,0.1,2.4,0.3333333333333363,4.185714285714285,3.342857142857144
2017-07-05,29.9,20.9,25.1,1.6,9.1,69,7,186,3,25.6,25.3,25.5,23.4,25.46666666666667,24.3,24.37857142857143,0.7,0.8,0.1,13.1,0.5333333333333363,3.942857142857142,3.0714285714285725
2017-07-06,29.5,21.9,25.8,4.3,11.3,63,7,187,3,25.1,25.6,25.3,22.8,25.33333333333334,24.542857142857144,24.685714285714283,1.6,0.7,0.8,11.6,1.0333333333333363,2.2999999999999994,2.8928571428571437
2017-07-07,28.3,20.8,24.4,7.3,10.9,76,7,188,3,25.8,25.1,25.6,22.7,25.500000000000004,24.97142857142857,24.935714285714283,4.3,1.6,0.7,1.2,2.200000000000003,1.2571428571428567,3.185714285714287
2017-07-08,29.1,21.3,25.1,3.9,9.6,76,7,189,3,24.4,25.8,25.1,24.8,25.100000000000005,25.214285714285715,24.900000000000002,7.3,4.3,1.6,0.1,4.400000000000003,2.1285714285714277,3.7071428571428586
2017-07-09,28.7,22.4,25.7,5.0,9.5,75,7,190,3,25.1,24.4,25.8,25.5,25.100000000000005,25.25714285714286,24.835714285714285,3.9,7.3,4.3,0.1,5.166666666666669,2.671428571428571,3.985714285714287
2017-07-10,27.9,21.8,25.2,7.3,10.0,80,7,191,3,25.7,25.1,24.4,25.3,25.066666666666674,25.285714285714285,24.77142857142857,5.0,3.9,7.3,0.8,5.400000000000003,3.3714285714285706,4.32857142857143
2017-07-11,25.6,22.0,23.1,29.9,7.4,92,7,192,3,25.2,25.7,25.1,25.6,25.333333333333332,25.27142857142857,24.75,7.3,5.0,3.9,0.7,5.400000000000002,4.3,4.242857142857144
2017-07-12,25.8,21.0,22.6,65.3,9.3,90,7,193,3,23.1,25.2,25.7,25.1,24.66666666666667,24.914285714285715,24.607142857142858,29.9,7.3,5.0,1.6,14.066666666666668,8.471428571428572,6.207142857142857
2017-07-13,24.8,20.2,22.5,5.4,9.5,87,7,194,3,22.6,23.1,25.2,25.8,23.633333333333336,24.557142857142857,24.55,65.3,29.9,7.3,4.3,34.166666666666664,17.571428571428573,9.935714285714287
2017-07-14,27.3,20.3,23.8,0.5,9.2,83,7,195,3,22.5,22.6,23.1,24.4,22.733333333333334,24.085714285714285,24.528571428571432,5.4,65.3,29.9,7.3,33.53333333333334,17.728571428571428,9.492857142857144
2017-07-15,27.4,21.1,24.6,1.0,11.0,81,7,196,3,23.8,22.5,22.6,25.1,22.96666666666667,24.0,24.607142857142858,0.5,5.4,65.3,3.9,23.733333333333334,16.757142857142856,9.442857142857145
2017-07-16,27.5,21.4,24.5,1.4,11.4,82,7,197,3,24.6,23.8,22.5,25.7,23.633333333333336,23.928571428571427,24.592857142857145,1.0,0.5,5.4,5.0,2.3000000000000003,16.34285714285714,9.507142857142856
2017-07-17,27.3,21.5,24.2,2.3,10.5,85,7,198,3,24.5,24.6,23.8,25.2,24.3,23.75714285714286,24.521428571428572,1.4,1.0,0.5,7.3,0.9666666666666667,15.828571428571426,9.6
2017-07-18,26.0,21.2,23.3,4.7,13.3,88,7,199,3,24.2,24.5,24.6,23.1,24.433333333333337,23.614285714285717,24.442857142857147,2.3,1.4,1.0,29.9,1.5666666666666664,15.114285714285712,9.707142857142859
2017-07-19,27.6,20.7,24.0,3.6,8.0,84,7,200,3,23.3,24.2,24.5,22.6,24.0,23.642857142857142,24.27857142857143,4.7,2.3,1.4,65.3,2.8000000000000003,11.51428571428571,9.992857142857144
2017-07-20,27.1,21.4,24.4,2.6,12.1,79,7,201,3,24.0,23.3,24.2,22.5,23.833333333333332,23.842857142857145,24.2,3.6,4.7,2.3,5.4,3.533333333333333,2.7,10.135714285714286
2017-07-21,25.6,21.6,23.2,14.1,8.4,90,7,202,3,24.4,24.0,23.3,23.8,23.900000000000002,24.114285714285717,24.1,2.6,3.6,4.7,0.5,3.633333333333334,2.3000000000000003,10.014285714285716
2017-07-22,25.8,20.9,23.4,2.4,10.8,87,7,203,3,23.2,24.4,24.0,24.6,23.86666666666667,24.02857142857143,24.014285714285712,14.1,2.6,3.6,1.0,6.766666666666666,4.242857142857143,10.500000000000002
2017-07-23,26.1,20.8,23.4,1.0,10.2,85,7,204,3,23.4,23.2,24.4,24.5,23.666666666666668,23.857142857142858,23.892857142857142,2.4,14.1,2.6,1.4,6.366666666666666,4.442857142857142,10.392857142857144
2017-07-24,26.7,20.5,23.8,1.3,10.5,83,7,205,3,23.4,23.4,23.2,24.2,23.333333333333332,23.699999999999996,23.72857142857143,1.0,2.4,14.1,2.3,5.833333333333333,4.385714285714285,10.10714285714286
2017-07-25,26.4,20.4,23.4,1.7,9.1,86,7,206,3,23.8,23.4,23.4,23.3,23.53333333333333,23.642857142857142,23.628571428571426,1.3,1.0,2.4,4.7,1.5666666666666662,4.242857142857143,9.678571428571429
2017-07-26,26.0,20.9,23.2,3.6,12.3,87,7,207,3,23.4,23.8,23.4,24.0,23.533333333333335,23.657142857142855,23.650000000000002,1.7,1.3,1.0,3.6,1.3333333333333328,3.814285714285714,7.664285714285716
2017-07-27,25.6,21.4,23.2,4.7,9.7,88,7,208,3,23.2,23.4,23.8,24.4,23.46666666666667,23.54285714285714,23.692857142857143,3.6,1.7,1.3,2.6,2.1999999999999993,3.814285714285714,3.2571428571428584
2017-07-28,25.7,22.1,23.5,1.7,8.6,89,7,209,3,23.2,23.2,23.4,23.2,23.26666666666667,23.37142857142857,23.74285714285714,4.7,3.6,1.7,14.1,3.3333333333333335,4.114285714285714,3.2071428571428586
2017-07-29,25.5,21.8,23.2,7.5,9.2,92,7,210,3,23.5,23.2,23.2,23.4,23.3,23.414285714285715,23.721428571428568,1.7,4.7,3.6,2.4,3.3333333333333335,2.3428571428571425,3.292857142857144
2017-07-30,26.3,21.7,23.6,2.6,7.4,91,7,211,3,23.2,23.5,23.2,23.4,23.3,23.385714285714283,23.62142857142857,7.5,1.7,4.7,1.0,4.633333333333333,3.0714285714285716,3.7571428571428584
2017-07-31,25.1,22.2,23.2,22.8,10.0,95,7,212,3,23.6,23.2,23.5,23.8,23.433333333333337,23.414285714285715,23.557142857142857,2.6,7.5,1.7,1.3,3.933333333333333,3.3000000000000003,3.8428571428571443
2017-08-01,26.1,22.1,23.4,7.9,8.5,94,8,213,3,23.2,23.6,23.2,23.4,23.333333333333332,23.32857142857143,23.485714285714288,22.8,2.6,7.5,1.7,10.966666666666667,6.371428571428572,5.307142857142858
2017-08-02,25.3,22.0,22.8,56.1,10.9,95,8,214,3,23.4,23.2,23.6,23.2,23.400000000000002,23.328571428571426,23.492857142857144,7.9,22.8,2.6,3.6,11.100000000000001,7.257142857142858,5.5357142857142865
2017-08-03,26.6,21.2,23.2,13.8,9.9,91,8,215,3,22.8,23.4,23.2,23.2,23.133333333333336,23.271428571428572,23.407142857142855,56.1,7.9,22.8,4.7,28.933333333333337,14.757142857142858,9.285714285714288
2017-08-04,27.7,21.4,24.5,5.1,11.3,86,8,216,3,23.2,22.8,23.4,23.5,23.133333333333336,23.27142857142857,23.321428571428573,13.8,56.1,7.9,1.7,25.933333333333337,16.057142857142857,10.085714285714287
2017-08-05,28.1,21.9,25.0,0.7,9.4,84,8,217,3,24.5,23.2,22.8,23.2,23.5,23.41428571428571,23.414285714285715,5.1,13.8,56.1,7.5,25.0,16.54285714285714,9.442857142857145
2017-08-06,27.0,22.1,24.8,2.9,10.9,87,8,218,3,25.0,24.5,23.2,23.6,24.233333333333338,23.67142857142857,23.528571428571432,0.7,5.1,13.8,2.6,6.533333333333334,15.571428571428571,9.321428571428571
2017-08-07,26.9,22.9,24.8,1.9,9.0,89,8,219,3,24.8,25.0,24.5,23.2,24.76666666666667,23.842857142857145,23.628571428571426,2.9,0.7,5.1,22.8,2.9,15.614285714285716,9.457142857142857
2017-08-08,27.0,22.6,24.3,2.8,10.6,89,8,220,3,24.8,24.8,25.0,23.4,24.86666666666667,24.071428571428573,23.7,1.9,2.9,0.7,7.9,1.8333333333333333,12.628571428571428,9.500000000000002
2017-08-09,26.4,21.9,23.8,4.8,10.6,90,8,221,3,24.3,24.8,24.8,22.8,24.633333333333336,24.2,23.764285714285712,2.8,1.9,2.9,56.1,2.533333333333333,11.9,9.578571428571431
2017-08-10,26.3,21.1,23.5,14.7,10.1,89,8,222,3,23.8,24.3,24.8,23.2,24.3,24.342857142857145,23.807142857142857,4.8,2.8,1.9,13.8,3.1666666666666665,4.571428571428571,9.664285714285715
2017-08-11,26.9,21.1,23.8,3.0,9.4,86,8,223,3,23.5,23.8,24.3,24.5,23.86666666666667,24.38571428571429,23.82857142857143,14.7,4.8,2.8,5.1,7.433333333333333,4.7,10.378571428571432
2017-08-12,27.5,20.9,24.1,2.4,9.6,82,8,224,3,23.8,23.5,23.8,25.0,23.700000000000003,24.285714285714285,23.85,3.0,14.7,4.8,0.7,7.5,4.3999999999999995,10.471428571428573
2017-08-13,27.5,21.4,23.9,3.4,11.8,80,8,225,3,24.1,23.8,23.5,24.8,23.8,24.157142857142862,23.914285714285715,2.4,3.0,14.7,2.9,6.7,4.642857142857143,10.107142857142858
2017-08-14,25.1,19.6,21.9,26.2,11.6,83,8,226,3,23.9,24.1,23.8,24.8,23.933333333333337,24.02857142857143,23.935714285714287,3.4,2.4,3.0,1.9,2.9333333333333336,4.714285714285714,10.164285714285715
2017-08-15,27.4,19.9,23.5,0.2,7.2,68,8,227,3,21.9,23.9,24.1,24.3,23.3,23.61428571428571,23.842857142857145,26.2,3.4,2.4,2.8,10.666666666666666,8.185714285714285,10.407142857142858
2017-08-16,27.6,20.8,24.5,0.0,9.3,73,8,228,3,23.5,21.9,23.9,23.8,23.099999999999998,23.5,23.849999999999998,0.2,26.2,3.4,4.8,9.933333333333334,7.814285714285714,9.85714285714286
2017-08-17,28.0,20.4,24.4,0.0,10.7,76,8,229,3,24.5,23.5,21.9,23.5,23.3,23.599999999999998,23.97142857142857,0.0,0.2,26.2,14.7,8.799999999999999,7.128571428571428,5.850000000000001
2017-08-18,27.5,21.4,25.0,0.6,9.8,74,8,230,3,24.4,24.5,23.5,23.8,24.133333333333336,23.728571428571428,24.057142857142853,0.0,0.0,0.2,3.0,0.06666666666666667,5.028571428571429,4.864285714285715
2017-08-19,27.2,22.3,25.5,0.3,10.0,72,8,231,3,25.0,24.4,24.5,24.1,24.633333333333336,23.900000000000002,24.092857142857138,0.6,0.0,0.0,2.4,0.19999999999999998,4.685714285714286,4.542857142857144
2017-08-20,25.9,19.6,23.0,3.3,9.0,84,8,232,3,25.5,25.0,24.4,23.9,24.96666666666667,24.099999999999998,24.128571428571426,0.3,0.6,0.0,3.4,0.3,4.385714285714286,4.514285714285715
2017-08-21,26.5,20.0,23.2,0.7,10.4,83,8,233,3,23.0,25.5,25.0,21.9,24.500000000000004,23.97142857142857,24.0,3.3,0.3,0.6,26.2,1.3999999999999997,4.371428571428571,4.542857142857144
2017-08-22,26.3,21.2,23.8,1.1,9.8,82,8,234,3,23.2,23.0,25.5,23.5,23.900000000000006,24.157142857142855,23.88571428571429,0.7,3.3,0.3,0.2,1.4333333333333333,0.7285714285714285,4.457142857142858
2017-08-23,26.2,20.4,23.6,2.1,10.2,83,8,235,3,23.8,23.2,23.0,24.5,23.33333333333334,24.2,23.849999999999998,1.1,0.7,3.3,0.0,1.7,0.8571428571428571,4.335714285714286
2017-08-24,25.1,20.3,23.4,2.7,8.9,82,8,236,3,23.6,23.8,23.2,24.4,23.533333333333335,24.071428571428573,23.835714285714285,2.1,1.1,0.7,0.0,1.3,1.157142857142857,4.142857142857144
2017-08-25,25.3,19.9,22.1,11.9,7.4,85,8,237,3,23.4,23.6,23.8,25.0,23.600000000000005,23.928571428571427,23.828571428571426,2.7,2.1,1.1,0.6,1.9666666666666668,1.542857142857143,3.285714285714287
2017-08-26,25.8,19.4,22.2,1.8,14.3,80,8,238,3,22.1,23.4,23.6,25.5,23.033333333333335,23.514285714285712,23.707142857142856,11.9,2.7,2.1,0.3,5.566666666666667,3.1571428571428575,3.921428571428572
2017-08-27,26.7,19.0,22.8,0.2,9.3,77,8,239,3,22.2,22.1,23.4,23.0,22.566666666666666,23.042857142857144,23.571428571428573,1.8,11.9,2.7,3.3,5.466666666666666,3.371428571428571,3.8785714285714294
2017-08-28,26.3,19.5,23.6,0.0,8.5,72,8,240,3,22.8,22.2,22.1,23.2,22.36666666666667,23.014285714285712,23.49285714285714,0.2,1.8,11.9,0.7,4.633333333333334,2.9285714285714284,3.6500000000000012
2017-08-29,25.3,19.7,22.8,2.5,9.0,84,8,241,3,23.6,22.8,22.2,23.8,22.86666666666667,23.071428571428573,23.614285714285717,0.0,0.2,1.8,1.1,0.6666666666666666,2.8285714285714287,1.7785714285714298
2017-08-30,25.9,20.0,22.7,2.5,7.2,84,8,242,3,22.8,23.6,22.8,23.6,23.066666666666674,22.928571428571427,23.564285714285713,2.5,0.0,0.2,2.1,0.9,3.028571428571429,1.9428571428571442
2017-08-31,25.8,20.0,22.7,1.3,7.2,85,8,243,3,22.7,22.8,23.6,23.4,23.033333333333335,22.800000000000004,23.435714285714287,2.5,2.5,0.0,2.7,1.6666666666666667,3.085714285714286,2.1214285714285728
2017-09-01,24.8,19.3,22.0,2.1,8.0,88,9,244,4,22.7,22.7,22.8,22.1,22.733333333333334,22.7,23.314285714285717,1.3,2.5,2.5,11.9,2.1,2.8857142857142857,2.2142857142857153
2017-09-02,24.5,18.9,21.1,4.0,7.7,88,9,245,4,22.0,22.7,22.7,22.2,22.46666666666667,22.685714285714287,23.1,2.1,1.3,2.5,1.8,1.9666666666666668,1.4857142857142855,2.3214285714285725
2017-09-03,24.6,18.4,21.2,2.8,13.5,84,9,246,4,21.1,22.0,22.7,22.8,21.933333333333337,22.52857142857143,22.785714285714285,4.0,2.1,1.3,0.2,2.466666666666667,1.7999999999999996,2.5857142857142867
2017-09-04,26.0,19.0,22.2,1.0,10.2,81,9,247,4,21.2,21.1,22.0,23.6,21.433333333333337,22.300000000000004,22.657142857142862,2.8,4.0,2.1,0.0,2.966666666666667,2.1714285714285713,2.5500000000000007
2017-09-05,25.6,19.1,22.1,0.3,9.0,83,9,248,4,22.2,21.2,21.1,22.8,21.5,22.099999999999998,22.585714285714285,1.0,2.8,4.0,2.5,2.6,2.314285714285714,2.5714285714285725
2017-09-06,25.2,19.2,21.8,0.3,12.8,81,9,249,4,22.1,22.2,21.2,22.7,21.833333333333332,22.0,22.464285714285715,0.3,1.0,2.8,2.5,1.3666666666666665,1.9999999999999998,2.5142857142857156
2017-09-07,25.3,19.3,21.8,1.2,7.4,79,9,250,4,21.8,22.1,22.2,22.7,22.033333333333335,21.871428571428574,22.335714285714285,0.3,0.3,1.0,1.3,0.5333333333333333,1.6857142857142855,2.3857142857142866
2017-09-08,26.1,19.2,22.7,1.0,10.0,76,9,251,4,21.8,21.8,22.1,22.0,21.900000000000006,21.74285714285714,22.22142857142857,1.2,0.3,0.3,2.1,0.6,1.671428571428571,2.2785714285714294
2017-09-09,26.5,19.1,22.8,0.0,10.0,78,9,252,4,22.7,21.8,21.8,21.1,22.100000000000005,21.842857142857145,22.264285714285712,1.0,1.2,0.3,4.0,0.8333333333333334,1.514285714285714,1.500000000000001
2017-09-10,24.9,19.2,22.0,4.1,8.1,79,9,253,4,22.8,22.7,21.8,21.2,22.433333333333337,22.085714285714285,22.307142857142857,0.0,1.0,1.2,2.8,0.7333333333333334,0.9428571428571425,1.3714285714285726
2017-09-11,25.0,18.0,21.2,2.5,12.7,77,9,254,4,22.0,22.8,22.7,22.2,22.5,22.199999999999996,22.25,4.1,0.0,1.0,1.0,1.7,1.1285714285714283,1.6500000000000008
2017-09-12,25.8,18.5,22.1,0.2,8.0,67,9,255,4,21.2,22.0,22.8,22.1,22.0,22.057142857142857,22.078571428571426,2.5,4.1,0.0,0.3,2.1999999999999997,1.3428571428571427,1.8285714285714294
2017-09-13,25.9,18.8,22.2,2.7,7.4,70,9,256,4,22.1,21.2,22.0,21.8,21.76666666666667,22.057142857142857,22.028571428571432,0.2,2.5,4.1,0.3,2.2666666666666666,1.328571428571428,1.6642857142857153
2017-09-14,24.9,18.4,21.5,2.0,9.2,66,9,257,4,22.2,22.1,21.2,21.8,21.833333333333332,22.11428571428571,21.99285714285714,2.7,0.2,2.5,1.2,1.8,1.6714285714285713,1.6785714285714295
2017-09-15,26.6,17.1,21.7,0.2,7.1,58,9,258,4,21.5,22.2,22.1,22.7,21.933333333333337,22.071428571428573,21.907142857142855,2.0,2.7,0.2,1.0,1.6333333333333335,1.7857142857142858,1.7285714285714298
2017-09-16,26.7,17.7,22.7,0.7,8.5,55,9,259,4,21.7,21.5,22.2,22.8,21.8,21.928571428571427,21.885714285714283,0.2,2.0,2.7,0.0,1.6333333333333335,1.6714285714285713,1.5928571428571439
2017-09-17,26.6,18.5,23.1,0.0,7.7,53,9,260,4,22.7,21.7,21.5,22.0,21.96666666666667,21.914285714285715,22.0,0.7,0.2,2.0,4.1,0.9666666666666667,1.7714285714285711,1.357142857142858
2017-09-18,28.2,18.1,23.6,0.0,8.4,46,9,261,4,23.1,22.7,21.7,21.2,22.5,22.071428571428573,22.135714285714283,0.0,0.7,0.2,2.5,0.3,1.1857142857142853,1.1571428571428581
2017-09-19,28.2,19.8,24.9,0.0,10.7,44,9,262,4,23.6,23.1,22.7,22.1,23.133333333333336,22.414285714285715,22.235714285714288,0.0,0.0,0.7,0.2,0.2333333333333333,0.8285714285714284,1.0857142857142867
2017-09-20,27.2,20.0,24.8,0.0,9.0,47,9,263,4,24.9,23.6,23.1,22.2,23.86666666666667,22.814285714285713,22.435714285714287,0.0,0.0,0.0,2.7,0.0,0.7999999999999997,1.0642857142857154
2017-09-21,26.9,19.5,23.9,0.0,10.5,57,9,264,4,24.8,24.9,23.6,21.5,24.433333333333337,23.185714285714287,22.650000000000002,0.0,0.0,0.0,2.0,0.0,0.41428571428571404,1.0428571428571438
2017-09-22,26.1,18.6,23.1,0.0,11.6,59,9,265,4,23.9,24.8,24.9,21.7,24.533333333333335,23.528571428571432,22.8,0.0,0.0,0.0,0.2,0.0,0.1285714285714283,0.9571428571428582
2017-09-23,26.2,18.7,23.4,0.0,10.8,53,9,266,4,23.1,23.9,24.8,22.7,23.933333333333337,23.728571428571428,22.82857142857143,0.0,0.0,0.0,0.7,0.0,0.09999999999999974,0.8857142857142868
2017-09-24,26.0,18.5,22.8,0.0,11.3,63,9,267,4,23.4,23.1,23.9,23.1,23.46666666666667,23.82857142857143,22.87142857142857,0.0,0.0,0.0,0.0,0.0,0.0,0.8857142857142868
2017-09-25,26.1,18.5,22.7,0.1,9.1,65,9,268,4,22.8,23.4,23.1,23.6,23.100000000000005,23.785714285714285,22.928571428571427,0.0,0.0,0.0,0.0,0.0,0.0,0.592857142857144
2017-09-26,27.0,18.1,23.3,0.0,10.8,58,9,269,4,22.7,22.8,23.4,24.9,22.96666666666667,23.657142857142855,23.035714285714285,0.1,0.0,0.0,0.0,0.03333333333333333,0.014285714285714032,0.4214285714285725
2017-09-27,27.7,19.6,24.0,0.0,12.6,54,9,270,4,23.3,22.7,22.8,24.8,22.933333333333337,23.428571428571427,23.12142857142857,0.0,0.1,0.0,0.0,0.03333333333333333,0.014285714285714032,0.4071428571428582
2017-09-28,27.9,18.5,23.3,0.0,10.8,54,9,271,4,24.0,23.3,22.7,23.9,23.333333333333332,23.314285714285713,23.25,0.0,0.0,0.1,0.0,0.03333333333333333,0.014285714285714032,0.2142857142857153
2017-09-29,27.6,19.5,23.7,0.0,12.0,50,9,272,4,23.3,24.0,23.3,23.1,23.533333333333335,23.228571428571428,23.37857142857143,0.0,0.0,0.0,0.0,0.0,0.014285714285714032,0.07142857142857244
2017-09-30,28.5,19.1,23.9,0.0,10.9,45,9,273,4,23.7,23.3,24.0,23.4,23.666666666666668,23.314285714285713,23.521428571428572,0.0,0.0,0.0,0.0,0.0,0.014285714285714032,0.057142857142858154
2017-10-01,28.0,19.1,23.9,0.0,14.1,46,10,274,4,23.9,23.7,23.3,22.8,23.633333333333336,23.385714285714283,23.607142857142858,0.0,0.0,0.0,0.0,0.0,0.014285714285714032,0.007142857142858158
2017-10-02,28.0,19.5,23.9,0.0,12.5,42,10,275,4,23.9,23.9,23.7,22.7,23.833333333333332,23.542857142857144,23.664285714285715,0.0,0.0,0.0,0.1,0.0,0.014285714285714032,0.007142857142858158
2017-10-03,28.1,18.6,23.0,0.0,11.9,42,10,276,4,23.9,23.9,23.9,23.3,23.9,23.714285714285715,23.685714285714283,0.0,0.0,0.0,0.0,0.0,0.0,0.007142857142858158
2017-10-04,27.7,19.3,24.2,0.0,12.1,44,10,277,4,23.0,23.9,23.9,24.0,23.600000000000005,23.671428571428574,23.55,0.0,0.0,0.0,0.0,0.0,0.0,0.007142857142858158
2017-10-05,27.2,19.4,23.7,0.1,6.9,48,10,278,4,24.2,23.0,23.9,23.3,23.700000000000003,23.7,23.507142857142856,0.0,0.0,0.0,0.0,0.0,0.0,0.007142857142858158
2017-10-06,26.8,18.7,23.7,0.0,10.5,47,10,279,4,23.7,24.2,23.0,23.7,23.633333333333336,23.757142857142856,23.492857142857144,0.1,0.0,0.0,0.0,0.03333333333333333,0.014285714285714032,0.014285714285715302
2017-10-07,27.8,18.4,23.0,0.6,9.4,47,10,280,4,23.7,23.7,24.2,23.9,23.86666666666667,23.75714285714286,23.535714285714285,0.0,0.1,0.0,0.0,0.03333333333333333,0.014285714285714032,0.014285714285715302
2017-10-08,27.5,17.5,22.0,1.6,15.6,47,10,281,4,23.0,23.7,23.7,23.9,23.46666666666667,23.62857142857143,23.50714285714286,0.6,0.0,0.1,0.0,0.2333333333333333,0.09999999999999974,0.05714285714285816
2017-10-09,26.7,17.6,22.3,0.2,10.5,39,10,282,4,22.0,23.0,23.7,23.9,22.900000000000002,23.357142857142858,23.45,1.6,0.6,0.0,0.0,0.7333333333333334,0.3285714285714283,0.17142857142857246
2017-10-10,26.8,17.6,22.5,1.4,9.2,43,10,283,4,22.3,22.0,23.0,23.0,22.433333333333337,23.128571428571426,23.421428571428574,0.2,1.6,0.6,0.0,0.8000000000000002,0.3571428571428569,0.17857142857142957
2017-10-11,26.0,17.6,22.2,0.7,8.6,42,10,284,4,22.5,22.3,22.0,24.2,22.26666666666667,23.057142857142853,23.364285714285717,1.4,0.2,1.6,0.0,1.0666666666666667,0.5571428571428568,0.2785714285714296
2017-10-12,26.9,17.8,22.9,0.0,7.2,38,10,285,4,22.2,22.5,22.3,23.7,22.333333333333332,22.771428571428572,23.235714285714288,0.7,1.4,0.2,0.1,0.7666666666666666,0.6571428571428568,0.32857142857142957
2017-10-13,26.1,17.3,21.9,0.1,7.6,38,10,286,4,22.9,22.2,22.5,23.7,22.533333333333335,22.657142857142862,23.207142857142856,0.0,0.7,1.4,0.0,0.6999999999999998,0.6428571428571426,0.32857142857142957
2017-10-14,26.5,16.9,22.4,0.1,11.8,33,10,287,4,21.9,22.9,22.2,23.0,22.333333333333332,22.4,23.07857142857143,0.1,0.0,0.7,0.6,0.26666666666666666,0.6571428571428569,0.33571428571428674
2017-10-15,25.5,17.2,21.5,1.2,8.9,35,10,288,4,22.4,21.9,22.9,22.0,22.400000000000002,22.314285714285713,22.97142857142857,0.1,0.1,0.0,1.6,0.06666666666666667,0.5857142857142854,0.34285714285714386
2017-10-16,26.4,15.7,20.3,0.0,10.8,34,10,289,4,21.5,22.4,21.9,22.3,21.933333333333337,22.24285714285714,22.8,1.2,0.1,0.1,0.2,0.4666666666666666,0.5285714285714284,0.4285714285714296
2017-10-17,26.8,15.3,20.3,0.0,10.7,35,10,290,4,20.3,21.5,22.4,22.5,21.400000000000002,21.95714285714286,22.542857142857144,0.0,1.2,0.1,1.4,0.4333333333333333,0.4999999999999997,0.4285714285714296
2017-10-18,27.2,16.1,21.2,0.0,9.7,30,10,291,4,20.3,20.3,21.5,22.2,20.700000000000003,21.642857142857142,22.349999999999998,0.0,0.0,1.2,0.7,0.39999999999999997,0.2999999999999997,0.4285714285714296
2017-10-19,25.5,17.0,22.4,0.0,11.9,38,10,292,4,21.2,20.3,20.3,22.9,20.600000000000005,21.5,22.13571428571429,0.0,0.0,0.0,0.0,0.0,0.19999999999999973,0.4285714285714296
2017-10-20,26.1,16.5,22.1,2.1,9.0,37,10,293,4,22.4,21.2,20.3,21.9,21.3,21.428571428571427,22.04285714285714,0.0,0.0,0.0,0.1,0.0,0.19999999999999973,0.4214285714285725
2017-10-21,26.0,16.5,20.5,0.0,11.2,32,10,294,4,22.1,22.4,21.2,22.4,21.900000000000006,21.457142857142856,21.928571428571427,2.1,0.0,0.0,0.1,0.7000000000000001,0.48571428571428543,0.5714285714285724
2017-10-22,23.6,14.2,20.3,1.9,11.8,36,10,295,4,20.5,22.1,22.4,21.5,21.666666666666668,21.185714285714287,21.75,0.0,2.1,0.0,1.2,0.7000000000000001,0.47142857142857114,0.5285714285714296
2017-10-23,22.8,14.4,19.0,0.2,10.7,38,10,296,4,20.3,20.5,22.1,20.3,20.96666666666667,21.014285714285712,21.628571428571426,1.9,0.0,2.1,0.0,1.3333333333333333,0.5714285714285712,0.5500000000000009
2017-10-24,22.7,13.1,17.4,0.0,12.0,43,10,297,4,19.0,20.3,20.5,20.3,19.933333333333337,20.82857142857143,21.392857142857142,0.2,1.9,0.0,0.0,0.7000000000000001,0.5999999999999998,0.5500000000000009
2017-10-25,24.8,15.8,19.8,0.0,9.9,27,10,298,4,17.4,19.0,20.3,21.2,18.900000000000002,20.41428571428571,21.02857142857143,0.0,0.2,1.9,0.0,0.7000000000000001,0.5999999999999998,0.45000000000000095
2017-10-26,23.1,14.9,20.6,0.0,10.8,27,10,299,4,19.8,17.4,19.0,22.4,18.733333333333338,20.214285714285715,20.857142857142858,0.0,0.0,0.2,0.0,0.06666666666666667,0.5999999999999998,0.40000000000000097
2017-10-27,22.5,14.1,19.2,0.0,10.7,34,10,300,4,20.6,19.8,17.4,22.1,19.26666666666667,19.957142857142856,20.692857142857143,0.0,0.0,0.0,2.1,0.0,0.5999999999999998,0.40000000000000097
2017-10-28,22.4,13.8,18.5,0.0,11.9,39,10,301,4,19.2,20.6,19.8,20.5,19.86666666666667,19.542857142857144,20.5,0.0,0.0,0.0,0.0,0.0,0.29999999999999977,0.3928571428571438
2017-10-29,22.3,14.1,18.7,0.0,11.8,44,10,302,4,18.5,19.2,20.6,20.3,19.433333333333337,19.25714285714286,20.22142857142857,0.0,0.0,0.0,1.9,0.0,0.29999999999999977,0.3857142857142867
2017-10-30,21.9,13.6,18.2,0.0,10.1,47,10,303,4,18.7,18.5,19.2,19.0,18.8,19.02857142857143,20.021428571428572,0.0,0.0,0.0,0.2,0.0,0.02857142857142832,0.300000000000001
2017-10-31,21.7,14.2,18.0,0.0,10.3,52,10,304,4,18.2,18.7,18.5,17.4,18.46666666666667,18.91428571428571,19.87142857142857,0.0,0.0,0.0,0.0,0.0,0.0,0.300000000000001
2017-11-01,21.8,14.1,18.1,0.0,10.3,58,11,305,4,18.0,18.2,18.7,19.8,18.3,19.0,19.707142857142856,0.0,0.0,0.0,0.0,0.0,0.0,0.300000000000001
2017-11-02,21.8,13.2,17.8,0.0,11.7,56,11,306,4,18.1,18.0,18.2,20.6,18.100000000000005,18.75714285714286,19.485714285714288,0.0,0.0,0.0,0.0,0.0,0.0,0.300000000000001
2017-11-03,21.6,13.2,17.5,0.0,11.2,64,11,307,4,17.8,18.1,18.0,19.2,17.96666666666667,18.357142857142858,19.157142857142855,0.0,0.0,0.0,0.0,0.0,0.0,0.300000000000001
2017-11-04,22.0,14.6,18.3,0.0,9.2,66,11,308,4,17.5,17.8,18.1,18.5,17.8,18.114285714285717,18.82857142857143,0.0,0.0,0.0,0.0,0.0,0.0,0.15000000000000102
2017-11-05,23.2,14.2,18.8,0.0,9.8,58,11,309,4,18.3,17.5,17.8,18.7,17.86666666666667,18.085714285714285,18.671428571428574,0.0,0.0,0.0,0.0,0.0,0.0,0.15000000000000102
2017-11-06,22.7,14.3,19.0,0.0,10.5,51,11,310,4,18.8,18.3,17.5,18.2,18.200000000000003,18.1,18.564285714285713,0.0,0.0,0.0,0.0,0.0,0.0,0.014285714285715302
2017-11-07,21.1,14.2,17.7,0.0,10.3,66,11,311,4,19.0,18.8,18.3,18.0,18.700000000000003,18.214285714285715,18.564285714285713,0.0,0.0,0.0,0.0,0.0,0.0,0.0
2017-11-08,20.3,13.0,16.3,0.6,8.7,76,11,312,4,17.7,19.0,18.8,18.1,18.500000000000004,18.17142857142857,18.585714285714285,0.0,0.0,0.0,0.0,0.0,0.0,0.0
2017-11-09,21.2,12.5,17.1,0.1,9.5,57,11,313,4,16.3,17.7,19.0,17.8,17.666666666666668,17.914285714285715,18.335714285714285,0.6,0.0,0.0,0.0,0.19999999999999998,0.08571428571428545,0.04285714285714387
2017-11-10,20.9,12.6,17.4,0.0,9.0,55,11,314,4,17.1,16.3,17.7,17.5,17.033333333333335,17.814285714285713,18.085714285714285,0.1,0.6,0.0,0.0,0.2333333333333333,0.09999999999999974,0.05000000000000101
2017-11-11,21.0,12.3,17.7,0.0,9.3,48,11,315,4,17.4,17.1,16.3,18.3,16.933333333333334,17.8,17.95714285714286,0.0,0.1,0.6,0.0,0.2333333333333333,0.09999999999999974,0.05000000000000101
2017-11-12,20.2,11.2,16.6,0.0,8.7,49,11,316,4,17.7,17.4,17.1,18.8,17.400000000000002,17.714285714285715,17.9,0.0,0.0,0.1,0.0,0.03333333333333333,0.09999999999999974,0.05000000000000101
2017-11-13,20.1,12.3,16.6,0.0,11.4,48,11,317,4,16.6,17.7,17.4,19.0,17.233333333333334,17.400000000000002,17.75,0.0,0.0,0.0,0.0,0.0,0.09999999999999974,0.05000000000000101
2017-11-14,16.3,9.8,13.8,9.8,13.7,69,11,318,4,16.6,16.6,17.7,17.7,16.96666666666667,17.057142857142857,17.635714285714286,0.0,0.0,0.0,0.0,0.0,0.09999999999999974,0.05000000000000101
2017-11-15,13.3,8.0,9.7,8.7,12.6,81,11,319,4,13.8,16.6,16.6,16.3,15.66666666666667,16.5,17.335714285714285,9.8,0.0,0.0,0.6,3.266666666666667,1.4999999999999998,0.750000000000001
2017-11-16,15.2,7.3,10.3,2.0,8.1,68,11,320,4,9.7,13.8,16.6,17.1,13.366666666666669,15.557142857142859,16.735714285714288,8.7,9.8,0.0,0.1,6.166666666666667,2.657142857142857,1.3714285714285723
2017-11-17,14.3,6.6,9.8,3.1,9.7,72,11,321,4,10.3,9.7,13.8,17.4,11.266666666666671,14.585714285714285,16.2,2.0,8.7,9.8,0.0,6.833333333333333,2.928571428571428,1.5142857142857153
2017-11-18,14.2,6.9,9.7,1.5,8.4,59,11,322,4,9.8,10.3,9.7,17.7,9.933333333333335,13.5,15.65,3.1,2.0,8.7,0.0,4.6,3.371428571428571,1.7357142857142869
2017-11-19,17.1,7.4,11.9,0.1,8.9,47,11,323,4,9.7,9.8,10.3,16.6,9.933333333333335,12.357142857142858,15.035714285714286,1.5,3.1,2.0,0.0,2.1999999999999997,3.5857142857142854,1.8428571428571439
2017-11-20,17.3,6.5,12.3,0.0,7.4,43,11,324,4,11.9,9.7,9.8,16.6,10.466666666666669,11.685714285714287,14.542857142857143,0.1,1.5,3.1,0.0,1.5666666666666667,3.599999999999999,1.850000000000001
2017-11-21,17.5,7.6,11.4,0.0,10.1,36,11,325,4,12.3,11.9,9.7,13.8,11.300000000000002,11.071428571428571,14.064285714285715,0.0,0.1,1.5,9.8,0.5333333333333333,3.599999999999999,1.850000000000001
2017-11-22,17.6,7.9,11.8,0.0,9.8,30,11,326,4,11.4,12.3,11.9,9.7,11.866666666666669,10.72857142857143,13.614285714285716,0.0,0.0,0.1,8.7,0.03333333333333333,2.1999999999999997,1.850000000000001
2017-11-23,17.7,7.1,13.1,0.0,12.1,32,11,327,4,11.8,11.4,12.3,10.3,11.833333333333337,11.028571428571428,13.292857142857143,0.0,0.0,0.0,2.0,0.0,0.957142857142857,1.807142857142858
2017-11-24,18.6,7.8,14.1,0.1,9.6,32,11,328,4,13.1,11.8,11.4,9.8,12.100000000000001,11.428571428571429,13.007142857142856,0.0,0.0,0.0,3.1,0.0,0.6714285714285712,1.800000000000001
2017-11-25,20.0,10.0,14.8,0.6,7.7,43,11,329,4,14.1,13.1,11.8,9.7,13.000000000000002,12.042857142857143,12.771428571428572,0.1,0.0,0.0,1.5,0.03333333333333333,0.2428571428571426,1.8071428571428583
2017-11-26,18.0,8.8,14.3,0.1,7.6,49,11,330,4,14.8,14.1,13.1,11.9,14.000000000000002,12.771428571428572,12.564285714285715,0.6,0.1,0.0,0.1,0.2333333333333333,0.11428571428571403,1.850000000000001
2017-11-27,17.9,8.5,12.5,0.0,7.3,47,11,331,4,14.3,14.8,14.1,12.3,14.4,13.114285714285714,12.400000000000002,0.1,0.6,0.1,0.0,0.26666666666666666,0.11428571428571403,1.857142857142858
2017-11-28,17.3,9.4,14.4,0.0,11.9,40,11,332,4,12.5,14.3,14.8,11.4,13.866666666666669,13.142857142857142,12.107142857142858,0.0,0.1,0.6,0.0,0.2333333333333333,0.11428571428571403,1.857142857142858
2017-11-29,17.5,8.9,12.3,0.8,8.0,48,11,333,4,14.4,12.5,14.3,11.8,13.733333333333336,13.571428571428571,12.150000000000002,0.0,0.0,0.1,0.0,0.03333333333333333,0.11428571428571403,1.1571428571428581
2017-11-30,17.8,9.3,12.2,0.0,7.4,47,11,334,4,12.3,14.4,12.5,13.1,13.06666666666667,13.642857142857142,12.335714285714285,0.8,0.0,0.0,0.0,0.26666666666666666,0.22857142857142834,0.592857142857144
2017-12-01,17.7,7.2,13.3,0.0,8.0,41,12,335,1,12.2,12.3,14.4,14.1,12.966666666666669,13.514285714285716,12.471428571428573,0.0,0.8,0.0,0.1,0.26666666666666666,0.22857142857142834,0.450000000000001
2017-12-02,16.7,8.6,14.3,0.0,7.6,38,12,336,1,13.3,12.2,12.3,14.8,12.600000000000003,13.4,12.721428571428572,0.0,0.0,0.8,0.6,0.26666666666666666,0.21428571428571402,0.2285714285714296
2017-12-03,15.7,6.9,12.6,0.0,7.4,47,12,337,1,14.3,13.3,12.2,14.3,13.266666666666667,13.328571428571427,13.05,0.0,0.0,0.0,0.1,0.0,0.12857142857142834,0.12142857142857245
2017-12-04,15.9,5.7,9.8,0.0,8.6,39,12,338,1,12.6,14.3,13.3,12.5,13.400000000000004,13.085714285714287,13.1,0.0,0.0,0.0,0.0,0.0,0.11428571428571406,0.11428571428571531
2017-12-05,13.9,4.7,9.6,0.0,9.6,43,12,339,1,9.8,12.6,14.3,14.4,12.233333333333334,12.700000000000001,12.921428571428573,0.0,0.0,0.0,0.0,0.0,0.11428571428571406,0.11428571428571531
2017-12-06,16.7,5.3,10.7,0.0,7.9,42,12,340,1,9.6,9.8,12.6,12.3,10.66666666666667,12.014285714285714,12.792857142857143,0.0,0.0,0.0,0.8,0.0,0.11428571428571406,0.11428571428571531
2017-12-07,19.2,7.8,13.2,0.0,11.0,41,12,341,1,10.7,9.6,9.8,12.2,10.033333333333337,11.785714285714286,12.714285714285714,0.0,0.0,0.0,0.0,0.0,0.0,0.11428571428571531
2017-12-08,20.5,9.7,15.6,0.0,8.8,33,12,342,1,13.2,10.7,9.6,13.3,11.16666666666667,11.928571428571429,12.721428571428573,0.0,0.0,0.0,0.0,0.0,0.0,0.11428571428571531
2017-12-09,19.7,8.7,15.2,0.0,6.6,37,12,343,1,15.6,13.2,10.7,14.3,13.166666666666666,12.257142857142856,12.828571428571427,0.0,0.0,0.0,0.0,0.0,0.0,0.10714285714285816
2017-12-10,16.7,9.2,13.1,0.0,6.5,46,12,344,1,15.2,15.6,13.2,12.6,14.66666666666667,12.385714285714286,12.857142857142858,0.0,0.0,0.0,0.0,0.0,0.0,0.0642857142857153
2017-12-11,13.4,5.7,8.7,16.6,10.1,80,12,345,1,13.1,15.2,15.6,9.8,14.633333333333335,12.457142857142856,12.77142857142857,0.0,0.0,0.0,0.0,0.0,0.0,0.05714285714285816
2017-12-12,7.9,3.4,5.7,29.8,11.5,93,12,346,1,8.7,13.1,15.2,9.6,12.333333333333336,12.299999999999999,12.5,16.6,0.0,0.0,0.0,5.533333333333334,2.3714285714285714,1.242857142857144
2017-12-13,8.9,2.2,4.7,2.7,8.7,82,12,347,1,5.7,8.7,13.1,10.7,9.16666666666667,11.742857142857144,11.878571428571428,29.8,16.6,0.0,0.0,15.466666666666669,6.628571428571429,3.3714285714285728
2017-12-14,10.9,1.4,5.5,1.4,9.1,66,12,348,1,4.7,5.7,8.7,13.2,6.36666666666667,10.885714285714286,11.335714285714287,2.7,29.8,16.6,0.0,16.366666666666667,7.014285714285714,3.507142857142859
2017-12-15,11.2,1.8,5.7,0.0,7.2,62,12,349,1,5.5,4.7,5.7,15.6,5.3000000000000025,9.785714285714286,10.857142857142858,1.4,2.7,29.8,0.0,11.299999999999999,7.214285714285714,3.6071428571428585
2017-12-16,13.2,2.6,7.1,0.0,9.2,45,12,350,1,5.7,5.5,4.7,15.2,5.300000000000002,8.371428571428572,10.314285714285715,0.0,1.4,2.7,0.0,1.3666666666666665,7.214285714285714,3.6071428571428585
2017-12-17,15.9,5.8,9.4,0.0,10.0,37,12,351,1,7.1,5.7,5.5,13.1,6.100000000000002,7.214285714285714,9.799999999999999,0.0,0.0,1.4,0.0,0.4666666666666666,7.214285714285714,3.6071428571428585
2017-12-18,17.8,8.6,11.7,0.0,10.1,36,12,352,1,9.4,7.1,5.7,8.7,7.400000000000002,6.685714285714285,9.571428571428571,0.0,0.0,0.0,16.6,0.0,7.214285714285714,3.6071428571428585
2017-12-19,19.1,9.7,12.9,2.1,10.5,37,12,353,1,11.7,9.4,7.1,5.7,9.400000000000002,7.114285714285714,9.707142857142856,0.0,0.0,0.0,29.8,0.0,4.8428571428571425,3.6071428571428585
2017-12-20,14.6,6.9,10.2,1.7,13.7,71,12,354,1,12.9,11.7,9.4,4.7,11.333333333333336,8.142857142857142,9.942857142857141,2.1,0.0,0.0,2.7,0.7000000000000001,0.8857142857142858,3.757142857142859
2017-12-21,13.3,5.8,9.0,0.9,14.3,76,12,355,1,10.2,12.9,11.7,5.5,11.600000000000001,8.928571428571427,9.907142857142858,1.7,2.1,0.0,1.4,1.2666666666666666,0.7428571428571429,3.87857142857143
2017-12-22,16.0,6.6,9.9,0.0,11.2,48,12,356,1,9.0,10.2,12.9,5.7,10.700000000000003,9.428571428571429,9.607142857142858,0.9,1.7,2.1,0.0,1.5666666666666667,0.6714285714285715,3.942857142857144
2017-12-23,16.6,7.4,11.3,0.0,7.4,37,12,357,1,9.9,9.0,10.2,7.1,9.700000000000003,10.028571428571428,9.2,0.0,0.9,1.7,0.0,0.8666666666666667,0.6714285714285715,3.942857142857144
2017-12-24,16.0,5.9,11.3,0.0,7.6,37,12,358,1,11.3,9.9,9.0,9.4,10.066666666666668,10.62857142857143,8.921428571428573,0.0,0.0,0.9,0.0,0.3,0.6714285714285715,3.942857142857144
2017-12-25,17.6,7.1,11.0,0.0,10.8,38,12,359,1,11.3,11.3,9.9,11.7,10.833333333333337,10.9,8.792857142857143,0.0,0.0,0.0,0.0,0.0,0.6714285714285715,3.942857142857144
2017-12-26,18.2,10.1,14.6,0.0,5.6,35,12,360,1,11.0,11.3,11.3,12.9,11.200000000000003,10.8,8.957142857142857,0.0,0.0,0.0,2.1,0.0,0.6714285714285715,2.7571428571428576
2017-12-27,16.6,9.3,13.9,0.0,5.8,38,12,361,1,14.6,11.0,11.3,10.2,12.300000000000002,11.042857142857143,9.592857142857143,0.0,0.0,0.0,1.7,0.0,0.37142857142857144,0.6285714285714297
2017-12-28,15.2,6.0,11.2,0.0,8.4,48,12,362,1,13.9,14.6,11.0,9.0,13.16666666666667,11.571428571428571,10.25,0.0,0.0,0.0,0.9,0.0,0.1285714285714286,0.4357142857142867
2017-12-29,16.5,6.6,10.2,0.0,10.7,37,12,363,1,11.2,13.9,14.6,9.9,13.233333333333334,11.885714285714284,10.657142857142857,0.0,0.0,0.0,0.0,0.0,0.0,0.3357142857142867
2017-12-30,17.0,7.2,10.7,0.0,12.0,29,12,364,1,10.2,11.2,13.9,11.3,11.766666666666667,11.928571428571429,10.978571428571428,0.0,0.0,0.0,0.0,0.0,0.0,0.3357142857142867
2017-12-31,15.8,6.5,9.9,0.0,9.0,36,12,365,1,10.7,10.2,11.2,11.3,10.700000000000003,11.842857142857142,11.235714285714286,0.0,0.0,0.0,0.0,0.0,0.0,0.3357142857142867
2018-01-01,15.4,5.9,9.8,0.0,8.1,39,1,1,1,9.9,10.7,10.2,11.0,10.266666666666667,11.642857142857142,11.271428571428572,0.0,0.0,0.0,0.0,0.0,0.0,0.3357142857142867
2018-01-02,13.7,3.4,9.7,0.0,8.4,44,1,2,1,9.8,9.9,10.7,14.6,10.133333333333335,11.471428571428572,11.135714285714286,0.0,0.0,0.0,0.0,0.0,0.0,0.3357142857142867
2018-01-03,13.6,5.2,10.2,0.0,5.6,41,1,3,1,9.7,9.8,9.9,13.9,9.800000000000002,10.771428571428572,10.907142857142858,0.0,0.0,0.0,0.0,0.0,0.0,0.18571428571428675
2018-01-04,11.1,4.8,8.3,4.1,10.5,62,1,4,1,10.2,9.7,9.8,11.2,9.900000000000004,10.242857142857142,10.907142857142857,0.0,0.0,0.0,0.0,0.0,0.0,0.0642857142857153
2018-01-05,9.5,2.1,5.4,2.0,8.0,78,1,5,1,8.3,10.2,9.7,10.2,9.4,9.828571428571427,10.857142857142858,4.1,0.0,0.0,0.0,1.3666666666666665,0.5857142857142856,0.29285714285714387
2018-01-06,11.7,2.3,6.1,0.0,7.3,52,1,6,1,5.4,8.3,10.2,10.7,7.9666666666666694,9.142857142857142,10.535714285714286,2.0,4.1,0.0,0.0,2.033333333333333,0.8714285714285713,0.4357142857142867
2018-01-07,13.5,3.4,7.7,0.0,7.8,41,1,7,1,6.1,5.4,8.3,9.9,6.600000000000002,8.485714285714286,10.164285714285715,0.0,2.0,4.1,0.0,2.033333333333333,0.8714285714285713,0.4357142857142867
2018-01-08,14.2,3.3,9.6,0.0,9.4,37,1,8,1,7.7,6.1,5.4,9.8,6.400000000000002,8.171428571428573,9.907142857142857,0.0,0.0,2.0,0.0,0.6666666666666666,0.8714285714285713,0.4357142857142867
2018-01-09,15.8,3.9,9.9,0.0,9.1,36,1,9,1,9.6,7.7,6.1,9.7,7.800000000000002,8.142857142857142,9.807142857142859,0.0,0.0,0.0,0.0,0.0,0.8714285714285713,0.4357142857142867
2018-01-10,16.5,4.6,10.1,0.0,8.8,35,1,10,1,9.9,9.6,7.7,10.2,9.066666666666668,8.171428571428573,9.471428571428572,0.0,0.0,0.0,0.0,0.0,0.8714285714285713,0.4357142857142867
2018-01-11,15.6,7.5,12.1,0.0,7.5,32,1,11,1,10.1,9.9,9.6,8.3,9.866666666666669,8.157142857142857,9.200000000000001,0.0,0.0,0.0,4.1,0.0,0.8714285714285713,0.4357142857142867
2018-01-12,16.1,6.5,12.1,0.0,6.4,32,1,12,1,12.1,10.1,9.9,5.4,10.700000000000003,8.7,9.264285714285714,0.0,0.0,0.0,2.0,0.0,0.2857142857142857,0.4357142857142867
2018-01-13,15.2,6.0,12.5,0.0,6.2,39,1,13,1,12.1,12.1,10.1,6.1,11.433333333333337,9.657142857142857,9.4,0.0,0.0,0.0,0.0,0.0,0.0,0.4357142857142867
2018-01-14,14.5,5.7,11.5,0.0,10.3,38,1,14,1,12.5,12.1,12.1,7.7,12.233333333333336,10.571428571428571,9.528571428571428,0.0,0.0,0.0,0.0,0.0,0.0,0.4357142857142867
2018-01-15,17.3,5.0,10.1,0.0,11.4,42,1,15,1,11.5,12.5,12.1,9.6,12.033333333333337,11.114285714285714,9.642857142857142,0.0,0.0,0.0,0.0,0.0,0.0,0.4357142857142867
2018-01-16,16.1,7.8,13.2,0.0,5.2,29,1,16,1,10.1,11.5,12.5,9.9,11.366666666666669,11.185714285714285,9.664285714285715,0.0,0.0,0.0,0.0,0.0,0.0,0.4357142857142867
2018-01-17,12.4,4.4,7.9,2.6,13.8,58,1,17,1,13.2,10.1,11.5,10.1,11.600000000000003,11.657142857142857,9.914285714285715,0.0,0.0,0.0,0.0,0.0,0.0,0.4357142857142867
2018-01-18,16.0,4.6,9.5,0.0,8.7,48,1,18,1,7.9,13.2,10.1,12.1,10.400000000000004,11.342857142857143,9.75,2.6,0.0,0.0,0.0,0.8666666666666667,0.37142857142857144,0.6214285714285724
2018-01-19,16.1,7.6,12.0,0.0,7.5,34,1,19,1,9.5,7.9,13.2,12.1,10.200000000000003,10.971428571428572,9.835714285714285,0.0,2.6,0.0,0.0,0.8666666666666667,0.37142857142857144,0.32857142857142957
2018-01-20,19.7,7.4,12.3,0.0,10.5,27,1,20,1,12.0,9.5,7.9,12.5,9.800000000000004,10.957142857142857,10.307142857142855,0.0,0.0,2.6,0.0,0.8666666666666667,0.37142857142857144,0.18571428571428675
2018-01-21,17.2,7.5,14.7,0.0,6.7,31,1,21,1,12.3,12.0,9.5,11.5,11.266666666666671,10.928571428571429,10.75,0.0,0.0,0.0,0.0,0.0,0.37142857142857144,0.18571428571428675
2018-01-22,13.9,5.8,11.4,0.0,7.9,53,1,22,1,14.7,12.3,12.0,10.1,13.000000000000002,11.385714285714286,11.25,0.0,0.0,0.0,0.0,0.0,0.37142857142857144,0.18571428571428675
2018-01-23,12.3,3.8,8.1,0.5,9.4,67,1,23,1,11.4,14.7,12.3,13.2,12.800000000000002,11.571428571428571,11.378571428571428,0.0,0.0,0.0,0.0,0.0,0.37142857142857144,0.18571428571428675
2018-01-24,11.4,3.1,7.2,0.0,9.0,70,1,24,1,8.1,11.4,14.7,7.9,11.400000000000004,10.842857142857143,11.25,0.5,0.0,0.0,2.6,0.16666666666666666,0.4428571428571429,0.22142857142857245
2018-01-25,12.3,4.1,8.5,0.0,7.6,61,1,25,1,7.2,8.1,11.4,9.5,8.900000000000004,10.742857142857144,11.042857142857143,0.0,0.5,0.0,0.0,0.16666666666666666,0.07142857142857142,0.22142857142857245
2018-01-26,12.1,2.9,7.9,0.0,9.0,64,1,26,1,8.5,7.2,8.1,12.0,7.933333333333337,10.599999999999998,10.785714285714286,0.0,0.0,0.5,0.0,0.16666666666666666,0.07142857142857142,0.22142857142857245
2018-01-27,12.4,3.9,8.8,0.4,7.6,57,1,27,1,7.9,8.5,7.2,12.3,7.86666666666667,10.014285714285714,10.485714285714286,0.0,0.0,0.0,0.0,0.0,0.07142857142857142,0.22142857142857245
2018-01-28,14.3,5.5,10.1,0.0,10.7,49,1,28,1,8.8,7.9,8.5,14.7,8.400000000000004,9.514285714285714,10.221428571428572,0.4,0.0,0.0,0.0,0.13333333333333333,0.1285714285714286,0.250000000000001
2018-01-29,13.8,5.4,9.4,2.2,10.2,48,1,29,1,10.1,8.8,7.9,11.4,8.933333333333337,8.857142857142858,10.12142857142857,0.0,0.4,0.0,0.0,0.13333333333333333,0.1285714285714286,0.250000000000001
2018-01-30,14.3,6.0,9.1,2.9,13.9,69,1,30,1,9.4,10.1,8.8,8.1,9.433333333333337,8.571428571428571,10.071428571428571,2.2,0.0,0.4,0.5,0.8666666666666667,0.4428571428571429,0.4071428571428582
2018-01-31,14.7,6.1,9.6,1.0,10.8,60,1,31,1,9.1,9.4,10.1,7.2,9.533333333333337,8.714285714285714,9.778571428571428,2.9,2.2,0.0,0.0,1.7,0.7857142857142857,0.6142857142857153
2018-02-01,13.9,4.8,8.6,2.1,9.1,66,2,32,1,9.6,9.1,9.4,8.5,9.366666666666669,9.057142857142857,9.9,1.0,2.9,2.2,0.0,2.033333333333333,0.9285714285714286,0.500000000000001
2018-02-02,14.9,5.5,9.3,1.5,9.0,51,2,33,1,8.6,9.6,9.1,7.9,9.100000000000003,9.071428571428571,9.835714285714285,2.1,1.0,2.9,0.0,2.0,1.2285714285714284,0.6500000000000011
2018-02-03,13.1,4.4,8.8,0.2,12.3,48,2,34,1,9.3,8.6,9.6,8.8,9.16666666666667,9.271428571428572,9.642857142857142,1.5,2.1,1.0,0.4,1.5333333333333332,1.4428571428571428,0.7571428571428582
2018-02-04,15.6,4.5,9.0,0.0,10.1,36,2,35,1,8.8,9.3,8.6,10.1,8.900000000000004,9.271428571428572,9.392857142857142,0.2,1.5,2.1,0.0,1.2666666666666668,1.4142857142857144,0.7714285714285725
2018-02-05,15.0,4.8,11.1,0.0,9.2,33,2,36,1,9.0,8.8,9.3,9.4,9.033333333333337,9.114285714285716,8.985714285714286,0.0,0.2,1.5,2.2,0.5666666666666667,1.4142857142857144,0.7714285714285725
2018-02-06,14.0,4.0,9.3,0.5,8.4,33,2,37,1,11.1,9.0,8.8,9.1,9.633333333333338,9.357142857142858,8.964285714285714,0.0,0.0,0.2,2.9,0.06666666666666667,1.1,0.7714285714285725
2018-02-07,13.9,5.2,9.6,0.0,10.4,31,2,38,1,9.3,11.1,9.0,9.6,9.800000000000004,9.385714285714286,9.05,0.5,0.0,0.0,1.0,0.16666666666666666,0.7571428571428571,0.7714285714285725
2018-02-08,13.7,4.8,9.1,0.8,9.4,42,2,39,1,9.6,9.3,11.1,8.6,10.000000000000004,9.385714285714286,9.221428571428572,0.0,0.5,0.0,2.1,0.16666666666666666,0.6142857142857142,0.7714285714285725
2018-02-09,14.2,3.7,8.6,0.6,10.6,44,2,40,1,9.1,9.6,9.3,9.3,9.333333333333337,9.457142857142857,9.264285714285714,0.8,0.0,0.5,1.5,0.43333333333333335,0.42857142857142855,0.8285714285714297
2018-02-10,13.6,6.5,9.8,1.6,11.9,44,2,41,1,8.6,9.1,9.6,8.8,9.100000000000003,9.357142857142858,9.314285714285715,0.6,0.8,0.0,0.2,0.4666666666666666,0.3,0.8714285714285726
2018-02-11,14.9,4.6,9.6,1.3,12.1,51,2,42,1,9.8,8.6,9.1,9.0,9.16666666666667,9.5,9.385714285714286,1.6,0.6,0.8,0.0,1.0,0.5,0.9571428571428582
2018-02-12,8.3,3.6,5.4,29.3,13.5,87,2,43,1,9.6,9.8,8.6,11.1,9.333333333333337,9.585714285714285,9.35,1.3,1.6,0.6,0.0,1.1666666666666667,0.6857142857142858,1.0500000000000012
2018-02-13,9.6,2.8,5.5,6.7,6.5,84,2,44,1,5.4,9.6,9.8,9.3,8.266666666666671,8.77142857142857,9.064285714285715,29.3,1.3,1.6,0.5,10.733333333333334,4.871428571428572,2.9857142857142867
2018-02-14,14.6,2.7,8.4,0.0,7.9,55,2,45,1,5.5,5.4,9.6,9.6,6.833333333333337,8.22857142857143,8.807142857142857,6.7,29.3,1.3,0.0,12.433333333333332,5.757142857142858,3.2571428571428584
2018-02-15,16.6,6.2,11.1,0.3,10.2,56,2,46,1,8.4,5.5,5.4,9.1,6.433333333333337,8.057142857142857,8.721428571428572,0.0,6.7,29.3,0.8,12.0,5.757142857142858,3.185714285714287
2018-02-16,16.9,8.0,12.3,0.8,7.6,61,2,47,1,11.1,8.4,5.5,8.6,8.333333333333337,8.342857142857143,8.9,0.3,0.0,6.7,0.6,2.3333333333333335,5.685714285714286,3.0571428571428583
2018-02-17,16.6,6.9,12.3,0.0,11.3,51,2,48,1,12.3,11.1,8.4,9.8,10.600000000000003,8.87142857142857,9.114285714285714,0.8,0.3,0.0,1.6,0.3666666666666667,5.714285714285714,3.0071428571428584
2018-02-18,17.1,6.0,11.3,0.0,10.0,46,2,49,1,12.3,12.3,11.1,9.6,11.900000000000006,9.228571428571428,9.364285714285714,0.0,0.8,0.3,1.3,0.3666666666666667,5.485714285714286,2.992857142857144
2018-02-19,18.0,7.6,13.4,0.0,9.0,37,2,50,1,11.3,12.3,12.3,5.4,11.96666666666667,9.471428571428572,9.528571428571428,0.0,0.0,0.8,29.3,0.26666666666666666,5.3,2.992857142857144
2018-02-20,19.1,8.1,13.6,0.0,11.7,40,2,51,1,13.4,11.3,12.3,5.5,12.333333333333337,10.614285714285714,9.692857142857145,0.0,0.0,0.0,6.7,0.0,1.1142857142857143,2.992857142857144
2018-02-21,15.6,7.3,11.1,3.0,14.8,73,2,52,1,13.6,13.4,11.3,8.4,12.766666666666671,11.771428571428572,10.0,0.0,0.0,0.0,0.0,0.0,0.15714285714285717,2.9571428571428586
2018-02-22,18.0,8.2,12.1,0.8,7.3,53,2,53,1,11.1,13.6,13.4,11.1,12.700000000000003,12.157142857142857,10.107142857142858,3.0,0.0,0.0,0.3,1.0,0.5857142857142856,3.171428571428573
2018-02-23,19.2,8.8,13.5,0.4,8.6,45,2,54,1,12.1,11.1,13.6,12.3,12.266666666666671,12.299999999999999,10.321428571428571,0.8,3.0,0.0,0.8,1.2666666666666666,0.6571428571428573,3.171428571428572
2018-02-24,12.4,6.6,8.6,25.6,15.1,85,2,55,1,13.5,12.1,11.1,12.3,12.233333333333336,12.471428571428573,10.671428571428573,0.4,0.8,3.0,0.0,1.4000000000000001,0.6,3.1571428571428584
2018-02-25,16.0,6.6,11.2,1.6,9.8,78,2,56,1,8.6,13.5,12.1,11.3,11.400000000000004,11.942857142857141,10.585714285714285,25.6,0.4,0.8,0.0,8.933333333333334,4.257142857142857,4.871428571428573
2018-02-26,19.8,8.8,13.6,0.6,9.7,53,2,57,1,11.2,8.6,13.5,13.4,11.100000000000003,11.928571428571429,10.700000000000001,1.6,25.6,0.4,0.0,9.200000000000001,4.485714285714286,4.892857142857145
2018-02-27,18.6,9.2,14.0,4.3,10.5,69,2,58,1,13.6,11.2,8.6,13.6,11.133333333333335,11.957142857142857,11.285714285714286,0.6,1.6,25.6,0.0,9.266666666666667,4.571428571428571,2.842857142857144
2018-02-28,19.2,10.5,15.1,0.1,9.4,60,2,59,1,14.0,13.6,11.2,11.1,12.933333333333337,12.014285714285714,11.892857142857142,4.3,0.6,1.6,3.0,2.1666666666666665,5.185714285714285,2.671428571428573
2018-03-01,16.6,10.8,13.1,5.2,9.3,71,3,60,2,15.1,14.0,13.6,12.1,14.233333333333336,12.585714285714285,12.37142857142857,0.1,4.3,0.6,0.8,1.6666666666666667,4.771428571428571,2.6785714285714297
2018-03-02,15.1,8.5,11.4,23.2,18.1,83,3,61,2,13.1,15.1,14.0,13.5,14.06666666666667,12.72857142857143,12.514285714285714,5.2,0.1,4.3,0.4,3.1999999999999997,5.4,3.0285714285714294
2018-03-03,13.0,8.4,10.3,9.9,12.9,85,3,62,2,11.4,13.1,15.1,8.6,13.200000000000003,12.428571428571427,12.45,23.2,5.2,0.1,25.6,9.5,8.657142857142857,4.628571428571429
2018-03-04,15.5,5.7,10.4,1.6,8.0,78,3,63,2,10.3,11.4,13.1,11.2,11.600000000000003,12.671428571428573,12.307142857142859,9.9,23.2,5.2,1.6,12.766666666666666,6.4142857142857155,5.335714285714287
2018-03-05,16.1,7.0,12.0,5.6,9.7,66,3,64,2,10.4,10.3,11.4,13.6,10.700000000000003,12.557142857142855,12.242857142857144,1.6,9.9,23.2,0.6,11.566666666666668,6.4142857142857155,5.450000000000001
2018-03-06,19.2,7.6,12.8,0.0,10.0,51,3,65,2,12.0,10.4,10.3,14.0,10.900000000000006,12.328571428571427,12.142857142857142,5.6,1.6,9.9,4.3,5.7,7.128571428571428,5.850000000000001
2018-03-07,19.7,8.3,13.8,0.0,8.4,42,3,66,2,12.8,12.0,10.4,15.1,11.733333333333336,12.157142857142857,12.085714285714285,0.0,5.6,1.6,0.1,2.4,6.514285714285713,5.850000000000001
2018-03-08,20.0,10.5,15.3,1.0,9.2,44,3,67,2,13.8,12.8,12.0,13.1,12.866666666666669,11.971428571428573,12.278571428571428,0.0,0.0,5.6,5.2,1.8666666666666665,6.5,5.635714285714287
2018-03-09,17.7,9.6,12.9,3.9,13.8,68,3,68,2,15.3,13.8,12.8,11.4,13.96666666666667,12.285714285714286,12.507142857142858,1.0,0.0,0.0,23.2,0.3333333333333333,5.8999999999999995,5.650000000000001
2018-03-10,20.7,9.8,14.2,0.0,9.6,54,3,69,2,12.9,15.3,13.8,10.3,14.000000000000005,12.500000000000002,12.464285714285714,3.9,1.0,0.0,9.9,1.6333333333333335,3.142857142857143,5.9
2018-03-11,21.0,9.9,15.3,0.0,11.1,47,3,70,2,14.2,12.9,15.3,10.4,14.133333333333338,13.057142857142855,12.864285714285716,0.0,3.9,1.0,1.6,1.6333333333333335,1.7285714285714284,4.071428571428572
2018-03-12,19.0,11.7,15.4,1.0,19.5,55,3,71,2,15.3,14.2,12.9,12.0,14.133333333333338,13.757142857142858,13.157142857142857,0.0,0.0,3.9,5.6,1.3,1.5,3.957142857142858
2018-03-13,14.4,10.7,12.2,41.5,20.4,80,3,72,2,15.4,15.3,14.2,12.8,14.96666666666667,14.242857142857144,13.285714285714286,1.0,0.0,0.0,0.0,0.3333333333333333,0.8428571428571429,3.9857142857142867
2018-03-14,17.6,9.1,12.3,19.0,17.2,77,3,73,2,12.2,15.4,15.3,13.8,14.300000000000002,14.157142857142858,13.157142857142857,41.5,1.0,0.0,0.0,14.166666666666666,6.771428571428571,6.642857142857144
2018-03-15,15.4,7.9,11.3,4.6,12.9,77,3,74,2,12.3,12.2,15.4,15.3,13.300000000000004,13.942857142857141,12.957142857142857,19.0,41.5,1.0,1.0,20.5,9.485714285714286,7.992857142857143
2018-03-16,17.4,8.1,12.4,0.6,7.8,61,3,75,2,11.3,12.3,12.2,12.9,11.933333333333337,13.37142857142857,12.828571428571431,4.6,19.0,41.5,3.9,21.7,10.0,7.950000000000001
2018-03-17,19.8,8.1,13.4,0.0,11.3,50,3,76,2,12.4,11.3,12.3,14.2,12.000000000000005,13.299999999999999,12.900000000000002,0.6,4.6,19.0,0.0,8.066666666666666,9.528571428571427,6.335714285714287
2018-03-18,20.3,9.0,15.6,0.0,12.0,37,3,77,2,13.4,12.4,11.3,15.3,12.366666666666669,13.185714285714287,13.12142857142857,0.0,0.6,4.6,0.0,1.7333333333333332,9.528571428571427,5.628571428571429
2018-03-19,20.6,11.5,16.4,0.0,9.0,42,3,78,2,15.6,13.4,12.4,15.4,13.800000000000004,13.228571428571428,13.492857142857144,0.0,0.0,0.6,1.0,0.19999999999999998,9.528571428571427,5.514285714285715
2018-03-20,22.0,11.3,15.4,3.2,14.0,55,3,79,2,16.4,15.6,13.4,12.2,15.133333333333338,13.37142857142857,13.807142857142855,0.0,0.0,0.0,41.5,0.0,9.385714285714284,5.114285714285715
2018-03-21,16.5,10.8,13.3,3.9,13.1,74,3,80,2,15.4,16.4,15.6,12.3,15.800000000000004,13.828571428571427,13.992857142857144,3.2,0.0,0.0,19.0,1.0666666666666667,3.914285714285714,5.342857142857143
2018-03-22,17.5,10.2,13.6,2.0,9.0,71,3,81,2,13.3,15.4,16.4,11.3,15.033333333333339,13.971428571428572,13.957142857142857,3.9,3.2,0.0,4.6,2.3666666666666667,1.7571428571428573,5.621428571428572
2018-03-23,19.5,9.5,14.4,1.7,10.8,68,3,82,2,13.6,13.3,15.4,12.4,14.100000000000003,14.3,13.835714285714287,2.0,3.9,3.2,0.6,3.033333333333333,1.3857142857142857,5.692857142857143
2018-03-24,21.5,10.3,15.5,0.0,9.3,60,3,83,2,14.4,13.6,13.3,13.4,13.766666666666673,14.585714285714285,13.942857142857145,1.7,2.0,3.9,0.0,2.533333333333333,1.542857142857143,5.5357142857142865
2018-03-25,25.2,12.0,17.8,0.0,8.4,44,3,84,2,15.5,14.4,13.6,15.6,14.500000000000005,14.885714285714284,14.035714285714286,0.0,1.7,2.0,0.0,1.2333333333333334,1.542857142857143,5.5357142857142865
2018-03-26,25.1,12.7,19.0,0.0,13.1,41,3,85,2,17.8,15.5,14.4,16.4,15.900000000000006,15.200000000000001,14.214285714285714,0.0,0.0,1.7,0.0,0.5666666666666667,1.542857142857143,5.5357142857142865
2018-03-27,24.6,14.1,20.7,0.2,12.3,42,3,86,2,19.0,17.8,15.5,15.4,17.433333333333337,15.571428571428571,14.471428571428572,0.0,0.0,0.0,3.2,0.0,1.542857142857143,5.464285714285715
2018-03-28,23.4,13.2,18.3,0.0,10.3,45,3,87,2,20.7,19.0,17.8,13.3,19.16666666666667,16.32857142857143,15.078571428571427,0.2,0.0,0.0,3.9,0.06666666666666667,1.1142857142857143,2.5142857142857156
2018-03-29,24.4,13.9,18.7,0.0,12.8,39,3,88,2,18.3,20.7,19.0,13.6,19.33333333333334,17.042857142857144,15.507142857142856,0.0,0.2,0.0,2.0,0.06666666666666667,0.5571428571428572,1.1571428571428581
2018-03-30,27.2,14.8,21.1,0.0,15.2,21,3,89,2,18.7,18.3,20.7,14.4,19.233333333333338,17.77142857142857,16.035714285714285,0.0,0.0,0.2,1.7,0.06666666666666667,0.2714285714285714,0.8285714285714295
2018-03-31,27.7,17.9,22.8,0.0,13.2,25,3,90,2,21.1,18.7,18.3,15.5,19.36666666666667,18.728571428571428,16.657142857142855,0.0,0.0,0.0,0.0,0.0,0.028571428571428574,0.7857142857142867
2018-04-01,26.1,17.3,22.8,0.0,10.5,42,4,91,2,22.8,21.1,18.7,17.8,20.86666666666667,19.771428571428572,17.32857142857143,0.0,0.0,0.0,0.0,0.0,0.028571428571428574,0.7857142857142867
2018-04-02,25.9,16.7,21.7,1.4,11.8,51,4,92,2,22.8,22.8,21.1,19.0,22.233333333333338,20.485714285714288,17.84285714285714,0.0,0.0,0.0,0.0,0.0,0.028571428571428574,0.7857142857142867
2018-04-03,24.2,14.8,18.6,3.0,15.8,63,4,93,2,21.7,22.8,22.8,20.7,22.433333333333337,20.87142857142857,18.22142857142857,1.4,0.0,0.0,0.2,0.4666666666666666,0.22857142857142856,0.8857142857142868
2018-04-04,25.0,14.7,20.1,0.1,11.0,50,4,94,2,18.6,21.7,22.8,18.3,21.033333333333335,20.571428571428573,18.45,3.0,1.4,0.0,0.0,1.4666666666666668,0.6285714285714287,0.8714285714285724
2018-04-05,25.4,15.6,19.9,0.1,10.1,52,4,95,2,20.1,18.6,21.7,18.7,20.13333333333334,20.82857142857143,18.935714285714287,0.1,3.0,1.4,0.0,1.5,0.6428571428571429,0.6000000000000011
2018-04-06,24.6,15.9,19.9,0.5,8.2,56,4,96,2,19.9,20.1,18.6,21.1,19.533333333333335,21.0,19.385714285714283,0.1,0.1,3.0,0.0,1.0666666666666667,0.6571428571428571,0.4642857142857153
2018-04-07,25.4,15.8,20.6,1.3,12.4,53,4,97,2,19.9,19.9,20.1,22.8,19.96666666666667,20.82857142857143,19.778571428571432,0.5,0.1,0.1,0.0,0.2333333333333333,0.7285714285714285,0.37857142857142956
2018-04-08,22.6,15.2,19.5,14.3,13.3,63,4,98,2,20.6,19.9,19.9,22.8,20.133333333333336,20.514285714285712,20.142857142857142,1.3,0.5,0.1,0.0,0.6333333333333333,0.9142857142857144,0.4714285714285724
2018-04-09,19.2,13.2,16.5,28.0,12.9,85,4,99,2,19.5,20.6,19.9,21.7,20.000000000000004,20.042857142857144,20.264285714285712,14.3,1.3,0.5,1.4,5.366666666666667,2.9571428571428577,1.4928571428571438
2018-04-10,20.1,13.1,15.6,14.3,11.5,81,4,100,2,16.5,19.5,20.6,18.6,18.86666666666667,19.3,20.085714285714285,28.0,14.3,1.3,3.0,14.533333333333333,6.757142857142858,3.4928571428571438
2018-04-11,17.3,10.1,14.0,6.8,13.3,78,4,101,2,15.6,16.5,19.5,20.1,17.200000000000003,18.87142857142857,19.72142857142857,14.3,28.0,14.3,0.1,18.86666666666667,8.371428571428572,4.500000000000001
2018-04-12,19.6,9.6,14.7,1.3,7.2,63,4,102,2,14.0,15.6,16.5,19.9,15.366666666666669,18.0,19.414285714285715,6.8,14.3,28.0,0.1,16.366666666666667,9.328571428571427,4.985714285714287
2018-04-13,22.6,11.3,16.7,0.0,9.1,54,4,103,2,14.7,14.0,15.6,19.9,14.766666666666671,17.257142857142856,19.12857142857143,1.3,6.8,14.3,0.5,7.466666666666668,9.500000000000002,5.078571428571429
2018-04-14,23.0,13.6,17.9,0.1,10.8,52,4,104,2,16.7,14.7,14.0,20.6,15.133333333333335,16.8,18.814285714285713,0.0,1.3,6.8,1.3,2.6999999999999997,9.42857142857143,5.078571428571429
2018-04-15,24.4,14.1,19.9,1.1,10.5,52,4,105,2,17.9,16.7,14.7,19.5,16.433333333333334,16.414285714285715,18.464285714285715,0.1,0.0,1.3,14.3,0.46666666666666673,9.257142857142856,5.085714285714287
2018-04-16,21.3,13.5,16.0,25.9,19.0,78,4,106,2,19.9,17.9,16.7,16.5,18.166666666666668,16.47142857142857,18.257142857142856,1.1,0.1,0.0,28.0,0.4000000000000001,7.371428571428572,5.1642857142857155
2018-04-17,20.2,12.2,15.9,20.8,13.3,75,4,107,2,16.0,19.9,17.9,15.6,17.933333333333334,16.400000000000002,17.849999999999998,25.9,1.1,0.1,14.3,9.033333333333333,7.071428571428571,6.9142857142857155
2018-04-18,22.2,12.9,16.6,4.9,15.8,65,4,108,2,15.9,16.0,19.9,14.0,17.26666666666667,16.442857142857143,17.657142857142855,20.8,25.9,1.1,6.8,15.933333333333332,8.0,8.185714285714287
2018-04-19,21.9,11.7,15.7,9.2,14.0,69,4,109,2,16.6,15.9,16.0,14.7,16.166666666666668,16.814285714285713,17.407142857142855,4.9,20.8,25.9,1.3,17.2,7.728571428571429,8.528571428571428
2018-04-20,12.7,6.0,10.0,54.6,23.3,84,4,110,2,15.7,16.6,15.9,16.7,16.066666666666666,16.957142857142856,17.107142857142858,9.2,4.9,20.8,0.0,11.633333333333333,8.857142857142858,9.17857142857143
2018-04-21,18.9,8.5,13.9,2.0,9.2,63,4,111,2,10.0,15.7,16.6,17.9,14.100000000000003,16.0,16.400000000000002,54.6,9.2,4.9,0.1,22.900000000000002,16.657142857142855,13.042857142857144
2018-04-22,23.2,11.8,17.2,0.0,9.5,52,4,112,2,13.9,10.0,15.7,19.9,13.200000000000003,15.428571428571429,15.921428571428569,2.0,54.6,9.2,1.1,21.933333333333334,16.928571428571427,13.092857142857143
2018-04-23,26.2,13.1,19.7,0.0,10.7,44,4,113,2,17.2,13.9,10.0,16.0,13.700000000000003,15.042857142857141,15.757142857142856,0.0,2.0,54.6,25.9,18.866666666666664,16.771428571428572,12.071428571428573
2018-04-24,27.2,15.0,21.8,0.0,9.6,42,4,114,2,19.7,17.2,13.9,15.9,16.933333333333334,15.57142857142857,15.985714285714284,0.0,0.0,2.0,20.8,0.6666666666666643,13.071428571428571,10.071428571428573
2018-04-25,27.9,17.4,22.7,0.8,9.4,38,4,115,2,21.8,19.7,17.2,16.6,19.566666666666666,16.414285714285715,16.428571428571427,0.0,0.0,0.0,4.9,0.0,10.099999999999998,9.05
2018-04-26,27.7,16.5,22.1,0.0,8.7,43,4,116,2,22.7,21.8,19.7,15.7,21.400000000000002,17.285714285714285,17.05,0.8,0.0,0.0,9.2,0.26666666666666433,9.514285714285716,8.621428571428572
2018-04-27,28.0,17.0,22.4,0.0,10.0,38,4,117,2,22.1,22.7,21.8,10.0,22.2,18.2,17.57857142857143,0.0,0.8,0.0,54.6,0.26666666666666433,8.2,8.52857142857143
2018-04-28,27.1,17.4,22.2,0.2,13.2,38,4,118,2,22.4,22.1,22.7,13.9,22.400000000000002,19.97142857142857,17.985714285714284,0.0,0.0,0.8,2.0,0.26666666666666433,0.39999999999999997,8.52857142857143
2018-04-29,28.8,17.5,23.1,0.0,9.4,34,4,119,2,22.2,22.4,22.1,17.2,22.233333333333334,21.157142857142855,18.29285714285714,0.2,0.0,0.0,0.0,0.0666666666666643,0.14285714285714285,8.535714285714286
2018-04-30,29.8,16.9,23.8,0.0,9.3,32,4,120,2,23.1,22.2,22.4,19.7,22.566666666666666,22.0,18.521428571428572,0.0,0.2,0.0,0.0,0.0666666666666643,0.14285714285714285,8.457142857142859
2018-05-01,28.9,19.8,24.6,1.1,9.1,34,5,121,2,23.8,23.1,22.2,21.8,23.03333333333333,22.585714285714285,19.07857142857143,0.0,0.0,0.2,0.0,0.0666666666666643,0.14285714285714285,6.607142857142859
2018-05-02,27.9,17.7,22.0,4.6,13.2,49,5,122,2,24.6,23.8,23.1,22.7,23.833333333333332,22.985714285714288,19.7,1.1,0.0,0.0,0.8,0.3666666666666643,0.3,5.200000000000001
2018-05-03,23.4,15.1,18.7,2.7,17.1,64,5,123,2,22.0,24.6,23.8,22.1,23.46666666666667,22.885714285714283,20.085714285714285,4.6,1.1,0.0,0.0,1.8999999999999975,0.8428571428571427,5.17857142857143
2018-05-04,24.6,14.9,19.6,0.5,11.6,58,5,124,2,18.7,22.0,24.6,22.4,21.76666666666667,22.400000000000002,20.3,2.7,4.6,1.1,0.0,2.799999999999997,1.2285714285714284,4.714285714285715
2018-05-05,25.6,16.2,21.0,0.9,10.5,53,5,125,2,19.6,18.7,22.0,22.2,20.099999999999998,22.0,20.985714285714288,0.5,2.7,4.6,0.2,2.5999999999999974,1.3,0.8500000000000009
2018-05-06,23.1,15.4,18.7,12.6,15.0,70,5,126,2,21.0,19.6,18.7,23.1,19.766666666666666,21.82857142857143,21.492857142857144,0.9,0.5,2.7,0.0,1.3666666666666645,1.4000000000000001,0.7714285714285724
2018-05-07,19.3,14.0,16.2,14.0,10.5,80,5,127,2,18.7,21.0,19.6,23.8,19.76666666666667,21.2,21.6,12.6,0.9,0.5,0.0,4.666666666666664,3.1999999999999997,1.6714285714285724
2018-05-08,22.1,13.4,17.1,7.8,12.0,72,5,128,2,16.2,18.7,21.0,24.6,18.633333333333336,20.114285714285717,21.349999999999998,14.0,12.6,0.9,1.1,9.166666666666664,5.2,2.671428571428572
2018-05-09,22.3,14.2,19.0,0.6,11.2,60,5,129,2,17.1,16.2,18.7,22.0,17.333333333333332,19.042857142857144,21.014285714285716,7.8,14.0,12.6,4.6,11.466666666666663,6.1571428571428575,3.228571428571429
2018-05-10,26.9,16.2,21.5,0.0,9.9,53,5,130,2,19.0,17.1,16.2,18.7,17.433333333333334,18.614285714285717,20.75,0.6,7.8,14.0,2.7,7.466666666666664,5.5857142857142845,3.2142857142857153
2018-05-11,28.7,18.1,24.3,0.0,10.5,48,5,131,2,21.5,19.0,17.1,19.6,19.200000000000003,19.014285714285712,20.70714285714286,0.0,0.6,7.8,0.5,2.7999999999999976,5.2,3.2142857142857153
2018-05-12,27.8,17.2,23.0,12.1,20.7,61,5,132,2,24.3,21.5,19.0,21.0,21.600000000000005,19.685714285714287,20.842857142857138,0.0,0.0,0.6,0.9,0.19999999999999762,5.128571428571428,3.2142857142857153
2018-05-13,25.9,15.1,20.3,3.7,17.7,64,5,133,2,23.0,24.3,21.5,18.7,22.933333333333337,19.97142857142857,20.9,12.1,0.0,0.0,12.6,4.0333333333333306,6.728571428571429,4.064285714285715
2018-05-14,22.6,15.7,18.8,12.9,13.9,69,5,134,2,20.3,23.0,24.3,16.2,22.533333333333335,20.2,20.7,3.7,12.1,0.0,14.0,5.266666666666665,5.457142857142857,4.32857142857143
2018-05-15,25.1,15.2,19.2,6.2,15.8,70,5,135,2,18.8,20.3,23.0,17.1,20.700000000000003,20.571428571428573,20.342857142857145,12.9,3.7,12.1,7.8,9.566666666666665,5.3,5.250000000000001
2018-05-16,25.0,14.5,19.9,1.3,14.1,64,5,136,2,19.2,18.8,20.3,19.0,19.433333333333337,20.871428571428574,19.957142857142856,6.2,12.9,3.7,0.6,7.599999999999998,5.071428571428571,5.614285714285716
2018-05-17,27.0,16.0,21.0,0.3,15.5,55,5,137,2,19.9,19.2,18.8,21.5,19.3,21.0,19.807142857142857,1.3,6.2,12.9,0.0,6.799999999999997,5.171428571428572,5.378571428571429
2018-05-18,23.2,15.7,19.9,1.8,19.5,58,5,138,2,21.0,19.9,19.2,24.3,20.033333333333335,20.928571428571427,19.97142857142857,0.3,1.3,6.2,0.0,2.5999999999999974,5.214285714285714,5.207142857142857
2018-05-19,24.5,13.7,19.3,0.2,13.2,55,5,139,2,19.9,21.0,19.9,23.0,20.266666666666666,20.3,19.99285714285714,1.8,0.3,1.3,12.1,1.133333333333331,5.471428571428571,5.3
2018-05-20,25.3,15.2,20.2,0.1,12.5,45,5,140,2,19.3,19.9,21.0,20.3,20.066666666666666,19.771428571428572,19.87142857142857,0.2,1.8,0.3,3.7,0.7666666666666644,3.7714285714285714,5.250000000000001
2018-05-21,27.5,16.0,21.8,0.1,16.4,41,5,141,2,20.2,19.3,19.9,18.8,19.8,19.75714285714286,19.978571428571428,0.1,0.2,1.8,12.9,0.6999999999999976,3.2571428571428567,4.3571428571428585
2018-05-22,26.4,15.9,21.5,0.9,16.1,39,5,142,2,21.8,20.2,19.3,19.2,20.433333333333334,20.185714285714287,20.37857142857143,0.1,0.1,0.2,6.2,0.13333333333333097,1.4285714285714286,3.364285714285715
2018-05-23,27.3,16.9,22.4,0.0,10.1,34,5,143,2,21.5,21.8,20.2,19.9,21.166666666666668,20.514285714285712,20.692857142857143,0.9,0.1,0.1,1.3,0.3666666666666643,0.6714285714285715,2.8714285714285728
2018-05-24,28.4,16.0,22.7,0.0,9.9,32,5,144,2,22.4,21.5,21.8,21.0,21.900000000000002,20.87142857142857,20.935714285714283,0.0,0.9,0.1,0.3,0.333333333333331,0.48571428571428577,2.8285714285714296
2018-05-25,29.7,19.2,24.5,0.0,12.6,28,5,145,2,22.7,22.4,21.5,19.9,22.200000000000003,21.11428571428571,21.02142857142857,0.0,0.0,0.9,1.8,0.2999999999999976,0.4428571428571429,2.8285714285714296
2018-05-26,29.7,20.8,24.6,2.3,14.6,32,5,146,2,24.5,22.7,22.4,19.3,23.200000000000003,21.771428571428572,21.035714285714285,0.0,0.0,0.0,0.2,0.0,0.18571428571428572,2.8285714285714296
2018-05-27,29.9,20.3,25.2,0.1,12.2,30,5,147,2,24.6,24.5,22.7,20.2,23.933333333333334,22.52857142857143,21.150000000000002,2.3,0.0,0.0,0.1,0.7666666666666643,0.4857142857142857,2.1285714285714294
2018-05-28,31.2,20.5,25.9,0.0,9.8,30,5,148,2,25.2,24.6,24.5,21.8,24.76666666666667,23.24285714285714,21.5,0.1,2.3,0.0,0.1,0.7999999999999976,0.4857142857142857,1.8714285714285726
2018-05-29,31.6,20.1,25.7,0.5,16.1,30,5,149,2,25.9,25.2,24.6,21.5,25.233333333333334,23.828571428571426,22.00714285714286,0.0,0.1,2.3,0.9,0.7999999999999976,0.4714285714285714,0.9500000000000011
2018-05-30,32.9,20.5,26.8,0.0,12.9,28,5,150,2,25.7,25.9,25.2,22.4,25.599999999999998,24.428571428571427,22.47142857142857,0.5,0.0,0.1,0.0,0.19999999999999762,0.41428571428571426,0.5428571428571438
2018-05-31,33.4,22.9,27.8,0.0,13.4,27,5,151,2,26.8,25.7,25.9,22.7,26.133333333333336,25.057142857142857,22.964285714285715,0.0,0.5,0.0,0.0,0.1666666666666643,0.41428571428571426,0.450000000000001
2018-06-01,32.9,22.7,27.6,0.2,13.2,27,6,152,3,27.8,26.8,25.7,24.5,26.76666666666667,25.785714285714285,23.449999999999996,0.0,0.0,0.5,0.0,0.1666666666666643,0.41428571428571426,0.4285714285714296
2018-06-02,33.3,21.7,28.2,0.0,11.6,34,6,153,3,27.6,27.8,26.8,24.6,27.400000000000002,26.228571428571428,24.0,0.2,0.0,0.0,2.3,0.0666666666666643,0.4428571428571428,0.3142857142857153
2018-06-03,33.7,23.4,29.1,0.0,12.8,37,6,154,3,28.2,27.6,27.8,25.2,27.86666666666667,26.74285714285714,24.635714285714283,0.0,0.2,0.0,0.1,0.0666666666666643,0.1142857142857143,0.300000000000001
2018-06-04,33.7,25.4,30.2,0.0,14.3,36,6,155,3,29.1,28.2,27.6,25.9,28.3,27.300000000000004,25.271428571428572,0.0,0.0,0.2,0.0,0.0666666666666643,0.09999999999999999,0.29285714285714387
2018-06-05,32.2,24.2,28.7,1.1,11.5,46,6,156,3,30.2,29.1,28.2,25.7,29.166666666666668,27.914285714285715,25.87142857142857,0.0,0.0,0.0,0.5,0.0,0.09999999999999999,0.28571428571428675
2018-06-06,32.6,23.3,27.7,0.2,12.3,54,6,157,3,28.7,30.2,29.1,26.8,29.333333333333332,28.342857142857138,26.385714285714283,1.1,0.0,0.0,0.0,0.3666666666666643,0.18571428571428572,0.30000000000000104
2018-06-07,32.2,23.6,28.3,0.0,12.2,53,6,158,3,27.7,28.7,30.2,27.8,28.86666666666667,28.47142857142857,26.764285714285712,0.2,1.1,0.0,0.0,0.43333333333333096,0.21428571428571427,0.31428571428571533
2018-06-08,32.9,23.8,28.7,0.0,12.2,52,6,159,3,28.3,27.7,28.7,27.6,28.233333333333334,28.54285714285714,27.164285714285715,0.0,0.2,1.1,0.2,0.43333333333333096,0.21428571428571427,0.31428571428571533
2018-06-09,29.9,21.7,25.4,1.5,16.6,65,6,160,3,28.7,28.3,27.7,28.2,28.233333333333334,28.7,27.464285714285715,0.0,0.0,0.2,0.0,0.0666666666666643,0.18571428571428572,0.31428571428571533
2018-06-10,27.9,21.2,24.9,1.3,9.4,64,6,161,3,25.4,28.7,28.3,29.1,27.46666666666667,28.300000000000004,27.521428571428572,1.5,0.0,0.0,0.0,0.4999999999999976,0.39999999999999997,0.25714285714285817
2018-06-11,31.0,22.3,26.9,0.0,13.1,48,6,162,3,24.9,25.4,28.7,30.2,26.333333333333332,27.699999999999996,27.5,1.3,1.5,0.0,0.0,0.9333333333333309,0.5857142857142856,0.34285714285714386
2018-06-12,34.0,22.2,28.4,0.0,12.8,37,6,163,3,26.9,24.9,25.4,28.7,25.733333333333334,27.228571428571428,27.571428571428573,0.0,1.3,1.5,1.1,0.9333333333333309,0.5857142857142856,0.34285714285714386
2018-06-13,35.9,23.7,30.3,0.0,14.2,26,6,164,3,28.4,26.9,24.9,27.7,26.733333333333334,27.185714285714287,27.764285714285712,0.0,0.0,1.3,0.2,0.43333333333333096,0.42857142857142855,0.30714285714285816
2018-06-14,36.2,25.0,31.2,0.1,13.6,22,6,165,3,30.3,28.4,26.9,28.3,28.53333333333333,27.557142857142853,28.014285714285712,0.0,0.0,0.0,0.0,0.0,0.39999999999999997,0.30714285714285816
2018-06-15,31.2,19.9,26.0,12.7,18.2,56,6,166,3,31.2,30.3,28.4,28.7,29.96666666666667,27.97142857142857,28.25714285714286,0.1,0.0,0.0,0.0,0.03333333333333097,0.41428571428571426,0.31428571428571533
2018-06-16,28.6,19.2,23.2,2.9,12.9,68,6,167,3,26.0,31.2,30.3,25.4,29.166666666666668,27.585714285714285,28.142857142857142,12.7,0.1,0.0,1.5,4.266666666666664,2.2285714285714286,1.207142857142858
2018-06-17,27.8,18.4,22.3,3.5,14.3,69,6,168,3,23.2,26.0,31.2,24.9,26.8,27.27142857142857,27.785714285714285,2.9,12.7,0.1,1.3,5.233333333333331,2.4285714285714284,1.414285714285715
2018-06-18,27.3,18.7,23.2,2.0,12.1,63,6,169,3,22.3,23.2,26.0,26.9,23.833333333333332,26.900000000000002,27.3,3.5,2.9,12.7,0.0,6.366666666666664,2.742857142857143,1.664285714285715
2018-06-19,30.0,20.2,25.1,0.4,9.5,55,6,170,3,23.2,22.3,23.2,28.4,22.900000000000002,26.37142857142857,26.8,2.0,3.5,2.9,0.0,2.7999999999999976,3.0285714285714285,1.807142857142858
2018-06-20,29.2,20.6,24.4,1.0,16.6,60,6,171,3,25.1,23.2,22.3,30.3,23.53333333333333,25.9,26.542857142857144,0.4,2.0,3.5,0.0,1.9666666666666641,3.0857142857142854,1.757142857142858
2018-06-21,32.3,20.2,26.0,0.0,12.7,49,6,172,3,24.4,25.1,23.2,31.2,24.233333333333334,25.057142857142857,26.307142857142857,1.0,0.4,2.0,0.1,1.1333333333333309,3.228571428571428,1.8142857142857152
2018-06-22,29.2,21.4,25.2,0.2,13.5,48,6,173,3,26.0,24.4,25.1,26.0,25.166666666666668,24.314285714285713,26.142857142857142,0.0,1.0,0.4,12.7,0.4666666666666643,3.2142857142857144,1.8142857142857152
2018-06-23,30.7,19.9,25.3,0.5,14.2,50,6,174,3,25.2,26.0,24.4,23.2,25.200000000000003,24.199999999999996,25.892857142857142,0.2,0.0,1.0,2.9,0.39999999999999764,1.4285714285714286,1.8285714285714294
2018-06-24,30.8,21.4,26.0,0.0,10.6,44,6,175,3,25.3,25.2,26.0,22.3,25.5,24.5,25.885714285714283,0.5,0.2,0.0,3.5,0.23333333333333095,1.0857142857142856,1.757142857142858
2018-06-25,32.5,21.3,27.4,0.0,7.8,38,6,176,3,26.0,25.3,25.2,23.2,25.5,25.02857142857143,25.964285714285715,0.0,0.5,0.2,2.0,0.23333333333333095,0.5857142857142856,1.664285714285715
2018-06-26,32.7,22.7,28.0,0.0,14.1,33,6,177,3,27.4,26.0,25.3,25.1,26.233333333333334,25.62857142857143,26.0,0.0,0.0,0.5,0.4,0.16666666666666427,0.3,1.664285714285715
2018-06-27,30.7,22.4,26.4,0.0,9.9,44,6,178,3,28.0,27.4,26.0,24.4,27.133333333333336,26.042857142857144,25.971428571428568,0.0,0.0,0.0,1.0,0.0,0.24285714285714285,1.664285714285715
2018-06-28,28.9,20.4,25.0,0.4,10.4,65,6,179,3,26.4,28.0,27.4,26.0,27.26666666666667,26.32857142857143,25.692857142857143,0.0,0.0,0.0,0.0,0.0,0.09999999999999999,1.664285714285715
2018-06-29,28.5,20.1,24.2,0.8,8.8,63,6,180,3,25.0,26.4,28.0,25.2,26.46666666666667,26.185714285714287,25.25,0.4,0.0,0.0,0.2,0.13333333333333094,0.15714285714285717,1.6857142857142866
2018-06-30,31.4,20.5,25.5,0.8,11.7,57,6,181,3,24.2,25.0,26.4,25.3,25.2,26.042857142857144,25.12142857142857,0.8,0.4,0.0,0.5,0.39999999999999764,0.24285714285714288,0.8357142857142866
2018-07-01,32.1,21.7,26.9,0.0,11.0,64,7,182,3,25.5,24.2,25.0,26.0,24.900000000000002,26.071428571428573,25.285714285714285,0.8,0.8,0.4,0.0,0.6666666666666643,0.2857142857142857,0.6857142857142867
2018-07-02,30.3,21.9,26.1,3.3,10.9,69,7,183,3,26.9,25.5,24.2,27.4,25.533333333333335,26.2,25.61428571428571,0.0,0.8,0.8,0.0,0.533333333333331,0.2857142857142857,0.4357142857142867
2018-07-03,27.4,19.7,22.9,9.9,12.8,82,7,184,3,26.1,26.9,25.5,28.0,26.166666666666668,26.014285714285712,25.821428571428573,3.3,0.0,0.8,0.0,1.3666666666666643,0.7571428571428571,0.5285714285714296
2018-07-04,25.2,18.5,21.5,7.9,11.1,83,7,185,3,22.9,26.1,26.9,26.4,25.3,25.285714285714285,25.66428571428571,9.9,3.3,0.0,0.0,4.399999999999998,2.1714285714285713,1.207142857142858
2018-07-05,24.8,18.1,21.6,7.1,10.2,81,7,186,3,21.5,22.9,26.1,25.0,23.5,24.585714285714285,25.457142857142856,7.9,9.9,3.3,0.4,7.033333333333331,3.3000000000000003,1.700000000000001
2018-07-06,28.3,18.9,23.9,0.0,10.0,65,7,187,3,21.6,21.5,22.9,24.2,22.0,24.099999999999998,25.142857142857142,7.1,7.9,9.9,0.8,8.299999999999997,4.257142857142858,2.207142857142858
2018-07-07,29.8,20.9,26.6,0.0,9.6,56,7,188,3,23.9,21.6,21.5,25.5,22.333333333333332,24.057142857142857,25.05,0.0,7.1,7.9,0.8,4.999999999999998,4.142857142857143,2.192857142857144
2018-07-08,31.3,22.3,27.8,0.0,12.1,57,7,189,3,26.6,23.9,21.6,26.9,24.033333333333335,24.214285714285715,25.142857142857142,0.0,0.0,7.1,0.0,2.366666666666665,4.028571428571429,2.1571428571428584
2018-07-09,31.1,24.1,28.5,0.0,12.4,58,7,190,3,27.8,26.6,23.9,26.1,26.100000000000005,24.342857142857145,25.271428571428572,0.0,0.0,0.0,3.3,0.0,4.028571428571429,2.1571428571428584
2018-07-10,29.7,22.1,26.8,5.3,9.8,71,7,191,3,28.5,27.8,26.6,22.9,27.633333333333336,24.685714285714287,25.35,0.0,0.0,0.0,9.9,0.0,3.557142857142857,2.1571428571428584
2018-07-11,27.9,21.8,25.0,10.7,11.0,83,7,192,3,26.8,28.5,27.8,21.5,27.700000000000003,25.24285714285714,25.264285714285716,5.3,0.0,0.0,7.9,1.7666666666666648,2.9,2.535714285714287
2018-07-12,27.5,21.4,24.3,19.5,8.8,86,7,193,3,25.0,26.8,28.5,21.6,26.76666666666667,25.74285714285714,25.164285714285715,10.7,5.3,0.0,7.1,5.333333333333331,3.3000000000000003,3.300000000000001
2018-07-13,24.9,21.3,22.8,40.7,9.2,92,7,194,3,24.3,25.0,26.8,23.9,25.36666666666667,26.12857142857143,25.11428571428571,19.5,10.7,5.3,0.0,11.83333333333333,5.071428571428571,4.6642857142857155
2018-07-14,27.4,21.4,24.4,1.6,11.2,86,7,195,3,22.8,24.3,25.0,26.6,24.033333333333335,25.97142857142857,25.014285714285712,40.7,19.5,10.7,0.0,23.63333333333333,10.885714285714286,7.514285714285715
2018-07-15,26.2,22.1,23.9,7.9,12.2,93,7,196,3,24.4,22.8,24.3,27.8,23.833333333333332,25.657142857142855,24.935714285714287,1.6,40.7,19.5,0.0,20.599999999999998,11.114285714285714,7.571428571428571
2018-07-16,26.3,21.8,23.8,4.2,7.7,91,7,197,3,23.9,24.4,22.8,28.5,23.700000000000003,25.099999999999998,24.72142857142857,7.9,1.6,40.7,0.0,16.73333333333333,12.242857142857144,8.135714285714286
2018-07-17,25.8,21.4,23.7,6.1,10.0,90,7,198,3,23.8,23.9,24.4,26.8,24.03333333333333,24.428571428571427,24.557142857142857,4.2,7.9,1.6,5.3,4.566666666666664,12.842857142857143,8.200000000000001
2018-07-18,26.4,21.1,23.8,3.9,8.9,86,7,199,3,23.7,23.8,23.9,25.0,23.8,23.985714285714288,24.614285714285717,6.1,4.2,7.9,10.7,6.066666666666664,12.957142857142857,7.92857142857143
2018-07-19,26.9,21.5,24.0,10.1,10.2,86,7,200,3,23.8,23.7,23.8,24.3,23.76666666666667,23.814285714285717,24.778571428571432,3.9,6.1,4.2,19.5,4.733333333333331,11.985714285714286,7.642857142857144
2018-07-20,27.3,21.7,24.3,9.0,9.4,85,7,201,3,24.0,23.8,23.7,22.8,23.833333333333332,23.771428571428572,24.95,10.1,3.9,6.1,40.7,6.699999999999998,10.642857142857142,7.8571428571428585
2018-07-21,27.6,21.7,24.9,0.7,9.3,83,7,202,3,24.3,24.0,23.8,24.4,24.033333333333335,23.985714285714288,24.97857142857143,9.0,10.1,3.9,1.6,7.666666666666664,6.114285714285714,8.500000000000002
2018-07-22,26.3,21.8,23.7,19.3,10.7,91,7,203,3,24.9,24.3,24.0,23.9,24.400000000000002,24.057142857142857,24.857142857142858,0.7,9.0,10.1,7.9,6.599999999999998,5.985714285714286,8.55
2018-07-23,25.0,21.9,23.0,19.8,8.0,92,7,204,3,23.7,24.9,24.3,23.8,24.3,24.02857142857143,24.564285714285713,19.3,0.7,9.0,4.2,9.666666666666664,7.614285714285714,9.92857142857143
2018-07-24,25.5,21.6,23.5,2.4,8.0,90,7,205,3,23.0,23.7,24.9,23.7,23.866666666666664,23.91428571428571,24.17142857142857,19.8,19.3,0.7,6.1,13.266666666666666,9.842857142857143,11.342857142857143
2018-07-25,27.4,21.8,24.4,1.0,10.9,86,7,206,3,23.5,23.0,23.7,23.8,23.400000000000002,23.885714285714283,23.935714285714283,2.4,19.8,19.3,3.9,13.83333333333333,9.314285714285715,11.135714285714286
2018-07-26,25.0,21.3,22.7,35.0,9.7,94,7,207,3,24.4,23.5,23.0,24.0,23.633333333333336,23.971428571428568,23.892857142857142,1.0,2.4,19.8,10.1,7.733333333333332,8.9,10.442857142857145
2018-07-27,24.8,20.1,22.3,2.3,7.3,90,7,208,3,22.7,24.4,23.5,24.3,23.53333333333333,23.785714285714285,23.778571428571432,35.0,1.0,2.4,9.0,12.799999999999997,12.457142857142857,11.55
2018-07-28,26.0,19.6,23.0,1.6,9.7,86,7,209,3,22.3,22.7,24.4,24.9,23.133333333333336,23.5,23.742857142857144,2.3,35.0,1.0,0.7,12.766666666666664,11.5,8.807142857142859
2018-07-29,26.8,19.6,23.2,2.4,9.4,85,7,210,3,23.0,22.3,22.7,23.7,22.666666666666668,23.228571428571428,23.642857142857142,1.6,2.3,35.0,19.3,12.966666666666663,11.62857142857143,8.807142857142859
2018-07-30,27.2,19.9,24.1,0.5,9.1,80,7,211,3,23.2,23.0,22.3,23.0,22.833333333333332,23.157142857142862,23.592857142857145,2.4,1.6,2.3,19.8,2.0999999999999974,9.214285714285714,8.414285714285715
2018-07-31,28.0,20.8,24.5,0.2,9.0,76,7,212,3,24.1,23.2,23.0,23.5,23.433333333333337,23.314285714285717,23.61428571428571,0.5,2.4,1.6,2.4,1.4999999999999976,6.457142857142856,8.15
2018-08-01,27.5,21.1,24.5,0.6,10.0,77,8,213,3,24.5,24.1,23.2,24.4,23.933333333333337,23.45714285714286,23.67142857142857,0.2,0.5,2.4,1.0,1.033333333333331,6.142857142857143,7.7285714285714295
2018-08-02,27.2,20.3,24.0,3.3,10.0,81,8,214,3,24.5,24.5,24.1,22.7,24.36666666666667,23.47142857142857,23.721428571428568,0.6,0.2,0.5,35.0,0.43333333333333096,6.085714285714286,7.492857142857143
2018-08-03,27.8,21.3,24.9,0.3,9.5,79,8,215,3,24.0,24.5,24.5,22.3,24.333333333333332,23.657142857142862,23.721428571428568,3.3,0.6,0.2,2.3,1.3666666666666643,1.557142857142857,7.007142857142859
2018-08-04,28.3,23.5,25.9,0.2,11.5,78,8,216,3,24.9,24.0,24.5,23.0,24.46666666666667,24.02857142857143,23.764285714285712,0.3,3.3,0.6,1.6,1.3999999999999975,1.2714285714285711,6.385714285714287
2018-08-05,28.9,23.1,26.1,0.9,11.5,81,8,217,3,25.9,24.9,24.0,23.2,24.933333333333334,24.442857142857143,23.835714285714285,0.2,0.3,3.3,2.4,1.2666666666666642,1.0714285714285714,6.350000000000001
2018-08-06,27.3,22.9,24.6,13.8,10.1,87,8,218,3,26.1,25.9,24.9,24.1,25.633333333333336,24.857142857142858,24.00714285714286,0.9,0.2,0.3,0.5,0.4666666666666643,0.8571428571428571,5.0357142857142865
2018-08-07,24.8,20.6,22.7,79.6,7.4,93,8,219,3,24.6,26.1,25.9,24.5,25.533333333333335,24.928571428571427,24.12142857142857,13.8,0.9,0.2,0.2,4.966666666666664,2.757142857142857,4.6071428571428585
2018-08-08,24.6,20.3,22.3,13.7,6.9,88,8,220,3,22.7,24.6,26.1,24.5,24.46666666666667,24.67142857142857,24.064285714285717,79.6,13.8,0.9,0.6,31.433333333333326,14.099999999999998,10.121428571428572
2018-08-09,26.9,20.8,23.5,8.1,9.2,83,8,221,3,22.3,22.7,24.6,24.0,23.200000000000003,24.357142857142858,23.91428571428571,13.7,79.6,13.8,3.3,35.699999999999996,15.971428571428572,11.028571428571428
2018-08-10,26.9,20.8,24.2,1.8,9.8,85,8,222,3,23.5,22.3,22.7,24.9,22.833333333333332,24.285714285714285,23.971428571428568,8.1,13.7,79.6,0.3,33.79999999999999,16.657142857142855,9.107142857142858
2018-08-11,26.9,22.2,24.6,1.7,11.7,88,8,223,3,24.2,23.5,22.3,25.9,23.333333333333332,24.185714285714287,24.107142857142858,1.8,8.1,13.7,0.2,7.866666666666661,16.87142857142857,9.071428571428573
2018-08-12,26.7,21.9,24.3,8.9,12.2,90,8,224,3,24.6,24.2,23.5,26.1,24.100000000000005,24.0,24.221428571428568,1.7,1.8,8.1,0.9,3.866666666666662,17.085714285714282,9.07857142857143
2018-08-13,25.8,21.2,22.9,15.9,12.5,91,8,225,3,24.3,24.6,24.2,24.6,24.36666666666667,23.74285714285714,24.3,8.9,1.7,1.8,13.8,4.133333333333328,18.228571428571428,9.542857142857144
2018-08-14,26.6,20.4,22.7,4.5,7.3,89,8,226,3,22.9,24.3,24.6,22.7,23.933333333333334,23.5,24.214285714285715,15.9,8.9,1.7,79.6,8.833333333333329,18.52857142857143,10.642857142857144
2018-08-15,26.2,19.9,23.3,2.3,8.9,87,8,227,3,22.7,22.9,24.3,22.3,23.3,23.5,24.08571428571429,4.5,15.9,8.9,13.7,9.766666666666662,7.799999999999998,10.950000000000003
2018-08-16,26.8,21.4,23.8,1.9,8.6,85,8,228,3,23.3,22.7,22.9,23.5,22.96666666666667,23.642857142857142,24.0,2.3,4.5,15.9,8.1,7.566666666666662,6.17142857142857,11.071428571428571
2018-08-17,26.9,21.2,24.2,0.3,9.5,86,8,229,3,23.8,23.3,22.7,24.2,23.26666666666667,23.685714285714283,23.985714285714288,1.9,2.3,4.5,1.8,2.899999999999995,5.285714285714284,10.971428571428573
2018-08-18,25.6,21.3,23.4,3.0,10.2,90,8,230,3,24.2,23.8,23.3,24.6,23.766666666666666,23.685714285714287,23.935714285714283,0.3,1.9,2.3,1.7,1.4999999999999953,5.071428571428569,10.971428571428573
2018-08-19,26.9,21.2,24.0,0.9,10.7,86,8,231,3,23.4,24.2,23.8,24.3,23.8,23.514285714285716,23.75714285714286,3.0,0.3,1.9,8.9,1.7333333333333283,5.257142857142855,11.171428571428574
2018-08-20,27.1,21.2,24.5,2.7,10.5,87,8,232,3,24.0,23.4,24.2,22.9,23.86666666666667,23.47142857142857,23.607142857142858,0.9,3.0,0.3,15.9,1.3999999999999952,4.114285714285712,11.171428571428573
2018-08-21,25.7,22.2,23.9,2.3,9.0,92,8,233,3,24.5,24.0,23.4,22.7,23.96666666666667,23.699999999999996,23.6,2.7,0.9,3.0,4.5,2.1999999999999953,2.2285714285714264,10.37857142857143
2018-08-22,27.1,21.4,24.0,2.4,9.5,87,8,234,3,23.9,24.5,24.0,23.3,24.133333333333336,23.87142857142857,23.685714285714283,2.3,2.7,0.9,2.3,1.9666666666666621,1.9142857142857121,4.857142857142859
2018-08-23,26.9,22.6,24.5,1.7,9.9,83,8,235,3,24.0,23.9,24.5,23.8,24.133333333333336,23.971428571428568,23.807142857142857,2.4,2.3,2.7,1.9,2.466666666666662,1.9285714285714264,4.050000000000002
2018-08-24,27.6,21.4,24.2,1.9,10.4,86,8,236,3,24.5,24.0,23.9,24.2,24.133333333333336,24.071428571428573,23.87857142857143,1.7,2.4,2.3,0.3,2.1333333333333284,1.8999999999999981,3.592857142857145
2018-08-25,26.2,20.2,23.3,1.0,10.6,86,8,237,3,24.2,24.5,24.0,23.4,24.233333333333334,24.071428571428573,23.878571428571426,1.9,1.7,2.4,3.0,1.999999999999995,2.1285714285714263,3.600000000000002
2018-08-26,25.4,19.8,22.5,1.8,9.7,84,8,238,3,23.3,24.2,24.5,24.0,24.0,24.057142857142857,23.785714285714285,1.0,1.9,1.7,0.9,1.5333333333333286,1.8428571428571405,3.550000000000002
2018-08-27,26.6,19.8,23.4,0.0,8.6,76,8,239,3,22.5,23.3,24.2,24.5,23.333333333333332,23.842857142857138,23.657142857142855,1.8,1.0,1.9,2.7,1.5666666666666618,1.9714285714285693,3.0428571428571445
2018-08-28,27.8,19.7,23.6,0.1,8.3,80,8,240,3,23.4,22.5,23.3,23.9,23.066666666666666,23.685714285714283,23.692857142857147,0.0,1.8,1.0,2.3,0.9333333333333287,1.5857142857142836,1.9071428571428588
2018-08-29,27.6,21.1,24.3,0.0,9.3,77,8,241,3,23.6,23.4,22.5,24.0,23.166666666666668,23.642857142857142,23.757142857142856,0.1,0.0,1.8,2.4,0.6333333333333286,1.2714285714285694,1.5928571428571447
2018-08-30,27.2,20.4,24.3,1.2,8.4,75,8,242,3,24.3,23.6,23.4,24.5,23.76666666666667,23.685714285714287,23.82857142857143,0.0,0.1,0.0,1.7,0.0333333333333286,0.9285714285714265,1.4285714285714306
2018-08-31,28.3,21.4,24.9,0.4,10.6,71,8,243,3,24.3,24.3,23.6,24.2,24.066666666666666,23.657142857142862,23.864285714285717,1.2,0.0,0.1,1.9,0.43333333333332863,0.8571428571428551,1.3785714285714303
2018-09-01,26.9,21.2,24.1,1.9,9.0,77,9,244,4,24.9,24.3,24.3,23.3,24.5,23.757142857142856,23.914285714285715,0.4,1.2,0.0,1.0,0.5333333333333287,0.6428571428571408,1.385714285714288
2018-09-02,26.5,20.2,23.4,1.3,10.1,77,9,245,4,24.1,24.9,24.3,22.5,24.433333333333337,23.871428571428574,23.964285714285715,1.9,0.4,1.2,1.8,1.1666666666666619,0.7714285714285695,1.3071428571428592
2018-09-03,25.9,19.1,22.7,0.5,8.9,81,9,246,4,23.4,24.1,24.9,23.4,24.133333333333336,24.0,23.92142857142857,1.3,1.9,0.4,0.0,1.199999999999995,0.6999999999999981,1.3357142857142876
2018-09-04,26.1,19.9,23.2,0.4,10.7,76,9,247,4,22.7,23.4,24.1,23.6,23.400000000000002,23.900000000000002,23.79285714285714,0.5,1.3,1.9,0.1,1.2333333333333287,0.7714285714285695,1.1785714285714306
2018-09-05,26.6,19.5,23.5,0.3,10.7,74,9,248,4,23.2,22.7,23.4,24.3,23.099999999999998,23.842857142857145,23.74285714285714,0.4,0.5,1.3,0.0,0.7333333333333286,0.8142857142857123,1.042857142857145
2018-09-06,28.4,19.8,24.4,0.0,9.3,69,9,249,4,23.5,23.2,22.7,24.3,23.133333333333336,23.728571428571428,23.707142857142856,0.3,0.4,0.5,1.2,0.39999999999999525,0.8571428571428552,0.8928571428571449
2018-09-07,28.2,21.2,25.2,0.7,9.3,67,9,250,4,24.4,23.5,23.2,24.9,23.7,23.742857142857144,23.7,0.0,0.3,0.4,0.4,0.2333333333333286,0.6857142857142838,0.7714285714285734
2018-09-08,27.6,21.2,24.6,0.4,8.9,74,9,251,4,25.2,24.4,23.5,24.1,24.366666666666664,23.785714285714285,23.771428571428572,0.7,0.0,0.3,1.9,0.33333333333332854,0.7285714285714265,0.6857142857142878
2018-09-09,27.0,21.7,24.5,1.5,10.6,75,9,252,4,24.6,25.2,24.4,23.4,24.733333333333334,23.857142857142854,23.864285714285717,0.4,0.7,0.0,1.3,0.366666666666662,0.5142857142857122,0.6428571428571449
2018-09-10,26.9,21.2,24.2,1.9,9.6,75,9,253,4,24.5,24.6,25.2,22.7,24.76666666666667,24.014285714285712,24.00714285714286,1.5,0.4,0.7,0.5,0.8666666666666619,0.5428571428571408,0.6214285714285734
2018-09-11,26.6,19.7,23.1,1.7,9.8,80,9,254,4,24.2,24.5,24.6,23.2,24.433333333333334,24.228571428571428,24.064285714285717,1.9,1.5,0.4,0.4,1.266666666666662,0.7428571428571408,0.7571428571428591
2018-09-12,28.2,20.4,24.5,0.0,9.8,68,9,255,4,23.1,24.2,24.5,23.5,23.933333333333337,24.214285714285715,24.02857142857143,1.7,1.9,1.5,0.3,1.699999999999995,0.9285714285714265,0.8714285714285736
2018-09-13,26.2,18.7,22.9,6.9,10.5,75,9,256,4,24.5,23.1,24.2,24.4,23.933333333333337,24.357142857142858,24.042857142857144,0.0,1.7,1.9,0.0,1.1999999999999953,0.8857142857142836,0.8714285714285736
2018-09-14,23.5,16.7,20.0,6.3,11.2,80,9,257,4,22.9,24.5,23.1,25.2,23.5,24.142857142857142,23.942857142857143,6.9,0.0,1.7,0.7,2.8666666666666623,1.8714285714285694,1.2785714285714305
2018-09-15,24.4,15.5,19.2,5.5,11.8,75,9,258,4,20.0,22.9,24.5,24.6,22.46666666666667,23.400000000000002,23.592857142857145,6.3,6.9,0.0,0.4,4.399999999999995,2.6714285714285695,1.7000000000000022
2018-09-16,24.8,14.8,19.9,0.5,6.6,61,9,259,4,19.2,20.0,22.9,24.5,20.7,22.62857142857143,23.24285714285714,5.5,6.3,6.9,1.5,6.233333333333328,3.399999999999998,1.957142857142859
2018-09-17,26.6,16.3,21.2,0.0,9.1,51,9,260,4,19.9,19.2,20.0,24.2,19.7,21.97142857142857,22.99285714285714,0.5,5.5,6.3,1.9,4.099999999999995,3.257142857142855,1.9000000000000021
2018-09-18,26.5,18.8,23.0,0.0,9.4,53,9,261,4,21.2,19.9,19.2,23.1,20.099999999999998,21.54285714285714,22.88571428571429,0.0,0.5,5.5,1.7,1.9999999999999953,2.9857142857142835,1.8642857142857163
2018-09-19,27.3,18.5,23.7,0.0,8.5,50,9,262,4,23.0,21.2,19.9,24.5,21.366666666666664,21.52857142857143,22.871428571428574,0.0,0.0,0.5,0.0,0.16666666666666194,2.7428571428571407,1.8357142857142876
2018-09-20,28.0,20.6,24.7,0.0,8.2,49,9,263,4,23.7,23.0,21.2,22.9,22.633333333333336,21.414285714285715,22.88571428571429,0.0,0.0,0.0,6.9,0.0,2.7428571428571407,1.8142857142857163
2018-09-21,26.4,19.7,24.1,0.2,10.2,61,9,264,4,24.7,23.7,23.0,20.0,23.8,21.67142857142857,22.907142857142855,0.0,0.0,0.0,6.3,0.0,1.7571428571428551,1.8142857142857163
2018-09-22,25.6,20.6,23.1,0.8,8.0,66,9,265,4,24.1,24.7,23.7,19.2,24.166666666666668,22.257142857142856,22.82857142857143,0.2,0.0,0.0,5.5,0.06666666666666193,0.8857142857142837,1.7785714285714305
2018-09-23,24.5,17.4,20.7,1.8,9.8,79,9,266,4,23.1,24.1,24.7,19.9,23.96666666666667,22.814285714285713,22.721428571428568,0.8,0.2,0.0,0.5,0.3333333333333286,0.21428571428571225,1.8071428571428592
2018-09-24,25.5,17.1,21.2,0.3,9.0,78,9,267,4,20.7,23.1,24.1,21.2,22.633333333333336,22.928571428571427,22.449999999999996,1.8,0.8,0.2,0.0,0.9333333333333286,0.39999999999999797,1.8285714285714307
2018-09-25,24.6,18.0,20.8,0.8,9.7,75,9,268,4,21.2,20.7,23.1,23.0,21.666666666666668,22.928571428571427,22.235714285714288,0.3,1.8,0.8,0.0,0.9666666666666619,0.44285714285714084,1.7142857142857164
2018-09-26,26.4,17.6,22.4,0.0,10.7,61,9,269,4,20.8,21.2,20.7,23.7,20.900000000000002,22.614285714285717,22.071428571428573,0.8,0.3,1.8,0.0,0.966666666666662,0.5571428571428552,1.650000000000002
2018-09-27,25.9,17.7,22.0,0.5,11.9,63,9,270,4,22.4,20.8,21.2,24.7,21.46666666666667,22.428571428571427,21.921428571428574,0.0,0.8,0.3,0.0,0.366666666666662,0.5571428571428552,1.650000000000002
2018-09-28,26.7,19.0,22.9,0.0,8.6,53,9,271,4,22.0,22.4,20.8,24.1,21.733333333333334,22.042857142857144,21.857142857142858,0.5,0.0,0.8,0.2,0.43333333333332863,0.6285714285714266,1.1928571428571448
2018-09-29,24.8,16.3,21.7,0.1,6.5,60,9,272,4,22.9,22.0,22.4,23.1,22.433333333333337,21.87142857142857,22.064285714285713,0.0,0.5,0.0,0.8,0.16666666666666194,0.599999999999998,0.7428571428571449
2018-09-30,25.6,16.1,20.2,0.1,8.8,59,9,273,4,21.7,22.9,22.0,20.7,22.2,21.671428571428574,22.24285714285714,0.1,0.0,0.5,1.8,0.19999999999999526,0.49999999999999795,0.35714285714285915
2018-10-01,26.4,16.6,21.4,0.4,9.6,49,10,274,4,20.2,21.7,22.9,21.2,21.599999999999998,21.599999999999998,22.264285714285716,0.1,0.1,0.0,0.3,0.06666666666666193,0.2571428571428551,0.3285714285714306
2018-10-02,26.1,18.4,21.9,0.0,8.3,49,10,275,4,21.4,20.2,21.7,20.8,21.1,21.62857142857143,22.27857142857143,0.4,0.1,0.1,0.8,0.1999999999999953,0.2714285714285694,0.35714285714285915
2018-10-03,24.6,16.3,21.0,0.4,9.4,51,10,276,4,21.9,21.4,20.2,22.4,21.166666666666668,21.785714285714285,22.199999999999996,0.0,0.4,0.1,0.0,0.16666666666666194,0.1571428571428551,0.35714285714285915
2018-10-04,22.7,15.0,19.0,1.9,12.0,60,10,277,4,21.0,21.9,21.4,22.0,21.433333333333334,21.585714285714285,22.007142857142856,0.4,0.0,0.4,0.5,0.26666666666666194,0.21428571428571225,0.3857142857142878
2018-10-05,23.0,14.4,18.4,0.0,10.5,56,10,278,4,19.0,21.0,21.9,22.9,20.633333333333336,21.157142857142855,21.599999999999998,1.9,0.4,0.0,0.0,0.7666666666666618,0.41428571428571226,0.5214285714285735
2018-10-06,24.5,14.7,18.9,0.0,10.6,46,10,279,4,18.4,19.0,21.0,21.7,19.466666666666665,20.514285714285712,21.192857142857143,0.0,1.9,0.4,0.1,0.7666666666666618,0.41428571428571226,0.5071428571428591
2018-10-07,24.9,14.5,19.4,0.0,10.1,43,10,280,4,18.9,18.4,19.0,20.2,18.76666666666667,20.114285714285717,20.892857142857142,0.0,0.0,1.9,0.1,0.6333333333333285,0.39999999999999797,0.450000000000002
2018-10-08,25.3,14.7,19.1,7.6,23.5,57,10,281,4,19.4,18.9,18.4,21.4,18.9,20.0,20.8,0.0,0.0,0.0,0.4,0.0,0.3857142857142836,0.32142857142857345
2018-10-09,21.9,12.3,16.8,8.7,11.8,68,10,282,4,19.1,19.4,18.9,21.9,19.133333333333333,19.67142857142857,20.65,7.6,0.0,0.0,0.0,2.5333333333333283,1.4142857142857121,0.842857142857145
2018-10-10,22.1,12.6,16.4,0.3,14.0,58,10,283,4,16.8,19.1,19.4,21.0,18.433333333333334,18.942857142857143,20.364285714285717,8.7,7.6,0.0,0.4,5.433333333333327,2.657142857142855,1.407142857142859
2018-10-11,21.5,12.4,16.2,1.9,10.6,56,10,284,4,16.4,16.8,19.1,19.0,17.433333333333337,18.285714285714285,19.935714285714283,0.3,8.7,7.6,1.9,5.533333333333328,2.642857142857141,1.4285714285714306
2018-10-12,22.3,12.6,16.6,0.0,6.9,50,10,285,4,16.2,16.4,16.8,18.4,16.466666666666665,17.885714285714286,19.52142857142857,1.9,0.3,8.7,0.0,3.633333333333328,2.64285714285714,1.5285714285714305
2018-10-13,22.3,12.0,16.7,0.6,7.7,47,10,286,4,16.6,16.2,16.4,18.9,16.400000000000002,17.628571428571426,19.071428571428573,0.0,1.9,0.3,0.0,0.7333333333333286,2.64285714285714,1.5285714285714305
2018-10-14,22.1,13.0,17.8,0.1,9.4,47,10,287,4,16.7,16.6,16.2,19.4,16.5,17.314285714285713,18.714285714285715,0.6,0.0,1.9,0.0,0.8333333333333286,2.7285714285714264,1.5642857142857163
2018-10-15,22.9,13.2,17.3,1.1,16.3,54,10,288,4,17.8,16.7,16.6,19.1,17.033333333333335,17.085714285714285,18.542857142857144,0.1,0.6,0.0,7.6,0.2333333333333286,2.74285714285714,1.5642857142857163
2018-10-16,16.6,11.5,13.4,56.0,19.8,83,10,289,4,17.3,17.8,16.7,16.8,17.266666666666666,16.82857142857143,18.25,1.1,0.1,0.6,8.7,0.5999999999999953,1.814285714285712,1.614285714285716
2018-10-17,19.6,11.0,14.9,12.9,11.6,73,10,290,4,13.4,17.3,17.8,16.4,16.166666666666668,16.34285714285714,17.642857142857142,56.0,1.1,0.1,0.3,19.066666666666663,8.57142857142857,5.614285714285716
2018-10-18,21.5,11.2,15.6,0.0,8.7,54,10,291,4,14.9,13.4,17.3,16.2,15.200000000000003,16.12857142857143,17.207142857142856,12.9,56.0,1.1,1.9,23.33333333333333,10.37142857142857,6.50714285714286
2018-10-19,21.0,12.7,16.1,0.0,7.9,46,10,292,4,15.6,14.9,13.4,16.6,14.633333333333335,16.04285714285714,16.964285714285715,0.0,12.9,56.0,0.0,22.966666666666665,10.099999999999998,6.371428571428574
2018-10-20,21.6,12.2,16.0,0.0,8.7,48,10,293,4,16.1,15.6,14.9,16.7,15.533333333333337,15.971428571428573,16.8,0.0,0.0,12.9,0.6,4.299999999999995,10.099999999999998,6.371428571428574
2018-10-21,21.6,11.3,16.0,1.3,8.2,47,10,294,4,16.0,16.1,15.6,17.8,15.9,15.87142857142857,16.592857142857145,0.0,0.0,0.0,0.1,0.0,10.014285714285714,6.371428571428574
2018-10-22,21.3,11.4,15.9,0.0,10.6,42,10,295,4,16.0,16.0,16.1,17.3,16.033333333333335,15.614285714285716,16.35,1.3,0.0,0.0,1.1,0.43333333333332863,10.185714285714283,6.464285714285716
2018-10-23,20.8,10.8,15.7,0.3,7.4,44,10,296,4,15.9,16.0,16.0,13.4,15.966666666666669,15.414285714285713,16.121428571428574,0.0,1.3,0.0,56.0,0.43333333333332863,10.028571428571427,5.9214285714285735
2018-10-24,20.8,11.6,15.6,0.2,8.7,47,10,297,4,15.7,15.9,16.0,14.9,15.866666666666667,15.742857142857144,16.04285714285714,0.3,0.0,1.3,12.9,0.5333333333333287,2.0714285714285694,5.321428571428574
2018-10-25,21.4,10.7,15.7,0.0,8.7,48,10,298,4,15.6,15.7,15.9,15.6,15.733333333333334,15.842857142857142,15.985714285714284,0.2,0.3,0.0,0.0,0.16666666666666194,0.2571428571428551,5.314285714285717
2018-10-26,21.6,11.8,16.6,0.0,8.3,50,10,299,4,15.7,15.6,15.7,16.1,15.666666666666666,15.857142857142858,15.950000000000001,0.0,0.2,0.3,0.0,0.16666666666666194,0.2571428571428551,5.178571428571431
2018-10-27,21.7,11.2,16.5,0.0,9.0,43,10,300,4,16.6,15.7,15.6,16.0,15.966666666666669,15.928571428571429,15.950000000000001,0.0,0.0,0.2,0.0,0.06666666666666193,0.2571428571428551,5.178571428571431
2018-10-28,22.2,14.1,17.9,0.0,8.2,42,10,301,4,16.5,16.6,15.7,16.0,16.26666666666667,16.0,15.935714285714287,0.0,0.0,0.0,1.3,0.0,0.2571428571428551,5.135714285714288
2018-10-29,22.2,13.6,19.2,0.0,9.8,47,10,302,4,17.9,16.5,16.6,15.9,17.0,16.271428571428572,15.942857142857141,0.0,0.0,0.0,0.0,0.0,0.0714285714285694,5.128571428571431
2018-10-30,22.0,14.8,19.9,0.0,10.4,50,10,303,4,19.2,17.9,16.5,15.7,17.866666666666667,16.742857142857144,16.07857142857143,0.0,0.0,0.0,0.3,0.0,0.0714285714285694,5.0500000000000025
2018-10-31,20.9,14.6,18.3,0.0,8.9,67,10,304,4,19.9,19.2,17.9,15.6,19.0,17.34285714285714,16.54285714285714,0.0,0.0,0.0,0.2,0.0,0.028571428571426544,1.050000000000002
2018-11-01,15.0,10.9,13.6,46.7,13.4,87,11,305,4,18.3,19.9,19.2,15.7,19.133333333333336,17.728571428571428,16.785714285714285,0.0,0.0,0.0,0.0,0.0,0.0,0.1285714285714306
2018-11-02,16.7,8.7,12.0,2.3,11.7,80,11,306,4,13.6,18.3,19.9,16.6,17.266666666666666,17.428571428571427,16.642857142857142,46.7,0.0,0.0,0.0,15.566666666666663,6.67142857142857,3.464285714285716
2018-11-03,13.2,6.4,9.5,5.8,9.8,82,11,307,4,12.0,13.6,18.3,16.5,14.633333333333335,16.771428571428572,16.349999999999998,2.3,46.7,0.0,0.0,16.33333333333333,6.999999999999998,3.6285714285714303
2018-11-04,16.2,6.7,11.3,0.0,8.6,59,11,308,4,9.5,12.0,13.6,17.9,11.700000000000001,15.771428571428572,15.885714285714284,5.8,2.3,46.7,0.0,18.266666666666662,7.828571428571427,4.042857142857145
2018-11-05,17.2,7.5,11.8,0.0,8.4,54,11,309,4,11.3,9.5,12.0,19.2,10.933333333333335,14.828571428571427,15.549999999999999,0.0,5.8,2.3,0.0,2.6999999999999953,7.828571428571427,3.9500000000000024
2018-11-06,19.6,9.5,13.7,0.0,10.6,34,11,310,4,11.8,11.3,9.5,19.9,10.866666666666667,13.77142857142857,15.257142857142856,0.0,0.0,5.8,0.0,1.9333333333333285,7.828571428571427,3.9500000000000024
2018-11-07,20.2,9.9,17.0,0.0,7.8,36,11,311,4,13.7,11.8,11.3,18.3,12.266666666666667,12.885714285714286,15.114285714285714,0.0,0.0,0.0,0.0,0.0,7.828571428571427,3.9285714285714306
2018-11-08,18.7,10.8,16.6,0.0,7.4,42,11,312,4,17.0,13.7,11.8,13.6,14.16666666666667,12.700000000000001,15.214285714285714,0.0,0.0,0.0,46.7,0.0,7.828571428571427,3.914285714285717
2018-11-09,18.4,9.6,15.0,0.0,7.6,54,11,313,4,16.6,17.0,13.7,12.0,15.766666666666667,13.12857142857143,15.278571428571428,0.0,0.0,0.0,2.3,0.0,1.157142857142855,3.914285714285717
2018-11-10,17.7,10.6,15.3,0.0,8.4,56,11,314,4,15.0,16.6,17.0,9.5,16.200000000000003,13.557142857142859,15.164285714285713,0.0,0.0,0.0,5.8,0.0,0.8285714285714265,3.914285714285717
2018-11-11,17.5,10.0,14.4,0.7,8.9,60,11,315,4,15.3,15.0,16.6,11.3,15.633333333333335,14.385714285714286,15.078571428571427,0.0,0.0,0.0,0.0,0.0,0.0,3.914285714285717
2018-11-12,16.4,9.4,12.8,4.2,9.9,65,11,316,4,14.4,15.3,15.0,11.8,14.900000000000004,14.828571428571427,14.828571428571427,0.7,0.0,0.0,0.0,0.2333333333333286,0.09999999999999797,3.964285714285716
2018-11-13,15.2,8.2,11.4,3.2,9.4,73,11,317,4,12.8,14.4,15.3,13.7,14.16666666666667,14.971428571428573,14.37142857142857,4.2,0.7,0.0,0.0,1.6333333333333286,0.6999999999999981,4.264285714285717
2018-11-14,12.8,7.4,9.8,5.8,11.6,81,11,318,4,11.4,12.8,14.4,17.0,12.866666666666669,14.642857142857142,13.764285714285714,3.2,4.2,0.7,0.0,2.6999999999999957,1.1571428571428553,4.4928571428571455
2018-11-15,15.7,6.8,11.0,0.0,8.6,69,11,319,4,9.8,11.4,12.8,16.6,11.333333333333337,13.614285714285716,13.157142857142858,5.8,3.2,4.2,0.0,4.399999999999995,1.9857142857142838,4.907142857142859
2018-11-16,16.8,8.0,12.5,0.0,8.4,45,11,320,4,11.0,9.8,11.4,15.0,10.733333333333334,12.814285714285717,12.971428571428573,0.0,5.8,3.2,0.0,2.999999999999995,1.9857142857142838,1.5714285714285734
2018-11-17,18.8,7.5,13.6,0.0,10.0,41,11,321,4,12.5,11.0,9.8,15.3,11.100000000000003,12.457142857142859,13.007142857142858,0.0,0.0,5.8,0.0,1.9333333333333285,1.9857142857142838,1.407142857142859
2018-11-18,18.2,10.7,14.3,0.1,6.3,45,11,322,4,13.6,12.5,11.0,14.4,12.366666666666669,12.214285714285714,13.3,0.0,0.0,0.0,0.7,0.0,1.9857142857142838,0.9928571428571449
2018-11-19,17.2,9.9,12.8,0.1,11.3,54,11,323,4,14.3,13.6,12.5,12.8,13.466666666666669,12.200000000000001,13.514285714285716,0.1,0.0,0.0,4.2,0.0333333333333286,1.8999999999999981,1.000000000000002
2018-11-20,18.1,9.3,13.0,0.0,6.9,54,11,324,4,12.8,14.3,13.6,11.4,13.56666666666667,12.2,13.585714285714285,0.1,0.1,0.0,3.2,0.06666666666666193,1.314285714285712,1.0071428571428591
2018-11-21,19.4,9.2,14.3,0.0,12.4,41,11,325,4,13.0,12.8,14.3,9.8,13.366666666666669,12.428571428571429,13.535714285714286,0.0,0.1,0.1,5.8,0.06666666666666193,0.8571428571428551,1.0071428571428591
2018-11-22,17.7,8.8,14.6,0.1,11.8,40,11,326,4,14.3,13.0,12.8,11.0,13.366666666666669,13.071428571428571,13.342857142857143,0.0,0.0,0.1,0.0,0.0333333333333286,0.028571428571426544,1.0071428571428591
2018-11-23,18.6,7.9,12.4,0.0,9.4,48,11,327,4,14.6,14.3,13.0,12.5,13.966666666666669,13.585714285714285,13.200000000000001,0.1,0.0,0.0,0.0,0.0333333333333286,0.04285714285714083,1.0142857142857165
2018-11-24,20.8,8.9,15.1,0.0,11.5,39,11,328,4,12.4,14.6,14.3,13.6,13.766666666666667,13.571428571428571,13.014285714285716,0.0,0.1,0.0,0.0,0.0333333333333286,0.04285714285714083,1.0142857142857165
2018-11-25,21.2,12.0,18.2,0.0,5.2,39,11,329,4,15.1,12.4,14.6,14.3,14.033333333333337,13.785714285714286,13.0,0.0,0.0,0.1,0.1,0.0333333333333286,0.04285714285714083,1.0142857142857165
2018-11-26,20.7,13.1,18.2,0.0,8.6,37,11,330,4,18.2,15.1,12.4,12.8,15.233333333333334,14.342857142857143,13.27142857142857,0.0,0.0,0.0,0.1,0.0,0.028571428571426544,0.9642857142857164
2018-11-27,19.9,13.3,17.8,0.0,6.1,45,11,331,4,18.2,18.2,15.1,13.0,17.166666666666668,15.114285714285716,13.657142857142858,0.0,0.0,0.0,0.0,0.0,0.014285714285712256,0.6642857142857164
2018-11-28,16.8,9.9,14.2,1.2,9.4,63,11,332,4,17.8,18.2,18.2,14.3,18.066666666666666,15.8,14.114285714285714,0.0,0.0,0.0,0.0,0.0,0.014285714285712256,0.4357142857142877
2018-11-29,18.1,8.1,13.4,0.0,9.4,58,11,333,4,14.2,17.8,18.2,14.6,16.733333333333334,15.785714285714286,14.428571428571429,1.2,0.0,0.0,0.1,0.39999999999999525,0.1857142857142837,0.10714285714285918
2018-11-30,19.2,7.9,13.3,0.0,9.8,43,11,334,4,13.4,14.2,17.8,12.4,15.133333333333335,15.614285714285714,14.6,0.0,1.2,0.0,0.0,0.39999999999999525,0.1714285714285694,0.10714285714285918
2018-12-01,18.4,9.1,15.7,0.0,7.0,36,12,335,1,13.3,13.4,14.2,15.1,13.633333333333335,15.742857142857142,14.657142857142857,0.0,0.0,1.2,0.0,0.39999999999999525,0.1714285714285694,0.10714285714285918
2018-12-02,16.1,7.6,13.6,0.0,7.0,44,12,336,1,15.7,13.3,13.4,18.2,14.133333333333335,15.828571428571427,14.807142857142859,0.0,0.0,0.0,0.0,0.0,0.1714285714285694,0.10714285714285918
2018-12-03,17.3,10.3,13.8,0.0,7.8,44,12,337,1,13.6,15.7,13.3,18.2,14.200000000000003,15.171428571428569,14.757142857142856,0.0,0.0,0.0,0.0,0.0,0.1714285714285694,0.10000000000000202
2018-12-04,16.6,8.2,14.3,0.0,6.2,40,12,338,1,13.8,13.6,15.7,17.8,14.366666666666669,14.542857142857144,14.828571428571427,0.0,0.0,0.0,0.0,0.0,0.1714285714285694,0.09285714285714489
2018-12-05,14.9,6.9,12.9,0.0,7.4,47,12,339,1,14.3,13.8,13.6,14.2,13.900000000000004,14.042857142857143,14.921428571428573,0.0,0.0,0.0,1.2,0.0,0.1714285714285694,0.09285714285714489
2018-12-06,13.5,6.6,10.1,0.1,7.9,61,12,340,1,12.9,14.3,13.8,13.4,13.66666666666667,13.857142857142858,14.821428571428571,0.0,0.0,0.0,0.0,0.0,0.0,0.09285714285714489
2018-12-07,15.3,6.5,11.6,0.0,8.3,44,12,341,1,10.1,12.9,14.3,13.3,12.433333333333337,13.385714285714286,14.5,0.1,0.0,0.0,0.0,0.0333333333333286,0.014285714285712256,0.09285714285714489
2018-12-08,14.5,6.9,12.5,0.0,7.2,43,12,342,1,11.6,10.1,12.9,15.7,11.533333333333337,13.142857142857142,14.442857142857141,0.0,0.1,0.0,0.0,0.0333333333333286,0.014285714285712256,0.09285714285714489
2018-12-09,13.7,6.9,10.7,3.3,7.1,59,12,343,1,12.5,11.6,10.1,13.6,11.400000000000004,12.685714285714285,14.257142857142856,0.0,0.0,0.1,0.0,0.0333333333333286,0.014285714285712256,0.09285714285714489
2018-12-10,7.3,3.8,5.8,24.6,9.8,90,12,344,1,10.7,12.5,11.6,13.8,11.600000000000001,12.27142857142857,13.721428571428573,3.3,0.0,0.0,0.0,1.0999999999999952,0.48571428571428366,0.32857142857143057
2018-12-11,9.5,3.4,6.1,1.7,11.1,81,12,345,1,5.8,10.7,12.5,14.3,9.666666666666668,11.128571428571428,12.835714285714285,24.6,3.3,0.0,0.0,9.299999999999995,3.999999999999998,2.085714285714288
2018-12-12,10.6,3.0,6.1,2.0,7.9,78,12,346,1,6.1,5.8,10.7,12.9,7.533333333333336,9.957142857142857,12.0,1.7,24.6,3.3,0.0,9.866666666666662,4.242857142857141,2.2071428571428595
2018-12-13,10.5,2.3,5.7,0.0,5.8,78,12,347,1,6.1,6.1,5.8,10.1,6.000000000000003,8.985714285714286,11.421428571428573,2.0,1.7,24.6,0.1,9.433333333333328,4.528571428571427,2.2642857142857165
2018-12-14,11.9,1.8,6.3,0.0,7.4,49,12,348,1,5.7,6.1,6.1,11.6,5.966666666666669,8.357142857142858,10.87142857142857,0.0,2.0,1.7,0.0,1.2333333333333287,4.514285714285712,2.2642857142857165
2018-12-15,14.5,4.7,8.2,0.0,8.4,35,12,349,1,6.3,5.7,6.1,12.5,6.033333333333336,7.6,10.371428571428572,0.0,0.0,2.0,0.0,0.666666666666662,4.514285714285712,2.2642857142857165
2018-12-16,16.1,3.8,8.8,0.0,8.9,35,12,350,1,8.2,6.3,5.7,10.7,6.733333333333335,6.985714285714285,9.835714285714285,0.0,0.0,0.0,3.3,0.0,4.514285714285712,2.2642857142857165
2018-12-17,16.9,5.0,10.2,0.0,9.3,31,12,351,1,8.8,8.2,6.3,5.8,7.766666666666669,6.714285714285714,9.492857142857142,0.0,0.0,0.0,24.6,0.0,4.042857142857141,2.2642857142857165
2018-12-18,17.8,5.2,11.4,0.0,10.5,33,12,352,1,10.2,8.8,8.2,6.1,9.066666666666668,7.342857142857142,9.235714285714284,0.0,0.0,0.0,1.7,0.0,0.5285714285714266,2.2642857142857165
2018-12-19,15.5,6.0,12.5,0.0,6.6,39,12,353,1,11.4,10.2,8.8,6.1,10.133333333333335,8.1,9.028571428571428,0.0,0.0,0.0,2.0,0.0,0.2857142857142837,2.2642857142857165
2018-12-20,14.5,6.7,11.3,0.0,6.1,42,12,354,1,12.5,11.4,10.2,5.7,11.366666666666669,9.014285714285714,8.999999999999998,0.0,0.0,0.0,0.0,0.0,0.0,2.2642857142857165
2018-12-21,15.6,4.8,9.9,0.0,11.0,37,12,355,1,11.3,12.5,11.4,6.3,11.733333333333336,9.814285714285715,9.085714285714285,0.0,0.0,0.0,0.0,0.0,0.0,2.2571428571428593
2018-12-22,15.1,5.1,10.3,0.0,7.4,37,12,356,1,9.9,11.3,12.5,8.2,11.233333333333336,10.328571428571427,8.964285714285714,0.0,0.0,0.0,0.0,0.0,0.0,2.2571428571428593
2018-12-23,12.2,2.5,8.1,0.0,6.8,52,12,357,1,10.3,9.9,11.3,8.8,10.500000000000004,10.62857142857143,8.807142857142859,0.0,0.0,0.0,0.0,0.0,0.0,2.2571428571428593
2018-12-24,13.1,2.1,7.5,0.0,7.0,55,12,358,1,8.1,10.3,9.9,10.2,9.433333333333337,10.528571428571428,8.621428571428572,0.0,0.0,0.0,0.0,0.0,0.0,2.0214285714285736
2018-12-25,13.1,2.0,7.7,0.0,8.0,44,12,359,1,7.5,8.1,10.3,11.4,8.633333333333335,10.142857142857142,8.742857142857144,0.0,0.0,0.0,0.0,0.0,0.0,0.26428571428571657
2018-12-26,10.2,1.8,7.8,0.0,6.2,46,12,360,1,7.7,7.5,8.1,12.5,7.766666666666669,9.614285714285714,8.857142857142858,0.0,0.0,0.0,0.0,0.0,0.0,0.14285714285714515
2018-12-27,10.4,2.8,7.0,0.0,7.1,45,12,361,1,7.8,7.7,7.5,11.3,7.666666666666669,8.942857142857143,8.97857142857143,0.0,0.0,0.0,0.0,0.0,0.0,0.0
2018-12-28,14.4,2.0,8.1,0.0,10.5,36,12,362,1,7.0,7.8,7.7,9.9,7.500000000000003,8.32857142857143,9.071428571428571,0.0,0.0,0.0,0.0,0.0,0.0,0.0
2018-12-29,14.1,7.3,10.8,0.0,6.6,33,12,363,1,8.1,7.0,7.8,10.3,7.6333333333333355,8.071428571428571,9.200000000000001,0.0,0.0,0.0,0.0,0.0,0.0,0.0
2018-12-30,13.6,3.9,10.1,0.0,6.9,47,12,364,1,10.8,8.1,7.0,8.1,8.633333333333335,8.142857142857142,9.385714285714286,0.0,0.0,0.0,0.0,0.0,0.0,0.0
2018-12-31,16.1,5.9,10.5,0.0,7.6,42,12,365,1,10.1,10.8,8.1,7.5,9.66666666666667,8.428571428571429,9.478571428571428,0.0,0.0,0.0,0.0,0.0,0.0,0.0
2019-01-01,15.4,6.0,10.7,1.7,7.5,40,1,1,1,10.5,10.1,10.8,7.7,10.466666666666669,8.857142857142858,9.5,0.0,0.0,0.0,0.0,0.0,0.0,0.0
2019-01-02,8.4,2.2,5.1,12.3,11.1,88,1,2,1,10.7,10.5,10.1,7.8,10.433333333333335,9.285714285714286,9.450000000000001,1.7,0.0,0.0,0.0,0.566666666666662,0.24285714285714086,0.12142857142857373
2019-01-03,11.3,2.2,6.2,0.0,6.5,62,1,3,1,5.1,10.7,10.5,7.0,8.766666666666667,8.9,8.921428571428573,12.3,1.7,0.0,0.0,4.666666666666662,1.999999999999998,1.0000000000000022
2019-01-04,10.4,4.2,6.3,5.5,17.9,59,1,4,1,6.2,5.1,10.7,8.1,7.333333333333336,8.785714285714286,8.557142857142857,0.0,12.3,1.7,0.0,4.666666666666662,1.999999999999998,1.0000000000000022
2019-01-05,5.0,2.4,3.5,22.4,10.3,91,1,5,1,6.3,6.2,5.1,10.8,5.86666666666667,8.528571428571428,8.3,5.5,0.0,12.3,0.0,5.933333333333329,2.785714285714284,1.3928571428571452
2019-01-06,10.1,0.9,5.0,0.0,7.6,70,1,6,1,3.5,6.3,6.2,10.1,5.333333333333336,7.485714285714286,7.814285714285715,22.4,5.5,0.0,0.0,9.299999999999995,5.985714285714283,2.992857142857145
2019-01-07,11.2,1.1,6.2,0.0,9.2,53,1,7,1,5.0,3.5,6.3,10.5,4.933333333333336,6.757142857142857,7.5928571428571425,0.0,22.4,5.5,0.0,9.299999999999995,5.985714285714283,2.992857142857145
2019-01-08,10.2,3.4,7.5,0.0,9.9,47,1,8,1,6.2,5.0,3.5,10.7,4.900000000000002,6.142857142857143,7.5,0.0,0.0,22.4,1.7,7.4666666666666615,5.985714285714283,2.992857142857145
2019-01-09,12.7,2.6,6.6,0.0,5.5,49,1,9,1,7.5,6.2,5.0,5.1,6.233333333333335,5.685714285714286,7.485714285714286,0.0,0.0,0.0,12.3,0.0,5.74285714285714,2.992857142857145
2019-01-10,11.6,3.5,8.1,2.7,12.9,54,1,10,1,6.6,7.5,6.2,6.2,6.766666666666669,5.8999999999999995,7.3999999999999995,0.0,0.0,0.0,0.0,0.0,3.9857142857142835,2.992857142857145
2019-01-11,9.9,3.1,5.8,6.1,11.5,76,1,11,1,8.1,6.6,7.5,6.3,7.400000000000002,6.171428571428571,7.478571428571428,2.7,0.0,0.0,5.5,0.8999999999999954,4.371428571428569,3.1857142857142877
2019-01-12,6.0,2.2,4.1,13.2,10.5,89,1,12,1,5.8,8.1,6.6,3.5,6.833333333333336,6.1,7.314285714285715,6.1,2.7,0.0,22.4,2.9333333333333287,4.457142857142855,3.6214285714285737
2019-01-13,7.9,1.6,4.0,0.5,6.2,66,1,13,1,4.1,5.8,8.1,5.0,6.000000000000001,6.185714285714285,6.8357142857142845,13.2,6.1,2.7,0.0,7.333333333333329,3.142857142857141,4.564285714285717
2019-01-14,12.9,1.8,6.0,0.0,10.6,28,1,14,1,4.0,4.1,5.8,6.2,4.6333333333333355,6.042857142857143,6.3999999999999995,0.5,13.2,6.1,0.0,6.599999999999995,3.214285714285712,4.600000000000002
2019-01-15,15.5,3.2,10.7,0.0,12.0,31,1,15,1,6.0,4.0,4.1,7.5,4.700000000000002,6.014285714285713,6.078571428571428,0.0,0.5,13.2,0.0,4.566666666666662,3.214285714285712,4.600000000000002
2019-01-16,13.1,4.4,9.7,2.9,8.1,45,1,16,1,10.7,6.0,4.0,6.6,6.900000000000002,6.471428571428571,6.078571428571428,0.0,0.0,0.5,0.0,0.16666666666666194,3.214285714285712,4.47857142857143
2019-01-17,13.5,2.7,7.5,0.0,9.3,49,1,17,1,9.7,10.7,6.0,8.1,8.800000000000002,6.914285714285714,6.407142857142857,2.9,0.0,0.0,2.7,0.9666666666666619,3.6285714285714263,3.8071428571428596
2019-01-18,12.5,3.1,7.2,0.5,14.2,51,1,18,1,7.5,9.7,10.7,5.8,9.300000000000002,6.828571428571428,6.5,0.0,2.9,0.0,6.1,0.9666666666666619,3.2428571428571407,3.8071428571428596
2019-01-19,13.0,4.4,8.0,5.7,13.9,69,1,19,1,7.2,7.5,9.7,4.1,8.133333333333335,7.028571428571429,6.564285714285714,0.5,0.0,2.9,13.2,1.1333333333333286,2.4428571428571404,3.4500000000000024
2019-01-20,12.1,5.4,8.0,12.8,13.2,79,1,20,1,8.0,7.2,7.5,4.0,7.566666666666669,7.585714285714286,6.885714285714285,5.7,0.5,0.0,0.5,2.066666666666662,1.3714285714285694,2.2571428571428593
2019-01-21,6.5,3.7,5.1,23.7,10.9,94,1,21,1,8.0,8.0,7.2,6.0,7.733333333333335,8.157142857142857,7.1,12.8,5.7,0.5,0.0,6.333333333333329,3.1285714285714263,3.171428571428574
2019-01-22,7.5,2.9,5.0,14.1,8.3,89,1,22,1,5.1,8.0,8.0,10.7,7.033333333333336,8.028571428571428,7.021428571428571,23.7,12.8,5.7,0.0,14.066666666666663,6.5142857142857125,4.864285714285716
2019-01-23,8.2,0.7,3.8,1.6,7.6,84,1,23,1,5.0,5.1,8.0,9.7,6.033333333333336,7.214285714285714,6.8428571428571425,14.1,23.7,12.8,2.9,16.86666666666666,8.528571428571427,5.871428571428574
2019-01-24,8.2,1.0,4.1,1.8,8.1,66,1,24,1,3.8,5.0,5.1,7.5,4.6333333333333355,6.371428571428572,6.642857142857143,1.6,14.1,23.7,0.0,13.133333333333328,8.342857142857142,5.9857142857142875
2019-01-25,8.3,-0.4,3.3,1.8,7.5,66,1,25,1,4.1,3.8,5.0,7.2,4.300000000000002,5.885714285714286,6.357142857142857,1.8,1.6,14.1,0.5,5.833333333333329,8.599999999999998,5.921428571428573
2019-01-26,8.3,-0.7,2.9,1.3,7.2,64,1,26,1,3.3,4.1,3.8,8.0,3.7333333333333356,5.328571428571428,6.178571428571428,1.8,1.8,1.6,5.7,1.7333333333333287,8.785714285714283,5.6142857142857165
2019-01-27,9.8,-0.4,3.9,0.0,7.7,42,1,27,1,2.9,3.3,4.1,8.0,3.4333333333333353,4.6000000000000005,6.0928571428571425,1.3,1.8,1.8,12.8,1.6333333333333286,8.157142857142855,4.764285714285717
2019-01-28,11.1,0.4,4.6,0.0,10.0,32,1,28,1,3.9,2.9,3.3,5.1,3.366666666666669,4.014285714285714,6.085714285714286,0.0,1.3,1.8,23.7,1.0333333333333288,6.328571428571427,4.72857142857143
2019-01-29,12.0,0.8,6.6,0.0,10.0,36,1,29,1,4.6,3.9,2.9,5.0,3.800000000000002,3.9428571428571426,5.985714285714286,0.0,0.0,1.3,14.1,0.43333333333332863,2.942857142857141,4.72857142857143
2019-01-30,9.7,4.1,6.3,6.5,8.9,65,1,30,1,6.6,4.6,3.9,3.8,5.033333333333335,4.171428571428572,5.692857142857142,0.0,0.0,0.0,1.6,0.0,0.9285714285714265,4.72857142857143
2019-01-31,4.7,2.8,3.9,20.7,13.9,93,1,31,1,6.3,6.6,4.6,4.1,5.833333333333336,4.5285714285714285,5.450000000000001,6.5,0.0,0.0,1.8,2.166666666666662,1.6285714285714266,4.9857142857142875
2019-02-01,9.5,1.7,4.8,4.6,5.9,86,2,32,1,3.9,6.3,6.6,3.3,5.600000000000001,4.5,5.192857142857143,20.7,6.5,0.0,1.8,9.066666666666661,4.3285714285714265,6.464285714285716
2019-02-02,13.0,1.9,7.1,0.0,7.5,61,2,33,1,4.8,3.9,6.3,2.9,5.000000000000003,4.714285714285714,5.021428571428571,4.6,20.7,6.5,1.3,10.599999999999994,4.728571428571427,6.757142857142859
2019-02-03,14.8,4.9,8.6,0.0,7.6,43,2,34,1,7.1,4.8,3.9,3.9,5.266666666666668,5.314285714285715,4.957142857142857,0.0,4.6,20.7,0.0,8.433333333333328,4.54285714285714,6.350000000000001
2019-02-04,15.1,5.1,9.6,0.0,9.7,39,2,35,1,8.6,7.1,4.8,4.6,6.833333333333336,5.985714285714286,5.0,0.0,0.0,4.6,0.0,1.5333333333333286,4.54285714285714,5.435714285714288
2019-02-05,12.7,4.4,9.1,5.5,9.1,53,2,36,1,9.6,8.6,7.1,6.6,8.433333333333335,6.7,5.32142857142857,0.0,0.0,0.0,0.0,0.0,4.54285714285714,3.7428571428571447
2019-02-06,6.3,2.0,4.0,23.5,11.1,91,2,37,1,9.1,9.6,8.6,6.3,9.100000000000001,7.057142857142857,5.614285714285714,5.5,0.0,0.0,6.5,1.8333333333333286,5.3285714285714265,3.1285714285714303
2019-02-07,8.4,1.4,4.8,1.3,9.0,80,2,38,1,4.0,9.1,9.6,3.9,7.566666666666669,6.728571428571429,5.628571428571428,23.5,5.5,0.0,20.7,9.666666666666663,7.7571428571428545,4.692857142857144
2019-02-08,9.0,2.0,4.9,3.1,9.5,71,2,39,1,4.8,4.0,9.1,4.8,5.966666666666669,6.857142857142857,5.678571428571429,1.3,23.5,5.5,4.6,10.099999999999996,4.985714285714283,4.657142857142859
2019-02-09,13.7,1.8,7.7,0.0,12.0,48,2,40,1,4.9,4.8,4.0,7.1,4.566666666666669,6.871428571428572,5.792857142857144,3.1,1.3,23.5,0.0,9.299999999999995,4.77142857142857,4.750000000000002
2019-02-10,14.1,6.0,10.4,0.0,9.2,40,2,41,1,7.7,4.9,4.8,8.6,5.800000000000002,6.957142857142857,6.135714285714285,0.0,3.1,1.3,0.0,1.4666666666666621,4.77142857142857,4.657142857142859
2019-02-11,15.0,5.8,10.1,0.0,7.8,44,2,42,1,10.4,7.7,4.9,9.6,7.666666666666669,7.214285714285714,6.6,0.0,0.0,3.1,0.0,1.0333333333333288,4.77142857142857,4.657142857142859
2019-02-12,14.5,6.9,9.6,4.4,19.2,56,2,43,1,10.1,10.4,7.7,9.1,9.400000000000004,7.285714285714286,6.992857142857142,0.0,0.0,0.0,5.5,0.0,4.77142857142857,4.657142857142859
2019-02-13,11.8,7.2,8.8,10.0,15.6,75,2,44,1,9.6,10.1,10.4,4.0,10.033333333333335,7.3571428571428585,7.207142857142857,4.4,0.0,0.0,23.5,1.4666666666666621,4.614285714285712,4.971428571428574
2019-02-14,9.1,2.8,6.3,13.2,12.6,82,2,45,1,8.8,9.6,10.1,4.8,9.500000000000002,8.042857142857143,7.385714285714285,10.0,4.4,0.0,1.3,4.799999999999995,2.6857142857142837,5.221428571428573
2019-02-15,11.4,2.7,7.3,1.6,5.6,71,2,46,1,6.3,8.8,9.6,4.9,8.233333333333336,8.257142857142858,7.557142857142857,13.2,10.0,4.4,3.1,9.199999999999996,4.3857142857142835,4.685714285714288
2019-02-16,13.3,4.1,8.4,0.0,6.4,59,2,47,1,7.3,6.3,8.8,7.7,7.466666666666669,8.6,7.735714285714286,1.6,13.2,10.0,0.0,8.266666666666662,4.17142857142857,4.471428571428573
2019-02-17,11.8,4.9,8.6,0.8,11.3,47,2,48,1,8.4,7.3,6.3,10.4,7.333333333333336,8.7,7.828571428571428,0.0,1.6,13.2,0.0,4.933333333333328,4.17142857142857,4.471428571428573
2019-02-18,5.9,1.6,4.1,15.7,9.1,86,2,49,1,8.6,8.4,7.3,10.1,8.100000000000001,8.442857142857143,7.828571428571428,0.8,0.0,1.6,0.0,0.7999999999999954,4.285714285714284,4.52857142857143
2019-02-19,11.1,1.0,5.7,0.2,11.8,75,2,50,1,4.1,8.6,8.4,9.6,7.033333333333336,7.585714285714286,7.435714285714286,15.7,0.8,0.0,4.4,5.499999999999996,6.528571428571427,5.650000000000001
2019-02-20,11.8,4.0,6.9,21.9,15.1,75,2,51,1,5.7,4.1,8.6,8.8,6.1333333333333355,7.028571428571428,7.192857142857143,0.2,15.7,0.8,10.0,5.566666666666662,5.928571428571425,5.271428571428573
2019-02-21,9.7,3.3,6.1,29.8,14.2,92,2,52,1,6.9,5.7,4.1,6.3,5.566666666666669,6.757142857142858,7.3999999999999995,21.9,0.2,15.7,13.2,12.599999999999994,7.628571428571426,5.157142857142859
2019-02-22,12.5,3.2,7.4,0.5,6.2,69,2,53,1,6.1,6.9,5.7,7.3,6.233333333333335,6.728571428571429,7.492857142857143,29.8,21.9,0.2,1.6,17.299999999999994,9.999999999999998,7.192857142857145
2019-02-23,14.8,3.6,8.7,0.0,7.2,58,2,54,1,7.4,6.1,6.9,8.4,6.800000000000003,6.742857142857143,7.671428571428571,0.5,29.8,21.9,0.0,17.399999999999995,9.84285714285714,7.007142857142859
2019-02-24,11.6,3.5,8.7,4.1,13.6,66,2,55,1,8.7,7.4,6.1,8.6,7.400000000000002,6.785714285714286,7.742857142857143,0.0,0.5,29.8,0.8,10.099999999999996,9.84285714285714,7.007142857142859
2019-02-25,10.0,2.3,5.2,3.3,9.5,77,2,56,1,8.7,8.7,7.4,4.1,8.26666666666667,6.799999999999999,7.621428571428572,4.1,0.0,0.5,15.7,1.5333333333333286,10.314285714285713,7.300000000000002
2019-02-26,4.3,0.8,2.9,17.5,7.8,89,2,57,1,5.2,8.7,8.7,5.7,7.533333333333335,6.957142857142857,7.271428571428572,3.3,4.1,0.0,0.2,2.466666666666662,8.542857142857141,7.535714285714287
2019-02-27,9.7,0.6,4.9,0.7,7.6,67,2,58,1,2.9,5.2,8.7,6.9,5.600000000000002,6.557142857142857,6.792857142857143,17.5,3.3,4.1,21.9,8.299999999999995,11.01428571428571,8.471428571428573
2019-02-28,11.4,1.7,6.7,1.0,9.2,67,2,59,1,4.9,2.9,5.2,6.1,4.333333333333336,6.271428571428572,6.514285714285714,0.7,17.5,3.3,29.8,7.166666666666661,7.985714285714283,7.807142857142859
2019-03-01,9.9,4.8,7.0,0.6,8.8,65,3,60,2,6.7,4.9,2.9,7.4,4.833333333333336,6.357142857142857,6.542857142857144,1.0,0.7,17.5,0.5,6.399999999999995,3.871428571428569,6.935714285714288
2019-03-02,5.2,3.2,4.6,27.2,11.0,93,3,61,2,7.0,6.7,4.9,8.7,6.200000000000003,6.3,6.521428571428572,0.6,1.0,0.7,0.0,0.7666666666666618,3.8857142857142835,6.8642857142857165
2019-03-03,10.0,3.8,6.3,2.6,6.3,87,3,62,2,4.6,7.0,6.7,8.7,6.100000000000001,5.714285714285714,6.25,27.2,0.6,1.0,4.1,9.599999999999996,7.77142857142857,8.80714285714286
2019-03-04,12.4,4.7,8.3,4.6,7.6,73,3,63,2,6.3,4.6,7.0,5.2,5.966666666666669,5.371428571428572,6.085714285714286,2.6,27.2,0.6,3.3,10.13333333333333,7.557142857142855,8.935714285714287
2019-03-05,13.8,4.8,8.7,0.2,9.4,70,3,64,2,8.3,6.3,4.6,2.9,6.400000000000002,5.814285714285714,6.385714285714285,4.6,2.6,27.2,17.5,11.466666666666661,7.742857142857141,8.142857142857144
2019-03-06,14.2,4.7,9.7,0.3,10.0,63,3,65,2,8.7,8.3,6.3,4.9,7.766666666666668,6.642857142857143,6.6,0.2,4.6,2.6,0.7,2.466666666666662,5.27142857142857,8.142857142857144
2019-03-07,11.1,4.0,6.9,3.1,9.9,74,3,66,2,9.7,8.7,8.3,6.7,8.900000000000002,7.328571428571428,6.8,0.3,0.2,4.6,1.0,1.6999999999999948,5.214285714285713,6.600000000000001
2019-03-08,14.7,3.8,9.1,1.5,9.0,58,3,67,2,6.9,9.7,8.7,7.0,8.433333333333335,7.357142857142857,6.857142857142857,3.1,0.3,0.2,0.6,1.199999999999995,5.514285714285712,4.692857142857145
2019-03-09,15.6,5.6,10.1,2.0,8.9,51,3,68,2,9.1,6.9,9.7,4.6,8.566666666666668,7.657142857142857,6.978571428571429,1.5,3.1,0.3,27.2,1.6333333333333282,5.642857142857141,4.764285714285717
2019-03-10,17.0,5.0,11.1,0.8,8.4,48,3,69,2,10.1,9.1,6.9,6.3,8.700000000000003,8.442857142857143,7.078571428571428,2.0,1.5,3.1,2.6,2.1999999999999953,2.0428571428571405,4.907142857142859
2019-03-11,8.9,3.7,6.4,38.5,12.3,85,3,70,2,11.1,10.1,9.1,8.3,10.100000000000001,9.128571428571428,7.25,0.8,2.0,1.5,4.6,1.4333333333333282,1.7857142857142836,4.6714285714285735
2019-03-12,14.6,4.0,8.8,1.2,7.9,71,3,71,2,6.4,11.1,10.1,8.7,9.200000000000001,8.857142857142858,7.3357142857142845,38.5,0.8,2.0,0.2,13.76666666666666,6.628571428571426,7.185714285714288
2019-03-13,15.3,5.8,9.4,1.5,13.8,59,3,72,2,8.8,6.4,11.1,9.7,8.766666666666667,8.87142857142857,7.757142857142857,1.2,38.5,0.8,0.3,13.499999999999995,6.77142857142857,6.021428571428573
2019-03-14,11.3,5.5,8.3,2.3,9.7,72,3,73,2,9.4,8.8,6.4,6.9,8.200000000000003,8.82857142857143,8.078571428571427,1.5,1.2,38.5,3.1,13.733333333333329,6.942857142857141,6.07857142857143
2019-03-15,14.8,4.8,10.6,1.9,8.1,62,3,74,2,8.3,9.4,8.8,9.1,8.833333333333336,9.028571428571428,8.192857142857141,2.3,1.5,1.2,1.5,1.6666666666666619,6.8285714285714265,6.1714285714285735
2019-03-16,18.7,6.6,12.5,0.0,7.8,55,3,75,2,10.6,8.3,9.4,10.1,9.433333333333335,9.242857142857144,8.45,1.9,2.3,1.5,2.0,1.899999999999995,6.8857142857142835,6.264285714285717
2019-03-17,18.8,9.1,14.2,0.3,7.6,41,3,76,2,12.5,10.6,8.3,11.1,10.466666666666669,9.585714285714285,9.014285714285714,0.0,1.9,2.3,0.8,1.399999999999995,6.599999999999997,4.321428571428574
2019-03-18,19.0,8.9,13.5,0.9,10.4,49,3,77,2,14.2,12.5,10.6,6.4,12.433333333333335,10.028571428571428,9.578571428571427,0.3,0.0,1.9,38.5,0.7333333333333285,6.528571428571427,4.157142857142859
2019-03-19,15.2,7.5,10.5,17.2,17.4,74,3,78,2,13.5,14.2,12.5,8.8,13.4,11.042857142857143,9.950000000000001,0.9,0.3,0.0,1.2,0.39999999999999525,1.157142857142855,3.8928571428571455
2019-03-20,12.1,5.4,8.8,3.2,12.4,84,3,79,2,10.5,13.5,14.2,9.4,12.733333333333334,11.285714285714286,10.078571428571427,17.2,0.9,0.3,1.5,6.133333333333328,3.4428571428571404,5.107142857142859
2019-03-21,16.4,5.8,10.6,5.4,9.0,62,3,80,2,8.8,10.5,13.5,8.3,10.933333333333337,11.200000000000001,10.014285714285714,3.2,17.2,0.9,2.3,7.099999999999994,3.6857142857142833,5.314285714285717
2019-03-22,18.1,6.4,12.3,0.0,10.2,54,3,81,2,10.6,8.8,10.5,10.6,9.966666666666669,11.528571428571428,10.278571428571428,5.4,3.2,17.2,1.9,8.599999999999996,4.128571428571426,5.47857142857143
2019-03-23,15.7,9.6,12.6,0.0,8.2,58,3,82,2,12.3,10.6,8.8,12.5,10.56666666666667,11.77142857142857,10.507142857142856,0.0,5.4,3.2,0.0,2.8666666666666623,3.857142857142855,5.371428571428574
2019-03-24,19.3,8.7,12.9,0.8,9.9,64,3,83,2,12.6,12.3,10.6,14.2,11.833333333333334,11.785714285714286,10.685714285714285,0.0,0.0,5.4,0.3,1.7999999999999954,3.857142857142855,5.22857142857143
2019-03-25,20.6,10.0,14.8,0.2,11.0,53,3,84,2,12.9,12.6,12.3,13.5,12.600000000000001,11.6,10.814285714285715,0.8,0.0,0.0,0.9,0.26666666666666194,3.9285714285714266,5.22857142857143
2019-03-26,21.1,9.1,15.5,0.0,12.5,54,3,85,2,14.8,12.9,12.6,10.5,13.433333333333335,11.785714285714286,11.414285714285715,0.2,0.8,0.0,17.2,0.3333333333333286,3.8285714285714265,2.4928571428571447
2019-03-27,22.2,12.1,17.9,0.0,8.5,49,3,86,2,15.5,14.8,12.9,8.8,14.4,12.5,11.892857142857142,0.0,0.2,0.8,3.2,0.3333333333333286,1.3714285714285697,2.407142857142859
2019-03-28,23.6,12.8,18.2,0.9,16.9,56,3,87,2,17.9,15.5,14.8,10.6,16.066666666666666,13.799999999999999,12.5,0.0,0.0,0.2,5.4,0.06666666666666193,0.9142857142857123,2.3000000000000016
2019-03-29,22.9,11.8,17.5,1.0,24.7,58,3,88,2,18.2,17.9,15.5,12.3,17.200000000000003,14.885714285714286,13.207142857142857,0.9,0.0,0.0,0.0,0.29999999999999527,0.2714285714285694,2.200000000000002
2019-03-30,18.1,9.7,13.3,8.5,18.9,70,3,89,2,17.5,18.2,17.9,12.6,17.86666666666667,15.62857142857143,13.700000000000001,1.0,0.9,0.0,0.0,0.6333333333333285,0.4142857142857123,2.135714285714288
2019-03-31,21.9,10.4,15.7,0.0,11.2,51,3,90,2,13.3,17.5,18.2,12.9,16.333333333333332,15.72857142857143,13.757142857142858,8.5,1.0,0.9,0.8,3.466666666666662,1.6285714285714266,2.742857142857145
2019-04-01,23.7,11.5,17.2,0.0,10.7,41,4,91,2,15.7,13.3,17.5,14.8,15.5,16.12857142857143,13.864285714285714,0.0,8.5,1.0,0.2,3.166666666666662,1.5142857142857122,2.721428571428573
2019-04-02,24.0,12.2,18.2,0.0,12.1,38,4,92,2,17.2,15.7,13.3,15.5,15.4,16.47142857142857,14.128571428571428,0.0,0.0,8.5,0.0,2.8333333333333286,1.4857142857142838,2.6571428571428592
2019-04-03,25.1,13.9,19.3,0.0,11.0,42,4,93,2,18.2,17.2,15.7,17.9,17.033333333333335,16.857142857142858,14.678571428571429,0.0,0.0,0.0,0.0,0.0,1.4857142857142838,1.4285714285714306
2019-04-04,25.7,14.4,20.3,0.0,7.8,53,4,94,2,19.3,18.2,17.2,18.2,18.233333333333334,17.057142857142857,15.428571428571429,0.0,0.0,0.0,0.9,0.0,1.4857142857142838,1.2000000000000022
2019-04-05,26.2,15.2,20.1,0.0,9.0,52,4,95,2,20.3,19.3,18.2,17.5,19.266666666666666,17.357142857142858,16.12142857142857,0.0,0.0,0.0,1.0,0.0,1.3571428571428552,0.8142857142857162
2019-04-06,25.4,15.1,20.1,0.7,9.5,46,4,96,2,20.1,20.3,19.3,13.3,19.900000000000002,17.728571428571428,16.678571428571427,0.0,0.0,0.0,8.5,0.0,1.2142857142857122,0.8142857142857162
2019-04-07,26.0,14.5,19.8,0.9,9.7,45,4,97,2,20.1,20.1,20.3,15.7,20.16666666666667,18.7,17.214285714285715,0.7,0.0,0.0,0.0,0.2333333333333286,0.09999999999999797,0.8642857142857162
2019-04-08,23.2,13.6,18.2,2.8,10.2,61,4,98,2,19.8,20.1,20.1,17.2,20.000000000000004,19.285714285714285,17.70714285714286,0.9,0.7,0.0,0.0,0.5333333333333287,0.22857142857142657,0.8714285714285734
2019-04-09,25.3,14.1,19.7,2.0,11.1,54,4,99,2,18.2,19.8,20.1,18.2,19.36666666666667,19.428571428571427,17.95,2.8,0.9,0.7,0.0,1.4666666666666621,0.6285714285714266,1.0571428571428592
2019-04-10,22.1,13.1,17.8,8.4,13.0,72,4,100,2,19.7,18.2,19.8,19.3,19.233333333333334,19.642857142857142,18.25,2.0,2.8,0.9,0.0,1.899999999999995,0.9142857142857123,1.2000000000000017
2019-04-11,22.7,14.8,18.8,2.9,11.9,60,4,101,2,17.8,19.7,18.2,20.3,18.566666666666666,19.428571428571427,18.242857142857144,8.4,2.0,2.8,0.0,4.399999999999995,2.1142857142857125,1.800000000000002
2019-04-12,21.6,13.2,17.2,3.5,14.1,75,4,102,2,18.8,17.8,19.7,20.1,18.76666666666667,19.214285714285715,18.285714285714285,2.9,8.4,2.0,0.0,4.433333333333329,2.5285714285714262,1.9428571428571448
2019-04-13,20.6,13.9,16.2,14.0,11.8,79,4,103,2,17.2,18.8,17.8,20.1,17.933333333333337,18.8,18.264285714285712,3.5,2.9,8.4,0.7,4.933333333333329,3.0285714285714262,2.121428571428573
2019-04-14,22.2,14.5,17.8,3.6,11.4,67,4,104,2,16.2,17.2,18.8,19.8,17.400000000000002,18.24285714285714,18.471428571428568,14.0,3.5,2.9,0.9,6.7999999999999945,4.928571428571426,2.5142857142857165
2019-04-15,25.5,14.8,19.4,2.7,7.7,63,4,105,2,17.8,16.2,17.2,18.2,17.066666666666666,17.95714285714286,18.62142857142857,3.6,14.0,3.5,2.8,7.033333333333329,5.314285714285712,2.7714285714285736
2019-04-16,19.3,13.4,16.4,7.9,14.7,78,4,106,2,19.4,17.8,16.2,19.7,17.8,18.128571428571426,18.778571428571432,2.7,3.6,14.0,2.0,6.766666666666662,5.299999999999998,2.964285714285716
2019-04-17,15.6,11.7,13.2,28.6,10.8,87,4,107,2,16.4,19.4,17.8,17.8,17.866666666666664,17.657142857142855,18.65,7.9,2.7,3.6,8.4,4.733333333333329,6.142857142857141,3.528571428571431
2019-04-18,18.6,11.4,14.5,2.5,7.2,75,4,108,2,13.2,16.4,19.4,18.8,16.333333333333332,17.0,18.214285714285715,28.6,7.9,2.7,2.9,13.066666666666663,9.028571428571427,5.571428571428574
2019-04-19,21.2,11.8,16.4,0.0,12.0,69,4,109,2,14.5,13.2,16.4,17.2,14.700000000000001,16.385714285714283,17.8,2.5,28.6,7.9,3.5,12.999999999999995,8.97142857142857,5.750000000000002
2019-04-20,22.6,12.9,18.2,0.3,11.4,70,4,110,2,16.4,14.5,13.2,16.2,14.700000000000001,16.27142857142857,17.535714285714285,0.0,2.5,28.6,14.0,10.366666666666662,8.47142857142857,5.750000000000002
2019-04-21,23.9,13.5,18.8,0.0,9.3,66,4,111,2,18.2,16.4,14.5,17.8,16.366666666666667,16.557142857142857,17.4,0.3,0.0,2.5,3.6,0.9333333333333286,6.5142857142857125,5.721428571428573
2019-04-22,25.4,15.0,20.3,0.0,10.4,59,4,112,2,18.8,18.2,16.4,19.4,17.8,16.7,17.32857142857143,0.0,0.3,0.0,2.7,0.09999999999999526,5.999999999999998,5.657142857142859
2019-04-23,27.4,16.4,21.0,2.2,16.7,60,4,113,2,20.3,18.8,18.2,16.4,19.1,16.82857142857143,17.47857142857143,0.0,0.0,0.3,7.9,0.09999999999999526,5.614285714285712,5.457142857142858
2019-04-24,21.0,14.7,17.6,15.5,19.2,75,4,114,2,21.0,20.3,18.8,13.2,20.033333333333335,17.485714285714284,17.571428571428573,2.2,0.0,0.0,28.6,0.7333333333333286,4.799999999999998,5.471428571428573
2019-04-25,24.1,14.1,17.9,2.4,22.5,66,4,115,2,17.6,21.0,20.3,14.5,19.633333333333336,18.114285714285714,17.557142857142857,15.5,2.2,0.0,2.5,5.899999999999995,2.9285714285714266,5.97857142857143
2019-04-26,24.1,13.6,18.8,0.9,19.9,62,4,116,2,17.9,17.6,21.0,16.4,18.833333333333336,18.6,17.492857142857144,2.4,15.5,2.2,0.0,6.699999999999995,2.914285714285712,5.942857142857145
2019-04-27,25.3,14.8,20.9,0.0,14.2,50,4,117,2,18.8,17.9,17.6,18.2,18.099999999999998,18.942857142857143,17.607142857142858,0.9,2.4,15.5,0.3,6.266666666666662,3.042857142857141,5.757142857142859
2019-04-28,25.8,15.4,21.7,0.0,12.1,44,4,118,2,20.9,18.8,17.9,18.8,19.200000000000003,19.32857142857143,17.942857142857143,0.0,0.9,2.4,0.0,1.0999999999999952,2.999999999999998,4.757142857142859
2019-04-29,26.6,16.2,21.2,0.1,12.4,46,4,119,2,21.7,20.9,18.8,20.3,20.466666666666665,19.74285714285714,18.22142857142857,0.0,0.0,0.9,0.0,0.29999999999999527,2.999999999999998,4.500000000000002
2019-04-30,23.8,14.0,18.4,3.4,18.4,59,4,120,2,21.2,21.7,20.9,21.0,21.266666666666666,19.87142857142857,18.349999999999998,0.1,0.0,0.0,2.2,0.0333333333333286,3.014285714285712,4.314285714285717
2019-05-01,24.6,13.0,18.7,0.0,12.8,50,5,121,2,18.4,21.2,21.7,17.6,20.433333333333334,19.5,18.49285714285714,3.4,0.1,0.0,15.5,1.1666666666666619,3.1857142857142837,3.9928571428571447
2019-05-02,21.4,12.9,16.9,0.6,20.9,56,5,122,2,18.7,18.4,21.2,17.9,19.433333333333334,19.657142857142855,18.885714285714283,0.0,3.4,0.1,2.4,1.1666666666666619,0.9714285714285694,1.9500000000000022
2019-05-03,22.6,11.7,16.8,0.2,14.2,56,5,123,2,16.9,18.7,18.4,18.8,18.0,19.514285714285712,19.057142857142857,0.6,0.0,3.4,0.9,1.3333333333333286,0.7142857142857123,1.8142857142857163
2019-05-04,25.2,12.8,19.0,0.0,12.2,44,5,124,2,16.8,16.9,18.7,20.9,17.46666666666667,19.228571428571428,19.085714285714285,0.2,0.6,0.0,0.0,0.26666666666666194,0.6142857142857122,1.8285714285714307
2019-05-05,26.4,15.7,20.6,0.0,9.9,36,5,125,2,19.0,16.8,16.9,21.7,17.566666666666666,18.957142857142856,19.142857142857142,0.0,0.2,0.6,0.0,0.26666666666666194,0.6142857142857122,1.8071428571428592
2019-05-06,27.5,16.3,21.9,0.0,12.6,27,5,126,2,20.6,19.0,16.8,21.2,18.8,18.8,19.271428571428572,0.0,0.0,0.2,0.1,0.06666666666666193,0.6142857142857122,1.8071428571428592
2019-05-07,28.3,16.8,22.6,0.0,12.6,30,5,127,2,21.9,20.6,19.0,18.4,20.5,18.900000000000002,19.385714285714283,0.0,0.0,0.0,3.4,0.0,0.5999999999999979,1.8071428571428592
2019-05-08,29.2,17.3,23.1,0.0,12.5,32,5,128,2,22.6,21.9,20.6,18.7,21.700000000000003,19.5,19.5,0.0,0.0,0.0,0.0,0.0,0.11428571428571226,1.6500000000000021
2019-05-09,29.4,17.8,23.4,0.0,13.2,36,5,129,2,23.1,22.6,21.9,16.9,22.533333333333335,20.12857142857143,19.892857142857142,0.0,0.0,0.0,0.6,0.0,0.11428571428571226,0.5428571428571448
2019-05-10,25.8,17.3,21.6,0.9,15.3,45,5,130,2,23.4,23.1,22.6,16.8,23.033333333333335,21.057142857142857,20.285714285714285,0.0,0.0,0.0,0.2,0.0,0.028571428571426544,0.3714285714285734
2019-05-11,26.0,16.4,20.4,1.0,15.5,57,5,131,2,21.6,23.4,23.1,19.0,22.700000000000003,21.74285714285714,20.485714285714288,0.9,0.0,0.0,0.0,0.29999999999999527,0.12857142857142653,0.3714285714285735
2019-05-12,25.7,15.8,20.9,0.6,9.2,54,5,132,2,20.4,21.6,23.4,20.6,21.8,21.942857142857143,20.449999999999996,1.0,0.9,0.0,0.0,0.6333333333333285,0.2714285714285694,0.4428571428571449
2019-05-13,26.9,17.2,21.8,1.3,8.0,51,5,133,2,20.9,20.4,21.6,21.9,20.96666666666667,21.985714285714288,20.392857142857142,0.6,1.0,0.9,0.0,0.8333333333333286,0.3571428571428551,0.4857142857142877
2019-05-14,24.5,16.1,20.6,0.2,9.2,57,5,134,2,21.8,20.9,20.4,22.6,21.033333333333335,21.971428571428568,20.435714285714283,1.3,0.6,1.0,0.0,0.966666666666662,0.5428571428571408,0.5714285714285735
2019-05-15,26.0,16.2,20.9,0.1,16.2,59,5,135,2,20.6,21.8,20.9,23.1,21.1,21.685714285714287,20.592857142857145,0.2,1.3,0.6,0.0,0.6999999999999953,0.5714285714285694,0.34285714285714486
2019-05-16,21.4,16.4,18.9,7.1,6.5,73,5,136,2,20.9,20.6,21.8,23.4,21.1,21.37142857142857,20.75,0.1,0.2,1.3,0.0,0.5333333333333287,0.5857142857142836,0.35000000000000203
2019-05-17,21.7,14.9,18.3,12.8,13.3,75,5,137,2,18.9,20.9,20.6,21.6,20.133333333333333,20.728571428571428,20.892857142857142,7.1,0.1,0.2,0.9,2.466666666666662,1.5999999999999979,0.8142857142857164
2019-05-18,23.3,14.5,19.3,3.3,9.0,67,5,138,2,18.3,18.9,20.9,20.4,19.366666666666664,20.25714285714286,21.0,12.8,7.1,0.1,1.0,6.666666666666662,3.299999999999998,1.7142857142857164
2019-05-19,26.1,15.2,20.5,0.2,11.2,58,5,139,2,19.3,18.3,18.9,20.9,18.833333333333336,20.099999999999998,21.02142857142857,3.3,12.8,7.1,0.6,7.733333333333328,3.6285714285714263,1.9500000000000022
2019-05-20,26.7,14.3,21.2,0.1,14.0,57,5,140,2,20.5,19.3,18.3,21.8,19.36666666666667,20.04285714285714,21.014285714285712,0.2,3.3,12.8,1.3,5.433333333333329,3.571428571428569,1.9642857142857164
2019-05-21,28.7,18.2,23.3,0.0,11.1,44,5,141,2,21.2,20.5,19.3,20.6,20.333333333333332,19.957142857142856,20.964285714285715,0.1,0.2,3.3,0.2,1.199999999999995,3.399999999999998,1.9714285714285735
2019-05-22,28.2,19.0,23.7,0.0,9.4,42,5,142,2,23.3,21.2,20.5,20.9,21.666666666666668,20.342857142857145,21.014285714285712,0.0,0.1,0.2,0.1,0.09999999999999527,3.371428571428569,1.9714285714285735
2019-05-23,22.6,16.3,19.8,10.8,13.3,63,5,143,2,23.7,23.3,21.2,18.9,22.733333333333334,20.74285714285714,21.057142857142857,0.0,0.0,0.1,7.1,0.0333333333333286,3.357142857142855,1.9714285714285735
2019-05-24,21.1,14.1,17.0,30.4,15.1,81,5,144,2,19.8,23.7,23.3,18.3,22.26666666666667,20.87142857142857,20.8,10.8,0.0,0.0,12.8,3.5999999999999956,3.8857142857142835,2.7428571428571447
2019-05-25,24.8,13.5,19.3,0.3,9.9,64,5,145,2,17.0,19.8,23.7,19.3,20.166666666666668,20.685714285714283,20.471428571428568,30.4,10.8,0.0,3.3,13.733333333333329,6.399999999999998,4.850000000000002
2019-05-26,26.3,16.1,21.6,0.0,14.8,51,5,146,2,19.3,17.0,19.8,20.5,18.700000000000003,20.685714285714287,20.392857142857142,0.3,30.4,10.8,0.2,13.833333333333329,5.971428571428569,4.8000000000000025
2019-05-27,27.5,15.4,21.8,0.0,11.7,46,5,147,2,21.6,19.3,17.0,21.2,19.3,20.842857142857145,20.442857142857143,0.0,0.3,30.4,0.1,10.233333333333329,5.94285714285714,4.75714285714286
2019-05-28,29.2,18.5,24.0,0.0,9.6,37,5,148,2,21.8,21.6,19.3,23.3,20.900000000000002,20.928571428571427,20.442857142857147,0.0,0.0,0.3,0.0,0.09999999999999526,5.928571428571425,4.664285714285716
2019-05-29,31.1,20.0,25.4,0.0,9.6,33,5,149,2,24.0,21.8,21.6,23.7,22.46666666666667,21.02857142857143,20.685714285714287,0.0,0.0,0.0,0.0,0.0,5.928571428571425,4.650000000000003
2019-05-30,32.1,21.0,26.3,0.0,12.2,31,5,150,2,25.4,24.0,21.8,19.8,23.733333333333334,21.271428571428572,21.00714285714286,0.0,0.0,0.0,10.8,0.0,5.928571428571425,4.642857142857145
2019-05-31,32.1,21.1,26.7,0.0,12.3,33,5,151,2,26.3,25.4,24.0,17.0,25.233333333333334,22.2,21.535714285714285,0.0,0.0,0.0,30.4,0.0,4.3857142857142835,4.135714285714288
2019-06-01,31.8,21.5,26.3,0.1,12.2,35,6,152,3,26.7,26.3,25.4,19.3,26.133333333333336,23.585714285714285,22.135714285714283,0.0,0.0,0.0,0.3,0.0,0.042857142857140824,3.221428571428573
2019-06-02,32.7,21.5,26.9,0.0,14.0,36,6,153,3,26.3,26.7,26.3,21.6,26.433333333333334,24.58571428571429,22.63571428571429,0.1,0.0,0.0,0.0,0.0333333333333286,0.014285714285712256,2.9928571428571447
2019-06-03,31.1,21.4,25.5,1.0,19.7,40,6,154,3,26.9,26.3,26.7,21.8,26.633333333333336,25.342857142857138,23.092857142857145,0.0,0.1,0.0,0.0,0.0333333333333286,0.014285714285712256,2.9785714285714304
2019-06-04,28.0,18.0,23.4,0.6,26.9,49,6,155,3,25.5,26.9,26.3,24.0,26.233333333333334,25.871428571428574,23.4,1.0,0.0,0.1,0.0,0.366666666666662,0.1571428571428551,3.0428571428571445
2019-06-05,27.9,18.2,22.8,1.9,19.7,48,6,156,3,23.4,25.5,26.9,25.4,25.266666666666666,25.785714285714285,23.407142857142862,0.6,1.0,0.0,0.0,0.5333333333333287,0.24285714285714086,3.0857142857142876
2019-06-06,28.3,18.7,23.5,0.3,18.9,42,6,157,3,22.8,23.4,25.5,26.3,23.900000000000002,25.414285714285715,23.342857142857138,1.9,0.6,1.0,0.0,1.1666666666666619,0.5142857142857122,3.221428571428573
2019-06-07,30.1,17.5,24.0,0.0,10.6,44,6,158,3,23.5,22.8,23.4,26.7,23.233333333333334,25.014285714285712,23.607142857142858,0.3,1.9,0.6,0.0,0.9333333333333286,0.557142857142855,2.4714285714285738
2019-06-08,29.8,19.9,24.6,1.3,12.9,41,6,159,3,24.0,23.5,22.8,26.3,23.433333333333337,24.62857142857143,24.107142857142858,0.0,0.3,1.9,0.1,0.7333333333333285,0.557142857142855,0.30000000000000204
2019-06-09,33.4,20.0,26.1,0.0,13.7,36,6,160,3,24.6,24.0,23.5,26.9,24.033333333333335,24.385714285714283,24.485714285714288,1.3,0.0,0.3,0.0,0.5333333333333287,0.7285714285714265,0.3714285714285735
2019-06-10,33.7,21.5,27.3,0.0,13.0,31,6,161,3,26.1,24.6,24.0,25.5,24.900000000000006,24.271428571428572,24.807142857142857,0.0,1.3,0.0,1.0,0.43333333333332863,0.7285714285714265,0.3714285714285735
2019-06-11,29.4,18.3,23.7,0.7,22.7,50,6,162,3,27.3,26.1,24.6,23.4,26.000000000000004,24.52857142857143,25.199999999999996,0.0,0.0,1.3,0.6,0.43333333333332863,0.5857142857142836,0.3714285714285735
2019-06-12,27.6,15.7,21.7,3.7,17.3,60,6,163,3,23.7,27.3,26.1,22.8,25.7,24.571428571428573,25.178571428571427,0.7,0.0,0.0,1.9,0.2333333333333286,0.599999999999998,0.4214285714285735
2019-06-13,29.6,17.1,23.8,0.0,10.7,43,6,164,3,21.7,23.7,27.3,23.5,24.233333333333334,24.414285714285715,24.914285714285715,3.7,0.7,0.0,0.3,1.4666666666666621,0.8571428571428551,0.6857142857142878
2019-06-14,31.6,19.7,25.9,0.0,10.7,33,6,165,3,23.8,21.7,23.7,24.0,23.066666666666666,24.457142857142856,24.735714285714288,0.0,3.7,0.7,0.0,1.4666666666666621,0.8142857142857123,0.6857142857142878
2019-06-15,31.5,21.9,25.9,0.0,19.9,32,6,166,3,25.9,23.8,21.7,24.6,23.8,24.728571428571428,24.678571428571427,0.0,0.0,3.7,1.3,1.2333333333333287,0.8142857142857123,0.6857142857142878
2019-06-16,31.7,18.4,25.4,0.0,11.6,38,6,167,3,25.9,25.9,23.8,26.1,25.2,24.914285714285715,24.65,0.0,0.0,0.0,0.0,0.0,0.6285714285714266,0.6785714285714306
2019-06-17,31.0,21.4,26.9,0.3,17.2,35,6,168,3,25.4,25.9,25.9,27.3,25.733333333333334,24.814285714285717,24.542857142857144,0.0,0.0,0.0,0.0,0.0,0.6285714285714266,0.6785714285714306
2019-06-18,27.6,19.0,24.0,0.2,14.9,47,6,169,3,26.9,25.4,25.9,23.7,26.066666666666663,24.757142857142856,24.642857142857142,0.3,0.0,0.0,0.7,0.09999999999999526,0.6714285714285694,0.6285714285714307
2019-06-19,29.0,19.9,24.7,0.0,11.6,50,6,170,3,24.0,26.9,25.4,21.7,25.433333333333337,24.8,24.685714285714283,0.2,0.3,0.0,3.7,0.16666666666666194,0.599999999999998,0.6000000000000022
2019-06-20,29.8,20.1,24.2,1.2,13.8,49,6,171,3,24.7,24.0,26.9,23.8,25.2,25.228571428571428,24.821428571428573,0.0,0.2,0.3,0.0,0.16666666666666194,0.0714285714285694,0.46428571428571636
2019-06-21,28.0,18.8,24.3,1.0,11.2,51,6,172,3,24.2,24.7,24.0,25.9,24.3,25.285714285714285,24.871428571428574,1.2,0.0,0.2,0.0,0.4666666666666619,0.24285714285714083,0.5285714285714306
2019-06-22,31.5,20.2,25.9,0.1,11.0,43,6,173,3,24.3,24.2,24.7,25.9,24.400000000000002,25.057142857142857,24.892857142857142,1.0,1.2,0.0,0.0,0.7333333333333286,0.38571428571428373,0.6000000000000021
2019-06-23,30.9,22.1,26.3,0.5,12.0,42,6,174,3,25.9,24.3,24.2,25.4,24.8,25.057142857142853,24.985714285714288,0.1,1.0,1.2,0.0,0.7666666666666618,0.39999999999999797,0.5142857142857163
2019-06-24,26.8,20.9,24.1,1.3,12.1,55,6,175,3,26.3,25.9,24.3,26.9,25.5,25.185714285714283,25.0,0.5,0.1,1.0,0.3,0.5333333333333287,0.47142857142856937,0.550000000000002
2019-06-25,30.4,20.3,25.4,0.3,11.4,42,6,176,3,24.1,26.3,25.9,24.0,25.433333333333337,24.785714285714285,24.771428571428572,1.3,0.5,0.1,0.2,0.6333333333333285,0.6142857142857123,0.6428571428571449
2019-06-26,31.7,20.5,26.7,0.0,11.9,34,6,177,3,25.4,24.1,26.3,24.7,25.26666666666667,24.985714285714288,24.892857142857142,0.3,1.3,0.5,0.0,0.6999999999999952,0.6285714285714266,0.6142857142857164
2019-06-27,31.5,21.2,27.0,0.1,13.8,37,6,178,3,26.7,25.4,24.1,24.2,25.400000000000002,25.27142857142857,25.25,0.0,0.3,1.3,1.2,0.5333333333333286,0.6285714285714266,0.35000000000000203
2019-06-28,32.7,21.0,27.0,0.0,12.2,37,6,179,3,27.0,26.7,25.4,24.3,26.366666666666664,25.67142857142857,25.478571428571428,0.1,0.0,0.3,1.0,0.1333333333333286,0.47142857142856937,0.35714285714285915
2019-06-29,34.3,22.1,28.1,0.0,20.3,34,6,180,3,27.0,27.0,26.7,25.9,26.900000000000002,26.057142857142853,25.557142857142857,0.0,0.1,0.0,0.1,0.0333333333333286,0.3285714285714265,0.35714285714285915
2019-06-30,31.7,21.9,27.2,0.8,15.8,39,6,181,3,28.1,27.0,27.0,26.3,27.36666666666667,26.371428571428574,25.714285714285715,0.0,0.0,0.1,0.5,0.0333333333333286,0.3142857142857123,0.35714285714285915
2019-07-01,33.2,22.3,27.7,0.0,18.3,37,7,182,3,27.2,28.1,27.0,24.1,27.433333333333337,26.5,25.842857142857145,0.8,0.0,0.0,1.3,0.26666666666666194,0.35714285714285515,0.4142857142857163
2019-07-02,34.3,23.0,28.6,0.0,12.6,38,7,183,3,27.7,27.2,28.1,25.4,27.666666666666668,27.014285714285716,25.900000000000002,0.0,0.8,0.0,0.3,0.26666666666666194,0.17142857142856943,0.3928571428571449
2019-07-03,33.6,24.9,30.0,0.0,11.5,41,7,184,3,28.6,27.7,27.2,26.7,27.833333333333332,27.47142857142857,26.228571428571428,0.0,0.0,0.8,0.0,0.26666666666666194,0.12857142857142653,0.3785714285714306
2019-07-04,33.1,24.3,29.9,0.3,10.1,46,7,185,3,30.0,28.6,27.7,27.0,28.766666666666666,27.942857142857147,26.607142857142858,0.0,0.0,0.0,0.1,0.0,0.12857142857142656,0.3785714285714306
2019-07-05,30.8,22.2,26.6,3.3,12.0,65,7,186,3,29.9,30.0,28.6,27.0,29.5,28.357142857142858,27.014285714285712,0.3,0.0,0.0,0.0,0.09999999999999526,0.1571428571428551,0.31428571428571633
2019-07-06,29.3,20.3,25.0,3.0,12.3,74,7,187,3,26.6,29.9,30.0,28.1,28.833333333333332,28.300000000000004,27.178571428571427,3.3,0.3,0.0,0.0,1.199999999999995,0.6285714285714266,0.47857142857143053
2019-07-07,29.5,20.8,25.6,3.8,10.6,71,7,188,3,25.0,26.6,29.9,27.2,27.166666666666668,27.857142857142858,27.11428571428571,3.0,3.3,0.3,0.8,2.1999999999999953,1.0571428571428552,0.6857142857142877
2019-07-08,30.8,21.9,26.8,4.4,11.1,71,7,189,3,25.6,25.0,26.6,27.7,25.733333333333334,27.62857142857143,27.064285714285713,3.8,3.0,3.3,0.0,3.366666666666662,1.4857142857142838,0.9214285714285735
2019-07-09,29.0,22.6,25.6,5.7,15.2,82,7,190,3,26.8,25.6,25.0,28.6,25.8,27.5,27.25714285714286,4.4,3.8,3.0,0.0,3.7333333333333285,2.1142857142857125,1.1428571428571448
2019-07-10,27.4,22.3,24.0,78.5,9.4,90,7,191,3,25.6,26.8,25.6,30.0,26.0,27.071428571428573,27.27142857142857,5.7,4.4,3.8,0.0,4.633333333333328,2.9285714285714266,1.5285714285714307
2019-07-11,27.1,21.8,24.7,4.8,10.7,86,7,192,3,24.0,25.6,26.8,29.9,25.46666666666667,26.214285714285715,27.078571428571426,78.5,5.7,4.4,0.3,29.53333333333333,14.14285714285714,7.135714285714288
2019-07-12,27.6,22.0,24.6,4.8,12.3,85,7,193,3,24.7,24.0,25.6,26.6,24.76666666666667,25.47142857142857,26.914285714285715,4.8,78.5,5.7,3.3,29.66666666666666,14.785714285714283,7.471428571428574
2019-07-13,26.9,21.5,24.0,4.8,10.7,87,7,194,3,24.6,24.7,24.0,25.0,24.433333333333334,25.185714285714287,26.74285714285714,4.8,4.8,78.5,3.0,29.36666666666666,14.999999999999998,7.814285714285717
2019-07-14,26.5,20.6,23.1,7.3,11.2,88,7,195,3,24.0,24.6,24.7,25.6,24.433333333333334,25.042857142857144,26.45,4.8,4.8,4.8,3.8,4.8,15.257142857142856,8.15714285714286
2019-07-15,26.3,20.8,22.7,15.3,12.0,88,7,196,3,23.1,24.0,24.6,26.8,23.900000000000002,24.685714285714287,26.157142857142855,7.3,4.8,4.8,4.4,5.633333333333328,15.757142857142854,8.621428571428574
2019-07-16,25.1,20.3,22.8,5.6,10.9,87,7,197,3,22.7,23.1,24.0,25.6,23.26666666666667,24.099999999999998,25.8,15.3,7.3,4.8,5.7,9.133333333333328,17.314285714285713,9.714285714285717
2019-07-17,24.9,20.6,22.8,2.7,9.7,91,7,198,3,22.8,22.7,23.1,24.0,22.86666666666667,23.7,25.38571428571429,5.6,15.3,7.3,78.5,9.399999999999995,17.299999999999997,10.114285714285716
2019-07-18,25.0,20.6,22.8,8.0,9.2,91,7,199,3,22.8,22.8,22.7,24.7,22.76666666666667,23.52857142857143,24.871428571428574,2.7,5.6,15.3,4.8,7.866666666666661,6.471428571428569,10.30714285714286
2019-07-19,26.7,19.6,23.0,4.0,9.8,83,7,200,3,22.8,22.8,22.8,24.6,22.8,23.25714285714286,24.364285714285717,8.0,2.7,5.6,4.8,5.433333333333327,6.928571428571426,10.857142857142861
2019-07-20,28.0,20.6,24.5,0.4,7.7,77,7,201,3,23.0,22.8,22.8,24.0,22.86666666666667,23.02857142857143,24.107142857142858,4.0,8.0,2.7,4.8,4.899999999999995,6.814285714285712,10.90714285714286
2019-07-21,27.2,21.8,24.5,4.9,7.8,81,7,202,3,24.5,23.0,22.8,23.1,23.433333333333337,23.099999999999998,24.071428571428573,0.4,4.0,8.0,7.3,4.133333333333328,6.185714285714284,10.721428571428573
2019-07-22,27.1,21.9,24.7,6.4,8.3,80,7,203,3,24.5,24.5,23.0,22.7,24.0,23.3,23.99285714285714,4.9,0.4,4.0,15.3,3.0999999999999956,5.842857142857141,10.8
2019-07-23,27.9,22.4,25.0,2.1,8.4,83,7,204,3,24.7,24.5,24.5,22.8,24.566666666666666,23.585714285714285,23.842857142857145,6.4,4.9,0.4,5.6,3.8999999999999955,4.571428571428569,10.942857142857147
2019-07-24,29.0,22.7,25.9,1.2,9.8,82,7,205,3,25.0,24.7,24.5,22.8,24.733333333333334,23.9,23.800000000000004,2.1,6.4,4.9,2.7,4.466666666666662,4.071428571428569,10.685714285714287
2019-07-25,26.5,21.7,23.5,17.7,10.5,90,7,206,3,25.9,25.0,24.7,22.8,25.2,24.342857142857145,23.935714285714287,1.2,2.1,6.4,8.0,3.233333333333329,3.857142857142855,5.164285714285716
2019-07-26,25.3,20.7,22.8,14.0,7.0,91,7,207,3,23.5,25.9,25.0,23.0,24.8,24.442857142857143,23.849999999999998,17.7,1.2,2.1,4.0,6.999999999999996,5.242857142857141,6.085714285714288
2019-07-27,25.8,20.9,23.0,78.8,10.9,91,7,208,3,22.8,23.5,25.9,24.5,24.066666666666666,24.414285714285715,23.72142857142857,14.0,17.7,1.2,0.4,10.966666666666661,6.67142857142857,6.7428571428571455
2019-07-28,25.2,21.4,22.9,21.7,9.9,90,7,209,3,23.0,22.8,23.5,24.5,23.100000000000005,24.2,23.650000000000002,78.8,14.0,17.7,4.9,36.83333333333333,17.87142857142857,12.02857142857143
2019-07-29,27.5,21.8,24.4,20.1,9.8,83,7,210,3,22.9,23.0,22.8,24.7,22.900000000000002,23.97142857142857,23.635714285714283,21.7,78.8,14.0,6.4,38.166666666666664,20.27142857142857,13.05714285714286
2019-07-30,27.6,22.4,25.1,0.5,9.5,83,7,211,3,24.4,22.9,23.0,25.0,23.433333333333334,23.928571428571427,23.75714285714286,20.1,21.7,78.8,2.1,40.199999999999996,22.228571428571424,13.400000000000002
2019-07-31,26.0,22.9,24.3,3.6,8.6,89,7,212,3,25.1,24.4,22.9,25.9,24.133333333333336,23.942857142857147,23.92142857142857,0.5,20.1,21.7,1.2,14.099999999999994,21.999999999999996,13.035714285714288
2019-08-01,25.7,21.5,22.9,21.3,10.5,93,8,213,3,24.3,25.1,24.4,23.5,24.600000000000005,23.714285714285715,24.02857142857143,3.6,0.5,20.1,17.7,8.066666666666663,22.342857142857138,13.1
2019-08-02,26.2,21.4,23.5,2.7,8.5,90,8,214,3,22.9,24.3,25.1,22.8,24.100000000000005,23.62857142857143,24.035714285714285,21.3,3.6,0.5,14.0,8.466666666666663,22.857142857142854,14.05
2019-08-03,26.3,20.9,23.3,3.4,9.0,88,8,215,3,23.5,22.9,24.3,23.0,23.566666666666666,23.728571428571428,24.071428571428573,2.7,21.3,3.6,78.8,9.199999999999996,21.242857142857137,13.957142857142857
2019-08-04,27.8,21.0,24.6,0.4,8.0,82,8,216,3,23.3,23.5,22.9,22.9,23.233333333333334,23.77142857142857,23.985714285714288,3.4,2.7,21.3,21.7,9.13333333333333,10.47142857142857,14.171428571428574
2019-08-05,27.7,22.7,25.4,0.6,9.4,79,8,217,3,24.6,23.3,23.5,24.4,23.8,24.014285714285716,23.99285714285714,0.4,3.4,2.7,20.1,2.166666666666662,7.428571428571426,13.850000000000003
2019-08-06,27.8,24.1,25.5,5.5,12.1,83,8,218,3,25.4,24.6,23.3,25.1,24.433333333333334,24.157142857142862,24.04285714285714,0.6,0.4,3.4,0.5,1.4666666666666621,4.642857142857141,13.435714285714287
2019-08-07,26.5,22.1,23.3,93.9,8.4,92,8,219,3,25.5,25.4,24.6,24.3,25.166666666666668,24.214285714285715,24.078571428571426,5.5,0.6,0.4,3.6,2.166666666666662,5.357142857142855,13.67857142857143
2019-08-08,28.3,21.5,25.3,5.0,6.6,82,8,220,3,23.3,25.5,25.4,22.9,24.733333333333334,24.071428571428573,23.892857142857142,93.9,5.5,0.6,21.3,33.33333333333333,18.257142857142856,20.300000000000004
2019-08-09,26.8,22.3,24.3,10.0,12.7,88,8,221,3,25.3,23.3,25.5,23.5,24.700000000000003,24.414285714285715,24.021428571428572,5.0,93.9,5.5,2.7,34.8,15.928571428571427,19.392857142857142
2019-08-10,25.0,21.4,22.7,19.6,6.9,90,8,222,3,24.3,25.3,23.3,23.3,24.3,24.52857142857143,24.12857142857143,10.0,5.0,93.9,3.4,36.3,16.971428571428568,19.107142857142858
2019-08-11,26.8,21.4,24.3,5.3,8.2,82,8,223,3,22.7,24.3,25.3,24.6,24.100000000000005,24.442857142857143,24.107142857142858,19.6,10.0,5.0,0.4,11.53333333333333,19.28571428571428,14.87857142857143
2019-08-12,27.0,21.4,24.6,0.5,9.5,84,8,224,3,24.3,22.7,24.3,25.4,23.76666666666667,24.4,24.20714285714286,5.3,19.6,10.0,0.6,11.633333333333328,19.985714285714284,13.707142857142859
2019-08-13,26.8,22.1,24.3,1.7,7.5,89,8,225,3,24.6,24.3,22.7,25.5,23.86666666666667,24.285714285714285,24.221428571428568,0.5,5.3,19.6,5.5,8.466666666666663,19.971428571428568,12.30714285714286
2019-08-14,25.3,21.1,22.8,14.9,7.9,92,8,226,3,24.3,24.6,24.3,23.3,24.400000000000002,24.11428571428571,24.164285714285715,1.7,0.5,5.3,93.9,2.499999999999995,19.428571428571423,12.392857142857144
2019-08-15,27.6,20.9,24.6,0.2,9.7,83,8,227,3,22.8,24.3,24.6,25.3,23.900000000000006,24.042857142857144,24.057142857142857,14.9,1.7,0.5,5.0,5.699999999999996,8.142857142857139,13.200000000000003
2019-08-16,26.5,19.4,23.7,4.4,11.1,86,8,228,3,24.6,22.8,24.3,24.3,23.900000000000002,23.942857142857143,24.178571428571434,0.2,14.9,1.7,10.0,5.599999999999995,7.457142857142854,11.692857142857145
2019-08-17,25.7,19.5,22.7,2.8,10.9,85,8,229,3,23.7,24.6,22.8,22.7,23.700000000000003,23.857142857142858,24.192857142857147,4.4,0.2,14.9,19.6,6.499999999999996,6.657142857142853,11.814285714285717
2019-08-18,26.3,18.9,22.8,1.0,9.0,81,8,230,3,22.7,23.7,24.6,24.3,23.666666666666668,23.857142857142858,24.150000000000002,2.8,4.4,0.2,5.3,2.466666666666662,4.257142857142854,11.771428571428574
2019-08-19,26.3,18.4,22.7,0.8,13.5,78,8,231,3,22.8,22.7,23.7,24.6,23.066666666666666,23.642857142857142,24.021428571428572,1.0,2.8,4.4,0.5,2.7333333333333285,3.642857142857139,11.814285714285717
2019-08-20,27.2,19.1,22.8,0.2,9.3,71,8,232,3,22.7,22.8,22.7,24.3,22.733333333333334,23.37142857142857,23.82857142857143,0.8,1.0,2.8,1.7,1.5333333333333286,3.685714285714282,11.828571428571431
2019-08-21,27.6,19.7,23.9,1.2,8.7,69,8,233,3,22.8,22.7,22.8,22.8,22.766666666666666,23.157142857142862,23.63571428571429,0.2,0.8,1.0,14.9,0.666666666666662,3.4714285714285675,11.450000000000003
2019-08-22,27.6,20.0,24.8,0.1,10.7,69,8,234,3,23.9,22.8,22.7,24.6,23.133333333333336,23.314285714285713,23.678571428571427,1.2,0.2,0.8,0.2,0.7333333333333286,1.5142857142857102,4.828571428571431
2019-08-23,27.8,20.9,24.6,0.0,8.3,71,8,235,3,24.8,23.9,22.8,23.7,23.833333333333332,23.342857142857145,23.642857142857142,0.1,1.2,0.2,4.4,0.4999999999999953,1.4999999999999962,4.47857142857143
2019-08-24,28.4,20.6,24.9,0.1,10.5,69,8,236,3,24.6,24.8,23.9,22.7,24.433333333333337,23.471428571428568,23.664285714285715,0.0,0.1,1.2,2.8,0.43333333333332863,0.8714285714285673,3.7642857142857165
2019-08-25,27.3,21.2,24.8,0.0,10.5,69,8,237,3,24.9,24.6,24.8,22.8,24.76666666666667,23.785714285714285,23.821428571428573,0.1,0.0,0.1,1.0,0.06666666666666193,0.48571428571428166,2.3714285714285737
2019-08-26,26.4,20.6,23.5,0.6,9.7,80,8,238,3,24.8,24.9,24.6,22.7,24.76666666666667,24.071428571428573,23.857142857142858,0.0,0.1,0.0,0.8,0.0333333333333286,0.3428571428571388,1.9928571428571449
2019-08-27,28.0,19.7,24.2,0.4,8.0,74,8,239,3,23.5,24.8,24.9,22.8,24.400000000000002,24.185714285714287,23.778571428571432,0.6,0.0,0.1,0.2,0.2333333333333286,0.3142857142857102,2.000000000000002
2019-08-28,28.5,21.8,25.3,0.1,8.9,74,8,240,3,24.2,23.5,24.8,23.9,24.166666666666668,24.385714285714283,23.771428571428572,0.4,0.6,0.0,1.2,0.3333333333333286,0.3428571428571388,1.907142857142859
2019-08-29,28.9,22.1,26.2,0.2,8.4,71,8,241,3,25.3,24.2,23.5,24.8,24.333333333333332,24.58571428571429,23.95,0.1,0.4,0.6,0.1,0.366666666666662,0.18571428571428167,0.8500000000000021
2019-08-30,27.2,21.0,24.7,1.7,9.4,79,8,242,3,26.2,25.3,24.2,24.6,25.233333333333334,24.785714285714285,24.064285714285713,0.2,0.1,0.4,0.0,0.23333333333332862,0.19999999999999593,0.8500000000000021
2019-08-31,27.1,20.6,24.0,0.1,9.3,79,8,243,3,24.7,26.2,25.3,24.9,25.400000000000002,24.8,24.135714285714283,1.7,0.2,0.1,0.1,0.666666666666662,0.44285714285713873,0.6571428571428591
2019-09-01,28.9,20.9,24.7,0.2,11.0,75,9,244,4,24.0,24.7,26.2,24.8,24.96666666666667,24.67142857142857,24.228571428571428,0.1,1.7,0.2,0.0,0.666666666666662,0.44285714285713873,0.4642857142857163
2019-09-02,27.4,20.4,23.8,2.7,9.5,81,9,245,4,24.7,24.0,24.7,23.5,24.46666666666667,24.657142857142855,24.36428571428571,0.2,0.1,1.7,0.6,0.666666666666662,0.47142857142856737,0.4071428571428592
2019-09-03,28.8,20.8,24.9,0.0,10.0,71,9,246,4,23.8,24.7,24.0,24.2,24.166666666666668,24.7,24.442857142857143,2.7,0.2,0.1,0.4,0.9999999999999952,0.7714285714285675,0.5428571428571448
2019-09-04,28.7,21.7,25.1,0.3,11.1,73,9,247,4,24.9,23.8,24.7,25.3,24.46666666666667,24.8,24.592857142857138,0.0,2.7,0.2,0.1,0.9666666666666619,0.7142857142857102,0.5285714285714306
2019-09-05,28.8,21.6,25.7,0.2,10.5,68,9,248,4,25.1,24.9,23.8,26.2,24.599999999999998,24.771428571428572,24.678571428571427,0.3,0.0,2.7,0.2,0.9999999999999952,0.7428571428571388,0.4642857142857163
2019-09-06,28.5,21.2,24.4,0.8,12.2,76,9,249,4,25.7,25.1,24.9,24.7,25.233333333333334,24.7,24.74285714285714,0.2,0.3,0.0,1.7,0.16666666666666194,0.7428571428571388,0.4714285714285734
2019-09-07,28.1,20.3,24.1,1.3,13.1,73,9,250,4,24.4,25.7,25.1,24.0,25.066666666666666,24.657142857142855,24.728571428571428,0.8,0.2,0.3,0.1,0.43333333333332863,0.6142857142857102,0.5285714285714306
2019-09-08,27.7,20.1,23.9,0.6,10.6,70,9,251,4,24.1,24.4,25.7,24.7,24.733333333333334,24.671428571428574,24.67142857142857,1.3,0.8,0.2,0.2,0.7666666666666618,0.7857142857142817,0.6142857142857163
2019-09-09,29.4,20.8,25.1,0.0,10.2,68,9,252,4,23.9,24.1,24.4,23.8,24.133333333333336,24.557142857142853,24.607142857142858,0.6,1.3,0.8,2.7,0.8999999999999951,0.8428571428571389,0.6571428571428591
2019-09-10,30.1,21.2,25.8,0.0,10.2,62,9,253,4,25.1,23.9,24.1,24.9,24.36666666666667,24.742857142857144,24.721428571428568,0.0,0.6,1.3,0.0,0.6333333333333285,0.45714285714285313,0.6142857142857163
2019-09-11,29.9,21.5,25.5,0.0,10.5,64,9,254,4,25.8,25.1,23.9,25.1,24.933333333333334,24.87142857142857,24.835714285714285,0.0,0.0,0.6,0.3,0.19999999999999526,0.45714285714285313,0.5857142857142877
2019-09-12,30.7,21.5,26.5,0.0,12.2,58,9,255,4,25.5,25.8,25.1,25.7,25.46666666666667,24.928571428571427,24.849999999999998,0.0,0.0,0.0,0.2,0.0,0.41428571428571026,0.5785714285714306
2019-09-13,29.0,21.6,25.8,0.0,9.5,67,9,256,4,26.5,25.5,25.8,24.4,25.933333333333334,25.04285714285714,24.87142857142857,0.0,0.0,0.0,0.8,0.0,0.3857142857142817,0.5642857142857163
2019-09-14,28.6,20.7,24.6,0.0,11.0,66,9,257,4,25.8,26.5,25.5,24.1,25.933333333333337,25.242857142857144,24.95,0.0,0.0,0.0,1.3,0.0,0.27142857142856736,0.44285714285714484
2019-09-15,28.3,21.4,25.1,0.3,14.0,61,9,258,4,24.6,25.8,26.5,23.9,25.633333333333336,25.314285714285713,24.992857142857144,0.0,0.0,0.0,0.6,0.0,0.08571428571428165,0.4357142857142877
2019-09-16,26.6,18.8,22.8,4.4,11.4,74,9,259,4,25.1,24.6,25.8,25.1,25.166666666666668,25.485714285714288,25.021428571428572,0.3,0.0,0.0,0.0,0.09999999999999526,0.0428571428571388,0.4428571428571449
2019-09-17,26.7,19.8,23.3,2.8,10.2,62,9,260,4,22.8,25.1,24.6,25.8,24.16666666666667,25.157142857142855,24.95,4.4,0.3,0.0,0.0,1.566666666666662,0.6714285714285674,0.5642857142857164
2019-09-18,28.4,19.6,24.6,0.0,8.9,53,9,261,4,23.3,22.8,25.1,25.5,23.733333333333334,24.800000000000004,24.835714285714285,2.8,4.4,0.3,0.0,2.499999999999995,1.0714285714285674,0.7642857142857162
2019-09-19,25.1,20.9,23.6,3.7,12.1,73,9,262,4,24.6,23.3,22.8,26.5,23.566666666666674,24.671428571428574,24.8,0.0,2.8,4.4,0.0,2.3999999999999955,1.0714285714285674,0.7428571428571448
2019-09-20,23.7,17.0,20.5,2.4,8.2,87,9,263,4,23.6,24.6,23.3,25.8,23.833333333333332,24.25714285714286,24.650000000000002,3.7,0.0,2.8,0.0,2.166666666666662,1.5999999999999959,0.9928571428571449
2019-09-21,26.5,17.5,21.6,1.7,6.1,74,9,264,4,20.5,23.6,24.6,24.6,22.900000000000006,23.5,24.37142857142857,2.4,3.7,0.0,0.0,2.0333333333333283,1.9428571428571388,1.1071428571428592
2019-09-22,26.1,19.9,22.9,0.1,7.9,72,9,265,4,21.6,20.5,23.6,25.1,21.900000000000002,23.071428571428573,24.192857142857147,1.7,2.4,3.7,0.3,2.599999999999995,2.185714285714282,1.1357142857142877
2019-09-23,25.9,20.0,22.4,0.5,10.6,80,9,266,4,22.9,21.6,20.5,22.8,21.666666666666668,22.75714285714286,24.12142857142857,0.1,1.7,2.4,4.4,1.3999999999999952,2.157142857142853,1.100000000000002
2019-09-24,24.9,19.8,21.9,1.6,10.0,88,9,267,4,22.4,22.9,21.6,23.3,22.3,22.7,23.928571428571427,0.5,0.1,1.7,2.8,0.7666666666666618,1.5999999999999959,1.1357142857142877
2019-09-25,25.1,19.1,21.7,5.3,9.0,89,9,268,4,21.9,22.4,22.9,24.6,22.399999999999995,22.5,23.650000000000002,1.6,0.5,0.1,0.0,0.7333333333333286,1.4285714285714246,1.250000000000002
2019-09-26,25.0,18.6,21.6,2.5,9.4,84,9,269,4,21.7,21.9,22.4,23.6,22.0,22.085714285714285,23.37857142857143,5.3,1.6,0.5,3.7,2.466666666666662,2.185714285714282,1.6285714285714306
2019-09-27,24.6,18.5,21.0,5.7,10.4,86,9,270,4,21.6,21.7,21.9,20.5,21.733333333333334,21.8,23.028571428571432,2.5,5.3,1.6,2.4,3.133333333333328,2.0142857142857102,1.8071428571428592
2019-09-28,22.7,18.0,20.1,4.6,10.5,88,9,271,4,21.0,21.6,21.7,21.6,21.433333333333337,21.87142857142857,22.685714285714287,5.7,2.5,5.3,1.7,4.499999999999996,2.4857142857142813,2.214285714285716
2019-09-29,22.9,16.9,19.3,4.3,9.5,87,9,272,4,20.1,21.0,21.6,22.9,20.900000000000002,21.657142857142862,22.36428571428571,4.6,5.7,2.5,0.1,4.266666666666661,2.8999999999999955,2.542857142857145
2019-09-30,22.3,16.4,19.2,5.7,8.7,87,9,273,4,19.3,20.1,21.0,22.4,20.133333333333336,21.142857142857142,21.95,4.3,4.6,5.7,0.5,4.866666666666661,3.499999999999996,2.82857142857143
2019-10-01,22.5,16.1,18.4,7.5,11.5,83,10,274,4,19.2,19.3,20.1,21.9,19.533333333333335,20.685714285714287,21.692857142857143,5.7,4.3,4.6,1.6,4.866666666666662,4.242857142857139,2.9214285714285735
2019-10-02,22.9,15.5,19.6,0.8,9.8,70,10,275,4,18.4,19.2,19.3,21.7,18.96666666666667,20.185714285714287,21.342857142857145,7.5,5.7,4.3,5.3,5.833333333333329,5.085714285714282,3.2571428571428593
2019-10-03,23.0,14.8,18.6,4.2,17.4,76,10,276,4,19.6,18.4,19.2,21.6,19.066666666666666,19.885714285714283,20.985714285714288,0.8,7.5,5.7,2.5,4.666666666666662,4.442857142857139,3.3142857142857163
2019-10-04,20.4,13.7,16.5,5.5,11.5,79,10,277,4,18.6,19.6,18.4,21.0,18.86666666666667,19.45714285714286,20.62857142857143,4.2,0.8,7.5,5.7,4.166666666666662,4.6857142857142815,3.350000000000002
2019-10-05,22.6,13.3,17.9,3.3,10.3,65,10,278,4,16.5,18.6,19.6,20.1,18.233333333333334,18.814285714285717,20.342857142857145,5.5,4.2,0.8,4.6,3.499999999999995,4.657142857142853,3.5714285714285734
2019-10-06,23.2,14.6,18.9,0.6,8.4,64,10,279,4,17.9,16.5,18.6,19.3,17.666666666666668,18.5,20.078571428571426,3.3,5.5,4.2,4.3,4.333333333333328,4.471428571428567,3.6857142857142873
2019-10-07,21.1,14.8,17.9,0.0,11.2,60,10,280,4,18.9,17.9,16.5,19.2,17.766666666666666,18.442857142857143,19.792857142857144,0.6,3.3,5.5,5.7,3.133333333333328,3.942857142857139,3.7214285714285738
2019-10-08,24.5,14.6,19.3,0.1,8.0,56,10,281,4,17.9,18.9,17.9,18.4,18.233333333333334,18.257142857142856,19.47142857142857,0.0,0.6,3.3,7.5,1.299999999999995,3.128571428571424,3.6857142857142877
2019-10-09,23.5,16.0,20.5,0.5,9.8,54,10,282,4,19.3,17.9,18.9,19.6,18.7,18.38571428571429,19.285714285714285,0.1,0.0,0.6,0.8,0.23333333333332829,2.071428571428567,3.5785714285714305
2019-10-10,23.4,15.0,18.8,0.0,9.4,63,10,283,4,20.5,19.3,17.9,18.6,19.233333333333334,18.514285714285712,19.2,0.5,0.1,0.0,4.2,0.19999999999999496,2.0285714285714245,3.2357142857142875
2019-10-11,23.6,15.5,20.2,0.0,10.2,55,10,284,4,18.8,20.5,19.3,16.5,19.533333333333335,18.542857142857144,19.0,0.0,0.5,0.1,5.5,0.19999999999999496,1.4285714285714246,3.057142857142859
2019-10-12,23.7,16.0,20.8,0.0,10.2,54,10,285,4,20.2,18.8,20.5,17.9,19.833333333333336,19.071428571428573,18.942857142857143,0.0,0.0,0.5,3.3,0.16666666666666163,0.6428571428571388,2.650000000000002
2019-10-13,24.4,16.2,20.2,0.0,9.0,61,10,286,4,20.8,20.2,18.8,18.9,19.933333333333334,19.485714285714288,18.99285714285714,0.0,0.0,0.0,0.6,0.0,0.17142857142856735,2.3214285714285734
2019-10-14,24.4,16.2,21.1,0.0,11.8,57,10,287,4,20.2,20.8,20.2,17.9,20.400000000000002,19.67142857142857,19.057142857142857,0.0,0.0,0.0,0.0,0.0,0.08571428571428165,2.0142857142857165
2019-10-15,24.5,15.6,20.0,0.0,9.6,64,10,288,4,21.1,20.2,20.8,19.3,20.7,20.12857142857143,19.192857142857143,0.0,0.0,0.0,0.1,0.0,0.08571428571428165,1.6071428571428592
2019-10-16,24.4,17.2,21.3,0.4,10.2,61,10,289,4,20.0,21.1,20.2,20.5,20.433333333333334,20.228571428571428,19.307142857142857,0.0,0.0,0.0,0.5,0.0,0.07142857142856737,1.0714285714285734
2019-10-17,21.9,14.6,18.6,8.4,13.4,70,10,290,4,21.3,20.0,21.1,18.8,20.8,20.342857142857145,19.428571428571427,0.4,0.0,0.0,0.0,0.1333333333333283,0.05714285714285309,1.042857142857145
2019-10-18,20.5,13.0,15.8,5.1,15.3,72,10,291,4,18.6,21.3,20.0,20.2,19.96666666666667,20.314285714285713,19.428571428571427,8.4,0.4,0.0,0.0,2.9333333333333282,1.2571428571428531,1.3428571428571447
2019-10-19,19.3,11.9,15.1,1.9,13.7,67,10,292,4,15.8,18.6,21.3,20.8,18.566666666666666,19.685714285714287,19.37857142857143,5.1,8.4,0.4,0.0,4.633333333333328,1.9857142857142818,1.3142857142857163
2019-10-20,23.0,12.6,16.8,0.3,8.7,49,10,293,4,15.1,15.8,18.6,20.2,16.500000000000004,18.87142857142857,19.178571428571427,1.9,5.1,8.4,0.0,5.133333333333328,2.257142857142853,1.2142857142857164
2019-10-21,22.7,13.8,18.0,0.0,7.3,44,10,294,4,16.8,15.1,15.8,21.1,15.9,18.38571428571429,19.028571428571432,0.3,1.9,5.1,0.0,2.433333333333328,2.2999999999999963,1.1928571428571448
2019-10-22,23.7,12.3,18.4,0.0,11.4,43,10,295,4,18.0,16.8,15.1,20.0,16.633333333333336,17.942857142857143,19.035714285714285,0.0,0.3,1.9,0.0,0.733333333333328,2.2999999999999963,1.1928571428571448
2019-10-23,21.5,12.8,17.8,0.0,8.7,50,10,296,4,18.4,18.0,16.8,21.3,17.733333333333334,17.714285714285715,18.97142857142857,0.0,0.0,0.3,0.4,0.09999999999999466,2.2999999999999963,1.185714285714288
2019-10-24,22.4,12.7,16.7,0.0,9.6,49,10,297,4,17.8,18.4,18.0,18.6,18.066666666666666,17.214285714285715,18.77857142857143,0.0,0.0,0.0,8.4,0.0,2.242857142857139,1.1500000000000021
2019-10-25,22.6,13.6,17.0,0.1,8.3,43,10,298,4,16.7,17.8,18.4,15.8,17.633333333333336,16.942857142857143,18.62857142857143,0.0,0.0,0.0,5.1,0.0,1.0428571428571387,1.1500000000000021
2019-10-26,22.7,12.7,17.0,0.0,11.0,44,10,299,4,17.0,16.7,17.8,15.1,17.166666666666668,17.114285714285714,18.400000000000002,0.1,0.0,0.0,1.9,0.033333333333328004,0.32857142857142446,1.157142857142859
2019-10-27,24.0,12.2,18.7,0.0,10.1,40,10,300,4,17.0,17.0,16.7,16.8,16.900000000000002,17.385714285714286,18.12857142857143,0.0,0.1,0.0,0.3,0.033333333333328004,0.05714285714285309,1.157142857142859
2019-10-28,24.1,14.0,19.8,0.0,9.1,43,10,301,4,18.7,17.0,17.0,18.0,17.566666666666666,17.65714285714286,18.02142857142857,0.0,0.0,0.1,0.0,0.033333333333328004,0.014285714285710226,1.157142857142859
2019-10-29,24.5,15.5,20.5,0.0,8.5,46,10,302,4,19.8,18.7,17.0,18.4,18.5,17.914285714285715,17.928571428571427,0.0,0.0,0.0,0.0,0.0,0.014285714285710226,1.157142857142859
2019-10-30,22.5,14.6,19.4,0.0,9.8,53,10,303,4,20.5,19.8,18.7,17.8,19.666666666666668,18.214285714285715,17.964285714285715,0.0,0.0,0.0,0.0,0.0,0.014285714285710226,1.157142857142859
2019-10-31,23.1,13.3,17.9,0.1,13.6,57,10,304,4,19.4,20.5,19.8,16.7,19.900000000000002,18.442857142857143,17.82857142857143,0.0,0.0,0.0,0.0,0.0,0.014285714285710226,1.1285714285714306
2019-11-01,21.4,13.0,16.2,3.0,14.8,62,11,305,4,17.9,19.4,20.5,17.0,19.266666666666666,18.614285714285717,17.77857142857143,0.1,0.0,0.0,0.1,0.033333333333328004,0.02857142857142451,0.5357142857142877
2019-11-02,21.0,12.3,15.9,1.7,10.9,65,11,306,4,16.2,17.9,19.4,17.0,17.833333333333332,18.5,17.807142857142857,3.0,0.1,0.0,0.0,1.033333333333328,0.4428571428571388,0.3857142857142878
2019-11-03,20.0,11.6,15.4,2.1,10.5,69,11,307,4,15.9,16.2,17.9,18.7,16.666666666666668,18.342857142857145,17.864285714285714,1.7,3.0,0.1,0.0,1.5999999999999945,0.6857142857142816,0.3714285714285735
2019-11-04,20.1,11.6,16.3,0.0,8.7,58,11,308,4,15.4,15.9,16.2,19.8,15.833333333333334,17.87142857142857,17.764285714285712,2.1,1.7,3.0,0.0,2.2666666666666617,0.9857142857142817,0.500000000000002
2019-11-05,21.0,10.6,15.9,0.0,8.2,53,11,309,4,16.3,15.4,15.9,20.5,15.866666666666669,17.37142857142857,17.642857142857142,0.0,2.1,1.7,0.0,1.2666666666666615,0.9857142857142817,0.500000000000002
2019-11-06,14.5,9.7,11.6,48.0,14.0,87,11,310,4,15.9,16.3,15.4,19.4,15.866666666666669,16.714285714285715,17.464285714285715,0.0,0.0,2.1,0.0,0.6999999999999948,0.9857142857142817,0.500000000000002
2019-11-07,13.7,7.7,10.5,4.5,11.5,80,11,311,4,11.6,15.9,16.3,17.9,14.6,15.599999999999998,17.02142857142857,48.0,0.0,0.0,0.1,15.999999999999995,7.842857142857139,3.9285714285714306
2019-11-08,16.0,7.1,11.2,2.9,7.9,65,11,312,4,10.5,11.6,15.9,16.2,12.666666666666666,14.542857142857143,16.57857142857143,4.5,48.0,0.0,3.0,17.499999999999996,8.471428571428566,4.250000000000002
2019-11-09,19.8,9.7,13.4,0.0,11.3,44,11,313,4,11.2,10.5,11.6,15.9,11.100000000000001,13.828571428571427,16.164285714285715,2.9,4.5,48.0,1.7,18.46666666666666,8.457142857142852,4.450000000000002
2019-11-10,20.5,10.7,14.4,0.0,9.8,47,11,314,4,13.4,11.2,10.5,15.4,11.700000000000001,13.471428571428573,15.907142857142857,0.0,2.9,4.5,2.1,2.466666666666662,8.21428571428571,4.450000000000002
2019-11-11,20.1,10.0,14.2,0.0,7.4,47,11,315,4,14.4,13.4,11.2,16.3,13.0,13.328571428571427,15.6,0.0,0.0,2.9,0.0,0.9666666666666619,7.91428571428571,4.450000000000002
2019-11-12,20.2,10.7,14.8,0.0,12.6,44,11,316,4,14.2,14.4,13.4,15.9,14.0,13.028571428571428,15.200000000000001,0.0,0.0,0.0,0.0,0.0,7.91428571428571,4.450000000000002
2019-11-13,18.8,13.0,16.2,0.1,12.3,51,11,317,4,14.8,14.2,14.4,11.6,14.466666666666669,12.87142857142857,14.792857142857143,0.0,0.0,0.0,48.0,0.0,7.91428571428571,4.450000000000002
2019-11-14,15.8,11.1,13.0,16.2,12.1,79,11,318,4,16.2,14.8,14.2,10.5,15.066666666666668,13.528571428571428,14.564285714285713,0.1,0.0,0.0,4.5,0.0333333333333286,1.0714285714285674,4.457142857142859
2019-11-15,14.5,10.3,11.7,33.5,8.7,90,11,319,4,13.0,16.2,14.8,11.2,14.666666666666666,13.885714285714286,14.214285714285714,16.2,0.1,0.0,2.9,5.433333333333329,2.742857142857139,5.607142857142859
2019-11-16,14.7,9.3,11.3,10.8,10.1,87,11,320,4,11.7,13.0,16.2,13.4,13.633333333333335,13.957142857142857,13.892857142857142,33.5,16.2,0.1,0.0,16.599999999999994,7.114285714285709,7.785714285714287
2019-11-17,19.2,9.4,13.3,0.0,7.9,62,11,321,4,11.3,11.7,13.0,14.4,12.0,13.657142857142857,13.564285714285713,10.8,33.5,16.2,0.0,20.16666666666666,8.657142857142853,8.435714285714287
2019-11-18,19.6,8.7,14.0,0.0,9.4,47,11,322,4,13.3,11.3,11.7,14.2,12.100000000000001,13.5,13.414285714285715,0.0,10.8,33.5,0.0,14.76666666666666,8.657142857142853,8.285714285714288
2019-11-19,19.0,11.8,16.0,0.0,7.2,43,11,323,4,14.0,13.3,11.3,14.8,12.866666666666669,13.471428571428572,13.25,0.0,0.0,10.8,0.0,3.599999999999993,8.657142857142853,8.285714285714288
2019-11-20,18.2,12.3,15.7,0.0,6.6,53,11,324,4,16.0,14.0,13.3,16.2,14.433333333333335,13.642857142857142,13.257142857142856,0.0,0.0,0.0,0.1,0.0,8.657142857142853,8.285714285714288
2019-11-21,14.7,10.0,11.7,5.9,16.4,78,11,325,4,15.7,16.0,14.0,13.0,15.233333333333334,13.571428571428571,13.549999999999999,0.0,0.0,0.0,16.2,0.0,8.642857142857139,4.857142857142859
2019-11-22,13.4,9.8,11.1,9.7,14.6,80,11,326,4,11.7,15.7,16.0,11.7,14.466666666666669,13.385714285714286,13.635714285714286,5.9,0.0,0.0,33.5,1.9666666666666597,7.171428571428566,4.95714285714286
2019-11-23,15.1,8.7,11.0,1.2,9.7,79,11,327,4,11.1,11.7,15.7,11.3,12.833333333333334,13.299999999999999,13.628571428571428,9.7,5.9,0.0,10.8,5.199999999999993,3.771428571428566,5.442857142857145
2019-11-24,16.3,8.5,12.0,1.0,9.4,68,11,328,4,11.0,11.1,11.7,13.3,11.266666666666667,13.257142857142856,13.457142857142857,1.2,9.7,5.9,0.0,5.599999999999993,2.399999999999995,5.52857142857143
2019-11-25,15.7,7.7,11.4,0.5,6.2,68,11,329,4,12.0,11.0,11.1,14.0,11.366666666666667,13.071428571428571,13.285714285714286,1.0,1.2,9.7,0.0,3.9666666666666592,2.542857142857138,5.600000000000001
2019-11-26,13.8,7.1,10.2,2.1,8.2,76,11,330,4,11.4,12.0,11.0,16.0,11.466666666666669,12.700000000000001,13.085714285714287,0.5,1.0,1.2,0.0,0.8999999999999929,2.6142857142857094,5.635714285714287
2019-11-27,12.5,5.7,8.5,1.0,9.8,83,11,331,4,10.2,11.4,12.0,15.7,11.200000000000001,11.87142857142857,12.757142857142856,2.1,0.5,1.0,0.0,1.1999999999999929,2.914285714285709,5.785714285714287
2019-11-28,12.1,4.4,7.8,0.2,6.9,81,11,332,4,8.5,10.2,11.4,11.7,10.033333333333333,10.842857142857143,12.207142857142856,1.0,2.1,0.5,5.9,1.1999999999999929,3.057142857142852,5.850000000000002
2019-11-29,13.1,5.1,9.6,0.7,7.0,61,11,333,4,7.8,8.5,10.2,11.1,8.833333333333334,10.285714285714286,11.835714285714285,0.2,1.0,2.1,9.7,1.0999999999999928,2.2428571428571376,4.70714285714286
2019-11-30,15.9,5.7,9.8,0.0,9.5,49,11,334,4,9.6,7.8,8.5,11.0,8.633333333333335,10.071428571428571,11.685714285714285,0.7,0.2,1.0,1.2,0.6333333333333261,0.957142857142852,2.3642857142857165
2019-12-01,16.3,5.8,9.9,0.0,9.4,41,12,335,1,9.8,9.6,7.8,12.0,9.066666666666668,9.9,11.578571428571431,0.0,0.7,0.2,1.0,0.2999999999999927,0.7857142857142806,1.592857142857145
2019-12-02,16.4,5.0,9.8,0.0,10.4,38,12,336,1,9.9,9.8,9.6,11.4,9.766666666666667,9.6,11.335714285714285,0.0,0.0,0.7,0.5,0.23333333333332607,0.6428571428571378,1.592857142857145
2019-12-03,17.7,6.8,11.1,0.0,13.5,31,12,337,1,9.8,9.9,9.8,10.2,9.833333333333336,9.37142857142857,11.035714285714286,0.0,0.0,0.0,2.1,0.0,0.5714285714285663,1.592857142857145
2019-12-04,18.0,8.9,14.9,0.0,5.6,32,12,338,1,11.1,9.8,9.9,8.5,10.266666666666667,9.5,10.685714285714285,0.0,0.0,0.0,1.0,0.0,0.27142857142856636,1.592857142857145
2019-12-05,16.3,8.0,13.8,0.0,6.3,47,12,339,1,14.9,11.1,9.8,7.8,11.933333333333335,10.414285714285715,10.628571428571428,0.0,0.0,0.0,0.2,0.0,0.12857142857142348,1.592857142857145
2019-12-06,17.5,7.5,13.1,0.0,8.6,36,12,340,1,13.8,14.9,11.1,9.6,13.266666666666667,11.271428571428572,10.778571428571428,0.0,0.0,0.0,0.7,0.0,0.09999999999999491,1.1714285714285733
2019-12-07,17.9,6.7,12.1,0.0,8.9,32,12,341,1,13.1,13.8,14.9,9.8,13.933333333333335,11.771428571428572,10.921428571428573,0.0,0.0,0.0,0.0,0.0,0.0,0.47857142857143053
2019-12-08,17.4,7.5,13.7,0.0,8.5,37,12,342,1,12.1,13.1,13.8,9.9,13.000000000000002,12.1,11.0,0.0,0.0,0.0,0.0,0.0,0.0,0.3928571428571449
2019-12-09,15.9,7.0,13.4,0.0,8.1,36,12,343,1,13.7,12.1,13.1,9.8,12.966666666666667,12.642857142857142,11.12142857142857,0.0,0.0,0.0,0.0,0.0,0.0,0.32142857142857345
2019-12-10,15.9,9.0,13.0,1.1,7.7,47,12,344,1,13.4,13.7,12.1,11.1,13.066666666666668,13.157142857142857,11.264285714285714,0.0,0.0,0.0,0.0,0.0,0.0,0.28571428571428775
2019-12-11,10.9,5.6,7.9,7.7,13.9,79,12,345,1,13.0,13.4,13.7,14.9,13.366666666666667,13.428571428571429,11.464285714285714,1.1,0.0,0.0,0.0,0.3666666666666594,0.1571428571428521,0.21428571428571633
2019-12-12,11.8,5.2,7.6,7.3,9.5,81,12,346,1,7.9,13.0,13.4,13.8,11.433333333333335,12.428571428571429,11.421428571428573,7.7,1.1,0.0,0.0,2.9333333333333265,1.2571428571428522,0.6928571428571448
2019-12-13,8.2,4.1,6.0,8.3,6.4,90,12,347,1,7.6,7.9,13.0,13.1,9.500000000000002,11.542857142857143,11.407142857142857,7.3,7.7,1.1,0.0,5.36666666666666,2.299999999999995,1.2000000000000022
2019-12-14,7.4,2.7,5.7,5.9,6.3,94,12,348,1,6.0,7.6,7.9,12.1,7.166666666666668,10.528571428571428,11.15,8.3,7.3,7.7,0.0,7.7666666666666595,3.4857142857142804,1.742857142857145
2019-12-15,11.3,2.2,5.7,0.9,5.2,72,12,349,1,5.7,6.0,7.6,13.7,6.4333333333333345,9.614285714285714,10.857142857142858,5.9,8.3,7.3,0.0,7.16666666666666,4.328571428571424,2.164285714285717
2019-12-16,12.7,3.4,6.8,0.0,7.6,49,12,350,1,5.7,5.7,6.0,13.4,5.800000000000002,8.471428571428572,10.557142857142859,0.9,5.9,8.3,0.0,5.033333333333326,4.457142857142852,2.228571428571431
2019-12-17,14.2,4.3,7.8,0.0,9.2,33,12,351,1,6.8,5.7,5.7,13.0,6.066666666666667,7.528571428571429,10.342857142857143,0.0,0.9,5.9,1.1,2.266666666666659,4.457142857142852,2.228571428571431
2019-12-18,14.7,5.2,10.0,0.0,8.3,35,12,352,1,7.8,6.8,5.7,7.9,6.766666666666668,6.785714285714286,10.107142857142858,0.0,0.0,0.9,7.7,0.29999999999999233,4.2999999999999945,2.228571428571431
2019-12-19,12.4,4.9,10.0,0.0,5.4,49,12,353,1,10.0,7.8,6.8,7.6,8.200000000000001,7.085714285714286,9.757142857142856,0.0,0.0,0.0,7.3,0.0,3.199999999999995,2.228571428571431
2019-12-20,12.9,3.1,7.0,1.8,7.0,72,12,354,1,10.0,10.0,7.8,6.0,9.266666666666667,7.428571428571429,9.485714285714286,0.0,0.0,0.0,8.3,0.0,2.157142857142852,2.228571428571431
2019-12-21,11.4,3.8,8.2,0.2,6.5,68,12,355,1,7.0,10.0,10.0,5.7,9.000000000000002,7.571428571428571,9.049999999999999,1.8,0.0,0.0,5.9,0.5999999999999923,1.228571428571423,2.357142857142859
2019-12-22,13.6,5.7,9.5,0.1,5.8,50,12,356,1,8.2,7.0,10.0,5.7,8.4,7.928571428571429,8.77142857142857,0.2,1.8,0.0,0.9,0.666666666666659,0.414285714285709,2.3714285714285737
2019-12-23,14.3,3.6,8.9,0.0,10.6,52,12,357,1,9.5,8.2,7.0,6.8,8.233333333333334,8.471428571428572,8.471428571428572,0.1,0.2,1.8,0.0,0.6999999999999923,0.29999999999999466,2.378571428571431
2019-12-24,11.5,3.4,8.8,0.0,5.8,49,12,358,1,8.9,9.5,8.2,7.8,8.866666666666667,8.77142857142857,8.15,0.0,0.1,0.2,0.0,0.09999999999999232,0.29999999999999466,2.378571428571431
2019-12-25,13.0,2.1,6.6,0.0,8.9,46,12,359,1,8.8,8.9,9.5,10.0,9.066666666666668,8.914285714285715,7.85,0.0,0.0,0.1,0.0,0.03333333333332564,0.29999999999999466,2.300000000000002
2019-12-26,14.9,3.6,7.6,0.0,12.2,31,12,360,1,6.6,8.8,8.9,10.0,8.100000000000001,8.428571428571429,7.757142857142857,0.0,0.0,0.0,0.0,0.0,0.29999999999999466,1.7500000000000022
2019-12-27,14.0,3.3,9.7,0.0,10.0,36,12,361,1,7.6,6.6,8.8,7.0,7.666666666666668,8.085714285714285,7.757142857142858,0.0,0.0,0.0,1.8,0.0,0.29999999999999466,1.2285714285714309
2019-12-28,13.8,6.1,10.7,0.0,6.8,38,12,362,1,9.7,7.6,6.6,8.2,7.966666666666668,8.471428571428572,8.02142857142857,0.0,0.0,0.0,0.2,0.0,0.042857142857137535,0.6357142857142878
2019-12-29,13.1,6.1,10.4,0.0,5.5,43,12,363,1,10.7,9.7,7.6,9.5,9.333333333333334,8.828571428571427,8.378571428571428,0.0,0.0,0.0,0.1,0.0,0.014285714285708958,0.21428571428571633
2019-12-30,13.0,4.9,10.3,0.0,7.1,43,12,364,1,10.4,10.7,9.7,8.9,10.266666666666667,8.957142857142857,8.714285714285714,0.0,0.0,0.0,0.0,0.0,0.0,0.15000000000000205
2019-12-31,10.3,2.7,6.9,0.6,8.0,59,12,365,1,10.3,10.4,10.7,8.8,10.466666666666669,9.157142857142857,8.964285714285714,0.0,0.0,0.0,0.0,0.0,0.0,0.15000000000000205
2020-01-01,11.6,2.0,7.0,0.3,8.8,49,1,1,1,6.9,10.3,10.4,6.6,9.200000000000001,8.885714285714286,8.9,0.6,0.0,0.0,0.0,0.1999999999999923,0.08571428571428039,0.1928571428571449
2020-01-02,8.9,5.3,6.6,2.0,15.5,61,1,2,1,7.0,6.9,10.3,7.6,8.066666666666668,8.942857142857143,8.685714285714285,0.3,0.6,0.0,0.0,0.2999999999999923,0.12857142857142323,0.21428571428571636
2020-01-03,7.2,3.4,5.3,5.7,11.3,77,1,3,1,6.6,7.0,6.9,9.7,6.833333333333335,8.799999999999999,8.442857142857141,2.0,0.3,0.6,0.0,0.9666666666666589,0.41428571428570893,0.35714285714285915
2020-01-04,7.2,0.8,3.9,3.8,5.4,86,1,4,1,5.3,6.6,7.0,10.7,6.300000000000001,8.171428571428573,8.321428571428571,5.7,2.0,0.3,0.0,2.666666666666659,1.228571428571423,0.6357142857142878
2020-01-05,9.3,0.2,4.9,0.7,9.6,65,1,5,1,3.9,5.3,6.6,10.4,5.2666666666666675,7.2,8.014285714285714,3.8,5.7,2.0,0.0,3.8333333333333255,1.7714285714285662,0.8928571428571449
2020-01-06,5.1,2.6,3.8,12.8,9.8,90,1,6,1,4.9,3.9,5.3,10.3,4.700000000000001,6.414285714285714,7.685714285714286,0.7,3.8,5.7,0.0,3.399999999999992,1.8714285714285661,0.9357142857142876
2020-01-07,6.5,1.2,4.0,9.0,7.6,91,1,7,1,3.8,4.9,3.9,6.9,4.200000000000002,5.485714285714286,7.321428571428571,12.8,0.7,3.8,0.6,5.766666666666659,3.699999999999995,1.8500000000000019
2020-01-08,6.6,-0.2,2.5,0.7,5.4,87,1,8,1,4.0,3.8,4.9,7.0,4.233333333333334,5.071428571428571,6.978571428571429,9.0,12.8,0.7,0.3,7.499999999999992,4.899999999999994,2.4928571428571447
2020-01-09,9.4,-0.5,3.4,0.0,6.6,61,1,9,1,2.5,4.0,3.8,6.6,3.433333333333335,4.428571428571428,6.685714285714285,0.7,9.0,12.8,2.0,7.499999999999992,4.957142857142853,2.542857142857145
2020-01-10,12.2,0.3,5.6,0.0,8.1,32,1,10,1,3.4,2.5,4.0,5.3,3.300000000000001,3.9714285714285715,6.385714285714285,0.0,0.7,9.0,5.7,3.233333333333325,4.671428571428566,2.542857142857145
2020-01-11,13.5,2.1,7.9,0.0,17.7,35,1,11,1,5.6,3.4,2.5,3.9,3.8333333333333344,4.014285714285714,6.0928571428571425,0.0,0.0,0.7,3.8,0.23333333333332504,3.8571428571428514,2.542857142857145
2020-01-12,8.1,3.8,6.1,6.5,16.1,75,1,12,1,7.9,5.6,3.4,4.9,5.6333333333333355,4.585714285714286,5.892857142857143,0.0,0.0,0.0,0.7,0.0,3.314285714285709,2.542857142857145
2020-01-13,6.0,1.2,3.9,46.8,8.5,95,1,13,1,6.1,7.9,5.6,3.8,6.533333333333334,4.757142857142857,5.585714285714286,6.5,0.0,0.0,12.8,2.1666666666666585,4.142857142857138,3.0071428571428593
2020-01-14,6.5,-1.2,2.8,1.5,7.8,87,1,14,1,3.9,6.1,7.9,4.0,5.966666666666668,4.771428571428571,5.128571428571428,46.8,6.5,0.0,9.0,17.766666666666655,8.999999999999995,6.350000000000002
2020-01-15,10.1,4.0,7.9,0.1,5.0,50,1,15,1,2.8,3.9,6.1,2.5,4.2666666666666675,4.6000000000000005,4.835714285714286,1.5,46.8,6.5,0.7,18.266666666666655,7.928571428571423,6.414285714285717
2020-01-16,12.8,1.9,7.5,0.0,10.8,48,1,16,1,7.9,2.8,3.9,3.4,4.866666666666668,5.371428571428572,4.8999999999999995,0.1,1.5,46.8,0.0,16.133333333333322,7.842857142857137,6.400000000000001
2020-01-17,10.5,3.3,8.1,0.0,7.1,58,1,17,1,7.5,7.9,2.8,5.6,6.066666666666667,5.957142857142857,4.964285714285714,0.0,0.1,1.5,0.0,0.5333333333333239,7.842857142857137,6.257142857142859
2020-01-18,9.6,2.5,7.2,0.3,6.5,57,1,18,1,8.1,7.5,7.9,7.9,7.833333333333335,6.314285714285715,5.1642857142857155,0.0,0.0,0.1,0.0,0.03333333333332386,7.842857142857137,5.850000000000002
2020-01-19,11.2,1.3,6.8,0.0,9.4,49,1,19,1,7.2,8.1,7.5,6.1,7.600000000000001,6.214285714285714,5.3999999999999995,0.3,0.0,0.0,6.5,0.09999999999999053,7.88571428571428,5.600000000000001
2020-01-20,11.1,3.1,6.6,0.5,10.0,50,1,20,1,6.8,7.2,8.1,3.9,7.366666666666667,6.314285714285715,5.535714285714286,0.0,0.3,0.0,46.8,0.09999999999999053,6.957142857142851,5.5500000000000025
2020-01-21,4.4,1.4,3.1,11.4,8.7,94,1,21,1,6.6,6.8,7.2,2.8,6.866666666666667,6.7,5.735714285714286,0.5,0.0,0.3,1.5,0.2666666666666572,0.34285714285713775,4.671428571428573
2020-01-22,9.5,0.5,4.2,3.0,5.6,72,1,22,1,3.1,6.6,6.8,7.9,5.500000000000001,6.742857142857142,5.671428571428571,11.4,0.5,0.0,0.1,3.9666666666666575,1.7571428571428522,4.842857142857144
2020-01-23,11.6,0.8,5.7,0.0,11.1,40,1,23,1,4.2,3.1,6.6,7.5,4.633333333333335,6.214285714285714,5.792857142857143,3.0,11.4,0.5,0.0,4.966666666666657,2.1714285714285664,5.007142857142859
2020-01-24,14.4,2.3,8.2,0.0,12.7,37,1,24,1,5.7,4.2,3.1,8.1,4.333333333333335,5.957142857142856,5.957142857142857,0.0,3.0,11.4,0.0,4.799999999999991,2.1714285714285664,5.007142857142859
2020-01-25,11.5,4.1,7.5,0.0,8.1,57,1,25,1,8.2,5.7,4.2,7.2,6.033333333333334,5.971428571428571,6.142857142857143,0.0,0.0,3.0,0.3,0.9999999999999906,2.1714285714285664,5.007142857142859
2020-01-26,11.7,3.3,6.8,1.8,4.3,70,1,26,1,7.5,8.2,5.7,6.8,7.133333333333334,6.014285714285714,6.114285714285715,0.0,0.0,0.0,0.0,0.0,2.1285714285714237,5.007142857142859
2020-01-27,12.2,3.1,7.5,0.8,7.0,59,1,27,1,6.8,7.5,8.2,6.6,7.500000000000001,6.014285714285713,6.164285714285714,1.8,0.0,0.0,0.5,0.5999999999999905,2.3857142857142803,4.671428571428573
2020-01-28,7.3,3.4,5.5,14.5,11.2,86,1,28,1,7.5,6.8,7.5,3.1,7.266666666666668,6.142857142857143,6.421428571428572,0.8,1.8,0.0,11.4,0.8666666666666573,2.4285714285714235,1.385714285714288
2020-01-29,9.4,1.5,5.1,3.7,8.2,86,1,29,1,5.5,7.5,6.8,4.2,6.600000000000001,6.485714285714286,6.614285714285714,14.5,0.8,1.8,3.0,5.699999999999991,2.8714285714285666,2.3142857142857163
2020-01-30,10.6,0.9,5.4,0.3,6.8,68,1,30,1,5.1,5.5,7.5,5.7,6.033333333333334,6.614285714285714,6.414285714285714,3.7,14.5,0.8,0.0,6.333333333333324,2.9714285714285666,2.5714285714285734
2020-01-31,10.2,2.1,6.8,0.1,8.1,54,1,31,1,5.4,5.1,5.5,8.2,5.333333333333335,6.571428571428571,6.264285714285714,0.3,3.7,14.5,0.0,6.166666666666657,3.0142857142857093,2.5928571428571447
2020-02-01,10.1,2.9,6.5,0.5,6.9,76,2,32,1,6.8,5.4,5.1,7.5,5.766666666666668,6.371428571428572,6.171428571428571,0.1,0.3,3.7,0.0,1.3666666666666574,3.0285714285714236,2.600000000000002
2020-02-02,12.4,2.4,6.9,0.0,9.2,45,2,33,1,6.5,6.8,5.4,6.8,6.233333333333334,6.228571428571429,6.121428571428572,0.5,0.1,0.3,1.8,0.29999999999999055,3.0999999999999948,2.6142857142857165
2020-02-03,12.3,4.3,9.0,0.0,7.2,37,2,34,1,6.9,6.5,6.8,7.5,6.733333333333334,6.242857142857143,6.128571428571429,0.0,0.5,0.1,0.8,0.19999999999999055,2.8428571428571376,2.6142857142857165
2020-02-04,9.0,2.1,5.9,2.5,10.2,75,2,35,1,9.0,6.9,6.5,5.5,7.466666666666669,6.457142857142857,6.3,0.0,0.0,0.5,14.5,0.1666666666666572,2.7285714285714233,2.5785714285714305
2020-02-05,12.1,0.7,5.9,0.0,9.0,64,2,36,1,5.9,9.0,6.9,5.1,7.266666666666668,6.514285714285714,6.5,2.5,0.0,0.0,3.7,0.8333333333333238,1.0142857142857091,1.9428571428571448
2020-02-06,10.6,2.4,7.0,0.1,8.2,61,2,37,1,5.9,5.9,9.0,5.4,6.9333333333333345,6.628571428571429,6.621428571428572,0.0,2.5,0.0,0.3,0.8333333333333238,0.4857142857142806,1.7285714285714306
2020-02-07,11.4,1.5,7.0,0.0,7.7,61,2,38,1,7.0,5.9,5.9,6.8,6.266666666666668,6.857142857142857,6.714285714285714,0.1,0.0,2.5,0.1,0.8666666666666573,0.4571428571428521,1.7357142857142878
2020-02-08,14.3,3.5,8.6,0.0,8.4,45,2,39,1,7.0,7.0,5.9,6.5,6.6333333333333355,6.885714285714286,6.628571428571428,0.0,0.1,0.0,0.5,0.03333333333332386,0.4428571428571378,1.7357142857142878
2020-02-09,13.9,4.7,11.0,0.0,7.3,44,2,40,1,8.6,7.0,7.0,6.9,7.533333333333334,7.185714285714285,6.707142857142856,0.0,0.0,0.1,0.0,0.03333333333332386,0.3714285714285664,1.7357142857142878
2020-02-10,14.5,3.4,10.2,0.0,7.9,47,2,41,1,11.0,8.6,7.0,9.0,8.866666666666667,7.771428571428571,7.007142857142857,0.0,0.0,0.0,0.0,0.0,0.3714285714285664,1.6071428571428592
2020-02-11,12.5,6.2,9.4,6.5,11.9,66,2,42,1,10.2,11.0,8.6,5.9,9.933333333333335,7.942857142857143,7.2,0.0,0.0,0.0,2.5,0.0,0.3714285714285664,1.550000000000002
2020-02-12,14.7,6.4,10.1,1.7,10.3,75,2,43,1,9.4,10.2,11.0,5.9,10.200000000000001,8.442857142857143,7.478571428571429,6.5,0.0,0.0,0.0,2.166666666666657,0.9428571428571377,0.9785714285714305
2020-02-13,14.9,7.0,10.3,5.3,11.6,86,2,44,1,10.1,9.4,10.2,7.0,9.9,9.042857142857143,7.835714285714286,1.7,6.5,0.0,0.1,2.7333333333333236,1.1857142857142804,0.8357142857142879
2020-02-14,16.3,5.2,10.1,0.0,9.5,63,2,45,1,10.3,10.1,9.4,7.0,9.933333333333335,9.514285714285714,8.185714285714285,5.3,1.7,6.5,0.0,4.49999999999999,1.9285714285714235,1.1928571428571448
2020-02-15,18.4,5.7,13.1,0.0,9.8,34,2,46,1,10.1,10.3,10.1,8.6,10.166666666666668,9.957142857142856,8.421428571428573,0.0,5.3,1.7,0.0,2.3333333333333237,1.9285714285714235,1.1857142857142875
2020-02-16,17.4,5.6,12.5,0.0,8.9,41,2,47,1,13.1,10.1,10.3,11.0,11.16666666666667,10.6,8.892857142857142,0.0,0.0,5.3,0.0,1.766666666666657,1.9285714285714235,1.150000000000002
2020-02-17,18.2,5.9,11.9,0.0,11.8,39,2,48,1,12.5,13.1,10.1,10.2,11.9,10.814285714285715,9.292857142857143,0.0,0.0,0.0,0.0,0.0,1.9285714285714235,1.150000000000002
2020-02-18,18.8,7.0,14.6,0.0,8.7,36,2,49,1,11.9,12.5,13.1,9.4,12.5,11.057142857142859,9.5,0.0,0.0,0.0,6.5,0.0,1.9285714285714235,1.150000000000002
2020-02-19,14.9,6.9,11.3,3.0,17.8,50,2,50,1,14.6,11.9,12.5,10.1,13.0,11.799999999999999,10.121428571428572,0.0,0.0,0.0,1.7,0.0,0.9999999999999949,0.9714285714285735
2020-02-20,13.1,5.9,9.2,2.9,19.1,68,2,51,1,11.3,14.6,11.9,10.3,12.600000000000001,11.971428571428572,10.507142857142856,3.0,0.0,0.0,5.3,0.9999999999999906,1.1857142857142808,1.185714285714288
2020-02-21,15.1,6.1,11.1,0.0,10.2,62,2,52,1,9.2,11.3,14.6,10.1,11.700000000000001,11.814285714285715,10.664285714285715,2.9,3.0,0.0,0.0,1.9666666666666572,0.8428571428571379,1.3857142857142877
2020-02-22,15.9,8.2,12.3,1.2,8.3,68,2,53,1,11.1,9.2,11.3,13.1,10.533333333333333,11.957142857142856,10.957142857142857,0.0,2.9,3.0,0.0,1.9666666666666572,0.8428571428571379,1.3857142857142877
2020-02-23,17.1,7.3,12.1,0.0,9.0,56,2,54,1,12.3,11.1,9.2,12.5,10.866666666666669,11.842857142857143,11.221428571428572,1.2,0.0,2.9,0.0,1.3666666666666571,1.0142857142857091,1.4714285714285733
2020-02-24,16.8,7.5,13.2,0.4,8.8,52,2,55,1,12.1,12.3,11.1,11.9,11.833333333333334,11.785714285714286,11.3,0.0,1.2,0.0,0.0,0.39999999999999053,1.0142857142857091,1.4714285714285733
2020-02-25,17.4,7.0,12.4,0.0,8.6,52,2,56,1,13.2,12.1,12.3,14.6,12.533333333333333,11.971428571428572,11.514285714285714,0.4,0.0,1.2,0.0,0.5333333333333239,1.0714285714285663,1.500000000000002
2020-02-26,19.5,7.2,13.5,0.0,10.3,47,2,57,1,12.4,13.2,12.1,11.3,12.566666666666668,11.657142857142857,11.72857142857143,0.0,0.4,0.0,3.0,0.13333333333332387,1.0714285714285663,1.0357142857142876
2020-02-27,18.5,11.9,15.7,0.0,9.3,52,2,58,1,13.5,12.4,13.2,9.2,13.033333333333333,11.971428571428572,11.971428571428572,0.0,0.0,0.4,2.9,0.13333333333332387,0.6428571428571378,0.9142857142857163
2020-02-28,12.1,8.3,10.3,14.7,14.5,83,2,59,1,15.7,13.5,12.4,11.1,13.866666666666669,12.9,12.357142857142858,0.0,0.0,0.0,0.0,0.0,0.2285714285714235,0.5357142857142877
2020-02-29,14.2,8.4,10.1,12.0,14.7,80,2,60,1,10.3,15.7,13.5,12.3,13.166666666666666,12.785714285714286,12.371428571428572,14.7,0.0,0.0,1.2,4.899999999999991,2.3285714285714234,1.5857142857142876
2020-03-01,16.2,7.4,11.7,2.2,8.4,69,3,61,2,10.1,10.3,15.7,12.1,12.033333333333333,12.471428571428572,12.157142857142857,12.0,14.7,0.0,0.0,8.89999999999999,3.8714285714285666,2.4428571428571453
2020-03-02,17.4,7.2,12.4,0.0,8.7,60,3,62,2,11.7,10.1,10.3,13.2,10.700000000000001,12.414285714285713,12.099999999999998,2.2,12.0,14.7,0.4,9.633333333333324,4.185714285714281,2.600000000000002
2020-03-03,17.9,7.6,13.4,0.0,8.9,58,3,63,2,12.4,11.7,10.1,12.4,11.4,12.299999999999999,12.135714285714286,0.0,2.2,12.0,0.0,4.733333333333324,4.128571428571424,2.600000000000002
2020-03-04,16.4,8.6,12.3,15.0,10.4,68,3,64,2,13.4,12.4,11.7,13.5,12.5,12.442857142857145,12.049999999999999,0.0,0.0,2.2,0.0,0.733333333333324,4.128571428571424,2.600000000000002
2020-03-05,11.7,6.4,8.6,25.2,14.6,83,3,65,2,12.3,13.4,12.4,15.7,12.700000000000003,12.271428571428572,12.121428571428572,15.0,0.0,0.0,0.0,4.99999999999999,6.271428571428566,3.457142857142859
2020-03-06,10.4,6.1,7.9,22.3,14.5,86,3,66,2,8.6,12.3,13.4,10.3,11.433333333333335,11.257142857142856,12.078571428571427,25.2,15.0,0.0,14.7,13.399999999999991,9.871428571428567,5.0500000000000025
2020-03-07,9.7,5.7,7.0,20.1,11.1,88,3,67,2,7.9,8.6,12.3,10.1,9.600000000000001,10.914285714285715,11.85,22.3,25.2,15.0,12.0,20.833333333333325,10.957142857142852,6.642857142857145
2020-03-08,11.7,5.1,7.5,9.6,10.5,83,3,68,2,7.0,7.9,8.6,11.7,7.833333333333333,10.471428571428572,11.471428571428573,20.1,22.3,25.2,2.2,22.53333333333332,12.11428571428571,7.9928571428571455
2020-03-09,15.2,5.3,10.0,0.0,6.4,54,3,69,2,7.5,7.0,7.9,12.4,7.466666666666669,9.87142857142857,11.142857142857142,9.6,20.1,22.3,0.0,17.333333333333325,13.171428571428565,8.67857142857143
2020-03-10,16.8,7.9,13.0,0.2,6.2,52,3,70,2,10.0,7.5,7.0,13.4,8.166666666666668,9.528571428571428,10.914285714285715,0.0,9.6,20.1,0.0,9.899999999999991,13.171428571428565,8.650000000000002
2020-03-11,15.3,9.0,12.7,0.7,7.1,64,3,71,2,13.0,10.0,7.5,12.3,10.166666666666668,9.471428571428572,10.957142857142857,0.2,0.0,9.6,15.0,3.266666666666657,13.199999999999994,8.664285714285716
2020-03-12,13.1,6.1,9.1,7.7,13.0,79,3,72,2,12.7,13.0,10.0,8.6,11.9,9.528571428571428,10.9,0.7,0.2,0.0,25.2,0.2999999999999905,11.157142857142853,8.714285714285717
2020-03-13,13.3,6.3,9.4,1.1,7.9,75,3,73,2,9.1,12.7,13.0,7.9,11.600000000000001,9.6,10.428571428571429,7.7,0.7,0.2,22.3,2.866666666666657,8.657142857142853,9.264285714285718
2020-03-14,13.4,6.3,9.8,0.7,10.7,73,3,74,2,9.4,9.1,12.7,7.0,10.4,9.814285714285715,10.364285714285714,1.1,7.7,0.7,20.1,3.1666666666666576,5.628571428571424,8.292857142857146
2020-03-15,15.4,6.0,10.9,0.5,9.5,75,3,75,2,9.8,9.4,9.1,7.5,9.433333333333335,10.214285714285714,10.342857142857143,0.7,1.1,7.7,9.6,3.166666666666657,2.857142857142852,7.4857142857142875
2020-03-16,17.3,7.0,12.4,0.0,8.8,63,3,76,2,10.9,9.8,9.4,10.0,10.033333333333333,10.700000000000001,10.285714285714286,0.5,0.7,1.1,0.0,0.7666666666666574,1.557142857142852,7.364285714285716
2020-03-17,18.4,10.2,14.3,0.2,10.7,65,3,77,2,12.4,10.9,9.8,13.0,11.033333333333337,11.042857142857143,10.285714285714286,0.0,0.5,0.7,0.2,0.3999999999999908,1.557142857142852,7.364285714285716
2020-03-18,19.0,8.8,13.8,0.0,9.7,65,3,78,2,14.3,12.4,10.9,12.7,12.533333333333337,11.228571428571428,10.35,0.2,0.0,0.5,0.7,0.23333333333332415,1.557142857142852,7.378571428571431
2020-03-19,19.2,10.2,14.3,0.7,12.6,62,3,79,2,13.8,14.3,12.4,9.1,13.500000000000002,11.385714285714286,10.457142857142856,0.0,0.2,0.0,7.7,0.06666666666665749,1.457142857142852,6.307142857142859
2020-03-20,19.2,9.9,14.3,2.5,10.5,70,3,80,2,14.3,13.8,14.3,9.4,14.133333333333335,12.12857142857143,10.864285714285714,0.7,0.0,0.2,1.1,0.2999999999999908,0.4571428571428521,4.557142857142859
2020-03-21,13.2,8.2,11.2,17.1,12.0,84,3,81,2,14.3,14.3,13.8,9.8,14.133333333333335,12.828571428571427,11.321428571428571,2.5,0.7,0.0,0.7,1.0666666666666575,0.657142857142852,3.142857142857145
2020-03-22,19.3,7.6,13.3,1.0,7.1,69,3,82,2,11.2,14.3,14.3,10.9,13.266666666666667,13.028571428571428,11.62142857142857,17.1,2.5,0.7,0.5,6.766666666666659,2.999999999999995,2.9285714285714306
2020-03-23,20.4,9.6,15.0,0.3,12.1,64,3,83,2,13.3,11.2,14.3,12.4,12.933333333333335,13.371428571428572,12.035714285714286,1.0,17.1,2.5,0.0,6.866666666666659,3.0714285714285663,2.3142857142857163
2020-03-24,16.7,9.9,12.4,31.6,18.9,82,3,84,2,15.0,13.3,11.2,14.3,13.166666666666666,13.742857142857144,12.392857142857142,0.3,1.0,17.1,0.2,6.133333333333326,3.1142857142857094,2.3357142857142876
2020-03-25,18.6,8.8,12.9,5.1,9.8,73,3,85,2,12.4,15.0,13.3,13.8,13.566666666666668,13.471428571428573,12.349999999999998,31.6,0.3,1.0,0.0,10.96666666666666,7.599999999999995,4.578571428571431
2020-03-26,19.4,9.9,14.0,0.7,13.5,65,3,86,2,12.9,12.4,15.0,14.3,13.433333333333335,13.342857142857142,12.364285714285714,5.1,31.6,0.3,0.7,12.333333333333327,8.328571428571424,4.892857142857145
2020-03-27,16.1,8.8,11.2,37.5,19.0,75,3,87,2,14.0,12.9,12.4,14.3,13.100000000000001,13.299999999999999,12.714285714285714,0.7,5.1,31.6,2.5,12.46666666666666,8.328571428571424,4.392857142857145
2020-03-28,13.3,8.3,10.3,15.8,9.1,85,3,88,2,11.2,14.0,12.9,11.2,12.700000000000003,12.857142857142858,12.842857142857143,37.5,0.7,5.1,17.1,14.433333333333323,13.328571428571422,6.9928571428571455
2020-03-29,17.2,7.3,12.1,2.9,8.1,73,3,89,2,10.3,11.2,14.0,13.3,11.833333333333334,12.728571428571428,12.878571428571428,15.8,37.5,0.7,1.0,17.99999999999999,13.142857142857139,8.071428571428573
2020-03-30,17.7,9.5,13.5,0.1,11.2,58,3,90,2,12.1,10.3,11.2,15.0,11.200000000000001,12.557142857142859,12.964285714285714,2.9,15.8,37.5,0.3,18.733333333333324,13.41428571428571,8.242857142857146
2020-03-31,16.8,10.3,12.3,32.7,16.8,72,3,91,2,13.5,12.1,10.3,12.4,11.966666666666669,12.342857142857143,13.042857142857144,0.1,2.9,15.8,31.6,6.266666666666658,13.385714285714283,8.250000000000002
2020-04-01,16.1,8.2,11.7,11.8,10.8,83,4,92,2,12.3,13.5,12.1,12.9,12.633333333333335,12.328571428571427,12.9,32.7,0.1,2.9,5.1,11.899999999999991,13.542857142857136,10.571428571428573
2020-04-02,17.2,7.3,11.6,2.8,10.0,74,4,93,2,11.7,12.3,13.5,14.0,12.5,12.157142857142858,12.75,11.8,32.7,0.1,0.7,14.86666666666666,14.499999999999996,11.414285714285716
2020-04-03,19.0,8.1,13.7,0.0,9.0,58,4,94,2,11.6,11.7,12.3,11.2,11.866666666666667,11.814285714285715,12.557142857142859,2.8,11.8,32.7,37.5,15.766666666666659,14.799999999999995,11.564285714285717
2020-04-04,21.2,9.8,16.0,0.0,9.7,50,4,95,2,13.7,11.6,11.7,10.3,12.333333333333334,12.171428571428573,12.514285714285714,0.0,2.8,11.8,15.8,4.866666666666657,9.442857142857138,11.385714285714288
2020-04-05,19.9,11.7,16.0,2.0,13.0,67,4,96,2,16.0,13.7,11.6,12.1,13.766666666666666,12.985714285714286,12.857142857142858,0.0,0.0,2.8,2.9,0.9333333333333238,7.1857142857142815,10.164285714285715
2020-04-06,19.7,10.3,14.4,4.6,12.1,67,4,97,2,16.0,16.0,13.7,13.5,15.233333333333334,13.542857142857143,13.049999999999999,2.0,0.0,0.0,0.1,0.6666666666666572,7.057142857142852,10.235714285714286
2020-04-07,16.5,8.8,12.5,7.3,18.1,70,4,98,2,14.4,16.0,16.0,12.3,15.466666666666667,13.671428571428569,13.007142857142856,4.6,2.0,0.0,32.7,2.1999999999999904,7.699999999999996,10.542857142857144
2020-04-08,20.6,8.7,14.6,0.1,10.5,60,4,99,2,12.5,14.4,16.0,11.7,14.300000000000002,13.700000000000001,13.014285714285714,7.3,4.6,2.0,11.8,4.633333333333323,4.071428571428567,8.807142857142859
2020-04-09,20.3,11.3,15.8,1.5,11.0,62,4,100,2,14.6,12.5,14.4,11.6,13.833333333333334,14.114285714285714,13.135714285714286,0.1,7.3,4.6,2.8,3.9999999999999907,2.399999999999995,8.450000000000001
2020-04-10,21.3,10.8,16.0,0.9,12.8,68,4,101,2,15.8,14.6,12.5,13.7,14.300000000000002,14.714285714285714,13.264285714285716,1.5,0.1,7.3,0.0,2.9666666666666575,2.214285714285709,8.507142857142858
2020-04-11,24.0,13.3,18.4,0.0,12.9,54,4,102,2,16.0,15.8,14.6,16.0,15.466666666666669,15.042857142857143,13.607142857142858,0.9,1.5,0.1,0.0,0.8333333333333238,2.342857142857138,5.892857142857145
2020-04-12,24.7,14.6,20.0,0.0,8.7,52,4,103,2,18.4,16.0,15.8,16.0,16.733333333333334,15.385714285714284,14.185714285714285,0.0,0.9,1.5,2.0,0.7999999999999905,2.342857142857138,4.764285714285717
2020-04-13,25.3,16.8,21.6,0.0,8.5,50,4,104,2,20.0,18.4,16.0,14.4,18.133333333333336,15.957142857142856,14.75,0.0,0.0,0.9,4.6,0.29999999999999055,2.057142857142852,4.557142857142859
2020-04-14,23.9,15.0,18.5,18.1,22.2,63,4,105,2,21.6,20.0,18.4,12.5,20.000000000000004,16.985714285714284,15.328571428571431,0.0,0.0,0.0,7.3,0.0,1.399999999999995,4.5500000000000025
2020-04-15,20.8,13.2,15.8,37.8,18.9,74,4,106,2,18.5,21.6,20.0,14.6,20.033333333333335,17.842857142857145,15.771428571428572,18.1,0.0,0.0,0.1,6.033333333333324,2.942857142857138,3.5071428571428593
2020-04-16,23.7,13.0,17.7,1.9,12.1,57,4,107,2,15.8,18.5,21.6,15.8,18.633333333333336,18.014285714285712,16.064285714285713,37.8,18.1,0.0,1.5,18.633333333333322,8.328571428571424,5.364285714285716
2020-04-17,17.3,11.5,14.2,16.0,14.8,72,4,108,2,17.7,15.8,18.5,16.0,17.333333333333332,18.285714285714285,16.5,1.9,37.8,18.1,0.9,19.266666666666655,8.38571428571428,5.3000000000000025
2020-04-18,16.0,10.9,13.1,20.6,10.6,83,4,109,2,14.2,17.7,15.8,18.4,15.9,18.02857142857143,16.535714285714285,16.0,1.9,37.8,0.0,18.566666666666656,10.542857142857136,6.442857142857145
2020-04-19,19.4,10.5,14.5,8.3,11.2,71,4,110,2,13.1,14.2,17.7,20.0,15.0,17.271428571428572,16.32857142857143,20.6,16.0,1.9,0.0,12.833333333333323,13.48571428571428,7.914285714285716
2020-04-20,21.1,11.4,15.9,5.6,10.5,60,4,111,2,14.5,13.1,14.2,21.6,13.933333333333335,16.485714285714288,16.22142857142857,8.3,20.6,16.0,0.0,14.96666666666666,14.671428571428565,8.364285714285716
2020-04-21,19.0,12.5,15.7,3.5,9.2,70,4,112,2,15.9,14.5,13.1,18.5,14.5,15.671428571428573,16.32857142857143,5.6,8.3,20.6,18.1,11.499999999999991,15.471428571428566,8.435714285714289
2020-04-22,21.4,11.9,17.2,0.3,10.6,64,4,113,2,15.7,15.9,14.5,15.8,15.366666666666667,15.271428571428572,16.557142857142857,3.5,5.6,8.3,37.8,5.79999999999999,13.38571428571428,8.164285714285716
2020-04-23,23.4,13.3,18.5,0.0,9.0,59,4,114,2,17.2,15.7,15.9,17.7,16.266666666666666,15.471428571428572,16.742857142857144,0.3,3.5,5.6,1.9,3.133333333333324,8.028571428571423,8.17857142857143
2020-04-24,24.6,14.7,19.9,0.0,10.8,57,4,115,2,18.5,17.2,15.7,14.2,17.133333333333336,15.585714285714285,16.935714285714287,0.0,0.3,3.5,16.0,1.266666666666657,7.757142857142853,8.071428571428573
2020-04-25,23.2,15.5,19.7,1.8,11.7,64,4,116,2,19.9,18.5,17.2,13.1,18.53333333333333,16.4,17.214285714285715,0.0,0.0,0.3,20.6,0.09999999999999053,5.471428571428567,8.007142857142858
2020-04-26,22.6,14.6,18.6,0.5,9.5,72,4,117,2,19.7,19.9,18.5,14.5,19.366666666666667,17.342857142857145,17.307142857142857,1.8,0.0,0.0,8.3,0.5999999999999905,2.7857142857142807,8.135714285714288
2020-04-27,19.6,14.1,17.1,3.8,8.7,80,4,118,2,18.6,19.7,19.9,15.9,19.400000000000002,17.928571428571427,17.20714285714286,0.5,1.8,0.0,5.6,0.7666666666666572,1.6714285714285662,8.171428571428573
2020-04-28,20.5,13.4,16.9,1.6,10.5,82,4,119,2,17.1,18.6,19.7,15.7,18.46666666666667,18.099999999999998,16.885714285714283,3.8,0.5,1.8,3.5,2.033333333333324,1.4142857142857093,8.442857142857145
2020-04-29,24.6,13.8,19.2,0.7,10.5,73,4,120,2,16.9,17.1,18.6,17.2,17.533333333333335,18.271428571428572,16.77142857142857,1.6,3.8,0.5,0.3,1.9666666666666572,1.1428571428571377,7.264285714285717
2020-04-30,25.6,15.5,20.4,0.0,10.3,65,4,121,2,19.2,16.9,17.1,18.5,17.733333333333334,18.557142857142857,17.014285714285712,0.7,1.6,3.8,0.0,2.033333333333324,1.199999999999995,4.614285714285716
2020-05-01,27.5,16.4,22.3,0.2,12.6,55,5,122,2,20.4,19.2,16.9,19.9,18.833333333333332,18.82857142857143,17.207142857142856,0.0,0.7,1.6,0.0,0.7666666666666572,1.199999999999995,4.47857142857143
2020-05-02,24.7,15.7,19.7,5.1,13.7,69,5,123,2,22.3,20.4,19.2,19.7,20.633333333333333,19.17142857142857,17.785714285714285,0.2,0.0,0.7,1.8,0.2999999999999905,1.2285714285714235,3.350000000000002
2020-05-03,21.2,14.1,17.3,9.0,10.1,80,5,124,2,19.7,22.3,20.4,18.6,20.8,19.171428571428574,18.257142857142856,5.1,0.2,0.0,0.5,1.766666666666657,1.6999999999999946,2.2428571428571447
2020-05-04,22.9,13.7,18.3,0.5,7.6,68,5,125,2,17.3,19.7,22.3,17.1,19.76666666666667,18.985714285714288,18.457142857142856,9.0,5.1,0.2,3.8,4.766666666666658,2.914285714285709,2.292857142857145
2020-05-05,22.2,14.1,18.3,2.0,7.9,67,5,126,2,18.3,17.3,19.7,16.9,18.433333333333334,19.157142857142855,18.62857142857143,0.5,9.0,5.1,1.6,4.866666666666657,2.4428571428571373,1.9285714285714306
2020-05-06,21.9,12.3,17.2,2.6,12.8,62,5,127,2,18.3,18.3,17.3,19.2,17.96666666666667,19.357142857142858,18.814285714285717,2.0,0.5,9.0,0.7,3.8333333333333237,2.499999999999995,1.8214285714285734
2020-05-07,23.6,13.9,19.2,0.0,9.7,53,5,128,2,17.2,18.3,18.3,20.4,17.933333333333337,19.071428571428573,18.814285714285713,2.6,2.0,0.5,0.0,1.6999999999999904,2.7714285714285665,1.9857142857142878
2020-05-08,26.5,16.4,21.6,0.0,10.6,54,5,129,2,19.2,17.2,18.3,22.3,18.233333333333334,18.900000000000002,18.86428571428571,0.0,2.6,2.0,0.2,1.5333333333333237,2.7714285714285665,1.9857142857142878
2020-05-09,26.8,17.5,21.6,0.8,9.5,57,5,130,2,21.6,19.2,17.2,19.7,19.333333333333336,18.8,18.985714285714288,0.0,0.0,2.6,5.1,0.8666666666666573,2.7428571428571376,1.9857142857142878
2020-05-10,25.4,15.8,21.0,0.9,17.6,59,5,131,2,21.6,21.6,19.2,17.3,20.8,19.071428571428573,19.12142857142857,0.8,0.0,0.0,9.0,0.2666666666666572,2.1285714285714237,1.9142857142857164
2020-05-11,24.7,15.6,20.5,4.0,10.6,64,5,132,2,21.0,21.6,21.6,18.3,21.400000000000002,19.599999999999998,19.292857142857144,0.9,0.8,0.0,0.5,0.5666666666666572,0.9714285714285663,1.9428571428571448
2020-05-12,25.7,14.8,20.6,0.5,9.2,61,5,133,2,20.5,21.0,21.6,18.3,21.033333333333335,19.914285714285715,19.535714285714285,4.0,0.9,0.8,2.0,1.8999999999999906,1.4714285714285664,1.957142857142859
2020-05-13,24.4,16.4,20.2,2.8,10.5,71,5,134,2,20.6,20.5,21.0,17.2,20.7,20.24285714285714,19.8,0.5,4.0,0.9,2.6,1.7999999999999907,1.2571428571428522,1.8785714285714303
2020-05-14,22.7,14.7,18.0,17.3,12.5,79,5,135,2,20.2,20.6,20.5,19.2,20.433333333333337,20.67142857142857,19.87142857142857,2.8,0.5,4.0,0.0,2.433333333333324,1.2857142857142807,2.0285714285714307
2020-05-15,23.5,13.1,18.8,8.4,10.6,75,5,136,2,18.0,20.2,20.6,21.6,19.600000000000005,20.5,19.7,17.3,2.8,0.5,0.0,6.866666666666657,3.7571428571428522,3.2642857142857165
2020-05-16,25.9,17.3,21.0,1.6,12.2,56,5,137,2,18.8,18.0,20.2,21.6,19.0,20.099999999999998,19.45,8.4,17.3,2.8,0.8,9.499999999999991,4.957142857142853,3.8500000000000023
2020-05-17,26.3,15.8,20.7,0.0,9.3,46,5,138,2,21.0,18.8,18.0,21.0,19.26666666666667,20.014285714285716,19.542857142857144,1.6,8.4,17.3,0.9,9.09999999999999,5.071428571428568,3.6000000000000023
2020-05-18,24.5,15.1,19.8,0.5,10.8,48,5,139,2,20.7,21.0,18.8,20.5,20.166666666666668,19.97142857142857,19.785714285714285,0.0,1.6,8.4,4.0,3.3333333333333237,4.942857142857138,2.9571428571428595
2020-05-19,23.2,14.7,19.0,0.2,9.5,52,5,140,2,19.8,20.7,21.0,20.6,20.500000000000004,19.871428571428574,19.892857142857142,0.5,0.0,1.6,0.5,0.6999999999999905,4.442857142857138,2.9571428571428595
2020-05-20,26.8,15.3,21.8,0.0,11.3,46,5,141,2,19.0,19.8,20.7,20.2,19.833333333333332,19.642857142857142,19.942857142857143,0.2,0.5,0.0,2.8,0.23333333333332384,4.399999999999995,2.8285714285714305
2020-05-21,29.3,18.2,23.6,0.0,11.8,42,5,142,2,21.8,19.0,19.8,18.0,20.200000000000003,19.87142857142857,20.271428571428572,0.0,0.2,0.5,17.3,0.23333333333332384,3.999999999999995,2.642857142857145
2020-05-22,30.7,19.1,25.1,0.0,11.2,41,5,143,2,23.6,21.8,19.0,18.8,21.46666666666667,20.67142857142857,20.585714285714285,0.0,0.0,0.2,8.4,0.0666666666666572,1.5285714285714236,2.642857142857145
2020-05-23,28.4,20.7,24.2,0.7,17.4,43,5,144,2,25.1,23.6,21.8,21.0,23.500000000000004,21.571428571428573,20.835714285714285,0.0,0.0,0.0,1.6,0.0,0.3285714285714235,2.642857142857145
2020-05-24,29.8,18.9,24.4,0.0,12.0,45,5,145,2,24.2,25.1,23.6,20.7,24.3,22.02857142857143,21.021428571428572,0.7,0.0,0.0,0.0,0.23333333333332384,0.1999999999999949,2.6357142857142883
2020-05-25,31.0,20.0,25.9,0.0,9.8,39,5,146,2,24.4,24.2,25.1,19.8,24.566666666666666,22.557142857142857,21.264285714285712,0.0,0.7,0.0,0.5,0.23333333333332384,0.1999999999999949,2.5714285714285734
2020-05-26,32.6,20.4,26.9,0.0,8.1,37,5,147,2,25.9,24.4,24.2,19.0,24.833333333333332,23.428571428571427,21.650000000000002,0.0,0.0,0.7,0.2,0.23333333333332384,0.12857142857142348,2.285714285714288
2020-05-27,32.4,20.1,27.0,0.0,10.5,34,5,148,2,26.9,25.9,24.4,21.8,25.73333333333333,24.557142857142857,22.099999999999998,0.0,0.0,0.0,0.0,0.0,0.09999999999999491,2.250000000000002
2020-05-28,29.8,20.8,25.9,1.2,14.8,40,5,149,2,27.0,26.9,25.9,23.6,26.600000000000005,25.3,22.585714285714285,0.0,0.0,0.0,0.0,0.0,0.09999999999999491,2.050000000000002
2020-05-29,25.5,17.9,21.5,5.9,11.3,62,5,150,2,25.9,27.0,26.9,25.1,26.599999999999998,25.628571428571426,23.150000000000002,1.2,0.0,0.0,0.0,0.39999999999999053,0.27142857142856636,0.900000000000002
2020-05-30,24.2,16.3,19.4,16.0,12.5,76,5,151,2,21.5,25.9,27.0,24.2,24.8,25.114285714285717,23.342857142857145,5.9,1.2,0.0,0.7,2.3666666666666574,1.1142857142857092,0.7214285714285735
2020-05-31,23.3,15.4,18.9,7.6,8.5,74,5,152,2,19.4,21.5,25.9,24.4,22.26666666666667,24.428571428571427,23.228571428571428,16.0,5.9,1.2,0.0,7.699999999999991,3.299999999999995,1.750000000000002
2020-06-01,22.6,15.7,19.0,2.6,7.3,78,6,153,3,18.9,19.4,21.5,25.9,19.933333333333334,23.642857142857142,23.099999999999998,7.6,16.0,5.9,0.0,9.833333333333323,4.385714285714281,2.292857142857145
2020-06-02,22.7,15.3,18.6,12.3,15.2,79,6,154,3,19.0,18.9,19.4,26.9,19.099999999999998,22.657142857142855,23.04285714285714,2.6,7.6,16.0,0.0,8.733333333333324,4.757142857142853,2.4428571428571453
2020-06-03,24.3,15.4,19.8,6.6,6.6,70,6,155,3,18.6,19.0,18.9,27.0,18.833333333333336,21.471428571428568,23.014285714285712,12.3,2.6,7.6,0.0,7.49999999999999,6.51428571428571,3.307142857142859
2020-06-04,25.7,16.6,21.2,4.3,9.4,61,6,156,3,19.8,18.6,19.0,25.9,19.133333333333336,20.442857142857143,22.87142857142857,6.6,12.3,2.6,1.2,7.166666666666657,7.457142857142853,3.7785714285714307
2020-06-05,24.7,17.4,21.2,0.7,8.4,67,6,157,3,21.2,19.8,18.6,21.5,19.86666666666667,19.771428571428572,22.7,4.3,6.6,12.3,5.9,7.733333333333324,7.899999999999994,4.085714285714287
2020-06-06,23.8,17.6,20.7,2.2,12.7,79,6,158,3,21.2,21.2,19.8,19.4,20.733333333333334,19.728571428571428,22.42142857142857,0.7,4.3,6.6,16.0,3.866666666666657,7.157142857142852,4.135714285714288
2020-06-07,25.2,17.8,21.3,1.1,11.8,81,6,159,3,20.7,21.2,21.2,18.9,21.033333333333335,19.91428571428571,22.17142857142857,2.2,0.7,4.3,7.6,2.3999999999999906,5.185714285714281,4.2428571428571455
2020-06-08,25.7,18.7,22.4,0.6,8.9,79,6,160,3,21.3,20.7,21.2,19.0,21.066666666666666,20.25714285714286,21.95,1.1,2.2,0.7,2.6,1.333333333333324,4.257142857142852,4.321428571428574
2020-06-09,28.1,19.6,23.3,1.6,9.7,71,6,161,3,22.4,21.3,20.7,18.6,21.46666666666667,20.74285714285714,21.699999999999996,0.6,1.1,2.2,12.3,1.2999999999999907,3.9714285714285666,4.3642857142857165
2020-06-10,27.9,19.5,23.9,0.2,13.8,66,6,162,3,23.3,22.4,21.3,19.8,22.333333333333332,21.414285714285715,21.442857142857143,1.6,0.6,1.1,6.6,1.0999999999999908,2.442857142857138,4.47857142857143
2020-06-11,27.4,19.7,23.8,0.7,12.0,61,6,163,3,23.9,23.3,22.4,21.2,23.2,22.0,21.22142857142857,0.2,1.6,0.6,4.3,0.7999999999999908,1.5285714285714238,4.4928571428571455
2020-06-12,28.2,19.9,24.0,0.1,14.0,56,6,164,3,23.8,23.9,23.3,21.2,23.666666666666668,22.37142857142857,21.071428571428573,0.7,0.2,1.6,0.7,0.833333333333324,1.0142857142857096,4.457142857142859
2020-06-13,28.3,18.4,23.1,2.4,16.6,59,6,165,3,24.0,23.8,23.9,20.7,23.900000000000002,22.77142857142857,21.25,0.1,0.7,0.2,2.2,0.333333333333324,0.9285714285714237,4.042857142857145
2020-06-14,29.9,19.2,24.7,0.0,11.3,49,6,166,3,23.1,24.0,23.8,21.3,23.633333333333336,23.114285714285717,21.514285714285712,2.4,0.1,0.7,1.1,1.0666666666666573,0.9571428571428523,3.0714285714285734
2020-06-15,31.0,19.9,26.2,0.0,9.0,39,6,167,3,24.7,23.1,24.0,22.4,23.933333333333337,23.599999999999998,21.928571428571427,0.0,2.4,0.1,0.6,0.8333333333333238,0.7999999999999952,2.5285714285714307
2020-06-16,31.5,20.6,26.7,0.0,12.1,36,6,168,3,26.2,24.7,23.1,23.3,24.666666666666668,24.142857142857142,22.442857142857147,0.0,0.0,2.4,1.6,0.7999999999999906,0.7142857142857094,2.3428571428571447
2020-06-17,31.7,22.9,28.2,0.0,10.0,32,6,169,3,26.7,26.2,24.7,23.9,25.866666666666664,24.62857142857143,23.021428571428572,0.0,0.0,0.0,0.2,0.0,0.4857142857142809,1.4642857142857164
2020-06-18,31.7,22.6,28.6,0.0,13.4,37,6,170,3,28.2,26.7,26.2,23.8,27.03333333333333,25.24285714285714,23.62142857142857,0.0,0.0,0.0,0.7,0.0,0.4571428571428523,0.992857142857145
2020-06-19,32.0,21.6,26.7,0.0,12.7,43,6,171,3,28.6,28.2,26.7,24.0,27.833333333333332,25.928571428571427,24.150000000000002,0.0,0.0,0.0,0.1,0.0,0.3571428571428523,0.6857142857142878
2020-06-20,30.3,21.7,26.1,0.0,14.3,47,6,172,3,26.7,28.6,28.2,23.1,27.833333333333332,26.314285714285717,24.542857142857144,0.0,0.0,0.0,2.4,0.0,0.34285714285713803,0.6357142857142879
2020-06-21,31.9,21.4,27.0,0.0,10.6,46,6,173,3,26.1,26.7,28.6,24.7,27.133333333333336,26.74285714285714,24.928571428571427,0.0,0.0,0.0,0.0,0.0,0.0,0.47857142857143076
2020-06-22,31.3,23.4,27.9,0.0,10.2,52,6,174,3,27.0,26.1,26.7,26.2,26.600000000000005,27.071428571428573,25.335714285714285,0.0,0.0,0.0,0.0,0.0,0.0,0.40000000000000213
2020-06-23,30.2,22.4,26.2,0.2,12.0,67,6,175,3,27.9,27.0,26.1,26.7,27.0,27.314285714285717,25.728571428571428,0.0,0.0,0.0,0.0,0.0,0.0,0.3571428571428593
2020-06-24,25.9,20.5,23.0,8.4,14.0,84,6,176,3,26.2,27.9,27.0,28.2,27.033333333333335,27.24285714285714,25.935714285714287,0.2,0.0,0.0,0.0,0.06666666666665734,0.02857142857142375,0.2571428571428593
2020-06-25,27.6,19.1,23.6,2.5,11.9,78,6,177,3,23.0,26.2,27.9,28.6,25.700000000000003,26.5,25.87142857142857,8.4,0.2,0.0,0.0,2.866666666666658,1.2285714285714238,0.8428571428571451
2020-06-26,28.0,20.5,24.5,0.0,11.4,75,6,178,3,23.6,23.0,26.2,26.7,24.266666666666666,25.785714285714285,25.857142857142858,2.5,8.4,0.2,0.0,3.699999999999991,1.5857142857142807,0.9714285714285736
2020-06-27,29.9,20.9,25.3,0.3,9.1,67,6,179,3,24.5,23.6,23.0,26.1,23.700000000000003,25.471428571428568,25.892857142857142,0.0,2.5,8.4,0.0,3.6333333333333244,1.5857142857142807,0.9642857142857165
2020-06-28,29.1,21.2,25.3,3.0,13.6,65,6,180,3,25.3,24.5,23.6,27.0,24.46666666666667,25.357142857142858,26.05,0.3,0.0,2.5,0.0,0.9333333333333244,1.628571428571424,0.8142857142857166
2020-06-29,30.7,20.7,25.1,1.9,8.6,63,6,181,3,25.3,25.3,24.5,27.9,25.033333333333335,25.114285714285717,26.092857142857145,3.0,0.3,0.0,0.0,1.099999999999991,2.0571428571428525,1.0285714285714307
2020-06-30,30.5,21.3,26.4,0.0,13.5,54,6,182,3,25.1,25.3,25.3,26.2,25.233333333333334,24.714285714285715,26.014285714285716,1.9,3.0,0.3,0.2,1.7333333333333243,2.3285714285714234,1.1642857142857166
2020-07-01,31.3,21.9,27.1,0.0,13.2,52,7,183,3,26.4,25.1,25.3,23.0,25.600000000000005,24.742857142857144,25.99285714285714,0.0,1.9,3.0,8.4,1.6333333333333246,2.299999999999995,1.1642857142857166
2020-07-02,32.2,22.4,28.0,0.0,12.8,49,7,184,3,27.1,26.4,25.1,23.6,26.200000000000003,25.32857142857143,25.914285714285715,0.0,0.0,1.9,2.5,0.6333333333333244,1.099999999999995,1.1642857142857166
2020-07-03,33.7,23.8,28.9,0.0,12.7,48,7,185,3,28.0,27.1,26.4,24.5,27.166666666666668,25.95714285714286,25.871428571428574,0.0,0.0,0.0,0.0,0.0,0.7428571428571379,1.1642857142857166
2020-07-04,31.9,23.1,27.7,2.2,14.1,55,7,186,3,28.9,28.0,27.1,25.3,28.0,26.58571428571429,26.02857142857143,0.0,0.0,0.0,0.3,0.0,0.7428571428571379,1.1642857142857166
2020-07-05,27.1,19.0,23.6,4.7,11.5,67,7,187,3,27.7,28.9,28.0,25.3,28.2,26.928571428571427,26.142857142857142,2.2,0.0,0.0,3.0,0.7333333333333245,1.0142857142857093,1.3214285714285736
2020-07-06,29.3,20.5,25.0,0.4,10.5,63,7,188,3,23.6,27.7,28.9,25.1,26.733333333333334,26.685714285714283,25.900000000000002,4.7,2.2,0.0,1.9,2.2999999999999914,1.2571428571428525,1.6571428571428595
2020-07-07,30.6,21.4,26.3,0.0,11.9,58,7,189,3,25.0,23.6,27.7,26.4,25.433333333333337,26.67142857142857,25.692857142857143,0.4,4.7,2.2,0.0,2.4333333333333247,1.042857142857138,1.685714285714288
2020-07-08,30.2,20.8,26.4,0.1,12.1,63,7,190,3,26.3,25.0,23.6,27.1,24.96666666666667,26.657142857142855,25.7,0.0,0.4,4.7,0.0,1.6999999999999913,1.042857142857138,1.6714285714285737
2020-07-09,29.9,22.8,26.2,0.6,13.1,68,7,191,3,26.4,26.3,25.0,28.0,25.900000000000002,26.557142857142857,25.942857142857143,0.1,0.0,0.4,0.0,0.16666666666665778,1.0571428571428523,1.0785714285714307
2020-07-10,32.2,21.2,26.9,0.0,14.7,59,7,192,3,26.2,26.4,26.3,28.9,26.3,26.3,26.12857142857143,0.6,0.1,0.0,0.0,0.23333333333332443,1.1428571428571381,0.942857142857145
2020-07-11,32.4,22.2,26.9,0.4,14.7,57,7,193,3,26.9,26.2,26.4,27.7,26.5,26.014285714285712,26.3,0.0,0.6,0.1,2.2,0.23333333333332443,1.1428571428571381,0.942857142857145
2020-07-12,30.5,19.7,25.1,1.4,12.7,63,7,194,3,26.9,26.9,26.2,23.6,26.666666666666668,25.900000000000002,26.414285714285715,0.4,0.0,0.6,4.7,0.33333333333332443,0.885714285714281,0.9500000000000021
2020-07-13,30.1,20.6,25.4,1.8,12.5,62,7,195,3,25.1,26.9,26.9,25.0,26.3,26.114285714285717,26.400000000000002,1.4,0.4,0.0,0.4,0.5999999999999911,0.4142857142857094,0.8357142857142879
2020-07-14,31.3,21.9,27.1,0.0,12.2,50,7,196,3,25.4,25.1,26.9,26.3,25.8,26.17142857142857,26.42142857142857,1.8,1.4,0.4,0.0,1.199999999999991,0.6142857142857094,0.8285714285714307
2020-07-15,31.5,22.8,27.0,0.1,14.3,57,7,197,3,27.1,25.4,25.1,26.4,25.866666666666664,26.285714285714285,26.47142857142857,0.0,1.8,1.4,0.1,1.0666666666666578,0.6142857142857094,0.8285714285714307
2020-07-16,27.6,21.3,24.9,1.7,9.3,74,7,198,3,27.0,27.1,25.4,26.2,26.5,26.37142857142857,26.464285714285715,0.1,0.0,1.8,0.6,0.6333333333333245,0.6142857142857094,0.835714285714288
2020-07-17,28.3,21.2,24.9,4.7,9.4,76,7,199,3,24.9,27.0,27.1,26.9,26.333333333333332,26.185714285714287,26.24285714285714,1.7,0.1,0.0,0.0,0.5999999999999911,0.7714285714285667,0.9571428571428593
2020-07-18,30.5,21.3,26.3,0.0,10.4,66,7,200,3,24.9,24.9,27.0,26.9,25.600000000000005,25.9,25.957142857142856,4.7,1.7,0.1,0.4,2.1666666666666576,1.442857142857138,1.292857142857145
2020-07-19,30.4,22.7,26.9,0.3,12.1,63,7,201,3,26.3,24.9,24.9,25.1,25.36666666666667,25.814285714285713,25.857142857142858,0.0,4.7,1.7,1.4,2.1333333333333244,1.3857142857142808,1.135714285714288
2020-07-20,29.1,20.9,24.8,6.2,14.2,74,7,202,3,26.9,26.3,24.9,25.4,26.03333333333333,26.071428571428573,26.092857142857145,0.3,0.0,4.7,1.8,1.6666666666666579,1.2285714285714238,0.8214285714285736
2020-07-21,24.2,17.9,20.7,23.8,14.1,85,7,203,3,24.8,26.9,26.3,27.1,26.0,25.985714285714288,26.078571428571426,6.2,0.3,0.0,0.0,2.1666666666666576,1.8571428571428523,1.2357142857142878
2020-07-22,25.9,17.9,22.3,0.3,8.8,76,7,204,3,20.7,24.8,26.9,27.0,24.133333333333336,25.071428571428573,25.678571428571427,23.8,6.2,0.3,0.1,10.099999999999993,5.257142857142853,2.9357142857142877
2020-07-23,28.5,20.1,24.4,0.0,9.5,71,7,205,3,22.3,20.7,24.8,24.9,22.600000000000005,24.4,25.385714285714283,0.3,23.8,6.2,1.7,10.09999999999999,5.28571428571428,2.950000000000002
2020-07-24,27.8,21.8,24.5,5.0,7.8,80,7,206,3,24.4,22.3,20.7,24.9,22.46666666666667,24.328571428571426,25.25714285714286,0.0,0.3,23.8,4.7,8.033333333333324,5.042857142857138,2.907142857142859
2020-07-25,28.0,21.2,24.5,1.2,10.5,81,7,207,3,24.5,24.4,22.3,26.3,23.733333333333334,24.271428571428572,25.085714285714285,5.0,0.0,0.3,0.0,1.766666666666657,5.085714285714281,3.264285714285716
2020-07-26,26.7,21.6,23.7,4.3,11.1,87,7,208,3,24.5,24.5,24.4,26.9,24.46666666666667,24.014285714285712,24.914285714285715,1.2,5.0,0.0,0.3,2.066666666666657,5.257142857142852,3.3214285714285734
2020-07-27,28.2,21.5,25.0,0.7,9.5,80,7,209,3,23.7,24.5,24.5,24.8,24.233333333333334,23.557142857142853,24.814285714285713,4.3,1.2,5.0,6.2,3.4999999999999907,5.828571428571424,3.5285714285714307
2020-07-28,28.9,21.9,25.8,0.9,12.0,77,7,210,3,25.0,23.7,24.5,20.7,24.400000000000002,23.585714285714285,24.785714285714285,0.7,4.3,1.2,23.8,2.066666666666657,5.042857142857137,3.4500000000000024
2020-07-29,29.0,21.8,25.6,3.1,10.5,80,7,211,3,25.8,25.0,23.7,22.3,24.833333333333332,24.314285714285713,24.692857142857143,0.9,0.7,4.3,0.3,1.966666666666657,1.7714285714285665,3.5142857142857165
2020-07-30,27.2,21.3,24.0,6.0,10.6,87,7,212,3,25.6,25.8,25.0,24.4,25.46666666666667,24.785714285714285,24.592857142857138,3.1,0.9,0.7,0.0,1.5666666666666573,2.1714285714285664,3.728571428571431
2020-07-31,27.3,21.7,23.8,9.2,8.9,87,7,213,3,24.0,25.6,25.8,24.5,25.133333333333336,24.728571428571428,24.52857142857143,6.0,3.1,0.9,5.0,3.3333333333333237,3.0285714285714236,4.035714285714287
2020-08-01,26.8,21.2,23.7,7.4,9.7,88,8,214,3,23.8,24.0,25.6,24.5,24.46666666666667,24.62857142857143,24.45,9.2,6.0,3.1,1.2,6.09999999999999,3.6285714285714232,4.357142857142859
2020-08-02,28.2,21.1,24.8,0.7,9.4,80,8,215,3,23.7,23.8,24.0,23.7,23.833333333333332,24.514285714285712,24.264285714285712,7.4,9.2,6.0,4.3,7.533333333333324,4.51428571428571,4.885714285714288
2020-08-03,28.0,21.8,25.0,0.9,11.3,79,8,216,3,24.8,23.7,23.8,25.0,24.099999999999998,24.671428571428574,24.11428571428571,0.7,7.4,9.2,0.7,5.766666666666658,3.999999999999995,4.914285714285717
2020-08-04,28.7,21.9,25.8,0.2,9.5,71,8,217,3,25.0,24.8,23.7,25.8,24.5,24.671428571428574,24.12857142857143,0.9,0.7,7.4,0.9,2.9999999999999907,4.028571428571423,4.535714285714288
2020-08-05,30.4,21.9,26.5,0.2,8.2,72,8,218,3,25.8,25.0,24.8,25.6,25.2,24.67142857142857,24.49285714285714,0.2,0.9,0.7,3.1,0.5999999999999905,3.9285714285714235,2.850000000000002
2020-08-06,31.1,22.9,26.8,1.2,6.8,73,8,219,3,26.5,25.8,25.0,24.0,25.76666666666667,24.800000000000004,24.792857142857144,0.2,0.2,0.9,6.0,0.43333333333332386,3.5142857142857093,2.842857142857145
2020-08-07,29.1,24.0,26.8,0.5,12.5,74,8,220,3,26.8,26.5,25.8,23.8,26.36666666666667,25.2,24.964285714285715,1.2,0.2,0.2,9.2,0.5333333333333239,2.8285714285714234,2.9285714285714306
2020-08-08,28.9,23.3,25.4,2.6,9.0,84,8,221,3,26.8,26.8,26.5,23.7,26.700000000000003,25.62857142857143,25.12857142857143,0.5,1.2,0.2,7.4,0.6333333333333239,1.5857142857142805,2.607142857142859
2020-08-09,28.3,22.3,24.9,2.9,10.3,86,8,222,3,25.4,26.8,26.8,24.8,26.333333333333332,25.871428571428574,25.192857142857143,2.6,0.5,1.2,0.7,1.4333333333333238,0.8999999999999949,2.707142857142859
2020-08-10,28.2,22.0,25.1,1.5,12.6,81,8,223,3,24.9,25.4,26.8,25.0,25.7,25.885714285714283,25.27857142857143,2.9,2.6,0.5,0.9,1.9999999999999905,1.2142857142857093,2.607142857142859
2020-08-11,27.8,22.0,25.0,1.3,12.3,83,8,224,3,25.1,24.9,25.4,25.8,25.133333333333336,25.900000000000002,25.285714285714285,1.5,2.9,2.6,0.2,2.3333333333333237,1.299999999999995,2.664285714285716
2020-08-12,29.5,23.1,26.3,2.4,12.0,79,8,225,3,25.0,25.1,24.9,26.5,25.0,25.785714285714285,25.228571428571428,1.3,1.5,2.9,0.2,1.8999999999999906,1.457142857142852,2.6928571428571453
2020-08-13,28.7,23.3,26.1,3.6,14.3,82,8,226,3,26.3,25.0,25.1,26.8,25.46666666666667,25.757142857142856,25.278571428571432,2.4,1.3,1.5,1.2,1.7333333333333238,1.7714285714285662,2.642857142857145
2020-08-14,28.6,22.5,24.8,7.9,16.6,88,8,227,3,26.1,26.3,25.0,26.8,25.8,25.657142857142855,25.428571428571427,3.6,2.4,1.3,0.5,2.4333333333333242,2.1142857142857094,2.4714285714285738
2020-08-15,27.3,22.1,24.4,7.1,8.7,86,8,228,3,24.8,26.1,26.3,25.4,25.733333333333334,25.37142857142857,25.5,7.9,3.6,2.4,2.6,4.633333333333325,3.171428571428567,2.3785714285714303
2020-08-16,29.2,22.1,25.3,0.8,9.8,84,8,229,3,24.4,24.8,26.1,24.9,25.100000000000005,25.228571428571428,25.550000000000004,7.1,7.9,3.6,2.9,6.199999999999991,3.814285714285709,2.357142857142859
2020-08-17,29.0,23.0,25.6,3.3,11.2,86,8,230,3,25.3,24.4,24.8,25.1,24.833333333333332,25.285714285714285,25.58571428571429,0.8,7.1,7.9,1.5,5.266666666666658,3.5142857142857093,2.3642857142857165
2020-08-18,26.9,22.1,24.5,5.3,7.9,90,8,231,3,25.6,25.3,24.4,25.0,25.100000000000005,25.357142857142858,25.62857142857143,3.3,0.8,7.1,1.3,3.7333333333333236,3.771428571428566,2.535714285714288
2020-08-19,26.3,21.9,23.8,9.2,11.0,90,8,232,3,24.5,25.6,25.3,26.3,25.133333333333336,25.285714285714285,25.535714285714285,5.3,3.3,0.8,2.4,3.133333333333324,4.342857142857137,2.9000000000000017
2020-08-20,24.5,20.2,22.2,15.0,7.4,91,8,233,3,23.8,24.5,25.6,26.1,24.633333333333336,24.928571428571427,25.342857142857145,9.2,5.3,3.3,3.6,5.933333333333323,5.314285714285709,3.542857142857145
2020-08-21,26.3,19.5,22.6,6.7,12.8,84,8,234,3,22.2,23.8,24.5,24.8,23.5,24.371428571428574,25.014285714285712,15.0,9.2,5.3,7.9,9.833333333333323,6.942857142857138,4.52857142857143
2020-08-22,27.0,19.6,23.2,0.6,9.7,85,8,235,3,22.6,22.2,23.8,24.4,22.86666666666667,24.057142857142857,24.714285714285715,6.7,15.0,9.2,7.1,10.29999999999999,6.771428571428566,4.971428571428573
2020-08-23,27.3,20.7,23.9,0.7,11.2,82,8,236,3,23.2,22.6,22.2,25.3,22.666666666666668,23.885714285714283,24.557142857142857,0.6,6.7,15.0,0.8,7.433333333333324,5.842857142857137,4.828571428571431
2020-08-24,26.8,21.6,24.0,2.2,11.9,87,8,237,3,23.9,23.2,22.6,25.6,23.233333333333334,23.685714285714287,24.485714285714288,0.7,0.6,6.7,3.3,2.666666666666657,5.828571428571424,4.6714285714285735
2020-08-25,26.6,22.3,24.2,2.3,10.4,88,8,238,3,24.0,23.9,23.2,24.5,23.7,23.457142857142856,24.407142857142855,2.2,0.7,0.6,5.3,1.1666666666666572,5.6714285714285655,4.721428571428573
2020-08-26,26.1,21.6,23.1,43.2,10.3,91,8,239,3,24.2,24.0,23.9,23.8,24.03333333333333,23.41428571428571,24.349999999999998,2.3,2.2,0.7,9.2,1.7333333333333236,5.2428571428571376,4.7928571428571445
2020-08-27,22.7,19.4,21.2,91.6,8.9,91,8,240,3,23.1,24.2,24.0,22.2,23.76666666666667,23.314285714285717,24.12142857142857,43.2,2.3,2.2,15.0,15.899999999999991,10.099999999999994,7.70714285714286
2020-08-28,24.4,16.9,21.1,16.3,9.1,82,8,241,3,21.2,23.1,24.2,22.6,22.833333333333332,23.17142857142857,23.771428571428572,91.6,43.2,2.3,6.7,45.69999999999999,21.042857142857137,13.992857142857146
2020-08-29,26.4,18.7,22.8,1.2,8.2,77,8,242,3,21.1,21.2,23.1,23.2,21.8,22.957142857142856,23.50714285714286,16.3,91.6,43.2,0.6,50.36666666666667,22.41428571428571,14.592857142857145
2020-08-30,27.0,19.9,24.1,0.4,7.9,77,8,243,3,22.8,21.1,21.2,23.9,21.700000000000003,22.900000000000002,23.392857142857142,1.2,16.3,91.6,0.7,36.36666666666665,22.499999999999993,14.171428571428574
2020-08-31,24.4,20.4,22.0,6.9,7.4,91,8,244,3,24.1,22.8,21.1,24.0,22.666666666666668,22.928571428571427,23.307142857142857,0.4,1.2,16.3,2.2,5.966666666666658,22.457142857142852,14.142857142857144
2020-09-01,25.1,19.6,21.5,14.4,6.9,85,9,245,4,22.0,24.1,22.8,24.2,22.96666666666667,22.642857142857142,23.05,6.9,0.4,1.2,2.3,2.8333333333333237,23.128571428571426,14.400000000000004
2020-09-02,25.5,19.7,22.6,8.7,6.2,86,9,246,4,21.5,22.0,24.1,23.1,22.533333333333335,22.25714285714286,22.835714285714285,14.4,6.9,0.4,43.2,7.233333333333324,24.85714285714285,15.05
2020-09-03,24.6,20.4,22.8,11.0,9.8,84,9,247,4,22.6,21.5,22.0,21.2,22.033333333333335,22.185714285714283,22.75,8.7,14.4,6.9,91.6,9.999999999999991,19.928571428571423,15.014285714285718
2020-09-04,24.9,19.4,21.7,8.7,6.6,88,9,248,4,22.8,22.6,21.5,21.1,22.3,22.414285714285715,22.792857142857144,11.0,8.7,14.4,16.3,11.366666666666658,8.414285714285707,14.728571428571431
2020-09-05,26.1,19.6,22.5,16.9,6.4,79,9,249,4,21.7,22.8,22.6,22.8,22.36666666666667,22.5,22.728571428571428,8.7,11.0,8.7,1.2,9.466666666666656,7.328571428571422,14.871428571428572
2020-09-06,25.5,19.3,22.9,0.5,9.2,81,9,250,4,22.5,21.7,22.8,24.1,22.333333333333332,22.457142857142856,22.678571428571427,16.9,8.7,11.0,0.4,12.199999999999989,9.571428571428566,16.03571428571429
2020-09-07,26.2,18.4,22.6,0.2,8.4,79,9,251,4,22.9,22.5,21.7,22.0,22.36666666666667,22.285714285714285,22.607142857142858,0.5,16.9,8.7,6.9,8.69999999999999,9.585714285714278,16.021428571428576
2020-09-08,26.9,18.9,23.3,0.0,8.4,68,9,252,4,22.6,22.9,22.5,21.5,22.666666666666668,22.37142857142857,22.50714285714286,0.2,0.5,16.9,14.4,5.8666666666666565,8.628571428571423,15.87857142857143
2020-09-09,27.4,18.9,23.2,0.0,8.6,64,9,253,4,23.3,22.6,22.9,22.6,22.933333333333337,22.62857142857143,22.442857142857143,0.0,0.2,0.5,8.7,0.23333333333332384,6.571428571428565,15.714285714285717
2020-09-10,27.2,19.6,23.6,0.0,8.5,64,9,254,4,23.2,23.3,22.6,22.8,23.033333333333335,22.714285714285715,22.45,0.0,0.0,0.2,11.0,0.0666666666666572,5.328571428571423,12.62857142857143
2020-09-11,26.7,20.0,23.6,0.0,9.4,65,9,255,4,23.6,23.2,23.3,21.7,23.36666666666667,22.82857142857143,22.621428571428574,0.0,0.0,0.0,8.7,0.0,3.7571428571428513,6.085714285714288
2020-09-12,27.1,19.2,23.9,0.0,8.7,66,9,256,4,23.6,23.6,23.2,22.5,23.46666666666667,23.1,22.8,0.0,0.0,0.0,16.9,0.0,2.5142857142857085,4.9214285714285735
2020-09-13,27.1,19.8,24.6,0.0,10.2,59,9,257,4,23.9,23.6,23.6,22.9,23.700000000000003,23.300000000000004,22.87857142857143,0.0,0.0,0.0,0.5,0.0,0.09999999999999441,4.835714285714288
2020-09-14,27.7,20.2,24.4,0.0,8.5,60,9,258,4,24.6,23.9,23.6,22.6,24.033333333333335,23.542857142857144,22.914285714285715,0.0,0.0,0.0,0.2,0.0,0.02857142857142299,4.807142857142859
2020-09-15,27.9,19.1,23.4,0.0,9.2,65,9,259,4,24.4,24.6,23.9,23.3,24.3,23.800000000000004,23.08571428571429,0.0,0.0,0.0,0.0,0.0,0.0,4.314285714285717
2020-09-16,28.8,19.2,23.8,0.0,8.4,61,9,260,4,23.4,24.4,24.6,23.2,24.133333333333336,23.814285714285713,23.22142857142857,0.0,0.0,0.0,0.0,0.0,0.0,3.285714285714288
2020-09-17,29.7,19.6,24.6,0.0,8.8,54,9,261,4,23.8,23.4,24.4,23.6,23.866666666666664,23.900000000000002,23.307142857142857,0.0,0.0,0.0,0.0,0.0,0.0,2.664285714285717
2020-09-18,28.6,20.2,25.4,0.0,9.0,49,9,262,4,24.6,23.8,23.4,23.6,23.933333333333337,24.04285714285714,23.435714285714283,0.0,0.0,0.0,0.0,0.0,0.0,1.8785714285714306
2020-09-19,28.6,19.3,24.8,0.0,10.3,46,9,263,4,25.4,24.6,23.8,23.9,24.600000000000005,24.3,23.7,0.0,0.0,0.0,0.0,0.0,0.0,1.2571428571428593
2020-09-20,28.7,18.8,23.5,0.0,9.6,48,9,264,4,24.8,25.4,24.6,24.6,24.933333333333337,24.428571428571427,23.864285714285717,0.0,0.0,0.0,0.0,0.0,0.0,0.05000000000000228
2020-09-21,28.7,19.0,24.8,0.0,7.6,45,9,265,4,23.5,24.8,25.4,24.4,24.566666666666666,24.271428571428572,23.907142857142862,0.0,0.0,0.0,0.0,0.0,0.0,0.01428571428571657
2020-09-22,28.3,18.9,24.7,0.0,9.2,49,9,266,4,24.8,23.5,24.8,23.4,24.36666666666667,24.328571428571426,24.064285714285713,0.0,0.0,0.0,0.0,0.0,0.0,0.0
2020-09-23,28.1,18.9,24.3,0.0,10.9,49,9,267,4,24.7,24.8,23.5,23.8,24.333333333333332,24.514285714285716,24.164285714285715,0.0,0.0,0.0,0.0,0.0,0.0,0.0
2020-09-24,27.7,19.0,23.6,0.0,11.6,52,9,268,4,24.3,24.7,24.8,24.6,24.600000000000005,24.585714285714285,24.24285714285714,0.0,0.0,0.0,0.0,0.0,0.0,0.0
2020-09-25,27.4,18.3,23.3,0.3,12.1,52,9,269,4,23.6,24.3,24.7,25.4,24.200000000000003,24.442857142857147,24.24285714285714,0.0,0.0,0.0,0.0,0.0,0.0,0.0
2020-09-26,22.8,16.7,19.6,0.8,14.2,64,9,270,4,23.3,23.6,24.3,24.8,23.733333333333334,24.142857142857142,24.22142857142857,0.3,0.0,0.0,0.0,0.09999999999999053,0.04285714285713727,0.02142857142857371
2020-09-27,25.4,16.6,19.9,0.4,18.7,56,9,271,4,19.6,23.3,23.6,23.5,22.16666666666667,23.4,23.91428571428571,0.8,0.3,0.0,0.0,0.3666666666666572,0.15714285714285156,0.07857142857143086
2020-09-28,26.7,16.8,22.0,0.1,9.2,46,9,272,4,19.9,19.6,23.3,24.8,20.933333333333334,22.885714285714283,23.57857142857143,0.4,0.8,0.3,0.0,0.4999999999999905,0.2142857142857087,0.10714285714285943
2020-09-29,26.3,16.9,22.0,0.0,8.7,41,9,273,4,22.0,19.9,19.6,24.7,20.5,22.485714285714288,23.407142857142855,0.1,0.4,0.8,0.0,0.43333333333332386,0.228571428571423,0.11428571428571657
2020-09-30,26.5,16.6,21.7,0.1,11.2,44,9,274,4,22.0,22.0,19.9,24.3,21.3,22.099999999999998,23.307142857142857,0.0,0.1,0.4,0.0,0.1666666666666572,0.228571428571423,0.11428571428571657
2020-10-01,26.5,17.1,22.5,0.1,9.2,43,10,275,4,21.7,22.0,22.0,23.6,21.900000000000002,21.72857142857143,23.157142857142855,0.1,0.0,0.1,0.0,0.0666666666666572,0.2428571428571373,0.12142857142857373
2020-10-02,26.1,16.4,21.1,0.0,11.8,45,10,276,4,22.5,21.7,22.0,23.3,22.066666666666666,21.571428571428573,23.00714285714286,0.1,0.1,0.0,0.3,0.0666666666666572,0.25714285714285157,0.12857142857143086
2020-10-03,26.9,16.6,21.2,0.0,10.5,42,10,277,4,21.1,22.5,21.7,19.6,21.76666666666667,21.25714285714286,22.7,0.0,0.1,0.1,0.8,0.0666666666666572,0.2142857142857087,0.12857142857143086
2020-10-04,26.8,16.9,21.6,0.0,9.6,41,10,278,4,21.2,21.1,22.5,19.9,21.599999999999998,21.485714285714288,22.442857142857143,0.0,0.0,0.1,0.4,0.03333333333332386,0.09999999999999443,0.12857142857143086
2020-10-05,27.1,16.3,21.1,0.0,8.9,42,10,279,4,21.6,21.2,21.1,22.0,21.3,21.728571428571428,22.307142857142853,0.0,0.0,0.0,0.1,0.0,0.04285714285713728,0.12857142857143086
2020-10-06,26.6,16.8,21.6,0.0,9.4,34,10,280,4,21.1,21.6,21.2,22.0,21.3,21.6,22.042857142857144,0.0,0.0,0.0,0.0,0.0,0.02857142857142299,0.12857142857143086
2020-10-07,26.3,16.8,22.4,0.0,10.3,40,10,281,4,21.6,21.1,21.6,21.7,21.433333333333337,21.542857142857144,21.821428571428573,0.0,0.0,0.0,0.1,0.0,0.02857142857142299,0.12857142857143086
2020-10-08,26.1,17.1,21.8,0.0,9.2,44,10,282,4,22.4,21.6,21.1,22.5,21.700000000000003,21.642857142857146,21.685714285714287,0.0,0.0,0.0,0.1,0.0,0.014285714285708703,0.12857142857143086
2020-10-09,26.1,16.0,21.4,0.0,9.4,46,10,283,4,21.8,22.4,21.6,21.1,21.933333333333337,21.54285714285714,21.557142857142857,0.0,0.0,0.0,0.0,0.0,0.0,0.12857142857143086
2020-10-10,26.2,16.4,21.8,0.0,9.3,41,10,284,4,21.4,21.8,22.4,21.2,21.866666666666664,21.585714285714285,21.42142857142857,0.0,0.0,0.0,0.0,0.0,0.0,0.10714285714285943
2020-10-11,25.7,16.5,21.1,0.0,8.1,40,10,285,4,21.8,21.4,21.8,21.6,21.666666666666668,21.671428571428574,21.578571428571426,0.0,0.0,0.0,0.0,0.0,0.0,0.050000000000002286
2020-10-12,26.0,16.1,22.7,0.2,13.4,33,10,286,4,21.1,21.8,21.4,21.1,21.433333333333337,21.6,21.664285714285715,0.0,0.0,0.0,0.0,0.0,0.0,0.021428571428573715
2020-10-13,23.7,15.5,19.2,0.2,12.2,44,10,287,4,22.7,21.1,21.8,21.6,21.866666666666664,21.828571428571426,21.714285714285715,0.2,0.0,0.0,0.0,0.0666666666666572,0.02857142857142299,0.028571428571430857
2020-10-14,24.3,14.9,20.0,0.0,9.9,41,10,288,4,19.2,22.7,21.1,22.4,21.0,21.485714285714288,21.514285714285712,0.2,0.2,0.0,0.0,0.13333333333332387,0.05714285714285156,0.04285714285714515
2020-10-15,25.1,15.0,20.1,0.0,12.6,36,10,289,4,20.0,19.2,22.7,21.8,20.633333333333336,21.142857142857142,21.392857142857142,0.0,0.2,0.2,0.0,0.13333333333332387,0.05714285714285156,0.035714285714287995
2020-10-16,25.1,15.3,19.7,0.0,11.4,42,10,290,4,20.1,20.0,19.2,21.4,19.766666666666666,20.900000000000002,21.22142857142857,0.0,0.0,0.2,0.0,0.0666666666666572,0.05714285714285156,0.028571428571430857
2020-10-17,24.5,15.4,20.6,0.0,11.3,45,10,291,4,19.7,20.1,20.0,21.8,19.933333333333334,20.657142857142855,21.12142857142857,0.0,0.0,0.0,0.0,0.0,0.05714285714285156,0.028571428571430857
2020-10-18,24.1,14.7,18.9,0.0,9.4,49,10,292,4,20.6,19.7,20.1,21.1,20.133333333333336,20.485714285714288,21.07857142857143,0.0,0.0,0.0,0.0,0.0,0.05714285714285156,0.028571428571430857
2020-10-19,23.9,14.9,19.4,0.0,10.8,44,10,293,4,18.9,20.6,19.7,22.7,19.733333333333334,20.17142857142857,20.885714285714283,0.0,0.0,0.0,0.2,0.0,0.05714285714285156,0.028571428571430857
2020-10-20,23.6,14.6,20.2,0.0,10.2,45,10,294,4,19.4,18.9,20.6,19.2,19.633333333333333,19.7,20.764285714285712,0.0,0.0,0.0,0.2,0.0,0.02857142857142299,0.028571428571430857
2020-10-21,22.4,13.9,19.3,0.0,9.2,41,10,295,4,20.2,19.4,18.9,20.0,19.5,19.842857142857145,20.66428571428571,0.0,0.0,0.0,0.0,0.0,0.0,0.028571428571430857
2020-10-22,22.2,14.6,18.6,0.0,10.0,49,10,296,4,19.3,20.2,19.4,20.1,19.633333333333336,19.74285714285714,20.442857142857143,0.0,0.0,0.0,0.0,0.0,0.0,0.028571428571430857
2020-10-23,22.6,13.5,19.0,0.0,10.0,42,10,297,4,18.6,19.3,20.2,19.7,19.366666666666667,19.52857142857143,20.214285714285715,0.0,0.0,0.0,0.0,0.0,0.0,0.028571428571430857
2020-10-24,22.1,13.6,18.0,0.0,10.9,45,10,298,4,19.0,18.6,19.3,20.6,18.96666666666667,19.428571428571427,20.042857142857144,0.0,0.0,0.0,0.0,0.0,0.0,0.028571428571430857
2020-10-25,20.4,12.1,17.5,0.4,9.0,46,10,299,4,18.0,19.0,18.6,18.9,18.533333333333335,19.057142857142857,19.771428571428572,0.0,0.0,0.0,0.0,0.0,0.0,0.028571428571430857
2020-10-26,22.0,11.8,15.8,0.0,9.0,43,10,300,4,17.5,18.0,19.0,19.4,18.166666666666668,18.857142857142858,19.514285714285712,0.4,0.0,0.0,0.0,0.13333333333332387,0.05714285714285156,0.05714285714285943
2020-10-27,22.3,12.2,16.5,0.0,10.0,44,10,301,4,15.8,17.5,18.0,20.2,17.099999999999998,18.342857142857145,19.021428571428572,0.0,0.4,0.0,0.0,0.13333333333332387,0.05714285714285156,0.04285714285714515
2020-10-28,20.9,13.5,17.8,0.0,10.7,45,10,302,4,16.5,15.8,17.5,19.3,16.599999999999998,17.814285714285713,18.82857142857143,0.0,0.0,0.4,0.0,0.13333333333332387,0.05714285714285156,0.028571428571430857
2020-10-29,20.7,12.4,17.5,0.0,8.7,40,10,303,4,17.8,16.5,15.8,18.6,16.7,17.6,18.671428571428574,0.0,0.0,0.0,0.0,0.0,0.05714285714285156,0.028571428571430857
2020-10-30,20.8,10.8,15.1,0.0,10.0,45,10,304,4,17.5,17.8,16.5,19.0,17.26666666666667,17.442857142857143,18.485714285714288,0.0,0.0,0.0,0.0,0.0,0.05714285714285156,0.028571428571430857
2020-10-31,21.6,11.1,16.1,0.0,9.4,38,10,305,4,15.1,17.5,17.8,18.0,16.8,16.885714285714283,18.157142857142855,0.0,0.0,0.0,0.0,0.0,0.05714285714285156,0.028571428571430857
2020-11-01,22.4,11.4,16.4,0.0,9.0,41,11,306,4,16.1,15.1,17.5,17.5,16.233333333333338,16.614285714285714,17.835714285714285,0.0,0.0,0.0,0.4,0.0,0.05714285714285156,0.028571428571430857
2020-11-02,23.2,13.1,17.7,0.0,7.8,41,11,307,4,16.4,16.1,15.1,15.8,15.866666666666669,16.45714285714286,17.657142857142855,0.0,0.0,0.0,0.0,0.0,0.0,0.028571428571430857
2020-11-03,22.0,11.1,17.7,0.0,9.4,44,11,308,4,17.7,16.4,16.1,16.5,16.733333333333334,16.728571428571428,17.535714285714285,0.0,0.0,0.0,0.0,0.0,0.0,0.028571428571430857
2020-11-04,21.0,11.9,16.5,0.0,9.6,43,11,309,4,17.7,17.7,16.4,17.8,17.266666666666666,16.9,17.357142857142858,0.0,0.0,0.0,0.0,0.0,0.0,0.028571428571430857
2020-11-05,21.2,11.7,16.0,0.0,8.2,45,11,310,4,16.5,17.7,17.7,17.5,17.3,16.714285714285715,17.157142857142855,0.0,0.0,0.0,0.0,0.0,0.0,0.028571428571430857
2020-11-06,21.6,10.4,15.5,0.0,8.9,42,11,311,4,16.0,16.5,17.7,15.1,16.733333333333334,16.5,16.97142857142857,0.0,0.0,0.0,0.0,0.0,0.0,0.028571428571430857
2020-11-07,22.7,10.4,17.3,0.0,10.5,32,11,312,4,15.5,16.0,16.5,16.1,16.0,16.557142857142857,16.72142857142857,0.0,0.0,0.0,0.0,0.0,0.0,0.028571428571430857
2020-11-08,20.7,12.2,18.6,0.0,8.3,35,11,313,4,17.3,15.5,16.0,16.4,16.26666666666667,16.728571428571428,16.67142857142857,0.0,0.0,0.0,0.0,0.0,0.0,0.028571428571430857
2020-11-09,20.0,12.1,17.4,0.0,8.2,43,11,314,4,18.6,17.3,15.5,17.7,17.133333333333336,17.04285714285714,16.75,0.0,0.0,0.0,0.0,0.0,0.0,0.0
2020-11-10,19.7,11.9,16.9,0.0,6.9,46,11,315,4,17.4,18.6,17.3,17.7,17.76666666666667,17.0,16.864285714285714,0.0,0.0,0.0,0.0,0.0,0.0,0.0
2020-11-11,20.6,11.7,17.6,0.0,7.6,40,11,316,4,16.9,17.4,18.6,16.5,17.633333333333333,16.885714285714286,16.892857142857142,0.0,0.0,0.0,0.0,0.0,0.0,0.0
2020-11-12,20.8,11.2,16.3,0.0,8.7,42,11,317,4,17.6,16.9,17.4,16.0,17.3,17.04285714285714,16.87857142857143,0.0,0.0,0.0,0.0,0.0,0.0,0.0
2020-11-13,20.1,11.1,16.4,0.0,7.6,41,11,318,4,16.3,17.6,16.9,15.5,16.933333333333334,17.085714285714285,16.79285714285714,0.0,0.0,0.0,0.0,0.0,0.0,0.0
2020-11-14,15.0,10.5,12.2,16.3,13.7,71,11,319,4,16.4,16.3,17.6,17.3,16.76666666666667,17.214285714285715,16.885714285714286,0.0,0.0,0.0,0.0,0.0,0.0,0.0
2020-11-15,11.1,7.7,9.2,51.8,16.1,84,11,320,4,12.2,16.4,16.3,18.6,14.966666666666667,16.485714285714288,16.607142857142858,16.3,0.0,0.0,0.0,5.433333333333324,2.328571428571423,1.1642857142857166
2020-11-16,11.5,5.8,8.7,3.2,5.9,88,11,321,4,9.2,12.2,16.4,17.4,12.6,15.142857142857142,16.092857142857145,51.8,16.3,0.0,0.0,22.69999999999999,9.728571428571424,4.864285714285716
2020-11-17,15.5,5.2,9.7,1.2,5.9,59,11,322,4,8.7,9.2,12.2,16.9,10.033333333333333,13.9,15.45,3.2,51.8,16.3,0.0,23.766666666666655,10.18571428571428,5.092857142857144
2020-11-18,15.2,6.5,10.7,1.2,7.2,56,11,323,4,9.7,8.7,9.2,17.6,9.200000000000001,12.87142857142857,14.87857142857143,1.2,3.2,51.8,0.0,18.733333333333324,10.35714285714285,5.178571428571431
2020-11-19,10.3,3.9,7.2,4.5,8.7,86,11,324,4,10.7,9.7,8.7,16.3,9.700000000000001,11.885714285714286,14.464285714285714,1.2,1.2,3.2,0.0,1.8666666666666571,10.528571428571423,5.264285714285717
2020-11-20,13.0,3.6,7.6,0.0,6.1,64,11,325,4,7.2,10.7,9.7,16.4,9.200000000000001,10.585714285714287,13.835714285714285,4.5,1.2,1.2,0.0,2.2999999999999905,11.171428571428565,5.585714285714288
2020-11-21,13.7,3.4,8.1,0.0,7.0,48,11,326,4,7.6,7.2,10.7,12.2,8.500000000000002,9.328571428571427,13.27142857142857,0.0,4.5,1.2,16.3,1.8999999999999904,11.171428571428565,5.585714285714288
2020-11-22,13.5,4.6,9.2,0.0,10.3,43,11,327,4,8.1,7.6,7.2,9.2,7.633333333333334,8.742857142857142,12.614285714285714,0.0,0.0,4.5,51.8,1.4999999999999905,8.842857142857138,5.585714285714288
2020-11-23,8.2,5.8,7.0,14.8,11.0,83,11,328,4,9.2,8.1,7.6,8.7,8.3,8.742857142857142,11.942857142857141,0.0,0.0,0.0,3.2,0.0,1.4428571428571377,5.585714285714288
2020-11-24,10.0,6.0,7.6,5.2,10.7,86,11,329,4,7.0,9.2,8.1,9.7,8.1,8.5,11.2,14.8,0.0,0.0,1.2,4.933333333333324,3.0999999999999948,6.642857142857145
2020-11-25,8.2,6.0,7.2,14.2,8.9,89,11,330,4,7.6,7.0,9.2,10.7,7.9333333333333345,8.2,10.535714285714286,5.2,14.8,0.0,1.2,6.666666666666657,3.6714285714285664,7.014285714285717
2020-11-26,13.0,4.0,8.2,0.1,6.4,77,11,331,4,7.2,7.6,7.0,7.2,7.266666666666668,7.7,9.792857142857143,14.2,5.2,14.8,4.5,11.399999999999991,5.528571428571423,8.02857142857143
2020-11-27,17.2,4.8,10.5,0.0,8.7,48,11,332,4,8.2,7.2,7.6,7.6,7.666666666666668,7.8428571428571425,9.214285714285714,0.1,14.2,5.2,0.0,6.49999999999999,4.899999999999994,8.035714285714288
2020-11-28,20.0,7.9,12.6,0.0,7.3,40,11,333,4,10.5,8.2,7.2,8.1,8.633333333333335,8.257142857142856,8.792857142857143,0.0,0.1,14.2,0.0,4.766666666666657,4.899999999999994,8.035714285714288
2020-11-29,19.8,8.6,13.9,0.0,7.9,44,11,334,4,12.6,10.5,8.2,9.2,10.433333333333335,8.9,8.821428571428571,0.0,0.0,0.1,0.0,0.03333333333332386,4.899999999999994,6.871428571428574
2020-11-30,19.9,7.5,14.6,0.0,8.9,45,11,335,4,13.9,12.6,10.5,7.0,12.333333333333336,9.571428571428571,9.157142857142857,0.0,0.0,0.0,14.8,0.0,4.899999999999994,3.171428571428574
2020-12-01,19.7,10.0,15.5,0.0,7.4,53,12,336,1,14.6,13.9,12.6,7.6,13.700000000000003,10.657142857142857,9.578571428571427,0.0,0.0,0.0,5.2,0.0,2.7857142857142803,2.9428571428571453
2020-12-02,20.1,8.9,14.1,0.0,9.8,45,12,337,1,15.5,14.6,13.9,7.2,14.666666666666666,11.785714285714286,9.992857142857144,0.0,0.0,0.0,14.2,0.0,2.042857142857137,2.85714285714286
2020-12-03,19.4,9.7,14.5,0.0,9.0,43,12,338,1,14.1,15.5,14.6,8.2,14.733333333333334,12.771428571428572,10.235714285714286,0.0,0.0,0.0,0.1,0.0,0.014285714285708703,2.7714285714285736
2020-12-04,17.1,8.4,12.3,3.3,15.3,60,12,339,1,14.5,14.1,15.5,10.5,14.700000000000001,13.671428571428573,10.757142857142856,0.0,0.0,0.0,0.0,0.0,0.0,2.4500000000000024
2020-12-05,15.0,7.3,10.5,0.3,10.9,68,12,340,1,12.3,14.5,14.1,12.6,13.633333333333335,13.928571428571429,11.092857142857143,3.3,0.0,0.0,0.0,1.0999999999999905,0.4714285714285658,2.685714285714288
2020-12-06,15.6,6.6,10.3,3.5,12.1,70,12,341,1,10.5,12.3,14.5,13.9,12.433333333333335,13.62857142857143,11.264285714285714,0.3,3.3,0.0,0.0,1.1999999999999904,0.5142857142857087,2.7071428571428595
2020-12-07,13.8,9.1,11.2,3.4,16.7,58,12,342,1,10.3,10.5,12.3,14.6,11.033333333333337,13.114285714285714,11.342857142857143,3.5,0.3,3.3,0.0,2.366666666666657,1.0142857142857087,2.9571428571428595
2020-12-08,11.3,7.8,9.3,26.5,14.5,86,12,343,1,11.2,10.3,10.5,15.5,10.66666666666667,12.62857142857143,11.642857142857142,3.4,3.5,0.3,0.0,2.39999999999999,1.4999999999999944,2.1428571428571455
2020-12-09,14.0,7.1,9.7,7.6,10.5,83,12,344,1,9.3,11.2,10.3,14.1,10.266666666666667,11.742857142857144,11.764285714285714,26.5,3.4,3.5,0.0,11.133333333333324,5.285714285714279,3.664285714285717
2020-12-10,15.0,6.4,10.1,3.5,10.0,71,12,345,1,9.7,9.3,11.2,14.5,10.066666666666668,11.114285714285714,11.942857142857141,7.6,26.5,3.4,0.0,12.499999999999991,6.371428571428566,3.1928571428571457
2020-12-11,14.1,6.0,9.1,13.3,11.0,75,12,346,1,10.1,9.7,9.3,12.3,9.700000000000001,10.485714285714284,12.078571428571431,3.5,7.6,26.5,3.3,12.533333333333324,6.871428571428566,3.435714285714288
2020-12-12,6.8,3.3,5.1,21.5,9.4,92,12,347,1,9.1,10.1,9.7,10.5,9.633333333333335,10.028571428571428,11.97857142857143,13.3,3.5,7.6,0.3,8.133333333333324,8.299999999999995,4.385714285714288
2020-12-13,10.6,2.5,5.8,1.7,7.7,79,12,348,1,5.1,9.1,10.1,10.3,8.100000000000001,9.257142857142856,11.442857142857141,21.5,13.3,3.5,3.5,12.766666666666657,11.328571428571422,5.9214285714285735
2020-12-14,9.6,2.1,5.0,0.8,6.6,78,12,349,1,5.8,5.1,9.1,11.2,6.666666666666668,8.614285714285716,10.864285714285716,1.7,21.5,13.3,3.4,12.166666666666657,11.071428571428566,6.042857142857145
2020-12-15,8.5,0.7,3.9,0.3,8.6,79,12,350,1,5.0,5.8,5.1,9.3,5.300000000000002,7.728571428571429,10.178571428571429,0.8,1.7,21.5,26.5,7.99999999999999,10.699999999999998,6.100000000000002
2020-12-16,8.9,0.7,4.3,0.4,5.7,58,12,351,1,3.9,5.0,5.8,9.7,4.900000000000001,6.957142857142856,9.35,0.3,0.8,1.7,7.6,0.9333333333333238,6.957142857142851,6.121428571428574
2020-12-17,11.5,1.6,5.1,0.0,7.9,42,12,352,1,4.3,3.9,5.0,10.1,4.400000000000002,6.185714285714285,8.65,0.4,0.3,0.8,3.5,0.4999999999999905,5.9285714285714235,6.150000000000003
2020-12-18,13.3,1.5,6.1,0.0,10.1,32,12,353,1,5.1,4.3,3.9,9.1,4.433333333333335,5.471428571428571,7.978571428571428,0.0,0.4,0.3,13.3,0.23333333333332384,5.4285714285714235,6.150000000000003
2020-12-19,15.1,2.6,7.9,0.0,8.4,30,12,354,1,6.1,5.1,4.3,5.1,5.166666666666669,5.042857142857143,7.535714285714286,0.0,0.0,0.4,21.5,0.13333333333332387,3.5285714285714236,5.914285714285717
2020-12-20,16.7,4.4,9.4,0.0,8.0,37,12,355,1,7.9,6.1,5.1,5.8,6.366666666666668,5.442857142857142,7.3500000000000005,0.0,0.0,0.0,1.7,0.0,0.4571428571428521,5.892857142857145
2020-12-21,15.7,6.6,10.0,0.0,13.9,50,12,356,1,9.4,7.9,6.1,5.0,7.800000000000002,5.957142857142857,7.285714285714286,0.0,0.0,0.0,0.8,0.0,0.21428571428570922,5.642857142857145
2020-12-22,16.1,6.2,10.1,0.2,8.1,54,12,357,1,10.0,9.4,7.9,3.9,9.100000000000001,6.671428571428572,7.2,0.0,0.0,0.0,0.3,0.0,0.09999999999999491,5.400000000000003
2020-12-23,14.4,6.6,11.4,0.1,6.9,38,12,358,1,10.1,10.0,9.4,4.3,9.833333333333336,7.557142857142858,7.257142857142857,0.2,0.0,0.0,0.4,0.0666666666666572,0.08571428571428065,3.5214285714285736
2020-12-24,14.1,5.3,9.6,0.0,6.8,42,12,359,1,11.4,10.1,10.0,5.1,10.500000000000002,8.571428571428571,7.378571428571428,0.1,0.2,0.0,0.0,0.09999999999999054,0.042857142857137785,2.985714285714288
2020-12-25,15.2,3.8,8.9,0.0,9.7,41,12,360,1,9.6,11.4,10.1,6.1,10.366666666666669,9.214285714285714,7.342857142857143,0.0,0.1,0.2,0.0,0.09999999999999054,0.042857142857137785,2.735714285714288
2020-12-26,14.1,5.5,11.3,0.0,5.5,37,12,361,1,8.9,9.6,11.4,7.9,9.966666666666669,9.614285714285714,7.328571428571428,0.0,0.0,0.1,0.0,0.03333333333332386,0.042857142857137785,1.7857142857142883
2020-12-27,11.1,3.3,6.4,1.1,10.2,71,12,362,1,11.3,8.9,9.6,9.4,9.933333333333335,10.1,7.771428571428571,0.0,0.0,0.0,0.0,0.0,0.042857142857137785,0.25000000000000255
2020-12-28,7.1,1.2,4.2,0.1,6.9,76,12,363,1,6.4,11.3,8.9,10.0,8.866666666666669,9.671428571428573,7.814285714285715,1.1,0.0,0.0,0.0,0.3666666666666572,0.19999999999999493,0.2071428571428597
2020-12-29,8.8,0.9,4.5,2.0,10.0,78,12,364,1,4.2,6.4,11.3,10.1,7.300000000000003,8.842857142857143,7.757142857142858,0.1,1.1,0.0,0.2,0.3999999999999906,0.21428571428570925,0.1571428571428597
2020-12-30,13.5,2.2,6.3,0.0,8.7,44,12,365,1,4.5,4.2,6.4,11.4,5.033333333333335,8.042857142857143,7.8,2.0,0.1,1.1,0.1,1.0666666666666573,0.47142857142856637,0.2785714285714311
2020-12-31,14.7,3.6,7.5,0.0,13.0,28,12,366,1,6.3,4.5,4.2,9.6,5.000000000000002,7.314285714285715,7.942857142857143,0.0,2.0,0.1,0.0,0.6999999999999905,0.4571428571428521,0.25000000000000255
2021-01-01,15.9,4.4,9.1,0.0,10.7,33,1,1,1,7.5,6.3,4.5,8.9,6.100000000000001,7.014285714285715,8.114285714285714,0.0,0.0,2.0,0.0,0.6666666666666572,0.4571428571428521,0.25000000000000255
2021-01-02,14.9,5.5,10.9,0.0,7.8,28,1,2,1,9.1,7.5,6.3,11.3,7.6333333333333355,7.042857142857143,8.328571428571427,0.0,0.0,0.0,0.0,0.0,0.4571428571428521,0.25000000000000255
2021-01-03,13.7,4.7,9.1,3.9,12.5,48,1,3,1,10.9,9.1,7.5,6.4,9.16666666666667,6.985714285714287,8.542857142857143,0.0,0.0,0.0,1.1,0.0,0.4571428571428521,0.25000000000000255
2021-01-04,13.3,5.6,8.6,4.1,9.4,75,1,4,1,9.1,10.9,9.1,4.2,9.700000000000003,7.371428571428571,8.52142857142857,3.9,0.0,0.0,0.1,1.2999999999999905,0.8571428571428521,0.5285714285714311
2021-01-05,8.4,4.8,6.5,56.6,15.4,87,1,5,1,8.6,9.1,10.9,4.5,9.533333333333335,8.0,8.421428571428573,4.1,3.9,0.0,2.0,2.666666666666657,1.4285714285714235,0.821428571428574
2021-01-06,10.7,3.6,6.7,1.4,12.1,84,1,6,1,6.5,8.6,9.1,6.3,8.066666666666668,8.285714285714286,8.164285714285715,56.6,4.1,3.9,0.0,21.53333333333332,9.228571428571424,4.850000000000002
2021-01-07,13.0,4.8,7.9,1.6,6.0,63,1,7,1,6.7,6.5,8.6,7.5,7.266666666666668,8.342857142857143,7.828571428571429,1.4,56.6,4.1,0.0,20.699999999999992,9.428571428571425,4.942857142857146
2021-01-08,8.8,2.9,5.6,3.4,11.2,86,1,8,1,7.9,6.7,6.5,9.1,7.033333333333335,8.4,7.707142857142856,1.6,1.4,56.6,0.0,19.866666666666656,9.657142857142853,5.05714285714286
2021-01-09,12.2,2.2,7.8,0.0,7.4,54,1,9,1,5.6,7.9,6.7,10.9,6.733333333333335,7.9,7.471428571428572,3.4,1.6,1.4,0.0,2.133333333333324,10.142857142857139,5.300000000000003
2021-01-10,13.8,5.0,9.7,0.0,7.5,50,1,10,1,7.8,5.6,7.9,9.1,7.100000000000001,7.457142857142857,7.221428571428572,0.0,3.4,1.6,3.9,1.6666666666666572,10.142857142857139,5.300000000000003
2021-01-11,15.0,4.4,9.7,0.0,9.9,43,1,11,1,9.7,7.8,5.6,8.6,7.7,7.542857142857143,7.457142857142857,0.0,0.0,3.4,4.1,1.1333333333333238,9.58571428571428,5.221428571428574
2021-01-12,16.3,3.4,8.5,0.0,12.6,32,1,12,1,9.7,9.7,7.8,6.5,9.066666666666668,7.7,7.85,0.0,0.0,0.0,56.6,0.0,8.999999999999995,5.214285714285717
2021-01-13,17.6,3.9,10.9,0.0,10.7,26,1,13,1,8.5,9.7,9.7,6.7,9.300000000000002,7.985714285714286,8.135714285714284,0.0,0.0,0.0,1.4,0.0,0.9142857142857093,5.071428571428575
2021-01-14,16.0,8.2,13.7,0.0,8.4,33,1,14,1,10.9,8.5,9.7,7.9,9.700000000000001,8.585714285714285,8.464285714285714,0.0,0.0,0.0,1.6,0.0,0.7142857142857092,5.071428571428575
2021-01-15,15.8,6.7,13.5,0.0,8.2,34,1,15,1,13.7,10.9,8.5,5.6,11.033333333333337,9.414285714285713,8.907142857142857,0.0,0.0,0.0,3.4,0.0,0.4857142857142806,5.071428571428575
2021-01-16,18.1,5.6,13.1,0.0,10.0,31,1,16,1,13.5,13.7,10.9,7.8,12.700000000000003,10.542857142857143,9.221428571428572,0.0,0.0,0.0,0.0,0.0,0.0,5.071428571428575
2021-01-17,16.6,9.2,13.6,0.0,6.4,39,1,17,1,13.1,13.5,13.7,9.7,13.433333333333335,11.299999999999999,9.37857142857143,0.0,0.0,0.0,0.0,0.0,0.0,5.071428571428575
2021-01-18,13.5,4.7,9.5,0.0,6.5,68,1,18,1,13.6,13.1,13.5,9.7,13.4,11.857142857142858,9.700000000000001,0.0,0.0,0.0,0.0,0.0,0.0,4.792857142857145
2021-01-19,15.2,6.1,10.7,0.0,5.1,47,1,19,1,9.5,13.6,13.1,8.5,12.066666666666668,11.828571428571431,9.764285714285714,0.0,0.0,0.0,0.0,0.0,0.0,4.500000000000003
2021-01-20,15.6,4.0,10.3,0.0,10.1,35,1,20,1,10.7,9.5,13.6,10.9,11.266666666666667,12.142857142857142,10.064285714285715,0.0,0.0,0.0,0.0,0.0,0.0,0.4571428571428597
2021-01-21,17.8,7.4,12.2,0.0,9.9,30,1,21,1,10.3,10.7,9.5,13.7,10.166666666666668,12.057142857142859,10.321428571428571,0.0,0.0,0.0,0.0,0.0,0.0,0.3571428571428597
2021-01-22,15.3,5.0,11.6,5.3,11.6,37,1,22,1,12.2,10.3,10.7,13.5,11.066666666666668,11.842857142857142,10.62857142857143,0.0,0.0,0.0,0.0,0.0,0.0,0.24285714285714538
2021-01-23,7.6,1.2,4.6,10.9,10.0,87,1,23,1,11.6,12.2,10.3,13.1,11.366666666666667,11.571428571428571,11.057142857142859,5.3,0.0,0.0,0.0,1.766666666666657,0.757142857142852,0.3785714285714311
2021-01-24,11.6,0.9,5.7,0.0,6.6,61,1,24,1,4.6,11.6,12.2,13.6,9.466666666666669,10.357142857142858,10.828571428571427,10.9,5.3,0.0,0.0,5.399999999999991,2.314285714285709,1.1571428571428597
2021-01-25,13.6,3.0,7.7,0.2,8.2,43,1,25,1,5.7,4.6,11.6,9.5,7.300000000000001,9.228571428571428,10.542857142857143,0.0,10.9,5.3,0.0,5.3999999999999915,2.3142857142857096,1.15714285714286
2021-01-26,12.9,2.3,6.9,0.9,8.9,44,1,26,1,7.7,5.7,4.6,10.7,6.000000000000003,8.971428571428572,10.4,0.2,0.0,10.9,0.0,3.6999999999999904,2.342857142857138,1.1714285714285742
2021-01-27,13.2,3.2,7.2,0.0,8.2,35,1,27,1,6.9,7.7,5.7,10.3,6.766666666666668,8.428571428571429,10.285714285714286,0.9,0.2,0.0,0.0,0.3666666666666578,2.4714285714285666,1.2357142857142882
2021-01-28,13.2,2.2,7.9,0.4,8.0,42,1,28,1,7.2,6.9,7.7,12.2,7.266666666666669,7.985714285714286,10.021428571428572,0.0,0.9,0.2,0.0,0.3666666666666578,2.4714285714285666,1.2357142857142882
2021-01-29,12.7,1.6,7.3,0.0,8.6,39,1,29,1,7.9,7.2,6.9,11.6,7.333333333333336,7.371428571428572,9.607142857142858,0.4,0.0,0.9,5.3,0.4333333333333245,2.528571428571424,1.2642857142857171
2021-01-30,14.1,2.8,7.9,0.0,9.5,37,1,30,1,7.3,7.9,7.2,4.6,7.466666666666669,6.757142857142857,9.164285714285713,0.0,0.4,0.0,10.9,0.13333333333332445,1.7714285714285665,1.2642857142857171
2021-01-31,14.0,3.2,10.5,0.2,9.5,42,1,31,1,7.9,7.3,7.9,5.7,7.700000000000003,7.228571428571429,8.792857142857143,0.0,0.0,0.4,0.0,0.13333333333332445,0.21428571428570947,1.2642857142857171
2021-02-01,14.8,4.2,8.9,1.4,10.3,53,2,32,1,10.5,7.9,7.3,7.7,8.566666666666668,7.914285714285714,8.571428571428571,0.2,0.0,0.0,0.2,0.06666666666665778,0.24285714285713805,1.2785714285714314
2021-02-02,14.5,5.7,8.9,1.4,13.2,50,2,33,1,8.9,10.5,7.9,6.9,9.100000000000003,8.085714285714287,8.528571428571428,1.4,0.2,0.0,0.9,0.5333333333333244,0.41428571428570954,1.3785714285714312
2021-02-03,12.3,4.4,7.3,4.3,12.7,71,2,34,1,8.9,8.9,10.5,7.2,9.433333333333335,8.371428571428572,8.4,1.4,1.4,0.2,0.0,0.9999999999999911,0.4857142857142809,1.4785714285714313
2021-02-04,11.1,4.2,8.0,0.2,6.9,65,2,35,1,7.3,8.9,8.9,7.9,8.366666666666669,8.385714285714286,8.185714285714287,4.3,1.4,1.4,0.4,2.366666666666658,1.099999999999995,1.7857142857142883
2021-02-05,10.9,3.6,7.8,0.0,8.5,73,2,36,1,8.0,7.3,8.9,7.3,8.066666666666668,8.4,7.885714285714286,0.2,4.3,1.4,0.0,1.966666666666658,1.0714285714285665,1.8000000000000025
2021-02-06,13.5,2.6,7.5,0.0,9.2,61,2,37,1,7.8,8.0,7.3,7.9,7.700000000000002,8.471428571428572,7.614285714285715,0.0,0.2,4.3,0.0,1.4999999999999911,1.0714285714285665,1.421428571428574
2021-02-07,17.9,4.2,12.2,0.0,9.8,44,2,38,1,7.5,7.8,8.0,10.5,7.766666666666668,8.414285714285715,7.821428571428571,0.0,0.0,0.2,0.2,0.06666666666665778,1.0714285714285665,0.6428571428571456
2021-02-08,17.7,8.8,14.8,0.0,10.1,41,2,39,1,12.2,7.5,7.8,8.9,9.166666666666668,8.657142857142857,8.285714285714286,0.0,0.0,0.0,1.4,0.0,1.042857142857138,0.6428571428571456
2021-02-09,17.4,8.3,13.7,0.7,8.4,47,2,40,1,14.8,12.2,7.5,8.9,11.5,9.5,8.792857142857143,0.0,0.0,0.0,1.4,0.0,0.8428571428571381,0.6285714285714313
2021-02-10,18.7,7.7,13.3,0.0,7.6,44,2,41,1,13.7,14.8,12.2,7.3,13.566666666666668,10.185714285714285,9.278571428571428,0.7,0.0,0.0,4.3,0.23333333333332443,0.7428571428571379,0.6142857142857169
2021-02-11,17.9,8.8,14.8,0.0,7.3,40,2,42,1,13.3,13.7,14.8,8.0,13.933333333333337,11.042857142857143,9.714285714285714,0.0,0.7,0.0,0.2,0.23333333333332443,0.12857142857142387,0.6142857142857169
2021-02-12,18.7,6.5,13.6,0.0,12.5,40,2,43,1,14.8,13.3,13.7,7.8,13.933333333333335,12.014285714285714,10.207142857142857,0.0,0.0,0.7,0.0,0.23333333333332443,0.0999999999999953,0.5857142857142883
2021-02-13,18.1,9.8,15.0,0.0,7.5,36,2,44,1,13.6,14.8,13.3,7.5,13.900000000000004,12.842857142857143,10.657142857142858,0.0,0.0,0.0,0.0,0.0,0.0999999999999953,0.5857142857142883
2021-02-14,18.6,9.0,13.6,0.0,7.6,50,2,45,1,15.0,13.6,14.8,12.2,14.466666666666669,13.914285714285715,11.164285714285715,0.0,0.0,0.0,0.0,0.0,0.0999999999999953,0.5857142857142883
2021-02-15,18.3,6.6,12.1,0.0,9.5,45,2,46,1,13.6,15.0,13.6,14.8,14.066666666666668,14.114285714285714,11.385714285714286,0.0,0.0,0.0,0.0,0.0,0.0999999999999953,0.5714285714285741
2021-02-16,18.6,6.3,12.2,0.0,9.0,47,2,47,1,12.1,13.6,15.0,13.7,13.566666666666668,13.72857142857143,11.614285714285714,0.0,0.0,0.0,0.7,0.0,0.0999999999999953,0.4714285714285741
2021-02-17,18.2,7.3,12.0,0.0,9.4,36,2,48,1,12.2,12.1,13.6,13.3,12.633333333333335,13.514285714285714,11.85,0.0,0.0,0.0,0.0,0.0,0.0,0.37142857142857405
2021-02-18,18.1,7.7,14.3,0.0,9.0,36,2,49,1,12.0,12.2,12.1,14.8,12.100000000000001,13.328571428571427,12.185714285714287,0.0,0.0,0.0,0.0,0.0,0.0,0.06428571428571694
2021-02-19,18.4,7.7,14.2,0.0,9.5,37,2,50,1,14.3,12.0,12.2,13.6,12.833333333333336,13.257142857142858,12.635714285714286,0.0,0.0,0.0,0.0,0.0,0.0,0.05000000000000266
2021-02-20,16.8,10.2,15.2,0.0,6.0,43,2,51,1,14.2,14.3,12.0,15.0,13.500000000000002,13.342857142857142,13.092857142857143,0.0,0.0,0.0,0.0,0.0,0.0,0.05000000000000266
2021-02-21,19.7,9.2,15.7,0.0,8.2,46,2,52,1,15.2,14.2,14.3,13.6,14.566666666666668,13.37142857142857,13.642857142857142,0.0,0.0,0.0,0.0,0.0,0.0,0.05000000000000266
2021-02-22,18.0,10.3,14.5,1.7,11.4,62,2,53,1,15.7,15.2,14.2,12.1,15.033333333333333,13.671428571428573,13.892857142857142,0.0,0.0,0.0,0.0,0.0,0.0,0.05000000000000266
2021-02-23,15.0,9.0,11.2,9.7,17.9,81,2,54,1,14.5,15.7,15.2,12.2,15.133333333333335,14.014285714285714,13.87142857142857,1.7,0.0,0.0,0.0,0.5666666666666578,0.24285714285713816,0.1714285714285741
2021-02-24,17.2,8.3,12.4,0.3,12.9,64,2,55,1,11.2,14.5,15.7,12.0,13.800000000000002,13.871428571428572,13.692857142857145,9.7,1.7,0.0,0.0,3.7999999999999905,1.628571428571424,0.8142857142857168
2021-02-25,17.4,8.8,12.6,5.5,15.7,72,2,56,1,12.4,11.2,14.5,14.3,12.700000000000003,13.928571428571429,13.62857142857143,0.3,9.7,1.7,0.0,3.899999999999991,1.6714285714285668,0.8357142857142883
2021-02-26,14.7,9.7,11.8,17.1,11.1,83,2,57,1,12.6,12.4,11.2,14.2,12.066666666666668,13.685714285714285,13.471428571428572,5.5,0.3,9.7,0.0,5.166666666666657,2.4571428571428524,1.228571428571431
2021-02-27,15.3,6.7,10.6,6.2,12.3,70,2,58,1,11.8,12.6,12.4,15.2,12.266666666666667,13.342857142857143,13.342857142857142,17.1,5.5,0.3,0.0,7.633333333333325,4.899999999999996,2.450000000000003
2021-02-28,16.7,6.9,12.0,1.7,8.6,55,2,59,1,10.6,11.8,12.6,15.7,11.66666666666667,12.685714285714285,13.028571428571427,6.2,17.1,5.5,0.0,9.59999999999999,5.785714285714282,2.8928571428571455
2021-03-01,17.2,7.5,13.6,0.2,9.4,50,3,60,2,12.0,10.6,11.8,14.5,11.466666666666669,12.157142857142857,12.914285714285715,1.7,6.2,17.1,1.7,8.333333333333323,6.028571428571424,3.014285714285717
2021-03-02,18.8,7.8,12.7,0.0,11.8,48,3,61,2,13.6,12.0,10.6,11.2,12.066666666666668,12.028571428571428,13.021428571428572,0.2,1.7,6.2,9.7,2.6999999999999904,5.81428571428571,3.028571428571431
2021-03-03,18.9,10.0,15.6,0.3,10.1,42,3,62,2,12.7,13.6,12.0,12.4,12.766666666666667,12.242857142857142,13.057142857142855,0.0,0.2,1.7,0.3,0.6333333333333239,4.428571428571424,3.028571428571431
2021-03-04,18.2,9.6,13.9,0.0,11.7,53,3,63,2,15.6,12.7,13.6,12.6,13.966666666666669,12.700000000000001,13.314285714285713,0.3,0.0,0.2,5.5,0.1666666666666572,4.428571428571424,3.050000000000003
2021-03-05,18.8,9.2,14.5,0.0,10.4,48,3,64,2,13.9,15.6,12.7,11.8,14.066666666666668,12.885714285714284,13.285714285714286,0.0,0.3,0.0,17.1,0.09999999999999053,3.6428571428571384,3.050000000000003
2021-03-06,19.5,10.0,14.3,1.4,9.7,44,3,65,2,14.5,13.9,15.6,10.6,14.66666666666667,13.27142857142857,13.307142857142855,0.0,0.0,0.3,6.2,0.09999999999999053,1.1999999999999955,3.050000000000003
2021-03-07,15.7,9.0,11.8,5.0,17.3,72,3,66,2,14.3,14.5,13.9,12.0,14.233333333333334,13.8,13.242857142857144,1.4,0.0,0.0,1.7,0.4666666666666572,0.5142857142857097,3.1500000000000026
2021-03-08,17.7,8.3,12.0,2.3,15.8,72,3,67,2,11.8,14.3,14.5,13.6,13.533333333333337,13.771428571428572,12.964285714285714,5.0,1.4,0.0,0.2,2.133333333333324,0.9857142857142811,3.50714285714286
2021-03-09,19.6,7.9,12.9,0.9,12.8,56,3,68,2,12.0,11.8,14.3,12.7,12.700000000000003,13.542857142857143,12.785714285714286,2.3,5.0,1.4,0.0,2.89999999999999,1.2857142857142811,3.550000000000002
2021-03-10,17.4,10.0,13.2,1.6,12.9,56,3,69,2,12.9,12.0,11.8,15.6,12.233333333333334,13.571428571428571,12.907142857142857,0.9,2.3,5.0,0.3,2.7333333333333236,1.4142857142857095,2.921428571428574
2021-03-11,13.2,8.6,11.0,15.1,17.0,76,3,70,2,13.2,12.9,12.0,13.9,12.700000000000003,13.228571428571428,12.964285714285714,1.6,0.9,2.3,0.0,1.5999999999999905,1.5999999999999954,3.014285714285717
2021-03-12,13.8,8.1,10.7,10.6,15.9,78,3,71,2,11.0,13.2,12.9,14.5,12.366666666666669,12.814285714285715,12.849999999999998,15.1,1.6,0.9,0.0,5.866666666666657,3.7571428571428522,3.700000000000003
2021-03-13,20.6,8.3,13.8,0.1,9.9,56,3,72,2,10.7,11.0,13.2,14.3,11.633333333333335,12.271428571428572,12.771428571428572,10.6,15.1,1.6,1.4,9.09999999999999,5.271428571428566,3.235714285714288
2021-03-14,13.7,8.4,11.1,11.2,14.7,73,3,73,2,13.8,10.7,11.0,11.8,11.833333333333334,12.2,13.0,0.1,10.6,15.1,5.0,8.59999999999999,5.085714285714281,2.800000000000003
2021-03-15,19.6,8.3,13.8,0.4,10.3,62,3,74,2,11.1,13.8,10.7,12.0,11.866666666666667,12.1,12.935714285714285,11.2,0.1,10.6,2.3,7.29999999999999,5.971428571428567,3.478571428571431
2021-03-16,20.1,10.8,15.5,0.1,10.0,55,3,75,2,13.8,11.1,13.8,12.9,12.900000000000004,12.357142857142858,12.95,0.4,11.2,0.1,0.9,3.89999999999999,5.699999999999996,3.492857142857145
2021-03-17,18.8,10.0,13.9,0.4,11.9,65,3,76,2,15.5,13.8,11.1,13.2,13.466666666666669,12.728571428571428,13.15,0.1,0.4,11.2,1.6,3.89999999999999,5.585714285714281,3.5000000000000027
2021-03-18,21.1,10.7,15.1,0.2,8.8,53,3,77,2,13.9,15.5,13.8,11.0,14.4,12.828571428571431,13.028571428571428,0.4,0.1,0.4,15.1,0.29999999999999055,5.41428571428571,3.5071428571428593
2021-03-19,22.2,11.4,15.9,0.3,13.8,48,3,78,2,15.1,13.9,15.5,10.7,14.833333333333336,13.414285714285715,13.114285714285714,0.2,0.4,0.1,10.6,0.23333333333332384,3.285714285714281,3.5214285714285736
2021-03-20,22.1,12.4,16.6,0.0,14.8,44,3,79,2,15.9,15.1,13.9,13.8,14.966666666666669,14.157142857142857,13.214285714285714,0.3,0.2,0.4,0.1,0.29999999999999055,1.8142857142857096,3.542857142857145
2021-03-21,19.8,11.0,15.0,10.4,9.9,66,3,80,2,16.6,15.9,15.1,11.1,15.866666666666669,14.557142857142859,13.378571428571428,0.0,0.3,0.2,11.2,0.1666666666666572,1.7999999999999954,3.4428571428571453
2021-03-22,14.8,9.4,11.4,22.0,14.5,83,3,81,2,15.0,16.6,15.9,13.8,15.833333333333336,15.114285714285714,13.607142857142858,10.4,0.0,0.3,0.4,3.5666666666666575,1.6857142857142813,3.8285714285714314
2021-03-23,15.5,9.1,11.6,22.8,22.3,78,3,82,2,11.4,15.0,16.6,15.5,14.333333333333336,14.771428571428572,13.564285714285715,22.0,10.4,0.0,0.1,10.79999999999999,4.771428571428567,5.235714285714288
2021-03-24,14.6,8.2,10.9,14.2,10.3,80,3,83,2,11.6,11.4,15.0,13.9,12.66666666666667,14.214285714285714,13.471428571428572,22.8,22.0,10.4,0.4,18.39999999999999,8.014285714285709,6.8000000000000025
2021-03-25,19.9,8.1,13.7,0.0,10.2,52,3,84,2,10.9,11.6,11.4,15.1,11.300000000000002,13.785714285714286,13.307142857142855,14.2,22.8,22.0,0.2,19.666666666666657,9.985714285714282,7.700000000000003
2021-03-26,23.0,9.9,16.3,0.0,10.0,48,3,85,2,13.7,10.9,11.6,15.9,12.06666666666667,13.585714285714285,13.500000000000002,0.0,14.2,22.8,0.3,12.333333333333323,9.957142857142852,6.6214285714285745
2021-03-27,23.3,11.9,18.8,0.0,14.2,46,3,86,2,16.3,13.7,10.9,16.6,13.633333333333335,13.642857142857142,13.9,0.0,0.0,14.2,0.0,4.733333333333324,9.914285714285711,5.8642857142857165
2021-03-28,23.3,13.7,18.2,3.8,12.8,56,3,87,2,18.8,16.3,13.7,15.0,16.26666666666667,13.957142857142857,14.257142857142858,0.0,0.0,0.0,10.4,0.0,9.914285714285711,5.85714285714286
2021-03-29,19.2,11.9,15.4,15.7,15.5,83,3,88,2,18.2,18.8,16.3,11.4,17.76666666666667,14.414285714285715,14.764285714285714,3.8,0.0,0.0,22.0,1.266666666666657,8.971428571428566,5.328571428571431
2021-03-30,20.1,10.0,16.8,0.1,13.2,39,3,89,2,15.4,18.2,18.8,11.6,17.46666666666667,14.985714285714284,14.87857142857143,15.7,3.8,0.0,22.8,6.49999999999999,8.071428571428568,6.4214285714285735
2021-03-31,19.5,9.5,15.3,0.0,10.7,47,3,90,2,16.8,15.4,18.2,10.9,16.800000000000004,15.728571428571428,14.971428571428573,0.1,15.7,3.8,14.2,6.533333333333324,4.828571428571425,6.4214285714285735
2021-04-01,19.3,9.0,15.1,0.0,16.5,40,4,91,2,15.3,16.8,15.4,13.7,15.833333333333337,16.357142857142858,15.071428571428571,0.0,0.1,15.7,0.0,5.266666666666657,2.7999999999999963,6.392857142857145
2021-04-02,18.1,9.7,14.5,0.0,10.9,34,4,92,2,15.1,15.3,16.8,16.3,15.733333333333336,16.557142857142857,15.071428571428573,0.0,0.0,0.1,0.0,0.03333333333332386,2.7999999999999963,6.378571428571432
2021-04-03,21.0,8.0,14.7,0.0,10.0,30,4,93,2,14.5,15.1,15.3,18.8,14.966666666666669,16.3,14.971428571428573,0.0,0.0,0.0,0.0,0.0,2.7999999999999963,6.357142857142859
2021-04-04,20.2,11.7,15.6,1.4,16.1,41,4,94,2,14.7,14.5,15.1,18.2,14.766666666666667,15.714285714285714,14.835714285714287,0.0,0.0,0.0,3.8,0.0,2.7999999999999963,6.357142857142859
2021-04-05,19.9,11.0,15.0,1.4,14.8,64,4,95,2,15.6,14.7,14.5,15.4,14.933333333333335,15.342857142857143,14.87857142857143,1.4,0.0,0.0,15.7,0.4666666666666572,2.457142857142853,5.714285714285717
2021-04-06,17.3,10.9,13.5,27.1,19.7,82,4,96,2,15.0,15.6,14.7,16.8,15.100000000000001,15.285714285714286,15.135714285714286,1.4,1.4,0.0,0.1,0.9333333333333238,0.4142857142857102,4.2428571428571455
2021-04-07,18.0,8.4,13.1,1.9,7.7,68,4,97,2,13.5,15.0,15.6,15.3,14.700000000000003,14.814285714285713,15.271428571428572,27.1,1.4,1.4,0.0,9.966666666666658,4.271428571428568,4.5500000000000025
2021-04-08,20.0,9.9,14.2,3.1,10.7,50,4,98,2,13.1,13.5,15.0,15.1,13.866666666666669,14.5,15.428571428571429,1.9,27.1,1.4,0.0,10.133333333333324,4.542857142857139,3.671428571428574
2021-04-09,21.0,9.8,15.1,0.0,10.3,43,4,99,2,14.2,13.1,13.5,14.5,13.600000000000001,14.37142857142857,15.464285714285714,3.1,1.9,27.1,0.0,10.69999999999999,4.985714285714282,3.892857142857145
2021-04-10,22.5,12.4,16.6,0.5,12.0,45,4,100,2,15.1,14.2,13.1,14.7,14.133333333333335,14.457142857142857,15.37857142857143,0.0,3.1,1.9,0.0,1.6666666666666572,4.985714285714282,3.892857142857145
2021-04-11,20.5,12.9,15.6,4.9,16.9,59,4,101,2,16.6,15.1,14.2,15.6,15.300000000000002,14.728571428571428,15.221428571428572,0.5,0.0,3.1,1.4,1.1999999999999906,5.057142857142854,3.9285714285714306
2021-04-12,22.3,11.0,16.9,0.4,13.8,57,4,102,2,15.6,16.6,15.1,15.0,15.766666666666671,14.72857142857143,15.035714285714286,4.9,0.5,0.0,1.4,1.7999999999999907,5.557142857142854,4.00714285714286
2021-04-13,23.4,13.9,17.9,0.0,11.8,50,4,103,2,16.9,15.6,16.6,13.5,16.36666666666667,15.0,15.142857142857142,0.4,4.9,0.5,27.1,1.933333333333324,5.414285714285711,2.914285714285717
2021-04-14,24.2,14.1,18.0,2.4,14.8,54,4,104,2,17.9,16.9,15.6,13.1,16.8,15.62857142857143,15.221428571428572,0.0,0.4,4.9,1.9,1.7666666666666575,1.542857142857139,2.9071428571428597
2021-04-15,19.6,11.7,15.3,18.0,15.7,74,4,105,2,18.0,17.9,16.9,14.2,17.6,16.328571428571426,15.414285714285715,2.4,0.0,0.4,3.1,0.9333333333333238,1.6142857142857103,3.0785714285714314
2021-04-16,20.2,11.9,14.5,11.8,15.1,74,4,106,2,15.3,18.0,17.9,15.1,17.066666666666666,16.485714285714288,15.428571428571427,18.0,2.4,0.0,0.0,6.79999999999999,3.7428571428571393,4.3642857142857165
2021-04-17,15.1,10.3,12.7,14.5,10.5,81,4,107,2,14.5,15.3,18.0,16.6,15.933333333333337,16.4,15.428571428571427,11.8,18.0,2.4,0.5,10.733333333333325,5.428571428571424,5.20714285714286
2021-04-18,17.4,10.6,13.8,6.3,9.6,77,4,108,2,12.7,14.5,15.3,15.6,14.16666666666667,15.842857142857143,15.285714285714286,14.5,11.8,18.0,4.9,14.766666666666657,7.428571428571424,6.2428571428571455
2021-04-19,21.7,9.7,15.9,0.0,9.1,53,4,109,2,13.8,12.7,14.5,16.9,13.66666666666667,15.585714285714285,15.157142857142857,6.3,14.5,11.8,0.4,10.866666666666658,7.6285714285714255,6.592857142857144
2021-04-20,22.1,12.9,16.8,2.0,9.2,50,4,110,2,15.9,13.8,12.7,17.9,14.133333333333335,15.442857142857141,15.221428571428572,0.0,6.3,14.5,0.0,6.933333333333324,7.5714285714285685,6.4928571428571455
2021-04-21,18.1,11.0,14.9,3.1,11.8,71,4,111,2,16.8,15.9,13.8,18.0,15.500000000000005,15.285714285714286,15.457142857142857,2.0,0.0,6.3,2.4,2.7666666666666573,7.857142857142854,4.700000000000002
2021-04-22,16.1,10.1,12.5,17.5,10.8,84,4,112,2,14.9,16.8,15.9,15.3,15.866666666666672,14.842857142857142,15.585714285714287,3.1,2.0,0.0,18.0,1.6999999999999904,7.957142857142854,4.785714285714287
2021-04-23,18.3,8.4,13.3,2.7,13.3,74,4,113,2,12.5,14.9,16.8,14.5,14.733333333333336,14.442857142857141,15.464285714285714,17.5,3.1,2.0,11.8,7.533333333333324,7.885714285714282,5.814285714285717
2021-04-24,23.6,9.3,16.7,0.0,9.7,54,4,114,2,13.3,12.5,14.9,12.7,13.56666666666667,14.27142857142857,15.335714285714285,2.7,17.5,3.1,14.5,7.766666666666658,6.585714285714282,6.00714285714286
2021-04-25,25.7,12.6,19.5,0.0,10.5,40,4,115,2,16.7,13.3,12.5,13.8,14.166666666666671,14.842857142857142,15.342857142857143,0.0,2.7,17.5,6.3,6.733333333333324,4.514285714285711,5.971428571428574
2021-04-26,27.0,17.3,22.1,0.0,9.2,37,4,116,2,19.5,16.7,13.3,15.9,16.500000000000004,15.657142857142857,15.62142857142857,0.0,0.0,2.7,0.0,0.8999999999999906,3.6142857142857103,5.621428571428574
2021-04-27,28.3,17.5,22.6,0.0,9.9,34,4,117,2,22.1,19.5,16.7,16.8,19.433333333333337,16.542857142857144,15.992857142857144,0.0,0.0,0.0,2.0,0.0,3.6142857142857103,5.592857142857146
2021-04-28,28.7,17.3,22.8,0.0,8.9,34,4,118,2,22.6,22.1,19.5,14.9,21.400000000000006,17.37142857142857,16.32857142857143,0.0,0.0,0.0,3.1,0.0,3.3285714285714247,5.592857142857146
2021-04-29,28.0,17.7,22.4,0.6,10.4,41,4,119,2,22.8,22.6,22.1,12.5,22.500000000000004,18.5,16.67142857142857,0.0,0.0,0.0,17.5,0.0,2.885714285714282,5.4214285714285735
2021-04-30,28.2,18.5,22.2,1.0,9.5,44,4,120,2,22.4,22.8,22.6,13.3,22.600000000000005,19.914285714285715,17.178571428571427,0.6,0.0,0.0,2.7,0.19999999999999052,0.4714285714285679,4.1785714285714315
2021-05-01,28.3,17.6,22.8,0.0,8.0,39,5,121,2,22.2,22.4,22.8,16.7,22.46666666666667,21.185714285714287,17.72857142857143,1.0,0.6,0.0,0.0,0.5333333333333239,0.22857142857142504,3.4071428571428592
2021-05-02,27.6,17.7,23.0,0.1,6.4,46,5,122,2,22.8,22.2,22.4,19.5,22.466666666666672,22.057142857142857,18.45,0.0,1.0,0.6,0.0,0.5333333333333239,0.22857142857142504,2.3714285714285737
2021-05-03,27.7,17.3,23.5,0.1,10.2,47,5,123,2,23.0,22.8,22.2,22.1,22.66666666666667,22.557142857142853,19.107142857142858,0.1,0.0,1.0,0.0,0.3666666666666572,0.2428571428571393,1.9285714285714308
2021-05-04,25.0,17.3,21.8,9.7,12.4,61,5,124,2,23.5,23.0,22.8,22.6,23.100000000000005,22.757142857142856,19.650000000000002,0.1,0.1,0.0,0.0,0.06666666666665723,0.2571428571428536,1.9357142857142882
2021-05-05,23.8,14.9,18.9,5.2,10.8,73,5,125,2,21.8,23.5,23.0,22.8,22.76666666666667,22.642857142857142,20.00714285714286,9.7,0.1,0.1,0.0,3.29999999999999,1.6428571428571392,2.485714285714288
2021-05-06,24.5,15.1,19.8,0.9,15.1,61,5,126,2,18.9,21.8,23.5,22.4,21.400000000000006,22.085714285714285,20.292857142857144,5.2,9.7,0.1,0.6,4.99999999999999,2.385714285714282,2.6357142857142883
2021-05-07,23.8,15.7,20.4,0.2,13.4,60,5,127,2,19.8,18.9,21.8,22.2,20.16666666666667,21.714285714285715,20.814285714285717,0.9,5.2,9.7,1.0,5.266666666666657,2.428571428571425,1.4500000000000026
2021-05-08,24.8,15.3,20.1,1.2,9.3,60,5,128,2,20.4,19.8,18.9,22.8,19.700000000000003,21.457142857142856,21.321428571428573,0.2,0.9,5.2,0.0,2.0999999999999903,2.3142857142857105,1.271428571428574
2021-05-09,25.1,16.2,20.2,1.8,12.2,63,5,129,2,20.1,20.4,19.8,23.0,20.100000000000005,21.071428571428573,21.564285714285717,1.2,0.2,0.9,0.1,0.7666666666666572,2.4857142857142827,1.3571428571428596
2021-05-10,25.4,16.9,21.0,0.0,8.8,64,5,130,2,20.2,20.1,20.4,23.5,20.233333333333338,20.67142857142857,21.614285714285717,1.8,1.2,0.2,0.1,1.0666666666666573,2.7285714285714247,1.4857142857142882
2021-05-11,22.1,16.3,19.3,4.2,10.8,70,5,131,2,21.0,20.2,20.1,21.8,20.433333333333337,20.314285714285713,21.535714285714285,0.0,1.8,1.2,9.7,0.9999999999999906,2.714285714285711,1.4857142857142882
2021-05-12,23.1,15.1,18.8,2.1,12.6,66,5,132,2,19.3,21.0,20.2,18.9,20.16666666666667,19.957142857142856,21.3,4.2,0.0,1.8,5.2,1.9999999999999905,1.928571428571425,1.7857142857142883
2021-05-13,21.7,14.0,17.4,4.5,10.2,71,5,133,2,18.8,19.3,21.0,19.8,19.700000000000006,19.942857142857143,21.014285714285716,2.1,4.2,0.0,0.9,2.0999999999999908,1.4857142857142822,1.9357142857142884
2021-05-14,21.9,14.6,18.3,2.2,10.4,66,5,134,2,17.4,18.8,19.3,20.4,18.500000000000004,19.599999999999998,20.657142857142855,4.5,2.1,4.2,0.2,3.5999999999999908,1.9999999999999964,2.2142857142857166
2021-05-15,23.9,14.5,18.7,0.2,10.0,62,5,135,2,18.3,17.4,18.8,20.1,18.16666666666667,19.3,20.37857142857143,2.2,4.5,2.1,1.2,2.9333333333333242,2.285714285714282,2.300000000000002
2021-05-16,24.9,14.8,19.9,0.4,12.1,55,5,136,2,18.7,18.3,17.4,20.2,18.133333333333336,19.099999999999998,20.085714285714285,0.2,2.2,4.5,1.8,2.299999999999991,2.1428571428571392,2.3142857142857167
2021-05-17,26.6,13.9,21.0,0.1,11.3,51,5,137,2,19.9,18.7,18.3,21.0,18.966666666666672,19.057142857142857,19.86428571428571,0.4,0.2,2.2,0.0,0.9333333333333242,1.9428571428571393,2.335714285714288
2021-05-18,28.7,17.5,22.6,0.1,9.4,43,5,138,2,21.0,19.9,18.7,19.3,19.86666666666667,19.057142857142857,19.685714285714287,0.1,0.4,0.2,4.2,0.23333333333332418,1.9571428571428535,2.335714285714288
2021-05-19,27.1,17.0,22.1,0.0,11.4,44,5,139,2,22.6,21.0,19.9,18.8,21.16666666666667,19.52857142857143,19.74285714285714,0.1,0.1,0.4,2.1,0.19999999999999085,1.3714285714285679,1.6500000000000026
2021-05-20,27.2,17.9,22.4,1.1,12.0,51,5,140,2,22.1,22.6,21.0,17.4,21.900000000000006,20.0,19.97142857142857,0.0,0.1,0.1,4.5,0.06666666666665749,1.0714285714285678,1.2785714285714314
2021-05-21,26.3,14.9,20.3,2.1,23.0,55,5,141,2,22.4,22.1,22.6,18.3,22.366666666666674,20.714285714285715,20.157142857142855,1.1,0.0,0.1,2.2,0.39999999999999086,0.5857142857142822,1.2928571428571451
2021-05-22,25.1,15.6,20.6,0.0,12.3,48,5,142,2,20.3,22.4,22.1,18.7,21.600000000000005,21.0,20.15,2.1,1.1,0.0,0.2,1.0666666666666575,0.5714285714285678,1.428571428571431
2021-05-23,22.6,16.3,19.4,0.3,15.8,55,5,143,2,20.6,20.3,22.4,19.9,21.100000000000005,21.271428571428572,20.185714285714287,0.0,2.1,1.1,0.4,1.0666666666666575,0.5428571428571393,1.3428571428571454
2021-05-24,26.2,15.3,20.8,0.1,12.4,42,5,144,2,19.4,20.6,20.3,21.0,20.100000000000005,21.2,20.12857142857143,0.3,0.0,2.1,0.1,0.7999999999999908,0.528571428571425,1.2357142857142882
2021-05-25,28.0,16.7,22.2,0.0,9.3,36,5,145,2,20.8,19.4,20.6,22.6,20.266666666666673,21.17142857142857,20.114285714285717,0.1,0.3,0.0,0.1,0.13333333333332417,0.528571428571425,1.2428571428571453
2021-05-26,29.9,17.4,24.1,0.0,10.2,33,5,146,2,22.2,20.8,19.4,22.1,20.800000000000008,21.114285714285717,20.321428571428573,0.0,0.1,0.3,0.0,0.13333333333332417,0.5142857142857107,0.9428571428571454
2021-05-27,31.8,19.5,26.0,0.0,11.6,29,5,147,2,24.1,22.2,20.8,22.4,22.36666666666667,21.400000000000002,20.7,0.0,0.0,0.1,1.1,0.03333333333332416,0.5142857142857107,0.7928571428571454
2021-05-28,33.4,21.7,27.6,0.0,15.5,27,5,148,2,26.0,24.1,22.2,20.3,24.100000000000005,21.914285714285715,21.314285714285717,0.0,0.0,0.0,2.1,0.0,0.3571428571428536,0.47142857142857403
2021-05-29,32.3,21.7,27.9,0.0,13.0,30,5,149,2,27.6,26.0,24.1,20.6,25.900000000000006,22.95714285714286,21.978571428571428,0.0,0.0,0.0,0.0,0.0,0.05714285714285353,0.31428571428571683
2021-05-30,30.6,22.3,27.1,0.0,14.0,35,5,150,2,27.9,27.6,26.0,19.4,27.16666666666667,24.0,22.63571428571429,0.0,0.0,0.0,0.3,0.0,0.05714285714285353,0.30000000000000254
2021-05-31,27.9,20.5,24.4,1.1,11.9,49,5,151,2,27.1,27.9,27.6,20.8,27.533333333333342,25.1,23.15,0.0,0.0,0.0,0.1,0.0,0.01428571428571067,0.27142857142857396
2021-06-01,26.1,17.5,21.8,2.1,9.4,61,6,152,3,24.4,27.1,27.9,22.2,26.46666666666667,25.614285714285717,23.392857142857142,1.1,0.0,0.0,0.0,0.36666666666665754,0.15714285714285353,0.34285714285714536
2021-06-02,26.3,17.6,22.6,1.1,11.7,60,6,153,3,21.8,24.4,27.1,24.1,24.433333333333337,25.557142857142857,23.33571428571429,2.1,1.1,0.0,0.0,1.0666666666666575,0.4571428571428536,0.4857142857142883
2021-06-03,26.0,18.3,22.1,1.6,10.2,67,6,154,3,22.6,21.8,24.4,26.0,22.933333333333337,25.342857142857138,23.37142857142857,1.1,2.1,1.1,0.0,1.433333333333324,0.6142857142857107,0.5642857142857168
2021-06-04,27.9,17.8,23.2,2.2,13.0,64,6,155,3,22.1,22.6,21.8,27.6,22.166666666666675,24.785714285714285,23.35,1.6,1.1,2.1,0.0,1.5999999999999908,0.8428571428571393,0.6000000000000025
2021-06-05,29.1,21.0,25.7,0.5,10.1,51,6,156,3,23.2,22.1,22.6,27.9,22.63333333333334,24.157142857142855,23.557142857142857,2.2,1.6,1.1,0.0,1.6333333333333242,1.1571428571428535,0.6071428571428596
2021-06-06,30.0,22.6,26.3,1.4,9.9,52,6,157,3,25.7,23.2,22.1,27.1,23.66666666666667,23.842857142857138,23.92142857142857,0.5,2.2,1.6,0.0,1.433333333333324,1.2285714285714249,0.6428571428571453
2021-06-07,32.9,22.3,28.1,0.0,10.4,46,6,158,3,26.3,25.7,23.2,24.4,25.066666666666674,23.728571428571428,24.414285714285715,1.4,0.5,2.2,1.1,1.3666666666666576,1.428571428571425,0.721428571428574
2021-06-08,34.6,24.5,30.1,0.0,13.2,44,6,159,3,28.1,26.3,25.7,21.8,26.700000000000003,24.257142857142856,24.935714285714287,0.0,1.4,0.5,2.1,0.6333333333333241,1.271428571428568,0.7142857142857169
2021-06-09,36.0,25.8,31.0,0.0,13.1,35,6,160,3,30.1,28.1,26.3,22.6,28.16666666666667,25.442857142857147,25.5,0.0,0.0,1.4,1.1,0.46666666666665746,0.9714285714285679,0.7142857142857169
2021-06-10,36.0,25.4,31.8,0.0,13.0,33,6,161,3,31.0,30.1,28.1,22.1,29.733333333333338,26.642857142857142,25.99285714285714,0.0,0.0,0.0,1.6,0.0,0.8142857142857106,0.7142857142857169
2021-06-11,32.7,24.4,28.1,0.0,13.4,49,6,162,3,31.8,31.0,30.1,23.2,30.96666666666667,28.02857142857143,26.407142857142855,0.0,0.0,0.0,2.2,0.0,0.5857142857142821,0.7142857142857169
2021-06-12,32.0,24.5,28.9,0.0,14.0,41,6,163,3,28.1,31.8,31.0,25.7,30.300000000000008,28.72857142857143,26.442857142857147,0.0,0.0,0.0,0.5,0.0,0.2714285714285678,0.7142857142857169
2021-06-13,27.5,19.4,23.4,2.4,14.0,68,6,164,3,28.9,28.1,31.8,26.3,29.600000000000005,29.185714285714287,26.514285714285712,0.0,0.0,0.0,1.4,0.0,0.19999999999999638,0.7142857142857169
2021-06-14,27.7,18.0,22.8,2.3,12.9,68,6,165,3,23.4,28.9,28.1,28.1,26.8,28.771428571428572,26.25,2.4,0.0,0.0,0.0,0.7999999999999908,0.34285714285713925,0.8857142857142882
2021-06-15,27.2,18.3,23.3,0.8,10.5,58,6,166,3,22.8,23.4,28.9,30.1,25.033333333333335,28.014285714285716,26.135714285714283,2.3,2.4,0.0,0.0,1.5666666666666575,0.6714285714285678,0.971428571428574
2021-06-16,28.2,19.1,23.7,0.3,11.6,50,6,167,3,23.3,22.8,23.4,31.0,23.16666666666667,27.04285714285714,26.24285714285714,0.8,2.3,2.4,0.0,1.8333333333333242,0.785714285714282,0.8785714285714311
2021-06-17,27.1,17.8,22.5,0.0,11.6,58,6,168,3,23.7,23.3,22.8,31.8,23.26666666666667,26.0,26.321428571428573,0.3,0.8,2.3,0.0,1.1333333333333242,0.8285714285714249,0.8214285714285738
2021-06-18,29.3,18.8,24.3,0.0,8.4,40,6,169,3,22.5,23.7,23.3,28.1,23.16666666666667,24.671428571428574,26.349999999999998,0.0,0.3,0.8,0.0,0.36666666666665754,0.8285714285714249,0.7071428571428596
2021-06-19,30.9,20.8,26.2,0.0,10.8,34,6,170,3,24.3,22.5,23.7,28.9,23.500000000000004,24.12857142857143,26.428571428571427,0.0,0.0,0.3,0.0,0.09999999999999082,0.8285714285714249,0.5500000000000026
2021-06-20,29.6,20.4,25.8,0.1,15.1,44,6,171,3,26.2,24.3,22.5,23.4,24.33333333333334,23.742857142857144,26.464285714285715,0.0,0.0,0.0,2.4,0.0,0.8285714285714249,0.5142857142857168
2021-06-21,30.7,17.9,24.6,0.0,17.6,49,6,172,3,25.8,26.2,24.3,22.8,25.433333333333337,24.085714285714285,26.428571428571427,0.1,0.0,0.0,2.3,0.03333333333332416,0.4999999999999964,0.42142857142857393
2021-06-22,31.7,19.4,25.7,0.0,8.3,40,6,173,3,24.6,25.8,26.2,23.3,25.533333333333342,24.342857142857138,26.178571428571427,0.0,0.1,0.0,0.8,0.03333333333332416,0.1714285714285678,0.42142857142857393
2021-06-23,32.0,21.6,27.3,0.0,12.2,33,6,174,3,25.7,24.6,25.8,23.7,25.36666666666667,24.685714285714287,25.864285714285717,0.0,0.0,0.1,0.3,0.03333333333332416,0.05714285714285353,0.42142857142857393
2021-06-24,32.3,21.6,27.0,0.0,17.2,32,6,175,3,27.3,25.7,24.6,22.5,25.866666666666674,25.199999999999996,25.6,0.0,0.0,0.0,0.0,0.0,0.01428571428571067,0.42142857142857393
2021-06-25,30.5,21.9,26.2,0.5,15.9,43,6,176,3,27.0,27.3,25.7,24.3,26.66666666666667,25.842857142857138,25.25714285714286,0.0,0.0,0.0,0.0,0.0,0.01428571428571067,0.42142857142857393
2021-06-26,30.3,18.8,24.3,0.6,14.0,52,6,177,3,26.2,27.0,27.3,26.2,26.83333333333334,26.114285714285717,25.12142857142857,0.5,0.0,0.0,0.0,0.1666666666666575,0.08571428571428209,0.4571428571428596
2021-06-27,31.4,20.6,26.0,0.0,14.5,44,6,178,3,24.3,26.2,27.0,25.8,25.83333333333334,25.842857142857138,24.792857142857144,0.6,0.5,0.0,0.1,0.36666666666665754,0.1714285714285678,0.5000000000000026
2021-06-28,32.2,21.5,27.6,0.0,12.9,38,6,179,3,26.0,24.3,26.2,24.6,25.500000000000004,25.871428571428574,24.97857142857143,0.0,0.6,0.5,0.0,0.36666666666665754,0.1571428571428535,0.32857142857143107
2021-06-29,34.0,24.4,29.5,0.0,13.2,33,6,180,3,27.6,26.0,24.3,25.7,25.96666666666667,26.3,25.321428571428573,0.0,0.0,0.6,0.0,0.19999999999999082,0.1571428571428535,0.1642857142857168
2021-06-30,35.3,23.3,29.6,0.0,13.3,33,6,181,3,29.5,27.6,26.0,27.3,27.700000000000006,26.842857142857145,25.764285714285712,0.0,0.0,0.0,0.0,0.0,0.1571428571428535,0.10714285714285968
2021-07-01,34.5,23.4,30.0,0.0,14.0,32,7,182,3,29.6,29.5,27.6,27.0,28.900000000000006,27.171428571428574,26.185714285714287,0.0,0.0,0.0,0.0,0.0,0.1571428571428535,0.08571428571428825
2021-07-02,31.8,22.4,27.7,0.1,12.6,43,7,183,3,30.0,29.6,29.5,26.2,29.700000000000006,27.599999999999998,26.72142857142857,0.0,0.0,0.0,0.5,0.0,0.1571428571428535,0.08571428571428825
2021-07-03,30.8,20.9,25.4,0.6,15.5,53,7,184,3,27.7,30.0,29.6,24.3,29.100000000000005,27.814285714285713,26.964285714285715,0.1,0.0,0.0,0.6,0.03333333333332416,0.09999999999999638,0.0928571428571454
2021-07-04,30.4,21.4,26.0,0.1,13.0,52,7,185,3,25.4,27.7,30.0,26.0,27.700000000000003,27.971428571428568,26.907142857142862,0.6,0.1,0.0,0.0,0.23333333333332415,0.09999999999999638,0.13571428571428826
2021-07-05,31.3,21.4,26.3,0.0,14.7,51,7,186,3,26.0,25.4,27.7,27.6,26.36666666666667,27.97142857142857,26.921428571428574,0.1,0.6,0.1,0.0,0.26666666666665745,0.11428571428571066,0.13571428571428826
2021-07-06,31.9,21.6,27.0,0.0,12.4,46,7,187,3,26.3,26.0,25.4,29.5,25.900000000000006,27.785714285714285,27.04285714285714,0.0,0.1,0.6,0.0,0.23333333333332415,0.11428571428571066,0.13571428571428826
2021-07-07,32.1,23.5,28.3,0.0,12.8,43,7,188,3,27.0,26.3,26.0,29.6,26.433333333333337,27.428571428571427,27.135714285714283,0.0,0.0,0.1,0.0,0.03333333333332416,0.11428571428571066,0.13571428571428826
2021-07-08,33.4,24.0,29.0,0.0,10.7,44,7,189,3,28.3,27.0,26.3,30.0,27.200000000000006,27.24285714285714,27.207142857142856,0.0,0.0,0.0,0.0,0.0,0.11428571428571066,0.13571428571428826
2021-07-09,32.4,25.4,29.1,0.3,13.7,55,7,190,3,29.0,28.3,27.0,27.7,28.100000000000005,27.099999999999998,27.349999999999998,0.0,0.0,0.0,0.1,0.0,0.11428571428571066,0.13571428571428826
2021-07-10,30.0,23.3,26.3,2.3,11.2,75,7,191,3,29.1,29.0,28.3,25.4,28.800000000000008,27.300000000000004,27.557142857142857,0.3,0.0,0.0,0.6,0.09999999999999082,0.14285714285713924,0.12142857142857395
2021-07-11,30.0,22.1,26.1,2.0,11.9,76,7,192,3,26.3,29.1,29.0,26.0,28.13333333333334,27.428571428571427,27.7,2.3,0.3,0.0,0.1,0.8666666666666574,0.38571428571428207,0.24285714285714535
2021-07-12,25.8,21.1,22.9,92.6,9.4,90,7,193,3,26.1,26.3,29.1,26.3,27.166666666666675,27.442857142857147,27.707142857142856,2.0,2.3,0.3,0.0,1.5333333333333241,0.6571428571428536,0.38571428571428823
2021-07-13,26.0,20.9,22.9,19.9,9.4,85,7,194,3,22.9,26.1,26.3,27.0,25.100000000000005,26.957142857142856,27.371428571428574,92.6,2.0,2.3,0.0,32.29999999999999,13.885714285714283,7.000000000000002
2021-07-14,26.2,20.5,22.2,12.9,9.4,87,7,195,3,22.9,22.9,26.1,28.3,23.96666666666667,26.37142857142857,26.900000000000002,19.9,92.6,2.0,0.0,38.16666666666666,16.728571428571424,8.421428571428574
2021-07-15,27.3,21.8,24.6,0.2,10.5,77,7,196,3,22.2,22.9,22.9,29.0,22.66666666666667,25.5,26.37142857142857,12.9,19.9,92.6,0.0,41.79999999999999,18.571428571428566,9.342857142857145
2021-07-16,28.4,23.6,26.0,1.2,10.8,74,7,197,3,24.6,22.2,22.9,29.1,23.233333333333338,24.871428571428574,25.985714285714288,0.2,12.9,19.9,0.3,10.999999999999991,18.599999999999994,9.35714285714286
2021-07-17,29.1,24.7,26.9,0.3,11.7,74,7,198,3,26.0,24.6,22.2,26.3,24.26666666666667,24.428571428571427,25.864285714285717,1.2,0.2,12.9,2.3,4.766666666666658,18.728571428571424,9.435714285714287
2021-07-18,30.2,23.6,27.4,0.1,10.6,75,7,199,3,26.9,26.0,24.6,26.1,25.83333333333334,24.514285714285712,25.971428571428568,0.3,1.2,0.2,2.0,0.5666666666666572,18.44285714285714,9.414285714285716
2021-07-19,26.7,21.3,23.9,34.1,10.8,89,7,200,3,27.4,26.9,26.0,22.9,26.76666666666667,24.7,26.071428571428573,0.1,0.3,1.2,92.6,0.5333333333333238,18.171428571428567,9.414285714285715
2021-07-20,25.7,19.4,21.8,124.5,9.3,91,7,201,3,23.9,27.4,26.9,22.9,26.066666666666674,24.842857142857145,25.900000000000002,34.1,0.1,0.3,19.9,11.499999999999991,9.814285714285713,11.850000000000003
2021-07-21,24.1,19.1,21.2,18.6,8.9,88,7,202,3,21.8,23.9,27.4,22.2,24.36666666666667,24.685714285714287,25.528571428571432,124.5,34.1,0.1,12.9,52.9,24.757142857142856,20.742857142857144
2021-07-22,26.8,18.9,23.8,1.1,8.4,77,7,203,3,21.2,21.8,23.9,24.6,22.300000000000008,24.542857142857144,25.021428571428572,18.6,124.5,34.1,0.2,59.06666666666666,25.571428571428566,22.071428571428573
2021-07-23,27.8,20.7,24.8,0.2,10.0,77,7,204,3,23.8,21.2,21.8,26.0,22.26666666666667,24.428571428571427,24.650000000000002,1.1,18.6,124.5,1.2,48.066666666666656,25.699999999999996,22.150000000000002
2021-07-24,28.8,21.7,25.8,0.0,10.5,74,7,205,3,24.8,23.8,21.2,26.9,23.26666666666667,24.257142857142856,24.342857142857145,0.2,1.1,18.6,0.3,6.633333333333325,25.557142857142853,22.142857142857142
2021-07-25,28.5,24.1,26.4,0.0,10.0,77,7,206,3,25.8,24.8,23.8,27.4,24.8,24.1,24.307142857142853,0.0,0.2,1.1,0.1,0.43333333333332386,25.514285714285712,21.97857142857143
2021-07-26,27.8,24.6,26.0,1.1,11.0,85,7,207,3,26.4,25.8,24.8,23.9,25.66666666666667,23.957142857142856,24.32857142857143,0.0,0.0,0.2,34.1,0.0666666666666572,25.5,21.83571428571429
2021-07-27,26.0,23.0,24.5,23.3,10.5,93,7,208,3,26.0,26.4,25.8,21.8,26.066666666666674,24.25714285714286,24.55,1.1,0.0,0.0,124.5,0.3666666666666572,20.78571428571428,15.300000000000002
2021-07-28,25.1,22.4,23.5,33.4,9.0,93,7,209,3,24.5,26.0,26.4,21.2,25.633333333333336,24.642857142857142,24.664285714285715,23.3,1.1,0.0,18.6,8.133333333333324,6.328571428571424,15.542857142857144
2021-07-29,25.7,21.5,23.6,5.1,14.4,89,7,210,3,23.5,24.5,26.0,23.8,24.66666666666667,24.97142857142857,24.75714285714286,33.4,23.3,1.1,1.1,19.266666666666655,8.44285714285714,17.00714285714286
2021-07-30,26.3,21.4,23.8,6.4,10.5,87,7,211,3,23.6,23.5,24.5,24.8,23.866666666666674,24.942857142857143,24.685714285714283,5.1,33.4,23.3,0.2,20.59999999999999,9.01428571428571,17.357142857142858
2021-07-31,25.6,21.1,23.4,2.2,9.2,87,7,212,3,23.8,23.6,23.5,25.8,23.63333333333334,24.8,24.52857142857143,6.4,5.1,33.4,0.0,14.966666666666656,9.899999999999997,17.72857142857143
2021-08-01,26.3,20.9,23.6,4.7,13.4,85,8,213,3,23.4,23.8,23.6,26.4,23.600000000000005,24.457142857142856,24.278571428571432,2.2,6.4,5.1,0.0,4.566666666666659,10.21428571428571,17.864285714285717
2021-08-02,27.4,20.6,24.2,0.6,8.1,83,8,214,3,23.6,23.4,23.8,26.0,23.600000000000005,24.057142857142857,24.007142857142856,4.7,2.2,6.4,1.1,4.4333333333333265,10.885714285714283,18.192857142857147
2021-08-03,27.2,21.8,24.6,1.6,10.0,82,8,215,3,24.2,23.6,23.4,24.5,23.733333333333338,23.8,24.02857142857143,0.6,4.7,2.2,23.3,2.499999999999993,10.814285714285711,15.8
2021-08-04,26.5,21.2,23.6,2.3,8.4,86,8,216,3,24.6,24.2,23.6,23.5,24.133333333333336,23.814285714285717,24.228571428571428,1.6,0.6,4.7,33.4,2.299999999999993,7.71428571428571,7.021428571428573
2021-08-05,27.1,20.7,24.0,1.0,9.3,82,8,217,3,23.6,24.6,24.2,23.6,24.13333333333334,23.828571428571426,24.400000000000002,2.3,1.6,0.6,5.1,1.499999999999993,3.2714285714285682,5.857142857142859
2021-08-06,26.5,20.0,23.6,1.6,11.2,82,8,218,3,24.0,23.6,24.6,23.8,24.066666666666674,23.885714285714283,24.414285714285715,1.0,2.3,1.6,6.4,1.6333333333333264,2.6857142857142824,5.850000000000002
2021-08-07,27.3,20.4,24.2,0.4,9.2,77,8,219,3,23.6,24.0,23.6,23.4,23.733333333333338,23.857142857142858,24.328571428571426,1.6,1.0,2.3,2.2,1.6333333333333264,1.999999999999997,5.950000000000002
2021-08-08,27.5,21.2,24.4,0.0,10.4,78,8,220,3,24.2,23.6,24.0,23.6,23.933333333333337,23.97142857142857,24.214285714285715,0.4,1.6,1.0,4.7,0.9999999999999929,1.74285714285714,5.97857142857143
2021-08-09,27.0,20.1,23.4,1.3,10.1,80,8,221,3,24.4,24.2,23.6,24.2,24.066666666666674,24.08571428571429,24.071428571428573,0.0,0.4,1.6,0.6,0.6666666666666595,1.0714285714285683,5.97857142857143
2021-08-10,27.1,20.4,24.1,0.3,9.2,78,8,222,3,23.4,24.4,24.2,24.6,24.000000000000004,23.971428571428568,23.885714285714283,1.3,0.0,0.4,1.6,0.5666666666666597,1.1714285714285686,5.9928571428571455
2021-08-11,27.6,21.1,24.8,0.6,9.0,78,8,223,3,24.1,23.4,24.4,23.6,23.96666666666667,23.900000000000002,23.857142857142858,0.3,1.3,0.0,2.3,0.5333333333333263,0.9857142857142828,4.350000000000002
2021-08-12,27.7,21.2,24.5,1.0,9.2,82,8,224,3,24.8,24.1,23.4,24.0,24.100000000000005,24.071428571428573,23.95,0.6,0.3,1.3,1.0,0.7333333333333263,0.7428571428571399,2.0071428571428593
2021-08-13,27.8,21.2,24.3,2.0,9.8,81,8,225,3,24.5,24.8,24.1,23.6,24.46666666666667,24.142857142857142,24.014285714285716,1.0,0.6,0.3,1.6,0.6333333333333263,0.7428571428571399,1.7142857142857164
2021-08-14,26.8,19.1,22.8,2.9,11.8,81,8,226,3,24.3,24.5,24.8,24.2,24.533333333333342,24.24285714285714,24.05,2.0,1.0,0.6,0.4,1.1999999999999929,0.7999999999999969,1.4000000000000021
2021-08-15,25.6,18.9,21.3,6.4,11.2,77,8,227,3,22.8,24.3,24.5,24.4,23.866666666666674,24.042857142857144,24.007142857142856,2.9,2.0,1.0,0.0,1.9666666666666597,1.1571428571428541,1.4500000000000022
2021-08-16,27.6,18.9,23.4,0.0,9.0,61,8,228,3,21.3,22.8,24.3,23.4,22.800000000000008,23.599999999999998,23.842857142857145,6.4,2.9,2.0,1.3,3.76666666666666,2.0714285714285685,1.5714285714285734
2021-08-17,28.2,19.9,24.6,0.0,9.9,59,8,229,3,23.4,21.3,22.8,24.1,22.500000000000004,23.6,23.785714285714285,0.0,6.4,2.9,0.3,3.099999999999993,1.8857142857142826,1.5285714285714305
2021-08-18,28.4,20.6,25.0,0.0,10.0,62,8,230,3,24.6,23.4,21.3,24.8,23.100000000000005,23.67142857142857,23.785714285714285,0.0,0.0,6.4,0.6,2.1333333333333266,1.8428571428571399,1.4142857142857164
2021-08-19,28.7,21.2,25.0,0.0,11.2,66,8,231,3,25.0,24.6,23.4,24.5,24.33333333333334,23.7,23.885714285714283,0.0,0.0,0.0,1.0,0.0,1.7571428571428542,1.250000000000002
2021-08-20,28.6,20.8,24.8,0.0,10.8,67,8,232,3,25.0,25.0,24.6,24.3,24.86666666666667,23.771428571428572,23.957142857142856,0.0,0.0,0.0,2.0,0.0,1.6142857142857114,1.1785714285714306
2021-08-21,27.8,20.5,24.7,0.3,9.8,70,8,233,3,24.8,25.0,25.0,22.8,24.933333333333337,23.842857142857145,24.042857142857144,0.0,0.0,0.0,2.9,0.0,1.3285714285714256,1.0642857142857163
2021-08-22,27.1,21.3,24.3,0.6,11.6,74,8,234,3,24.7,24.8,25.0,21.3,24.83333333333334,24.114285714285717,24.07857142857143,0.3,0.0,0.0,6.4,0.09999999999999319,0.9571428571428541,1.0571428571428592
2021-08-23,27.9,20.6,24.3,0.7,9.8,78,8,235,3,24.3,24.7,24.8,23.4,24.600000000000005,24.542857142857144,24.071428571428573,0.6,0.3,0.0,0.0,0.29999999999999316,0.1285714285714255,1.100000000000002
2021-08-24,28.4,21.5,25.1,1.1,10.3,74,8,236,3,24.3,24.3,24.7,24.6,24.433333333333337,24.67142857142857,24.13571428571429,0.7,0.6,0.3,0.0,0.5333333333333266,0.2285714285714255,1.0571428571428592
2021-08-25,29.3,22.0,25.9,0.9,9.5,70,8,237,3,25.1,24.3,24.3,25.0,24.566666666666674,24.742857142857144,24.207142857142856,1.1,0.7,0.6,0.0,0.7999999999999933,0.3857142857142827,1.1142857142857163
2021-08-26,29.3,22.9,25.8,1.2,12.3,73,8,238,3,25.9,25.1,24.3,25.0,25.100000000000005,24.87142857142857,24.285714285714285,0.9,1.1,0.7,0.0,0.8999999999999932,0.5142857142857112,1.1357142857142877
2021-08-27,29.5,22.5,25.8,0.4,12.6,72,8,239,3,25.8,25.9,25.1,24.8,25.600000000000005,24.985714285714288,24.378571428571426,1.2,0.9,1.1,0.0,1.06666666666666,0.6857142857142826,1.150000000000002
2021-08-28,26.7,20.1,23.4,4.4,10.6,78,8,240,3,25.8,25.8,25.9,24.7,25.83333333333334,25.12857142857143,24.485714285714288,0.4,1.2,0.9,0.3,0.8333333333333267,0.7428571428571399,1.0357142857142876
2021-08-29,26.5,19.0,22.3,2.6,11.3,77,8,241,3,23.4,25.8,25.8,24.3,25.000000000000004,24.942857142857143,24.528571428571432,4.4,0.4,1.2,0.6,1.9999999999999936,1.3285714285714256,1.1428571428571448
2021-08-30,26.2,19.4,22.4,0.3,12.1,73,8,242,3,22.3,23.4,25.8,24.3,23.83333333333334,24.657142857142855,24.599999999999998,2.6,4.4,0.4,0.7,2.46666666666666,1.6142857142857114,0.8714285714285736
2021-08-31,25.2,18.9,22.1,0.8,7.1,70,8,243,3,22.4,22.3,23.4,25.1,22.700000000000006,24.38571428571429,24.528571428571432,0.3,2.6,4.4,1.1,2.433333333333327,1.557142857142854,0.8928571428571449
2021-09-01,27.1,18.9,23.2,0.1,10.1,65,9,244,4,22.1,22.4,22.3,25.9,22.26666666666667,23.957142857142856,24.349999999999998,0.8,0.3,2.6,0.9,1.2333333333333265,1.5142857142857113,0.9500000000000021
2021-09-02,27.9,20.6,24.5,0.1,9.0,58,9,245,4,23.2,22.1,22.4,25.8,22.566666666666674,23.571428571428573,24.22142857142857,0.1,0.8,0.3,1.2,0.39999999999999325,1.399999999999997,0.9571428571428592
2021-09-03,28.0,20.8,25.0,0.0,10.2,61,9,246,4,24.5,23.2,22.1,25.8,23.26666666666667,23.385714285714283,24.185714285714287,0.1,0.1,0.8,0.4,0.33333333333332654,1.24285714285714,0.9642857142857163
2021-09-04,28.1,21.2,24.5,0.0,9.1,70,9,247,4,25.0,24.5,23.2,23.4,24.233333333333338,23.27142857142857,24.2,0.0,0.1,0.1,4.4,0.06666666666665987,1.1857142857142828,0.9642857142857163
2021-09-05,26.6,21.2,24.3,1.4,9.9,74,9,248,4,24.5,25.0,24.5,22.3,24.66666666666667,23.428571428571427,24.185714285714287,0.0,0.0,0.1,2.6,0.033333333333326526,0.5571428571428542,0.9428571428571448
2021-09-06,28.1,21.2,24.8,0.3,9.8,75,9,249,4,24.3,24.5,25.0,22.4,24.600000000000005,23.714285714285715,24.185714285714287,1.4,0.0,0.0,0.3,0.46666666666665985,0.3857142857142827,1.000000000000002
2021-09-07,28.6,21.8,25.5,0.6,8.9,73,9,250,4,24.8,24.3,24.5,22.1,24.533333333333335,24.057142857142857,24.221428571428568,0.3,1.4,0.0,0.8,0.5666666666666599,0.3857142857142827,0.9714285714285735
2021-09-08,25.2,20.2,22.5,11.6,7.6,89,9,251,4,25.5,24.8,24.3,23.2,24.86666666666667,24.542857142857144,24.25,0.6,0.3,1.4,0.1,0.7666666666666598,0.3571428571428541,0.9357142857142878
2021-09-09,25.5,19.5,21.9,5.0,7.3,86,9,252,4,22.5,25.5,24.8,24.5,24.26666666666667,24.442857142857147,24.007142857142856,11.6,0.6,0.3,0.1,4.16666666666666,1.999999999999997,1.7000000000000022
2021-09-10,24.9,19.6,21.8,18.8,12.2,86,9,253,4,21.9,22.5,25.5,25.0,23.300000000000008,24.071428571428573,23.728571428571428,5.0,11.6,0.6,0.0,5.733333333333326,2.6999999999999966,1.9714285714285735
2021-09-11,23.6,19.0,20.9,16.7,9.7,88,9,254,4,21.8,21.9,22.5,24.5,22.066666666666674,23.614285714285717,23.442857142857147,18.8,5.0,11.6,0.0,11.799999999999992,5.3857142857142835,3.285714285714288
2021-09-12,24.4,18.6,21.3,4.0,9.5,82,9,255,4,20.9,21.8,21.9,24.3,21.533333333333342,23.1,23.264285714285712,16.7,18.8,5.0,1.4,13.499999999999993,7.771428571428568,4.164285714285716
2021-09-13,25.9,18.6,22.2,0.1,8.4,79,9,256,4,21.3,20.9,21.8,24.8,21.33333333333334,22.67142857142857,23.192857142857143,4.0,16.7,18.8,0.3,13.166666666666659,8.14285714285714,4.264285714285717
2021-09-14,26.8,19.0,23.6,0.0,8.0,73,9,257,4,22.2,21.3,20.9,25.5,21.46666666666667,22.3,23.178571428571427,0.1,4.0,16.7,0.6,6.9333333333333265,8.11428571428571,4.250000000000002
2021-09-15,27.1,19.6,23.7,0.5,8.0,75,9,258,4,23.6,22.2,21.3,22.5,22.366666666666674,22.02857142857143,23.285714285714285,0.0,0.1,4.0,11.6,1.3666666666666594,8.028571428571427,4.192857142857145
2021-09-16,27.4,20.3,24.0,0.1,9.0,74,9,259,4,23.7,23.6,22.2,21.9,23.16666666666667,22.199999999999996,23.321428571428573,0.5,0.0,0.1,5.0,0.19999999999999288,6.44285714285714,4.221428571428573
2021-09-17,26.7,20.9,24.1,0.6,11.4,73,9,260,4,24.0,23.7,23.6,21.8,23.76666666666667,22.5,23.285714285714285,0.1,0.5,0.0,18.8,0.19999999999999288,5.74285714285714,4.221428571428573
2021-09-18,26.7,20.3,23.2,1.5,8.9,83,9,261,4,24.1,24.0,23.7,20.9,23.933333333333337,22.82857142857143,23.221428571428568,0.6,0.1,0.5,16.7,0.39999999999999286,3.1428571428571397,4.264285714285717
2021-09-19,27.0,20.5,23.8,0.5,10.3,82,9,262,4,23.2,24.1,24.0,21.3,23.76666666666667,23.157142857142855,23.128571428571426,1.5,0.6,0.1,4.0,0.7333333333333263,0.9714285714285683,4.371428571428574
2021-09-20,25.9,20.5,22.9,2.3,8.1,84,9,263,4,23.8,23.2,24.1,22.2,23.700000000000003,23.514285714285716,23.092857142857145,0.5,1.5,0.6,0.1,0.8666666666666595,0.47142857142856837,4.307142857142859
2021-09-21,25.8,19.5,22.1,9.3,9.0,82,9,264,4,22.9,23.8,23.2,23.6,23.300000000000008,23.61428571428571,22.95714285714286,2.3,0.5,1.5,0.0,1.4333333333333262,0.7857142857142827,4.450000000000002
2021-09-22,25.1,17.8,21.5,2.1,8.9,80,9,265,4,22.1,22.9,23.8,23.7,22.933333333333337,23.400000000000002,22.714285714285715,9.3,2.3,0.5,0.5,4.033333333333327,2.114285714285711,5.071428571428574
2021-09-23,24.4,17.2,21.0,2.4,8.9,84,9,266,4,21.5,22.1,22.9,24.0,22.16666666666667,23.08571428571429,22.642857142857142,2.1,9.3,2.3,0.1,4.56666666666666,2.3428571428571403,4.392857142857145
2021-09-24,25.1,18.1,21.2,1.5,8.7,81,9,267,4,21.0,21.5,22.1,24.1,21.533333333333335,22.657142857142862,22.578571428571426,2.4,2.1,9.3,0.6,4.599999999999993,2.671428571428568,4.207142857142859
2021-09-25,26.1,18.9,22.8,0.0,9.4,74,9,268,4,21.2,21.0,21.5,23.2,21.233333333333338,22.24285714285714,22.535714285714285,1.5,2.4,2.1,1.5,1.9999999999999936,2.799999999999997,2.9714285714285738
2021-09-26,26.6,19.9,23.7,0.0,9.4,66,9,269,4,22.8,21.2,21.0,23.8,21.66666666666667,22.185714285714287,22.67142857142857,0.0,1.5,2.4,0.5,1.2999999999999934,2.5857142857142827,1.7785714285714305
2021-09-27,26.5,19.4,23.6,0.3,8.6,71,9,270,4,23.7,22.8,21.2,22.9,22.566666666666674,22.17142857142857,22.842857142857138,0.0,0.0,1.5,2.3,0.4999999999999935,2.5142857142857116,1.4928571428571449
2021-09-28,27.2,19.0,23.6,0.5,8.0,74,9,271,4,23.6,23.7,22.8,22.1,23.366666666666674,22.271428571428572,22.942857142857143,0.3,0.0,0.0,9.3,0.09999999999999348,2.2285714285714255,1.5071428571428591
2021-09-29,25.4,19.8,23.1,0.7,8.6,78,9,272,4,23.6,23.6,23.7,21.5,23.63333333333334,22.485714285714284,22.942857142857147,0.5,0.3,0.0,2.1,0.26666666666666017,0.9714285714285683,1.5428571428571447
2021-09-30,25.7,19.6,22.6,0.5,11.3,79,9,273,4,23.1,23.6,23.6,21.0,23.433333333333337,22.714285714285715,22.9,0.7,0.5,0.3,2.4,0.4999999999999935,0.7714285714285684,1.557142857142859
2021-10-01,25.6,19.6,22.2,4.3,9.7,80,10,274,4,22.6,23.1,23.6,21.2,23.100000000000005,22.942857142857143,22.8,0.5,0.7,0.5,1.5,0.5666666666666601,0.49999999999999695,1.5857142857142879
2021-10-02,24.5,18.3,21.2,3.1,7.3,82,10,275,4,22.2,22.6,23.1,22.8,22.63333333333334,23.085714285714285,22.664285714285715,4.3,0.5,0.7,0.0,1.8333333333333268,0.8999999999999969,1.8500000000000019
2021-10-03,25.1,17.2,20.6,3.3,9.6,80,10,276,4,21.2,22.2,22.6,23.7,22.000000000000004,22.857142857142858,22.521428571428572,3.1,4.3,0.5,0.0,2.633333333333327,1.3428571428571399,1.9642857142857164
2021-10-04,24.9,16.8,20.9,0.3,8.8,74,10,277,4,20.6,21.2,22.2,23.6,21.33333333333334,22.414285714285715,22.292857142857144,3.3,3.1,4.3,0.3,3.5666666666666598,1.8142857142857112,2.1642857142857164
2021-10-05,25.5,17.1,21.3,0.7,8.4,70,10,278,4,20.9,20.6,21.2,23.6,20.900000000000002,22.028571428571432,22.15,0.3,3.3,3.1,0.5,2.2333333333333267,1.8142857142857112,2.021428571428573
2021-10-06,26.8,17.3,21.4,0.0,9.4,59,10,279,4,21.3,20.9,20.6,23.1,20.933333333333337,21.7,22.092857142857145,0.7,0.3,3.3,0.7,1.4333333333333267,1.8428571428571396,1.4071428571428595
2021-10-07,26.7,17.4,22.4,0.0,9.1,44,10,280,4,21.4,21.3,20.9,22.6,21.200000000000003,21.457142857142856,22.08571428571429,0.0,0.7,0.3,0.5,0.3333333333333268,1.7428571428571398,1.2571428571428593
2021-10-08,26.1,17.2,23.0,0.0,10.3,51,10,281,4,22.4,21.4,21.3,22.2,21.700000000000003,21.428571428571427,22.185714285714287,0.0,0.0,0.7,4.3,0.23333333333332681,1.6714285714285684,1.0857142857142876
2021-10-09,26.3,17.8,21.6,0.0,10.0,57,10,282,4,23.0,22.4,21.4,21.2,22.26666666666667,21.54285714285714,22.314285714285713,0.0,0.0,0.0,3.1,0.0,1.057142857142854,0.9785714285714305
2021-10-10,24.2,15.4,20.2,10.8,17.6,61,10,283,4,21.6,23.0,22.4,20.6,22.33333333333334,21.6,22.22857142857143,0.0,0.0,0.0,3.3,0.0,0.6142857142857113,0.9785714285714305
2021-10-11,23.3,13.8,17.6,10.1,16.1,70,10,284,4,20.2,21.6,23.0,20.9,21.600000000000005,21.542857142857144,21.978571428571428,10.8,0.0,0.0,0.3,3.599999999999994,1.6857142857142828,1.750000000000002
2021-10-12,22.4,14.5,18.1,2.4,17.0,57,10,285,4,17.6,20.2,21.6,21.3,19.800000000000008,21.071428571428573,21.55,10.1,10.8,0.0,0.7,6.966666666666661,3.0857142857142827,2.450000000000002
2021-10-13,25.0,14.9,19.3,0.0,8.4,47,10,286,4,18.1,17.6,20.2,21.4,18.633333333333336,20.614285714285717,21.157142857142855,2.4,10.1,10.8,0.0,7.7666666666666595,3.3285714285714256,2.5857142857142876
2021-10-14,26.4,14.5,19.5,0.0,9.0,46,10,287,4,19.3,18.1,17.6,22.4,18.33333333333334,20.314285714285717,20.88571428571429,0.0,2.4,10.1,0.0,4.16666666666666,3.3285714285714256,2.535714285714288
2021-10-15,27.0,14.8,21.2,0.0,7.8,38,10,288,4,19.5,19.3,18.1,23.0,18.966666666666672,19.900000000000002,20.664285714285715,0.0,0.0,2.4,0.0,0.7999999999999935,3.3285714285714256,2.500000000000002
2021-10-16,26.7,17.2,21.8,0.2,7.8,43,10,289,4,21.2,19.5,19.3,21.6,20.000000000000004,19.642857142857142,20.592857142857145,0.0,0.0,0.0,0.0,0.0,3.3285714285714256,2.192857142857145
2021-10-17,22.4,14.5,17.8,5.5,19.4,68,10,290,4,21.8,21.2,19.5,20.2,20.83333333333334,19.671428571428574,20.63571428571429,0.2,0.0,0.0,10.8,0.06666666666666016,3.357142857142854,1.9857142857142878
2021-10-18,22.0,12.9,17.3,3.3,8.3,72,10,291,4,17.8,21.8,21.2,17.6,20.266666666666673,19.32857142857143,20.435714285714287,5.5,0.2,0.0,10.1,1.8999999999999935,2.599999999999997,2.142857142857145
2021-10-19,23.7,13.3,18.0,0.0,10.7,61,10,292,4,17.3,17.8,21.8,18.1,18.966666666666672,19.285714285714285,20.178571428571427,3.3,5.5,0.2,2.4,2.9999999999999933,1.6285714285714252,2.357142857142859
2021-10-20,24.7,14.0,20.8,0.0,9.6,47,10,293,4,18.0,17.3,17.8,19.3,17.700000000000006,19.271428571428572,19.942857142857143,0.0,3.3,5.5,0.0,2.933333333333327,1.2857142857142827,2.307142857142859
2021-10-21,25.3,14.0,20.8,0.0,9.3,42,10,294,4,20.8,18.0,17.3,19.5,18.700000000000006,19.485714285714288,19.9,0.0,0.0,3.3,0.0,1.0999999999999934,1.2857142857142827,2.307142857142859
2021-10-22,23.4,12.8,18.4,7.7,16.3,53,10,295,4,20.8,20.8,18.0,21.2,19.86666666666667,19.671428571428574,19.785714285714285,0.0,0.0,0.0,0.0,0.0,1.2857142857142827,2.307142857142859
2021-10-23,18.1,10.0,14.1,0.9,11.9,70,10,296,4,18.4,20.8,20.8,21.8,20.000000000000004,19.271428571428572,19.457142857142856,7.7,0.0,0.0,0.2,2.56666666666666,2.3857142857142826,2.857142857142859
2021-10-24,14.8,9.2,11.9,12.9,10.5,75,10,297,4,14.1,18.4,20.8,17.8,17.76666666666667,18.17142857142857,18.921428571428574,0.9,7.7,0.0,5.5,2.86666666666666,2.4857142857142827,2.9214285714285735
2021-10-25,18.2,7.6,12.7,0.5,9.3,69,10,298,4,11.9,14.1,18.4,17.3,14.800000000000006,17.32857142857143,18.32857142857143,12.9,0.9,7.7,3.3,7.16666666666666,3.54285714285714,3.0714285714285734
2021-10-26,20.2,9.9,14.4,2.7,9.7,56,10,299,4,12.7,11.9,14.1,18.0,12.900000000000006,16.67142857142857,17.978571428571428,0.5,12.9,0.9,0.0,4.76666666666666,3.1428571428571397,2.3857142857142875
2021-10-27,20.1,10.4,14.9,0.0,8.6,53,10,300,4,14.4,12.7,11.9,20.8,13.000000000000005,16.157142857142855,17.714285714285715,2.7,0.5,12.9,0.0,5.36666666666666,3.5285714285714254,2.4071428571428592
2021-10-28,20.5,9.5,14.7,0.0,9.6,54,10,301,4,14.9,14.4,12.7,20.8,14.000000000000005,15.314285714285715,17.4,0.0,2.7,0.5,0.0,1.0666666666666602,3.5285714285714254,2.4071428571428592
2021-10-29,20.3,10.5,15.1,0.0,10.8,47,10,302,4,14.7,14.9,14.4,18.4,14.666666666666671,14.442857142857141,17.057142857142857,0.0,0.0,2.7,7.7,0.8999999999999936,3.5285714285714254,2.4071428571428592
2021-10-30,20.7,10.7,15.1,0.0,11.5,46,10,303,4,15.1,14.7,14.9,14.1,14.900000000000006,13.971428571428572,16.62142857142857,0.0,0.0,0.0,0.9,0.0,2.4285714285714257,2.4071428571428592
2021-10-31,21.8,10.2,16.1,0.0,10.8,41,10,304,4,15.1,15.1,14.7,11.9,14.96666666666667,14.114285714285714,16.142857142857142,0.0,0.0,0.0,12.9,0.0,2.299999999999997,2.392857142857145
2021-11-01,19.8,11.5,16.7,0.2,6.1,41,11,305,4,16.1,15.1,15.1,12.7,15.433333333333337,14.714285714285714,16.021428571428572,0.0,0.0,0.0,0.5,0.0,0.45714285714285413,2.000000000000002
2021-11-02,19.1,10.4,13.5,1.7,10.7,53,11,306,4,16.7,16.1,15.1,14.4,15.96666666666667,15.285714285714286,15.978571428571428,0.2,0.0,0.0,2.7,0.06666666666666016,0.4142857142857113,1.7785714285714305
2021-11-03,18.8,9.7,13.7,0.6,5.8,50,11,307,4,13.5,16.7,16.1,14.9,15.433333333333337,15.157142857142857,15.657142857142857,1.7,0.2,0.0,0.0,0.6333333333333268,0.27142857142856835,1.9000000000000021
2021-11-04,19.1,8.9,14.9,0.0,11.1,47,11,308,4,13.7,13.5,16.7,14.7,14.633333333333338,14.985714285714284,15.15,0.6,1.7,0.2,0.0,0.8333333333333268,0.3571428571428541,1.9428571428571448
2021-11-05,12.6,7.6,10.6,36.3,15.6,78,11,309,4,14.9,13.7,13.5,15.1,14.033333333333339,15.014285714285714,14.728571428571428,0.0,0.6,1.7,0.0,0.7666666666666601,0.3571428571428541,1.9428571428571448
2021-11-06,19.5,8.5,13.0,0.0,11.6,49,11,310,4,10.6,14.9,13.7,15.1,13.066666666666672,14.37142857142857,14.171428571428573,36.3,0.0,0.6,0.0,12.299999999999992,5.542857142857139,3.9857142857142875
2021-11-07,20.3,10.3,14.1,0.0,7.9,40,11,311,4,13.0,10.6,14.9,16.1,12.833333333333337,14.071428571428571,14.092857142857143,0.0,36.3,0.0,0.0,12.099999999999993,5.542857142857139,3.9214285714285735
2021-11-08,20.9,10.2,15.4,0.0,9.4,40,11,312,4,14.1,13.0,10.6,16.7,12.566666666666672,13.785714285714286,14.25,0.0,0.0,36.3,0.2,12.099999999999993,5.542857142857139,3.000000000000002
2021-11-09,20.6,9.6,16.3,0.0,8.9,38,11,313,4,15.4,14.1,13.0,13.5,14.166666666666671,13.6,14.442857142857145,0.0,0.0,0.0,1.7,0.0,5.514285714285711,2.964285714285716
2021-11-10,20.9,12.8,18.6,0.0,7.3,31,11,314,4,16.3,15.4,14.1,13.7,15.266666666666671,14.0,14.578571428571427,0.0,0.0,0.0,0.6,0.0,5.271428571428568,2.771428571428573
2021-11-11,20.1,10.0,15.5,0.0,10.2,40,11,315,4,18.6,16.3,15.4,14.9,16.76666666666667,14.700000000000001,14.842857142857143,0.0,0.0,0.0,0.0,0.0,5.185714285714282,2.771428571428573
2021-11-12,20.2,9.8,15.4,0.0,9.7,38,11,316,4,15.5,18.6,16.3,10.6,16.800000000000008,14.785714285714286,14.900000000000002,0.0,0.0,0.0,36.3,0.0,5.185714285714282,2.771428571428573
2021-11-13,19.7,10.4,15.7,0.0,8.8,39,11,317,4,15.4,15.5,18.6,13.0,16.500000000000007,15.471428571428573,14.921428571428573,0.0,0.0,0.0,0.0,0.0,0.0,2.771428571428573
2021-11-14,18.1,11.4,16.4,0.0,9.4,35,11,318,4,15.7,15.4,15.5,14.1,15.533333333333339,15.857142857142858,14.964285714285714,0.0,0.0,0.0,0.0,0.0,0.0,2.771428571428573
2021-11-15,18.0,7.1,13.3,0.0,10.4,43,11,319,4,16.4,15.7,15.4,15.4,15.833333333333337,16.185714285714287,14.985714285714286,0.0,0.0,0.0,0.0,0.0,0.0,2.771428571428573
2021-11-16,19.1,7.9,14.1,0.0,10.1,38,11,320,4,13.3,16.4,15.7,16.3,15.13333333333334,15.885714285714286,14.742857142857144,0.0,0.0,0.0,0.0,0.0,0.0,2.757142857142859
2021-11-17,18.3,10.0,15.0,0.0,9.0,38,11,321,4,14.1,13.3,16.4,18.6,14.600000000000003,15.571428571428573,14.785714285714286,0.0,0.0,0.0,0.0,0.0,0.0,2.6357142857142875
2021-11-18,17.9,11.0,15.5,0.0,7.1,39,11,322,4,15.0,14.1,13.3,15.5,14.133333333333338,15.057142857142859,14.878571428571428,0.0,0.0,0.0,0.0,0.0,0.0,2.5928571428571447
2021-11-19,18.5,11.2,15.8,0.0,7.0,40,11,323,4,15.5,15.0,14.1,15.4,14.866666666666672,15.057142857142859,14.921428571428573,0.0,0.0,0.0,0.0,0.0,0.0,2.5928571428571447
2021-11-20,18.1,11.2,16.2,0.0,7.8,36,11,324,4,15.8,15.5,15.0,15.7,15.433333333333337,15.114285714285714,15.292857142857143,0.0,0.0,0.0,0.0,0.0,0.0,0.0
2021-11-21,18.5,9.9,15.1,0.0,8.0,43,11,325,4,16.2,15.8,15.5,16.4,15.833333333333337,15.185714285714287,15.52142857142857,0.0,0.0,0.0,0.0,0.0,0.0,0.0
2021-11-22,19.9,7.4,14.5,0.0,10.1,36,11,326,4,15.1,16.2,15.8,13.3,15.700000000000005,15.0,15.592857142857142,0.0,0.0,0.0,0.0,0.0,0.0,0.0
2021-11-23,20.1,8.0,15.2,0.0,8.6,42,11,327,4,14.5,15.1,16.2,14.1,15.266666666666673,15.171428571428573,15.528571428571427,0.0,0.0,0.0,0.0,0.0,0.0,0.0
2021-11-24,18.2,11.5,16.2,0.0,6.4,46,11,328,4,15.2,14.5,15.1,15.0,14.933333333333337,15.328571428571427,15.450000000000001,0.0,0.0,0.0,0.0,0.0,0.0,0.0
2021-11-25,18.5,9.3,14.1,0.0,9.0,57,11,329,4,16.2,15.2,14.5,15.5,15.300000000000004,15.5,15.278571428571427,0.0,0.0,0.0,0.0,0.0,0.0,0.0
2021-11-26,18.4,7.7,11.9,0.0,11.2,51,11,330,4,14.1,16.2,15.2,15.8,15.166666666666671,15.299999999999999,15.178571428571427,0.0,0.0,0.0,0.0,0.0,0.0,0.0
2021-11-27,17.1,9.9,15.1,0.0,9.2,39,11,331,4,11.9,14.1,16.2,16.2,14.066666666666672,14.742857142857142,14.928571428571429,0.0,0.0,0.0,0.0,0.0,0.0,0.0
2021-11-28,16.2,8.0,13.7,0.0,8.2,49,11,332,4,15.1,11.9,14.1,15.1,13.700000000000005,14.585714285714287,14.885714285714284,0.0,0.0,0.0,0.0,0.0,0.0,0.0
2021-11-29,16.8,6.4,11.9,0.0,9.7,54,11,333,4,13.7,15.1,11.9,14.5,13.56666666666667,14.385714285714286,14.692857142857145,0.0,0.0,0.0,0.0,0.0,0.0,0.0
2021-11-30,18.3,7.0,13.1,0.0,9.6,48,11,334,4,11.9,13.7,15.1,15.2,13.566666666666672,14.014285714285714,14.592857142857143,0.0,0.0,0.0,0.0,0.0,0.0,0.0
2021-12-01,16.5,9.5,14.8,0.0,6.6,43,12,335,1,13.1,11.9,13.7,16.2,12.900000000000004,13.714285714285714,14.521428571428572,0.0,0.0,0.0,0.0,0.0,0.0,0.0
2021-12-02,17.9,8.4,14.1,0.0,7.0,47,12,336,1,14.8,13.1,11.9,14.1,13.266666666666673,13.514285714285716,14.507142857142856,0.0,0.0,0.0,0.0,0.0,0.0,0.0
2021-12-03,18.0,9.2,15.3,0.0,8.4,44,12,337,1,14.1,14.8,13.1,11.9,14.000000000000005,13.514285714285714,14.407142857142858,0.0,0.0,0.0,0.0,0.0,0.0,0.0
2021-12-04,17.7,9.3,14.0,6.1,12.5,58,12,338,1,15.3,14.1,14.8,15.1,14.73333333333334,14.0,14.37142857142857,0.0,0.0,0.0,0.0,0.0,0.0,0.0
2021-12-05,10.3,6.6,8.7,20.5,11.0,90,12,339,1,14.0,15.3,14.1,13.7,14.466666666666674,13.842857142857143,14.214285714285714,6.1,0.0,0.0,0.0,2.033333333333326,0.8714285714285683,0.4357142857142877
2021-12-06,13.6,5.1,8.8,0.4,9.4,71,12,340,1,8.7,14.0,15.3,11.9,12.666666666666671,13.128571428571428,13.757142857142858,20.5,6.1,0.0,0.0,8.86666666666666,3.799999999999997,1.9000000000000021
2021-12-07,15.8,5.3,10.0,0.0,9.6,51,12,341,1,8.8,8.7,14.0,13.1,10.500000000000005,12.685714285714287,13.35,0.4,20.5,6.1,0.0,8.999999999999993,3.857142857142854,1.9285714285714306
2021-12-08,16.3,5.3,11.9,0.0,8.9,45,12,342,1,10.0,8.8,8.7,14.8,9.166666666666671,12.242857142857142,12.978571428571428,0.0,0.4,20.5,0.0,6.966666666666659,3.857142857142854,1.9285714285714306
2021-12-09,16.3,8.0,12.9,0.2,7.7,42,12,343,1,11.9,10.0,8.8,14.1,10.23333333333334,11.828571428571427,12.671428571428573,0.0,0.0,0.4,0.0,0.13333333333332623,3.857142857142854,1.9285714285714306
2021-12-10,16.4,6.6,10.8,0.0,11.2,35,12,344,1,12.9,11.9,10.0,15.3,11.600000000000003,11.657142857142858,12.585714285714287,0.2,0.0,0.0,0.0,0.06666666666665956,3.885714285714283,1.942857142857145
2021-12-11,15.5,7.5,12.7,0.0,8.4,33,12,345,1,10.8,12.9,11.9,14.0,11.866666666666672,11.014285714285716,12.507142857142858,0.0,0.2,0.0,6.1,0.06666666666665956,3.885714285714283,1.942857142857145
2021-12-12,14.8,6.2,12.2,0.0,6.5,39,12,346,1,12.7,10.8,12.9,8.7,12.13333333333334,10.828571428571427,12.335714285714287,0.0,0.0,0.2,20.5,0.06666666666665956,3.0142857142857116,1.942857142857145
2021-12-13,13.0,4.9,10.9,0.0,7.0,47,12,347,1,12.2,12.7,10.8,8.8,11.900000000000006,11.328571428571427,12.228571428571428,0.0,0.0,0.0,0.4,0.0,0.08571428571428268,1.942857142857145
2021-12-14,9.7,1.8,5.6,5.2,8.1,76,12,348,1,10.9,12.2,12.7,10.0,11.933333333333337,11.62857142857143,12.157142857142857,0.0,0.0,0.0,0.0,0.0,0.028571428571425528,1.942857142857145
2021-12-15,10.7,1.9,5.3,0.0,8.4,67,12,349,1,5.6,10.9,12.2,11.9,9.566666666666672,11.0,11.62142857142857,5.2,0.0,0.0,0.0,1.7333333333333263,0.7714285714285685,2.3142857142857163
2021-12-16,9.3,1.5,4.9,1.2,8.5,51,12,350,1,5.3,5.6,10.9,12.9,7.266666666666672,10.057142857142855,10.942857142857145,0.0,5.2,0.0,0.2,1.7333333333333263,0.7714285714285685,2.3142857142857163
2021-12-17,9.6,1.4,5.2,0.0,6.4,55,12,351,1,4.9,5.3,5.6,10.8,5.266666666666672,8.914285714285715,10.285714285714286,1.2,0.0,5.2,0.0,2.133333333333326,0.9142857142857113,2.400000000000002
2021-12-18,12.1,0.8,5.6,0.0,11.0,47,12,352,1,5.2,4.9,5.3,12.7,5.133333333333338,8.114285714285714,9.564285714285715,0.0,1.2,0.0,0.0,0.39999999999999286,0.9142857142857113,2.400000000000002
2021-12-19,13.4,3.0,8.6,0.0,11.2,36,12,353,1,5.6,5.2,4.9,12.2,5.233333333333339,7.1,8.964285714285714,0.0,0.0,1.2,0.0,0.39999999999999286,0.9142857142857113,1.9642857142857164
2021-12-20,14.3,6.3,11.2,0.0,7.2,37,12,354,1,8.6,5.6,5.2,10.9,6.466666666666671,6.585714285714286,8.957142857142857,0.0,0.0,0.0,0.0,0.0,0.9142857142857113,0.500000000000002
2021-12-21,13.9,3.2,10.0,0.0,8.4,52,12,355,1,11.2,8.6,5.6,5.6,8.46666666666667,6.628571428571428,9.128571428571428,0.0,0.0,0.0,5.2,0.0,0.9142857142857113,0.4714285714285734
2021-12-22,14.9,7.2,11.7,1.2,7.0,48,12,356,1,10.0,11.2,8.6,5.3,9.933333333333337,7.257142857142857,9.12857142857143,0.0,0.0,0.0,0.0,0.0,0.17142857142856838,0.4714285714285734
2021-12-23,13.9,5.4,8.9,1.6,13.2,64,12,357,1,11.7,10.0,11.2,4.9,10.96666666666667,8.171428571428573,9.114285714285714,1.2,0.0,0.0,1.2,0.39999999999999286,0.3428571428571398,0.557142857142859
2021-12-24,14.1,5.6,9.0,0.8,8.0,59,12,358,1,8.9,11.7,10.0,5.2,10.200000000000005,8.742857142857142,8.828571428571427,1.6,1.2,0.0,0.0,0.9333333333333261,0.3999999999999969,0.6571428571428591
2021-12-25,13.4,5.5,9.7,0.0,9.8,49,12,359,1,9.0,8.9,11.7,5.6,9.866666666666672,9.285714285714286,8.7,0.8,1.6,1.2,0.0,1.1999999999999929,0.5142857142857112,0.7142857142857163
2021-12-26,11.8,4.2,8.5,3.3,7.1,66,12,360,1,9.7,9.0,8.9,8.6,9.200000000000005,9.87142857142857,8.485714285714286,0.0,0.8,1.6,0.0,0.799999999999993,0.5142857142857112,0.7142857142857163
2021-12-27,8.4,2.0,4.8,11.9,8.9,86,12,361,1,8.5,9.7,9.0,11.2,9.066666666666672,9.857142857142858,8.221428571428572,3.3,0.0,0.8,0.0,1.3666666666666594,0.9857142857142828,0.9500000000000021
2021-12-28,11.3,2.3,5.6,1.4,7.1,60,12,362,1,4.8,8.5,9.7,10.0,7.666666666666671,8.942857142857143,7.785714285714286,11.9,3.3,0.0,0.0,5.066666666666659,2.685714285714283,1.800000000000002
2021-12-29,12.5,2.6,6.2,0.0,8.2,40,12,363,1,5.6,4.8,8.5,11.7,6.300000000000004,8.314285714285715,7.785714285714286,1.4,11.9,3.3,1.2,5.533333333333327,2.8857142857142826,1.5285714285714305
2021-12-30,12.1,2.6,7.5,0.0,7.2,39,12,364,1,6.2,5.6,4.8,8.9,5.5333333333333385,7.528571428571428,7.85,0.0,1.4,11.9,1.6,4.4333333333333265,2.7142857142857113,1.5285714285714305
2021-12-31,13.5,3.7,7.9,0.0,8.0,36,12,365,1,7.5,6.2,5.6,9.0,6.433333333333337,7.328571428571428,8.035714285714286,0.0,0.0,1.4,0.8,0.4666666666666601,2.4857142857142827,1.4428571428571448
2022-01-01,13.0,3.4,8.7,1.0,11.1,44,1,1,1,7.9,7.5,6.2,9.7,7.2000000000000055,7.171428571428572,8.22857142857143,0.0,0.0,0.0,0.0,0.0,2.371428571428568,1.4428571428571448
2022-01-02,13.2,4.4,8.2,0.6,7.6,58,1,2,1,8.7,7.9,7.5,8.5,8.033333333333339,7.028571428571428,8.45,1.0,0.0,0.0,3.3,0.3333333333333268,2.514285714285711,1.5142857142857162
2022-01-03,14.6,5.2,8.8,5.8,13.1,56,1,3,1,8.2,8.7,7.9,4.8,8.266666666666671,6.985714285714287,8.42142857142857,0.6,1.0,0.0,11.9,0.5333333333333269,2.1285714285714255,1.5571428571428592
2022-01-04,7.0,5.4,6.1,24.2,11.6,91,1,4,1,8.8,8.2,8.7,5.6,8.566666666666672,7.557142857142857,8.25,5.8,0.6,1.0,1.4,2.46666666666666,1.2571428571428542,1.9714285714285735
2022-01-05,6.2,4.3,5.1,26.5,9.7,93,1,5,1,6.1,8.8,8.2,6.2,7.700000000000004,7.628571428571428,7.971428571428571,24.2,5.8,0.6,0.0,10.199999999999994,4.514285714285712,3.700000000000002
2022-01-06,9.9,2.3,5.9,48.8,9.0,86,1,6,1,5.1,6.1,8.8,7.5,6.666666666666671,7.471428571428571,7.5,26.5,24.2,5.8,0.0,18.833333333333325,8.299999999999997,5.507142857142859
2022-01-07,9.0,3.0,5.2,44.4,15.3,89,1,7,1,5.9,5.1,6.1,7.9,5.7000000000000055,7.242857142857143,7.285714285714286,48.8,26.5,24.2,0.0,33.16666666666666,15.271428571428569,8.87857142857143
2022-01-08,6.6,2.4,4.7,47.8,19.2,88,1,8,1,5.2,5.9,5.1,8.7,5.400000000000005,6.857142857142856,7.014285714285714,44.4,48.8,26.5,1.0,39.89999999999999,21.61428571428571,11.992857142857144
2022-01-09,10.4,2.6,7.2,0.0,6.6,61,1,9,1,4.7,5.2,5.9,8.2,5.266666666666672,6.285714285714286,6.657142857142857,47.8,44.4,48.8,0.6,46.99999999999999,28.299999999999994,15.407142857142858
2022-01-10,9.3,2.9,6.6,0.7,5.4,69,1,10,1,7.2,4.7,5.2,8.8,5.7000000000000055,6.142857142857143,6.564285714285714,0.0,47.8,44.4,5.8,30.733333333333324,28.21428571428571,15.171428571428574
2022-01-11,12.7,2.6,6.3,0.0,7.9,50,1,11,1,6.6,7.2,4.7,6.1,6.166666666666671,5.828571428571428,6.692857142857143,0.7,0.0,47.8,24.2,16.16666666666666,27.485714285714284,14.371428571428572
2022-01-12,13.8,2.9,7.6,0.0,9.4,40,1,12,1,6.3,6.6,7.2,5.1,6.7000000000000055,5.857142857142857,6.742857142857143,0.0,0.7,0.0,26.5,0.2333333333333262,24.02857142857143,14.271428571428572
2022-01-13,12.8,3.4,7.1,0.4,5.8,42,1,13,1,7.6,6.3,6.6,5.9,6.833333333333338,6.214285714285714,6.8428571428571425,0.0,0.0,0.7,48.8,0.2333333333333262,20.24285714285714,14.271428571428572
2022-01-14,12.9,2.5,6.5,0.0,9.6,42,1,14,1,7.1,7.6,6.3,5.2,7.000000000000004,6.385714285714285,6.814285714285715,0.4,0.0,0.0,44.4,0.13333333333332623,13.328571428571426,14.3
2022-01-15,14.3,3.4,7.9,0.0,10.7,36,1,15,1,6.5,7.1,7.6,4.7,7.066666666666671,6.571428571428571,6.714285714285714,0.0,0.4,0.0,47.8,0.13333333333332623,6.985714285714283,14.3
2022-01-16,16.1,6.1,10.2,0.5,12.6,46,1,16,1,7.9,6.5,7.1,7.2,7.166666666666671,7.028571428571429,6.6571428571428575,0.0,0.0,0.4,0.0,0.13333333333332623,0.1571428571428551,14.22857142857143
2022-01-17,11.7,6.3,8.3,2.5,14.2,60,1,17,1,10.2,7.9,6.5,6.6,8.200000000000005,7.457142857142856,6.8,0.5,0.0,0.0,0.7,0.16666666666665955,0.22857142857142657,14.221428571428573
2022-01-18,13.4,4.4,8.5,0.6,7.2,65,1,18,1,8.3,10.2,7.9,6.3,8.800000000000004,7.700000000000001,6.764285714285714,2.5,0.5,0.0,0.0,0.9999999999999929,0.4857142857142837,13.985714285714286
2022-01-19,11.3,6.4,7.5,14.9,11.4,80,1,19,1,8.5,8.3,10.2,7.6,9.000000000000005,8.014285714285714,6.935714285714285,0.6,2.5,0.5,0.0,1.1999999999999929,0.5714285714285695,12.3
2022-01-20,11.3,3.1,7.5,1.2,6.9,81,1,20,1,7.5,8.5,8.3,7.1,8.100000000000003,8.0,7.107142857142857,14.9,0.6,2.5,0.4,5.999999999999993,2.6999999999999984,11.471428571428573
2022-01-21,9.8,2.8,6.2,3.2,7.8,83,1,21,1,7.5,7.5,8.5,6.5,7.833333333333338,8.057142857142859,7.221428571428571,1.2,14.9,0.6,0.0,5.566666666666659,2.8142857142857127,8.071428571428573
2022-01-22,6.1,3.5,4.8,14.4,11.0,90,1,22,1,6.2,7.5,7.5,7.9,7.066666666666671,8.014285714285714,7.292857142857143,3.2,1.2,14.9,0.0,6.433333333333326,3.2714285714285696,5.128571428571429
2022-01-23,5.6,3.6,4.4,24.6,9.4,94,1,23,1,4.8,6.2,7.5,10.2,6.166666666666671,7.571428571428571,7.3,14.4,3.2,1.2,0.5,6.2666666666666595,5.328571428571427,2.7428571428571447
2022-01-24,9.2,1.2,4.8,4.9,7.3,89,1,24,1,4.4,4.8,6.2,8.3,5.133333333333338,6.742857142857143,7.1000000000000005,24.6,14.4,3.2,2.5,14.066666666666661,8.77142857142857,4.500000000000002
2022-01-25,9.4,1.3,4.7,5.9,7.2,85,1,25,1,4.8,4.4,4.8,8.5,4.666666666666671,6.242857142857143,6.971428571428571,4.9,24.6,14.4,0.6,14.633333333333326,9.114285714285712,4.8000000000000025
2022-01-26,9.9,1.3,5.2,1.4,7.6,73,1,26,1,4.7,4.8,4.4,7.5,4.633333333333338,5.700000000000001,6.857142857142857,5.9,4.9,24.6,14.9,11.799999999999992,9.87142857142857,5.221428571428573
2022-01-27,11.0,1.0,5.1,0.0,6.6,65,1,27,1,5.2,4.7,4.8,7.5,4.900000000000005,5.371428571428572,6.685714285714286,1.4,5.9,4.9,1.2,4.06666666666666,7.942857142857142,5.321428571428574
2022-01-28,12.8,1.5,7.3,0.0,7.7,47,1,28,1,5.1,5.2,4.7,6.2,5.000000000000004,5.028571428571429,6.542857142857143,0.0,1.4,5.9,3.2,2.4333333333333265,7.7714285714285705,5.292857142857145
2022-01-29,13.3,4.9,10.1,0.0,6.5,47,1,29,1,7.3,5.1,5.2,4.8,5.866666666666672,5.185714285714285,6.6,0.0,0.0,1.4,14.4,0.4666666666666595,7.314285714285712,5.292857142857145
2022-01-30,15.5,4.3,9.1,0.0,7.1,47,1,30,1,10.1,7.3,5.1,4.4,7.500000000000004,5.942857142857143,6.757142857142858,0.0,0.0,0.0,24.6,0.0,5.257142857142855,5.292857142857145
2022-01-31,13.5,2.8,8.8,3.2,11.6,57,1,31,1,9.1,10.1,7.3,4.8,8.833333333333337,6.614285714285714,6.678571428571429,0.0,0.0,0.0,4.9,0.0,1.7428571428571409,5.25714285714286
2022-02-01,12.4,2.4,6.4,0.0,7.7,67,2,32,1,8.8,9.1,10.1,4.7,9.333333333333337,7.185714285714285,6.714285714285714,3.2,0.0,0.0,5.9,1.0666666666666595,1.499999999999998,5.30714285714286
2022-02-02,12.8,4.3,8.6,8.6,13.6,54,2,33,1,6.4,8.8,9.1,5.2,8.100000000000005,7.428571428571429,6.564285714285715,0.0,3.2,0.0,1.4,1.0666666666666595,0.657142857142855,5.264285714285717
2022-02-03,9.5,3.7,5.8,5.9,9.4,83,2,34,1,8.6,6.4,8.8,5.1,7.933333333333338,7.914285714285714,6.642857142857143,8.6,0.0,3.2,0.0,3.9333333333333265,1.6857142857142835,4.814285714285717
2022-02-04,9.8,1.8,5.7,0.6,6.9,85,2,35,1,5.8,8.6,6.4,7.3,6.933333333333338,8.014285714285714,6.521428571428571,5.9,8.6,0.0,0.0,4.833333333333326,2.5285714285714262,5.150000000000001
2022-02-05,11.3,1.7,6.0,0.0,7.9,71,2,36,1,5.7,5.8,8.6,10.1,6.7000000000000055,7.785714285714286,6.485714285714286,0.6,5.9,8.6,0.0,5.033333333333326,2.6142857142857125,4.964285714285717
2022-02-06,10.1,4.7,7.3,4.2,11.7,71,2,37,1,6.0,5.7,5.8,9.1,5.833333333333338,7.2,6.571428571428571,0.0,0.6,5.9,0.0,2.166666666666659,2.6142857142857125,3.9357142857142877
2022-02-07,10.8,3.6,7.1,0.8,7.9,74,2,38,1,7.3,6.0,5.7,8.8,6.333333333333338,6.942857142857142,6.778571428571428,4.2,0.0,0.6,3.2,1.5999999999999923,3.214285714285712,2.478571428571431
2022-02-08,12.2,2.6,6.8,3.6,7.2,67,2,39,1,7.1,7.3,6.0,6.4,6.800000000000004,6.7,6.942857142857143,0.8,4.2,0.0,0.0,1.666666666666659,2.8714285714285697,2.1857142857142877
2022-02-09,11.2,1.9,5.9,7.5,8.3,70,2,40,1,6.8,7.1,7.3,8.6,7.066666666666671,6.757142857142857,7.0928571428571425,3.6,0.8,4.2,8.6,2.8666666666666587,3.3857142857142835,2.0214285714285736
2022-02-10,11.6,3.0,8.1,0.0,9.5,41,2,41,1,5.9,6.8,7.1,5.8,6.600000000000004,6.371428571428572,7.142857142857143,7.5,3.6,0.8,5.9,3.9666666666666592,3.2285714285714264,2.457142857142859
2022-02-11,15.2,2.2,7.9,0.0,9.7,38,2,42,1,8.1,5.9,6.8,5.7,6.933333333333338,6.700000000000001,7.357142857142857,0.0,7.5,3.6,0.6,3.699999999999992,2.385714285714283,2.457142857142859
2022-02-12,15.3,4.4,10.5,0.0,6.7,35,2,43,1,7.9,8.1,5.9,6.0,7.300000000000004,7.014285714285714,7.4,0.0,0.0,7.5,0.0,2.4999999999999925,2.2999999999999976,2.457142857142859
2022-02-13,15.4,7.7,12.3,0.0,7.2,42,2,44,1,10.5,7.9,8.1,7.3,8.833333333333337,7.6571428571428575,7.428571428571429,0.0,0.0,0.0,4.2,0.0,2.2999999999999976,2.457142857142859
2022-02-14,14.2,5.6,11.2,0.0,8.3,51,2,45,1,12.3,10.5,7.9,7.1,10.23333333333334,8.371428571428572,7.6571428571428575,0.0,0.0,0.0,0.8,0.0,1.6999999999999977,2.457142857142859
2022-02-15,14.2,5.5,9.1,0.8,9.2,65,2,46,1,11.2,12.3,10.5,6.8,11.333333333333337,8.957142857142857,7.828571428571429,0.0,0.0,0.0,3.6,0.0,1.5857142857142834,2.2285714285714304
2022-02-16,14.2,4.8,8.7,2.3,10.1,59,2,47,1,9.1,11.2,12.3,5.9,10.866666666666672,9.285714285714286,8.02142857142857,0.8,0.0,0.0,7.5,0.266666666666659,1.1857142857142835,2.285714285714288
2022-02-17,14.3,4.5,8.2,3.7,9.7,59,2,48,1,8.7,9.1,11.2,8.1,9.66666666666667,9.685714285714285,8.028571428571428,2.3,0.8,0.0,0.0,1.0333333333333254,0.4428571428571405,1.8357142857142876
2022-02-18,14.2,5.0,8.6,1.0,8.5,61,2,49,1,8.2,8.7,9.1,7.9,8.66666666666667,9.700000000000001,8.200000000000001,3.7,2.3,0.8,0.0,2.266666666666659,0.9714285714285691,1.6785714285714306
2022-02-19,14.9,5.4,9.1,0.7,10.5,50,2,50,1,8.6,8.2,8.7,10.5,8.500000000000005,9.799999999999999,8.407142857142857,1.0,3.7,2.3,0.0,2.3333333333333255,1.1142857142857119,1.707142857142859
2022-02-20,16.5,4.4,9.6,0.0,12.0,39,2,51,1,9.1,8.6,8.2,12.3,8.633333333333338,9.599999999999998,8.628571428571428,0.7,1.0,3.7,0.0,1.7999999999999925,1.214285714285712,1.7571428571428593
2022-02-21,19.1,6.8,12.1,0.0,10.8,30,2,52,1,9.6,9.1,8.6,11.2,9.100000000000003,9.214285714285714,8.792857142857143,0.0,0.7,1.0,0.0,0.566666666666659,1.214285714285712,1.4571428571428593
2022-02-22,15.2,6.7,10.2,16.3,19.8,58,2,53,1,12.1,9.6,9.1,9.1,10.266666666666671,9.342857142857142,9.15,0.0,0.0,0.7,0.8,0.23333333333332562,1.214285714285712,1.4000000000000021
2022-02-23,10.1,5.8,7.5,45.3,12.8,88,2,54,1,10.2,12.1,9.6,8.7,10.633333333333338,9.5,9.392857142857142,16.3,0.0,0.0,2.3,5.433333333333326,3.4285714285714266,2.307142857142859
2022-02-24,10.0,3.9,7.0,16.3,9.8,86,2,55,1,7.5,10.2,12.1,8.2,9.933333333333337,9.328571428571427,9.507142857142856,45.3,16.3,0.0,3.7,20.533333333333324,9.57142857142857,5.007142857142859
2022-02-25,7.8,2.5,5.2,45.6,11.4,86,2,56,1,7.0,7.5,10.2,8.6,8.233333333333338,9.157142857142857,9.428571428571429,16.3,45.3,16.3,1.0,25.966666666666658,11.371428571428568,6.171428571428573
2022-02-26,9.5,1.4,5.3,10.9,8.0,84,2,57,1,5.2,7.0,7.5,9.1,6.566666666666671,8.671428571428573,9.235714285714284,45.6,16.3,45.3,0.7,35.73333333333333,17.74285714285714,9.42857142857143
2022-02-27,14.1,1.9,8.1,0.0,8.0,57,2,58,1,5.3,5.2,7.0,9.6,5.833333333333338,8.128571428571428,8.864285714285714,10.9,45.6,16.3,0.0,24.266666666666662,19.199999999999996,10.207142857142859
2022-02-28,14.9,4.6,9.6,0.2,7.3,44,2,59,1,8.1,5.3,5.2,12.1,6.2000000000000055,7.914285714285714,8.564285714285713,0.0,10.9,45.6,0.0,18.833333333333325,19.199999999999996,10.207142857142859
2022-03-01,13.6,7.0,10.0,2.7,12.6,65,3,60,2,9.6,8.1,5.3,10.2,7.666666666666671,7.557142857142856,8.45,0.2,0.0,10.9,16.3,3.6999999999999904,19.228571428571428,10.221428571428573
2022-03-02,16.8,6.3,10.6,2.8,11.2,66,3,61,2,10.0,9.6,8.1,7.5,9.233333333333338,7.528571428571429,8.514285714285714,2.7,0.2,0.0,45.3,0.9666666666666573,17.285714285714285,10.35714285714286
2022-03-03,12.6,5.8,9.4,4.3,16.3,65,3,62,2,10.6,10.0,9.6,7.0,10.066666666666672,7.971428571428571,8.65,2.8,2.7,0.2,16.3,1.8999999999999906,11.214285714285712,10.392857142857144
2022-03-04,15.5,3.8,10.0,0.3,7.4,65,3,63,2,9.4,10.6,10.0,5.2,10.000000000000005,8.314285714285715,8.735714285714286,4.3,2.8,2.7,45.6,3.2666666666666573,9.5,10.435714285714287
2022-03-05,18.8,8.3,13.2,0.0,8.5,46,3,64,2,10.0,9.4,10.6,5.3,10.000000000000005,9.0,8.835714285714285,0.3,4.3,2.8,10.9,2.466666666666657,3.0285714285714262,10.385714285714286
2022-03-06,15.7,9.1,11.7,21.4,14.9,68,3,65,2,13.2,10.0,9.4,8.1,10.866666666666669,10.12857142857143,9.128571428571428,0.0,0.3,4.3,0.0,1.5333333333333237,1.4714285714285695,10.335714285714287
2022-03-07,14.8,7.1,10.5,23.3,12.6,79,3,66,2,11.7,13.2,10.0,9.6,11.633333333333338,10.642857142857142,9.278571428571427,21.4,0.0,0.3,0.2,7.233333333333324,4.528571428571427,11.864285714285716
2022-03-08,20.0,7.8,13.2,2.9,10.3,59,3,67,2,10.5,11.7,13.2,10.0,11.800000000000004,10.771428571428572,9.164285714285715,23.3,21.4,0.0,2.7,14.899999999999991,7.8285714285714265,13.52857142857143
2022-03-09,17.8,10.0,13.4,1.3,8.2,55,3,68,2,13.2,10.5,11.7,10.6,11.800000000000004,11.228571428571428,9.378571428571428,2.9,23.3,21.4,2.8,15.866666666666658,7.857142857142855,12.571428571428573
2022-03-10,20.7,8.7,14.2,0.0,8.7,56,3,69,2,13.4,13.2,10.5,9.4,12.366666666666672,11.628571428571428,9.799999999999999,1.3,2.9,23.3,4.3,9.166666666666657,7.642857142857141,9.42857142857143
2022-03-11,21.9,10.9,16.2,0.0,8.2,46,3,70,2,14.2,13.4,13.2,10.0,13.600000000000003,12.314285714285715,10.314285714285715,0.0,1.3,2.9,0.3,1.3999999999999906,7.028571428571427,8.264285714285716
2022-03-12,23.3,10.7,17.1,0.0,8.9,45,3,71,2,16.2,14.2,13.4,13.2,14.600000000000003,13.200000000000001,11.1,0.0,0.0,1.3,0.0,0.43333333333332386,6.985714285714283,5.007142857142859
2022-03-13,25.7,12.8,18.3,0.0,9.5,45,3,72,2,17.1,16.2,14.2,11.7,15.833333333333337,13.757142857142856,11.942857142857141,0.0,0.0,0.0,21.4,0.0,6.985714285714283,4.22857142857143
2022-03-14,25.9,14.8,20.8,0.0,12.9,45,3,73,2,18.3,17.1,16.2,10.5,17.200000000000006,14.7,12.671428571428573,0.0,0.0,0.0,23.3,0.0,3.9285714285714266,4.22857142857143
2022-03-15,25.4,13.9,19.9,0.0,18.9,57,3,74,2,20.8,18.3,17.1,13.2,18.733333333333338,16.17142857142857,13.471428571428573,0.0,0.0,0.0,2.9,0.0,0.599999999999998,4.214285714285716
2022-03-16,26.6,15.1,20.4,0.0,9.4,45,3,75,2,19.9,20.8,18.3,13.4,19.66666666666667,17.12857142857143,14.178571428571429,0.0,0.0,0.0,1.3,0.0,0.1857142857142837,4.021428571428573
2022-03-17,29.1,16.0,22.0,0.0,12.8,43,3,76,2,20.4,19.9,20.8,14.2,20.366666666666674,18.12857142857143,14.87857142857143,0.0,0.0,0.0,0.0,0.0,0.0,3.8214285714285734
2022-03-18,26.0,14.9,21.4,8.2,21.3,52,3,77,2,22.0,20.4,19.9,16.2,20.76666666666667,19.24285714285714,15.778571428571428,0.0,0.0,0.0,0.0,0.0,0.0,3.5142857142857165
2022-03-19,23.6,13.4,17.3,19.1,23.2,68,3,78,2,21.4,22.0,20.4,17.1,21.26666666666667,19.985714285714288,16.592857142857145,8.2,0.0,0.0,0.0,2.7333333333333236,1.1714285714285693,4.07857142857143
2022-03-20,23.0,12.8,17.1,2.7,19.2,58,3,79,2,17.3,21.4,22.0,18.3,20.233333333333338,20.014285714285712,16.885714285714283,19.1,8.2,0.0,0.0,9.09999999999999,3.899999999999998,5.442857142857144
2022-03-21,24.6,13.3,18.3,0.0,10.4,50,3,80,2,17.1,17.3,21.4,20.8,18.600000000000005,19.842857142857145,17.271428571428572,2.7,19.1,8.2,0.0,9.999999999999991,4.285714285714284,4.107142857142859
2022-03-22,25.1,14.6,18.9,0.0,9.5,40,3,81,2,18.3,17.1,17.3,19.9,17.566666666666674,19.485714285714284,17.82857142857143,0.0,2.7,19.1,0.0,7.266666666666658,4.285714285714284,2.4428571428571453
2022-03-23,24.7,12.6,18.9,2.8,17.1,40,3,82,2,18.9,18.3,17.1,20.4,18.10000000000001,19.342857142857145,18.235714285714288,0.0,0.0,2.7,0.0,0.8999999999999906,4.285714285714284,2.235714285714288
2022-03-24,22.6,12.0,16.8,0.2,14.2,50,3,83,2,18.9,18.9,18.3,22.0,18.700000000000003,19.128571428571426,18.62857142857143,2.8,0.0,0.0,0.0,0.9333333333333238,4.685714285714283,2.3428571428571447
2022-03-25,23.2,12.7,17.6,0.0,10.6,39,3,84,2,16.8,18.9,18.9,21.4,18.200000000000006,18.385714285714283,18.814285714285713,0.2,2.8,0.0,8.2,0.9999999999999906,4.714285714285713,2.357142857142859
2022-03-26,25.8,13.9,19.4,0.0,10.1,32,3,85,2,17.6,16.8,18.9,17.3,17.766666666666673,17.842857142857145,18.914285714285715,0.0,0.2,2.8,19.1,0.9999999999999906,3.542857142857141,2.357142857142859
2022-03-27,25.8,14.7,20.8,0.0,12.3,33,3,86,2,19.4,17.6,16.8,17.1,17.93333333333334,18.142857142857142,19.07857142857143,0.0,0.0,0.2,2.7,0.0666666666666572,0.8142857142857123,2.357142857142859
2022-03-28,26.0,16.1,20.4,0.0,13.0,41,3,87,2,20.8,19.4,17.6,18.3,19.26666666666667,18.67142857142857,19.25714285714286,0.0,0.0,0.0,0.0,0.0,0.42857142857142655,2.357142857142859
2022-03-29,26.0,15.0,20.2,0.0,13.7,43,3,88,2,20.4,20.8,19.4,18.9,20.200000000000006,18.97142857142857,19.228571428571428,0.0,0.0,0.0,0.0,0.0,0.42857142857142655,2.357142857142859
2022-03-30,25.7,14.1,20.4,0.0,10.1,35,3,89,2,20.2,20.4,20.8,18.9,20.466666666666672,19.157142857142855,19.25,0.0,0.0,0.0,2.8,0.0,0.42857142857142655,2.357142857142859
2022-03-31,26.8,14.5,19.8,0.0,13.2,34,3,90,2,20.4,20.2,20.4,16.8,20.33333333333334,19.37142857142857,19.25,0.0,0.0,0.0,0.2,0.0,0.028571428571426544,2.357142857142859
2022-04-01,27.7,16.1,21.6,0.0,10.3,30,4,91,2,19.8,20.4,20.2,17.6,20.13333333333334,19.8,19.092857142857145,0.0,0.0,0.0,0.0,0.0,0.0,2.357142857142859
2022-04-02,26.9,16.0,22.1,0.0,18.1,33,4,92,2,21.6,19.8,20.4,19.4,20.600000000000005,20.37142857142857,19.107142857142858,0.0,0.0,0.0,0.0,0.0,0.0,1.7714285714285736
2022-04-03,26.3,14.3,19.8,0.1,15.6,40,4,93,2,22.1,21.6,19.8,20.8,21.166666666666675,20.75714285714286,19.45,0.0,0.0,0.0,0.0,0.0,0.0,0.4071428571428592
2022-04-04,27.5,16.1,21.0,0.0,12.7,36,4,94,2,19.8,22.1,21.6,20.4,21.166666666666675,20.61428571428571,19.642857142857142,0.1,0.0,0.0,0.0,0.03333333333332386,0.014285714285712256,0.22142857142857345
2022-04-05,28.3,16.7,21.9,0.0,12.2,32,4,95,2,21.0,19.8,22.1,20.2,20.966666666666672,20.7,19.835714285714285,0.0,0.1,0.0,0.0,0.03333333333332386,0.014285714285712256,0.22142857142857345
2022-04-06,28.8,16.7,22.9,0.0,11.0,28,4,96,2,21.9,21.0,19.8,20.4,20.900000000000006,20.942857142857143,20.05,0.0,0.0,0.1,0.0,0.03333333333332386,0.014285714285712256,0.22142857142857345
2022-04-07,29.7,17.5,23.3,0.0,10.6,28,4,97,2,22.9,21.9,21.0,19.8,21.933333333333337,21.3,20.33571428571429,0.0,0.0,0.0,0.0,0.0,0.014285714285712256,0.021428571428573462
2022-04-08,30.4,19.1,23.9,0.0,11.9,26,4,98,2,23.3,22.9,21.9,21.6,22.700000000000006,21.8,20.8,0.0,0.0,0.0,0.0,0.0,0.014285714285712256,0.007142857142859173
2022-04-09,28.5,17.2,22.5,0.2,16.4,33,4,99,2,23.9,23.3,22.9,22.1,23.36666666666667,22.12857142857143,21.25,0.0,0.0,0.0,0.0,0.0,0.014285714285712256,0.007142857142859173
2022-04-10,30.8,17.5,23.7,0.0,13.8,30,4,100,2,22.5,23.9,23.3,19.8,23.233333333333338,22.185714285714287,21.47142857142857,0.2,0.0,0.0,0.1,0.0666666666666572,0.04285714285714083,0.021428571428573462
2022-04-11,31.7,19.0,24.5,0.0,11.6,28,4,101,2,23.7,22.5,23.9,21.0,23.366666666666674,22.74285714285714,21.678571428571427,0.0,0.2,0.0,0.0,0.0666666666666572,0.028571428571426544,0.021428571428573462
2022-04-12,29.9,18.2,23.1,0.4,19.5,36,4,102,2,24.5,23.7,22.5,21.9,23.566666666666674,23.24285714285714,21.97142857142857,0.0,0.0,0.2,0.0,0.0666666666666572,0.028571428571426544,0.021428571428573462
2022-04-13,22.5,15.5,18.8,8.6,25.7,55,4,103,2,23.1,24.5,23.7,22.9,23.76666666666667,23.41428571428571,22.178571428571427,0.4,0.0,0.0,0.0,0.13333333333332387,0.0857142857142837,0.050000000000002036
2022-04-14,23.9,13.8,18.3,1.6,21.7,51,4,104,2,18.8,23.1,24.5,23.3,22.13333333333334,22.82857142857143,22.064285714285713,8.6,0.4,0.0,0.0,2.9999999999999907,1.314285714285712,0.6642857142857163
2022-04-15,26.4,14.8,20.5,0.0,10.6,41,4,105,2,18.3,18.8,23.1,23.9,20.066666666666674,22.114285714285717,21.957142857142856,1.6,8.6,0.4,0.0,3.533333333333324,1.5428571428571407,0.7785714285714305
2022-04-16,27.3,15.2,21.2,0.0,13.2,38,4,106,2,20.5,18.3,18.8,22.5,19.200000000000006,21.62857142857143,21.87857142857143,0.0,1.6,8.6,0.2,3.39999999999999,1.5428571428571407,0.7785714285714305
2022-04-17,29.1,17.4,22.7,0.0,11.7,35,4,107,2,21.2,20.5,18.3,23.7,20.000000000000004,21.442857142857143,21.814285714285713,0.0,0.0,1.6,0.0,0.5333333333333239,1.5142857142857122,0.7785714285714305
2022-04-18,30.1,17.4,23.4,0.0,13.8,36,4,108,2,22.7,21.2,20.5,24.5,21.466666666666672,21.3,22.021428571428572,0.0,0.0,0.0,0.0,0.0,1.5142857142857122,0.7714285714285734
2022-04-19,26.8,16.3,20.0,4.6,23.7,54,4,109,2,23.4,22.7,21.2,23.1,22.433333333333337,21.142857142857142,22.192857142857143,0.0,0.0,0.0,0.4,0.0,1.5142857142857122,0.7714285714285734
2022-04-20,27.2,15.1,20.0,1.6,16.4,49,4,110,2,20.0,23.4,22.7,18.8,22.033333333333342,20.7,22.057142857142857,4.6,0.0,0.0,8.6,1.5333333333333237,2.114285714285712,1.1000000000000019
2022-04-21,23.4,13.9,17.9,0.4,23.2,57,4,111,2,20.0,20.0,23.4,18.3,21.133333333333336,20.87142857142857,21.849999999999998,1.6,4.6,0.0,1.6,2.066666666666657,1.114285714285712,1.2142857142857164
2022-04-22,23.2,14.0,18.0,0.6,9.0,54,4,112,2,17.9,20.0,20.0,20.5,19.300000000000004,20.814285714285713,21.464285714285715,0.4,1.6,4.6,0.0,2.1999999999999904,0.9428571428571407,1.2428571428571449
2022-04-23,25.2,13.7,19.1,0.6,16.6,46,4,113,2,18.0,17.9,20.0,21.2,18.63333333333334,20.457142857142856,21.04285714285714,0.6,0.4,1.6,0.0,0.8666666666666573,1.0285714285714265,1.2857142857142878
2022-04-24,27.5,15.1,21.5,0.0,13.0,35,4,114,2,19.1,18.0,17.9,22.7,18.33333333333334,20.157142857142855,20.8,0.6,0.6,0.4,0.0,0.5333333333333239,1.1142857142857123,1.3142857142857163
2022-04-25,25.0,15.1,20.3,0.1,15.0,48,4,115,2,21.5,19.1,18.0,23.4,19.533333333333342,19.985714285714288,20.642857142857142,0.0,0.6,0.6,0.0,0.3999999999999906,1.114285714285712,1.3142857142857163
2022-04-26,28.9,14.8,22.1,0.0,13.8,38,4,116,2,20.3,21.5,19.1,20.0,20.300000000000008,19.542857142857144,20.342857142857145,0.1,0.0,0.6,4.6,0.23333333333332384,1.1285714285714263,1.3214285714285734
2022-04-27,31.2,19.0,24.7,0.0,10.4,30,4,117,2,22.1,20.3,21.5,20.0,21.300000000000008,19.842857142857145,20.27142857142857,0.0,0.1,0.0,1.6,0.03333333333332386,0.4714285714285693,1.2928571428571447
2022-04-28,31.5,20.5,25.7,0.1,16.2,29,4,118,2,24.7,22.1,20.3,17.9,22.366666666666674,20.514285714285712,20.692857142857147,0.0,0.0,0.1,0.4,0.03333333333332386,0.2428571428571407,0.6785714285714306
2022-04-29,31.5,18.4,24.8,0.1,15.2,33,4,119,2,25.7,24.7,22.1,18.0,24.16666666666667,21.62857142857143,21.22142857142857,0.1,0.0,0.0,0.6,0.03333333333332386,0.19999999999999782,0.5714285714285735
2022-04-30,31.7,20.0,25.6,0.0,11.2,32,4,120,2,24.8,25.7,24.7,19.1,25.066666666666674,22.599999999999998,21.528571428571432,0.1,0.1,0.0,0.6,0.0666666666666572,0.12857142857142642,0.5785714285714306
2022-05-01,32.7,20.5,26.5,0.0,13.2,31,5,121,2,25.6,24.8,25.7,21.5,25.366666666666674,23.528571428571432,21.842857142857145,0.0,0.1,0.1,0.0,0.0666666666666572,0.042857142857140706,0.5785714285714306
2022-05-02,32.1,21.1,26.3,0.0,16.8,33,5,122,2,26.5,25.6,24.8,20.3,25.63333333333334,24.242857142857144,22.11428571428571,0.0,0.0,0.1,0.1,0.03333333333332386,0.042857142857140706,0.5785714285714306
2022-05-03,28.6,18.6,23.2,3.1,17.8,47,5,123,2,26.3,26.5,25.6,22.1,26.13333333333334,25.099999999999998,22.321428571428573,0.0,0.0,0.0,0.0,0.0,0.028571428571426416,0.5785714285714306
2022-05-04,25.3,15.2,18.8,20.0,17.9,69,5,124,2,23.2,26.3,26.5,24.7,25.33333333333334,25.25714285714286,22.55,3.1,0.0,0.0,0.0,1.033333333333324,0.4714285714285693,0.4714285714285734
2022-05-05,25.6,15.0,20.3,0.0,8.8,56,5,125,2,18.8,23.2,26.3,25.7,22.76666666666667,24.414285714285715,22.464285714285715,20.0,3.1,0.0,0.1,7.699999999999991,3.3285714285714265,1.7857142857142878
2022-05-06,27.5,17.0,21.8,0.1,8.5,48,5,126,2,20.3,18.8,23.2,24.8,20.766666666666673,23.642857142857142,22.63571428571429,0.0,20.0,3.1,0.1,7.699999999999991,3.3142857142857123,1.7571428571428591
2022-05-07,28.7,16.8,22.9,0.0,11.0,42,5,127,2,21.8,20.3,18.8,25.6,20.300000000000008,23.214285714285715,22.907142857142862,0.1,0.0,20.0,0.0,6.699999999999991,3.3142857142857127,1.7214285714285735
2022-05-08,31.4,19.4,25.4,0.0,14.3,36,5,128,2,22.9,21.8,20.3,26.5,21.66666666666667,22.828571428571426,23.178571428571427,0.0,0.1,0.0,0.0,0.03333333333332386,3.3142857142857127,1.6785714285714306
2022-05-09,31.8,20.4,25.4,0.0,22.4,38,5,129,2,25.4,22.9,21.8,26.3,23.366666666666674,22.67142857142857,23.457142857142856,0.0,0.0,0.1,0.0,0.03333333333332386,3.3142857142857127,1.6785714285714306
2022-05-10,31.4,20.6,25.6,0.2,15.4,36,5,130,2,25.4,25.4,22.9,23.2,24.566666666666674,22.542857142857144,23.821428571428573,0.0,0.0,0.0,3.1,0.0,3.3142857142857127,1.6714285714285737
2022-05-11,31.9,21.2,26.5,0.0,12.9,36,5,131,2,25.6,25.4,25.4,18.8,25.466666666666672,22.885714285714283,24.071428571428573,0.2,0.0,0.0,20.0,0.0666666666666572,2.899999999999998,1.685714285714288
2022-05-12,32.8,21.2,26.6,0.1,14.6,33,5,132,2,26.5,25.6,25.4,20.3,25.83333333333334,23.985714285714288,24.199999999999996,0.0,0.2,0.0,0.0,0.0666666666666572,0.04285714285714083,1.685714285714288
2022-05-13,32.8,21.8,27.0,0.0,12.7,27,5,133,2,26.6,26.5,25.6,21.8,26.233333333333338,24.885714285714283,24.264285714285712,0.1,0.0,0.2,0.1,0.09999999999999054,0.057142857142855115,1.6857142857142875
2022-05-14,35.0,22.6,28.3,0.0,19.9,19,5,134,2,27.0,26.6,26.5,22.9,26.700000000000006,25.628571428571426,24.42142857142857,0.0,0.1,0.0,0.0,0.03333333333332386,0.04285714285714083,1.6785714285714304
2022-05-15,34.9,22.4,28.2,0.0,20.3,20,5,135,2,28.3,27.0,26.6,25.4,27.300000000000008,26.400000000000002,24.614285714285717,0.0,0.0,0.1,0.0,0.03333333333332386,0.04285714285714083,1.6785714285714304
2022-05-16,32.4,21.2,25.7,0.1,23.4,30,5,136,2,28.2,28.3,27.0,25.4,27.83333333333334,26.8,24.735714285714288,0.0,0.0,0.0,0.0,0.0,0.04285714285714083,1.6785714285714304
2022-05-17,30.8,20.6,25.1,0.5,14.3,33,5,137,2,25.7,28.2,28.3,25.6,27.400000000000006,26.842857142857145,24.692857142857143,0.1,0.0,0.0,0.2,0.03333333333332386,0.057142857142855115,1.6857142857142875
2022-05-18,31.6,18.2,25.1,0.0,14.4,36,5,138,2,25.1,25.7,28.2,26.5,26.333333333333343,26.771428571428572,24.82857142857143,0.5,0.1,0.0,0.0,0.19999999999999052,0.09999999999999797,1.500000000000002
2022-05-19,31.0,21.9,26.1,0.6,15.8,33,5,139,2,25.1,25.1,25.7,26.6,25.300000000000008,26.571428571428573,25.27857142857143,0.0,0.5,0.1,0.1,0.19999999999999052,0.09999999999999797,0.07142857142857346
2022-05-20,26.6,17.7,22.6,1.5,25.7,43,5,140,2,26.1,25.1,25.1,27.0,25.433333333333337,26.5,25.692857142857143,0.6,0.0,0.5,0.0,0.3666666666666572,0.1714285714285694,0.11428571428571632
2022-05-21,27.9,18.7,23.2,1.7,22.8,38,5,141,2,22.6,26.1,25.1,28.3,24.60000000000001,25.871428571428574,25.75,1.5,0.6,0.0,0.0,0.6999999999999905,0.38571428571428373,0.21428571428571633
2022-05-22,29.7,18.7,23.9,0.0,17.8,35,5,142,2,23.2,22.6,26.1,28.2,23.966666666666672,25.142857142857142,25.771428571428572,1.7,1.5,0.6,0.0,1.266666666666657,0.6285714285714266,0.33571428571428774
2022-05-23,23.7,15.3,19.1,5.6,20.2,51,5,143,2,23.9,23.2,22.6,25.7,23.233333333333338,24.528571428571432,25.664285714285715,0.0,1.7,1.5,0.1,1.0666666666666573,0.6285714285714266,0.33571428571428774
2022-05-24,24.6,14.9,20.0,4.0,14.5,52,5,144,2,19.1,23.9,23.2,25.1,22.066666666666674,23.585714285714285,25.214285714285715,5.6,0.0,1.7,0.5,2.433333333333324,1.4142857142857124,0.7357142857142878
2022-05-25,26.7,15.3,21.7,0.0,14.5,56,5,145,2,20.0,19.1,23.9,25.1,21.000000000000004,22.857142857142858,24.814285714285717,4.0,5.6,0.0,0.0,3.1999999999999904,1.9142857142857124,1.0071428571428593
2022-05-26,29.4,18.7,24.7,0.0,14.1,47,5,146,2,21.7,20.0,19.1,26.1,20.266666666666673,22.37142857142857,24.47142857142857,0.0,4.0,5.6,0.6,3.1999999999999904,1.9142857142857124,1.0071428571428593
2022-05-27,30.6,21.7,26.5,0.0,14.2,40,5,147,2,24.7,21.7,20.0,22.6,22.13333333333334,22.171428571428574,24.335714285714285,0.0,0.0,4.0,1.5,1.333333333333324,1.8285714285714267,1.000000000000002
2022-05-28,31.2,18.4,25.0,0.4,15.1,47,5,148,2,26.5,24.7,21.7,23.2,24.300000000000008,22.728571428571428,24.3,0.0,0.0,0.0,1.7,0.0,1.6142857142857123,1.000000000000002
2022-05-29,31.5,19.4,25.4,0.6,14.3,38,5,149,2,25.0,26.5,24.7,23.9,25.400000000000006,22.985714285714288,24.064285714285713,0.4,0.0,0.0,0.0,0.13333333333332387,1.4285714285714266,1.0285714285714305
2022-05-30,31.1,18.4,25.2,0.0,11.6,35,5,150,2,25.4,25.0,26.5,19.1,25.63333333333334,23.199999999999996,23.864285714285717,0.6,0.4,0.0,5.6,0.3333333333333239,1.5142857142857122,1.0714285714285734
2022-05-31,31.2,18.9,24.6,0.0,14.8,38,5,151,2,25.2,25.4,25.0,20.0,25.200000000000006,24.071428571428573,23.82857142857143,0.0,0.6,0.4,4.0,0.3333333333333239,0.7142857142857123,1.0642857142857163
2022-06-01,30.4,17.9,23.9,0.2,18.2,38,6,152,3,24.6,25.2,25.4,21.7,25.066666666666674,24.728571428571428,23.79285714285714,0.0,0.0,0.6,0.0,0.19999999999999052,0.14285714285714082,1.0285714285714305
2022-06-02,31.6,18.2,25.3,0.2,12.6,29,6,153,3,23.9,24.6,25.2,24.7,24.566666666666674,25.042857142857144,23.70714285714286,0.2,0.0,0.0,0.0,0.0666666666666572,0.1714285714285694,1.042857142857145
2022-06-03,33.0,20.1,26.4,0.0,15.9,26,6,154,3,25.3,23.9,24.6,26.5,24.600000000000005,25.128571428571426,23.650000000000002,0.2,0.2,0.0,0.0,0.13333333333332387,0.19999999999999796,1.0142857142857162
2022-06-04,32.9,20.9,27.2,0.2,14.4,23,6,155,3,26.4,25.3,23.9,25.0,25.200000000000006,25.11428571428571,23.92142857142857,0.0,0.2,0.2,0.4,0.13333333333332387,0.19999999999999796,0.9071428571428591
2022-06-05,34.0,21.1,28.4,0.0,11.3,19,6,156,3,27.2,26.4,25.3,25.4,26.3,25.428571428571427,24.207142857142856,0.2,0.0,0.2,0.6,0.13333333333332387,0.1714285714285694,0.8000000000000022
2022-06-06,34.3,22.4,28.7,0.0,15.8,19,6,157,3,28.4,27.2,26.4,25.2,27.33333333333334,25.857142857142858,24.528571428571432,0.0,0.2,0.0,0.0,0.0666666666666572,0.0857142857142837,0.8000000000000022
2022-06-07,34.7,23.6,29.3,0.0,13.8,21,6,158,3,28.7,28.4,27.2,24.6,28.100000000000005,26.357142857142858,25.214285714285715,0.0,0.0,0.2,0.0,0.0666666666666572,0.0857142857142837,0.400000000000002
2022-06-08,34.9,22.4,28.8,0.0,15.1,24,6,159,3,29.3,28.7,28.4,23.9,28.8,27.02857142857143,25.87857142857143,0.0,0.0,0.0,0.2,0.0,0.0857142857142837,0.11428571428571632
2022-06-09,35.5,22.9,29.0,0.0,18.7,24,6,160,3,28.8,29.3,28.7,25.3,28.93333333333334,27.728571428571428,26.385714285714283,0.0,0.0,0.0,0.2,0.0,0.057142857142855115,0.11428571428571632
2022-06-10,33.7,20.9,27.9,0.3,19.8,27,6,161,3,29.0,28.8,29.3,26.4,29.033333333333342,28.25714285714286,26.692857142857143,0.0,0.0,0.0,0.0,0.0,0.028571428571426544,0.11428571428571632
2022-06-11,34.8,21.8,28.1,0.0,14.9,29,6,162,3,27.9,29.0,28.8,27.2,28.566666666666674,28.47142857142857,26.792857142857144,0.3,0.0,0.0,0.2,0.09999999999999053,0.0714285714285694,0.13571428571428773
2022-06-12,33.1,22.7,27.7,1.2,20.4,31,6,163,3,28.1,27.9,29.0,28.4,28.33333333333334,28.599999999999998,27.014285714285712,0.0,0.3,0.0,0.0,0.09999999999999053,0.042857142857140824,0.10714285714285918
2022-06-13,32.5,22.7,27.3,0.3,22.5,34,6,164,3,27.7,28.1,27.9,28.7,27.900000000000006,28.5,27.178571428571427,1.2,0.0,0.3,0.0,0.4999999999999905,0.21428571428571225,0.15000000000000205
2022-06-14,35.2,22.4,29.4,0.0,12.9,27,6,165,3,27.3,27.7,28.1,29.3,27.700000000000006,28.3,27.328571428571426,0.3,1.2,0.0,0.0,0.4999999999999905,0.2571428571428551,0.17142857142857346
2022-06-15,35.5,23.8,30.4,0.0,16.2,25,6,166,3,29.4,27.3,27.7,28.8,28.13333333333334,28.314285714285717,27.671428571428574,0.0,0.3,1.2,0.0,0.4999999999999905,0.2571428571428551,0.17142857142857346
2022-06-16,32.4,22.8,28.0,1.2,13.9,40,6,167,3,30.4,29.4,27.3,29.0,29.033333333333335,28.542857142857144,28.135714285714283,0.0,0.0,0.3,0.0,0.09999999999999053,0.2571428571428551,0.15714285714285917
2022-06-17,29.2,20.3,24.0,5.0,11.5,56,6,168,3,28.0,30.4,29.4,27.9,29.26666666666667,28.400000000000002,28.328571428571426,1.2,0.0,0.0,0.3,0.39999999999999053,0.42857142857142655,0.22857142857143062
2022-06-18,26.8,17.8,21.4,4.1,19.3,66,6,169,3,24.0,28.0,30.4,28.1,27.466666666666672,27.842857142857138,28.157142857142855,5.0,1.2,0.0,0.0,2.066666666666657,1.099999999999998,0.5857142857142877
2022-06-19,24.6,16.9,20.7,2.7,10.1,66,6,170,3,21.4,24.0,28.0,27.7,24.466666666666672,26.885714285714283,27.74285714285714,4.1,5.0,1.2,1.2,3.4333333333333242,1.6857142857142837,0.8642857142857164
2022-06-20,25.2,16.3,20.1,11.9,17.4,65,6,171,3,20.7,21.4,24.0,27.3,22.033333333333342,25.88571428571429,27.192857142857143,2.7,4.1,5.0,0.3,3.9333333333333242,1.8999999999999981,1.0571428571428592
2022-06-21,18.4,16.0,16.9,39.3,12.5,83,6,172,3,20.1,20.7,21.4,29.4,20.733333333333338,24.857142857142858,26.578571428571426,11.9,2.7,4.1,0.0,6.233333333333324,3.5571428571428547,1.9071428571428595
2022-06-22,24.6,15.1,19.4,7.3,14.9,68,6,173,3,16.9,20.1,20.7,30.4,19.233333333333338,23.071428571428573,25.692857142857143,39.3,11.9,2.7,0.0,17.966666666666658,9.171428571428569,4.714285714285716
2022-06-23,26.6,16.0,21.9,0.0,9.1,61,6,174,3,19.4,16.9,20.1,28.0,18.800000000000004,21.5,25.021428571428572,7.3,39.3,11.9,1.2,19.49999999999999,10.214285714285712,5.2357142857142875
2022-06-24,29.1,17.9,24.3,0.0,9.7,52,6,175,3,21.9,19.4,16.9,24.0,19.400000000000002,20.62857142857143,24.514285714285712,0.0,7.3,39.3,5.0,15.533333333333323,10.042857142857141,5.2357142857142875
2022-06-25,30.1,20.5,26.3,0.0,10.8,47,6,176,3,24.3,21.9,19.4,21.4,21.86666666666667,20.67142857142857,24.257142857142856,0.0,0.0,7.3,4.1,2.433333333333324,9.328571428571426,5.214285714285716
2022-06-26,31.0,22.1,27.9,0.0,11.0,47,6,177,3,26.3,24.3,21.9,20.7,24.166666666666675,21.37142857142857,24.12857142857143,0.0,0.0,0.0,2.7,0.0,8.74285714285714,5.214285714285716
2022-06-27,31.4,24.0,28.7,0.0,11.0,45,6,178,3,27.9,26.3,24.3,20.1,26.16666666666667,22.400000000000002,24.14285714285714,0.0,0.0,0.0,11.9,0.0,8.357142857142854,5.128571428571431
2022-06-28,32.4,25.8,29.4,0.0,13.0,44,6,179,3,28.7,27.9,26.3,16.9,27.63333333333334,23.62857142857143,24.242857142857144,0.0,0.0,0.0,39.3,0.0,6.657142857142854,5.107142857142859
2022-06-29,33.6,25.1,29.8,0.0,12.4,48,6,180,3,29.4,28.7,27.9,19.4,28.66666666666667,25.414285714285715,24.24285714285714,0.0,0.0,0.0,7.3,0.0,1.0428571428571407,5.107142857142859
2022-06-30,31.1,24.2,27.1,3.3,17.3,73,6,181,3,29.8,29.4,28.7,21.9,29.3,26.9,24.2,0.0,0.0,0.0,0.0,0.0,0.0,5.107142857142859
2022-07-01,25.9,22.0,23.6,6.4,15.1,89,7,182,3,27.1,29.8,29.4,24.3,28.76666666666667,27.642857142857142,24.135714285714283,3.3,0.0,0.0,0.0,1.0999999999999905,0.47142857142856937,5.257142857142859
2022-07-02,28.3,22.5,24.6,1.2,11.6,82,7,183,3,23.6,27.1,29.8,26.3,26.833333333333343,27.542857142857144,24.107142857142858,6.4,3.3,0.0,0.0,3.2333333333333236,1.3857142857142837,5.357142857142859
2022-07-03,29.1,22.3,25.7,2.7,13.6,79,7,184,3,24.6,23.6,27.1,27.9,25.10000000000001,27.3,24.33571428571429,1.2,6.4,3.3,0.0,3.633333333333324,1.5571428571428552,5.150000000000003
2022-07-04,29.3,22.2,25.5,5.7,10.5,83,7,185,3,25.7,24.6,23.6,28.7,24.63333333333334,26.985714285714284,24.692857142857143,2.7,1.2,6.4,0.0,3.4333333333333242,1.942857142857141,5.150000000000003
2022-07-05,29.9,22.6,25.7,1.5,8.1,81,7,186,3,25.5,25.7,24.6,29.4,25.266666666666676,26.52857142857143,25.07857142857143,5.7,2.7,1.2,0.0,3.199999999999991,2.7571428571428553,4.707142857142858
2022-07-06,29.7,22.0,25.6,9.2,9.5,79,7,187,3,25.7,25.5,25.7,29.8,25.633333333333336,26.0,25.707142857142856,1.5,5.7,2.7,0.0,3.2999999999999914,2.9714285714285693,2.0071428571428593
2022-07-07,29.1,22.3,25.4,8.1,10.7,80,7,188,3,25.6,25.7,25.5,27.1,25.600000000000005,25.400000000000002,26.150000000000002,9.2,1.5,5.7,3.3,5.466666666666657,4.285714285714284,2.142857142857145
2022-07-08,29.2,22.8,26.4,0.3,11.6,76,7,189,3,25.4,25.6,25.7,23.6,25.566666666666674,25.157142857142855,26.400000000000002,8.1,9.2,1.5,6.4,6.266666666666658,4.971428571428569,2.7214285714285738
2022-07-09,29.4,22.0,25.4,6.5,12.8,79,7,190,3,26.4,25.4,25.6,24.6,25.8,25.557142857142857,26.55,0.3,8.1,9.2,1.2,5.866666666666657,4.099999999999998,2.7428571428571447
2022-07-10,26.5,20.9,23.2,11.5,11.5,88,7,191,3,25.4,26.4,25.4,25.7,25.733333333333338,25.67142857142857,26.485714285714288,6.5,0.3,8.1,2.7,4.966666666666658,4.857142857142855,3.207142857142859
2022-07-11,25.7,20.3,22.4,25.4,7.2,89,7,192,3,23.2,25.4,26.4,25.5,25.000000000000004,25.314285714285717,26.150000000000002,11.5,6.5,0.3,5.7,6.099999999999992,6.114285714285712,4.02857142857143
2022-07-12,27.5,20.9,24.0,0.9,10.4,81,7,193,3,22.4,23.2,25.4,25.7,23.66666666666667,24.871428571428567,25.699999999999996,25.4,11.5,6.5,1.5,14.46666666666666,8.928571428571425,5.842857142857144
2022-07-13,26.8,20.4,23.3,7.9,12.2,84,7,194,3,24.0,22.4,23.2,25.6,23.200000000000003,24.628571428571426,25.314285714285713,0.9,25.4,11.5,9.2,12.599999999999993,8.84285714285714,5.907142857142859
2022-07-14,26.5,19.9,21.8,37.2,11.0,88,7,195,3,23.3,24.0,22.4,25.4,23.233333333333338,24.3,24.849999999999998,7.9,0.9,25.4,8.1,11.399999999999991,8.657142857142855,6.471428571428573
2022-07-15,27.1,19.3,23.1,13.0,10.5,79,7,196,3,21.8,23.3,24.0,26.4,23.033333333333342,23.785714285714285,24.47142857142857,37.2,7.9,0.9,0.3,15.333333333333327,12.814285714285713,8.892857142857144
2022-07-16,28.8,20.9,25.0,0.5,8.9,66,7,197,3,23.1,21.8,23.3,25.4,22.733333333333338,23.314285714285713,24.435714285714287,13.0,37.2,7.9,6.5,19.36666666666666,14.628571428571425,9.364285714285716
2022-07-17,28.8,21.8,25.7,0.4,10.9,68,7,198,3,25.0,23.1,21.8,23.2,23.300000000000008,23.25714285714286,24.464285714285715,0.5,13.0,37.2,11.5,16.89999999999999,13.771428571428569,9.314285714285717
2022-07-18,28.9,21.3,25.2,0.5,8.9,81,7,199,3,25.7,25.0,23.1,22.4,24.600000000000005,23.61428571428571,24.464285714285715,0.4,0.5,13.0,25.4,4.633333333333324,12.185714285714283,9.150000000000002
2022-07-19,29.1,23.4,26.2,0.0,12.4,74,7,200,3,25.2,25.7,25.0,24.0,25.300000000000008,24.014285714285712,24.442857142857143,0.5,0.4,0.5,0.9,0.4666666666666572,8.628571428571426,8.77857142857143
2022-07-20,27.9,22.9,25.6,2.3,12.8,80,7,201,3,26.2,25.2,25.7,23.3,25.700000000000006,24.32857142857143,24.478571428571428,0.0,0.5,0.4,7.9,0.29999999999999055,8.499999999999998,8.671428571428574
2022-07-21,24.7,21.7,22.8,20.6,9.3,94,7,202,3,25.6,26.2,25.2,21.8,25.66666666666667,24.657142857142855,24.478571428571428,2.3,0.0,0.5,37.2,0.9333333333333238,7.6999999999999975,8.17857142857143
2022-07-22,26.2,21.3,23.2,2.3,7.0,89,7,203,3,22.8,25.6,26.2,23.1,24.866666666666674,24.8,24.292857142857144,20.6,2.3,0.0,13.0,7.633333333333325,5.3285714285714265,9.071428571428573
2022-07-23,26.0,21.2,23.3,7.5,8.9,88,7,204,3,23.2,22.8,25.6,25.0,23.866666666666674,24.814285714285713,24.064285714285717,2.3,20.6,2.3,0.5,8.399999999999991,3.799999999999997,9.214285714285717
2022-07-24,25.8,21.3,22.8,6.9,6.1,90,7,205,3,23.3,23.2,22.8,25.7,23.10000000000001,24.571428571428573,23.914285714285715,7.5,2.3,20.6,0.4,10.133333333333324,4.799999999999997,9.285714285714288
2022-07-25,25.7,21.0,22.8,13.9,9.4,89,7,206,3,22.8,23.3,23.2,25.2,23.100000000000005,24.157142857142862,23.885714285714283,6.9,7.5,2.3,0.5,5.566666666666657,5.728571428571426,8.957142857142859
2022-07-26,25.9,20.7,23.4,1.8,10.1,87,7,207,3,22.8,22.8,23.3,26.2,22.966666666666672,23.814285714285713,23.914285714285715,13.9,6.9,7.5,0.0,9.433333333333325,7.642857142857141,8.135714285714288
2022-07-27,24.9,21.1,23.0,7.6,10.2,91,7,208,3,23.4,22.8,22.8,25.6,23.000000000000004,23.414285714285715,23.871428571428574,1.8,13.9,6.9,2.3,7.533333333333324,7.899999999999998,8.200000000000001
2022-07-28,23.7,21.5,22.4,32.4,6.5,93,7,209,3,23.0,23.4,22.8,22.8,23.066666666666674,23.042857142857144,23.85,7.6,1.8,13.9,20.6,7.766666666666658,8.657142857142855,8.17857142857143
2022-07-29,25.1,21.1,22.7,13.5,7.2,89,7,210,3,22.4,23.0,23.4,23.2,22.933333333333337,22.985714285714288,23.892857142857142,32.4,7.6,1.8,2.3,13.933333333333323,10.34285714285714,7.835714285714288
2022-07-30,26.0,20.8,23.0,3.0,8.0,88,7,211,3,22.7,22.4,23.0,23.3,22.700000000000006,22.914285714285715,23.86428571428571,13.5,32.4,7.6,7.5,17.833333333333325,11.942857142857141,7.871428571428574
2022-07-31,24.9,19.9,22.1,5.0,8.9,89,7,212,3,23.0,22.7,22.4,22.8,22.700000000000006,22.87142857142857,23.721428571428568,3.0,13.5,32.4,6.9,16.29999999999999,11.299999999999999,8.050000000000002
2022-08-01,25.5,18.9,21.9,3.8,8.9,86,8,213,3,22.1,23.0,22.7,22.8,22.600000000000005,22.77142857142857,23.464285714285715,5.0,3.0,13.5,13.9,7.166666666666657,11.028571428571427,8.37857142857143
2022-08-02,27.3,19.1,23.2,0.4,10.5,78,8,214,3,21.9,22.1,23.0,23.4,22.33333333333334,22.642857142857142,23.228571428571428,3.8,5.0,3.0,1.8,3.9333333333333242,9.585714285714284,8.614285714285716
2022-08-03,27.6,20.5,24.3,0.2,9.1,76,8,215,3,23.2,21.9,22.1,23.0,22.400000000000006,22.614285714285717,23.014285714285712,0.4,3.8,5.0,7.6,3.066666666666657,9.385714285714283,8.642857142857144
2022-08-04,28.4,21.1,25.4,0.0,11.5,70,8,216,3,24.3,23.2,21.9,22.4,23.13333333333334,22.8,22.92142857142857,0.2,0.4,3.8,32.4,1.466666666666657,8.328571428571426,8.492857142857146
2022-08-05,26.8,21.1,24.3,1.0,11.3,79,8,217,3,25.4,24.3,23.2,22.7,24.3,23.228571428571428,23.107142857142858,0.0,0.2,0.4,13.5,0.19999999999999055,3.6999999999999966,7.021428571428574
2022-08-06,26.9,20.6,23.7,0.5,9.6,85,8,218,3,24.3,25.4,24.3,23.0,24.66666666666667,23.457142857142856,23.185714285714283,1.0,0.0,0.2,3.0,0.3999999999999906,1.9142857142857113,6.9285714285714315
2022-08-07,28.1,20.7,24.4,1.3,10.6,81,8,219,3,23.7,24.3,25.4,22.1,24.466666666666672,23.557142857142857,23.214285714285715,0.5,1.0,0.0,5.0,0.4999999999999906,1.557142857142854,6.4285714285714315
2022-08-08,27.6,21.0,24.2,3.0,9.3,87,8,220,3,24.4,23.7,24.3,21.9,24.133333333333336,23.88571428571429,23.32857142857143,1.3,0.5,1.0,3.8,0.9333333333333239,1.0285714285714256,6.028571428571431
2022-08-09,28.1,21.5,24.9,6.9,9.2,80,8,221,3,24.2,24.4,23.7,23.2,24.100000000000005,24.214285714285715,23.428571428571427,3.0,1.3,0.5,0.4,1.5999999999999908,0.9142857142857113,5.250000000000002
2022-08-10,29.7,21.3,26.0,0.4,8.6,76,8,222,3,24.9,24.2,24.4,24.3,24.500000000000004,24.45714285714286,23.535714285714285,6.9,3.0,1.3,0.2,3.733333333333324,1.8428571428571399,5.614285714285716
2022-08-11,28.2,21.7,24.3,5.8,13.5,84,8,223,3,26.0,24.9,24.2,25.4,25.033333333333342,24.7,23.75,0.4,6.9,3.0,0.0,3.4333333333333242,1.8714285714285686,5.100000000000002
2022-08-12,27.7,21.3,23.8,6.8,7.5,84,8,224,3,24.3,26.0,24.9,24.3,25.066666666666674,24.54285714285714,23.885714285714283,5.8,0.4,6.9,1.0,4.366666666666657,2.699999999999997,3.200000000000002
2022-08-13,29.0,23.9,26.5,0.0,10.2,68,8,225,3,23.8,24.3,26.0,23.7,24.700000000000006,24.47142857142857,23.964285714285715,6.8,5.8,0.4,0.5,4.333333333333324,3.528571428571426,2.7214285714285738
2022-08-14,28.9,22.4,25.2,1.9,9.2,82,8,226,3,26.5,23.8,24.3,24.4,24.866666666666674,24.87142857142857,24.214285714285715,0.0,6.8,5.8,1.3,4.199999999999991,3.4571428571428546,2.5071428571428593
2022-08-15,25.3,21.0,22.4,11.3,11.6,93,8,227,3,25.2,26.5,23.8,24.2,25.166666666666675,24.985714285714284,24.435714285714283,1.9,0.0,6.8,3.0,2.899999999999991,3.54285714285714,2.285714285714288
2022-08-16,26.7,20.3,23.2,12.5,9.4,87,8,228,3,22.4,25.2,26.5,24.9,24.700000000000006,24.728571428571428,24.47142857142857,11.3,1.9,0.0,6.9,4.3999999999999915,4.728571428571426,2.8214285714285734
2022-08-17,25.5,20.3,22.4,11.3,8.6,86,8,229,3,23.2,22.4,25.2,26.0,23.600000000000005,24.485714285714284,24.47142857142857,12.5,11.3,1.9,0.4,8.566666666666658,5.528571428571426,3.6857142857142877
2022-08-18,26.7,20.5,23.9,1.6,10.1,78,8,230,3,22.4,23.2,22.4,24.3,22.66666666666667,23.971428571428568,24.335714285714285,11.3,12.5,11.3,5.8,11.699999999999994,7.085714285714283,4.47857142857143
2022-08-19,27.2,20.6,24.4,0.0,10.3,73,8,231,3,23.9,22.4,23.2,23.8,23.16666666666667,23.914285714285715,24.228571428571428,1.6,11.3,12.5,6.8,8.466666666666658,6.485714285714282,4.592857142857144
2022-08-20,26.1,19.9,22.6,4.0,13.2,83,8,232,3,24.4,23.9,22.4,26.5,23.566666666666674,24.0,24.235714285714288,0.0,1.6,11.3,0.0,4.299999999999991,5.514285714285712,4.521428571428573
2022-08-21,25.8,19.9,22.3,11.3,11.0,86,8,233,3,22.6,24.4,23.9,25.2,23.63333333333334,23.442857142857143,24.157142857142855,4.0,0.0,1.6,1.9,1.8666666666666576,6.085714285714283,4.771428571428573
2022-08-22,27.2,20.5,23.8,0.4,10.2,75,8,234,3,22.3,22.6,24.4,22.4,23.100000000000005,23.028571428571432,24.007142857142856,11.3,4.0,0.0,11.3,5.099999999999992,7.428571428571426,5.4857142857142875
2022-08-23,28.0,19.9,24.7,1.3,6.5,73,8,235,3,23.8,22.3,22.6,23.2,22.900000000000006,23.228571428571428,23.978571428571428,0.4,11.3,4.0,12.5,5.2333333333333245,5.871428571428568,5.3000000000000025
2022-08-24,26.1,20.8,23.6,23.0,10.1,78,8,236,3,24.7,23.8,22.3,22.4,23.600000000000005,23.442857142857143,23.96428571428571,1.3,0.4,11.3,11.3,4.333333333333325,4.271428571428569,4.900000000000001
2022-08-25,25.4,20.1,22.4,10.0,7.9,83,8,237,3,23.6,24.7,23.8,23.9,24.033333333333342,23.614285714285717,23.792857142857144,23.0,1.3,0.4,1.6,8.233333333333325,5.94285714285714,6.514285714285717
2022-08-26,23.4,20.0,21.6,21.5,8.5,88,8,238,3,22.4,23.6,24.7,24.4,23.566666666666674,23.400000000000002,23.657142857142855,10.0,23.0,1.3,0.0,11.433333333333325,7.14285714285714,6.814285714285717
2022-08-27,25.5,20.5,23.4,1.8,9.7,79,8,239,3,21.6,22.4,23.6,22.6,22.533333333333342,23.0,23.5,21.5,10.0,23.0,4.0,18.166666666666657,10.21428571428571,7.864285714285716
2022-08-28,25.9,20.8,23.3,0.8,9.4,79,8,240,3,23.4,21.6,22.4,22.3,22.466666666666672,23.114285714285717,23.27857142857143,1.8,21.5,10.0,11.3,11.099999999999993,9.899999999999997,7.992857142857145
2022-08-29,25.9,19.5,23.0,0.1,10.2,80,8,241,3,23.3,23.4,21.6,23.8,22.76666666666667,23.257142857142856,23.142857142857142,0.8,1.8,21.5,0.4,8.033333333333326,8.399999999999997,7.914285714285717
2022-08-30,26.6,20.9,23.9,0.9,9.7,75,8,242,3,23.0,23.3,23.4,24.7,23.233333333333338,23.142857142857142,23.185714285714283,0.1,0.8,1.8,1.3,0.8999999999999918,8.357142857142856,7.114285714285716
2022-08-31,26.9,20.4,24.2,0.1,11.4,72,8,243,3,23.9,23.0,23.3,23.6,23.400000000000006,23.02857142857143,23.235714285714288,0.9,0.1,0.8,23.0,0.5999999999999918,8.299999999999997,6.285714285714287
2022-09-01,27.1,19.5,23.7,0.2,10.7,74,9,244,4,24.2,23.9,23.0,22.4,23.700000000000006,23.11428571428571,23.364285714285717,0.1,0.9,0.1,10.0,0.3666666666666584,5.028571428571426,5.4857142857142875
2022-09-02,27.4,20.9,24.5,0.3,12.1,72,9,245,4,23.7,24.2,23.9,21.6,23.933333333333337,23.3,23.349999999999998,0.2,0.1,0.9,21.5,0.3999999999999917,3.6285714285714255,5.385714285714288
2022-09-03,26.8,20.8,23.8,0.6,11.4,77,9,246,4,24.5,23.7,24.2,23.4,24.13333333333334,23.714285714285715,23.357142857142858,0.3,0.2,0.1,1.8,0.1999999999999917,0.599999999999997,5.407142857142859
2022-09-04,25.9,20.1,22.7,6.4,10.9,83,9,247,4,23.8,24.5,23.7,23.3,24.000000000000004,23.77142857142857,23.442857142857143,0.6,0.3,0.2,0.8,0.3666666666666584,0.42857142857142555,5.164285714285716
2022-09-05,24.3,18.9,21.0,19.7,10.7,86,9,248,4,22.7,23.8,24.5,23.0,23.66666666666667,23.685714285714287,23.47142857142857,6.4,0.6,0.3,0.1,2.433333333333325,1.2285714285714255,4.814285714285717
2022-09-06,25.6,18.5,22.4,2.5,8.4,76,9,249,4,21.0,22.7,23.8,23.9,22.500000000000004,23.400000000000002,23.271428571428572,19.7,6.4,0.6,0.9,8.899999999999991,4.028571428571426,6.192857142857145
2022-09-07,26.9,20.3,23.5,0.1,9.2,76,9,250,4,22.4,21.0,22.7,24.2,22.033333333333342,23.185714285714287,23.107142857142858,2.5,19.7,6.4,0.1,9.533333333333324,4.257142857142854,6.27857142857143
2022-09-08,27.3,19.6,23.7,0.1,10.5,77,9,251,4,23.5,22.4,21.0,23.7,22.300000000000008,23.08571428571429,23.099999999999998,0.1,2.5,19.7,0.2,7.433333333333326,4.2571428571428545,4.642857142857145
2022-09-09,26.6,20.5,23.4,2.4,11.3,79,9,252,4,23.7,23.5,22.4,24.5,23.200000000000006,23.085714285714285,23.192857142857147,0.1,0.1,2.5,0.3,0.8999999999999918,4.242857142857139,3.9357142857142873
2022-09-10,25.6,20.3,22.8,1.5,9.0,80,9,253,4,23.4,23.7,23.5,23.8,23.533333333333342,22.928571428571427,23.321428571428573,2.4,0.1,0.1,0.6,0.8666666666666584,4.54285714285714,2.571428571428573
2022-09-11,25.4,18.6,21.6,15.1,12.1,81,9,254,4,22.8,23.4,23.7,22.7,23.300000000000008,22.785714285714285,23.278571428571432,1.5,2.4,0.1,6.4,1.333333333333325,4.671428571428568,2.5500000000000016
2022-09-12,25.3,18.1,21.6,2.9,16.1,79,9,255,4,21.6,22.8,23.4,21.0,22.600000000000005,22.628571428571426,23.157142857142855,15.1,1.5,2.4,19.7,6.333333333333325,5.914285714285711,3.5714285714285734
2022-09-13,26.7,18.7,22.9,0.1,10.6,71,9,256,4,21.6,21.6,22.8,22.4,22.00000000000001,22.714285714285715,23.057142857142857,2.9,15.1,1.5,2.5,6.499999999999992,3.514285714285711,3.771428571428573
2022-09-14,26.8,18.5,23.1,0.0,11.1,65,9,257,4,22.9,21.6,21.6,23.5,22.033333333333342,22.785714285714285,22.985714285714284,0.1,2.9,15.1,0.1,6.033333333333325,3.171428571428568,3.714285714285716
2022-09-15,26.6,19.0,23.3,0.0,11.5,66,9,258,4,23.1,22.9,21.6,23.7,22.533333333333342,22.72857142857143,22.907142857142855,0.0,0.1,2.9,0.1,0.9999999999999917,3.157142857142854,3.707142857142859
2022-09-16,25.7,19.0,23.2,0.0,11.6,71,9,259,4,23.3,23.1,22.9,23.4,23.100000000000005,22.67142857142857,22.87857142857143,0.0,0.0,0.1,2.4,0.03333333333332505,3.1428571428571397,3.6928571428571444
2022-09-17,25.2,18.4,21.6,1.0,9.7,78,9,260,4,23.2,23.3,23.1,22.8,23.200000000000006,22.642857142857142,22.785714285714285,0.0,0.0,0.0,1.5,0.0,2.7999999999999967,3.6714285714285735
2022-09-18,27.8,17.8,22.5,0.0,9.3,61,9,261,4,21.6,23.2,23.3,21.6,22.700000000000006,22.47142857142857,22.62857142857143,1.0,0.0,0.0,15.1,0.33333333333332504,2.728571428571425,3.700000000000002
2022-09-19,27.9,18.7,23.8,0.0,10.1,57,9,262,4,22.5,21.6,23.2,21.6,22.43333333333334,22.599999999999998,22.614285714285717,0.0,1.0,0.0,2.9,0.33333333333332504,0.5714285714285684,3.2428571428571447
2022-09-20,27.7,19.0,24.1,0.0,12.1,55,9,263,4,23.8,22.5,21.6,22.9,22.63333333333334,22.914285714285715,22.814285714285713,0.0,0.0,1.0,0.1,0.33333333333332504,0.15714285714285411,1.8357142857142876
2022-09-21,27.3,18.9,23.6,0.0,11.3,61,9,264,4,24.1,23.8,22.5,23.1,23.466666666666672,23.085714285714285,22.935714285714287,0.0,0.0,0.0,0.0,0.0,0.14285714285713982,1.657142857142859
2022-09-22,27.5,18.4,23.0,0.0,9.1,63,9,265,4,23.6,24.1,23.8,23.3,23.833333333333343,23.157142857142855,22.942857142857147,0.0,0.0,0.0,0.0,0.0,0.14285714285713982,1.650000000000002
2022-09-23,27.8,19.3,23.9,0.0,11.5,64,9,266,4,23.0,23.6,24.1,23.2,23.566666666666674,23.114285714285717,22.892857142857142,0.0,0.0,0.0,0.0,0.0,0.14285714285713982,1.6428571428571448
2022-09-24,26.7,18.3,22.6,0.6,9.9,70,9,267,4,23.9,23.0,23.6,21.6,23.500000000000004,23.214285714285715,22.928571428571427,0.0,0.0,0.0,1.0,0.0,0.14285714285713982,1.4714285714285733
2022-09-25,24.5,17.2,20.7,2.6,11.2,77,9,268,4,22.6,23.9,23.0,22.5,23.166666666666675,23.357142857142858,22.914285714285715,0.6,0.0,0.0,0.0,0.1999999999999917,0.08571428571428266,1.407142857142859
2022-09-26,24.5,16.1,20.5,0.9,9.7,75,9,269,4,20.7,22.6,23.9,23.8,22.400000000000006,23.099999999999998,22.85,2.6,0.6,0.0,0.0,1.0666666666666584,0.45714285714285413,0.5142857142857163
2022-09-27,25.1,16.9,21.0,0.0,9.7,73,9,270,4,20.5,20.7,22.6,24.1,21.26666666666667,22.628571428571426,22.771428571428572,0.9,2.6,0.6,0.0,1.3666666666666585,0.5857142857142827,0.37142857142857355
2022-09-28,25.2,17.7,21.6,0.6,7.9,71,9,271,4,21.0,20.5,20.7,23.6,20.733333333333338,22.185714285714287,22.63571428571429,0.0,0.9,2.6,0.0,1.1666666666666583,0.5857142857142827,0.3642857142857164
2022-09-29,26.3,17.6,21.8,0.0,10.5,67,9,272,4,21.6,21.0,20.5,23.0,21.033333333333342,21.900000000000002,22.52857142857143,0.6,0.0,0.9,0.0,0.49999999999999173,0.6714285714285684,0.4071428571428592
2022-09-30,27.1,18.0,22.4,0.0,11.8,57,9,273,4,21.8,21.6,21.0,23.9,21.466666666666672,21.728571428571428,22.42142857142857,0.0,0.6,0.0,0.0,0.1999999999999917,0.6714285714285684,0.4071428571428592
2022-10-01,25.9,18.2,22.6,1.0,8.0,53,10,274,4,22.4,21.8,21.6,22.6,21.933333333333337,21.514285714285712,22.364285714285717,0.0,0.0,0.6,0.6,0.1999999999999917,0.6714285714285684,0.4071428571428592
2022-10-02,25.7,15.7,20.4,6.0,14.5,63,10,275,4,22.6,22.4,21.8,20.7,22.26666666666667,21.514285714285712,22.435714285714283,1.0,0.0,0.0,2.6,0.33333333333332504,0.7285714285714256,0.4071428571428592
2022-10-03,27.1,16.8,21.6,0.0,11.9,51,10,276,4,20.4,22.6,22.4,20.5,21.800000000000008,21.471428571428568,22.285714285714285,6.0,1.0,0.0,0.9,2.333333333333325,1.2142857142857113,0.8357142857142877
2022-10-04,27.9,16.7,22.3,0.0,9.7,49,10,277,4,21.6,20.4,22.6,21.0,21.533333333333342,21.62857142857143,22.12857142857143,0.0,6.0,1.0,0.0,2.333333333333325,1.0857142857142825,0.8357142857142877
2022-10-05,27.4,16.2,21.5,0.0,11.8,38,10,278,4,22.3,21.6,20.4,21.6,21.43333333333334,21.814285714285713,22.0,0.0,0.0,6.0,0.6,1.9999999999999918,1.0857142857142825,0.8357142857142877
2022-10-06,24.4,16.5,21.0,0.4,13.4,43,10,279,4,21.5,22.3,21.6,21.8,21.800000000000008,21.8,21.849999999999998,0.0,0.0,0.0,0.0,0.0,0.999999999999997,0.8357142857142877
2022-10-07,25.5,15.4,19.9,0.1,15.0,51,10,280,4,21.0,21.5,22.3,22.4,21.60000000000001,21.685714285714287,21.707142857142856,0.4,0.0,0.0,0.0,0.13333333333332506,1.057142857142854,0.8642857142857163
2022-10-08,25.4,15.3,20.9,0.0,10.2,45,10,281,4,19.9,21.0,21.5,22.6,20.800000000000008,21.32857142857143,21.42142857142857,0.1,0.4,0.0,1.0,0.1666666666666584,1.0714285714285683,0.8714285714285736
2022-10-09,25.1,16.1,21.0,0.0,10.4,49,10,282,4,20.9,19.9,21.0,20.4,20.600000000000005,21.085714285714285,21.3,0.0,0.1,0.4,6.0,0.1666666666666584,0.9285714285714255,0.8285714285714307
2022-10-10,23.9,15.5,20.6,0.4,10.3,52,10,283,4,21.0,20.9,19.9,21.6,20.600000000000005,21.17142857142857,21.321428571428573,0.0,0.0,0.1,0.0,0.03333333333332505,0.07142857142856839,0.6428571428571449
2022-10-11,23.1,15.2,19.7,0.5,12.7,58,10,284,4,20.6,21.0,20.9,22.3,20.83333333333334,21.02857142857143,21.32857142857143,0.4,0.0,0.0,0.0,0.13333333333332506,0.12857142857142553,0.6071428571428592
2022-10-12,21.8,14.0,17.8,0.4,8.3,65,10,285,4,19.7,20.6,21.0,21.5,20.43333333333334,20.657142857142855,21.235714285714288,0.5,0.4,0.0,0.0,0.2999999999999917,0.19999999999999693,0.6428571428571449
2022-10-13,23.0,13.6,18.0,0.0,10.1,59,10,286,4,17.8,19.7,20.6,21.0,19.366666666666674,20.12857142857143,20.964285714285715,0.4,0.5,0.4,0.4,0.4333333333333251,0.2571428571428541,0.6285714285714306
2022-10-14,24.2,14.6,18.7,0.0,9.9,53,10,287,4,18.0,17.8,19.7,19.9,18.500000000000004,19.7,20.692857142857147,0.0,0.4,0.5,0.1,0.2999999999999917,0.19999999999999693,0.6285714285714307
2022-10-15,25.2,14.5,19.4,0.0,10.7,52,10,288,4,18.7,18.0,17.8,20.9,18.16666666666667,19.52857142857143,20.428571428571427,0.0,0.0,0.4,0.0,0.13333333333332506,0.18571428571428267,0.6285714285714307
2022-10-16,25.5,16.0,21.3,0.0,11.1,43,10,289,4,19.4,18.7,18.0,21.0,18.700000000000006,19.314285714285713,20.2,0.0,0.0,0.0,0.0,0.0,0.18571428571428267,0.5571428571428592
2022-10-17,25.1,15.9,21.2,0.4,11.3,39,10,290,4,21.3,19.4,18.7,20.6,19.800000000000008,19.357142857142858,20.264285714285712,0.0,0.0,0.0,0.4,0.0,0.18571428571428267,0.1285714285714306
2022-10-18,23.2,14.0,18.2,0.3,9.6,50,10,291,4,21.2,21.3,19.4,19.7,20.633333333333336,19.442857142857143,20.235714285714288,0.4,0.0,0.0,0.5,0.13333333333332506,0.18571428571428267,0.1571428571428592
2022-10-19,23.2,12.5,16.8,7.2,14.5,57,10,292,4,18.2,21.2,21.3,17.8,20.233333333333338,19.228571428571428,19.942857142857143,0.3,0.4,0.0,0.4,0.23333333333332504,0.15714285714285411,0.1785714285714306
2022-10-20,18.8,10.2,14.0,8.5,14.3,67,10,293,4,16.8,18.2,21.2,18.0,18.733333333333338,19.085714285714285,19.607142857142858,7.2,0.3,0.4,0.0,2.6333333333333253,1.1285714285714257,0.6928571428571448
2022-10-21,22.2,10.3,15.5,0.0,11.6,39,10,294,4,14.0,16.8,18.2,18.7,16.33333333333334,18.514285714285712,19.107142857142858,8.5,7.2,0.3,0.0,5.333333333333325,2.3428571428571394,1.2714285714285734
2022-10-22,22.7,11.2,16.3,0.0,10.9,36,10,295,4,15.5,14.0,16.8,19.4,15.433333333333339,18.057142857142857,18.792857142857144,0.0,8.5,7.2,0.0,5.233333333333325,2.3428571428571394,1.264285714285716
2022-10-23,23.2,12.3,17.9,0.0,9.4,37,10,296,4,16.3,15.5,14.0,21.3,15.266666666666673,17.614285714285714,18.464285714285715,0.0,0.0,8.5,0.0,2.833333333333325,2.3428571428571394,1.264285714285716
2022-10-24,23.1,12.8,17.5,0.0,9.6,40,10,297,4,17.9,16.3,15.5,21.2,16.566666666666674,17.12857142857143,18.24285714285714,0.0,0.0,0.0,0.4,0.0,2.3428571428571394,1.264285714285716
2022-10-25,23.7,14.4,18.4,0.0,9.0,39,10,298,4,17.5,17.9,16.3,18.2,17.233333333333338,16.599999999999998,18.021428571428572,0.0,0.0,0.0,0.3,0.0,2.2857142857142825,1.2357142857142875
2022-10-26,23.9,13.6,19.7,0.0,11.8,34,10,299,4,18.4,17.5,17.9,16.8,17.93333333333334,16.62857142857143,17.928571428571427,0.0,0.0,0.0,7.2,0.0,2.2428571428571398,1.2000000000000017
2022-10-27,23.5,13.2,18.9,0.0,9.5,40,10,300,4,19.7,18.4,17.5,14.0,18.533333333333342,17.04285714285714,18.064285714285713,0.0,0.0,0.0,8.5,0.0,1.2142857142857113,1.1714285714285733
2022-10-28,24.1,12.6,18.4,0.0,9.4,35,10,301,4,18.9,19.7,18.4,15.5,19.000000000000004,17.74285714285714,18.128571428571426,0.0,0.0,0.0,0.0,0.0,0.0,1.1714285714285733
2022-10-29,23.6,14.5,19.4,0.0,10.0,34,10,302,4,18.4,18.9,19.7,16.3,19.000000000000004,18.157142857142855,18.107142857142858,0.0,0.0,0.0,0.0,0.0,0.0,1.1714285714285733
2022-10-30,23.6,14.6,19.9,0.0,8.4,38,10,303,4,19.4,18.4,18.9,17.9,18.900000000000006,18.599999999999998,18.107142857142858,0.0,0.0,0.0,0.0,0.0,0.0,1.1714285714285733
2022-10-31,21.4,14.1,18.7,0.3,11.3,44,10,304,4,19.9,19.4,18.4,17.5,19.233333333333338,18.885714285714283,18.007142857142856,0.0,0.0,0.0,0.0,0.0,0.0,1.1714285714285733
2022-11-01,20.9,12.4,15.6,1.1,14.2,60,11,305,4,18.7,19.9,19.4,18.4,19.33333333333334,19.057142857142853,17.82857142857143,0.3,0.0,0.0,0.0,0.0999999999999917,0.04285714285713981,1.1642857142857161
2022-11-02,22.5,12.4,17.4,0.0,8.6,42,11,306,4,15.6,18.7,19.9,19.7,18.066666666666674,18.657142857142855,17.642857142857142,1.1,0.3,0.0,0.0,0.4666666666666584,0.19999999999999699,1.2214285714285733
2022-11-03,23.6,13.8,18.6,0.0,10.7,40,11,307,4,17.4,15.6,18.7,18.9,17.233333333333338,18.328571428571426,17.685714285714287,0.0,1.1,0.3,0.0,0.4666666666666584,0.19999999999999699,0.7071428571428591
2022-11-04,23.0,16.4,20.0,0.0,9.3,45,11,308,4,18.6,17.4,15.6,18.4,17.200000000000006,18.285714285714285,18.014285714285712,0.0,0.0,1.1,0.0,0.3666666666666584,0.19999999999999699,0.1000000000000019
2022-11-05,20.6,12.9,15.8,15.5,17.9,71,11,309,4,20.0,18.6,17.4,19.4,18.666666666666675,18.514285714285712,18.335714285714285,0.0,0.0,0.0,0.0,0.0,0.19999999999999699,0.1000000000000019
2022-11-06,16.6,11.0,13.1,21.5,14.5,78,11,310,4,15.8,20.0,18.6,19.9,18.13333333333334,18.0,18.3,15.5,0.0,0.0,0.0,5.166666666666658,2.414285714285711,1.207142857142859
2022-11-07,17.0,9.8,12.6,14.4,12.9,73,11,311,4,13.1,15.8,20.0,18.7,16.300000000000008,17.02857142857143,17.95714285714286,21.5,15.5,0.0,0.3,12.333333333333323,5.485714285714282,2.7428571428571447
2022-11-08,19.9,8.5,13.5,0.0,11.9,58,11,312,4,12.6,13.1,15.8,15.6,13.833333333333341,16.157142857142855,17.607142857142854,14.4,21.5,15.5,1.1,17.133333333333326,7.499999999999997,3.771428571428573
2022-11-09,11.9,8.6,10.2,20.1,15.4,80,11,313,4,13.5,12.6,13.1,17.4,13.066666666666672,15.857142857142858,17.257142857142856,0.0,14.4,21.5,0.0,11.96666666666666,7.34285714285714,3.771428571428573
2022-11-10,16.8,7.6,11.3,0.6,7.6,69,11,314,4,10.2,13.5,12.6,18.6,12.100000000000007,14.828571428571427,16.57857142857143,20.1,0.0,14.4,0.0,11.499999999999993,10.21428571428571,5.20714285714286
2022-11-11,17.6,7.6,11.8,0.0,10.0,49,11,315,4,11.3,10.2,13.5,20.0,11.666666666666673,13.785714285714286,16.035714285714285,0.6,20.1,0.0,0.0,6.899999999999994,10.299999999999997,5.250000000000002
2022-11-12,18.0,7.8,11.9,0.0,10.3,42,11,316,4,11.8,11.3,10.2,15.8,11.100000000000009,12.614285714285714,15.564285714285715,0.0,0.6,20.1,15.5,6.899999999999994,10.299999999999997,5.250000000000002
2022-11-13,17.2,9.0,11.6,6.9,18.8,47,11,317,4,11.9,11.8,11.3,13.1,11.666666666666673,12.057142857142859,15.028571428571428,0.0,0.0,0.6,21.5,0.19999999999999288,8.085714285714284,5.250000000000002
2022-11-14,10.6,6.2,8.2,26.2,16.5,87,11,318,4,11.6,11.9,11.8,12.6,11.766666666666675,11.842857142857142,14.435714285714285,6.9,0.0,0.0,14.4,2.299999999999993,5.999999999999997,5.7428571428571455
2022-11-15,16.8,6.2,10.9,1.4,6.3,69,11,319,4,8.2,11.6,11.9,13.5,10.566666666666674,11.214285714285714,13.685714285714285,26.2,6.9,0.0,0.0,11.033333333333326,7.685714285714283,7.592857142857144
2022-11-16,15.1,7.8,10.8,2.7,6.2,66,11,320,4,10.9,8.2,11.6,10.2,10.23333333333334,10.842857142857143,13.35,1.4,26.2,6.9,20.1,11.499999999999993,7.8857142857142835,7.614285714285716
2022-11-17,17.1,6.8,11.2,0.0,11.0,52,11,321,4,10.8,10.9,8.2,11.3,9.966666666666674,10.928571428571429,12.87857142857143,2.7,1.4,26.2,0.6,10.099999999999993,5.399999999999997,7.807142857142859
2022-11-18,17.9,8.2,14.5,0.0,8.2,42,11,322,4,11.2,10.8,10.9,11.8,10.966666666666674,10.914285714285715,12.35,0.0,2.7,1.4,0.0,1.3666666666666583,5.3142857142857105,7.807142857142859
2022-11-19,15.9,6.8,11.9,6.4,13.6,56,11,323,4,14.5,11.2,10.8,11.9,12.166666666666673,11.3,11.957142857142857,0.0,0.0,2.7,0.0,0.8999999999999918,5.3142857142857105,7.807142857142859
2022-11-20,18.1,6.8,11.3,0.0,8.6,52,11,324,4,11.9,14.5,11.2,11.6,12.53333333333334,11.299999999999999,11.678571428571429,6.4,0.0,0.0,6.9,2.1333333333333253,6.228571428571426,7.157142857142858
2022-11-21,18.8,8.6,12.4,0.0,8.8,45,11,325,4,11.3,11.9,14.5,8.2,12.566666666666675,11.257142857142858,11.549999999999999,0.0,6.4,0.0,26.2,2.1333333333333253,5.242857142857139,5.621428571428573
2022-11-22,18.8,7.6,12.1,0.0,11.8,33,11,326,4,12.4,11.3,11.9,10.9,11.866666666666674,11.857142857142858,11.535714285714286,0.0,0.0,6.4,1.4,2.1333333333333253,1.499999999999997,4.592857142857144
2022-11-23,19.9,9.5,13.1,0.0,10.0,28,11,327,4,12.1,12.4,11.3,10.8,11.933333333333342,12.028571428571427,11.435714285714287,0.0,0.0,0.0,2.7,0.0,1.299999999999997,4.592857142857144
2022-11-24,21.1,10.8,15.3,0.0,10.1,36,11,328,4,13.1,12.1,12.4,11.2,12.53333333333334,12.357142857142858,11.642857142857142,0.0,0.0,0.0,0.0,0.0,0.9142857142857113,3.1571428571428592
2022-11-25,19.9,10.2,17.1,0.0,6.4,34,11,329,4,15.3,13.1,12.1,14.5,13.500000000000007,12.942857142857141,11.928571428571429,0.0,0.0,0.0,0.0,0.0,0.9142857142857113,3.114285714285716
2022-11-26,20.5,11.2,16.5,0.0,8.0,37,11,330,4,17.1,15.3,13.1,11.9,15.166666666666673,13.314285714285713,12.307142857142859,0.0,0.0,0.0,6.4,0.0,0.9142857142857113,3.114285714285716
2022-11-27,19.5,11.3,15.9,0.0,7.3,39,11,331,4,16.5,17.1,15.3,11.3,16.300000000000008,13.971428571428573,12.635714285714284,0.0,0.0,0.0,0.0,0.0,0.0,3.114285714285716
2022-11-28,18.8,9.8,15.9,0.0,6.5,38,11,332,4,15.9,16.5,17.1,12.4,16.500000000000007,14.628571428571428,12.942857142857141,0.0,0.0,0.0,0.0,0.0,0.0,2.6214285714285737
2022-11-29,18.7,9.6,15.3,0.0,6.8,42,11,333,4,15.9,15.9,16.5,12.1,16.10000000000001,15.12857142857143,13.492857142857144,0.0,0.0,0.0,0.0,0.0,0.0,0.750000000000002
2022-11-30,18.8,9.5,15.1,0.0,7.9,39,11,334,4,15.3,15.9,15.9,13.1,15.700000000000008,15.585714285714287,13.807142857142859,0.0,0.0,0.0,0.0,0.0,0.0,0.650000000000002
2022-12-01,19.1,8.7,14.9,0.0,8.1,42,12,335,1,15.1,15.3,15.9,15.3,15.433333333333342,15.87142857142857,14.114285714285714,0.0,0.0,0.0,0.0,0.0,0.0,0.4571428571428592
2022-12-02,17.1,8.8,15.0,0.0,6.5,44,12,336,1,14.9,15.1,15.3,17.1,15.100000000000009,15.814285714285715,14.37857142857143,0.0,0.0,0.0,0.0,0.0,0.0,0.4571428571428592
2022-12-03,15.9,7.2,12.5,0.0,6.6,56,12,337,1,15.0,14.9,15.1,16.5,15.000000000000007,15.514285714285714,14.414285714285715,0.0,0.0,0.0,0.0,0.0,0.0,0.4571428571428592
2022-12-04,17.8,5.9,11.5,0.0,8.1,51,12,338,1,12.5,15.0,14.9,15.9,14.13333333333334,14.942857142857141,14.457142857142857,0.0,0.0,0.0,0.0,0.0,0.0,0.0
2022-12-05,16.1,7.4,11.7,0.0,6.9,49,12,339,1,11.5,12.5,15.0,15.9,13.000000000000007,14.314285714285715,14.471428571428573,0.0,0.0,0.0,0.0,0.0,0.0,0.0
2022-12-06,15.9,7.6,12.4,0.0,6.2,45,12,340,1,11.7,11.5,12.5,15.3,11.900000000000006,13.714285714285714,14.421428571428573,0.0,0.0,0.0,0.0,0.0,0.0,0.0
2022-12-07,17.7,6.1,11.3,0.0,10.1,40,12,341,1,12.4,11.7,11.5,15.1,11.866666666666674,13.299999999999999,14.442857142857145,0.0,0.0,0.0,0.0,0.0,0.0,0.0
2022-12-08,16.7,7.9,13.6,0.9,14.0,42,12,342,1,11.3,12.4,11.7,14.9,11.800000000000006,12.757142857142858,14.314285714285715,0.0,0.0,0.0,0.0,0.0,0.0,0.0
2022-12-09,14.1,6.3,9.6,0.5,10.8,71,12,343,1,13.6,11.3,12.4,15.0,12.433333333333342,12.571428571428571,14.192857142857145,0.9,0.0,0.0,0.0,0.2999999999999917,0.12857142857142553,0.06428571428571632
2022-12-10,13.1,6.6,8.9,0.7,11.4,78,12,344,1,9.6,13.6,11.3,12.5,11.500000000000007,11.799999999999999,13.657142857142858,0.5,0.9,0.0,0.0,0.46666666666665835,0.19999999999999693,0.10000000000000202
2022-12-11,16.5,6.2,10.2,0.0,9.0,56,12,345,1,8.9,9.6,13.6,11.5,10.700000000000008,11.285714285714286,13.114285714285714,0.7,0.5,0.9,0.0,0.6999999999999917,0.299999999999997,0.15000000000000205
2022-12-12,16.1,7.5,12.3,0.0,7.4,47,12,346,1,10.2,8.9,9.6,11.7,9.566666666666674,11.1,12.707142857142857,0.0,0.7,0.5,0.0,0.39999999999999175,0.299999999999997,0.15000000000000205
2022-12-13,14.8,5.3,9.9,0.0,8.5,60,12,347,1,12.3,10.2,8.9,12.4,10.466666666666674,11.185714285714285,12.450000000000001,0.0,0.0,0.7,0.0,0.23333333333332504,0.299999999999997,0.15000000000000205
2022-12-14,17.6,6.1,11.7,0.0,10.5,49,12,348,1,9.9,12.3,10.2,11.3,10.800000000000006,10.828571428571431,12.064285714285715,0.0,0.0,0.0,0.0,0.0,0.299999999999997,0.15000000000000205
2022-12-15,18.6,6.0,13.5,0.0,9.2,38,12,349,1,11.7,9.9,12.3,13.6,11.300000000000006,10.885714285714284,11.821428571428571,0.0,0.0,0.0,0.9,0.0,0.299999999999997,0.15000000000000205
2022-12-16,18.1,7.3,14.1,0.0,8.3,36,12,350,1,13.5,11.7,9.9,9.6,11.700000000000008,10.87142857142857,11.721428571428572,0.0,0.0,0.0,0.5,0.0,0.1714285714285684,0.15000000000000205
2022-12-17,17.9,12.4,15.6,0.0,6.7,39,12,351,1,14.1,13.5,11.7,8.9,13.100000000000009,11.514285714285716,11.657142857142857,0.0,0.0,0.0,0.7,0.0,0.09999999999999695,0.15000000000000205
2022-12-18,17.9,10.9,15.2,0.0,7.4,38,12,352,1,15.6,14.1,13.5,10.2,14.400000000000006,12.471428571428572,11.878571428571428,0.0,0.0,0.0,0.0,0.0,0.0,0.15000000000000205
2022-12-19,15.4,8.1,12.9,0.0,6.3,48,12,353,1,15.2,15.6,14.1,12.3,14.966666666666674,13.185714285714285,12.142857142857142,0.0,0.0,0.0,0.0,0.0,0.0,0.15000000000000205
2022-12-20,15.2,7.3,12.6,0.0,7.6,40,12,354,1,12.9,15.2,15.6,9.9,14.566666666666672,13.271428571428572,12.228571428571428,0.0,0.0,0.0,0.0,0.0,0.0,0.15000000000000205
2022-12-21,14.3,5.7,9.8,0.0,8.0,43,12,355,1,12.6,12.9,15.2,11.7,13.566666666666672,13.657142857142857,12.242857142857144,0.0,0.0,0.0,0.0,0.0,0.0,0.15000000000000205
2022-12-22,14.3,4.8,10.1,0.0,6.8,40,12,356,1,9.8,12.6,12.9,13.5,11.766666666666675,13.385714285714286,12.135714285714284,0.0,0.0,0.0,0.0,0.0,0.0,0.15000000000000205
2022-12-23,12.4,4.6,10.1,0.0,8.9,44,12,357,1,10.1,9.8,12.6,14.1,10.833333333333341,12.900000000000002,11.885714285714284,0.0,0.0,0.0,0.0,0.0,0.0,0.08571428571428776
2022-12-24,11.7,4.5,8.9,0.0,7.9,52,12,358,1,10.1,10.1,9.8,15.6,10.000000000000007,12.328571428571427,11.921428571428573,0.0,0.0,0.0,0.0,0.0,0.0,0.05000000000000203
2022-12-25,13.5,2.5,8.1,0.0,9.2,44,12,359,1,8.9,10.1,10.1,15.2,9.700000000000008,11.37142857142857,11.921428571428569,0.0,0.0,0.0,0.0,0.0,0.0,0.0
2022-12-26,14.0,6.2,9.5,0.0,6.2,39,12,360,1,8.1,8.9,10.1,12.9,9.03333333333334,10.357142857142858,11.771428571428572,0.0,0.0,0.0,0.0,0.0,0.0,0.0
2022-12-27,14.1,4.7,9.5,0.0,7.6,41,12,361,1,9.5,8.1,8.9,12.6,8.833333333333341,9.87142857142857,11.571428571428571,0.0,0.0,0.0,0.0,0.0,0.0,0.0
2022-12-28,14.1,4.7,10.0,0.0,7.4,40,12,362,1,9.5,9.5,8.1,9.8,9.03333333333334,9.428571428571429,11.542857142857143,0.0,0.0,0.0,0.0,0.0,0.0,0.0
2022-12-29,12.5,4.4,7.5,12.6,13.6,64,12,363,1,10.0,9.5,9.5,10.1,9.666666666666673,9.457142857142857,11.421428571428573,0.0,0.0,0.0,0.0,0.0,0.0,0.0
2022-12-30,10.6,4.3,6.6,2.1,5.5,84,12,364,1,7.5,10.0,9.5,10.1,9.000000000000007,9.085714285714285,10.992857142857144,12.6,0.0,0.0,0.0,4.199999999999991,1.799999999999997,0.900000000000002
2022-12-31,13.3,3.6,7.5,0.0,6.9,59,12,365,1,6.6,7.5,10.0,8.9,8.03333333333334,8.585714285714285,10.457142857142857,2.1,12.6,0.0,0.0,4.8999999999999915,2.099999999999997,1.050000000000002
2023-01-01,13.1,3.5,8.6,0.0,6.1,42,1,1,1,7.5,6.6,7.5,8.1,7.200000000000007,8.385714285714286,9.87857142857143,0.0,2.1,12.6,0.0,4.8999999999999915,2.099999999999997,1.050000000000002
2023-01-02,12.0,2.6,7.2,0.1,6.7,49,1,2,1,8.6,7.5,6.6,9.5,7.5666666666666735,8.457142857142857,9.407142857142858,0.0,0.0,2.1,0.0,0.6999999999999917,2.099999999999997,1.050000000000002
2023-01-03,11.4,3.2,7.4,0.0,7.4,43,1,3,1,7.2,8.6,7.5,9.5,7.766666666666674,8.128571428571428,9.0,0.1,0.0,0.0,0.0,0.03333333333332505,2.114285714285711,1.0571428571428592
2023-01-04,13.8,2.1,6.9,0.0,8.8,36,1,4,1,7.4,7.2,8.6,10.0,7.7333333333333405,7.828571428571428,8.62857142857143,0.0,0.1,0.0,0.0,0.03333333333332505,2.114285714285711,1.0571428571428592
2023-01-05,14.8,4.2,9.8,0.0,7.9,33,1,5,1,6.9,7.4,7.2,7.5,7.166666666666674,7.385714285714285,8.42142857142857,0.0,0.0,0.1,12.6,0.03333333333332505,2.114285714285711,1.0571428571428592
2023-01-06,14.8,7.4,11.9,0.0,7.1,34,1,6,1,9.8,6.9,7.4,6.6,8.03333333333334,7.714285714285714,8.4,0.0,0.0,0.0,2.1,0.0,0.3142857142857113,1.0571428571428592
2023-01-07,16.5,5.9,10.7,0.0,9.5,41,1,7,1,11.9,9.8,6.9,7.5,9.53333333333334,8.471428571428572,8.528571428571428,0.0,0.0,0.0,0.0,0.0,0.01428571428571124,1.0571428571428592
2023-01-08,14.6,7.5,9.6,3.5,12.2,67,1,8,1,10.7,11.9,9.8,8.6,10.800000000000006,8.928571428571429,8.657142857142857,0.0,0.0,0.0,0.0,0.0,0.01428571428571124,1.0571428571428592
2023-01-09,15.2,5.6,9.7,0.8,10.9,68,1,9,1,9.6,10.7,11.9,7.2,10.73333333333334,9.071428571428571,8.764285714285714,3.5,0.0,0.0,0.1,1.1666666666666583,0.5142857142857112,1.3071428571428592
2023-01-10,15.4,5.6,10.8,0.0,6.7,56,1,10,1,9.7,9.6,10.7,7.4,10.000000000000007,9.428571428571429,8.778571428571428,0.8,3.5,0.0,0.0,1.433333333333325,0.6142857142857112,1.3642857142857163
2023-01-11,9.8,3.4,6.7,17.4,10.5,83,1,11,1,10.8,9.7,9.6,6.9,10.03333333333334,9.914285714285715,8.871428571428572,0.0,0.8,3.5,0.0,1.433333333333325,0.6142857142857112,1.3642857142857163
2023-01-12,7.0,3.7,5.0,20.0,9.4,91,1,12,1,6.7,10.8,9.7,9.8,9.066666666666674,9.885714285714286,8.635714285714286,17.4,0.0,0.8,0.0,6.066666666666658,3.099999999999997,2.607142857142859
2023-01-13,6.6,0.1,3.9,7.4,7.0,88,1,13,1,5.0,6.7,10.8,11.9,7.500000000000007,9.200000000000001,8.457142857142857,20.0,17.4,0.0,0.0,12.46666666666666,5.957142857142854,3.1357142857142875
2023-01-14,9.7,-0.2,4.6,0.2,6.5,60,1,14,1,3.9,5.0,6.7,10.7,5.200000000000007,8.057142857142857,8.264285714285714,7.4,20.0,17.4,0.0,14.933333333333325,7.014285714285712,3.514285714285716
2023-01-15,10.2,1.5,6.7,0.4,5.9,50,1,15,1,4.6,3.9,5.0,9.6,4.500000000000006,7.185714285714285,8.057142857142857,0.2,7.4,20.0,3.5,9.199999999999992,7.042857142857139,3.5285714285714307
2023-01-16,9.6,1.1,5.5,0.0,7.4,48,1,16,1,6.7,4.6,3.9,9.7,5.0666666666666735,6.771428571428572,7.921428571428572,0.4,0.2,7.4,0.8,2.6666666666666585,6.599999999999997,3.557142857142859
2023-01-17,11.0,0.7,4.9,0.0,9.9,35,1,17,1,5.5,6.7,4.6,10.8,5.600000000000008,6.171428571428572,7.8,0.0,0.4,0.2,0.0,0.19999999999999174,6.485714285714283,3.550000000000002
2023-01-18,12.3,1.4,6.4,0.0,9.5,31,1,18,1,4.9,5.5,6.7,6.7,5.700000000000007,5.328571428571429,7.621428571428571,0.0,0.0,0.4,17.4,0.13333333333332506,6.485714285714283,3.550000000000002
2023-01-19,9.0,2.7,6.4,2.1,9.0,52,1,19,1,6.4,4.9,5.5,5.0,5.600000000000008,5.285714285714286,7.585714285714286,0.0,0.0,0.0,20.0,0.0,3.999999999999997,3.550000000000002
2023-01-20,8.0,1.5,4.7,1.2,8.6,79,1,20,1,6.4,6.4,4.9,3.9,5.900000000000008,5.485714285714286,7.342857142857143,2.1,0.0,0.0,7.4,0.6999999999999917,1.44285714285714,3.7000000000000024
2023-01-21,6.7,0.8,3.2,8.0,9.4,85,1,21,1,4.7,6.4,6.4,4.6,5.83333333333334,5.6000000000000005,6.828571428571428,1.2,2.1,0.0,0.2,1.0999999999999917,0.5571428571428542,3.785714285714288
2023-01-22,8.6,0.5,3.6,2.9,8.3,75,1,22,1,3.2,4.7,6.4,6.7,4.766666666666674,5.4,6.292857142857143,8.0,1.2,2.1,0.4,3.7666666666666586,1.6714285714285684,4.357142857142859
2023-01-23,10.0,0.7,4.4,1.2,12.1,69,1,23,1,3.6,3.2,4.7,5.5,3.8333333333333406,4.957142857142857,5.864285714285715,2.9,8.0,1.2,0.0,4.033333333333325,2.0285714285714254,4.314285714285717
2023-01-24,10.1,3.0,5.7,18.8,9.1,76,1,24,1,4.4,3.6,3.2,4.9,3.73333333333334,4.8,5.485714285714286,1.2,2.9,8.0,0.0,4.033333333333325,2.199999999999997,4.342857142857144
2023-01-25,7.3,0.8,3.7,1.8,8.8,87,1,25,1,5.7,4.4,3.6,6.4,4.566666666666674,4.914285714285714,5.121428571428572,18.8,1.2,2.9,0.0,7.633333333333326,4.8857142857142835,5.685714285714288
2023-01-26,11.2,1.0,5.4,0.0,8.9,60,1,26,1,3.7,5.7,4.4,6.4,4.600000000000008,4.528571428571429,4.9071428571428575,1.8,18.8,1.2,2.1,7.2666666666666595,5.14285714285714,4.571428571428574
2023-01-27,14.0,2.5,7.8,0.0,10.2,40,1,27,1,5.4,3.7,5.7,4.7,4.933333333333341,4.385714285714286,4.935714285714286,0.0,1.8,18.8,1.2,6.866666666666659,4.84285714285714,3.142857142857145
2023-01-28,14.3,6.2,9.3,0.7,16.9,38,1,28,1,7.8,5.4,3.7,3.2,5.63333333333334,4.828571428571429,5.214285714285714,0.0,0.0,1.8,8.0,0.5999999999999918,4.671428571428569,2.6142857142857165
2023-01-29,13.4,5.2,9.5,9.4,10.8,58,1,29,1,9.3,7.8,5.4,3.6,7.500000000000007,5.700000000000001,5.55,0.7,0.0,0.0,2.9,0.23333333333332504,3.628571428571426,2.650000000000002
2023-01-30,8.1,2.7,5.2,20.3,12.0,91,1,30,1,9.5,9.3,7.8,4.4,8.866666666666674,6.542857142857143,5.75,9.4,0.7,0.0,1.2,3.3666666666666583,4.557142857142854,3.292857142857145
2023-01-31,12.1,2.1,7.1,0.4,6.9,60,1,31,1,5.2,9.5,9.3,5.7,8.000000000000007,6.6571428571428575,5.728571428571429,20.3,9.4,0.7,18.8,10.133333333333326,7.285714285714284,4.7428571428571455
2023-02-01,15.3,3.8,9.1,0.0,10.6,40,2,32,1,7.1,5.2,9.5,3.7,7.266666666666674,6.857142857142857,5.885714285714286,0.4,20.3,9.4,1.8,10.033333333333324,4.657142857142856,4.771428571428574
2023-02-02,16.6,8.3,12.6,0.0,12.1,34,2,33,1,9.1,7.1,5.2,5.4,7.13333333333334,7.628571428571427,6.078571428571428,0.0,0.4,20.3,0.0,6.8999999999999915,4.399999999999997,4.771428571428574
2023-02-03,16.5,8.0,11.1,6.8,16.1,56,2,34,1,12.6,9.1,7.1,7.8,9.600000000000007,8.657142857142857,6.521428571428571,0.0,0.0,0.4,0.0,0.13333333333332387,4.399999999999997,4.6214285714285745
2023-02-04,15.4,6.5,10.3,5.6,11.5,67,2,35,1,11.1,12.6,9.1,9.3,10.933333333333339,9.128571428571428,6.978571428571428,6.8,0.0,0.0,0.7,2.2666666666666573,5.371428571428568,5.021428571428574
2023-02-05,15.5,5.7,10.1,2.2,9.4,60,2,36,1,10.3,11.1,12.6,9.5,11.333333333333341,9.27142857142857,7.485714285714287,5.6,6.8,0.0,9.4,4.133333333333323,6.0714285714285685,4.850000000000002
2023-02-06,10.4,3.6,7.2,16.5,9.7,83,2,37,1,10.1,10.3,11.1,5.2,10.500000000000007,9.357142857142858,7.95,2.2,5.6,6.8,20.3,4.866666666666657,5.04285714285714,4.8000000000000025
2023-02-07,15.0,2.8,8.1,0.0,8.1,58,2,38,1,7.2,10.1,10.3,7.1,9.200000000000008,9.642857142857142,8.15,16.5,2.2,5.6,0.4,8.09999999999999,4.499999999999997,5.892857142857145
2023-02-08,14.7,5.7,10.0,1.0,7.2,48,2,39,1,8.1,7.2,10.1,9.1,8.466666666666674,9.785714285714286,8.321428571428571,0.0,16.5,2.2,0.0,6.2333333333333245,4.44285714285714,4.5500000000000025
2023-02-09,10.1,4.5,6.2,15.4,14.3,80,2,40,1,10.0,8.1,7.2,12.6,8.433333333333339,9.914285714285715,8.77142857142857,1.0,0.0,16.5,0.0,5.833333333333324,4.585714285714283,4.4928571428571455
2023-02-10,8.0,2.0,5.0,17.6,14.3,84,2,41,1,6.2,10.0,8.1,11.1,8.100000000000007,9.0,8.828571428571427,15.4,1.0,0.0,6.8,5.466666666666657,6.785714285714284,5.592857142857146
2023-02-11,9.5,1.3,4.8,1.0,13.8,61,2,42,1,5.0,6.2,10.0,10.3,7.0666666666666735,8.128571428571428,8.628571428571428,17.6,15.4,1.0,5.6,11.333333333333323,8.328571428571426,6.850000000000002
2023-02-12,10.4,0.7,5.6,1.5,8.7,42,2,43,1,4.8,5.0,6.2,10.1,5.33333333333334,7.342857142857142,8.307142857142857,1.0,17.6,15.4,2.2,11.333333333333323,7.67142857142857,6.871428571428574
2023-02-13,14.6,3.1,8.8,0.0,9.8,40,2,44,1,5.6,4.8,5.0,7.2,5.13333333333334,6.7,8.028571428571428,1.5,1.0,17.6,16.5,6.699999999999991,7.571428571428569,6.307142857142859
2023-02-14,18.6,6.9,14.1,0.0,7.2,42,2,45,1,8.8,5.6,4.8,8.1,6.400000000000007,6.928571428571429,8.285714285714286,0.0,1.5,1.0,0.0,0.8333333333333238,5.214285714285713,4.857142857142859
2023-02-15,19.7,8.9,14.3,0.0,8.6,53,2,46,1,14.1,8.8,5.6,10.0,9.500000000000007,7.785714285714286,8.785714285714286,0.0,0.0,1.5,1.0,0.4999999999999905,5.214285714285713,4.82857142857143
2023-02-16,21.8,11.0,15.9,0.0,8.9,52,2,47,1,14.3,14.1,8.8,6.2,12.400000000000006,8.4,9.157142857142858,0.0,0.0,0.0,15.4,0.0,5.071428571428569,4.82857142857143
2023-02-17,21.1,10.5,16.9,0.0,8.0,48,2,48,1,15.9,14.3,14.1,5.0,14.766666666666675,9.785714285714286,9.392857142857142,0.0,0.0,0.0,17.6,0.0,2.8714285714285697,4.82857142857143
2023-02-18,20.3,11.2,16.7,0.0,7.0,49,2,49,1,16.9,15.9,14.3,4.8,15.700000000000008,11.485714285714286,9.807142857142859,0.0,0.0,0.0,1.0,0.0,0.3571428571428551,4.342857142857144
2023-02-19,19.7,10.5,16.2,2.0,14.3,48,2,50,1,16.7,16.9,15.9,5.6,16.500000000000007,13.185714285714285,10.264285714285714,0.0,0.0,0.0,1.5,0.0,0.21428571428571225,3.9428571428571453
2023-02-20,14.9,7.3,10.7,5.6,16.3,78,2,51,1,16.2,16.7,16.9,8.8,16.600000000000005,14.7,10.700000000000001,2.0,0.0,0.0,0.0,0.6666666666666572,0.2857142857142837,3.9285714285714306
2023-02-21,18.3,7.1,11.8,0.0,7.6,53,2,52,1,10.7,16.2,16.7,14.1,14.533333333333339,14.971428571428572,10.950000000000001,5.6,2.0,0.0,0.0,2.533333333333324,1.0857142857142836,3.150000000000002
2023-02-22,17.8,8.1,12.8,1.9,10.7,45,2,53,1,11.8,10.7,16.2,14.3,12.900000000000006,14.642857142857142,11.214285714285714,0.0,5.6,2.0,0.0,2.533333333333324,1.0857142857142836,3.150000000000002
2023-02-23,18.6,9.4,12.8,0.0,12.4,40,2,54,1,12.8,11.8,10.7,15.9,11.766666666666673,14.428571428571427,11.414285714285713,1.9,0.0,5.6,0.0,2.4999999999999907,1.3571428571428552,3.214285714285716
2023-02-24,19.6,9.7,15.1,0.0,8.0,34,2,55,1,12.8,12.8,11.8,16.9,12.466666666666674,13.985714285714286,11.885714285714286,0.0,1.9,0.0,0.0,0.6333333333333239,1.3571428571428552,2.1142857142857165
2023-02-25,19.9,9.0,13.4,3.9,17.6,44,2,56,1,15.1,12.8,12.8,16.7,13.566666666666672,13.728571428571428,12.607142857142858,0.0,0.0,1.9,0.0,0.6333333333333239,1.3571428571428552,0.8571428571428592
2023-02-26,16.3,7.2,11.3,3.0,13.8,72,2,57,1,13.4,15.1,12.8,16.2,13.766666666666673,13.257142857142858,13.221428571428572,3.9,0.0,0.0,2.0,1.2999999999999905,1.9142857142857121,1.0642857142857163
2023-02-27,17.5,7.2,11.9,0.4,10.1,59,2,58,1,11.3,13.4,15.1,10.7,13.266666666666673,12.557142857142859,13.628571428571428,3.0,3.9,0.0,5.6,2.2999999999999905,2.0571428571428547,1.1714285714285733
2023-02-28,14.7,8.1,11.4,7.4,9.4,61,2,59,1,11.9,11.3,13.4,11.8,12.200000000000005,12.728571428571428,13.85,0.4,3.0,3.9,0.0,2.433333333333324,1.314285714285712,1.2000000000000022
2023-03-01,14.5,7.8,10.8,19.3,11.9,74,3,60,2,11.4,11.9,11.3,12.8,11.53333333333334,12.671428571428573,13.657142857142858,7.4,0.4,3.0,1.9,3.5999999999999908,2.3714285714285697,1.7285714285714306
2023-03-02,14.1,8.3,10.3,12.9,9.6,86,3,61,2,10.8,11.4,11.9,12.8,11.366666666666674,12.385714285714286,13.407142857142858,19.3,7.4,0.4,0.0,9.033333333333324,4.857142857142855,3.107142857142859
2023-03-03,17.4,7.9,11.9,1.5,5.9,76,3,62,2,10.3,10.8,11.4,15.1,10.833333333333341,12.02857142857143,13.007142857142856,12.9,19.3,7.4,0.0,13.19999999999999,6.699999999999998,4.02857142857143
2023-03-04,19.0,8.7,12.9,4.7,11.5,61,3,63,2,11.9,10.3,10.8,13.4,11.000000000000007,11.571428571428571,12.65,1.5,12.9,19.3,3.9,11.233333333333325,6.914285714285713,4.135714285714288
2023-03-05,18.8,10.1,14.7,0.3,7.2,51,3,64,2,12.9,11.9,10.3,11.3,11.700000000000008,11.5,12.37857142857143,4.7,1.5,12.9,3.0,6.366666666666657,7.028571428571427,4.471428571428573
2023-03-06,19.6,9.1,13.7,0.1,9.7,51,3,65,2,14.7,12.9,11.9,11.9,13.166666666666671,11.985714285714286,12.271428571428572,0.3,4.7,1.5,0.4,2.166666666666657,6.6428571428571415,4.350000000000002
2023-03-07,20.0,9.4,14.2,0.0,10.6,46,3,66,2,13.7,14.7,12.9,11.4,13.766666666666673,12.242857142857144,12.485714285714286,0.1,0.3,4.7,7.4,1.6999999999999906,6.6,3.957142857142859
2023-03-08,20.8,10.0,14.6,0.0,8.4,45,3,67,2,14.2,13.7,14.7,10.8,14.200000000000005,12.642857142857142,12.657142857142857,0.0,0.1,0.3,19.3,0.13333333333332387,5.542857142857142,3.957142857142859
2023-03-09,20.6,9.8,15.7,0.0,10.1,40,3,68,2,14.6,14.2,13.7,10.3,14.166666666666671,13.185714285714285,12.785714285714286,0.0,0.0,0.1,12.9,0.03333333333332386,2.7857142857142843,3.8214285714285734
2023-03-10,21.2,10.7,17.1,0.0,9.0,36,3,69,2,15.7,14.6,14.2,11.9,14.833333333333337,13.957142857142857,12.992857142857144,0.0,0.0,0.0,1.5,0.0,0.9428571428571414,3.8214285714285734
2023-03-11,22.4,11.3,18.3,0.0,10.9,36,3,70,2,17.1,15.7,14.6,12.9,15.800000000000006,14.700000000000001,13.135714285714286,0.0,0.0,0.0,4.7,0.0,0.7285714285714271,3.8214285714285734
2023-03-12,20.7,10.5,16.5,0.8,15.6,59,3,71,2,18.3,17.1,15.7,14.7,17.03333333333334,15.471428571428572,13.485714285714284,0.0,0.0,0.0,0.3,0.0,0.05714285714285562,3.542857142857145
2023-03-13,22.1,10.2,15.5,0.9,9.9,60,3,72,2,16.5,18.3,17.1,13.7,17.300000000000008,15.728571428571428,13.857142857142858,0.8,0.0,0.0,0.1,0.2666666666666572,0.12857142857142706,3.3857142857142875
2023-03-14,22.0,11.4,16.5,0.0,8.7,46,3,73,2,15.5,16.5,18.3,14.2,16.766666666666673,15.985714285714286,14.114285714285714,0.9,0.8,0.0,0.0,0.5666666666666572,0.24285714285714136,3.421428571428574
2023-03-15,22.4,11.8,17.7,0.0,9.2,40,3,74,2,16.5,15.5,16.5,14.6,16.16666666666667,16.314285714285713,14.478571428571428,0.0,0.9,0.8,0.0,0.5666666666666572,0.24285714285714136,2.892857142857145
2023-03-16,19.9,10.5,15.0,8.0,12.8,66,3,75,2,17.7,16.5,15.5,15.7,16.566666666666674,16.75714285714286,14.971428571428572,0.0,0.0,0.9,0.0,0.29999999999999055,0.24285714285714136,1.5142857142857162
2023-03-17,15.0,8.4,11.8,9.3,10.2,78,3,76,2,15.0,17.7,16.5,17.1,16.400000000000006,16.657142857142855,15.307142857142859,8.0,0.0,0.0,0.0,2.666666666666657,1.3857142857142841,1.1642857142857164
2023-03-18,16.9,7.7,12.0,4.7,7.1,73,3,77,2,11.8,15.0,17.7,18.3,14.833333333333337,15.900000000000002,15.299999999999999,9.3,8.0,0.0,0.0,5.766666666666658,2.7142857142857126,1.7214285714285735
2023-03-19,17.7,8.5,12.4,2.6,7.7,75,3,78,2,12.0,11.8,15.0,16.5,12.933333333333339,15.0,15.235714285714284,4.7,9.3,8.0,0.8,7.333333333333324,3.385714285714284,1.7214285714285735
2023-03-20,18.1,8.4,12.4,0.8,10.0,70,3,79,2,12.4,12.0,11.8,15.5,12.066666666666672,14.414285714285713,15.071428571428571,2.6,4.7,9.3,0.9,5.533333333333324,3.6428571428571415,1.885714285714288
2023-03-21,16.7,8.6,12.3,5.7,8.5,76,3,80,2,12.4,12.4,12.0,16.5,12.266666666666673,13.971428571428572,14.978571428571428,0.8,2.6,4.7,0.0,2.6999999999999904,3.6285714285714272,1.935714285714288
2023-03-22,18.1,7.7,12.8,4.3,12.3,73,3,81,2,12.3,12.4,12.4,17.7,12.366666666666674,13.37142857142857,14.842857142857143,5.7,0.8,2.6,0.0,3.0333333333333243,4.442857142857141,2.3428571428571447
2023-03-23,16.5,9.6,13.0,3.2,6.5,74,3,82,2,12.8,12.3,12.4,15.0,12.500000000000007,12.671428571428574,14.714285714285714,4.3,5.7,0.8,8.0,3.5999999999999908,5.057142857142856,2.650000000000002
2023-03-24,19.1,9.4,13.2,13.8,15.0,66,3,83,2,13.0,12.8,12.3,11.8,12.700000000000008,12.385714285714288,14.52142857142857,3.2,4.3,5.7,9.3,4.399999999999991,4.37142857142857,2.8785714285714303
2023-03-25,13.6,7.5,10.1,15.2,11.2,84,3,84,2,13.2,13.0,12.8,12.0,13.000000000000005,12.585714285714285,14.242857142857144,13.8,3.2,4.3,4.7,7.099999999999991,5.014285714285713,3.8642857142857165
2023-03-26,18.0,7.0,12.5,0.4,8.9,65,3,85,2,10.1,13.2,13.0,12.4,12.100000000000007,12.314285714285715,13.657142857142858,15.2,13.8,3.2,2.6,10.733333333333325,6.514285714285713,4.950000000000002
2023-03-27,18.5,8.5,13.6,1.5,11.1,62,3,86,2,12.5,10.1,13.2,12.4,11.933333333333339,12.328571428571431,13.371428571428572,0.4,15.2,13.8,0.8,9.79999999999999,6.199999999999998,4.9214285714285735
2023-03-28,19.9,9.8,14.5,2.1,9.4,60,3,87,2,13.6,12.5,10.1,12.3,12.066666666666672,12.5,13.235714285714286,1.5,0.4,15.2,5.7,5.6999999999999895,6.299999999999999,4.964285714285716
2023-03-29,20.4,10.8,14.4,15.7,16.4,66,3,88,2,14.5,13.6,12.5,12.8,13.533333333333339,12.814285714285715,13.092857142857143,2.1,1.5,0.4,4.3,1.333333333333324,5.785714285714284,5.114285714285716
2023-03-30,17.3,10.6,13.4,21.1,18.8,77,3,89,2,14.4,14.5,13.6,13.0,14.166666666666671,13.042857142857144,12.857142857142858,15.7,2.1,1.5,3.2,6.433333333333324,7.414285714285713,6.2357142857142875
2023-03-31,16.0,10.7,12.7,10.5,9.2,77,3,90,2,13.4,14.4,14.5,13.2,14.100000000000007,13.1,12.742857142857144,21.1,15.7,2.1,13.8,12.96666666666666,9.97142857142857,7.1714285714285735
2023-04-01,13.7,8.7,11.6,10.5,7.7,87,4,91,2,12.7,13.4,14.4,10.1,13.500000000000005,13.028571428571428,12.807142857142859,10.5,21.1,15.7,15.2,15.766666666666657,9.5,7.257142857142859
2023-04-02,16.8,8.3,12.5,9.0,10.7,79,4,92,2,11.6,12.7,13.4,12.5,12.566666666666672,13.242857142857142,12.778571428571428,10.5,10.5,21.1,0.4,14.033333333333326,8.828571428571427,7.6714285714285735
2023-04-03,15.0,10.0,11.9,15.8,11.8,86,4,93,2,12.5,11.6,12.7,13.6,12.266666666666673,13.242857142857142,12.785714285714286,9.0,10.5,10.5,1.5,9.999999999999991,10.057142857142855,8.128571428571432
2023-04-04,15.6,8.6,11.7,11.2,10.9,80,4,94,2,11.9,12.5,11.6,14.5,12.000000000000005,13.0,12.75,15.8,9.0,10.5,2.1,11.766666666666659,12.099999999999998,9.200000000000003
2023-04-05,19.0,8.8,13.1,4.5,12.5,61,4,95,2,11.7,11.9,12.5,14.4,12.033333333333339,12.6,12.707142857142856,11.2,15.8,9.0,15.7,11.999999999999991,13.4,9.592857142857145
2023-04-06,17.3,8.0,12.4,9.0,14.9,69,4,96,2,13.1,11.7,11.9,13.4,12.23333333333334,12.414285714285713,12.72857142857143,4.5,11.2,15.8,21.1,10.499999999999991,11.799999999999999,9.60714285714286
2023-04-07,21.8,9.7,15.1,0.0,10.1,52,4,97,2,12.4,13.1,11.7,12.7,12.400000000000006,12.271428571428572,12.685714285714285,9.0,4.5,11.2,10.5,8.233333333333325,10.07142857142857,10.021428571428574
2023-04-08,23.4,12.7,17.2,0.5,11.5,42,4,98,2,15.1,12.4,13.1,11.6,13.533333333333339,12.614285714285714,12.821428571428571,0.0,9.0,4.5,10.5,4.499999999999992,8.57142857142857,9.035714285714288
2023-04-09,23.6,13.0,17.8,0.0,11.7,44,4,99,2,17.2,15.1,12.4,12.5,14.900000000000006,13.414285714285715,13.328571428571427,0.5,0.0,9.0,9.0,3.1666666666666585,7.142857142857141,7.985714285714288
2023-04-10,23.6,13.2,18.0,0.0,12.6,44,4,100,2,17.8,17.2,15.1,11.9,16.700000000000006,14.171428571428573,13.707142857142857,0.0,0.5,0.0,15.8,0.1666666666666584,5.857142857142855,7.95714285714286
2023-04-11,23.8,14.1,18.5,0.0,11.4,44,4,101,2,18.0,17.8,17.2,11.7,17.66666666666667,15.042857142857143,14.021428571428572,0.0,0.0,0.5,11.2,0.1666666666666584,3.5999999999999983,7.850000000000002
2023-04-12,25.4,13.8,19.3,0.0,11.0,45,4,102,2,18.5,18.0,17.8,13.1,18.10000000000001,16.014285714285712,14.307142857142859,0.0,0.0,0.0,4.5,0.0,1.9999999999999984,7.700000000000003
2023-04-13,26.1,15.0,20.1,0.0,12.0,47,4,103,2,19.3,18.5,18.0,12.4,18.60000000000001,16.900000000000002,14.657142857142857,0.0,0.0,0.0,9.0,0.0,1.3571428571428557,6.57857142857143
2023-04-14,27.7,15.4,21.9,0.0,10.2,38,4,104,2,20.1,19.3,18.5,15.1,19.300000000000008,18.0,15.135714285714284,0.0,0.0,0.0,0.0,0.0,0.07142857142856991,5.071428571428574
2023-04-15,28.0,17.3,23.0,0.0,12.2,32,4,105,2,21.9,20.1,19.3,17.2,20.43333333333334,18.97142857142857,15.792857142857143,0.0,0.0,0.0,0.5,0.0,0.07142857142856991,4.321428571428574
2023-04-16,20.7,15.2,17.7,0.6,25.0,55,4,106,2,23.0,21.9,20.1,17.8,21.666666666666675,19.8,16.607142857142858,0.0,0.0,0.0,0.0,0.0,0.0,3.5714285714285734
2023-04-17,25.4,14.9,19.6,4.8,19.6,56,4,107,2,17.7,23.0,21.9,18.0,20.866666666666674,19.785714285714285,16.97857142857143,0.6,0.0,0.0,0.0,0.1999999999999917,0.08571428571428419,2.9714285714285738
2023-04-18,20.1,14.4,16.1,23.2,16.6,76,4,108,2,19.6,17.7,23.0,18.5,20.10000000000001,20.014285714285712,17.52857142857143,4.8,0.6,0.0,0.0,1.7999999999999916,0.7714285714285698,2.1857142857142877
2023-04-19,18.7,12.5,14.7,22.3,17.2,82,4,109,2,16.1,19.6,17.7,19.3,17.800000000000008,19.671428571428574,17.842857142857145,23.2,4.8,0.6,0.0,9.533333333333324,4.085714285714284,3.0428571428571445
2023-04-20,18.2,11.1,13.7,3.3,10.6,78,4,110,2,14.7,16.1,19.6,20.1,16.800000000000008,19.014285714285712,17.957142857142856,22.3,23.2,4.8,0.0,16.766666666666655,7.2714285714285705,4.314285714285716
2023-04-21,18.0,9.1,13.5,1.3,11.7,70,4,111,2,13.7,14.7,16.1,21.9,14.833333333333341,18.1,18.05,3.3,22.3,23.2,0.0,16.26666666666666,7.742857142857141,3.907142857142859
2023-04-22,19.3,10.1,14.3,2.0,11.2,55,4,112,2,13.5,13.7,14.7,23.0,13.966666666666674,16.900000000000002,17.935714285714287,1.3,3.3,22.3,0.0,8.96666666666666,7.928571428571426,4.000000000000002
2023-04-23,24.1,10.2,16.9,0.0,9.2,54,4,113,2,14.3,13.5,13.7,17.7,13.833333333333341,15.657142857142858,17.728571428571428,2.0,1.3,3.3,0.6,2.1999999999999917,8.214285714285712,4.107142857142859
2023-04-24,23.7,14.2,20.1,0.0,13.0,46,4,114,2,16.9,14.3,13.5,19.6,14.900000000000006,15.542857142857144,17.664285714285715,0.0,2.0,1.3,4.8,1.0999999999999917,8.128571428571426,4.107142857142859
2023-04-25,23.7,14.3,19.6,0.0,11.7,46,4,115,2,20.1,16.9,14.3,16.1,17.10000000000001,15.614285714285714,17.814285714285713,0.0,0.0,2.0,23.2,0.6666666666666584,7.442857142857141,4.107142857142859
2023-04-26,23.2,13.2,17.7,0.5,14.4,56,4,116,2,19.6,20.1,16.9,14.7,18.866666666666674,16.114285714285717,17.892857142857142,0.0,0.0,0.0,22.3,0.0,4.128571428571427,4.107142857142859
2023-04-27,22.5,11.7,16.6,2.4,21.9,63,4,117,2,17.7,19.6,20.1,13.7,19.13333333333334,16.54285714285714,17.77857142857143,0.5,0.0,0.0,3.3,0.1666666666666584,1.0142857142857127,4.142857142857145
2023-04-28,22.3,12.5,16.9,1.9,16.1,59,4,118,2,16.6,17.7,19.6,13.5,17.966666666666676,16.95714285714286,17.52857142857143,2.4,0.5,0.0,1.3,0.9666666666666583,0.8857142857142841,4.314285714285716
2023-04-29,24.9,13.3,19.7,0.0,7.7,45,4,119,2,16.9,16.6,17.7,14.3,17.066666666666674,17.442857142857143,17.17142857142857,1.9,2.4,0.5,2.0,1.5999999999999917,0.9714285714285699,4.450000000000002
2023-04-30,23.3,15.2,19.2,0.2,10.3,53,4,120,2,19.7,16.9,16.6,16.9,17.733333333333338,18.214285714285715,16.935714285714287,0.0,1.9,2.4,0.0,1.433333333333325,0.6857142857142842,4.450000000000002
2023-05-01,21.5,12.9,17.1,8.8,12.6,73,5,121,2,19.2,19.7,16.9,20.1,18.600000000000005,18.54285714285714,17.04285714285714,0.2,0.0,1.9,0.0,0.6999999999999917,0.7142857142857127,4.4214285714285735
2023-05-02,17.7,12.8,14.6,12.1,7.3,87,5,122,2,17.1,19.2,19.7,19.6,18.666666666666675,18.114285714285714,16.864285714285714,8.8,0.2,0.0,0.0,2.9999999999999916,1.97142857142857,4.70714285714286
2023-05-03,18.6,11.0,15.0,1.8,8.3,82,5,123,2,14.6,17.1,19.2,17.7,16.966666666666676,17.4,16.757142857142856,12.1,8.8,0.2,0.5,7.033333333333324,3.699999999999999,3.914285714285716
2023-05-04,19.6,12.2,15.7,5.2,7.9,76,5,124,2,15.0,14.6,17.1,16.6,15.566666666666675,17.014285714285716,16.77857142857143,1.8,12.1,8.8,2.4,7.566666666666658,3.885714285714284,2.450000000000002
2023-05-05,22.0,12.6,17.0,0.5,10.0,68,5,125,2,15.7,15.0,14.6,16.9,15.100000000000007,16.885714285714283,16.92142857142857,5.2,1.8,12.1,1.9,6.366666666666657,4.285714285714285,2.585714285714288
2023-05-06,19.9,13.5,16.3,6.7,17.2,69,5,126,2,17.0,15.7,15.0,19.7,15.900000000000006,16.900000000000002,17.17142857142857,0.5,5.2,1.8,0.0,2.4999999999999916,4.085714285714284,2.528571428571431
2023-05-07,18.8,11.6,14.7,5.1,19.5,73,5,127,2,16.3,17.0,15.7,19.2,16.33333333333334,16.414285714285715,17.314285714285713,6.7,0.5,5.2,0.2,4.133333333333325,5.042857142857142,2.8642857142857165
2023-05-08,19.0,10.9,14.6,7.7,16.2,69,5,128,2,14.7,16.3,17.0,17.1,16.000000000000007,15.771428571428572,17.15714285714286,5.1,6.7,0.5,8.8,4.099999999999992,5.742857142857142,3.228571428571431
2023-05-09,22.4,10.5,16.9,0.1,8.6,51,5,129,2,14.6,14.7,16.3,14.6,15.200000000000008,15.414285714285715,16.764285714285716,7.7,5.1,6.7,12.1,6.499999999999992,5.585714285714284,3.778571428571431
2023-05-10,26.8,13.3,20.5,0.0,13.4,37,5,130,2,16.9,14.6,14.7,15.0,15.400000000000006,15.742857142857142,16.571428571428573,0.1,7.7,5.1,1.8,4.299999999999992,3.8714285714285697,3.785714285714288
2023-05-11,28.8,18.1,23.1,0.0,14.0,27,5,131,2,20.5,16.9,14.6,15.7,17.33333333333334,16.52857142857143,16.771428571428572,0.0,0.1,7.7,5.2,2.5999999999999917,3.614285714285713,3.750000000000002
2023-05-12,28.9,16.8,22.8,0.0,13.0,37,5,132,2,23.1,20.5,16.9,17.0,20.166666666666675,17.585714285714285,17.235714285714288,0.0,0.0,0.1,0.5,0.03333333333332505,2.8714285714285697,3.5785714285714305
2023-05-13,27.6,18.0,22.6,6.1,14.3,41,5,133,2,22.8,23.1,20.5,16.3,22.13333333333334,18.414285714285715,17.65714285714286,0.0,0.0,0.0,6.7,0.0,2.799999999999998,3.4428571428571444
2023-05-14,25.4,15.1,20.0,0.7,20.2,52,5,134,2,22.6,22.8,23.1,14.7,22.833333333333343,19.314285714285713,17.864285714285714,6.1,0.0,0.0,5.1,2.0333333333333248,2.714285714285712,3.8785714285714303
2023-05-15,27.7,15.9,21.6,0.1,11.0,45,5,135,2,20.0,22.6,22.8,14.6,21.800000000000008,20.071428571428573,17.92142857142857,0.7,6.1,0.0,7.7,2.266666666666658,2.085714285714284,3.914285714285717
2023-05-16,27.2,18.0,21.7,1.5,15.1,48,5,136,2,21.6,20.0,22.6,16.9,21.40000000000001,21.071428571428573,18.242857142857144,0.1,0.7,6.1,0.1,2.2999999999999914,0.9999999999999983,3.2928571428571445
2023-05-17,28.0,17.5,22.5,0.2,17.3,49,5,137,2,21.7,21.6,20.0,20.5,21.100000000000005,21.75714285714286,18.75,1.5,0.1,0.7,0.0,0.7666666666666583,1.1999999999999986,2.535714285714288
2023-05-18,23.2,15.8,19.0,27.2,15.1,66,5,138,2,22.5,21.7,21.6,23.1,21.93333333333334,22.042857142857144,19.285714285714285,0.2,1.5,0.1,0.0,0.5999999999999918,1.228571428571427,2.4214285714285735
2023-05-19,26.6,14.9,20.9,0.0,9.7,49,5,139,2,19.0,22.5,21.7,22.8,21.066666666666674,21.457142857142856,19.521428571428572,27.2,0.2,1.5,0.0,9.633333333333324,5.114285714285713,3.9928571428571447
2023-05-20,29.0,17.3,23.3,0.0,10.5,41,5,140,2,20.9,19.0,22.5,22.6,20.800000000000008,21.185714285714287,19.8,0.0,27.2,0.2,6.1,9.133333333333324,5.114285714285712,3.957142857142859
2023-05-21,31.7,20.2,25.5,0.0,8.8,33,5,141,2,23.3,20.9,19.0,20.0,21.066666666666674,21.285714285714285,20.3,0.0,0.0,27.2,0.7,9.066666666666658,4.242857142857141,3.4785714285714304
2023-05-22,32.6,20.7,25.9,0.0,12.0,35,5,142,2,25.5,23.3,20.9,21.6,23.233333333333338,22.071428571428573,21.071428571428573,0.0,0.0,0.0,0.1,0.0,4.142857142857141,3.1142857142857165
2023-05-23,28.1,17.5,23.0,9.8,19.2,52,5,143,2,25.9,25.5,23.3,21.7,24.900000000000006,22.685714285714287,21.87857142857143,0.0,0.0,0.0,1.5,0.0,4.128571428571427,2.5642857142857163
2023-05-24,23.9,16.2,19.7,6.8,15.2,71,5,144,2,23.0,25.9,25.5,22.5,24.800000000000008,22.871428571428574,22.314285714285713,9.8,0.0,0.0,0.2,3.2666666666666586,5.314285714285712,3.257142857142859
2023-05-25,23.2,15.5,19.0,9.5,11.4,70,5,145,2,19.7,23.0,25.9,19.0,22.866666666666674,22.47142857142857,22.25714285714286,6.8,9.8,0.0,27.2,5.533333333333325,6.2571428571428545,3.7428571428571447
2023-05-26,20.3,14.4,16.8,24.8,14.2,77,5,146,2,19.0,19.7,23.0,20.9,20.566666666666674,22.47142857142857,21.964285714285715,9.5,6.8,9.8,0.0,8.699999999999992,3.728571428571427,4.4214285714285735
2023-05-27,24.0,13.2,18.9,0.0,10.0,61,5,147,2,16.8,19.0,19.7,23.3,18.500000000000004,21.88571428571429,21.535714285714285,24.8,9.5,6.8,0.0,13.699999999999994,7.2714285714285705,6.192857142857145
2023-05-28,26.6,15.4,21.2,0.0,12.5,50,5,148,2,18.9,16.8,19.0,25.5,18.233333333333338,21.257142857142856,21.271428571428572,0.0,24.8,9.5,0.0,11.433333333333328,7.2714285714285705,5.75714285714286
2023-05-29,26.1,16.7,20.4,0.1,15.0,62,5,149,2,21.2,18.9,16.8,25.9,18.966666666666672,20.642857142857142,21.357142857142858,0.0,0.0,24.8,0.0,8.266666666666659,7.2714285714285705,5.70714285714286
2023-05-30,21.5,15.8,18.4,10.0,8.4,73,5,150,2,20.4,21.2,18.9,23.0,20.166666666666675,19.857142857142858,21.27142857142857,0.1,0.0,0.0,9.8,0.03333333333332505,7.285714285714284,5.70714285714286
2023-05-31,19.4,15.4,16.9,14.4,12.2,82,5,151,2,18.4,20.4,21.2,19.7,20.000000000000007,19.2,21.035714285714285,10.0,0.1,0.0,6.8,3.3666666666666583,7.314285714285712,6.314285714285717
2023-06-01,20.0,14.2,16.1,21.7,8.6,88,6,152,3,16.9,18.4,20.4,19.0,18.566666666666674,18.8,20.635714285714283,14.4,10.0,0.1,9.5,8.166666666666659,8.399999999999997,7.328571428571431
2023-06-02,22.5,14.0,18.8,0.0,11.2,65,6,153,3,16.1,16.9,18.4,16.8,17.13333333333334,18.385714285714283,20.428571428571427,21.7,14.4,10.0,24.8,15.366666666666658,10.14285714285714,6.935714285714288
2023-06-03,23.6,16.7,20.2,1.2,8.9,66,6,154,3,18.8,16.1,16.9,18.9,17.266666666666676,18.67142857142857,20.27857142857143,0.0,21.7,14.4,0.0,12.033333333333324,6.599999999999999,6.935714285714288
2023-06-04,26.8,16.3,21.2,0.1,11.9,59,6,155,3,20.2,18.8,16.1,21.2,18.366666666666674,18.857142857142858,20.057142857142857,1.2,0.0,21.7,0.0,7.633333333333325,6.7714285714285705,7.021428571428573
2023-06-05,26.0,17.7,21.6,4.6,9.9,54,6,156,3,21.2,20.2,18.8,20.4,20.066666666666674,18.857142857142858,19.75,0.1,1.2,0.0,0.1,0.4333333333333251,6.785714285714284,7.028571428571431
2023-06-06,26.3,17.9,23.1,0.2,8.0,47,6,157,3,21.6,21.2,20.2,18.4,21.00000000000001,19.02857142857143,19.442857142857143,4.6,0.1,1.2,10.0,1.9666666666666581,7.428571428571426,7.357142857142859
2023-06-07,25.1,18.1,22.9,1.4,12.0,58,6,158,3,23.1,21.6,21.2,16.9,21.966666666666672,19.7,19.45,0.2,4.6,0.1,14.4,1.6333333333333249,6.028571428571427,6.6714285714285735
2023-06-08,28.4,17.5,23.1,0.0,9.2,58,6,159,3,22.9,23.1,21.6,16.1,22.533333333333342,20.557142857142857,19.678571428571427,1.4,0.2,4.6,21.7,2.066666666666658,4.171428571428569,6.285714285714287
2023-06-09,30.2,19.9,25.8,0.0,15.3,50,6,160,3,23.1,22.9,23.1,18.8,23.033333333333342,21.557142857142857,19.97142857142857,0.0,1.4,0.2,0.0,0.533333333333325,1.0714285714285692,5.607142857142859
2023-06-10,31.1,20.9,26.4,0.4,15.3,51,6,161,3,25.8,23.1,22.9,20.2,23.933333333333337,22.557142857142857,20.61428571428571,0.0,0.0,1.4,1.2,0.46666666666665835,1.0714285714285692,3.8357142857142876
2023-06-11,29.6,21.1,25.7,0.0,10.2,54,6,162,3,26.4,25.8,23.1,21.2,25.10000000000001,23.442857142857147,21.150000000000002,0.4,0.0,0.0,0.1,0.13333333333332506,0.957142857142855,3.8642857142857165
2023-06-12,29.7,20.5,25.4,0.6,9.2,55,6,163,3,25.7,26.4,25.8,21.6,25.966666666666672,24.085714285714285,21.47142857142857,0.0,0.4,0.0,4.6,0.13333333333332506,0.9428571428571407,3.864285714285716
2023-06-13,30.7,20.8,26.0,0.1,10.5,50,6,164,3,25.4,25.7,26.4,23.1,25.83333333333334,24.62857142857143,21.828571428571426,0.6,0.0,0.4,0.2,0.33333333333332504,0.37142857142856933,3.900000000000002
2023-06-14,31.1,20.5,24.8,0.0,20.2,56,6,165,3,26.0,25.4,25.7,22.9,25.700000000000006,25.042857142857144,22.37142857142857,0.1,0.6,0.0,1.4,0.23333333333332504,0.35714285714285504,3.1928571428571453
2023-06-15,27.8,20.5,23.9,1.2,12.3,59,6,166,3,24.8,26.0,25.4,23.1,25.400000000000006,25.314285714285713,22.935714285714283,0.0,0.1,0.6,0.0,0.23333333333332504,0.1571428571428551,2.164285714285716
2023-06-16,28.4,19.5,24.2,0.1,10.9,62,6,167,3,23.9,24.8,26.0,25.8,24.900000000000006,25.428571428571427,23.49285714285714,1.2,0.0,0.1,0.0,0.43333333333332497,0.3285714285714265,0.700000000000002
2023-06-17,29.7,20.5,24.8,0.3,9.4,62,6,168,3,24.2,23.9,24.8,26.4,24.300000000000008,25.199999999999996,23.87857142857143,0.1,1.2,0.0,0.4,0.4333333333333251,0.3428571428571408,0.7071428571428591
2023-06-18,31.8,21.2,26.5,1.1,11.2,54,6,169,3,24.8,24.2,23.9,25.7,24.300000000000008,24.97142857142857,24.207142857142856,0.3,0.1,1.2,0.0,0.5333333333333251,0.32857142857142657,0.6428571428571449
2023-06-19,30.4,22.9,26.7,0.0,10.8,62,6,170,3,26.5,24.8,24.2,25.4,25.166666666666675,25.085714285714285,24.58571428571429,1.1,0.3,0.1,0.6,0.4999999999999918,0.4857142857142837,0.7142857142857162
2023-06-20,32.3,21.9,27.4,0.0,11.7,58,6,171,3,26.7,26.5,24.8,26.0,26.000000000000004,25.27142857142857,24.95,0.0,1.1,0.3,0.1,0.4666666666666584,0.399999999999998,0.3857142857142878
2023-06-21,32.9,25.3,29.4,0.0,12.1,49,6,172,3,27.4,26.7,26.5,24.8,26.866666666666674,25.471428571428568,25.257142857142856,0.0,0.0,1.1,0.0,0.3666666666666584,0.38571428571428373,0.3714285714285734
2023-06-22,34.1,25.0,30.3,0.0,14.1,51,6,173,3,29.4,27.4,26.7,23.9,27.83333333333334,26.12857142857143,25.721428571428568,0.0,0.0,0.0,1.2,0.0,0.38571428571428373,0.27142857142857346
2023-06-23,34.3,25.9,30.6,0.0,13.8,57,6,174,3,30.3,29.4,27.4,24.2,29.033333333333342,27.042857142857144,26.235714285714284,0.0,0.0,0.0,0.1,0.0,0.21428571428571228,0.27142857142857346
2023-06-24,32.0,24.2,28.3,5.9,13.5,66,6,175,3,30.6,30.3,29.4,24.8,30.10000000000001,27.95714285714286,26.57857142857143,0.0,0.0,0.0,0.3,0.0,0.19999999999999798,0.27142857142857346
2023-06-25,31.5,22.0,26.8,8.5,14.5,68,6,176,3,28.3,30.6,30.3,26.5,29.733333333333338,28.457142857142856,26.714285714285715,5.9,0.0,0.0,1.1,1.9666666666666586,0.999999999999998,0.6642857142857164
2023-06-26,26.1,20.5,22.7,15.7,12.8,85,6,177,3,26.8,28.3,30.6,26.7,28.566666666666674,28.5,26.792857142857144,8.5,5.9,0.0,0.0,4.799999999999992,2.057142857142855,1.2714285714285736
2023-06-27,27.6,19.9,23.8,6.6,11.5,78,6,178,3,22.7,26.8,28.3,27.4,25.93333333333334,27.928571428571427,26.6,15.7,8.5,5.9,0.0,10.033333333333324,4.299999999999998,2.350000000000002
2023-06-28,27.8,19.9,23.7,5.6,11.0,77,6,179,3,23.8,22.7,26.8,29.4,24.43333333333334,27.414285714285715,26.442857142857147,6.6,15.7,8.5,0.0,10.266666666666659,5.242857142857141,2.8142857142857163
2023-06-29,27.2,19.5,23.6,11.3,12.8,76,6,180,3,23.7,23.8,22.7,30.3,23.400000000000006,26.599999999999998,26.364285714285717,5.6,6.6,15.7,0.0,9.299999999999992,6.04285714285714,3.214285714285716
2023-06-30,27.8,19.5,24.2,3.4,12.3,73,6,181,3,23.6,23.7,23.8,30.6,23.700000000000006,25.642857142857142,26.342857142857145,11.3,5.6,6.6,0.0,7.833333333333325,7.657142857142856,3.9357142857142877
2023-07-01,28.5,20.4,24.4,0.0,12.2,70,7,182,3,24.2,23.6,23.7,28.3,23.833333333333343,24.728571428571428,26.342857142857138,3.4,11.3,5.6,5.9,6.766666666666659,8.14285714285714,4.1714285714285735
2023-07-02,29.6,20.6,25.5,0.0,9.9,71,7,183,3,24.4,24.2,23.6,26.8,24.066666666666674,24.171428571428574,26.314285714285717,0.0,3.4,11.3,8.5,4.899999999999992,7.299999999999998,4.150000000000002
2023-07-03,30.5,22.6,27.0,0.4,10.9,69,7,184,3,25.5,24.4,24.2,22.7,24.700000000000006,23.985714285714288,26.24285714285714,0.0,0.0,3.4,15.7,1.133333333333325,6.085714285714284,4.071428571428574
2023-07-04,28.5,21.1,24.2,12.0,14.6,78,7,185,3,27.0,25.5,24.4,23.8,25.63333333333334,24.6,26.264285714285712,0.4,0.0,0.0,6.6,0.13333333333332506,3.8999999999999977,4.100000000000002
2023-07-05,26.3,20.0,22.8,9.6,12.6,81,7,186,3,24.2,27.0,25.5,23.7,25.566666666666674,24.657142857142855,26.035714285714285,12.0,0.4,0.0,5.6,4.133333333333325,4.67142857142857,4.95714285714286
2023-07-06,26.1,19.1,22.6,1.0,15.9,80,7,187,3,22.8,24.2,27.0,23.6,24.666666666666675,24.528571428571432,25.564285714285717,9.6,12.0,0.4,11.3,7.333333333333325,5.242857142857141,5.642857142857145
2023-07-07,26.0,18.8,21.6,29.3,15.8,84,7,188,3,22.6,22.8,24.2,24.2,23.200000000000006,24.385714285714283,25.014285714285716,1.0,9.6,12.0,3.4,7.533333333333325,3.7714285714285696,5.714285714285716
2023-07-08,25.9,17.8,22.6,9.1,10.2,77,7,189,3,21.6,22.6,22.8,24.4,22.333333333333343,24.014285714285712,24.37142857142857,29.3,1.0,9.6,0.0,13.299999999999992,7.471428571428569,7.80714285714286
2023-07-09,27.1,19.2,23.4,0.2,11.2,76,7,190,3,22.6,21.6,22.6,25.5,22.266666666666676,23.75714285714286,23.964285714285715,9.1,29.3,1.0,0.0,13.133333333333324,8.771428571428569,8.035714285714288
2023-07-10,27.4,18.6,23.3,1.2,9.7,77,7,191,3,23.4,22.6,21.6,27.0,22.533333333333342,23.457142857142856,23.72142857142857,0.2,9.1,29.3,0.4,12.866666666666658,8.799999999999999,7.442857142857145
2023-07-11,28.5,21.3,25.2,0.0,9.3,64,7,192,3,23.3,23.4,22.6,24.2,23.10000000000001,22.928571428571427,23.764285714285712,1.2,0.2,9.1,12.0,3.4999999999999916,8.914285714285713,6.407142857142858
2023-07-12,29.4,21.3,26.3,0.0,11.7,63,7,193,3,25.2,23.3,23.4,22.8,23.966666666666672,23.071428571428573,23.86428571428571,0.0,1.2,0.2,9.6,0.46666666666665835,7.1999999999999975,5.935714285714288
2023-07-13,28.6,21.3,25.3,0.3,14.6,77,7,194,3,26.3,25.2,23.3,22.6,24.93333333333334,23.571428571428573,24.05,0.0,0.0,1.2,1.0,0.3999999999999917,5.8285714285714265,5.535714285714287
2023-07-14,28.3,21.2,24.6,2.5,13.3,81,7,195,3,25.3,26.3,25.2,21.6,25.60000000000001,23.957142857142856,24.171428571428574,0.3,0.0,0.0,29.3,0.0999999999999917,5.728571428571427,4.750000000000002
2023-07-15,28.0,20.9,24.0,10.1,9.4,85,7,196,3,24.6,25.3,26.3,22.6,25.400000000000006,24.38571428571429,24.2,2.5,0.3,0.0,9.1,0.933333333333325,1.899999999999998,4.685714285714289
2023-07-16,26.5,20.6,23.8,5.0,12.0,86,7,197,3,24.0,24.6,25.3,23.4,24.633333333333344,24.58571428571429,24.17142857142857,10.1,2.5,0.3,0.2,4.299999999999991,2.0428571428571405,5.407142857142859
2023-07-17,29.0,20.8,25.5,0.0,11.4,78,7,198,3,23.8,24.0,24.6,23.3,24.13333333333334,24.642857142857142,24.05,5.0,10.1,2.5,1.2,5.866666666666657,2.728571428571427,5.764285714285717
2023-07-18,28.7,22.6,25.9,1.1,13.7,79,7,199,3,25.5,23.8,24.0,25.2,24.43333333333334,24.957142857142856,23.942857142857143,0.0,5.0,10.1,0.0,5.033333333333325,2.5571428571428547,5.7357142857142875
2023-07-19,24.9,21.9,23.3,11.4,7.4,92,7,200,3,25.9,25.5,23.8,26.3,25.066666666666674,25.057142857142857,24.064285714285717,1.1,0.0,5.0,0.0,2.0333333333333257,2.714285714285712,4.957142857142858
2023-07-20,28.1,21.0,24.1,8.4,9.2,86,7,201,3,23.3,25.9,25.5,25.3,24.900000000000006,24.62857142857143,24.099999999999998,11.4,1.1,0.0,0.3,4.166666666666659,4.342857142857141,5.085714285714288
2023-07-21,28.1,21.7,24.5,15.4,9.7,85,7,202,3,24.1,23.3,25.9,24.6,24.43333333333334,24.45714285714286,24.207142857142856,8.4,11.4,1.1,2.5,6.966666666666659,5.499999999999998,5.6142857142857165
2023-07-22,26.6,20.7,23.4,11.4,9.7,88,7,203,3,24.5,24.1,23.3,24.0,23.966666666666672,24.442857142857143,24.414285714285715,15.4,8.4,11.4,10.1,11.733333333333325,7.342857142857141,4.621428571428574
2023-07-23,26.7,20.8,23.0,13.2,8.3,86,7,204,3,23.4,24.5,24.1,23.8,24.00000000000001,24.357142857142858,24.471428571428568,11.4,15.4,8.4,5.0,11.733333333333325,7.528571428571427,4.785714285714287
2023-07-24,27.1,20.7,24.2,3.5,9.5,77,7,205,3,23.0,23.4,24.5,25.5,23.63333333333334,24.242857142857144,24.442857142857143,13.2,11.4,15.4,0.0,13.333333333333327,8.699999999999998,5.714285714285716
2023-07-25,27.0,20.3,23.2,13.3,9.4,87,7,206,3,24.2,23.0,23.4,25.9,23.533333333333342,24.057142857142857,24.50714285714286,3.5,13.2,11.4,1.1,9.366666666666658,9.199999999999998,5.878571428571432
2023-07-26,26.8,20.6,23.7,18.0,9.4,86,7,207,3,23.2,24.2,23.0,23.3,23.466666666666672,23.67142857142857,24.364285714285717,13.3,3.5,13.2,11.4,9.999999999999991,10.94285714285714,6.828571428571431
2023-07-27,25.6,20.4,23.0,11.4,13.6,89,7,208,3,23.7,23.2,24.2,24.1,23.700000000000006,23.728571428571428,24.178571428571427,18.0,13.3,3.5,8.4,11.599999999999993,11.885714285714284,8.114285714285717
2023-07-28,25.3,20.1,22.5,3.2,10.0,88,7,209,3,23.0,23.7,23.2,24.5,23.300000000000008,23.571428571428573,24.014285714285712,11.4,18.0,13.3,15.4,14.233333333333325,12.314285714285713,8.90714285714286
2023-07-29,25.9,18.6,22.1,17.7,12.2,85,7,210,3,22.5,23.0,23.7,23.4,23.066666666666674,23.285714285714285,23.864285714285717,3.2,11.4,18.0,11.4,10.86666666666666,10.57142857142857,8.957142857142859
2023-07-30,27.0,20.1,23.5,1.9,10.0,82,7,211,3,22.1,22.5,23.0,23.0,22.533333333333342,23.099999999999998,23.72857142857143,17.7,3.2,11.4,13.2,10.76666666666666,11.47142857142857,9.500000000000002
2023-07-31,27.3,20.9,23.9,0.6,11.3,81,7,212,3,23.5,22.1,22.5,24.2,22.700000000000006,23.17142857142857,23.70714285714286,1.9,17.7,3.2,3.5,7.599999999999993,9.857142857142856,9.27857142857143
2023-08-01,27.8,21.0,24.6,0.1,10.6,79,8,213,3,23.9,23.5,22.1,23.2,23.16666666666667,23.12857142857143,23.592857142857145,0.6,1.9,17.7,13.3,6.733333333333326,9.44285714285714,9.321428571428573
2023-08-02,28.1,22.2,25.7,1.7,10.8,78,8,214,3,24.6,23.9,23.5,23.7,24.00000000000001,23.328571428571426,23.5,0.1,0.6,1.9,18.0,0.8666666666666596,7.557142857142856,9.250000000000002
2023-08-03,27.9,21.3,24.5,2.5,9.8,83,8,215,3,25.7,24.6,23.9,23.0,24.733333333333338,23.614285714285717,23.671428571428574,1.7,0.1,0.6,11.4,0.7999999999999928,5.228571428571427,8.557142857142859
2023-08-04,28.8,21.8,25.1,4.4,11.1,81,8,216,3,24.5,25.7,24.6,22.5,24.933333333333337,23.82857142857143,23.7,2.5,1.7,0.1,3.2,1.4333333333333262,3.957142857142855,8.135714285714288
2023-08-05,27.6,21.4,24.3,4.7,10.9,86,8,217,3,25.1,24.5,25.7,22.1,25.10000000000001,24.2,23.74285714285714,4.4,2.5,1.7,17.7,2.86666666666666,4.128571428571426,7.350000000000002
2023-08-06,27.4,21.0,24.4,1.0,10.3,83,8,218,3,24.3,25.1,24.5,23.5,24.63333333333334,24.514285714285712,23.807142857142857,4.7,4.4,2.5,1.9,3.86666666666666,2.2714285714285696,6.871428571428574
2023-08-07,26.6,20.8,23.2,16.7,10.4,83,8,219,3,24.4,24.3,25.1,23.9,24.60000000000001,24.642857142857142,23.907142857142862,1.0,4.7,4.4,0.6,3.36666666666666,2.142857142857141,6.000000000000002
2023-08-08,27.9,19.6,24.1,1.5,9.7,79,8,220,3,23.2,24.4,24.3,24.6,23.966666666666672,24.542857142857144,23.835714285714285,16.7,1.0,4.7,0.1,7.466666666666659,4.442857142857141,6.942857142857144
2023-08-09,29.1,22.4,26.0,0.0,13.0,72,8,221,3,24.1,23.2,24.4,25.7,23.900000000000006,24.47142857142857,23.9,1.5,16.7,1.0,1.7,6.399999999999994,4.642857142857141,6.100000000000002
2023-08-10,28.3,21.9,25.3,1.3,13.3,81,8,222,3,26.0,24.1,23.2,24.5,24.433333333333337,24.514285714285716,24.064285714285713,0.0,1.5,16.7,2.5,6.06666666666666,4.399999999999998,4.814285714285717
2023-08-11,28.2,21.3,24.7,0.3,12.7,83,8,223,3,25.3,26.0,24.1,25.1,25.13333333333334,24.62857142857143,24.228571428571428,1.3,0.0,1.5,4.4,0.9333333333333274,4.228571428571426,4.092857142857144
2023-08-12,28.9,21.3,25.4,0.8,10.5,79,8,224,3,24.7,25.3,26.0,24.3,25.333333333333343,24.571428571428573,24.385714285714283,0.3,1.3,0.0,4.7,0.5333333333333274,3.642857142857141,3.8857142857142875
2023-08-13,29.7,22.1,26.0,0.8,13.5,76,8,225,3,25.4,24.7,25.3,24.4,25.13333333333334,24.72857142857143,24.62142857142857,0.8,0.3,1.3,1.0,0.7999999999999942,3.0857142857142827,2.6785714285714306
2023-08-14,27.6,21.1,24.2,3.6,10.5,84,8,226,3,26.0,25.4,24.7,23.2,25.366666666666674,24.957142857142856,24.8,0.8,0.8,0.3,16.7,0.6333333333333274,3.0571428571428543,2.600000000000002
2023-08-15,27.2,19.4,23.2,1.6,10.4,85,8,227,3,24.2,26.0,25.4,24.1,25.200000000000006,25.1,24.821428571428573,3.6,0.8,0.8,1.5,1.7333333333333274,1.1857142857142837,2.8142857142857163
2023-08-16,27.5,20.2,23.8,0.8,10.2,83,8,228,3,23.2,24.2,26.0,26.0,24.466666666666672,24.971428571428568,24.721428571428568,1.6,3.6,0.8,0.0,1.999999999999994,1.199999999999998,2.9214285714285735
2023-08-17,27.8,21.0,24.3,0.3,12.5,78,8,229,3,23.8,23.2,24.2,25.3,23.733333333333338,24.657142857142855,24.585714285714285,0.8,1.6,3.6,1.3,1.999999999999994,1.3142857142857125,2.857142857142859
2023-08-18,27.9,21.1,24.8,0.3,12.7,76,8,230,3,24.3,23.8,23.2,24.7,23.76666666666667,24.514285714285716,24.571428571428573,0.3,0.8,1.6,0.3,0.8999999999999941,1.1714285714285695,2.700000000000002
2023-08-19,29.5,21.4,25.5,0.6,9.5,73,8,231,3,24.8,24.3,23.8,25.4,24.300000000000008,24.52857142857143,24.550000000000004,0.3,0.3,0.8,0.8,0.46666666666666073,1.1714285714285695,2.407142857142859
2023-08-20,29.3,22.7,26.1,0.8,10.3,73,8,232,3,25.5,24.8,24.3,26.0,24.866666666666674,24.542857142857144,24.63571428571429,0.6,0.3,0.3,0.8,0.3999999999999941,1.1428571428571408,2.114285714285716
2023-08-21,30.1,22.7,26.5,1.1,11.6,70,8,233,3,26.1,25.5,24.8,24.2,25.466666666666672,24.557142857142857,24.757142857142856,0.8,0.6,0.3,3.6,0.5666666666666608,1.1428571428571408,2.100000000000002
2023-08-22,31.0,23.3,27.4,0.0,13.3,64,8,234,3,26.5,26.1,25.5,23.2,26.033333333333342,24.885714285714283,24.99285714285714,1.1,0.8,0.6,1.6,0.8333333333333274,0.7857142857142838,0.9857142857142878
2023-08-23,30.6,20.7,25.6,7.7,12.8,75,8,235,3,27.4,26.5,26.1,23.8,26.666666666666675,25.485714285714288,25.22857142857143,0.0,1.1,0.8,0.8,0.6333333333333274,0.5571428571428552,0.8785714285714307
2023-08-24,25.4,20.3,22.7,29.8,10.9,86,8,236,3,25.6,27.4,26.5,24.3,26.500000000000004,25.74285714285714,25.2,7.7,0.0,1.1,0.3,2.933333333333328,1.542857142857141,1.4285714285714306
2023-08-25,25.9,19.7,22.5,3.8,10.4,85,8,237,3,22.7,25.6,27.4,24.8,25.233333333333338,25.514285714285712,25.014285714285712,29.8,7.7,0.0,0.3,12.499999999999995,5.7571428571428545,3.464285714285716
2023-08-26,25.5,18.8,22.7,3.6,10.2,78,8,238,3,22.5,22.7,25.6,25.5,23.60000000000001,25.185714285714287,24.857142857142858,3.8,29.8,7.7,0.6,13.76666666666666,6.257142857142855,3.714285714285716
2023-08-27,26.0,18.7,22.7,0.0,11.5,71,8,239,3,22.7,22.5,22.7,26.1,22.63333333333334,24.785714285714285,24.664285714285715,3.6,3.8,29.8,0.8,12.399999999999993,6.685714285714284,3.914285714285716
2023-08-28,26.3,18.3,22.3,0.7,10.5,73,8,240,3,22.7,22.7,22.5,26.5,22.63333333333334,24.300000000000004,24.428571428571427,0.0,3.6,3.8,1.1,2.466666666666661,6.571428571428569,3.857142857142859
2023-08-29,27.5,19.1,23.2,0.2,9.7,72,8,241,3,22.3,22.7,22.7,27.4,22.566666666666674,23.7,24.292857142857144,0.7,0.0,3.6,0.0,1.4333333333333274,6.5142857142857125,3.650000000000002
2023-08-30,28.0,19.8,24.0,0.0,12.1,66,8,242,3,23.2,22.3,22.7,25.6,22.733333333333338,23.099999999999998,24.292857142857144,0.2,0.7,0.0,7.7,0.29999999999999405,6.542857142857142,3.5500000000000016
2023-08-31,28.6,20.8,25.5,0.0,10.3,62,8,243,3,24.0,23.2,22.3,22.7,23.166666666666675,22.871428571428574,24.307142857142857,0.0,0.2,0.7,29.8,0.29999999999999405,5.442857142857141,3.4928571428571447
2023-09-01,28.7,21.1,25.5,0.4,10.8,69,9,244,4,25.5,24.0,23.2,22.5,24.233333333333338,23.27142857142857,24.392857142857142,0.0,0.0,0.2,3.8,0.06666666666666075,1.1857142857142837,3.471428571428573
2023-09-02,27.8,21.1,24.4,0.3,10.1,75,9,245,4,25.5,25.5,24.0,22.7,25.00000000000001,23.699999999999996,24.442857142857143,0.4,0.0,0.0,3.6,0.13333333333332742,0.6999999999999981,3.478571428571431
2023-09-03,27.4,20.4,24.0,0.7,9.2,73,9,246,4,24.4,25.5,25.5,22.7,25.13333333333334,23.942857142857143,24.36428571428571,0.3,0.4,0.0,0.0,0.2333333333333274,0.22857142857142657,3.457142857142859
2023-09-04,29.0,20.5,25.0,0.0,11.9,64,9,247,4,24.0,24.4,25.5,22.3,24.63333333333334,24.128571428571426,24.214285714285715,0.7,0.3,0.4,0.7,0.46666666666666073,0.3285714285714265,3.4500000000000024
2023-09-05,27.3,20.2,23.8,1.0,13.9,66,9,248,4,25.0,24.0,24.4,23.2,24.466666666666672,24.514285714285712,24.107142857142858,0.0,0.7,0.3,0.2,0.3333333333333274,0.22857142857142657,3.3714285714285737
2023-09-06,27.7,19.6,23.3,0.0,10.7,63,9,249,4,23.8,25.0,24.0,24.0,24.266666666666676,24.599999999999998,23.849999999999998,1.0,0.0,0.7,0.0,0.5666666666666608,0.3428571428571408,3.4428571428571453
2023-09-07,30.0,19.8,24.6,0.0,10.7,55,9,250,4,23.3,23.8,25.0,25.5,24.033333333333342,24.5,23.685714285714287,0.0,1.0,0.0,0.0,0.33333333333332743,0.3428571428571408,2.892857142857145
2023-09-08,30.4,20.9,25.7,0.0,12.6,53,9,251,4,24.6,23.3,23.8,25.5,23.900000000000006,24.37142857142857,23.821428571428573,0.0,0.0,1.0,0.4,0.33333333333332743,0.3428571428571408,0.7642857142857162
2023-09-09,29.2,20.8,25.4,0.0,12.1,59,9,252,4,25.7,24.6,23.3,24.4,24.533333333333342,24.400000000000002,24.050000000000004,0.0,0.0,0.0,0.3,0.0,0.2857142857142837,0.49285714285714494
2023-09-10,29.2,21.3,25.6,0.0,11.4,66,9,253,4,25.4,25.7,24.6,24.0,25.233333333333338,24.542857142857144,24.24285714285714,0.0,0.0,0.0,0.7,0.0,0.24285714285714086,0.23571428571428774
2023-09-11,29.8,20.9,25.6,0.0,11.5,72,9,254,4,25.6,25.4,25.7,25.0,25.566666666666674,24.771428571428572,24.45,0.0,0.0,0.0,0.0,0.0,0.14285714285714082,0.23571428571428774
2023-09-12,28.6,23.2,25.4,1.4,12.3,74,9,255,4,25.6,25.6,25.4,23.8,25.533333333333342,24.857142857142858,24.685714285714283,0.0,0.0,0.0,1.0,0.0,0.14285714285714082,0.18571428571428772
2023-09-13,29.4,21.9,25.5,0.6,11.6,71,9,256,4,25.4,25.6,25.6,23.3,25.533333333333342,25.085714285714285,24.842857142857145,1.4,0.0,0.0,0.0,0.46666666666666073,0.19999999999999796,0.27142857142857346
2023-09-14,29.1,21.9,25.9,0.8,11.9,70,9,257,4,25.5,25.4,25.6,24.6,25.500000000000004,25.400000000000002,24.95,0.6,1.4,0.0,0.0,0.6666666666666607,0.2857142857142837,0.3142857142857163
2023-09-15,29.4,21.4,25.1,0.4,13.8,73,9,258,4,25.9,25.5,25.4,25.7,25.60000000000001,25.585714285714285,24.978571428571428,0.8,0.6,1.4,0.0,0.9333333333333274,0.39999999999999797,0.3714285714285735
2023-09-16,27.1,19.9,23.1,9.7,10.8,80,9,259,4,25.1,25.9,25.5,25.4,25.500000000000004,25.5,24.95,0.4,0.8,0.6,0.0,0.5999999999999941,0.45714285714285513,0.3714285714285734
2023-09-17,26.7,18.9,22.8,2.2,12.3,81,9,260,4,23.1,25.1,25.9,25.6,24.700000000000006,25.17142857142857,24.857142857142858,9.7,0.4,0.8,0.0,3.633333333333327,1.8428571428571405,1.0428571428571447
2023-09-18,24.7,19.3,21.7,2.6,12.5,84,9,261,4,22.8,23.1,25.1,25.6,23.666666666666675,24.771428571428572,24.771428571428572,2.2,9.7,0.4,0.0,4.099999999999993,2.157142857142855,1.150000000000002
2023-09-19,26.7,18.5,22.2,2.2,10.2,78,9,262,4,21.7,22.8,23.1,25.4,22.533333333333342,24.214285714285715,24.535714285714285,2.6,2.2,9.7,1.4,4.833333333333328,2.5285714285714262,1.3357142857142876
2023-09-20,26.7,18.8,22.7,0.6,10.7,79,9,263,4,22.2,21.7,22.8,25.5,22.233333333333338,23.75714285714286,24.42142857142857,2.2,2.6,2.2,0.6,2.3333333333333273,2.642857142857141,1.4214285714285733
2023-09-21,27.4,19.4,23.6,0.0,9.9,68,9,264,4,22.7,22.2,21.7,25.9,22.200000000000006,23.357142857142858,24.37857142857143,0.6,2.2,2.6,0.8,1.7999999999999943,2.642857142857141,1.4642857142857164
2023-09-22,25.8,18.9,22.1,0.9,9.7,72,9,265,4,23.6,22.7,22.2,25.1,22.83333333333334,23.02857142857143,24.307142857142857,0.0,0.6,2.2,0.4,0.9333333333333275,2.5285714285714262,1.4642857142857164
2023-09-23,26.5,16.9,21.0,0.8,13.1,72,9,266,4,22.1,23.6,22.7,23.1,22.800000000000008,22.6,24.05,0.9,0.0,0.6,9.7,0.49999999999999406,2.599999999999998,1.5285714285714305
2023-09-24,26.9,17.3,21.3,6.9,12.0,64,9,267,4,21.0,22.1,23.6,22.8,22.233333333333338,22.300000000000004,23.735714285714288,0.8,0.9,0.0,2.2,0.5666666666666608,1.3285714285714267,1.5857142857142876
2023-09-25,24.5,15.6,19.7,6.6,14.1,69,9,268,4,21.3,21.0,22.1,21.7,21.46666666666668,22.085714285714285,23.428571428571427,6.9,0.8,0.9,2.6,2.8666666666666614,1.999999999999998,2.0785714285714305
2023-09-26,26.3,16.3,20.8,0.0,11.7,53,9,269,4,19.7,21.3,21.0,22.2,20.66666666666667,21.800000000000004,23.00714285714286,6.6,6.9,0.8,2.2,4.766666666666661,2.5714285714285694,2.550000000000002
2023-09-27,26.8,16.4,21.1,0.0,10.7,49,9,270,4,20.8,19.7,21.3,22.7,20.600000000000005,21.599999999999998,22.678571428571427,0.0,6.6,6.9,0.6,4.499999999999994,2.2571428571428553,2.450000000000002
2023-09-28,27.1,16.9,21.7,0.0,11.0,49,9,271,4,21.1,20.8,19.7,23.6,20.533333333333342,21.371428571428574,22.36428571428571,0.0,0.0,6.6,0.0,2.199999999999994,2.1714285714285695,2.4071428571428592
2023-09-29,22.8,15.9,18.5,0.9,16.9,61,9,272,4,21.7,21.1,20.8,22.1,21.200000000000006,21.099999999999998,22.064285714285713,0.0,0.0,0.0,0.9,0.0,2.1714285714285695,2.3500000000000023
2023-09-30,25.5,15.4,20.0,0.7,6.2,45,9,273,4,18.5,21.7,21.1,21.0,20.43333333333334,20.585714285714285,21.592857142857138,0.9,0.0,0.0,0.8,0.2999999999999941,2.1714285714285695,2.3857142857142875
2023-10-01,27.2,15.3,20.9,0.0,13.2,40,10,274,4,20.0,18.5,21.7,21.3,20.066666666666674,20.442857142857143,21.37142857142857,0.7,0.9,0.0,6.9,0.5333333333333274,2.1571428571428553,1.742857142857145
2023-10-02,25.7,16.8,21.9,0.0,16.0,35,10,275,4,20.9,20.0,18.5,19.7,19.800000000000008,20.385714285714283,21.235714285714288,0.0,0.7,0.9,6.6,0.5333333333333274,1.1714285714285693,1.5857142857142876
2023-10-03,26.4,14.9,20.2,0.0,11.2,41,10,276,4,21.9,20.9,20.0,20.8,20.933333333333337,20.7,21.25,0.0,0.0,0.7,0.0,0.2333333333333274,0.22857142857142657,1.4000000000000021
2023-10-04,27.2,15.4,20.9,0.0,10.2,40,10,277,4,20.2,21.9,20.9,21.1,21.000000000000004,20.61428571428571,21.107142857142858,0.0,0.0,0.0,0.0,0.0,0.22857142857142657,1.2428571428571449
2023-10-05,28.2,16.1,22.1,0.0,11.3,37,10,278,4,20.9,20.2,21.9,21.7,21.000000000000007,20.585714285714285,20.978571428571428,0.0,0.0,0.0,0.0,0.0,0.22857142857142657,1.2000000000000022
2023-10-06,28.6,18.4,24.1,0.0,11.4,32,10,279,4,22.1,20.9,20.2,18.5,21.066666666666674,20.642857142857142,20.87142857142857,0.0,0.0,0.0,0.9,0.0,0.22857142857142657,1.2000000000000022
2023-10-07,27.8,19.5,23.7,0.1,11.6,42,10,280,4,24.1,22.1,20.9,20.0,22.366666666666674,21.442857142857143,21.014285714285712,0.0,0.0,0.0,0.7,0.0,0.09999999999999797,1.1357142857142877
2023-10-08,26.9,16.2,21.6,6.7,9.7,56,10,281,4,23.7,24.1,22.1,20.9,23.300000000000008,21.971428571428568,21.207142857142856,0.1,0.0,0.0,0.0,0.033333333333327414,0.014285714285712256,1.0857142857142876
2023-10-09,25.8,15.4,20.6,0.2,14.1,55,10,282,4,21.6,23.7,24.1,21.9,23.13333333333334,22.071428571428573,21.228571428571428,6.7,0.1,0.0,0.0,2.266666666666661,0.9714285714285694,1.0714285714285734
2023-10-10,23.1,13.7,18.0,0.0,16.3,57,10,283,4,20.6,21.6,23.7,20.2,21.966666666666672,21.88571428571429,21.29285714285714,0.2,6.7,0.1,0.0,2.3333333333333273,0.999999999999998,0.6142857142857162
2023-10-11,26.2,15.2,19.9,0.0,9.7,54,10,284,4,18.0,20.6,21.6,20.9,20.066666666666674,21.571428571428573,21.092857142857138,0.0,0.2,6.7,0.0,2.299999999999994,0.999999999999998,0.6142857142857162
2023-10-12,25.5,16.3,21.5,0.0,12.0,51,10,285,4,19.9,18.0,20.6,22.1,19.50000000000001,21.428571428571434,21.00714285714286,0.0,0.0,0.2,0.0,0.06666666666666075,0.999999999999998,0.6142857142857162
2023-10-13,25.7,15.5,21.5,8.1,17.7,52,10,286,4,21.5,19.9,18.0,24.1,19.800000000000008,21.342857142857145,20.992857142857144,0.0,0.0,0.0,0.0,0.0,0.999999999999998,0.6142857142857162
2023-10-14,20.8,14.5,17.1,12.4,13.5,77,10,287,4,21.5,21.5,19.9,23.7,20.966666666666672,20.97142857142857,21.20714285714286,8.1,0.0,0.0,0.1,2.699999999999994,2.1571428571428553,1.1285714285714303
2023-10-15,21.4,12.7,16.4,2.9,12.8,71,10,288,4,17.1,21.5,21.5,21.6,20.033333333333342,20.02857142857143,21.0,12.4,8.1,0.0,6.7,6.833333333333328,3.914285714285712,1.9642857142857164
2023-10-16,15.5,11.8,13.3,27.9,11.8,87,10,289,4,16.4,17.1,21.5,20.6,18.333333333333343,19.285714285714285,20.678571428571427,2.9,12.4,8.1,0.2,7.799999999999994,3.3714285714285697,2.1714285714285735
2023-10-17,14.2,9.3,11.8,16.7,11.3,87,10,290,4,13.3,16.4,17.1,18.0,15.600000000000009,18.24285714285714,20.064285714285717,27.9,2.9,12.4,0.0,14.399999999999993,7.3285714285714265,4.164285714285716
2023-10-18,19.3,9.1,13.9,0.2,8.2,69,10,291,4,11.8,13.3,16.4,19.9,13.833333333333341,17.357142857142858,19.464285714285715,16.7,27.9,2.9,0.0,15.833333333333329,9.714285714285712,5.357142857142859
2023-10-19,20.8,10.9,15.3,0.0,8.2,57,10,292,4,13.9,11.8,13.3,21.5,13.000000000000007,16.5,18.964285714285715,0.2,16.7,27.9,0.0,14.933333333333328,9.742857142857142,5.371428571428574
2023-10-20,21.7,12.6,16.7,0.0,8.7,54,10,293,4,15.3,13.9,11.8,21.5,13.666666666666673,15.614285714285716,18.478571428571428,0.0,0.2,16.7,8.1,5.633333333333327,9.742857142857142,5.371428571428574
2023-10-21,21.7,13.0,17.5,0.0,9.7,56,10,294,4,16.7,15.3,13.9,17.1,15.300000000000006,14.928571428571429,17.95,0.0,0.0,0.2,12.4,0.06666666666666075,8.585714285714284,5.371428571428574
2023-10-22,18.5,11.8,15.0,6.6,9.2,74,10,295,4,17.5,16.7,15.3,16.4,16.50000000000001,14.985714285714286,17.50714285714286,0.0,0.0,0.0,2.9,0.0,6.814285714285712,5.3642857142857165
2023-10-23,21.0,11.1,15.5,0.0,9.1,58,10,296,4,15.0,17.5,16.7,13.3,16.400000000000006,14.785714285714286,17.035714285714285,6.6,0.0,0.0,27.9,2.199999999999994,7.342857142857141,5.357142857142859
2023-10-24,21.4,13.4,17.3,0.2,8.3,50,10,297,4,15.5,15.0,17.5,11.8,16.00000000000001,15.099999999999998,16.67142857142857,0.0,6.6,0.0,16.7,2.199999999999994,3.357142857142855,5.342857142857144
2023-10-25,22.3,12.9,16.9,0.0,7.3,48,10,298,4,17.3,15.5,15.0,13.9,15.933333333333342,15.885714285714286,16.62142857142857,0.2,0.0,6.6,0.2,2.266666666666661,0.999999999999998,5.357142857142859
2023-10-26,22.1,12.0,17.6,0.0,8.0,43,10,299,4,16.9,17.3,15.5,15.3,16.566666666666674,16.314285714285713,16.407142857142855,0.0,0.2,0.0,0.0,0.06666666666666075,0.9714285714285694,5.357142857142859
2023-10-27,22.4,11.7,17.8,0.0,9.4,46,10,300,4,17.6,16.9,17.3,16.7,17.266666666666676,16.642857142857142,16.128571428571426,0.0,0.0,0.2,0.0,0.06666666666666075,0.9714285714285694,5.357142857142859
2023-10-28,22.8,14.4,18.8,0.0,9.9,48,10,301,4,17.8,17.6,16.9,17.5,17.43333333333334,16.8,15.864285714285714,0.0,0.0,0.0,0.0,0.0,0.9714285714285694,4.778571428571431
2023-10-29,22.0,14.0,19.1,0.0,9.5,51,10,302,4,18.8,17.8,17.6,15.0,18.066666666666674,16.985714285714284,15.985714285714286,0.0,0.0,0.0,6.6,0.0,0.9714285714285694,3.8928571428571446
2023-10-30,21.9,13.5,18.8,0.0,10.3,53,10,303,4,19.1,18.8,17.8,15.5,18.566666666666674,17.571428571428573,16.178571428571427,0.0,0.0,0.0,0.0,0.0,0.028571428571426544,3.6857142857142873
2023-10-31,22.3,14.2,18.7,0.0,9.8,58,10,304,4,18.8,19.1,18.8,17.3,18.90000000000001,18.04285714285714,16.571428571428573,0.0,0.0,0.0,0.2,0.0,0.028571428571426544,1.6928571428571448
2023-11-01,21.5,13.5,16.6,3.7,14.8,70,11,305,4,18.7,18.8,19.1,16.9,18.866666666666678,18.242857142857144,17.064285714285713,0.0,0.0,0.0,0.0,0.0,0.0,0.500000000000002
2023-11-02,21.1,11.9,16.6,0.0,6.9,56,11,306,4,16.6,18.7,18.8,17.6,18.033333333333342,18.2,17.257142857142856,3.7,0.0,0.0,0.0,1.2333333333333274,0.5285714285714266,0.750000000000002
2023-11-03,21.9,11.6,16.6,0.0,9.0,49,11,307,4,16.6,16.6,18.7,17.8,17.300000000000008,18.057142857142857,17.35,0.0,3.7,0.0,0.0,1.2333333333333274,0.5285714285714266,0.750000000000002
2023-11-04,21.0,11.2,16.6,0.0,8.7,46,11,308,4,16.6,16.6,16.6,18.8,16.6,17.885714285714286,17.342857142857145,0.0,0.0,3.7,0.0,1.2333333333333274,0.5285714285714266,0.750000000000002
2023-11-05,21.1,12.2,17.2,0.0,8.8,42,11,309,4,16.6,16.6,16.6,19.1,16.6,17.571428571428573,17.27857142857143,0.0,0.0,0.0,0.0,0.0,0.5285714285714266,0.750000000000002
2023-11-06,21.0,12.7,18.0,0.0,10.6,40,11,310,4,17.2,16.6,16.6,18.8,16.80000000000001,17.3,17.435714285714287,0.0,0.0,0.0,0.0,0.0,0.5285714285714266,0.27857142857143063
2023-11-07,19.1,11.1,14.7,0.0,11.5,60,11,311,4,18.0,17.2,16.6,18.7,17.266666666666676,17.185714285714287,17.614285714285714,0.0,0.0,0.0,0.0,0.0,0.5285714285714266,0.27857142857143063
2023-11-08,19.4,11.2,15.5,0.0,7.2,61,11,312,4,14.7,18.0,17.2,16.6,16.633333333333344,16.614285714285714,17.42857142857143,0.0,0.0,0.0,3.7,0.0,0.5285714285714266,0.26428571428571634
2023-11-09,16.9,10.6,13.6,14.9,15.1,77,11,313,4,15.5,14.7,18.0,16.6,16.066666666666674,16.45714285714286,17.32857142857143,0.0,0.0,0.0,0.0,0.0,0.0,0.26428571428571634
2023-11-10,14.5,9.6,11.7,27.4,13.0,81,11,314,4,13.6,15.5,14.7,16.6,14.600000000000009,16.02857142857143,17.042857142857144,14.9,0.0,0.0,0.0,4.966666666666661,2.128571428571427,1.3285714285714307
2023-11-11,17.6,7.1,11.9,0.0,6.4,70,11,315,4,11.7,13.6,15.5,16.6,13.600000000000009,15.328571428571427,16.607142857142858,27.4,14.9,0.0,0.0,14.099999999999994,6.04285714285714,3.285714285714288
2023-11-12,18.8,9.9,15.4,0.0,5.8,50,11,316,4,11.9,11.7,13.6,17.2,12.400000000000007,14.657142857142857,16.114285714285714,0.0,27.4,14.9,0.0,14.099999999999994,6.04285714285714,3.285714285714288
2023-11-13,19.0,10.8,15.6,0.0,7.9,49,11,317,4,15.4,11.9,11.7,18.0,13.000000000000007,14.400000000000002,15.85,0.0,0.0,27.4,0.0,9.133333333333328,6.04285714285714,3.285714285714288
2023-11-14,19.6,9.3,15.4,0.0,7.4,49,11,318,4,15.6,15.4,11.9,14.7,14.30000000000001,14.057142857142859,15.621428571428572,0.0,0.0,0.0,0.0,0.0,6.04285714285714,3.285714285714288
2023-11-15,20.7,10.0,14.5,0.0,9.7,47,11,319,4,15.4,15.6,15.4,15.5,15.466666666666676,14.157142857142858,15.385714285714286,0.0,0.0,0.0,0.0,0.0,6.04285714285714,3.285714285714288
2023-11-16,19.9,11.7,17.7,0.0,8.5,35,11,320,4,14.5,15.4,15.6,13.6,15.166666666666677,14.014285714285716,15.235714285714286,0.0,0.0,0.0,14.9,0.0,6.04285714285714,3.021428571428573
2023-11-17,20.2,10.1,16.0,0.0,9.3,42,11,321,4,17.7,14.5,15.4,11.7,15.866666666666674,14.599999999999998,15.314285714285715,0.0,0.0,0.0,27.4,0.0,3.914285714285712,3.021428571428573
2023-11-18,19.3,14.4,17.4,0.0,6.1,38,11,322,4,16.0,17.7,14.5,11.9,16.066666666666674,15.214285714285714,15.27142857142857,0.0,0.0,0.0,0.0,0.0,0.0,3.021428571428573
2023-11-19,17.9,11.0,15.8,0.0,6.2,47,11,323,4,17.4,16.0,17.7,15.4,17.033333333333342,16.0,15.328571428571427,0.0,0.0,0.0,0.0,0.0,0.0,3.021428571428573
2023-11-20,18.0,7.9,14.1,0.0,6.5,59,11,324,4,15.8,17.4,16.0,15.6,16.400000000000006,16.057142857142857,15.22857142857143,0.0,0.0,0.0,0.0,0.0,0.0,3.021428571428573
2023-11-21,19.6,11.4,15.2,0.0,6.8,51,11,325,4,14.1,15.8,17.4,15.4,15.766666666666673,15.842857142857143,14.950000000000001,0.0,0.0,0.0,0.0,0.0,0.0,3.021428571428573
2023-11-22,20.2,8.9,15.1,0.0,8.7,45,11,326,4,15.2,14.1,15.8,14.5,15.03333333333334,15.814285714285713,14.985714285714284,0.0,0.0,0.0,0.0,0.0,0.0,3.021428571428573
2023-11-23,17.7,9.3,14.3,0.1,9.2,53,11,327,4,15.1,15.2,14.1,17.7,14.800000000000006,15.9,14.957142857142856,0.0,0.0,0.0,0.0,0.0,0.0,3.021428571428573
2023-11-24,18.0,7.8,13.3,0.0,8.0,52,11,328,4,14.3,15.1,15.2,16.0,14.866666666666674,15.414285714285713,15.007142857142856,0.1,0.0,0.0,0.0,0.0333333333333286,0.014285714285712256,1.9642857142857164
2023-11-25,19.8,10.2,15.1,0.0,7.5,44,11,329,4,13.3,14.3,15.1,17.4,14.233333333333341,15.028571428571428,15.121428571428572,0.0,0.1,0.0,0.0,0.0333333333333286,0.014285714285712256,0.007142857142859173
2023-11-26,18.7,10.7,15.7,0.0,6.9,42,11,330,4,15.1,13.3,14.3,15.8,14.233333333333341,14.700000000000001,15.35,0.0,0.0,0.1,0.0,0.0333333333333286,0.014285714285712256,0.007142857142859173
2023-11-27,18.1,11.3,15.5,0.0,7.4,46,11,331,4,15.7,15.1,13.3,14.1,14.700000000000008,14.685714285714285,15.37142857142857,0.0,0.0,0.0,0.0,0.0,0.014285714285712256,0.007142857142859173
2023-11-28,18.8,9.2,14.0,0.1,8.1,54,11,332,4,15.5,15.7,15.1,15.2,15.433333333333339,14.885714285714284,15.364285714285714,0.0,0.0,0.0,0.0,0.0,0.014285714285712256,0.007142857142859173
2023-11-29,18.6,9.4,14.1,2.2,10.6,57,11,333,4,14.0,15.5,15.7,15.1,15.066666666666672,14.714285714285714,15.264285714285714,0.1,0.0,0.0,0.0,0.0333333333333286,0.028571428571426544,0.014285714285716317
2023-11-30,11.2,8.2,10.0,16.2,11.4,85,11,334,4,14.1,14.0,15.5,14.3,14.53333333333334,14.571428571428571,15.235714285714284,2.2,0.1,0.0,0.1,0.7666666666666621,0.34285714285714086,0.17142857142857348
2023-12-01,14.8,6.5,10.0,1.1,8.9,77,12,335,1,10.0,14.1,14.0,13.3,12.700000000000008,13.957142857142857,14.685714285714285,16.2,2.2,0.1,0.0,6.166666666666662,2.642857142857141,1.3285714285714307
2023-12-02,17.1,8.0,11.6,0.3,7.8,57,12,336,1,10.0,10.0,14.1,15.1,11.366666666666674,13.485714285714286,14.257142857142856,1.1,16.2,2.2,0.0,6.499999999999996,2.799999999999998,1.407142857142859
2023-12-03,16.5,9.3,12.4,0.0,7.1,48,12,337,1,11.6,10.0,10.0,15.7,10.53333333333334,12.985714285714284,13.842857142857143,0.3,1.1,16.2,0.0,5.866666666666661,2.8428571428571408,1.4285714285714304
2023-12-04,16.9,7.3,11.7,0.0,8.2,48,12,338,1,12.4,11.6,10.0,15.5,11.333333333333341,12.514285714285716,13.599999999999998,0.0,0.3,1.1,0.0,0.46666666666666196,2.8428571428571408,1.4285714285714304
2023-12-05,15.0,7.5,12.8,0.0,5.4,46,12,339,1,11.7,12.4,11.6,14.0,11.900000000000006,11.971428571428573,13.428571428571429,0.0,0.0,0.3,0.1,0.09999999999999526,2.8428571428571408,1.4285714285714304
2023-12-06,17.4,8.3,13.6,0.0,5.1,45,12,340,1,12.8,11.7,12.4,14.1,12.300000000000006,11.8,13.257142857142856,0.0,0.0,0.0,2.2,0.0,2.828571428571426,1.4285714285714304
2023-12-07,18.0,9.2,14.7,0.0,5.8,38,12,341,1,13.6,12.8,11.7,10.0,12.700000000000008,11.728571428571428,13.150000000000002,0.0,0.0,0.0,16.2,0.0,2.514285714285712,1.4285714285714304
2023-12-08,16.2,7.0,13.3,0.0,5.8,42,12,342,1,14.7,13.6,12.8,10.0,13.700000000000008,12.4,13.178571428571429,0.0,0.0,0.0,1.1,0.0,0.19999999999999798,1.421428571428573
2023-12-09,15.8,4.8,11.4,0.0,6.6,49,12,343,1,13.3,14.7,13.6,11.6,13.866666666666674,12.87142857142857,13.178571428571429,0.0,0.0,0.0,0.3,0.0,0.042857142857140824,1.421428571428573
2023-12-10,16.4,5.2,12.4,0.0,8.0,35,12,344,1,11.4,13.3,14.7,12.4,13.13333333333334,12.842857142857143,12.914285714285713,0.0,0.0,0.0,0.0,0.0,0.0,1.421428571428573
2023-12-11,14.6,6.4,12.0,0.0,8.3,49,12,345,1,12.4,11.4,13.3,11.7,12.366666666666674,12.842857142857142,12.678571428571429,0.0,0.0,0.0,0.0,0.0,0.0,1.421428571428573
2023-12-12,13.1,5.5,10.3,0.0,9.4,60,12,346,1,12.0,12.4,11.4,12.8,11.933333333333339,12.885714285714284,12.428571428571429,0.0,0.0,0.0,0.0,0.0,0.0,1.421428571428573
2023-12-13,13.8,4.5,9.3,0.0,7.7,51,12,347,1,10.3,12.0,12.4,13.6,11.566666666666675,12.528571428571428,12.164285714285715,0.0,0.0,0.0,0.0,0.0,0.0,1.4142857142857161
2023-12-14,15.2,4.4,12.6,0.0,6.5,45,12,348,1,9.3,10.3,12.0,14.7,10.53333333333334,11.914285714285715,11.821428571428571,0.0,0.0,0.0,0.0,0.0,0.0,1.2571428571428587
2023-12-15,14.3,6.6,12.0,0.0,7.3,51,12,349,1,12.6,9.3,10.3,13.3,10.733333333333341,11.614285714285714,12.007142857142858,0.0,0.0,0.0,0.0,0.0,0.0,0.10000000000000205
2023-12-16,12.0,4.7,8.7,1.7,7.6,71,12,350,1,12.0,12.6,9.3,11.4,11.300000000000006,11.428571428571429,12.150000000000002,0.0,0.0,0.0,0.0,0.0,0.0,0.02142857142857346
2023-12-17,12.4,3.2,7.0,0.0,7.0,69,12,351,1,8.7,12.0,12.6,12.4,11.100000000000009,11.042857142857143,11.942857142857141,1.7,0.0,0.0,0.0,0.5666666666666619,0.24285714285714083,0.12142857142857345
2023-12-18,15.1,4.1,8.8,0.0,7.9,52,12,352,1,7.0,8.7,12.0,12.0,9.23333333333334,10.271428571428572,11.557142857142859,0.0,1.7,0.0,0.0,0.5666666666666619,0.24285714285714083,0.12142857142857345
2023-12-19,17.1,5.7,10.4,0.0,8.7,42,12,353,1,8.8,7.0,8.7,10.3,8.166666666666673,9.814285714285715,11.35,0.0,0.0,1.7,0.0,0.5666666666666619,0.24285714285714083,0.12142857142857345
2023-12-20,19.2,6.9,12.3,0.0,9.2,38,12,354,1,10.4,8.8,7.0,9.3,8.733333333333341,9.828571428571427,11.178571428571429,0.0,0.0,0.0,0.0,0.0,0.24285714285714083,0.12142857142857345
2023-12-21,19.2,11.0,16.3,0.0,6.8,28,12,355,1,12.3,10.4,8.8,12.6,10.500000000000007,10.257142857142856,11.085714285714285,0.0,0.0,0.0,0.0,0.0,0.24285714285714083,0.12142857142857345
2023-12-22,19.2,9.4,14.9,0.0,9.0,39,12,356,1,16.3,12.3,10.4,12.0,13.000000000000009,10.785714285714286,11.200000000000001,0.0,0.0,0.0,0.0,0.0,0.24285714285714083,0.12142857142857345
2023-12-23,16.7,9.2,12.2,0.1,8.2,55,12,357,1,14.9,16.3,12.3,8.7,14.500000000000009,11.200000000000001,11.314285714285715,0.0,0.0,0.0,1.7,0.0,0.24285714285714083,0.12142857142857345
2023-12-24,16.7,8.0,11.9,0.0,9.0,58,12,358,1,12.2,14.9,16.3,7.0,14.466666666666674,11.700000000000001,11.371428571428572,0.1,0.0,0.0,0.0,0.0333333333333286,0.014285714285712256,0.1285714285714306
2023-12-25,17.8,7.0,12.7,0.0,9.5,55,12,359,1,11.9,12.2,14.9,8.8,13.000000000000009,12.400000000000002,11.335714285714287,0.0,0.1,0.0,0.0,0.0333333333333286,0.014285714285712256,0.1285714285714306
2023-12-26,17.1,9.3,14.7,0.0,6.4,41,12,360,1,12.7,11.9,12.2,10.4,12.266666666666675,12.957142857142857,11.385714285714286,0.0,0.0,0.1,0.0,0.0333333333333286,0.014285714285712256,0.1285714285714306
2023-12-27,17.8,6.5,12.5,0.0,8.3,53,12,361,1,14.7,12.7,11.9,12.3,13.100000000000009,13.571428571428571,11.700000000000001,0.0,0.0,0.0,0.0,0.0,0.014285714285712256,0.1285714285714306
2023-12-28,18.6,8.8,13.7,0.0,9.0,43,12,362,1,12.5,14.7,12.7,16.3,13.300000000000006,13.6,11.928571428571429,0.0,0.0,0.0,0.0,0.0,0.014285714285712256,0.1285714285714306
2023-12-29,15.1,7.3,12.4,0.0,8.3,51,12,363,1,13.7,12.5,14.7,14.9,13.63333333333334,13.22857142857143,12.007142857142856,0.0,0.0,0.0,0.0,0.0,0.014285714285712256,0.1285714285714306
2023-12-30,14.5,7.8,12.3,0.0,5.2,53,12,364,1,12.4,13.7,12.5,12.2,12.866666666666674,12.87142857142857,12.035714285714286,0.0,0.0,0.0,0.1,0.0,0.014285714285712256,0.1285714285714306
2023-12-31,15.2,5.4,11.2,0.0,7.2,50,12,365,1,12.3,12.4,13.7,11.9,12.80000000000001,12.885714285714286,12.292857142857143,0.0,0.0,0.0,0.0,0.0,0.0,0.007142857142859173
2024-01-01,15.3,7.0,11.5,0.0,6.6,45,1,1,1,11.2,12.3,12.4,12.7,11.966666666666676,12.785714285714286,12.592857142857143,0.0,0.0,0.0,0.0,0.0,0.0,0.007142857142859173
2024-01-02,14.8,4.6,9.7,0.0,8.1,54,1,2,1,11.5,11.2,12.3,14.7,11.666666666666677,12.614285714285714,12.785714285714286,0.0,0.0,0.0,0.0,0.0,0.0,0.007142857142859173
2024-01-03,13.4,5.2,10.2,0.0,6.8,52,1,3,1,9.7,11.5,11.2,12.5,10.800000000000006,11.9,12.735714285714286,0.0,0.0,0.0,0.0,0.0,0.0,0.007142857142859173
2024-01-04,14.2,5.1,9.9,0.0,7.1,49,1,4,1,10.2,9.7,11.5,13.7,10.466666666666676,11.571428571428571,12.585714285714285,0.0,0.0,0.0,0.0,0.0,0.0,0.007142857142859173
2024-01-05,13.5,4.9,9.8,0.0,6.6,50,1,5,1,9.9,10.2,9.7,12.4,9.933333333333342,11.028571428571427,12.128571428571428,0.0,0.0,0.0,0.0,0.0,0.0,0.007142857142859173
2024-01-06,13.8,4.1,9.0,0.0,6.9,48,1,6,1,9.8,9.9,10.2,12.3,9.966666666666674,10.657142857142858,11.764285714285714,0.0,0.0,0.0,0.0,0.0,0.0,0.007142857142859173
2024-01-07,14.1,5.3,10.3,0.0,6.3,46,1,7,1,9.0,9.8,9.9,11.2,9.566666666666675,10.185714285714285,11.535714285714286,0.0,0.0,0.0,0.0,0.0,0.0,0.0
2024-01-08,13.2,5.5,9.5,0.0,6.2,52,1,8,1,10.3,9.0,9.8,11.5,9.700000000000008,10.057142857142859,11.421428571428569,0.0,0.0,0.0,0.0,0.0,0.0,0.0
2024-01-09,13.8,4.4,9.2,0.0,7.4,57,1,9,1,9.5,10.3,9.0,9.7,9.600000000000009,9.771428571428572,11.192857142857141,0.0,0.0,0.0,0.0,0.0,0.0,0.0
2024-01-10,14.3,3.1,9.6,0.0,7.8,49,1,10,1,9.2,9.5,10.3,10.2,9.666666666666675,9.700000000000001,10.8,0.0,0.0,0.0,0.0,0.0,0.0,0.0
2024-01-11,15.7,5.2,11.2,0.0,7.5,43,1,11,1,9.6,9.2,9.5,9.9,9.433333333333342,9.614285714285714,10.592857142857142,0.0,0.0,0.0,0.0,0.0,0.0,0.0
2024-01-12,17.1,4.4,11.5,0.0,9.2,51,1,12,1,11.2,9.6,9.2,9.8,10.000000000000007,9.799999999999999,10.414285714285713,0.0,0.0,0.0,0.0,0.0,0.0,0.0
2024-01-13,15.1,6.1,11.1,0.0,6.5,54,1,13,1,11.5,11.2,9.6,9.0,10.766666666666675,10.042857142857143,10.349999999999998,0.0,0.0,0.0,0.0,0.0,0.0,0.0
2024-01-14,16.2,6.2,11.6,0.0,7.3,47,1,14,1,11.1,11.5,11.2,10.3,11.266666666666675,10.342857142857143,10.264285714285716,0.0,0.0,0.0,0.0,0.0,0.0,0.0
2024-01-15,16.5,7.7,12.9,0.0,8.1,33,1,15,1,11.6,11.1,11.5,9.5,11.400000000000007,10.528571428571428,10.292857142857143,0.0,0.0,0.0,0.0,0.0,0.0,0.0
2024-01-16,13.4,3.2,10.5,0.0,8.3,46,1,16,1,12.9,11.6,11.1,9.2,11.866666666666674,11.014285714285714,10.392857142857142,0.0,0.0,0.0,0.0,0.0,0.0,0.0
2024-01-17,13.5,3.9,9.7,0.0,7.1,55,1,17,1,10.5,12.9,11.6,9.6,11.666666666666677,11.2,10.450000000000001,0.0,0.0,0.0,0.0,0.0,0.0,0.0
2024-01-18,14.0,5.3,10.3,0.0,8.3,48,1,18,1,9.7,10.5,12.9,11.2,11.03333333333334,11.214285714285714,10.414285714285715,0.0,0.0,0.0,0.0,0.0,0.0,0.0
2024-01-19,13.7,3.3,10.5,0.0,8.9,46,1,19,1,10.3,9.7,10.5,11.5,10.166666666666675,11.085714285714285,10.442857142857145,0.0,0.0,0.0,0.0,0.0,0.0,0.0
2024-01-20,12.2,5.1,9.5,0.0,7.9,54,1,20,1,10.5,10.3,9.7,11.1,10.166666666666675,10.942857142857141,10.492857142857144,0.0,0.0,0.0,0.0,0.0,0.0,0.0
2024-01-21,13.7,2.3,9.1,0.0,7.8,58,1,21,1,9.5,10.5,10.3,11.6,10.100000000000009,10.714285714285714,10.528571428571428,0.0,0.0,0.0,0.0,0.0,0.0,0.0
2024-01-22,11.5,5.8,9.7,0.0,8.0,57,1,22,1,9.1,9.5,10.5,12.9,9.700000000000008,10.357142857142858,10.442857142857145,0.0,0.0,0.0,0.0,0.0,0.0,0.0
2024-01-23,11.6,2.9,6.9,0.0,7.9,69,1,23,1,9.7,9.1,9.5,10.5,9.433333333333342,9.9,10.457142857142856,0.0,0.0,0.0,0.0,0.0,0.0,0.0
2024-01-24,11.9,4.7,9.2,0.0,8.6,52,1,24,1,6.9,9.7,9.1,9.7,8.566666666666675,9.385714285714284,10.292857142857143,0.0,0.0,0.0,0.0,0.0,0.0,0.0
2024-01-25,10.6,4.8,8.6,0.0,5.9,68,1,25,1,9.2,6.9,9.7,10.3,8.600000000000007,9.314285714285715,10.264285714285714,0.0,0.0,0.0,0.0,0.0,0.0,0.0
2024-01-26,11.6,4.4,7.7,0.2,7.6,65,1,26,1,8.6,9.2,6.9,10.5,8.233333333333341,9.071428571428571,10.078571428571431,0.0,0.0,0.0,0.0,0.0,0.0,0.0
2024-01-27,14.3,3.6,9.5,0.0,7.2,56,1,27,1,7.7,8.6,9.2,9.5,8.500000000000009,8.671428571428573,9.807142857142859,0.2,0.0,0.0,0.0,0.06666666666666193,0.028571428571426544,0.014285714285716317
2024-01-28,11.4,7.1,8.8,7.0,14.0,77,1,28,1,9.5,7.7,8.6,9.1,8.600000000000009,8.671428571428573,9.692857142857141,0.0,0.2,0.0,0.0,0.06666666666666193,0.028571428571426544,0.014285714285716317
2024-01-29,11.5,4.5,7.9,4.2,7.8,86,1,29,1,8.8,9.5,7.7,9.7,8.666666666666675,8.62857142857143,9.492857142857144,7.0,0.0,0.2,0.0,2.3999999999999955,1.0285714285714265,0.5142857142857163
2024-01-30,12.4,5.2,9.0,7.2,8.9,68,1,30,1,7.9,8.8,9.5,6.9,8.733333333333341,8.371428571428572,9.135714285714286,4.2,7.0,0.0,0.0,3.7333333333333285,1.6285714285714266,0.8142857142857164
2024-01-31,6.3,4.0,5.1,31.6,9.0,96,1,31,1,9.0,7.9,8.8,9.2,8.566666666666675,8.671428571428573,9.028571428571428,7.2,4.2,7.0,0.0,6.133333333333328,2.6571428571428553,1.3285714285714307
2024-02-01,7.0,1.5,4.5,2.9,5.4,79,2,32,1,5.1,9.0,7.9,8.6,7.333333333333342,8.085714285714285,8.7,31.6,7.2,4.2,0.0,14.333333333333329,7.17142857142857,3.585714285714288
2024-02-02,9.7,0.7,5.0,0.0,8.2,47,2,33,1,4.5,5.1,9.0,7.7,6.200000000000007,7.5,8.285714285714286,2.9,31.6,7.2,0.2,13.899999999999993,7.585714285714284,3.792857142857145
2024-02-03,5.8,4.2,4.9,2.2,9.7,66,2,34,1,5.0,4.5,5.1,9.5,4.866666666666675,7.114285714285714,7.892857142857143,0.0,2.9,31.6,0.0,11.499999999999995,7.557142857142855,3.792857142857145
2024-02-04,7.4,0.9,4.0,6.9,7.2,88,2,35,1,4.9,5.0,4.5,8.8,4.800000000000009,6.457142857142857,7.564285714285715,2.2,0.0,2.9,7.0,1.699999999999995,7.871428571428569,3.9500000000000024
2024-02-05,9.8,0.3,4.4,2.2,5.6,73,2,36,1,4.0,4.9,5.0,7.9,4.633333333333342,5.771428571428572,7.2,6.9,2.2,0.0,4.2,3.0333333333333283,7.857142857142855,4.442857142857145
2024-02-06,9.9,1.1,5.5,1.0,6.4,62,2,37,1,4.4,4.0,4.9,9.0,4.433333333333342,5.271428571428571,6.821428571428571,2.2,6.9,2.2,7.2,3.766666666666662,7.57142857142857,4.600000000000002
2024-02-07,10.9,1.0,5.5,0.0,9.7,50,2,38,1,5.5,4.4,4.0,5.1,4.633333333333342,4.771428571428571,6.721428571428571,1.0,2.2,6.9,31.6,3.3666666666666623,6.685714285714284,4.6714285714285735
2024-02-08,14.5,3.6,7.8,0.0,12.1,30,2,39,1,5.5,5.5,4.4,4.5,5.133333333333342,4.828571428571428,6.457142857142857,0.0,1.0,2.2,2.9,1.0666666666666618,2.1714285714285695,4.6714285714285735
2024-02-09,15.6,3.8,10.8,0.0,6.8,35,2,40,1,7.8,5.5,5.5,5.0,6.2666666666666755,5.3,6.4,0.0,0.0,1.0,0.0,0.3333333333333283,1.7571428571428551,4.6714285714285735
2024-02-10,15.3,5.6,11.1,0.0,6.4,38,2,41,1,10.8,7.8,5.5,4.9,8.033333333333342,6.128571428571429,6.621428571428572,0.0,0.0,0.0,2.2,0.0,1.7571428571428551,4.657142857142859
2024-02-11,16.1,6.7,11.7,0.0,5.7,39,2,42,1,11.1,10.8,7.8,4.0,9.900000000000007,7.014285714285714,6.735714285714286,0.0,0.0,0.0,6.9,0.0,1.442857142857141,4.657142857142859
2024-02-12,16.2,7.9,12.4,0.0,6.2,38,2,43,1,11.7,11.1,10.8,4.4,11.200000000000008,8.114285714285716,6.942857142857143,0.0,0.0,0.0,2.2,0.0,0.45714285714285513,4.157142857142859
2024-02-13,17.0,5.2,11.2,0.0,7.9,38,2,44,1,12.4,11.7,11.1,5.5,11.733333333333341,9.257142857142858,7.264285714285714,0.0,0.0,0.0,1.0,0.0,0.14285714285714082,3.85714285714286
2024-02-14,17.6,5.4,10.9,0.0,9.0,38,2,45,1,11.2,12.4,11.7,5.5,11.766666666666675,10.071428571428571,7.421428571428572,0.0,0.0,0.0,0.0,0.0,0.0,3.342857142857145
2024-02-15,17.7,7.0,13.5,0.0,8.2,32,2,46,1,10.9,11.2,12.4,7.8,11.500000000000009,10.842857142857143,7.835714285714286,0.0,0.0,0.0,0.0,0.0,0.0,1.0857142857142876
2024-02-16,17.9,9.5,14.1,0.0,10.6,38,2,47,1,13.5,10.9,11.2,10.8,11.866666666666674,11.657142857142858,8.47857142857143,0.0,0.0,0.0,0.0,0.0,0.0,0.8785714285714307
2024-02-17,17.3,9.0,13.6,0.9,8.5,47,2,48,1,14.1,13.5,10.9,11.1,12.833333333333343,12.128571428571428,9.12857142857143,0.0,0.0,0.0,0.0,0.0,0.0,0.8785714285714307
2024-02-18,15.1,6.1,9.1,31.0,16.3,80,2,49,1,13.6,14.1,13.5,11.7,13.733333333333341,12.485714285714286,9.75,0.9,0.0,0.0,0.0,0.299999999999995,0.12857142857142653,0.7857142857142877
2024-02-19,9.1,3.4,6.8,49.9,16.4,88,2,50,1,9.1,13.6,14.1,12.4,12.266666666666675,12.114285714285714,10.114285714285714,31.0,0.9,0.0,0.0,10.633333333333328,4.557142857142855,2.5071428571428593
2024-02-20,10.3,2.9,5.8,2.5,12.3,81,2,51,1,6.8,9.1,13.6,11.2,9.833333333333341,11.314285714285715,10.285714285714286,49.9,31.0,0.9,0.0,27.266666666666662,11.685714285714283,5.914285714285716
2024-02-21,11.0,1.7,6.1,0.2,7.2,66,2,52,1,5.8,6.8,9.1,10.9,7.233333333333341,10.542857142857143,10.307142857142855,2.5,49.9,31.0,0.0,27.799999999999994,12.042857142857141,6.021428571428573
2024-02-22,11.3,1.6,6.7,0.0,7.2,53,2,53,1,6.1,5.8,6.8,13.5,6.233333333333341,9.857142857142858,10.349999999999998,0.2,2.5,49.9,0.0,17.533333333333328,12.07142857142857,6.035714285714287
2024-02-23,12.1,3.0,6.8,0.6,6.4,47,2,54,1,6.7,6.1,5.8,14.1,6.200000000000007,8.885714285714284,10.271428571428572,0.0,0.2,2.5,0.0,0.8999999999999954,12.07142857142857,6.035714285714287
2024-02-24,11.6,2.7,6.4,0.1,8.7,52,2,55,1,6.8,6.7,6.1,13.6,6.533333333333341,7.842857142857142,9.985714285714286,0.6,0.0,0.2,0.9,0.26666666666666194,12.157142857142855,6.07857142857143
2024-02-25,11.4,2.6,6.8,1.0,6.2,49,2,56,1,6.4,6.8,6.7,9.1,6.633333333333343,6.814285714285715,9.65,0.1,0.6,0.0,31.0,0.23333333333332862,12.042857142857141,6.085714285714288
2024-02-26,13.5,4.2,7.8,0.0,10.0,45,2,57,1,6.8,6.4,6.8,6.8,6.666666666666675,6.485714285714286,9.299999999999999,1.0,0.1,0.6,49.9,0.5666666666666619,7.7571428571428545,6.157142857142859
2024-02-27,13.6,3.3,8.1,0.7,8.8,66,2,58,1,7.8,6.8,6.4,5.8,7.000000000000008,6.628571428571429,8.971428571428572,0.0,1.0,0.1,2.5,0.366666666666662,0.6285714285714266,6.157142857142859
2024-02-28,15.0,4.8,9.6,0.7,8.0,60,2,59,1,8.1,7.8,6.8,6.1,7.566666666666674,6.957142857142856,8.75,0.7,0.0,1.0,0.2,0.566666666666662,0.3714285714285694,6.207142857142858
2024-02-29,16.1,5.9,10.6,0.2,7.4,56,2,60,1,9.6,8.1,7.8,6.7,8.500000000000007,7.457142857142856,8.657142857142857,0.7,0.7,0.0,0.0,0.4666666666666619,0.4428571428571408,6.257142857142859
2024-03-01,10.8,8.5,9.3,13.2,13.2,75,3,61,2,10.6,9.6,8.1,6.8,9.433333333333342,8.014285714285714,8.45,0.2,0.7,0.7,0.6,0.5333333333333287,0.47142857142856937,6.271428571428573
2024-03-02,12.3,6.0,8.6,31.5,18.7,88,3,62,2,9.3,10.6,9.6,6.4,9.833333333333341,8.37142857142857,8.107142857142856,13.2,0.2,0.7,0.1,4.699999999999995,2.271428571428569,7.214285714285716
2024-03-03,8.6,2.3,5.3,6.6,20.7,78,3,63,2,8.6,9.3,10.6,6.8,9.500000000000009,8.685714285714285,7.75,31.5,13.2,0.2,1.0,14.966666666666661,6.7571428571428545,9.400000000000002
2024-03-04,10.1,0.5,4.9,1.4,10.0,63,3,64,2,5.3,8.6,9.3,7.8,7.733333333333341,8.471428571428572,7.478571428571429,6.6,31.5,13.2,0.0,17.099999999999994,7.557142857142855,7.657142857142859
2024-03-05,13.8,1.8,7.3,0.0,7.9,43,3,65,2,4.9,5.3,8.6,8.1,6.2666666666666755,8.057142857142859,7.342857142857143,1.4,6.6,31.5,0.7,13.166666666666663,7.7571428571428545,4.192857142857145
2024-03-06,14.3,3.8,10.1,1.7,7.9,45,3,66,2,7.3,4.9,5.3,9.6,5.833333333333342,7.942857142857143,7.45,0.0,1.4,6.6,0.7,2.666666666666662,7.657142857142854,4.014285714285716
2024-03-07,11.1,5.8,8.1,4.1,8.9,77,3,67,2,10.1,7.3,4.9,10.6,7.433333333333342,8.014285714285714,7.735714285714286,1.7,0.0,1.4,0.2,1.0333333333333286,7.799999999999998,4.121428571428573
2024-03-08,14.6,5.2,10.1,0.7,6.8,60,3,68,2,8.1,10.1,7.3,9.3,8.500000000000009,7.657142857142857,7.8357142857142845,4.1,1.7,0.0,13.2,1.9333333333333282,8.357142857142854,4.414285714285716
2024-03-09,18.5,6.6,12.0,0.0,11.6,44,3,69,2,10.1,8.1,10.1,8.6,9.433333333333342,7.771428571428571,8.071428571428571,0.7,4.1,1.7,31.5,2.1666666666666616,6.571428571428569,4.4214285714285735
2024-03-10,19.1,8.4,13.6,0.0,10.1,36,3,70,2,12.0,10.1,8.1,5.3,10.066666666666675,8.257142857142856,8.471428571428572,0.0,0.7,4.1,6.6,1.599999999999995,2.0714285714285685,4.414285714285716
2024-03-11,17.1,9.1,12.6,0.3,12.2,47,3,71,2,13.6,12.0,10.1,4.9,11.900000000000007,9.442857142857141,8.957142857142857,0.0,0.0,0.7,1.4,0.23333333333332829,1.128571428571426,4.342857142857144
2024-03-12,17.7,7.9,12.4,2.1,11.4,59,3,72,2,12.6,13.6,12.0,7.3,12.733333333333341,10.542857142857143,9.299999999999999,0.3,0.0,0.0,0.0,0.09999999999999497,0.9714285714285689,4.3642857142857165
2024-03-13,15.6,7.8,10.0,22.3,13.3,78,3,73,2,12.4,12.6,13.6,10.1,12.866666666666674,11.271428571428572,9.607142857142858,2.1,0.3,0.0,1.7,0.7999999999999949,1.2714285714285687,4.464285714285716
2024-03-14,14.7,4.7,9.5,1.5,9.4,78,3,74,2,10.0,12.4,12.6,8.1,11.666666666666677,11.257142857142858,9.635714285714286,22.3,2.1,0.3,4.1,8.233333333333329,4.214285714285712,6.007142857142859
2024-03-15,18.0,6.7,11.6,0.0,8.7,60,3,75,2,9.5,10.0,12.4,10.1,10.633333333333342,11.457142857142856,9.557142857142859,1.5,22.3,2.1,0.7,8.633333333333328,3.8428571428571408,6.100000000000002
2024-03-16,19.2,7.3,13.3,0.5,10.4,49,3,76,2,11.6,9.5,10.0,12.0,10.366666666666674,11.671428571428573,9.721428571428572,0.0,1.5,22.3,0.0,7.933333333333329,3.74285714285714,5.157142857142858
2024-03-17,20.5,9.7,14.5,0.0,8.0,46,3,77,2,13.3,11.6,9.5,13.6,11.466666666666676,11.857142857142858,10.057142857142855,0.5,0.0,1.5,0.0,0.666666666666662,3.814285714285712,2.9428571428571444
2024-03-18,20.8,10.3,14.9,0.4,9.1,43,3,78,2,14.5,13.3,11.6,12.6,13.133333333333342,11.985714285714286,10.714285714285714,0.0,0.5,0.0,0.3,0.16666666666666194,3.814285714285712,2.4714285714285738
2024-03-19,21.7,10.2,15.6,0.0,8.9,41,3,79,2,14.9,14.5,13.3,12.4,14.233333333333341,12.314285714285715,11.428571428571429,0.4,0.0,0.5,2.1,0.29999999999999527,3.828571428571426,2.400000000000002
2024-03-20,22.5,11.4,16.9,0.0,9.1,36,3,80,2,15.6,14.9,14.5,10.0,15.000000000000009,12.771428571428572,12.02142857142857,0.0,0.4,0.0,22.3,0.1333333333333286,3.528571428571426,2.400000000000002
2024-03-21,18.3,10.8,14.8,0.7,16.1,55,3,81,2,16.9,15.6,14.9,9.5,15.80000000000001,13.757142857142858,12.507142857142856,0.0,0.0,0.4,1.5,0.1333333333333286,0.3428571428571403,2.2785714285714307
2024-03-22,17.5,9.2,12.8,23.2,15.0,76,3,82,2,14.8,16.9,15.6,11.6,15.766666666666675,14.514285714285716,12.985714285714286,0.7,0.0,0.0,0.0,0.2333333333333286,0.22857142857142604,2.035714285714288
2024-03-23,20.4,10.1,15.4,0.0,6.6,57,3,83,2,12.8,14.8,16.9,13.3,14.833333333333343,14.685714285714285,13.178571428571429,23.2,0.7,0.0,0.5,7.9666666666666615,3.5428571428571405,3.642857142857145
2024-03-24,20.8,10.9,15.8,1.6,11.0,61,3,84,2,15.4,12.8,14.8,14.5,14.333333333333343,14.985714285714286,13.421428571428573,0.0,23.2,0.7,0.0,7.9666666666666615,3.471428571428569,3.642857142857145
2024-03-25,22.3,11.9,17.0,0.0,8.6,48,3,85,2,15.8,15.4,12.8,14.9,14.666666666666677,15.171428571428573,13.578571428571427,1.6,0.0,23.2,0.4,8.266666666666662,3.699999999999998,3.7571428571428593
2024-03-26,22.8,12.4,17.5,0.7,13.0,49,3,86,2,17.0,15.8,15.4,15.6,16.066666666666677,15.471428571428572,13.892857142857142,0.0,1.6,0.0,0.0,0.5333333333333287,3.642857142857141,3.735714285714288
2024-03-27,21.8,12.4,15.5,11.6,13.4,76,3,87,2,17.5,17.0,15.8,16.9,16.766666666666676,15.742857142857144,14.257142857142856,0.7,0.0,1.6,0.0,0.7666666666666618,3.7428571428571407,3.6357142857142875
2024-03-28,20.7,12.5,15.9,4.0,12.4,78,3,88,2,15.5,17.5,17.0,14.8,16.666666666666675,15.542857142857144,14.65,11.6,0.7,0.0,0.7,4.099999999999995,5.399999999999998,2.8714285714285737
2024-03-29,19.3,11.8,14.8,11.8,20.0,76,3,89,2,15.9,15.5,17.5,12.8,16.300000000000008,15.700000000000001,15.107142857142858,4.0,11.6,0.7,23.2,5.433333333333327,5.871428571428568,3.050000000000002
2024-03-30,15.3,10.7,12.7,53.8,16.8,84,3,90,2,14.8,15.9,15.5,15.4,15.400000000000007,15.985714285714286,15.335714285714285,11.8,4.0,11.6,0.0,9.133333333333328,4.24285714285714,3.892857142857145
2024-03-31,18.5,7.8,13.0,2.9,14.3,70,3,91,2,12.7,14.8,15.9,15.8,14.466666666666676,15.6,15.292857142857144,53.8,11.8,4.0,1.6,23.199999999999992,11.928571428571425,7.700000000000002
2024-04-01,21.4,10.0,15.2,0.3,8.6,50,4,92,2,13.0,12.7,14.8,17.0,13.500000000000009,15.200000000000001,15.185714285714287,2.9,53.8,11.8,0.0,22.83333333333333,12.114285714285712,7.907142857142859
2024-04-02,21.4,11.1,16.0,0.1,9.2,49,4,93,2,15.2,13.0,12.7,17.5,13.63333333333334,14.942857142857141,15.207142857142857,0.3,2.9,53.8,0.7,18.999999999999996,12.157142857142855,7.900000000000001
2024-04-03,17.2,9.3,13.4,4.3,18.3,65,4,94,2,16.0,15.2,13.0,15.5,14.733333333333341,14.728571428571428,15.235714285714286,0.1,0.3,2.9,11.6,1.0999999999999952,12.07142857142857,7.907142857142858
2024-04-04,21.7,9.3,14.7,0.0,12.9,53,4,95,2,13.4,16.0,15.2,15.9,14.866666666666674,14.428571428571429,14.985714285714286,4.3,0.1,0.3,4.0,1.5666666666666618,11.028571428571425,8.214285714285715
2024-04-05,21.2,11.7,16.1,1.7,9.8,42,4,96,2,14.7,13.4,16.0,14.8,14.700000000000008,14.257142857142856,14.978571428571428,0.0,4.3,0.1,11.8,1.4666666666666621,10.457142857142854,8.164285714285716
2024-04-06,22.3,11.6,16.5,0.0,10.5,41,4,97,2,16.1,14.7,13.4,12.7,14.733333333333341,14.442857142857141,15.214285714285714,1.7,0.0,4.3,53.8,1.9999999999999953,9.01428571428571,6.628571428571431
2024-04-07,23.3,13.2,17.7,0.0,8.4,38,4,98,2,16.5,16.1,14.7,13.0,15.766666666666675,14.985714285714286,15.292857142857144,0.0,1.7,0.0,2.9,0.5666666666666619,1.3285714285714254,6.628571428571431
2024-04-08,24.7,12.9,18.2,0.0,8.7,38,4,99,2,17.7,16.5,16.1,15.2,16.766666666666676,15.657142857142857,15.428571428571429,0.0,0.0,1.7,0.3,0.5666666666666619,0.9142857142857111,6.514285714285715
2024-04-09,25.3,13.5,19.1,0.0,9.8,34,4,100,2,18.2,17.7,16.5,16.0,17.466666666666676,16.085714285714285,15.514285714285714,0.0,0.0,0.0,0.1,0.0,0.8714285714285683,6.514285714285715
2024-04-10,24.9,13.5,18.5,0.9,13.7,45,4,101,2,19.1,18.2,17.7,13.4,18.33333333333334,16.52857142857143,15.62857142857143,0.0,0.0,0.0,4.3,0.0,0.8571428571428541,6.464285714285716
2024-04-11,21.8,12.2,16.9,0.4,17.9,58,4,102,2,18.5,19.1,18.2,14.7,18.60000000000001,17.25714285714286,15.842857142857143,0.9,0.0,0.0,0.0,0.29999999999999527,0.3714285714285684,5.700000000000002
2024-04-12,22.8,13.8,17.5,1.7,16.9,58,4,103,2,16.9,18.5,19.1,16.1,18.166666666666675,17.571428571428573,15.914285714285715,0.4,0.9,0.0,1.7,0.43333333333332863,0.42857142857142555,5.442857142857144
2024-04-13,16.9,12.8,14.6,16.7,21.7,80,4,104,2,17.5,16.9,18.5,16.5,17.63333333333334,17.771428571428572,16.107142857142858,1.7,0.4,0.9,0.0,0.9999999999999952,0.42857142857142555,4.721428571428573
2024-04-14,17.0,11.2,13.7,26.5,13.9,85,4,105,2,14.6,17.5,16.9,17.7,16.33333333333334,17.5,16.242857142857144,16.7,1.7,0.4,0.0,6.266666666666662,2.814285714285711,2.0714285714285734
2024-04-15,15.7,11.6,13.5,55.9,13.9,88,4,106,2,13.7,14.6,17.5,18.2,15.266666666666673,16.928571428571427,16.29285714285714,26.5,16.7,1.7,0.0,14.966666666666663,6.599999999999996,3.7571428571428593
2024-04-16,20.8,10.4,15.4,2.1,9.7,76,4,107,2,13.5,13.7,14.6,19.1,13.933333333333342,16.257142857142856,16.17142857142857,55.9,26.5,16.7,0.0,33.033333333333324,14.585714285714284,7.7285714285714295
2024-04-17,23.0,12.2,17.9,0.0,12.7,60,4,108,2,15.4,13.5,13.7,18.5,14.200000000000008,15.728571428571428,16.12857142857143,2.1,55.9,26.5,0.9,28.166666666666657,14.885714285714283,7.871428571428574
2024-04-18,20.9,13.5,16.3,5.7,10.5,73,4,109,2,17.9,15.4,13.5,16.9,15.600000000000009,15.64285714285714,16.45,0.0,2.1,55.9,0.4,19.333333333333325,14.757142857142853,7.564285714285717
2024-04-19,17.2,11.7,13.8,34.9,16.1,85,4,110,2,16.3,17.9,15.4,17.5,16.533333333333342,15.557142857142859,16.564285714285713,5.7,0.0,2.1,1.7,2.5999999999999956,15.51428571428571,7.971428571428574
2024-04-20,20.1,10.8,14.9,14.0,13.9,76,4,111,2,13.8,16.3,17.9,14.6,16.000000000000007,15.028571428571428,16.4,34.9,5.7,0.0,16.7,13.53333333333333,20.257142857142856,10.342857142857143
2024-04-21,22.5,12.5,16.9,3.0,11.2,63,4,112,2,14.9,13.8,16.3,13.7,15.000000000000009,15.071428571428571,16.285714285714285,14.0,34.9,5.7,26.5,18.199999999999996,19.871428571428567,11.342857142857143
2024-04-22,22.3,13.1,17.3,4.0,7.3,60,4,113,2,16.9,14.9,13.8,13.5,15.200000000000008,15.528571428571428,16.228571428571428,3.0,14.0,34.9,55.9,17.299999999999994,16.514285714285712,11.557142857142859
2024-04-23,23.2,13.4,18.2,1.4,10.6,57,4,114,2,17.3,16.9,14.9,15.4,16.366666666666674,16.071428571428573,16.164285714285715,4.0,3.0,14.0,2.1,6.999999999999996,9.099999999999998,11.842857142857143
2024-04-24,22.6,14.4,18.4,0.5,11.4,56,4,115,2,18.2,17.3,16.9,17.9,17.466666666666676,16.47142857142857,16.099999999999998,1.4,4.0,3.0,0.0,2.7999999999999954,8.999999999999998,11.942857142857145
2024-04-25,25.4,14.2,19.5,0.0,12.2,53,4,116,2,18.4,18.2,17.3,16.3,17.966666666666676,16.542857142857144,16.09285714285714,0.5,1.4,4.0,5.7,1.9666666666666621,9.07142857142857,11.914285714285715
2024-04-26,24.7,13.6,18.0,11.1,18.4,63,4,117,2,19.5,18.4,18.2,13.8,18.700000000000006,17.0,16.27857142857143,0.0,0.5,1.4,34.9,0.6333333333333285,8.257142857142854,11.885714285714286
2024-04-27,15.3,11.8,13.6,32.6,18.1,85,4,118,2,18.0,19.5,18.4,14.9,18.633333333333344,17.599999999999998,16.314285714285713,11.1,0.0,0.5,14.0,3.866666666666662,4.857142857142856,12.557142857142859
2024-04-28,18.3,11.2,13.9,40.1,19.1,81,4,119,2,13.6,18.0,19.5,16.9,17.033333333333342,17.414285714285715,16.24285714285714,32.6,11.1,0.0,3.0,14.566666666666663,7.514285714285713,13.692857142857147
2024-04-29,15.9,8.5,12.3,25.6,20.3,82,4,120,2,13.9,13.6,18.0,17.3,15.166666666666677,16.985714285714288,16.257142857142856,40.1,32.6,11.1,4.0,27.933333333333326,12.814285714285713,14.664285714285716
2024-04-30,18.1,8.5,12.7,4.4,15.0,74,4,121,2,12.3,13.9,13.6,18.2,13.266666666666675,16.271428571428572,16.17142857142857,25.6,40.1,32.6,1.4,32.766666666666666,15.9,12.500000000000002
2024-05-01,20.4,9.0,15.0,0.0,10.0,56,5,122,2,12.7,12.3,13.9,18.4,12.966666666666676,15.485714285714286,15.978571428571428,4.4,25.6,40.1,0.5,23.366666666666664,16.32857142857143,12.664285714285716
2024-05-02,23.1,11.6,18.3,0.0,8.8,61,5,123,2,15.0,12.7,12.3,19.5,13.333333333333343,15.0,15.77142857142857,0.0,4.4,25.6,0.0,9.999999999999995,16.257142857142856,12.664285714285716
2024-05-03,24.6,15.1,18.8,0.8,11.7,63,5,124,2,18.3,15.0,12.7,18.0,15.333333333333343,14.828571428571427,15.914285714285715,0.0,0.0,4.4,11.1,1.4666666666666621,16.257142857142856,12.257142857142858
2024-05-04,22.7,13.3,17.4,8.9,21.4,67,5,125,2,18.8,18.3,15.0,13.6,17.366666666666674,14.942857142857145,16.271428571428572,0.8,0.0,0.0,32.6,0.26666666666666194,14.785714285714286,9.821428571428575
2024-05-05,24.9,14.8,20.0,0.0,8.3,60,5,126,2,17.4,18.8,18.3,13.9,18.166666666666675,15.485714285714286,16.45,8.9,0.8,0.0,40.1,3.233333333333329,11.400000000000002,9.457142857142859
2024-05-06,27.4,16.2,21.9,1.1,9.7,52,5,127,2,20.0,17.4,18.8,12.3,18.733333333333345,16.357142857142858,16.67142857142857,0.0,8.9,0.8,25.6,3.233333333333329,5.671428571428571,9.242857142857146
2024-05-07,28.8,18.6,23.1,0.0,12.0,44,5,128,2,21.9,20.0,17.4,12.7,19.766666666666676,17.728571428571428,17.0,1.1,0.0,8.9,4.4,3.3333333333333286,2.1714285714285704,9.035714285714288
2024-05-08,29.3,18.2,23.8,0.0,11.8,39,5,129,2,23.1,21.9,20.0,15.0,21.666666666666675,19.214285714285715,17.35,0.0,1.1,0.0,0.0,0.366666666666662,1.542857142857142,8.935714285714287
2024-05-09,29.7,18.9,24.6,0.0,9.8,39,5,130,2,23.8,23.1,21.9,18.3,22.93333333333334,20.47142857142857,17.735714285714288,0.0,0.0,1.1,0.0,0.366666666666662,1.542857142857142,8.900000000000002
2024-05-10,28.0,19.2,24.0,3.2,14.0,46,5,131,2,24.6,23.8,23.1,18.8,23.833333333333343,21.37142857142857,18.1,0.0,0.0,0.0,0.8,0.0,1.542857142857142,8.900000000000002
2024-05-11,26.6,18.9,22.8,0.0,12.7,50,5,132,2,24.0,24.6,23.8,17.4,24.133333333333344,22.114285714285717,18.528571428571432,3.2,0.0,0.0,8.9,1.066666666666662,1.8857142857142848,8.335714285714287
2024-05-12,23.5,14.8,18.6,2.1,19.3,67,5,133,2,22.8,24.0,24.6,20.0,23.80000000000001,22.88571428571429,19.185714285714287,0.0,3.2,0.0,0.0,1.066666666666662,0.6142857142857133,6.007142857142859
2024-05-13,25.9,13.6,20.0,0.0,11.8,49,5,134,2,18.6,22.8,24.0,21.9,21.80000000000001,22.685714285714287,19.521428571428572,2.1,0.0,3.2,1.1,1.7666666666666622,0.9142857142857134,3.292857142857145
2024-05-14,28.1,17.5,22.5,0.0,10.9,39,5,135,2,20.0,18.6,22.8,23.1,20.46666666666668,22.414285714285715,20.071428571428573,0.0,2.1,0.0,0.0,0.6999999999999953,0.7571428571428562,1.4642857142857164
2024-05-15,30.2,18.4,24.7,0.0,11.1,36,5,136,2,22.5,20.0,18.6,23.8,20.366666666666678,22.32857142857143,20.771428571428572,0.0,0.0,2.1,0.0,0.6999999999999953,0.7571428571428562,1.1500000000000021
2024-05-16,30.9,20.8,24.7,0.2,17.9,37,5,137,2,24.7,22.5,20.0,24.6,22.400000000000006,22.457142857142856,21.464285714285715,0.0,0.0,0.0,0.0,0.0,0.7571428571428562,1.1500000000000021
2024-05-17,30.8,21.5,25.4,0.3,12.8,39,5,138,2,24.7,24.7,22.5,24.0,23.966666666666672,22.47142857142857,21.92142857142857,0.2,0.0,0.0,3.2,0.06666666666666193,0.7857142857142848,1.1642857142857166
2024-05-18,30.2,20.8,25.1,0.0,12.9,45,5,139,2,25.4,24.7,24.7,22.8,24.93333333333334,22.67142857142857,22.392857142857142,0.3,0.2,0.0,0.0,0.16666666666666194,0.37142857142857044,1.1285714285714306
2024-05-19,30.5,20.3,24.7,0.5,14.4,43,5,140,2,25.1,25.4,24.7,18.6,25.066666666666677,23.0,22.942857142857143,0.0,0.3,0.2,2.1,0.16666666666666194,0.37142857142857044,0.49285714285714494
2024-05-20,30.9,19.5,24.9,0.3,15.8,41,5,141,2,24.7,25.1,25.4,20.0,25.066666666666674,23.87142857142857,23.278571428571432,0.5,0.0,0.3,0.0,0.26666666666666194,0.14285714285714185,0.5285714285714306
2024-05-21,32.5,20.9,26.2,0.0,13.4,35,5,142,2,24.9,24.7,25.1,22.5,24.90000000000001,24.571428571428573,23.49285714285714,0.3,0.5,0.0,0.0,0.26666666666666194,0.1857142857142847,0.4714285714285735
2024-05-22,33.3,22.3,27.5,0.0,15.8,29,5,143,2,26.2,24.9,24.7,24.7,25.266666666666676,25.099999999999998,23.714285714285715,0.0,0.3,0.5,0.0,0.26666666666666194,0.1857142857142847,0.4714285714285734
2024-05-23,33.7,21.1,27.8,0.0,15.2,28,5,144,2,27.5,26.2,24.9,24.7,26.200000000000006,25.5,23.978571428571428,0.0,0.0,0.3,0.2,0.09999999999999527,0.1857142857142847,0.4714285714285734
2024-05-24,32.9,22.5,27.4,0.1,17.3,31,5,145,2,27.8,27.5,26.2,25.4,27.166666666666675,25.942857142857143,24.207142857142856,0.0,0.0,0.0,0.3,0.0,0.15714285714285614,0.4714285714285734
2024-05-25,32.3,22.9,27.1,0.0,15.0,34,5,146,2,27.4,27.8,27.5,25.1,27.566666666666674,26.228571428571428,24.449999999999996,0.1,0.0,0.0,0.0,0.033333333333328614,0.12857142857142756,0.25000000000000205
2024-05-26,34.0,21.8,28.0,0.0,16.2,30,5,147,2,27.1,27.4,27.8,24.7,27.43333333333334,26.514285714285712,24.75714285714286,0.0,0.1,0.0,0.5,0.033333333333328614,0.12857142857142756,0.25000000000000205
2024-05-27,33.4,23.1,28.1,0.0,18.0,26,5,148,2,28.0,27.1,27.4,24.9,27.50000000000001,26.985714285714288,25.428571428571427,0.0,0.0,0.1,0.3,0.033333333333328614,0.05714285714285613,0.10000000000000202
2024-05-28,33.2,21.9,27.9,0.0,15.9,22,5,149,2,28.1,28.0,27.1,26.2,27.733333333333345,27.442857142857143,26.00714285714286,0.0,0.0,0.0,0.0,0.0,0.014285714285713272,0.10000000000000202
2024-05-29,33.3,19.6,28.1,0.0,12.8,21,5,150,2,27.9,28.1,28.0,27.5,28.00000000000001,27.685714285714287,26.392857142857142,0.0,0.0,0.0,0.0,0.0,0.014285714285713272,0.10000000000000202
2024-05-30,33.3,20.2,26.5,0.0,17.7,22,5,151,2,28.1,27.9,28.1,27.8,28.033333333333342,27.771428571428572,26.63571428571429,0.0,0.0,0.0,0.0,0.0,0.014285714285713272,0.10000000000000202
2024-05-31,33.4,20.8,27.1,0.0,21.2,21,5,152,2,26.5,28.1,27.9,27.4,27.50000000000001,27.585714285714285,26.764285714285716,0.0,0.0,0.0,0.1,0.0,0.014285714285713272,0.08571428571428774
2024-06-01,33.4,19.9,26.7,0.0,15.8,24,6,153,3,27.1,26.5,28.1,27.1,27.233333333333345,27.54285714285714,26.885714285714283,0.0,0.0,0.0,0.0,0.0,0.0,0.06428571428571632
2024-06-02,33.8,21.6,27.8,0.0,15.4,21,6,154,3,26.7,27.1,26.5,28.0,26.766666666666676,27.485714285714288,27.0,0.0,0.0,0.0,0.0,0.0,0.0,0.06428571428571632
2024-06-03,34.3,23.8,28.7,0.0,18.4,24,6,155,3,27.8,26.7,27.1,28.1,27.200000000000006,27.457142857142856,27.221428571428568,0.0,0.0,0.0,0.0,0.0,0.0,0.028571428571430604
2024-06-04,32.1,23.2,26.6,4.4,15.2,35,6,156,3,28.7,27.8,26.7,27.9,27.733333333333345,27.542857142857144,27.49285714285714,0.0,0.0,0.0,0.0,0.0,0.0,0.007142857142859173
2024-06-05,29.6,17.7,23.5,2.9,19.1,44,6,157,3,26.6,28.7,27.8,28.1,27.700000000000006,27.357142857142858,27.521428571428572,4.4,0.0,0.0,0.0,1.4666666666666621,0.6285714285714276,0.32142857142857345
2024-06-06,26.5,16.6,20.4,9.6,16.6,63,6,158,3,23.5,26.6,28.7,26.5,26.266666666666676,26.7,27.235714285714288,2.9,4.4,0.0,0.0,2.4333333333333287,1.042857142857142,0.5285714285714306
2024-06-07,26.4,16.9,21.6,0.3,16.6,55,6,159,3,20.4,23.5,26.6,27.1,23.50000000000001,25.82857142857143,26.707142857142856,9.6,2.9,4.4,0.0,5.633333333333328,2.4142857142857133,1.2142857142857164
2024-06-08,28.3,17.4,22.8,0.1,16.7,45,6,160,3,21.6,20.4,23.5,26.7,21.833333333333343,25.042857142857144,26.292857142857144,0.3,9.6,2.9,0.0,4.266666666666662,2.457142857142856,1.2285714285714306
2024-06-09,30.3,17.6,24.2,0.0,11.6,38,6,161,3,22.8,21.6,20.4,27.8,21.600000000000012,24.485714285714288,25.985714285714288,0.1,0.3,9.6,0.0,3.3333333333333286,2.4714285714285706,1.2357142857142875
2024-06-10,32.6,21.4,26.2,0.0,15.6,32,6,162,3,24.2,22.8,21.6,28.7,22.866666666666674,23.97142857142857,25.714285714285715,0.0,0.1,0.3,0.0,0.1333333333333286,2.4714285714285706,1.2357142857142875
2024-06-11,33.8,21.7,27.6,0.0,14.4,27,6,163,3,26.2,24.2,22.8,26.6,24.40000000000001,23.61428571428571,25.578571428571426,0.0,0.0,0.1,4.4,0.0333333333333286,2.4714285714285706,1.2357142857142875
2024-06-12,35.5,23.3,28.8,0.0,15.9,27,6,164,3,27.6,26.2,24.2,23.5,26.00000000000001,23.75714285714286,25.557142857142857,0.0,0.0,0.0,2.9,0.0,1.8428571428571419,1.2357142857142875
2024-06-13,33.8,22.6,27.8,0.0,15.9,33,6,165,3,28.8,27.6,26.2,20.4,27.533333333333342,24.514285714285712,25.607142857142858,0.0,0.0,0.0,9.6,0.0,1.4285714285714275,1.2357142857142875
2024-06-14,32.7,22.0,26.9,0.5,17.9,37,6,166,3,27.8,28.8,27.6,21.6,28.066666666666677,25.571428571428573,25.699999999999996,0.0,0.0,0.0,0.3,0.0,0.05714285714285613,1.2357142857142875
2024-06-15,35.1,22.1,28.4,0.0,18.0,32,6,167,3,26.9,27.8,28.8,22.8,27.833333333333343,26.32857142857143,25.685714285714287,0.5,0.0,0.0,0.1,0.16666666666666194,0.08571428571428472,1.2714285714285734
2024-06-16,35.8,23.7,29.9,0.0,16.3,28,6,168,3,28.4,26.9,27.8,24.2,27.700000000000006,27.128571428571426,25.807142857142857,0.0,0.5,0.0,0.0,0.16666666666666194,0.07142857142857043,1.2714285714285734
2024-06-17,36.6,25.5,30.4,0.0,17.9,26,6,169,3,29.9,28.4,26.9,26.2,28.400000000000006,27.942857142857143,25.95714285714286,0.0,0.0,0.5,0.0,0.16666666666666194,0.07142857142857043,1.2714285714285734
2024-06-18,35.2,25.8,30.1,0.3,18.1,26,6,170,3,30.4,29.9,28.4,27.6,29.566666666666674,28.542857142857144,26.07857142857143,0.0,0.0,0.0,0.0,0.0,0.07142857142857043,1.2714285714285734
2024-06-19,34.7,23.0,28.7,0.0,18.1,31,6,171,3,30.1,30.4,29.9,28.8,30.133333333333344,28.9,26.32857142857143,0.3,0.0,0.0,0.0,0.09999999999999526,0.11428571428571328,0.9785714285714305
2024-06-20,30.9,21.6,26.4,1.4,18.5,40,6,172,3,28.7,30.1,30.4,27.8,29.733333333333345,28.885714285714283,26.7,0.0,0.3,0.0,0.0,0.09999999999999526,0.11428571428571328,0.7714285714285734
2024-06-21,26.7,20.2,23.3,7.7,11.3,62,6,173,3,26.4,28.7,30.1,26.9,28.40000000000001,28.685714285714283,27.12857142857143,1.4,0.0,0.3,0.5,0.5666666666666619,0.3142857142857133,0.18571428571428772
2024-06-22,30.8,20.4,25.0,0.0,11.3,47,6,174,3,23.3,26.4,28.7,28.4,26.133333333333344,28.17142857142857,27.25,7.7,1.4,0.0,0.0,3.0333333333333283,1.3428571428571419,0.7142857142857163
2024-06-23,31.8,21.4,26.2,0.1,17.4,47,6,175,3,25.0,23.3,26.4,29.9,24.900000000000006,27.685714285714287,27.407142857142855,0.0,7.7,1.4,0.0,3.033333333333329,1.3428571428571419,0.7071428571428592
2024-06-24,33.2,22.4,27.7,0.0,14.1,41,6,176,3,26.2,25.0,23.3,30.4,24.833333333333343,27.157142857142855,27.55,0.1,0.0,7.7,0.0,2.599999999999995,1.357142857142856,0.7142857142857163
2024-06-25,33.4,23.7,28.6,0.0,12.1,36,6,177,3,27.7,26.2,25.0,30.1,26.30000000000001,26.771428571428572,27.657142857142855,0.0,0.1,0.0,0.3,0.03333333333332889,1.357142857142856,0.7142857142857163
2024-06-26,35.2,23.3,29.9,0.0,15.4,34,6,178,3,28.6,27.7,26.2,28.7,27.50000000000001,26.557142857142857,27.728571428571428,0.0,0.0,0.1,0.0,0.03333333333332889,1.3142857142857132,0.7142857142857163
2024-06-27,34.2,25.3,29.3,0.0,16.1,41,6,179,3,29.9,28.6,27.7,26.4,28.733333333333338,26.728571428571428,27.807142857142853,0.0,0.0,0.0,1.4,0.0,1.3142857142857132,0.7142857142857163
2024-06-28,30.8,21.9,26.7,0.7,12.6,67,6,180,3,29.3,29.9,28.6,23.3,29.266666666666676,27.142857142857142,27.914285714285715,0.0,0.0,0.0,7.7,0.0,1.1142857142857132,0.7142857142857163
2024-06-29,31.4,21.5,26.6,5.2,13.8,67,6,181,3,26.7,29.3,29.9,25.0,28.633333333333344,27.62857142857143,27.9,0.7,0.0,0.0,0.0,0.23333333333332887,0.11428571428571326,0.7285714285714306
2024-06-30,31.6,22.1,27.3,0.5,13.0,66,6,182,3,26.6,26.7,29.3,26.2,27.533333333333342,27.857142857142858,27.771428571428572,5.2,0.7,0.0,0.1,1.9666666666666623,0.8571428571428561,1.100000000000002
2024-07-01,32.4,23.5,28.3,0.2,13.1,64,7,183,3,27.3,26.6,26.7,27.7,26.866666666666678,28.014285714285716,27.585714285714285,0.5,5.2,0.7,0.0,2.133333333333329,0.9142857142857134,1.1357142857142877
2024-07-02,31.9,22.0,27.3,3.8,13.8,72,7,184,3,28.3,27.3,26.6,28.6,27.40000000000001,28.099999999999998,27.435714285714287,0.2,0.5,5.2,0.0,1.9666666666666623,0.942857142857142,1.1500000000000021
2024-07-03,34.1,23.8,29.0,0.5,13.5,62,7,185,3,27.3,28.3,27.3,29.9,27.633333333333344,27.914285714285715,27.235714285714284,3.8,0.2,0.5,0.0,1.4999999999999956,1.4857142857142847,1.4000000000000021
2024-07-04,29.3,22.5,25.6,10.6,15.6,82,7,186,3,29.0,27.3,28.3,29.3,28.200000000000014,27.785714285714285,27.257142857142856,0.5,3.8,0.2,0.0,1.4999999999999956,1.5571428571428563,1.435714285714288
2024-07-05,27.1,20.2,23.7,18.5,11.8,84,7,187,3,25.6,29.0,27.3,26.7,27.30000000000001,27.25714285714286,27.2,10.6,0.5,3.8,0.7,4.966666666666662,3.0714285714285703,2.0928571428571447
2024-07-06,26.6,19.4,22.9,7.8,10.9,81,7,188,3,23.7,25.6,29.0,26.6,26.100000000000012,26.828571428571426,27.228571428571428,18.5,10.6,0.5,5.2,9.866666666666662,5.614285714285714,2.8642857142857165
2024-07-07,27.7,19.6,23.9,5.2,13.2,73,7,189,3,22.9,23.7,25.6,27.3,24.066666666666677,26.3,27.07857142857143,7.8,18.5,10.6,0.5,12.299999999999995,5.985714285714285,3.4214285714285735
2024-07-08,29.6,22.5,25.9,0.0,11.2,66,7,190,3,23.9,22.9,23.7,28.3,23.50000000000001,25.814285714285717,26.914285714285715,5.2,7.8,18.5,0.2,10.499999999999995,6.657142857142857,3.785714285714288
2024-07-09,29.0,22.9,26.2,1.5,13.8,71,7,191,3,25.9,23.9,22.9,27.3,24.233333333333338,25.47142857142857,26.785714285714285,0.0,5.2,7.8,3.8,4.333333333333329,6.628571428571427,3.785714285714288
2024-07-10,28.6,22.7,25.7,5.6,14.9,75,7,192,3,26.2,25.9,23.9,29.0,25.333333333333343,25.314285714285713,26.614285714285717,1.5,0.0,5.2,0.5,2.2333333333333285,6.299999999999999,3.892857142857145
2024-07-11,29.2,22.4,25.8,1.4,17.5,75,7,193,3,25.7,26.2,25.9,25.6,25.93333333333334,24.842857142857138,26.314285714285717,5.6,1.5,0.0,10.6,2.366666666666662,7.028571428571427,4.292857142857145
2024-07-12,30.3,21.5,25.5,1.9,17.9,69,7,194,3,25.8,25.7,26.2,23.7,25.90000000000001,24.87142857142857,26.064285714285713,1.4,5.6,1.5,18.5,2.8333333333333286,5.7142857142857135,4.392857142857145
2024-07-13,28.5,20.5,24.6,0.2,15.7,70,7,195,3,25.5,25.8,25.7,22.9,25.666666666666675,25.12857142857143,25.97857142857143,1.9,1.4,5.6,7.8,2.9666666666666615,3.3428571428571416,4.47857142857143
2024-07-14,28.6,19.9,25.2,3.6,12.6,64,7,196,3,24.6,25.5,25.8,23.9,25.30000000000001,25.37142857142857,25.835714285714285,0.2,1.9,1.4,5.2,1.1666666666666619,2.257142857142856,4.121428571428574
2024-07-15,30.3,22.4,26.8,0.0,12.1,58,7,197,3,25.2,24.6,25.5,25.9,25.100000000000012,25.557142857142857,25.685714285714283,3.6,0.2,1.9,0.0,1.8999999999999952,2.0285714285714276,4.342857142857145
2024-07-16,31.5,22.4,27.1,0.0,12.4,56,7,198,3,26.8,25.2,24.6,26.2,25.533333333333346,25.685714285714283,25.578571428571426,0.0,3.6,0.2,1.5,1.266666666666662,2.0285714285714276,4.328571428571431
2024-07-17,31.2,23.2,27.8,0.5,15.3,55,7,199,3,27.1,26.8,25.2,25.7,26.366666666666674,25.814285714285713,25.564285714285717,0.0,0.0,3.6,5.6,1.1999999999999953,1.8142857142857132,4.05714285714286
2024-07-18,29.3,21.1,24.8,18.2,15.3,78,7,200,3,27.8,27.1,26.8,25.8,27.233333333333345,26.114285714285717,25.47857142857143,0.5,0.0,0.0,1.4,0.16666666666666194,1.0857142857142847,4.05714285714286
2024-07-19,29.7,22.2,25.9,0.0,12.0,76,7,201,3,24.8,27.8,27.1,25.5,26.566666666666677,25.97142857142857,25.42142857142857,18.2,0.5,0.0,1.9,6.233333333333328,3.4857142857142844,4.600000000000002
2024-07-20,30.4,21.9,26.3,0.2,11.8,75,7,202,3,25.9,24.8,27.8,24.6,26.166666666666675,26.02857142857143,25.57857142857143,0.0,18.2,0.5,0.2,6.233333333333328,3.214285714285713,3.2785714285714307
2024-07-21,30.4,24.8,27.8,0.2,14.2,64,7,203,3,26.3,25.9,24.8,25.2,25.666666666666675,26.271428571428572,25.821428571428573,0.2,0.0,18.2,3.6,6.133333333333328,3.214285714285713,2.735714285714288
2024-07-22,29.9,22.8,27.0,1.7,11.6,73,7,204,3,27.8,26.3,25.9,26.8,26.666666666666675,26.642857142857142,26.099999999999998,0.2,0.2,0.0,0.0,0.1333333333333286,2.7285714285714273,2.3785714285714303
2024-07-23,28.3,21.2,25.0,13.2,12.0,83,7,205,3,27.0,27.8,26.3,27.1,27.033333333333342,26.671428571428574,26.178571428571427,1.7,0.2,0.2,0.0,0.6999999999999953,2.9714285714285706,2.500000000000002
2024-07-24,29.1,21.8,25.8,0.7,10.5,79,7,206,3,25.0,27.0,27.8,27.8,26.60000000000001,26.371428571428574,26.092857142857138,13.2,1.7,0.2,0.5,5.033333333333329,4.857142857142856,3.3357142857142876
2024-07-25,30.5,21.8,26.5,0.4,12.0,74,7,207,3,25.8,25.0,27.0,24.8,25.933333333333348,26.085714285714285,26.099999999999998,0.7,13.2,1.7,18.2,5.199999999999995,4.885714285714284,2.9857142857142875
2024-07-26,31.2,22.6,27.3,0.4,13.3,74,7,208,3,26.5,25.8,25.0,25.9,25.76666666666668,26.328571428571426,26.150000000000002,0.4,0.7,13.2,0.0,4.766666666666661,2.3428571428571416,2.914285714285716
2024-07-27,31.0,23.7,27.3,1.1,13.5,78,7,209,3,27.3,26.5,25.8,26.3,26.533333333333346,26.52857142857143,26.278571428571432,0.4,0.4,0.7,0.2,0.4999999999999953,2.3999999999999986,2.807142857142859
2024-07-28,28.2,23.3,25.6,2.9,10.4,88,7,210,3,27.3,27.3,26.5,27.8,27.033333333333342,26.671428571428574,26.47142857142857,1.1,0.4,0.4,0.2,0.6333333333333286,2.5285714285714276,2.871428571428573
2024-07-29,27.8,23.4,25.4,9.1,10.7,89,7,211,3,25.6,27.3,27.3,27.0,26.733333333333345,26.357142857142858,26.5,2.9,1.1,0.4,1.7,1.4666666666666621,2.9142857142857133,2.821428571428573
2024-07-30,28.0,23.1,25.1,10.3,7.7,90,7,212,3,25.4,25.6,27.3,25.0,26.100000000000012,26.12857142857143,26.400000000000002,9.1,2.9,1.1,13.2,4.366666666666662,3.97142857142857,3.471428571428573
2024-07-31,29.5,23.5,26.6,0.4,12.3,79,7,213,3,25.1,25.4,25.6,25.8,25.366666666666674,26.142857142857142,26.257142857142856,10.3,9.1,2.9,0.7,7.433333333333329,3.557142857142856,4.207142857142858
2024-08-01,26.2,22.5,24.3,47.4,8.4,89,8,214,3,26.6,25.1,25.4,26.5,25.700000000000006,26.25714285714286,26.17142857142857,0.4,10.3,9.1,0.4,6.599999999999994,3.5142857142857133,4.200000000000002
2024-08-02,28.3,22.2,24.8,13.5,11.3,85,8,215,3,24.3,26.6,25.1,27.3,25.333333333333343,25.942857142857147,26.13571428571429,47.4,0.4,10.3,0.4,19.36666666666666,10.228571428571428,6.285714285714287
2024-08-03,27.2,21.8,24.2,7.2,12.5,88,8,216,3,24.8,24.3,26.6,27.3,25.233333333333345,25.585714285714285,26.057142857142857,13.5,47.4,0.4,1.1,20.43333333333333,12.099999999999998,7.250000000000002
2024-08-04,27.1,21.9,23.5,14.6,7.0,91,8,217,3,24.2,24.8,24.3,25.6,24.43333333333334,25.142857142857142,25.907142857142855,7.2,13.5,47.4,2.9,22.699999999999992,12.97142857142857,7.750000000000002
2024-08-05,27.3,21.3,24.3,14.2,8.3,88,8,218,3,23.5,24.2,24.8,25.4,24.166666666666675,24.842857142857145,25.6,14.6,7.2,13.5,9.1,11.76666666666666,14.64285714285714,8.77857142857143
2024-08-06,28.1,22.1,24.6,4.9,12.7,88,8,219,3,24.3,23.5,24.2,25.1,24.00000000000001,24.685714285714283,25.407142857142862,14.2,14.6,7.2,10.3,11.999999999999995,15.37142857142857,9.671428571428574
2024-08-07,27.1,21.7,23.9,10.9,10.2,88,8,220,3,24.6,24.3,23.5,26.6,24.133333333333344,24.614285714285717,25.37857142857143,4.9,14.2,14.6,0.4,11.233333333333329,14.599999999999998,9.078571428571431
2024-08-08,26.4,21.2,23.4,6.2,11.0,90,8,221,3,23.9,24.6,24.3,24.3,24.266666666666676,24.228571428571428,25.242857142857144,10.9,4.9,14.2,47.4,9.999999999999995,16.099999999999998,9.80714285714286
2024-08-09,26.5,22.1,24.2,4.2,11.7,89,8,222,3,23.4,23.9,24.6,24.8,23.96666666666668,24.099999999999998,25.021428571428572,6.2,10.9,4.9,13.5,7.333333333333329,10.214285714285714,10.221428571428573
2024-08-10,27.7,21.7,24.5,6.5,9.9,89,8,223,3,24.2,23.4,23.9,24.2,23.833333333333343,24.014285714285716,24.8,4.2,6.2,10.9,7.2,7.099999999999997,8.885714285714284,10.492857142857144
2024-08-11,25.5,21.0,22.6,11.2,12.3,91,8,224,3,24.5,24.2,23.4,23.5,24.033333333333342,24.057142857142853,24.599999999999998,6.5,4.2,6.2,14.6,5.633333333333328,8.785714285714285,10.87857142857143
2024-08-12,26.5,20.5,23.4,2.5,7.9,87,8,225,3,22.6,24.5,24.2,24.3,23.766666666666676,23.928571428571427,24.38571428571429,11.2,6.5,4.2,14.2,7.2999999999999945,8.299999999999999,11.471428571428573
2024-08-13,27.7,21.3,24.8,0.8,12.8,83,8,226,3,23.4,22.6,24.5,24.6,23.50000000000001,23.800000000000004,24.24285714285714,2.5,11.2,6.5,4.9,6.733333333333327,6.628571428571427,11.000000000000002
2024-08-14,27.7,23.6,25.3,1.4,9.6,83,8,227,3,24.8,23.4,22.6,23.9,23.60000000000001,23.828571428571426,24.22142857142857,0.8,2.5,11.2,10.9,4.833333333333329,6.042857142857143,10.321428571428573
2024-08-15,25.4,22.2,23.7,11.9,9.6,91,8,228,3,25.3,24.8,23.4,23.4,24.50000000000001,24.028571428571432,24.12857142857143,1.4,0.8,2.5,6.2,1.566666666666662,4.685714285714284,10.392857142857144
2024-08-16,26.8,21.7,24.2,10.8,7.7,86,8,229,3,23.7,25.3,24.8,24.2,24.60000000000001,24.071428571428573,24.085714285714285,11.9,1.4,0.8,4.2,4.699999999999996,5.499999999999999,7.857142857142859
2024-08-17,25.7,21.0,22.8,21.8,7.2,90,8,230,3,24.2,23.7,25.3,24.5,24.40000000000001,24.071428571428573,24.04285714285714,10.8,11.9,1.4,6.5,8.03333333333333,6.442857142857142,7.664285714285716
2024-08-18,27.6,20.8,24.0,3.2,13.7,82,8,231,3,22.8,24.2,23.7,22.6,23.566666666666677,23.82857142857143,23.942857142857143,21.8,10.8,11.9,11.2,14.833333333333329,8.628571428571428,8.707142857142859
2024-08-19,26.7,20.7,23.8,2.8,9.9,86,8,232,3,24.0,22.8,24.2,23.4,23.666666666666675,24.02857142857143,23.978571428571428,3.2,21.8,10.8,2.5,11.93333333333333,7.485714285714286,7.892857142857145
2024-08-20,26.7,20.1,22.8,3.7,10.9,87,8,233,3,23.8,24.0,22.8,24.8,23.533333333333342,24.08571428571429,23.942857142857143,2.8,3.2,21.8,0.8,9.26666666666666,7.528571428571428,7.07857142857143
2024-08-21,26.4,19.4,22.9,6.3,10.5,85,8,234,3,22.8,23.8,24.0,25.3,23.533333333333342,23.8,23.814285714285717,3.7,2.8,3.2,1.4,3.2333333333333285,7.942857142857142,6.992857142857145
2024-08-22,26.9,20.7,24.1,0.7,9.5,81,8,235,3,22.9,22.8,23.8,23.7,23.166666666666675,23.457142857142856,23.74285714285714,6.3,3.7,2.8,11.9,4.266666666666662,8.642857142857142,6.664285714285717
2024-08-23,27.5,20.0,24.2,1.2,10.9,79,8,236,3,24.1,22.9,22.8,24.2,23.26666666666668,23.514285714285712,23.792857142857144,0.7,6.3,3.7,10.8,3.5666666666666615,7.042857142857143,6.271428571428573
2024-08-24,27.4,20.5,24.6,0.2,10.5,74,8,237,3,24.2,24.1,22.9,22.8,23.733333333333345,23.514285714285712,23.792857142857144,1.2,0.7,6.3,21.8,2.7333333333333285,5.671428571428571,6.057142857142859
2024-08-25,26.9,20.9,24.4,0.5,8.1,78,8,238,3,24.6,24.2,24.1,24.0,24.30000000000001,23.771428571428572,23.800000000000004,0.2,1.2,0.7,3.2,0.6999999999999953,2.585714285714285,5.607142857142859
2024-08-26,28.4,20.4,24.8,0.2,10.5,77,8,239,3,24.4,24.6,24.2,23.8,24.40000000000001,23.82857142857143,23.928571428571427,0.5,0.2,1.2,2.8,0.6333333333333285,2.199999999999999,4.842857142857144
2024-08-27,25.8,20.8,23.2,2.0,8.4,81,8,240,3,24.8,24.4,24.6,22.8,24.60000000000001,23.971428571428568,24.028571428571432,0.2,0.5,0.2,3.7,0.29999999999999527,1.8285714285714276,4.678571428571431
2024-08-28,23.4,19.6,21.2,28.5,11.9,88,8,241,3,23.2,24.8,24.4,22.9,24.133333333333344,24.028571428571432,23.914285714285715,2.0,0.2,0.5,6.3,0.8999999999999954,1.585714285714285,4.764285714285717
2024-08-29,24.5,20.0,21.6,68.1,10.6,91,8,242,3,21.2,23.2,24.8,24.1,23.066666666666674,23.785714285714285,23.62142857142857,28.5,2.0,0.2,0.7,10.233333333333329,4.757142857142857,6.700000000000003
2024-08-30,24.5,19.9,21.8,14.2,6.6,88,8,243,3,21.6,21.2,23.2,24.2,22.00000000000001,23.428571428571427,23.47142857142857,68.1,28.5,2.0,1.2,32.86666666666666,14.385714285714284,10.714285714285717
2024-08-31,27.9,19.4,24.6,0.0,8.4,75,8,244,3,21.8,21.6,21.2,24.6,21.533333333333342,23.085714285714285,23.300000000000004,14.2,68.1,28.5,0.2,36.93333333333333,16.24285714285714,10.957142857142857
2024-09-01,27.4,22.5,25.0,0.1,10.6,79,9,245,4,24.6,21.8,21.6,24.4,22.666666666666675,23.085714285714285,23.428571428571427,0.0,14.2,68.1,0.5,27.433333333333326,16.214285714285715,9.400000000000002
2024-09-02,25.6,20.2,22.7,15.1,9.7,88,9,246,4,25.0,24.6,21.8,24.8,23.80000000000001,23.17142857142857,23.5,0.1,0.0,14.2,0.2,4.766666666666661,16.157142857142855,9.17857142857143
2024-09-03,24.5,19.2,21.8,15.3,9.7,88,9,247,4,22.7,25.0,24.6,23.2,24.100000000000012,22.871428571428574,23.42142857142857,15.1,0.1,0.0,2.0,5.066666666666662,18.285714285714285,10.05714285714286
2024-09-04,25.3,20.2,22.8,2.7,9.7,82,9,248,4,21.8,22.7,25.0,21.2,23.166666666666675,22.67142857142857,23.349999999999998,15.3,15.1,0.1,28.5,10.166666666666663,20.185714285714283,10.885714285714286
2024-09-05,25.8,19.3,22.2,0.3,9.7,85,9,249,4,22.8,21.8,22.7,21.6,22.43333333333334,22.900000000000002,23.342857142857145,2.7,15.3,15.1,68.1,11.03333333333333,16.5,10.628571428571432
2024-09-06,25.2,19.2,22.6,3.2,8.8,85,9,250,4,22.2,22.8,21.8,21.8,22.266666666666676,22.985714285714288,23.207142857142856,0.3,2.7,15.3,14.2,6.099999999999995,6.814285714285715,10.6
2024-09-07,25.6,18.6,22.1,3.8,10.7,85,9,251,4,22.6,22.2,22.8,24.6,22.533333333333346,23.099999999999998,23.092857142857145,3.2,0.3,2.7,0.0,2.066666666666662,5.242857142857142,10.742857142857146
2024-09-08,26.2,18.8,22.6,0.0,10.2,83,9,252,4,22.1,22.6,22.2,25.0,22.30000000000001,22.742857142857144,22.914285714285715,3.8,3.2,0.3,0.1,2.4333333333333287,5.785714285714286,11.000000000000002
2024-09-09,27.1,19.7,23.9,0.6,9.8,79,9,253,4,22.6,22.1,22.6,22.7,22.43333333333334,22.400000000000002,22.785714285714285,0.0,3.8,3.2,15.1,2.3333333333333286,5.771428571428572,10.964285714285717
2024-09-10,27.2,19.5,24.3,0.0,10.5,74,9,254,4,23.9,22.6,22.1,21.8,22.866666666666678,22.571428571428573,22.721428571428568,0.6,0.0,3.8,15.3,1.4666666666666617,3.7,10.992857142857146
2024-09-11,27.3,19.6,23.4,0.0,11.8,70,9,255,4,24.3,23.9,22.6,22.8,23.60000000000001,22.928571428571427,22.8,0.0,0.6,0.0,2.7,0.19999999999999526,1.5142857142857142,10.850000000000003
2024-09-12,28.4,18.8,23.7,0.0,7.6,67,9,256,4,23.4,24.3,23.9,22.2,23.866666666666674,23.014285714285712,22.95714285714286,0.0,0.0,0.6,0.3,0.19999999999999526,1.1285714285714286,8.814285714285715
2024-09-13,26.9,19.8,23.5,0.0,9.7,72,9,257,4,23.7,23.4,24.3,22.6,23.800000000000008,23.22857142857143,23.107142857142858,0.0,0.0,0.0,3.2,0.0,1.0857142857142856,3.950000000000002
2024-09-14,25.5,17.9,21.3,13.3,14.4,78,9,258,4,23.5,23.7,23.4,22.1,23.533333333333342,23.357142857142858,23.22857142857143,0.0,0.0,0.0,3.8,0.0,0.6285714285714284,2.9357142857142873
2024-09-15,26.0,18.3,22.8,0.0,10.2,67,9,259,4,21.3,23.5,23.7,22.6,22.833333333333343,23.24285714285714,22.992857142857144,13.3,0.0,0.0,0.0,4.433333333333329,1.9857142857142858,3.8857142857142875
2024-09-16,27.1,18.2,23.3,0.0,10.2,60,9,260,4,22.8,21.3,23.5,23.9,22.533333333333342,23.271428571428572,22.835714285714285,0.0,13.3,0.0,0.6,4.433333333333329,1.9857142857142858,3.878571428571431
2024-09-17,27.0,19.6,23.4,0.0,9.3,66,9,261,4,23.3,22.8,21.3,24.3,22.46666666666668,23.185714285714283,22.87857142857143,0.0,0.0,13.3,0.0,4.433333333333329,1.9000000000000001,2.800000000000002
2024-09-18,27.8,19.0,23.9,0.0,10.5,55,9,262,4,23.4,23.3,22.8,23.4,23.166666666666675,23.057142857142857,22.992857142857144,0.0,0.0,0.0,0.0,0.0,1.9000000000000001,1.707142857142859
2024-09-19,28.9,20.0,23.9,0.0,9.6,61,9,263,4,23.9,23.4,23.3,23.7,23.533333333333342,23.12857142857143,23.071428571428573,0.0,0.0,0.0,0.0,0.0,1.9000000000000001,1.5142857142857165
2024-09-20,30.1,20.8,25.0,0.0,8.2,56,9,264,4,23.9,23.9,23.4,23.5,23.733333333333338,23.157142857142855,23.192857142857143,0.0,0.0,0.0,0.0,0.0,1.9000000000000001,1.4928571428571449
2024-09-21,28.3,20.9,25.2,0.0,11.0,63,9,265,4,25.0,23.9,23.9,21.3,24.266666666666676,23.371428571428574,23.36428571428571,0.0,0.0,0.0,13.3,0.0,1.9000000000000001,1.2642857142857165
2024-09-22,28.3,21.8,24.9,0.0,12.0,70,9,266,4,25.2,25.0,23.9,22.8,24.700000000000006,23.928571428571427,23.58571428571429,0.0,0.0,0.0,0.0,0.0,0.0,0.9928571428571449
2024-09-23,29.1,20.6,24.6,0.0,10.8,72,9,267,4,24.9,25.2,25.0,23.3,25.033333333333342,24.228571428571428,23.75,0.0,0.0,0.0,0.0,0.0,0.0,0.9928571428571449
2024-09-24,29.1,20.9,25.3,0.0,9.3,71,9,268,4,24.6,24.9,25.2,23.4,24.90000000000001,24.414285714285715,23.800000000000004,0.0,0.0,0.0,0.0,0.0,0.0,0.9500000000000021
2024-09-25,29.1,21.4,25.2,0.5,12.4,72,9,269,4,25.3,24.6,24.9,23.9,24.93333333333334,24.685714285714287,23.87142857142857,0.0,0.0,0.0,0.0,0.0,0.0,0.9500000000000021
2024-09-26,27.3,20.0,23.2,1.5,12.1,79,9,270,4,25.2,25.3,24.6,23.9,25.033333333333346,24.87142857142857,24.0,0.5,0.0,0.0,0.0,0.16666666666666194,0.07142857142857142,0.9857142857142878
2024-09-27,25.0,18.3,21.1,10.8,10.7,84,9,271,4,23.2,25.2,25.3,25.0,24.566666666666674,24.77142857142857,23.964285714285715,1.5,0.5,0.0,0.0,0.666666666666662,0.2857142857142857,1.092857142857145
2024-09-28,25.3,17.2,21.1,12.5,11.3,74,9,272,4,21.1,23.2,25.2,25.2,23.166666666666675,24.214285714285715,23.79285714285714,10.8,1.5,0.5,0.0,4.266666666666662,1.8285714285714287,1.8642857142857163
2024-09-29,24.3,17.9,22.1,0.0,14.9,73,9,273,4,21.1,21.1,23.2,24.9,21.80000000000001,23.62857142857143,23.77857142857143,12.5,10.8,1.5,0.0,8.266666666666662,3.6142857142857143,1.8071428571428592
2024-09-30,26.5,17.9,22.5,0.0,8.4,69,9,274,4,22.1,21.1,21.1,24.6,21.433333333333348,23.228571428571428,23.72857142857143,0.0,12.5,10.8,0.0,7.766666666666662,3.6142857142857143,1.8071428571428592
2024-10-01,27.3,17.9,23.1,0.0,9.5,55,10,275,4,22.5,22.1,21.1,25.3,21.90000000000001,22.928571428571427,23.671428571428574,0.0,0.0,12.5,0.0,4.166666666666662,3.6142857142857143,1.8071428571428592
2024-10-02,27.1,18.8,23.8,0.0,10.2,49,10,276,4,23.1,22.5,22.1,25.2,22.566666666666677,22.61428571428571,23.65,0.0,0.0,0.0,0.5,0.0,3.6142857142857143,1.8071428571428592
2024-10-03,27.1,18.7,23.2,0.0,8.9,52,10,277,4,23.8,23.1,22.5,23.2,23.133333333333344,22.414285714285715,23.642857142857142,0.0,0.0,0.0,1.5,0.0,3.542857142857143,1.8071428571428592
2024-10-04,26.3,18.3,23.5,0.0,10.8,54,10,278,4,23.2,23.8,23.1,21.1,23.366666666666674,22.414285714285715,23.592857142857145,0.0,0.0,0.0,10.8,0.0,3.3285714285714287,1.8071428571428592
2024-10-05,25.6,18.6,22.0,1.2,9.9,62,10,279,4,23.5,23.2,23.8,21.1,23.50000000000001,22.757142857142856,23.485714285714288,0.0,0.0,0.0,12.5,0.0,1.7857142857142858,1.8071428571428592
2024-10-06,25.3,16.6,20.6,0.1,9.6,61,10,280,4,22.0,23.5,23.2,22.1,22.90000000000001,22.885714285714283,23.25714285714286,1.2,0.0,0.0,0.0,0.39999999999999525,0.17142857142857143,1.8928571428571448
2024-10-07,26.5,16.4,20.9,0.0,10.1,56,10,281,4,20.6,22.0,23.5,22.5,22.033333333333342,22.671428571428574,22.95,0.1,1.2,0.0,0.0,0.43333333333332863,0.18571428571428572,1.9000000000000021
2024-10-08,23.0,16.0,18.6,3.1,13.7,72,10,282,4,20.9,20.6,22.0,23.1,21.166666666666675,22.442857142857143,22.685714285714287,0.0,0.1,1.2,0.0,0.43333333333332863,0.18571428571428572,1.9000000000000021
2024-10-09,22.5,14.8,17.9,4.7,10.8,64,10,283,4,18.6,20.9,20.6,23.8,20.033333333333342,21.800000000000004,22.20714285714286,3.1,0.0,0.1,0.0,1.066666666666662,0.6285714285714287,2.121428571428573
2024-10-10,23.7,14.5,18.7,0.0,9.7,58,10,284,4,17.9,18.6,20.9,23.2,19.133333333333344,20.957142857142856,21.685714285714287,4.7,3.1,0.0,0.0,2.5999999999999956,1.3,2.4214285714285735
2024-10-11,24.7,14.3,19.7,0.0,7.2,50,10,285,4,18.7,17.9,18.6,23.5,18.40000000000001,20.314285714285713,21.36428571428571,0.0,4.7,3.1,0.0,2.599999999999995,1.3,2.3142857142857163
2024-10-12,24.6,14.9,20.7,0.0,9.4,50,10,286,4,19.7,18.7,17.9,22.0,18.766666666666676,19.771428571428572,21.264285714285716,0.0,0.0,4.7,1.2,1.5666666666666618,1.3,1.542857142857145
2024-10-13,24.4,15.8,21.1,0.0,10.7,47,10,287,4,20.7,19.7,18.7,20.6,19.700000000000006,19.585714285714285,21.235714285714288,0.0,0.0,0.0,0.1,0.0,1.1285714285714286,0.650000000000002
2024-10-14,24.3,15.2,20.2,0.0,9.9,54,10,288,4,21.1,20.7,19.7,20.9,20.50000000000001,19.657142857142855,21.16428571428571,0.0,0.0,0.0,0.0,0.0,1.1142857142857143,0.650000000000002
2024-10-15,24.5,14.1,19.5,0.0,8.8,51,10,289,4,20.2,21.1,20.7,18.6,20.666666666666675,19.557142857142857,21.0,0.0,0.0,0.0,3.1,0.0,1.1142857142857143,0.650000000000002
2024-10-16,24.7,17.1,21.5,0.0,11.0,42,10,290,4,19.5,20.2,21.1,17.9,20.266666666666676,19.685714285714287,20.742857142857144,0.0,0.0,0.0,4.7,0.0,0.6714285714285714,0.650000000000002
2024-10-17,25.0,15.4,19.9,0.0,8.3,53,10,291,4,21.5,19.5,20.2,18.7,20.40000000000001,20.2,20.57857142857143,0.0,0.0,0.0,0.0,0.0,0.0,0.650000000000002
2024-10-18,24.5,16.2,20.9,0.0,9.7,50,10,292,4,19.9,21.5,19.5,19.7,20.300000000000008,20.37142857142857,20.342857142857145,0.0,0.0,0.0,0.0,0.0,0.0,0.650000000000002
2024-10-19,25.0,14.4,20.2,0.0,10.7,50,10,293,4,20.9,19.9,21.5,20.7,20.766666666666676,20.542857142857144,20.157142857142855,0.0,0.0,0.0,0.0,0.0,0.0,0.650000000000002
2024-10-20,23.8,16.3,21.2,0.0,10.3,50,10,294,4,20.2,20.9,19.9,21.1,20.333333333333343,20.47142857142857,20.02857142857143,0.0,0.0,0.0,0.0,0.0,0.0,0.5642857142857163
2024-10-21,23.4,14.3,19.6,0.0,11.7,65,10,295,4,21.2,20.2,20.9,20.2,20.766666666666676,20.485714285714288,20.071428571428573,0.0,0.0,0.0,0.0,0.0,0.0,0.5571428571428592
2024-10-22,23.3,15.3,19.7,0.0,12.2,62,10,296,4,19.6,21.2,20.2,19.5,20.333333333333343,20.400000000000002,19.978571428571428,0.0,0.0,0.0,0.0,0.0,0.0,0.5571428571428592
2024-10-23,23.0,14.3,18.7,0.0,9.3,64,10,297,4,19.7,19.6,21.2,21.5,20.166666666666675,20.428571428571427,20.057142857142853,0.0,0.0,0.0,0.0,0.0,0.0,0.3357142857142877
2024-10-24,24.1,14.6,18.6,0.1,10.5,57,10,298,4,18.7,19.7,19.6,19.9,19.333333333333343,20.02857142857143,20.114285714285717,0.0,0.0,0.0,0.0,0.0,0.0,0.0
2024-10-25,25.0,14.9,19.4,0.0,8.3,48,10,299,4,18.6,18.7,19.7,20.9,19.00000000000001,19.842857142857145,20.107142857142858,0.1,0.0,0.0,0.0,0.0333333333333286,0.014285714285714287,0.007142857142859173
2024-10-26,26.0,15.1,20.9,0.0,9.7,43,10,300,4,19.4,18.6,18.7,20.2,18.90000000000001,19.62857142857143,20.085714285714285,0.0,0.1,0.0,0.0,0.0333333333333286,0.014285714285714287,0.007142857142859173
2024-10-27,25.5,16.8,22.2,0.0,8.9,41,10,301,4,20.9,19.4,18.6,21.2,19.633333333333344,19.728571428571428,20.099999999999998,0.0,0.0,0.1,0.0,0.0333333333333286,0.014285714285714287,0.007142857142859173
2024-10-28,22.5,15.2,19.9,3.2,14.9,59,10,302,4,22.2,20.9,19.4,19.6,20.833333333333343,19.87142857142857,20.178571428571427,0.0,0.0,0.0,0.0,0.0,0.014285714285714287,0.007142857142859173
2024-10-29,18.6,13.9,15.8,38.9,14.1,83,10,303,4,19.9,22.2,20.9,19.7,21.00000000000001,19.914285714285715,20.157142857142855,3.2,0.0,0.0,0.0,1.066666666666662,0.4714285714285715,0.23571428571428776
2024-10-30,22.4,14.3,17.6,1.3,10.5,60,10,304,4,15.8,19.9,22.2,18.7,19.300000000000008,19.357142857142858,19.89285714285714,38.9,3.2,0.0,0.0,14.03333333333333,6.028571428571428,3.014285714285716
2024-10-31,24.0,15.1,18.4,0.0,8.3,47,10,305,4,17.6,15.8,19.9,18.6,17.766666666666676,19.2,19.61428571428571,1.3,38.9,3.2,0.1,14.466666666666661,6.2142857142857135,3.1071428571428585
2024-11-01,24.4,13.2,18.7,0.0,8.7,52,11,306,4,18.4,17.6,15.8,19.4,17.266666666666676,19.17142857142857,19.507142857142856,0.0,1.3,38.9,0.0,13.399999999999993,6.199999999999998,3.1071428571428585
2024-11-02,23.0,14.5,20.3,0.0,8.3,46,11,307,4,18.7,18.4,17.6,20.9,18.233333333333345,19.071428571428573,19.349999999999998,0.0,0.0,1.3,0.0,0.43333333333332863,6.199999999999998,3.1071428571428585
2024-11-03,22.5,14.7,20.3,0.0,8.0,44,11,308,4,20.3,18.7,18.4,22.2,19.133333333333344,18.985714285714288,19.357142857142858,0.0,0.0,0.0,0.0,0.0,6.199999999999998,3.1071428571428585
2024-11-04,23.4,12.2,19.2,0.0,7.6,55,11,309,4,20.3,20.3,18.7,19.9,19.766666666666676,18.714285714285715,19.292857142857144,0.0,0.0,0.0,3.2,0.0,6.199999999999998,3.1071428571428585
2024-11-05,22.0,14.8,19.7,0.0,8.3,50,11,310,4,19.2,20.3,20.3,15.8,19.93333333333334,18.61428571428571,19.264285714285712,0.0,0.0,0.0,38.9,0.0,5.742857142857142,3.1071428571428585
2024-11-06,23.0,15.3,20.3,0.0,6.9,54,11,311,4,19.7,19.2,20.3,17.6,19.733333333333345,19.17142857142857,19.264285714285712,0.0,0.0,0.0,1.3,0.0,0.18571428571428572,3.1071428571428585
2024-11-07,22.0,14.8,19.7,0.0,8.7,58,11,312,4,20.3,19.7,19.2,18.4,19.733333333333345,19.557142857142857,19.37857142857143,0.0,0.0,0.0,0.0,0.0,0.0,3.1071428571428585
2024-11-08,21.7,14.6,18.8,0.0,8.0,70,11,313,4,19.7,20.3,19.7,18.7,19.90000000000001,19.74285714285714,19.457142857142856,0.0,0.0,0.0,0.0,0.0,0.0,3.1000000000000014
2024-11-09,21.6,14.6,19.1,0.0,8.0,68,11,314,4,18.8,19.7,20.3,20.3,19.60000000000001,19.75714285714286,19.414285714285715,0.0,0.0,0.0,0.0,0.0,0.0,3.1000000000000014
2024-11-10,20.9,13.7,18.1,0.1,8.8,68,11,315,4,19.1,18.8,19.7,20.3,19.20000000000001,19.585714285714285,19.285714285714285,0.0,0.0,0.0,0.0,0.0,0.0,3.1000000000000014
2024-11-11,18.2,11.3,14.0,17.9,14.4,82,11,316,4,18.1,19.1,18.8,19.2,18.66666666666668,19.271428571428572,18.992857142857144,0.1,0.0,0.0,0.0,0.0333333333333286,0.014285714285714287,3.1071428571428585
2024-11-12,20.2,10.1,14.6,0.5,11.3,64,11,317,4,14.0,18.1,19.1,19.7,17.066666666666677,18.52857142857143,18.571428571428573,17.9,0.1,0.0,0.0,5.999999999999996,2.5714285714285716,4.157142857142859
2024-11-13,20.2,12.3,15.9,0.0,7.3,47,11,318,4,14.6,14.0,18.1,20.3,15.566666666666677,17.8,18.485714285714288,0.5,17.9,0.1,0.0,6.166666666666662,2.642857142857143,1.4142857142857161
2024-11-14,18.0,10.4,13.7,0.3,11.0,72,11,319,4,15.9,14.6,14.0,19.7,14.833333333333343,17.17142857142857,18.364285714285717,0.0,0.5,17.9,0.0,6.133333333333328,2.642857142857143,1.3214285714285732
2024-11-15,15.2,10.2,12.4,13.1,14.6,76,11,320,4,13.7,15.9,14.6,18.8,14.733333333333343,16.314285714285713,18.02857142857143,0.3,0.0,0.5,0.0,0.26666666666666194,2.685714285714286,1.3428571428571447
2024-11-16,17.5,6.8,11.3,18.5,13.6,74,11,321,4,12.4,13.7,15.9,19.1,14.000000000000009,15.4,17.57857142857143,13.1,0.3,0.0,0.0,4.466666666666662,4.557142857142857,2.2785714285714307
2024-11-17,19.1,9.6,13.1,0.0,9.8,55,11,322,4,11.3,12.4,13.7,18.1,12.466666666666676,14.285714285714286,16.935714285714287,18.5,13.1,0.3,0.1,10.633333333333328,7.2,3.600000000000002
2024-11-18,19.5,10.0,14.0,0.0,8.3,41,11,323,4,13.1,11.3,12.4,14.0,12.266666666666675,13.571428571428571,16.42142857142857,0.0,18.5,13.1,17.9,10.533333333333328,7.185714285714285,3.600000000000002
2024-11-19,19.6,10.8,14.2,0.0,7.8,35,11,324,4,14.0,13.1,11.3,14.6,12.800000000000011,13.571428571428571,16.05,0.0,0.0,18.5,0.5,6.166666666666662,4.628571428571428,3.600000000000002
2024-11-20,20.3,10.9,14.4,0.0,8.8,32,11,325,4,14.2,14.0,13.1,15.9,13.766666666666675,13.514285714285714,15.657142857142858,0.0,0.0,0.0,0.0,0.0,4.557142857142857,3.600000000000002
2024-11-21,19.2,11.6,14.5,0.0,8.2,35,11,326,4,14.4,14.2,14.0,13.7,14.20000000000001,13.299999999999999,15.235714285714286,0.0,0.0,0.0,0.3,0.0,4.557142857142857,3.600000000000002
2024-11-22,18.1,10.5,13.9,0.1,9.2,50,11,327,4,14.5,14.4,14.2,12.4,14.366666666666676,13.414285714285715,14.864285714285716,0.0,0.0,0.0,13.1,0.0,4.514285714285714,3.600000000000002
2024-11-23,15.6,7.8,10.9,12.4,11.5,76,11,328,4,13.9,14.5,14.4,11.3,14.266666666666675,13.62857142857143,14.514285714285714,0.1,0.0,0.0,18.5,0.0333333333333286,2.6571428571428575,3.607142857142859
2024-11-24,16.5,6.2,10.9,0.0,9.5,75,11,329,4,10.9,13.9,14.5,13.1,13.10000000000001,13.571428571428571,13.928571428571429,12.4,0.1,0.0,0.0,4.166666666666662,1.7857142857142858,4.492857142857145
2024-11-25,17.9,9.7,12.8,0.0,8.8,47,11,330,4,10.9,10.9,13.9,14.0,11.900000000000011,13.257142857142856,13.414285714285715,0.0,12.4,0.1,0.0,4.166666666666662,1.7857142857142858,4.4857142857142875
2024-11-26,18.3,9.7,12.8,0.0,8.3,39,11,331,4,12.8,10.9,10.9,14.2,11.533333333333344,13.085714285714285,13.328571428571431,0.0,0.0,12.4,0.0,4.133333333333328,1.7857142857142858,3.2071428571428595
2024-11-27,18.7,9.2,12.6,0.0,8.7,38,11,332,4,12.8,12.8,10.9,14.4,12.166666666666677,12.885714285714288,13.2,0.0,0.0,0.0,0.0,0.0,1.7857142857142858,3.171428571428574
2024-11-28,17.8,9.2,13.0,0.0,8.0,35,11,333,4,12.6,12.8,12.8,14.5,12.733333333333343,12.62857142857143,12.964285714285714,0.0,0.0,0.0,0.0,0.0,1.7857142857142858,3.171428571428574
2024-11-29,16.7,7.3,12.3,12.6,13.0,47,11,334,4,13.0,12.6,12.8,13.9,12.80000000000001,12.414285714285715,12.914285714285713,0.0,0.0,0.0,0.1,0.0,1.7857142857142858,3.150000000000002
2024-11-30,16.5,6.9,11.9,0.9,7.6,61,11,335,4,12.3,13.0,12.6,10.9,12.633333333333342,12.185714285714285,12.907142857142857,12.6,0.0,0.0,12.4,4.199999999999995,3.5714285714285716,3.1142857142857165
2024-12-01,17.0,7.6,11.6,0.0,10.9,61,12,336,1,11.9,12.3,13.0,10.9,12.400000000000011,12.328571428571431,12.950000000000001,0.9,12.6,0.0,0.0,4.499999999999996,1.9285714285714286,1.8571428571428592
2024-12-02,16.1,6.9,10.7,0.2,10.1,64,12,337,1,11.6,11.9,12.3,12.8,11.933333333333342,12.428571428571429,12.842857142857143,0.0,0.9,12.6,0.0,4.499999999999996,1.9285714285714286,1.8571428571428592
2024-12-03,16.1,6.4,10.5,2.4,11.8,60,12,338,1,10.7,11.6,11.9,12.8,11.400000000000011,12.12857142857143,12.607142857142858,0.2,0.0,0.9,0.0,0.366666666666662,1.957142857142857,1.8714285714285734
2024-12-04,18.1,8.2,11.7,0.0,7.0,44,12,339,1,10.5,10.7,11.6,12.6,10.933333333333342,11.799999999999999,12.342857142857142,2.4,0.2,0.0,0.0,0.8666666666666619,2.3000000000000003,2.042857142857145
2024-12-05,16.9,9.6,12.2,0.0,9.7,31,12,340,1,11.7,10.5,10.7,13.0,10.966666666666676,11.671428571428573,12.15,0.0,2.4,0.2,0.0,0.8666666666666619,2.3000000000000003,2.042857142857145
2024-12-06,16.5,7.5,11.0,0.0,7.7,33,12,341,1,12.2,11.7,10.5,12.3,11.466666666666676,11.557142857142855,11.985714285714284,0.0,0.0,2.4,12.6,0.7999999999999953,2.3000000000000003,2.042857142857145
2024-12-07,14.5,5.8,9.8,0.0,11.7,40,12,342,1,11.0,12.2,11.7,11.9,11.633333333333342,11.37142857142857,11.778571428571428,0.0,0.0,0.0,0.9,0.0,0.5,2.035714285714288
2024-12-08,10.0,2.4,6.6,0.3,9.7,60,12,343,1,9.8,11.0,12.2,11.6,11.000000000000009,11.071428571428571,11.700000000000001,0.0,0.0,0.0,0.0,0.0,0.37142857142857144,1.1500000000000021
2024-12-09,10.5,0.3,5.6,0.3,10.0,52,12,344,1,6.6,9.8,11.0,10.7,9.133333333333344,10.357142857142858,11.392857142857142,0.3,0.0,0.0,0.2,0.09999999999999526,0.41428571428571426,1.1714285714285733
2024-12-10,11.8,3.2,6.5,0.0,8.0,40,12,345,1,5.6,6.6,9.8,10.5,7.333333333333343,9.628571428571428,10.878571428571428,0.3,0.3,0.0,2.4,0.19999999999999526,0.42857142857142855,1.1928571428571448
2024-12-11,12.1,4.2,7.8,0.6,5.4,41,12,346,1,6.5,5.6,6.6,11.7,6.233333333333342,9.057142857142857,10.428571428571429,0.0,0.3,0.3,0.0,0.19999999999999526,0.08571428571428572,1.1928571428571448
2024-12-12,11.0,3.4,6.6,0.5,4.5,48,12,347,1,7.8,6.5,5.6,12.2,6.633333333333343,8.5,10.085714285714287,0.6,0.0,0.3,0.0,0.2999999999999952,0.17142857142857143,1.2357142857142878
2024-12-13,14.0,4.1,8.1,0.0,8.8,40,12,348,1,6.6,7.8,6.5,11.0,6.966666666666676,7.7,9.62857142857143,0.5,0.6,0.0,0.0,0.366666666666662,0.24285714285714285,1.2714285714285736
2024-12-14,18.6,6.5,11.6,0.0,7.9,27,12,349,1,8.1,6.6,7.8,9.8,7.50000000000001,7.285714285714286,9.328571428571427,0.0,0.5,0.6,0.0,0.366666666666662,0.24285714285714285,0.3714285714285735
2024-12-15,17.9,8.5,12.7,0.0,5.3,26,12,350,1,11.6,8.1,6.6,6.6,8.766666666666675,7.542857142857143,9.307142857142855,0.0,0.0,0.5,0.3,0.16666666666666197,0.24285714285714285,0.30714285714285916
2024-12-16,16.5,7.2,11.3,0.0,6.8,29,12,351,1,12.7,11.6,8.1,5.6,10.80000000000001,8.414285714285715,9.385714285714286,0.0,0.0,0.0,0.3,0.0,0.19999999999999998,0.30714285714285916
2024-12-17,14.6,6.5,9.9,0.0,7.4,30,12,352,1,11.3,12.7,11.6,6.5,11.866666666666676,9.228571428571428,9.428571428571429,0.0,0.0,0.0,0.0,0.0,0.15714285714285717,0.2928571428571449
2024-12-18,15.2,6.8,10.1,0.0,5.1,28,12,353,1,9.9,11.3,12.7,7.8,11.30000000000001,9.714285714285714,9.385714285714286,0.0,0.0,0.0,0.6,0.0,0.15714285714285717,0.12142857142857345
2024-12-19,14.8,6.6,9.6,0.0,8.2,36,12,354,1,10.1,9.9,11.3,6.6,10.433333333333344,10.042857142857143,9.27142857142857,0.0,0.0,0.0,0.5,0.0,0.07142857142857142,0.12142857142857345
2024-12-20,14.1,6.1,8.9,0.0,6.8,41,12,355,1,9.6,10.1,9.9,8.1,9.866666666666676,10.471428571428572,9.085714285714285,0.0,0.0,0.0,0.0,0.0,0.0,0.12142857142857345
2024-12-21,14.8,6.3,9.9,0.0,5.0,32,12,356,1,8.9,9.6,10.1,11.6,9.533333333333344,10.585714285714287,8.935714285714287,0.0,0.0,0.0,0.0,0.0,0.0,0.12142857142857345
2024-12-22,14.5,7.4,10.2,0.0,6.7,38,12,357,1,9.9,8.9,9.6,12.7,9.466666666666676,10.342857142857143,8.942857142857141,0.0,0.0,0.0,0.0,0.0,0.0,0.12142857142857345
2024-12-23,11.5,5.8,8.6,0.3,7.3,53,12,358,1,10.2,9.9,8.9,11.3,9.666666666666677,9.985714285714286,9.200000000000001,0.0,0.0,0.0,0.0,0.0,0.0,0.10000000000000202
2024-12-24,12.4,3.5,7.3,0.0,7.3,60,12,359,1,8.6,10.2,9.9,9.9,9.566666666666677,9.6,9.414285714285715,0.3,0.0,0.0,0.0,0.0999999999999953,0.04285714285714286,0.10000000000000205
2024-12-25,13.7,5.4,8.9,0.0,6.5,42,12,360,1,7.3,8.6,10.2,10.1,8.700000000000008,9.228571428571428,9.471428571428572,0.0,0.3,0.0,0.0,0.0999999999999953,0.04285714285714286,0.10000000000000202
2024-12-26,16.5,6.1,10.0,0.0,8.6,29,12,361,1,8.9,7.3,8.6,9.6,8.266666666666676,9.057142857142859,9.549999999999999,0.0,0.0,0.3,0.0,0.0999999999999953,0.04285714285714286,0.057142857142859174
2024-12-27,14.0,7.0,9.8,0.0,9.2,44,12,362,1,10.0,8.9,7.3,8.9,8.733333333333343,9.114285714285714,9.792857142857143,0.0,0.0,0.0,0.0,0.0,0.04285714285714286,0.02142857142857346
2024-12-28,11.7,4.5,7.2,0.5,8.6,69,12,363,1,9.8,10.0,8.9,9.9,9.566666666666677,9.242857142857144,9.914285714285715,0.0,0.0,0.0,0.0,0.0,0.04285714285714286,0.02142857142857346
2024-12-29,14.2,4.6,8.1,0.0,7.0,66,12,364,1,7.2,9.8,10.0,10.2,9.000000000000009,8.857142857142858,9.6,0.5,0.0,0.0,0.0,0.16666666666666197,0.1142857142857143,0.057142857142859174
2024-12-30,15.4,7.1,10.0,0.0,7.0,45,12,365,1,8.1,7.2,9.8,8.6,8.366666666666676,8.557142857142859,9.271428571428572,0.0,0.5,0.0,0.3,0.16666666666666197,0.1142857142857143,0.057142857142859174
2024-12-31,15.2,5.9,9.7,0.0,6.5,47,12,366,1,10.0,8.1,7.2,7.3,8.433333333333342,8.757142857142856,9.178571428571429,0.0,0.0,0.5,0.0,0.16666666666666197,0.07142857142857142,0.057142857142859174
