date,temperature_2m_max,temperature_2m_min,temperature_2m_mean,precipitation_sum,windspeed_10m_max,relative_humidity_2m_mean,month,day_of_year,season,temperature_2m_mean_lag1,temperature_2m_mean_lag2,temperature_2m_mean_lag3,temperature_2m_mean_lag7,temperature_2m_mean_roll_mean3,temperature_2m_mean_roll_mean7,temperature_2m_mean_roll_mean14,precipitation_sum_lag1,precipitation_sum_lag2,precipitation_sum_lag3,precipitation_sum_lag7,precipitation_sum_roll_mean3,precipitation_sum_roll_mean7,precipitation_sum_roll_mean14
2015-01-15,18.1,6.2,11.9,0.0,9.4,78,1,15,1,12.1,12.0,11.7,11.1,11.933333333333332,11.714285714285714,12.414285714285715,0.4,8.5,0.0,0.0,2.966666666666667,1.2714285714285716,0.6357142857142858
2015-01-16,20.2,6.9,13.0,0.0,10.7,73,1,16,1,11.9,12.1,12.0,10.4,12.0,11.828571428571431,12.364285714285714,0.0,0.4,8.5,0.0,2.966666666666667,1.2714285714285716,0.6357142857142858
2015-01-17,20.3,6.7,13.1,0.0,10.7,72,1,17,1,13.0,11.9,12.1,12.1,12.333333333333334,12.200000000000001,12.328571428571427,0.0,0.0,0.4,0.0,0.13333333333333333,1.2714285714285716,0.6357142857142858
2015-01-18,20.5,6.3,12.9,0.0,11.0,70,1,18,1,13.1,13.0,11.9,12.6,12.666666666666666,12.342857142857143,12.37857142857143,0.0,0.0,0.0,0.0,0.0,1.2714285714285716,0.6357142857142858
2015-01-19,20.4,8.2,14.0,0.0,9.0,68,1,19,1,12.9,13.1,13.0,11.7,13.0,12.385714285714286,12.357142857142858,0.0,0.0,0.0,0.0,0.0,1.2714285714285716,0.6357142857142858
2015-01-20,19.5,6.4,13.1,0.0,12.0,77,1,20,1,14.0,12.9,13.1,12.0,13.333333333333334,12.714285714285714,12.378571428571428,0.0,0.0,0.0,8.5,0.0,1.2714285714285716,0.6357142857142858
2015-01-21,15.4,10.6,12.4,14.3,15.3,90,1,21,1,13.1,14.0,12.9,12.1,13.333333333333334,12.87142857142857,12.342857142857143,0.0,0.0,0.0,0.4,0.0,0.05714285714285715,0.6357142857142858
2015-01-22,16.9,9.5,12.7,1.7,8.0,82,1,22,1,12.4,13.1,14.0,11.9,13.166666666666666,12.914285714285715,12.314285714285713,14.3,0.0,0.0,0.0,4.766666666666667,2.042857142857143,1.6571428571428573
2015-01-23,16.2,8.3,11.8,0.2,9.1,87,1,23,1,12.7,12.4,13.1,13.0,12.733333333333334,13.028571428571427,12.428571428571429,1.7,14.3,0.0,0.0,5.333333333333333,2.2857142857142856,1.7785714285714287
2015-01-24,17.6,6.0,11.7,0.0,9.2,80,1,24,1,11.8,12.7,12.4,13.1,12.299999999999999,12.857142857142858,12.528571428571427,0.2,1.7,14.3,0.0,5.3999999999999995,2.314285714285714,1.792857142857143
2015-01-25,17.6,6.0,11.8,0.0,8.4,78,1,25,1,11.7,11.8,12.7,12.9,12.066666666666668,12.657142857142857,12.5,0.0,0.2,1.7,0.0,0.6333333333333333,2.314285714285714,1.792857142857143
2015-01-26,16.0,6.6,11.2,0.0,8.5,82,1,26,1,11.8,11.7,11.8,14.0,11.766666666666666,12.5,12.442857142857141,0.0,0.0,0.2,0.0,0.06666666666666667,2.314285714285714,1.792857142857143
2015-01-27,15.1,5.7,9.9,2.0,9.3,83,1,27,1,11.2,11.8,11.7,13.1,11.566666666666668,12.099999999999998,12.407142857142858,0.0,0.0,0.0,0.0,0.0,2.314285714285714,1.792857142857143
2015-01-28,16.3,3.9,9.7,0.0,10.9,68,1,28,1,9.9,11.2,11.8,12.4,10.966666666666667,11.642857142857142,12.257142857142858,2.0,0.0,0.0,14.3,0.6666666666666666,2.6,1.3285714285714287
2015-01-29,17.5,4.5,11.2,0.0,9.3,62,1,29,1,9.7,9.9,11.2,12.7,10.266666666666667,11.257142857142856,12.085714285714285,0.0,2.0,0.0,1.7,0.6666666666666666,0.5571428571428572,1.3000000000000003
2015-01-30,18.6,4.7,11.4,0.0,11.2,65,1,30,1,11.2,9.7,9.9,11.8,10.266666666666667,11.042857142857144,12.035714285714286,0.0,0.0,2.0,0.2,0.6666666666666666,0.31428571428571433,1.3000000000000003
2015-01-31,19.4,7.1,12.8,0.0,10.6,69,1,31,1,11.4,11.2,9.7,11.7,10.766666666666666,10.985714285714284,11.921428571428573,0.0,0.0,0.0,0.0,0.0,0.2857142857142857,1.3000000000000003
2015-02-01,20.4,8.6,14.0,0.4,11.9,74,2,32,1,12.8,11.4,11.2,11.8,11.799999999999999,11.142857142857142,11.900000000000002,0.0,0.0,0.0,0.0,0.0,0.2857142857142857,1.3000000000000003
2015-02-02,19.3,10.4,14.3,7.1,17.1,79,2,33,1,14.0,12.8,11.4,11.2,12.733333333333334,11.457142857142856,11.97857142857143,0.4,0.0,0.0,0.0,0.13333333333333333,0.34285714285714286,1.3285714285714287
2015-02-03,18.1,10.4,14.0,5.7,10.6,79,2,34,1,14.3,14.0,12.8,9.9,13.700000000000001,11.900000000000002,12.0,7.1,0.4,0.0,2.0,2.5,1.3571428571428572,1.8357142857142859
2015-02-04,19.8,7.9,13.1,0.0,10.8,77,2,35,1,14.0,14.3,14.0,9.7,14.1,12.485714285714286,12.064285714285713,5.7,7.1,0.4,0.0,4.3999999999999995,1.8857142857142857,2.242857142857143
2015-02-05,20.7,7.4,13.6,0.0,10.2,73,2,36,1,13.1,14.0,14.3,11.2,13.799999999999999,12.971428571428572,12.114285714285716,0.0,5.7,7.1,0.0,4.266666666666667,1.8857142857142857,1.2214285714285715
2015-02-06,19.6,9.6,13.9,0.0,10.7,75,2,37,1,13.6,13.1,14.0,11.4,13.566666666666668,13.314285714285713,12.178571428571429,0.0,0.0,5.7,0.0,1.9000000000000001,1.8857142857142857,1.1
2015-02-07,18.6,8.3,12.9,3.2,12.3,81,2,38,1,13.9,13.6,13.1,12.8,13.533333333333333,13.671428571428573,12.328571428571431,0.0,0.0,0.0,0.0,0.0,1.8857142857142857,1.0857142857142856
2015-02-08,19.4,7.6,13.3,1.6,9.5,78,2,39,1,12.9,13.9,13.6,14.0,13.466666666666667,13.685714285714287,12.414285714285713,3.2,0.0,0.0,0.4,1.0666666666666667,2.3428571428571425,1.3142857142857143
2015-02-09,21.4,7.0,13.9,0.0,8.9,70,2,40,1,13.3,12.9,13.9,14.3,13.366666666666667,13.585714285714287,12.521428571428572,1.6,3.2,0.0,7.1,1.6000000000000003,2.5142857142857147,1.4285714285714286
2015-02-10,22.0,7.7,14.4,0.0,9.5,68,2,41,1,13.9,13.3,12.9,14.0,13.366666666666667,13.528571428571427,12.714285714285714,0.0,1.6,3.2,5.7,1.6000000000000003,1.5,1.4285714285714286
2015-02-11,22.7,7.9,15.0,0.0,10.9,66,2,42,1,14.4,13.9,13.3,13.1,13.866666666666667,13.585714285714285,13.035714285714288,0.0,0.0,1.6,0.0,0.5333333333333333,0.6857142857142858,1.2857142857142858
2015-02-12,23.0,8.1,15.2,0.0,10.9,65,2,43,1,15.0,14.4,13.9,13.6,14.433333333333332,13.857142857142858,13.414285714285715,0.0,0.0,0.0,0.0,0.0,0.6857142857142858,1.2857142857142858
2015-02-13,23.7,10.8,16.9,0.0,10.8,65,2,44,1,15.2,15.0,14.4,13.9,14.866666666666667,14.085714285714287,13.700000000000001,0.0,0.0,0.0,0.0,0.0,0.6857142857142858,1.2857142857142858
2015-02-14,25.3,9.9,17.5,0.0,10.4,72,2,45,1,16.9,15.2,15.0,12.9,15.700000000000001,14.514285714285714,14.092857142857143,0.0,0.0,0.0,3.2,0.0,0.6857142857142858,1.2857142857142858
2015-02-15,25.9,12.5,18.9,0.0,10.1,71,2,46,1,17.5,16.9,15.2,13.3,16.533333333333335,15.171428571428569,14.428571428571429,0.0,0.0,0.0,1.6,0.0,0.2285714285714286,1.2857142857142858
2015-02-16,24.3,16.0,19.3,1.9,26.3,76,2,47,1,18.9,17.5,16.9,13.9,17.766666666666666,15.971428571428572,14.778571428571427,0.0,0.0,0.0,0.0,0.0,0.0,1.2571428571428573
2015-02-17,23.4,14.6,18.6,0.0,11.6,74,2,48,1,19.3,18.9,17.5,14.4,18.566666666666666,16.742857142857144,15.135714285714286,1.9,0.0,0.0,0.0,0.6333333333333333,0.2714285714285714,0.8857142857142856
2015-02-18,22.3,12.1,16.8,2.2,16.9,82,2,49,1,18.6,19.3,18.9,15.0,18.933333333333334,17.342857142857145,15.464285714285714,0.0,1.9,0.0,0.0,0.6333333333333333,0.2714285714285714,0.4785714285714286
2015-02-19,20.8,13.6,16.6,0.9,22.6,85,2,50,1,16.8,18.6,19.3,15.2,18.233333333333334,17.6,15.728571428571428,2.2,0.0,1.9,0.0,1.3666666666666665,0.5857142857142856,0.6357142857142858
2015-02-20,18.8,13.4,15.4,14.7,16.6,87,2,51,1,16.6,16.8,18.6,16.9,17.333333333333336,17.8,15.942857142857141,0.9,2.2,0.0,0.0,1.0333333333333334,0.7142857142857143,0.7000000000000001
2015-02-21,22.9,12.2,17.1,0.0,10.8,79,2,52,1,15.4,16.6,16.8,17.5,16.26666666666667,17.585714285714285,16.05,14.7,0.9,2.2,0.0,5.933333333333334,2.814285714285714,1.75
2015-02-22,25.8,13.0,19.0,0.0,10.4,74,2,53,1,17.1,15.4,16.6,18.9,16.366666666666667,17.52857142857143,16.35,0.0,14.7,0.9,0.0,5.2,2.814285714285714,1.5214285714285716
2015-02-23,24.7,13.0,19.2,0.0,8.8,80,2,54,1,19.0,17.1,15.4,19.3,17.166666666666668,17.542857142857144,16.757142857142856,0.0,0.0,14.7,1.9,4.8999999999999995,2.814285714285714,1.407142857142857
2015-02-24,22.5,16.5,19.4,1.9,28.5,83,2,55,1,19.2,19.0,17.1,18.6,18.433333333333334,17.52857142857143,17.135714285714286,0.0,0.0,0.0,0.0,0.0,2.542857142857143,1.407142857142857
2015-02-25,20.5,11.1,16.4,18.2,16.1,72,2,56,1,19.4,19.2,19.0,16.8,19.2,17.642857142857142,17.49285714285714,1.9,0.0,0.0,2.2,0.6333333333333333,2.814285714285714,1.5428571428571427
2015-02-26,20.0,7.4,13.6,0.0,10.2,66,2,57,1,16.4,19.4,19.2,16.6,18.333333333333332,17.585714285714285,17.59285714285714,18.2,1.9,0.0,0.9,6.699999999999999,5.1,2.8428571428571425
2015-02-27,19.9,7.3,14.2,0.0,9.5,60,2,58,1,13.6,16.4,19.4,15.4,16.466666666666665,17.15714285714286,17.478571428571428,0.0,18.2,1.9,14.7,6.699999999999999,4.971428571428571,2.8428571428571425
2015-02-28,20.3,7.3,14.9,0.0,10.9,60,2,59,1,14.2,13.6,16.4,17.1,14.733333333333333,16.985714285714284,17.285714285714285,0.0,0.0,18.2,0.0,6.066666666666666,2.871428571428571,2.8428571428571425
2015-03-01,15.4,12.1,13.8,20.9,15.7,81,3,60,2,14.9,14.2,13.6,19.0,14.233333333333334,16.67142857142857,17.099999999999998,0.0,0.0,0.0,0.0,0.0,2.871428571428571,2.8428571428571425
2015-03-02,18.0,11.7,14.6,4.0,13.6,81,3,61,2,13.8,14.9,14.2,19.2,14.299999999999999,15.928571428571427,16.735714285714288,20.9,0.0,0.0,0.0,6.966666666666666,5.857142857142857,4.335714285714285
2015-03-03,18.8,9.8,13.9,3.5,9.7,84,3,62,2,14.6,13.8,14.9,19.4,14.433333333333335,15.271428571428572,16.4,4.0,20.9,0.0,1.9,8.299999999999999,6.428571428571429,4.485714285714286
2015-03-04,19.8,8.1,14.3,0.1,7.6,79,3,63,2,13.9,14.6,13.8,16.4,14.1,14.485714285714284,16.064285714285713,3.5,4.0,20.9,18.2,9.466666666666667,6.657142857142857,4.735714285714286
2015-03-05,16.8,12.2,14.2,19.0,14.3,87,3,64,2,14.3,13.9,14.6,13.6,14.266666666666666,14.185714285714287,15.885714285714286,0.1,3.5,4.0,0.0,2.533333333333333,4.071428571428571,4.5857142857142845
2015-03-06,20.6,9.5,14.8,0.0,10.9,77,3,65,2,14.2,14.3,13.9,14.2,14.133333333333333,14.27142857142857,15.714285714285714,19.0,0.1,3.5,0.0,7.533333333333334,6.785714285714286,5.878571428571428
2015-03-07,17.3,11.7,14.2,6.9,13.1,84,3,66,2,14.8,14.2,14.3,14.9,14.433333333333332,14.357142857142858,15.671428571428573,0.0,19.0,0.1,0.0,6.366666666666667,6.785714285714286,4.828571428571428
2015-03-08,17.2,9.3,12.1,11.4,18.6,91,3,67,2,14.2,14.8,14.2,13.8,14.4,14.257142857142856,15.464285714285714,6.9,0.0,19.0,20.9,8.633333333333333,7.771428571428571,5.321428571428571
2015-03-09,18.2,9.3,12.9,0.0,13.0,76,3,68,2,12.1,14.2,14.8,14.6,13.700000000000001,14.014285714285716,14.971428571428572,11.4,6.9,0.0,4.0,6.1000000000000005,6.4142857142857155,6.135714285714285
2015-03-10,22.5,7.3,14.7,0.0,10.2,70,3,69,2,12.9,12.1,14.2,13.9,13.066666666666668,13.77142857142857,14.52142857142857,0.0,11.4,6.9,3.5,6.1000000000000005,5.842857142857143,6.135714285714285
2015-03-11,23.6,8.8,16.8,0.0,10.2,63,3,70,2,14.7,12.9,12.1,14.3,13.233333333333334,13.885714285714286,14.185714285714287,0.0,0.0,11.4,0.1,3.8000000000000003,5.342857142857143,6.0
2015-03-12,24.2,11.7,17.4,0.0,10.5,65,3,71,2,16.8,14.7,12.9,14.2,14.799999999999999,14.242857142857144,14.214285714285714,0.0,0.0,0.0,19.0,0.0,5.328571428571428,4.7
2015-03-13,24.7,11.0,18.0,0.0,8.4,65,3,72,2,17.4,16.8,14.7,14.8,16.3,14.700000000000001,14.485714285714286,0.0,0.0,0.0,0.0,0.0,2.6142857142857143,4.7
2015-03-14,23.4,13.3,17.8,1.1,8.0,73,3,73,2,18.0,17.4,16.8,14.2,17.400000000000002,15.157142857142857,14.757142857142856,0.0,0.0,0.0,6.9,0.0,2.6142857142857143,4.7
2015-03-15,19.9,15.0,16.9,22.3,16.8,87,3,74,2,17.8,18.0,17.4,12.1,17.733333333333334,15.671428571428573,14.964285714285714,1.1,0.0,0.0,11.4,0.3666666666666667,1.7857142857142858,4.778571428571429
2015-03-16,19.3,14.1,16.2,20.8,14.7,89,3,75,2,16.9,17.8,18.0,12.9,17.566666666666666,16.357142857142858,15.185714285714285,22.3,1.1,0.0,0.0,7.800000000000001,3.3428571428571425,4.878571428571429
2015-03-17,22.0,11.9,16.6,0.0,12.2,78,3,76,2,16.2,16.9,17.8,14.7,16.966666666666665,16.82857142857143,15.3,20.8,22.3,1.1,0.0,14.733333333333334,6.314285714285715,6.078571428571429
2015-03-18,24.8,11.4,17.9,0.0,11.2,71,3,77,2,16.6,16.2,16.9,16.8,16.566666666666666,17.1,15.492857142857144,0.0,20.8,22.3,0.0,14.366666666666667,6.314285714285715,5.828571428571429
2015-03-19,25.7,14.2,19.9,0.0,8.6,70,3,78,2,17.9,16.6,16.2,17.4,16.9,17.257142857142856,15.75,0.0,0.0,20.8,0.0,6.933333333333334,6.314285714285715,5.821428571428572
2015-03-20,26.6,15.7,21.1,0.0,7.9,70,3,79,2,19.9,17.9,16.6,18.0,18.133333333333333,17.614285714285714,16.157142857142855,0.0,0.0,0.0,0.0,0.0,6.314285714285715,4.464285714285714
2015-03-21,27.8,14.7,21.9,0.0,9.1,70,3,80,2,21.1,19.9,17.9,17.8,19.633333333333333,18.057142857142857,16.607142857142858,0.0,0.0,0.0,1.1,0.0,6.314285714285715,4.464285714285714
2015-03-22,29.4,15.5,22.6,0.0,14.0,71,3,81,2,21.9,21.1,19.9,16.9,20.966666666666665,18.642857142857142,17.157142857142855,0.0,0.0,0.0,22.3,0.0,6.1571428571428575,3.971428571428572
2015-03-23,30.5,15.8,23.5,0.0,10.5,73,3,82,2,22.6,21.9,21.1,16.2,21.866666666666664,19.457142857142856,17.90714285714286,0.0,0.0,0.0,20.8,0.0,2.9714285714285715,3.1571428571428575
2015-03-24,31.3,17.4,24.7,4.4,21.3,72,3,83,2,23.5,22.6,21.9,16.6,22.666666666666668,20.5,18.664285714285715,0.0,0.0,0.0,0.0,0.0,0.0,3.1571428571428575
2015-03-25,29.6,17.8,23.4,0.0,16.6,70,3,84,2,24.7,23.5,22.6,17.9,23.599999999999998,21.657142857142855,19.37857142857143,4.4,0.0,0.0,0.0,1.4666666666666668,0.6285714285714287,3.4714285714285715
2015-03-26,29.6,15.3,22.6,0.0,9.5,66,3,85,2,23.4,24.7,23.5,19.9,23.866666666666664,22.442857142857143,19.849999999999998,0.0,4.4,0.0,0.0,1.4666666666666668,0.6285714285714287,3.471428571428572
2015-03-27,30.5,14.9,23.5,0.0,9.4,65,3,86,2,22.6,23.4,24.7,21.1,23.566666666666666,22.82857142857143,20.22142857142857,0.0,0.0,4.4,0.0,1.4666666666666668,0.6285714285714287,3.471428571428572
2015-03-28,31.8,18.5,24.9,8.5,23.2,68,3,87,2,23.5,22.6,23.4,21.9,23.166666666666668,23.17142857142857,20.614285714285717,0.0,0.0,0.0,0.0,0.0,0.6285714285714287,3.471428571428572
2015-03-29,22.5,17.2,20.0,7.0,19.8,85,3,88,2,24.9,23.5,22.6,22.6,23.666666666666668,23.6,21.12142857142857,8.5,0.0,0.0,0.0,2.8333333333333335,1.842857142857143,4.000000000000001
2015-03-30,23.7,16.3,19.8,0.2,16.6,80,3,89,2,20.0,24.9,23.5,23.5,22.799999999999997,23.228571428571428,21.342857142857138,7.0,8.5,0.0,0.0,5.166666666666667,2.8428571428571425,2.9071428571428575
2015-03-31,25.2,16.7,20.7,0.1,11.7,80,3,90,2,19.8,20.0,24.9,24.7,21.566666666666663,22.699999999999996,21.599999999999998,0.2,7.0,8.5,4.4,5.233333333333333,2.8714285714285714,1.4357142857142857
2015-04-01,24.2,17.6,19.9,22.4,17.9,90,4,91,2,20.7,19.8,20.0,23.4,20.166666666666668,22.12857142857143,21.892857142857142,0.1,0.2,7.0,0.0,2.433333333333333,2.257142857142857,1.4428571428571428
2015-04-02,25.1,16.2,20.1,10.3,18.7,77,4,92,2,19.9,20.7,19.8,22.6,20.133333333333336,21.628571428571426,22.035714285714285,22.4,0.1,0.2,0.0,7.566666666666666,5.457142857142857,3.0428571428571423
2015-04-03,24.0,17.1,20.3,2.5,9.4,81,4,93,2,20.1,19.9,20.7,23.5,20.233333333333334,21.271428571428572,22.05,10.3,22.4,0.1,0.0,10.933333333333332,6.928571428571429,3.7785714285714285
2015-04-04,26.6,15.9,21.1,0.0,8.9,76,4,94,2,20.3,20.1,19.9,24.9,20.099999999999998,20.814285714285713,21.99285714285714,2.5,10.3,22.4,8.5,11.733333333333334,7.285714285714286,3.957142857142857
2015-04-05,27.7,16.1,21.8,0.5,10.6,72,4,95,2,21.1,20.3,20.1,20.0,20.500000000000004,20.271428571428572,21.935714285714287,0.0,2.5,10.3,7.0,4.266666666666667,6.071428571428571,3.957142857142857
2015-04-06,23.8,17.6,20.2,10.9,8.4,81,4,96,2,21.8,21.1,20.3,19.8,21.066666666666666,20.52857142857143,21.87857142857143,0.5,0.0,2.5,0.2,1.0,5.142857142857143,3.992857142857143
2015-04-07,23.6,16.1,19.1,6.6,14.6,85,4,97,2,20.2,21.8,21.1,20.7,21.033333333333335,20.585714285714285,21.642857142857142,10.9,0.5,0.0,0.1,3.8000000000000003,6.671428571428571,4.771428571428571
2015-04-08,25.9,16.3,20.4,0.0,10.5,75,4,98,2,19.1,20.2,21.8,19.9,20.366666666666667,20.357142857142858,21.24285714285714,6.6,10.9,0.5,22.4,6.0,7.6000000000000005,4.928571428571429
2015-04-09,28.2,14.8,22.3,0.0,8.9,68,4,99,2,20.4,19.1,20.2,20.1,19.9,20.428571428571427,21.028571428571432,0.0,6.6,10.9,10.3,5.833333333333333,4.4,4.928571428571429
2015-04-10,30.1,16.6,23.8,0.0,8.3,68,4,100,2,22.3,20.4,19.1,20.3,20.599999999999998,20.742857142857144,21.00714285714286,0.0,0.0,6.6,2.5,2.1999999999999997,2.9285714285714284,4.928571428571429
2015-04-11,29.2,18.4,23.7,0.6,10.2,74,4,101,2,23.8,22.3,20.4,21.1,22.166666666666668,21.24285714285714,21.02857142857143,0.0,0.0,0.0,0.0,0.0,2.5714285714285716,4.928571428571429
2015-04-12,30.6,18.3,24.3,0.0,9.2,69,4,102,2,23.7,23.8,22.3,21.8,23.266666666666666,21.614285714285717,20.942857142857147,0.6,0.0,0.0,0.5,0.19999999999999998,2.6571428571428575,4.364285714285715
2015-04-13,31.1,19.7,25.3,0.0,9.2,61,4,103,2,24.3,23.7,23.8,20.2,23.933333333333337,21.971428571428568,21.25,0.0,0.6,0.0,10.9,0.19999999999999998,2.585714285714286,3.8642857142857143
2015-04-14,31.0,19.0,25.0,0.0,8.8,66,4,104,2,25.3,24.3,23.7,19.1,24.433333333333334,22.7,21.642857142857142,0.0,0.0,0.6,6.6,0.19999999999999998,1.0285714285714285,3.85
2015-04-15,31.7,20.0,26.0,0.0,13.0,65,4,105,2,25.0,25.3,24.3,20.4,24.866666666666664,23.542857142857144,21.95,0.0,0.0,0.0,0.0,0.0,0.08571428571428572,3.8428571428571425
2015-04-16,29.6,21.1,24.9,0.1,22.8,69,4,106,2,26.0,25.0,25.3,22.3,25.433333333333334,24.342857142857145,22.385714285714283,0.0,0.0,0.0,0.0,0.0,0.08571428571428572,2.242857142857143
2015-04-17,31.6,19.6,25.8,0.0,8.9,69,4,107,2,24.9,26.0,25.0,23.8,25.3,24.714285714285715,22.72857142857143,0.1,0.0,0.0,0.0,0.03333333333333333,0.09999999999999999,1.5142857142857142
2015-04-18,33.4,20.4,27.3,0.0,9.0,66,4,108,2,25.8,24.9,26.0,23.7,25.566666666666666,25.0,23.12142857142857,0.0,0.1,0.0,0.6,0.03333333333333333,0.09999999999999999,1.3357142857142856
2015-04-19,35.6,22.4,28.3,0.0,17.2,51,4,109,2,27.3,25.8,24.9,24.3,26.0,25.514285714285712,23.564285714285713,0.0,0.0,0.1,0.0,0.03333333333333333,0.014285714285714287,1.3357142857142856
2015-04-20,33.5,21.3,27.0,0.0,25.6,51,4,110,2,28.3,27.3,25.8,25.3,27.133333333333336,26.08571428571429,24.02857142857143,0.0,0.0,0.0,0.0,0.0,0.014285714285714287,1.3
2015-04-21,34.1,20.0,27.2,0.0,9.7,51,4,111,2,27.0,28.3,27.3,25.0,27.53333333333333,26.32857142857143,24.514285714285712,0.0,0.0,0.0,0.0,0.0,0.014285714285714287,0.5214285714285715
2015-04-22,35.5,18.3,27.4,0.0,9.8,46,4,112,2,27.2,27.0,28.3,26.0,27.5,26.642857142857142,25.092857142857145,0.0,0.0,0.0,0.0,0.0,0.014285714285714287,0.049999999999999996
2015-04-23,36.4,19.1,28.1,0.0,10.2,45,4,113,2,27.4,27.2,27.0,24.9,27.2,26.842857142857145,25.592857142857145,0.0,0.0,0.0,0.1,0.0,0.014285714285714287,0.049999999999999996
2015-04-24,37.6,19.0,28.7,0.2,10.5,43,4,114,2,28.1,27.4,27.2,25.8,27.566666666666666,27.3,26.007142857142856,0.0,0.0,0.0,0.0,0.0,0.0,0.049999999999999996
2015-04-25,38.3,21.1,29.9,0.0,11.5,36,4,115,2,28.7,28.1,27.4,27.3,28.066666666666663,27.714285714285715,26.357142857142858,0.2,0.0,0.0,0.0,0.06666666666666667,0.028571428571428574,0.0642857142857143
2015-04-26,37.1,23.0,30.2,0.0,18.9,36,4,116,2,29.9,28.7,28.1,28.3,28.900000000000002,28.085714285714285,26.8,0.0,0.2,0.0,0.0,0.06666666666666667,0.028571428571428574,0.021428571428571432
2015-04-27,36.5,24.6,29.5,0.2,28.3,48,4,117,2,30.2,29.9,28.7,27.0,29.599999999999998,28.357142857142858,27.22142857142857,0.0,0.0,0.2,0.0,0.06666666666666667,0.028571428571428574,0.021428571428571432
2015-04-28,36.1,22.5,29.3,0.0,12.3,39,4,118,2,29.5,30.2,29.9,27.2,29.866666666666664,28.714285714285715,27.521428571428572,0.2,0.0,0.0,0.0,0.06666666666666667,0.05714285714285715,0.03571428571428571
2015-04-29,37.3,19.9,29.6,0.1,14.5,32,4,119,2,29.3,29.5,30.2,27.4,29.666666666666668,29.014285714285712,27.82857142857143,0.0,0.2,0.0,0.0,0.06666666666666667,0.05714285714285715,0.03571428571428571
2015-04-30,35.0,23.8,29.1,0.0,28.5,32,4,120,2,29.6,29.3,29.5,28.1,29.46666666666667,29.328571428571426,28.085714285714285,0.1,0.0,0.2,0.0,0.10000000000000002,0.07142857142857142,0.042857142857142864
2015-05-01,34.4,21.3,28.0,0.1,12.7,39,5,121,2,29.1,29.6,29.3,28.7,29.333333333333332,29.47142857142857,28.385714285714283,0.0,0.1,0.0,0.2,0.03333333333333333,0.07142857142857142,0.03571428571428571
2015-05-02,35.3,19.8,28.3,0.0,9.2,37,5,122,2,28.0,29.1,29.6,29.9,28.900000000000002,29.371428571428574,28.542857142857144,0.1,0.0,0.1,0.0,0.06666666666666667,0.05714285714285715,0.042857142857142864
2015-05-03,36.5,19.5,28.8,0.0,9.4,34,5,123,2,28.3,28.0,29.1,30.2,28.46666666666667,29.142857142857142,28.614285714285717,0.0,0.1,0.0,0.0,0.03333333333333333,0.05714285714285715,0.042857142857142864
2015-05-04,37.8,20.2,30.0,0.0,9.4,34,5,124,2,28.8,28.3,28.0,29.5,28.366666666666664,28.942857142857147,28.650000000000002,0.0,0.0,0.1,0.2,0.03333333333333333,0.05714285714285715,0.042857142857142864
2015-05-05,39.7,21.9,31.5,0.0,11.8,33,5,125,2,30.0,28.8,28.3,29.3,29.03333333333333,29.014285714285716,28.864285714285717,0.0,0.0,0.0,0.0,0.0,0.028571428571428574,0.042857142857142864
2015-05-06,39.9,22.9,32.3,0.0,9.4,34,5,126,2,31.5,30.0,28.8,29.6,30.100000000000005,29.32857142857143,29.171428571428574,0.0,0.0,0.0,0.1,0.0,0.028571428571428574,0.042857142857142864
2015-05-07,41.3,26.2,33.6,0.0,13.6,31,5,127,2,32.3,31.5,30.0,29.1,31.266666666666666,29.714285714285715,29.52142857142857,0.0,0.0,0.0,0.0,0.0,0.014285714285714287,0.042857142857142864
2015-05-08,40.6,23.6,32.4,0.2,9.6,34,5,128,2,33.6,32.3,31.5,28.0,32.46666666666667,30.357142857142858,29.914285714285715,0.0,0.0,0.0,0.1,0.0,0.014285714285714287,0.042857142857142864
2015-05-09,40.1,26.3,33.0,0.0,15.5,30,5,129,2,32.4,33.6,32.3,28.3,32.766666666666666,30.985714285714284,30.178571428571427,0.2,0.0,0.0,0.0,0.06666666666666667,0.028571428571428574,0.04285714285714286
2015-05-10,39.2,24.4,31.9,3.1,15.6,33,5,130,2,33.0,32.4,33.6,28.8,33.0,31.657142857142862,30.400000000000002,0.0,0.2,0.0,0.0,0.06666666666666667,0.028571428571428574,0.04285714285714286
2015-05-11,35.9,23.8,29.2,1.2,22.3,48,5,131,2,31.9,33.0,32.4,30.0,32.43333333333334,32.1,30.521428571428572,3.1,0.0,0.2,0.0,1.1,0.4714285714285715,0.2642857142857143
2015-05-12,31.2,22.4,26.4,1.3,15.2,66,5,132,2,29.2,31.9,33.0,31.5,31.366666666666664,31.985714285714288,30.5,1.2,3.1,0.0,0.0,1.4333333333333333,0.6428571428571429,0.33571428571428574
2015-05-13,31.2,22.2,26.8,0.5,11.4,65,5,133,2,26.4,29.2,31.9,32.3,29.166666666666668,31.257142857142856,30.29285714285714,1.3,1.2,3.1,0.0,1.8666666666666665,0.8285714285714286,0.42857142857142855
2015-05-14,33.8,21.9,28.1,0.3,12.2,57,5,134,2,26.8,26.4,29.2,33.6,27.46666666666667,30.47142857142857,30.092857142857145,0.5,1.3,1.2,0.0,1.0,0.9000000000000001,0.4571428571428572
2015-05-15,35.2,21.8,29.1,0.0,9.5,55,5,135,2,28.1,26.8,26.4,32.4,27.099999999999998,29.685714285714283,30.021428571428572,0.3,0.5,1.3,0.2,0.7000000000000001,0.942857142857143,0.4785714285714286
2015-05-16,37.0,23.7,31.0,0.0,8.4,44,5,136,2,29.1,28.1,26.8,33.0,28.0,29.214285714285715,30.099999999999998,0.0,0.3,0.5,0.0,0.26666666666666666,0.9142857142857144,0.4714285714285714
2015-05-17,39.2,26.2,33.1,0.0,14.9,41,5,137,2,31.0,29.1,28.1,31.9,29.400000000000002,28.928571428571427,30.292857142857144,0.0,0.0,0.3,3.1,0.09999999999999999,0.9142857142857144,0.4714285714285714
2015-05-18,39.8,26.2,33.0,0.0,17.5,41,5,138,2,33.1,31.0,29.1,29.2,31.066666666666666,29.1,30.599999999999998,0.0,0.0,0.0,1.2,0.0,0.4714285714285714,0.4714285714285714
2015-05-19,39.1,26.4,32.6,2.4,11.1,35,5,139,2,33.0,33.1,31.0,26.4,32.36666666666667,29.642857142857142,30.814285714285713,0.0,0.0,0.0,1.3,0.0,0.29999999999999993,0.4714285714285714
2015-05-20,39.2,23.8,32.1,0.0,10.0,31,5,140,2,32.6,33.0,33.1,26.8,32.9,30.528571428571432,30.892857142857142,2.4,0.0,0.0,0.5,0.7999999999999999,0.45714285714285713,0.6428571428571429
2015-05-21,40.3,23.6,32.7,0.0,10.2,28,5,141,2,32.1,32.6,33.0,28.1,32.56666666666667,31.285714285714285,30.87857142857143,0.0,2.4,0.0,0.3,0.7999999999999999,0.3857142857142857,0.6428571428571429
2015-05-22,41.9,23.8,33.6,0.2,11.1,27,5,142,2,32.7,32.1,32.6,29.1,32.46666666666667,31.942857142857147,30.814285714285717,0.0,0.0,2.4,0.0,0.7999999999999999,0.34285714285714286,0.6428571428571429
2015-05-23,41.3,24.6,33.9,0.6,11.8,23,5,143,2,33.6,32.7,32.1,31.0,32.800000000000004,32.58571428571428,30.9,0.2,0.0,0.0,0.0,0.06666666666666667,0.37142857142857144,0.6428571428571429
2015-05-24,42.3,27.5,34.5,0.5,18.4,20,5,144,2,33.9,33.6,32.7,33.1,33.4,33.00000000000001,30.96428571428572,0.6,0.2,0.0,0.0,0.26666666666666666,0.4571428571428572,0.6857142857142857
2015-05-25,41.1,26.5,33.9,0.0,13.4,22,5,145,2,34.5,33.9,33.6,33.0,34.0,33.2,31.150000000000002,0.5,0.6,0.2,0.0,0.4333333333333333,0.5285714285714286,0.5
2015-05-26,38.1,26.1,31.7,0.0,20.0,20,5,146,2,33.9,34.5,33.9,32.6,34.1,33.32857142857143,31.485714285714288,0.0,0.5,0.6,2.4,0.3666666666666667,0.5285714285714286,0.41428571428571426
2015-05-27,39.7,21.9,31.8,0.0,9.8,24,5,147,2,31.7,33.9,34.5,32.1,33.36666666666667,33.2,31.864285714285717,0.0,0.0,0.5,0.0,0.16666666666666663,0.18571428571428572,0.32142857142857145
2015-05-28,39.3,25.8,32.8,1.3,9.1,30,5,148,2,31.8,31.7,33.9,32.7,32.46666666666667,33.15714285714286,32.221428571428575,0.0,0.0,0.0,0.0,0.0,0.18571428571428572,0.2857142857142857
2015-05-29,38.0,27.5,32.9,1.5,19.2,37,5,149,2,32.8,31.8,31.7,33.6,32.1,33.17142857142857,32.55714285714286,1.3,0.0,0.0,0.2,0.4333333333333333,0.37142857142857144,0.35714285714285715
2015-05-30,39.3,25.4,32.9,0.3,9.3,35,5,150,2,32.9,32.8,31.8,33.9,32.5,33.07142857142857,32.82857142857143,1.5,1.3,0.0,0.6,0.9333333333333332,0.5571428571428572,0.4642857142857143
2015-05-31,39.5,24.7,32.0,1.2,10.0,33,5,151,2,32.9,32.9,32.8,34.5,32.86666666666667,32.92857142857143,32.964285714285715,0.3,1.5,1.3,0.5,1.0333333333333334,0.5142857142857142,0.4857142857142857
2015-06-01,37.7,23.5,30.9,1.6,15.0,32,6,152,3,32.0,32.9,32.9,33.9,32.6,32.57142857142857,32.885714285714286,1.2,0.3,1.5,0.0,1.0,0.6142857142857142,0.5714285714285714
2015-06-02,36.9,24.1,30.1,3.4,22.2,38,6,153,3,30.9,32.0,32.9,31.7,31.933333333333337,32.142857142857146,32.73571428571429,1.6,1.2,0.3,0.0,1.0333333333333334,0.8428571428571429,0.6857142857142857
2015-06-03,34.1,22.9,28.2,0.6,19.7,49,6,154,3,30.1,30.9,32.0,31.8,31.0,31.91428571428571,32.55714285714286,3.4,1.6,1.2,0.0,2.066666666666667,1.3285714285714287,0.7571428571428571
2015-06-04,33.7,23.4,28.2,1.2,11.6,58,6,155,3,28.2,30.1,30.9,32.8,29.733333333333334,31.4,32.27857142857143,0.6,3.4,1.6,1.3,1.8666666666666665,1.4142857142857144,0.7999999999999999
2015-06-05,35.1,23.5,29.1,0.4,9.3,50,6,156,3,28.2,28.2,30.1,32.9,28.833333333333332,30.74285714285714,31.957142857142856,1.2,0.6,3.4,1.5,1.7333333333333332,1.4000000000000001,0.8857142857142856
2015-06-06,37.9,23.5,31.3,0.0,9.7,44,6,157,3,29.1,28.2,28.2,32.9,28.5,30.199999999999996,31.635714285714283,0.4,1.2,0.6,0.3,0.7333333333333333,1.242857142857143,0.9
2015-06-07,40.0,24.7,33.3,0.0,9.3,34,6,158,3,31.3,29.1,28.2,32.0,29.53333333333333,29.97142857142857,31.449999999999996,0.0,0.4,1.2,1.2,0.5333333333333332,1.2,0.8571428571428571
2015-06-08,41.7,26.1,34.7,0.0,9.0,32,6,159,3,33.3,31.3,29.1,30.9,31.23333333333333,30.157142857142862,31.36428571428571,0.0,0.0,0.4,1.6,0.13333333333333333,1.0285714285714287,0.8214285714285714
2015-06-09,42.1,26.7,34.8,0.8,13.0,32,6,160,3,34.7,33.3,31.3,30.1,33.1,30.7,31.42142857142857,0.0,0.0,0.0,3.4,0.0,0.7999999999999999,0.8214285714285714
2015-06-10,40.1,29.3,33.9,4.0,16.2,41,6,161,3,34.8,34.7,33.3,28.2,34.26666666666666,31.371428571428574,31.642857142857142,0.8,0.0,0.0,0.6,0.26666666666666666,0.42857142857142855,0.8785714285714287
2015-06-11,37.6,25.7,32.2,2.1,12.2,54,6,162,3,33.9,34.8,34.7,28.2,34.46666666666666,32.18571428571428,31.79285714285714,4.0,0.8,0.0,1.2,1.5999999999999999,0.9142857142857144,1.1642857142857144
2015-06-12,39.4,27.8,33.5,0.2,7.6,48,6,163,3,32.2,33.9,34.8,29.1,33.63333333333333,32.75714285714286,31.75,2.1,4.0,0.8,0.4,2.3000000000000003,1.042857142857143,1.2214285714285715
2015-06-13,39.5,28.4,34.0,0.2,17.7,39,6,164,3,33.5,32.2,33.9,31.3,33.199999999999996,33.385714285714286,31.792857142857144,0.2,2.1,4.0,0.0,2.1,1.0142857142857145,1.1285714285714286
2015-06-14,38.1,27.6,33.1,0.4,15.6,45,6,165,3,34.0,33.5,32.2,33.3,33.23333333333333,33.77142857142857,31.871428571428574,0.2,0.2,2.1,0.0,0.8333333333333334,1.042857142857143,1.1214285714285714
2015-06-15,35.4,27.4,31.7,0.0,9.0,55,6,166,3,33.1,34.0,33.5,34.7,33.53333333333333,33.74285714285715,31.95,0.4,0.2,0.2,0.0,0.26666666666666666,1.1,1.0642857142857143
2015-06-16,37.3,26.4,32.5,0.0,7.7,50,6,167,3,31.7,33.1,34.0,34.8,32.93333333333333,33.31428571428571,32.00714285714285,0.0,0.4,0.2,0.8,0.20000000000000004,1.1,0.9500000000000001
2015-06-17,38.9,27.7,33.9,0.0,7.7,45,6,168,3,32.5,31.7,33.1,33.9,32.43333333333333,32.98571428571428,32.17857142857143,0.0,0.0,0.4,4.0,0.13333333333333333,0.9857142857142859,0.7071428571428572
2015-06-18,40.9,29.1,35.7,0.0,8.2,40,6,169,3,33.9,32.5,31.7,32.2,32.699999999999996,32.98571428571429,32.58571428571428,0.0,0.0,0.0,2.1,0.0,0.4142857142857145,0.6642857142857144
2015-06-19,42.1,31.4,37.0,0.0,8.5,36,6,170,3,35.7,33.9,32.5,33.5,34.03333333333333,33.48571428571429,33.121428571428574,0.0,0.0,0.0,0.2,0.0,0.11428571428571442,0.5785714285714286
2015-06-20,41.1,28.9,35.1,5.7,21.3,46,6,171,3,37.0,35.7,33.9,34.0,35.53333333333333,33.98571428571429,33.68571428571429,0.0,0.0,0.0,0.2,0.0,0.08571428571428585,0.55
2015-06-21,35.3,27.2,32.2,6.4,19.1,59,6,172,3,35.1,37.0,35.7,33.1,35.93333333333333,34.142857142857146,33.95714285714286,5.7,0.0,0.0,0.4,1.9000000000000001,0.8714285714285717,0.9571428571428572
2015-06-22,37.9,27.9,33.3,0.9,8.7,54,6,173,3,32.2,35.1,37.0,31.7,34.766666666666666,34.01428571428572,33.878571428571426,6.4,5.7,0.0,0.0,4.033333333333334,1.7285714285714289,1.4142857142857144
2015-06-23,35.2,26.7,31.3,4.5,9.1,61,6,174,3,33.3,32.2,35.1,32.5,33.533333333333324,34.24285714285715,33.77857142857143,0.9,6.4,5.7,0.0,4.333333333333333,1.8571428571428574,1.4785714285714284
2015-06-24,30.2,24.7,27.2,72.0,14.0,81,6,175,3,31.3,33.3,32.2,33.9,32.26666666666666,34.07142857142857,33.52857142857143,4.5,0.9,6.4,0.0,3.9333333333333336,2.5,1.7428571428571427
2015-06-25,33.0,23.5,28.6,0.0,7.0,67,6,176,3,27.2,31.3,33.3,35.7,30.599999999999994,33.114285714285714,33.050000000000004,72.0,4.5,0.9,0.0,25.8,12.785714285714286,6.6000000000000005
2015-06-26,34.5,25.0,30.3,0.0,6.1,63,6,177,3,28.6,27.2,31.3,37.0,29.03333333333333,32.1,32.79285714285714,0.0,72.0,4.5,0.0,25.5,12.785714285714286,6.450000000000001
2015-06-27,36.9,27.3,32.1,0.0,8.8,61,6,178,3,30.3,28.6,27.2,35.1,28.7,31.142857142857142,32.56428571428571,0.0,0.0,72.0,5.7,24.0,12.785714285714286,6.435714285714286
2015-06-28,38.2,28.6,33.2,0.0,6.8,58,6,179,3,32.1,30.3,28.6,32.2,30.33333333333333,30.714285714285715,32.42857142857143,0.0,0.0,0.0,6.4,0.0,11.971428571428572,6.421428571428572
2015-06-29,37.3,27.6,32.3,1.4,17.1,62,6,180,3,33.2,32.1,30.3,33.3,31.866666666666664,30.857142857142858,32.43571428571429,0.0,0.0,0.0,0.9,0.0,11.057142857142859,6.392857142857143
2015-06-30,33.3,25.7,29.6,5.4,16.6,74,6,181,3,32.3,33.2,32.1,31.3,32.53333333333333,30.714285714285715,32.478571428571435,1.4,0.0,0.0,4.5,0.4666666666666666,11.12857142857143,6.492857142857143
2015-07-01,35.5,25.6,31.0,0.0,9.0,64,7,182,3,29.6,32.3,33.2,27.2,31.699999999999992,30.471428571428568,32.27142857142857,5.4,1.4,0.0,72.0,2.266666666666667,11.257142857142856,6.878571428571428
2015-07-02,35.8,27.0,31.6,0.1,7.9,61,7,183,3,31.0,29.6,32.3,28.6,30.966666666666658,31.014285714285712,32.06428571428571,0.0,5.4,1.4,0.0,2.266666666666667,0.9714285714285715,6.878571428571428
2015-07-03,36.8,27.3,32.3,0.0,6.9,63,7,184,3,31.6,31.0,29.6,30.3,30.73333333333333,31.442857142857147,31.771428571428572,0.1,0.0,5.4,0.0,1.8333333333333333,0.9857142857142858,6.885714285714286
2015-07-04,38.3,29.2,33.9,0.0,8.7,59,7,185,3,32.3,31.6,31.0,32.1,31.633333333333326,31.728571428571428,31.435714285714287,0.0,0.1,0.0,0.0,0.03333333333333333,0.9857142857142858,6.885714285714286
2015-07-05,39.9,30.5,35.5,0.0,9.2,54,7,186,3,33.9,32.3,31.6,33.2,32.599999999999994,31.985714285714288,31.349999999999998,0.0,0.0,0.1,0.0,0.03333333333333333,0.9857142857142858,6.4785714285714295
2015-07-06,37.7,28.6,33.1,4.3,17.6,63,7,187,3,35.5,33.9,32.3,32.3,33.9,32.31428571428571,31.585714285714285,0.0,0.0,0.0,1.4,0.0,0.9857142857142858,6.021428571428572
2015-07-07,32.4,26.0,29.4,7.9,16.1,78,7,188,3,33.1,35.5,33.9,29.6,34.16666666666666,32.42857142857143,31.571428571428573,4.3,0.0,0.0,5.4,1.4333333333333333,1.4000000000000001,6.264285714285714
2015-07-08,33.7,26.0,30.0,3.9,9.6,75,7,189,3,29.4,33.1,35.5,31.0,32.66666666666666,32.4,31.435714285714283,7.9,4.3,0.0,0.0,4.066666666666666,1.7571428571428573,6.507142857142857
2015-07-09,36.3,27.9,32.0,0.0,10.8,64,7,190,3,30.0,29.4,33.1,31.6,30.833333333333325,32.25714285714286,31.635714285714283,3.9,7.9,4.3,0.1,5.366666666666667,2.314285714285714,1.6428571428571428
2015-07-10,33.0,26.2,28.9,18.5,17.1,80,7,191,3,32.0,30.0,29.4,32.3,30.466666666666658,32.31428571428571,31.87857142857143,0.0,3.9,7.9,0.0,3.933333333333333,2.3,1.6428571428571428
2015-07-11,30.8,24.9,27.2,17.2,11.9,83,7,192,3,28.9,32.0,30.0,33.9,30.299999999999994,31.82857142857143,31.77857142857143,18.5,0.0,3.9,0.0,7.466666666666666,4.942857142857142,2.9642857142857144
2015-07-12,32.6,25.3,28.3,1.3,12.1,76,7,193,3,27.2,28.9,32.0,35.5,29.36666666666666,30.87142857142857,31.428571428571427,17.2,18.5,0.0,0.0,11.9,7.3999999999999995,4.192857142857143
2015-07-13,31.4,26.2,28.5,1.5,6.8,74,7,194,3,28.3,27.2,28.9,33.1,28.133333333333326,29.842857142857138,31.07857142857143,1.3,17.2,18.5,4.3,12.333333333333334,7.5857142857142845,4.285714285714286
2015-07-14,35.4,25.9,30.9,0.0,7.1,69,7,195,3,28.5,28.3,27.2,29.4,27.99999999999999,29.185714285714287,30.807142857142853,1.5,1.3,17.2,7.9,6.666666666666667,7.185714285714285,4.292857142857143
2015-07-15,37.0,28.1,32.9,0.0,9.8,68,7,196,3,30.9,28.5,28.3,30.0,29.233333333333324,29.4,30.900000000000002,0.0,1.5,1.3,3.9,0.9333333333333332,6.057142857142857,3.9071428571428575
2015-07-16,36.9,28.7,33.2,0.4,13.5,68,7,197,3,32.9,30.9,28.5,32.0,30.766666666666662,29.814285714285713,31.035714285714285,0.0,0.0,1.5,0.0,0.5,5.499999999999999,3.9071428571428575
2015-07-17,34.0,27.3,30.3,1.6,18.3,76,7,198,3,33.2,32.9,30.9,28.9,32.33333333333332,29.985714285714284,31.150000000000002,0.4,0.0,0.0,18.5,0.13333333333333333,5.557142857142857,3.9285714285714284
2015-07-18,32.4,25.3,28.8,7.4,13.1,81,7,199,3,30.3,33.2,32.9,27.2,32.133333333333326,30.185714285714287,31.007142857142856,1.6,0.4,0.0,17.2,0.6666666666666666,3.142857142857143,4.042857142857143
2015-07-19,33.6,25.4,29.1,11.9,9.0,83,7,200,3,28.8,30.3,33.2,28.3,30.766666666666662,30.414285714285715,30.642857142857142,7.4,1.6,0.4,1.3,3.1333333333333333,1.742857142857143,4.571428571428571
2015-07-20,34.0,25.1,29.7,6.8,12.3,78,7,201,3,29.1,28.8,30.3,28.5,29.399999999999995,30.528571428571432,30.185714285714287,11.9,7.4,1.6,1.5,6.966666666666666,3.257142857142857,5.421428571428572
2015-07-21,33.3,26.6,29.6,1.9,11.2,79,7,202,3,29.7,29.1,28.8,30.9,29.199999999999992,30.699999999999996,29.942857142857143,6.8,11.9,7.4,0.0,8.7,4.014285714285714,5.6000000000000005
2015-07-22,33.6,26.5,29.9,2.7,9.4,78,7,203,3,29.6,29.7,29.1,32.9,29.466666666666658,30.514285714285716,29.95714285714286,1.9,6.8,11.9,0.0,6.866666666666667,4.285714285714286,5.171428571428572
2015-07-23,33.8,27.1,30.1,5.6,11.4,78,7,204,3,29.9,29.6,29.7,33.2,29.733333333333324,30.085714285714285,29.95,2.7,1.9,6.8,0.4,3.8000000000000003,4.671428571428572,5.0857142857142845
2015-07-24,33.0,26.1,29.1,7.2,12.2,83,7,205,3,30.1,29.9,29.6,30.3,29.86666666666666,29.642857142857142,29.814285714285717,5.6,2.7,1.9,1.6,3.4,5.4142857142857155,5.485714285714286
2015-07-25,34.1,26.0,30.1,5.6,7.9,78,7,206,3,29.1,30.1,29.9,28.8,29.699999999999992,29.47142857142857,29.828571428571426,7.2,5.6,2.7,7.4,5.166666666666667,6.214285714285714,4.678571428571429
2015-07-26,32.8,25.6,29.0,17.3,17.9,80,7,207,3,30.1,29.1,30.1,29.1,29.766666666666662,29.657142857142855,30.035714285714285,5.6,7.2,5.6,11.9,6.133333333333333,5.957142857142857,3.85
2015-07-27,34.3,27.0,30.3,0.2,16.2,68,7,208,3,29.0,30.1,29.1,29.7,29.399999999999995,29.642857142857142,30.08571428571429,17.3,5.6,7.2,6.8,10.033333333333333,6.728571428571429,4.992857142857143
2015-07-28,33.5,27.4,30.1,0.4,19.1,72,7,209,3,30.3,29.0,30.1,29.6,29.799999999999994,29.72857142857143,30.21428571428572,0.2,17.3,5.6,1.9,7.7,5.7857142857142865,4.9
2015-07-29,34.2,26.9,30.4,0.0,13.7,67,7,210,3,30.1,30.3,29.0,29.9,29.799999999999994,29.8,30.157142857142855,0.4,0.2,17.3,2.7,5.966666666666668,5.571428571428571,4.928571428571429
2015-07-30,33.7,27.5,30.2,0.5,16.4,71,7,211,3,30.4,30.1,30.3,30.1,30.266666666666662,29.871428571428574,29.97857142857143,0.0,0.4,0.2,5.6,0.20000000000000004,5.185714285714286,4.928571428571429
2015-07-31,32.2,27.0,28.8,3.9,20.2,78,7,212,3,30.2,30.4,30.1,29.1,30.233333333333324,29.885714285714283,29.764285714285712,0.5,0.0,0.4,7.2,0.3,4.457142857142857,4.935714285714285
2015-08-01,28.8,25.4,27.2,15.5,17.7,86,8,213,3,28.8,30.2,30.4,30.1,29.799999999999994,29.842857142857145,29.657142857142862,3.9,0.5,0.0,5.6,1.4666666666666668,3.985714285714286,5.1000000000000005
2015-08-02,29.2,25.3,26.5,6.1,14.5,90,8,214,3,27.2,28.8,30.2,29.0,28.733333333333324,29.428571428571427,29.542857142857144,15.5,3.9,0.5,17.3,6.633333333333333,5.3999999999999995,5.678571428571429
2015-08-03,30.7,25.0,27.1,8.3,8.2,89,8,215,3,26.5,27.2,28.8,30.3,27.49999999999999,29.071428571428573,29.357142857142858,6.1,15.5,3.9,0.2,8.5,3.8000000000000003,5.264285714285714
2015-08-04,33.0,25.8,29.3,1.7,6.1,83,8,216,3,27.1,26.5,27.2,30.1,26.933333333333326,28.61428571428571,29.17142857142857,8.3,6.1,15.5,0.4,9.966666666666667,4.957142857142857,5.371428571428572
2015-08-05,33.4,26.4,29.9,6.1,9.2,81,8,217,3,29.3,27.1,26.5,30.4,27.633333333333326,28.5,29.15,1.7,8.3,6.1,0.0,5.366666666666667,5.142857142857143,5.357142857142857
2015-08-06,34.8,26.9,30.9,0.6,9.2,78,8,218,3,29.9,29.3,27.1,30.2,28.766666666666662,28.428571428571427,29.150000000000002,6.1,1.7,8.3,0.5,5.366666666666667,6.014285714285714,5.6000000000000005
2015-08-07,35.9,27.6,31.6,2.6,9.0,75,8,219,3,30.9,29.9,29.3,28.8,30.033333333333328,28.52857142857143,29.207142857142856,0.6,6.1,1.7,3.9,2.8000000000000003,6.028571428571429,5.242857142857143
2015-08-08,35.5,28.2,31.7,0.0,12.9,69,8,220,3,31.6,30.9,29.9,27.2,30.799999999999994,28.928571428571427,29.38571428571429,2.6,0.6,6.1,15.5,3.1,5.8428571428571425,4.914285714285714
2015-08-09,33.9,26.4,29.9,3.1,12.7,81,8,221,3,31.7,31.6,30.9,26.5,31.39999999999999,29.571428571428573,29.5,0.0,2.6,0.6,6.1,1.0666666666666667,3.6285714285714286,4.514285714285714
2015-08-10,34.6,26.2,30.5,3.4,11.0,77,8,222,3,29.9,31.7,31.6,27.1,31.06666666666666,30.057142857142857,29.564285714285713,3.1,0.0,2.6,8.3,1.9000000000000001,3.1999999999999997,3.5000000000000004
2015-08-11,35.3,27.8,31.4,1.1,13.5,77,8,223,3,30.5,29.9,31.7,29.3,30.699999999999992,30.542857142857144,29.578571428571426,3.4,3.1,0.0,1.7,2.1666666666666665,2.5,3.7285714285714286
2015-08-12,33.0,25.8,29.4,5.8,14.2,81,8,224,3,31.4,30.5,29.9,29.9,30.59999999999999,30.842857142857145,29.671428571428574,1.1,3.4,3.1,6.1,2.533333333333333,2.4142857142857146,3.778571428571429
2015-08-13,34.2,27.1,30.5,0.2,9.8,76,8,225,3,29.4,31.4,30.5,30.9,30.433333333333326,30.77142857142857,29.599999999999998,5.8,1.1,3.4,0.6,3.4333333333333336,2.3714285714285714,4.192857142857143
2015-08-14,34.7,27.5,31.1,0.3,8.3,75,8,226,3,30.5,29.4,31.4,31.6,30.433333333333326,30.714285714285715,29.62142857142857,0.2,5.8,1.1,2.6,2.3666666666666667,2.3142857142857145,4.171428571428572
2015-08-15,33.9,25.5,29.4,7.6,10.9,81,8,227,3,31.1,30.5,29.4,31.7,30.333333333333325,30.642857142857142,29.785714285714285,0.3,0.2,5.8,0.0,2.1,1.9857142857142858,3.914285714285714
2015-08-16,33.4,25.9,29.8,2.5,6.6,78,8,228,3,29.4,31.1,30.5,29.9,30.33333333333333,30.314285714285713,29.942857142857143,7.6,0.3,0.2,3.1,2.7000000000000006,3.0714285714285716,3.35
2015-08-17,34.6,27.0,30.9,0.3,6.6,73,8,229,3,29.8,29.4,31.1,30.5,30.099999999999994,30.3,30.178571428571427,2.5,7.6,0.3,3.4,3.466666666666667,2.9857142857142853,3.092857142857143
2015-08-18,34.6,27.4,31.5,1.0,7.8,73,8,230,3,30.9,29.8,29.4,31.4,30.03333333333332,30.357142857142858,30.45,0.3,2.5,7.6,1.1,3.4666666666666672,2.542857142857143,2.5214285714285714
2015-08-19,36.0,28.2,32.2,0.0,8.3,64,8,231,3,31.5,30.9,29.8,29.4,30.73333333333333,30.37142857142857,30.607142857142858,1.0,0.3,2.5,5.8,1.2666666666666668,2.5285714285714285,2.4714285714285715
2015-08-20,35.7,27.7,31.4,1.5,8.0,68,8,232,3,32.2,31.5,30.9,30.5,31.533333333333328,30.771428571428572,30.77142857142857,0.0,1.0,0.3,0.2,0.4333333333333336,1.7,2.0357142857142856
2015-08-21,34.1,26.5,29.5,8.5,10.9,76,8,233,3,31.4,32.2,31.5,31.1,31.699999999999992,30.900000000000002,30.807142857142857,1.5,0.0,1.0,0.3,0.8333333333333336,1.885714285714286,2.1
2015-08-22,33.9,24.7,29.3,6.8,9.1,75,8,234,3,29.5,31.4,32.2,29.4,31.033333333333328,30.67142857142857,30.657142857142855,8.5,1.5,0.0,7.6,3.3333333333333335,3.057142857142857,2.5214285714285714
2015-08-23,33.3,26.5,29.4,1.2,9.9,76,8,235,3,29.3,29.5,31.4,29.8,30.06666666666666,30.657142857142862,30.485714285714288,6.8,8.5,1.5,2.5,5.6000000000000005,2.942857142857143,3.007142857142857
2015-08-24,33.3,24.8,28.9,2.4,7.3,79,8,236,3,29.4,29.3,29.5,30.9,29.39999999999999,30.599999999999998,30.45,1.2,6.8,8.5,0.3,5.5,2.757142857142857,2.871428571428571
2015-08-25,35.4,25.9,30.9,0.0,9.6,69,8,237,3,28.9,29.4,29.3,31.5,29.199999999999992,30.314285714285713,30.335714285714285,2.4,1.2,6.8,1.0,3.4666666666666663,3.057142857142857,2.8
2015-08-26,36.0,27.0,31.9,0.0,6.6,68,8,238,3,30.9,28.9,29.4,32.2,29.733333333333324,30.228571428571428,30.3,0.0,2.4,1.2,0.0,1.2,2.914285714285714,2.721428571428571
2015-08-27,36.4,28.7,32.1,0.7,10.6,67,8,239,3,31.9,30.9,28.9,31.4,30.56666666666666,30.185714285714287,30.478571428571428,0.0,0.0,2.4,1.5,0.7999999999999998,2.914285714285714,2.307142857142857
2015-08-28,35.1,25.0,30.0,5.2,6.4,73,8,240,3,32.1,31.9,30.9,29.5,31.633333333333326,30.285714285714285,30.592857142857145,0.7,0.0,0.0,8.5,0.2333333333333333,2.8,2.3428571428571425
2015-08-29,36.1,26.6,31.7,0.0,6.6,66,8,241,3,30.0,32.1,31.9,29.3,31.333333333333325,30.357142857142858,30.514285714285712,5.2,0.7,0.0,6.8,1.9666666666666668,2.3285714285714287,2.692857142857143
2015-08-30,37.3,27.6,32.7,0.2,16.3,61,8,242,3,31.7,30.0,32.1,29.4,31.266666666666662,30.699999999999996,30.678571428571427,0.0,5.2,0.7,1.2,1.9666666666666668,1.3571428571428572,2.15
2015-08-31,36.7,26.4,31.1,0.3,11.6,62,8,243,3,32.7,31.7,30.0,28.9,31.466666666666658,31.171428571428574,30.885714285714283,0.2,0.0,5.2,2.4,1.8,1.2142857142857142,1.9857142857142858
2015-09-01,37.3,26.0,31.8,0.0,7.6,57,9,244,4,31.1,32.7,31.7,30.9,31.833333333333325,31.485714285714288,30.900000000000002,0.3,0.2,0.0,0.0,0.16666666666666666,0.9142857142857144,1.9857142857142858
2015-09-02,37.6,26.5,32.6,0.0,10.0,50,9,245,4,31.8,31.1,32.7,31.9,31.86666666666666,31.614285714285717,30.921428571428574,0.0,0.3,0.2,0.0,0.16666666666666666,0.9142857142857144,1.9142857142857144
2015-09-03,38.3,26.3,31.7,3.6,13.2,52,9,246,4,32.6,31.8,31.1,32.1,31.833333333333325,31.714285714285715,30.95,0.0,0.0,0.3,0.7,0.09999999999999999,0.9142857142857144,1.9142857142857144
2015-09-04,37.7,25.4,31.3,2.1,13.0,54,9,247,4,31.7,32.6,31.8,30.0,32.033333333333324,31.657142857142855,30.971428571428568,3.6,0.0,0.0,5.2,1.2,1.3285714285714287,2.0642857142857145
2015-09-05,38.3,25.5,31.4,1.1,9.4,51,9,248,4,31.3,31.7,32.6,31.7,31.866666666666656,31.842857142857145,31.099999999999998,2.1,3.6,0.0,0.0,1.9000000000000001,0.8857142857142858,1.6071428571428572
2015-09-06,37.6,25.0,31.0,1.0,14.2,49,9,249,4,31.4,31.3,31.7,32.7,31.466666666666658,31.800000000000004,31.25,1.1,2.1,3.6,0.2,2.266666666666667,1.042857142857143,1.2
2015-09-07,37.4,24.4,29.9,2.2,7.6,58,9,250,4,31.0,31.4,31.3,31.1,31.23333333333332,31.557142857142857,31.364285714285717,1.0,1.1,2.1,0.3,1.4000000000000001,1.157142857142857,1.1857142857142857
2015-09-08,36.6,24.2,30.3,2.3,15.1,52,9,251,4,29.9,31.0,31.4,31.8,30.766666666666655,31.385714285714283,31.435714285714287,2.2,1.0,1.1,0.0,1.4333333333333336,1.4285714285714286,1.1714285714285715
2015-09-09,37.2,23.7,30.9,0.0,8.2,47,9,252,4,30.3,29.9,31.0,32.6,30.39999999999999,31.17142857142857,31.392857142857142,2.3,2.2,1.0,0.0,1.8333333333333333,1.7571428571428573,1.3357142857142859
2015-09-10,38.2,24.4,31.6,0.0,8.7,38,9,253,4,30.9,30.3,29.9,31.7,30.366666666666656,30.928571428571427,31.321428571428573,0.0,2.3,2.2,3.6,1.5,1.7571428571428573,1.3357142857142859
2015-09-11,38.7,26.1,32.7,0.0,7.7,41,9,254,4,31.6,30.9,30.3,31.3,30.933333333333323,30.914285714285715,31.285714285714285,0.0,0.0,2.3,2.1,0.7666666666666666,1.242857142857143,1.285714285714286
2015-09-12,38.9,26.3,33.0,0.0,7.6,43,9,255,4,32.7,31.6,30.9,31.4,31.733333333333324,31.114285714285717,31.478571428571428,0.0,0.0,0.0,1.1,0.0,0.9428571428571428,0.9142857142857143
2015-09-13,39.0,25.7,33.0,0.0,8.2,42,9,256,4,33.0,32.7,31.6,31.0,32.43333333333332,31.342857142857138,31.571428571428573,0.0,0.0,0.0,1.0,0.0,0.7857142857142857,0.9142857142857144
2015-09-14,39.1,27.5,33.5,0.0,8.4,41,9,257,4,33.0,33.0,32.7,29.9,32.89999999999999,31.628571428571426,31.592857142857145,0.0,0.0,0.0,2.2,0.0,0.6428571428571429,0.9
2015-09-15,38.9,25.7,32.3,0.3,10.9,47,9,258,4,33.5,33.0,33.0,30.3,33.16666666666666,32.142857142857146,31.764285714285712,0.0,0.0,0.0,2.3,0.0,0.32857142857142857,0.8785714285714287
2015-09-16,38.3,26.4,31.7,0.4,13.2,49,9,259,4,32.3,33.5,33.0,30.9,32.93333333333332,32.42857142857143,31.8,0.3,0.0,0.0,0.0,0.09999999999999999,0.04285714285714286,0.9000000000000001
2015-09-17,37.5,25.8,31.4,0.3,11.0,50,9,260,4,31.7,32.3,33.5,31.6,32.49999999999999,32.54285714285714,31.735714285714288,0.4,0.3,0.0,0.0,0.2333333333333333,0.09999999999999999,0.9285714285714287
2015-09-18,38.2,25.7,32.0,0.0,10.2,47,9,261,4,31.4,31.7,32.3,32.7,31.799999999999986,32.51428571428571,31.714285714285715,0.3,0.4,0.3,0.0,0.3333333333333333,0.14285714285714285,0.6928571428571428
2015-09-19,36.4,26.2,31.1,0.0,16.3,54,9,262,4,32.0,31.4,31.7,33.0,31.69999999999999,32.41428571428571,31.764285714285712,0.0,0.3,0.4,0.0,0.2333333333333333,0.14285714285714285,0.5428571428571428
2015-09-20,35.0,25.5,29.2,4.0,14.5,69,9,263,4,31.1,32.0,31.4,33.0,31.49999999999999,32.14285714285714,31.74285714285714,0.0,0.0,0.3,0.0,0.09999999999999999,0.14285714285714285,0.4642857142857143
2015-09-21,29.9,25.4,27.0,3.7,7.0,83,9,264,4,29.2,31.1,32.0,33.5,30.766666666666655,31.6,31.61428571428571,4.0,0.0,0.0,0.0,1.3333333333333333,0.7142857142857143,0.6785714285714286
2015-09-22,25.8,21.8,23.8,132.3,22.7,89,9,265,4,27.0,29.2,31.1,32.3,29.09999999999999,30.67142857142857,31.407142857142855,3.7,4.0,0.0,0.3,2.566666666666667,1.2428571428571427,0.7857142857142857
2015-09-23,29.8,20.8,25.3,1.9,8.9,81,9,266,4,23.8,27.0,29.2,31.7,26.666666666666657,29.457142857142856,30.942857142857143,132.3,3.7,4.0,0.4,46.666666666666664,20.1,10.071428571428571
2015-09-24,30.5,22.3,26.3,0.8,5.8,80,9,267,4,25.3,23.8,27.0,31.4,25.366666666666656,28.542857142857144,30.542857142857144,1.9,132.3,3.7,0.3,45.96666666666667,20.314285714285717,10.207142857142857
2015-09-25,31.8,22.8,27.4,0.0,7.2,76,9,268,4,26.3,25.3,23.8,32.0,25.133333333333326,27.814285714285713,30.16428571428571,0.8,1.9,132.3,0.0,45.0,20.38571428571429,10.264285714285714
2015-09-26,31.8,22.7,26.9,0.2,7.4,74,9,269,4,27.4,26.3,25.3,31.1,26.333333333333325,27.157142857142855,29.785714285714285,0.0,0.8,1.9,0.0,0.9,20.38571428571429,10.264285714285714
2015-09-27,31.7,22.0,26.4,0.1,9.3,71,9,270,4,26.9,27.4,26.3,29.2,26.866666666666656,26.557142857142857,29.349999999999998,0.2,0.0,0.8,4.0,0.3333333333333333,20.414285714285718,10.278571428571428
2015-09-28,31.5,21.0,26.3,0.5,6.3,73,9,271,4,26.4,26.9,27.4,27.0,26.899999999999988,26.157142857142855,28.87857142857143,0.1,0.2,0.0,3.7,0.10000000000000002,19.85714285714286,10.285714285714286
2015-09-29,31.7,22.5,27.1,0.0,11.0,65,9,272,4,26.3,26.4,26.9,23.8,26.53333333333332,26.057142857142853,28.36428571428571,0.5,0.1,0.2,132.3,0.26666666666666666,19.400000000000002,10.321428571428571
2015-09-30,33.3,22.2,27.3,0.0,12.9,60,9,273,4,27.1,26.3,26.4,25.3,26.59999999999999,26.528571428571432,27.99285714285714,0.0,0.5,0.1,1.9,0.20000000000000004,0.5,10.299999999999999
2015-10-01,33.8,20.3,27.0,0.0,10.0,67,10,274,4,27.3,27.1,26.3,26.3,26.89999999999999,26.814285714285713,27.678571428571427,0.0,0.0,0.5,0.8,0.16666666666666666,0.2285714285714286,10.271428571428572
2015-10-02,33.8,21.2,27.5,0.0,10.0,65,10,275,4,27.0,27.3,27.1,27.4,27.133333333333326,26.91428571428571,27.364285714285717,0.0,0.0,0.0,0.0,0.0,0.1142857142857143,10.25
2015-10-03,34.0,22.6,28.1,0.0,8.2,64,10,276,4,27.5,27.0,27.3,26.9,27.266666666666655,26.928571428571427,27.042857142857144,0.0,0.0,0.0,0.2,0.0,0.1142857142857143,10.25
2015-10-04,33.9,21.7,27.6,0.0,9.9,65,10,277,4,28.1,27.5,27.0,26.4,27.53333333333332,27.099999999999998,26.82857142857143,0.0,0.0,0.0,0.1,0.0,0.08571428571428573,10.25
2015-10-05,33.6,22.1,27.9,0.0,7.4,67,10,278,4,27.6,28.1,27.5,26.3,27.733333333333324,27.271428571428572,26.714285714285715,0.0,0.0,0.0,0.5,0.0,0.07142857142857142,9.964285714285714
2015-10-06,32.8,22.9,28.0,0.9,10.8,68,10,279,4,27.9,27.6,28.1,27.1,27.866666666666656,27.5,26.77857142857143,0.0,0.0,0.0,0.0,0.0,0.0,9.700000000000001
2015-10-07,32.8,22.1,27.5,0.3,6.6,71,10,280,4,28.0,27.9,27.6,27.3,27.833333333333325,27.628571428571426,27.07857142857143,0.9,0.0,0.0,0.0,0.3,0.1285714285714286,0.31428571428571433
2015-10-08,34.7,22.9,28.6,0.0,8.7,59,10,281,4,27.5,28.0,27.9,27.0,27.799999999999994,27.657142857142862,27.235714285714284,0.3,0.9,0.0,0.0,0.39999999999999997,0.17142857142857143,0.2
2015-10-09,34.6,21.8,28.1,0.0,8.3,60,10,282,4,28.6,27.5,28.0,27.5,28.03333333333332,27.88571428571429,27.400000000000002,0.0,0.3,0.9,0.0,0.39999999999999997,0.17142857142857143,0.14285714285714285
2015-10-10,34.4,21.0,27.8,0.0,7.2,63,10,283,4,28.1,28.6,27.5,28.1,28.06666666666666,27.97142857142857,27.45,0.0,0.0,0.3,0.0,0.09999999999999999,0.17142857142857143,0.14285714285714285
2015-10-11,34.7,22.6,28.3,0.0,9.8,60,10,284,4,27.8,28.1,28.6,27.6,28.166666666666657,27.928571428571427,27.514285714285716,0.0,0.0,0.0,0.0,0.0,0.17142857142857143,0.1285714285714286
2015-10-12,34.1,22.8,28.4,0.0,7.7,64,10,285,4,28.3,27.8,28.1,27.9,28.06666666666666,28.02857142857143,27.65,0.0,0.0,0.0,0.0,0.0,0.17142857142857143,0.12142857142857143
2015-10-13,33.8,23.5,28.5,0.0,11.9,65,10,286,4,28.4,28.3,27.8,28.0,28.166666666666657,28.1,27.800000000000004,0.0,0.0,0.0,0.9,0.0,0.17142857142857143,0.08571428571428572
2015-10-14,31.8,22.5,26.3,1.8,20.5,71,10,287,4,28.5,28.4,28.3,27.5,28.39999999999999,28.17142857142857,27.900000000000002,0.0,0.0,0.0,0.3,0.0,0.04285714285714286,0.08571428571428572
2015-10-15,31.0,20.8,25.8,0.0,7.4,69,10,288,4,26.3,28.5,28.4,28.6,27.733333333333324,28.0,27.82857142857143,1.8,0.0,0.0,0.0,0.6,0.2571428571428572,0.21428571428571427
2015-10-16,31.3,21.2,26.4,0.0,7.7,65,10,289,4,25.8,26.3,28.5,28.1,26.866666666666656,27.599999999999998,27.74285714285714,0.0,1.8,0.0,0.0,0.6,0.2571428571428572,0.21428571428571427
2015-10-17,32.9,21.1,27.0,0.0,7.4,63,10,290,4,26.4,25.8,26.3,27.8,26.166666666666657,27.357142857142858,27.664285714285715,0.0,0.0,1.8,0.0,0.6,0.2571428571428572,0.21428571428571427
2015-10-18,32.3,22.3,25.5,5.5,16.2,69,10,291,4,27.0,26.4,25.8,28.3,26.39999999999999,27.24285714285714,27.58571428571429,0.0,0.0,0.0,0.0,0.0,0.2571428571428572,0.21428571428571427
2015-10-19,29.0,20.6,24.1,0.1,15.9,72,10,292,4,25.5,27.0,26.4,28.4,26.299999999999994,26.842857142857145,27.435714285714287,5.5,0.0,0.0,0.0,1.8333333333333333,1.042857142857143,0.6071428571428571
2015-10-20,29.5,18.8,23.4,0.9,21.9,66,10,293,4,24.1,25.5,27.0,28.5,25.53333333333332,26.228571428571428,27.164285714285715,0.1,5.5,0.0,0.0,1.8666666666666665,1.0571428571428572,0.6142857142857142
2015-10-21,30.6,17.2,23.7,0.0,8.9,55,10,294,4,23.4,24.1,25.5,26.3,24.333333333333325,25.5,26.835714285714285,0.9,0.1,5.5,1.8,2.1666666666666665,1.1857142857142857,0.6142857142857142
2015-10-22,31.0,16.5,23.4,0.0,9.2,53,10,295,4,23.7,23.4,24.1,25.8,23.733333333333324,25.128571428571426,26.564285714285717,0.0,0.9,0.1,0.0,0.3333333333333333,0.9285714285714286,0.5928571428571429
2015-10-23,30.7,18.2,24.2,0.0,6.5,54,10,296,4,23.4,23.7,23.4,26.4,23.49999999999999,24.785714285714285,26.192857142857143,0.0,0.0,0.9,0.0,0.3,0.9285714285714286,0.5928571428571429
2015-10-24,29.9,18.4,24.0,3.0,18.0,60,10,297,4,24.2,23.4,23.7,27.0,23.766666666666655,24.47142857142857,25.91428571428571,0.0,0.0,0.0,0.0,0.0,0.9285714285714286,0.5928571428571429
2015-10-25,21.7,16.9,19.1,14.8,19.7,84,10,298,4,24.0,24.2,23.4,25.5,23.866666666666656,24.042857142857144,25.642857142857142,3.0,0.0,0.0,5.5,1.0,1.3571428571428572,0.8071428571428572
2015-10-26,24.3,14.7,19.0,0.3,17.6,78,10,299,4,19.1,24.0,24.2,24.1,22.433333333333326,23.12857142857143,24.985714285714288,14.8,3.0,0.0,0.1,5.933333333333334,2.685714285714286,1.8642857142857143
2015-10-27,25.5,14.6,19.9,0.5,10.5,66,10,300,4,19.0,19.1,24.0,23.4,20.699999999999992,22.400000000000002,24.314285714285713,0.3,14.8,3.0,0.9,6.033333333333334,2.7142857142857144,1.885714285714286
2015-10-28,26.6,12.7,19.4,0.0,10.4,60,10,301,4,19.9,19.0,19.1,23.7,19.333333333333325,21.900000000000002,23.699999999999996,0.5,0.3,14.8,0.0,5.2,2.6571428571428575,1.9214285714285715
2015-10-29,27.5,13.8,20.6,0.0,8.7,61,10,302,4,19.4,19.9,19.0,23.4,19.433333333333323,21.285714285714285,23.207142857142856,0.0,0.5,0.3,0.0,0.26666666666666666,2.6571428571428575,1.792857142857143
2015-10-30,27.3,14.1,20.4,0.0,8.7,67,10,303,4,20.6,19.4,19.9,24.2,19.966666666666658,20.885714285714283,22.83571428571429,0.0,0.0,0.5,0.0,0.16666666666666666,2.6571428571428575,1.792857142857143
2015-10-31,27.3,14.7,20.7,0.0,8.7,69,10,304,4,20.4,20.6,19.4,24.0,20.133333333333322,20.342857142857145,22.407142857142855,0.0,0.0,0.0,3.0,0.0,2.6571428571428575,1.792857142857143
2015-11-01,27.2,14.8,20.8,0.0,9.0,69,11,305,4,20.7,20.4,20.6,19.1,20.56666666666666,19.87142857142857,21.957142857142856,0.0,0.0,0.0,14.8,0.0,2.2285714285714286,1.792857142857143
2015-11-02,27.4,15.5,21.1,0.0,8.4,70,11,306,4,20.8,20.7,20.4,19.0,20.633333333333322,20.114285714285717,21.62142857142857,0.0,0.0,0.0,0.3,0.0,0.1142857142857143,1.4000000000000001
2015-11-03,27.2,15.9,21.8,0.0,7.1,68,11,307,4,21.1,20.8,20.7,19.9,20.866666666666656,20.414285714285715,21.407142857142862,0.0,0.0,0.0,0.5,0.0,0.07142857142857142,1.3928571428571428
2015-11-04,29.7,18.1,22.6,0.0,21.6,63,11,308,4,21.8,21.1,20.8,19.4,21.233333333333324,20.685714285714287,21.29285714285714,0.0,0.0,0.0,0.0,0.0,0.0,1.3285714285714287
2015-11-05,23.9,16.0,19.4,1.0,19.0,75,11,309,4,22.6,21.8,21.1,20.6,21.833333333333325,21.142857142857142,21.214285714285715,0.0,0.0,0.0,0.0,0.0,0.0,1.3285714285714287
2015-11-06,26.6,13.7,19.3,0.0,10.6,63,11,310,4,19.4,22.6,21.8,20.4,21.266666666666655,20.97142857142857,20.928571428571427,1.0,0.0,0.0,0.0,0.3333333333333333,0.14285714285714285,1.4000000000000001
2015-11-07,26.0,12.8,19.1,0.0,9.2,59,11,311,4,19.3,19.4,22.6,20.7,20.433333333333326,20.814285714285713,20.578571428571426,0.0,1.0,0.0,0.0,0.3333333333333333,0.14285714285714285,1.4000000000000001
2015-11-08,26.3,12.6,19.9,0.0,8.5,60,11,312,4,19.1,19.3,19.4,20.8,19.26666666666666,20.58571428571429,20.22857142857143,0.0,0.0,1.0,0.0,0.3333333333333333,0.14285714285714285,1.1857142857142857
2015-11-09,25.0,14.0,19.1,0.5,9.6,73,11,313,4,19.9,19.1,19.3,21.1,19.433333333333326,20.457142857142856,20.285714285714285,0.0,0.0,0.0,0.0,0.0,0.14285714285714285,0.1285714285714286
2015-11-10,24.5,15.3,19.3,0.1,10.5,62,11,314,4,19.1,19.9,19.1,21.8,19.366666666666656,20.17142857142857,20.292857142857144,0.5,0.0,0.0,0.0,0.16666666666666666,0.21428571428571427,0.14285714285714285
2015-11-11,24.7,13.1,18.9,0.0,10.7,61,11,315,4,19.3,19.1,19.9,22.6,19.433333333333323,19.814285714285717,20.250000000000004,0.1,0.5,0.0,0.0,0.19999999999999998,0.2285714285714286,0.1142857142857143
2015-11-12,26.8,14.1,20.2,0.0,9.3,61,11,316,4,18.9,19.3,19.1,19.4,19.09999999999999,19.285714285714285,20.214285714285715,0.0,0.1,0.5,1.0,0.19999999999999998,0.2285714285714286,0.1142857142857143
2015-11-13,25.5,16.3,20.5,0.0,9.4,70,11,317,4,20.2,18.9,19.3,19.3,19.466666666666658,19.400000000000002,20.185714285714283,0.0,0.0,0.1,0.0,0.03333333333333333,0.08571428571428572,0.1142857142857143
2015-11-14,27.0,14.5,20.8,0.0,8.1,62,11,318,4,20.5,20.2,18.9,19.1,19.866666666666656,19.571428571428573,20.192857142857143,0.0,0.0,0.0,0.0,0.0,0.08571428571428572,0.1142857142857143
2015-11-15,26.9,13.2,20.0,0.3,8.6,63,11,319,4,20.8,20.5,20.2,19.9,20.49999999999999,19.814285714285713,20.2,0.0,0.0,0.0,0.0,0.0,0.08571428571428572,0.1142857142857143
2015-11-16,27.3,13.4,19.6,0.0,15.5,53,11,320,4,20.0,20.8,20.5,19.1,20.433333333333323,19.828571428571426,20.142857142857142,0.3,0.0,0.0,0.5,0.09999999999999999,0.1285714285714286,0.1357142857142857
2015-11-17,27.3,11.0,18.5,0.0,10.2,50,11,321,4,19.6,20.0,20.8,19.3,20.133333333333326,19.900000000000002,20.035714285714285,0.0,0.3,0.0,0.1,0.09999999999999999,0.05714285714285715,0.1357142857142857
2015-11-18,26.8,13.5,19.4,0.0,10.1,51,11,322,4,18.5,19.6,20.0,18.9,19.36666666666666,19.785714285714285,19.800000000000004,0.0,0.0,0.3,0.0,0.09999999999999999,0.042857142857142864,0.1357142857142857
2015-11-19,26.7,10.7,19.0,0.0,8.9,58,11,323,4,19.4,18.5,19.6,20.2,19.166666666666657,19.857142857142858,19.571428571428573,0.0,0.0,0.0,0.0,0.0,0.042857142857142864,0.1357142857142857
2015-11-20,25.9,11.1,18.1,0.0,8.8,67,11,324,4,19.0,19.4,18.5,20.5,18.966666666666654,19.685714285714287,19.54285714285714,0.0,0.0,0.0,0.0,0.0,0.042857142857142864,0.0642857142857143
2015-11-21,25.6,12.7,18.8,0.0,8.3,62,11,325,4,18.1,19.0,19.4,20.8,18.833333333333325,19.342857142857145,19.45714285714286,0.0,0.0,0.0,0.0,0.0,0.042857142857142864,0.0642857142857143
2015-11-22,25.0,10.3,18.0,0.0,8.2,61,11,326,4,18.8,18.1,19.0,20.0,18.633333333333326,19.057142857142857,19.435714285714283,0.0,0.0,0.0,0.3,0.0,0.042857142857142864,0.0642857142857143
2015-11-23,25.2,13.1,18.7,0.0,9.0,60,11,327,4,18.0,18.8,18.1,19.6,18.299999999999994,18.771428571428572,19.3,0.0,0.0,0.0,0.0,0.0,0.0,0.0642857142857143
2015-11-24,26.0,10.5,18.2,0.0,10.7,56,11,328,4,18.7,18.0,18.8,18.5,18.49999999999999,18.642857142857142,19.271428571428572,0.0,0.0,0.0,0.0,0.0,0.0,0.028571428571428574
2015-11-25,26.8,10.4,18.2,0.0,9.6,52,11,329,4,18.2,18.7,18.0,19.4,18.29999999999999,18.599999999999998,19.192857142857143,0.0,0.0,0.0,0.0,0.0,0.0,0.021428571428571432
2015-11-26,24.3,12.0,17.9,1.5,11.5,55,11,330,4,18.2,18.2,18.7,19.0,18.366666666666656,18.428571428571427,19.142857142857142,0.0,0.0,0.0,0.0,0.0,0.0,0.021428571428571432
2015-11-27,24.5,9.5,16.7,0.0,10.4,55,11,331,4,17.9,18.2,18.2,18.1,18.09999999999999,18.27142857142857,18.978571428571428,1.5,0.0,0.0,0.0,0.5,0.21428571428571427,0.1285714285714286
2015-11-28,24.8,9.5,16.8,0.0,9.1,58,11,332,4,16.7,17.9,18.2,18.8,17.59999999999999,18.071428571428573,18.707142857142856,0.0,1.5,0.0,0.0,0.5,0.21428571428571427,0.1285714285714286
2015-11-29,24.9,11.7,17.8,0.0,10.5,60,11,333,4,16.8,16.7,17.9,18.0,17.133333333333322,17.785714285714285,18.42142857142857,0.0,0.0,1.5,0.0,0.5,0.21428571428571427,0.1285714285714286
2015-11-30,23.9,12.4,18.1,0.0,6.4,72,11,334,4,17.8,16.8,16.7,18.7,17.09999999999999,17.75714285714286,18.264285714285712,0.0,0.0,0.0,0.0,0.0,0.21428571428571427,0.10714285714285714
2015-12-01,24.0,13.5,17.9,0.0,8.0,70,12,335,1,18.1,17.8,16.8,18.2,17.56666666666666,17.67142857142857,18.157142857142855,0.0,0.0,0.0,0.0,0.0,0.21428571428571427,0.10714285714285714
2015-12-02,24.4,12.7,18.0,0.0,7.6,69,12,336,1,17.9,18.1,17.8,18.2,17.933333333333326,17.62857142857143,18.114285714285714,0.0,0.0,0.0,0.0,0.0,0.21428571428571427,0.10714285714285714
2015-12-03,25.4,10.4,17.9,0.0,10.6,63,12,337,1,18.0,17.9,18.1,17.9,17.99999999999999,17.599999999999998,18.014285714285712,0.0,0.0,0.0,1.5,0.0,0.21428571428571427,0.10714285714285714
2015-12-04,25.3,10.3,17.5,0.0,10.5,64,12,338,1,17.9,18.0,17.9,16.7,17.933333333333323,17.6,17.935714285714287,0.0,0.0,0.0,0.0,0.0,0.0,0.10714285714285714
2015-12-05,24.9,9.9,17.0,0.0,8.8,70,12,339,1,17.5,17.9,18.0,16.8,17.79999999999999,17.714285714285715,17.892857142857142,0.0,0.0,0.0,0.0,0.0,0.0,0.10714285714285714
2015-12-06,24.1,10.9,17.2,0.0,8.2,72,12,340,1,17.0,17.5,17.9,17.8,17.466666666666658,17.742857142857144,17.764285714285712,0.0,0.0,0.0,0.0,0.0,0.0,0.10714285714285714
2015-12-07,24.1,11.7,17.4,0.0,8.8,76,12,341,1,17.2,17.0,17.5,18.1,17.233333333333324,17.65714285714286,17.707142857142856,0.0,0.0,0.0,0.0,0.0,0.0,0.10714285714285714
2015-12-08,22.8,11.9,17.2,0.0,6.9,79,12,342,1,17.4,17.2,17.0,17.9,17.19999999999999,17.557142857142857,17.614285714285714,0.0,0.0,0.0,0.0,0.0,0.0,0.10714285714285714
2015-12-09,23.2,14.8,18.4,0.0,14.0,73,12,343,1,17.2,17.4,17.2,18.0,17.266666666666655,17.45714285714286,17.54285714285714,0.0,0.0,0.0,0.0,0.0,0.0,0.10714285714285714
2015-12-10,21.2,13.7,16.7,1.1,13.5,80,12,344,1,18.4,17.2,17.4,17.9,17.666666666666654,17.514285714285712,17.557142857142857,0.0,0.0,0.0,0.0,0.0,0.0,0.10714285714285714
2015-12-11,18.8,9.5,13.8,1.3,14.5,55,12,345,1,16.7,18.4,17.2,17.5,17.433333333333323,17.34285714285714,17.47142857142857,1.1,0.0,0.0,0.0,0.3666666666666667,0.15714285714285717,0.07857142857142858
2015-12-12,20.3,5.6,12.6,0.0,11.7,42,12,346,1,13.8,16.7,18.4,17.0,16.29999999999999,16.814285714285713,17.264285714285712,1.3,1.1,0.0,0.0,0.8000000000000002,0.3428571428571429,0.17142857142857146
2015-12-13,19.8,5.8,12.7,0.0,9.1,51,12,347,1,12.6,13.8,16.7,17.2,14.366666666666658,16.185714285714287,16.96428571428571,0.0,1.3,1.1,0.0,0.8000000000000002,0.3428571428571429,0.17142857142857146
2015-12-14,20.4,6.2,12.7,0.0,10.8,55,12,348,1,12.7,12.6,13.8,17.4,13.033333333333324,15.542857142857143,16.6,0.0,0.0,1.3,0.0,0.43333333333333335,0.3428571428571429,0.17142857142857146
2015-12-15,21.1,5.7,12.7,0.0,10.8,52,12,349,1,12.7,12.7,12.6,17.2,12.666666666666657,14.87142857142857,16.214285714285715,0.0,0.0,0.0,0.0,0.0,0.3428571428571429,0.17142857142857146
2015-12-16,20.3,6.7,13.0,0.0,10.5,56,12,350,1,12.7,12.7,12.7,18.4,12.7,14.228571428571428,15.842857142857143,0.0,0.0,0.0,0.0,0.0,0.3428571428571429,0.17142857142857146
2015-12-17,20.0,7.1,13.3,0.0,9.7,62,12,351,1,13.0,12.7,12.7,16.7,12.79999999999999,13.457142857142856,15.485714285714286,0.0,0.0,0.0,1.1,0.0,0.3428571428571429,0.17142857142857146
2015-12-18,20.1,6.4,12.8,0.0,10.4,60,12,352,1,13.3,13.0,12.7,13.8,12.999999999999991,12.971428571428572,15.157142857142857,0.0,0.0,0.0,1.3,0.0,0.18571428571428572,0.17142857142857146
2015-12-19,19.9,6.9,12.7,0.0,10.5,60,12,353,1,12.8,13.3,13.0,12.6,13.033333333333324,12.828571428571431,14.821428571428571,0.0,0.0,0.0,0.0,0.0,0.0,0.17142857142857146
2015-12-20,19.8,5.5,12.4,0.0,9.7,67,12,354,1,12.7,12.8,13.3,12.7,12.933333333333325,12.842857142857142,14.514285714285714,0.0,0.0,0.0,0.0,0.0,0.0,0.17142857142857146
2015-12-21,19.9,7.0,12.9,0.0,9.9,64,12,355,1,12.4,12.7,12.8,12.7,12.633333333333324,12.799999999999999,14.171428571428573,0.0,0.0,0.0,0.0,0.0,0.0,0.17142857142857146
2015-12-22,19.8,6.2,12.7,0.2,9.4,69,12,356,1,12.9,12.4,12.7,12.7,12.666666666666657,12.828571428571431,13.85,0.0,0.0,0.0,0.0,0.0,0.0,0.17142857142857146
2015-12-23,15.6,7.0,10.4,2.4,11.0,81,12,357,1,12.7,12.9,12.4,13.0,12.666666666666657,12.828571428571427,13.528571428571427,0.2,0.0,0.0,0.0,0.06666666666666667,0.028571428571428574,0.18571428571428572
2015-12-24,18.9,4.4,11.0,0.0,11.4,54,12,358,1,10.4,12.7,12.9,13.3,11.999999999999991,12.457142857142857,12.957142857142857,2.4,0.2,0.0,0.0,0.8666666666666667,0.37142857142857144,0.35714285714285715
2015-12-25,19.0,3.8,11.8,0.0,10.3,53,12,359,1,11.0,10.4,12.7,12.8,11.366666666666658,12.12857142857143,12.549999999999999,0.0,2.4,0.2,0.0,0.8666666666666667,0.37142857142857144,0.2785714285714286
2015-12-26,20.4,8.8,14.0,0.0,9.3,56,12,360,1,11.8,11.0,10.4,12.7,11.066666666666658,11.985714285714284,12.407142857142858,0.0,0.0,2.4,0.0,0.7999999999999999,0.37142857142857144,0.1857142857142857
2015-12-27,21.4,7.8,14.1,0.0,10.0,62,12,361,1,14.0,11.8,11.0,12.4,12.266666666666657,12.171428571428573,12.507142857142858,0.0,0.0,0.0,0.0,0.0,0.37142857142857144,0.1857142857142857
2015-12-28,23.1,8.0,14.6,0.0,11.2,62,12,362,1,14.1,14.0,11.8,12.9,13.29999999999999,12.414285714285715,12.607142857142858,0.0,0.0,0.0,0.0,0.0,0.37142857142857144,0.1857142857142857
2015-12-29,23.8,7.5,15.1,0.0,11.3,63,12,363,1,14.6,14.1,14.0,12.7,14.233333333333325,12.657142857142857,12.742857142857144,0.0,0.0,0.0,0.2,0.0,0.37142857142857144,0.1857142857142857
2015-12-30,22.7,6.5,14.2,0.0,11.1,64,12,364,1,15.1,14.6,14.1,10.4,14.599999999999989,13.0,12.914285714285713,0.0,0.0,0.0,2.4,0.0,0.34285714285714286,0.1857142857142857
2015-12-31,22.7,7.1,14.3,0.0,10.7,60,12,365,1,14.2,15.1,14.6,11.0,14.633333333333324,13.542857142857143,13.0,0.0,0.0,0.0,0.0,0.0,0.0,0.1857142857142857
2016-01-01,22.2,9.1,14.4,0.0,7.8,60,1,1,1,14.3,14.2,15.1,11.8,14.533333333333324,14.014285714285714,13.071428571428571,0.0,0.0,0.0,0.0,0.0,0.0,0.1857142857142857
2016-01-02,21.5,6.3,13.6,0.0,8.6,66,1,2,1,14.4,14.3,14.2,14.0,14.29999999999999,14.385714285714286,13.185714285714285,0.0,0.0,0.0,0.0,0.0,0.0,0.1857142857142857
2016-01-03,22.2,8.2,14.7,0.0,11.7,63,1,3,1,13.6,14.4,14.3,14.1,14.099999999999993,14.328571428571427,13.25,0.0,0.0,0.0,0.0,0.0,0.0,0.1857142857142857
2016-01-04,21.2,11.0,15.6,0.3,9.0,68,1,4,1,14.7,13.6,14.4,14.6,14.233333333333322,14.414285714285713,13.414285714285715,0.0,0.0,0.0,0.0,0.0,0.0,0.1857142857142857
2016-01-05,21.8,10.2,15.2,0.0,10.4,75,1,5,1,15.6,14.7,13.6,15.1,14.633333333333324,14.557142857142859,13.607142857142858,0.3,0.0,0.0,0.0,0.09999999999999999,0.04285714285714286,0.2071428571428571
2016-01-06,19.9,8.8,14.1,0.0,9.0,76,1,6,1,15.2,15.6,14.7,14.2,15.166666666666657,14.571428571428571,13.785714285714286,0.0,0.3,0.0,0.0,0.09999999999999999,0.04285714285714286,0.19285714285714284
2016-01-07,21.1,8.6,14.3,0.0,8.0,73,1,7,1,14.1,15.2,15.6,14.3,14.966666666666656,14.557142857142859,14.049999999999999,0.0,0.0,0.3,0.0,0.09999999999999999,0.04285714285714286,0.02142857142857143
2016-01-08,21.5,7.4,14.1,0.0,10.3,67,1,8,1,14.3,14.1,15.2,14.4,14.533333333333324,14.557142857142859,14.285714285714286,0.0,0.0,0.0,0.0,0.0,0.04285714285714286,0.02142857142857143
2016-01-09,21.7,7.8,14.6,0.0,9.3,62,1,9,1,14.1,14.3,14.1,13.6,14.166666666666657,14.514285714285714,14.45,0.0,0.0,0.0,0.0,0.0,0.04285714285714286,0.02142857142857143
2016-01-10,21.8,7.1,14.3,0.0,8.4,71,1,10,1,14.6,14.1,14.3,14.7,14.333333333333323,14.657142857142858,14.492857142857142,0.0,0.0,0.0,0.0,0.0,0.04285714285714286,0.02142857142857143
2016-01-11,21.8,9.8,15.3,0.0,9.4,74,1,11,1,14.3,14.6,14.1,15.6,14.333333333333323,14.6,14.507142857142856,0.0,0.0,0.0,0.3,0.0,0.04285714285714286,0.02142857142857143
2016-01-12,17.2,10.3,13.8,5.0,13.0,87,1,12,1,15.3,14.3,14.6,15.2,14.733333333333325,14.557142857142855,14.557142857142859,0.0,0.0,0.0,0.0,0.0,0.0,0.02142857142857143
2016-01-13,18.0,8.9,13.1,0.0,9.2,77,1,13,1,13.8,15.3,14.3,14.1,14.466666666666656,14.357142857142858,14.464285714285714,5.0,0.0,0.0,0.0,1.6666666666666667,0.7142857142857143,0.37857142857142856
2016-01-14,18.1,8.2,13.4,0.0,8.6,77,1,14,1,13.1,13.8,15.3,14.3,14.066666666666658,14.214285714285714,14.385714285714284,0.0,5.0,0.0,0.0,1.6666666666666667,0.7142857142857143,0.37857142857142856
2016-01-15,19.9,7.7,13.6,0.0,9.7,77,1,15,1,13.4,13.1,13.8,14.1,13.433333333333323,14.085714285714285,14.321428571428571,0.0,0.0,5.0,0.0,1.6666666666666667,0.7142857142857143,0.37857142857142856
2016-01-16,19.7,8.3,13.4,0.0,11.2,76,1,16,1,13.6,13.4,13.1,14.6,13.366666666666658,14.014285714285716,14.264285714285714,0.0,0.0,0.0,0.0,0.0,0.7142857142857143,0.37857142857142856
2016-01-17,19.1,7.1,12.8,0.0,9.8,80,1,17,1,13.4,13.6,13.4,14.3,13.466666666666656,13.842857142857142,14.25,0.0,0.0,0.0,0.0,0.0,0.7142857142857143,0.37857142857142856
2016-01-18,17.5,9.9,13.4,0.0,6.6,77,1,18,1,12.8,13.4,13.6,15.3,13.266666666666659,13.62857142857143,14.114285714285714,0.0,0.0,0.0,0.0,0.0,0.7142857142857143,0.37857142857142856
2016-01-19,18.8,6.9,12.4,0.0,10.6,74,1,19,1,13.4,12.8,13.4,13.8,13.19999999999999,13.357142857142858,13.957142857142857,0.0,0.0,0.0,5.0,0.0,0.7142857142857143,0.35714285714285715
2016-01-20,17.8,4.5,11.1,0.0,8.2,75,1,20,1,12.4,13.4,12.8,13.1,12.866666666666658,13.157142857142858,13.757142857142856,0.0,0.0,0.0,0.0,0.0,0.0,0.35714285714285715
2016-01-21,17.7,3.8,10.5,0.0,8.3,80,1,21,1,11.1,12.4,13.4,13.4,12.29999999999999,12.87142857142857,13.542857142857144,0.0,0.0,0.0,0.0,0.0,0.0,0.35714285714285715
2016-01-22,17.8,6.0,11.8,0.0,7.7,77,1,22,1,10.5,11.1,12.4,13.6,11.333333333333323,12.457142857142857,13.271428571428572,0.0,0.0,0.0,0.0,0.0,0.0,0.35714285714285715
2016-01-23,16.3,7.6,11.5,0.0,8.6,77,1,23,1,11.8,10.5,11.1,13.4,11.133333333333326,12.200000000000001,13.107142857142858,0.0,0.0,0.0,0.0,0.0,0.0,0.35714285714285715
2016-01-24,16.4,3.7,10.6,0.0,6.6,80,1,24,1,11.5,11.8,10.5,12.8,11.266666666666657,11.928571428571429,12.885714285714286,0.0,0.0,0.0,0.0,0.0,0.0,0.35714285714285715
2016-01-25,14.8,3.6,9.3,0.0,5.8,85,1,25,1,10.6,11.5,11.8,13.4,11.29999999999999,11.614285714285714,12.62142857142857,0.0,0.0,0.0,0.0,0.0,0.0,0.35714285714285715
2016-01-26,17.4,7.3,11.8,0.0,7.2,77,1,26,1,9.3,10.6,11.5,12.4,10.466666666666656,11.028571428571428,12.192857142857141,0.0,0.0,0.0,0.0,0.0,0.0,0.35714285714285715
2016-01-27,19.8,6.8,13.1,0.0,10.1,74,1,27,1,11.8,9.3,10.6,11.1,10.566666666666658,10.942857142857141,12.05,0.0,0.0,0.0,0.0,0.0,0.0,0.0
2016-01-28,20.4,8.4,13.9,0.7,9.8,74,1,28,1,13.1,11.8,9.3,10.5,11.399999999999991,11.22857142857143,12.05,0.0,0.0,0.0,0.0,0.0,0.0,0.0
2016-01-29,18.8,10.8,14.6,3.3,11.4,84,1,29,1,13.9,13.1,11.8,11.8,12.933333333333325,11.714285714285714,12.085714285714287,0.7,0.0,0.0,0.0,0.2333333333333333,0.09999999999999999,0.049999999999999996
2016-01-30,20.1,11.0,15.1,2.3,10.2,82,1,30,1,14.6,13.9,13.1,11.5,13.866666666666655,12.114285714285714,12.157142857142858,3.3,0.7,0.0,0.0,1.3333333333333333,0.5714285714285714,0.2857142857142857
2016-01-31,20.6,7.1,13.4,0.0,10.3,70,1,31,1,15.1,14.6,13.9,10.6,14.533333333333324,12.62857142857143,12.278571428571428,2.3,3.3,0.7,0.0,2.1,0.9,0.45
2016-02-01,21.0,5.9,13.1,0.0,10.7,61,2,32,1,13.4,15.1,14.6,9.3,14.366666666666658,13.028571428571428,12.321428571428571,0.0,2.3,3.3,0.0,1.8666666666666665,0.9,0.45
2016-02-02,21.4,5.8,13.5,0.0,10.2,56,2,33,1,13.1,13.4,15.1,11.8,13.866666666666658,13.571428571428571,12.299999999999999,0.0,0.0,2.3,0.0,0.7666666666666666,0.9,0.45
2016-02-03,22.2,6.9,14.1,0.0,13.0,52,2,34,1,13.5,13.1,13.4,13.1,13.333333333333323,13.814285714285715,12.37857142857143,0.0,0.0,0.0,0.0,0.0,0.9,0.45
2016-02-04,22.6,6.2,14.5,0.0,10.0,53,2,35,1,14.1,13.5,13.1,13.9,13.566666666666658,13.957142857142856,12.592857142857142,0.0,0.0,0.0,0.7,0.0,0.9,0.45
2016-02-05,22.9,6.8,15.2,0.0,10.6,56,2,36,1,14.5,14.1,13.5,14.6,14.033333333333323,14.042857142857144,12.878571428571428,0.0,0.0,0.0,3.3,0.0,0.7999999999999999,0.45
2016-02-06,21.9,7.4,14.2,0.0,10.3,60,2,37,1,15.2,14.5,14.1,15.1,14.599999999999989,14.128571428571428,13.121428571428572,0.0,0.0,0.0,2.3,0.0,0.32857142857142857,0.45
2016-02-07,21.5,7.1,14.3,0.0,9.8,68,2,38,1,14.2,15.2,14.5,13.4,14.633333333333324,14.0,13.314285714285715,0.0,0.0,0.0,0.0,0.0,0.0,0.45
2016-02-08,21.8,8.1,14.5,0.0,8.2,70,2,39,1,14.3,14.2,15.2,13.1,14.566666666666658,14.128571428571428,13.578571428571431,0.0,0.0,0.0,0.0,0.0,0.0,0.45
2016-02-09,22.4,9.0,15.6,0.0,6.9,68,2,40,1,14.5,14.3,14.2,13.5,14.333333333333323,14.328571428571427,13.950000000000001,0.0,0.0,0.0,0.0,0.0,0.0,0.45
2016-02-10,22.8,8.7,16.0,0.8,12.5,66,2,41,1,15.6,14.5,14.3,14.1,14.79999999999999,14.62857142857143,14.221428571428572,0.0,0.0,0.0,0.0,0.0,0.0,0.45
2016-02-11,18.0,9.3,13.1,0.7,22.4,71,2,42,1,16.0,15.6,14.5,14.5,15.366666666666655,14.900000000000002,14.428571428571429,0.8,0.0,0.0,0.0,0.26666666666666666,0.1142857142857143,0.5071428571428571
2016-02-12,18.9,6.5,12.5,0.0,11.2,69,2,43,1,13.1,16.0,15.6,15.2,14.89999999999999,14.700000000000001,14.37142857142857,0.7,0.8,0.0,0.0,0.5,0.21428571428571427,0.5071428571428571
2016-02-13,20.2,6.7,13.5,0.0,9.2,60,2,44,1,12.5,13.1,16.0,14.2,13.866666666666655,14.314285714285715,14.221428571428572,0.0,0.7,0.8,0.0,0.5,0.21428571428571427,0.2714285714285714
2016-02-14,21.3,6.5,14.3,0.0,8.7,58,2,45,1,13.5,12.5,13.1,14.3,13.033333333333323,14.214285714285714,14.107142857142858,0.0,0.0,0.7,0.0,0.2333333333333333,0.21428571428571427,0.10714285714285714
2016-02-15,21.9,6.0,14.2,0.0,11.3,54,2,46,1,14.3,13.5,12.5,14.5,13.433333333333323,14.214285714285714,14.171428571428573,0.0,0.0,0.0,0.0,0.0,0.21428571428571427,0.10714285714285714
2016-02-16,22.4,6.2,14.4,0.0,10.5,50,2,47,1,14.2,14.3,13.5,15.6,13.999999999999991,14.171428571428573,14.25,0.0,0.0,0.0,0.0,0.0,0.21428571428571427,0.10714285714285714
2016-02-17,22.7,9.5,15.4,0.0,9.4,54,2,48,1,14.4,14.2,14.3,16.0,14.29999999999999,14.0,14.314285714285715,0.0,0.0,0.0,0.8,0.0,0.21428571428571427,0.10714285714285714
2016-02-18,23.5,8.3,16.2,0.0,9.0,57,2,49,1,15.4,14.4,14.2,13.1,14.666666666666657,13.914285714285713,14.407142857142858,0.0,0.0,0.0,0.7,0.0,0.09999999999999999,0.10714285714285714
2016-02-19,20.2,12.6,16.4,14.1,13.7,76,2,50,1,16.2,15.4,14.4,12.5,15.333333333333323,14.357142857142858,14.528571428571428,0.0,0.0,0.0,0.0,0.0,0.0,0.10714285714285714
2016-02-20,23.3,12.1,17.3,2.6,12.7,76,2,51,1,16.4,16.2,15.4,13.5,15.999999999999991,14.914285714285715,14.614285714285714,14.1,0.0,0.0,0.0,4.7,2.0142857142857142,1.1142857142857143
2016-02-21,25.3,9.2,17.0,0.0,11.0,60,2,52,1,17.3,16.4,16.2,14.3,16.633333333333322,15.457142857142857,14.835714285714285,2.6,14.1,0.0,0.0,5.566666666666666,2.3857142857142857,1.3
2016-02-22,27.5,10.2,18.4,0.0,15.6,52,2,53,1,17.0,17.3,16.4,14.2,16.899999999999988,15.842857142857143,15.028571428571427,0.0,2.6,14.1,0.0,5.566666666666666,2.3857142857142857,1.3
2016-02-23,28.7,12.2,19.6,0.0,17.6,38,2,54,1,18.4,17.0,17.3,14.4,17.566666666666656,16.442857142857143,15.307142857142855,0.0,0.0,2.6,0.0,0.8666666666666667,2.3857142857142857,1.3
2016-02-24,26.9,8.2,18.0,0.0,11.5,56,2,55,1,19.6,18.4,17.0,15.4,18.33333333333332,17.185714285714287,15.592857142857142,0.0,0.0,0.0,0.0,0.0,2.3857142857142857,1.3
2016-02-25,27.2,11.4,19.1,0.0,9.8,64,2,56,1,18.0,19.6,18.4,16.2,18.666666666666657,17.557142857142857,15.735714285714284,0.0,0.0,0.0,0.0,0.0,2.3857142857142857,1.2428571428571427
2016-02-26,27.0,12.6,19.7,0.0,9.3,68,2,57,1,19.1,18.0,19.6,16.4,18.899999999999988,17.97142857142857,16.164285714285715,0.0,0.0,0.0,14.1,0.0,2.3857142857142857,1.1928571428571428
2016-02-27,27.6,12.8,20.3,0.0,8.6,68,2,58,1,19.7,19.1,18.0,17.3,18.933333333333323,18.442857142857147,16.678571428571427,0.0,0.0,0.0,2.6,0.0,0.37142857142857144,1.1928571428571428
2016-02-28,27.9,13.8,20.6,0.0,9.5,68,2,59,1,20.3,19.7,19.1,17.0,19.69999999999999,18.87142857142857,17.164285714285715,0.0,0.0,0.0,0.0,0.0,0.0,1.1928571428571428
2016-02-29,27.5,14.3,21.0,0.0,8.8,66,2,60,1,20.6,20.3,19.7,18.4,20.199999999999992,19.385714285714283,17.614285714285714,0.0,0.0,0.0,0.0,0.0,0.0,1.1928571428571428
2016-03-01,28.1,14.7,21.3,0.0,8.4,68,3,61,2,21.0,20.6,20.3,19.6,20.633333333333322,19.75714285714286,18.1,0.0,0.0,0.0,0.0,0.0,0.0,1.1928571428571428
2016-03-02,28.3,15.8,21.8,0.0,10.5,68,3,62,2,21.3,21.0,20.6,18.0,20.966666666666654,20.0,18.592857142857145,0.0,0.0,0.0,0.0,0.0,0.0,1.1928571428571428
2016-03-03,29.1,17.2,22.1,0.0,15.5,60,3,63,2,21.8,21.3,21.0,19.1,21.366666666666656,20.542857142857144,19.05,0.0,0.0,0.0,0.0,0.0,0.0,1.1928571428571428
2016-03-04,28.5,15.2,21.0,0.2,15.8,62,3,64,2,22.1,21.8,21.3,19.7,21.733333333333324,20.97142857142857,19.47142857142857,0.0,0.0,0.0,0.0,0.0,0.0,1.1928571428571428
2016-03-05,22.7,14.5,18.5,6.4,13.6,81,3,65,2,21.0,22.1,21.8,20.3,21.633333333333326,21.157142857142855,19.800000000000004,0.2,0.0,0.0,0.0,0.06666666666666667,0.028571428571428574,0.2
2016-03-06,23.2,13.1,17.7,2.6,10.9,82,3,66,2,18.5,21.0,22.1,20.6,20.533333333333324,20.900000000000002,19.88571428571429,6.4,0.2,0.0,0.0,2.2,0.942857142857143,0.4714285714285715
2016-03-07,25.0,12.7,18.9,0.0,9.8,68,3,67,2,17.7,18.5,21.0,21.0,19.06666666666666,20.485714285714288,19.935714285714287,2.6,6.4,0.2,0.0,3.066666666666667,1.3142857142857145,0.6571428571428573
2016-03-08,27.0,13.0,20.2,0.0,8.7,62,3,68,2,18.9,17.7,18.5,21.3,18.366666666666656,20.185714285714287,19.971428571428568,0.0,2.6,6.4,0.0,3.0000000000000004,1.3142857142857145,0.6571428571428573
2016-03-09,28.0,15.3,21.7,0.0,9.2,58,3,69,2,20.2,18.9,17.7,21.8,18.933333333333323,20.02857142857143,20.014285714285712,0.0,0.0,2.6,0.0,0.8666666666666667,1.3142857142857145,0.6571428571428573
2016-03-10,28.3,15.6,22.0,2.3,9.5,66,3,70,2,21.7,20.2,18.9,22.1,20.266666666666655,20.014285714285712,20.278571428571432,0.0,0.0,0.0,0.0,0.0,1.3142857142857145,0.6571428571428573
2016-03-11,22.3,17.2,19.1,17.4,13.8,87,3,71,2,22.0,21.7,20.2,21.0,21.299999999999986,20.0,20.485714285714288,2.3,0.0,0.0,0.2,0.7666666666666666,1.6428571428571428,0.8214285714285714
2016-03-12,20.8,15.5,17.6,29.6,13.4,90,3,72,2,19.1,22.0,21.7,18.5,20.933333333333323,19.728571428571428,20.442857142857143,17.4,2.3,0.0,6.4,6.566666666666666,4.1,2.064285714285714
2016-03-13,20.2,14.5,16.7,3.2,8.9,88,3,73,2,17.6,19.1,22.0,17.7,19.56666666666666,19.599999999999998,20.25,29.6,17.4,2.3,2.6,16.433333333333334,7.414285714285714,4.178571428571429
2016-03-14,22.5,12.0,17.0,3.7,16.8,82,3,74,2,16.7,17.6,19.1,18.9,17.79999999999999,19.45714285714286,19.97142857142857,3.2,29.6,17.4,0.0,16.733333333333334,7.5,4.4071428571428575
2016-03-15,23.9,12.7,17.9,0.2,11.7,77,3,75,2,17.0,16.7,17.6,20.2,17.09999999999999,19.185714285714287,19.685714285714287,3.7,3.2,29.6,0.0,12.166666666666666,8.028571428571428,4.671428571428572
2016-03-16,24.5,12.5,19.0,0.0,7.9,70,3,76,2,17.9,17.0,16.7,21.7,17.19999999999999,18.857142857142858,19.442857142857143,0.2,3.7,3.2,0.0,2.3666666666666667,8.057142857142857,4.685714285714285
2016-03-17,21.3,15.6,18.3,1.9,18.7,75,3,77,2,19.0,17.9,17.0,22.0,17.966666666666654,18.47142857142857,19.24285714285714,0.0,0.2,3.7,2.3,1.3,8.057142857142857,4.685714285714285
2016-03-18,25.4,13.5,19.4,0.0,10.0,73,3,78,2,18.3,19.0,17.9,19.1,18.399999999999988,17.942857142857143,18.97142857142857,1.9,0.0,0.2,17.4,0.6999999999999998,8.0,4.821428571428571
2016-03-19,27.4,15.1,20.7,0.5,9.7,74,3,79,2,19.4,18.3,19.0,17.6,18.89999999999999,17.985714285714288,18.857142857142858,0.0,1.9,0.0,29.6,0.6333333333333333,5.514285714285714,4.807142857142857
2016-03-20,26.1,15.6,20.2,5.1,12.0,76,3,80,2,20.7,19.4,18.3,16.7,19.466666666666658,18.428571428571427,19.014285714285712,0.5,0.0,1.9,3.2,0.7999999999999999,1.3571428571428572,4.385714285714285
2016-03-21,26.1,15.1,20.0,0.0,16.8,59,3,81,2,20.2,20.7,19.4,17.0,20.09999999999999,18.928571428571427,19.192857142857143,5.1,0.5,0.0,3.7,1.8666666666666665,1.6285714285714283,4.564285714285714
2016-03-22,28.7,13.1,20.6,0.0,19.7,52,3,82,2,20.0,20.2,20.7,17.9,20.299999999999986,19.357142857142858,19.271428571428572,0.0,5.1,0.5,0.2,1.8666666666666665,1.0999999999999999,4.564285714285714
2016-03-23,30.2,13.6,22.2,0.0,10.1,57,3,83,2,20.6,20.0,20.2,19.0,20.266666666666655,19.74285714285714,19.3,0.0,0.0,5.1,0.0,1.7,1.0714285714285714,4.564285714285714
2016-03-24,28.8,16.7,22.5,0.0,14.5,60,3,84,2,22.2,20.6,20.0,18.3,20.933333333333323,20.2,19.335714285714285,0.0,0.0,0.0,1.9,0.0,1.0714285714285714,4.564285714285714
2016-03-25,24.3,17.0,19.9,0.4,20.2,66,3,85,2,22.5,22.2,20.6,19.4,21.766666666666655,20.8,19.37142857142857,0.0,0.0,0.0,0.0,0.0,0.7999999999999999,4.4
2016-03-26,26.7,13.9,20.3,0.3,12.8,73,3,86,2,19.9,22.5,22.2,20.7,21.53333333333332,20.87142857142857,19.428571428571427,0.4,0.0,0.0,0.5,0.13333333333333333,0.8571428571428571,3.185714285714286
2016-03-27,29.5,14.6,22.1,0.0,12.1,57,3,87,2,20.3,19.9,22.5,20.2,20.899999999999988,20.814285714285713,19.62142857142857,0.3,0.4,0.0,5.1,0.2333333333333333,0.8285714285714285,1.0928571428571427
2016-03-28,30.0,15.3,22.9,0.0,9.7,56,3,88,2,22.1,20.3,19.9,20.0,20.766666666666655,21.085714285714285,20.00714285714286,0.0,0.3,0.4,0.0,0.2333333333333333,0.09999999999999999,0.8642857142857141
2016-03-29,31.6,16.4,24.3,0.0,10.5,56,3,89,2,22.9,22.1,20.3,20.6,21.766666666666655,21.5,20.428571428571427,0.0,0.0,0.3,0.0,0.09999999999999999,0.09999999999999999,0.5999999999999999
2016-03-30,32.4,18.1,26.0,0.0,8.4,54,3,90,2,24.3,22.9,22.1,22.2,23.09999999999999,22.028571428571432,20.88571428571429,0.0,0.0,0.0,0.0,0.0,0.09999999999999999,0.5857142857142856
2016-03-31,32.2,19.4,25.9,0.0,12.3,57,3,91,2,26.0,24.3,22.9,22.5,24.399999999999988,22.571428571428573,21.38571428571429,0.0,0.0,0.0,0.0,0.0,0.09999999999999999,0.5857142857142856
2016-04-01,31.9,20.1,26.0,0.0,15.6,53,4,92,2,25.9,26.0,24.3,19.9,25.399999999999988,23.057142857142853,21.928571428571427,0.0,0.0,0.0,0.4,0.0,0.09999999999999999,0.45
2016-04-02,33.8,20.5,26.9,0.0,14.5,53,4,93,2,26.0,25.9,26.0,20.3,25.966666666666658,23.928571428571427,22.4,0.0,0.0,0.0,0.3,0.0,0.04285714285714286,0.45
2016-04-03,31.0,21.1,25.5,0.0,17.6,56,4,94,2,26.9,26.0,25.9,22.1,26.266666666666655,24.87142857142857,22.842857142857145,0.0,0.0,0.0,0.0,0.0,0.0,0.41428571428571426
2016-04-04,32.2,19.1,25.3,0.0,11.5,54,4,95,2,25.5,26.9,26.0,22.9,26.133333333333322,25.357142857142858,23.22142857142857,0.0,0.0,0.0,0.0,0.0,0.0,0.049999999999999996
2016-04-05,32.3,18.7,25.9,0.0,9.2,48,4,96,2,25.3,25.5,26.9,24.3,25.899999999999988,25.7,23.599999999999998,0.0,0.0,0.0,0.0,0.0,0.0,0.049999999999999996
2016-04-06,28.5,20.2,24.4,0.0,19.7,44,4,97,2,25.9,25.3,25.5,26.0,25.56666666666666,25.928571428571427,23.978571428571428,0.0,0.0,0.0,0.0,0.0,0.0,0.049999999999999996
2016-04-07,31.5,16.6,24.2,0.0,14.0,45,4,98,2,24.4,25.9,25.3,25.9,25.19999999999999,25.699999999999996,24.135714285714283,0.0,0.0,0.0,0.0,0.0,0.0,0.049999999999999996
2016-04-08,30.8,17.3,23.9,0.2,16.0,43,4,99,2,24.2,24.4,25.9,26.0,24.833333333333325,25.45714285714286,24.257142857142856,0.0,0.0,0.0,0.0,0.0,0.0,0.049999999999999996
2016-04-09,30.1,18.7,24.5,0.0,17.8,47,4,100,2,23.9,24.2,24.4,26.9,24.166666666666657,25.157142857142855,24.542857142857144,0.2,0.0,0.0,0.0,0.06666666666666667,0.028571428571428574,0.03571428571428571
2016-04-10,28.8,18.8,23.8,0.1,17.3,52,4,101,2,24.5,23.9,24.2,25.5,24.19999999999999,24.814285714285713,24.842857142857145,0.0,0.2,0.0,0.0,0.06666666666666667,0.028571428571428574,0.014285714285714287
2016-04-11,29.4,16.6,23.4,0.0,10.0,57,4,102,2,23.8,24.5,23.9,25.3,24.066666666666652,24.571428571428573,24.964285714285715,0.1,0.0,0.2,0.0,0.10000000000000002,0.042857142857142864,0.021428571428571432
2016-04-12,33.3,18.0,25.8,0.0,15.4,44,4,103,2,23.4,23.8,24.5,25.9,23.89999999999999,24.3,25.0,0.0,0.1,0.0,0.0,0.03333333333333333,0.042857142857142864,0.021428571428571432
2016-04-13,35.5,18.4,27.6,0.0,13.7,42,4,104,2,25.8,23.4,23.8,24.4,24.333333333333325,24.28571428571428,25.107142857142858,0.0,0.0,0.1,0.0,0.03333333333333333,0.042857142857142864,0.021428571428571432
2016-04-14,37.3,20.5,29.4,0.0,8.8,35,4,105,2,27.6,25.8,23.4,24.2,25.59999999999999,24.742857142857144,25.221428571428568,0.0,0.0,0.0,0.0,0.0,0.042857142857142864,0.021428571428571432
2016-04-15,38.5,23.1,31.1,0.0,10.0,32,4,106,2,29.4,27.6,25.8,23.9,27.59999999999999,25.485714285714284,25.47142857142857,0.0,0.0,0.0,0.2,0.0,0.042857142857142864,0.021428571428571432
2016-04-16,39.8,25.0,32.3,0.6,10.7,32,4,107,2,31.1,29.4,27.6,24.5,29.366666666666656,26.514285714285716,25.835714285714285,0.0,0.0,0.0,0.0,0.0,0.014285714285714287,0.021428571428571432
2016-04-17,34.8,23.3,29.3,2.8,27.6,44,4,108,2,32.3,31.1,29.4,23.8,30.93333333333332,27.62857142857143,26.221428571428568,0.6,0.0,0.0,0.1,0.19999999999999998,0.09999999999999999,0.0642857142857143
2016-04-18,36.6,22.6,29.6,0.0,11.8,41,4,109,2,29.3,32.3,31.1,23.4,30.89999999999999,28.414285714285715,26.49285714285714,2.8,0.6,0.0,0.0,1.1333333333333333,0.4857142857142857,0.2642857142857143
2016-04-19,34.5,23.0,28.6,0.0,25.6,34,4,110,2,29.6,29.3,32.3,25.8,30.399999999999988,29.3,26.8,0.0,2.8,0.6,0.0,1.1333333333333333,0.4857142857142857,0.2642857142857143
2016-04-20,36.2,22.4,29.0,0.0,15.9,34,4,111,2,28.6,29.6,29.3,27.6,29.166666666666657,29.7,26.99285714285714,0.0,0.0,2.8,0.0,0.9333333333333332,0.4857142857142857,0.2642857142857143
2016-04-21,37.1,20.6,28.8,1.5,11.7,38,4,112,2,29.0,28.6,29.6,29.4,29.06666666666666,29.9,27.321428571428573,0.0,0.0,0.0,0.0,0.0,0.4857142857142857,0.2642857142857143
2016-04-22,34.0,20.5,27.3,0.2,15.3,37,4,113,2,28.8,29.0,28.6,31.1,28.799999999999986,29.814285714285717,27.650000000000002,1.5,0.0,0.0,0.0,0.5,0.7000000000000001,0.3714285714285714
2016-04-23,34.7,18.5,27.1,0.0,10.3,24,4,114,2,27.3,28.8,29.0,32.3,28.366666666666656,29.27142857142857,27.892857142857142,0.2,1.5,0.0,0.6,0.5666666666666667,0.7285714285714285,0.3714285714285714
2016-04-24,35.1,18.6,27.5,0.0,12.9,24,4,115,2,27.1,27.3,28.8,29.3,27.733333333333324,28.528571428571432,28.078571428571426,0.0,0.2,1.5,2.8,0.5666666666666667,0.6428571428571429,0.3714285714285714
2016-04-25,36.5,20.1,28.8,0.0,9.8,23,4,116,2,27.5,27.1,27.3,29.6,27.299999999999986,28.271428571428572,28.342857142857138,0.0,0.0,0.2,0.0,0.06666666666666667,0.24285714285714285,0.36428571428571427
2016-04-26,37.5,21.5,30.2,0.0,12.5,21,4,117,2,28.8,27.5,27.1,28.6,27.799999999999994,28.157142857142855,28.728571428571428,0.0,0.0,0.0,0.0,0.0,0.24285714285714285,0.36428571428571427
2016-04-27,37.7,21.9,30.2,0.2,14.6,22,4,118,2,30.2,28.8,27.5,29.0,28.833333333333318,28.38571428571429,29.04285714285714,0.0,0.0,0.0,0.0,0.0,0.24285714285714285,0.36428571428571427
2016-04-28,37.9,20.8,30.2,0.0,11.3,22,4,119,2,30.2,30.2,28.8,28.8,29.73333333333332,28.557142857142857,29.22857142857143,0.2,0.0,0.0,1.5,0.06666666666666667,0.2714285714285714,0.37857142857142856
2016-04-29,39.6,21.2,31.2,0.0,12.7,20,4,120,2,30.2,30.2,30.2,27.3,30.2,28.757142857142856,29.285714285714285,0.0,0.2,0.0,0.2,0.06666666666666667,0.05714285714285715,0.37857142857142856
2016-04-30,40.8,20.6,32.1,0.0,8.9,21,4,121,2,31.2,30.2,30.2,27.1,30.53333333333332,29.314285714285717,29.292857142857144,0.0,0.0,0.2,0.0,0.06666666666666667,0.028571428571428574,0.37857142857142856
2016-05-01,42.5,24.2,34.2,0.0,11.6,21,5,122,2,32.1,31.2,30.2,27.5,31.166666666666657,30.02857142857143,29.27857142857143,0.0,0.0,0.0,0.0,0.0,0.028571428571428574,0.3357142857142857
2016-05-02,42.6,26.4,34.5,0.0,19.7,19,5,123,2,34.2,32.1,31.2,28.8,32.49999999999999,30.985714285714284,29.62857142857143,0.0,0.0,0.0,0.0,0.0,0.028571428571428574,0.1357142857142857
2016-05-03,38.1,27.4,32.5,1.3,17.6,25,5,124,2,34.5,34.2,32.1,30.2,33.599999999999994,31.800000000000004,29.97857142857143,0.0,0.0,0.0,0.0,0.0,0.028571428571428574,0.1357142857142857
2016-05-04,34.2,24.5,29.4,0.0,14.2,35,5,125,2,32.5,34.5,34.2,30.2,33.73333333333332,32.128571428571426,30.25714285714286,1.3,0.0,0.0,0.2,0.43333333333333335,0.21428571428571427,0.2285714285714286
2016-05-05,33.9,23.1,29.0,0.2,10.6,42,5,126,2,29.4,32.5,34.5,30.2,32.13333333333332,32.01428571428571,30.285714285714285,0.0,1.3,0.0,0.0,0.43333333333333335,0.18571428571428572,0.2285714285714286
2016-05-06,37.3,24.5,31.3,0.0,6.6,35,5,127,2,29.0,29.4,32.5,31.2,30.299999999999986,31.842857142857145,30.3,0.2,0.0,1.3,0.0,0.5,0.21428571428571427,0.13571428571428573
2016-05-07,39.4,24.8,32.5,0.0,8.5,32,5,128,2,31.3,29.0,29.4,32.1,29.899999999999988,31.857142857142858,30.585714285714285,0.0,0.2,0.0,0.0,0.06666666666666667,0.21428571428571427,0.12142857142857144
2016-05-08,42.0,25.3,34.4,0.0,10.6,27,5,129,2,32.5,31.3,29.0,34.2,30.93333333333332,31.914285714285715,30.97142857142857,0.0,0.0,0.2,0.0,0.06666666666666667,0.21428571428571427,0.12142857142857144
2016-05-09,41.8,26.0,34.9,0.4,10.9,27,5,130,2,34.4,32.5,31.3,34.5,32.73333333333332,31.942857142857143,31.464285714285715,0.0,0.0,0.0,0.0,0.0,0.21428571428571427,0.12142857142857144
2016-05-10,41.2,27.9,34.5,0.3,12.7,28,5,131,2,34.9,34.4,32.5,32.5,33.933333333333316,32.0,31.900000000000002,0.4,0.0,0.0,1.3,0.13333333333333333,0.27142857142857146,0.15
2016-05-11,37.7,28.0,32.9,0.0,9.1,38,5,132,2,34.5,34.9,34.4,29.4,34.59999999999999,32.285714285714285,32.20714285714286,0.3,0.4,0.0,0.0,0.2333333333333333,0.1285714285714286,0.17142857142857146
2016-05-12,37.9,27.5,32.6,1.1,14.3,42,5,133,2,32.9,34.5,34.9,29.0,34.09999999999999,32.785714285714285,32.4,0.0,0.3,0.4,0.2,0.2333333333333333,0.1285714285714286,0.15714285714285717
2016-05-13,39.8,26.0,33.0,0.5,20.1,37,5,134,2,32.6,32.9,34.5,31.3,33.33333333333332,33.300000000000004,32.57142857142857,1.1,0.0,0.3,0.0,0.4666666666666666,0.2571428571428572,0.23571428571428574
2016-05-14,40.0,25.8,32.8,0.8,14.2,35,5,135,2,33.0,32.6,32.9,32.5,32.83333333333332,33.542857142857144,32.7,0.5,1.1,0.0,0.0,0.5333333333333333,0.32857142857142857,0.27142857142857146
2016-05-15,39.7,26.9,33.7,0.0,13.7,29,5,136,2,32.8,33.0,32.6,34.4,32.79999999999998,33.58571428571428,32.75,0.8,0.5,1.1,0.0,0.7999999999999999,0.4428571428571429,0.3285714285714286
2016-05-16,40.7,24.7,33.6,0.0,10.6,28,5,137,2,33.7,32.8,33.0,34.9,33.16666666666666,33.48571428571428,32.714285714285715,0.0,0.8,0.5,0.4,0.4333333333333333,0.4428571428571429,0.3285714285714286
2016-05-17,42.5,25.9,35.1,0.0,10.6,26,5,138,2,33.6,33.7,32.8,34.5,33.36666666666665,33.300000000000004,32.65,0.0,0.0,0.8,0.3,0.2666666666666666,0.38571428571428573,0.3285714285714286
2016-05-18,44.5,27.4,36.5,0.0,9.9,23,5,139,2,35.1,33.6,33.7,32.9,34.133333333333326,33.385714285714286,32.83571428571428,0.0,0.0,0.0,0.0,0.0,0.3428571428571429,0.23571428571428577
2016-05-19,44.6,27.8,36.8,0.4,10.8,23,5,140,2,36.5,35.1,33.6,32.6,35.066666666666656,33.9,33.34285714285714,0.0,0.0,0.0,1.1,0.0,0.3428571428571429,0.23571428571428577
2016-05-20,44.5,28.0,36.7,0.0,10.8,21,5,141,2,36.8,36.5,35.1,33.0,36.133333333333326,34.5,33.9,0.4,0.0,0.0,0.5,0.13333333333333328,0.24285714285714288,0.25000000000000006
2016-05-21,44.8,28.1,37.0,0.3,9.8,23,5,142,2,36.7,36.8,36.5,32.8,36.66666666666666,35.028571428571425,34.285714285714285,0.0,0.4,0.0,0.8,0.13333333333333328,0.17142857142857146,0.25000000000000006
2016-05-22,44.2,28.0,36.4,1.2,15.3,29,5,143,2,37.0,36.7,36.8,33.7,36.83333333333332,35.628571428571426,34.607142857142854,0.3,0.0,0.4,0.0,0.23333333333333325,0.09999999999999999,0.27142857142857146
2016-05-23,41.3,28.2,33.6,2.0,13.1,38,5,144,2,36.4,37.0,36.7,33.6,36.69999999999999,36.01428571428571,34.75,1.2,0.3,0.0,0.0,0.49999999999999983,0.2714285714285714,0.35714285714285715
2016-05-24,36.3,27.3,31.5,0.0,13.8,44,5,145,2,33.6,36.4,37.0,35.1,35.66666666666666,36.01428571428571,34.65714285714286,2.0,1.2,0.3,0.0,1.1666666666666665,0.5571428571428572,0.4714285714285715
2016-05-25,37.1,24.6,31.4,0.0,9.8,45,5,146,2,31.5,33.6,36.4,36.5,33.83333333333332,35.5,34.44285714285714,0.0,2.0,1.2,0.0,1.0666666666666667,0.5571428571428572,0.45
2016-05-26,39.2,25.3,33.3,0.0,9.2,37,5,147,2,31.4,31.5,33.6,36.8,32.16666666666665,34.77142857142857,34.33571428571428,0.0,0.0,2.0,0.4,0.6666666666666665,0.5571428571428572,0.45
2016-05-27,40.1,27.4,34.4,0.0,8.2,37,5,148,2,33.3,31.4,31.5,36.7,32.066666666666656,34.27142857142857,34.385714285714286,0.0,0.0,0.0,0.0,0.0,0.5,0.37142857142857144
2016-05-28,40.7,28.8,33.4,2.1,13.8,44,5,149,2,34.4,33.3,31.4,37.0,33.033333333333324,33.94285714285714,34.48571428571428,0.0,0.0,0.0,0.3,0.0,0.5,0.33571428571428574
2016-05-29,40.2,26.6,33.8,1.6,18.7,38,5,150,2,33.4,34.4,33.3,36.4,33.69999999999998,33.42857142857143,34.52857142857143,2.1,0.0,0.0,1.2,0.6999999999999998,0.7571428571428571,0.42857142857142855
2016-05-30,37.4,26.5,31.8,0.4,15.9,47,5,151,2,33.8,33.4,34.4,33.6,33.86666666666665,33.05714285714286,34.535714285714285,1.6,2.1,0.0,2.0,1.2333333333333332,0.8142857142857142,0.5428571428571429
2016-05-31,38.7,26.7,33.1,0.0,10.1,42,5,152,2,31.8,33.8,33.4,31.5,32.999999999999986,32.8,34.40714285714286,0.4,1.6,2.1,0.0,1.3666666666666665,0.5857142857142857,0.5714285714285714
2016-06-01,41.0,28.6,35.1,0.3,10.0,38,6,153,3,33.1,31.8,33.8,31.4,32.89999999999999,33.028571428571425,34.26428571428571,0.0,0.4,1.6,0.0,0.6666666666666665,0.5857142857142857,0.5714285714285714
2016-06-02,40.6,28.7,34.8,0.0,12.3,39,6,154,3,35.1,33.1,31.8,33.3,33.33333333333332,33.55714285714286,34.16428571428572,0.3,0.0,0.4,0.0,0.23333333333333317,0.6285714285714287,0.5928571428571429
2016-06-03,40.9,28.5,35.4,0.0,9.6,36,6,155,3,34.8,35.1,33.1,34.4,34.33333333333332,33.77142857142857,34.021428571428565,0.0,0.3,0.0,0.0,0.09999999999999985,0.6285714285714287,0.5642857142857143
2016-06-04,43.0,29.7,36.7,0.0,10.6,27,6,156,3,35.4,34.8,35.1,33.4,35.09999999999999,33.91428571428571,33.92857142857143,0.0,0.0,0.3,2.1,0.09999999999999985,0.6285714285714287,0.5642857142857143
2016-06-05,43.5,28.2,36.7,0.0,9.5,26,6,157,3,36.7,35.4,34.8,33.8,35.63333333333332,34.385714285714286,33.90714285714286,0.0,0.0,0.0,1.6,0.0,0.3285714285714286,0.5428571428571429
2016-06-06,43.4,29.7,36.7,0.0,11.1,25,6,158,3,36.7,36.7,35.4,31.8,36.26666666666666,34.800000000000004,33.92857142857143,0.0,0.0,0.0,0.4,0.0,0.09999999999999999,0.4571428571428572
2016-06-07,42.4,29.7,35.9,0.3,16.6,29,6,159,3,36.7,36.7,36.7,33.1,36.7,35.5,34.15,0.0,0.0,0.0,0.0,0.0,0.04285714285714286,0.31428571428571433
2016-06-08,42.4,29.2,35.9,0.4,18.4,31,6,160,3,35.9,36.7,36.7,35.1,36.43333333333333,35.9,34.464285714285715,0.3,0.0,0.0,0.3,0.09999999999999985,0.08571428571428572,0.33571428571428574
2016-06-09,41.3,29.4,35.7,0.2,16.6,34,6,161,3,35.9,35.9,36.7,34.8,36.16666666666666,36.01428571428572,34.785714285714285,0.4,0.3,0.0,0.0,0.23333333333333317,0.09999999999999999,0.3642857142857143
2016-06-10,41.3,29.1,35.5,0.0,16.1,37,6,162,3,35.7,35.9,35.9,35.4,35.83333333333332,36.142857142857146,34.957142857142856,0.2,0.4,0.3,0.0,0.2999999999999999,0.1285714285714286,0.37857142857142856
2016-06-11,39.9,27.8,34.5,0.0,12.3,44,6,163,3,35.5,35.7,35.9,36.7,35.69999999999999,36.15714285714286,35.035714285714285,0.0,0.2,0.4,0.0,0.19999999999999987,0.1285714285714286,0.37857142857142856
2016-06-12,39.9,29.1,34.8,0.0,13.2,44,6,164,3,34.5,35.5,35.7,36.7,35.23333333333333,35.84285714285714,35.114285714285714,0.0,0.0,0.2,0.0,0.06666666666666653,0.1285714285714286,0.22857142857142862
2016-06-13,40.2,29.9,35.6,0.3,10.8,44,6,165,3,34.8,34.5,35.5,36.7,34.93333333333332,35.57142857142857,35.18571428571428,0.0,0.0,0.0,0.0,0.0,0.1285714285714286,0.11428571428571432
2016-06-14,41.6,30.9,36.4,0.0,8.7,43,6,166,3,35.6,34.8,34.5,35.9,34.96666666666666,35.41428571428572,35.45714285714286,0.3,0.0,0.0,0.3,0.09999999999999985,0.17142857142857143,0.10714285714285718
2016-06-15,41.3,31.3,36.5,0.0,14.2,43,6,167,3,36.4,35.6,34.8,35.9,35.59999999999999,35.48571428571428,35.69285714285714,0.0,0.3,0.0,0.4,0.09999999999999985,0.12857142857142856,0.10714285714285718
2016-06-16,40.5,29.7,34.8,0.0,20.4,51,6,168,3,36.5,36.4,35.6,35.7,36.16666666666666,35.57142857142857,35.79285714285714,0.0,0.0,0.3,0.2,0.09999999999999985,0.07142857142857142,0.08571428571428576
2016-06-17,39.4,30.6,35.0,0.0,17.0,48,6,169,3,34.8,36.5,36.4,35.5,35.89999999999999,35.44285714285714,35.792857142857144,0.0,0.0,0.0,0.0,0.0,0.04285714285714286,0.08571428571428576
2016-06-18,40.4,30.4,35.9,0.0,10.6,46,6,170,3,35.0,34.8,36.5,34.5,35.43333333333332,35.371428571428574,35.76428571428571,0.0,0.0,0.0,0.0,0.0,0.04285714285714286,0.08571428571428576
2016-06-19,40.7,31.1,36.0,0.0,11.4,47,6,171,3,35.9,35.0,34.8,34.8,35.23333333333332,35.57142857142857,35.707142857142856,0.0,0.0,0.0,0.0,0.0,0.04285714285714286,0.08571428571428576
2016-06-20,40.5,31.8,36.2,0.4,11.1,47,6,172,3,36.0,35.9,35.0,35.6,35.633333333333326,35.74285714285714,35.65714285714286,0.0,0.0,0.0,0.3,0.0,0.04285714285714286,0.08571428571428576
2016-06-21,39.4,31.8,35.4,0.0,19.6,51,6,173,3,36.2,36.0,35.9,36.4,36.033333333333324,35.82857142857143,35.621428571428574,0.4,0.0,0.0,0.0,0.1333333333333332,0.05714285714285715,0.11428571428571432
2016-06-22,36.9,29.2,33.2,3.9,20.4,58,6,174,3,35.4,36.2,36.0,36.5,35.86666666666665,35.68571428571428,35.58571428571428,0.0,0.4,0.0,0.0,0.1333333333333332,0.05714285714285715,0.09285714285714289
2016-06-23,38.2,28.8,33.4,0.0,8.6,58,6,175,3,33.2,35.4,36.2,34.8,34.93333333333332,35.214285714285715,35.392857142857146,3.9,0.0,0.4,0.0,1.4333333333333333,0.6142857142857142,0.3428571428571429
2016-06-24,40.3,29.5,35.2,0.0,7.4,50,6,176,3,33.4,33.2,35.4,35.0,33.99999999999999,35.01428571428571,35.22857142857143,0.0,3.9,0.0,0.0,1.2999999999999998,0.6142857142857142,0.32857142857142857
2016-06-25,41.2,31.8,36.9,0.0,9.4,44,6,177,3,35.2,33.4,33.2,35.9,33.93333333333333,35.042857142857144,35.20714285714286,0.0,0.0,3.9,0.0,1.2999999999999998,0.6142857142857142,0.32857142857142857
2016-06-26,40.6,32.1,36.7,0.0,16.0,45,6,178,3,36.9,35.2,33.4,36.0,35.16666666666666,35.18571428571429,35.378571428571426,0.0,0.0,0.0,0.0,0.0,0.6142857142857142,0.32857142857142857
2016-06-27,40.1,28.5,35.3,2.3,18.9,53,6,179,3,36.7,36.9,35.2,36.2,36.26666666666666,35.285714285714285,35.51428571428572,0.0,0.0,0.0,0.4,0.0,0.6142857142857142,0.32857142857142857
2016-06-28,36.1,27.0,31.9,5.0,11.5,68,6,180,3,35.3,36.7,36.9,35.4,36.29999999999999,35.15714285714286,35.49285714285714,2.3,0.0,0.0,0.0,0.7666666666666665,0.8857142857142856,0.4714285714285714
2016-06-29,38.1,30.7,34.2,0.9,10.9,59,6,181,3,31.9,35.3,36.7,33.2,34.633333333333326,34.65714285714286,35.17142857142857,5.0,2.3,0.0,3.9,2.433333333333333,1.5999999999999999,0.8285714285714285
2016-06-30,40.6,31.6,36.4,0.0,8.3,49,6,182,3,34.2,31.9,35.3,33.4,33.79999999999999,34.8,35.00714285714286,0.9,5.0,2.3,0.0,2.733333333333333,1.1714285714285713,0.8928571428571429
2016-07-01,42.7,32.0,37.4,0.0,22.1,49,7,183,3,36.4,34.2,31.9,35.2,34.16666666666666,35.228571428571435,35.121428571428574,0.0,0.9,5.0,0.0,1.9666666666666666,1.1714285714285713,0.8928571428571429
2016-07-02,39.8,27.5,32.2,13.6,20.0,71,7,184,3,37.4,36.4,34.2,36.9,35.99999999999999,35.54285714285714,35.292857142857144,0.0,0.0,0.9,0.0,0.2999999999999997,1.1714285714285713,0.8928571428571429
2016-07-03,31.5,25.9,28.8,9.2,17.5,78,7,185,3,32.2,37.4,36.4,36.7,35.33333333333332,34.871428571428574,35.02857142857143,13.6,0.0,0.0,0.0,4.533333333333332,3.114285714285714,1.8642857142857143
2016-07-04,35.7,28.1,31.9,0.0,6.3,65,7,186,3,28.8,32.2,37.4,35.3,32.79999999999999,33.74285714285714,34.51428571428572,9.2,13.6,0.0,2.3,7.599999999999999,4.428571428571429,2.5214285714285714
2016-07-05,37.0,30.0,33.4,0.0,7.2,65,7,187,3,31.9,28.8,32.2,31.9,30.966666666666658,33.25714285714285,34.207142857142856,0.0,9.2,13.6,5.0,7.599999999999999,4.1,2.492857142857143
2016-07-06,37.7,26.2,32.8,10.3,10.2,67,7,188,3,33.4,31.9,28.8,34.2,31.366666666666656,33.471428571428575,34.06428571428571,0.0,0.0,9.2,0.9,3.0666666666666664,3.3857142857142852,2.492857142857143
2016-07-07,34.7,27.6,31.7,10.6,18.0,70,7,189,3,32.8,33.4,31.9,36.4,32.69999999999999,33.271428571428565,34.035714285714285,10.3,0.0,0.0,0.0,3.4333333333333336,4.728571428571429,2.9499999999999997
2016-07-08,36.9,28.7,33.2,0.0,6.0,66,7,190,3,31.7,32.8,33.4,37.4,32.63333333333332,32.6,33.91428571428571,10.6,10.3,0.0,0.0,6.966666666666666,6.242857142857143,3.707142857142857
2016-07-09,33.4,27.2,30.6,10.9,9.5,78,7,191,3,33.2,31.7,32.8,32.2,32.566666666666656,32.0,33.77142857142857,0.0,10.6,10.3,13.6,6.966666666666666,6.242857142857143,3.707142857142857
2016-07-10,35.8,27.5,31.5,1.0,8.1,70,7,192,3,30.6,33.2,31.7,28.8,31.833333333333325,31.771428571428572,33.32142857142857,10.9,0.0,10.6,9.2,7.166666666666667,5.857142857142857,4.485714285714286
2016-07-11,36.5,28.1,32.7,0.0,7.1,64,7,193,3,31.5,30.6,33.2,31.9,31.766666666666662,32.15714285714286,32.949999999999996,1.0,10.9,0.0,0.0,3.966666666666667,4.685714285714286,4.557142857142857
2016-07-12,36.2,29.2,32.7,0.6,15.6,66,7,194,3,32.7,31.5,30.6,33.4,31.599999999999994,32.27142857142857,32.76428571428572,0.0,1.0,10.9,0.0,3.966666666666667,4.685714285714286,4.392857142857143
2016-07-13,36.1,29.0,32.6,0.3,11.8,67,7,195,3,32.7,32.7,31.5,32.8,32.29999999999999,32.17142857142857,32.82142857142857,0.6,0.0,1.0,10.3,0.5333333333333333,4.771428571428572,4.078571428571428
2016-07-14,36.2,29.1,33.1,0.5,9.1,65,7,196,3,32.6,32.7,32.7,31.7,32.666666666666664,32.142857142857146,32.707142857142856,0.3,0.6,0.0,10.6,0.3,3.3428571428571425,4.035714285714286
2016-07-15,36.6,28.0,32.6,1.2,18.9,71,7,197,3,33.1,32.6,32.7,33.2,32.79999999999999,32.34285714285714,32.471428571428575,0.5,0.3,0.6,0.0,0.4666666666666666,1.9000000000000001,4.071428571428571
2016-07-16,34.5,26.8,30.5,7.3,12.3,78,7,198,3,32.6,33.1,32.6,30.6,32.76666666666666,32.25714285714286,32.128571428571426,1.2,0.5,0.3,10.9,0.6666666666666666,2.0714285714285716,4.1571428571428575
2016-07-17,34.7,26.7,30.5,3.1,11.7,77,7,199,3,30.5,32.6,33.1,31.5,32.066666666666656,32.24285714285714,32.00714285714286,7.3,1.2,0.5,1.0,3.0,1.557142857142857,3.707142857142857
2016-07-18,33.8,26.0,29.8,11.8,8.0,77,7,200,3,30.5,30.5,32.6,32.7,31.19999999999999,32.1,32.128571428571426,3.1,7.3,1.2,0.0,3.8666666666666667,1.8571428571428572,3.2714285714285714
2016-07-19,34.6,25.6,30.2,2.3,8.1,73,7,201,3,29.8,30.5,30.5,32.7,30.266666666666655,31.685714285714287,31.97857142857143,11.8,3.1,7.3,0.6,7.400000000000001,3.542857142857143,4.114285714285715
2016-07-20,37.2,27.8,32.7,0.0,9.4,67,7,202,3,30.2,29.8,30.5,32.6,30.166666666666657,31.32857142857143,31.750000000000004,2.3,11.8,3.1,0.3,5.733333333333333,3.7857142857142856,4.2785714285714285
2016-07-21,38.0,30.1,34.3,0.0,8.0,61,7,203,3,32.7,30.2,29.8,33.1,30.89999999999999,31.342857142857145,31.742857142857144,0.0,2.3,11.8,0.5,4.7,3.7428571428571433,3.542857142857143
2016-07-22,38.0,30.4,33.7,0.5,15.2,61,7,204,3,34.3,32.7,30.2,32.6,32.39999999999999,31.514285714285716,31.928571428571434,0.0,0.0,2.3,1.2,0.7666666666666666,3.6714285714285717,2.7857142857142856
2016-07-23,36.9,26.7,32.2,4.1,16.2,65,7,205,3,33.7,34.3,32.7,30.5,33.566666666666656,31.67142857142857,31.964285714285715,0.5,0.0,0.0,7.3,0.16666666666666666,3.5714285714285716,2.8214285714285716
2016-07-24,35.9,27.8,32.0,0.0,15.3,65,7,206,3,32.2,33.7,34.3,30.5,33.39999999999999,31.91428571428571,32.07857142857143,4.1,0.5,0.0,3.1,1.5333333333333332,3.1142857142857143,2.335714285714286
2016-07-25,37.1,29.3,33.3,0.2,10.2,61,7,207,3,32.0,32.2,33.7,29.8,32.633333333333326,32.128571428571426,32.114285714285714,0.0,4.1,0.5,11.8,1.5333333333333332,2.6714285714285713,2.2642857142857147
2016-07-26,38.2,29.4,32.9,2.4,11.9,66,7,208,3,33.3,32.0,32.2,30.2,32.49999999999999,32.628571428571426,32.15714285714286,0.2,0.0,4.1,2.3,1.4333333333333333,1.0142857142857142,2.278571428571429
2016-07-27,33.2,26.4,29.4,13.4,19.5,78,7,209,3,32.9,33.3,32.0,32.7,32.73333333333332,33.01428571428571,32.17142857142857,2.4,0.2,0.0,0.0,0.8666666666666667,1.0285714285714285,2.4071428571428575
2016-07-28,33.8,25.0,28.8,4.1,13.4,78,7,210,3,29.4,32.9,33.3,34.3,31.866666666666656,32.542857142857144,31.942857142857143,13.4,2.4,0.2,0.0,5.333333333333333,2.942857142857143,3.342857142857143
2016-07-29,34.1,26.8,30.5,0.7,8.8,73,7,211,3,28.8,29.4,32.9,33.7,30.366666666666656,31.757142857142856,31.63571428571429,4.1,13.4,2.4,0.5,6.633333333333333,3.5285714285714285,3.6000000000000005
2016-07-30,34.3,27.4,30.5,3.7,12.8,73,7,212,3,30.5,28.8,29.4,32.2,29.56666666666666,31.3,31.485714285714288,0.7,4.1,13.4,4.1,6.066666666666666,3.557142857142857,3.564285714285714
2016-07-31,35.0,26.6,30.7,2.7,9.1,74,7,213,3,30.5,30.5,28.8,32.0,29.933333333333323,31.057142857142853,31.485714285714288,3.7,0.7,4.1,0.0,2.8333333333333335,3.5,3.3071428571428574
2016-08-01,35.6,26.6,31.5,1.7,11.8,69,8,214,3,30.7,30.5,30.5,33.3,30.56666666666666,30.871428571428567,31.5,2.7,3.7,0.7,0.2,2.3666666666666667,3.8857142857142857,3.278571428571429
2016-08-02,35.1,27.5,30.9,3.8,15.8,72,8,215,3,31.5,30.7,30.5,32.9,30.89999999999999,30.614285714285717,31.62142857142857,1.7,2.7,3.7,2.4,2.6999999999999997,4.1,2.557142857142857
2016-08-03,34.9,26.6,30.4,2.7,11.8,73,8,216,3,30.9,31.5,30.7,29.4,31.03333333333332,30.328571428571426,31.67142857142857,3.8,1.7,2.7,13.4,2.733333333333333,4.3,2.6642857142857146
2016-08-04,36.4,28.1,32.2,0.4,6.0,69,8,217,3,30.4,30.9,31.5,28.8,30.933333333333323,30.471428571428568,31.50714285714286,2.7,3.8,1.7,4.1,2.733333333333333,2.771428571428572,2.857142857142857
2016-08-05,34.9,29.6,32.3,9.7,5.7,69,8,218,3,32.2,30.4,30.9,30.5,31.166666666666657,30.957142857142856,31.357142857142858,0.4,2.7,3.8,0.7,2.3000000000000003,2.242857142857143,2.8857142857142857
2016-08-06,34.6,29.3,31.6,2.1,16.4,74,8,219,3,32.3,32.2,30.4,30.5,31.633333333333326,31.214285714285715,31.25714285714286,9.7,0.4,2.7,3.7,4.266666666666667,3.528571428571429,3.542857142857143
2016-08-07,33.9,27.4,29.7,8.7,16.5,81,8,220,3,31.6,32.3,32.2,30.7,32.033333333333324,31.37142857142857,31.214285714285715,2.1,9.7,0.4,2.7,4.066666666666667,3.3,3.4
2016-08-08,34.4,26.1,30.1,5.4,11.2,76,8,221,3,29.7,31.6,32.3,31.5,31.19999999999999,31.228571428571428,31.05,8.7,2.1,9.7,1.7,6.833333333333333,4.157142857142857,4.021428571428571
2016-08-09,33.0,26.5,30.2,4.8,8.4,78,8,222,3,30.1,29.7,31.6,30.9,30.466666666666658,31.028571428571432,30.821428571428573,5.4,8.7,2.1,3.8,5.400000000000001,4.685714285714285,4.392857142857143
2016-08-10,34.0,26.7,30.1,7.2,11.9,77,8,223,3,30.2,30.1,29.7,30.4,29.99999999999999,30.928571428571427,30.62857142857143,4.8,5.4,8.7,2.7,6.300000000000001,4.828571428571428,4.564285714285714
2016-08-11,33.1,25.3,29.3,2.4,12.3,79,8,224,3,30.1,30.2,30.1,32.2,30.133333333333326,30.885714285714283,30.678571428571427,7.2,4.8,5.4,0.4,5.800000000000001,5.471428571428571,4.121428571428572
2016-08-12,33.7,26.6,30.1,0.0,9.2,75,8,225,3,29.3,30.1,30.2,32.3,29.86666666666666,30.47142857142857,30.714285714285715,2.4,7.2,4.8,9.7,4.800000000000001,5.757142857142857,4.0
2016-08-13,35.3,27.3,31.4,0.3,6.6,72,8,226,3,30.1,29.3,30.1,31.6,29.833333333333325,30.157142857142855,30.685714285714283,0.0,2.4,7.2,2.1,3.2000000000000006,4.371428571428571,3.95
2016-08-14,35.6,28.4,31.7,1.9,7.2,72,8,227,3,31.4,30.1,29.3,29.7,30.266666666666655,30.12857142857143,30.75,0.3,0.0,2.4,8.7,0.9000000000000005,4.114285714285715,3.707142857142857
2016-08-15,35.3,25.7,30.4,9.4,11.7,73,8,228,3,31.7,31.4,30.1,30.1,31.06666666666666,30.41428571428571,30.821428571428573,1.9,0.3,0.0,5.4,0.733333333333334,3.142857142857143,3.6499999999999995
2016-08-16,36.0,26.5,31.5,0.2,6.9,68,8,229,3,30.4,31.7,31.4,30.2,31.166666666666657,30.457142857142856,30.74285714285714,9.4,1.9,0.3,4.8,3.866666666666667,3.7142857142857144,4.2
2016-08-17,36.6,27.8,32.1,0.1,16.7,64,8,230,3,31.5,30.4,31.7,30.1,31.19999999999999,30.642857142857142,30.785714285714285,0.2,9.4,1.9,7.2,3.833333333333334,3.0571428571428574,3.9428571428571426
2016-08-18,35.5,26.4,30.9,0.2,11.1,68,8,231,3,32.1,31.5,30.4,29.3,31.333333333333325,30.928571428571427,30.907142857142862,0.1,0.2,9.4,2.4,3.2333333333333347,2.042857142857143,3.757142857142857
2016-08-19,36.6,27.9,32.4,0.0,6.2,60,8,232,3,30.9,32.1,31.5,30.1,31.49999999999999,31.157142857142855,30.814285714285713,0.2,0.1,0.2,0.0,0.16666666666666785,1.7285714285714284,3.7428571428571433
2016-08-20,38.0,29.9,33.7,0.0,12.6,58,8,233,3,32.4,30.9,32.1,31.4,31.799999999999994,31.485714285714288,30.821428571428573,0.0,0.2,0.1,0.3,0.1000000000000012,1.7285714285714284,3.0500000000000003
2016-08-21,37.2,28.3,32.8,0.0,10.9,61,8,234,3,33.7,32.4,30.9,31.7,32.33333333333332,31.814285714285713,30.97142857142857,0.0,0.0,0.2,1.9,0.06666666666666786,1.6857142857142857,2.9
2016-08-22,38.2,28.3,33.0,0.2,12.0,61,8,235,3,32.8,33.7,32.4,30.4,32.966666666666654,31.97142857142857,31.192857142857147,0.0,0.0,0.0,9.4,0.0,1.4142857142857144,2.278571428571429
2016-08-23,36.2,25.6,30.9,6.5,10.7,70,8,236,3,33.0,32.8,33.7,31.5,33.16666666666666,32.34285714285714,31.400000000000002,0.2,0.0,0.0,0.2,0.06666666666666786,0.1,1.907142857142857
2016-08-24,35.2,28.1,31.2,0.4,16.5,70,8,237,3,30.9,33.0,32.8,32.1,32.23333333333332,32.25714285714286,31.45,6.5,0.2,0.0,0.1,2.2333333333333347,1.0,2.0285714285714285
2016-08-25,30.5,26.2,28.2,5.8,14.1,78,8,238,3,31.2,30.9,33.0,30.9,31.69999999999999,32.128571428571426,31.52857142857143,0.4,6.5,0.2,0.2,2.366666666666668,1.042857142857143,1.542857142857143
2016-08-26,34.9,26.3,30.0,2.6,6.1,74,8,239,3,28.2,31.2,30.9,32.4,30.09999999999999,31.74285714285714,31.449999999999996,5.8,0.4,6.5,0.0,4.233333333333334,1.842857142857143,1.7857142857142858
2016-08-27,32.3,25.6,28.6,28.0,15.1,80,8,240,3,30.0,28.2,31.2,33.7,29.799999999999994,31.400000000000002,31.442857142857143,2.6,5.8,0.4,0.0,2.933333333333335,2.2142857142857144,1.9714285714285715
2016-08-28,31.8,25.9,28.6,2.6,8.7,81,8,241,3,28.6,30.0,28.2,32.8,28.933333333333323,30.671428571428574,31.24285714285714,28.0,2.6,5.8,0.0,12.133333333333335,6.214285714285714,3.9499999999999997
2016-08-29,33.2,26.0,29.3,3.5,10.5,77,8,242,3,28.6,28.6,30.0,33.0,29.06666666666666,30.071428571428573,31.02142857142857,2.6,28.0,2.6,0.2,11.066666666666668,6.585714285714286,4.0
2016-08-30,33.3,25.2,29.2,0.3,8.4,74,8,243,3,29.3,28.6,28.6,30.9,28.833333333333325,29.542857142857144,30.942857142857143,3.5,2.6,28.0,6.5,11.366666666666669,7.057142857142857,3.5785714285714283
2016-08-31,34.5,24.7,29.6,1.7,12.4,71,8,244,3,29.2,29.3,28.6,31.2,29.03333333333332,29.3,30.77857142857143,0.3,3.5,2.6,0.4,2.133333333333336,6.171428571428571,3.585714285714286
2016-09-01,33.0,25.2,28.4,7.6,11.4,79,9,245,4,29.6,29.2,29.3,28.2,29.366666666666656,29.071428571428573,30.599999999999998,1.7,0.3,3.5,5.8,1.8333333333333357,6.357142857142857,3.6999999999999997
2016-09-02,33.9,24.5,29.1,0.1,6.8,70,9,246,4,28.4,29.6,29.2,30.0,29.06666666666666,29.1,30.42142857142857,7.6,1.7,0.3,2.6,3.2000000000000024,6.614285714285714,4.228571428571429
2016-09-03,35.3,24.6,30.1,0.3,9.5,65,9,247,4,29.1,28.4,29.6,28.6,29.03333333333332,28.971428571428568,30.185714285714287,0.1,7.6,1.7,28.0,3.133333333333335,6.257142857142857,4.235714285714286
2016-09-04,36.0,26.1,31.1,0.0,8.4,60,9,248,4,30.1,29.1,28.4,28.6,29.19999999999999,29.185714285714287,29.928571428571427,0.3,0.1,7.6,2.6,2.666666666666669,2.3,4.257142857142857
2016-09-05,36.6,26.7,31.6,0.0,11.1,57,9,249,4,31.1,30.1,29.1,29.3,30.099999999999994,29.542857142857144,29.807142857142857,0.0,0.3,0.1,3.5,0.13333333333333572,1.9285714285714286,4.257142857142857
2016-09-06,36.0,26.6,31.3,0.0,11.8,58,9,250,4,31.6,31.1,30.1,29.2,30.933333333333326,29.87142857142857,29.707142857142856,0.0,0.0,0.3,0.3,0.10000000000000238,1.4285714285714286,4.242857142857143
2016-09-07,36.7,26.7,31.9,0.0,9.8,54,9,251,4,31.3,31.6,31.1,29.6,31.333333333333325,30.171428571428574,29.735714285714288,0.0,0.0,0.0,1.7,0.0,1.3857142857142857,3.7785714285714285
2016-09-08,37.3,27.2,32.4,0.0,9.3,52,9,252,4,31.9,31.3,31.6,28.4,31.59999999999999,30.5,29.785714285714285,0.0,0.0,0.0,7.6,0.0,1.1428571428571428,3.75
2016-09-09,37.5,27.1,32.4,0.0,12.4,51,9,253,4,32.4,31.9,31.3,29.1,31.866666666666656,31.071428571428573,30.08571428571429,0.0,0.0,0.0,0.1,0.0,0.05714285714285715,3.3357142857142854
2016-09-10,37.2,26.6,32.0,0.0,12.5,51,9,254,4,32.4,32.4,31.9,30.1,32.23333333333333,31.542857142857144,30.25714285714286,0.0,0.0,0.0,0.3,0.0,0.042857142857142864,3.1499999999999995
2016-09-11,36.8,26.9,31.9,0.0,12.7,52,9,255,4,32.0,32.4,32.4,31.1,32.26666666666666,31.814285714285713,30.5,0.0,0.0,0.0,0.0,0.0,0.0,1.15
2016-09-12,36.6,26.6,31.4,0.0,7.9,55,9,256,4,31.9,32.0,32.4,31.6,32.099999999999994,31.928571428571427,30.735714285714284,0.0,0.0,0.0,0.0,0.0,0.0,0.9642857142857143
2016-09-13,36.9,24.9,31.2,1.4,10.0,57,9,257,4,31.4,31.9,32.0,31.3,31.766666666666662,31.9,30.88571428571429,0.0,0.0,0.0,0.0,0.0,0.0,0.7142857142857143
2016-09-14,34.3,25.4,30.3,1.4,10.2,60,9,258,4,31.2,31.4,31.9,31.9,31.49999999999999,31.885714285714283,31.028571428571432,1.4,0.0,0.0,0.0,0.466666666666669,0.19999999999999998,0.7928571428571427
2016-09-15,36.3,24.9,30.9,0.0,6.8,59,9,259,4,30.3,31.2,31.4,32.4,30.966666666666658,31.657142857142855,31.07857142857143,1.4,1.4,0.0,0.0,0.9333333333333357,0.39999999999999997,0.7714285714285714
2016-09-16,36.9,25.9,31.7,0.4,6.1,57,9,260,4,30.9,30.3,31.2,32.4,30.799999999999994,31.442857142857143,31.25714285714286,0.0,1.4,1.4,0.0,0.9333333333333357,0.39999999999999997,0.22857142857142856
2016-09-17,37.5,27.6,32.6,0.0,8.0,52,9,261,4,31.7,30.9,30.3,32.0,30.966666666666658,31.342857142857138,31.442857142857143,0.4,0.0,1.4,0.0,0.6000000000000023,0.45714285714285713,0.24999999999999997
2016-09-18,37.5,27.6,32.7,0.0,10.2,50,9,262,4,32.6,31.7,30.9,31.9,31.733333333333324,31.428571428571427,31.62142857142857,0.0,0.4,0.0,0.0,0.13333333333333572,0.45714285714285713,0.22857142857142856
2016-09-19,37.6,27.1,32.5,0.0,9.7,50,9,263,4,32.7,32.6,31.7,31.4,32.33333333333333,31.542857142857144,31.735714285714288,0.0,0.0,0.4,0.0,0.13333333333333572,0.45714285714285713,0.22857142857142856
2016-09-20,37.5,27.1,32.5,0.0,8.0,51,9,264,4,32.5,32.7,32.6,31.2,32.599999999999994,31.7,31.8,0.0,0.0,0.0,1.4,0.0,0.45714285714285713,0.22857142857142856
2016-09-21,37.3,27.6,32.5,0.0,13.4,51,9,265,4,32.5,32.5,32.7,30.3,32.566666666666656,31.885714285714283,31.885714285714283,0.0,0.0,0.0,1.4,0.0,0.2571428571428571,0.22857142857142856
2016-09-22,35.5,27.6,30.5,3.4,11.7,64,9,266,4,32.5,32.5,32.5,30.9,32.5,32.2,31.928571428571427,0.0,0.0,0.0,0.0,0.0,0.05714285714285715,0.22857142857142856
2016-09-23,33.8,26.0,29.4,0.4,11.2,66,9,267,4,30.5,32.5,32.5,31.7,31.833333333333325,32.142857142857146,31.792857142857144,3.4,0.0,0.0,0.4,1.1333333333333357,0.5428571428571428,0.4714285714285714
2016-09-24,33.9,25.0,29.3,0.0,8.9,65,9,268,4,29.4,30.5,32.5,32.6,30.799999999999994,31.814285714285717,31.578571428571426,0.4,3.4,0.0,0.0,1.266666666666669,0.5428571428571428,0.5
2016-09-25,34.7,25.6,30.1,0.0,7.9,59,9,269,4,29.3,29.4,30.5,32.7,29.733333333333324,31.342857142857145,31.385714285714283,0.0,0.4,3.4,0.0,1.266666666666669,0.5428571428571428,0.5
2016-09-26,35.5,25.4,30.6,0.0,10.5,58,9,270,4,30.1,29.3,29.4,32.5,29.59999999999999,30.97142857142857,31.25714285714286,0.0,0.0,0.4,0.0,0.13333333333333572,0.5428571428571428,0.5
2016-09-27,35.8,26.7,31.2,0.0,11.2,55,9,271,4,30.6,30.1,29.3,32.5,29.99999999999999,30.7,31.199999999999996,0.0,0.0,0.0,0.0,0.0,0.5428571428571428,0.5
2016-09-28,36.4,26.8,31.5,0.0,10.7,56,9,272,4,31.2,30.6,30.1,32.5,30.633333333333326,30.514285714285712,31.2,0.0,0.0,0.0,0.0,0.0,0.5428571428571428,0.39999999999999997
2016-09-29,35.9,26.9,31.3,0.0,13.3,57,9,273,4,31.5,31.2,30.6,30.5,31.09999999999999,30.37142857142857,31.285714285714285,0.0,0.0,0.0,3.4,0.0,0.5428571428571428,0.3
2016-09-30,36.4,26.2,31.4,0.0,9.0,55,9,274,4,31.3,31.5,31.2,29.4,31.333333333333325,30.485714285714288,31.314285714285713,0.0,0.0,0.0,0.4,0.0,0.05714285714285715,0.3
2016-10-01,36.6,26.8,31.8,0.0,7.6,55,10,275,4,31.4,31.3,31.5,29.3,31.39999999999999,30.771428571428572,31.292857142857144,0.0,0.0,0.0,0.0,0.0,0.0,0.2714285714285714
2016-10-02,36.8,26.7,31.6,0.2,7.6,56,10,276,4,31.8,31.4,31.3,30.1,31.49999999999999,31.12857142857143,31.235714285714288,0.0,0.0,0.0,0.0,0.0,0.0,0.2714285714285714
2016-10-03,36.9,26.8,31.8,0.0,7.5,55,10,277,4,31.6,31.8,31.4,30.6,31.599999999999994,31.342857142857138,31.157142857142855,0.2,0.0,0.0,0.0,0.06666666666666904,0.028571428571428574,0.2857142857142857
2016-10-04,37.0,27.0,31.8,0.5,7.6,54,10,278,4,31.8,31.6,31.8,31.2,31.733333333333324,31.514285714285712,31.107142857142858,0.0,0.2,0.0,0.0,0.06666666666666904,0.028571428571428574,0.2857142857142857
2016-10-05,35.5,26.2,29.5,6.1,10.5,63,10,279,4,31.8,31.8,31.6,31.5,31.733333333333324,31.6,31.057142857142857,0.5,0.0,0.2,0.0,0.2333333333333357,0.09999999999999999,0.32142857142857145
2016-10-06,34.5,24.5,28.9,0.9,8.2,66,10,280,4,29.5,31.8,31.8,31.3,31.03333333333332,31.314285714285717,30.842857142857145,6.1,0.5,0.0,0.0,2.2000000000000024,0.9714285714285714,0.7571428571428571
2016-10-07,34.5,24.6,29.2,0.3,6.9,61,10,281,4,28.9,29.5,31.8,31.4,30.06666666666666,30.97142857142857,30.728571428571428,0.9,6.1,0.5,0.0,2.500000000000002,1.1,0.5785714285714285
2016-10-08,34.3,24.0,28.1,0.5,12.3,62,10,282,4,29.2,28.9,29.5,31.8,29.19999999999999,30.657142857142855,30.714285714285715,0.3,0.9,6.1,0.0,2.433333333333336,1.1428571428571428,0.5714285714285714
2016-10-09,34.1,21.8,26.7,1.4,9.3,65,10,283,4,28.1,29.2,28.9,31.6,28.733333333333324,30.12857142857143,30.62857142857143,0.5,0.3,0.9,0.2,0.566666666666669,1.2142857142857142,0.6071428571428571
2016-10-10,34.4,20.9,27.4,0.0,8.1,54,10,284,4,26.7,28.1,29.2,31.8,27.99999999999999,29.428571428571427,30.385714285714283,1.4,0.5,0.3,0.0,0.7333333333333356,1.385714285714286,0.7071428571428572
2016-10-11,34.5,20.5,27.4,0.0,9.8,52,10,285,4,27.4,26.7,28.1,31.8,27.399999999999988,28.8,30.157142857142862,0.0,1.4,0.5,0.5,0.6333333333333356,1.385714285714286,0.7071428571428572
2016-10-12,35.0,20.9,27.5,0.0,10.3,48,10,286,4,27.4,27.4,26.7,29.5,27.166666666666657,28.17142857142857,29.885714285714283,0.0,0.0,1.4,6.1,0.46666666666666895,1.3142857142857145,0.7071428571428572
2016-10-13,34.5,19.8,26.6,0.0,8.7,44,10,287,4,27.5,27.4,27.4,28.9,27.433333333333323,27.885714285714283,29.599999999999998,0.0,0.0,0.0,0.9,0.0,0.4428571428571428,0.7071428571428572
2016-10-14,34.0,21.3,26.7,0.0,7.6,46,10,288,4,26.6,27.5,27.4,29.2,27.166666666666657,27.557142857142857,29.264285714285716,0.0,0.0,0.0,0.3,0.0,0.31428571428571433,0.7071428571428572
2016-10-15,34.3,20.1,26.8,0.0,9.9,49,10,289,4,26.7,26.6,27.5,28.1,26.933333333333323,27.2,28.928571428571427,0.0,0.0,0.0,0.5,0.0,0.2714285714285714,0.7071428571428572
2016-10-16,34.0,19.1,26.8,0.0,8.3,49,10,290,4,26.8,26.7,26.6,26.7,26.69999999999999,27.014285714285712,28.571428571428573,0.0,0.0,0.0,1.4,0.0,0.19999999999999998,0.7071428571428572
2016-10-17,33.8,19.4,26.1,0.0,8.5,48,10,291,4,26.8,26.8,26.7,27.4,26.766666666666655,27.02857142857143,28.228571428571428,0.0,0.0,0.0,0.0,0.0,0.0,0.692857142857143
2016-10-18,33.7,19.7,26.1,0.0,8.4,50,10,292,4,26.1,26.8,26.8,27.4,26.56666666666666,26.842857142857145,27.821428571428573,0.0,0.0,0.0,0.0,0.0,0.0,0.692857142857143
2016-10-19,33.0,18.7,25.6,0.0,8.6,53,10,293,4,26.1,26.1,26.8,27.5,26.333333333333325,26.657142857142855,27.414285714285715,0.0,0.0,0.0,0.0,0.0,0.0,0.6571428571428571
2016-10-20,32.7,19.5,26.0,0.0,8.5,55,10,294,4,25.6,26.1,26.1,26.6,25.933333333333326,26.38571428571429,27.135714285714283,0.0,0.0,0.0,0.0,0.0,0.0,0.2214285714285714
2016-10-21,32.3,20.0,25.9,0.0,9.2,56,10,295,4,26.0,25.6,26.1,26.7,25.89999999999999,26.300000000000004,26.928571428571427,0.0,0.0,0.0,0.0,0.0,0.0,0.15714285714285717
2016-10-22,32.3,19.4,25.8,0.0,8.5,59,10,296,4,25.9,26.0,25.6,26.8,25.833333333333325,26.185714285714283,26.692857142857147,0.0,0.0,0.0,0.0,0.0,0.0,0.1357142857142857
2016-10-23,32.7,19.4,26.0,0.0,9.5,57,10,297,4,25.8,25.9,26.0,26.8,25.899999999999988,26.042857142857144,26.52857142857143,0.0,0.0,0.0,0.0,0.0,0.0,0.09999999999999999
2016-10-24,32.1,20.1,25.4,0.3,9.8,52,10,298,4,26.0,25.8,25.9,26.1,25.899999999999988,25.928571428571427,26.47857142857143,0.0,0.0,0.0,0.0,0.0,0.0,0.0
2016-10-25,31.6,18.3,24.8,0.0,8.7,53,10,299,4,25.4,26.0,25.8,26.1,25.733333333333324,25.82857142857143,26.335714285714285,0.3,0.0,0.0,0.0,0.1000000000000023,0.04285714285714286,0.02142857142857143
2016-10-26,31.9,18.0,24.9,0.1,9.2,54,10,300,4,24.8,25.4,26.0,25.6,25.39999999999999,25.642857142857142,26.150000000000002,0.0,0.3,0.0,0.0,0.1000000000000023,0.04285714285714286,0.02142857142857143
2016-10-27,31.9,19.3,24.7,0.0,9.7,53,10,301,4,24.9,24.8,25.4,26.0,25.03333333333332,25.54285714285714,25.964285714285715,0.1,0.0,0.3,0.0,0.13333333333333564,0.05714285714285715,0.028571428571428574
2016-10-28,31.0,17.4,24.0,0.0,10.1,52,10,302,4,24.7,24.9,24.8,25.9,24.799999999999994,25.357142857142858,25.828571428571426,0.0,0.1,0.0,0.0,0.03333333333333563,0.05714285714285715,0.028571428571428574
2016-10-29,30.9,16.3,23.4,0.0,9.0,56,10,303,4,24.0,24.7,24.9,25.8,24.53333333333332,25.08571428571429,25.635714285714283,0.0,0.0,0.1,0.0,0.03333333333333563,0.05714285714285715,0.028571428571428574
2016-10-30,30.4,18.1,23.6,0.0,8.7,57,10,304,4,23.4,24.0,24.7,26.0,24.03333333333332,24.74285714285714,25.392857142857142,0.0,0.0,0.0,0.0,0.0,0.05714285714285715,0.028571428571428574
2016-10-31,29.7,16.3,23.0,0.0,8.7,62,10,305,4,23.6,23.4,24.0,25.4,23.666666666666657,24.400000000000002,25.164285714285715,0.0,0.0,0.0,0.3,0.0,0.05714285714285715,0.028571428571428574
2016-11-01,29.8,18.4,23.5,0.0,7.7,63,11,306,4,23.0,23.6,23.4,24.8,23.333333333333325,24.057142857142853,24.942857142857143,0.0,0.0,0.0,0.0,0.0,0.014285714285714287,0.028571428571428574
2016-11-02,29.7,17.5,23.5,0.0,8.1,67,11,307,4,23.5,23.0,23.6,24.9,23.366666666666656,23.871428571428574,24.757142857142856,0.0,0.0,0.0,0.1,0.0,0.014285714285714287,0.028571428571428574
2016-11-03,29.6,17.7,23.6,0.0,8.3,70,11,308,4,23.5,23.5,23.0,24.7,23.333333333333325,23.67142857142857,24.607142857142858,0.0,0.0,0.0,0.0,0.0,0.0,0.028571428571428574
2016-11-04,28.1,18.4,22.5,1.2,14.1,73,11,309,4,23.6,23.5,23.5,24.0,23.53333333333332,23.514285714285716,24.435714285714287,0.0,0.0,0.0,0.0,0.0,0.0,0.028571428571428574
2016-11-05,29.2,15.6,22.4,0.0,9.3,65,11,310,4,22.5,23.6,23.5,23.4,23.19999999999999,23.300000000000004,24.192857142857143,1.2,0.0,0.0,0.0,0.4000000000000023,0.17142857142857143,0.1142857142857143
2016-11-06,28.9,15.4,22.6,0.0,9.1,64,11,311,4,22.4,22.5,23.6,23.6,22.833333333333325,23.157142857142862,23.949999999999996,0.0,1.2,0.0,0.0,0.4000000000000023,0.17142857142857143,0.11428571428571428
2016-11-07,29.6,15.7,22.1,0.0,12.2,61,11,312,4,22.6,22.4,22.5,23.0,22.49999999999999,23.014285714285712,23.707142857142856,0.0,0.0,1.2,0.0,0.4000000000000023,0.17142857142857143,0.11428571428571428
2016-11-08,29.8,14.9,21.8,0.0,11.5,59,11,313,4,22.1,22.6,22.4,23.5,22.366666666666656,22.88571428571429,23.47142857142857,0.0,0.0,0.0,0.0,0.0,0.17142857142857143,0.09285714285714285
2016-11-09,28.8,14.7,21.8,0.0,6.3,61,11,314,4,21.8,22.1,22.6,23.5,22.166666666666657,22.642857142857142,23.257142857142856,0.0,0.0,0.0,0.0,0.0,0.17142857142857143,0.09285714285714285
2016-11-10,28.5,14.8,21.8,0.0,9.4,61,11,315,4,21.8,21.8,22.1,23.6,21.89999999999999,22.4,23.035714285714285,0.0,0.0,0.0,0.0,0.0,0.17142857142857143,0.08571428571428572
2016-11-11,28.3,15.2,21.0,0.0,10.1,63,11,316,4,21.8,21.8,21.8,22.5,21.8,22.142857142857142,22.82857142857143,0.0,0.0,0.0,1.2,0.0,0.17142857142857143,0.08571428571428572
2016-11-12,24.8,15.5,19.0,0.3,22.2,67,11,317,4,21.0,21.8,21.8,22.4,21.533333333333328,21.928571428571427,22.614285714285717,0.0,0.0,0.0,0.0,0.0,0.0,0.08571428571428572
2016-11-13,27.3,13.2,19.7,0.0,11.0,56,11,318,4,19.0,21.0,21.8,22.6,20.59999999999999,21.442857142857147,22.3,0.3,0.0,0.0,0.0,0.1000000000000023,0.04285714285714286,0.10714285714285714
2016-11-14,27.1,13.0,19.4,0.0,10.2,56,11,319,4,19.7,19.0,21.0,22.1,19.89999999999999,21.02857142857143,22.021428571428572,0.0,0.3,0.0,0.0,0.1000000000000023,0.04285714285714286,0.10714285714285714
2016-11-15,26.4,12.4,19.2,0.0,10.1,59,11,320,4,19.4,19.7,19.0,21.8,19.366666666666656,20.642857142857142,21.764285714285716,0.0,0.0,0.3,0.0,0.1000000000000023,0.04285714285714286,0.10714285714285714
2016-11-16,26.5,14.7,19.9,0.0,9.8,59,11,321,4,19.2,19.4,19.7,21.8,19.433333333333323,20.271428571428572,21.45714285714286,0.0,0.0,0.0,0.0,0.0,0.04285714285714286,0.10714285714285714
2016-11-17,26.8,12.4,19.2,0.0,10.7,65,11,322,4,19.9,19.2,19.4,21.8,19.49999999999999,20.0,21.2,0.0,0.0,0.0,0.0,0.0,0.04285714285714286,0.10714285714285714
2016-11-18,27.1,13.3,19.7,0.0,11.0,62,11,323,4,19.2,19.9,19.2,21.0,19.433333333333323,19.628571428571426,20.885714285714283,0.0,0.0,0.0,0.0,0.0,0.04285714285714286,0.10714285714285714
2016-11-19,26.8,13.7,19.6,0.0,11.0,61,11,324,4,19.7,19.2,19.9,19.0,19.59999999999999,19.442857142857143,20.685714285714283,0.0,0.0,0.0,0.3,0.0,0.04285714285714286,0.02142857142857143
2016-11-20,26.7,13.5,19.2,0.0,9.8,65,11,325,4,19.6,19.7,19.2,19.7,19.49999999999999,19.52857142857143,20.485714285714288,0.0,0.0,0.0,0.0,0.0,0.0,0.02142857142857143
2016-11-21,26.7,14.8,20.1,0.0,8.8,64,11,326,4,19.2,19.6,19.7,19.4,19.49999999999999,19.457142857142856,20.24285714285714,0.0,0.0,0.0,0.0,0.0,0.0,0.02142857142857143
2016-11-22,26.6,13.4,19.5,0.0,9.2,73,11,327,4,20.1,19.2,19.6,19.2,19.633333333333322,19.557142857142857,20.099999999999998,0.0,0.0,0.0,0.0,0.0,0.0,0.02142857142857143
2016-11-23,25.8,13.1,19.1,0.0,7.9,64,11,328,4,19.5,20.1,19.2,19.9,19.59999999999999,19.599999999999998,19.935714285714287,0.0,0.0,0.0,0.0,0.0,0.0,0.02142857142857143
2016-11-24,25.4,12.4,18.8,0.0,11.5,58,11,329,4,19.1,19.5,20.1,19.2,19.56666666666666,19.485714285714288,19.74285714285714,0.0,0.0,0.0,0.0,0.0,0.0,0.02142857142857143
2016-11-25,26.9,13.2,19.5,0.0,11.2,55,11,330,4,18.8,19.1,19.5,19.7,19.133333333333326,19.428571428571427,19.52857142857143,0.0,0.0,0.0,0.0,0.0,0.0,0.02142857142857143
2016-11-26,27.6,14.9,20.2,0.0,11.4,46,11,331,4,19.5,18.8,19.1,19.6,19.133333333333326,19.400000000000002,19.42142857142857,0.0,0.0,0.0,0.0,0.0,0.0,0.02142857142857143
2016-11-27,27.2,12.2,19.2,0.0,11.1,51,11,332,4,20.2,19.5,18.8,19.2,19.49999999999999,19.485714285714288,19.50714285714286,0.0,0.0,0.0,0.0,0.0,0.0,0.0
2016-11-28,27.6,11.9,18.9,0.0,11.5,50,11,333,4,19.2,20.2,19.5,20.1,19.633333333333326,19.485714285714288,19.47142857142857,0.0,0.0,0.0,0.0,0.0,0.0,0.0
2016-11-29,26.1,11.9,18.8,0.0,8.7,52,11,334,4,18.9,19.2,20.2,19.5,19.433333333333323,19.314285714285717,19.435714285714287,0.0,0.0,0.0,0.0,0.0,0.0,0.0
2016-11-30,25.9,12.4,18.5,0.0,9.4,62,11,335,4,18.8,18.9,19.2,19.1,18.966666666666658,19.214285714285715,19.407142857142855,0.0,0.0,0.0,0.0,0.0,0.0,0.0
2016-12-01,25.3,11.7,18.3,0.0,10.0,68,12,336,1,18.5,18.8,18.9,18.8,18.733333333333324,19.12857142857143,19.307142857142857,0.0,0.0,0.0,0.0,0.0,0.0,0.0
2016-12-02,26.7,11.1,18.0,0.0,10.4,58,12,337,1,18.3,18.5,18.8,19.5,18.53333333333332,19.057142857142857,19.242857142857144,0.0,0.0,0.0,0.0,0.0,0.0,0.0
2016-12-03,25.9,10.5,17.7,0.0,9.7,61,12,338,1,18.0,18.3,18.5,20.2,18.266666666666655,18.842857142857145,19.12142857142857,0.0,0.0,0.0,0.0,0.0,0.0,0.0
2016-12-04,25.3,12.1,18.3,0.0,7.2,65,12,339,1,17.7,18.0,18.3,19.2,17.99999999999999,18.485714285714288,18.985714285714288,0.0,0.0,0.0,0.0,0.0,0.0,0.0
2016-12-05,25.7,12.2,18.7,0.0,9.8,61,12,340,1,18.3,17.7,18.0,18.9,17.99999999999999,18.357142857142858,18.921428571428574,0.0,0.0,0.0,0.0,0.0,0.0,0.0
2016-12-06,25.1,11.2,18.6,0.0,6.1,65,12,341,1,18.7,18.3,17.7,18.8,18.233333333333324,18.32857142857143,18.821428571428573,0.0,0.0,0.0,0.0,0.0,0.0,0.0
2016-12-07,25.4,12.3,18.1,0.0,7.7,72,12,342,1,18.6,18.7,18.3,18.5,18.533333333333324,18.3,18.75714285714286,0.0,0.0,0.0,0.0,0.0,0.0,0.0
2016-12-08,24.3,11.2,17.4,0.0,9.0,76,12,343,1,18.1,18.6,18.7,18.3,18.466666666666658,18.24285714285714,18.685714285714287,0.0,0.0,0.0,0.0,0.0,0.0,0.0
2016-12-09,23.7,12.1,17.4,0.0,7.7,79,12,344,1,17.4,18.1,18.6,18.0,18.033333333333324,18.114285714285714,18.585714285714285,0.0,0.0,0.0,0.0,0.0,0.0,0.0
2016-12-10,25.3,13.6,18.5,0.0,15.1,75,12,345,1,17.4,17.4,18.1,17.7,17.633333333333322,18.02857142857143,18.435714285714283,0.0,0.0,0.0,0.0,0.0,0.0,0.0
2016-12-11,23.1,12.9,17.3,0.0,11.6,78,12,346,1,18.5,17.4,17.4,18.3,17.766666666666655,18.142857142857142,18.314285714285713,0.0,0.0,0.0,0.0,0.0,0.0,0.0
2016-12-12,23.0,11.7,16.6,0.0,8.3,71,12,347,1,17.3,18.5,17.4,18.7,17.733333333333324,18.0,18.178571428571427,0.0,0.0,0.0,0.0,0.0,0.0,0.0
2016-12-13,21.9,10.1,15.6,0.0,8.7,77,12,348,1,16.6,17.3,18.5,18.6,17.466666666666658,17.7,18.014285714285716,0.0,0.0,0.0,0.0,0.0,0.0,0.0
2016-12-14,23.6,9.8,16.2,0.0,11.8,63,12,349,1,15.6,16.6,17.3,18.1,16.49999999999999,17.271428571428572,17.785714285714285,0.0,0.0,0.0,0.0,0.0,0.0,0.0
2016-12-15,22.9,9.4,15.6,0.0,11.9,63,12,350,1,16.2,15.6,16.6,17.4,16.133333333333326,17.0,17.62142857142857,0.0,0.0,0.0,0.0,0.0,0.0,0.0
2016-12-16,22.3,9.6,15.8,0.0,6.3,66,12,351,1,15.6,16.2,15.6,17.4,15.79999999999999,16.742857142857144,17.428571428571427,0.0,0.0,0.0,0.0,0.0,0.0,0.0
2016-12-17,21.6,7.9,14.5,0.0,7.4,72,12,352,1,15.8,15.6,16.2,18.5,15.866666666666658,16.514285714285716,17.271428571428572,0.0,0.0,0.0,0.0,0.0,0.0,0.0
2016-12-18,22.5,9.2,15.1,0.0,10.3,69,12,353,1,14.5,15.8,15.6,17.3,15.299999999999992,15.942857142857141,17.04285714285714,0.0,0.0,0.0,0.0,0.0,0.0,0.0
2016-12-19,22.7,9.7,15.5,0.0,10.5,70,12,354,1,15.1,14.5,15.8,16.6,15.133333333333326,15.62857142857143,16.814285714285713,0.0,0.0,0.0,0.0,0.0,0.0,0.0
2016-12-20,24.4,9.6,16.0,0.0,12.2,63,12,355,1,15.5,15.1,14.5,15.6,15.033333333333326,15.471428571428573,16.585714285714285,0.0,0.0,0.0,0.0,0.0,0.0,0.0
2016-12-21,25.2,10.0,16.5,0.0,10.9,52,12,356,1,16.0,15.5,15.1,16.2,15.533333333333326,15.528571428571427,16.4,0.0,0.0,0.0,0.0,0.0,0.0,0.0
2016-12-22,25.3,11.0,16.9,0.0,10.7,61,12,357,1,16.5,16.0,15.5,15.6,15.999999999999991,15.571428571428571,16.285714285714285,0.0,0.0,0.0,0.0,0.0,0.0,0.0
2016-12-23,23.3,9.9,16.5,0.0,10.9,63,12,358,1,16.9,16.5,16.0,15.8,16.466666666666658,15.757142857142856,16.25,0.0,0.0,0.0,0.0,0.0,0.0,0.0
2016-12-24,21.7,7.4,14.5,0.0,9.1,70,12,359,1,16.5,16.9,16.5,14.5,16.633333333333326,15.857142857142858,16.185714285714287,0.0,0.0,0.0,0.0,0.0,0.0,0.0
2016-12-25,21.6,8.1,14.2,0.0,10.0,63,12,360,1,14.5,16.5,16.9,15.1,15.96666666666666,15.857142857142858,15.9,0.0,0.0,0.0,0.0,0.0,0.0,0.0
2016-12-26,22.3,7.1,14.1,0.0,11.6,54,12,361,1,14.2,14.5,16.5,15.5,15.066666666666658,15.72857142857143,15.678571428571429,0.0,0.0,0.0,0.0,0.0,0.0,0.0
2016-12-27,22.4,8.8,15.4,0.0,9.4,61,12,362,1,14.1,14.2,14.5,16.0,14.266666666666659,15.528571428571427,15.5,0.0,0.0,0.0,0.0,0.0,0.0,0.0
2016-12-28,22.7,8.4,14.9,0.0,7.1,73,12,363,1,15.4,14.1,14.2,16.5,14.566666666666658,15.442857142857141,15.485714285714284,0.0,0.0,0.0,0.0,0.0,0.0,0.0
2016-12-29,22.5,8.8,15.6,0.0,8.3,75,12,364,1,14.9,15.4,14.1,16.9,14.799999999999992,15.214285714285712,15.392857142857142,0.0,0.0,0.0,0.0,0.0,0.0,0.0
2016-12-30,21.2,9.8,14.9,0.0,9.0,83,12,365,1,15.6,14.9,15.4,16.5,15.299999999999992,15.028571428571428,15.392857142857142,0.0,0.0,0.0,0.0,0.0,0.0,0.0
2016-12-31,21.5,11.1,15.8,0.0,10.2,79,12,366,1,14.9,15.6,14.9,14.5,15.133333333333326,14.799999999999999,15.328571428571427,0.0,0.0,0.0,0.0,0.0,0.0,0.0
2017-01-01,21.6,9.6,15.7,0.0,9.1,79,1,1,1,15.8,14.9,15.6,14.2,15.433333333333325,14.985714285714286,15.421428571428573,0.0,0.0,0.0,0.0,0.0,0.0,0.0
2017-01-02,21.3,9.9,15.4,0.0,7.1,84,1,2,1,15.7,15.8,14.9,14.1,15.46666666666666,15.2,15.464285714285714,0.0,0.0,0.0,0.0,0.0,0.0,0.0
2017-01-03,21.1,12.3,16.3,0.7,9.4,82,1,3,1,15.4,15.7,15.8,15.4,15.633333333333326,15.385714285714286,15.457142857142857,0.0,0.0,0.0,0.0,0.0,0.0,0.0
2017-01-04,21.3,13.1,16.4,2.4,16.7,80,1,4,1,16.3,15.4,15.7,14.9,15.799999999999992,15.514285714285714,15.47857142857143,0.7,0.0,0.0,0.0,0.2333333333333356,0.09999999999999999,0.049999999999999996
2017-01-05,19.3,12.2,15.2,0.3,10.2,80,1,5,1,16.4,16.3,15.4,15.6,16.033333333333328,15.72857142857143,15.471428571428572,2.4,0.7,0.0,0.0,1.0333333333333357,0.4428571428571428,0.2214285714285714
2017-01-06,16.8,9.5,13.1,4.8,9.8,91,1,6,1,15.2,16.4,16.3,14.9,15.966666666666656,15.671428571428569,15.35,0.3,2.4,0.7,0.0,1.1333333333333355,0.4857142857142857,0.24285714285714285
2017-01-07,15.3,9.4,12.1,1.1,11.2,88,1,7,1,13.1,15.2,16.4,15.8,14.899999999999991,15.414285714285715,15.107142857142858,4.8,0.3,2.4,0.0,2.500000000000002,1.1714285714285713,0.5857142857142856
2017-01-08,15.5,7.2,10.5,0.5,10.9,88,1,8,1,12.1,13.1,15.2,15.7,13.46666666666666,14.885714285714284,14.935714285714285,1.1,4.8,0.3,0.0,2.0666666666666687,1.3285714285714287,0.6642857142857144
2017-01-09,16.2,5.2,9.9,0.0,9.9,68,1,9,1,10.5,12.1,13.1,15.4,11.899999999999991,14.142857142857142,14.671428571428573,0.5,1.1,4.8,0.0,2.133333333333336,1.4000000000000001,0.7000000000000001
2017-01-10,17.1,4.2,9.4,0.0,13.5,56,1,10,1,9.9,10.5,12.1,16.3,10.833333333333323,13.357142857142858,14.37142857142857,0.0,0.5,1.1,0.7,0.5333333333333358,1.4000000000000001,0.7000000000000001
2017-01-11,17.0,3.5,9.5,0.0,11.5,65,1,11,1,9.4,9.9,10.5,16.4,9.933333333333325,12.37142857142857,13.942857142857145,0.0,0.0,0.5,2.4,0.16666666666666904,1.3000000000000003,0.7000000000000001
2017-01-12,17.1,2.9,10.2,0.0,11.2,64,1,12,1,9.5,9.4,9.9,15.2,9.599999999999993,11.385714285714284,13.557142857142859,0.0,0.0,0.0,0.3,0.0,0.9571428571428573,0.7000000000000001
2017-01-13,17.6,4.5,11.0,0.0,10.9,61,1,13,1,10.2,9.5,9.4,13.1,9.699999999999992,10.671428571428573,13.171428571428573,0.0,0.0,0.0,4.8,0.0,0.9142857142857144,0.7000000000000001
2017-01-14,13.2,7.1,10.3,0.5,16.9,73,1,14,1,11.0,10.2,9.5,12.1,10.233333333333325,10.37142857142857,12.892857142857142,0.0,0.0,0.0,1.1,0.0,0.2285714285714287,0.7000000000000001
2017-01-15,17.6,7.3,11.5,3.2,14.1,69,1,15,1,10.3,11.0,10.2,10.5,10.499999999999991,10.114285714285716,12.5,0.5,0.0,0.0,0.5,0.16666666666666904,0.142857142857143,0.7357142857142858
2017-01-16,15.6,6.3,10.8,0.1,9.9,76,1,16,1,11.5,10.3,11.0,9.9,10.933333333333325,10.257142857142858,12.200000000000001,3.2,0.5,0.0,0.0,1.2333333333333358,0.5285714285714287,0.9642857142857143
2017-01-17,16.0,6.2,10.5,0.5,10.8,75,1,17,1,10.8,11.5,10.3,9.4,10.86666666666666,10.385714285714286,11.87142857142857,0.1,3.2,0.5,0.0,1.266666666666669,0.542857142857143,0.9714285714285714
2017-01-18,14.5,7.6,10.3,8.0,12.0,83,1,18,1,10.5,10.8,11.5,9.5,10.933333333333325,10.542857142857143,11.457142857142856,0.5,0.1,3.2,0.0,1.266666666666669,0.6142857142857144,0.9571428571428572
2017-01-19,16.1,5.1,10.0,0.0,12.1,79,1,19,1,10.3,10.5,10.8,10.2,10.533333333333326,10.657142857142857,11.021428571428572,8.0,0.5,0.1,0.0,2.866666666666669,1.7571428571428573,1.3571428571428572
2017-01-20,18.6,5.5,11.0,0.0,10.8,68,1,20,1,10.0,10.3,10.5,11.0,10.266666666666659,10.62857142857143,10.65,0.0,8.0,0.5,0.0,2.8333333333333357,1.7571428571428573,1.3357142857142856
2017-01-21,17.0,7.3,11.7,0.0,10.4,68,1,21,1,11.0,10.0,10.3,10.3,10.433333333333325,10.62857142857143,10.5,0.0,0.0,8.0,0.5,2.666666666666669,1.7571428571428573,0.9928571428571429
2017-01-22,19.3,6.5,13.1,0.0,9.7,66,1,22,1,11.7,11.0,10.0,11.5,10.899999999999991,10.828571428571427,10.471428571428572,0.0,0.0,0.0,3.2,0.0,1.6857142857142857,0.9142857142857144
2017-01-23,19.8,6.6,12.4,0.0,10.1,74,1,23,1,13.1,11.7,11.0,10.8,11.933333333333325,11.057142857142859,10.657142857142858,0.0,0.0,0.0,0.1,0.0,1.2285714285714289,0.8785714285714287
2017-01-24,18.1,9.7,12.9,2.5,12.4,79,1,24,1,12.4,13.1,11.7,10.5,12.399999999999991,11.285714285714286,10.835714285714285,0.0,0.0,0.0,0.5,0.0,1.2142857142857142,0.8785714285714287
2017-01-25,18.8,10.7,13.7,0.1,10.7,84,1,25,1,12.9,12.4,13.1,10.3,12.799999999999992,11.62857142857143,11.085714285714285,2.5,0.0,0.0,8.0,0.8333333333333357,1.5,1.0571428571428572
2017-01-26,17.9,10.2,12.8,1.3,9.4,91,1,26,1,13.7,12.9,12.4,10.0,12.999999999999991,12.114285714285714,11.385714285714286,0.1,2.5,0.0,0.0,0.866666666666669,0.37142857142857155,1.0642857142857143
2017-01-27,16.9,9.4,13.0,0.0,11.7,86,1,27,1,12.8,13.7,12.9,11.0,13.133333333333326,12.514285714285716,11.571428571428571,1.3,0.1,2.5,0.0,1.3000000000000025,0.5571428571428573,1.157142857142857
2017-01-28,19.6,7.7,13.4,0.0,9.6,80,1,28,1,13.0,12.8,13.7,11.7,13.166666666666659,12.799999999999999,11.714285714285714,0.0,1.3,0.1,0.0,0.46666666666666906,0.5571428571428573,1.157142857142857
2017-01-29,19.8,9.8,14.1,0.0,10.1,76,1,29,1,13.4,13.0,12.8,13.1,13.066666666666658,13.042857142857144,11.935714285714285,0.0,0.0,1.3,0.0,0.43333333333333574,0.5571428571428573,1.1214285714285714
2017-01-30,18.5,9.8,13.8,2.1,8.4,80,1,30,1,14.1,13.4,13.0,12.4,13.499999999999993,13.185714285714285,12.12142857142857,0.0,0.0,0.0,0.0,0.0,0.5571428571428573,0.8928571428571429
2017-01-31,20.2,10.1,14.1,1.8,10.2,82,1,31,1,13.8,14.1,13.4,12.9,13.766666666666659,13.385714285714286,12.335714285714287,2.1,0.0,0.0,2.5,0.7000000000000024,0.8571428571428573,1.0357142857142858
2017-02-01,20.8,7.9,13.9,0.0,11.3,75,2,32,1,14.1,13.8,14.1,13.7,13.999999999999991,13.557142857142859,12.592857142857143,1.8,2.1,0.0,0.1,1.3000000000000025,0.7571428571428572,1.1285714285714286
2017-02-02,20.4,10.2,15.6,0.0,6.3,70,2,33,1,13.9,14.1,13.8,12.8,13.933333333333325,13.585714285714285,12.85,0.0,1.8,2.1,1.3,1.3000000000000025,0.742857142857143,0.5571428571428572
2017-02-03,20.3,9.7,14.6,0.0,8.7,74,2,34,1,15.6,13.9,14.1,13.0,14.533333333333326,13.985714285714286,13.25,0.0,0.0,1.8,0.0,0.6000000000000024,0.5571428571428572,0.5571428571428572
2017-02-04,22.4,11.1,15.8,13.8,22.0,82,2,35,1,14.6,15.6,13.9,13.4,14.69999999999999,14.214285714285714,13.507142857142856,0.0,0.0,0.0,0.0,0.0,0.5571428571428572,0.5571428571428572
2017-02-05,17.9,8.8,13.2,0.0,16.9,74,2,36,1,15.8,14.6,15.6,14.1,15.333333333333327,14.557142857142855,13.8,13.8,0.0,0.0,0.0,4.600000000000002,2.528571428571429,1.542857142857143
2017-02-06,17.5,5.3,11.2,0.0,10.2,75,2,37,1,13.2,15.8,14.6,13.8,14.533333333333324,14.428571428571429,13.807142857142855,0.0,13.8,0.0,2.1,4.600000000000002,2.528571428571429,1.542857142857143
2017-02-07,19.1,7.1,12.9,0.0,9.8,72,2,38,1,11.2,13.2,15.8,14.1,13.399999999999991,14.057142857142859,13.721428571428573,0.0,0.0,13.8,1.8,4.600000000000002,2.2285714285714286,1.542857142857143
2017-02-08,20.1,7.7,13.4,0.0,11.0,69,2,39,1,12.9,11.2,13.2,13.9,12.433333333333325,13.885714285714286,13.721428571428572,0.0,0.0,0.0,0.0,0.0,1.9714285714285715,1.3642857142857143
2017-02-09,20.6,7.5,13.5,0.0,9.9,65,2,40,1,13.4,12.9,11.2,15.6,12.499999999999991,13.814285714285715,13.7,0.0,0.0,0.0,0.0,0.0,1.9714285714285715,1.3571428571428572
2017-02-10,21.2,7.8,13.3,0.0,11.7,61,2,41,1,13.5,13.4,12.9,14.6,13.266666666666659,13.514285714285714,13.75,0.0,0.0,0.0,0.0,0.0,1.9714285714285715,1.2642857142857145
2017-02-11,21.6,7.4,14.9,0.0,11.8,57,2,42,1,13.3,13.5,13.4,15.8,13.399999999999991,13.328571428571427,13.771428571428572,0.0,0.0,0.0,13.8,0.0,1.9714285714285715,1.2642857142857145
2017-02-12,22.2,7.9,15.7,0.0,8.9,63,2,43,1,14.9,13.3,13.5,13.2,13.899999999999991,13.200000000000001,13.87857142857143,0.0,0.0,0.0,0.0,0.0,0.0,1.2642857142857145
2017-02-13,23.5,7.9,15.1,0.0,12.5,65,2,44,1,15.7,14.9,13.3,11.2,14.633333333333326,13.557142857142859,13.992857142857144,0.0,0.0,0.0,0.0,0.0,0.0,1.2642857142857145
2017-02-14,24.3,9.0,16.8,0.0,12.6,60,2,45,1,15.1,15.7,14.9,12.9,15.233333333333325,14.114285714285714,14.085714285714285,0.0,0.0,0.0,0.0,0.0,0.0,1.1142857142857143
2017-02-15,25.5,10.8,18.1,0.0,11.0,65,2,46,1,16.8,15.1,15.7,13.4,15.866666666666658,14.671428571428573,14.278571428571428,0.0,0.0,0.0,0.0,0.0,0.0,0.9857142857142858
2017-02-16,25.8,12.5,18.7,0.0,12.0,61,2,47,1,18.1,16.8,15.1,13.5,16.666666666666657,15.342857142857143,14.578571428571427,0.0,0.0,0.0,0.0,0.0,0.0,0.9857142857142858
2017-02-17,26.4,13.0,19.4,0.0,9.3,64,2,48,1,18.7,18.1,16.8,13.3,17.866666666666656,16.085714285714285,14.799999999999999,0.0,0.0,0.0,0.0,0.0,0.0,0.9857142857142858
2017-02-18,27.1,13.6,19.8,0.0,10.4,67,2,49,1,19.4,18.7,18.1,14.9,18.733333333333324,16.95714285714286,15.142857142857142,0.0,0.0,0.0,0.0,0.0,0.0,0.9857142857142858
2017-02-19,27.3,16.0,20.9,0.0,13.8,65,2,50,1,19.8,19.4,18.7,15.7,19.299999999999994,17.657142857142855,15.428571428571429,0.0,0.0,0.0,0.0,0.0,0.0,0.0
2017-02-20,22.6,14.3,18.0,0.6,19.0,73,2,51,1,20.9,19.8,19.4,15.1,20.03333333333332,18.400000000000002,15.978571428571428,0.0,0.0,0.0,0.0,0.0,0.0,0.0
2017-02-21,23.6,10.4,16.9,0.0,11.9,63,2,52,1,18.0,20.9,19.8,16.8,19.56666666666666,18.814285714285713,16.464285714285715,0.6,0.0,0.0,0.0,0.20000000000000237,0.08571428571428572,0.04285714285714286
2017-02-22,23.8,10.3,16.7,0.0,10.5,63,2,53,1,16.9,18.0,20.9,18.1,18.59999999999999,18.82857142857143,16.75,0.0,0.6,0.0,0.0,0.20000000000000237,0.08571428571428572,0.04285714285714286
2017-02-23,24.6,10.0,17.5,0.0,13.1,45,2,54,1,16.7,16.9,18.0,18.7,17.199999999999992,18.62857142857143,16.985714285714288,0.0,0.0,0.6,0.0,0.20000000000000237,0.08571428571428572,0.04285714285714286
2017-02-24,25.8,10.2,17.5,0.0,14.2,42,2,55,1,17.5,16.7,16.9,19.4,17.033333333333324,18.457142857142856,17.271428571428572,0.0,0.0,0.0,0.0,0.0,0.08571428571428572,0.04285714285714286
2017-02-25,25.9,11.3,17.9,0.0,12.3,46,2,56,1,17.5,17.5,16.7,19.8,17.233333333333324,18.185714285714287,17.571428571428573,0.0,0.0,0.0,0.0,0.0,0.08571428571428572,0.04285714285714286
2017-02-26,27.3,10.4,18.0,0.0,12.2,45,2,57,1,17.9,17.5,17.5,20.9,17.633333333333322,17.914285714285715,17.785714285714285,0.0,0.0,0.0,0.0,0.0,0.08571428571428572,0.04285714285714286
2017-02-27,27.5,10.5,19.4,0.0,11.3,45,2,58,1,18.0,17.9,17.5,18.0,17.799999999999994,17.5,17.95,0.0,0.0,0.0,0.6,0.0,0.08571428571428572,0.04285714285714286
2017-02-28,25.6,15.4,20.3,0.9,16.1,47,2,59,1,19.4,18.0,17.9,16.9,18.433333333333326,17.7,18.257142857142856,0.0,0.0,0.0,0.0,0.0,0.0,0.04285714285714286
2017-03-01,25.1,13.9,18.4,0.0,14.5,56,3,60,2,20.3,19.4,18.0,16.7,19.233333333333324,18.185714285714287,18.507142857142856,0.9,0.0,0.0,0.0,0.3000000000000024,0.1285714285714286,0.10714285714285714
2017-03-02,25.3,11.5,17.7,0.0,15.6,52,3,61,2,18.4,20.3,19.4,17.5,19.36666666666666,18.428571428571427,18.52857142857143,0.0,0.9,0.0,0.0,0.3000000000000024,0.1285714285714286,0.10714285714285714
2017-03-03,25.3,11.2,18.2,0.0,10.3,41,3,62,2,17.7,18.4,20.3,17.5,18.79999999999999,18.457142857142856,18.457142857142856,0.0,0.0,0.9,0.0,0.3000000000000024,0.1285714285714286,0.10714285714285714
2017-03-04,25.6,11.9,18.6,0.5,11.7,43,3,63,2,18.2,17.7,18.4,17.9,18.09999999999999,18.557142857142853,18.37142857142857,0.0,0.0,0.0,0.0,0.0,0.1285714285714286,0.10714285714285714
2017-03-05,26.5,10.9,18.5,0.0,11.0,40,3,64,2,18.6,18.2,17.7,18.0,18.166666666666657,18.657142857142855,18.285714285714285,0.5,0.0,0.0,0.0,0.16666666666666904,0.19999999999999998,0.14285714285714285
2017-03-06,26.0,13.4,20.1,0.3,9.8,39,3,65,2,18.5,18.6,18.2,19.4,18.433333333333323,18.728571428571428,18.114285714285717,0.0,0.5,0.0,0.0,0.16666666666666904,0.19999999999999998,0.14285714285714285
2017-03-07,21.8,14.3,17.4,2.8,14.3,63,3,66,2,20.1,18.5,18.6,20.3,19.06666666666666,18.82857142857143,18.264285714285716,0.3,0.0,0.5,0.9,0.26666666666666905,0.24285714285714285,0.12142857142857143
2017-03-08,23.0,12.4,17.2,0.4,11.0,65,3,67,2,17.4,20.1,18.5,18.4,18.666666666666657,18.414285714285715,18.3,2.8,0.3,0.0,0.0,1.0333333333333357,0.5142857142857142,0.32142857142857145
2017-03-09,21.1,11.9,15.4,1.7,14.0,77,3,68,2,17.2,17.4,20.1,17.7,18.233333333333324,18.24285714285714,18.335714285714285,0.4,2.8,0.3,0.0,1.166666666666669,0.5714285714285714,0.35000000000000003
2017-03-10,18.1,11.0,13.9,3.8,18.3,78,3,69,2,15.4,17.2,17.4,18.2,16.666666666666657,17.914285714285715,18.185714285714287,1.7,0.4,2.8,0.0,1.6333333333333357,0.8142857142857142,0.4714285714285714
2017-03-11,20.3,8.7,14.1,0.1,11.4,68,3,70,2,13.9,15.4,17.2,18.6,15.499999999999991,17.3,17.928571428571427,3.8,1.7,0.4,0.5,1.9666666666666692,1.3571428571428572,0.7428571428571429
2017-03-12,21.3,8.4,15.3,0.0,12.7,58,3,71,2,14.1,13.9,15.4,18.5,14.46666666666666,16.65714285714286,17.65714285714286,0.1,3.8,1.7,0.0,1.866666666666669,1.3,0.75
2017-03-13,22.3,10.3,16.5,0.0,7.8,48,3,72,2,15.3,14.1,13.9,20.1,14.433333333333325,16.2,17.464285714285715,0.0,0.1,3.8,0.3,1.3000000000000023,1.3,0.75
2017-03-14,24.2,10.5,17.3,0.0,10.8,52,3,73,2,16.5,15.3,14.1,17.4,15.299999999999992,15.685714285714285,17.257142857142856,0.0,0.0,0.1,2.8,0.033333333333335706,1.257142857142857,0.75
2017-03-15,23.4,12.1,16.9,0.2,17.1,57,3,74,2,17.3,16.5,15.3,17.2,16.366666666666656,15.671428571428573,17.04285714285714,0.0,0.0,0.0,0.4,0.0,0.8571428571428571,0.6857142857142857
2017-03-16,24.1,12.5,17.8,1.8,13.2,65,3,75,2,16.9,17.3,16.5,15.4,16.89999999999999,15.62857142857143,16.935714285714287,0.2,0.0,0.0,1.7,0.06666666666666904,0.8285714285714285,0.7
2017-03-17,26.3,12.4,19.4,0.5,9.7,57,3,76,2,17.8,16.9,17.3,13.9,17.333333333333325,15.971428571428572,16.942857142857143,1.8,0.2,0.0,3.8,0.6666666666666691,0.8428571428571427,0.8285714285714285
2017-03-18,28.0,12.6,19.9,0.1,11.8,51,3,77,2,19.4,17.8,16.9,14.1,18.033333333333328,16.75714285714286,17.02857142857143,0.5,1.8,0.2,0.1,0.8333333333333357,0.37142857142857144,0.8642857142857142
2017-03-19,29.1,14.2,21.9,0.0,10.2,47,3,78,2,19.9,19.4,17.8,15.3,19.03333333333332,17.585714285714285,17.121428571428574,0.1,0.5,1.8,0.0,0.8000000000000024,0.37142857142857144,0.8357142857142856
2017-03-20,30.7,14.1,23.1,0.0,12.0,43,3,79,2,21.9,19.9,19.4,16.5,20.39999999999999,18.52857142857143,17.36428571428571,0.0,0.1,0.5,0.0,0.20000000000000237,0.37142857142857144,0.8357142857142856
2017-03-21,32.5,17.4,24.8,0.0,15.8,46,3,80,2,23.1,21.9,19.9,17.3,21.633333333333326,19.47142857142857,17.57857142857143,0.0,0.0,0.1,0.0,0.033333333333335706,0.37142857142857144,0.8142857142857143
2017-03-22,31.9,18.0,24.3,0.0,19.5,49,3,81,2,24.8,23.1,21.9,16.9,23.266666666666662,20.542857142857144,18.107142857142854,0.0,0.0,0.0,0.2,0.0,0.37142857142857144,0.6142857142857142
2017-03-23,31.0,17.5,23.8,0.7,18.9,48,3,82,2,24.3,24.8,23.1,17.8,24.06666666666666,21.599999999999998,18.614285714285717,0.0,0.0,0.0,1.8,0.0,0.3428571428571429,0.5857142857142856
2017-03-24,32.2,17.3,24.2,0.0,12.9,44,3,83,2,23.8,24.3,24.8,19.4,24.299999999999994,22.457142857142856,19.214285714285715,0.7,0.0,0.0,0.5,0.2333333333333357,0.1857142857142857,0.5142857142857143
2017-03-25,32.8,17.7,24.9,0.0,14.0,42,3,84,2,24.2,23.8,24.3,19.9,24.099999999999994,23.142857142857142,19.95,0.0,0.7,0.0,0.1,0.2333333333333357,0.11428571428571428,0.24285714285714285
2017-03-26,34.1,17.9,25.9,0.0,13.1,44,3,85,2,24.9,24.2,23.8,21.9,24.299999999999994,23.857142857142858,20.721428571428568,0.0,0.0,0.7,0.0,0.2333333333333357,0.09999999999999999,0.2357142857142857
2017-03-27,36.1,20.7,28.7,0.0,10.9,46,3,86,2,25.9,24.9,24.2,23.1,24.99999999999999,24.428571428571427,21.478571428571428,0.0,0.0,0.0,0.0,0.0,0.09999999999999999,0.2357142857142857
2017-03-28,35.9,21.5,28.2,0.0,11.0,44,3,87,2,28.7,25.9,24.9,24.8,26.49999999999999,25.228571428571428,22.349999999999998,0.0,0.0,0.0,0.0,0.0,0.09999999999999999,0.2357142857142857
2017-03-29,35.1,22.0,27.7,0.0,12.3,45,3,88,2,28.2,28.7,25.9,24.3,27.59999999999999,25.714285714285715,23.12857142857143,0.0,0.0,0.0,0.0,0.0,0.09999999999999999,0.2357142857142857
2017-03-30,35.3,21.1,28.3,0.0,10.4,42,3,89,2,27.7,28.2,28.7,23.8,28.19999999999999,26.2,23.9,0.0,0.0,0.0,0.7,0.0,0.09999999999999999,0.22142857142857145
2017-03-31,35.3,21.7,27.8,2.1,21.5,45,3,90,2,28.3,27.7,28.2,24.2,28.06666666666666,26.842857142857138,24.65,0.0,0.0,0.0,0.0,0.0,0.0,0.09285714285714285
2017-04-01,34.3,20.1,26.8,2.2,15.9,44,4,91,2,27.8,28.3,27.7,24.9,27.933333333333326,27.357142857142858,25.25,2.1,0.0,0.0,0.0,0.7000000000000024,0.3,0.20714285714285713
2017-04-02,35.2,19.6,26.9,0.0,14.0,38,4,92,2,26.8,27.8,28.3,25.9,27.633333333333326,27.62857142857143,25.742857142857144,2.2,2.1,0.0,0.0,1.433333333333336,0.6142857142857144,0.35714285714285715
2017-04-03,35.8,20.8,27.8,0.1,14.0,36,4,93,2,26.9,26.8,27.8,28.7,27.166666666666657,27.77142857142857,26.099999999999998,0.0,2.2,2.1,0.0,1.433333333333336,0.6142857142857144,0.35714285714285715
2017-04-04,34.7,22.8,28.0,0.5,19.2,34,4,94,2,27.8,26.9,26.8,28.2,27.166666666666657,27.642857142857142,26.435714285714287,0.1,0.0,2.2,0.0,0.7666666666666692,0.6285714285714287,0.36428571428571427
2017-04-05,33.3,19.1,26.1,8.4,27.1,53,4,95,2,28.0,27.8,26.9,27.7,27.56666666666666,27.614285714285717,26.664285714285715,0.5,0.1,0.0,0.0,0.20000000000000237,0.7000000000000001,0.39999999999999997
2017-04-06,25.8,18.0,21.0,7.0,20.8,72,4,96,2,26.1,28.0,27.8,28.3,27.299999999999994,27.385714285714283,26.792857142857144,8.4,0.5,0.1,0.0,3.000000000000002,1.9000000000000001,1.0
2017-04-07,29.5,17.3,22.1,0.0,23.0,57,4,97,2,21.0,26.1,28.0,27.8,25.033333333333328,26.342857142857138,26.592857142857145,7.0,8.4,0.5,2.1,5.3000000000000025,2.9,1.45
2017-04-08,28.0,15.5,21.2,0.0,13.1,46,4,98,2,22.1,21.0,26.1,26.8,23.066666666666663,25.528571428571432,26.442857142857143,0.0,7.0,8.4,2.2,5.1333333333333355,2.6,1.45
2017-04-09,29.7,13.8,21.6,0.0,13.5,38,4,99,2,21.2,22.1,21.0,26.9,21.433333333333323,24.728571428571428,26.178571428571427,0.0,0.0,7.0,0.0,2.3333333333333357,2.2857142857142856,1.45
2017-04-10,32.3,15.1,24.5,0.0,14.2,35,4,100,2,21.6,21.2,22.1,27.8,21.633333333333326,23.971428571428568,25.87142857142857,0.0,0.0,0.0,0.1,0.0,2.2857142857142856,1.45
2017-04-11,35.4,18.3,26.7,0.0,11.5,35,4,101,2,24.5,21.6,21.2,28.0,22.433333333333326,23.5,25.571428571428573,0.0,0.0,0.0,0.5,0.0,2.2714285714285714,1.45
2017-04-12,37.7,19.5,28.7,0.0,14.0,33,4,102,2,26.7,24.5,21.6,26.1,24.266666666666662,23.314285714285717,25.464285714285715,0.0,0.0,0.0,8.4,0.0,2.2,1.45
2017-04-13,38.4,19.7,29.0,0.0,10.6,30,4,103,2,28.7,26.7,24.5,21.0,26.633333333333326,23.685714285714287,25.535714285714285,0.0,0.0,0.0,7.0,0.0,1.0,1.45
2017-04-14,39.7,21.4,30.4,0.0,13.4,33,4,104,2,29.0,28.7,26.7,22.1,28.133333333333326,24.82857142857143,25.585714285714285,0.0,0.0,0.0,0.0,0.0,0.0,1.45
2017-04-15,40.3,22.7,32.3,0.0,10.6,26,4,105,2,30.4,29.0,28.7,21.2,29.366666666666656,26.014285714285712,25.771428571428572,0.0,0.0,0.0,0.0,0.0,0.0,1.3
2017-04-16,41.5,23.7,32.7,0.0,13.8,26,4,106,2,32.3,30.4,29.0,21.6,30.566666666666652,27.599999999999998,26.16428571428571,0.0,0.0,0.0,0.0,0.0,0.0,1.1428571428571428
2017-04-17,42.9,23.8,33.3,0.0,12.9,22,4,107,2,32.7,32.3,30.4,24.5,31.799999999999994,29.185714285714287,26.57857142857143,0.0,0.0,0.0,0.0,0.0,0.0,1.1428571428571428
2017-04-18,43.4,26.0,34.1,0.0,15.0,23,4,108,2,33.3,32.7,32.3,26.7,32.76666666666665,30.442857142857143,26.97142857142857,0.0,0.0,0.0,0.0,0.0,0.0,1.1357142857142857
2017-04-19,43.3,25.3,33.7,0.0,21.9,22,4,109,2,34.1,33.3,32.7,28.7,33.36666666666666,31.5,27.407142857142855,0.0,0.0,0.0,0.0,0.0,0.0,1.1
2017-04-20,43.9,26.7,34.7,0.0,16.4,19,4,110,2,33.7,34.1,33.3,29.0,33.699999999999996,32.214285714285715,27.949999999999996,0.0,0.0,0.0,0.0,0.0,0.0,0.5
2017-04-21,42.8,27.7,34.4,1.4,21.6,24,4,111,2,34.7,33.7,34.1,30.4,34.166666666666664,33.028571428571425,28.928571428571427,0.0,0.0,0.0,0.0,0.0,0.0,0.0
2017-04-22,38.4,26.2,30.9,1.4,18.1,35,4,112,2,34.4,34.7,33.7,32.3,34.26666666666666,33.6,29.807142857142857,1.4,0.0,0.0,0.0,0.466666666666669,0.19999999999999998,0.09999999999999999
2017-04-23,32.5,21.6,25.8,3.5,20.4,60,4,113,2,30.9,34.4,34.7,32.7,33.33333333333332,33.4,30.5,1.4,1.4,0.0,0.0,0.9333333333333357,0.39999999999999997,0.19999999999999998
2017-04-24,32.1,18.6,25.1,0.9,20.0,53,4,114,2,25.8,30.9,34.4,33.3,30.366666666666656,32.41428571428572,30.8,3.5,1.4,1.4,0.0,2.1000000000000023,0.9,0.45
2017-04-25,34.3,20.2,26.5,0.0,15.9,40,4,115,2,25.1,25.8,30.9,34.1,27.266666666666655,31.242857142857144,30.842857142857145,0.9,3.5,1.4,0.0,1.933333333333336,1.0285714285714287,0.5142857142857143
2017-04-26,35.3,20.2,27.7,0.0,10.7,34,4,116,2,26.5,25.1,25.8,33.7,25.799999999999994,30.157142857142862,30.82857142857143,0.0,0.9,3.5,0.0,1.4666666666666692,1.0285714285714287,0.5142857142857143
2017-04-27,36.7,20.7,28.9,0.6,13.2,32,4,117,2,27.7,26.5,25.1,34.7,26.433333333333326,29.3,30.75714285714286,0.0,0.0,0.9,0.0,0.3000000000000024,1.0285714285714287,0.5142857142857143
2017-04-28,37.1,22.0,29.3,1.7,10.5,31,4,118,2,28.9,27.7,26.5,34.4,27.69999999999999,28.471428571428568,30.75,0.6,0.0,0.0,1.4,0.20000000000000237,1.1142857142857143,0.5571428571428572
2017-04-29,37.7,22.4,29.5,0.0,23.1,28,4,119,2,29.3,28.9,27.7,30.9,28.633333333333322,27.742857142857144,30.67142857142857,1.7,0.6,0.0,1.4,0.7666666666666689,1.157142857142857,0.6785714285714286
2017-04-30,35.1,21.7,28.4,0.0,15.3,30,4,120,2,29.5,29.3,28.9,25.8,29.233333333333324,27.542857142857144,30.47142857142857,0.0,1.7,0.6,3.5,0.7666666666666689,0.9571428571428572,0.6785714285714286
2017-05-01,37.3,20.2,29.2,0.0,13.3,28,5,121,2,28.4,29.5,29.3,25.1,29.06666666666666,27.91428571428571,30.164285714285715,0.0,0.0,1.7,0.9,0.566666666666669,0.4571428571428572,0.6785714285714286
2017-05-02,38.3,24.4,31.3,0.0,25.1,20,5,122,2,29.2,28.4,29.5,26.5,29.03333333333332,28.5,29.87142857142857,0.0,0.0,0.0,0.0,0.0,0.32857142857142857,0.6785714285714286
2017-05-03,36.1,24.5,29.8,0.0,20.0,28,5,123,2,31.3,29.2,28.4,27.7,29.633333333333326,29.185714285714283,29.671428571428574,0.0,0.0,0.0,0.0,0.0,0.32857142857142857,0.6785714285714286
2017-05-04,35.8,22.1,29.2,0.0,10.0,36,5,124,2,29.8,31.3,29.2,28.9,30.09999999999999,29.485714285714288,29.392857142857142,0.0,0.0,0.0,0.6,0.0,0.32857142857142857,0.6785714285714286
2017-05-05,38.7,22.7,31.7,0.0,10.8,29,5,125,2,29.2,29.8,31.3,29.3,30.09999999999999,29.52857142857143,29.0,0.0,0.0,0.0,1.7,0.0,0.24285714285714285,0.6785714285714286
2017-05-06,39.9,24.8,32.9,0.0,10.1,27,5,126,2,31.7,29.2,29.8,29.5,30.233333333333324,29.87142857142857,28.807142857142857,0.0,0.0,0.0,0.0,0.0,0.0,0.5785714285714285
2017-05-07,40.6,23.9,32.9,0.0,10.8,27,5,127,2,32.9,31.7,29.2,28.4,31.266666666666655,30.357142857142858,28.95,0.0,0.0,0.0,0.0,0.0,0.0,0.4785714285714286
2017-05-08,42.0,25.7,33.8,0.0,12.2,28,5,128,2,32.9,32.9,31.7,29.2,32.49999999999999,31.0,29.457142857142856,0.0,0.0,0.0,0.0,0.0,0.0,0.2285714285714286
2017-05-09,41.6,25.3,33.1,0.0,11.9,31,5,129,2,33.8,32.9,32.9,31.3,33.19999999999999,31.657142857142855,30.078571428571426,0.0,0.0,0.0,0.0,0.0,0.0,0.16428571428571428
2017-05-10,40.6,26.4,32.6,4.4,27.9,32,5,130,2,33.1,33.8,32.9,29.8,33.26666666666666,31.914285714285715,30.55,0.0,0.0,0.0,0.0,0.0,0.0,0.16428571428571428
2017-05-11,37.7,26.1,31.2,0.5,12.1,40,5,131,2,32.6,33.1,33.8,29.2,33.16666666666666,32.31428571428571,30.900000000000002,4.4,0.0,0.0,0.0,1.4666666666666692,0.6285714285714287,0.4785714285714286
2017-05-12,39.2,24.2,31.3,0.0,12.2,40,5,132,2,31.2,32.6,33.1,31.7,32.29999999999999,32.6,31.064285714285717,0.5,4.4,0.0,0.0,1.6333333333333357,0.7000000000000001,0.4714285714285714
2017-05-13,39.2,24.9,31.9,0.0,10.2,36,5,133,2,31.3,31.2,32.6,32.9,31.69999999999999,32.54285714285714,31.207142857142856,0.0,0.5,4.4,0.0,1.6333333333333357,0.7000000000000001,0.35000000000000003
2017-05-14,40.1,25.4,33.0,0.1,9.5,32,5,134,2,31.9,31.3,31.2,32.9,31.466666666666658,32.4,31.37857142857143,0.0,0.0,0.5,0.0,0.16666666666666904,0.7000000000000001,0.35000000000000003
2017-05-15,40.4,25.2,33.1,1.8,15.0,31,5,135,2,33.0,31.9,31.3,33.8,32.066666666666656,32.41428571428572,31.707142857142856,0.1,0.0,0.0,0.0,0.033333333333335706,0.7142857142857143,0.35714285714285715
2017-05-16,36.6,25.3,30.9,0.9,14.8,39,5,136,2,33.1,33.0,31.9,33.1,32.66666666666666,32.31428571428571,31.985714285714284,1.8,0.1,0.0,0.0,0.6333333333333357,0.9714285714285715,0.48571428571428577
2017-05-17,34.1,24.1,29.0,3.5,11.9,50,5,137,2,30.9,33.1,33.0,32.6,32.33333333333332,32.0,31.957142857142856,0.9,1.8,0.1,4.4,0.9333333333333358,1.1,0.55
2017-05-18,37.0,24.4,30.9,0.0,12.0,43,5,138,2,29.0,30.9,33.1,31.2,30.99999999999999,31.485714285714288,31.900000000000002,3.5,0.9,1.8,0.5,2.066666666666669,0.9714285714285715,0.8
2017-05-19,40.3,25.0,32.2,0.7,23.6,37,5,139,2,30.9,29.0,30.9,31.3,30.266666666666655,31.442857142857143,32.021428571428565,0.0,3.5,0.9,0.0,1.4666666666666692,0.9000000000000001,0.8
2017-05-20,40.0,25.5,31.7,0.7,18.9,37,5,140,2,32.2,30.9,29.0,31.9,30.69999999999999,31.571428571428573,32.05714285714286,0.7,0.0,3.5,0.0,1.4000000000000024,1.0,0.85
2017-05-21,37.0,25.0,29.8,0.4,16.9,43,5,141,2,31.7,32.2,30.9,33.0,31.59999999999999,31.542857142857144,31.97142857142857,0.7,0.7,0.0,0.1,0.466666666666669,1.1,0.9000000000000001
2017-05-22,35.1,22.9,29.0,0.1,17.6,48,5,142,2,29.8,31.7,32.2,33.1,31.233333333333324,31.085714285714285,31.75,0.4,0.7,0.7,1.8,0.6000000000000023,1.1428571428571428,0.9285714285714286
2017-05-23,38.0,23.8,31.4,0.0,14.0,41,5,143,2,29.0,29.8,31.7,30.9,30.166666666666657,30.5,31.407142857142862,0.1,0.4,0.7,0.9,0.40000000000000235,0.9,0.9357142857142858
2017-05-24,39.6,27.9,33.4,0.0,12.1,37,5,144,2,31.4,29.0,29.8,29.0,30.066666666666652,30.571428571428573,31.285714285714285,0.0,0.1,0.4,3.5,0.16666666666666904,0.7714285714285715,0.9357142857142858
2017-05-25,41.3,25.9,34.7,0.0,9.0,31,5,145,2,33.4,31.4,29.0,30.9,31.266666666666655,31.2,31.342857142857138,0.0,0.0,0.1,0.0,0.033333333333335706,0.2714285714285714,0.6214285714285716
2017-05-26,43.6,27.3,36.0,0.0,11.0,25,5,146,2,34.7,33.4,31.4,32.2,33.16666666666666,31.74285714285714,31.592857142857138,0.0,0.0,0.0,0.7,0.0,0.2714285714285714,0.5857142857142857
2017-05-27,44.3,26.0,35.4,0.0,13.9,25,5,147,2,36.0,34.7,33.4,31.7,34.69999999999999,32.285714285714285,31.928571428571427,0.0,0.0,0.0,0.7,0.0,0.17142857142857143,0.5857142857142857
2017-05-28,42.7,28.6,34.5,0.7,27.7,30,5,148,2,35.4,36.0,34.7,29.8,35.36666666666665,32.81428571428571,32.17857142857143,0.0,0.0,0.0,0.4,0.0,0.07142857142857142,0.5857142857142857
2017-05-29,40.1,26.3,33.3,0.0,15.4,37,5,149,2,34.5,35.4,36.0,29.0,35.29999999999999,33.48571428571429,32.285714285714285,0.7,0.0,0.0,0.1,0.2333333333333357,0.11428571428571428,0.6285714285714287
2017-05-30,39.0,27.0,32.9,0.0,14.9,40,5,150,2,33.3,34.5,35.4,31.4,34.399999999999984,34.1,32.3,0.0,0.7,0.0,0.0,0.2333333333333357,0.09999999999999999,0.5
2017-05-31,37.4,27.3,31.1,1.7,23.3,45,5,151,2,32.9,33.3,34.5,33.4,33.566666666666656,34.31428571428571,32.44285714285714,0.0,0.0,0.7,0.0,0.2333333333333357,0.09999999999999999,0.4357142857142858
2017-06-01,36.9,25.2,31.0,0.0,14.3,49,6,152,3,31.1,32.9,33.3,34.7,32.433333333333316,33.98571428571428,32.59285714285714,1.7,0.0,0.0,0.0,0.566666666666669,0.34285714285714286,0.3071428571428571
2017-06-02,40.1,26.8,33.5,0.0,9.4,39,6,153,3,31.0,31.1,32.9,36.0,31.666666666666657,33.457142857142856,32.6,0.0,1.7,0.0,0.0,0.566666666666669,0.34285714285714286,0.3071428571428571
2017-06-03,43.4,27.8,35.9,0.0,9.8,36,6,154,3,33.5,31.0,31.1,35.4,31.866666666666656,33.1,32.69285714285714,0.0,0.0,1.7,0.0,0.566666666666669,0.34285714285714286,0.2571428571428571
2017-06-04,44.8,30.1,37.6,0.0,15.8,30,6,155,3,35.9,33.5,31.0,34.5,33.46666666666666,33.17142857142857,32.99285714285714,0.0,0.0,0.0,0.7,0.0,0.34285714285714286,0.20714285714285713
2017-06-05,43.3,31.6,37.3,0.0,18.2,35,6,156,3,37.6,35.9,33.5,33.3,35.66666666666666,33.614285714285714,33.550000000000004,0.0,0.0,0.0,0.0,0.0,0.24285714285714285,0.17857142857142858
2017-06-06,40.6,32.7,35.7,0.0,16.9,42,6,157,3,37.3,37.6,35.9,32.9,36.93333333333333,34.18571428571428,34.142857142857146,0.0,0.0,0.0,0.0,0.0,0.24285714285714285,0.17142857142857143
2017-06-07,36.3,24.4,30.4,5.4,19.6,61,6,158,3,35.7,37.3,37.6,31.1,36.86666666666665,34.58571428571429,34.45,0.0,0.0,0.0,1.7,0.0,0.24285714285714285,0.17142857142857143
2017-06-08,37.6,25.3,31.3,0.5,13.6,56,6,159,3,30.4,35.7,37.3,31.0,34.46666666666666,34.48571428571428,34.23571428571429,5.4,0.0,0.0,0.0,1.8000000000000025,0.7714285714285715,0.5571428571428572
2017-06-09,36.0,25.3,30.7,0.0,11.5,53,6,160,3,31.3,30.4,35.7,33.5,32.466666666666654,34.528571428571425,33.99285714285715,0.5,5.4,0.0,0.0,1.9666666666666692,0.8428571428571429,0.5928571428571429
2017-06-10,37.0,25.9,30.8,5.4,20.0,49,6,161,3,30.7,31.3,30.4,35.9,30.799999999999994,34.128571428571426,33.614285714285714,0.0,0.5,5.4,0.0,1.9666666666666692,0.8428571428571429,0.5928571428571429
2017-06-11,36.6,23.3,29.7,1.6,8.7,51,6,162,3,30.8,30.7,31.3,37.6,30.933333333333323,33.4,33.285714285714285,5.4,0.0,0.5,0.0,1.9666666666666692,1.6142857142857143,0.9785714285714286
2017-06-12,37.8,25.6,31.3,0.5,15.9,50,6,163,3,29.7,30.8,30.7,37.3,30.39999999999999,32.271428571428565,32.94285714285714,1.6,5.4,0.0,0.0,2.3333333333333357,1.842857142857143,1.042857142857143
2017-06-13,39.7,25.8,32.5,1.4,12.9,50,6,164,3,31.3,29.7,30.8,35.7,30.59999999999999,31.414285714285715,32.8,0.5,1.6,5.4,0.0,2.500000000000002,1.9142857142857144,1.0785714285714287
2017-06-14,40.9,27.6,33.7,2.8,12.0,43,6,165,3,32.5,31.3,29.7,30.4,31.166666666666657,30.957142857142856,32.77142857142857,1.4,0.5,1.6,5.4,1.166666666666669,2.1142857142857143,1.1785714285714286
2017-06-15,39.2,26.3,32.3,0.3,17.2,51,6,166,3,33.7,32.5,31.3,31.3,32.49999999999999,31.428571428571427,32.957142857142856,2.8,1.4,0.5,0.5,1.5666666666666689,1.7428571428571427,1.2571428571428573
2017-06-16,40.0,27.2,33.7,0.0,15.2,45,6,167,3,32.3,33.7,32.5,30.7,32.83333333333332,31.571428571428573,33.05,0.3,2.8,1.4,0.0,1.5000000000000024,1.7142857142857142,1.2785714285714287
2017-06-17,39.5,29.5,33.9,0.0,14.0,46,6,168,3,33.7,32.3,33.7,30.8,33.23333333333333,32.0,33.06428571428571,0.0,0.3,2.8,5.4,1.0333333333333357,1.7142857142857142,1.2785714285714287
2017-06-18,37.8,27.6,32.9,0.0,11.7,60,6,169,3,33.9,33.7,32.3,29.7,33.29999999999999,32.44285714285714,32.92142857142857,0.0,0.0,0.3,1.6,0.10000000000000236,0.9428571428571428,1.2785714285714287
2017-06-19,38.6,29.0,32.5,4.7,18.3,60,6,170,3,32.9,33.9,33.7,31.3,33.49999999999999,32.9,32.58571428571428,0.0,0.0,0.0,0.5,0.0,0.7142857142857143,1.2785714285714287
2017-06-20,35.1,24.9,29.2,8.9,20.4,73,6,171,3,32.5,32.9,33.9,32.5,33.09999999999999,33.07142857142857,32.24285714285715,4.7,0.0,0.0,1.4,1.566666666666669,1.3142857142857143,1.6142857142857143
2017-06-21,30.0,23.6,26.8,3.0,12.5,78,6,172,3,29.2,32.5,32.9,33.7,31.533333333333328,32.6,31.77857142857143,8.9,4.7,0.0,2.8,4.533333333333336,2.385714285714286,2.25
2017-06-22,32.6,22.9,27.9,0.0,9.3,71,6,173,3,26.8,29.2,32.5,32.3,29.49999999999999,31.614285714285717,31.521428571428572,3.0,8.9,4.7,0.3,5.533333333333336,2.414285714285714,2.0785714285714287
2017-06-23,34.9,24.7,30.0,0.0,7.2,66,6,174,3,27.9,26.8,29.2,33.7,27.966666666666658,30.985714285714288,31.27857142857143,0.0,3.0,8.9,0.0,3.966666666666669,2.3714285714285714,2.042857142857143
2017-06-24,36.4,26.0,31.5,0.0,7.9,61,6,175,3,30.0,27.9,26.8,33.9,28.23333333333332,30.457142857142856,31.228571428571428,0.0,0.0,3.0,0.0,1.0000000000000018,2.3714285714285714,2.042857142857143
2017-06-25,37.8,27.3,32.8,0.0,9.2,57,6,176,3,31.5,30.0,27.9,32.9,29.799999999999994,30.114285714285717,31.27857142857143,0.0,0.0,0.0,0.0,0.0,2.3714285714285714,1.657142857142857
2017-06-26,39.4,28.7,34.1,0.0,15.5,56,6,177,3,32.8,31.5,30.0,32.5,31.433333333333323,30.099999999999998,31.5,0.0,0.0,0.0,4.7,0.0,2.3714285714285714,1.5428571428571427
2017-06-27,38.1,30.4,33.4,0.0,13.8,62,6,178,3,34.1,32.8,31.5,29.2,32.79999999999999,30.32857142857143,31.699999999999996,0.0,0.0,0.0,8.9,0.0,1.7,1.507142857142857
2017-06-28,32.3,26.1,28.7,10.6,17.8,82,6,179,3,33.4,34.1,32.8,26.8,33.43333333333332,30.928571428571427,31.764285714285712,0.0,0.0,0.0,3.0,0.0,0.4285714285714288,1.407142857142857
2017-06-29,32.0,25.5,27.8,1.4,14.1,81,6,180,3,28.7,33.4,34.1,27.9,32.066666666666656,31.2,31.407142857142855,10.6,0.0,0.0,0.0,3.533333333333335,1.5142857142857145,1.9642857142857142
2017-06-30,32.8,24.2,28.3,0.0,13.0,73,6,181,3,27.8,28.7,33.4,30.0,29.966666666666658,31.185714285714283,31.085714285714285,1.4,10.6,0.0,0.0,4.000000000000002,1.7142857142857146,2.0428571428571427
2017-07-01,35.1,26.0,30.6,0.0,9.0,70,7,182,3,28.3,27.8,28.7,31.5,28.266666666666655,30.942857142857143,30.7,0.0,1.4,10.6,0.0,4.000000000000002,1.7142857142857146,2.0428571428571427
2017-07-02,36.7,27.6,32.3,0.0,10.2,65,7,183,3,30.6,28.3,27.8,32.8,28.89999999999999,30.814285714285713,30.464285714285715,0.0,0.0,1.4,0.0,0.4666666666666684,1.7142857142857146,2.0428571428571427
2017-07-03,37.2,28.9,32.8,0.0,14.0,66,7,184,3,32.3,30.6,28.3,34.1,30.39999999999999,30.74285714285714,30.42142857142857,0.0,0.0,0.0,0.0,0.0,1.7142857142857146,2.0428571428571427
2017-07-04,38.2,28.9,33.5,0.5,12.6,64,7,185,3,32.8,32.3,30.6,33.4,31.89999999999999,30.557142857142853,30.442857142857143,0.0,0.0,0.0,0.0,0.0,1.7142857142857146,1.707142857142857
2017-07-05,37.5,28.1,32.9,0.0,18.7,63,7,186,3,33.5,32.8,32.3,28.7,32.86666666666665,30.571428571428573,30.75,0.5,0.0,0.0,10.6,0.16666666666666843,1.785714285714286,1.1071428571428572
2017-07-06,37.8,28.6,32.1,0.0,17.0,64,7,187,3,32.9,33.5,32.8,27.8,33.066666666666656,31.17142857142857,31.185714285714283,0.0,0.5,0.0,1.4,0.16666666666666843,0.2714285714285717,0.8928571428571429
2017-07-07,35.6,26.9,31.1,0.5,9.7,68,7,188,3,32.1,32.9,33.5,28.3,32.83333333333332,31.785714285714285,31.485714285714288,0.0,0.0,0.5,0.0,0.16666666666666843,0.07142857142857169,0.8928571428571429
2017-07-08,37.1,27.7,32.5,0.0,7.0,62,7,189,3,31.1,32.1,32.9,30.6,32.033333333333324,32.18571428571428,31.564285714285713,0.5,0.0,0.0,0.0,0.16666666666666843,0.1428571428571431,0.9285714285714286
2017-07-09,38.9,29.5,34.1,0.4,11.1,57,7,190,3,32.5,31.1,32.1,32.3,31.89999999999999,32.457142857142856,31.635714285714283,0.0,0.5,0.0,0.0,0.16666666666666843,0.1428571428571431,0.9285714285714286
2017-07-10,39.6,30.5,34.0,0.4,20.1,56,7,191,3,34.1,32.5,31.1,32.8,32.566666666666656,32.714285714285715,31.728571428571428,0.4,0.0,0.5,0.0,0.30000000000000177,0.20000000000000023,0.9571428571428572
2017-07-11,37.2,28.5,32.5,2.5,16.0,62,7,192,3,34.0,34.1,32.5,33.5,33.533333333333324,32.885714285714286,31.72142857142857,0.4,0.4,0.0,0.5,0.26666666666666844,0.2571428571428574,0.9857142857142857
2017-07-12,37.7,27.0,31.4,3.2,19.0,65,7,193,3,32.5,34.0,34.1,32.9,33.533333333333324,32.74285714285714,31.657142857142855,2.5,0.4,0.4,0.0,1.1000000000000016,0.542857142857143,1.1642857142857144
2017-07-13,32.5,26.0,29.0,8.7,13.4,78,7,194,3,31.4,32.5,34.0,32.1,32.633333333333326,32.528571428571425,31.849999999999998,3.2,2.5,0.4,0.0,2.033333333333335,1.0000000000000002,0.6357142857142858
2017-07-14,36.3,26.9,31.7,0.0,10.1,65,7,195,3,29.0,31.4,32.5,31.1,30.966666666666658,32.08571428571428,31.935714285714283,8.7,3.2,2.5,0.5,4.800000000000002,2.242857142857143,1.157142857142857
2017-07-15,36.3,28.7,32.6,0.2,12.4,63,7,196,3,31.7,29.0,31.4,32.5,30.69999999999999,32.17142857142857,32.17857142857143,0.0,8.7,3.2,0.0,3.966666666666668,2.1714285714285717,1.157142857142857
2017-07-16,37.6,29.4,33.1,0.1,12.7,63,7,197,3,32.6,31.7,29.0,34.1,31.099999999999994,32.18571428571429,32.32142857142857,0.2,0.0,8.7,0.4,2.9666666666666672,2.2,1.1714285714285713
2017-07-17,37.3,30.1,33.5,0.7,15.6,63,7,198,3,33.1,32.6,31.7,34.0,32.46666666666666,32.04285714285714,32.378571428571426,0.1,0.2,0.0,0.4,0.1000000000000012,2.1571428571428575,1.1785714285714286
2017-07-18,35.9,28.9,31.6,6.7,16.6,70,7,199,3,33.5,33.1,32.6,32.5,33.066666666666656,31.97142857142857,32.42857142857143,0.7,0.1,0.2,2.5,0.33333333333333454,2.2,1.2285714285714284
2017-07-19,37.0,28.1,32.3,0.3,15.0,66,7,200,3,31.6,33.5,33.1,31.4,32.73333333333333,31.84285714285715,32.292857142857144,6.7,0.7,0.1,3.2,2.5000000000000013,2.8000000000000003,1.6714285714285713
2017-07-20,38.1,29.9,32.5,3.4,17.0,65,7,201,3,32.3,31.6,33.5,29.0,32.46666666666666,31.97142857142857,32.25,0.3,6.7,0.7,8.7,2.5666666666666678,2.3857142857142857,1.6928571428571428
2017-07-21,36.3,27.3,31.7,0.7,14.1,68,7,202,3,32.5,32.3,31.6,31.7,32.133333333333326,32.471428571428575,32.278571428571425,3.4,0.3,6.7,0.0,3.466666666666668,1.6285714285714288,1.9357142857142855
2017-07-22,37.6,29.2,32.4,1.2,15.5,64,7,203,3,31.7,32.5,32.3,32.6,32.166666666666664,32.47142857142857,32.32142857142857,0.7,3.4,0.3,0.2,1.4666666666666677,1.7285714285714289,1.95
2017-07-23,37.8,28.8,32.6,0.2,16.3,62,7,204,3,32.4,31.7,32.5,33.1,32.199999999999996,32.44285714285714,32.31428571428572,1.2,0.7,3.4,0.1,1.7666666666666677,1.8714285714285717,2.0357142857142856
2017-07-24,35.8,29.3,31.8,0.2,15.4,63,7,205,3,32.6,32.4,31.7,33.5,32.23333333333332,32.371428571428574,32.207142857142856,0.2,1.2,0.7,0.7,0.7000000000000012,1.885714285714286,2.0214285714285714
2017-07-25,37.9,28.5,32.5,0.5,13.8,63,7,206,3,31.8,32.6,32.4,31.6,32.26666666666666,32.128571428571426,32.05,0.2,0.2,1.2,6.7,0.5333333333333345,1.8142857142857145,2.007142857142857
2017-07-26,36.8,29.1,32.3,1.7,14.0,65,7,207,3,32.5,31.8,32.6,32.3,32.29999999999999,32.25714285714286,32.05,0.5,0.2,0.2,0.3,0.3000000000000012,0.9285714285714288,1.864285714285714
2017-07-27,38.2,28.3,32.5,1.7,14.8,64,7,208,3,32.3,32.5,31.8,32.5,32.199999999999996,32.25714285714286,32.114285714285714,1.7,0.5,0.2,3.4,0.8000000000000012,1.1285714285714288,1.757142857142857
2017-07-28,37.0,27.3,31.6,10.8,13.8,70,7,209,3,32.5,32.3,32.5,31.7,32.43333333333332,32.25714285714286,32.364285714285714,1.7,1.7,0.5,0.7,1.3000000000000014,0.8857142857142859,1.2571428571428573
2017-07-29,36.2,28.2,31.4,2.3,14.8,71,7,210,3,31.6,32.5,32.3,32.4,32.133333333333326,32.24285714285715,32.357142857142854,10.8,1.7,1.7,1.2,4.733333333333335,2.328571428571429,2.0285714285714285
2017-07-30,38.0,28.6,32.6,0.0,13.2,66,7,211,3,31.4,31.6,32.5,32.6,31.833333333333325,32.1,32.27142857142857,2.3,10.8,1.7,0.2,4.9333333333333345,2.485714285714286,2.1785714285714284
2017-07-31,35.9,28.2,30.7,8.4,13.8,77,7,212,3,32.6,31.4,31.6,31.8,31.866666666666656,32.1,32.23571428571429,0.0,2.3,10.8,0.2,4.366666666666668,2.4571428571428577,2.1714285714285713
2017-08-01,34.2,26.8,29.3,20.4,14.6,84,8,213,3,30.7,32.6,31.4,32.5,31.56666666666666,31.942857142857143,32.035714285714285,8.4,0.0,2.3,0.5,3.5666666666666678,3.628571428571429,2.7214285714285715
2017-08-02,34.1,27.0,30.2,1.5,14.5,77,8,214,3,29.3,30.7,32.6,32.3,30.866666666666656,31.485714285714288,31.87142857142857,20.4,8.4,0.0,1.7,9.6,6.471428571428571,3.6999999999999997
2017-08-03,36.4,27.5,31.4,0.1,12.0,71,8,215,3,30.2,29.3,30.7,32.5,30.06666666666666,31.185714285714287,31.72142857142857,1.5,20.4,8.4,1.7,10.1,6.442857142857144,3.7857142857142856
2017-08-04,37.2,28.5,32.8,0.2,12.3,65,8,216,3,31.4,30.2,29.3,31.6,30.299999999999986,31.028571428571432,31.642857142857142,0.1,1.5,20.4,10.8,7.333333333333335,6.214285714285714,3.55
2017-08-05,37.6,29.8,33.4,0.4,10.5,60,8,217,3,32.8,31.4,30.2,31.4,31.466666666666654,31.199999999999996,31.72142857142857,0.2,0.1,1.5,2.3,0.6000000000000012,4.700000000000001,3.5142857142857147
2017-08-06,37.1,29.1,33.2,0.0,9.3,62,8,218,3,33.4,32.8,31.4,32.6,32.533333333333324,31.485714285714288,31.79285714285714,0.4,0.2,0.1,0.0,0.23333333333333453,4.428571428571429,3.457142857142857
2017-08-07,36.3,30.1,32.9,1.1,11.8,63,8,219,3,33.2,33.4,32.8,30.7,33.133333333333326,31.571428571428573,31.83571428571429,0.0,0.4,0.2,8.4,0.2000000000000012,4.428571428571429,3.442857142857143
2017-08-08,37.2,28.5,33.0,0.5,15.0,64,8,220,3,32.9,33.2,33.4,29.3,33.16666666666666,31.885714285714283,31.914285714285715,1.1,0.0,0.4,20.4,0.5000000000000012,3.385714285714286,3.507142857142857
2017-08-09,37.5,29.2,33.3,0.4,13.8,63,8,221,3,33.0,32.9,33.2,30.2,33.033333333333324,32.41428571428571,31.95,0.5,1.1,0.0,1.5,0.5333333333333345,0.5428571428571434,3.507142857142857
2017-08-10,39.0,29.5,33.9,0.3,14.2,56,8,222,3,33.3,33.0,32.9,31.4,33.066666666666656,32.857142857142854,32.02142857142857,0.4,0.5,1.1,0.1,0.6666666666666679,0.38571428571428623,3.414285714285714
2017-08-11,40.1,30.2,33.9,0.0,17.0,57,8,223,3,33.9,33.3,33.0,32.8,33.399999999999984,33.214285714285715,32.121428571428574,0.3,0.4,0.5,0.2,0.4000000000000012,0.41428571428571487,3.3142857142857145
2017-08-12,39.4,27.8,33.5,0.8,15.6,59,8,224,3,33.9,33.9,33.3,33.4,33.69999999999999,33.37142857142857,32.285714285714285,0.0,0.3,0.4,0.4,0.2333333333333345,0.3857142857142863,2.542857142857143
2017-08-13,38.3,28.1,32.1,3.2,15.6,64,8,225,3,33.5,33.9,33.9,33.2,33.76666666666666,33.385714285714286,32.43571428571429,0.8,0.0,0.3,0.0,0.36666666666666786,0.4428571428571434,2.435714285714286
2017-08-14,33.7,24.9,29.2,9.0,16.3,75,8,226,3,32.1,33.5,33.9,32.9,33.16666666666666,33.22857142857143,32.4,3.2,0.8,0.0,1.1,1.3333333333333346,0.9000000000000006,2.6642857142857146
2017-08-15,36.1,27.1,31.2,0.0,8.9,64,8,227,3,29.2,32.1,33.5,33.0,31.59999999999999,32.699999999999996,32.29285714285714,9.0,3.2,0.8,0.5,4.333333333333335,2.0285714285714294,2.707142857142857
2017-08-16,38.0,27.1,32.6,0.0,8.1,56,8,228,3,31.2,29.2,32.1,33.3,30.833333333333325,32.442857142857136,32.42857142857143,0.0,9.0,3.2,0.4,4.066666666666667,1.9571428571428577,1.25
2017-08-17,40.5,28.4,33.9,0.0,10.8,50,8,229,3,32.6,31.2,29.2,33.9,30.99999999999999,32.34285714285714,32.6,0.0,0.0,9.0,0.3,3.0000000000000013,1.9000000000000006,1.1428571428571428
2017-08-18,40.3,28.9,34.3,0.0,10.0,49,8,230,3,33.9,32.6,31.2,33.9,32.566666666666656,32.34285714285714,32.778571428571425,0.0,0.0,0.0,0.0,0.0,1.8571428571428577,1.1357142857142857
2017-08-19,40.3,29.6,34.2,0.0,22.6,53,8,231,3,34.3,33.9,32.6,33.5,33.599999999999994,32.4,32.885714285714286,0.0,0.0,0.0,0.8,0.0,1.8571428571428577,1.1214285714285714
2017-08-20,37.6,27.4,31.7,0.5,18.5,65,8,232,3,34.2,34.3,33.9,32.1,34.133333333333326,32.5,32.94285714285714,0.0,0.0,0.0,3.2,0.0,1.7428571428571435,1.092857142857143
2017-08-21,37.0,27.6,32.1,0.0,12.3,62,8,233,3,31.7,34.2,34.3,29.2,33.399999999999984,32.44285714285714,32.83571428571428,0.5,0.0,0.0,9.0,0.16666666666666785,1.3571428571428577,1.1285714285714286
2017-08-22,38.5,28.8,33.1,0.0,14.5,60,8,234,3,32.1,31.7,34.2,31.2,32.666666666666664,32.857142857142854,32.778571428571425,0.0,0.5,0.0,0.0,0.16666666666666785,0.07142857142857194,1.05
2017-08-23,38.9,29.3,33.9,0.2,13.3,57,8,235,3,33.1,32.1,31.7,32.6,32.29999999999999,33.128571428571426,32.785714285714285,0.0,0.0,0.5,0.0,0.16666666666666785,0.07142857142857194,1.0142857142857142
2017-08-24,37.1,30.0,33.2,3.7,13.8,60,8,236,3,33.9,33.1,32.1,33.9,33.033333333333324,33.31428571428571,32.82857142857143,0.2,0.0,0.0,0.0,0.06666666666666786,0.1000000000000005,0.9999999999999999
2017-08-25,35.0,27.3,30.4,25.8,19.4,72,8,237,3,33.2,33.9,33.1,34.3,33.4,33.214285714285715,32.778571428571425,3.7,0.2,0.0,0.0,1.3000000000000014,0.6285714285714291,1.2428571428571427
2017-08-26,33.9,24.9,29.4,7.9,12.2,74,8,238,3,30.4,33.2,33.9,34.2,32.49999999999999,32.65714285714286,32.52857142857143,25.8,3.7,0.2,0.0,9.9,4.314285714285715,3.085714285714286
2017-08-27,35.7,27.3,31.1,0.0,13.3,65,8,239,3,29.4,30.4,33.2,31.7,30.99999999999999,31.971428571428568,32.23571428571428,7.9,25.8,3.7,0.5,12.466666666666669,5.442857142857144,3.592857142857143
2017-08-28,36.8,27.0,31.6,0.4,15.9,59,8,240,3,31.1,29.4,30.4,32.1,30.299999999999994,31.885714285714283,32.16428571428572,0.0,7.9,25.8,0.0,11.233333333333334,5.371428571428573,3.3642857142857143
2017-08-29,35.2,26.2,29.6,0.1,18.0,67,8,241,3,31.6,31.1,29.4,33.1,30.699999999999992,31.814285714285713,32.33571428571429,0.4,0.0,7.9,0.0,2.7666666666666693,5.42857142857143,2.75
2017-08-30,34.7,25.4,28.8,4.1,17.6,72,8,242,3,29.6,31.6,31.1,33.9,30.766666666666662,31.314285714285717,32.22142857142857,0.1,0.4,0.0,0.2,0.16666666666666904,5.442857142857144,2.757142857142857
2017-08-31,34.4,25.5,29.3,8.5,12.9,74,8,243,3,28.8,29.6,31.6,33.2,29.999999999999996,30.585714285714285,31.95,4.1,0.1,0.4,3.7,1.5333333333333357,6.0,3.0500000000000003
2017-09-01,33.9,25.5,28.8,0.7,14.6,76,9,244,4,29.3,28.8,29.6,30.4,29.23333333333333,30.02857142857143,31.62142857142857,8.5,4.1,0.1,25.8,4.233333333333335,6.685714285714288,3.6571428571428575
2017-09-02,32.3,25.6,27.9,1.2,13.0,80,9,245,4,28.8,29.3,28.8,29.4,28.966666666666658,29.800000000000004,31.22857142857143,0.7,8.5,4.1,7.9,4.433333333333335,3.1000000000000005,3.7071428571428577
2017-09-03,32.4,23.6,27.8,5.4,10.0,79,9,246,4,27.9,28.8,29.3,31.1,28.66666666666666,29.585714285714285,30.77857142857143,1.2,0.7,8.5,0.0,3.466666666666669,2.1428571428571432,3.792857142857143
2017-09-04,31.9,24.8,28.4,5.4,7.9,79,9,247,4,27.8,27.9,28.8,31.6,28.166666666666657,29.114285714285717,30.5,5.4,1.2,0.7,0.4,2.433333333333336,2.914285714285715,4.142857142857143
2017-09-05,33.0,25.6,28.5,2.5,13.2,80,9,248,4,28.4,27.8,27.9,29.6,28.033333333333328,28.657142857142855,30.235714285714288,5.4,5.4,1.2,0.1,4.000000000000003,3.6285714285714294,4.528571428571429
2017-09-06,32.7,26.2,28.9,1.9,7.5,77,9,249,4,28.5,28.4,27.8,28.8,28.233333333333324,28.5,29.907142857142855,2.5,5.4,5.4,4.1,4.433333333333336,3.971428571428572,4.707142857142857
2017-09-07,31.9,25.1,28.2,10.0,20.0,79,9,250,4,28.9,28.5,28.4,29.3,28.599999999999994,28.514285714285716,29.550000000000004,1.9,2.5,5.4,8.5,3.2666666666666693,3.6571428571428575,4.828571428571428
2017-09-08,34.1,25.1,29.5,0.0,7.4,72,9,251,4,28.2,28.9,28.5,28.8,28.533333333333328,28.357142857142858,29.192857142857143,10.0,1.9,2.5,0.7,4.8000000000000025,3.8714285714285714,5.278571428571429
2017-09-09,34.9,25.6,30.1,0.0,9.4,68,9,252,4,29.5,28.2,28.9,27.9,28.86666666666666,28.457142857142856,29.12857142857143,0.0,10.0,1.9,1.2,3.966666666666669,3.7714285714285722,3.435714285714286
2017-09-10,34.2,26.9,30.3,0.7,13.7,65,9,253,4,30.1,29.5,28.2,27.8,29.266666666666662,28.771428571428572,29.178571428571427,0.0,0.0,10.0,5.4,3.3333333333333357,3.6000000000000005,2.8714285714285714
2017-09-11,34.3,24.8,29.6,0.0,10.8,69,9,254,4,30.3,30.1,29.5,28.4,29.966666666666658,29.12857142857143,29.12142857142857,0.7,0.0,0.0,5.4,0.2333333333333357,2.9285714285714297,2.9214285714285717
2017-09-12,33.2,26.0,29.7,0.0,8.7,68,9,255,4,29.6,30.3,30.1,28.5,29.99999999999999,29.3,28.97857142857143,0.0,0.7,0.0,2.5,0.2333333333333357,2.1571428571428575,2.8928571428571432
2017-09-13,33.7,22.6,28.9,7.4,19.5,73,9,256,4,29.7,29.6,30.3,28.9,29.86666666666666,29.471428571428568,28.985714285714288,0.0,0.0,0.7,1.9,0.2333333333333357,1.8000000000000005,2.885714285714286
2017-09-14,33.8,23.6,28.5,0.0,10.8,68,9,257,4,28.9,29.7,29.6,28.2,29.39999999999999,29.471428571428568,28.99285714285714,7.4,0.0,0.0,10.0,2.466666666666669,2.5857142857142863,3.1214285714285714
2017-09-15,35.1,24.0,29.0,0.0,11.5,58,9,258,4,28.5,28.9,29.7,29.5,29.033333333333328,29.514285714285712,28.935714285714283,0.0,7.4,0.0,0.0,2.466666666666669,1.157142857142858,2.5142857142857147
2017-09-16,36.1,24.3,29.3,0.0,9.4,55,9,259,4,29.0,28.5,28.9,30.1,28.799999999999994,29.442857142857143,28.949999999999996,0.0,0.0,7.4,0.0,2.466666666666669,1.157142857142858,2.4642857142857144
2017-09-17,36.7,22.9,29.3,0.0,8.4,49,9,260,4,29.3,29.0,28.5,30.3,28.933333333333326,29.32857142857143,29.05,0.0,0.0,0.0,0.7,0.0,1.157142857142858,2.378571428571429
2017-09-18,37.6,24.1,30.7,0.0,12.9,45,9,261,4,29.3,29.3,29.0,29.6,29.199999999999992,29.185714285714283,29.157142857142855,0.0,0.0,0.0,0.0,0.0,1.0571428571428576,1.992857142857143
2017-09-19,37.7,25.2,31.0,0.0,9.6,46,9,262,4,30.7,29.3,29.3,29.7,29.766666666666662,29.342857142857145,29.321428571428573,0.0,0.0,0.0,0.0,0.0,1.0571428571428576,1.6071428571428572
2017-09-20,37.4,24.5,30.8,0.0,11.0,40,9,263,4,31.0,30.7,29.3,28.9,30.333333333333325,29.528571428571432,29.5,0.0,0.0,0.0,7.4,0.0,1.0571428571428576,1.4285714285714286
2017-09-21,36.9,23.5,29.9,0.0,11.3,41,9,264,4,30.8,31.0,30.7,28.5,30.83333333333333,29.8,29.63571428571429,0.0,0.0,0.0,0.0,0.0,0.0,1.292857142857143
2017-09-22,35.9,24.2,29.8,0.0,10.0,51,9,265,4,29.9,30.8,31.0,29.0,30.56666666666666,30.0,29.757142857142856,0.0,0.0,0.0,0.0,0.0,0.0,0.5785714285714286
2017-09-23,35.7,24.4,29.5,0.0,11.8,58,9,266,4,29.8,29.9,30.8,29.3,30.166666666666657,30.114285714285717,29.77857142857143,0.0,0.0,0.0,0.0,0.0,0.0,0.5785714285714286
2017-09-24,35.9,25.0,29.9,0.0,13.6,59,9,267,4,29.5,29.8,29.9,29.3,29.73333333333333,30.142857142857142,29.735714285714288,0.0,0.0,0.0,0.0,0.0,0.0,0.5785714285714286
2017-09-25,35.1,25.1,30.0,0.0,8.9,59,9,268,4,29.9,29.5,29.8,30.7,29.733333333333324,30.22857142857143,29.707142857142856,0.0,0.0,0.0,0.0,0.0,0.0,0.5285714285714286
2017-09-26,36.0,25.0,30.3,0.0,7.8,53,9,269,4,30.0,29.9,29.5,31.0,29.799999999999994,30.128571428571426,29.735714285714284,0.0,0.0,0.0,0.0,0.0,0.0,0.5285714285714286
2017-09-27,36.6,24.5,30.3,0.0,9.5,49,9,270,4,30.3,30.0,29.9,30.8,30.06666666666666,30.02857142857143,29.77857142857143,0.0,0.0,0.0,0.0,0.0,0.0,0.5285714285714286
2017-09-28,36.5,23.6,29.9,0.0,10.6,51,9,271,4,30.3,30.3,30.0,29.9,30.199999999999992,29.95714285714286,29.87857142857143,0.0,0.0,0.0,0.0,0.0,0.0,0.0
2017-09-29,36.9,23.4,29.5,0.0,9.6,49,9,272,4,29.9,30.3,30.3,29.8,30.166666666666657,29.957142857142856,29.97857142857143,0.0,0.0,0.0,0.0,0.0,0.0,0.0
2017-09-30,37.1,22.6,28.9,0.0,10.7,49,9,273,4,29.5,29.9,30.3,29.5,29.899999999999995,29.91428571428571,30.014285714285716,0.0,0.0,0.0,0.0,0.0,0.0,0.0
2017-10-01,36.6,23.0,28.8,0.0,12.8,49,10,274,4,28.9,29.5,29.9,29.9,29.433333333333326,29.828571428571426,29.985714285714288,0.0,0.0,0.0,0.0,0.0,0.0,0.0
2017-10-02,35.7,22.1,29.0,0.0,10.5,49,10,275,4,28.8,28.9,29.5,30.0,29.06666666666666,29.67142857142857,29.95,0.0,0.0,0.0,0.0,0.0,0.0,0.0
2017-10-03,36.2,22.6,28.8,0.0,10.5,52,10,276,4,29.0,28.8,28.9,30.3,28.89999999999999,29.52857142857143,29.82857142857143,0.0,0.0,0.0,0.0,0.0,0.0,0.0
2017-10-04,37.2,23.1,29.2,0.0,14.7,49,10,277,4,28.8,29.0,28.8,30.3,28.86666666666666,29.314285714285713,29.67142857142857,0.0,0.0,0.0,0.0,0.0,0.0,0.0
2017-10-05,36.1,22.5,28.8,0.0,10.2,48,10,278,4,29.2,28.8,29.0,29.9,28.999999999999996,29.157142857142855,29.557142857142857,0.0,0.0,0.0,0.0,0.0,0.0,0.0
2017-10-06,35.3,21.7,28.7,0.0,10.7,47,10,279,4,28.8,29.2,28.8,29.5,28.933333333333326,29.0,29.47857142857143,0.0,0.0,0.0,0.0,0.0,0.0,0.0
2017-10-07,35.8,23.4,29.1,0.0,9.8,49,10,280,4,28.7,28.8,29.2,28.9,28.89999999999999,28.885714285714283,29.400000000000002,0.0,0.0,0.0,0.0,0.0,0.0,0.0
2017-10-08,35.9,23.8,28.9,0.0,12.7,47,10,281,4,29.1,28.7,28.8,28.8,28.86666666666666,28.914285714285715,29.37142857142857,0.0,0.0,0.0,0.0,0.0,0.0,0.0
2017-10-09,35.7,23.0,28.3,0.6,15.0,50,10,282,4,28.9,29.1,28.7,29.0,28.89999999999999,28.928571428571427,29.3,0.0,0.0,0.0,0.0,0.0,0.0,0.0
2017-10-10,35.0,21.8,27.5,0.0,10.5,57,10,283,4,28.3,28.9,29.1,28.8,28.766666666666662,28.82857142857143,29.178571428571427,0.6,0.0,0.0,0.0,0.20000000000000237,0.08571428571428621,0.04285714285714286
2017-10-11,34.8,22.0,28.2,0.5,10.7,48,10,284,4,27.5,28.3,28.9,29.2,28.23333333333333,28.642857142857142,28.97857142857143,0.0,0.6,0.0,0.0,0.20000000000000237,0.08571428571428621,0.04285714285714286
2017-10-12,34.5,21.8,27.7,0.0,9.7,49,10,285,4,28.2,27.5,28.3,28.8,27.99999999999999,28.5,28.82857142857143,0.5,0.0,0.6,0.0,0.3666666666666691,0.15714285714285767,0.07857142857142858
2017-10-13,34.7,21.7,27.7,0.0,13.7,48,10,286,4,27.7,28.2,27.5,28.7,27.799999999999994,28.342857142857138,28.671428571428574,0.0,0.5,0.0,0.0,0.16666666666666904,0.15714285714285767,0.07857142857142858
2017-10-14,34.8,21.3,27.6,0.0,10.2,50,10,287,4,27.7,27.7,28.2,29.1,27.86666666666666,28.2,28.54285714285714,0.0,0.0,0.5,0.0,0.16666666666666904,0.15714285714285767,0.07857142857142858
2017-10-15,35.2,22.1,27.9,0.0,13.4,47,10,288,4,27.6,27.7,27.7,28.9,27.666666666666657,27.985714285714288,28.45,0.0,0.0,0.0,0.0,0.0,0.15714285714285767,0.07857142857142858
2017-10-16,34.3,21.2,27.5,0.0,9.4,45,10,289,4,27.9,27.6,27.7,28.3,27.733333333333324,27.842857142857145,28.385714285714283,0.0,0.0,0.0,0.6,0.0,0.15714285714285767,0.07857142857142858
2017-10-17,34.2,20.6,27.3,0.0,10.6,47,10,290,4,27.5,27.9,27.6,27.5,27.666666666666657,27.72857142857143,28.27857142857143,0.0,0.0,0.0,0.0,0.0,0.07142857142857194,0.07857142857142858
2017-10-18,34.1,20.1,26.7,0.0,10.2,48,10,291,4,27.3,27.5,27.9,28.2,27.566666666666663,27.7,28.171428571428574,0.0,0.0,0.0,0.5,0.0,0.07142857142857194,0.07857142857142858
2017-10-19,34.1,20.4,26.7,0.0,10.5,48,10,292,4,26.7,27.3,27.5,27.7,27.166666666666657,27.485714285714288,27.99285714285714,0.0,0.0,0.0,0.0,0.0,0.0,0.07857142857142858
2017-10-20,33.5,20.0,26.4,0.0,10.2,52,10,293,4,26.7,26.7,27.3,27.7,26.89999999999999,27.342857142857145,27.842857142857145,0.0,0.0,0.0,0.0,0.0,0.0,0.07857142857142858
2017-10-21,33.6,20.0,26.2,0.0,9.7,52,10,294,4,26.4,26.7,26.7,27.6,26.599999999999994,27.157142857142855,27.678571428571427,0.0,0.0,0.0,0.0,0.0,0.0,0.07857142857142858
2017-10-22,32.9,19.3,25.3,0.0,24.1,48,10,295,4,26.2,26.4,26.7,27.9,26.433333333333323,26.957142857142856,27.47142857142857,0.0,0.0,0.0,0.0,0.0,0.0,0.07857142857142858
2017-10-23,32.9,17.7,24.6,0.0,9.8,50,10,296,4,25.3,26.2,26.4,27.5,25.966666666666658,26.585714285714285,27.214285714285715,0.0,0.0,0.0,0.0,0.0,0.0,0.07857142857142858
2017-10-24,32.6,18.5,24.8,0.0,12.0,51,10,297,4,24.6,25.3,26.2,27.3,25.36666666666666,26.17142857142857,26.95,0.0,0.0,0.0,0.0,0.0,0.0,0.03571428571428571
2017-10-25,32.7,18.6,24.5,0.0,11.3,51,10,298,4,24.8,24.6,25.3,26.7,24.89999999999999,25.814285714285717,26.757142857142856,0.0,0.0,0.0,0.0,0.0,0.0,0.03571428571428571
2017-10-26,32.3,17.6,24.8,0.0,14.1,47,10,299,4,24.5,24.8,24.6,26.7,24.633333333333326,25.5,26.49285714285714,0.0,0.0,0.0,0.0,0.0,0.0,0.0
2017-10-27,31.6,18.4,24.0,0.0,12.6,47,10,300,4,24.8,24.5,24.8,26.4,24.699999999999992,25.228571428571428,26.285714285714285,0.0,0.0,0.0,0.0,0.0,0.0,0.0
2017-10-28,30.8,16.5,23.3,0.0,10.8,51,10,301,4,24.0,24.8,24.5,26.2,24.433333333333326,24.885714285714283,26.021428571428572,0.0,0.0,0.0,0.0,0.0,0.0,0.0
2017-10-29,30.7,17.1,23.4,0.0,11.5,55,10,302,4,23.3,24.0,24.8,25.3,24.033333333333328,24.47142857142857,25.714285714285715,0.0,0.0,0.0,0.0,0.0,0.0,0.0
2017-10-30,30.1,17.0,23.2,0.0,10.0,61,10,303,4,23.4,23.3,24.0,24.6,23.56666666666666,24.2,25.392857142857142,0.0,0.0,0.0,0.0,0.0,0.0,0.0
2017-10-31,29.6,17.2,22.9,0.0,8.1,64,10,304,4,23.2,23.4,23.3,24.8,23.299999999999994,24.0,25.085714285714285,0.0,0.0,0.0,0.0,0.0,0.0,0.0
2017-11-01,29.6,18.1,22.9,0.0,9.1,68,11,305,4,22.9,23.2,23.4,24.5,23.166666666666657,23.728571428571428,24.771428571428572,0.0,0.0,0.0,0.0,0.0,0.0,0.0
2017-11-02,28.8,17.1,23.2,0.0,8.2,66,11,306,4,22.9,22.9,23.2,24.8,22.99999999999999,23.5,24.5,0.0,0.0,0.0,0.0,0.0,0.0,0.0
2017-11-03,28.4,16.8,22.8,0.0,9.0,69,11,307,4,23.2,22.9,22.9,24.0,22.99999999999999,23.271428571428572,24.25,0.0,0.0,0.0,0.0,0.0,0.0,0.0
2017-11-04,28.1,16.7,22.4,0.0,7.2,73,11,308,4,22.8,23.2,22.9,23.3,22.966666666666658,23.099999999999998,23.99285714285714,0.0,0.0,0.0,0.0,0.0,0.0,0.0
2017-11-05,28.3,16.7,22.1,0.0,9.0,78,11,309,4,22.4,22.8,23.2,23.4,22.799999999999994,22.971428571428568,23.721428571428568,0.0,0.0,0.0,0.0,0.0,0.0,0.0
2017-11-06,28.0,16.3,21.9,0.0,8.9,78,11,310,4,22.1,22.4,22.8,23.2,22.433333333333326,22.785714285714285,23.49285714285714,0.0,0.0,0.0,0.0,0.0,0.0,0.0
2017-11-07,27.3,17.8,22.0,0.0,8.8,77,11,311,4,21.9,22.1,22.4,22.9,22.133333333333326,22.599999999999998,23.3,0.0,0.0,0.0,0.0,0.0,0.0,0.0
2017-11-08,27.1,15.6,21.2,0.0,8.7,78,11,312,4,22.0,21.9,22.1,22.9,21.99999999999999,22.471428571428568,23.099999999999998,0.0,0.0,0.0,0.0,0.0,0.0,0.0
2017-11-09,26.7,14.9,20.6,0.0,8.6,80,11,313,4,21.2,22.0,21.9,23.2,21.699999999999992,22.228571428571428,22.864285714285717,0.0,0.0,0.0,0.0,0.0,0.0,0.0
2017-11-10,26.1,14.4,20.1,0.0,8.9,82,11,314,4,20.6,21.2,22.0,22.8,21.266666666666662,21.857142857142858,22.564285714285713,0.0,0.0,0.0,0.0,0.0,0.0,0.0
2017-11-11,26.0,16.2,20.4,0.0,9.0,81,11,315,4,20.1,20.6,21.2,22.4,20.633333333333326,21.471428571428568,22.285714285714285,0.0,0.0,0.0,0.0,0.0,0.0,0.0
2017-11-12,25.6,13.6,19.5,0.0,10.2,80,11,316,4,20.4,20.1,20.6,22.1,20.36666666666666,21.185714285714287,22.078571428571426,0.0,0.0,0.0,0.0,0.0,0.0,0.0
2017-11-13,24.6,15.3,19.5,0.0,7.9,79,11,317,4,19.5,20.4,20.1,21.9,19.999999999999996,20.814285714285713,21.8,0.0,0.0,0.0,0.0,0.0,0.0,0.0
2017-11-14,20.4,14.1,16.4,7.4,19.2,89,11,318,4,19.5,19.5,20.4,22.0,19.799999999999994,20.471428571428568,21.535714285714285,0.0,0.0,0.0,0.0,0.0,0.0,0.0
2017-11-15,21.2,13.0,15.9,3.5,14.9,87,11,319,4,16.4,19.5,19.5,21.2,18.466666666666658,19.67142857142857,21.071428571428573,7.4,0.0,0.0,0.0,2.466666666666669,1.0571428571428576,0.5285714285714286
2017-11-16,22.0,12.3,16.2,0.0,10.0,78,11,320,4,15.9,16.4,19.5,20.6,17.266666666666662,18.914285714285715,20.571428571428573,3.5,7.4,0.0,0.0,3.633333333333336,1.5571428571428576,0.7785714285714286
2017-11-17,21.9,10.8,15.6,0.0,9.3,75,11,321,4,16.2,15.9,16.4,20.1,16.16666666666666,18.285714285714285,20.071428571428573,0.0,3.5,7.4,0.0,3.633333333333336,1.5571428571428576,0.7785714285714286
2017-11-18,22.2,10.6,15.6,0.0,9.4,69,11,322,4,15.6,16.2,15.9,20.4,15.899999999999993,17.642857142857142,19.557142857142857,0.0,0.0,3.5,0.0,1.166666666666669,1.5571428571428576,0.7785714285714286
2017-11-19,22.9,10.1,15.5,0.0,10.1,67,11,323,4,15.6,15.6,16.2,19.5,15.799999999999992,16.957142857142856,19.071428571428573,0.0,0.0,0.0,0.0,0.0,1.5571428571428576,0.7785714285714286
2017-11-20,23.1,9.7,15.5,0.0,11.3,66,11,324,4,15.5,15.6,15.6,19.5,15.566666666666658,16.385714285714283,18.599999999999998,0.0,0.0,0.0,0.0,0.0,1.5571428571428576,0.7785714285714286
2017-11-21,23.9,10.5,15.9,0.0,12.1,60,11,325,4,15.5,15.5,15.6,16.4,15.533333333333326,15.814285714285713,18.142857142857142,0.0,0.0,0.0,7.4,0.0,1.5571428571428576,0.7785714285714286
2017-11-22,23.4,9.9,15.5,0.0,10.4,58,11,326,4,15.9,15.5,15.5,15.9,15.633333333333326,15.742857142857144,17.707142857142856,0.0,0.0,0.0,3.5,0.0,0.5000000000000006,0.7785714285714286
2017-11-23,23.7,11.0,16.1,0.0,10.1,59,11,327,4,15.5,15.9,15.5,16.2,15.633333333333326,15.685714285714285,17.3,0.0,0.0,0.0,0.0,0.0,0.0,0.7785714285714286
2017-11-24,23.7,10.0,16.6,0.0,10.5,63,11,328,4,16.1,15.5,15.9,15.6,15.833333333333327,15.671428571428569,16.97857142857143,0.0,0.0,0.0,0.0,0.0,0.0,0.7785714285714286
2017-11-25,23.6,10.9,16.6,0.0,10.2,65,11,329,4,16.6,16.1,15.5,15.6,16.06666666666666,15.814285714285715,16.728571428571428,0.0,0.0,0.0,0.0,0.0,0.0,0.7785714285714286
2017-11-26,23.5,9.5,16.6,0.0,10.3,66,11,330,4,16.6,16.6,16.1,15.5,16.433333333333326,15.957142857142859,16.45714285714286,0.0,0.0,0.0,0.0,0.0,0.0,0.7785714285714286
2017-11-27,24.6,9.7,16.0,0.0,11.6,68,11,331,4,16.6,16.6,16.6,15.5,16.6,16.114285714285717,16.25,0.0,0.0,0.0,0.0,0.0,0.0,0.7785714285714286
2017-11-28,23.5,10.9,16.0,0.0,10.5,62,11,332,4,16.0,16.6,16.6,15.9,16.399999999999995,16.185714285714287,16.0,0.0,0.0,0.0,0.0,0.0,0.0,0.7785714285714286
2017-11-29,24.0,9.7,15.7,0.0,9.8,71,11,333,4,16.0,16.0,16.6,15.5,16.199999999999992,16.2,15.971428571428573,0.0,0.0,0.0,0.0,0.0,0.0,0.25
2017-11-30,24.4,9.6,16.0,0.0,10.4,64,11,334,4,15.7,16.0,16.0,16.1,15.899999999999991,16.22857142857143,15.957142857142857,0.0,0.0,0.0,0.0,0.0,0.0,0.0
2017-12-01,24.4,10.1,16.6,0.0,9.5,58,12,335,1,16.0,15.7,16.0,16.6,15.899999999999991,16.214285714285715,15.942857142857145,0.0,0.0,0.0,0.0,0.0,0.0,0.0
2017-12-02,23.4,10.7,17.6,0.0,6.9,55,12,336,1,16.6,16.0,15.7,16.6,16.099999999999994,16.214285714285715,16.014285714285716,0.0,0.0,0.0,0.0,0.0,0.0,0.0
2017-12-03,22.9,9.1,16.7,0.0,7.3,60,12,337,1,17.6,16.6,16.0,16.6,16.733333333333324,16.357142857142858,16.157142857142855,0.0,0.0,0.0,0.0,0.0,0.0,0.0
2017-12-04,22.0,9.2,14.9,0.0,10.3,63,12,338,1,16.7,17.6,16.6,16.0,16.966666666666658,16.37142857142857,16.242857142857144,0.0,0.0,0.0,0.0,0.0,0.0,0.0
2017-12-05,21.4,8.2,14.1,0.0,13.5,35,12,339,1,14.9,16.7,17.6,16.0,16.399999999999995,16.214285714285715,16.2,0.0,0.0,0.0,0.0,0.0,0.0,0.0
2017-12-06,20.8,5.2,12.3,0.0,10.9,52,12,340,1,14.1,14.9,16.7,15.7,15.233333333333325,15.942857142857141,16.071428571428573,0.0,0.0,0.0,0.0,0.0,0.0,0.0
2017-12-07,22.6,6.0,13.2,0.0,11.2,51,12,341,1,12.3,14.1,14.9,16.0,13.76666666666666,15.457142857142857,15.842857142857143,0.0,0.0,0.0,0.0,0.0,0.0,0.0
2017-12-08,24.6,8.4,14.8,0.0,11.3,55,12,342,1,13.2,12.3,14.1,16.6,13.199999999999994,15.057142857142859,15.635714285714286,0.0,0.0,0.0,0.0,0.0,0.0,0.0
2017-12-09,23.2,8.8,14.6,0.0,11.3,52,12,343,1,14.8,13.2,12.3,17.6,13.433333333333328,14.8,15.507142857142856,0.0,0.0,0.0,0.0,0.0,0.0,0.0
2017-12-10,22.9,8.4,14.9,0.7,9.6,61,12,344,1,14.6,14.8,13.2,16.7,14.199999999999994,14.37142857142857,15.364285714285716,0.0,0.0,0.0,0.0,0.0,0.0,0.0
2017-12-11,14.8,11.7,13.4,2.1,11.2,79,12,345,1,14.9,14.6,14.8,14.9,14.76666666666666,14.114285714285716,15.242857142857142,0.7,0.0,0.0,0.0,0.2333333333333357,0.1000000000000005,0.049999999999999996
2017-12-12,18.2,8.0,12.7,0.0,9.8,76,12,346,1,13.4,14.9,14.6,14.1,14.299999999999992,13.9,15.057142857142855,2.1,0.7,0.0,0.0,0.9333333333333357,0.40000000000000047,0.19999999999999998
2017-12-13,17.9,8.2,12.1,0.1,8.4,80,12,347,1,12.7,13.4,14.9,12.3,13.666666666666659,13.7,14.821428571428573,0.0,2.1,0.7,0.0,0.9333333333333358,0.4000000000000005,0.2
2017-12-14,17.9,7.7,11.6,0.0,8.7,79,12,348,1,12.1,12.7,13.4,13.2,12.733333333333325,13.671428571428569,14.564285714285715,0.1,0.0,2.1,0.0,0.733333333333336,0.41428571428571487,0.20714285714285716
2017-12-15,18.1,6.1,11.2,0.0,11.0,73,12,349,1,11.6,12.1,12.7,14.8,12.133333333333326,13.442857142857145,14.25,0.0,0.1,0.0,0.0,0.033333333333335706,0.41428571428571487,0.20714285714285716
2017-12-16,19.5,6.2,11.7,0.0,11.2,58,12,350,1,11.2,11.6,12.1,14.6,11.633333333333326,12.928571428571429,13.864285714285714,0.0,0.0,0.1,0.0,0.033333333333335706,0.41428571428571487,0.20714285714285716
2017-12-17,21.4,6.1,12.6,0.0,10.4,50,12,351,1,11.7,11.2,11.6,14.9,11.499999999999993,12.514285714285714,13.442857142857145,0.0,0.0,0.0,0.7,0.0,0.41428571428571487,0.20714285714285716
2017-12-18,23.2,6.2,13.8,0.0,10.7,49,12,352,1,12.6,11.7,11.2,13.4,11.833333333333323,12.185714285714285,13.15,0.0,0.0,0.0,2.1,0.0,0.31428571428571483,0.20714285714285716
2017-12-19,23.9,7.8,14.6,0.0,10.0,57,12,353,1,13.8,12.6,11.7,12.7,12.699999999999994,12.242857142857144,13.071428571428571,0.0,0.0,0.0,0.0,0.0,0.014285714285714858,0.20714285714285716
2017-12-20,24.0,9.6,16.0,0.0,10.7,57,12,354,1,14.6,13.8,12.6,12.1,13.666666666666659,12.514285714285714,13.107142857142858,0.0,0.0,0.0,0.1,0.0,0.014285714285714858,0.20714285714285716
2017-12-21,23.7,9.4,15.5,0.0,10.8,68,12,355,1,16.0,14.6,13.8,11.6,14.799999999999992,13.071428571428571,13.371428571428572,0.0,0.0,0.0,0.0,0.0,0.0,0.20714285714285716
2017-12-22,24.5,10.6,16.0,0.0,13.1,62,12,356,1,15.5,16.0,14.6,11.2,15.36666666666666,13.62857142857143,13.535714285714286,0.0,0.0,0.0,0.0,0.0,0.0,0.20714285714285716
2017-12-23,22.6,9.0,15.0,0.0,11.5,56,12,357,1,16.0,15.5,16.0,11.7,15.833333333333327,14.314285714285713,13.621428571428572,0.0,0.0,0.0,0.0,0.0,0.0,0.20714285714285716
2017-12-24,22.3,9.3,15.1,0.0,9.9,63,12,358,1,15.0,16.0,15.5,12.6,15.499999999999993,14.785714285714286,13.65,0.0,0.0,0.0,0.0,0.0,0.0,0.20714285714285716
2017-12-25,23.6,8.4,14.6,0.0,10.8,64,12,359,1,15.1,15.0,16.0,13.8,15.36666666666666,15.142857142857142,13.664285714285715,0.0,0.0,0.0,0.0,0.0,0.0,0.15714285714285717
2017-12-26,23.7,8.1,15.8,0.0,10.0,57,12,360,1,14.6,15.1,15.0,14.6,14.899999999999991,15.257142857142856,13.75,0.0,0.0,0.0,0.0,0.0,0.0,0.007142857142857175
2017-12-27,22.1,10.5,16.2,0.0,8.7,62,12,361,1,15.8,14.6,15.1,16.0,15.166666666666659,15.428571428571429,13.971428571428572,0.0,0.0,0.0,0.0,0.0,0.0,0.007142857142857175
2017-12-28,22.7,8.8,14.2,0.0,11.1,66,12,362,1,16.2,15.8,14.6,15.5,15.533333333333326,15.457142857142857,14.264285714285714,0.0,0.0,0.0,0.0,0.0,0.0,0.0
2017-12-29,22.3,6.4,13.4,0.0,10.9,58,12,363,1,14.2,16.2,15.8,16.0,15.399999999999991,15.27142857142857,14.45,0.0,0.0,0.0,0.0,0.0,0.0,0.0
2017-12-30,22.0,7.2,14.3,0.0,9.8,51,12,364,1,13.4,14.2,16.2,15.0,14.599999999999993,14.900000000000002,14.607142857142858,0.0,0.0,0.0,0.0,0.0,0.0,0.0
2017-12-31,21.3,10.2,14.2,0.0,10.5,51,12,365,1,14.3,13.4,14.2,15.1,13.96666666666666,14.8,14.792857142857143,0.0,0.0,0.0,0.0,0.0,0.0,0.0
2018-01-01,21.2,6.8,13.4,0.0,10.7,57,1,1,1,14.2,14.3,13.4,14.6,13.96666666666666,14.671428571428573,14.907142857142857,0.0,0.0,0.0,0.0,0.0,0.0,0.0
2018-01-02,21.0,4.7,13.2,0.0,8.7,54,1,2,1,13.4,14.2,14.3,15.8,13.96666666666666,14.5,14.878571428571428,0.0,0.0,0.0,0.0,0.0,0.0,0.0
2018-01-03,20.5,5.1,12.3,0.0,9.4,64,1,3,1,13.2,13.4,14.2,16.2,13.599999999999989,14.128571428571428,14.778571428571427,0.0,0.0,0.0,0.0,0.0,0.0,0.0
2018-01-04,20.0,6.3,11.9,1.0,11.7,73,1,4,1,12.3,13.2,13.4,14.2,12.96666666666666,13.571428571428571,14.514285714285714,0.0,0.0,0.0,0.0,0.0,0.0,0.0
2018-01-05,18.9,5.5,11.3,0.0,9.4,77,1,5,1,11.9,12.3,13.2,13.4,12.46666666666666,13.242857142857144,14.257142857142856,1.0,0.0,0.0,0.0,0.3333333333333357,0.14285714285714343,0.07142857142857147
2018-01-06,19.2,6.1,11.5,0.0,9.9,70,1,6,1,11.3,11.9,12.3,14.3,11.833333333333327,12.942857142857141,13.921428571428569,0.0,1.0,0.0,0.0,0.3333333333333357,0.14285714285714343,0.07142857142857147
2018-01-07,19.7,4.8,11.4,0.0,11.2,65,1,7,1,11.5,11.3,11.9,14.2,11.566666666666658,12.542857142857143,13.671428571428569,0.0,0.0,1.0,0.0,0.3333333333333357,0.14285714285714343,0.07142857142857147
2018-01-08,20.4,5.6,12.0,0.0,10.9,62,1,8,1,11.4,11.5,11.3,13.4,11.399999999999991,12.142857142857142,13.407142857142857,0.0,0.0,0.0,0.0,0.0,0.14285714285714343,0.07142857142857147
2018-01-09,21.2,6.0,12.6,0.0,11.2,63,1,9,1,12.0,11.4,11.5,13.2,11.633333333333326,11.942857142857145,13.221428571428572,0.0,0.0,0.0,0.0,0.0,0.14285714285714343,0.07142857142857147
2018-01-10,22.3,6.9,13.5,0.0,13.1,59,1,10,1,12.6,12.0,11.4,12.3,11.999999999999991,11.857142857142858,12.992857142857142,0.0,0.0,0.0,0.0,0.0,0.14285714285714343,0.07142857142857147
2018-01-11,23.5,6.7,14.5,0.0,11.3,49,1,11,1,13.5,12.6,12.0,11.9,12.69999999999999,12.028571428571428,12.799999999999999,0.0,0.0,0.0,1.0,0.0,0.14285714285714343,0.07142857142857147
2018-01-12,23.3,9.2,15.3,0.0,10.0,57,1,12,1,14.5,13.5,12.6,11.3,13.533333333333324,12.4,12.821428571428571,0.0,0.0,0.0,0.0,0.0,0.0,0.07142857142857147
2018-01-13,22.9,7.1,15.7,0.0,8.0,51,1,13,1,15.3,14.5,13.5,11.5,14.433333333333325,12.971428571428572,12.957142857142857,0.0,0.0,0.0,0.0,0.0,0.0,0.07142857142857147
2018-01-14,23.1,8.0,15.2,0.0,11.4,53,1,14,1,15.7,15.3,14.5,11.4,15.166666666666657,13.571428571428571,13.057142857142855,0.0,0.0,0.0,0.0,0.0,0.0,0.07142857142857147
2018-01-15,24.3,5.9,14.1,0.0,11.7,59,1,15,1,15.2,15.7,15.3,12.0,15.399999999999991,14.114285714285714,13.12857142857143,0.0,0.0,0.0,0.0,0.0,0.0,0.07142857142857147
2018-01-16,22.9,8.2,15.0,0.0,11.5,48,1,16,1,14.1,15.2,15.7,12.6,14.999999999999991,14.414285714285713,13.178571428571429,0.0,0.0,0.0,0.0,0.0,0.0,0.07142857142857147
2018-01-17,22.6,9.5,14.9,0.0,13.8,48,1,17,1,15.0,14.1,15.2,13.5,14.766666666666657,14.757142857142856,13.307142857142859,0.0,0.0,0.0,0.0,0.0,0.0,0.07142857142857147
2018-01-18,23.1,9.2,14.6,0.0,10.8,61,1,18,1,14.9,15.0,14.1,14.5,14.666666666666659,14.957142857142857,13.492857142857144,0.0,0.0,0.0,0.0,0.0,0.0,0.07142857142857147
2018-01-19,23.2,7.1,14.0,0.0,10.1,52,1,19,1,14.6,14.9,15.0,15.3,14.833333333333323,14.971428571428572,13.685714285714285,0.0,0.0,0.0,0.0,0.0,0.0,0.0
2018-01-20,25.1,7.2,14.9,0.0,13.4,41,1,20,1,14.0,14.6,14.9,15.7,14.499999999999991,14.785714285714286,13.87857142857143,0.0,0.0,0.0,0.0,0.0,0.0,0.0
2018-01-21,23.8,7.4,14.4,0.0,11.2,47,1,21,1,14.9,14.0,14.6,15.2,14.499999999999993,14.671428571428573,14.121428571428572,0.0,0.0,0.0,0.0,0.0,0.0,0.0
2018-01-22,22.8,6.7,14.0,0.0,11.6,47,1,22,1,14.4,14.9,14.0,14.1,14.433333333333325,14.557142857142859,14.335714285714287,0.0,0.0,0.0,0.0,0.0,0.0,0.0
2018-01-23,19.1,8.3,12.0,0.0,23.0,71,1,23,1,14.0,14.4,14.9,15.0,14.433333333333325,14.542857142857144,14.47857142857143,0.0,0.0,0.0,0.0,0.0,0.0,0.0
2018-01-24,19.8,5.3,11.4,0.0,10.3,76,1,24,1,12.0,14.0,14.4,14.9,13.46666666666666,14.114285714285716,14.435714285714287,0.0,0.0,0.0,0.0,0.0,0.0,0.0
2018-01-25,20.6,6.9,12.9,0.0,13.7,71,1,25,1,11.4,12.0,14.0,14.6,12.46666666666666,13.614285714285714,14.285714285714286,0.0,0.0,0.0,0.0,0.0,0.0,0.0
2018-01-26,21.4,6.5,13.7,0.0,8.9,67,1,26,1,12.9,11.4,12.0,14.0,12.099999999999993,13.371428571428572,14.171428571428573,0.0,0.0,0.0,0.0,0.0,0.0,0.0
2018-01-27,21.0,7.4,13.8,0.0,9.7,67,1,27,1,13.7,12.9,11.4,14.9,12.666666666666657,13.328571428571431,14.057142857142859,0.0,0.0,0.0,0.0,0.0,0.0,0.0
2018-01-28,21.0,6.6,13.5,0.0,9.2,71,1,28,1,13.8,13.7,12.9,14.4,13.46666666666666,13.171428571428573,13.921428571428573,0.0,0.0,0.0,0.0,0.0,0.0,0.0
2018-01-29,21.7,7.1,14.4,0.0,8.7,71,1,29,1,13.5,13.8,13.7,14.0,13.666666666666657,13.042857142857144,13.799999999999999,0.0,0.0,0.0,0.0,0.0,0.0,0.0
2018-01-30,23.4,8.8,15.3,0.0,13.1,69,1,30,1,14.4,13.5,13.8,12.0,13.899999999999991,13.1,13.821428571428571,0.0,0.0,0.0,0.0,0.0,0.0,0.0
2018-01-31,23.9,9.0,16.2,0.0,11.2,57,1,31,1,15.3,14.4,13.5,11.4,14.399999999999991,13.571428571428571,13.842857142857143,0.0,0.0,0.0,0.0,0.0,0.0,0.0
2018-02-01,23.4,11.8,16.8,0.0,11.7,53,2,32,1,16.2,15.3,14.4,12.9,15.299999999999992,14.257142857142858,13.935714285714285,0.0,0.0,0.0,0.0,0.0,0.0,0.0
2018-02-02,22.7,7.8,15.0,0.0,11.8,47,2,33,1,16.8,16.2,15.3,13.7,16.099999999999994,14.814285714285715,14.092857142857143,0.0,0.0,0.0,0.0,0.0,0.0,0.0
2018-02-03,23.7,7.6,15.2,0.0,11.3,43,2,34,1,15.0,16.8,16.2,13.8,15.999999999999991,15.0,14.164285714285715,0.0,0.0,0.0,0.0,0.0,0.0,0.0
2018-02-04,23.7,8.1,15.2,0.0,13.2,32,2,35,1,15.2,15.0,16.8,13.5,15.666666666666659,15.200000000000001,14.185714285714285,0.0,0.0,0.0,0.0,0.0,0.0,0.0
2018-02-05,23.6,6.7,15.0,0.0,10.4,35,2,36,1,15.2,15.2,15.0,14.4,15.133333333333326,15.442857142857141,14.242857142857142,0.0,0.0,0.0,0.0,0.0,0.0,0.0
2018-02-06,22.9,9.1,15.2,0.0,11.1,38,2,37,1,15.0,15.2,15.2,15.3,15.133333333333326,15.528571428571428,14.314285714285713,0.0,0.0,0.0,0.0,0.0,0.0,0.0
2018-02-07,23.0,7.2,14.8,0.0,9.8,42,2,38,1,15.2,15.0,15.2,16.2,15.133333333333326,15.514285714285714,14.542857142857143,0.0,0.0,0.0,0.0,0.0,0.0,0.0
2018-02-08,23.1,6.8,15.3,0.0,10.6,37,2,39,1,14.8,15.2,15.0,16.8,14.999999999999993,15.314285714285715,14.785714285714286,0.0,0.0,0.0,0.0,0.0,0.0,0.0
2018-02-09,23.6,7.0,15.4,0.0,10.8,33,2,40,1,15.3,14.8,15.2,15.0,15.099999999999994,15.099999999999998,14.957142857142857,0.0,0.0,0.0,0.0,0.0,0.0,0.0
2018-02-10,24.2,8.7,15.4,0.0,11.9,44,2,41,1,15.4,15.3,14.8,15.2,15.166666666666659,15.157142857142857,15.078571428571427,0.0,0.0,0.0,0.0,0.0,0.0,0.0
2018-02-11,18.6,9.7,14.1,0.9,18.4,51,2,42,1,15.4,15.4,15.3,15.2,15.36666666666666,15.185714285714287,15.192857142857145,0.0,0.0,0.0,0.0,0.0,0.0,0.0
2018-02-12,18.1,10.3,13.0,4.5,21.0,79,2,43,1,14.1,15.4,15.4,15.0,14.96666666666666,15.028571428571428,15.235714285714286,0.9,0.0,0.0,0.0,0.3000000000000024,0.12857142857142914,0.06428571428571432
2018-02-13,20.0,9.2,13.7,1.0,16.2,77,2,44,1,13.0,14.1,15.4,15.2,14.166666666666659,14.742857142857144,15.135714285714286,4.5,0.9,0.0,0.0,1.8000000000000025,0.771428571428572,0.38571428571428573
2018-02-14,20.8,8.8,13.9,0.0,12.0,66,2,45,1,13.7,13.0,14.1,14.8,13.599999999999993,14.528571428571428,15.02142857142857,1.0,4.5,0.9,0.0,2.133333333333336,0.9142857142857148,0.4571428571428572
2018-02-15,23.1,9.9,15.6,0.0,9.2,58,2,46,1,13.9,13.7,13.0,15.3,13.533333333333326,14.400000000000002,14.857142857142858,0.0,1.0,4.5,0.0,1.8333333333333357,0.9142857142857148,0.4571428571428572
2018-02-16,25.2,10.2,16.9,0.0,10.0,59,2,47,1,15.6,13.9,13.7,15.4,14.399999999999991,14.442857142857141,14.77142857142857,0.0,0.0,1.0,0.0,0.3333333333333357,0.9142857142857148,0.4571428571428572
2018-02-17,26.7,11.5,17.6,0.0,11.9,54,2,48,1,16.9,15.6,13.9,15.4,15.46666666666666,14.657142857142857,14.907142857142857,0.0,0.0,0.0,0.0,0.0,0.9142857142857148,0.4571428571428572
2018-02-18,27.3,10.3,18.4,0.0,11.2,49,2,49,1,17.6,16.9,15.6,14.1,16.699999999999992,14.971428571428572,15.078571428571427,0.0,0.0,0.0,0.9,0.0,0.9142857142857148,0.4571428571428572
2018-02-19,26.9,11.0,18.7,0.0,10.4,54,2,50,1,18.4,17.6,16.9,13.0,17.633333333333326,15.585714285714285,15.307142857142859,0.0,0.0,0.0,4.5,0.0,0.7857142857142863,0.4571428571428572
2018-02-20,28.7,14.2,21.0,0.0,10.3,49,2,51,1,18.7,18.4,17.6,13.7,18.233333333333324,16.4,15.571428571428571,0.0,0.0,0.0,1.0,0.0,0.14285714285714338,0.4571428571428572
2018-02-21,28.7,14.9,21.0,0.4,12.6,53,2,52,1,21.0,18.7,18.4,13.9,19.36666666666666,17.442857142857143,15.985714285714284,0.0,0.0,0.0,0.0,0.0,0.0,0.4571428571428572
2018-02-22,28.1,14.4,20.3,0.0,9.6,52,2,53,1,21.0,21.0,18.7,15.6,20.233333333333324,18.457142857142856,16.428571428571427,0.4,0.0,0.0,0.0,0.13333333333333572,0.057142857142857655,0.48571428571428577
2018-02-23,27.6,14.2,20.7,0.1,10.4,50,2,54,1,20.3,21.0,21.0,16.9,20.76666666666666,19.12857142857143,16.785714285714285,0.0,0.4,0.0,0.0,0.13333333333333572,0.057142857142857655,0.48571428571428577
2018-02-24,22.5,14.1,17.8,6.9,16.2,69,2,55,1,20.7,20.3,21.0,17.6,20.66666666666666,19.67142857142857,17.164285714285715,0.1,0.0,0.4,0.0,0.16666666666666904,0.07142857142857194,0.4928571428571429
2018-02-25,25.4,12.6,18.1,0.0,11.6,68,2,56,1,17.8,20.7,20.3,18.4,19.599999999999994,19.7,17.335714285714285,6.9,0.1,0.0,0.0,2.3333333333333357,1.0571428571428576,0.9857142857142858
2018-02-26,27.8,12.5,19.6,0.0,15.5,55,2,57,1,18.1,17.8,20.7,18.7,18.86666666666666,19.657142857142855,17.62142857142857,0.0,6.9,0.1,0.0,2.3333333333333357,1.0571428571428576,0.9214285714285715
2018-02-27,28.4,15.0,21.1,0.0,11.0,58,2,58,1,19.6,18.1,17.8,21.0,18.499999999999993,19.785714285714285,18.092857142857145,0.0,0.0,6.9,0.0,2.3000000000000025,1.0571428571428576,0.6
2018-02-28,29.6,14.7,21.6,0.0,11.0,51,2,59,1,21.1,19.6,18.1,21.0,19.599999999999994,19.800000000000004,18.62142857142857,0.0,0.0,0.0,0.4,0.0,1.0571428571428576,0.5285714285714286
2018-03-01,26.4,17.2,21.1,1.0,15.8,60,3,60,2,21.6,21.1,19.6,20.3,20.766666666666662,19.88571428571429,19.17142857142857,0.0,0.0,0.0,0.0,0.0,1.0000000000000004,0.5285714285714286
2018-03-02,29.3,14.9,21.0,4.6,17.9,62,3,61,2,21.1,21.6,21.1,20.7,21.266666666666662,20.0,19.564285714285717,1.0,0.0,0.0,0.1,0.3333333333333357,1.1428571428571435,0.6
2018-03-03,23.5,15.8,18.8,5.6,16.9,72,3,62,2,21.0,21.1,21.6,17.8,21.233333333333327,20.042857142857144,19.857142857142858,4.6,1.0,0.0,6.9,1.866666666666669,1.7857142857142863,0.9285714285714286
2018-03-04,24.6,12.9,18.4,0.1,10.3,67,3,63,2,18.8,21.0,21.1,18.1,20.299999999999994,20.185714285714287,19.942857142857143,5.6,4.6,1.0,0.0,3.7333333333333356,1.6000000000000003,1.3285714285714287
2018-03-05,26.2,13.8,19.0,0.0,16.1,62,3,64,2,18.4,18.8,21.0,19.6,19.39999999999999,20.228571428571428,19.942857142857143,0.1,5.6,4.6,0.0,3.4333333333333353,1.6142857142857145,1.3357142857142856
2018-03-06,28.6,13.9,20.3,0.0,12.4,56,3,65,2,19.0,18.4,18.8,21.1,18.733333333333324,20.142857142857142,19.964285714285715,0.0,0.1,5.6,0.0,1.9000000000000021,1.6142857142857145,1.3357142857142856
2018-03-07,29.2,14.6,21.4,0.0,10.8,56,3,66,2,20.3,19.0,18.4,21.6,19.233333333333327,20.02857142857143,19.914285714285715,0.0,0.0,0.1,0.0,0.033333333333335706,1.6142857142857145,1.3357142857142856
2018-03-08,29.5,16.2,21.8,0.4,13.1,55,3,67,2,21.4,20.3,19.0,21.1,20.233333333333327,20.0,19.942857142857143,0.0,0.0,0.0,1.0,0.0,1.6142857142857145,1.3071428571428572
2018-03-09,28.8,15.6,21.6,0.1,15.5,53,3,68,2,21.8,21.4,20.3,21.0,21.166666666666657,20.099999999999998,20.05,0.4,0.0,0.0,4.6,0.13333333333333572,1.528571428571429,1.3357142857142859
2018-03-10,30.5,15.8,22.3,0.0,12.6,49,3,69,2,21.6,21.8,21.4,18.8,21.599999999999994,20.185714285714287,20.11428571428571,0.1,0.4,0.0,5.6,0.16666666666666904,0.8857142857142861,1.3357142857142856
2018-03-11,31.5,16.3,23.2,0.0,13.0,47,3,70,2,22.3,21.6,21.8,18.4,21.899999999999995,20.685714285714287,20.435714285714283,0.0,0.1,0.4,0.1,0.16666666666666904,0.08571428571428621,0.8428571428571427
2018-03-12,32.8,17.5,24.3,0.0,11.3,50,3,71,2,23.2,22.3,21.6,19.0,22.36666666666666,21.37142857142857,20.8,0.0,0.0,0.1,0.0,0.033333333333335706,0.07142857142857194,0.8428571428571427
2018-03-13,34.1,17.9,25.1,0.0,15.1,43,3,72,2,24.3,23.2,22.3,20.3,23.266666666666662,22.12857142857143,21.135714285714283,0.0,0.0,0.0,0.0,0.0,0.07142857142857194,0.8428571428571427
2018-03-14,31.7,17.9,23.9,0.0,17.9,44,3,73,2,25.1,24.3,23.2,21.4,24.199999999999992,22.814285714285717,21.421428571428574,0.0,0.0,0.0,0.0,0.0,0.07142857142857194,0.8428571428571427
2018-03-15,29.3,16.3,22.2,0.0,15.6,48,3,74,2,23.9,25.1,24.3,21.8,24.433333333333326,23.171428571428574,21.585714285714285,0.0,0.0,0.0,0.4,0.0,0.07142857142857194,0.8428571428571427
2018-03-16,29.1,15.3,21.7,0.9,14.8,48,3,75,2,22.2,23.9,25.1,21.6,23.733333333333324,23.228571428571428,21.66428571428571,0.0,0.0,0.0,0.1,0.0,0.014285714285714794,0.7714285714285714
2018-03-17,31.5,15.2,23.1,0.0,17.0,37,3,76,2,21.7,22.2,23.9,22.3,22.599999999999994,23.24285714285714,21.714285714285715,0.9,0.0,0.0,0.0,0.3000000000000024,0.12857142857142909,0.5071428571428571
2018-03-18,31.8,17.2,24.3,0.0,11.1,34,3,77,2,23.1,21.7,22.2,23.2,22.333333333333325,23.357142857142858,22.021428571428572,0.0,0.9,0.0,0.0,0.3000000000000024,0.12857142857142909,0.10714285714285714
2018-03-19,32.1,16.9,23.9,0.0,10.8,37,3,78,2,24.3,23.1,21.7,24.3,23.033333333333328,23.514285714285712,22.442857142857143,0.0,0.0,0.9,0.0,0.3000000000000024,0.12857142857142909,0.09999999999999999
2018-03-20,29.2,18.6,23.1,0.4,14.9,44,3,79,2,23.9,24.3,23.1,25.1,23.766666666666662,23.457142857142856,22.79285714285714,0.0,0.0,0.0,0.0,0.0,0.12857142857142909,0.09999999999999999
2018-03-21,25.2,15.1,19.3,3.7,18.6,69,3,80,2,23.1,23.9,24.3,23.9,23.766666666666662,23.17142857142857,22.99285714285714,0.4,0.0,0.0,0.0,0.13333333333333572,0.18571428571428622,0.12857142857142856
2018-03-22,25.9,13.8,19.4,0.1,9.7,69,3,81,2,19.3,23.1,23.9,22.2,22.099999999999994,22.514285714285712,22.842857142857145,3.7,0.4,0.0,0.0,1.3666666666666691,0.7142857142857147,0.39285714285714285
2018-03-23,29.9,15.7,22.2,0.0,10.6,55,3,82,2,19.4,19.3,23.1,21.7,20.59999999999999,22.114285714285717,22.67142857142857,0.1,3.7,0.4,0.9,1.4000000000000024,0.728571428571429,0.3714285714285714
2018-03-24,31.2,16.9,23.6,0.0,20.5,51,3,83,2,22.2,19.4,19.3,23.1,20.299999999999994,22.185714285714287,22.714285714285715,0.0,0.1,3.7,0.0,1.266666666666669,0.6000000000000004,0.36428571428571427
2018-03-25,33.9,17.8,25.4,0.0,14.7,46,3,84,2,23.6,22.2,19.4,24.3,21.733333333333324,22.257142857142856,22.807142857142857,0.0,0.0,0.1,0.0,0.033333333333335706,0.6000000000000004,0.36428571428571427
2018-03-26,34.3,17.4,25.9,0.0,13.9,44,3,85,2,25.4,23.6,22.2,23.9,23.733333333333324,22.414285714285715,22.964285714285715,0.0,0.0,0.0,0.0,0.0,0.6000000000000004,0.36428571428571427
2018-03-27,35.2,17.7,26.2,0.0,13.8,41,3,86,2,25.9,25.4,23.6,23.1,24.966666666666658,22.7,23.07857142857143,0.0,0.0,0.0,0.4,0.0,0.6000000000000004,0.36428571428571427
2018-03-28,35.6,18.2,26.5,0.0,11.2,45,3,87,2,26.2,25.9,25.4,19.3,25.833333333333325,23.142857142857142,23.157142857142855,0.0,0.0,0.0,3.7,0.0,0.5428571428571434,0.36428571428571427
2018-03-29,36.5,19.6,27.7,0.0,18.6,34,3,88,2,26.5,26.2,25.9,19.4,26.19999999999999,24.17142857142857,23.342857142857145,0.0,0.0,0.0,0.1,0.0,0.014285714285714794,0.36428571428571427
2018-03-30,37.6,20.7,28.5,0.0,14.3,21,3,89,2,27.7,26.5,26.2,22.2,26.799999999999994,25.357142857142858,23.735714285714288,0.0,0.0,0.0,0.0,0.0,0.0,0.36428571428571427
2018-03-31,37.8,17.5,27.0,0.0,12.4,29,3,90,2,28.5,27.7,26.5,23.6,27.56666666666666,26.25714285714286,24.221428571428568,0.0,0.0,0.0,0.0,0.0,0.0,0.29999999999999993
2018-04-01,35.7,19.1,27.5,0.0,14.6,42,4,91,2,27.0,28.5,27.7,25.4,27.733333333333324,26.742857142857144,24.5,0.0,0.0,0.0,0.0,0.0,0.0,0.29999999999999993
2018-04-02,35.8,21.4,28.1,0.0,18.9,45,4,92,2,27.5,27.0,28.5,25.9,27.666666666666657,27.042857142857144,24.728571428571428,0.0,0.0,0.0,0.0,0.0,0.0,0.29999999999999993
2018-04-03,34.3,22.7,27.7,0.1,19.4,48,4,93,2,28.1,27.5,27.0,26.2,27.533333333333328,27.357142857142858,25.028571428571432,0.0,0.0,0.0,0.0,0.0,0.0,0.29999999999999993
2018-04-04,35.5,21.7,27.9,0.5,11.2,45,4,94,2,27.7,28.1,27.5,26.5,27.766666666666662,27.571428571428573,25.357142857142858,0.1,0.0,0.0,0.0,0.033333333333335706,0.014285714285714794,0.2785714285714286
2018-04-05,34.9,22.6,27.7,0.4,13.6,47,4,95,2,27.9,27.7,28.1,27.7,27.89999999999999,27.771428571428572,25.971428571428568,0.5,0.1,0.0,0.0,0.20000000000000237,0.08571428571428621,0.049999999999999996
2018-04-06,35.0,20.5,27.3,1.6,23.5,44,4,96,2,27.7,27.9,27.7,28.5,27.766666666666662,27.77142857142857,26.564285714285717,0.4,0.5,0.1,0.0,0.3333333333333357,0.14285714285714338,0.07142857142857142
2018-04-07,35.7,21.1,28.2,0.5,17.7,41,4,97,2,27.3,27.7,27.9,27.0,27.633333333333326,27.599999999999998,26.928571428571427,1.6,0.4,0.5,0.0,0.8333333333333357,0.37142857142857194,0.18571428571428572
2018-04-08,35.7,22.7,28.9,0.8,20.2,40,4,98,2,28.2,27.3,27.7,27.5,27.733333333333324,27.77142857142857,27.25714285714286,0.5,1.6,0.4,0.0,0.8333333333333357,0.4428571428571434,0.22142857142857145
2018-04-09,34.7,20.8,27.5,1.4,21.9,51,4,99,2,28.9,28.2,27.3,28.1,28.133333333333326,27.971428571428568,27.50714285714286,0.8,0.5,1.6,0.0,0.9666666666666691,0.5571428571428577,0.2785714285714286
2018-04-10,32.3,20.1,26.9,0.5,19.2,51,4,100,2,27.5,28.9,28.2,27.7,28.199999999999992,27.885714285714283,27.62142857142857,1.4,0.8,0.5,0.1,0.9000000000000025,0.7571428571428577,0.37857142857142856
2018-04-11,29.1,19.4,23.9,11.5,22.6,62,4,101,2,26.9,27.5,28.9,27.9,27.766666666666655,27.771428571428572,27.67142857142857,0.5,1.4,0.8,0.5,0.9000000000000025,0.8142857142857148,0.41428571428571426
2018-04-12,33.0,18.8,25.7,0.0,12.1,40,4,102,2,23.9,26.9,27.5,27.7,26.099999999999994,27.2,27.485714285714288,11.5,0.5,1.4,0.4,4.4666666666666694,2.385714285714286,1.2357142857142858
2018-04-13,33.3,18.4,26.5,0.0,8.0,29,4,103,2,25.7,23.9,26.9,27.3,25.49999999999999,26.914285714285715,27.342857142857145,0.0,11.5,0.5,1.6,4.000000000000003,2.328571428571429,1.2357142857142858
2018-04-14,35.7,22.5,28.4,0.1,13.7,30,4,104,2,26.5,25.7,23.9,28.2,25.366666666666656,26.8,27.2,0.0,0.0,11.5,0.5,3.8333333333333357,2.1000000000000005,1.2357142857142858
2018-04-15,37.3,22.1,29.6,0.0,26.1,31,4,105,2,28.4,26.5,25.7,28.9,26.86666666666666,26.82857142857143,27.3,0.1,0.0,0.0,0.8,0.033333333333335706,2.042857142857143,1.242857142857143
2018-04-16,32.8,23.6,27.6,0.5,25.0,39,4,106,2,29.6,28.4,26.5,27.5,28.166666666666657,26.928571428571427,27.45,0.0,0.1,0.0,1.4,0.033333333333335706,1.9285714285714288,1.242857142857143
2018-04-17,33.6,20.1,26.8,1.2,16.3,44,4,107,2,27.6,29.6,28.4,26.9,28.533333333333328,26.942857142857143,27.41428571428571,0.5,0.0,0.1,0.5,0.20000000000000237,1.8000000000000003,1.2785714285714287
2018-04-18,33.7,21.4,27.0,3.2,20.0,49,4,108,2,26.8,27.6,29.6,23.9,27.999999999999996,26.928571428571427,27.349999999999998,1.2,0.5,0.0,11.5,0.566666666666669,1.9000000000000001,1.3571428571428572
2018-04-19,34.9,21.6,28.1,0.0,22.7,38,4,109,2,27.0,26.8,27.6,25.7,27.133333333333326,27.37142857142857,27.285714285714285,3.2,1.2,0.5,0.0,1.6333333333333357,0.7142857142857145,1.55
2018-04-20,25.9,18.2,22.1,3.4,22.7,53,4,110,2,28.1,27.0,26.8,26.5,27.299999999999994,27.714285714285715,27.314285714285713,0.0,3.2,1.2,0.0,1.4666666666666692,0.7142857142857145,1.5214285714285716
2018-04-21,29.7,15.9,22.4,0.0,16.6,51,4,111,2,22.1,28.1,27.0,28.4,25.73333333333333,27.085714285714285,26.942857142857147,3.4,0.0,3.2,0.1,2.2000000000000024,1.2000000000000004,1.65
2018-04-22,32.8,16.8,24.7,0.0,13.8,38,4,112,2,22.4,22.1,28.1,29.6,24.199999999999992,26.228571428571428,26.52857142857143,0.0,3.4,0.0,0.0,1.1333333333333357,1.1857142857142862,1.614285714285714
2018-04-23,35.9,19.0,27.5,0.0,14.7,32,4,113,2,24.7,22.4,22.1,27.6,23.06666666666666,25.52857142857143,26.228571428571428,0.0,0.0,3.4,0.5,1.1333333333333357,1.1857142857142862,1.5571428571428572
2018-04-24,38.9,20.9,29.9,0.0,11.0,29,4,114,2,27.5,24.7,22.4,26.8,24.86666666666666,25.514285714285716,26.228571428571428,0.0,0.0,0.0,1.2,0.0,1.1142857142857145,1.457142857142857
2018-04-25,40.8,23.0,31.2,0.0,22.5,25,4,115,2,29.9,27.5,24.7,27.0,27.366666666666656,25.957142857142856,26.442857142857147,0.0,0.0,0.0,3.2,0.0,0.9428571428571431,1.4214285714285713
2018-04-26,41.0,23.4,32.0,0.0,14.4,25,4,116,2,31.2,29.9,27.5,28.1,29.533333333333328,26.557142857142857,26.964285714285715,0.0,0.0,0.0,0.0,0.0,0.48571428571428593,0.6
2018-04-27,40.6,25.9,33.1,0.0,17.3,20,4,117,2,32.0,31.2,29.9,22.1,31.033333333333328,27.114285714285717,27.414285714285715,0.0,0.0,0.0,3.4,0.0,0.48571428571428593,0.6
2018-04-28,40.9,25.1,33.1,0.0,20.3,24,4,118,2,33.1,32.0,31.2,22.4,32.099999999999994,28.685714285714287,27.885714285714283,0.0,0.0,0.0,0.0,0.0,0.0,0.6
2018-04-29,41.1,25.1,33.1,0.2,15.1,24,4,119,2,33.1,33.1,32.0,24.7,32.73333333333333,30.214285714285715,28.22142857142857,0.0,0.0,0.0,0.0,0.0,0.0,0.5928571428571429
2018-04-30,42.0,24.9,33.2,0.0,10.8,22,4,120,2,33.1,33.1,33.1,27.5,33.1,31.414285714285718,28.47142857142857,0.2,0.0,0.0,0.0,0.06666666666666904,0.028571428571428827,0.6071428571428571
2018-05-01,42.4,24.7,33.7,0.0,23.8,22,5,121,2,33.2,33.1,33.1,29.9,33.133333333333326,32.228571428571435,28.87142857142857,0.0,0.2,0.0,0.0,0.06666666666666904,0.028571428571428827,0.5714285714285714
2018-05-02,39.6,24.7,31.7,2.5,24.2,36,5,122,2,33.7,33.2,33.1,31.2,33.333333333333336,32.77142857142858,29.364285714285717,0.0,0.0,0.2,0.0,0.06666666666666904,0.028571428571428827,0.4857142857142857
2018-05-03,37.5,24.6,30.5,0.2,26.0,38,5,123,2,31.7,33.7,33.2,32.0,32.86666666666666,32.84285714285714,29.7,2.5,0.0,0.0,0.0,0.8333333333333357,0.385714285714286,0.43571428571428567
2018-05-04,37.4,24.7,30.7,0.2,18.5,37,5,124,2,30.5,31.7,33.7,33.1,31.966666666666658,32.628571428571426,29.87142857142857,0.2,2.5,0.0,0.0,0.9000000000000025,0.4142857142857146,0.45
2018-05-05,38.7,24.6,31.6,0.3,16.4,30,5,125,2,30.7,30.5,31.7,33.1,30.966666666666658,32.285714285714285,30.485714285714284,0.2,0.2,2.5,0.0,0.966666666666669,0.4428571428571431,0.22142857142857145
2018-05-06,37.5,23.8,30.0,0.1,20.2,38,5,126,2,31.6,30.7,30.5,33.1,30.933333333333326,32.07142857142857,31.142857142857142,0.3,0.2,0.2,0.2,0.2333333333333357,0.48571428571428604,0.24285714285714288
2018-05-07,35.0,20.9,27.4,0.1,21.8,47,5,127,2,30.0,31.6,30.7,33.2,30.766666666666662,31.628571428571426,31.521428571428572,0.1,0.3,0.2,0.0,0.2000000000000024,0.47142857142857164,0.25
2018-05-08,30.9,21.6,25.8,3.2,15.3,52,5,128,2,27.4,30.0,31.6,33.7,29.666666666666657,30.8,31.514285714285712,0.1,0.1,0.3,0.0,0.16666666666666904,0.48571428571428593,0.2571428571428572
2018-05-09,34.6,22.2,27.6,1.0,22.8,43,5,129,2,25.8,27.4,30.0,31.7,27.733333333333324,29.67142857142857,31.221428571428568,3.2,0.1,0.1,2.5,1.1333333333333357,0.9428571428571431,0.48571428571428577
2018-05-10,38.3,22.3,30.5,0.0,10.7,36,5,130,2,27.6,25.8,27.4,30.5,26.933333333333326,29.085714285714285,30.964285714285715,1.0,3.2,0.1,0.2,1.433333333333336,0.7285714285714288,0.5571428571428572
2018-05-11,41.6,25.3,33.6,0.0,11.1,33,5,131,2,30.5,27.6,25.8,30.7,27.966666666666658,29.085714285714285,30.857142857142858,0.0,1.0,3.2,0.2,1.4000000000000028,0.7000000000000003,0.5571428571428572
2018-05-12,40.6,27.4,33.5,1.9,19.0,34,5,132,2,33.6,30.5,27.6,31.6,30.566666666666663,29.5,30.892857142857142,0.0,0.0,1.0,0.3,0.3333333333333357,0.6714285714285716,0.5571428571428572
2018-05-13,38.4,23.7,30.7,1.5,19.2,41,5,133,2,33.5,33.6,30.5,30.0,32.533333333333324,29.77142857142857,30.92142857142857,1.9,0.0,0.0,0.1,0.6333333333333356,0.9000000000000002,0.6928571428571428
2018-05-14,37.2,24.4,30.8,0.8,15.6,41,5,134,2,30.7,33.5,33.6,27.4,32.599999999999994,29.87142857142857,30.75,1.5,1.9,0.0,0.1,1.1333333333333357,1.1000000000000003,0.7857142857142857
2018-05-15,38.5,25.8,31.2,1.0,21.9,36,5,135,2,30.8,30.7,33.5,25.8,31.66666666666666,30.357142857142858,30.57857142857143,0.8,1.5,1.9,3.2,1.4000000000000024,1.2000000000000004,0.8428571428571429
2018-05-16,38.0,23.7,30.5,0.0,15.6,43,5,136,2,31.2,30.8,30.7,27.6,30.899999999999995,31.12857142857143,30.400000000000002,1.0,0.8,1.5,1.0,1.1000000000000023,0.885714285714286,0.9142857142857144
2018-05-17,38.5,23.4,31.1,1.0,19.3,36,5,137,2,30.5,31.2,30.8,30.5,30.83333333333333,31.542857142857144,30.314285714285717,0.0,1.0,0.8,0.0,0.6000000000000024,0.742857142857143,0.7357142857142858
2018-05-18,37.3,24.8,30.8,0.1,15.8,33,5,138,2,31.1,30.5,31.2,33.6,30.933333333333326,31.62857142857143,30.357142857142858,1.0,0.0,1.0,0.0,0.6666666666666691,0.8857142857142859,0.7928571428571428
2018-05-19,37.6,23.9,30.1,0.4,17.9,30,5,139,2,30.8,31.1,30.5,33.5,30.799999999999994,31.22857142857143,30.364285714285717,0.1,1.0,0.0,1.9,0.3666666666666691,0.9000000000000002,0.7857142857142857
2018-05-20,38.0,23.2,30.7,0.0,10.4,26,5,140,2,30.1,30.8,31.1,30.7,30.66666666666666,30.742857142857144,30.25714285714286,0.4,0.1,1.0,1.5,0.5000000000000023,0.6857142857142859,0.7928571428571428
2018-05-21,38.6,24.7,31.6,0.0,14.6,23,5,141,2,30.7,30.1,30.8,30.8,30.53333333333333,30.74285714285714,30.307142857142857,0.0,0.4,0.1,0.8,0.16666666666666904,0.47142857142857164,0.7857142857142857
2018-05-22,40.2,25.5,32.9,0.0,19.0,21,5,142,2,31.6,30.7,30.1,31.2,30.799999999999997,30.857142857142858,30.60714285714286,0.0,0.0,0.4,1.0,0.13333333333333572,0.3571428571428574,0.7785714285714286
2018-05-23,40.6,25.6,32.9,0.0,16.6,18,5,143,2,32.9,31.6,30.7,30.5,31.73333333333333,31.099999999999998,31.114285714285717,0.0,0.0,0.0,0.0,0.0,0.21428571428571455,0.5499999999999999
2018-05-24,40.9,24.9,32.8,0.0,11.8,17,5,144,2,32.9,32.9,31.6,31.1,32.46666666666666,31.442857142857143,31.49285714285714,0.0,0.0,0.0,1.0,0.0,0.21428571428571455,0.47857142857142854
2018-05-25,42.2,25.5,34.7,0.0,14.3,15,5,145,2,32.8,32.9,32.9,30.8,32.86666666666666,31.685714285714287,31.657142857142855,0.0,0.0,0.0,0.1,0.0,0.07142857142857169,0.47857142857142854
2018-05-26,42.4,25.6,34.3,0.0,17.0,16,5,146,2,34.7,32.8,32.9,30.1,33.46666666666666,32.24285714285714,31.735714285714288,0.0,0.0,0.0,0.4,0.0,0.0571428571428574,0.47857142857142854
2018-05-27,42.6,25.1,34.3,0.0,16.6,17,5,147,2,34.3,34.7,32.8,30.7,33.93333333333332,32.84285714285714,31.79285714285714,0.0,0.0,0.0,0.0,0.0,0.0,0.34285714285714286
2018-05-28,42.8,26.1,34.5,0.0,14.7,20,5,148,2,34.3,34.3,34.7,31.6,34.43333333333332,33.357142857142854,32.05,0.0,0.0,0.0,0.0,0.0,0.0,0.2357142857142857
2018-05-29,44.1,26.3,35.8,0.0,22.3,20,5,149,2,34.5,34.3,34.3,32.9,34.36666666666665,33.771428571428565,32.31428571428571,0.0,0.0,0.0,0.0,0.0,0.0,0.17857142857142858
2018-05-30,42.9,28.6,35.4,0.0,21.4,23,5,150,2,35.8,34.5,34.3,32.9,34.86666666666666,34.18571428571429,32.642857142857146,0.0,0.0,0.0,0.0,0.0,0.0,0.10714285714285714
2018-05-31,43.4,27.4,35.0,0.0,11.6,27,5,151,2,35.4,35.8,34.5,32.8,35.23333333333333,34.542857142857144,32.99285714285714,0.0,0.0,0.0,0.0,0.0,0.0,0.10714285714285714
2018-06-01,43.6,29.1,35.7,0.5,22.8,28,6,152,3,35.0,35.4,35.8,34.7,35.4,34.857142857142854,33.27142857142857,0.0,0.0,0.0,0.0,0.0,0.0,0.03571428571428571
2018-06-02,42.6,27.8,34.4,0.0,18.8,41,6,153,3,35.7,35.0,35.4,34.3,35.36666666666665,35.0,33.621428571428574,0.5,0.0,0.0,0.0,0.16666666666666904,0.07142857142857169,0.0642857142857143
2018-06-03,42.5,28.7,35.5,0.0,13.5,38,6,154,3,34.4,35.7,35.0,34.3,35.033333333333324,35.01428571428571,33.92857142857143,0.0,0.5,0.0,0.0,0.16666666666666904,0.07142857142857169,0.03571428571428571
2018-06-04,43.0,30.8,36.2,0.3,18.7,38,6,155,3,35.5,34.4,35.7,34.5,35.199999999999996,35.18571428571429,34.27142857142857,0.0,0.0,0.5,0.0,0.16666666666666904,0.07142857142857169,0.03571428571428571
2018-06-05,42.5,31.0,36.4,0.8,18.4,39,6,156,3,36.2,35.5,34.4,35.8,35.36666666666666,35.42857142857143,34.6,0.3,0.0,0.0,0.0,0.10000000000000236,0.11428571428571455,0.05714285714285715
2018-06-06,40.0,28.4,34.7,0.0,14.2,48,6,157,3,36.4,36.2,35.5,35.4,36.03333333333333,35.51428571428571,34.85,0.8,0.3,0.0,0.0,0.3666666666666691,0.22857142857142884,0.1142857142857143
2018-06-07,40.3,29.2,34.8,0.0,12.5,49,6,158,3,34.7,36.4,36.2,35.0,35.76666666666666,35.41428571428571,34.978571428571435,0.0,0.8,0.3,0.0,0.3666666666666691,0.22857142857142884,0.1142857142857143
2018-06-08,41.6,29.9,35.7,0.0,10.2,45,6,159,3,34.8,34.7,36.4,35.7,35.29999999999999,35.385714285714286,35.121428571428574,0.0,0.0,0.8,0.5,0.26666666666666905,0.22857142857142884,0.1142857142857143
2018-06-09,39.3,30.0,32.9,21.4,20.5,61,6,160,3,35.7,34.8,34.7,34.4,35.06666666666666,35.385714285714286,35.19285714285714,0.0,0.0,0.0,0.0,0.0,0.15714285714285742,0.1142857142857143
2018-06-10,35.2,26.9,30.7,11.3,11.3,72,6,161,3,32.9,35.7,34.8,35.5,34.46666666666666,35.17142857142857,35.09285714285714,21.4,0.0,0.0,0.0,7.1333333333333355,3.2142857142857144,1.6428571428571428
2018-06-11,38.3,27.6,33.0,0.0,7.8,57,6,162,3,30.7,32.9,35.7,36.2,33.099999999999994,34.48571428571429,34.83571428571428,11.3,21.4,0.0,0.3,10.9,4.828571428571428,2.4499999999999997
2018-06-12,41.1,27.8,34.7,0.0,9.4,47,6,163,3,33.0,30.7,32.9,36.4,32.199999999999996,34.028571428571425,34.72857142857143,0.0,11.3,21.4,0.8,10.9,4.785714285714286,2.4499999999999997
2018-06-13,41.7,28.6,35.0,0.0,14.2,41,6,164,3,34.7,33.0,30.7,34.7,32.79999999999999,33.785714285714285,34.65,0.0,0.0,11.3,0.0,3.7666666666666693,4.671428571428572,2.4499999999999997
2018-06-14,40.3,28.2,34.2,0.0,15.0,47,6,165,3,35.0,34.7,33.0,34.8,34.23333333333333,33.82857142857143,34.621428571428574,0.0,0.0,0.0,0.0,0.0,4.671428571428572,2.4499999999999997
2018-06-15,37.9,30.2,33.8,0.0,18.2,49,6,166,3,34.2,35.0,34.7,35.7,34.633333333333326,33.74285714285714,34.56428571428571,0.0,0.0,0.0,0.0,0.0,4.671428571428572,2.4499999999999997
2018-06-16,37.4,27.4,33.1,0.0,24.0,52,6,167,3,33.8,34.2,35.0,32.9,34.33333333333332,33.471428571428575,34.42857142857143,0.0,0.0,0.0,21.4,0.0,4.671428571428572,2.414285714285714
2018-06-17,32.9,24.6,29.3,13.2,18.0,68,6,168,3,33.1,33.8,34.2,30.7,33.699999999999996,33.5,34.33571428571428,0.0,0.0,0.0,11.3,0.0,1.6142857142857143,2.414285714285714
2018-06-18,34.1,25.4,29.2,5.7,13.2,68,6,169,3,29.3,33.1,33.8,33.0,32.066666666666656,33.3,33.892857142857146,13.2,0.0,0.0,0.0,4.400000000000002,1.8857142857142857,3.357142857142857
2018-06-19,35.7,25.9,31.0,0.0,7.6,64,6,170,3,29.2,29.3,33.1,34.7,30.533333333333328,32.75714285714286,33.392857142857146,5.7,13.2,0.0,0.0,6.300000000000002,2.6999999999999997,3.7428571428571433
2018-06-20,37.5,27.3,32.3,1.2,9.1,56,6,171,3,31.0,29.2,29.3,35.0,29.833333333333325,32.22857142857143,33.00714285714286,0.0,5.7,13.2,0.0,6.300000000000002,2.6999999999999997,3.685714285714286
2018-06-21,38.6,26.7,33.0,0.0,7.3,53,6,172,3,32.3,31.0,29.2,34.2,30.833333333333325,31.842857142857145,32.83571428571428,1.2,0.0,5.7,0.0,2.3000000000000025,2.871428571428571,3.7714285714285714
2018-06-22,38.7,28.4,33.6,0.0,15.5,46,6,173,3,33.0,32.3,31.0,33.8,32.099999999999994,31.67142857142857,32.70714285714286,0.0,1.2,0.0,0.0,0.40000000000000235,2.871428571428571,3.7714285714285714
2018-06-23,39.3,26.1,32.8,0.1,21.7,50,6,174,3,33.6,33.0,32.3,33.1,32.96666666666666,31.642857142857142,32.55714285714286,0.0,0.0,1.2,0.0,0.40000000000000235,2.871428571428571,3.7714285714285714
2018-06-24,39.3,28.5,34.2,0.0,8.9,44,6,175,3,32.8,33.6,33.0,29.3,33.133333333333326,31.599999999999998,32.55,0.1,0.0,0.0,13.2,0.033333333333335706,2.8857142857142857,2.25
2018-06-25,40.6,29.5,34.9,0.0,16.9,41,6,176,3,34.2,32.8,33.6,29.2,33.533333333333324,32.3,32.8,0.0,0.1,0.0,5.7,0.033333333333335706,1.0,1.4428571428571428
2018-06-26,39.6,28.5,33.9,0.0,13.6,44,6,177,3,34.9,34.2,32.8,31.0,33.96666666666666,33.114285714285714,32.93571428571429,0.0,0.0,0.1,0.0,0.033333333333335706,0.18571428571428572,1.4428571428571428
2018-06-27,36.2,27.4,31.7,0.2,16.9,55,6,178,3,33.9,34.9,34.2,32.3,34.33333333333333,33.528571428571425,32.878571428571426,0.0,0.0,0.0,1.2,0.0,0.18571428571428572,1.4428571428571428
2018-06-28,30.9,25.4,27.8,0.4,17.8,72,6,179,3,31.7,33.9,34.9,33.0,33.49999999999999,33.44285714285714,32.642857142857146,0.2,0.0,0.0,0.0,0.06666666666666904,0.042857142857142864,1.457142857142857
2018-06-29,28.6,24.2,25.7,16.5,15.3,89,6,180,3,27.8,31.7,33.9,33.6,31.133333333333326,32.699999999999996,32.18571428571428,0.4,0.2,0.0,0.0,0.2000000000000024,0.1,1.4857142857142858
2018-06-30,32.9,23.3,27.2,16.3,16.3,82,6,181,3,25.7,27.8,31.7,32.8,28.39999999999999,31.571428571428573,31.607142857142858,16.5,0.4,0.2,0.1,5.700000000000003,2.457142857142857,2.664285714285714
2018-07-01,35.0,25.4,30.3,0.0,7.6,75,7,182,3,27.2,25.7,27.8,34.2,26.89999999999999,30.77142857142857,31.185714285714283,16.3,16.5,0.4,0.0,11.06666666666667,4.771428571428571,3.8285714285714287
2018-07-02,37.3,27.7,32.7,0.0,14.6,66,7,183,3,30.3,27.2,25.7,34.9,27.733333333333324,30.214285714285715,31.257142857142856,0.0,16.3,16.5,0.0,10.933333333333337,4.771428571428571,2.885714285714286
2018-07-03,35.4,27.5,30.7,2.6,18.1,69,7,184,3,32.7,30.3,27.2,33.9,30.06666666666666,29.900000000000002,31.50714285714286,0.0,0.0,16.3,0.0,5.433333333333336,4.771428571428571,2.4785714285714286
2018-07-04,30.6,24.1,27.3,6.8,15.5,81,7,185,3,30.7,32.7,30.3,31.7,31.233333333333324,29.442857142857147,31.485714285714288,2.6,0.0,0.0,0.2,0.866666666666669,5.142857142857143,2.6642857142857146
2018-07-05,33.1,24.2,28.6,2.1,5.6,77,7,186,3,27.3,30.7,32.7,27.8,30.23333333333333,28.814285714285713,31.128571428571426,6.8,2.6,0.0,0.4,3.133333333333336,6.085714285714286,3.064285714285714
2018-07-06,35.5,25.7,30.7,0.0,10.0,68,7,187,3,28.6,27.3,30.7,25.7,28.86666666666666,28.928571428571427,30.814285714285713,2.1,6.8,2.6,16.5,3.8333333333333357,6.328571428571428,3.2142857142857144
2018-07-07,37.3,26.5,32.0,0.0,9.2,65,7,188,3,30.7,28.6,27.3,27.2,28.86666666666666,29.642857142857142,30.607142857142858,0.0,2.1,6.8,16.3,2.966666666666669,3.9714285714285715,3.2142857142857144
2018-07-08,38.9,27.8,33.3,0.0,10.5,61,7,189,3,32.0,30.7,28.6,30.3,30.433333333333326,30.32857142857143,30.55,0.0,0.0,2.1,0.0,0.7000000000000021,1.6428571428571428,3.207142857142857
2018-07-09,39.7,29.0,34.2,0.0,12.1,57,7,190,3,33.3,32.0,30.7,32.7,31.99999999999999,30.75714285714286,30.485714285714288,0.0,0.0,0.0,0.0,0.0,1.6428571428571428,3.207142857142857
2018-07-10,39.8,29.8,34.5,0.0,10.6,57,7,191,3,34.2,33.3,32.0,30.7,33.16666666666666,30.97142857142857,30.435714285714283,0.0,0.0,0.0,2.6,0.0,1.6428571428571428,3.207142857142857
2018-07-11,39.3,30.1,34.2,0.0,14.2,64,7,192,3,34.5,34.2,33.3,27.3,33.99999999999999,31.514285714285712,30.478571428571428,0.0,0.0,0.0,6.8,0.0,1.2714285714285716,3.207142857142857
2018-07-12,37.9,30.2,33.4,0.0,15.0,66,7,193,3,34.2,34.5,34.2,28.6,34.29999999999999,32.5,30.657142857142862,0.0,0.0,0.0,2.1,0.0,0.3,3.192857142857143
2018-07-13,37.7,29.9,32.8,0.0,20.2,67,7,194,3,33.4,34.2,34.5,30.7,34.033333333333324,33.18571428571428,31.057142857142857,0.0,0.0,0.0,0.0,0.0,0.0,3.1642857142857146
2018-07-14,36.1,27.5,32.0,3.3,12.3,70,7,195,3,32.8,33.4,34.2,32.0,33.46666666666666,33.48571428571429,31.564285714285717,0.0,0.0,0.0,0.0,0.0,0.0,1.9857142857142858
2018-07-15,36.7,29.6,33.0,0.2,14.8,64,7,196,3,32.0,32.8,33.4,33.3,32.73333333333333,33.48571428571429,31.907142857142862,3.3,0.0,0.0,0.0,1.100000000000002,0.4714285714285714,1.0571428571428572
2018-07-16,36.7,30.1,32.9,0.3,16.7,66,7,197,3,33.0,32.0,32.8,34.2,32.599999999999994,33.44285714285714,32.1,0.2,3.3,0.0,0.0,1.1666666666666687,0.5,1.0714285714285714
2018-07-17,34.9,26.7,30.9,7.7,14.5,74,7,198,3,32.9,33.0,32.0,34.5,32.633333333333326,33.25714285714286,32.114285714285714,0.3,0.2,3.3,0.0,1.2666666666666686,0.5428571428571428,1.092857142857143
2018-07-18,34.9,28.3,31.4,0.7,12.7,73,7,199,3,30.9,32.9,33.0,34.2,32.26666666666666,32.74285714285714,32.128571428571426,7.7,0.3,0.2,0.0,2.7333333333333356,1.6428571428571428,1.457142857142857
2018-07-19,35.1,28.9,31.5,2.3,11.4,75,7,200,3,31.4,30.9,32.9,33.4,31.733333333333324,32.34285714285714,32.42142857142857,0.7,7.7,0.3,0.0,2.900000000000002,1.7428571428571427,1.0214285714285714
2018-07-20,34.5,28.2,31.1,4.7,11.4,77,7,201,3,31.5,31.4,30.9,32.8,31.266666666666662,32.07142857142857,32.628571428571426,2.3,0.7,7.7,0.0,3.5666666666666687,2.0714285714285716,1.0357142857142858
2018-07-21,35.4,27.5,31.5,3.0,11.6,73,7,202,3,31.1,31.5,31.4,32.0,31.333333333333325,31.828571428571426,32.65714285714286,4.7,2.3,0.7,3.3,2.5666666666666687,2.742857142857143,1.3714285714285714
2018-07-22,34.3,27.2,30.6,11.4,12.8,78,7,203,3,31.5,31.1,31.5,33.0,31.36666666666666,31.757142857142856,32.621428571428574,3.0,4.7,2.3,0.2,3.3333333333333357,2.6999999999999997,1.5857142857142856
2018-07-23,34.0,27.7,30.3,0.5,10.5,77,7,204,3,30.6,31.5,31.1,32.9,31.066666666666663,31.41428571428571,32.42857142857143,11.4,3.0,4.7,0.3,6.366666666666668,4.3,2.4
2018-07-24,33.5,26.4,30.0,14.0,10.6,80,7,205,3,30.3,30.6,31.5,30.9,30.799999999999994,31.042857142857144,32.15,0.5,11.4,3.0,7.7,4.966666666666669,4.328571428571428,2.435714285714286
2018-07-25,36.6,27.6,31.4,0.7,15.1,75,7,206,3,30.0,30.3,30.6,31.4,30.299999999999994,30.914285714285715,31.82857142857143,14.0,0.5,11.4,0.7,8.633333333333335,5.228571428571429,3.435714285714286
2018-07-26,34.5,26.8,30.2,7.9,18.9,78,7,207,3,31.4,30.0,30.3,31.5,30.56666666666666,30.914285714285715,31.628571428571426,0.7,14.0,0.5,2.3,5.066666666666667,5.228571428571429,3.485714285714286
2018-07-27,34.6,26.2,30.2,1.1,14.3,75,7,208,3,30.2,31.4,30.0,31.1,30.533333333333328,30.728571428571428,31.4,7.9,0.7,14.0,4.7,7.533333333333335,6.028571428571429,4.05
2018-07-28,33.3,25.8,29.4,5.6,15.3,78,7,209,3,30.2,30.2,31.4,31.5,30.599999999999994,30.6,31.214285714285715,1.1,7.9,0.7,3.0,3.2333333333333347,5.514285714285714,4.128571428571429
2018-07-29,34.2,25.5,29.7,2.2,14.4,77,7,210,3,29.4,30.2,30.2,30.6,29.933333333333323,30.3,31.02857142857143,5.6,1.1,7.9,11.4,4.866666666666668,5.885714285714286,4.292857142857144
2018-07-30,34.7,27.5,31.2,0.4,8.0,73,7,211,3,29.7,29.4,30.2,30.3,29.766666666666662,30.171428571428574,30.79285714285714,2.2,5.6,1.1,0.5,2.966666666666668,4.571428571428571,4.435714285714286
2018-07-31,36.9,28.2,32.5,0.2,8.5,67,7,212,3,31.2,29.7,29.4,30.0,30.09999999999999,30.3,30.67142857142857,0.4,2.2,5.6,14.0,2.7333333333333347,4.557142857142858,4.442857142857143
2018-08-01,38.1,28.8,32.9,0.0,12.0,61,8,213,3,32.5,31.2,29.7,31.4,31.133333333333326,30.657142857142855,30.785714285714285,0.2,0.4,2.2,0.7,0.9333333333333349,2.585714285714286,3.9071428571428575
2018-08-02,37.8,28.6,33.0,0.0,10.0,60,8,214,3,32.9,32.5,31.2,30.2,32.19999999999999,30.87142857142857,30.892857142857142,0.0,0.2,0.4,7.9,0.2000000000000015,2.485714285714286,3.857142857142857
2018-08-03,39.3,28.7,33.7,0.0,11.0,56,8,215,3,33.0,32.9,32.5,30.2,32.79999999999999,31.271428571428572,31.0,0.0,0.0,0.2,1.1,0.06666666666666815,1.3571428571428572,3.692857142857143
2018-08-04,39.3,28.9,33.8,0.0,11.9,55,8,216,3,33.7,33.0,32.9,29.4,33.19999999999999,31.77142857142857,31.185714285714287,0.0,0.0,0.0,5.6,0.0,1.2,3.357142857142857
2018-08-05,39.2,29.4,34.0,0.0,14.1,53,8,217,3,33.8,33.7,33.0,29.7,33.49999999999999,32.4,31.35,0.0,0.0,0.0,2.2,0.0,0.4,3.142857142857143
2018-08-06,37.7,29.6,33.4,0.1,15.5,54,8,218,3,34.0,33.8,33.7,31.2,33.83333333333332,33.01428571428571,31.592857142857145,0.0,0.0,0.0,0.4,0.0,0.08571428571428573,2.3285714285714287
2018-08-07,35.2,28.2,31.1,0.3,20.1,65,8,219,3,33.4,34.0,33.8,32.5,33.73333333333333,33.32857142857143,31.814285714285713,0.1,0.0,0.0,0.2,0.03333333333333482,0.042857142857142864,2.3000000000000003
2018-08-08,31.4,25.5,28.1,13.2,12.3,78,8,220,3,31.1,33.4,34.0,32.9,32.83333333333332,33.128571428571426,31.892857142857142,0.3,0.1,0.0,0.0,0.13333333333333483,0.05714285714285714,1.3214285714285714
2018-08-09,34.3,26.9,30.1,3.8,12.8,76,8,221,3,28.1,31.1,33.4,33.0,30.86666666666666,32.44285714285714,31.657142857142855,13.2,0.3,0.1,0.0,4.533333333333334,1.9428571428571428,2.2142857142857144
2018-08-10,35.2,27.8,31.5,0.4,6.4,69,8,222,3,30.1,28.1,31.1,33.7,29.766666666666662,32.028571428571425,31.650000000000002,3.8,13.2,0.3,0.0,5.766666666666668,2.4857142857142853,1.9214285714285713
2018-08-11,37.5,29.1,33.2,0.0,14.7,62,8,223,3,31.5,30.1,28.1,33.8,29.89999999999999,31.714285714285715,31.74285714285714,0.4,3.8,13.2,0.0,5.800000000000001,2.542857142857143,1.8714285714285714
2018-08-12,37.7,29.7,33.4,0.0,13.9,59,8,224,3,33.2,31.5,30.1,34.0,31.599999999999994,31.62857142857143,32.01428571428571,0.0,0.4,3.8,0.0,1.4000000000000012,2.542857142857143,1.4714285714285713
2018-08-13,37.7,27.5,32.3,0.2,17.0,65,8,225,3,33.4,33.2,31.5,33.4,32.699999999999996,31.542857142857144,32.278571428571425,0.0,0.0,0.4,0.1,0.13333333333333452,2.542857142857143,1.3142857142857143
2018-08-14,36.5,27.9,31.8,0.6,14.8,64,8,226,3,32.3,33.4,33.2,31.1,32.966666666666654,31.38571428571429,32.357142857142854,0.2,0.0,0.0,0.3,0.06666666666666786,2.557142857142857,1.2999999999999996
2018-08-15,36.2,26.9,30.9,5.1,14.3,70,8,227,3,31.8,32.3,33.4,28.1,32.499999999999986,31.485714285714288,32.30714285714286,0.6,0.2,0.0,13.2,0.2666666666666679,2.6,1.3285714285714285
2018-08-16,34.7,27.1,31.0,2.9,9.0,71,8,228,3,30.9,31.8,32.3,30.1,31.666666666666657,31.885714285714283,32.16428571428571,5.1,0.6,0.2,3.8,1.9666666666666677,1.4428571428571428,1.6928571428571426
2018-08-17,36.6,28.6,32.2,0.7,12.2,68,8,229,3,31.0,30.9,31.8,31.5,31.233333333333324,32.01428571428571,32.021428571428565,2.9,5.1,0.6,0.4,2.8666666666666676,1.3142857142857143,1.9
2018-08-18,35.7,29.0,31.3,8.4,11.6,74,8,230,3,32.2,31.0,30.9,33.2,31.36666666666666,32.114285714285714,31.914285714285715,0.7,2.9,5.1,0.0,2.900000000000001,1.3571428571428572,1.9499999999999997
2018-08-19,35.9,27.9,31.7,0.2,7.4,72,8,231,3,31.3,32.2,31.0,33.4,31.49999999999999,31.842857142857145,31.735714285714288,8.4,0.7,2.9,0.0,4.000000000000001,2.557142857142857,2.55
2018-08-20,37.6,29.0,33.0,0.0,10.9,65,8,232,3,31.7,31.3,32.2,32.3,31.733333333333324,31.599999999999998,31.571428571428573,0.2,8.4,0.7,0.2,3.100000000000001,2.585714285714286,2.564285714285714
2018-08-21,36.9,28.0,31.6,4.0,14.4,72,8,233,3,33.0,31.7,31.3,31.8,31.99999999999999,31.7,31.542857142857144,0.0,0.2,8.4,0.6,2.8666666666666676,2.5571428571428574,2.557142857142857
2018-08-22,36.4,28.2,32.1,0.6,12.2,70,8,234,3,31.6,33.0,31.7,30.9,32.099999999999994,31.67142857142857,31.578571428571426,4.0,0.0,0.2,5.1,1.4000000000000012,3.042857142857143,2.8214285714285716
2018-08-23,38.9,28.9,33.6,0.7,11.4,61,8,235,3,32.1,31.6,33.0,31.0,32.23333333333333,31.84285714285715,31.864285714285717,0.6,4.0,0.0,2.9,1.5333333333333343,2.4,1.9214285714285713
2018-08-24,38.9,29.5,33.8,0.0,14.6,55,8,236,3,33.6,32.1,31.6,32.2,32.43333333333333,32.214285714285715,32.114285714285714,0.7,0.6,4.0,0.7,1.7666666666666677,2.085714285714286,1.7
2018-08-25,38.4,28.6,33.0,0.0,11.5,56,8,237,3,33.8,33.6,32.1,31.3,33.16666666666666,32.44285714285714,32.278571428571425,0.0,0.7,0.6,8.4,0.43333333333333446,1.9857142857142858,1.6714285714285715
2018-08-26,36.6,29.1,32.4,0.1,10.8,57,8,238,3,33.0,33.8,33.6,31.7,33.46666666666666,32.68571428571428,32.26428571428571,0.0,0.0,0.7,0.2,0.2333333333333345,0.7857142857142857,1.6714285714285715
2018-08-27,37.8,27.4,32.6,0.7,10.9,59,8,239,3,32.4,33.0,33.8,33.0,33.066666666666656,32.785714285714285,32.19285714285714,0.1,0.0,0.0,0.0,0.03333333333333452,0.7714285714285715,1.6785714285714286
2018-08-28,39.3,28.3,33.7,0.0,11.5,51,8,240,3,32.6,32.4,33.0,31.6,32.66666666666666,32.72857142857143,32.214285714285715,0.7,0.1,0.0,4.0,0.26666666666666783,0.8714285714285713,1.7142857142857142
2018-08-29,39.1,29.4,33.9,0.0,9.9,50,8,241,3,33.7,32.6,32.4,32.1,32.9,33.02857142857143,32.35,0.0,0.7,0.1,0.6,0.26666666666666783,0.29999999999999993,1.6714285714285713
2018-08-30,40.3,29.7,34.8,0.0,10.7,44,8,242,3,33.9,33.7,32.6,33.6,33.39999999999999,33.285714285714285,32.56428571428572,0.0,0.0,0.7,0.7,0.2333333333333345,0.21428571428571425,1.307142857142857
2018-08-31,40.2,29.7,34.4,0.0,16.2,46,8,243,3,34.8,33.9,33.7,33.8,34.13333333333332,33.457142857142856,32.83571428571429,0.0,0.0,0.0,0.0,0.0,0.11428571428571428,1.1
2018-09-01,38.5,29.1,33.6,0.0,12.0,51,9,244,4,34.4,34.8,33.9,33.0,34.36666666666665,33.542857142857144,32.99285714285714,0.0,0.0,0.0,0.0,0.0,0.11428571428571428,1.05
2018-09-02,38.7,28.4,33.4,0.0,13.1,48,9,245,4,33.6,34.4,34.8,32.4,34.26666666666666,33.628571428571426,33.15714285714286,0.0,0.0,0.0,0.1,0.0,0.11428571428571428,0.45
2018-09-03,37.0,28.6,32.6,0.1,13.2,54,9,246,4,33.4,33.6,34.4,32.6,33.79999999999999,33.77142857142857,33.278571428571425,0.0,0.0,0.0,0.7,0.0,0.09999999999999999,0.43571428571428567
2018-09-04,37.5,29.1,32.9,0.0,13.4,55,9,247,4,32.6,33.4,33.6,33.7,33.19999999999999,33.77142857142857,33.25,0.1,0.0,0.0,0.0,0.03333333333333452,0.014285714285714287,0.4428571428571429
2018-09-05,38.8,28.8,33.8,0.0,9.8,47,9,248,4,32.9,32.6,33.4,33.9,32.96666666666666,33.65714285714286,33.34285714285714,0.0,0.1,0.0,0.0,0.03333333333333452,0.014285714285714287,0.1571428571428571
2018-09-06,39.9,28.5,34.1,0.0,9.0,44,9,249,4,33.8,32.9,32.6,34.8,33.09999999999999,33.64285714285714,33.464285714285715,0.0,0.0,0.1,0.0,0.03333333333333452,0.014285714285714287,0.11428571428571428
2018-09-07,38.3,29.2,33.5,0.0,13.2,47,9,250,4,34.1,33.8,32.9,34.4,33.59999999999999,33.542857142857144,33.5,0.0,0.0,0.0,0.0,0.0,0.014285714285714287,0.06428571428571428
2018-09-08,37.9,27.5,32.2,0.0,15.2,60,9,251,4,33.5,34.1,33.8,33.6,33.79999999999999,33.41428571428571,33.478571428571435,0.0,0.0,0.0,0.0,0.0,0.014285714285714287,0.06428571428571428
2018-09-09,32.7,28.6,30.9,0.1,11.8,66,9,252,4,32.2,33.5,34.1,33.4,33.26666666666666,33.214285714285715,33.42142857142857,0.0,0.0,0.0,0.0,0.0,0.014285714285714287,0.06428571428571428
2018-09-10,37.1,27.3,32.3,0.0,10.4,60,9,253,4,30.9,32.2,33.5,32.6,32.19999999999999,32.857142857142854,33.31428571428571,0.1,0.0,0.0,0.1,0.03333333333333452,0.028571428571428574,0.06428571428571428
2018-09-11,38.1,28.3,32.9,0.0,8.6,55,9,254,4,32.3,30.9,32.2,32.9,31.799999999999994,32.81428571428571,33.292857142857144,0.0,0.1,0.0,0.0,0.03333333333333452,0.014285714285714287,0.014285714285714287
2018-09-12,38.7,28.3,33.0,0.0,15.1,52,9,255,4,32.9,32.3,30.9,33.8,32.033333333333324,32.81428571428571,33.23571428571428,0.0,0.0,0.1,0.0,0.03333333333333452,0.014285714285714287,0.014285714285714287
2018-09-13,38.0,26.9,31.6,0.0,12.6,54,9,256,4,33.0,32.9,32.3,34.1,32.73333333333332,32.7,33.17142857142857,0.0,0.0,0.0,0.0,0.0,0.014285714285714287,0.014285714285714287
2018-09-14,35.9,26.4,30.7,0.0,18.2,57,9,257,4,31.6,33.0,32.9,33.5,32.49999999999999,32.34285714285714,32.94285714285714,0.0,0.0,0.0,0.0,0.0,0.014285714285714287,0.014285714285714287
2018-09-15,31.7,25.1,28.0,5.9,16.4,62,9,258,4,30.7,31.6,33.0,32.2,31.766666666666655,31.942857142857143,32.67857142857143,0.0,0.0,0.0,0.0,0.0,0.014285714285714287,0.014285714285714287
2018-09-16,34.2,23.5,28.4,0.0,9.7,56,9,259,4,28.0,30.7,31.6,30.9,30.09999999999999,31.342857142857145,32.278571428571425,5.9,0.0,0.0,0.1,1.966666666666668,0.8571428571428571,0.4357142857142858
2018-09-17,35.4,24.7,29.8,0.0,15.8,57,9,260,4,28.4,28.0,30.7,32.3,29.03333333333332,30.985714285714284,31.92142857142857,0.0,5.9,0.0,0.0,1.966666666666668,0.8428571428571429,0.4357142857142858
2018-09-18,37.2,24.8,30.7,0.0,9.9,52,9,261,4,29.8,28.4,28.0,32.9,28.73333333333332,30.62857142857143,31.721428571428568,0.0,0.0,5.9,0.0,1.966666666666668,0.8428571428571429,0.42857142857142866
2018-09-19,38.0,25.7,31.7,0.0,9.6,45,9,262,4,30.7,29.8,28.4,33.0,29.633333333333322,30.314285714285713,31.564285714285713,0.0,0.0,0.0,0.0,0.0,0.8428571428571429,0.42857142857142866
2018-09-20,38.0,25.0,31.5,0.0,8.2,47,9,263,4,31.7,30.7,29.8,31.6,30.733333333333324,30.12857142857143,31.414285714285715,0.0,0.0,0.0,0.0,0.0,0.8428571428571429,0.42857142857142866
2018-09-21,37.0,24.9,30.7,0.0,13.0,51,9,264,4,31.5,31.7,30.7,30.7,31.299999999999994,30.114285714285717,31.22857142857143,0.0,0.0,0.0,0.0,0.0,0.8428571428571429,0.42857142857142866
2018-09-22,33.9,25.8,29.3,1.1,16.8,64,9,265,4,30.7,31.5,31.7,28.0,31.299999999999986,30.11428571428571,31.028571428571432,0.0,0.0,0.0,5.9,0.0,0.8428571428571429,0.42857142857142866
2018-09-23,32.3,22.5,26.7,0.0,21.3,68,9,266,4,29.3,30.7,31.5,28.4,30.49999999999999,30.3,30.821428571428573,1.1,0.0,0.0,0.0,0.36666666666666786,0.15714285714285717,0.5071428571428572
2018-09-24,33.6,22.4,27.5,0.0,14.8,66,9,267,4,26.7,29.3,30.7,29.8,28.89999999999999,30.057142857142857,30.521428571428572,0.0,1.1,0.0,0.0,0.36666666666666786,0.15714285714285717,0.5
2018-09-25,33.9,22.3,27.9,0.0,9.0,64,9,268,4,27.5,26.7,29.3,30.7,27.833333333333325,29.728571428571428,30.178571428571427,0.0,0.0,1.1,0.0,0.36666666666666786,0.15714285714285717,0.5
2018-09-26,34.8,23.2,28.8,0.0,8.6,60,9,269,4,27.9,27.5,26.7,31.7,27.366666666666656,29.32857142857143,29.821428571428573,0.0,0.0,0.0,0.0,0.0,0.15714285714285717,0.5
2018-09-27,35.4,24.4,29.4,0.0,11.2,55,9,270,4,28.8,27.9,27.5,31.5,28.066666666666652,28.91428571428571,29.521428571428572,0.0,0.0,0.0,0.0,0.0,0.15714285714285717,0.5
2018-09-28,35.2,24.4,29.0,0.1,12.1,54,9,271,4,29.4,28.8,27.9,30.7,28.69999999999999,28.61428571428571,29.36428571428571,0.0,0.0,0.0,0.0,0.0,0.15714285714285717,0.5
2018-09-29,35.1,22.3,28.9,0.0,8.8,52,9,272,4,29.0,29.4,28.8,29.3,29.06666666666666,28.37142857142857,29.24285714285714,0.1,0.0,0.0,1.1,0.03333333333333452,0.17142857142857146,0.5071428571428572
2018-09-30,35.4,23.1,28.5,0.0,10.1,49,9,273,4,28.9,29.0,29.4,26.7,29.09999999999999,28.314285714285713,29.307142857142857,0.0,0.1,0.0,0.0,0.03333333333333452,0.014285714285714287,0.08571428571428573
2018-10-01,36.5,24.1,29.3,0.0,12.1,46,10,274,4,28.5,28.9,29.0,27.5,28.799999999999994,28.571428571428573,29.314285714285717,0.0,0.0,0.1,0.0,0.03333333333333452,0.014285714285714287,0.08571428571428573
2018-10-02,36.8,22.1,29.1,0.0,11.9,48,10,275,4,29.3,28.5,28.9,27.9,28.89999999999999,28.82857142857143,29.278571428571432,0.0,0.0,0.0,0.0,0.0,0.014285714285714287,0.08571428571428573
2018-10-03,36.0,22.9,28.6,0.0,23.5,47,10,276,4,29.1,29.3,28.5,28.8,28.966666666666658,29.0,29.164285714285715,0.0,0.0,0.0,0.0,0.0,0.014285714285714287,0.08571428571428573
2018-10-04,34.6,21.6,27.7,0.0,11.0,44,10,277,4,28.6,29.1,29.3,29.4,28.99999999999999,28.971428571428568,28.942857142857143,0.0,0.0,0.0,0.0,0.0,0.014285714285714287,0.08571428571428573
2018-10-05,33.9,21.0,26.8,0.0,11.8,43,10,278,4,27.7,28.6,29.1,29.0,28.466666666666658,28.72857142857143,28.67142857142857,0.0,0.0,0.0,0.1,0.0,0.014285714285714287,0.08571428571428573
2018-10-06,33.4,21.3,27.1,0.0,8.3,44,10,279,4,26.8,27.7,28.6,28.9,27.69999999999999,28.414285714285715,28.392857142857142,0.0,0.0,0.0,0.0,0.0,0.0,0.08571428571428573
2018-10-07,33.8,20.8,27.0,0.0,9.4,47,10,280,4,27.1,26.8,27.7,28.5,27.199999999999992,28.157142857142855,28.235714285714284,0.0,0.0,0.0,0.0,0.0,0.0,0.0071428571428571435
2018-10-08,34.6,21.8,27.9,0.0,14.7,43,10,281,4,27.0,27.1,26.8,29.3,26.966666666666658,27.942857142857143,28.257142857142856,0.0,0.0,0.0,0.0,0.0,0.0,0.0071428571428571435
2018-10-09,31.9,19.7,25.1,0.3,30.5,54,10,282,4,27.9,27.0,27.1,29.1,27.333333333333325,27.74285714285714,28.285714285714285,0.0,0.0,0.0,0.0,0.0,0.0,0.0071428571428571435
2018-10-10,31.9,19.2,25.5,0.0,9.7,46,10,283,4,25.1,27.9,27.0,28.6,26.666666666666657,27.17142857142857,28.085714285714285,0.3,0.0,0.0,0.0,0.10000000000000119,0.04285714285714286,0.028571428571428574
2018-10-11,31.6,18.6,24.6,0.0,9.8,50,10,284,4,25.5,25.1,27.9,27.7,26.166666666666657,26.728571428571428,27.849999999999998,0.0,0.3,0.0,0.0,0.10000000000000119,0.04285714285714286,0.02857142857142857
2018-10-12,31.2,18.1,24.3,0.0,8.7,58,10,285,4,24.6,25.5,25.1,26.8,25.06666666666666,26.285714285714285,27.50714285714286,0.0,0.0,0.3,0.0,0.10000000000000119,0.04285714285714286,0.02857142857142857
2018-10-13,31.6,18.2,24.9,0.0,10.6,47,10,286,4,24.3,24.6,25.5,27.1,24.799999999999994,25.928571428571427,27.171428571428574,0.0,0.0,0.0,0.0,0.0,0.04285714285714286,0.021428571428571425
2018-10-14,31.5,18.8,25.7,0.0,9.6,47,10,287,4,24.9,24.3,24.6,27.0,24.59999999999999,25.614285714285717,26.885714285714283,0.0,0.0,0.0,0.0,0.0,0.04285714285714286,0.021428571428571425
2018-10-15,32.3,19.3,25.2,0.0,11.4,47,10,288,4,25.7,24.9,24.3,27.9,24.966666666666658,25.428571428571427,26.685714285714283,0.0,0.0,0.0,0.0,0.0,0.04285714285714286,0.021428571428571425
2018-10-16,32.8,20.2,25.5,0.0,14.7,50,10,289,4,25.2,25.7,24.9,25.1,25.266666666666655,25.042857142857144,26.392857142857142,0.0,0.0,0.0,0.3,0.0,0.04285714285714286,0.021428571428571425
2018-10-17,31.1,18.5,24.1,0.0,13.5,52,10,290,4,25.5,25.2,25.7,25.5,25.466666666666658,25.1,26.13571428571429,0.0,0.0,0.0,0.0,0.0,0.0,0.021428571428571425
2018-10-18,31.4,18.8,25.0,0.0,10.0,42,10,291,4,24.1,25.5,25.2,24.6,24.933333333333323,24.900000000000002,25.814285714285713,0.0,0.0,0.0,0.0,0.0,0.0,0.021428571428571425
2018-10-19,31.4,17.4,24.0,0.0,10.9,40,10,292,4,25.0,24.1,25.5,24.3,24.866666666666656,24.957142857142856,25.62142857142857,0.0,0.0,0.0,0.0,0.0,0.0,0.021428571428571425
2018-10-20,31.3,17.1,23.7,0.0,11.5,41,10,293,4,24.0,25.0,24.1,24.9,24.366666666666656,24.914285714285715,25.42142857142857,0.0,0.0,0.0,0.0,0.0,0.0,0.021428571428571425
2018-10-21,30.8,16.2,23.0,0.0,10.9,43,10,294,4,23.7,24.0,25.0,25.7,24.233333333333324,24.74285714285714,25.178571428571427,0.0,0.0,0.0,0.0,0.0,0.0,0.021428571428571425
2018-10-22,30.8,17.7,23.3,0.0,10.6,45,10,295,4,23.0,23.7,24.0,25.2,23.56666666666666,24.357142857142858,24.892857142857142,0.0,0.0,0.0,0.0,0.0,0.0,0.021428571428571425
2018-10-23,31.0,17.1,23.3,0.0,11.5,40,10,296,4,23.3,23.0,23.7,25.5,23.333333333333325,24.085714285714285,24.564285714285713,0.0,0.0,0.0,0.0,0.0,0.0,0.021428571428571425
2018-10-24,30.6,16.6,22.9,0.0,10.5,43,10,297,4,23.3,23.3,23.0,24.1,23.19999999999999,23.771428571428572,24.435714285714287,0.0,0.0,0.0,0.0,0.0,0.0,0.0
2018-10-25,30.4,16.4,22.9,0.0,14.2,48,10,298,4,22.9,23.3,23.3,25.0,23.166666666666657,23.599999999999998,24.25,0.0,0.0,0.0,0.0,0.0,0.0,0.0
2018-10-26,30.6,17.4,23.2,0.0,14.1,52,10,299,4,22.9,22.9,23.3,24.0,23.03333333333332,23.3,24.12857142857143,0.0,0.0,0.0,0.0,0.0,0.0,0.0
2018-10-27,30.4,16.8,24.9,0.0,7.7,48,10,300,4,23.2,22.9,22.9,23.7,22.99999999999999,23.185714285714287,24.05,0.0,0.0,0.0,0.0,0.0,0.0,0.0
2018-10-28,30.5,18.6,24.7,0.0,7.5,53,10,301,4,24.9,23.2,22.9,23.0,23.666666666666657,23.357142857142858,24.05,0.0,0.0,0.0,0.0,0.0,0.0,0.0
2018-10-29,30.8,18.7,24.7,0.0,8.2,54,10,302,4,24.7,24.9,23.2,23.3,24.266666666666655,23.6,23.97857142857143,0.0,0.0,0.0,0.0,0.0,0.0,0.0
2018-10-30,30.8,18.8,24.2,0.0,10.6,56,10,303,4,24.7,24.7,24.9,23.3,24.766666666666655,23.8,23.942857142857143,0.0,0.0,0.0,0.0,0.0,0.0,0.0
2018-10-31,30.7,18.9,23.9,0.0,10.6,60,10,304,4,24.2,24.7,24.7,22.9,24.53333333333332,23.928571428571423,23.849999999999998,0.0,0.0,0.0,0.0,0.0,0.0,0.0
2018-11-01,30.6,18.8,24.3,0.0,21.6,60,11,305,4,23.9,24.2,24.7,22.9,24.266666666666655,24.071428571428573,23.835714285714285,0.0,0.0,0.0,0.0,0.0,0.0,0.0
2018-11-02,27.0,18.3,21.7,0.0,24.8,64,11,306,4,24.3,23.9,24.2,23.2,24.133333333333326,24.271428571428572,23.785714285714285,0.0,0.0,0.0,0.0,0.0,0.0,0.0
2018-11-03,24.7,15.3,19.6,0.0,17.8,61,11,307,4,21.7,24.3,23.9,24.9,23.299999999999986,24.057142857142853,23.62142857142857,0.0,0.0,0.0,0.0,0.0,0.0,0.0
2018-11-04,24.8,12.4,17.8,0.0,11.4,68,11,308,4,19.6,21.7,24.3,24.7,21.86666666666666,23.3,23.32857142857143,0.0,0.0,0.0,0.0,0.0,0.0,0.0
2018-11-05,25.6,12.5,18.0,0.0,10.6,53,11,309,4,17.8,19.6,21.7,24.7,19.699999999999992,22.314285714285713,22.95714285714286,0.0,0.0,0.0,0.0,0.0,0.0,0.0
2018-11-06,26.7,11.9,18.2,0.0,10.8,42,11,310,4,18.0,17.8,19.6,24.2,18.466666666666658,21.357142857142858,22.57857142857143,0.0,0.0,0.0,0.0,0.0,0.0,0.0
2018-11-07,27.3,12.1,19.4,0.0,9.7,42,11,311,4,18.2,18.0,17.8,23.9,17.99999999999999,20.5,22.214285714285715,0.0,0.0,0.0,0.0,0.0,0.0,0.0
2018-11-08,27.7,13.1,19.7,0.0,8.6,49,11,312,4,19.4,18.2,18.0,24.3,18.53333333333332,19.857142857142858,21.964285714285715,0.0,0.0,0.0,0.0,0.0,0.0,0.0
2018-11-09,27.5,13.6,19.8,0.0,10.5,55,11,313,4,19.7,19.4,18.2,21.7,19.09999999999999,19.199999999999996,21.735714285714284,0.0,0.0,0.0,0.0,0.0,0.0,0.0
2018-11-10,27.6,13.2,20.1,0.0,9.7,58,11,314,4,19.8,19.7,19.4,19.6,19.633333333333322,18.928571428571427,21.49285714285714,0.0,0.0,0.0,0.0,0.0,0.0,0.0
2018-11-11,26.4,15.7,20.0,0.0,12.8,62,11,315,4,20.1,19.8,19.7,17.8,19.86666666666666,19.0,21.150000000000002,0.0,0.0,0.0,0.0,0.0,0.0,0.0
2018-11-12,26.8,14.1,19.9,0.0,10.3,62,11,316,4,20.0,20.1,19.8,18.0,19.966666666666658,19.314285714285713,20.814285714285713,0.0,0.0,0.0,0.0,0.0,0.0,0.0
2018-11-13,23.4,14.6,19.0,3.3,17.3,66,11,317,4,19.9,20.0,20.1,18.2,19.99999999999999,19.585714285714285,20.471428571428568,0.0,0.0,0.0,0.0,0.0,0.0,0.0
2018-11-14,24.1,15.3,19.0,3.4,20.3,64,11,318,4,19.0,19.9,20.0,19.4,19.633333333333322,19.7,20.099999999999998,3.3,0.0,0.0,0.0,1.1000000000000012,0.4714285714285714,0.2357142857142857
2018-11-15,25.2,12.6,18.2,0.0,10.7,68,11,319,4,19.0,19.0,19.9,19.7,19.299999999999986,19.642857142857142,19.75,3.4,3.3,0.0,0.0,2.2333333333333343,0.9571428571428571,0.47857142857142854
2018-11-16,25.4,12.9,18.3,0.0,12.6,65,11,320,4,18.2,19.0,19.0,19.8,18.733333333333324,19.428571428571427,19.314285714285713,0.0,3.4,3.3,0.0,2.2333333333333343,0.9571428571428571,0.47857142857142854
2018-11-17,25.6,12.7,19.0,0.0,9.2,64,11,321,4,18.3,18.2,19.0,20.1,18.49999999999999,19.214285714285715,19.071428571428573,0.0,0.0,3.4,0.0,1.1333333333333344,0.9571428571428571,0.47857142857142854
2018-11-18,26.8,14.3,19.7,0.0,13.3,58,11,322,4,19.0,18.3,18.2,20.0,18.49999999999999,19.057142857142857,19.02857142857143,0.0,0.0,0.0,0.0,0.0,0.9571428571428571,0.47857142857142854
2018-11-19,26.8,14.4,19.6,0.0,10.9,62,11,323,4,19.7,19.0,18.3,19.9,18.99999999999999,19.014285714285712,19.16428571428571,0.0,0.0,0.0,0.0,0.0,0.9571428571428571,0.47857142857142854
2018-11-20,27.2,13.5,19.3,0.0,10.7,59,11,324,4,19.6,19.7,19.0,19.0,19.433333333333326,18.97142857142857,19.27857142857143,0.0,0.0,0.0,3.3,0.0,0.9571428571428571,0.47857142857142854
2018-11-21,27.3,12.8,19.1,0.0,10.4,55,11,325,4,19.3,19.6,19.7,19.0,19.53333333333332,19.014285714285712,19.357142857142858,0.0,0.0,0.0,3.4,0.0,0.4857142857142857,0.47857142857142854
2018-11-22,26.6,13.0,19.1,0.0,11.9,59,11,326,4,19.1,19.3,19.6,18.2,19.333333333333325,19.028571428571432,19.335714285714285,0.0,0.0,0.0,0.0,0.0,0.0,0.47857142857142854
2018-11-23,26.0,13.9,18.9,0.0,11.6,51,11,327,4,19.1,19.1,19.3,18.3,19.166666666666657,19.157142857142855,19.292857142857144,0.0,0.0,0.0,0.0,0.0,0.0,0.47857142857142854
2018-11-24,27.1,13.5,19.0,0.0,15.2,48,11,328,4,18.9,19.1,19.1,19.0,19.033333333333328,19.242857142857144,19.228571428571428,0.0,0.0,0.0,0.0,0.0,0.0,0.47857142857142854
2018-11-25,26.5,12.3,18.8,0.0,11.2,64,11,329,4,19.0,18.9,19.1,19.7,18.99999999999999,19.242857142857144,19.150000000000002,0.0,0.0,0.0,0.0,0.0,0.0,0.47857142857142854
2018-11-26,27.1,11.8,19.6,0.0,9.4,61,11,330,4,18.8,19.0,18.9,19.6,18.89999999999999,19.114285714285717,19.064285714285713,0.0,0.0,0.0,0.0,0.0,0.0,0.47857142857142854
2018-11-27,26.0,12.8,18.4,0.0,9.4,67,11,331,4,19.6,18.8,19.0,19.3,19.133333333333322,19.114285714285717,19.042857142857144,0.0,0.0,0.0,0.0,0.0,0.0,0.47857142857142854
2018-11-28,26.1,12.8,18.8,0.0,8.3,65,11,332,4,18.4,19.6,18.8,19.1,18.933333333333326,18.985714285714288,19.0,0.0,0.0,0.0,0.0,0.0,0.0,0.24285714285714285
2018-11-29,25.8,13.6,18.7,0.0,9.9,66,11,333,4,18.8,18.4,19.6,19.1,18.933333333333323,18.942857142857143,18.985714285714288,0.0,0.0,0.0,0.0,0.0,0.0,0.0
2018-11-30,26.8,10.8,18.1,0.0,12.5,61,11,334,4,18.7,18.8,18.4,18.9,18.633333333333322,18.885714285714283,19.021428571428572,0.0,0.0,0.0,0.0,0.0,0.0,0.0
2018-12-01,25.1,10.4,17.5,0.0,10.0,65,12,335,1,18.1,18.7,18.8,19.0,18.533333333333324,18.771428571428572,19.00714285714286,0.0,0.0,0.0,0.0,0.0,0.0,0.0
2018-12-02,25.7,12.2,17.8,0.0,11.3,64,12,336,1,17.5,18.1,18.7,18.8,18.09999999999999,18.557142857142857,18.900000000000002,0.0,0.0,0.0,0.0,0.0,0.0,0.0
2018-12-03,24.7,11.3,17.5,0.0,10.0,63,12,337,1,17.8,17.5,18.1,19.6,17.799999999999994,18.414285714285715,18.764285714285712,0.0,0.0,0.0,0.0,0.0,0.0,0.0
2018-12-04,24.7,11.5,17.6,0.0,9.6,63,12,338,1,17.5,17.8,17.5,18.4,17.59999999999999,18.114285714285714,18.614285714285717,0.0,0.0,0.0,0.0,0.0,0.0,0.0
2018-12-05,23.1,10.5,16.5,0.0,9.0,67,12,339,1,17.6,17.5,17.8,18.8,17.633333333333326,18.000000000000004,18.49285714285714,0.0,0.0,0.0,0.0,0.0,0.0,0.0
2018-12-06,23.1,11.1,15.8,0.0,9.4,72,12,340,1,16.5,17.6,17.5,18.7,17.199999999999992,17.67142857142857,18.307142857142857,0.0,0.0,0.0,0.0,0.0,0.0,0.0
2018-12-07,22.6,10.4,15.9,0.0,9.8,71,12,341,1,15.8,16.5,17.6,18.1,16.633333333333326,17.257142857142856,18.071428571428573,0.0,0.0,0.0,0.0,0.0,0.0,0.0
2018-12-08,22.6,9.1,16.2,0.0,9.1,63,12,342,1,15.9,15.8,16.5,17.5,16.066666666666656,16.942857142857143,17.857142857142858,0.0,0.0,0.0,0.0,0.0,0.0,0.0
2018-12-09,22.3,9.0,16.1,0.1,8.4,64,12,343,1,16.2,15.9,15.8,17.8,15.96666666666666,16.75714285714286,17.65714285714286,0.0,0.0,0.0,0.0,0.0,0.0,0.0
2018-12-10,18.6,12.2,14.5,3.9,19.1,81,12,344,1,16.1,16.2,15.9,17.5,16.06666666666666,16.514285714285716,17.464285714285715,0.1,0.0,0.0,0.0,0.03333333333333452,0.014285714285714287,0.0071428571428571435
2018-12-11,19.6,9.9,13.6,1.8,14.0,77,12,345,1,14.5,16.1,16.2,17.6,15.599999999999989,16.085714285714285,17.1,3.9,0.1,0.0,0.0,1.3333333333333346,0.5714285714285714,0.2857142857142857
2018-12-12,18.7,8.6,12.9,0.0,11.0,78,12,346,1,13.6,14.5,16.1,16.5,14.733333333333325,15.514285714285714,16.757142857142856,1.8,3.9,0.1,0.0,1.9333333333333345,0.8285714285714285,0.41428571428571426
2018-12-13,17.9,8.3,11.9,0.0,9.5,83,12,347,1,12.9,13.6,14.5,15.8,13.666666666666657,15.0,16.335714285714285,0.0,1.8,3.9,0.0,1.9000000000000012,0.8285714285714285,0.41428571428571426
2018-12-14,19.5,6.4,12.4,0.0,10.3,71,12,348,1,11.9,12.9,13.6,15.9,12.799999999999992,14.442857142857145,15.85,0.0,0.0,1.8,0.0,0.6000000000000012,0.8285714285714285,0.41428571428571426
2018-12-15,19.9,5.7,12.3,0.0,11.0,69,12,349,1,12.4,11.9,12.9,16.2,12.399999999999991,13.942857142857141,15.442857142857145,0.0,0.0,0.0,0.0,0.0,0.8285714285714285,0.41428571428571426
2018-12-16,20.5,5.0,12.1,0.0,10.9,68,12,350,1,12.3,12.4,11.9,16.1,12.199999999999994,13.385714285714288,15.071428571428571,0.0,0.0,0.0,0.1,0.0,0.8285714285714285,0.41428571428571426
2018-12-17,20.7,5.7,12.2,0.0,10.0,71,12,351,1,12.1,12.3,12.4,14.5,12.266666666666659,12.814285714285715,14.664285714285713,0.0,0.0,0.0,3.9,0.0,0.8142857142857143,0.41428571428571426
2018-12-18,21.9,5.7,12.6,0.0,12.6,70,12,352,1,12.2,12.1,12.3,13.6,12.19999999999999,12.485714285714286,14.285714285714286,0.0,0.0,0.0,1.8,0.0,0.2571428571428572,0.41428571428571426
2018-12-19,20.4,6.7,13.3,0.0,11.3,62,12,353,1,12.6,12.2,12.1,12.9,12.299999999999992,12.342857142857143,13.928571428571429,0.0,0.0,0.0,0.0,0.0,0.0,0.41428571428571426
2018-12-20,20.3,4.9,12.9,0.0,8.3,62,12,354,1,13.3,12.6,12.2,11.9,12.69999999999999,12.4,13.700000000000001,0.0,0.0,0.0,0.0,0.0,0.0,0.41428571428571426
2018-12-21,21.7,5.7,12.5,0.0,10.3,68,12,355,1,12.9,13.3,12.6,12.4,12.933333333333325,12.542857142857143,13.492857142857142,0.0,0.0,0.0,0.0,0.0,0.0,0.41428571428571426
2018-12-22,20.3,5.7,12.3,0.0,11.6,63,12,356,1,12.5,12.9,13.3,12.3,12.899999999999991,12.557142857142859,13.25,0.0,0.0,0.0,0.0,0.0,0.0,0.41428571428571426
2018-12-23,19.2,5.5,11.3,0.0,11.3,69,12,357,1,12.3,12.5,12.9,12.1,12.566666666666658,12.557142857142855,12.971428571428572,0.0,0.0,0.0,0.0,0.0,0.0,0.41428571428571426
2018-12-24,19.5,4.3,10.9,0.0,10.2,69,12,358,1,11.3,12.3,12.5,12.2,12.033333333333326,12.442857142857141,12.62857142857143,0.0,0.0,0.0,0.0,0.0,0.0,0.40714285714285714
2018-12-25,19.8,4.5,11.1,0.0,11.3,64,12,359,1,10.9,11.3,12.3,12.6,11.499999999999993,12.257142857142856,12.37142857142857,0.0,0.0,0.0,0.0,0.0,0.0,0.1285714285714286
2018-12-26,17.9,4.2,10.5,0.1,12.0,75,12,360,1,11.1,10.9,11.3,13.3,11.099999999999993,12.042857142857143,12.192857142857145,0.0,0.0,0.0,0.0,0.0,0.0,0.0
2018-12-27,18.7,4.0,10.6,0.0,10.0,77,12,361,1,10.5,11.1,10.9,12.9,10.833333333333327,11.642857142857142,12.021428571428572,0.1,0.0,0.0,0.0,0.03333333333333452,0.014285714285714287,0.0071428571428571435
2018-12-28,18.7,4.5,12.0,0.0,8.7,64,12,362,1,10.6,10.5,11.1,12.5,10.733333333333325,11.314285714285715,11.928571428571429,0.0,0.1,0.0,0.0,0.03333333333333452,0.014285714285714287,0.0071428571428571435
2018-12-29,19.5,4.0,11.6,0.0,9.7,67,12,363,1,12.0,10.6,10.5,12.3,11.033333333333324,11.242857142857144,11.9,0.0,0.0,0.1,0.0,0.03333333333333452,0.014285714285714287,0.0071428571428571435
2018-12-30,19.5,7.2,12.1,0.0,9.5,67,12,364,1,11.6,12.0,10.6,11.3,11.399999999999991,11.142857142857142,11.85,0.0,0.0,0.0,0.0,0.0,0.014285714285714287,0.0071428571428571435
2018-12-31,19.7,5.6,11.7,0.0,11.2,74,12,365,1,12.1,11.6,12.0,10.9,11.899999999999991,11.257142857142858,11.85,0.0,0.0,0.0,0.0,0.0,0.014285714285714287,0.0071428571428571435
2019-01-01,18.5,6.2,11.8,0.4,10.3,77,1,1,1,11.7,12.1,11.6,11.1,11.799999999999992,11.37142857142857,11.814285714285715,0.0,0.0,0.0,0.0,0.0,0.014285714285714287,0.0071428571428571435
2019-01-02,19.1,7.2,12.0,0.0,10.5,79,1,2,1,11.8,11.7,12.1,10.5,11.866666666666658,11.471428571428573,11.757142857142856,0.4,0.0,0.0,0.1,0.13333333333333452,0.07142857142857142,0.03571428571428571
2019-01-03,19.8,5.8,12.6,0.0,8.9,71,1,3,1,12.0,11.8,11.7,10.6,11.833333333333323,11.685714285714287,11.664285714285713,0.0,0.4,0.0,0.0,0.13333333333333452,0.05714285714285715,0.03571428571428571
2019-01-04,19.4,8.2,13.7,0.8,8.7,68,1,4,1,12.6,12.0,11.8,12.0,12.133333333333326,11.971428571428572,11.642857142857142,0.0,0.0,0.4,0.0,0.13333333333333452,0.05714285714285715,0.03571428571428571
2019-01-05,17.1,9.9,12.5,5.6,17.0,77,1,5,1,13.7,12.6,12.0,11.6,12.766666666666659,12.214285714285714,11.72857142857143,0.8,0.0,0.0,0.0,0.2666666666666679,0.17142857142857146,0.09285714285714286
2019-01-06,17.3,6.4,11.2,0.0,11.7,74,1,6,1,12.5,13.7,12.6,12.1,12.933333333333325,12.342857142857143,11.742857142857144,5.6,0.8,0.0,0.0,2.133333333333334,0.9714285714285714,0.4928571428571428
2019-01-07,18.2,5.1,11.7,0.0,10.0,70,1,7,1,11.2,12.5,13.7,11.7,12.466666666666656,12.214285714285714,11.735714285714284,0.0,5.6,0.8,0.0,2.133333333333334,0.9714285714285714,0.4928571428571428
2019-01-08,17.8,6.8,11.9,0.6,11.2,69,1,8,1,11.7,11.2,12.5,11.8,11.799999999999992,12.214285714285714,11.792857142857143,0.0,0.0,5.6,0.4,1.8666666666666678,0.9714285714285714,0.4928571428571428
2019-01-09,20.3,5.9,11.8,0.0,11.2,63,1,9,1,11.9,11.7,11.2,12.0,11.599999999999993,12.228571428571428,11.849999999999998,0.6,0.0,0.0,0.0,0.20000000000000118,0.9999999999999999,0.5357142857142857
2019-01-10,19.4,6.6,12.3,2.9,13.1,67,1,10,1,11.8,11.9,11.7,12.6,11.799999999999992,12.2,11.942857142857141,0.0,0.6,0.0,0.0,0.20000000000000118,0.9999999999999999,0.5285714285714286
2019-01-11,17.6,9.9,12.7,0.5,14.1,67,1,11,1,12.3,11.8,11.9,13.7,11.999999999999993,12.157142857142857,12.064285714285715,2.9,0.0,0.6,0.8,1.1666666666666679,1.4142857142857141,0.7357142857142858
2019-01-12,15.3,8.2,11.2,2.3,15.4,79,1,12,1,12.7,12.3,11.8,12.5,12.266666666666659,12.014285714285714,12.114285714285714,0.5,2.9,0.0,5.6,1.1333333333333344,1.3714285714285717,0.7714285714285715
2019-01-13,18.2,6.7,11.3,0.0,11.3,72,1,13,1,11.2,12.7,12.3,11.2,12.066666666666658,11.828571428571427,12.085714285714285,2.3,0.5,2.9,0.0,1.900000000000001,0.9,0.9357142857142857
2019-01-14,17.9,4.3,10.3,0.0,11.0,56,1,14,1,11.3,11.2,12.7,11.7,11.733333333333325,11.842857142857143,12.028571428571428,0.0,2.3,0.5,0.0,0.9333333333333345,0.9,0.9357142857142857
2019-01-15,19.4,4.5,11.0,0.0,10.9,58,1,15,1,10.3,11.3,11.2,11.9,10.933333333333325,11.642857142857142,11.928571428571429,0.0,0.0,2.3,0.6,0.7666666666666678,0.9,0.9357142857142857
2019-01-16,18.2,7.1,11.8,0.2,9.2,71,1,16,1,11.0,10.3,11.3,11.8,10.86666666666666,11.514285714285714,11.871428571428572,0.0,0.0,0.0,0.0,0.0,0.8142857142857143,0.9071428571428571
2019-01-17,19.9,3.6,11.9,0.0,9.4,65,1,17,1,11.8,11.0,10.3,12.3,11.033333333333326,11.514285714285714,11.857142857142858,0.2,0.0,0.0,2.9,0.06666666666666786,0.8428571428571429,0.9214285714285714
2019-01-18,19.5,5.8,12.3,0.0,8.8,65,1,18,1,11.9,11.8,11.0,12.7,11.566666666666658,11.457142857142857,11.807142857142859,0.0,0.2,0.0,0.5,0.06666666666666786,0.42857142857142855,0.9214285714285714
2019-01-19,19.9,7.2,13.4,0.0,8.5,63,1,19,1,12.3,11.9,11.8,11.2,11.999999999999993,11.4,11.707142857142857,0.0,0.0,0.2,2.3,0.06666666666666786,0.35714285714285715,0.8642857142857141
2019-01-20,18.2,8.7,12.4,3.1,13.6,76,1,20,1,13.4,12.3,11.9,11.3,12.533333333333326,11.714285714285714,11.771428571428572,0.0,0.0,0.0,0.0,0.0,0.028571428571428574,0.4642857142857143
2019-01-21,15.7,10.0,12.2,4.8,10.3,91,1,21,1,12.4,13.4,12.3,10.3,12.699999999999994,11.871428571428572,11.857142857142858,3.1,0.0,0.0,0.0,1.0333333333333345,0.4714285714285715,0.6857142857142857
2019-01-22,16.8,9.8,12.3,1.4,11.3,84,1,22,1,12.2,12.4,13.4,11.0,12.666666666666657,12.142857142857142,11.892857142857142,4.8,3.1,0.0,0.0,2.6333333333333346,1.157142857142857,1.0285714285714287
2019-01-23,15.5,7.0,10.3,2.5,10.0,88,1,23,1,12.3,12.2,12.4,11.8,12.299999999999992,12.328571428571431,11.921428571428573,1.4,4.8,3.1,0.2,3.100000000000001,1.3571428571428572,1.0857142857142859
2019-01-24,16.5,4.6,9.8,0.0,9.7,79,1,24,1,10.3,12.3,12.2,11.9,11.599999999999993,12.114285714285714,11.814285714285715,2.5,1.4,4.8,0.0,2.900000000000001,1.6857142857142857,1.2642857142857142
2019-01-25,16.5,4.2,10.6,0.0,8.7,65,1,25,1,9.8,10.3,12.3,12.3,10.799999999999992,11.814285714285715,11.635714285714286,0.0,2.5,1.4,0.0,1.300000000000001,1.6857142857142857,1.0571428571428572
2019-01-26,17.1,3.7,10.3,0.0,10.0,62,1,26,1,10.6,9.8,10.3,13.4,10.233333333333325,11.571428571428571,11.485714285714286,0.0,0.0,2.5,0.0,0.8333333333333343,1.6857142857142857,1.0214285714285716
2019-01-27,17.8,5.3,10.5,0.0,13.4,57,1,27,1,10.3,10.6,9.8,12.4,10.233333333333325,11.12857142857143,11.421428571428573,0.0,0.0,0.0,3.1,0.0,1.6857142857142857,0.8571428571428571
2019-01-28,18.8,4.7,10.8,0.0,11.0,53,1,28,1,10.5,10.3,10.6,12.2,10.46666666666666,10.857142857142858,11.364285714285714,0.0,0.0,0.0,4.8,0.0,1.2428571428571427,0.8571428571428571
2019-01-29,19.3,3.8,12.1,0.0,11.0,55,1,29,1,10.8,10.5,10.3,12.3,10.533333333333326,10.657142857142857,11.4,0.0,0.0,0.0,1.4,0.0,0.5571428571428573,0.8571428571428571
2019-01-30,14.8,9.2,11.5,3.7,12.0,71,1,30,1,12.1,10.8,10.5,10.3,11.133333333333326,10.62857142857143,11.478571428571428,0.0,0.0,0.0,2.5,0.0,0.35714285714285726,0.8571428571428571
2019-01-31,12.1,7.6,9.9,10.7,14.9,91,1,31,1,11.5,12.1,10.8,9.8,11.46666666666666,10.8,11.457142857142857,3.7,0.0,0.0,0.0,1.2333333333333343,0.5285714285714287,1.1071428571428572
2019-02-01,17.3,5.8,10.4,0.0,12.6,81,2,32,1,9.9,11.5,12.1,10.6,11.166666666666657,10.814285714285713,11.314285714285715,10.7,3.7,0.0,0.0,4.800000000000001,2.0571428571428574,1.8714285714285714
2019-02-02,19.1,6.1,11.8,0.0,9.2,74,2,33,1,10.4,9.9,11.5,10.3,10.599999999999993,10.785714285714286,11.178571428571429,0.0,10.7,3.7,0.0,4.800000000000001,2.0571428571428574,1.8714285714285714
2019-02-03,20.9,6.9,13.5,0.0,9.4,66,2,34,1,11.8,10.4,9.9,10.5,10.69999999999999,11.0,11.064285714285715,0.0,0.0,10.7,0.0,3.5666666666666678,2.0571428571428574,1.8714285714285714
2019-02-04,21.1,7.8,14.7,0.0,10.2,63,2,35,1,13.5,11.8,10.4,10.8,11.899999999999991,11.428571428571429,11.142857142857142,0.0,0.0,0.0,0.0,0.0,2.0571428571428574,1.65
2019-02-05,21.4,11.4,15.8,0.4,8.5,65,2,36,1,14.7,13.5,11.8,12.1,13.333333333333327,11.985714285714284,11.321428571428571,0.0,0.0,0.0,0.0,0.0,2.0571428571428574,1.307142857142857
2019-02-06,17.9,11.4,13.8,2.1,15.2,77,2,37,1,15.8,14.7,13.5,11.5,14.666666666666657,12.514285714285714,11.571428571428571,0.4,0.0,0.0,3.7,0.13333333333333452,2.1142857142857143,1.2357142857142855
2019-02-07,16.1,7.9,11.3,4.3,16.6,85,2,38,1,13.8,15.8,14.7,9.9,14.766666666666659,12.842857142857143,11.821428571428571,2.1,0.4,0.0,10.7,0.8333333333333345,1.885714285714286,1.207142857142857
2019-02-08,16.3,7.2,10.9,0.2,13.6,79,2,39,1,11.3,13.8,15.8,10.4,13.633333333333326,13.042857142857143,11.928571428571429,4.3,2.1,0.4,0.0,2.266666666666668,0.9714285714285716,1.5142857142857142
2019-02-09,19.2,5.2,11.5,0.0,11.2,68,2,40,1,10.9,11.3,13.8,11.8,11.999999999999991,13.114285714285716,11.950000000000001,0.2,4.3,2.1,0.0,2.200000000000001,1.0000000000000002,1.5285714285714285
2019-02-10,20.0,7.5,13.2,0.0,10.2,62,2,41,1,11.5,10.9,11.3,13.5,11.233333333333325,13.071428571428571,12.035714285714286,0.0,0.2,4.3,0.0,1.500000000000001,1.0000000000000002,1.5285714285714285
2019-02-11,20.2,10.4,15.1,0.0,8.0,61,2,42,1,13.2,11.5,10.9,14.7,11.866666666666658,13.028571428571428,12.22857142857143,0.0,0.0,0.2,0.0,0.06666666666666786,1.0000000000000002,1.5285714285714285
2019-02-12,19.9,11.8,15.0,0.0,9.4,68,2,43,1,15.1,13.2,11.5,15.8,13.266666666666659,13.085714285714287,12.535714285714286,0.0,0.0,0.0,0.4,0.0,1.0000000000000002,1.5285714285714285
2019-02-13,19.4,9.9,14.2,0.2,9.2,75,2,44,1,15.0,15.1,13.2,13.8,14.433333333333325,12.971428571428573,12.742857142857144,0.0,0.0,0.0,2.1,0.0,0.9428571428571431,1.5285714285714285
2019-02-14,18.3,9.2,13.1,4.0,12.5,83,2,45,1,14.2,15.0,15.1,11.3,14.766666666666659,13.028571428571427,12.935714285714285,0.2,0.0,0.0,4.3,0.06666666666666786,0.6714285714285717,1.2785714285714285
2019-02-15,20.0,7.1,13.0,0.0,11.2,75,2,46,1,13.1,14.2,15.0,10.9,14.099999999999989,13.285714285714286,13.164285714285715,4.0,0.2,0.0,0.2,1.4000000000000012,0.6285714285714289,0.7999999999999999
2019-02-16,21.0,6.9,13.6,0.0,10.0,66,2,47,1,13.0,13.1,14.2,11.5,13.433333333333323,13.585714285714285,13.35,0.0,4.0,0.2,0.0,1.4000000000000012,0.6000000000000002,0.7999999999999999
2019-02-17,20.0,8.8,13.9,2.7,10.8,63,2,48,1,13.6,13.0,13.1,13.2,13.233333333333325,13.885714285714284,13.47857142857143,0.0,0.0,4.0,0.0,1.3333333333333346,0.6000000000000002,0.7999999999999999
2019-02-18,20.3,8.8,13.8,4.4,17.1,76,2,49,1,13.9,13.6,13.0,15.1,13.499999999999991,13.985714285714286,13.507142857142858,2.7,0.0,0.0,0.0,0.9000000000000012,0.985714285714286,0.9928571428571429
2019-02-19,19.8,7.8,13.0,1.0,14.4,80,2,50,1,13.8,13.9,13.6,15.0,13.766666666666659,13.799999999999999,13.442857142857141,4.4,2.7,0.0,0.0,2.366666666666668,1.6142857142857145,1.3071428571428572
2019-02-20,19.5,10.7,14.7,6.3,15.4,85,2,51,1,13.0,13.8,13.9,14.2,13.566666666666658,13.514285714285714,13.242857142857144,1.0,4.4,2.7,0.2,2.7000000000000015,1.7571428571428576,1.35
2019-02-21,19.9,10.3,15.1,17.0,14.3,77,2,52,1,14.7,13.0,13.8,13.1,13.833333333333323,13.585714285714287,13.307142857142859,6.3,1.0,4.4,4.0,3.900000000000001,2.628571428571429,1.6500000000000001
2019-02-22,20.0,7.9,12.9,0.0,11.8,74,2,53,1,15.1,14.7,13.0,13.0,14.266666666666659,13.87142857142857,13.578571428571427,17.0,6.3,1.0,0.0,8.100000000000001,4.485714285714286,2.557142857142857
2019-02-23,21.0,7.7,13.3,0.0,10.8,63,2,54,1,12.9,15.1,14.7,13.6,14.233333333333325,13.857142857142858,13.721428571428572,0.0,17.0,6.3,0.0,7.766666666666668,4.485714285714286,2.5428571428571436
2019-02-24,20.8,7.7,13.3,2.4,12.5,70,2,55,1,13.3,12.9,15.1,13.9,13.766666666666659,13.814285714285715,13.85,0.0,0.0,17.0,2.7,5.666666666666668,4.485714285714286,2.5428571428571436
2019-02-25,18.5,8.1,12.9,0.6,15.3,75,2,56,1,13.3,13.3,12.9,13.8,13.166666666666657,13.728571428571428,13.857142857142858,2.4,0.0,0.0,4.4,0.8000000000000012,4.442857142857143,2.714285714285715
2019-02-26,18.1,7.2,12.2,0.1,16.7,78,2,57,1,12.9,13.3,13.3,13.0,13.166666666666659,13.6,13.700000000000001,0.6,2.4,0.0,1.0,1.000000000000001,3.9,2.757142857142857
2019-02-27,17.4,7.2,11.9,1.8,14.7,74,2,58,1,12.2,12.9,13.3,14.7,12.799999999999992,13.485714285714286,13.5,0.1,0.6,2.4,6.3,1.0333333333333345,3.771428571428572,2.7642857142857147
2019-02-28,19.9,7.3,13.3,0.0,11.3,65,2,59,1,11.9,12.2,12.9,15.1,12.333333333333323,13.085714285714285,13.335714285714287,1.8,0.1,0.6,17.0,0.8333333333333345,3.1285714285714286,2.878571428571429
2019-03-01,19.1,9.2,13.1,0.0,19.8,66,3,60,2,13.3,11.9,12.2,12.9,12.46666666666666,12.828571428571431,13.349999999999998,0.0,1.8,0.1,0.0,0.6333333333333345,0.7000000000000001,2.592857142857143
2019-03-02,13.9,10.9,12.0,11.1,18.4,85,3,61,2,13.1,13.3,11.9,13.3,12.766666666666659,12.857142857142858,13.357142857142858,0.0,0.0,1.8,0.0,0.6000000000000012,0.7000000000000001,2.592857142857143
2019-03-03,15.7,10.3,12.3,6.2,15.8,89,3,62,2,12.0,13.1,13.3,13.3,12.799999999999992,12.671428571428573,13.242857142857144,11.1,0.0,0.0,2.4,3.700000000000001,2.2857142857142856,3.385714285714286
2019-03-04,19.7,9.3,13.8,0.2,10.8,78,3,63,2,12.3,12.0,13.1,12.9,12.46666666666666,12.528571428571428,13.128571428571428,6.2,11.1,0.0,0.6,5.766666666666668,2.8285714285714287,3.6357142857142857
2019-03-05,21.8,9.0,15.4,0.0,7.6,68,3,64,2,13.8,12.3,12.0,12.2,12.69999999999999,12.657142857142857,13.12857142857143,0.2,6.2,11.1,0.1,5.833333333333335,2.771428571428572,3.335714285714286
2019-03-06,22.9,10.0,17.0,0.0,9.5,60,3,65,2,15.4,13.8,12.3,11.9,13.833333333333323,13.114285714285714,13.3,0.0,0.2,6.2,1.8,2.1333333333333346,2.757142857142857,3.2642857142857147
2019-03-07,22.0,11.6,16.5,0.2,15.6,62,3,66,2,17.0,15.4,13.8,13.3,15.399999999999991,13.842857142857143,13.464285714285714,0.0,0.0,0.2,0.0,0.06666666666666786,2.5,2.8142857142857145
2019-03-08,21.0,11.6,15.4,0.1,13.8,70,3,67,2,16.5,17.0,15.4,13.1,16.299999999999994,14.299999999999999,13.564285714285715,0.2,0.0,0.0,0.0,0.06666666666666786,2.5285714285714285,1.6142857142857143
2019-03-09,23.4,10.1,15.9,0.0,10.2,66,3,68,2,15.4,16.5,17.0,12.0,16.299999999999994,14.62857142857143,13.742857142857144,0.1,0.2,0.0,11.1,0.1000000000000012,2.542857142857143,1.6214285714285714
2019-03-10,24.0,10.1,16.6,0.1,10.2,55,3,69,2,15.9,15.4,16.5,12.3,15.933333333333325,15.185714285714285,13.928571428571429,0.0,0.1,0.2,6.2,0.1000000000000012,0.9571428571428572,1.6214285714285714
2019-03-11,19.8,12.0,15.2,4.8,13.0,76,3,70,2,16.6,15.9,15.4,13.8,15.96666666666666,15.8,14.164285714285715,0.1,0.0,0.1,0.2,0.06666666666666786,0.08571428571428573,1.4571428571428573
2019-03-12,21.7,10.2,15.0,0.0,12.7,75,3,71,2,15.2,16.6,15.9,15.4,15.899999999999991,16.0,14.328571428571427,4.8,0.1,0.0,0.0,1.6333333333333344,0.7428571428571429,1.7571428571428573
2019-03-13,22.7,10.4,16.0,0.0,9.5,65,3,72,2,15.0,15.2,16.6,17.0,15.599999999999993,15.942857142857141,14.528571428571428,0.0,4.8,0.1,0.0,1.6333333333333344,0.7428571428571429,1.75
2019-03-14,20.5,11.3,15.3,5.6,13.2,73,3,73,2,16.0,15.0,15.2,16.5,15.399999999999991,15.799999999999999,14.821428571428571,0.0,0.0,4.8,0.2,1.6000000000000012,0.7428571428571429,1.6214285714285717
2019-03-15,23.0,9.9,15.9,0.0,10.0,69,3,74,2,15.3,16.0,15.0,15.4,15.433333333333325,15.62857142857143,14.964285714285714,5.6,0.0,0.0,0.1,1.8666666666666678,1.5142857142857142,2.0214285714285714
2019-03-16,24.4,10.5,17.4,0.0,9.4,58,3,75,2,15.9,15.3,16.0,15.9,15.733333333333325,15.7,15.164285714285713,0.0,5.6,0.0,0.0,1.8666666666666678,1.5,2.0214285714285714
2019-03-17,26.4,11.8,18.6,0.0,11.7,54,3,76,2,17.4,15.9,15.3,16.6,16.199999999999992,15.914285714285715,15.549999999999999,0.0,0.0,5.6,0.1,1.8666666666666678,1.5,1.2285714285714284
2019-03-18,26.4,12.8,19.9,0.0,10.2,50,3,77,2,18.6,17.4,15.9,15.2,17.29999999999999,16.2,16.0,0.0,0.0,0.0,4.8,0.0,1.4857142857142858,0.7857142857142857
2019-03-19,28.1,14.3,20.7,0.1,17.9,55,3,78,2,19.9,18.6,17.4,15.0,18.633333333333322,16.871428571428574,16.435714285714287,0.0,0.0,0.0,0.0,0.0,0.7999999999999999,0.7714285714285714
2019-03-20,24.5,14.2,18.6,1.7,21.8,68,3,79,2,20.7,19.9,18.6,16.0,19.733333333333324,17.685714285714287,16.814285714285713,0.1,0.0,0.0,0.0,0.03333333333333452,0.8142857142857142,0.7785714285714285
2019-03-21,25.9,12.7,18.6,0.0,11.8,59,3,80,2,18.6,20.7,19.9,15.3,19.733333333333324,18.057142857142857,16.928571428571427,1.7,0.1,0.0,5.6,0.6000000000000012,1.0571428571428572,0.9
2019-03-22,27.5,12.7,19.9,0.0,10.1,50,3,81,2,18.6,18.6,20.7,15.9,19.299999999999994,18.52857142857143,17.07857142857143,0.0,1.7,0.1,0.0,0.6000000000000012,0.2571428571428572,0.8857142857142858
2019-03-23,24.8,15.3,19.3,0.5,15.8,63,3,82,2,19.9,18.6,18.6,17.4,19.03333333333332,19.1,17.4,0.0,0.0,1.7,0.0,0.5666666666666679,0.2571428571428572,0.8785714285714284
2019-03-24,25.8,13.5,19.2,0.6,8.9,66,3,83,2,19.3,19.9,18.6,18.6,19.26666666666666,19.37142857142857,17.642857142857142,0.5,0.0,0.0,0.0,0.16666666666666785,0.32857142857142857,0.9142857142857143
2019-03-25,29.0,15.6,21.2,0.0,12.3,52,3,84,2,19.2,19.3,19.9,19.9,19.466666666666658,19.45714285714286,17.82857142857143,0.6,0.5,0.0,0.0,0.36666666666666786,0.41428571428571426,0.95
2019-03-26,30.9,14.3,22.4,0.0,13.5,47,3,85,2,21.2,19.2,19.3,20.7,19.899999999999988,19.642857142857142,18.257142857142856,0.0,0.6,0.5,0.1,0.36666666666666786,0.41428571428571426,0.6071428571428571
2019-03-27,32.4,18.1,25.0,0.0,10.2,50,3,86,2,22.4,21.2,19.2,18.6,20.933333333333323,19.885714285714283,18.785714285714285,0.0,0.0,0.6,1.7,0.20000000000000118,0.39999999999999997,0.6071428571428571
2019-03-28,33.1,19.1,25.7,0.0,8.6,56,3,87,2,25.0,22.4,21.2,18.6,22.866666666666656,20.8,19.428571428571427,0.0,0.0,0.0,0.0,0.0,0.15714285714285717,0.6071428571428571
2019-03-29,31.5,20.8,25.8,0.0,14.3,54,3,88,2,25.7,25.0,22.4,19.9,24.366666666666656,21.814285714285713,20.17142857142857,0.0,0.0,0.0,0.0,0.0,0.15714285714285717,0.20714285714285713
2019-03-30,31.8,18.7,25.1,0.0,18.8,45,3,89,2,25.8,25.7,25.0,19.3,25.49999999999999,22.657142857142855,20.87857142857143,0.0,0.0,0.0,0.5,0.0,0.15714285714285717,0.20714285714285713
2019-03-31,32.2,17.0,24.3,0.0,18.3,32,3,90,2,25.1,25.8,25.7,19.2,25.53333333333332,23.485714285714288,21.428571428571427,0.0,0.0,0.0,0.6,0.0,0.08571428571428572,0.20714285714285713
2019-04-01,34.2,17.3,25.3,0.0,18.1,32,4,91,2,24.3,25.1,25.8,21.2,25.06666666666666,24.214285714285715,21.835714285714285,0.0,0.0,0.0,0.0,0.0,0.0,0.20714285714285713
2019-04-02,34.2,18.9,26.6,0.0,11.7,33,4,92,2,25.3,24.3,25.1,22.4,24.89999999999999,24.8,22.221428571428568,0.0,0.0,0.0,0.0,0.0,0.0,0.20714285714285713
2019-04-03,35.6,18.5,27.0,0.0,12.0,38,4,93,2,26.6,25.3,24.3,25.0,25.39999999999999,25.400000000000002,22.642857142857142,0.0,0.0,0.0,0.0,0.0,0.0,0.19999999999999998
2019-04-04,36.3,20.3,28.3,0.0,10.8,39,4,94,2,27.0,26.6,25.3,25.7,26.299999999999994,25.685714285714287,23.242857142857144,0.0,0.0,0.0,0.0,0.0,0.0,0.07857142857142858
2019-04-05,36.9,21.0,28.6,0.2,15.5,42,4,95,2,28.3,27.0,26.6,25.8,27.299999999999994,26.057142857142857,23.935714285714287,0.0,0.0,0.0,0.0,0.0,0.0,0.07857142857142858
2019-04-06,36.8,20.7,28.1,0.0,18.4,42,4,96,2,28.6,28.3,27.0,25.1,27.966666666666658,26.457142857142856,24.557142857142857,0.2,0.0,0.0,0.0,0.06666666666666786,0.028571428571428574,0.09285714285714286
2019-04-07,36.2,19.1,27.3,0.0,16.6,46,4,97,2,28.1,28.6,28.3,24.3,28.333333333333325,26.88571428571429,25.185714285714287,0.0,0.2,0.0,0.0,0.06666666666666786,0.028571428571428574,0.05714285714285715
2019-04-08,34.8,21.2,27.7,0.0,10.7,42,4,98,2,27.3,28.1,28.6,25.3,27.99999999999999,27.314285714285713,25.764285714285716,0.0,0.0,0.2,0.0,0.06666666666666786,0.028571428571428574,0.014285714285714287
2019-04-09,35.9,21.1,28.3,0.0,18.2,42,4,99,2,27.7,27.3,28.1,26.6,27.69999999999999,27.657142857142862,26.228571428571428,0.0,0.0,0.0,0.0,0.0,0.028571428571428574,0.014285714285714287
2019-04-10,34.6,21.2,27.7,0.0,13.5,43,4,100,2,28.3,27.7,27.3,27.0,27.766666666666662,27.9,26.650000000000002,0.0,0.0,0.0,0.0,0.0,0.028571428571428574,0.014285714285714287
2019-04-11,35.0,21.5,27.9,0.1,15.6,41,4,101,2,27.7,28.3,27.7,28.3,27.89999999999999,28.000000000000004,26.842857142857145,0.0,0.0,0.0,0.0,0.0,0.028571428571428574,0.014285714285714287
2019-04-12,32.8,22.0,27.2,0.3,13.5,49,4,102,2,27.9,27.7,28.3,28.6,27.966666666666654,27.942857142857143,27.0,0.1,0.0,0.0,0.2,0.03333333333333452,0.042857142857142864,0.021428571428571432
2019-04-13,32.7,22.2,26.4,0.2,12.6,57,4,103,2,27.2,27.9,27.7,28.1,27.59999999999999,27.742857142857144,27.099999999999998,0.3,0.1,0.0,0.0,0.13333333333333452,0.05714285714285714,0.04285714285714286
2019-04-14,33.2,21.9,27.2,0.0,10.4,56,4,104,2,26.4,27.2,27.9,27.3,27.166666666666657,27.5,27.192857142857143,0.2,0.3,0.1,0.0,0.20000000000000118,0.08571428571428572,0.05714285714285715
2019-04-15,35.1,21.5,26.8,4.9,24.3,59,4,105,2,27.2,26.4,27.2,27.7,26.933333333333323,27.485714285714288,27.400000000000002,0.0,0.2,0.3,0.0,0.16666666666666785,0.08571428571428572,0.05714285714285715
2019-04-16,29.8,19.1,22.6,8.9,24.3,74,4,106,2,26.8,27.2,26.4,28.3,26.799999999999994,27.357142857142858,27.50714285714286,4.9,0.0,0.2,0.0,1.7000000000000013,0.7857142857142857,0.40714285714285714
2019-04-17,23.6,16.8,19.3,9.8,13.7,86,4,107,2,22.6,26.8,27.2,27.7,25.53333333333332,26.542857142857144,27.22142857142857,8.9,4.9,0.0,0.0,4.600000000000001,2.0571428571428574,1.042857142857143
2019-04-18,24.9,15.6,20.3,0.4,8.9,76,4,108,2,19.3,22.6,26.8,27.9,22.89999999999999,25.342857142857138,26.67142857142857,9.8,8.9,4.9,0.1,7.866666666666668,3.4571428571428577,1.7428571428571427
2019-04-19,29.2,16.4,23.1,0.0,8.5,62,4,109,2,20.3,19.3,22.6,27.2,20.733333333333324,24.25714285714286,26.099999999999998,0.4,9.8,8.9,0.3,6.366666666666667,3.5,1.7714285714285716
2019-04-20,31.5,18.3,25.5,0.0,9.4,53,4,110,2,23.1,20.3,19.3,26.4,20.89999999999999,23.67142857142857,25.70714285714286,0.0,0.4,9.8,0.2,3.4000000000000017,3.4571428571428577,1.7571428571428573
2019-04-21,33.7,20.5,26.9,0.0,18.2,53,4,111,2,25.5,23.1,20.3,27.2,22.966666666666658,23.542857142857144,25.521428571428572,0.0,0.0,0.4,0.0,0.13333333333333452,3.4285714285714284,1.7571428571428573
2019-04-22,36.6,20.9,29.2,0.0,9.0,49,4,112,2,26.9,25.5,23.1,26.8,25.166666666666657,23.5,25.49285714285714,0.0,0.0,0.0,4.9,0.0,3.4285714285714284,1.7571428571428573
2019-04-23,39.0,22.7,30.4,0.2,19.6,46,4,113,2,29.2,26.9,25.5,22.6,27.19999999999999,23.842857142857138,25.599999999999998,0.0,0.0,0.0,8.9,0.0,2.7285714285714286,1.7571428571428573
2019-04-24,35.9,23.0,27.9,0.0,24.3,49,4,114,2,30.4,29.2,26.9,19.3,28.833333333333325,24.957142857142856,25.75,0.2,0.0,0.0,9.8,0.06666666666666786,1.4857142857142858,1.7714285714285716
2019-04-25,35.4,21.6,27.8,0.2,17.6,49,4,115,2,27.9,30.4,29.2,20.3,29.166666666666657,26.185714285714287,25.764285714285712,0.0,0.2,0.0,0.4,0.06666666666666786,0.08571428571428573,1.7714285714285716
2019-04-26,36.3,22.3,28.4,0.0,13.0,46,4,116,2,27.8,27.9,30.4,23.1,28.69999999999999,27.25714285714286,25.75714285714286,0.2,0.0,0.2,0.0,0.13333333333333452,0.05714285714285715,1.7785714285714285
2019-04-27,37.2,21.5,28.9,0.0,13.5,42,4,117,2,28.4,27.8,27.9,25.5,28.03333333333332,28.014285714285712,25.842857142857138,0.0,0.2,0.0,0.0,0.06666666666666786,0.05714285714285715,1.757142857142857
2019-04-28,38.1,22.3,29.7,0.0,10.5,35,4,118,2,28.9,28.4,27.8,26.9,28.366666666666656,28.5,26.021428571428572,0.0,0.0,0.2,0.0,0.06666666666666786,0.05714285714285715,1.7428571428571427
2019-04-29,38.3,21.9,30.2,0.0,9.9,30,4,119,2,29.7,28.9,28.4,29.2,28.99999999999999,28.9,26.2,0.0,0.0,0.0,0.0,0.0,0.05714285714285715,1.7428571428571427
2019-04-30,37.2,24.7,30.4,0.0,26.0,28,4,120,2,30.2,29.7,28.9,30.4,29.59999999999999,29.042857142857144,26.442857142857143,0.0,0.0,0.0,0.2,0.0,0.05714285714285715,1.3928571428571428
2019-05-01,37.2,24.1,30.3,0.0,20.3,26,5,121,2,30.4,30.2,29.7,27.9,30.09999999999999,29.042857142857144,27.0,0.0,0.0,0.0,0.0,0.0,0.028571428571428574,0.7571428571428571
2019-05-02,36.0,22.3,29.1,0.0,13.7,25,5,122,2,30.3,30.4,30.2,27.8,30.299999999999986,29.385714285714283,27.785714285714285,0.0,0.0,0.0,0.2,0.0,0.028571428571428574,0.057142857142857016
2019-05-03,34.8,21.9,28.0,0.0,17.4,32,5,123,2,29.1,30.3,30.4,28.4,29.933333333333323,29.571428571428566,28.414285714285715,0.0,0.0,0.0,0.0,0.0,0.0,0.028571428571428446
2019-05-04,36.9,20.4,29.6,0.0,11.5,26,5,124,2,28.0,29.1,30.3,28.9,29.133333333333326,29.514285714285712,28.764285714285712,0.0,0.0,0.0,0.0,0.0,0.0,0.028571428571428446
2019-05-05,37.9,21.4,30.7,0.0,11.3,26,5,125,2,29.6,28.0,29.1,29.7,28.89999999999999,29.614285714285717,29.057142857142853,0.0,0.0,0.0,0.0,0.0,0.0,0.028571428571428446
2019-05-06,39.1,22.3,30.5,0.0,13.4,23,5,126,2,30.7,29.6,28.0,30.2,29.433333333333323,29.75714285714286,29.32857142857143,0.0,0.0,0.0,0.0,0.0,0.0,0.028571428571428446
2019-05-07,39.1,22.6,31.2,0.0,13.7,23,5,127,2,30.5,30.7,29.6,30.4,30.266666666666655,29.8,29.421428571428574,0.0,0.0,0.0,0.0,0.0,0.0,0.028571428571428446
2019-05-08,40.9,24.9,32.4,0.0,13.0,22,5,128,2,31.2,30.5,30.7,30.3,30.799999999999994,29.91428571428571,29.478571428571428,0.0,0.0,0.0,0.0,0.0,0.0,0.01428571428571416
2019-05-09,40.7,23.9,32.5,0.0,12.2,23,5,129,2,32.4,31.2,30.5,29.1,31.366666666666656,30.214285714285715,29.8,0.0,0.0,0.0,0.0,0.0,0.0,0.01428571428571416
2019-05-10,38.6,25.4,32.4,0.0,13.4,25,5,130,2,32.5,32.4,31.2,28.0,32.033333333333324,30.7,30.135714285714283,0.0,0.0,0.0,0.0,0.0,0.0,0.0
2019-05-11,37.7,24.8,30.3,0.0,10.4,34,5,131,2,32.4,32.5,32.4,29.6,32.433333333333316,31.32857142857143,30.421428571428574,0.0,0.0,0.0,0.0,0.0,0.0,0.0
2019-05-12,36.5,23.6,30.1,0.0,9.3,39,5,132,2,30.3,32.4,32.5,30.7,31.733333333333324,31.428571428571423,30.52142857142857,0.0,0.0,0.0,0.0,0.0,0.0,0.0
2019-05-13,35.4,25.1,30.3,0.0,20.3,39,5,133,2,30.1,30.3,32.4,30.5,30.933333333333323,31.342857142857145,30.55,0.0,0.0,0.0,0.0,0.0,0.0,0.0
2019-05-14,35.3,23.2,28.9,0.0,12.0,44,5,134,2,30.3,30.1,30.3,31.2,30.233333333333324,31.314285714285713,30.557142857142857,0.0,0.0,0.0,0.0,0.0,0.0,0.0
2019-05-15,35.1,23.5,28.9,0.0,16.1,46,5,135,2,28.9,30.3,30.1,32.4,29.766666666666662,30.985714285714288,30.45,0.0,0.0,0.0,0.0,0.0,0.0,0.0
2019-05-16,32.8,22.9,27.9,0.0,8.9,53,5,136,2,28.9,28.9,30.3,32.5,29.366666666666656,30.485714285714288,30.35,0.0,0.0,0.0,0.0,0.0,0.0,0.0
2019-05-17,29.7,23.3,25.6,7.4,14.6,69,5,137,2,27.9,28.9,28.9,32.4,28.566666666666652,29.82857142857143,30.264285714285712,0.0,0.0,0.0,0.0,0.0,0.0,0.0
2019-05-18,32.7,21.3,27.0,0.0,10.1,62,5,138,2,25.6,27.9,28.9,30.3,27.466666666666658,28.857142857142858,30.092857142857145,7.4,0.0,0.0,0.0,2.466666666666668,1.0571428571428572,0.5285714285714285
2019-05-19,36.0,22.8,29.4,0.0,18.2,50,5,139,2,27.0,25.6,27.9,30.1,26.833333333333325,28.38571428571429,29.907142857142862,0.0,7.4,0.0,0.0,2.466666666666668,1.0571428571428572,0.5285714285714285
2019-05-20,36.9,23.9,30.0,0.0,14.2,43,5,140,2,29.4,27.0,25.6,30.3,27.333333333333325,28.285714285714285,29.814285714285713,0.0,0.0,7.4,0.0,2.466666666666668,1.0571428571428572,0.5285714285714285
2019-05-21,38.2,24.1,31.5,0.0,15.3,39,5,141,2,30.0,29.4,27.0,28.9,28.799999999999994,28.24285714285714,29.77857142857143,0.0,0.0,0.0,0.0,0.0,1.0571428571428572,0.5285714285714285
2019-05-22,38.4,25.3,31.8,0.0,22.5,36,5,142,2,31.5,30.0,29.4,28.9,30.299999999999994,28.614285714285717,29.8,0.0,0.0,0.0,0.0,0.0,1.0571428571428572,0.5285714285714285
2019-05-23,37.2,25.5,30.7,0.1,19.6,41,5,143,2,31.8,31.5,30.0,27.9,31.09999999999999,29.02857142857143,29.75714285714286,0.0,0.0,0.0,0.0,0.0,1.0571428571428572,0.5285714285714285
2019-05-24,33.2,22.7,27.4,0.2,24.4,54,5,144,2,30.7,31.8,31.5,25.6,31.333333333333325,29.428571428571427,29.62857142857143,0.1,0.0,0.0,7.4,0.03333333333333452,1.0714285714285714,0.5357142857142856
2019-05-25,34.8,22.2,28.3,0.0,11.6,51,5,145,2,27.4,30.7,31.8,27.0,29.966666666666658,29.685714285714283,29.27142857142857,0.2,0.1,0.0,0.0,0.1000000000000012,0.042857142857142864,0.5499999999999999
2019-05-26,36.9,22.5,30.4,0.0,11.7,43,5,146,2,28.3,27.4,30.7,29.4,28.799999999999994,29.87142857142857,29.12857142857143,0.0,0.2,0.1,0.0,0.1000000000000012,0.042857142857142864,0.5499999999999999
2019-05-27,38.7,23.2,31.3,0.0,13.0,37,5,147,2,30.4,28.3,27.4,30.0,28.69999999999999,30.014285714285712,29.150000000000002,0.0,0.0,0.2,0.0,0.06666666666666786,0.042857142857142864,0.5499999999999999
2019-05-28,40.0,24.3,32.3,0.0,10.8,34,5,148,2,31.3,30.4,28.3,31.5,29.99999999999999,30.2,29.221428571428568,0.0,0.0,0.0,0.0,0.0,0.042857142857142864,0.5499999999999999
2019-05-29,41.6,25.7,33.6,0.0,21.5,34,5,149,2,32.3,31.3,30.4,31.8,31.333333333333325,30.314285714285713,29.464285714285715,0.0,0.0,0.0,0.0,0.0,0.042857142857142864,0.5499999999999999
2019-05-30,42.4,25.1,34.2,0.0,11.2,28,5,150,2,33.6,32.3,31.3,30.7,32.399999999999984,30.571428571428573,29.8,0.0,0.0,0.0,0.1,0.0,0.042857142857142864,0.5499999999999999
2019-05-31,43.5,26.6,35.6,0.0,9.7,27,5,151,2,34.2,33.6,32.3,27.4,33.36666666666665,31.071428571428573,30.25,0.0,0.0,0.0,0.2,0.0,0.028571428571428574,0.5499999999999999
2019-06-01,43.7,27.5,35.6,0.0,18.1,24,6,152,3,35.6,34.2,33.6,28.3,34.46666666666666,32.24285714285715,30.964285714285715,0.0,0.0,0.0,0.0,0.0,0.0,0.021428571428571304
2019-06-02,44.2,27.2,35.1,0.0,12.2,27,6,153,3,35.6,35.6,34.2,30.4,35.133333333333326,33.285714285714285,31.578571428571426,0.0,0.0,0.0,0.0,0.0,0.0,0.021428571428571304
2019-06-03,44.1,26.9,35.8,0.0,17.0,26,6,154,3,35.1,35.6,35.6,31.3,35.43333333333332,33.957142857142856,31.985714285714288,0.0,0.0,0.0,0.0,0.0,0.0,0.021428571428571304
2019-06-04,41.7,27.0,34.1,0.0,24.4,34,6,155,3,35.8,35.1,35.6,32.3,35.49999999999999,34.6,32.4,0.0,0.0,0.0,0.0,0.0,0.0,0.021428571428571304
2019-06-05,41.4,26.6,34.0,0.0,17.6,33,6,156,3,34.1,35.8,35.1,33.6,34.99999999999999,34.857142857142854,32.58571428571428,0.0,0.0,0.0,0.0,0.0,0.0,0.021428571428571304
2019-06-06,40.3,27.0,33.3,0.0,12.3,30,6,157,3,34.0,34.1,35.8,34.2,34.633333333333326,34.91428571428572,32.74285714285714,0.0,0.0,0.0,0.0,0.0,0.0,0.021428571428571304
2019-06-07,40.7,25.6,33.4,0.0,11.0,29,6,158,3,33.3,34.0,34.1,35.6,33.79999999999999,34.785714285714285,32.92857142857143,0.0,0.0,0.0,0.0,0.0,0.0,0.01428571428571416
2019-06-08,41.9,26.5,35.2,0.0,12.0,28,6,159,3,33.4,33.3,34.0,35.6,33.566666666666656,34.47142857142857,33.357142857142854,0.0,0.0,0.0,0.0,0.0,0.0,0.0
2019-06-09,43.0,26.9,35.0,0.0,12.5,28,6,160,3,35.2,33.4,33.3,35.1,33.966666666666654,34.41428571428572,33.85,0.0,0.0,0.0,0.0,0.0,0.0,0.0
2019-06-10,43.9,27.9,35.8,0.0,10.7,30,6,161,3,35.0,35.2,33.4,35.8,34.533333333333324,34.4,34.17857142857143,0.0,0.0,0.0,0.0,0.0,0.0,0.0
2019-06-11,43.3,28.4,35.7,0.0,22.4,30,6,162,3,35.8,35.0,35.2,34.1,35.33333333333332,34.4,34.5,0.0,0.0,0.0,0.0,0.0,0.0,0.0
2019-06-12,41.6,29.4,34.7,0.0,27.4,30,6,163,3,35.7,35.8,35.0,34.0,35.49999999999999,34.628571428571426,34.74285714285715,0.0,0.0,0.0,0.0,0.0,0.0,0.0
2019-06-13,41.5,29.1,34.5,0.0,19.0,28,6,164,3,34.7,35.7,35.8,33.3,35.39999999999999,34.72857142857143,34.82142857142857,0.0,0.0,0.0,0.0,0.0,0.0,0.0
2019-06-14,41.6,26.0,34.3,0.0,11.3,26,6,165,3,34.5,34.7,35.7,33.4,34.96666666666666,34.9,34.84285714285714,0.0,0.0,0.0,0.0,0.0,0.0,0.0
2019-06-15,40.0,28.6,32.9,1.6,25.4,41,6,166,3,34.3,34.5,34.7,35.2,34.49999999999999,35.02857142857143,34.75,0.0,0.0,0.0,0.0,0.0,0.0,0.0
2019-06-16,40.2,28.2,34.0,0.0,12.6,36,6,167,3,32.9,34.3,34.5,35.0,33.899999999999984,34.699999999999996,34.55714285714286,1.6,0.0,0.0,0.0,0.5333333333333345,0.2285714285714286,0.11428571428571417
2019-06-17,41.0,28.4,34.0,0.0,21.9,43,6,168,3,34.0,32.9,34.3,35.8,33.73333333333332,34.55714285714286,34.47857142857143,0.0,1.6,0.0,0.0,0.5333333333333345,0.2285714285714286,0.11428571428571417
2019-06-18,35.0,24.8,29.4,11.7,22.4,62,6,169,3,34.0,34.0,32.9,35.7,33.633333333333326,34.300000000000004,34.35,0.0,0.0,1.6,0.0,0.5333333333333345,0.2285714285714286,0.11428571428571417
2019-06-19,37.5,26.0,32.0,0.0,10.8,52,6,170,3,29.4,34.0,34.0,34.7,32.466666666666654,33.4,34.01428571428571,11.7,0.0,0.0,0.0,3.900000000000001,1.9,0.9499999999999998
2019-06-20,35.5,27.8,32.3,0.6,16.5,48,6,171,3,32.0,29.4,34.0,34.5,31.799999999999994,33.01428571428571,33.871428571428574,0.0,11.7,0.0,0.0,3.900000000000001,1.9,0.9499999999999998
2019-06-21,37.1,26.0,31.7,0.0,7.1,51,6,172,3,32.3,32.0,29.4,34.3,31.23333333333332,32.7,33.8,0.6,0.0,11.7,0.0,4.1000000000000005,1.9857142857142855,0.9928571428571427
2019-06-22,38.8,27.7,33.2,0.0,15.0,47,6,173,3,31.7,32.3,32.0,32.9,31.999999999999986,32.32857142857143,33.67857142857143,0.0,0.6,0.0,1.6,0.20000000000000118,1.9857142857142855,0.9928571428571427
2019-06-23,37.5,28.1,33.2,0.1,15.7,50,6,174,3,33.2,31.7,32.3,34.0,32.399999999999984,32.37142857142857,33.535714285714285,0.0,0.0,0.6,0.0,0.20000000000000118,1.757142857142857,0.9928571428571427
2019-06-24,31.9,26.3,28.1,7.0,16.6,74,6,175,3,33.2,33.2,31.7,34.0,32.69999999999999,32.25714285714285,33.40714285714286,0.1,0.0,0.0,0.0,0.03333333333333452,1.7714285714285711,0.9999999999999998
2019-06-25,37.2,26.1,31.6,0.1,8.9,58,6,176,3,28.1,33.2,33.2,29.4,31.49999999999999,31.414285714285715,32.857142857142854,7.0,0.1,0.0,11.7,2.3666666666666676,2.7714285714285714,1.4999999999999998
2019-06-26,38.8,27.7,33.5,0.0,11.3,49,6,177,3,31.6,28.1,33.2,32.0,30.966666666666658,31.72857142857143,32.56428571428571,0.1,7.0,0.1,0.0,2.400000000000001,1.1142857142857143,1.507142857142857
2019-06-27,39.1,26.5,32.8,0.2,13.1,57,6,178,3,33.5,31.6,28.1,32.3,31.066666666666652,31.942857142857147,32.47857142857143,0.0,0.1,7.0,0.6,2.3666666666666676,1.1142857142857143,1.507142857142857
2019-06-28,40.1,28.8,33.9,0.0,12.1,51,6,179,3,32.8,33.5,31.6,31.7,32.633333333333326,32.01428571428571,32.357142857142854,0.2,0.0,0.1,0.0,0.1000000000000012,1.0571428571428572,1.5214285714285711
2019-06-29,40.5,29.4,34.8,0.6,11.9,48,6,180,3,33.9,32.8,33.5,33.2,33.399999999999984,32.32857142857143,32.32857142857143,0.0,0.2,0.0,0.0,0.06666666666666786,1.0571428571428572,1.5214285714285711
2019-06-30,39.3,28.6,33.9,0.3,21.5,48,6,181,3,34.8,33.9,32.8,33.2,33.83333333333332,32.55714285714286,32.464285714285715,0.6,0.0,0.2,0.1,0.2666666666666679,1.1428571428571428,1.4499999999999997
2019-07-01,40.7,29.9,34.7,0.6,17.3,49,7,182,3,33.9,34.8,33.9,28.1,34.19999999999999,32.65714285714286,32.457142857142856,0.3,0.6,0.0,7.0,0.30000000000000115,1.1714285714285713,1.471428571428571
2019-07-02,41.7,29.8,35.6,0.0,11.0,43,7,183,3,34.7,33.9,34.8,31.6,34.46666666666665,33.6,32.50714285714286,0.6,0.3,0.6,0.1,0.5000000000000012,0.2571428571428572,1.514285714285714
2019-07-03,41.7,30.3,36.2,0.0,9.2,42,7,184,3,35.6,34.7,33.9,33.5,34.73333333333333,34.17142857142857,32.95,0.0,0.6,0.3,0.0,0.30000000000000115,0.24285714285714285,0.6785714285714285
2019-07-04,42.3,31.2,36.9,0.0,18.6,39,7,185,3,36.2,35.6,34.7,32.8,35.49999999999999,34.55714285714286,33.25,0.0,0.0,0.6,0.2,0.20000000000000115,0.24285714285714285,0.6785714285714285
2019-07-05,40.5,30.0,35.2,0.0,18.8,51,7,186,3,36.9,36.2,35.6,33.9,36.23333333333332,35.142857142857146,33.57857142857143,0.0,0.0,0.0,0.0,0.0,0.21428571428571427,0.6357142857142856
2019-07-06,36.0,29.7,32.1,6.0,12.6,65,7,187,3,35.2,36.9,36.2,34.8,36.099999999999994,35.32857142857143,33.82857142857143,0.0,0.0,0.0,0.6,0.0,0.21428571428571427,0.6357142857142856
2019-07-07,38.5,28.7,33.4,2.5,17.3,61,7,188,3,32.1,35.2,36.9,33.9,34.73333333333332,34.94285714285714,33.75,6.0,0.0,0.0,0.3,2.0000000000000013,0.9857142857142858,1.0642857142857143
2019-07-08,41.0,29.9,35.3,0.0,6.7,52,7,189,3,33.4,32.1,35.2,34.7,33.566666666666656,34.871428571428574,33.76428571428571,2.5,6.0,0.0,0.6,2.8333333333333344,1.3000000000000003,1.2357142857142855
2019-07-09,40.5,30.9,35.2,0.0,16.3,53,7,190,3,35.3,33.4,32.1,35.6,33.59999999999999,34.95714285714286,34.27857142857143,0.0,2.5,6.0,0.0,2.8333333333333344,1.2142857142857142,0.7357142857142857
2019-07-10,37.2,29.9,33.5,0.0,18.9,62,7,191,3,35.2,35.3,33.4,36.2,34.633333333333326,34.9,34.535714285714285,0.0,0.0,2.5,0.0,0.8333333333333345,1.2142857142857142,0.7285714285714284
2019-07-11,39.8,30.5,34.8,0.0,20.3,59,7,192,3,33.5,35.2,35.3,36.9,34.66666666666666,34.51428571428572,34.535714285714285,0.0,0.0,0.0,0.0,0.0,1.2142857142857142,0.7285714285714284
2019-07-12,39.4,28.9,33.1,0.0,22.4,67,7,193,3,34.8,33.5,35.2,35.2,34.49999999999999,34.214285714285715,34.67857142857143,0.0,0.0,0.0,0.0,0.0,1.2142857142857142,0.7142857142857142
2019-07-13,37.9,27.4,32.3,0.3,21.4,68,7,194,3,33.1,34.8,33.5,32.1,33.79999999999999,33.91428571428572,34.621428571428574,0.0,0.0,0.0,6.0,0.0,1.2142857142857142,0.7142857142857142
2019-07-14,34.6,26.4,29.8,5.9,18.6,74,7,195,3,32.3,33.1,34.8,33.4,33.399999999999984,33.94285714285714,34.44285714285714,0.3,0.0,0.0,2.5,0.10000000000000119,0.4000000000000001,0.6928571428571428
2019-07-15,34.5,26.0,29.8,2.8,16.7,73,7,196,3,29.8,32.3,33.1,35.3,31.73333333333332,33.42857142857142,34.15,5.9,0.3,0.0,0.0,2.0666666666666678,0.8857142857142859,1.0928571428571427
2019-07-16,33.6,25.1,28.3,9.4,16.4,81,7,197,3,29.8,29.8,32.3,35.2,30.633333333333322,32.642857142857146,33.8,2.8,5.9,0.3,0.0,3.0000000000000013,1.2857142857142858,1.25
2019-07-17,34.0,24.8,29.1,1.9,11.5,74,7,198,3,28.3,29.8,29.8,33.5,29.299999999999986,31.657142857142862,33.27857142857143,9.4,2.8,5.9,0.0,6.033333333333334,2.628571428571429,1.9214285714285713
2019-07-18,34.0,25.4,29.2,5.7,15.7,78,7,199,3,29.1,28.3,29.8,34.8,29.06666666666666,31.028571428571432,32.77142857142857,1.9,9.4,2.8,0.0,4.700000000000002,2.9,2.057142857142857
2019-07-19,33.1,25.7,29.5,6.8,12.1,79,7,200,3,29.2,29.1,28.3,33.1,28.866666666666656,30.228571428571428,32.22142857142857,5.7,1.9,9.4,0.0,5.666666666666668,3.7142857142857144,2.4642857142857144
2019-07-20,33.6,26.4,30.2,0.5,9.7,72,7,201,3,29.5,29.2,29.1,32.3,29.266666666666655,29.714285714285715,31.814285714285713,6.8,5.7,1.9,0.3,4.800000000000001,4.685714285714286,2.9499999999999997
2019-07-21,34.5,27.7,30.9,2.8,15.0,74,7,202,3,30.2,29.5,29.2,29.8,29.633333333333322,29.414285714285715,31.678571428571427,0.5,6.8,5.7,5.9,4.333333333333335,4.714285714285715,2.557142857142857
2019-07-22,36.1,28.2,32.1,0.0,12.9,69,7,203,3,30.9,30.2,29.5,29.8,30.19999999999999,29.571428571428573,31.5,2.8,0.5,6.8,2.8,3.3666666666666676,4.271428571428571,2.5785714285714283
2019-07-23,37.2,29.0,33.0,0.0,9.0,64,7,204,3,32.1,30.9,30.2,28.3,31.066666666666652,29.900000000000002,31.27142857142857,0.0,2.8,0.5,9.4,1.1000000000000012,3.8714285714285714,2.5785714285714283
2019-07-24,38.9,29.7,34.4,0.0,10.5,58,7,205,3,33.0,32.1,30.9,29.1,31.999999999999986,30.571428571428573,31.114285714285717,0.0,0.0,2.8,1.9,0.9333333333333345,2.528571428571429,2.5785714285714283
2019-07-25,36.5,27.8,31.5,6.3,21.4,71,7,206,3,34.4,33.0,32.1,29.2,33.16666666666666,31.328571428571426,31.178571428571427,0.0,0.0,0.0,5.7,0.0,2.257142857142857,2.5785714285714283
2019-07-26,32.6,26.6,29.5,15.8,8.0,80,7,207,3,31.5,34.4,33.0,29.5,32.96666666666665,31.657142857142855,30.942857142857143,6.3,0.0,0.0,6.8,2.100000000000001,2.342857142857143,3.0285714285714285
2019-07-27,33.3,26.9,29.7,2.0,14.4,77,7,208,3,29.5,31.5,34.4,30.2,31.799999999999983,31.657142857142855,30.685714285714287,15.8,6.3,0.0,0.5,7.366666666666668,3.628571428571429,4.1571428571428575
2019-07-28,32.3,26.4,28.3,6.2,15.4,83,7,209,3,29.7,29.5,31.5,30.9,30.23333333333332,31.585714285714285,30.5,2.0,15.8,6.3,2.8,8.033333333333335,3.842857142857143,4.278571428571429
2019-07-29,33.8,26.3,29.8,1.3,12.2,80,7,210,3,28.3,29.7,29.5,32.1,29.166666666666654,31.214285714285715,30.392857142857142,6.2,2.0,15.8,0.0,8.000000000000002,4.328571428571428,4.3
2019-07-30,34.8,27.9,31.4,2.0,9.1,73,7,211,3,29.8,28.3,29.7,33.0,29.26666666666665,30.885714285714283,30.392857142857142,1.3,6.2,2.0,0.0,3.166666666666668,4.514285714285715,4.192857142857143
2019-07-31,35.5,29.1,31.8,0.5,15.9,69,7,212,3,31.4,29.8,28.3,34.4,29.833333333333318,30.657142857142855,30.61428571428571,2.0,1.3,6.2,0.0,3.166666666666668,4.8,3.6642857142857146
2019-08-01,35.5,27.9,30.8,0.5,15.8,74,8,213,3,31.8,31.4,29.8,31.5,30.999999999999986,30.285714285714285,30.807142857142857,0.5,2.0,1.3,6.3,1.2666666666666677,4.871428571428572,3.5642857142857145
2019-08-02,33.0,26.5,29.5,1.9,11.9,80,8,214,3,30.8,31.8,31.4,29.5,31.333333333333318,30.185714285714287,30.921428571428574,0.5,0.5,2.0,15.8,1.000000000000001,4.042857142857144,3.192857142857143
2019-08-03,35.1,26.5,30.3,0.3,12.2,75,8,215,3,29.5,30.8,31.8,29.7,30.699999999999985,30.185714285714287,30.921428571428574,1.9,0.5,0.5,2.0,0.9666666666666678,2.057142857142858,2.842857142857143
2019-08-04,36.3,27.3,31.6,0.4,8.4,70,8,216,3,30.3,29.5,30.8,28.3,30.19999999999999,30.27142857142857,30.928571428571427,0.3,1.9,0.5,6.2,0.9000000000000011,1.8142857142857147,2.8285714285714287
2019-08-05,37.3,28.3,33.0,0.0,8.9,63,8,217,3,31.6,30.3,29.5,29.8,30.466666666666654,30.742857142857144,30.978571428571428,0.4,0.3,1.9,1.3,0.8666666666666679,0.9857142857142861,2.657142857142857
2019-08-06,38.2,29.6,33.0,0.8,15.9,68,8,218,3,33.0,31.6,30.3,31.4,31.633333333333322,31.2,31.042857142857144,0.0,0.4,0.3,2.0,0.2333333333333345,0.8000000000000005,2.657142857142857
2019-08-07,35.0,28.0,31.4,7.8,17.2,72,8,219,3,33.0,33.0,31.6,31.8,32.533333333333324,31.428571428571427,31.042857142857144,0.8,0.0,0.4,0.5,0.4000000000000012,0.6285714285714291,2.7142857142857144
2019-08-08,36.1,28.6,31.7,0.4,10.5,70,8,220,3,31.4,33.0,33.0,30.8,32.46666666666665,31.371428571428574,30.82857142857143,7.8,0.8,0.0,0.5,2.8666666666666676,1.671428571428572,3.2714285714285714
2019-08-09,34.3,28.4,30.8,5.8,14.3,72,8,221,3,31.7,31.4,33.0,29.5,32.03333333333332,31.5,30.842857142857145,0.4,7.8,0.8,1.9,3.0000000000000013,1.6571428571428577,2.85
2019-08-10,34.2,26.7,30.1,1.2,15.9,74,8,222,3,30.8,31.7,31.4,30.3,31.299999999999983,31.685714285714287,30.935714285714287,5.8,0.4,7.8,0.3,4.666666666666668,2.214285714285715,2.1357142857142857
2019-08-11,33.8,26.8,30.1,4.1,11.3,79,8,223,3,30.1,30.8,31.7,31.6,30.866666666666656,31.657142857142855,30.964285714285715,1.2,5.8,0.4,0.4,2.466666666666668,2.342857142857143,2.0785714285714287
2019-08-12,35.2,27.7,31.1,0.7,8.3,77,8,224,3,30.1,30.1,30.8,33.0,30.333333333333318,31.442857142857143,31.092857142857145,4.1,1.2,5.8,0.0,3.700000000000001,2.8714285714285714,1.9285714285714286
2019-08-13,37.1,28.1,32.9,2.3,13.0,64,8,225,3,31.1,30.1,30.1,33.0,30.43333333333332,31.17142857142857,31.185714285714283,0.7,4.1,1.2,0.8,2.0000000000000013,2.9714285714285715,1.8857142857142857
2019-08-14,37.1,27.6,32.0,3.7,17.9,68,8,226,3,32.9,31.1,30.1,31.4,31.366666666666656,31.157142857142855,31.292857142857144,2.3,0.7,4.1,7.8,2.3666666666666676,3.1857142857142864,1.907142857142857
2019-08-15,35.6,28.3,31.8,0.7,9.3,72,8,227,3,32.0,32.9,31.1,31.7,31.999999999999986,31.24285714285714,31.307142857142857,3.7,2.3,0.7,0.4,2.2333333333333347,2.6000000000000005,2.1357142857142857
2019-08-16,36.5,29.1,31.9,0.9,12.4,68,8,228,3,31.8,32.0,32.9,30.8,32.23333333333331,31.25714285714286,31.37857142857143,0.7,3.7,2.3,5.8,2.2333333333333347,2.6428571428571432,2.15
2019-08-17,33.6,26.3,29.4,5.8,17.4,77,8,229,3,31.9,31.8,32.0,30.1,31.899999999999988,31.41428571428571,31.55,0.9,0.7,3.7,1.2,1.7666666666666677,1.9428571428571435,2.0785714285714287
2019-08-18,35.5,24.7,30.0,0.0,10.6,68,8,230,3,29.4,31.9,31.8,30.1,31.033333333333317,31.314285714285713,31.485714285714284,5.8,0.9,0.7,4.1,2.4666666666666677,2.6000000000000005,2.4714285714285715
2019-08-19,35.2,25.2,30.1,7.9,15.8,68,8,231,3,30.0,29.4,31.9,31.1,30.43333333333332,31.3,31.37142857142857,0.0,5.8,0.9,0.7,2.2333333333333343,2.0142857142857147,2.442857142857143
2019-08-20,34.4,26.2,30.4,0.6,8.4,65,8,232,3,30.1,30.0,29.4,32.9,29.833333333333318,31.157142857142855,31.164285714285715,7.9,0.0,5.8,2.3,4.566666666666667,3.0428571428571436,3.007142857142857
2019-08-21,37.6,27.6,32.5,0.5,12.8,57,8,233,3,30.4,30.1,30.0,32.0,30.166666666666654,30.8,30.978571428571428,0.6,7.9,0.0,3.7,2.8333333333333344,2.8000000000000007,2.992857142857143
2019-08-22,38.5,28.4,33.5,0.0,13.8,52,8,234,3,32.5,30.4,30.1,31.8,30.999999999999986,30.87142857142857,31.057142857142853,0.5,0.6,7.9,0.7,3.0000000000000013,2.342857142857144,2.4714285714285715
2019-08-23,39.3,28.8,33.8,0.0,14.1,52,8,235,3,33.5,32.5,30.4,31.9,32.13333333333332,31.11428571428571,31.185714285714283,0.0,0.5,0.6,0.9,0.36666666666666786,2.2428571428571433,2.442857142857143
2019-08-24,39.5,28.9,34.4,0.0,11.5,44,8,236,3,33.8,33.5,32.5,29.4,33.26666666666665,31.385714285714283,31.4,0.0,0.0,0.5,5.8,0.16666666666666785,2.1142857142857148,2.028571428571429
2019-08-25,38.9,29.6,33.6,1.2,16.5,50,8,237,3,34.4,33.8,33.5,30.0,33.899999999999984,32.1,31.707142857142856,0.0,0.0,0.0,0.0,0.0,1.2857142857142863,1.942857142857143
2019-08-26,37.8,29.6,33.0,0.1,16.5,60,8,238,3,33.6,34.4,33.8,30.1,33.933333333333316,32.614285714285714,31.957142857142856,1.2,0.0,0.0,7.9,0.4000000000000012,1.4571428571428575,1.7357142857142858
2019-08-27,37.0,28.6,32.2,0.0,12.6,62,8,239,3,33.0,33.6,34.4,30.4,33.66666666666665,33.028571428571425,32.09285714285714,0.1,1.2,0.0,0.6,0.4333333333333345,0.34285714285714336,1.692857142857143
2019-08-28,38.7,29.7,33.6,0.4,22.0,56,8,240,3,32.2,33.0,33.6,32.5,32.93333333333332,33.285714285714285,32.04285714285714,0.0,0.1,1.2,0.5,0.4333333333333345,0.2571428571428576,1.5285714285714287
2019-08-29,39.6,30.8,34.2,1.9,10.7,55,8,241,3,33.6,32.2,33.0,33.5,32.933333333333316,33.44285714285714,32.15714285714286,0.4,0.0,0.1,0.0,0.16666666666666785,0.24285714285714333,1.292857142857143
2019-08-30,39.0,30.5,33.5,1.2,12.9,59,8,242,3,34.2,33.6,32.2,33.8,33.33333333333332,33.542857142857144,32.32857142857143,1.9,0.4,0.0,0.0,0.7666666666666678,0.5142857142857148,1.3785714285714286
2019-08-31,37.2,29.3,32.1,3.0,14.0,68,8,243,3,33.5,34.2,33.6,34.4,33.76666666666665,33.5,32.44285714285714,1.2,1.9,0.4,0.0,1.1666666666666679,0.6857142857142862,1.4000000000000001
2019-09-01,37.4,27.9,32.4,6.1,12.6,67,9,244,4,32.1,33.5,34.2,33.6,33.26666666666666,33.17142857142857,32.635714285714286,3.0,1.2,1.9,1.2,2.0333333333333345,1.1142857142857148,1.2
2019-09-02,35.4,25.8,31.4,7.5,12.3,71,9,245,4,32.4,32.1,33.5,33.0,32.66666666666666,33.00000000000001,32.80714285714286,6.1,3.0,1.2,0.1,3.433333333333334,1.8142857142857147,1.6357142857142857
2019-09-03,38.9,28.9,33.7,0.0,10.8,59,9,246,4,31.4,32.4,32.1,32.2,31.966666666666654,32.771428571428565,32.9,7.5,6.1,3.0,0.0,5.533333333333334,2.8714285714285714,1.6071428571428572
2019-09-04,40.3,30.5,35.1,0.0,10.5,52,9,247,4,33.7,31.4,32.4,33.6,32.499999999999986,32.98571428571429,33.135714285714286,0.0,7.5,6.1,0.4,4.533333333333334,2.8714285714285714,1.5642857142857143
2019-09-05,39.7,30.4,34.5,0.0,15.6,55,9,248,4,35.1,33.7,31.4,34.2,33.399999999999984,33.2,33.32142857142857,0.0,0.0,7.5,1.9,2.5000000000000013,2.8142857142857145,1.5285714285714285
2019-09-06,39.9,30.0,34.3,0.1,14.6,58,9,249,4,34.5,35.1,33.7,33.5,34.433333333333316,33.24285714285714,33.392857142857146,0.0,0.0,0.0,1.2,0.0,2.5428571428571436,1.5285714285714285
2019-09-07,38.0,28.4,33.0,12.4,14.5,64,9,250,4,34.3,34.5,35.1,32.1,34.63333333333332,33.357142857142854,33.42857142857143,0.1,0.0,0.0,3.0,0.03333333333333452,2.385714285714286,1.5357142857142858
2019-09-08,37.2,29.3,32.6,1.6,14.2,63,9,251,4,33.0,34.3,34.5,32.4,33.933333333333316,33.48571428571429,33.32857142857143,12.4,0.1,0.0,6.1,4.166666666666668,3.7285714285714286,2.4214285714285713
2019-09-09,38.8,29.5,33.6,0.0,8.9,60,9,252,4,32.6,33.0,34.3,31.4,33.29999999999999,33.51428571428571,33.25714285714286,1.6,12.4,0.1,7.5,4.700000000000001,3.085714285714286,2.45
2019-09-10,40.3,29.8,34.4,0.0,12.4,54,9,253,4,33.6,32.6,33.0,33.7,33.066666666666656,33.82857142857143,33.3,0.0,1.6,12.4,0.0,4.666666666666668,2.0142857142857147,2.442857142857143
2019-09-11,40.7,29.6,34.6,0.0,12.6,52,9,254,4,34.4,33.6,32.6,35.1,33.533333333333324,33.92857142857143,33.45714285714286,0.0,0.0,1.6,0.0,0.5333333333333345,2.0142857142857147,2.442857142857143
2019-09-12,40.8,28.8,34.3,0.0,17.7,52,9,255,4,34.6,34.4,33.6,34.5,34.19999999999999,33.857142857142854,33.528571428571425,0.0,0.0,0.0,0.0,0.0,2.0142857142857147,2.4142857142857146
2019-09-13,39.1,29.5,33.8,0.0,15.3,57,9,256,4,34.3,34.6,34.4,34.3,34.433333333333316,33.82857142857143,33.535714285714285,0.0,0.0,0.0,0.1,0.0,2.0142857142857147,2.278571428571429
2019-09-14,39.1,29.4,33.4,0.8,15.2,59,9,257,4,33.8,34.3,34.6,33.0,34.23333333333332,33.75714285714285,33.55714285714286,0.0,0.0,0.0,12.4,0.0,2.0000000000000004,2.192857142857143
2019-09-15,38.6,29.3,33.4,0.0,11.9,57,9,258,4,33.4,33.8,34.3,32.6,33.83333333333332,33.81428571428571,33.65,0.8,0.0,0.0,1.6,0.2666666666666679,0.3428571428571434,2.0357142857142856
2019-09-16,37.3,29.0,32.8,0.0,14.6,55,9,259,4,33.4,33.4,33.8,33.6,33.533333333333324,33.92857142857143,33.721428571428575,0.0,0.8,0.0,0.0,0.2666666666666679,0.1142857142857148,1.5999999999999999
2019-09-17,35.8,28.2,31.4,1.0,15.1,62,9,260,4,32.8,33.4,33.4,34.4,33.19999999999998,33.81428571428571,33.82142857142857,0.0,0.0,0.8,0.0,0.2666666666666679,0.1142857142857148,1.0642857142857143
2019-09-18,38.3,27.0,31.9,0.0,15.0,56,9,261,4,31.4,32.8,33.4,34.6,32.53333333333332,33.385714285714286,33.65714285714286,1.0,0.0,0.0,0.0,0.33333333333333454,0.2571428571428577,1.135714285714286
2019-09-19,35.9,27.6,31.2,0.0,16.9,61,9,262,4,31.9,31.4,32.8,34.3,32.033333333333324,33.0,33.42857142857143,0.0,1.0,0.0,0.0,0.33333333333333454,0.2571428571428577,1.135714285714286
2019-09-20,33.0,26.3,29.1,3.5,13.0,69,9,263,4,31.2,31.9,31.4,33.8,31.499999999999986,32.55714285714286,33.19285714285714,0.0,0.0,1.0,0.0,0.33333333333333454,0.2571428571428577,1.135714285714286
2019-09-21,33.5,25.3,29.2,0.0,8.3,66,9,264,4,29.1,31.2,31.9,33.4,30.73333333333332,31.885714285714283,32.82142857142857,3.5,0.0,0.0,0.8,1.1666666666666679,0.7571428571428577,1.3785714285714286
2019-09-22,35.3,25.9,30.4,0.0,10.0,59,9,265,4,29.2,29.1,31.2,33.4,29.833333333333318,31.285714285714285,32.55,0.0,3.5,0.0,0.0,1.1666666666666679,0.6428571428571433,0.4928571428571429
2019-09-23,34.2,26.5,30.1,0.0,13.7,60,9,266,4,30.4,29.2,29.1,32.8,29.566666666666652,30.857142857142858,32.392857142857146,0.0,0.0,3.5,0.0,1.1666666666666679,0.6428571428571433,0.3785714285714286
2019-09-24,34.7,26.2,30.1,0.0,8.8,59,9,267,4,30.1,30.4,29.2,31.4,29.899999999999988,30.47142857142857,32.142857142857146,0.0,0.0,0.0,1.0,0.0,0.6428571428571433,0.3785714285714286
2019-09-25,34.4,26.5,30.1,0.0,9.8,62,9,268,4,30.1,30.1,30.4,31.9,30.19999999999999,30.285714285714285,31.835714285714285,0.0,0.0,0.0,0.0,0.0,0.5000000000000006,0.3785714285714286
2019-09-26,34.1,26.8,30.3,0.0,9.5,64,9,269,4,30.1,30.1,30.1,31.2,30.1,30.02857142857143,31.514285714285712,0.0,0.0,0.0,0.0,0.0,0.5000000000000006,0.3785714285714286
2019-09-27,34.9,26.8,30.0,0.1,10.5,65,9,270,4,30.3,30.1,30.1,29.1,30.166666666666654,29.900000000000002,31.228571428571428,0.0,0.0,0.0,3.5,0.0,0.5000000000000006,0.3785714285714286
2019-09-28,32.5,26.2,28.5,3.7,16.2,72,9,271,4,30.0,30.3,30.1,29.2,30.133333333333322,30.028571428571432,30.957142857142856,0.1,0.0,0.0,0.0,0.03333333333333452,0.014285714285714794,0.38571428571428573
2019-09-29,29.6,23.3,25.8,18.7,12.3,83,9,272,4,28.5,30.0,30.3,30.4,29.599999999999984,29.928571428571427,30.607142857142858,3.7,0.1,0.0,0.0,1.266666666666668,0.5428571428571434,0.5928571428571429
2019-09-30,30.9,22.0,25.9,0.1,8.7,78,9,273,4,25.8,28.5,30.0,30.1,28.099999999999984,29.271428571428576,30.064285714285713,18.7,3.7,0.1,0.0,7.500000000000001,3.214285714285715,1.9285714285714286
2019-10-01,29.3,23.0,25.9,2.3,16.3,75,10,274,4,25.9,25.8,28.5,30.1,26.73333333333332,28.67142857142857,29.571428571428573,0.1,18.7,3.7,0.0,7.500000000000001,3.228571428571429,1.9357142857142857
2019-10-02,30.1,22.1,25.7,0.1,11.5,76,10,275,4,25.9,25.9,25.8,30.1,25.866666666666656,28.071428571428573,29.178571428571427,2.3,0.1,18.7,0.0,7.033333333333334,3.5571428571428574,2.0285714285714285
2019-10-03,30.3,22.5,24.8,14.0,20.2,79,10,276,4,25.7,25.9,25.9,30.3,25.833333333333318,27.442857142857143,28.735714285714288,0.1,2.3,0.1,0.0,0.8333333333333345,3.571428571428572,2.0357142857142856
2019-10-04,29.0,20.7,24.6,8.7,18.1,75,10,277,4,24.8,25.7,25.9,30.0,25.46666666666665,26.657142857142855,28.278571428571432,14.0,0.1,2.3,0.1,5.466666666666668,5.571428571428571,3.0357142857142856
2019-10-05,29.3,20.7,24.4,0.2,12.5,75,10,278,4,24.6,24.8,25.7,28.5,25.03333333333332,25.885714285714283,27.957142857142856,8.7,14.0,0.1,3.7,7.600000000000001,6.8,3.4071428571428575
2019-10-06,29.1,20.6,24.6,0.0,18.2,71,10,279,4,24.4,24.6,24.8,25.8,24.599999999999984,25.3,27.614285714285717,0.2,8.7,14.0,18.7,7.6333333333333355,6.300000000000002,3.4214285714285713
2019-10-07,29.5,19.3,24.3,0.0,10.2,62,10,280,4,24.6,24.4,24.6,25.9,24.53333333333332,25.12857142857143,27.2,0.0,0.2,8.7,0.1,2.9666666666666672,3.628571428571429,3.4214285714285713
2019-10-08,31.4,18.9,24.6,0.0,10.1,60,10,281,4,24.3,24.6,24.4,25.9,24.43333333333332,24.900000000000002,26.785714285714285,0.0,0.0,0.2,2.3,0.06666666666666786,3.6142857142857143,3.4214285714285713
2019-10-09,32.0,19.7,25.8,0.0,9.1,58,10,282,4,24.6,24.3,24.6,25.7,24.499999999999986,24.714285714285715,26.392857142857142,0.0,0.0,0.0,0.1,0.0,3.285714285714286,3.4214285714285713
2019-10-10,32.0,19.7,26.1,0.0,9.4,56,10,283,4,25.8,24.6,24.3,24.8,24.899999999999988,24.72857142857143,26.08571428571429,0.0,0.0,0.0,14.0,0.0,3.271428571428572,3.4214285714285713
2019-10-11,32.6,19.9,25.8,0.0,10.5,58,10,284,4,26.1,25.8,24.6,24.6,25.49999999999999,24.914285714285715,25.785714285714285,0.0,0.0,0.0,8.7,0.0,1.2714285714285718,3.4214285714285713
2019-10-12,33.2,20.8,26.7,0.0,8.4,55,10,285,4,25.8,26.1,25.8,24.4,25.899999999999988,25.08571428571429,25.485714285714288,0.0,0.0,0.0,0.2,0.0,0.02857142857142908,3.414285714285714
2019-10-13,33.9,20.6,26.7,0.0,8.9,57,10,286,4,26.7,25.8,26.1,24.6,26.19999999999999,25.414285714285715,25.357142857142858,0.0,0.0,0.0,0.0,0.0,0.0,3.15
2019-10-14,34.1,21.9,27.4,0.0,10.5,53,10,287,4,26.7,26.7,25.8,24.3,26.399999999999988,25.714285714285715,25.42142857142857,0.0,0.0,0.0,0.0,0.0,0.0,1.8142857142857143
2019-10-15,33.7,21.9,27.0,0.0,9.2,55,10,288,4,27.4,26.7,26.7,24.6,26.93333333333332,26.157142857142855,25.528571428571432,0.0,0.0,0.0,0.0,0.0,0.0,1.807142857142857
2019-10-16,33.7,21.7,26.9,0.0,9.3,60,10,289,4,27.0,27.4,26.7,25.8,27.033333333333317,26.5,25.607142857142858,0.0,0.0,0.0,0.0,0.0,0.0,1.6428571428571428
2019-10-17,31.7,21.9,25.3,4.6,15.1,64,10,290,4,26.9,27.0,27.4,26.1,27.099999999999984,26.657142857142855,25.692857142857143,0.0,0.0,0.0,0.0,0.0,0.0,1.6357142857142857
2019-10-18,27.2,18.7,22.7,8.6,27.5,70,10,291,4,25.3,26.9,27.0,25.8,26.399999999999988,26.542857142857144,25.728571428571428,4.6,0.0,0.0,0.0,1.5333333333333343,0.6571428571428576,0.9642857142857143
2019-10-19,30.3,17.6,23.2,0.0,8.2,59,10,292,4,22.7,25.3,26.9,26.7,24.966666666666654,26.099999999999998,25.592857142857145,8.6,4.6,0.0,0.0,4.400000000000001,1.8857142857142861,0.9571428571428571
2019-10-20,29.1,17.7,22.9,0.0,10.3,61,10,293,4,23.2,22.7,25.3,26.7,23.73333333333332,25.599999999999998,25.507142857142856,0.0,8.6,4.6,0.0,4.400000000000001,1.8857142857142861,0.9428571428571428
2019-10-21,30.3,17.2,23.3,0.0,9.7,59,10,294,4,22.9,23.2,22.7,27.4,22.93333333333332,25.057142857142857,25.38571428571429,0.0,0.0,8.6,0.0,2.8666666666666676,1.8857142857142861,0.9428571428571428
2019-10-22,31.3,17.8,24.3,0.0,9.2,58,10,295,4,23.3,22.9,23.2,27.0,23.133333333333315,24.47142857142857,25.314285714285717,0.0,0.0,0.0,0.0,0.0,1.8857142857142861,0.9428571428571428
2019-10-23,31.4,19.0,24.3,0.0,17.1,58,10,296,4,24.3,23.3,22.9,26.9,23.499999999999986,24.085714285714285,25.29285714285714,0.0,0.0,0.0,0.0,0.0,1.8857142857142861,0.9428571428571428
2019-10-24,30.8,18.3,23.7,0.0,9.8,64,10,297,4,24.3,24.3,23.3,25.3,23.966666666666654,23.714285714285715,25.185714285714283,0.0,0.0,0.0,4.6,0.0,1.8857142857142861,0.9428571428571428
2019-10-25,30.5,17.7,23.8,0.0,11.1,56,10,298,4,23.7,24.3,24.3,22.7,24.099999999999984,23.485714285714284,25.014285714285712,0.0,0.0,0.0,8.6,0.0,1.228571428571429,0.9428571428571428
2019-10-26,30.3,17.5,24.3,0.0,9.0,55,10,299,4,23.8,23.7,24.3,23.2,23.93333333333332,23.642857142857142,24.87142857142857,0.0,0.0,0.0,0.0,0.0,0.0,0.9428571428571428
2019-10-27,30.6,18.0,23.9,0.0,14.4,65,10,300,4,24.3,23.8,23.7,22.9,23.93333333333332,23.800000000000004,24.7,0.0,0.0,0.0,0.0,0.0,0.0,0.9428571428571428
2019-10-28,31.6,18.1,24.5,0.0,10.0,63,10,301,4,23.9,24.3,23.8,23.3,23.999999999999986,23.942857142857143,24.5,0.0,0.0,0.0,0.0,0.0,0.0,0.9428571428571428
2019-10-29,31.6,18.1,24.6,0.0,8.6,60,10,302,4,24.5,23.9,24.3,24.3,24.23333333333332,24.11428571428571,24.29285714285714,0.0,0.0,0.0,0.0,0.0,0.0,0.9428571428571428
2019-10-30,31.4,18.3,24.0,0.0,10.1,62,10,303,4,24.6,24.5,23.9,24.3,24.333333333333318,24.157142857142862,24.12142857142857,0.0,0.0,0.0,0.0,0.0,0.0,0.9428571428571428
2019-10-31,30.9,18.5,25.0,0.0,9.1,59,10,304,4,24.0,24.6,24.5,23.7,24.366666666666656,24.114285714285717,23.914285714285715,0.0,0.0,0.0,0.0,0.0,0.0,0.9428571428571428
2019-11-01,27.9,18.9,22.7,0.2,16.7,68,11,305,4,25.0,24.0,24.6,23.8,24.53333333333332,24.300000000000004,23.892857142857142,0.0,0.0,0.0,0.0,0.0,0.0,0.6142857142857141
2019-11-02,26.2,17.5,20.8,0.9,8.4,82,11,306,4,22.7,25.0,24.0,24.3,23.899999999999988,24.142857142857142,23.892857142857142,0.2,0.0,0.0,0.0,0.06666666666666786,0.02857142857142908,0.014285714285714287
2019-11-03,26.9,18.4,22.3,2.5,7.8,72,11,307,4,20.8,22.7,25.0,23.9,22.833333333333318,23.642857142857142,23.72142857142857,0.9,0.2,0.0,0.0,0.36666666666666786,0.15714285714285767,0.07857142857142858
2019-11-04,28.5,17.0,22.8,0.0,10.1,68,11,308,4,22.3,20.8,22.7,24.5,21.93333333333332,23.414285714285715,23.678571428571427,2.5,0.9,0.2,0.0,1.2000000000000013,0.5142857142857148,0.2571428571428572
2019-11-05,29.2,17.8,22.6,0.0,11.2,66,11,309,4,22.8,22.3,20.8,24.6,21.96666666666665,23.171428571428574,23.642857142857142,0.0,2.5,0.9,0.0,1.1333333333333344,0.5142857142857148,0.2571428571428572
2019-11-06,25.6,17.2,21.0,0.3,19.1,69,11,310,4,22.6,22.8,22.3,24.0,22.566666666666652,22.88571428571429,23.521428571428572,0.0,0.0,2.5,0.0,0.8333333333333345,0.5142857142857148,0.2571428571428572
2019-11-07,23.3,13.1,17.4,2.3,17.2,80,11,311,4,21.0,22.6,22.8,25.0,22.133333333333322,22.457142857142856,23.285714285714285,0.3,0.0,0.0,0.0,0.10000000000000119,0.5571428571428576,0.2785714285714286
2019-11-08,23.0,12.9,17.2,0.0,12.2,77,11,312,4,17.4,21.0,22.6,22.7,20.333333333333318,21.37142857142857,22.83571428571429,2.3,0.3,0.0,0.2,0.8666666666666677,0.8857142857142861,0.4428571428571428
2019-11-09,25.4,12.2,18.0,0.0,9.5,63,11,313,4,17.2,17.4,21.0,20.8,18.533333333333317,20.585714285714285,22.364285714285717,0.0,2.3,0.3,0.9,0.8666666666666677,0.8571428571428577,0.4428571428571428
2019-11-10,26.2,12.0,18.9,0.0,9.6,59,11,314,4,18.0,17.2,17.4,22.3,17.533333333333317,20.185714285714287,21.914285714285715,0.0,0.0,2.3,2.5,0.7666666666666678,0.728571428571429,0.4428571428571428
2019-11-11,25.2,13.2,18.7,0.0,8.5,60,11,315,4,18.9,18.0,17.2,22.8,18.033333333333317,19.7,21.557142857142857,0.0,0.0,0.0,0.0,0.0,0.3714285714285719,0.4428571428571428
2019-11-12,26.1,13.9,19.7,0.0,8.8,60,11,316,4,18.7,18.9,18.0,22.6,18.533333333333317,19.11428571428571,21.142857142857142,0.0,0.0,0.0,0.0,0.0,0.3714285714285719,0.4428571428571428
2019-11-13,26.5,15.9,20.5,0.0,6.8,63,11,317,4,19.7,18.7,18.9,21.0,19.099999999999984,18.7,20.792857142857144,0.0,0.0,0.0,0.3,0.0,0.3714285714285719,0.4428571428571428
2019-11-14,23.7,15.3,18.6,3.2,9.7,80,11,318,4,20.5,19.7,18.7,17.4,19.633333333333322,18.62857142857143,20.542857142857144,0.0,0.0,0.0,2.3,0.0,0.32857142857142907,0.4428571428571428
2019-11-15,24.6,15.1,19.2,0.0,14.2,78,11,319,4,18.6,20.5,19.7,17.2,19.599999999999984,18.8,20.085714285714285,3.2,0.0,0.0,0.0,1.066666666666668,0.4571428571428577,0.6714285714285715
2019-11-16,23.6,16.3,19.1,0.0,13.2,80,11,320,4,19.2,18.6,20.5,18.0,19.43333333333332,19.085714285714285,19.835714285714285,0.0,3.2,0.0,0.0,1.066666666666668,0.4571428571428577,0.6571428571428573
2019-11-17,25.2,14.3,18.9,0.0,11.3,73,11,321,4,19.1,19.2,18.6,18.9,18.96666666666665,19.24285714285714,19.714285714285715,0.0,0.0,3.2,0.0,1.066666666666668,0.4571428571428577,0.5928571428571429
2019-11-18,27.1,13.6,19.1,0.0,10.9,65,11,322,4,18.9,19.1,19.2,18.7,19.066666666666652,19.24285714285714,19.471428571428568,0.0,0.0,0.0,0.0,0.0,0.4571428571428577,0.4142857142857143
2019-11-19,26.0,13.1,18.9,0.0,10.1,63,11,323,4,19.1,18.9,19.1,19.7,19.03333333333332,19.300000000000004,19.207142857142856,0.0,0.0,0.0,0.0,0.0,0.4571428571428577,0.4142857142857143
2019-11-20,25.9,12.7,19.0,0.0,8.3,61,11,324,4,18.9,19.1,18.9,20.5,18.96666666666665,19.185714285714287,18.942857142857143,0.0,0.0,0.0,0.0,0.0,0.4571428571428577,0.4142857142857143
2019-11-21,23.7,13.0,18.0,0.0,9.3,70,11,325,4,19.0,18.9,19.1,18.6,18.999999999999986,18.97142857142857,18.8,0.0,0.0,0.0,3.2,0.0,0.4571428571428577,0.39285714285714285
2019-11-22,18.8,13.2,16.0,0.1,8.6,79,11,326,4,18.0,19.0,18.9,19.2,18.63333333333332,18.885714285714283,18.842857142857145,0.0,0.0,0.0,0.0,0.0,0.0,0.2285714285714286
2019-11-23,22.7,12.2,16.9,0.0,9.8,72,11,327,4,16.0,18.0,19.0,19.1,17.666666666666654,18.428571428571427,18.757142857142856,0.1,0.0,0.0,0.0,0.03333333333333452,0.014285714285714794,0.23571428571428574
2019-11-24,24.8,11.8,17.6,0.0,9.4,62,11,328,4,16.9,16.0,18.0,18.9,16.96666666666665,18.114285714285714,18.678571428571427,0.0,0.1,0.0,0.0,0.03333333333333452,0.014285714285714794,0.23571428571428574
2019-11-25,24.0,11.8,17.4,0.0,9.2,64,11,329,4,17.6,16.9,16.0,19.1,16.833333333333318,17.928571428571427,18.585714285714285,0.0,0.0,0.1,0.0,0.03333333333333452,0.014285714285714794,0.23571428571428574
2019-11-26,23.7,12.2,17.6,0.0,10.1,55,11,330,4,17.4,17.6,16.9,18.9,17.299999999999986,17.685714285714287,18.49285714285714,0.0,0.0,0.0,0.0,0.0,0.014285714285714794,0.23571428571428574
2019-11-27,21.8,11.7,16.7,0.2,10.7,73,11,331,4,17.6,17.4,17.6,19.0,17.53333333333332,17.5,18.342857142857145,0.0,0.0,0.0,0.0,0.0,0.014285714285714794,0.23571428571428574
2019-11-28,22.2,12.9,16.4,0.0,12.8,77,11,332,4,16.7,17.6,17.4,18.0,17.23333333333332,17.17142857142857,18.071428571428573,0.2,0.0,0.0,0.0,0.06666666666666786,0.04285714285714337,0.25
2019-11-29,22.0,10.0,15.2,0.0,10.2,71,11,333,4,16.4,16.7,17.6,16.0,16.899999999999988,16.942857142857143,17.914285714285715,0.0,0.2,0.0,0.1,0.06666666666666786,0.04285714285714337,0.021428571428571432
2019-11-30,23.1,9.7,15.7,0.0,9.1,57,11,334,4,15.2,16.4,16.7,16.9,16.099999999999984,16.828571428571426,17.628571428571426,0.0,0.0,0.2,0.0,0.06666666666666786,0.02857142857142908,0.021428571428571432
2019-12-01,23.4,8.7,15.3,0.0,9.7,50,12,335,1,15.7,15.2,16.4,17.6,15.766666666666652,16.657142857142855,17.385714285714286,0.0,0.0,0.0,0.0,0.0,0.02857142857142908,0.021428571428571432
2019-12-02,24.7,7.9,15.4,0.0,13.5,54,12,336,1,15.3,15.7,15.2,17.4,15.399999999999986,16.32857142857143,17.128571428571426,0.0,0.0,0.0,0.0,0.0,0.02857142857142908,0.021428571428571432
2019-12-03,24.7,8.0,15.6,0.0,10.9,56,12,337,1,15.4,15.3,15.7,17.6,15.466666666666653,16.04285714285714,16.864285714285714,0.0,0.0,0.0,0.0,0.0,0.02857142857142908,0.021428571428571432
2019-12-04,24.0,8.5,16.0,0.0,10.7,62,12,338,1,15.6,15.4,15.3,16.7,15.433333333333318,15.757142857142854,16.628571428571426,0.0,0.0,0.0,0.2,0.0,0.02857142857142908,0.021428571428571432
2019-12-05,23.6,7.9,14.8,0.0,9.4,69,12,339,1,16.0,15.6,15.4,16.4,15.666666666666652,15.657142857142857,16.414285714285715,0.0,0.0,0.0,0.0,0.0,0.0,0.021428571428571432
2019-12-06,22.6,9.5,14.7,0.0,9.5,70,12,340,1,14.8,16.0,15.6,15.2,15.466666666666654,15.428571428571429,16.185714285714287,0.0,0.0,0.0,0.0,0.0,0.0,0.021428571428571432
2019-12-07,23.0,7.5,14.6,0.0,9.6,65,12,341,1,14.7,14.8,16.0,15.7,15.166666666666652,15.357142857142858,16.09285714285714,0.0,0.0,0.0,0.0,0.0,0.0,0.014285714285714287
2019-12-08,23.1,9.2,15.1,0.0,10.4,59,12,342,1,14.6,14.7,14.8,15.3,14.699999999999987,15.200000000000001,15.928571428571427,0.0,0.0,0.0,0.0,0.0,0.0,0.014285714285714287
2019-12-09,21.8,9.1,14.9,0.0,7.9,62,12,343,1,15.1,14.6,14.7,15.4,14.799999999999985,15.171428571428569,15.75,0.0,0.0,0.0,0.0,0.0,0.0,0.014285714285714287
2019-12-10,21.2,10.8,15.8,0.0,7.8,62,12,344,1,14.9,15.1,14.6,15.6,14.866666666666653,15.1,15.571428571428571,0.0,0.0,0.0,0.0,0.0,0.0,0.014285714285714287
2019-12-11,21.7,9.8,15.0,0.0,9.0,70,12,345,1,15.8,14.9,15.1,16.0,15.266666666666652,15.128571428571428,15.442857142857141,0.0,0.0,0.0,0.0,0.0,0.0,0.014285714285714287
2019-12-12,16.2,11.7,13.7,8.2,13.7,88,12,346,1,15.0,15.8,14.9,14.8,15.23333333333332,14.985714285714286,15.321428571428571,0.0,0.0,0.0,0.0,0.0,0.0,0.0
2019-12-13,16.8,10.2,12.9,0.7,10.7,85,12,347,1,13.7,15.0,15.8,14.7,14.83333333333332,14.828571428571427,15.128571428571428,8.2,0.0,0.0,0.0,2.7333333333333343,1.171428571428572,0.5857142857142856
2019-12-14,17.9,8.5,12.5,0.1,9.2,85,12,348,1,12.9,13.7,15.0,14.6,13.866666666666651,14.571428571428571,14.964285714285714,0.7,8.2,0.0,0.0,2.9666666666666672,1.2714285714285718,0.6357142857142856
2019-12-15,17.2,8.3,11.1,0.0,9.4,85,12,349,1,12.5,12.9,13.7,15.1,13.033333333333317,14.271428571428572,14.735714285714284,0.1,0.7,8.2,0.0,3.0000000000000013,1.2857142857142863,0.6428571428571429
2019-12-16,18.7,7.1,11.6,0.0,10.3,78,12,350,1,11.1,12.5,12.9,14.9,12.166666666666652,13.700000000000001,14.435714285714285,0.0,0.1,0.7,0.0,0.26666666666666783,1.2857142857142863,0.6428571428571429
2019-12-17,19.6,5.8,11.9,0.0,10.4,72,12,351,1,11.6,11.1,12.5,15.8,11.73333333333332,13.228571428571428,14.164285714285715,0.0,0.0,0.1,0.0,0.03333333333333452,1.2857142857142863,0.6428571428571429
2019-12-18,19.4,5.9,12.1,0.0,10.1,70,12,352,1,11.9,11.6,11.1,15.0,11.533333333333319,12.671428571428573,13.9,0.0,0.0,0.0,0.0,0.0,1.2857142857142863,0.6428571428571429
2019-12-19,19.0,7.1,11.8,0.0,8.7,80,12,353,1,12.1,11.9,11.6,13.7,11.866666666666651,12.257142857142856,13.621428571428572,0.0,0.0,0.0,8.2,0.0,1.2857142857142863,0.6428571428571429
2019-12-20,17.9,9.7,12.8,5.0,10.1,87,12,354,1,11.8,12.1,11.9,12.9,11.933333333333318,11.985714285714286,13.407142857142857,0.0,0.0,0.0,0.7,0.0,0.11428571428571478,0.6428571428571429
2019-12-21,18.1,8.8,11.8,0.0,10.2,89,12,355,1,12.8,11.8,12.1,12.5,12.23333333333332,11.971428571428572,13.271428571428572,5.0,0.0,0.0,0.1,1.6666666666666679,0.728571428571429,1.0
2019-12-22,18.7,7.0,11.5,0.0,11.1,85,12,356,1,11.8,12.8,11.8,11.1,12.13333333333332,11.871428571428572,13.071428571428571,0.0,5.0,0.0,0.0,1.6666666666666679,0.7142857142857147,1.0
2019-12-23,17.9,6.0,11.4,0.0,10.5,85,12,357,1,11.5,11.8,12.8,11.6,12.033333333333319,11.928571428571429,12.814285714285713,0.0,0.0,5.0,0.0,1.6666666666666679,0.7142857142857147,1.0
2019-12-24,16.0,7.7,10.6,0.0,9.1,89,12,358,1,11.4,11.5,11.8,11.9,11.566666666666654,11.900000000000002,12.564285714285715,0.0,0.0,0.0,0.0,0.0,0.7142857142857147,1.0
2019-12-25,15.4,5.5,9.1,0.0,9.5,90,12,359,1,10.6,11.4,11.5,12.1,11.166666666666652,11.714285714285714,12.192857142857141,0.0,0.0,0.0,0.0,0.0,0.7142857142857147,1.0
2019-12-26,15.7,3.5,8.3,0.0,9.3,89,12,360,1,9.1,10.6,11.4,11.8,10.366666666666653,11.285714285714286,11.771428571428572,0.0,0.0,0.0,0.0,0.0,0.7142857142857147,1.0
2019-12-27,12.9,3.0,6.5,0.0,8.1,91,12,361,1,8.3,9.1,10.6,12.8,9.33333333333332,10.785714285714286,11.385714285714286,0.0,0.0,0.0,5.0,0.0,0.7142857142857147,0.41428571428571426
2019-12-28,9.8,2.2,5.8,0.0,6.1,94,12,362,1,6.5,8.3,9.1,11.8,7.966666666666652,9.885714285714286,10.928571428571429,0.0,0.0,0.0,0.0,0.0,0.0,0.36428571428571427
2019-12-29,11.3,3.9,6.8,0.0,6.4,88,12,363,1,5.8,6.5,8.3,11.5,6.866666666666653,9.028571428571428,10.450000000000001,0.0,0.0,0.0,0.0,0.0,0.0,0.35714285714285715
2019-12-30,12.9,1.7,6.2,0.0,9.0,86,12,364,1,6.8,5.8,6.5,11.4,6.366666666666653,8.357142857142858,10.142857142857142,0.0,0.0,0.0,0.0,0.0,0.0,0.35714285714285715
2019-12-31,10.5,1.5,5.0,0.0,9.4,91,12,365,1,6.2,6.8,5.8,10.6,6.266666666666652,7.614285714285715,9.757142857142856,0.0,0.0,0.0,0.0,0.0,0.0,0.35714285714285715
2020-01-01,13.0,1.5,6.5,0.2,10.0,86,1,1,1,5.0,6.2,6.8,9.1,5.999999999999986,6.814285714285715,9.264285714285714,0.0,0.0,0.0,0.0,0.0,0.0,0.35714285714285715
2020-01-02,17.4,2.5,8.7,0.0,10.3,79,1,2,1,6.5,5.0,6.2,8.3,5.899999999999985,6.442857142857143,8.864285714285716,0.2,0.0,0.0,0.0,0.06666666666666786,0.02857142857142908,0.37142857142857144
2020-01-03,18.2,4.4,10.6,0.0,9.7,74,1,3,1,8.7,6.5,5.0,6.5,6.733333333333319,6.5,8.642857142857142,0.0,0.2,0.0,0.0,0.06666666666666786,0.02857142857142908,0.37142857142857144
2020-01-04,16.4,5.5,10.9,1.1,10.5,76,1,4,1,10.6,8.7,6.5,5.8,8.599999999999985,7.085714285714286,8.485714285714286,0.0,0.0,0.2,0.0,0.06666666666666786,0.02857142857142908,0.014285714285714287
2020-01-05,14.4,6.0,10.2,5.2,10.7,86,1,5,1,10.9,10.6,8.7,6.8,10.066666666666652,7.814285714285714,8.421428571428573,1.1,0.0,0.0,0.0,0.36666666666666786,0.18571428571428622,0.09285714285714286
2020-01-06,10.2,8.6,9.6,15.8,10.7,91,1,6,1,10.2,10.9,10.6,6.2,10.566666666666652,8.299999999999999,8.328571428571427,5.2,1.1,0.0,0.0,2.1000000000000014,0.928571428571429,0.4642857142857143
2020-01-07,14.6,7.2,10.8,1.3,9.7,88,1,7,1,9.6,10.2,10.9,5.0,10.23333333333332,8.785714285714285,8.2,15.8,5.2,1.1,0.0,7.366666666666668,3.1857142857142864,1.592857142857143
2020-01-08,14.8,5.5,9.0,0.0,10.6,85,1,8,1,10.8,9.6,10.2,6.5,10.199999999999987,9.614285714285714,8.214285714285714,1.3,15.8,5.2,0.2,7.4333333333333345,3.3714285714285723,1.6857142857142857
2020-01-09,16.4,4.3,9.0,0.0,10.2,76,1,9,1,9.0,10.8,9.6,8.7,9.799999999999985,9.971428571428572,8.207142857142857,0.0,1.3,15.8,0.0,5.700000000000002,3.342857142857144,1.6857142857142857
2020-01-10,16.8,4.4,9.5,0.0,13.0,71,1,10,1,9.0,9.0,10.8,10.6,9.599999999999985,10.014285714285714,8.257142857142856,0.0,0.0,1.3,0.0,0.4333333333333345,3.342857142857144,1.6857142857142857
2020-01-11,15.4,4.5,10.5,0.2,9.9,77,1,11,1,9.5,9.0,9.0,10.9,9.166666666666652,9.857142857142858,8.471428571428572,0.0,0.0,0.0,1.1,0.0,3.342857142857144,1.6857142857142857
2020-01-12,17.3,8.8,12.3,0.3,9.9,67,1,12,1,10.5,9.5,9.0,10.2,9.666666666666652,9.799999999999999,8.807142857142857,0.2,0.0,0.0,5.2,0.06666666666666786,3.214285714285715,1.7
2020-01-13,11.2,8.0,9.7,13.6,18.4,88,1,13,1,12.3,10.5,9.5,9.6,10.766666666666653,10.1,9.200000000000001,0.3,0.2,0.0,15.8,0.16666666666666785,2.514285714285715,1.7214285714285715
2020-01-14,15.5,5.8,9.9,0.0,12.8,82,1,14,1,9.7,12.3,10.5,10.8,10.83333333333332,10.114285714285714,9.45,13.6,0.3,0.2,1.3,4.700000000000001,2.2000000000000006,2.692857142857143
2020-01-15,15.9,5.1,10.2,0.0,9.0,77,1,15,1,9.9,9.7,12.3,9.0,10.63333333333332,9.985714285714286,9.799999999999999,0.0,13.6,0.3,0.0,4.633333333333335,2.0142857142857147,2.692857142857143
2020-01-16,17.8,4.9,10.5,0.0,11.0,81,1,16,1,10.2,9.9,9.7,9.0,9.93333333333332,10.157142857142857,10.064285714285715,0.0,0.0,13.6,0.0,4.533333333333334,2.0142857142857147,2.6785714285714284
2020-01-17,17.1,4.5,10.8,0.0,10.2,80,1,17,1,10.5,10.2,9.9,9.5,10.199999999999987,10.37142857142857,10.192857142857145,0.0,0.0,0.0,0.0,0.0,2.0142857142857147,2.6785714285714284
2020-01-18,16.8,4.1,10.5,0.0,9.1,79,1,18,1,10.8,10.5,10.2,10.5,10.499999999999986,10.557142857142859,10.207142857142857,0.0,0.0,0.0,0.2,0.0,2.0142857142857147,2.6785714285714284
2020-01-19,18.0,4.9,11.8,0.0,7.0,76,1,19,1,10.5,10.8,10.5,12.3,10.599999999999985,10.557142857142859,10.178571428571429,0.0,0.0,0.0,0.3,0.0,1.9857142857142862,2.6000000000000005
2020-01-20,18.0,7.5,13.0,0.1,8.8,77,1,20,1,11.8,10.5,10.8,9.7,11.033333333333319,10.485714285714286,10.292857142857143,0.0,0.0,0.0,13.6,0.0,1.9428571428571433,2.2285714285714286
2020-01-21,16.6,9.0,12.7,2.4,12.5,78,1,21,1,13.0,11.8,10.5,9.9,11.766666666666652,10.957142857142857,10.535714285714286,0.1,0.0,0.0,0.0,0.03333333333333452,0.014285714285714794,1.1071428571428572
2020-01-22,17.6,6.4,11.1,0.0,12.2,75,1,22,1,12.7,13.0,11.8,10.2,12.499999999999986,11.357142857142858,10.671428571428573,2.4,0.1,0.0,0.0,0.8333333333333345,0.35714285714285765,1.1857142857142857
2020-01-23,18.4,5.8,11.2,0.0,18.5,63,1,23,1,11.1,12.7,13.0,10.5,12.266666666666652,11.485714285714286,10.821428571428571,0.0,2.4,0.1,0.0,0.8333333333333345,0.35714285714285765,1.1857142857142857
2020-01-24,20.3,6.2,12.0,0.0,14.1,59,1,24,1,11.2,11.1,12.7,10.8,11.666666666666652,11.585714285714287,10.97857142857143,0.0,0.0,2.4,0.0,0.8000000000000012,0.35714285714285765,1.1857142857142857
2020-01-25,19.1,8.8,13.3,0.1,10.2,74,1,25,1,12.0,11.2,11.1,10.5,11.433333333333318,11.757142857142858,11.157142857142858,0.0,0.0,0.0,0.0,0.0,0.35714285714285765,1.1857142857142857
2020-01-26,19.9,7.5,13.0,0.0,9.0,73,1,26,1,13.3,12.0,11.2,11.8,12.166666666666652,12.157142857142858,11.357142857142858,0.1,0.0,0.0,0.0,0.03333333333333452,0.37142857142857194,1.1785714285714286
2020-01-27,17.6,7.9,12.5,3.9,10.9,82,1,27,1,13.0,13.3,12.0,13.0,12.766666666666653,12.328571428571427,11.407142857142857,0.0,0.1,0.0,0.1,0.03333333333333452,0.37142857142857194,1.157142857142857
2020-01-28,14.8,10.5,12.3,6.8,11.3,91,1,28,1,12.5,13.0,13.3,12.7,12.933333333333321,12.257142857142856,11.607142857142858,3.9,0.0,0.1,2.4,1.3333333333333346,0.9142857142857148,0.4642857142857143
2020-01-29,16.9,8.8,11.8,0.9,8.4,86,1,29,1,12.3,12.5,13.0,11.1,12.599999999999985,12.2,11.778571428571428,6.8,3.9,0.0,0.0,3.5666666666666678,1.5428571428571431,0.9500000000000001
2020-01-30,16.8,6.4,10.7,0.0,9.4,82,1,30,1,11.8,12.3,12.5,11.2,12.199999999999987,12.299999999999999,11.892857142857142,0.9,6.8,3.9,0.0,3.8666666666666676,1.671428571428572,1.0142857142857142
2020-01-31,17.7,5.9,11.5,0.3,10.1,73,1,31,1,10.7,11.8,12.3,12.0,11.599999999999985,12.228571428571428,11.907142857142857,0.0,0.9,6.8,0.0,2.5666666666666678,1.671428571428572,1.0142857142857142
2020-02-01,18.4,6.0,12.6,0.4,12.6,68,2,32,1,11.5,10.7,11.8,13.3,11.33333333333332,12.157142857142857,11.957142857142857,0.3,0.0,0.9,0.1,0.40000000000000147,1.7142857142857146,1.0357142857142858
2020-02-02,19.9,6.0,12.2,0.0,10.8,70,2,33,1,12.6,11.5,10.7,13.0,11.599999999999985,12.057142857142859,12.107142857142858,0.4,0.3,0.0,0.0,0.2333333333333348,1.7571428571428576,1.0642857142857143
2020-02-03,19.6,6.0,11.9,0.0,11.2,69,2,34,1,12.2,12.6,11.5,12.5,12.099999999999985,11.942857142857141,12.135714285714286,0.0,0.4,0.3,3.9,0.2333333333333348,1.7571428571428576,1.0642857142857143
2020-02-04,15.4,7.1,10.7,0.6,11.0,75,2,35,1,11.9,12.2,12.6,12.3,12.23333333333332,11.857142857142858,12.057142857142855,0.0,0.0,0.4,6.8,0.13333333333333483,1.2000000000000004,1.0571428571428572
2020-02-05,18.2,5.6,10.8,0.0,11.5,73,2,36,1,10.7,11.9,12.2,11.8,11.599999999999985,11.62857142857143,11.914285714285715,0.6,0.0,0.0,0.9,0.20000000000000148,0.31428571428571483,0.9285714285714286
2020-02-06,18.9,5.6,12.0,0.0,10.2,66,2,37,1,10.8,10.7,11.9,10.7,11.133333333333319,11.485714285714286,11.892857142857142,0.0,0.6,0.0,0.0,0.20000000000000148,0.18571428571428622,0.9285714285714286
2020-02-07,20.3,5.9,12.4,0.0,10.8,64,2,38,1,12.0,10.8,10.7,11.5,11.166666666666652,11.671428571428573,11.95,0.0,0.0,0.6,0.3,0.20000000000000148,0.1857142857142862,0.9285714285714286
2020-02-08,21.4,6.3,13.3,0.0,11.5,63,2,39,1,12.4,12.0,10.8,12.6,11.73333333333332,11.799999999999999,11.978571428571428,0.0,0.0,0.0,0.4,0.0,0.14285714285714338,0.9285714285714286
2020-02-09,22.1,6.6,14.6,0.0,11.5,58,2,40,1,13.3,12.4,12.0,12.2,12.566666666666654,11.900000000000002,11.97857142857143,0.0,0.0,0.0,0.0,0.0,0.0857142857142862,0.9214285714285715
2020-02-10,22.1,8.3,14.9,0.0,11.3,56,2,41,1,14.6,13.3,12.4,11.9,13.433333333333321,12.242857142857144,12.092857142857143,0.0,0.0,0.0,0.0,0.0,0.0857142857142862,0.9214285714285715
2020-02-11,22.3,8.4,15.3,0.0,10.5,61,2,42,1,14.9,14.6,13.3,10.7,14.266666666666652,12.671428571428573,12.264285714285716,0.0,0.0,0.0,0.6,0.0,0.0857142857142862,0.6428571428571429
2020-02-12,21.2,9.9,15.1,0.4,14.6,69,2,43,1,15.3,14.9,14.6,10.8,14.933333333333318,13.328571428571427,12.478571428571428,0.0,0.0,0.0,0.0,0.0,0.0,0.15714285714285717
2020-02-13,23.2,11.3,16.6,0.7,16.3,69,2,44,1,15.1,15.3,14.9,12.0,15.099999999999985,13.942857142857141,12.714285714285714,0.4,0.0,0.0,0.0,0.13333333333333483,0.057142857142857655,0.12142857142857144
2020-02-14,24.5,9.8,16.7,0.0,20.0,40,2,45,1,16.6,15.1,15.3,12.4,15.666666666666652,14.6,13.135714285714286,0.7,0.4,0.0,0.0,0.3666666666666682,0.15714285714285767,0.17142857142857143
2020-02-15,26.6,8.4,16.7,0.0,13.1,48,2,46,1,16.7,16.6,15.1,13.3,16.13333333333332,15.214285714285717,13.507142857142856,0.0,0.7,0.4,0.0,0.3666666666666682,0.15714285714285767,0.14999999999999997
2020-02-16,27.1,11.1,18.1,0.0,11.7,40,2,47,1,16.7,16.7,16.6,14.6,16.666666666666654,15.700000000000001,13.8,0.0,0.0,0.7,0.0,0.2333333333333348,0.15714285714285767,0.12142857142857141
2020-02-17,27.4,9.0,17.2,0.0,12.0,38,2,48,1,18.1,16.7,16.7,14.9,17.166666666666654,16.2,14.221428571428572,0.0,0.0,0.0,0.0,0.0,0.15714285714285767,0.12142857142857141
2020-02-18,27.3,9.2,17.7,0.0,11.1,39,2,49,1,17.2,18.1,16.7,15.3,17.333333333333318,16.52857142857143,14.6,0.0,0.0,0.0,0.0,0.0,0.15714285714285767,0.12142857142857141
2020-02-19,24.2,12.6,17.7,0.0,15.0,44,2,50,1,17.7,17.2,18.1,15.1,17.666666666666654,16.87142857142857,15.1,0.0,0.0,0.0,0.4,0.0,0.15714285714285767,0.07857142857142858
2020-02-20,22.7,11.7,15.1,0.2,23.1,79,2,51,1,17.7,17.7,17.2,16.6,17.533333333333317,17.242857142857144,15.592857142857143,0.0,0.0,0.0,0.7,0.0,0.1000000000000005,0.07857142857142858
2020-02-21,23.4,12.6,16.9,0.0,15.2,72,2,52,1,15.1,17.7,17.7,16.7,16.833333333333318,17.02857142857143,15.814285714285715,0.2,0.0,0.0,0.0,0.06666666666666815,0.02857142857142908,0.09285714285714286
2020-02-22,24.1,11.1,17.3,0.0,9.9,74,2,53,1,16.9,15.1,17.7,16.7,16.566666666666652,17.057142857142857,16.135714285714286,0.0,0.2,0.0,0.0,0.06666666666666815,0.02857142857142908,0.09285714285714286
2020-02-23,25.8,11.9,18.6,0.0,11.3,61,2,54,1,17.3,16.9,15.1,18.1,16.43333333333332,17.142857142857142,16.42142857142857,0.0,0.0,0.2,0.0,0.06666666666666815,0.02857142857142908,0.09285714285714286
2020-02-24,25.8,13.1,18.7,0.1,9.5,59,2,55,1,18.6,17.3,16.9,17.2,17.599999999999984,17.214285714285715,16.70714285714286,0.0,0.0,0.0,0.0,0.0,0.02857142857142908,0.09285714285714286
2020-02-25,26.2,12.4,19.4,0.0,10.5,58,2,56,1,18.7,18.6,17.3,17.7,18.199999999999985,17.428571428571427,16.978571428571428,0.1,0.0,0.0,0.0,0.03333333333333482,0.04285714285714337,0.09999999999999999
2020-02-26,27.7,13.4,21.0,0.0,10.6,58,2,57,1,19.4,18.7,18.6,17.7,18.899999999999988,17.67142857142857,17.27142857142857,0.0,0.1,0.0,0.0,0.03333333333333482,0.04285714285714337,0.09999999999999999
2020-02-27,28.6,15.6,21.3,0.0,13.9,60,2,58,1,21.0,19.4,18.7,15.1,19.699999999999985,18.142857142857142,17.692857142857143,0.0,0.0,0.1,0.2,0.03333333333333482,0.04285714285714337,0.07142857142857142
2020-02-28,24.6,17.0,19.5,9.4,22.7,76,2,59,1,21.3,21.0,19.4,16.9,20.566666666666652,19.02857142857143,18.02857142857143,0.0,0.0,0.0,0.0,0.0,0.014285714285714794,0.021428571428571432
2020-02-29,20.6,14.1,16.6,26.0,32.2,87,2,60,1,19.5,21.3,21.0,17.3,20.599999999999984,19.400000000000002,18.22857142857143,9.4,0.0,0.0,0.0,3.133333333333335,1.3571428571428577,0.692857142857143
2020-03-01,22.9,13.5,17.4,1.5,11.3,82,3,61,2,16.6,19.5,21.3,18.6,19.13333333333332,19.3,18.22142857142857,26.0,9.4,0.0,0.0,11.800000000000002,5.071428571428571,2.5500000000000003
2020-03-02,24.6,12.8,18.2,0.0,9.5,74,3,62,2,17.4,16.6,19.5,18.7,17.833333333333318,19.12857142857143,18.17142857142857,1.5,26.0,9.4,0.1,12.300000000000002,5.285714285714286,2.6571428571428575
2020-03-03,25.5,13.1,18.8,0.0,10.1,68,3,63,2,18.2,17.4,16.6,19.4,17.399999999999988,19.057142857142857,18.242857142857144,0.0,1.5,26.0,0.0,9.16666666666667,5.271428571428572,2.6571428571428575
2020-03-04,22.7,13.1,17.7,1.2,19.2,74,3,64,2,18.8,18.2,17.4,21.0,18.133333333333315,18.97142857142857,18.321428571428573,0.0,0.0,1.5,0.0,0.5000000000000023,5.271428571428572,2.6571428571428575
2020-03-05,19.7,13.1,16.1,6.7,22.2,86,3,65,2,17.7,18.8,18.2,21.3,18.23333333333332,18.5,18.321428571428573,1.2,0.0,0.0,0.0,0.40000000000000235,5.442857142857143,2.7428571428571433
2020-03-06,16.7,13.1,14.5,13.9,18.8,93,3,66,2,16.1,17.7,18.8,19.5,17.533333333333317,17.75714285714286,18.392857142857142,6.7,1.2,0.0,9.4,2.633333333333336,6.4,3.207142857142857
2020-03-07,19.4,12.7,15.2,1.3,14.1,83,3,67,2,14.5,16.1,17.7,16.6,16.099999999999984,17.042857142857144,18.22142857142857,13.9,6.7,1.2,26.0,7.266666666666669,7.042857142857144,4.2
2020-03-08,22.0,11.7,15.9,0.7,14.3,79,3,68,2,15.2,14.5,16.1,17.4,15.266666666666652,16.84285714285714,18.071428571428573,1.3,13.9,6.7,1.5,7.300000000000003,3.514285714285715,4.292857142857143
2020-03-09,22.8,10.9,15.9,0.0,13.8,72,3,69,2,15.9,15.2,14.5,18.2,15.199999999999983,16.62857142857143,17.878571428571426,0.7,1.3,13.9,0.0,5.3000000000000025,3.400000000000001,4.3428571428571425
2020-03-10,23.3,10.4,16.5,0.0,10.1,71,3,70,2,15.9,15.9,15.2,18.8,15.666666666666652,16.3,17.678571428571427,0.0,0.7,1.3,0.0,0.6666666666666691,3.400000000000001,4.335714285714286
2020-03-11,18.8,13.0,15.2,13.0,23.6,78,3,71,2,16.5,15.9,15.9,17.7,16.099999999999984,15.971428571428573,17.47142857142857,0.0,0.0,0.7,1.2,0.2333333333333357,3.400000000000001,4.335714285714286
2020-03-12,20.4,12.3,15.1,14.0,32.2,82,3,72,2,15.2,16.5,15.9,16.1,15.866666666666651,15.614285714285714,17.057142857142857,13.0,0.0,0.0,6.7,4.333333333333336,5.085714285714287,5.264285714285714
2020-03-13,19.0,10.2,14.4,5.3,13.7,83,3,73,2,15.1,15.2,16.5,14.5,15.599999999999985,15.471428571428572,16.614285714285714,14.0,13.0,0.0,13.9,9.000000000000002,6.128571428571429,6.264285714285714
2020-03-14,20.1,10.7,14.7,0.1,12.7,83,3,74,2,14.4,15.1,15.2,15.2,14.899999999999984,15.457142857142857,16.25,5.3,14.0,13.0,1.3,10.766666666666667,4.9,5.971428571428571
2020-03-15,22.4,9.9,16.1,0.0,9.4,77,3,75,2,14.7,14.4,15.1,15.9,14.733333333333318,15.385714285714286,16.114285714285714,0.1,5.3,14.0,0.7,6.466666666666669,4.7285714285714295,4.121428571428572
2020-03-16,24.1,11.7,17.4,0.0,11.2,74,3,76,2,16.1,14.7,14.4,15.9,15.06666666666665,15.414285714285715,16.02142857142857,0.0,0.1,5.3,0.0,1.8000000000000023,4.628571428571429,4.014285714285714
2020-03-17,26.0,12.9,19.4,0.0,10.6,70,3,77,2,17.4,16.1,14.7,16.5,16.066666666666652,15.628571428571428,15.964285714285714,0.0,0.0,0.1,0.0,0.033333333333335706,4.628571428571429,4.014285714285714
2020-03-18,25.8,15.5,20.1,3.2,12.1,76,3,78,2,19.4,17.4,16.1,15.2,17.63333333333332,16.042857142857144,16.007142857142856,0.0,0.0,0.0,13.0,0.0,4.628571428571429,4.014285714285714
2020-03-19,26.0,15.5,20.4,0.0,9.7,73,3,79,2,20.1,19.4,17.4,15.1,18.96666666666665,16.742857142857144,16.178571428571427,3.2,0.0,0.0,14.0,1.066666666666669,3.228571428571429,4.157142857142857
2020-03-20,24.9,15.6,20.1,0.0,12.1,72,3,80,2,20.4,20.1,19.4,14.4,19.96666666666665,17.5,16.485714285714288,0.0,3.2,0.0,5.3,1.066666666666669,1.228571428571429,3.6785714285714284
2020-03-21,25.7,16.8,20.3,2.1,18.2,73,3,81,2,20.1,20.4,20.1,14.7,20.199999999999985,18.314285714285713,16.885714285714286,0.0,0.0,3.2,0.1,1.066666666666669,0.471428571428572,2.6857142857142855
2020-03-22,26.6,14.9,20.5,0.0,10.7,69,3,82,2,20.3,20.1,20.4,16.1,20.26666666666665,19.114285714285717,17.25,2.1,0.0,0.0,0.0,0.7000000000000024,0.7571428571428578,2.742857142857143
2020-03-23,27.3,15.8,21.4,0.2,12.3,69,3,83,2,20.5,20.3,20.1,17.4,20.299999999999983,19.742857142857144,17.57857142857143,0.0,2.1,0.0,0.0,0.7000000000000024,0.7571428571428578,2.692857142857143
2020-03-24,24.7,17.4,20.3,4.5,17.8,81,3,84,2,21.4,20.5,20.3,19.4,20.73333333333332,20.314285714285713,17.97142857142857,0.2,0.0,2.1,0.0,0.7666666666666692,0.7857142857142863,2.7071428571428577
2020-03-25,26.6,16.0,20.3,0.3,12.1,76,3,85,2,20.3,21.4,20.5,20.1,20.733333333333317,20.442857142857143,18.242857142857144,4.5,0.2,0.0,3.2,1.566666666666669,1.428571428571429,3.028571428571429
2020-03-26,23.6,16.2,19.5,1.1,15.2,76,3,86,2,20.3,20.3,21.4,20.4,20.666666666666654,20.47142857142857,18.607142857142858,0.3,4.5,0.2,0.0,1.666666666666669,1.0142857142857147,2.1214285714285714
2020-03-27,19.2,14.4,17.1,27.0,20.1,92,3,87,2,19.5,20.3,20.3,20.1,20.033333333333317,20.342857142857145,18.92142857142857,1.1,0.3,4.5,0.0,1.9666666666666692,1.171428571428572,1.2
2020-03-28,23.1,12.8,17.5,2.7,22.8,82,3,88,2,17.1,19.5,20.3,20.3,18.966666666666654,19.914285714285715,19.11428571428571,27.0,1.1,0.3,2.1,9.466666666666669,5.028571428571429,2.75
2020-03-29,25.4,13.1,19.1,0.0,9.9,73,3,89,2,17.5,17.1,19.5,20.5,18.033333333333317,19.514285714285712,19.314285714285713,2.7,27.0,1.1,0.0,10.266666666666667,5.114285714285715,2.935714285714286
2020-03-30,27.0,13.9,20.4,0.0,9.7,65,3,90,2,19.1,17.5,17.1,21.4,17.899999999999988,19.314285714285717,19.528571428571432,0.0,2.7,27.0,0.2,9.900000000000002,5.114285714285715,2.935714285714286
2020-03-31,21.3,15.4,18.5,2.4,10.7,77,3,91,2,20.4,19.1,17.5,20.3,18.999999999999986,19.17142857142857,19.74285714285714,0.0,0.0,2.7,4.5,0.9000000000000025,5.085714285714287,2.935714285714286
2020-04-01,26.4,13.7,19.7,0.0,14.3,75,4,92,2,18.5,20.4,19.1,20.3,19.333333333333318,18.914285714285715,19.678571428571427,2.4,0.0,0.0,0.3,0.8000000000000024,4.785714285714286,3.107142857142857
2020-04-02,26.7,13.6,19.8,0.0,13.1,65,4,93,2,19.7,18.5,20.4,19.5,19.533333333333317,18.82857142857143,19.650000000000002,0.0,2.4,0.0,1.1,0.8000000000000024,4.742857142857143,2.878571428571429
2020-04-03,27.9,12.9,21.0,0.0,11.4,60,4,94,2,19.8,19.7,18.5,17.1,19.333333333333318,18.87142857142857,19.607142857142858,0.0,0.0,2.4,27.0,0.8000000000000024,4.585714285714286,2.878571428571429
2020-04-04,29.4,15.6,23.1,0.0,7.0,59,4,95,2,21.0,19.8,19.7,17.5,20.166666666666654,19.428571428571427,19.67142857142857,0.0,0.0,0.0,2.7,0.0,0.728571428571429,2.878571428571429
2020-04-05,28.2,18.0,22.7,0.7,21.6,63,4,96,2,23.1,21.0,19.8,19.1,21.299999999999983,20.228571428571428,19.87142857142857,0.0,0.0,0.0,0.0,0.0,0.34285714285714336,2.7285714285714286
2020-04-06,28.9,16.2,22.1,0.0,10.4,62,4,97,2,22.7,23.1,21.0,20.4,22.26666666666665,20.74285714285714,20.02857142857143,0.7,0.0,0.0,0.0,0.2333333333333357,0.44285714285714334,2.7785714285714285
2020-04-07,27.3,16.8,21.0,0.6,18.4,67,4,98,2,22.1,22.7,23.1,18.5,22.633333333333315,20.985714285714288,20.07857142857143,0.0,0.7,0.0,2.4,0.2333333333333357,0.44285714285714334,2.764285714285714
2020-04-08,28.8,14.6,21.6,0.0,9.9,62,4,99,2,21.0,22.1,22.7,19.7,21.93333333333332,21.342857142857145,20.12857142857143,0.6,0.0,0.7,0.0,0.4333333333333356,0.1857142857142862,2.4857142857142853
2020-04-09,31.0,16.4,23.9,0.0,9.6,54,4,100,2,21.6,21.0,22.1,19.8,21.566666666666652,21.614285714285717,20.22142857142857,0.0,0.6,0.0,0.0,0.20000000000000237,0.1857142857142862,2.4642857142857144
2020-04-10,30.5,18.3,24.0,0.8,18.4,60,4,101,2,23.9,21.6,21.0,21.0,22.166666666666654,22.2,20.535714285714285,0.0,0.0,0.6,0.0,0.20000000000000237,0.1857142857142862,2.3857142857142857
2020-04-11,33.0,18.1,25.5,0.0,10.2,48,4,102,2,24.0,23.9,21.6,23.1,23.166666666666654,22.62857142857143,21.028571428571432,0.8,0.0,0.0,0.0,0.26666666666666905,0.30000000000000054,0.5142857142857143
2020-04-12,35.0,20.6,27.9,0.0,12.6,46,4,103,2,25.5,24.0,23.9,22.7,24.46666666666665,22.97142857142857,21.6,0.0,0.8,0.0,0.7,0.26666666666666905,0.30000000000000054,0.32142857142857145
2020-04-13,35.9,21.9,28.9,0.0,9.4,50,4,104,2,27.9,25.5,24.0,22.1,25.799999999999983,23.714285714285715,22.228571428571428,0.0,0.0,0.8,0.0,0.26666666666666905,0.20000000000000048,0.32142857142857145
2020-04-14,35.8,22.6,29.2,0.0,18.5,50,4,105,2,28.9,27.9,25.5,21.0,27.43333333333332,24.685714285714283,22.83571428571429,0.0,0.0,0.0,0.6,0.0,0.20000000000000048,0.32142857142857145
2020-04-15,34.6,22.2,27.8,0.0,21.7,45,4,106,2,29.2,28.9,27.9,21.6,28.666666666666654,25.857142857142858,23.6,0.0,0.0,0.0,0.0,0.0,0.1142857142857148,0.15
2020-04-16,34.5,19.8,27.1,0.0,10.9,46,4,107,2,27.8,29.2,28.9,23.9,28.633333333333315,26.74285714285714,24.178571428571427,0.0,0.0,0.0,0.0,0.0,0.1142857142857148,0.15
2020-04-17,28.6,19.8,24.4,11.6,18.6,60,4,108,2,27.1,27.8,29.2,24.0,28.03333333333332,27.199999999999996,24.7,0.0,0.0,0.0,0.8,0.0,0.1142857142857148,0.15
2020-04-18,28.4,17.1,22.7,0.4,14.5,65,4,109,2,24.4,27.1,27.8,25.5,26.43333333333332,27.257142857142856,24.942857142857147,11.6,0.0,0.0,0.0,3.866666666666669,1.6571428571428577,0.9785714285714285
2020-04-19,30.6,17.6,24.4,0.0,9.7,55,4,110,2,22.7,24.4,27.1,27.9,24.73333333333332,26.857142857142858,24.914285714285715,0.4,11.6,0.0,0.0,4.000000000000003,1.7142857142857149,1.0071428571428571
2020-04-20,29.2,19.4,24.5,0.1,12.7,50,4,111,2,24.4,22.7,24.4,28.9,23.833333333333314,26.357142857142858,25.035714285714285,0.0,0.4,11.6,0.0,4.000000000000003,1.7142857142857149,0.9571428571428572
2020-04-21,31.3,18.9,25.1,0.0,12.0,51,4,112,2,24.5,24.4,22.7,29.2,23.86666666666665,25.728571428571428,25.207142857142856,0.1,0.0,0.4,0.0,0.16666666666666904,1.728571428571429,0.9642857142857143
2020-04-22,33.5,18.8,26.9,0.0,10.0,44,4,113,2,25.1,24.5,24.4,27.8,24.666666666666654,25.142857142857142,25.5,0.0,0.1,0.0,0.0,0.033333333333335706,1.728571428571429,0.9214285714285714
2020-04-23,34.6,22.9,28.9,0.0,13.6,37,4,114,2,26.9,25.1,24.5,27.1,25.499999999999986,25.014285714285712,25.878571428571426,0.0,0.0,0.1,0.0,0.033333333333335706,1.728571428571429,0.9214285714285714
2020-04-24,36.1,22.7,30.0,0.0,11.3,32,4,115,2,28.9,26.9,25.1,24.4,26.96666666666665,25.271428571428572,26.235714285714288,0.0,0.0,0.0,11.6,0.0,1.728571428571429,0.9214285714285714
2020-04-25,33.7,23.7,28.3,0.2,17.2,39,4,116,2,30.0,28.9,26.9,22.7,28.599999999999984,26.071428571428573,26.664285714285715,0.0,0.0,0.0,0.4,0.0,0.07142857142857194,0.8642857142857142
2020-04-26,33.6,21.1,27.3,0.0,21.8,47,4,117,2,28.3,30.0,28.9,24.4,29.066666666666652,26.87142857142857,26.86428571428571,0.2,0.0,0.0,0.0,0.06666666666666904,0.04285714285714337,0.8785714285714284
2020-04-27,33.3,22.2,27.1,4.8,25.6,54,4,118,2,27.3,28.3,30.0,24.5,28.533333333333317,27.285714285714285,26.821428571428573,0.0,0.2,0.0,0.1,0.06666666666666904,0.04285714285714337,0.8785714285714284
2020-04-28,33.0,21.7,27.1,1.4,17.8,54,4,119,2,27.1,27.3,28.3,25.1,27.566666666666652,27.657142857142862,26.692857142857143,4.8,0.0,0.2,0.0,1.666666666666669,0.7142857142857147,1.2214285714285715
2020-04-29,36.7,22.4,29.8,0.0,13.7,44,4,120,2,27.1,27.1,27.3,26.9,27.166666666666654,27.942857142857143,26.54285714285714,1.4,4.8,0.0,0.0,2.0666666666666687,0.9142857142857148,1.3214285714285714
2020-04-30,38.3,24.1,31.0,0.0,11.9,39,4,121,2,29.8,27.1,27.1,28.9,27.999999999999986,28.357142857142858,26.685714285714283,0.0,1.4,4.8,0.0,2.0666666666666687,0.9142857142857148,1.3214285714285714
2020-05-01,39.5,24.0,32.2,0.0,10.4,30,5,122,2,31.0,29.8,27.1,30.0,29.299999999999983,28.657142857142862,26.964285714285715,0.0,0.0,1.4,0.0,0.466666666666669,0.9142857142857148,1.3214285714285714
2020-05-02,38.1,26.9,31.4,0.0,18.1,38,5,123,2,32.2,31.0,29.8,28.3,30.999999999999986,28.97142857142857,27.52142857142857,0.0,0.0,0.0,0.2,0.0,0.9142857142857148,0.4928571428571429
2020-05-03,32.6,21.0,26.3,5.6,28.3,63,5,124,2,31.4,32.2,31.0,27.3,31.53333333333332,29.414285714285715,28.142857142857142,0.0,0.0,0.0,0.0,0.0,0.8857142857142861,0.4642857142857143
2020-05-04,32.1,20.7,26.7,0.2,9.5,61,5,125,2,26.3,31.4,32.2,27.1,29.966666666666654,29.271428571428572,28.278571428571432,5.6,0.0,0.0,4.8,1.866666666666669,1.6857142857142862,0.8642857142857142
2020-05-05,33.3,21.7,27.6,0.0,16.4,51,5,126,2,26.7,26.3,31.4,27.1,28.133333333333315,29.214285714285715,28.435714285714287,0.2,5.6,0.0,1.4,1.9333333333333356,1.028571428571429,0.8714285714285713
2020-05-06,32.1,21.2,26.2,1.2,29.1,49,5,127,2,27.6,26.7,26.3,29.8,26.866666666666656,29.285714285714285,28.614285714285717,0.0,0.2,5.6,0.0,1.9333333333333356,0.828571428571429,0.8714285714285713
2020-05-07,34.5,21.0,27.7,0.0,11.3,46,5,128,2,26.2,27.6,26.7,31.0,26.833333333333318,28.77142857142857,28.564285714285717,1.2,0.0,0.2,0.0,0.466666666666669,1.0000000000000002,0.9571428571428572
2020-05-08,37.1,22.1,29.9,0.0,9.2,41,5,129,2,27.7,26.2,27.6,32.2,27.166666666666654,28.3,28.478571428571428,0.0,1.2,0.0,0.0,0.40000000000000235,1.0000000000000002,0.9571428571428572
2020-05-09,38.7,24.7,31.5,2.0,11.9,36,5,130,2,29.9,27.7,26.2,31.4,27.93333333333332,27.97142857142857,28.471428571428568,0.0,0.0,1.2,0.0,0.40000000000000235,1.0000000000000002,0.9571428571428572
2020-05-10,39.1,24.4,32.0,0.0,21.4,34,5,131,2,31.5,29.9,27.7,26.3,29.699999999999985,27.985714285714284,28.7,2.0,0.0,0.0,5.6,0.6666666666666691,1.285714285714286,1.0857142857142859
2020-05-11,37.2,25.6,30.7,0.0,19.7,42,5,132,2,32.0,31.5,29.9,26.7,31.133333333333315,28.800000000000004,29.035714285714285,0.0,2.0,0.0,0.2,0.6666666666666691,0.4857142857142861,1.0857142857142859
2020-05-12,36.7,23.4,30.3,0.0,16.9,44,5,133,2,30.7,32.0,31.5,27.6,31.399999999999988,29.37142857142857,29.29285714285714,0.0,0.0,2.0,0.0,0.6666666666666691,0.45714285714285746,0.7428571428571429
2020-05-13,34.3,22.7,28.4,2.3,18.1,60,5,134,2,30.3,30.7,32.0,26.2,30.999999999999986,29.75714285714286,29.521428571428572,0.0,0.0,0.0,1.2,0.0,0.45714285714285746,0.6428571428571429
2020-05-14,31.2,22.9,26.5,7.5,20.1,67,5,135,2,28.4,30.3,30.7,27.7,29.799999999999983,30.071428571428573,29.421428571428574,2.3,0.0,0.0,0.0,0.7666666666666689,0.6142857142857147,0.807142857142857
2020-05-15,32.9,21.0,26.4,0.0,12.4,63,5,136,2,26.5,28.4,30.3,29.9,28.399999999999988,29.9,29.1,7.5,2.3,0.0,0.0,3.2666666666666693,1.6857142857142862,1.3428571428571427
2020-05-16,34.6,20.7,28.0,0.4,9.1,58,5,137,2,26.4,26.5,28.4,31.5,27.099999999999984,29.4,28.685714285714287,0.0,7.5,2.3,2.0,3.2666666666666693,1.6857142857142862,1.3428571428571427
2020-05-17,35.8,20.8,28.7,0.0,17.9,41,5,138,2,28.0,26.4,26.5,32.0,26.96666666666665,28.900000000000002,28.442857142857143,0.4,0.0,7.5,0.0,2.633333333333336,1.4571428571428575,1.3714285714285714
2020-05-18,35.8,20.7,28.5,0.0,9.8,38,5,139,2,28.7,28.0,26.4,30.7,27.699999999999985,28.428571428571427,28.61428571428571,0.0,0.4,0.0,0.0,0.13333333333333572,1.4571428571428575,0.9714285714285714
2020-05-19,34.3,21.7,28.4,0.0,17.0,36,5,140,2,28.5,28.7,28.0,30.3,28.399999999999988,28.11428571428571,28.74285714285714,0.0,0.0,0.4,0.0,0.13333333333333572,1.4571428571428575,0.9571428571428572
2020-05-20,37.4,20.9,28.9,0.0,11.4,38,5,141,2,28.4,28.5,28.7,28.4,28.533333333333317,27.842857142857145,28.8,0.0,0.0,0.0,2.3,0.0,1.4571428571428575,0.9571428571428572
2020-05-21,39.5,22.7,31.4,0.0,9.4,36,5,142,2,28.9,28.4,28.5,26.5,28.599999999999984,27.914285714285715,28.99285714285714,0.0,0.0,0.0,7.5,0.0,1.128571428571429,0.8714285714285713
2020-05-22,40.9,24.6,32.8,0.0,12.5,35,5,143,2,31.4,28.9,28.4,26.4,29.56666666666665,28.614285714285717,29.257142857142856,0.0,0.0,0.0,0.0,0.0,0.05714285714285753,0.8714285714285713
2020-05-23,40.6,26.6,33.6,0.0,19.9,28,5,144,2,32.8,31.4,28.9,28.0,31.033333333333317,29.52857142857143,29.464285714285715,0.0,0.0,0.0,0.4,0.0,0.05714285714285753,0.8714285714285713
2020-05-24,40.8,25.7,33.2,0.0,13.4,33,5,145,2,33.6,32.8,31.4,28.7,32.59999999999999,30.328571428571426,29.614285714285717,0.0,0.0,0.0,0.0,0.0,0.0,0.7285714285714285
2020-05-25,42.5,26.6,35.0,0.0,11.7,31,5,146,2,33.2,33.6,32.8,28.5,33.19999999999999,30.97142857142857,29.7,0.0,0.0,0.0,0.0,0.0,0.0,0.7285714285714285
2020-05-26,43.4,27.4,35.5,0.0,11.6,27,5,147,2,35.0,33.2,33.6,28.4,33.933333333333316,31.900000000000002,30.00714285714286,0.0,0.0,0.0,0.0,0.0,0.0,0.7285714285714285
2020-05-27,43.7,26.7,35.8,0.0,13.4,21,5,148,2,35.5,35.0,33.2,28.9,34.566666666666656,32.91428571428572,30.37857142857143,0.0,0.0,0.0,0.0,0.0,0.0,0.7285714285714285
2020-05-28,41.6,27.7,34.6,0.0,23.6,26,5,149,2,35.8,35.5,35.0,31.4,35.433333333333316,33.9,30.907142857142855,0.0,0.0,0.0,0.0,0.0,0.0,0.5642857142857143
2020-05-29,35.8,26.7,31.6,2.4,25.4,46,5,150,2,34.6,35.8,35.5,32.8,35.29999999999998,34.357142857142854,31.485714285714284,0.0,0.0,0.0,0.0,0.0,0.0,0.028571428571428574
2020-05-30,32.9,25.0,28.6,6.4,20.7,60,5,151,2,31.6,34.6,35.8,33.6,33.99999999999998,34.18571428571429,31.857142857142858,2.4,0.0,0.0,0.0,0.8000000000000024,0.34285714285714325,0.19999999999999998
2020-05-31,32.7,23.7,28.0,0.3,16.0,59,5,152,2,28.6,31.6,34.6,33.2,31.59999999999999,33.471428571428575,31.900000000000002,6.4,2.4,0.0,0.0,2.933333333333336,1.2571428571428576,0.6285714285714287
2020-06-01,34.0,23.6,28.9,0.4,14.1,54,6,153,3,28.0,28.6,31.6,35.0,29.399999999999988,32.72857142857143,31.849999999999998,0.3,6.4,2.4,0.0,3.0333333333333363,1.3000000000000005,0.6500000000000001
2020-06-02,34.4,24.6,28.8,1.6,15.9,54,6,154,3,28.9,28.0,28.6,35.5,28.499999999999986,31.857142857142858,31.87857142857143,0.4,0.3,6.4,0.0,2.3666666666666694,1.3571428571428574,0.6785714285714286
2020-06-03,34.2,24.3,29.4,0.0,13.0,51,6,155,3,28.8,28.9,28.0,35.8,28.566666666666652,30.9,31.907142857142855,1.6,0.4,0.3,0.0,0.7666666666666689,1.585714285714286,0.7928571428571429
2020-06-04,34.6,23.5,29.5,0.7,16.6,49,6,156,3,29.4,28.8,28.9,34.6,29.033333333333317,29.985714285714288,31.942857142857143,0.0,1.6,0.4,0.0,0.6666666666666691,1.585714285714286,0.7928571428571429
2020-06-05,37.2,24.5,31.5,0.0,13.0,40,6,157,3,29.5,29.4,28.8,31.6,29.23333333333332,29.25714285714286,31.807142857142857,0.7,0.0,1.6,2.4,0.7666666666666689,1.6857142857142862,0.8428571428571429
2020-06-06,35.5,26.3,30.5,0.0,22.5,48,6,158,3,31.5,29.5,29.4,28.6,30.133333333333322,29.24285714285714,31.714285714285715,0.0,0.7,0.0,6.4,0.2333333333333357,1.3428571428571432,0.8428571428571429
2020-06-07,36.4,25.4,30.3,0.0,18.6,51,6,159,3,30.5,31.5,29.5,28.0,30.499999999999986,29.514285714285712,31.49285714285714,0.0,0.0,0.7,0.3,0.2333333333333357,0.4285714285714288,0.8428571428571429
2020-06-08,39.0,27.1,33.0,0.0,13.8,46,6,160,3,30.3,30.5,31.5,28.9,30.76666666666665,29.842857142857145,31.285714285714285,0.0,0.0,0.0,0.4,0.0,0.385714285714286,0.8428571428571429
2020-06-09,39.8,29.1,34.0,0.0,16.0,43,6,161,3,33.0,30.3,30.5,28.8,31.26666666666665,30.428571428571427,31.142857142857142,0.0,0.0,0.0,1.6,0.0,0.3285714285714288,0.8428571428571429
2020-06-10,41.6,29.2,34.7,0.0,17.4,44,6,162,3,34.0,33.0,30.3,29.4,32.433333333333316,31.171428571428574,31.035714285714285,0.0,0.0,0.0,0.0,0.0,0.10000000000000024,0.8428571428571429
2020-06-11,40.4,29.3,34.3,0.0,18.3,44,6,163,3,34.7,34.0,33.0,29.5,33.899999999999984,31.928571428571427,30.957142857142856,0.0,0.0,0.0,0.7,0.0,0.10000000000000024,0.8428571428571429
2020-06-12,39.8,29.3,34.2,1.1,25.0,45,6,164,3,34.3,34.7,34.0,31.5,34.33333333333332,32.614285714285714,30.935714285714287,0.0,0.0,0.0,0.0,0.0,0.0,0.8428571428571429
2020-06-13,38.6,28.5,33.2,0.0,22.5,44,6,165,3,34.2,34.3,34.7,30.5,34.399999999999984,33.0,31.12142857142857,1.1,0.0,0.0,0.0,0.3666666666666691,0.15714285714285742,0.75
2020-06-14,39.8,28.4,33.7,0.0,14.3,42,6,166,3,33.2,34.2,34.3,30.3,33.899999999999984,33.385714285714286,31.45,0.0,1.1,0.0,0.0,0.3666666666666691,0.15714285714285742,0.2928571428571428
2020-06-15,41.3,28.3,36.0,0.0,9.0,33,6,167,3,33.7,33.2,34.2,33.0,33.69999999999999,33.871428571428574,31.857142857142858,0.0,0.0,1.1,0.0,0.3666666666666691,0.15714285714285742,0.27142857142857146
2020-06-16,42.7,28.6,36.2,0.0,11.0,31,6,168,3,36.0,33.7,33.2,34.0,34.29999999999999,34.3,32.364285714285714,0.0,0.0,0.0,0.0,0.0,0.15714285714285742,0.24285714285714285
2020-06-17,43.1,28.1,36.4,0.0,11.7,28,6,169,3,36.2,36.0,33.7,34.7,35.29999999999999,34.614285714285714,32.892857142857146,0.0,0.0,0.0,0.0,0.0,0.15714285714285742,0.1285714285714286
2020-06-18,44.0,30.8,37.1,0.0,13.1,27,6,170,3,36.4,36.2,36.0,34.3,36.19999999999999,34.857142857142854,33.392857142857146,0.0,0.0,0.0,0.0,0.0,0.15714285714285742,0.1285714285714286
2020-06-19,43.5,31.7,36.8,0.0,18.6,33,6,171,3,37.1,36.4,36.2,34.2,36.566666666666656,35.25714285714286,33.93571428571429,0.0,0.0,0.0,1.1,0.0,0.15714285714285742,0.07857142857142858
2020-06-20,40.8,31.5,36.1,0.0,24.0,40,6,172,3,36.8,37.1,36.4,33.2,36.76666666666665,35.628571428571426,34.31428571428572,0.0,0.0,0.0,0.0,0.0,0.0,0.07857142857142858
2020-06-21,42.2,31.6,36.6,0.0,13.1,38,6,173,3,36.1,36.8,37.1,33.7,36.66666666666665,36.042857142857144,34.714285714285715,0.0,0.0,0.0,0.0,0.0,0.0,0.07857142857142858
2020-06-22,42.6,30.9,36.6,0.0,9.7,39,6,174,3,36.6,36.1,36.8,36.0,36.499999999999986,36.45714285714286,35.16428571428572,0.0,0.0,0.0,0.0,0.0,0.0,0.07857142857142858
2020-06-23,41.7,31.6,36.7,0.0,18.7,42,6,175,3,36.6,36.6,36.1,36.2,36.433333333333316,36.542857142857144,35.42142857142857,0.0,0.0,0.0,0.0,0.0,0.0,0.07857142857142858
2020-06-24,37.4,28.3,34.1,2.5,17.9,54,6,176,3,36.7,36.6,36.6,36.4,36.633333333333326,36.614285714285714,35.614285714285714,0.0,0.0,0.0,0.0,0.0,0.0,0.07857142857142858
2020-06-25,37.2,26.0,32.1,6.7,14.7,65,6,177,3,34.1,36.7,36.6,37.1,35.79999999999999,36.28571428571429,35.57142857142857,2.5,0.0,0.0,0.0,0.8333333333333357,0.3571428571428574,0.2571428571428572
2020-06-26,37.3,27.3,32.4,13.9,13.5,65,6,178,3,32.1,34.1,36.7,36.8,34.29999999999998,35.57142857142857,35.41428571428572,6.7,2.5,0.0,0.0,3.0666666666666687,1.3142857142857147,0.7357142857142858
2020-06-27,38.7,29.9,33.9,0.1,11.2,60,6,179,3,32.4,32.1,34.1,36.1,32.86666666666665,34.94285714285714,35.285714285714285,13.9,6.7,2.5,0.0,7.700000000000003,3.3000000000000003,1.6500000000000001
2020-06-28,40.4,26.0,33.7,9.0,26.2,61,6,180,3,33.9,32.4,32.1,36.6,32.79999999999998,34.628571428571426,35.33571428571429,0.1,13.9,6.7,0.0,6.900000000000003,3.3142857142857145,1.657142857142857
2020-06-29,38.1,26.0,32.2,20.2,24.1,66,6,181,3,33.7,33.9,32.4,36.6,33.33333333333332,34.214285714285715,35.33571428571428,9.0,0.1,13.9,0.0,7.666666666666669,4.6000000000000005,2.3000000000000003
2020-06-30,39.1,29.2,33.9,0.5,8.9,60,6,182,3,32.2,33.7,33.9,36.7,33.26666666666665,33.58571428571429,35.06428571428571,20.2,9.0,0.1,0.0,9.76666666666667,7.485714285714286,3.742857142857143
2020-07-01,39.4,29.7,34.2,0.0,9.6,60,7,183,3,33.9,32.2,33.7,34.1,33.26666666666665,33.18571428571429,34.9,0.5,20.2,9.0,2.5,9.900000000000002,7.557142857142857,3.7785714285714285
2020-07-02,40.5,29.5,35.4,0.0,8.0,55,7,184,3,34.2,33.9,32.2,32.1,33.43333333333332,33.2,34.74285714285715,0.0,0.5,20.2,6.7,6.900000000000003,7.2,3.7785714285714285
2020-07-03,42.7,30.1,36.2,0.0,9.1,53,7,185,3,35.4,34.2,33.9,32.4,34.49999999999999,33.67142857142857,34.621428571428574,0.0,0.0,0.5,13.9,0.16666666666666904,6.242857142857142,3.7785714285714285
2020-07-04,42.0,28.5,34.2,0.9,29.7,57,7,186,3,36.2,35.4,34.2,33.9,35.26666666666665,34.214285714285715,34.57857142857143,0.0,0.0,0.0,0.1,0.0,4.257142857142857,3.7785714285714285
2020-07-05,34.1,24.8,30.0,7.2,19.6,69,7,187,3,34.2,36.2,35.4,33.7,35.26666666666665,34.25714285714286,34.44285714285714,0.9,0.0,0.0,9.0,0.3000000000000024,4.371428571428571,3.8428571428571425
2020-07-06,35.4,26.2,30.9,3.9,13.0,65,7,188,3,30.0,34.2,36.2,32.2,33.46666666666665,33.728571428571435,33.971428571428575,7.2,0.9,0.0,20.2,2.7000000000000024,4.114285714285714,4.357142857142857
2020-07-07,37.2,28.3,32.7,0.0,14.5,61,7,189,3,30.9,30.0,34.2,33.9,31.69999999999999,33.542857142857144,33.56428571428571,3.9,7.2,0.9,0.5,4.000000000000003,1.7857142857142858,4.635714285714286
2020-07-08,36.1,28.6,31.9,0.1,15.9,62,7,190,3,32.7,30.9,30.0,34.2,31.19999999999999,33.371428571428574,33.278571428571425,0.0,3.9,7.2,0.0,3.7000000000000024,1.7142857142857142,4.635714285714286
2020-07-09,36.9,27.8,32.2,0.0,9.4,63,7,191,3,31.9,32.7,30.9,35.4,31.833333333333318,33.042857142857144,33.121428571428574,0.1,0.0,3.9,0.0,1.3333333333333357,1.7285714285714284,4.464285714285714
2020-07-10,39.8,30.1,34.8,0.1,13.5,52,7,192,3,32.2,31.9,32.7,36.2,32.26666666666666,32.58571428571429,33.128571428571426,0.0,0.1,0.0,0.0,0.033333333333335706,1.7285714285714284,3.9857142857142853
2020-07-11,40.1,29.9,33.8,0.3,12.2,57,7,193,3,34.8,32.2,31.9,34.2,32.966666666666654,32.385714285714286,33.300000000000004,0.1,0.0,0.1,0.9,0.06666666666666904,1.742857142857143,3.0
2020-07-12,36.0,27.4,31.7,1.7,15.9,66,7,194,3,33.8,34.8,32.2,30.0,33.59999999999999,32.32857142857143,33.292857142857144,0.3,0.1,0.0,7.2,0.13333333333333572,1.657142857142857,3.014285714285714
2020-07-13,36.2,27.1,31.5,0.1,10.4,66,7,195,3,31.7,33.8,34.8,30.9,33.433333333333316,32.57142857142857,33.15,1.7,0.3,0.1,3.9,0.7000000000000024,0.8714285714285713,2.492857142857143
2020-07-14,38.8,28.4,33.6,0.0,7.7,61,7,196,3,31.5,31.7,33.8,32.7,32.33333333333332,32.65714285714286,33.1,0.1,1.7,0.3,0.0,0.7000000000000023,0.32857142857142857,1.0571428571428572
2020-07-15,39.5,30.1,34.2,0.0,16.0,58,7,197,3,33.6,31.5,31.7,31.9,32.26666666666665,32.785714285714285,33.07857142857143,0.0,0.1,1.7,0.1,0.6000000000000024,0.32857142857142857,1.0214285714285716
2020-07-16,36.3,29.3,32.3,0.9,21.4,66,7,198,3,34.2,33.6,31.5,32.2,33.09999999999999,33.114285714285714,33.07857142857143,0.0,0.0,0.1,0.0,0.03333333333333563,0.3142857142857142,1.0214285714285716
2020-07-17,36.7,27.8,32.4,0.0,11.8,66,7,199,3,32.3,34.2,33.6,34.8,33.36666666666665,33.128571428571426,32.857142857142854,0.9,0.0,0.0,0.1,0.3000000000000023,0.4428571428571428,1.0857142857142859
2020-07-18,37.3,29.0,33.1,0.1,8.9,65,7,200,3,32.4,32.3,34.2,33.8,32.96666666666665,32.785714285714285,32.58571428571428,0.0,0.9,0.0,0.3,0.3000000000000023,0.42857142857142855,1.0857142857142859
2020-07-19,38.8,29.6,33.7,0.0,11.5,62,7,201,3,33.1,32.4,32.3,31.7,32.59999999999999,32.68571428571429,32.50714285714285,0.1,0.0,0.9,1.7,0.33333333333333565,0.39999999999999997,1.0285714285714287
2020-07-20,37.7,28.5,32.5,0.4,19.9,63,7,202,3,33.7,33.1,32.4,31.5,33.066666666666656,32.971428571428575,32.771428571428565,0.0,0.1,0.0,0.1,0.03333333333333563,0.15714285714285717,0.5142857142857143
2020-07-21,30.7,24.7,27.5,21.6,21.6,81,7,203,3,32.5,33.7,33.1,33.6,33.09999999999999,33.114285714285714,32.885714285714286,0.4,0.0,0.1,0.0,0.16666666666666896,0.19999999999999998,0.2642857142857143
2020-07-22,34.2,24.5,29.0,0.0,10.4,69,7,204,3,27.5,32.5,33.7,34.2,31.23333333333332,32.24285714285714,32.51428571428572,21.6,0.4,0.0,0.0,7.333333333333336,3.2857142857142856,1.8071428571428572
2020-07-23,36.4,25.5,31.2,0.0,10.2,61,7,205,3,29.0,27.5,32.5,32.3,29.666666666666654,31.5,32.30714285714286,0.0,21.6,0.4,0.9,7.333333333333336,3.2857142857142856,1.8
2020-07-24,36.5,28.4,32.1,0.0,17.6,60,7,206,3,31.2,29.0,27.5,32.4,29.23333333333332,31.342857142857138,32.23571428571429,0.0,0.0,21.6,0.0,7.200000000000003,3.1571428571428575,1.8
2020-07-25,36.9,28.5,32.4,0.0,12.1,62,7,207,3,32.1,31.2,29.0,33.1,30.76666666666665,31.300000000000004,32.04285714285714,0.0,0.0,0.0,0.1,0.0,3.1571428571428575,1.792857142857143
2020-07-26,36.0,28.5,32.3,0.2,10.5,66,7,208,3,32.4,32.1,31.2,33.7,31.899999999999988,31.199999999999996,31.942857142857143,0.0,0.0,0.0,0.0,0.0,3.142857142857143,1.7714285714285716
2020-07-27,38.1,29.3,34.0,0.0,9.1,59,7,209,3,32.3,32.4,32.1,32.5,32.26666666666665,31.0,31.985714285714284,0.2,0.0,0.0,0.4,0.06666666666666904,3.1714285714285713,1.6642857142857144
2020-07-28,40.3,30.8,35.4,0.0,14.5,49,7,210,3,34.0,32.3,32.4,27.5,32.899999999999984,31.214285714285715,32.16428571428571,0.0,0.2,0.0,21.6,0.06666666666666904,3.1142857142857143,1.657142857142857
2020-07-29,40.5,30.5,35.3,0.0,16.7,51,7,211,3,35.4,34.0,32.3,29.0,33.899999999999984,32.34285714285714,32.292857142857144,0.0,0.0,0.2,0.0,0.06666666666666904,0.028571428571428574,1.657142857142857
2020-07-30,37.5,30.2,32.8,2.5,18.0,63,7,212,3,35.3,35.4,34.0,31.2,34.899999999999984,33.24285714285714,32.37142857142857,0.0,0.0,0.0,0.0,0.0,0.028571428571428574,1.657142857142857
2020-07-31,37.4,27.6,32.4,6.3,12.7,66,7,213,3,32.8,35.3,35.4,32.1,34.499999999999986,33.471428571428575,32.40714285714286,2.5,0.0,0.0,0.0,0.8333333333333357,0.38571428571428573,1.7714285714285716
2020-08-01,37.4,27.9,32.4,3.6,12.1,67,8,214,3,32.4,32.8,35.3,32.4,33.49999999999998,33.51428571428571,32.40714285714286,6.3,2.5,0.0,0.0,2.933333333333336,1.2857142857142858,2.2214285714285715
2020-08-02,39.7,29.7,33.9,0.1,13.2,61,8,215,3,32.4,32.4,32.8,32.3,32.53333333333332,33.51428571428571,32.357142857142854,3.6,6.3,2.5,0.2,4.1333333333333355,1.8,2.4714285714285715
2020-08-03,40.9,30.3,35.2,0.0,16.3,53,8,216,3,33.9,32.4,32.4,34.0,32.899999999999984,33.74285714285714,32.37142857142857,0.1,3.6,6.3,0.0,3.3333333333333357,1.7857142857142858,2.4785714285714286
2020-08-04,39.2,29.4,34.1,0.0,12.2,58,8,217,3,35.2,33.9,32.4,35.4,33.833333333333314,33.91428571428571,32.56428571428571,0.0,0.1,3.6,0.0,1.2333333333333358,1.7857142857142858,2.45
2020-08-05,40.3,30.4,35.2,0.0,15.7,54,8,218,3,34.1,35.2,33.9,35.3,34.399999999999984,33.728571428571435,33.035714285714285,0.0,0.0,0.1,0.0,0.033333333333335706,1.7857142857142858,0.9071428571428571
2020-08-06,38.0,29.7,33.7,0.0,14.6,60,8,219,3,35.2,34.1,35.2,32.8,34.83333333333332,33.714285714285715,33.478571428571435,0.0,0.0,0.0,2.5,0.0,1.7857142857142858,0.9071428571428571
2020-08-07,38.5,31.3,34.3,0.1,16.0,54,8,220,3,33.7,35.2,34.1,32.4,34.33333333333332,33.84285714285714,33.65714285714286,0.0,0.0,0.0,6.3,0.0,1.4285714285714286,0.9071428571428571
2020-08-08,37.1,30.6,33.5,0.3,12.2,60,8,221,3,34.3,33.7,35.2,32.4,34.399999999999984,34.114285714285714,33.81428571428571,0.1,0.0,0.0,3.6,0.033333333333335706,0.5428571428571429,0.9142857142857144
2020-08-09,39.0,30.2,33.9,2.9,15.4,61,8,222,3,33.5,34.3,33.7,33.9,33.83333333333332,34.27142857142857,33.892857142857146,0.3,0.1,0.0,0.1,0.13333333333333572,0.07142857142857142,0.9357142857142857
2020-08-10,37.0,30.4,33.1,1.3,13.3,66,8,223,3,33.9,33.5,34.3,35.2,33.899999999999984,34.27142857142857,34.00714285714286,2.9,0.3,0.1,0.0,1.1000000000000023,0.4714285714285714,1.1285714285714286
2020-08-11,37.4,28.5,33.0,1.5,13.9,67,8,224,3,33.1,33.9,33.5,34.1,33.499999999999986,33.971428571428575,33.94285714285714,1.3,2.9,0.3,0.0,1.5000000000000024,0.6571428571428571,1.2214285714285715
2020-08-12,40.7,30.6,35.5,0.0,14.0,55,8,225,3,33.0,33.1,33.9,35.2,33.33333333333332,33.81428571428571,33.771428571428565,1.5,1.3,2.9,0.0,1.9000000000000024,0.8714285714285713,1.3285714285714287
2020-08-13,40.7,31.5,35.4,0.0,23.5,56,8,226,3,35.5,33.0,33.1,33.7,33.86666666666665,33.857142857142854,33.785714285714285,0.0,1.5,1.3,0.0,0.9333333333333357,0.8714285714285713,1.3285714285714287
2020-08-14,37.3,27.3,31.7,4.8,19.4,71,8,227,3,35.4,35.5,33.0,34.3,34.63333333333332,34.1,33.971428571428575,0.0,0.0,1.5,0.1,0.5000000000000023,0.8714285714285713,1.1500000000000001
2020-08-15,37.9,28.5,33.0,0.0,11.8,62,8,228,3,31.7,35.4,35.5,33.5,34.19999999999998,33.72857142857143,33.92142857142857,4.8,0.0,0.0,0.3,1.6000000000000023,1.542857142857143,1.042857142857143
2020-08-16,37.9,30.0,34.2,0.9,12.0,57,8,229,3,33.0,31.7,35.4,33.9,33.36666666666665,33.65714285714286,33.964285714285715,0.0,4.8,0.0,2.9,1.6000000000000023,1.5,0.7857142857142857
2020-08-17,39.2,30.6,34.9,0.4,13.7,56,8,230,3,34.2,33.0,31.7,33.1,32.966666666666654,33.699999999999996,33.98571428571429,0.9,0.0,4.8,1.3,1.9000000000000024,1.2142857142857142,0.8428571428571429
2020-08-18,39.8,31.0,34.8,0.0,17.2,61,8,231,3,34.9,34.2,33.0,33.0,34.033333333333324,33.957142857142856,33.964285714285715,0.4,0.9,0.0,1.5,0.43333333333333574,1.0857142857142856,0.8714285714285716
2020-08-19,37.6,27.9,32.6,6.2,20.5,70,8,232,3,34.8,34.9,34.2,35.5,34.63333333333332,34.214285714285715,34.01428571428571,0.0,0.4,0.9,0.0,0.43333333333333574,0.8714285714285713,0.8714285714285716
2020-08-20,29.7,25.5,27.0,26.8,23.7,92,8,233,3,32.6,34.8,34.9,35.4,34.09999999999999,33.8,33.82857142857143,6.2,0.0,0.4,0.0,2.2000000000000024,1.7571428571428573,1.3142857142857143
2020-08-21,31.2,25.6,27.8,3.4,10.7,85,8,234,3,27.0,32.6,34.8,31.7,31.46666666666665,32.6,33.35,26.8,6.2,0.0,4.8,11.000000000000002,5.585714285714286,3.2285714285714286
2020-08-22,33.8,25.2,29.4,0.0,7.9,77,8,235,3,27.8,27.0,32.6,33.0,29.133333333333322,32.042857142857144,32.885714285714286,3.4,26.8,6.2,0.0,12.133333333333335,5.385714285714286,3.4642857142857144
2020-08-23,34.6,27.4,30.7,0.4,9.7,70,8,236,3,29.4,27.8,27.0,34.2,28.066666666666652,31.52857142857143,32.59285714285714,0.0,3.4,26.8,0.9,10.066666666666668,5.385714285714286,3.442857142857143
2020-08-24,34.9,27.6,31.1,0.0,10.3,70,8,237,3,30.7,29.4,27.8,34.9,29.299999999999983,31.028571428571432,32.364285714285714,0.4,0.0,3.4,0.4,1.266666666666669,5.314285714285714,3.264285714285714
2020-08-25,34.1,27.9,30.5,1.8,16.3,72,8,238,3,31.1,30.7,29.4,34.8,30.399999999999988,30.485714285714288,32.221428571428575,0.0,0.4,0.0,0.0,0.13333333333333572,5.257142857142857,3.1714285714285713
2020-08-26,32.3,27.0,29.1,7.7,13.7,81,8,239,3,30.5,31.1,30.7,32.6,30.76666666666665,29.87142857142857,32.042857142857144,1.8,0.0,0.4,6.2,0.7333333333333357,5.514285714285714,3.192857142857143
2020-08-27,32.2,25.7,28.3,14.7,11.2,84,8,240,3,29.1,30.5,31.1,27.0,30.23333333333332,29.37142857142857,31.58571428571429,7.7,1.8,0.0,26.8,3.166666666666669,5.7285714285714295,3.7428571428571433
2020-08-28,31.2,25.1,28.0,14.3,11.5,84,8,241,3,28.3,29.1,30.5,27.8,29.299999999999986,29.557142857142857,31.078571428571426,14.7,7.7,1.8,3.4,8.066666666666668,4.0,4.792857142857143
2020-08-29,32.8,25.9,29.1,0.3,8.3,79,8,242,3,28.0,28.3,29.1,29.4,28.466666666666654,29.585714285714285,30.814285714285713,14.3,14.7,7.7,0.0,12.233333333333334,5.557142857142858,5.471428571428572
2020-08-30,33.7,26.0,29.8,0.5,14.1,75,8,243,3,29.1,28.0,28.3,30.7,28.466666666666654,29.542857142857144,30.535714285714285,0.3,14.3,14.7,0.4,9.76666666666667,5.6000000000000005,5.492857142857143
2020-08-31,31.7,26.2,27.9,40.2,20.5,85,8,244,3,29.8,29.1,28.0,31.1,28.966666666666654,29.414285714285715,30.22142857142857,0.5,0.3,14.3,0.0,5.033333333333336,5.614285714285715,5.464285714285714
2020-09-01,31.9,25.4,28.1,4.4,21.3,81,9,245,4,27.9,29.8,29.1,30.5,28.93333333333332,28.957142857142856,29.721428571428568,40.2,0.5,0.3,1.8,13.666666666666671,11.357142857142858,8.307142857142859
2020-09-02,30.6,25.8,27.8,8.4,11.2,86,9,246,4,28.1,27.9,29.8,29.1,28.599999999999984,28.614285714285717,29.242857142857144,4.4,40.2,0.5,7.7,15.033333333333339,11.72857142857143,8.621428571428572
2020-09-03,32.5,25.6,28.5,11.3,12.2,84,9,247,4,27.8,28.1,27.9,28.3,27.93333333333332,28.428571428571427,28.900000000000002,8.4,4.4,40.2,14.7,17.66666666666667,11.828571428571431,8.778571428571428
2020-09-04,28.9,24.9,26.6,14.8,11.1,89,9,248,4,28.5,27.8,28.1,28.0,28.133333333333322,28.457142857142856,29.00714285714286,11.3,8.4,4.4,14.3,8.033333333333339,11.342857142857143,7.671428571428572
2020-09-05,31.3,25.2,27.9,2.9,11.4,87,9,249,4,26.6,28.5,27.8,29.1,27.633333333333322,28.25714285714286,28.92142857142857,14.8,11.3,8.4,0.3,11.500000000000005,11.414285714285715,8.485714285714286
2020-09-06,32.6,25.2,28.9,1.0,8.5,81,9,250,4,27.9,26.6,28.5,29.8,27.666666666666654,28.085714285714285,28.814285714285717,2.9,14.8,11.3,0.5,9.666666666666671,11.785714285714288,8.692857142857143
2020-09-07,33.7,26.0,29.8,0.0,7.3,76,9,251,4,28.9,27.9,26.6,27.9,27.799999999999986,27.957142857142856,28.685714285714287,1.0,2.9,14.8,40.2,6.233333333333338,11.85714285714286,8.735714285714286
2020-09-08,34.9,26.7,30.4,0.1,8.1,73,9,252,4,29.8,28.9,27.9,28.1,28.86666666666665,28.22857142857143,28.592857142857145,0.0,1.0,2.9,4.4,1.3000000000000047,6.114285714285715,8.735714285714286
2020-09-09,35.5,26.9,30.8,0.0,8.9,73,9,253,4,30.4,29.8,28.9,27.8,29.69999999999999,28.557142857142853,28.585714285714285,0.1,0.0,1.0,8.4,0.3666666666666714,5.5,8.614285714285716
2020-09-10,35.9,26.0,30.9,0.0,9.8,67,9,254,4,30.8,30.4,29.8,28.5,30.333333333333318,28.985714285714288,28.707142857142856,0.0,0.1,0.0,11.3,0.03333333333333807,4.3,8.064285714285715
2020-09-11,36.5,25.6,30.8,0.0,12.5,62,9,255,4,30.9,30.8,30.4,26.6,30.699999999999985,29.32857142857143,28.892857142857142,0.0,0.0,0.1,14.8,0.03333333333333807,2.685714285714286,7.014285714285715
2020-09-12,37.5,25.7,31.2,0.0,9.7,61,9,256,4,30.8,30.9,30.8,27.9,30.833333333333318,29.928571428571427,29.092857142857145,0.0,0.0,0.0,2.9,0.0,0.5714285714285714,5.992857142857143
2020-09-13,37.3,26.0,31.1,0.0,9.1,61,9,257,4,31.2,30.8,30.9,28.9,30.966666666666654,30.400000000000002,29.24285714285714,0.0,0.0,0.0,1.0,0.0,0.15714285714285717,5.971428571428572
2020-09-14,37.3,26.4,31.3,0.0,10.5,59,9,258,4,31.1,31.2,30.8,29.8,31.033333333333317,30.714285714285715,29.335714285714285,0.0,0.0,0.0,0.0,0.0,0.014285714285714287,5.935714285714286
2020-09-15,36.9,26.7,32.0,0.0,8.3,58,9,259,4,31.3,31.1,31.2,30.4,31.19999999999999,30.928571428571427,29.57857142857143,0.0,0.0,0.0,0.1,0.0,0.014285714285714287,3.064285714285714
2020-09-16,37.1,28.9,32.3,0.0,12.6,58,9,260,4,32.0,31.3,31.1,30.8,31.46666666666665,31.157142857142862,29.857142857142858,0.0,0.0,0.0,0.0,0.0,0.0,2.75
2020-09-17,37.2,28.7,32.3,0.0,8.0,61,9,261,4,32.3,32.0,31.3,30.9,31.866666666666656,31.37142857142857,30.178571428571427,0.0,0.0,0.0,0.0,0.0,0.0,2.15
2020-09-18,37.6,27.3,31.8,0.1,9.4,61,9,262,4,32.3,32.3,32.0,30.8,32.19999999999998,31.571428571428573,30.449999999999996,0.0,0.0,0.0,0.0,0.0,0.0,1.342857142857143
2020-09-19,37.8,26.5,31.5,0.0,7.9,58,9,263,4,31.8,32.3,32.3,31.2,32.13333333333332,31.71428571428571,30.821428571428573,0.1,0.0,0.0,0.0,0.03333333333333807,0.014285714285714287,0.2928571428571428
2020-09-20,37.5,25.0,31.6,0.0,8.2,54,9,264,4,31.5,31.8,32.3,31.1,31.866666666666656,31.757142857142856,31.078571428571426,0.0,0.1,0.0,0.0,0.03333333333333807,0.014285714285714287,0.08571428571428572
2020-09-21,37.7,24.9,30.9,0.0,8.8,51,9,265,4,31.6,31.5,31.8,31.3,31.633333333333322,31.82857142857143,31.271428571428572,0.0,0.0,0.1,0.0,0.03333333333333807,0.014285714285714287,0.014285714285714287
2020-09-22,37.2,25.0,31.1,0.0,8.5,50,9,266,4,30.9,31.6,31.5,32.0,31.333333333333318,31.77142857142857,31.349999999999998,0.0,0.0,0.0,0.0,0.0,0.014285714285714287,0.014285714285714287
2020-09-23,36.9,26.5,31.3,0.0,7.9,54,9,267,4,31.1,30.9,31.6,32.3,31.19999999999999,31.642857142857142,31.400000000000002,0.0,0.0,0.0,0.0,0.0,0.014285714285714287,0.0071428571428571435
2020-09-24,37.3,26.4,31.4,0.0,10.7,57,9,268,4,31.3,31.1,30.9,32.3,31.099999999999984,31.5,31.435714285714287,0.0,0.0,0.0,0.0,0.0,0.014285714285714287,0.0071428571428571435
2020-09-25,38.3,24.8,30.6,0.0,12.1,49,9,269,4,31.4,31.3,31.1,31.8,31.26666666666665,31.37142857142857,31.47142857142857,0.0,0.0,0.0,0.1,0.0,0.014285714285714287,0.0071428571428571435
2020-09-26,36.0,23.0,29.6,0.0,10.2,43,9,270,4,30.6,31.4,31.3,31.5,31.099999999999984,31.2,31.45714285714286,0.0,0.0,0.0,0.0,0.0,0.0,0.0071428571428571435
2020-09-27,36.6,23.5,29.6,0.0,12.3,46,9,271,4,29.6,30.6,31.4,31.6,30.53333333333332,30.928571428571427,31.342857142857145,0.0,0.0,0.0,0.0,0.0,0.0,0.0071428571428571435
2020-09-28,36.1,23.9,29.5,0.0,13.2,52,9,272,4,29.6,29.6,30.6,30.9,29.93333333333332,30.642857142857142,31.235714285714288,0.0,0.0,0.0,0.0,0.0,0.0,0.0071428571428571435
2020-09-29,35.3,23.2,28.5,0.1,9.5,52,9,273,4,29.5,29.6,29.6,31.1,29.566666666666652,30.442857142857147,31.107142857142858,0.0,0.0,0.0,0.0,0.0,0.0,0.0071428571428571435
2020-09-30,36.4,22.4,29.2,0.0,9.9,47,9,274,4,28.5,29.5,29.6,31.3,29.19999999999999,30.071428571428573,30.857142857142858,0.1,0.0,0.0,0.0,0.03333333333333807,0.014285714285714287,0.014285714285714287
2020-10-01,36.2,23.0,29.3,0.0,11.4,47,10,275,4,29.2,28.5,29.5,31.4,29.066666666666652,29.771428571428572,30.635714285714283,0.0,0.1,0.0,0.0,0.03333333333333807,0.014285714285714287,0.014285714285714287
2020-10-02,36.0,22.0,28.5,0.0,10.7,46,10,276,4,29.3,29.2,28.5,30.6,28.999999999999986,29.47142857142857,30.421428571428574,0.0,0.0,0.1,0.0,0.03333333333333807,0.014285714285714287,0.014285714285714287
2020-10-03,36.0,22.1,28.5,0.0,10.4,40,10,277,4,28.5,29.3,29.2,29.6,28.999999999999986,29.171428571428574,30.185714285714287,0.0,0.0,0.0,0.0,0.0,0.014285714285714287,0.0071428571428571435
2020-10-04,36.4,23.3,29.4,0.0,8.4,38,10,278,4,28.5,28.5,29.3,29.6,28.76666666666665,29.014285714285716,29.97142857142857,0.0,0.0,0.0,0.0,0.0,0.014285714285714287,0.0071428571428571435
2020-10-05,36.7,21.0,28.6,0.0,9.1,44,10,279,4,29.4,28.5,28.5,29.5,28.799999999999983,28.985714285714284,29.814285714285713,0.0,0.0,0.0,0.0,0.0,0.014285714285714287,0.0071428571428571435
2020-10-06,36.2,19.9,27.8,0.0,9.5,48,10,280,4,28.6,29.4,28.5,28.5,28.833333333333318,28.857142857142858,29.650000000000002,0.0,0.0,0.0,0.1,0.0,0.014285714285714287,0.0071428571428571435
2020-10-07,36.8,20.9,28.1,0.0,11.3,47,10,281,4,27.8,28.6,29.4,29.2,28.599999999999984,28.757142857142856,29.414285714285715,0.0,0.0,0.0,0.0,0.0,0.0,0.0071428571428571435
2020-10-08,36.7,20.8,28.1,0.0,10.3,43,10,282,4,28.1,27.8,28.6,29.3,28.166666666666654,28.6,29.185714285714283,0.0,0.0,0.0,0.0,0.0,0.0,0.0071428571428571435
2020-10-09,36.9,21.7,28.3,0.0,11.8,46,10,283,4,28.1,28.1,27.8,28.5,27.999999999999986,28.428571428571427,28.95,0.0,0.0,0.0,0.0,0.0,0.0,0.0071428571428571435
2020-10-10,36.9,21.1,28.4,0.0,9.4,45,10,284,4,28.3,28.1,28.1,28.5,28.166666666666657,28.400000000000002,28.785714285714285,0.0,0.0,0.0,0.0,0.0,0.0,0.0071428571428571435
2020-10-11,36.8,19.9,28.2,0.0,10.0,44,10,285,4,28.4,28.3,28.1,29.4,28.26666666666665,28.385714285714283,28.7,0.0,0.0,0.0,0.0,0.0,0.0,0.0071428571428571435
2020-10-12,36.9,21.8,28.3,0.0,12.9,37,10,286,4,28.2,28.4,28.3,28.6,28.299999999999986,28.21428571428572,28.599999999999998,0.0,0.0,0.0,0.0,0.0,0.0,0.0071428571428571435
2020-10-13,35.8,20.6,27.7,0.0,13.1,40,10,287,4,28.3,28.2,28.4,27.8,28.299999999999983,28.17142857142857,28.514285714285712,0.0,0.0,0.0,0.0,0.0,0.0,0.0071428571428571435
2020-10-14,35.0,19.3,26.6,0.0,12.3,44,10,288,4,27.7,28.3,28.2,28.1,28.066666666666652,28.157142857142862,28.457142857142856,0.0,0.0,0.0,0.0,0.0,0.0,0.0
2020-10-15,34.9,20.4,26.9,0.0,14.4,34,10,289,4,26.6,27.7,28.3,28.1,27.533333333333317,27.942857142857143,28.271428571428572,0.0,0.0,0.0,0.0,0.0,0.0,0.0
2020-10-16,35.1,19.3,26.9,0.0,10.5,37,10,290,4,26.9,26.6,27.7,28.3,27.066666666666652,27.771428571428572,28.099999999999998,0.0,0.0,0.0,0.0,0.0,0.0,0.0
2020-10-17,35.3,18.7,26.8,0.0,10.1,30,10,291,4,26.9,26.9,26.6,28.4,26.799999999999983,27.571428571428573,27.985714285714288,0.0,0.0,0.0,0.0,0.0,0.0,0.0
2020-10-18,34.9,17.5,26.4,0.0,10.4,27,10,292,4,26.8,26.9,26.9,28.2,26.866666666666656,27.342857142857145,27.864285714285717,0.0,0.0,0.0,0.0,0.0,0.0,0.0
2020-10-19,34.6,17.3,25.8,0.0,11.8,32,10,293,4,26.4,26.8,26.9,28.3,26.699999999999985,27.085714285714285,27.650000000000002,0.0,0.0,0.0,0.0,0.0,0.0,0.0
2020-10-20,34.1,17.1,25.6,0.0,10.5,34,10,294,4,25.8,26.4,26.8,27.7,26.333333333333318,26.728571428571428,27.45,0.0,0.0,0.0,0.0,0.0,0.0,0.0
2020-10-21,33.6,17.2,24.8,0.0,9.9,34,10,295,4,25.6,25.8,26.4,26.6,25.93333333333332,26.428571428571427,27.29285714285714,0.0,0.0,0.0,0.0,0.0,0.0,0.0
2020-10-22,32.6,16.9,24.1,0.0,9.5,45,10,296,4,24.8,25.6,25.8,26.9,25.399999999999988,26.17142857142857,27.057142857142857,0.0,0.0,0.0,0.0,0.0,0.0,0.0
2020-10-23,32.6,16.7,24.3,0.0,10.1,47,10,297,4,24.1,24.8,25.6,26.9,24.833333333333325,25.77142857142857,26.771428571428572,0.0,0.0,0.0,0.0,0.0,0.0,0.0
2020-10-24,33.1,16.7,24.7,0.0,9.8,43,10,298,4,24.3,24.1,24.8,26.8,24.399999999999988,25.400000000000002,26.485714285714288,0.0,0.0,0.0,0.0,0.0,0.0,0.0
2020-10-25,33.2,17.6,24.5,0.0,17.9,36,10,299,4,24.7,24.3,24.1,26.4,24.366666666666656,25.099999999999998,26.22142857142857,0.0,0.0,0.0,0.0,0.0,0.0,0.0
2020-10-26,31.0,17.4,23.1,0.0,11.8,40,10,300,4,24.5,24.7,24.3,25.8,24.499999999999986,24.82857142857143,25.95714285714286,0.0,0.0,0.0,0.0,0.0,0.0,0.0
2020-10-27,31.2,15.4,23.3,0.0,9.7,37,10,301,4,23.1,24.5,24.7,25.6,24.099999999999984,24.442857142857147,25.585714285714285,0.0,0.0,0.0,0.0,0.0,0.0,0.0
2020-10-28,32.0,15.5,23.2,0.0,11.4,35,10,302,4,23.3,23.1,24.5,24.8,23.633333333333322,24.11428571428571,25.271428571428572,0.0,0.0,0.0,0.0,0.0,0.0,0.0
2020-10-29,31.8,16.1,23.2,0.0,10.2,35,10,303,4,23.2,23.3,23.1,24.1,23.19999999999999,23.88571428571429,25.02857142857143,0.0,0.0,0.0,0.0,0.0,0.0,0.0
2020-10-30,31.1,15.2,22.4,0.0,13.6,49,10,304,4,23.2,23.2,23.3,24.3,23.23333333333332,23.75714285714286,24.764285714285716,0.0,0.0,0.0,0.0,0.0,0.0,0.0
2020-10-31,31.2,14.7,22.1,0.0,12.4,39,10,305,4,22.4,23.2,23.2,24.7,22.93333333333332,23.485714285714288,24.442857142857143,0.0,0.0,0.0,0.0,0.0,0.0,0.0
2020-11-01,30.6,14.2,22.1,0.0,9.2,34,11,306,4,22.1,22.4,23.2,24.5,22.566666666666652,23.11428571428571,24.107142857142858,0.0,0.0,0.0,0.0,0.0,0.0,0.0
2020-11-02,30.6,13.5,21.6,0.0,10.7,39,11,307,4,22.1,22.1,22.4,23.1,22.199999999999985,22.771428571428572,23.8,0.0,0.0,0.0,0.0,0.0,0.0,0.0
2020-11-03,31.3,14.2,23.0,0.0,9.7,35,11,308,4,21.6,22.1,22.1,23.3,21.933333333333323,22.557142857142857,23.5,0.0,0.0,0.0,0.0,0.0,0.0,0.0
2020-11-04,31.1,14.2,22.5,0.0,8.9,36,11,309,4,23.0,21.6,22.1,23.2,22.23333333333332,22.514285714285716,23.314285714285717,0.0,0.0,0.0,0.0,0.0,0.0,0.0
2020-11-05,30.5,14.4,21.8,0.0,9.3,33,11,310,4,22.5,23.0,21.6,23.2,22.366666666666656,22.414285714285715,23.150000000000002,0.0,0.0,0.0,0.0,0.0,0.0,0.0
2020-11-06,30.4,14.0,22.0,0.0,9.0,45,11,311,4,21.8,22.5,23.0,22.4,22.43333333333332,22.214285714285715,22.985714285714288,0.0,0.0,0.0,0.0,0.0,0.0,0.0
2020-11-07,30.5,14.9,21.7,0.0,10.7,43,11,312,4,22.0,21.8,22.5,22.1,22.099999999999984,22.157142857142855,22.821428571428573,0.0,0.0,0.0,0.0,0.0,0.0,0.0
2020-11-08,30.4,13.0,21.3,0.0,9.0,46,11,313,4,21.7,22.0,21.8,22.1,21.833333333333318,22.1,22.607142857142858,0.0,0.0,0.0,0.0,0.0,0.0,0.0
2020-11-09,30.4,14.2,21.7,0.0,8.6,45,11,314,4,21.3,21.7,22.0,21.6,21.666666666666654,21.985714285714288,22.37857142857143,0.0,0.0,0.0,0.0,0.0,0.0,0.0
2020-11-10,29.6,15.3,21.4,0.0,10.2,48,11,315,4,21.7,21.3,21.7,23.0,21.566666666666652,22.0,22.278571428571432,0.0,0.0,0.0,0.0,0.0,0.0,0.0
2020-11-11,28.8,13.8,20.7,0.0,9.5,58,11,316,4,21.4,21.7,21.3,22.5,21.46666666666665,21.77142857142857,22.142857142857142,0.0,0.0,0.0,0.0,0.0,0.0,0.0
2020-11-12,28.3,13.2,20.4,0.0,9.7,57,11,317,4,20.7,21.4,21.7,21.8,21.26666666666665,21.514285714285712,21.964285714285715,0.0,0.0,0.0,0.0,0.0,0.0,0.0
2020-11-13,28.5,15.2,21.4,0.0,9.3,47,11,318,4,20.4,20.7,21.4,22.0,20.833333333333318,21.314285714285713,21.764285714285712,0.0,0.0,0.0,0.0,0.0,0.0,0.0
2020-11-14,27.3,14.1,20.1,0.0,12.4,57,11,319,4,21.4,20.4,20.7,21.7,20.833333333333318,21.228571428571428,21.692857142857143,0.0,0.0,0.0,0.0,0.0,0.0,0.0
2020-11-15,21.0,14.2,17.3,0.4,13.4,72,11,320,4,20.1,21.4,20.4,21.3,20.63333333333332,21.0,21.55,0.0,0.0,0.0,0.0,0.0,0.0,0.0
2020-11-16,22.2,12.1,16.3,0.0,13.0,76,11,321,4,17.3,20.1,21.4,21.7,19.599999999999984,20.428571428571427,21.20714285714286,0.4,0.0,0.0,0.0,0.13333333333333808,0.05714285714285715,0.028571428571428574
2020-11-17,23.2,10.4,15.8,0.0,9.4,62,11,322,4,16.3,17.3,20.1,21.4,17.899999999999988,19.657142857142855,20.828571428571426,0.0,0.4,0.0,0.0,0.13333333333333808,0.05714285714285715,0.028571428571428574
2020-11-18,23.1,9.2,16.0,0.0,9.1,58,11,323,4,15.8,16.3,17.3,20.7,16.466666666666654,18.857142857142858,20.314285714285713,0.0,0.0,0.4,0.0,0.13333333333333808,0.05714285714285715,0.028571428571428574
2020-11-19,23.5,9.6,16.4,0.0,9.1,55,11,324,4,16.0,15.8,16.3,20.4,16.03333333333332,18.185714285714287,19.849999999999998,0.0,0.0,0.0,0.0,0.0,0.05714285714285715,0.028571428571428574
2020-11-20,23.4,10.5,16.2,0.0,9.1,57,11,325,4,16.4,16.0,15.8,21.4,16.066666666666652,17.614285714285714,19.464285714285715,0.0,0.0,0.0,0.0,0.0,0.05714285714285715,0.028571428571428574
2020-11-21,22.8,10.7,15.8,0.0,9.5,50,11,326,4,16.2,16.4,16.0,20.1,16.199999999999985,16.871428571428574,19.05,0.0,0.0,0.0,0.0,0.0,0.05714285714285715,0.028571428571428574
2020-11-22,21.3,8.6,15.1,0.0,9.4,55,11,327,4,15.8,16.2,16.4,17.3,16.133333333333315,16.257142857142856,18.62857142857143,0.0,0.0,0.0,0.4,0.0,0.05714285714285715,0.028571428571428574
2020-11-23,21.2,12.9,16.2,0.0,13.6,54,11,328,4,15.1,15.8,16.2,16.3,15.699999999999987,15.942857142857145,18.185714285714287,0.0,0.0,0.0,0.0,0.0,0.0,0.028571428571428574
2020-11-24,20.7,13.4,16.5,0.3,12.4,61,11,329,4,16.2,15.1,15.8,15.8,15.699999999999983,15.928571428571429,17.79285714285714,0.0,0.0,0.0,0.0,0.0,0.0,0.028571428571428574
2020-11-25,18.4,13.2,15.1,9.1,14.8,79,11,330,4,16.5,16.2,15.1,16.0,15.933333333333318,16.02857142857143,17.442857142857143,0.3,0.0,0.0,0.0,0.10000000000000474,0.04285714285714286,0.049999999999999996
2020-11-26,20.9,11.0,14.9,0.1,12.2,73,11,331,4,15.1,16.5,16.2,16.4,15.933333333333318,15.9,17.04285714285714,9.1,0.3,0.0,0.0,3.133333333333338,1.342857142857143,0.7
2020-11-27,22.3,8.8,14.4,0.0,9.8,65,11,332,4,14.9,15.1,16.5,16.2,15.499999999999986,15.685714285714287,16.65,0.1,9.1,0.3,0.0,3.1666666666666714,1.3571428571428572,0.7071428571428571
2020-11-28,23.8,7.4,14.6,0.0,11.1,64,11,333,4,14.4,14.9,15.1,15.8,14.799999999999985,15.428571428571429,16.150000000000002,0.0,0.1,9.1,0.0,3.0666666666666713,1.3571428571428572,0.7071428571428571
2020-11-29,23.9,10.0,16.4,0.0,10.0,64,11,334,4,14.6,14.4,14.9,15.1,14.633333333333319,15.257142857142858,15.757142857142856,0.0,0.0,0.1,0.0,0.03333333333333807,1.3571428571428572,0.7071428571428571
2020-11-30,24.7,10.4,17.2,0.0,9.7,61,11,335,4,16.4,14.6,14.4,16.2,15.133333333333319,15.442857142857141,15.692857142857141,0.0,0.0,0.0,0.0,0.0,1.3571428571428572,0.6785714285714285
2020-12-01,25.7,10.4,18.2,0.0,7.3,61,12,336,1,17.2,16.4,14.6,16.5,16.066666666666652,15.585714285714287,15.757142857142856,0.0,0.0,0.0,0.3,0.0,1.3571428571428572,0.6785714285714285
2020-12-02,26.2,11.7,18.1,0.0,10.4,67,12,337,1,18.2,17.2,16.4,15.1,17.26666666666665,15.828571428571426,15.928571428571429,0.0,0.0,0.0,9.1,0.0,1.3142857142857143,0.6785714285714285
2020-12-03,25.6,10.8,17.5,0.0,10.5,74,12,338,1,18.1,18.2,17.2,14.9,17.833333333333318,16.257142857142856,16.07857142857143,0.0,0.0,0.0,0.1,0.0,0.014285714285714287,0.6785714285714285
2020-12-04,25.2,12.2,17.8,0.0,9.8,71,12,339,1,17.5,18.1,18.2,14.4,17.93333333333332,16.62857142857143,16.157142857142855,0.0,0.0,0.0,0.0,0.0,0.0,0.6785714285714285
2020-12-05,24.6,13.0,17.9,0.0,10.9,76,12,340,1,17.8,17.5,18.1,14.6,17.799999999999986,17.114285714285714,16.271428571428572,0.0,0.0,0.0,0.0,0.0,0.0,0.6785714285714285
2020-12-06,25.3,12.8,18.1,0.0,10.1,75,12,341,1,17.9,17.8,17.5,16.4,17.73333333333332,17.585714285714285,16.42142857142857,0.0,0.0,0.0,0.0,0.0,0.0,0.6785714285714285
2020-12-07,24.9,13.3,17.8,0.0,8.7,73,12,342,1,18.1,17.9,17.8,17.2,17.93333333333332,17.82857142857143,16.635714285714286,0.0,0.0,0.0,0.0,0.0,0.0,0.6785714285714285
2020-12-08,22.5,12.3,16.4,0.0,14.0,72,12,343,1,17.8,18.1,17.9,18.2,17.93333333333332,17.914285714285715,16.75,0.0,0.0,0.0,0.0,0.0,0.0,0.6785714285714285
2020-12-09,18.9,12.7,15.2,1.4,12.0,84,12,344,1,16.4,17.8,18.1,18.1,17.43333333333332,17.65714285714286,16.74285714285714,0.0,0.0,0.0,0.0,0.0,0.0,0.6571428571428571
2020-12-10,22.9,10.9,15.8,0.0,9.3,75,12,345,1,15.2,16.4,17.8,17.5,16.466666666666654,17.242857142857144,16.75,1.4,0.0,0.0,0.0,0.4666666666666714,0.19999999999999998,0.10714285714285714
2020-12-11,17.5,9.8,13.1,4.0,20.2,84,12,346,1,15.8,15.2,16.4,17.8,15.799999999999985,17.0,16.814285714285713,0.0,1.4,0.0,0.0,0.4666666666666714,0.19999999999999998,0.09999999999999999
2020-12-12,18.1,8.7,12.6,0.3,9.1,84,12,347,1,13.1,15.8,15.2,17.9,14.699999999999987,16.32857142857143,16.72142857142857,4.0,0.0,1.4,0.0,1.800000000000005,0.7714285714285715,0.38571428571428573
2020-12-13,18.5,6.9,11.7,0.0,10.2,81,12,348,1,12.6,13.1,15.8,18.1,13.83333333333332,15.571428571428571,16.57857142857143,0.3,4.0,0.0,0.0,1.433333333333338,0.8142857142857143,0.40714285714285714
2020-12-14,18.3,6.6,11.6,0.0,10.0,77,12,349,1,11.7,12.6,13.1,17.8,12.466666666666653,14.657142857142857,16.24285714285714,0.0,0.3,4.0,0.0,1.4333333333333382,0.8142857142857143,0.40714285714285714
2020-12-15,16.8,5.8,10.7,0.0,9.7,78,12,350,1,11.6,11.7,12.6,16.4,11.966666666666653,13.77142857142857,15.842857142857142,0.0,0.0,0.3,0.0,0.10000000000000503,0.8142857142857143,0.40714285714285714
2020-12-16,17.0,4.9,10.1,0.0,10.5,77,12,351,1,10.7,11.6,11.7,15.2,11.33333333333332,12.957142857142857,15.307142857142859,0.0,0.0,0.0,1.4,0.0,0.8142857142857143,0.40714285714285714
2020-12-17,17.6,4.7,9.9,0.0,11.2,65,12,352,1,10.1,10.7,11.6,15.8,10.799999999999985,12.228571428571428,14.735714285714284,0.0,0.0,0.0,0.0,0.0,0.6142857142857144,0.40714285714285714
2020-12-18,18.6,4.6,10.4,0.0,11.6,65,12,353,1,9.9,10.1,10.7,13.1,10.233333333333318,11.385714285714286,14.192857142857145,0.0,0.0,0.0,4.0,0.0,0.6142857142857144,0.40714285714285714
2020-12-19,19.7,5.2,11.9,0.0,10.5,70,12,354,1,10.4,9.9,10.1,12.6,10.13333333333332,11.0,13.664285714285715,0.0,0.0,0.0,0.3,0.0,0.04285714285714298,0.40714285714285714
2020-12-20,20.3,7.3,12.6,0.0,9.8,71,12,355,1,11.9,10.4,9.9,11.7,10.73333333333332,10.9,13.235714285714284,0.0,0.0,0.0,0.0,0.0,0.0,0.40714285714285714
2020-12-21,21.0,6.9,13.7,0.0,10.3,69,12,356,1,12.6,11.9,10.4,11.6,11.63333333333332,11.028571428571427,12.842857142857143,0.0,0.0,0.0,0.0,0.0,0.0,0.40714285714285714
2020-12-22,21.1,6.2,13.8,0.0,10.0,66,12,357,1,13.7,12.6,11.9,10.7,12.73333333333332,11.328571428571427,12.549999999999999,0.0,0.0,0.0,0.0,0.0,0.0,0.40714285714285714
2020-12-23,21.0,7.2,13.9,0.0,10.2,70,12,358,1,13.8,13.7,12.6,10.1,13.366666666666653,11.77142857142857,12.364285714285716,0.0,0.0,0.0,0.0,0.0,0.0,0.40714285714285714
2020-12-24,21.1,5.9,13.6,0.0,10.2,70,12,359,1,13.9,13.8,13.7,9.9,13.799999999999985,12.314285714285715,12.27142857142857,0.0,0.0,0.0,0.0,0.0,0.0,0.3071428571428572
2020-12-25,20.6,5.9,12.9,0.0,8.2,74,12,360,1,13.6,13.9,13.8,10.4,13.766666666666652,12.842857142857142,12.114285714285716,0.0,0.0,0.0,0.0,0.0,0.0,0.3071428571428572
2020-12-26,20.4,4.8,12.4,0.0,11.2,75,12,361,1,12.9,13.6,13.9,11.9,13.466666666666653,13.200000000000001,12.099999999999998,0.0,0.0,0.0,0.0,0.0,0.0,0.02142857142857149
2020-12-27,15.1,5.4,9.3,2.7,10.6,75,12,362,1,12.4,12.9,13.6,12.6,12.966666666666654,13.271428571428572,12.085714285714285,0.0,0.0,0.0,0.0,0.0,0.0,0.0
2020-12-28,14.5,4.2,8.1,0.0,9.8,84,12,363,1,9.3,12.4,12.9,13.7,11.533333333333319,12.8,11.914285714285715,2.7,0.0,0.0,0.0,0.9000000000000051,0.38571428571428584,0.19285714285714292
2020-12-29,16.6,3.2,8.9,0.0,11.0,74,12,364,1,8.1,9.3,12.4,13.8,9.933333333333321,12.0,11.664285714285715,0.0,2.7,0.0,0.0,0.9000000000000051,0.38571428571428584,0.19285714285714292
2020-12-30,18.1,3.7,9.6,0.0,10.8,68,12,365,1,8.9,8.1,9.3,13.9,8.766666666666653,11.3,11.535714285714286,0.0,0.0,2.7,0.0,0.9000000000000051,0.38571428571428584,0.19285714285714292
2020-12-31,18.2,3.9,9.7,0.0,11.1,73,12,366,1,9.6,8.9,8.1,13.6,8.866666666666653,10.685714285714285,11.5,0.0,0.0,0.0,0.0,0.0,0.38571428571428584,0.19285714285714292
2021-01-01,17.9,4.3,9.8,0.0,10.5,74,1,1,1,9.7,9.6,8.9,12.9,9.399999999999984,10.12857142857143,11.485714285714284,0.0,0.0,0.0,0.0,0.0,0.38571428571428584,0.19285714285714292
2021-01-02,16.8,4.0,9.4,0.0,10.9,83,1,2,1,9.8,9.7,9.6,12.4,9.699999999999987,9.685714285714285,11.442857142857141,0.0,0.0,0.0,0.0,0.0,0.38571428571428584,0.19285714285714292
2021-01-03,18.4,8.8,13.6,0.0,13.9,81,1,3,1,9.4,9.8,9.7,9.3,9.633333333333319,9.257142857142856,11.264285714285716,0.0,0.0,0.0,2.7,0.0,0.38571428571428584,0.19285714285714292
2021-01-04,19.5,11.5,14.7,2.4,13.6,88,1,4,1,13.6,9.4,9.8,8.1,10.933333333333321,9.871428571428572,11.335714285714285,0.0,0.0,0.0,0.0,0.0,0.0,0.19285714285714292
2021-01-05,16.6,12.7,14.4,20.0,14.7,95,1,5,1,14.7,13.6,9.4,8.9,12.56666666666665,10.814285714285715,11.407142857142857,2.4,0.0,0.0,0.0,0.800000000000005,0.34285714285714297,0.3642857142857144
2021-01-06,18.2,9.4,12.9,0.0,10.0,88,1,6,1,14.4,14.7,13.6,9.6,14.23333333333332,11.599999999999998,11.45,20.0,2.4,0.0,0.0,7.466666666666672,3.2,1.792857142857143
2021-01-07,18.8,8.9,12.8,0.0,8.7,82,1,7,1,12.9,14.4,14.7,9.7,13.999999999999986,12.071428571428571,11.37857142857143,0.0,20.0,2.4,0.0,7.466666666666672,3.2,1.792857142857143
2021-01-08,18.3,7.2,12.6,0.0,9.8,76,1,8,1,12.8,12.9,14.4,9.8,13.366666666666653,12.514285714285714,11.321428571428571,0.0,0.0,20.0,0.0,6.666666666666672,3.2,1.792857142857143
2021-01-09,17.8,5.8,11.2,0.0,9.6,78,1,9,1,12.6,12.8,12.9,9.4,12.766666666666652,12.914285714285715,11.3,0.0,0.0,0.0,0.0,0.0,3.2,1.792857142857143
2021-01-10,18.7,5.4,10.7,0.0,10.8,79,1,10,1,11.2,12.6,12.8,13.6,12.199999999999987,13.171428571428569,11.214285714285714,0.0,0.0,0.0,0.0,0.0,3.2,1.792857142857143
2021-01-11,19.5,5.5,11.0,0.0,10.1,81,1,11,1,10.7,11.2,12.6,14.7,11.499999999999986,12.757142857142856,11.314285714285715,0.0,0.0,0.0,2.4,0.0,3.2,1.6
2021-01-12,19.3,5.0,10.9,0.0,11.6,80,1,12,1,11.0,10.7,11.2,14.4,10.966666666666653,12.228571428571428,11.521428571428572,0.0,0.0,0.0,20.0,0.0,2.8571428571428577,1.6
2021-01-13,18.3,3.3,9.9,0.0,12.9,80,1,13,1,10.9,11.0,10.7,12.9,10.866666666666653,11.728571428571428,11.664285714285713,0.0,0.0,0.0,0.0,0.0,0.0,1.6
2021-01-14,15.6,3.8,8.8,0.0,10.2,88,1,14,1,9.9,10.9,11.0,12.8,10.599999999999985,11.299999999999999,11.685714285714285,0.0,0.0,0.0,0.0,0.0,0.0,1.6
2021-01-15,14.3,4.9,8.9,0.0,7.4,92,1,15,1,8.8,9.9,10.9,12.6,9.866666666666653,10.72857142857143,11.621428571428572,0.0,0.0,0.0,0.0,0.0,0.0,1.6
2021-01-16,13.9,4.6,8.1,0.0,10.0,93,1,16,1,8.9,8.8,9.9,11.2,9.199999999999987,10.2,11.557142857142859,0.0,0.0,0.0,0.0,0.0,0.0,1.6
2021-01-17,12.9,3.9,8.0,0.0,11.6,93,1,17,1,8.1,8.9,8.8,10.7,8.599999999999985,9.757142857142856,11.464285714285714,0.0,0.0,0.0,0.0,0.0,0.0,1.6
2021-01-18,17.0,5.0,10.5,0.0,8.9,88,1,18,1,8.0,8.1,8.9,11.0,8.33333333333332,9.37142857142857,11.064285714285715,0.0,0.0,0.0,0.0,0.0,0.0,1.6
2021-01-19,19.1,5.5,12.0,0.0,9.9,85,1,19,1,10.5,8.0,8.1,10.9,8.866666666666653,9.299999999999999,10.764285714285716,0.0,0.0,0.0,0.0,0.0,0.0,1.4285714285714286
2021-01-20,21.0,6.0,12.3,0.0,11.0,79,1,20,1,12.0,10.5,8.0,9.9,10.166666666666652,9.457142857142857,10.592857142857143,0.0,0.0,0.0,0.0,0.0,0.0,0.0
2021-01-21,21.0,6.5,12.6,0.0,9.4,73,1,21,1,12.3,12.0,10.5,8.8,11.599999999999985,9.799999999999999,10.549999999999999,0.0,0.0,0.0,0.0,0.0,0.0,0.0
2021-01-22,21.0,9.0,14.0,0.0,15.6,75,1,22,1,12.6,12.3,12.0,8.9,12.299999999999985,10.342857142857143,10.535714285714286,0.0,0.0,0.0,0.0,0.0,0.0,0.0
2021-01-23,17.6,7.0,12.3,0.0,19.8,78,1,23,1,14.0,12.6,12.3,8.1,12.966666666666653,11.071428571428571,10.635714285714286,0.0,0.0,0.0,0.0,0.0,0.0,0.0
2021-01-24,18.9,5.2,10.8,0.0,10.6,76,1,24,1,12.3,14.0,12.6,8.0,12.966666666666653,11.671428571428573,10.714285714285714,0.0,0.0,0.0,0.0,0.0,0.0,0.0
2021-01-25,19.6,5.0,11.2,0.0,11.5,67,1,25,1,10.8,12.3,14.0,10.5,12.366666666666653,12.071428571428571,10.721428571428572,0.0,0.0,0.0,0.0,0.0,0.0,0.0
2021-01-26,19.4,5.2,11.5,0.0,11.2,64,1,26,1,11.2,10.8,12.3,12.0,11.433333333333318,12.171428571428573,10.735714285714284,0.0,0.0,0.0,0.0,0.0,0.0,0.0
2021-01-27,19.5,5.3,11.7,0.0,11.3,65,1,27,1,11.5,11.2,10.8,12.3,11.166666666666652,12.1,10.778571428571428,0.0,0.0,0.0,0.0,0.0,0.0,0.0
2021-01-28,19.9,5.4,12.1,0.0,11.8,64,1,28,1,11.7,11.5,11.2,12.6,11.466666666666653,12.014285714285716,10.907142857142858,0.0,0.0,0.0,0.0,0.0,0.0,0.0
2021-01-29,19.9,5.2,11.9,0.0,11.5,64,1,29,1,12.1,11.7,11.5,14.0,11.766666666666652,11.942857142857141,11.142857142857142,0.0,0.0,0.0,0.0,0.0,0.0,0.0
2021-01-30,20.3,4.9,11.7,0.0,11.7,64,1,30,1,11.9,12.1,11.7,12.3,11.899999999999986,11.642857142857142,11.357142857142858,0.0,0.0,0.0,0.0,0.0,0.0,0.0
2021-01-31,21.4,5.5,13.2,0.0,9.7,63,1,31,1,11.7,11.9,12.1,10.8,11.899999999999984,11.557142857142859,11.614285714285714,0.0,0.0,0.0,0.0,0.0,0.0,0.0
2021-02-01,22.0,8.3,14.6,0.0,9.7,66,2,32,1,13.2,11.7,11.9,11.2,12.266666666666652,11.9,11.985714285714284,0.0,0.0,0.0,0.0,0.0,0.0,0.0
2021-02-02,21.7,9.3,14.4,0.0,10.9,65,2,33,1,14.6,13.2,11.7,11.5,13.166666666666652,12.385714285714286,12.278571428571428,0.0,0.0,0.0,0.0,0.0,0.0,0.0
2021-02-03,21.9,7.5,13.5,0.7,18.7,73,2,34,1,14.4,14.6,13.2,11.7,14.06666666666665,12.799999999999999,12.45,0.0,0.0,0.0,0.0,0.0,0.0,0.0
2021-02-04,19.7,8.5,13.1,1.1,15.8,77,2,35,1,13.5,14.4,14.6,12.1,14.166666666666652,13.057142857142855,12.535714285714286,0.7,0.0,0.0,0.0,0.23333333333333925,0.1000000000000005,0.049999999999999996
2021-02-05,20.3,7.2,13.1,0.0,9.5,74,2,36,1,13.1,13.5,14.4,11.9,13.666666666666652,13.200000000000001,12.571428571428571,1.1,0.7,0.0,0.0,0.600000000000006,0.2571428571428577,0.1285714285714286
2021-02-06,22.3,8.6,15.8,0.0,9.7,60,2,37,1,13.1,13.1,13.5,11.7,13.23333333333332,13.37142857142857,12.507142857142856,0.0,1.1,0.7,0.0,0.600000000000006,0.2571428571428577,0.1285714285714286
2021-02-07,24.0,8.1,15.9,0.0,11.1,59,2,38,1,15.8,13.1,13.1,13.2,13.999999999999986,13.957142857142856,12.757142857142856,0.0,0.0,1.1,0.0,0.36666666666667264,0.2571428571428577,0.1285714285714286
2021-02-08,25.8,8.9,16.4,0.0,9.7,62,2,39,1,15.9,15.8,13.1,14.6,14.933333333333318,14.342857142857143,13.12142857142857,0.0,0.0,0.0,0.0,0.0,0.2571428571428577,0.1285714285714286
2021-02-09,25.4,9.3,16.4,0.0,10.5,63,2,40,1,16.4,15.9,15.8,14.4,16.033333333333317,14.599999999999998,13.492857142857144,0.0,0.0,0.0,0.0,0.0,0.2571428571428577,0.1285714285714286
2021-02-10,25.7,10.0,17.5,0.0,9.6,64,2,41,1,16.4,16.4,15.9,13.5,16.23333333333332,14.885714285714286,13.842857142857143,0.0,0.0,0.0,0.7,0.0,0.2571428571428577,0.1285714285714286
2021-02-11,26.4,10.0,18.0,0.0,9.4,63,2,42,1,17.5,16.4,16.4,13.1,16.76666666666665,15.457142857142857,14.257142857142856,0.0,0.0,0.0,1.1,0.0,0.15714285714285767,0.1285714285714286
2021-02-12,26.5,10.1,19.0,0.0,8.2,58,2,43,1,18.0,17.5,16.4,13.1,17.299999999999986,16.157142857142855,14.678571428571429,0.0,0.0,0.0,0.0,0.0,0.0,0.1285714285714286
2021-02-13,25.5,11.6,17.9,0.0,9.2,65,2,44,1,19.0,18.0,17.5,15.8,18.166666666666654,17.0,15.185714285714285,0.0,0.0,0.0,0.0,0.0,0.0,0.1285714285714286
2021-02-14,26.0,12.1,17.8,0.0,9.8,72,2,45,1,17.9,19.0,18.0,15.9,18.299999999999983,17.3,15.62857142857143,0.0,0.0,0.0,0.0,0.0,0.0,0.1285714285714286
2021-02-15,25.5,10.7,17.6,0.0,9.7,72,2,46,1,17.8,17.9,19.0,16.4,18.233333333333317,17.571428571428573,15.957142857142857,0.0,0.0,0.0,0.0,0.0,0.0,0.1285714285714286
2021-02-16,26.0,11.0,18.5,0.0,9.6,70,2,47,1,17.6,17.8,17.9,16.4,17.766666666666655,17.74285714285714,16.17142857142857,0.0,0.0,0.0,0.0,0.0,0.0,0.1285714285714286
2021-02-17,26.2,12.2,18.7,0.0,9.7,64,2,48,1,18.5,17.6,17.8,17.5,17.966666666666654,18.04285714285714,16.464285714285715,0.0,0.0,0.0,0.0,0.0,0.0,0.1285714285714286
2021-02-18,26.0,10.8,18.6,0.0,10.2,63,2,49,1,18.7,18.5,17.6,18.0,18.26666666666665,18.214285714285715,16.835714285714285,0.0,0.0,0.0,0.0,0.0,0.0,0.07857142857142858
2021-02-19,25.9,10.2,18.0,0.0,10.3,61,2,50,1,18.6,18.7,18.5,19.0,18.599999999999984,18.3,17.228571428571428,0.0,0.0,0.0,0.0,0.0,0.0,0.0
2021-02-20,26.3,10.9,17.8,0.0,10.4,65,2,51,1,18.0,18.6,18.7,17.9,18.43333333333332,18.157142857142855,17.57857142857143,0.0,0.0,0.0,0.0,0.0,0.0,0.0
2021-02-21,27.2,12.0,19.2,0.0,10.9,60,2,52,1,17.8,18.0,18.6,17.8,18.13333333333332,18.142857142857142,17.72142857142857,0.0,0.0,0.0,0.0,0.0,0.0,0.0
2021-02-22,29.5,13.1,19.9,0.0,14.7,59,2,53,1,19.2,17.8,18.0,17.6,18.333333333333318,18.342857142857145,17.95714285714286,0.0,0.0,0.0,0.0,0.0,0.0,0.0
2021-02-23,28.2,13.5,19.7,0.0,12.1,61,2,54,1,19.9,19.2,17.8,18.5,18.96666666666665,18.67142857142857,18.20714285714286,0.0,0.0,0.0,0.0,0.0,0.0,0.0
2021-02-24,28.2,14.1,20.5,0.0,10.5,65,2,55,1,19.7,19.9,19.2,18.7,19.599999999999984,18.842857142857145,18.442857142857143,0.0,0.0,0.0,0.0,0.0,0.0,0.0
2021-02-25,29.4,15.2,21.0,0.0,13.4,62,2,56,1,20.5,19.7,19.9,18.6,20.033333333333317,19.099999999999998,18.657142857142855,0.0,0.0,0.0,0.0,0.0,0.0,0.0
2021-02-26,30.6,14.6,21.9,0.0,17.6,60,2,57,1,21.0,20.5,19.7,18.0,20.399999999999988,19.442857142857143,18.87142857142857,0.0,0.0,0.0,0.0,0.0,0.0,0.0
2021-02-27,25.5,14.0,19.8,0.0,15.5,60,2,58,1,21.9,21.0,20.5,17.8,21.13333333333332,20.0,19.078571428571426,0.0,0.0,0.0,0.0,0.0,0.0,0.0
2021-02-28,26.1,13.4,19.0,0.0,12.8,67,2,59,1,19.8,21.9,21.0,19.2,20.899999999999988,20.285714285714285,19.214285714285715,0.0,0.0,0.0,0.0,0.0,0.0,0.0
2021-03-01,27.8,13.0,19.3,0.0,12.5,50,3,60,2,19.0,19.8,21.9,19.9,20.23333333333332,20.25714285714286,19.3,0.0,0.0,0.0,0.0,0.0,0.0,0.0
2021-03-02,29.0,12.8,20.3,0.0,13.6,38,3,61,2,19.3,19.0,19.8,19.7,19.366666666666653,20.17142857142857,19.421428571428574,0.0,0.0,0.0,0.0,0.0,0.0,0.0
2021-03-03,30.3,13.4,21.3,0.0,12.8,41,3,62,2,20.3,19.3,19.0,20.5,19.533333333333317,20.25714285714286,19.55,0.0,0.0,0.0,0.0,0.0,0.0,0.0
2021-03-04,29.2,15.9,21.4,0.0,12.3,51,3,63,2,21.3,20.3,19.3,21.0,20.299999999999986,20.37142857142857,19.735714285714288,0.0,0.0,0.0,0.0,0.0,0.0,0.0
2021-03-05,30.7,13.8,23.0,0.0,10.4,44,3,64,2,21.4,21.3,20.3,21.9,20.999999999999986,20.428571428571427,19.935714285714287,0.0,0.0,0.0,0.0,0.0,0.0,0.0
2021-03-06,30.7,13.7,21.9,0.0,22.6,42,3,65,2,23.0,21.4,21.3,19.8,21.899999999999988,20.585714285714285,20.292857142857144,0.0,0.0,0.0,0.0,0.0,0.0,0.0
2021-03-07,29.2,18.1,23.5,0.0,22.1,42,3,66,2,21.9,23.0,21.4,19.0,22.099999999999984,20.885714285714283,20.585714285714285,0.0,0.0,0.0,0.0,0.0,0.0,0.0
2021-03-08,27.8,16.7,21.6,0.0,25.6,57,3,67,2,23.5,21.9,23.0,19.3,22.799999999999983,21.52857142857143,20.892857142857142,0.0,0.0,0.0,0.0,0.0,0.0,0.0
2021-03-09,30.0,15.1,21.8,0.0,11.3,50,3,68,2,21.6,23.5,21.9,20.3,22.333333333333318,21.857142857142858,21.014285714285712,0.0,0.0,0.0,0.0,0.0,0.0,0.0
2021-03-10,30.4,15.2,22.3,0.0,14.8,56,3,69,2,21.8,21.6,23.5,21.3,22.299999999999986,22.071428571428573,21.164285714285715,0.0,0.0,0.0,0.0,0.0,0.0,0.0
2021-03-11,28.0,16.3,21.6,0.4,29.5,53,3,70,2,22.3,21.8,21.6,21.4,21.899999999999988,22.214285714285715,21.292857142857144,0.0,0.0,0.0,0.0,0.0,0.0,0.0
2021-03-12,25.8,16.3,20.1,0.0,25.8,61,3,71,2,21.6,22.3,21.8,23.0,21.899999999999988,22.242857142857144,21.335714285714285,0.4,0.0,0.0,0.0,0.13333333333333927,0.057142857142857655,0.028571428571428574
2021-03-13,29.1,14.5,21.1,0.0,11.9,54,3,72,2,20.1,21.6,22.3,21.9,21.33333333333332,21.82857142857143,21.20714285714286,0.0,0.4,0.0,0.0,0.13333333333333927,0.057142857142857655,0.028571428571428574
2021-03-14,30.1,14.8,21.9,0.0,17.8,56,3,73,2,21.1,20.1,21.6,23.5,20.93333333333332,21.714285714285715,21.300000000000004,0.0,0.0,0.4,0.0,0.13333333333333927,0.057142857142857655,0.028571428571428574
2021-03-15,29.2,16.2,21.8,0.0,9.4,59,3,74,2,21.9,21.1,20.1,21.6,21.03333333333332,21.485714285714288,21.50714285714286,0.0,0.0,0.0,0.0,0.0,0.057142857142857655,0.028571428571428574
2021-03-16,30.1,16.6,23.0,0.0,9.8,57,3,75,2,21.8,21.9,21.1,21.8,21.599999999999984,21.514285714285716,21.685714285714287,0.0,0.0,0.0,0.0,0.0,0.057142857142857655,0.028571428571428574
2021-03-17,31.3,17.9,23.7,0.3,16.7,53,3,76,2,23.0,21.8,21.9,22.3,22.23333333333332,21.685714285714287,21.87857142857143,0.0,0.0,0.0,0.0,0.0,0.057142857142857655,0.028571428571428574
2021-03-18,30.6,16.3,23.2,0.0,14.0,53,3,77,2,23.7,23.0,21.8,21.6,22.833333333333318,21.885714285714283,22.05,0.3,0.0,0.0,0.4,0.10000000000000592,0.1000000000000005,0.049999999999999996
2021-03-19,31.8,17.0,23.9,0.0,19.8,45,3,78,2,23.2,23.7,23.0,20.1,23.299999999999986,22.114285714285717,22.178571428571427,0.0,0.3,0.0,0.0,0.10000000000000592,0.042857142857143364,0.049999999999999996
2021-03-20,32.5,16.9,24.7,0.0,14.0,42,3,79,2,23.9,23.2,23.7,21.1,23.599999999999984,22.657142857142855,22.24285714285714,0.0,0.0,0.3,0.0,0.10000000000000592,0.042857142857143364,0.049999999999999996
2021-03-21,29.8,18.2,22.0,2.2,20.7,62,3,80,2,24.7,23.9,23.2,21.9,23.93333333333332,23.171428571428574,22.442857142857147,0.0,0.0,0.0,0.0,0.0,0.042857142857143364,0.049999999999999996
2021-03-22,26.5,16.3,19.6,9.2,20.6,77,3,81,2,22.0,24.7,23.9,21.8,23.533333333333317,23.185714285714287,22.33571428571429,2.2,0.0,0.0,0.0,0.7333333333333393,0.35714285714285765,0.20714285714285716
2021-03-23,25.5,15.0,18.9,17.9,21.5,77,3,82,2,19.6,22.0,24.7,23.0,22.099999999999984,22.87142857142857,22.192857142857143,9.2,2.2,0.0,0.0,3.8000000000000056,1.671428571428572,0.8642857142857142
2021-03-24,25.5,14.5,19.3,0.0,18.4,73,3,83,2,18.9,19.6,22.0,23.7,20.166666666666654,22.285714285714285,21.985714285714288,17.9,9.2,2.2,0.3,9.766666666666671,4.228571428571429,2.142857142857143
2021-03-25,27.8,14.5,20.8,0.0,9.8,64,3,84,2,19.3,18.9,19.6,23.2,19.26666666666665,21.657142857142855,21.77142857142857,0.0,17.9,9.2,0.0,9.033333333333339,4.185714285714286,2.142857142857143
2021-03-26,29.9,15.6,22.5,0.0,9.7,59,3,85,2,20.8,19.3,18.9,23.9,19.666666666666654,21.314285714285713,21.714285714285715,0.0,0.0,17.9,0.0,5.966666666666672,4.185714285714286,2.1142857142857143
2021-03-27,31.7,16.5,24.0,0.0,8.6,59,3,86,2,22.5,20.8,19.3,24.7,20.866666666666653,21.114285714285717,21.885714285714283,0.0,0.0,0.0,0.0,0.0,4.185714285714286,2.1142857142857143
2021-03-28,34.6,18.4,26.5,0.0,17.3,54,3,87,2,24.0,22.5,20.8,22.0,22.43333333333332,21.014285714285712,22.092857142857138,0.0,0.0,0.0,2.2,0.0,4.185714285714286,2.1142857142857143
2021-03-29,33.7,20.8,26.8,0.0,17.3,51,3,88,2,26.5,24.0,22.5,19.6,24.333333333333318,21.657142857142855,22.42142857142857,0.0,0.0,0.0,9.2,0.0,3.8714285714285714,2.1142857142857143
2021-03-30,32.2,19.1,25.2,0.0,17.1,54,3,89,2,26.8,26.5,24.0,18.9,25.76666666666665,22.685714285714287,22.77857142857143,0.0,0.0,0.0,17.9,0.0,2.5571428571428574,2.1142857142857143
2021-03-31,31.3,15.6,23.2,0.0,17.7,29,3,90,2,25.2,26.8,26.5,19.3,26.166666666666654,23.585714285714285,22.935714285714283,0.0,0.0,0.0,0.0,0.0,0.0,2.1142857142857143
2021-04-01,31.8,16.9,24.4,0.0,25.1,17,4,91,2,23.2,25.2,26.8,20.8,25.066666666666652,24.142857142857142,22.900000000000002,0.0,0.0,0.0,0.0,0.0,0.0,2.092857142857143
2021-04-02,31.1,15.7,23.0,0.0,17.2,16,4,92,2,24.4,23.2,25.2,22.5,24.26666666666665,24.657142857142862,22.985714285714288,0.0,0.0,0.0,0.0,0.0,0.0,2.092857142857143
2021-04-03,32.3,14.4,23.0,0.0,12.2,25,4,93,2,23.0,24.4,23.2,24.0,23.533333333333317,24.72857142857143,22.92142857142857,0.0,0.0,0.0,0.0,0.0,0.0,2.092857142857143
2021-04-04,32.7,16.3,24.4,0.0,18.2,29,4,94,2,23.0,23.0,24.4,26.5,23.46666666666665,24.58571428571429,22.8,0.0,0.0,0.0,0.0,0.0,0.0,2.092857142857143
2021-04-05,32.2,19.6,25.5,0.0,16.1,37,4,95,2,24.4,23.0,23.0,26.8,23.466666666666654,24.285714285714285,22.971428571428568,0.0,0.0,0.0,0.0,0.0,0.0,1.9357142857142857
2021-04-06,32.0,17.4,23.5,1.2,21.0,51,4,96,2,25.5,24.4,23.0,25.2,24.299999999999986,24.099999999999998,23.392857142857142,0.0,0.0,0.0,0.0,0.0,0.0,1.2785714285714285
2021-04-07,29.8,14.4,21.6,0.0,11.4,63,4,97,2,23.5,25.5,24.4,23.2,24.466666666666654,23.857142857142858,23.721428571428568,1.2,0.0,0.0,0.0,0.4000000000000059,0.17142857142857193,0.08571428571428572
2021-04-08,30.5,15.0,22.9,0.0,10.1,40,4,98,2,21.6,23.5,25.5,24.4,23.533333333333317,23.628571428571426,23.885714285714283,0.0,1.2,0.0,0.0,0.4000000000000059,0.17142857142857193,0.08571428571428572
2021-04-09,32.5,16.4,24.8,0.0,10.8,33,4,99,2,22.9,21.6,23.5,23.0,22.666666666666654,23.414285714285715,24.035714285714285,0.0,0.0,1.2,0.0,0.4000000000000059,0.17142857142857193,0.08571428571428572
2021-04-10,33.6,18.6,25.7,0.0,11.3,32,4,100,2,24.8,22.9,21.6,23.0,23.099999999999984,23.67142857142857,24.2,0.0,0.0,0.0,0.0,0.0,0.17142857142857193,0.08571428571428572
2021-04-11,34.8,19.3,27.1,0.0,12.6,31,4,101,2,25.7,24.8,22.9,24.4,24.466666666666654,24.057142857142853,24.321428571428573,0.0,0.0,0.0,0.0,0.0,0.17142857142857193,0.08571428571428572
2021-04-12,34.4,21.3,27.6,0.0,15.1,31,4,102,2,27.1,25.7,24.8,25.5,25.86666666666665,24.442857142857147,24.364285714285717,0.0,0.0,0.0,0.0,0.0,0.17142857142857193,0.08571428571428572
2021-04-13,35.5,21.7,28.2,0.0,16.6,35,4,103,2,27.6,27.1,25.7,23.5,26.799999999999986,24.742857142857144,24.42142857142857,0.0,0.0,0.0,1.2,0.0,0.17142857142857193,0.08571428571428572
2021-04-14,35.7,23.9,28.6,0.0,17.4,32,4,104,2,28.2,27.6,27.1,21.6,27.633333333333315,25.414285714285715,24.63571428571429,0.0,0.0,0.0,0.0,0.0,0.0,0.08571428571428572
2021-04-15,33.8,23.2,27.6,0.0,22.6,36,4,105,2,28.6,28.2,27.6,22.9,28.133333333333322,26.414285714285715,25.021428571428572,0.0,0.0,0.0,0.0,0.0,0.0,0.08571428571428572
2021-04-16,27.5,21.4,24.3,0.1,24.8,50,4,106,2,27.6,28.6,28.2,24.8,28.133333333333315,27.08571428571429,25.25,0.0,0.0,0.0,0.0,0.0,0.0,0.08571428571428572
2021-04-17,28.1,18.8,23.2,0.3,18.2,62,4,107,2,24.3,27.6,28.6,25.7,26.833333333333318,27.014285714285712,25.342857142857145,0.1,0.0,0.0,0.0,0.03333333333333926,0.014285714285714794,0.09285714285714286
2021-04-18,31.6,18.6,25.0,0.0,26.9,52,4,108,2,23.2,24.3,27.6,27.1,25.03333333333332,26.657142857142862,25.357142857142858,0.3,0.1,0.0,0.0,0.13333333333333927,0.057142857142857655,0.1142857142857143
2021-04-19,33.6,20.7,26.9,0.0,15.3,38,4,109,2,25.0,23.2,24.3,27.6,24.166666666666654,26.357142857142858,25.400000000000002,0.0,0.3,0.1,0.0,0.13333333333333924,0.05714285714285765,0.1142857142857143
2021-04-20,29.4,19.1,23.0,2.5,15.9,50,4,110,2,26.9,25.0,23.2,28.2,25.03333333333332,26.257142857142856,25.5,0.0,0.0,0.3,0.0,0.1000000000000059,0.05714285714285765,0.1142857142857143
2021-04-21,29.2,18.2,22.9,0.2,14.1,56,4,111,2,23.0,26.9,25.0,28.6,24.96666666666665,25.514285714285712,25.464285714285715,2.5,0.0,0.0,0.0,0.8333333333333393,0.41428571428571476,0.20714285714285716
2021-04-22,28.0,17.5,22.2,1.2,28.1,58,4,112,2,22.9,23.0,26.9,27.6,24.26666666666665,24.7,25.557142857142857,0.2,2.5,0.0,0.0,0.900000000000006,0.4428571428571434,0.22142857142857147
2021-04-23,28.7,17.1,22.5,2.3,21.6,51,4,113,2,22.2,22.9,23.0,24.3,22.699999999999985,23.928571428571427,25.50714285714286,1.2,0.2,2.5,0.1,1.3000000000000058,0.6142857142857148,0.3071428571428572
2021-04-24,32.0,15.6,23.9,0.0,10.3,47,4,114,2,22.5,22.2,22.9,23.2,22.533333333333317,23.67142857142857,25.342857142857145,2.3,1.2,0.2,0.3,1.2333333333333392,0.928571428571429,0.4714285714285714
2021-04-25,35.8,18.7,27.7,0.0,10.0,32,4,115,2,23.9,22.5,22.2,25.0,22.86666666666665,23.77142857142857,25.214285714285715,0.0,2.3,1.2,0.0,1.1666666666666725,0.8857142857142861,0.4714285714285714
2021-04-26,38.0,19.9,29.9,0.0,10.4,29,4,116,2,27.7,23.9,22.5,26.9,24.699999999999985,24.157142857142855,25.257142857142856,0.0,0.0,2.3,0.0,0.7666666666666725,0.8857142857142861,0.4714285714285714
2021-04-27,40.5,22.5,31.3,0.0,24.0,27,4,117,2,29.9,27.7,23.9,23.0,27.166666666666647,24.585714285714285,25.421428571428574,0.0,0.0,0.0,2.5,0.0,0.8857142857142861,0.4714285714285714
2021-04-28,40.0,23.6,32.8,0.0,23.0,23,4,118,2,31.3,29.9,27.7,22.9,29.633333333333322,25.771428571428572,25.642857142857142,0.0,0.0,0.0,0.2,0.0,0.528571428571429,0.4714285714285714
2021-04-29,40.5,24.9,32.3,0.0,25.2,23,4,119,2,32.8,31.3,29.9,22.2,31.333333333333318,27.185714285714287,25.942857142857143,0.0,0.0,0.0,1.2,0.0,0.5000000000000004,0.4714285714285714
2021-04-30,39.2,22.8,31.2,0.0,22.8,27,4,120,2,32.3,32.8,31.3,22.5,32.13333333333332,28.62857142857143,26.27857142857143,0.0,0.0,0.0,2.3,0.0,0.32857142857142907,0.4714285714285714
2021-05-01,39.2,24.2,32.3,0.0,27.5,25,5,121,2,31.2,32.3,32.8,23.9,32.09999999999999,29.871428571428567,26.77142857142857,0.0,0.0,0.0,0.0,0.0,0.0,0.4642857142857143
2021-05-02,39.7,23.7,32.6,0.0,13.3,23,5,122,2,32.3,31.2,32.3,27.7,31.93333333333332,31.071428571428573,27.42142857142857,0.0,0.0,0.0,0.0,0.0,0.0,0.4428571428571428
2021-05-03,39.5,24.5,32.2,0.0,10.6,28,5,123,2,32.6,32.3,31.2,29.9,32.033333333333324,31.77142857142857,27.964285714285715,0.0,0.0,0.0,0.0,0.0,0.0,0.4428571428571428
2021-05-04,39.7,25.5,31.7,0.0,29.8,31,5,124,2,32.2,32.6,32.3,31.3,32.36666666666665,32.1,28.342857142857145,0.0,0.0,0.0,0.0,0.0,0.0,0.4428571428571428
2021-05-05,36.7,24.4,30.5,0.0,16.3,40,5,125,2,31.7,32.2,32.6,32.8,32.16666666666665,32.15714285714286,28.964285714285715,0.0,0.0,0.0,0.0,0.0,0.0,0.2642857142857143
2021-05-06,34.0,24.5,28.5,1.2,13.0,42,5,126,2,30.5,31.7,32.2,32.3,31.466666666666654,31.82857142857143,29.507142857142856,0.0,0.0,0.0,0.0,0.0,0.0,0.25
2021-05-07,36.5,21.9,28.9,0.0,21.1,41,5,127,2,28.5,30.5,31.7,31.2,30.23333333333332,31.285714285714285,29.957142857142856,1.2,0.0,0.0,0.0,0.4000000000000059,0.17142857142857193,0.25
2021-05-08,37.9,22.7,30.1,0.0,23.5,38,5,128,2,28.9,28.5,30.5,32.3,29.299999999999983,30.95714285714286,30.41428571428571,0.0,1.2,0.0,0.0,0.4000000000000059,0.17142857142857193,0.08571428571428574
2021-05-09,37.6,25.1,31.6,0.0,23.1,30,5,129,2,30.1,28.9,28.5,32.6,29.166666666666654,30.642857142857142,30.857142857142858,0.0,0.0,1.2,0.0,0.4000000000000059,0.17142857142857193,0.08571428571428574
2021-05-10,39.4,25.6,32.7,0.0,18.2,30,5,130,2,31.6,30.1,28.9,32.2,30.199999999999985,30.5,31.13571428571429,0.0,0.0,0.0,0.0,0.0,0.17142857142857193,0.08571428571428574
2021-05-11,38.3,25.5,30.6,1.1,24.8,39,5,131,2,32.7,31.6,30.1,31.7,31.466666666666654,30.571428571428573,31.335714285714285,0.0,0.0,0.0,0.0,0.0,0.17142857142857193,0.08571428571428574
2021-05-12,34.6,24.4,29.7,0.0,17.7,39,5,132,2,30.6,32.7,31.6,30.5,31.633333333333315,30.414285714285715,31.285714285714285,1.1,0.0,0.0,0.0,0.36666666666667264,0.32857142857142907,0.16428571428571434
2021-05-13,34.5,22.2,28.0,0.1,21.1,48,5,133,2,29.7,30.6,32.7,28.5,30.999999999999986,30.300000000000004,31.064285714285717,0.0,1.1,0.0,1.2,0.36666666666667264,0.32857142857142907,0.16428571428571434
2021-05-14,33.8,21.8,28.0,0.5,18.6,49,5,134,2,28.0,29.7,30.6,28.9,29.43333333333332,30.22857142857143,30.75714285714286,0.1,0.0,1.1,0.0,0.40000000000000596,0.17142857142857196,0.17142857142857146
2021-05-15,35.2,21.9,29.4,0.0,16.5,40,5,135,2,28.0,28.0,29.7,30.1,28.566666666666652,30.1,30.528571428571432,0.5,0.1,0.0,0.0,0.20000000000000592,0.24285714285714338,0.20714285714285716
2021-05-16,38.0,24.5,31.2,0.0,18.0,30,5,136,2,29.4,28.0,28.0,31.6,28.46666666666665,30.0,30.321428571428573,0.0,0.5,0.1,0.0,0.20000000000000592,0.24285714285714338,0.20714285714285716
2021-05-17,38.7,24.5,31.7,0.0,12.9,31,5,137,2,31.2,29.4,28.0,32.7,29.533333333333317,29.942857142857147,30.221428571428568,0.0,0.0,0.5,0.0,0.1666666666666726,0.24285714285714338,0.20714285714285716
2021-05-18,39.7,24.3,32.3,0.0,11.7,28,5,138,2,31.7,31.2,29.4,30.6,30.76666666666665,29.8,30.185714285714287,0.0,0.0,0.0,1.1,0.0,0.24285714285714338,0.20714285714285716
2021-05-19,37.4,25.0,31.0,0.0,18.6,38,5,139,2,32.3,31.7,31.2,29.7,31.73333333333332,30.042857142857144,30.228571428571428,0.0,0.0,0.0,0.0,0.0,0.08571428571428621,0.20714285714285716
2021-05-20,37.9,23.7,30.5,0.0,14.0,41,5,140,2,31.0,32.3,31.7,28.0,31.666666666666654,30.228571428571424,30.264285714285712,0.0,0.0,0.0,0.1,0.0,0.08571428571428621,0.20714285714285716
2021-05-21,37.4,25.1,31.2,0.0,15.2,36,5,141,2,30.5,31.0,32.3,28.0,31.26666666666665,30.585714285714282,30.407142857142855,0.0,0.0,0.0,0.5,0.0,0.07142857142857194,0.12142857142857147
2021-05-22,37.9,24.3,31.7,0.0,12.3,31,5,142,2,31.2,30.5,31.0,29.4,30.899999999999988,31.04285714285714,30.571428571428573,0.0,0.0,0.0,0.0,0.0,0.0,0.12142857142857147
2021-05-23,35.4,24.7,29.7,0.0,17.4,34,5,143,2,31.7,31.2,30.5,31.2,31.133333333333315,31.37142857142857,30.685714285714287,0.0,0.0,0.0,0.0,0.0,0.0,0.12142857142857147
2021-05-24,37.0,22.2,29.7,0.0,12.0,38,5,144,2,29.7,31.7,31.2,31.7,30.86666666666665,31.157142857142855,30.55,0.0,0.0,0.0,0.0,0.0,0.0,0.12142857142857147
2021-05-25,38.3,24.5,31.8,0.0,12.5,33,5,145,2,29.7,29.7,31.7,32.3,30.36666666666665,30.87142857142857,30.335714285714285,0.0,0.0,0.0,0.0,0.0,0.0,0.12142857142857147
2021-05-26,40.9,24.6,33.2,0.0,10.9,29,5,146,2,31.8,29.7,29.7,31.0,30.399999999999988,30.800000000000004,30.42142857142857,0.0,0.0,0.0,0.0,0.0,0.0,0.042857142857142885
2021-05-27,42.3,25.7,34.8,0.0,9.7,25,5,147,2,33.2,31.8,29.7,30.5,31.566666666666652,31.114285714285717,30.67142857142857,0.0,0.0,0.0,0.0,0.0,0.0,0.042857142857142885
2021-05-28,43.8,27.8,36.3,0.0,15.6,23,5,148,2,34.8,33.2,31.8,31.2,33.26666666666666,31.72857142857143,31.157142857142855,0.0,0.0,0.0,0.0,0.0,0.0,0.03571428571428575
2021-05-29,44.4,28.7,37.1,0.0,18.4,24,5,149,2,36.3,34.8,33.2,31.7,34.76666666666665,32.457142857142856,31.75,0.0,0.0,0.0,0.0,0.0,0.0,0.0
2021-05-30,42.0,29.9,34.8,1.0,22.2,37,5,150,2,37.1,36.3,34.8,29.7,36.066666666666656,33.22857142857143,32.3,0.0,0.0,0.0,0.0,0.0,0.0,0.0
2021-05-31,40.8,28.6,33.6,0.8,34.0,36,5,151,2,34.8,37.1,36.3,29.7,36.066666666666656,33.957142857142856,32.55714285714286,1.0,0.0,0.0,0.0,0.33333333333333925,0.14285714285714338,0.07142857142857147
2021-06-01,35.2,24.5,29.5,0.3,19.7,53,6,152,3,33.6,34.8,37.1,31.8,35.16666666666665,34.51428571428571,32.692857142857136,0.8,1.0,0.0,0.0,0.600000000000006,0.2571428571428577,0.12857142857142861
2021-06-02,38.3,25.2,31.9,0.1,17.6,45,6,153,3,29.5,33.6,34.8,33.2,32.63333333333332,34.18571428571428,32.49285714285714,0.3,0.8,1.0,0.0,0.700000000000006,0.30000000000000054,0.15000000000000005
2021-06-03,38.0,26.2,31.4,0.1,16.1,48,6,154,3,31.9,29.5,33.6,34.8,31.666666666666654,34.0,32.55714285714286,0.1,0.3,0.8,0.0,0.4000000000000059,0.31428571428571483,0.1571428571428572
2021-06-04,37.6,25.3,31.3,0.1,16.4,46,6,155,3,31.4,31.9,29.5,36.3,30.93333333333332,33.51428571428571,32.621428571428574,0.1,0.1,0.3,0.0,0.1666666666666726,0.32857142857142907,0.16428571428571434
2021-06-05,38.1,26.3,32.1,0.0,20.5,43,6,156,3,31.3,31.4,31.9,37.1,31.533333333333317,32.8,32.628571428571426,0.1,0.1,0.1,0.0,0.1,0.34285714285714336,0.17142857142857146
2021-06-06,41.0,27.4,34.5,0.0,13.9,35,6,157,3,32.1,31.3,31.4,34.8,31.599999999999984,32.08571428571429,32.65714285714286,0.0,0.1,0.1,1.0,0.06666666666667259,0.34285714285714336,0.17142857142857146
2021-06-07,43.5,29.7,36.6,0.0,12.0,31,6,158,3,34.5,32.1,31.3,33.6,32.63333333333332,32.042857142857144,33.0,0.0,0.0,0.1,0.8,0.03333333333333926,0.20000000000000054,0.17142857142857146
2021-06-08,44.3,30.6,37.3,0.0,13.8,34,6,159,3,36.6,34.5,32.1,29.5,34.399999999999984,32.471428571428575,33.49285714285714,0.0,0.0,0.0,0.3,0.0,0.08571428571428621,0.17142857142857146
2021-06-09,44.9,30.6,37.7,0.0,15.6,38,6,160,3,37.3,36.6,34.5,31.9,36.13333333333332,33.58571428571428,33.885714285714286,0.0,0.0,0.0,0.1,0.0,0.04285714285714337,0.17142857142857146
2021-06-10,43.5,30.8,37.3,0.0,16.2,42,6,161,3,37.7,37.3,36.6,31.4,37.19999999999999,34.41428571428572,34.207142857142856,0.0,0.0,0.0,0.1,0.0,0.02857142857142908,0.17142857142857146
2021-06-11,42.3,30.4,36.5,0.0,12.2,43,6,162,3,37.3,37.7,37.3,31.3,37.433333333333316,35.25714285714285,34.385714285714286,0.0,0.0,0.0,0.1,0.0,0.014285714285714794,0.17142857142857146
2021-06-12,41.8,29.7,36.0,0.0,18.7,41,6,163,3,36.5,37.3,37.7,32.1,37.16666666666665,36.0,34.4,0.0,0.0,0.0,0.0,0.0,0.0,0.17142857142857146
2021-06-13,35.7,26.7,31.6,5.3,29.3,58,6,164,3,36.0,36.5,37.3,34.5,36.59999999999999,36.55714285714286,34.32142857142857,0.0,0.0,0.0,0.0,0.0,0.0,0.17142857142857146
2021-06-14,37.5,27.5,32.1,0.0,15.8,51,6,165,3,31.6,36.0,36.5,36.6,34.69999999999998,36.142857142857146,34.09285714285714,5.3,0.0,0.0,0.0,1.7666666666666726,0.7571428571428577,0.4785714285714286
2021-06-15,37.6,27.6,31.5,0.0,16.4,52,6,166,3,32.1,31.6,36.0,37.3,33.23333333333332,35.5,33.98571428571429,0.0,5.3,0.0,0.0,1.7666666666666726,0.7571428571428577,0.42142857142857143
2021-06-16,35.7,25.2,30.2,0.1,15.0,59,6,167,3,31.5,32.1,31.6,37.7,31.73333333333332,34.67142857142857,34.128571428571426,0.0,0.0,5.3,0.0,1.7666666666666726,0.7571428571428577,0.4
2021-06-17,36.3,25.1,31.0,0.0,13.4,49,6,168,3,30.2,31.5,32.1,37.3,31.26666666666665,33.6,34.00714285714286,0.1,0.0,0.0,0.0,0.03333333333333926,0.7714285714285719,0.39999999999999997
2021-06-18,38.1,27.6,32.7,0.0,9.5,41,6,169,3,31.0,30.2,31.5,36.5,30.899999999999988,32.7,33.978571428571435,0.0,0.1,0.0,0.0,0.03333333333333926,0.7714285714285719,0.39285714285714285
2021-06-19,39.4,26.3,33.1,0.0,9.8,37,6,170,3,32.7,31.0,30.2,36.0,31.299999999999986,32.15714285714286,34.07857142857143,0.0,0.0,0.1,0.0,0.03333333333333926,0.7714285714285719,0.3857142857142857
2021-06-20,39.3,27.4,32.8,0.0,18.4,45,6,171,3,33.1,32.7,31.0,31.6,32.26666666666665,31.742857142857144,34.15,0.0,0.0,0.0,5.3,0.0,0.7714285714285719,0.3857142857142857
2021-06-21,37.6,26.1,32.0,0.0,9.8,49,6,172,3,32.8,33.1,32.7,32.1,32.86666666666665,31.914285714285715,34.028571428571425,0.0,0.0,0.0,0.0,0.0,0.014285714285714794,0.3857142857142857
2021-06-22,39.0,26.7,32.6,0.0,10.3,51,6,173,3,32.0,32.8,33.1,31.5,32.63333333333332,31.9,33.7,0.0,0.0,0.0,0.0,0.0,0.014285714285714794,0.3857142857142857
2021-06-23,40.4,26.5,33.6,0.0,14.3,47,6,174,3,32.6,32.0,32.8,30.2,32.466666666666654,32.05714285714286,33.364285714285714,0.0,0.0,0.0,0.1,0.0,0.014285714285714794,0.3857142857142857
2021-06-24,40.4,27.7,33.8,0.0,23.1,40,6,175,3,33.6,32.6,32.0,31.0,32.73333333333332,32.542857142857144,33.07142857142857,0.0,0.0,0.0,0.0,0.0,0.0,0.3857142857142857
2021-06-25,39.1,27.8,32.9,0.0,16.8,44,6,176,3,33.8,33.6,32.6,32.7,33.33333333333332,32.94285714285714,32.82142857142857,0.0,0.0,0.0,0.0,0.0,0.0,0.3857142857142857
2021-06-26,37.4,27.2,31.7,0.0,17.9,49,6,177,3,32.9,33.8,33.6,33.1,33.433333333333316,32.97142857142857,32.56428571428571,0.0,0.0,0.0,0.0,0.0,0.0,0.3857142857142857
2021-06-27,38.5,27.4,32.6,0.0,8.5,50,6,178,3,31.7,32.9,33.8,32.8,32.79999999999999,32.771428571428565,32.25714285714286,0.0,0.0,0.0,0.0,0.0,0.0,0.3857142857142857
2021-06-28,39.6,27.2,33.8,0.0,8.8,46,6,179,3,32.6,31.7,32.9,32.0,32.399999999999984,32.74285714285714,32.32857142857143,0.0,0.0,0.0,0.0,0.0,0.0,0.0071428571428571435
2021-06-29,41.6,28.6,35.0,0.0,15.0,40,6,180,3,33.8,32.6,31.7,32.6,32.69999999999998,33.0,32.45,0.0,0.0,0.0,0.0,0.0,0.0,0.0071428571428571435
2021-06-30,42.3,30.2,35.9,0.0,15.0,39,6,181,3,35.0,33.8,32.6,33.6,33.79999999999998,33.34285714285714,32.7,0.0,0.0,0.0,0.0,0.0,0.0,0.0071428571428571435
2021-07-01,41.3,28.9,35.0,0.0,17.0,44,7,182,3,35.9,35.0,33.8,33.8,34.899999999999984,33.67142857142857,33.107142857142854,0.0,0.0,0.0,0.0,0.0,0.0,0.0
2021-07-02,40.9,30.4,35.3,0.0,14.8,40,7,183,3,35.0,35.9,35.0,32.9,35.29999999999998,33.84285714285714,33.39285714285714,0.0,0.0,0.0,0.0,0.0,0.0,0.0
2021-07-03,38.5,29.3,33.2,1.2,19.2,51,7,184,3,35.3,35.0,35.9,31.7,35.399999999999984,34.18571428571428,33.57857142857143,0.0,0.0,0.0,0.0,0.0,0.0,0.0
2021-07-04,39.6,29.5,34.1,0.1,9.7,50,7,185,3,33.2,35.3,35.0,32.6,34.49999999999998,34.4,33.58571428571428,1.2,0.0,0.0,0.0,0.4000000000000059,0.17142857142857193,0.08571428571428572
2021-07-05,39.3,28.7,33.9,0.0,10.7,49,7,186,3,34.1,33.2,35.3,33.8,34.19999999999998,34.614285714285714,33.67857142857143,0.1,1.2,0.0,0.0,0.4333333333333393,0.18571428571428622,0.09285714285714286
2021-07-06,40.2,29.2,34.7,0.0,7.3,46,7,187,3,33.9,34.1,33.2,35.0,33.73333333333332,34.628571428571426,33.81428571428571,0.0,0.1,1.2,0.0,0.4333333333333393,0.18571428571428622,0.09285714285714286
2021-07-07,41.7,30.6,35.7,0.0,12.6,40,7,188,3,34.7,33.9,34.1,35.9,34.23333333333332,34.58571428571428,33.964285714285715,0.0,0.0,0.1,0.0,0.03333333333333926,0.18571428571428622,0.09285714285714286
2021-07-08,41.9,29.9,36.3,0.0,15.9,40,7,189,3,35.7,34.7,33.9,35.0,34.76666666666665,34.55714285714286,34.114285714285714,0.0,0.0,0.0,0.0,0.0,0.18571428571428622,0.09285714285714286
2021-07-09,38.6,32.2,35.3,0.0,24.5,47,7,190,3,36.3,35.7,34.7,35.3,35.566666666666656,34.74285714285714,34.292857142857144,0.0,0.0,0.0,0.0,0.0,0.18571428571428622,0.09285714285714286
2021-07-10,39.6,30.8,34.6,0.2,13.5,56,7,191,3,35.3,36.3,35.7,33.2,35.76666666666665,34.74285714285715,34.464285714285715,0.0,0.0,0.0,1.2,0.0,0.18571428571428622,0.09285714285714286
2021-07-11,40.5,31.1,35.0,0.0,18.6,57,7,192,3,34.6,35.3,36.3,34.1,35.399999999999984,34.94285714285714,34.67142857142857,0.2,0.0,0.0,0.1,0.06666666666667259,0.04285714285714337,0.10714285714285714
2021-07-12,37.1,27.6,32.1,3.6,22.7,66,7,193,3,35.0,34.6,35.3,33.9,34.96666666666665,35.07142857142857,34.84285714285714,0.0,0.2,0.0,0.0,0.06666666666667259,0.02857142857142908,0.10714285714285714
2021-07-13,34.6,26.0,30.5,1.6,16.6,71,7,194,3,32.1,35.0,34.6,34.7,33.899999999999984,34.81428571428571,34.721428571428575,3.6,0.0,0.2,0.0,1.2666666666666726,0.5428571428571434,0.36428571428571427
2021-07-14,34.1,27.3,30.2,8.2,14.6,73,7,195,3,30.5,32.1,35.0,35.7,32.533333333333324,34.214285714285715,34.4,1.6,3.6,0.0,0.0,1.7333333333333394,0.771428571428572,0.4785714285714286
2021-07-15,35.9,27.6,31.7,1.4,11.0,68,7,196,3,30.2,30.5,32.1,36.3,30.93333333333332,33.42857142857143,33.99285714285715,8.2,1.6,3.6,0.0,4.466666666666672,1.9428571428571433,1.0642857142857143
2021-07-16,37.2,28.9,33.0,0.0,12.0,63,7,197,3,31.7,30.2,30.5,35.3,30.799999999999983,32.77142857142857,33.75714285714286,1.4,8.2,1.6,0.0,3.733333333333339,2.1428571428571432,1.1642857142857141
2021-07-17,39.3,29.9,34.5,0.0,8.5,57,7,198,3,33.0,31.7,30.2,34.6,31.633333333333315,32.44285714285714,33.59285714285714,0.0,1.4,8.2,0.2,3.200000000000005,2.1428571428571432,1.1642857142857141
2021-07-18,42.2,31.2,36.7,0.0,15.8,48,7,199,3,34.5,33.0,31.7,35.0,33.066666666666656,32.42857142857143,33.68571428571429,0.0,0.0,1.4,0.0,0.46666666666667195,2.1142857142857148,1.0785714285714285
2021-07-19,39.6,30.3,34.2,4.0,19.4,60,7,200,3,36.7,34.5,33.0,32.1,34.73333333333332,32.67142857142857,33.871428571428574,0.0,0.0,0.0,3.6,0.0,2.1142857142857148,1.0714285714285714
2021-07-20,32.3,26.4,28.4,21.9,19.0,82,7,201,3,34.2,36.7,34.5,30.5,35.133333333333326,32.971428571428575,33.892857142857146,4.0,0.0,0.0,1.6,1.3333333333333386,2.1714285714285717,1.357142857142857
2021-07-21,33.4,25.4,29.1,9.1,9.2,79,7,202,3,28.4,34.2,36.7,30.2,33.09999999999999,32.67142857142857,33.44285714285714,21.9,4.0,0.0,8.2,8.633333333333338,5.071428571428571,2.921428571428571
2021-07-22,34.7,26.7,30.5,0.1,7.3,73,7,203,3,29.1,28.4,34.2,31.7,30.566666666666652,32.51428571428571,32.971428571428575,9.1,21.9,4.0,1.4,11.666666666666671,5.2,3.5714285714285707
2021-07-23,35.1,27.7,31.5,0.0,12.4,67,7,204,3,30.5,29.1,28.4,33.0,29.333333333333318,32.34285714285714,32.55714285714286,0.1,9.1,21.9,0.0,10.36666666666667,5.014285714285714,3.5785714285714283
2021-07-24,36.6,28.4,32.5,0.0,10.3,65,7,205,3,31.5,30.5,29.1,34.5,30.366666666666656,32.128571428571426,32.285714285714285,0.0,0.1,9.1,0.0,3.0666666666666713,5.014285714285714,3.5785714285714283
2021-07-25,37.8,29.8,33.8,0.0,9.7,63,7,206,3,32.5,31.5,30.5,36.7,31.499999999999986,31.842857142857145,32.135714285714286,0.0,0.0,0.1,0.0,0.03333333333333807,5.014285714285714,3.564285714285714
2021-07-26,36.9,30.7,33.4,0.0,14.2,67,7,207,3,33.8,32.5,31.5,34.2,32.59999999999999,31.428571428571427,32.05,0.0,0.0,0.0,4.0,0.0,5.014285714285714,3.564285714285714
2021-07-27,36.8,29.3,32.5,1.4,19.7,70,7,208,3,33.4,33.8,32.5,28.4,33.23333333333332,31.314285714285713,32.142857142857146,0.0,0.0,0.0,21.9,0.0,4.442857142857143,3.307142857142857
2021-07-28,35.2,27.9,30.9,1.6,21.4,71,7,209,3,32.5,33.4,33.8,29.1,33.23333333333332,31.9,32.285714285714285,1.4,0.0,0.0,9.1,0.4666666666666714,1.5142857142857147,3.2928571428571423
2021-07-29,33.5,25.6,29.2,0.5,14.7,78,7,210,3,30.9,32.5,33.4,30.5,32.26666666666665,32.15714285714286,32.33571428571428,1.6,1.4,0.0,0.1,1.0000000000000047,0.4428571428571434,2.8214285714285707
2021-07-30,34.3,26.6,30.2,0.2,15.0,74,7,211,3,29.2,30.9,32.5,31.5,30.86666666666665,31.971428571428568,32.15714285714286,0.5,1.6,1.4,0.0,1.1666666666666714,0.5000000000000006,2.7571428571428567
2021-07-31,34.6,27.5,30.2,1.0,14.7,76,7,212,3,30.2,29.2,30.9,32.5,30.099999999999984,31.785714285714285,31.957142857142856,0.2,0.5,1.6,0.0,0.7666666666666715,0.5285714285714291,2.7714285714285714
2021-08-01,35.1,27.1,31.2,0.5,11.5,72,8,213,3,30.2,30.2,29.2,33.8,29.86666666666665,31.457142857142856,31.650000000000002,1.0,0.2,0.5,0.0,0.5666666666666714,0.6714285714285719,2.8428571428571425
2021-08-02,36.4,28.2,32.4,1.6,10.9,69,8,214,3,31.2,30.2,30.2,33.4,30.533333333333317,31.085714285714282,31.25714285714286,0.5,1.0,0.2,0.0,0.5666666666666714,0.7428571428571434,2.8785714285714286
2021-08-03,37.7,28.5,32.9,0.0,12.2,65,8,215,3,32.4,31.2,30.2,32.5,31.26666666666665,30.942857142857143,31.128571428571426,1.6,0.5,1.0,1.4,1.033333333333338,0.9714285714285719,2.7071428571428564
2021-08-04,36.8,28.3,32.4,0.1,14.0,66,8,216,3,32.9,32.4,31.2,30.9,32.16666666666665,31.0,31.449999999999996,0.0,1.6,0.5,1.6,0.7000000000000047,0.771428571428572,1.1428571428571428
2021-08-05,37.4,28.2,33.2,3.8,13.5,63,8,217,3,32.4,32.9,32.4,29.2,32.566666666666656,31.214285714285715,31.685714285714283,0.1,0.0,1.6,0.5,0.5666666666666714,0.5571428571428576,0.5
2021-08-06,37.4,26.8,32.2,3.5,18.9,67,8,218,3,33.2,32.4,32.9,30.2,32.83333333333332,31.785714285714285,31.87857142857143,3.8,0.1,0.0,0.2,1.3000000000000047,1.028571428571429,0.7642857142857142
2021-08-07,38.5,28.6,33.5,0.0,13.8,59,8,219,3,32.2,33.2,32.4,30.2,32.59999999999999,32.07142857142857,31.928571428571423,3.5,3.8,0.1,1.0,2.4666666666666717,1.5000000000000004,1.0142857142857142
2021-08-08,38.4,29.6,33.8,0.5,14.5,58,8,220,3,33.5,32.2,33.2,31.2,32.966666666666654,32.542857142857144,32.0,0.0,3.5,3.8,0.5,2.4333333333333385,1.3571428571428577,1.0142857142857142
2021-08-09,37.9,29.5,32.9,0.3,15.4,63,8,221,3,33.8,33.5,32.2,32.4,33.16666666666665,32.91428571428572,32.0,0.5,0.0,3.5,1.6,1.3333333333333381,1.3571428571428577,1.05
2021-08-10,38.6,27.7,33.5,0.2,17.8,57,8,222,3,32.9,33.8,33.5,32.9,33.399999999999984,32.98571428571429,31.964285714285715,0.3,0.5,0.0,0.0,0.26666666666667144,1.171428571428572,1.0714285714285714
2021-08-11,40.4,29.0,34.3,0.0,12.8,50,8,223,3,33.5,32.9,33.8,32.4,33.399999999999984,33.07142857142857,32.035714285714285,0.2,0.3,0.5,0.1,0.3333333333333381,1.2000000000000006,0.9857142857142858
2021-08-12,40.2,29.4,34.6,0.0,13.0,46,8,224,3,34.3,33.5,32.9,33.2,33.566666666666656,33.34285714285714,32.278571428571425,0.0,0.2,0.3,3.8,0.1666666666666714,1.1857142857142864,0.8714285714285713
2021-08-13,39.9,29.3,34.6,0.0,12.8,47,8,225,3,34.6,34.3,33.5,32.2,34.13333333333332,33.542857142857144,32.66428571428572,0.0,0.0,0.2,3.5,0.06666666666667141,0.6428571428571433,0.8357142857142856
2021-08-14,39.2,29.7,34.3,0.0,14.7,47,8,226,3,34.6,34.6,34.3,33.5,34.49999999999998,33.885714285714286,32.978571428571435,0.0,0.0,0.0,0.0,0.0,0.14285714285714338,0.8214285714285714
2021-08-15,36.0,29.1,31.8,4.0,20.3,57,8,227,3,34.3,34.6,34.6,33.8,34.49999999999999,34.0,33.271428571428565,0.0,0.0,0.0,0.5,0.0,0.14285714285714338,0.75
2021-08-16,37.4,25.9,31.9,4.8,21.4,62,8,228,3,31.8,34.3,34.6,32.9,33.566666666666656,33.714285714285715,33.31428571428571,4.0,0.0,0.0,0.3,1.3333333333333381,0.6428571428571433,1.0
2021-08-17,39.1,28.3,33.6,0.0,9.0,52,8,229,3,31.9,31.8,34.3,33.5,32.66666666666665,33.57142857142857,33.278571428571425,4.8,4.0,0.0,0.2,2.9333333333333385,1.2857142857142863,1.2285714285714284
2021-08-18,39.7,29.3,34.2,0.0,9.9,45,8,230,3,33.6,31.9,31.8,34.3,32.433333333333316,33.58571428571428,33.32857142857143,0.0,4.8,4.0,0.0,2.9333333333333385,1.2571428571428578,1.2285714285714284
2021-08-19,40.3,28.0,34.4,0.0,8.5,42,8,231,3,34.2,33.6,31.9,34.6,33.23333333333332,33.57142857142857,33.457142857142856,0.0,0.0,4.8,0.0,1.6000000000000048,1.2571428571428578,1.2214285714285713
2021-08-20,40.8,29.0,34.9,0.0,19.4,45,8,232,3,34.4,34.2,33.6,34.6,34.066666666666656,33.54285714285714,33.542857142857144,0.0,0.0,0.0,0.0,0.0,1.2571428571428578,0.9500000000000001
2021-08-21,37.7,28.6,32.5,0.0,18.3,61,8,233,3,34.9,34.4,34.2,34.3,34.49999999999999,33.58571428571428,33.73571428571429,0.0,0.0,0.0,0.0,0.0,1.2571428571428578,0.7000000000000001
2021-08-22,36.1,27.4,31.0,0.0,14.8,62,8,234,3,32.5,34.9,34.4,31.8,33.933333333333316,33.32857142857143,33.66428571428572,0.0,0.0,0.0,4.0,0.0,1.2571428571428578,0.7000000000000001
2021-08-23,37.8,26.7,32.0,0.0,6.9,58,8,235,3,31.0,32.5,34.9,31.9,32.79999999999998,33.214285714285715,33.464285714285715,0.0,0.0,0.0,4.8,0.0,0.6857142857142862,0.6642857142857144
2021-08-24,40.7,29.5,34.8,0.0,9.7,50,8,236,3,32.0,31.0,32.5,33.6,31.833333333333325,33.22857142857143,33.4,0.0,0.0,0.0,0.0,0.0,0.0,0.6428571428571429
2021-08-25,40.7,29.8,35.2,0.0,15.4,45,8,237,3,34.8,32.0,31.0,34.2,32.59999999999999,33.4,33.49285714285715,0.0,0.0,0.0,0.0,0.0,0.0,0.6285714285714287
2021-08-26,40.2,29.3,34.6,0.0,13.4,46,8,238,3,35.2,34.8,32.0,34.4,33.99999999999999,33.542857142857144,33.55714285714286,0.0,0.0,0.0,0.0,0.0,0.0,0.6285714285714287
2021-08-27,40.4,29.2,34.8,0.0,13.3,45,8,239,3,34.6,35.2,34.8,34.9,34.86666666666665,33.57142857142857,33.55714285714286,0.0,0.0,0.0,0.0,0.0,0.0,0.6285714285714287
2021-08-28,39.8,28.8,34.4,0.0,11.6,41,8,240,3,34.8,34.6,35.2,32.5,34.86666666666665,33.55714285714286,33.57142857142857,0.0,0.0,0.0,0.0,0.0,0.0,0.6285714285714287
2021-08-29,37.8,30.1,33.7,0.4,16.7,44,8,241,3,34.4,34.8,34.6,31.0,34.59999999999999,33.82857142857143,33.57857142857143,0.0,0.0,0.0,0.0,0.0,0.0,0.6285714285714287
2021-08-30,38.0,28.9,32.4,1.0,21.1,55,8,242,3,33.7,34.4,34.8,32.0,34.29999999999999,34.214285714285715,33.714285714285715,0.4,0.0,0.0,0.0,0.13333333333333808,0.057142857142857655,0.37142857142857144
2021-08-31,33.1,26.8,29.8,5.8,22.3,70,8,243,3,32.4,33.7,34.4,34.8,33.499999999999986,34.27142857142857,33.75,1.0,0.4,0.0,0.0,0.4666666666666714,0.20000000000000048,0.09999999999999999
2021-09-01,34.1,26.7,30.1,0.0,9.7,67,9,244,4,29.8,32.4,33.7,35.2,31.966666666666654,33.55714285714286,33.47857142857143,5.8,1.0,0.4,0.0,2.4000000000000044,1.028571428571429,0.5142857142857142
2021-09-02,35.6,26.3,30.6,0.0,6.9,65,9,245,4,30.1,29.8,32.4,34.6,30.766666666666655,32.82857142857143,33.18571428571429,0.0,5.8,1.0,0.0,2.2666666666666715,1.0285714285714291,0.5142857142857143
2021-09-03,35.1,26.8,30.5,0.0,15.2,66,9,246,4,30.6,30.1,29.8,34.8,30.166666666666657,32.25714285714286,32.91428571428571,0.0,0.0,5.8,0.0,1.933333333333338,1.0285714285714291,0.5142857142857143
2021-09-04,35.6,25.9,30.5,0.0,11.3,65,9,247,4,30.5,30.6,30.1,34.4,30.39999999999999,31.642857142857142,32.6,0.0,0.0,0.0,0.0,0.0,1.0285714285714291,0.5142857142857143
2021-09-05,36.7,27.2,31.7,0.0,10.4,60,9,248,4,30.5,30.5,30.6,33.7,30.53333333333332,31.08571428571429,32.457142857142856,0.0,0.0,0.0,0.4,0.0,1.0285714285714291,0.5142857142857143
2021-09-06,37.3,28.3,32.7,0.0,10.7,57,9,249,4,31.7,30.5,30.5,32.4,30.899999999999988,30.8,32.50714285714286,0.0,0.0,0.0,1.0,0.0,0.9714285714285719,0.5142857142857143
2021-09-07,37.5,29.5,32.9,0.0,14.2,60,9,250,4,32.7,31.7,30.5,29.8,31.633333333333326,30.842857142857145,32.55714285714286,0.0,0.0,0.0,5.8,0.0,0.8285714285714291,0.5142857142857143
2021-09-08,33.1,27.6,29.6,7.0,16.8,77,9,251,4,32.9,32.7,31.7,30.1,32.43333333333332,31.285714285714285,32.42142857142857,0.0,0.0,0.0,0.0,0.0,0.0,0.5142857142857143
2021-09-09,32.4,24.8,28.4,16.0,12.2,80,9,252,4,29.6,32.9,32.7,30.6,31.73333333333332,31.214285714285715,32.02142857142857,7.0,0.0,0.0,0.0,2.333333333333338,1.0000000000000004,1.0142857142857142
2021-09-10,31.8,26.3,28.3,7.3,16.2,81,9,253,4,28.4,29.6,32.9,30.5,30.299999999999986,30.900000000000002,31.578571428571426,16.0,7.0,0.0,0.0,7.666666666666671,3.285714285714286,2.157142857142857
2021-09-11,30.7,24.6,26.7,5.3,19.4,85,9,254,4,28.3,28.4,29.6,30.5,28.766666666666655,30.585714285714285,31.114285714285717,7.3,16.0,7.0,0.0,10.100000000000005,4.328571428571429,2.6785714285714284
2021-09-12,30.6,24.0,26.6,1.3,14.4,80,9,255,4,26.7,28.3,28.4,31.7,27.799999999999986,30.042857142857144,30.564285714285713,5.3,7.3,16.0,0.0,9.533333333333339,5.085714285714286,3.057142857142857
2021-09-13,32.7,23.0,27.6,0.0,7.8,79,9,256,4,26.6,26.7,28.3,32.7,27.19999999999999,29.314285714285717,30.057142857142857,1.3,5.3,7.3,0.0,4.633333333333338,5.271428571428572,3.1214285714285714
2021-09-14,33.4,25.1,29.2,0.0,9.9,75,9,257,4,27.6,26.6,26.7,32.9,26.966666666666658,28.585714285714285,29.714285714285715,0.0,1.3,5.3,0.0,2.2000000000000046,5.271428571428572,3.0500000000000003
2021-09-15,34.2,25.6,29.7,0.0,11.3,73,9,258,4,29.2,27.6,26.6,29.6,27.799999999999986,28.057142857142853,29.671428571428574,0.0,0.0,1.3,7.0,0.43333333333333807,5.271428571428572,2.635714285714286
2021-09-16,34.9,26.9,30.5,0.0,10.2,67,9,259,4,29.7,29.2,27.6,28.4,28.833333333333325,28.071428571428573,29.642857142857142,0.0,0.0,0.0,16.0,0.0,4.271428571428571,2.635714285714286
2021-09-17,35.1,26.9,30.3,0.0,11.8,67,9,260,4,30.5,29.7,29.2,28.3,29.799999999999986,28.371428571428574,29.63571428571429,0.0,0.0,0.0,7.3,0.0,1.9857142857142862,2.635714285714286
2021-09-18,34.8,26.2,30.1,0.0,11.4,70,9,261,4,30.3,30.5,29.7,26.7,30.166666666666654,28.657142857142855,29.621428571428574,0.0,0.0,0.0,5.3,0.0,0.9428571428571433,2.635714285714286
2021-09-19,34.3,26.9,30.4,0.0,9.2,70,9,262,4,30.1,30.3,30.5,26.6,30.299999999999986,29.142857142857142,29.592857142857145,0.0,0.0,0.0,1.3,0.0,0.18571428571428622,2.635714285714286
2021-09-20,34.4,27.4,30.9,0.0,9.4,69,9,263,4,30.4,30.1,30.3,27.6,30.266666666666655,29.685714285714283,29.5,0.0,0.0,0.0,0.0,0.0,0.0,2.635714285714286
2021-09-21,32.5,26.5,29.3,3.4,15.9,76,9,264,4,30.9,30.4,30.1,29.2,30.466666666666654,30.157142857142855,29.37142857142857,0.0,0.0,0.0,0.0,0.0,0.0,2.635714285714286
2021-09-22,31.8,25.0,28.1,2.5,12.6,80,9,265,4,29.3,30.9,30.4,29.7,30.19999999999999,30.171428571428574,29.114285714285717,3.4,0.0,0.0,0.0,1.133333333333338,0.4857142857142862,2.878571428571429
2021-09-23,30.7,24.4,27.1,0.6,16.3,80,9,266,4,28.1,29.3,30.9,30.5,29.433333333333323,29.942857142857143,29.00714285714286,2.5,3.4,0.0,0.0,1.9666666666666714,0.8428571428571434,2.557142857142857
2021-09-24,31.5,23.6,27.0,0.3,14.5,77,9,267,4,27.1,28.1,29.3,30.3,28.166666666666657,29.457142857142856,28.914285714285715,0.6,2.5,3.4,0.0,2.1666666666666714,0.928571428571429,1.457142857142857
2021-09-25,33.0,23.7,28.5,0.0,8.4,70,9,268,4,27.0,27.1,28.1,30.1,27.399999999999988,28.985714285714288,28.821428571428573,0.3,0.6,2.5,0.0,1.133333333333338,0.9714285714285719,0.9571428571428571
2021-09-26,34.1,24.6,29.3,0.0,7.4,67,9,269,4,28.5,27.0,27.1,30.4,27.53333333333332,28.757142857142856,28.95,0.0,0.3,0.6,0.0,0.3000000000000047,0.9714285714285719,0.5785714285714285
2021-09-27,33.7,25.2,29.4,0.1,8.4,71,9,270,4,29.3,28.5,27.0,30.9,28.266666666666655,28.6,29.142857142857142,0.0,0.0,0.3,0.0,0.10000000000000474,0.9714285714285719,0.48571428571428577
2021-09-28,34.6,25.8,29.9,0.0,8.4,68,9,271,4,29.4,29.3,28.5,29.3,29.066666666666652,28.38571428571429,29.27142857142857,0.1,0.0,0.0,3.4,0.03333333333333807,0.9857142857142861,0.4928571428571429
2021-09-29,34.1,26.5,30.1,0.1,10.2,67,9,272,4,29.9,29.4,29.3,28.1,29.53333333333332,28.471428571428568,29.321428571428573,0.0,0.1,0.0,2.5,0.03333333333333807,0.5000000000000006,0.4928571428571429
2021-09-30,34.9,26.3,30.3,0.0,8.2,64,9,273,4,30.1,29.9,29.4,27.1,29.799999999999986,28.75714285714286,29.349999999999998,0.1,0.0,0.1,0.6,0.06666666666667141,0.15714285714285767,0.5
2021-10-01,35.7,26.8,31.0,0.0,9.7,63,10,274,4,30.3,30.1,29.9,27.0,30.099999999999984,29.214285714285715,29.335714285714285,0.0,0.1,0.0,0.3,0.03333333333333807,0.07142857142857194,0.5
2021-10-02,34.8,26.9,30.5,2.3,11.6,65,10,275,4,31.0,30.3,30.1,28.5,30.466666666666658,29.785714285714285,29.385714285714283,0.0,0.0,0.1,0.0,0.03333333333333807,0.02857142857142908,0.5
2021-10-03,35.7,26.7,31.0,0.0,11.3,61,10,276,4,30.5,31.0,30.3,29.3,30.599999999999984,30.071428571428573,29.414285714285715,2.3,0.0,0.0,0.0,0.7666666666666714,0.35714285714285765,0.6642857142857144
2021-10-04,34.3,26.4,29.8,0.1,15.6,65,10,277,4,31.0,30.5,31.0,29.4,30.833333333333325,30.314285714285713,29.457142857142856,0.0,2.3,0.0,0.1,0.7666666666666714,0.35714285714285765,0.6642857142857144
2021-10-05,33.6,25.5,29.1,4.3,11.6,69,10,278,4,29.8,31.0,30.5,29.9,30.433333333333323,30.37142857142857,29.37857142857143,0.1,0.0,2.3,0.0,0.8000000000000047,0.35714285714285765,0.6714285714285715
2021-10-06,35.2,23.7,29.0,0.0,9.3,61,10,279,4,29.1,29.8,31.0,30.1,29.966666666666654,30.25714285714286,29.364285714285717,4.3,0.1,0.0,0.1,1.4666666666666714,0.9714285714285719,0.7357142857142858
2021-10-07,35.6,23.3,28.9,0.0,9.4,58,10,280,4,29.0,29.1,29.8,30.3,29.299999999999986,30.099999999999998,29.428571428571427,0.0,4.3,0.1,0.0,1.4666666666666712,0.9571428571428576,0.5571428571428572
2021-10-08,37.0,23.8,29.6,0.0,10.5,52,10,281,4,28.9,29.0,29.1,31.0,28.99999999999999,29.900000000000002,29.557142857142857,0.0,0.0,4.3,0.0,1.433333333333338,0.9571428571428576,0.5142857142857143
2021-10-09,36.3,23.3,29.4,0.0,11.0,53,10,282,4,29.6,28.9,29.0,30.5,29.166666666666654,29.7,29.742857142857144,0.0,0.0,0.0,2.3,0.0,0.9571428571428576,0.4928571428571428
2021-10-10,36.5,24.7,29.2,0.0,15.8,53,10,283,4,29.4,29.6,28.9,31.0,29.299999999999986,29.542857142857144,29.807142857142857,0.0,0.0,0.0,0.0,0.0,0.6285714285714291,0.4928571428571428
2021-10-11,34.2,22.1,27.6,0.0,22.5,56,10,284,4,29.2,29.4,29.6,29.8,29.399999999999988,29.285714285714285,29.8,0.0,0.0,0.0,0.1,0.0,0.6285714285714291,0.4928571428571428
2021-10-12,33.6,21.4,27.1,0.0,13.0,50,10,285,4,27.6,29.2,29.4,29.1,28.73333333333332,28.97142857142857,29.671428571428574,0.0,0.0,0.0,4.3,0.0,0.6142857142857148,0.4857142857142857
2021-10-13,34.0,20.3,26.8,0.0,10.7,44,10,286,4,27.1,27.6,29.2,29.0,27.966666666666658,28.685714285714287,29.471428571428568,0.0,0.0,0.0,0.0,0.0,0.0,0.4857142857142857
2021-10-14,34.8,19.5,26.3,0.0,10.0,43,10,287,4,26.8,27.1,27.6,28.9,27.166666666666657,28.37142857142857,29.235714285714288,0.0,0.0,0.0,0.0,0.0,0.0,0.4785714285714286
2021-10-15,34.5,18.3,26.0,0.0,11.5,41,10,288,4,26.3,26.8,27.1,29.6,26.73333333333332,28.0,28.95,0.0,0.0,0.0,0.0,0.0,0.0,0.4785714285714286
2021-10-16,34.4,20.0,26.5,0.0,10.0,41,10,289,4,26.0,26.3,26.8,29.4,26.366666666666656,27.485714285714288,28.592857142857145,0.0,0.0,0.0,0.0,0.0,0.0,0.4785714285714286
2021-10-17,33.5,20.5,26.2,0.0,20.5,47,10,290,4,26.5,26.0,26.3,29.2,26.266666666666655,27.071428571428573,28.307142857142857,0.0,0.0,0.0,0.0,0.0,0.0,0.31428571428571433
2021-10-18,29.8,20.4,24.5,0.2,17.9,70,10,291,4,26.2,26.5,26.0,27.6,26.23333333333332,26.642857142857142,27.964285714285715,0.0,0.0,0.0,0.0,0.0,0.0,0.31428571428571433
2021-10-19,34.1,19.9,26.2,0.0,12.9,55,10,292,4,24.5,26.2,26.5,27.1,25.73333333333332,26.199999999999996,27.585714285714285,0.2,0.0,0.0,0.0,0.06666666666667141,0.02857142857142908,0.32142857142857145
2021-10-20,34.7,19.3,26.5,0.0,11.5,42,10,293,4,26.2,24.5,26.2,26.8,25.633333333333322,26.071428571428573,27.378571428571426,0.0,0.2,0.0,0.0,0.06666666666667141,0.02857142857142908,0.014285714285714287
2021-10-21,34.0,17.7,25.3,0.0,11.6,42,10,294,4,26.5,26.2,24.5,26.3,25.73333333333332,26.028571428571432,27.199999999999996,0.0,0.0,0.2,0.0,0.06666666666667141,0.02857142857142908,0.014285714285714287
2021-10-22,32.7,19.6,25.2,2.1,27.0,49,10,295,4,25.3,26.5,26.2,26.0,25.999999999999986,25.885714285714283,26.942857142857143,0.0,0.0,0.0,0.0,0.0,0.02857142857142908,0.014285714285714287
2021-10-23,28.9,18.2,21.5,4.5,27.0,75,10,296,4,25.2,25.3,26.5,26.5,25.666666666666657,25.771428571428572,26.628571428571426,2.1,0.0,0.0,0.0,0.7000000000000047,0.3285714285714291,0.1642857142857143
2021-10-24,24.1,17.9,20.4,0.4,19.6,75,10,297,4,21.5,25.2,25.3,26.2,23.99999999999999,25.057142857142857,26.064285714285713,4.5,2.1,0.0,0.0,2.2000000000000046,0.9714285714285721,0.48571428571428577
2021-10-25,27.3,15.5,20.5,0.0,14.9,60,10,298,4,20.4,21.5,25.2,24.5,22.366666666666656,24.22857142857143,25.435714285714287,0.4,4.5,2.1,0.2,2.333333333333338,1.0285714285714291,0.5142857142857143
2021-10-26,28.7,14.4,21.4,0.0,10.4,50,10,299,4,20.5,20.4,21.5,26.2,20.799999999999986,23.657142857142862,24.928571428571427,0.0,0.4,4.5,0.0,1.6333333333333382,1.0000000000000007,0.5142857142857143
2021-10-27,29.9,16.4,22.4,0.0,10.9,45,10,300,4,21.4,20.5,20.4,26.5,20.766666666666655,22.971428571428568,24.521428571428572,0.0,0.0,0.4,0.0,0.13333333333333808,1.0000000000000007,0.5142857142857143
2021-10-28,30.3,15.4,22.7,0.0,10.2,40,10,301,4,22.4,21.4,20.5,25.3,21.43333333333332,22.385714285714283,24.207142857142856,0.0,0.0,0.0,0.0,0.0,1.0000000000000007,0.5142857142857143
2021-10-29,31.0,15.7,23.8,0.0,9.7,40,10,302,4,22.7,22.4,21.4,25.2,22.166666666666654,22.014285714285712,23.95,0.0,0.0,0.0,2.1,0.0,1.0000000000000007,0.5142857142857143
2021-10-30,31.7,17.8,24.0,0.0,10.9,41,10,303,4,23.8,22.7,22.4,21.5,22.966666666666654,21.814285714285713,23.792857142857144,0.0,0.0,0.0,4.5,0.0,0.7000000000000005,0.5142857142857143
2021-10-31,31.4,16.3,22.9,0.0,10.7,45,10,304,4,24.0,23.8,22.7,20.4,23.49999999999999,22.17142857142857,23.614285714285717,0.0,0.0,0.0,0.4,0.0,0.057142857142857655,0.5142857142857143
2021-11-01,30.8,17.3,23.1,0.0,21.1,46,11,305,4,22.9,24.0,23.8,20.5,23.566666666666652,22.528571428571432,23.37857142857143,0.0,0.0,0.0,0.0,0.0,0.0,0.5142857142857143
2021-11-02,26.8,18.1,22.0,0.0,21.2,50,11,306,4,23.1,22.9,24.0,21.4,23.333333333333325,22.9,23.27857142857143,0.0,0.0,0.0,0.0,0.0,0.0,0.5000000000000001
2021-11-03,28.3,15.5,20.9,0.0,10.7,49,11,307,4,22.0,23.1,22.9,22.4,22.666666666666657,22.985714285714288,22.97857142857143,0.0,0.0,0.0,0.0,0.0,0.0,0.5000000000000001
2021-11-04,29.0,14.5,21.0,0.0,9.7,48,11,308,4,20.9,22.0,23.1,22.7,21.99999999999999,22.771428571428572,22.57857142857143,0.0,0.0,0.0,0.0,0.0,0.0,0.5000000000000001
2021-11-05,29.0,16.3,21.7,0.0,16.3,47,11,309,4,21.0,20.9,22.0,23.8,21.299999999999986,22.528571428571432,22.271428571428572,0.0,0.0,0.0,0.0,0.0,0.0,0.5000000000000001
2021-11-06,28.0,14.7,20.7,0.0,9.3,57,11,310,4,21.7,21.0,20.9,24.0,21.19999999999999,22.228571428571428,22.021428571428572,0.0,0.0,0.0,0.0,0.0,0.0,0.35000000000000003
2021-11-07,29.0,15.0,21.2,0.0,11.3,53,11,311,4,20.7,21.7,21.0,22.9,21.133333333333322,21.75714285714286,21.964285714285715,0.0,0.0,0.0,0.0,0.0,0.0,0.028571428571428574
2021-11-08,29.0,14.9,21.1,0.0,12.0,57,11,312,4,21.2,20.7,21.7,23.1,21.19999999999999,21.514285714285712,22.02142857142857,0.0,0.0,0.0,0.0,0.0,0.0,0.0
2021-11-09,30.0,15.0,22.7,0.0,8.9,54,11,313,4,21.1,21.2,20.7,22.0,20.999999999999986,21.228571428571428,22.064285714285713,0.0,0.0,0.0,0.0,0.0,0.0,0.0
2021-11-10,29.4,14.9,21.3,0.0,10.9,61,11,314,4,22.7,21.1,21.2,20.9,21.666666666666657,21.32857142857143,22.157142857142855,0.0,0.0,0.0,0.0,0.0,0.0,0.0
2021-11-11,28.8,14.7,20.8,0.0,10.4,61,11,315,4,21.3,22.7,21.1,21.0,21.69999999999999,21.385714285714283,22.078571428571426,0.0,0.0,0.0,0.0,0.0,0.0,0.0
2021-11-12,28.7,13.9,20.4,0.0,11.2,60,11,316,4,20.8,21.3,22.7,21.7,21.59999999999999,21.357142857142858,21.942857142857143,0.0,0.0,0.0,0.0,0.0,0.0,0.0
2021-11-13,28.1,12.4,19.5,0.0,11.6,58,11,317,4,20.4,20.8,21.3,20.7,20.83333333333332,21.17142857142857,21.699999999999996,0.0,0.0,0.0,0.0,0.0,0.0,0.0
2021-11-14,28.1,12.0,19.5,0.0,16.2,46,11,318,4,19.5,20.4,20.8,21.2,20.23333333333332,21.0,21.378571428571426,0.0,0.0,0.0,0.0,0.0,0.0,0.0
2021-11-15,26.3,11.8,18.4,0.0,10.5,51,11,319,4,19.5,19.5,20.4,21.1,19.799999999999986,20.75714285714286,21.135714285714283,0.0,0.0,0.0,0.0,0.0,0.0,0.0
2021-11-16,26.5,12.0,18.3,0.0,10.9,53,11,320,4,18.4,19.5,19.5,22.7,19.133333333333322,20.37142857142857,20.8,0.0,0.0,0.0,0.0,0.0,0.0,0.0
2021-11-17,26.3,11.0,18.0,0.0,10.9,53,11,321,4,18.3,18.4,19.5,21.3,18.73333333333332,19.74285714285714,20.535714285714285,0.0,0.0,0.0,0.0,0.0,0.0,0.0
2021-11-18,25.4,10.8,17.7,0.0,11.5,54,11,322,4,18.0,18.3,18.4,20.8,18.23333333333332,19.271428571428572,20.328571428571426,0.0,0.0,0.0,0.0,0.0,0.0,0.0
2021-11-19,24.9,10.3,17.8,0.0,10.6,58,11,323,4,17.7,18.0,18.3,20.4,17.99999999999999,18.828571428571426,20.092857142857145,0.0,0.0,0.0,0.0,0.0,0.0,0.0
2021-11-20,25.1,9.5,17.4,0.0,10.1,61,11,324,4,17.8,17.7,18.0,19.5,17.833333333333318,18.457142857142856,19.814285714285713,0.0,0.0,0.0,0.0,0.0,0.0,0.0
2021-11-21,26.3,10.3,17.6,0.0,10.3,63,11,325,4,17.4,17.8,17.7,19.5,17.633333333333322,18.157142857142855,19.57857142857143,0.0,0.0,0.0,0.0,0.0,0.0,0.0
2021-11-22,26.1,10.5,17.4,0.0,17.3,55,11,326,4,17.6,17.4,17.8,18.4,17.59999999999999,17.885714285714286,19.321428571428573,0.0,0.0,0.0,0.0,0.0,0.0,0.0
2021-11-23,26.4,10.4,17.4,0.0,11.4,56,11,327,4,17.4,17.6,17.4,18.3,17.466666666666654,17.742857142857144,19.057142857142857,0.0,0.0,0.0,0.0,0.0,0.0,0.0
2021-11-24,26.6,11.7,17.9,0.0,11.9,60,11,328,4,17.4,17.4,17.6,18.0,17.466666666666654,17.614285714285714,18.678571428571427,0.0,0.0,0.0,0.0,0.0,0.0,0.0
2021-11-25,25.7,11.7,17.6,0.0,10.5,64,11,329,4,17.9,17.4,17.4,17.7,17.566666666666652,17.599999999999998,18.435714285714287,0.0,0.0,0.0,0.0,0.0,0.0,0.0
2021-11-26,26.2,10.8,17.5,0.0,10.5,64,11,330,4,17.6,17.9,17.4,17.8,17.633333333333322,17.585714285714285,18.207142857142856,0.0,0.0,0.0,0.0,0.0,0.0,0.0
2021-11-27,25.8,11.0,17.3,0.0,10.7,64,11,331,4,17.5,17.6,17.9,17.4,17.666666666666657,17.54285714285714,18.0,0.0,0.0,0.0,0.0,0.0,0.0,0.0
2021-11-28,25.1,11.7,17.6,0.0,9.3,67,11,332,4,17.3,17.5,17.6,17.6,17.466666666666654,17.52857142857143,17.842857142857145,0.0,0.0,0.0,0.0,0.0,0.0,0.0
2021-11-29,24.8,10.4,17.2,0.0,10.8,67,11,333,4,17.6,17.3,17.5,17.4,17.466666666666658,17.52857142857143,17.70714285714286,0.0,0.0,0.0,0.0,0.0,0.0,0.0
2021-11-30,24.7,11.4,17.1,0.0,11.4,64,11,334,4,17.2,17.6,17.3,17.4,17.366666666666656,17.5,17.621428571428574,0.0,0.0,0.0,0.0,0.0,0.0,0.0
2021-12-01,24.8,9.5,17.0,0.0,8.8,63,12,335,1,17.1,17.2,17.6,17.9,17.299999999999986,17.45714285714286,17.535714285714285,0.0,0.0,0.0,0.0,0.0,0.0,0.0
2021-12-02,24.1,9.4,17.2,0.0,9.5,62,12,336,1,17.0,17.1,17.2,17.6,17.09999999999999,17.32857142857143,17.464285714285715,0.0,0.0,0.0,0.0,0.0,0.0,0.0
2021-12-03,23.8,10.5,16.4,0.0,10.7,65,12,337,1,17.2,17.0,17.1,17.5,17.099999999999987,17.271428571428572,17.428571428571427,0.0,0.0,0.0,0.0,0.0,0.0,0.0
2021-12-04,23.9,9.7,16.2,0.0,9.2,67,12,338,1,16.4,17.2,17.0,17.3,16.866666666666653,17.114285714285714,17.32857142857143,0.0,0.0,0.0,0.0,0.0,0.0,0.0
2021-12-05,24.0,10.7,16.8,0.0,12.8,65,12,339,1,16.2,16.4,17.2,17.6,16.59999999999999,16.95714285714286,17.24285714285714,0.0,0.0,0.0,0.0,0.0,0.0,0.0
2021-12-06,22.5,10.5,15.4,0.0,10.6,74,12,340,1,16.8,16.2,16.4,17.2,16.466666666666654,16.84285714285714,17.185714285714287,0.0,0.0,0.0,0.0,0.0,0.0,0.0
2021-12-07,22.9,8.9,14.9,0.0,9.9,69,12,341,1,15.4,16.8,16.2,17.1,16.133333333333322,16.585714285714285,17.04285714285714,0.0,0.0,0.0,0.0,0.0,0.0,0.0
2021-12-08,23.2,9.2,15.3,0.0,11.4,63,12,342,1,14.9,15.4,16.8,17.0,15.699999999999989,16.27142857142857,16.864285714285717,0.0,0.0,0.0,0.0,0.0,0.0,0.0
2021-12-09,23.3,9.7,15.4,0.0,11.0,63,12,343,1,15.3,14.9,15.4,17.2,15.199999999999989,16.02857142857143,16.678571428571427,0.0,0.0,0.0,0.0,0.0,0.0,0.0
2021-12-10,23.6,7.6,14.6,0.0,10.1,63,12,344,1,15.4,15.3,14.9,16.4,15.199999999999989,15.771428571428572,16.521428571428572,0.0,0.0,0.0,0.0,0.0,0.0,0.0
2021-12-11,23.2,7.6,14.5,0.0,10.6,57,12,345,1,14.6,15.4,15.3,16.2,15.099999999999989,15.514285714285714,16.314285714285713,0.0,0.0,0.0,0.0,0.0,0.0,0.0
2021-12-12,22.8,8.4,14.4,0.0,9.7,62,12,346,1,14.5,14.6,15.4,16.8,14.833333333333321,15.271428571428572,16.114285714285714,0.0,0.0,0.0,0.0,0.0,0.0,0.0
2021-12-13,20.7,6.7,12.9,0.0,10.1,69,12,347,1,14.4,14.5,14.6,15.4,14.499999999999988,14.928571428571429,15.885714285714286,0.0,0.0,0.0,0.0,0.0,0.0,0.0
2021-12-14,20.6,6.7,12.8,0.0,8.9,67,12,348,1,12.9,14.4,14.5,14.9,13.933333333333323,14.571428571428571,15.578571428571427,0.0,0.0,0.0,0.0,0.0,0.0,0.0
2021-12-15,20.3,6.1,12.2,0.0,9.8,67,12,349,1,12.8,12.9,14.4,15.3,13.366666666666655,14.271428571428572,15.271428571428572,0.0,0.0,0.0,0.0,0.0,0.0,0.0
2021-12-16,18.5,8.4,12.0,0.1,12.7,62,12,350,1,12.2,12.8,12.9,15.4,12.63333333333332,13.828571428571427,14.928571428571429,0.0,0.0,0.0,0.0,0.0,0.0,0.0
2021-12-17,19.0,4.4,11.2,0.0,11.1,66,12,351,1,12.0,12.2,12.8,14.6,12.333333333333321,13.342857142857143,14.557142857142859,0.1,0.0,0.0,0.0,0.03333333333333807,0.014285714285714794,0.0071428571428571435
2021-12-18,18.7,4.1,10.2,0.0,15.0,63,12,352,1,11.2,12.0,12.2,14.5,11.799999999999988,12.857142857142858,14.185714285714285,0.0,0.1,0.0,0.0,0.03333333333333807,0.014285714285714794,0.0071428571428571435
2021-12-19,19.0,2.1,11.1,0.0,11.3,58,12,353,1,10.2,11.2,12.0,14.4,11.13333333333332,12.242857142857144,13.757142857142858,0.0,0.0,0.1,0.0,0.03333333333333807,0.014285714285714794,0.0071428571428571435
2021-12-20,20.0,5.8,11.9,0.0,10.0,58,12,354,1,11.1,10.2,11.2,12.9,10.833333333333321,11.771428571428572,13.35,0.0,0.0,0.0,0.0,0.0,0.014285714285714794,0.0071428571428571435
2021-12-21,20.1,5.4,11.4,0.0,10.4,71,12,355,1,11.9,11.1,10.2,12.8,11.066666666666654,11.628571428571428,13.1,0.0,0.0,0.0,0.0,0.0,0.014285714285714794,0.0071428571428571435
2021-12-22,20.1,5.8,12.4,0.1,9.7,72,12,356,1,11.4,11.9,11.1,12.2,11.466666666666654,11.428571428571429,12.849999999999998,0.0,0.0,0.0,0.0,0.0,0.014285714285714794,0.0071428571428571435
2021-12-23,19.7,7.9,13.0,0.0,10.3,76,12,357,1,12.4,11.4,11.9,12.0,11.899999999999986,11.457142857142856,12.642857142857142,0.1,0.0,0.0,0.1,0.03333333333333807,0.02857142857142908,0.014285714285714287
2021-12-24,20.0,6.3,12.5,0.0,9.4,77,12,358,1,13.0,12.4,11.4,11.2,12.266666666666657,11.599999999999998,12.471428571428572,0.0,0.1,0.0,0.0,0.03333333333333807,0.014285714285714794,0.014285714285714287
2021-12-25,20.4,5.9,12.6,0.0,9.7,76,12,359,1,12.5,13.0,12.4,10.2,12.63333333333332,11.785714285714286,12.321428571428571,0.0,0.0,0.1,0.0,0.03333333333333807,0.014285714285714794,0.014285714285714287
2021-12-26,18.9,9.0,13.3,0.7,13.8,83,12,360,1,12.6,12.5,13.0,11.1,12.699999999999989,12.12857142857143,12.185714285714285,0.0,0.0,0.0,0.0,0.0,0.014285714285714794,0.014285714285714287
2021-12-27,18.4,7.4,12.1,0.0,8.5,84,12,361,1,13.3,12.6,12.5,11.9,12.799999999999988,12.442857142857141,12.107142857142858,0.7,0.0,0.0,0.0,0.23333333333333806,0.11428571428571478,0.06428571428571428
2021-12-28,19.1,6.7,11.6,0.0,10.5,71,12,362,1,12.1,13.3,12.6,11.4,12.666666666666655,12.471428571428573,12.049999999999999,0.0,0.7,0.0,0.0,0.23333333333333806,0.11428571428571478,0.06428571428571428
2021-12-29,19.1,5.0,11.2,0.0,11.5,66,12,363,1,11.6,12.1,13.3,12.4,12.333333333333321,12.5,11.964285714285712,0.0,0.0,0.7,0.1,0.23333333333333806,0.11428571428571478,0.06428571428571428
2021-12-30,19.7,6.1,11.9,0.0,10.6,68,12,364,1,11.2,11.6,12.1,13.0,11.63333333333332,12.328571428571427,11.892857142857142,0.0,0.0,0.0,0.0,0.0,0.1000000000000005,0.06428571428571428
2021-12-31,19.7,5.6,11.8,0.0,11.2,67,12,365,1,11.9,11.2,11.6,12.5,11.566666666666654,12.171428571428573,11.885714285714286,0.0,0.0,0.0,0.0,0.0,0.1000000000000005,0.05714285714285714
2022-01-01,19.8,6.7,11.9,0.0,11.7,68,1,1,1,11.8,11.9,11.2,12.6,11.63333333333332,12.071428571428571,11.928571428571429,0.0,0.0,0.0,0.0,0.0,0.1000000000000005,0.05714285714285714
2022-01-02,19.7,5.9,12.6,0.0,10.2,60,1,2,1,11.9,11.8,11.9,13.3,11.866666666666655,11.971428571428572,12.049999999999999,0.0,0.0,0.0,0.7,0.0,0.1000000000000005,0.05714285714285714
2022-01-03,20.5,8.2,13.9,0.0,10.0,63,1,3,1,12.6,11.9,11.8,12.1,12.099999999999989,11.87142857142857,12.157142857142857,0.0,0.0,0.0,0.0,0.0,0.0,0.05714285714285714
2022-01-04,19.0,11.1,14.3,2.2,11.8,66,1,4,1,13.9,12.6,11.9,11.6,12.799999999999988,12.12857142857143,12.299999999999999,0.0,0.0,0.0,0.0,0.0,0.0,0.05714285714285714
2022-01-05,14.9,11.3,12.7,9.0,9.7,93,1,5,1,14.3,13.9,12.6,11.2,13.599999999999989,12.514285714285714,12.507142857142858,2.2,0.0,0.0,0.0,0.7333333333333382,0.31428571428571483,0.21428571428571427
2022-01-06,16.7,10.1,13.1,0.7,11.2,89,1,6,1,12.7,14.3,13.9,11.9,13.63333333333332,12.728571428571428,12.528571428571428,9.0,2.2,0.0,0.0,3.733333333333338,1.6000000000000003,0.85
2022-01-07,13.3,9.5,11.7,28.7,12.5,95,1,7,1,13.1,12.7,14.3,11.8,13.366666666666655,12.900000000000002,12.535714285714286,0.7,9.0,2.2,0.0,3.966666666666671,1.7000000000000004,0.9
2022-01-08,15.5,8.0,11.6,1.0,13.2,86,1,8,1,11.7,13.1,12.7,11.9,12.499999999999986,12.885714285714284,12.47857142857143,28.7,0.7,9.0,0.0,12.800000000000004,5.8,2.9499999999999997
2022-01-09,16.0,6.7,10.8,0.2,8.7,84,1,9,1,11.6,11.7,13.1,12.6,12.13333333333332,12.842857142857143,12.407142857142858,1.0,28.7,0.7,0.0,10.133333333333338,5.942857142857143,3.0214285714285714
2022-01-10,17.0,6.7,10.9,0.2,9.7,85,1,10,1,10.8,11.6,11.7,13.9,11.366666666666655,12.585714285714287,12.228571428571428,0.2,1.0,28.7,0.0,9.96666666666667,5.971428571428572,2.9857142857142853
2022-01-11,17.7,7.2,11.0,0.0,9.6,85,1,11,1,10.9,10.8,11.6,14.3,11.099999999999989,12.157142857142857,12.142857142857142,0.2,0.2,1.0,2.2,0.4666666666666714,6.0,3.0
2022-01-12,18.8,5.6,12.0,0.0,9.5,72,1,12,1,11.0,10.9,10.8,12.7,10.899999999999986,11.685714285714287,12.1,0.0,0.2,0.2,9.0,0.13333333333333808,5.685714285714285,3.0
2022-01-13,18.9,8.3,12.5,0.0,9.5,75,1,13,1,12.0,11.0,10.9,13.1,11.299999999999988,11.585714285714285,12.157142857142857,0.0,0.0,0.2,0.7,0.06666666666667141,4.4,3.0
2022-01-14,19.1,6.5,11.2,0.0,8.4,85,1,14,1,12.5,12.0,11.0,11.7,11.833333333333321,11.5,12.2,0.0,0.0,0.0,28.7,0.0,4.3,3.0
2022-01-15,16.2,5.3,9.9,0.0,7.9,93,1,15,1,11.2,12.5,12.0,11.6,11.899999999999986,11.428571428571429,12.157142857142858,0.0,0.0,0.0,1.0,0.0,0.20000000000000048,3.0
2022-01-16,15.6,6.6,10.9,0.0,6.2,87,1,16,1,9.9,11.2,12.5,10.8,11.199999999999989,11.185714285714285,12.014285714285714,0.0,0.0,0.0,0.2,0.0,0.057142857142857655,3.0
2022-01-17,16.9,8.6,11.6,0.0,8.0,91,1,17,1,10.9,9.9,11.2,10.9,10.666666666666655,11.200000000000001,11.892857142857142,0.0,0.0,0.0,0.2,0.0,0.02857142857142908,3.0
2022-01-18,18.3,7.1,11.4,0.1,9.3,88,1,18,1,11.6,10.9,9.9,11.0,10.799999999999988,11.299999999999999,11.728571428571428,0.0,0.0,0.0,0.0,0.0,0.0,3.0
2022-01-19,16.6,9.0,12.4,5.0,8.2,90,1,19,1,11.4,11.6,10.9,12.0,11.299999999999988,11.357142857142858,11.52142857142857,0.1,0.0,0.0,0.0,0.03333333333333807,0.014285714285714794,2.8500000000000005
2022-01-20,17.4,7.8,11.7,0.0,10.6,88,1,20,1,12.4,11.4,11.6,12.5,11.799999999999988,11.414285714285713,11.5,5.0,0.1,0.0,0.0,1.7000000000000046,0.728571428571429,2.5642857142857145
2022-01-21,17.5,7.1,11.6,0.9,11.8,83,1,21,1,11.7,12.4,11.4,11.2,11.833333333333321,11.3,11.4,0.0,5.0,0.1,0.0,1.7000000000000046,0.728571428571429,2.5142857142857147
2022-01-22,13.7,10.4,11.5,7.8,17.3,90,1,22,1,11.6,11.7,12.4,9.9,11.899999999999986,11.357142857142858,11.392857142857142,0.9,0.0,5.0,0.0,1.9666666666666714,0.8571428571428577,0.5285714285714286
2022-01-23,15.2,9.6,12.0,3.4,13.9,90,1,23,1,11.5,11.6,11.7,10.9,11.599999999999989,11.585714285714285,11.385714285714286,7.8,0.9,0.0,0.0,2.9000000000000044,1.971428571428572,1.0142857142857142
2022-01-24,15.9,8.1,11.4,0.5,10.9,86,1,24,1,12.0,11.5,11.6,11.6,11.699999999999989,11.742857142857142,11.471428571428573,3.4,7.8,0.9,0.0,4.033333333333338,2.4571428571428577,1.242857142857143
2022-01-25,16.8,6.5,10.9,0.3,10.0,83,1,25,1,11.4,12.0,11.5,11.4,11.63333333333332,11.714285714285714,11.507142857142856,0.5,3.4,7.8,0.1,3.9000000000000044,2.528571428571429,1.2642857142857145
2022-01-26,17.6,5.4,11.1,0.0,10.8,70,1,26,1,10.9,11.4,12.0,12.4,11.433333333333323,11.642857142857142,11.5,0.3,0.5,3.4,5.0,1.4000000000000048,2.5571428571428574,1.2857142857142858
2022-01-27,18.6,5.4,12.1,0.0,9.4,64,1,27,1,11.1,10.9,11.4,11.7,11.13333333333332,11.457142857142857,11.435714285714285,0.0,0.3,0.5,0.0,0.26666666666667144,1.8428571428571434,1.2857142857142858
2022-01-28,18.9,7.3,12.3,0.0,9.2,66,1,28,1,12.1,11.1,10.9,11.6,11.366666666666655,11.514285714285714,11.407142857142858,0.0,0.0,0.3,0.9,0.10000000000000474,1.8428571428571434,1.2857142857142858
2022-01-29,19.8,6.3,13.0,0.0,8.7,69,1,29,1,12.3,12.1,11.1,11.5,11.833333333333321,11.614285714285716,11.485714285714284,0.0,0.0,0.0,7.8,0.0,1.7142857142857149,1.2857142857142858
2022-01-30,20.3,6.9,13.1,0.0,10.9,71,1,30,1,13.0,12.3,12.1,12.0,12.466666666666654,11.828571428571431,11.707142857142857,0.0,0.0,0.0,3.4,0.0,0.6000000000000005,1.2857142857142858
2022-01-31,21.1,8.9,14.0,0.0,10.0,71,1,31,1,13.1,13.0,12.3,11.4,12.799999999999988,11.985714285714286,11.864285714285714,0.0,0.0,0.0,0.5,0.0,0.1142857142857148,1.2857142857142858
2022-02-01,20.8,7.6,13.0,0.0,10.8,78,2,32,1,14.0,13.1,13.0,10.9,13.366666666666655,12.357142857142858,12.035714285714286,0.0,0.0,0.0,0.3,0.0,0.042857142857143364,1.2857142857142858
2022-02-02,21.1,7.0,13.7,0.3,15.4,71,2,33,1,13.0,14.0,13.1,11.1,13.366666666666655,12.657142857142857,12.15,0.0,0.0,0.0,0.0,0.0,0.0,1.2785714285714285
2022-02-03,16.6,7.7,12.3,5.5,19.0,81,2,34,1,13.7,13.0,14.0,12.1,13.566666666666654,13.028571428571428,12.242857142857144,0.3,0.0,0.0,0.0,0.10000000000000474,0.042857142857143364,0.9428571428571428
2022-02-04,18.3,6.6,11.1,0.0,9.0,81,2,35,1,12.3,13.7,13.0,12.3,12.999999999999988,13.057142857142859,12.285714285714286,5.5,0.3,0.0,0.0,1.933333333333338,0.8285714285714291,1.3357142857142856
2022-02-05,18.8,6.2,12.0,0.0,8.8,78,2,36,1,11.1,12.3,13.7,13.0,12.366666666666655,12.885714285714284,12.25,0.0,5.5,0.3,0.0,1.933333333333338,0.8285714285714291,1.2714285714285716
2022-02-06,19.2,6.9,12.5,0.0,12.3,79,2,37,1,12.0,11.1,12.3,13.1,11.799999999999988,12.742857142857142,12.285714285714286,0.0,0.0,5.5,0.0,1.8333333333333381,0.8285714285714291,0.7142857142857143
2022-02-07,20.2,9.8,13.7,1.4,14.0,80,2,38,1,12.5,12.0,11.1,14.0,11.866666666666655,12.657142857142857,12.321428571428571,0.0,0.0,0.0,0.0,0.0,0.8285714285714291,0.4714285714285715
2022-02-08,20.6,7.8,14.1,0.0,9.4,68,2,39,1,13.7,12.5,12.0,13.0,12.73333333333332,12.614285714285714,12.485714285714286,1.4,0.0,0.0,0.0,0.4666666666666714,1.028571428571429,0.5357142857142857
2022-02-09,20.3,10.1,14.1,0.3,16.8,66,2,40,1,14.1,13.7,12.5,13.7,13.433333333333321,12.77142857142857,12.714285714285714,0.0,1.4,0.0,0.3,0.4666666666666714,1.028571428571429,0.5142857142857142
2022-02-10,21.4,8.2,15.3,0.1,9.7,60,2,41,1,14.1,14.1,13.7,12.3,13.966666666666654,12.828571428571427,12.928571428571429,0.3,0.0,1.4,5.5,0.5666666666666714,1.0285714285714291,0.5357142857142857
2022-02-11,22.5,7.8,14.1,0.0,12.2,63,2,42,1,15.3,14.1,14.1,11.1,14.499999999999988,13.257142857142856,13.157142857142857,0.1,0.3,0.0,0.0,0.13333333333333808,0.2571428571428576,0.5428571428571428
2022-02-12,23.0,8.5,15.0,0.0,12.1,60,2,43,1,14.1,15.3,14.1,12.0,14.499999999999988,13.685714285714285,13.285714285714286,0.0,0.1,0.3,0.0,0.13333333333333808,0.2571428571428576,0.5428571428571428
2022-02-13,23.6,8.7,15.2,0.0,10.6,66,2,44,1,15.0,14.1,15.3,12.5,14.799999999999988,14.114285714285714,13.428571428571429,0.0,0.0,0.1,0.0,0.03333333333333807,0.2571428571428576,0.5428571428571428
2022-02-14,24.0,9.6,15.7,0.0,9.5,66,2,45,1,15.2,15.0,14.1,13.7,14.766666666666653,14.5,13.578571428571431,0.0,0.0,0.0,1.4,0.0,0.2571428571428576,0.5428571428571428
2022-02-15,24.0,10.2,15.9,0.0,10.6,67,2,46,1,15.7,15.2,15.0,14.1,15.299999999999988,14.785714285714286,13.700000000000001,0.0,0.0,0.0,0.0,0.0,0.057142857142857655,0.5428571428571428
2022-02-16,23.1,10.2,16.0,0.0,11.0,64,2,47,1,15.9,15.7,15.2,14.1,15.599999999999987,15.042857142857144,13.907142857142858,0.0,0.0,0.0,0.3,0.0,0.057142857142857655,0.5428571428571428
2022-02-17,22.0,10.7,16.0,0.7,16.3,66,2,48,1,16.0,15.9,15.7,15.3,15.866666666666655,15.314285714285713,14.071428571428571,0.0,0.0,0.0,0.1,0.0,0.014285714285714794,0.5214285714285715
2022-02-18,21.6,11.1,15.3,0.1,20.0,65,2,49,1,16.0,16.0,15.9,14.1,15.966666666666654,15.414285714285715,14.335714285714287,0.7,0.0,0.0,0.0,0.23333333333333806,0.1000000000000005,0.17857142857142858
2022-02-19,24.4,9.6,16.2,0.0,13.1,60,2,50,1,15.3,16.0,16.0,15.0,15.766666666666657,15.585714285714287,14.635714285714284,0.1,0.7,0.0,0.0,0.2666666666666714,0.11428571428571478,0.18571428571428572
2022-02-20,25.2,10.4,17.0,0.0,19.5,45,2,51,1,16.2,15.3,16.0,15.2,15.833333333333321,15.757142857142858,14.935714285714285,0.0,0.1,0.7,0.0,0.2666666666666714,0.11428571428571478,0.18571428571428572
2022-02-21,26.0,9.9,17.6,0.0,11.4,38,2,52,1,17.0,16.2,15.3,15.7,16.166666666666654,16.014285714285712,15.257142857142856,0.0,0.0,0.1,0.0,0.03333333333333807,0.11428571428571478,0.18571428571428572
2022-02-22,24.8,14.3,17.9,0.1,22.1,57,2,53,1,17.6,17.0,16.2,15.9,16.93333333333332,16.285714285714285,15.535714285714286,0.0,0.0,0.0,0.0,0.0,0.11428571428571478,0.08571428571428572
2022-02-23,23.5,10.5,16.4,0.0,13.4,62,2,54,1,17.9,17.6,17.0,16.0,17.49999999999999,16.571428571428573,15.807142857142859,0.1,0.0,0.0,0.0,0.03333333333333807,0.12857142857142906,0.09285714285714286
2022-02-24,22.2,11.1,16.3,0.6,12.3,68,2,55,1,16.4,17.9,17.6,16.0,17.299999999999986,16.628571428571426,15.971428571428573,0.0,0.1,0.0,0.7,0.03333333333333807,0.12857142857142906,0.07142857142857142
2022-02-25,18.9,11.1,14.3,10.1,20.3,82,2,56,1,16.3,16.4,17.9,15.3,16.866666666666656,16.67142857142857,16.04285714285714,0.6,0.0,0.1,0.1,0.23333333333333806,0.1142857142857148,0.10714285714285714
2022-02-26,19.9,10.6,14.7,5.8,13.2,81,2,57,1,14.3,16.3,16.4,16.2,15.666666666666655,16.52857142857143,16.057142857142857,10.1,0.6,0.0,0.0,3.5666666666666713,1.5428571428571431,0.8285714285714285
2022-02-27,21.9,8.2,14.2,0.0,10.9,72,2,58,1,14.7,14.3,16.3,17.0,15.099999999999989,16.314285714285713,16.035714285714285,5.8,10.1,0.6,0.0,5.500000000000004,2.3714285714285714,1.2428571428571427
2022-02-28,23.9,8.9,16.3,0.0,9.5,60,2,59,1,14.2,14.7,14.3,17.6,14.399999999999986,15.914285714285713,15.964285714285714,0.0,5.8,10.1,0.0,5.300000000000004,2.3714285714285714,1.2428571428571427
2022-03-01,23.6,13.1,17.8,0.7,12.6,71,3,60,2,16.3,14.2,14.7,17.9,15.066666666666654,15.728571428571428,16.007142857142856,0.0,0.0,5.8,0.1,1.933333333333338,2.3714285714285714,1.2428571428571427
2022-03-02,25.0,12.2,17.9,0.4,16.3,67,3,61,2,17.8,16.3,14.2,16.4,16.09999999999999,15.714285714285714,16.142857142857142,0.7,0.0,0.0,0.0,0.23333333333333806,2.457142857142857,1.2928571428571427
2022-03-03,20.2,12.8,16.2,8.7,19.6,79,3,62,2,17.9,17.8,16.3,16.3,17.333333333333318,15.928571428571429,16.27857142857143,0.4,0.7,0.0,0.6,0.3666666666666714,2.5142857142857147,1.3214285714285714
2022-03-04,23.5,10.8,16.2,0.0,11.8,79,3,63,2,16.2,17.9,17.8,14.3,17.299999999999986,15.914285714285715,16.29285714285714,8.7,0.4,0.7,10.1,3.266666666666671,3.6714285714285717,1.8928571428571428
2022-03-05,26.2,12.8,19.3,0.0,13.9,64,3,64,2,16.2,16.2,17.9,14.7,16.766666666666655,16.185714285714283,16.357142857142858,0.0,8.7,0.4,5.8,3.033333333333338,2.228571428571429,1.8857142857142857
2022-03-06,27.4,15.3,19.7,0.3,23.5,71,3,65,2,19.3,16.2,16.2,14.2,17.23333333333332,16.842857142857145,16.57857142857143,0.0,0.0,8.7,0.0,2.9000000000000044,1.4000000000000006,1.8857142857142857
2022-03-07,24.8,14.5,18.7,5.8,33.4,71,3,66,2,19.7,19.3,16.2,16.3,18.399999999999988,17.62857142857143,16.77142857142857,0.3,0.0,0.0,0.0,0.10000000000000474,1.4428571428571435,1.907142857142857
2022-03-08,27.5,13.6,19.5,0.0,11.7,65,3,67,2,18.7,19.7,19.3,17.8,19.23333333333332,17.97142857142857,16.85,5.8,0.3,0.0,0.7,2.033333333333338,2.271428571428572,2.3214285714285716
2022-03-09,27.2,14.1,20.2,0.1,10.0,62,3,68,2,19.5,18.7,19.7,17.9,19.299999999999986,18.214285714285715,16.964285714285715,0.0,5.8,0.3,0.4,2.033333333333338,2.1714285714285717,2.314285714285714
2022-03-10,28.7,15.0,21.5,0.0,14.3,54,3,69,2,20.2,19.5,18.7,16.2,19.466666666666654,18.542857142857144,17.235714285714288,0.1,0.0,5.8,8.7,1.9666666666666712,2.128571428571429,2.3214285714285716
2022-03-11,30.9,14.4,22.9,0.0,14.5,49,3,70,2,21.5,20.2,19.5,16.2,20.399999999999988,19.3,17.607142857142858,0.0,0.1,0.0,0.0,0.03333333333333807,0.8857142857142861,2.2785714285714285
2022-03-12,33.0,16.4,24.4,0.0,11.1,50,3,71,2,22.9,21.5,20.2,19.3,21.53333333333332,20.25714285714286,18.22142857142857,0.0,0.0,0.1,0.0,0.03333333333333807,0.8857142857142861,1.557142857142857
2022-03-13,34.0,17.6,25.7,0.0,9.6,53,3,72,2,24.4,22.9,21.5,19.7,22.93333333333332,20.985714285714284,18.914285714285715,0.0,0.0,0.0,0.3,0.0,0.8857142857142861,1.1428571428571428
2022-03-14,36.1,18.6,27.3,0.0,9.2,51,3,73,2,25.7,24.4,22.9,18.7,24.333333333333318,21.842857142857145,19.735714285714288,0.0,0.0,0.0,5.8,0.0,0.8428571428571433,1.1428571428571428
2022-03-15,36.1,20.5,27.9,0.0,10.7,56,3,74,2,27.3,25.7,24.4,19.5,25.799999999999986,23.071428571428573,20.521428571428572,0.0,0.0,0.0,0.0,0.0,0.014285714285714794,1.1428571428571428
2022-03-16,38.2,20.7,29.7,0.0,15.3,44,3,75,2,27.9,27.3,25.7,20.2,26.966666666666654,24.27142857142857,21.24285714285714,0.0,0.0,0.0,0.1,0.0,0.014285714285714794,1.0928571428571427
2022-03-17,39.9,22.0,30.3,0.0,10.5,39,3,76,2,29.7,27.9,27.3,21.5,28.299999999999986,25.62857142857143,22.085714285714285,0.0,0.0,0.0,0.0,0.0,0.0,1.0642857142857143
2022-03-18,38.3,21.4,29.0,0.0,18.1,51,3,77,2,30.3,29.7,27.9,22.9,29.299999999999986,26.885714285714283,23.092857142857145,0.0,0.0,0.0,0.0,0.0,0.0,0.4428571428571428
2022-03-19,35.5,22.2,28.1,0.0,20.4,60,3,78,2,29.0,30.3,29.7,24.4,29.666666666666654,27.757142857142856,24.007142857142856,0.0,0.0,0.0,0.0,0.0,0.0,0.4428571428571428
2022-03-20,35.6,21.5,27.5,0.0,13.8,49,3,79,2,28.1,29.0,30.3,25.7,29.133333333333322,28.285714285714285,24.63571428571429,0.0,0.0,0.0,0.0,0.0,0.0,0.4428571428571428
2022-03-21,36.8,19.4,27.3,0.0,15.3,45,3,80,2,27.5,28.1,29.0,27.3,28.19999999999999,28.542857142857144,25.192857142857143,0.0,0.0,0.0,0.0,0.0,0.0,0.4214285714285714
2022-03-22,36.7,20.3,28.4,0.0,17.2,37,3,81,2,27.3,27.5,28.1,27.9,27.633333333333326,28.54285714285714,25.807142857142857,0.0,0.0,0.0,0.0,0.0,0.0,0.0071428571428571435
2022-03-23,36.1,19.5,27.9,0.0,14.8,31,3,82,2,28.4,27.3,27.5,29.7,27.73333333333332,28.614285714285717,26.442857142857143,0.0,0.0,0.0,0.0,0.0,0.0,0.0071428571428571435
2022-03-24,34.6,19.6,26.9,0.0,18.2,37,3,83,2,27.9,28.4,27.3,30.3,27.866666666666656,28.357142857142858,26.99285714285714,0.0,0.0,0.0,0.0,0.0,0.0,0.0
2022-03-25,35.7,18.7,27.7,0.0,19.1,30,3,84,2,26.9,27.9,28.4,29.0,27.73333333333332,27.87142857142857,27.37857142857143,0.0,0.0,0.0,0.0,0.0,0.0,0.0
2022-03-26,38.3,18.1,28.0,0.0,14.8,27,3,85,2,27.7,26.9,27.9,28.1,27.499999999999986,27.685714285714287,27.72142857142857,0.0,0.0,0.0,0.0,0.0,0.0,0.0
2022-03-27,39.3,18.6,29.1,0.0,14.1,23,3,86,2,28.0,27.7,26.9,27.5,27.53333333333332,27.67142857142857,27.978571428571428,0.0,0.0,0.0,0.0,0.0,0.0,0.0
2022-03-28,39.2,21.6,29.4,0.0,15.5,20,3,87,2,29.1,28.0,27.7,27.3,28.266666666666655,27.9,28.22142857142857,0.0,0.0,0.0,0.0,0.0,0.0,0.0
2022-03-29,39.6,20.7,29.8,0.0,14.0,26,3,88,2,29.4,29.1,28.0,28.4,28.833333333333318,28.2,28.37142857142857,0.0,0.0,0.0,0.0,0.0,0.0,0.0
2022-03-30,39.1,20.4,29.3,0.0,13.8,28,3,89,2,29.8,29.4,29.1,27.9,29.43333333333332,28.4,28.50714285714286,0.0,0.0,0.0,0.0,0.0,0.0,0.0
2022-03-31,38.1,21.4,29.1,0.0,16.2,26,3,90,2,29.3,29.8,29.4,26.9,29.49999999999999,28.599999999999998,28.47857142857143,0.0,0.0,0.0,0.0,0.0,0.0,0.0
2022-04-01,38.5,19.8,28.8,0.0,16.8,15,4,91,2,29.1,29.3,29.8,27.7,29.399999999999988,28.914285714285715,28.392857142857142,0.0,0.0,0.0,0.0,0.0,0.0,0.0
2022-04-02,39.7,20.3,30.0,0.0,23.3,14,4,92,2,28.8,29.1,29.3,28.0,29.066666666666652,29.071428571428573,28.37857142857143,0.0,0.0,0.0,0.0,0.0,0.0,0.0
2022-04-03,38.9,20.2,28.9,0.0,11.2,22,4,93,2,30.0,28.8,29.1,29.1,29.299999999999994,29.357142857142858,28.514285714285712,0.0,0.0,0.0,0.0,0.0,0.0,0.0
2022-04-04,39.1,20.2,29.8,0.0,17.0,22,4,94,2,28.9,30.0,28.8,29.4,29.23333333333332,29.32857142857143,28.61428571428571,0.0,0.0,0.0,0.0,0.0,0.0,0.0
2022-04-05,40.2,21.5,31.0,0.0,18.0,16,4,95,2,29.8,28.9,30.0,29.8,29.566666666666652,29.385714285714283,28.79285714285714,0.0,0.0,0.0,0.0,0.0,0.0,0.0
2022-04-06,41.0,21.5,31.4,0.0,14.9,15,4,96,2,31.0,29.8,28.9,29.3,29.899999999999988,29.557142857142857,28.978571428571428,0.0,0.0,0.0,0.0,0.0,0.0,0.0
2022-04-07,41.9,21.8,32.3,0.0,12.9,13,4,97,2,31.4,31.0,29.8,29.1,30.73333333333332,29.857142857142858,29.22857142857143,0.0,0.0,0.0,0.0,0.0,0.0,0.0
2022-04-08,43.0,23.2,33.4,0.0,11.4,13,4,98,2,32.3,31.4,31.0,28.8,31.566666666666652,30.314285714285713,29.61428571428571,0.0,0.0,0.0,0.0,0.0,0.0,0.0
2022-04-09,43.0,23.8,33.2,0.0,17.6,15,4,99,2,33.4,32.3,31.4,30.0,32.36666666666665,30.971428571428568,30.021428571428572,0.0,0.0,0.0,0.0,0.0,0.0,0.0
2022-04-10,43.4,23.3,33.0,0.0,11.4,20,4,100,2,33.2,33.4,32.3,28.9,32.96666666666665,31.428571428571427,30.392857142857142,0.0,0.0,0.0,0.0,0.0,0.0,0.0
2022-04-11,44.1,24.7,34.6,0.0,21.9,15,4,101,2,33.0,33.2,33.4,29.8,33.19999999999999,32.01428571428571,30.67142857142857,0.0,0.0,0.0,0.0,0.0,0.0,0.0
2022-04-12,42.1,27.3,34.8,0.0,24.4,12,4,102,2,34.6,33.0,33.2,31.0,33.59999999999999,32.7,31.042857142857144,0.0,0.0,0.0,0.0,0.0,0.0,0.0
2022-04-13,38.5,25.1,31.6,0.0,20.2,23,4,103,2,34.8,34.6,33.0,31.4,34.13333333333332,33.24285714285714,31.4,0.0,0.0,0.0,0.0,0.0,0.0,0.0
2022-04-14,37.6,23.1,30.1,0.0,28.0,26,4,104,2,31.6,34.8,34.6,32.3,33.66666666666665,33.27142857142857,31.564285714285713,0.0,0.0,0.0,0.0,0.0,0.0,0.0
2022-04-15,39.1,22.7,30.4,0.0,13.7,25,4,105,2,30.1,31.6,34.8,33.4,32.16666666666665,32.95714285714286,31.635714285714283,0.0,0.0,0.0,0.0,0.0,0.0,0.0
2022-04-16,40.3,23.8,32.1,0.0,12.4,17,4,106,2,30.4,30.1,31.6,33.2,30.69999999999999,32.52857142857143,31.75,0.0,0.0,0.0,0.0,0.0,0.0,0.0
2022-04-17,41.1,23.4,32.5,0.0,12.3,18,4,107,2,32.1,30.4,30.1,33.0,30.866666666666656,32.371428571428574,31.900000000000002,0.0,0.0,0.0,0.0,0.0,0.0,0.0
2022-04-18,42.5,24.4,33.7,0.0,14.7,18,4,108,2,32.5,32.1,30.4,34.6,31.666666666666654,32.3,32.15714285714286,0.0,0.0,0.0,0.0,0.0,0.0,0.0
2022-04-19,39.6,28.1,33.4,0.0,20.0,21,4,109,2,33.7,32.5,32.1,34.8,32.76666666666666,32.17142857142857,32.43571428571429,0.0,0.0,0.0,0.0,0.0,0.0,0.0
2022-04-20,39.3,25.7,32.4,0.0,27.7,24,4,110,2,33.4,33.7,32.5,31.6,33.19999999999999,31.971428571428568,32.607142857142854,0.0,0.0,0.0,0.0,0.0,0.0,0.0
2022-04-21,39.0,25.7,31.3,0.9,26.3,21,4,111,2,32.4,33.4,33.7,30.1,33.16666666666665,32.08571428571428,32.67857142857143,0.0,0.0,0.0,0.0,0.0,0.0,0.0
2022-04-22,36.1,21.6,29.0,0.0,18.6,31,4,112,2,31.3,32.4,33.4,30.4,32.36666666666665,32.25714285714286,32.607142857142854,0.9,0.0,0.0,0.0,0.30000000000000476,0.12857142857142909,0.0642857142857143
2022-04-23,37.0,23.2,30.0,0.0,14.9,27,4,113,2,29.0,31.3,32.4,32.1,30.899999999999988,32.05714285714286,32.29285714285714,0.0,0.9,0.0,0.0,0.30000000000000476,0.12857142857142909,0.0642857142857143
2022-04-24,39.3,22.9,30.9,0.0,23.2,24,4,114,2,30.0,29.0,31.3,32.5,30.099999999999984,31.75714285714286,32.06428571428571,0.0,0.0,0.9,0.0,0.30000000000000476,0.12857142857142909,0.0642857142857143
2022-04-25,40.5,24.5,31.8,0.0,27.2,23,4,115,2,30.9,30.0,29.0,33.7,29.966666666666654,31.52857142857143,31.914285714285715,0.0,0.0,0.0,0.0,0.0,0.12857142857142909,0.0642857142857143
2022-04-26,41.0,24.2,32.5,0.0,10.8,19,4,116,2,31.8,30.9,30.0,33.4,30.899999999999988,31.25714285714286,31.714285714285715,0.0,0.0,0.0,0.0,0.0,0.12857142857142909,0.0642857142857143
2022-04-27,43.2,24.8,34.1,0.0,13.3,17,4,117,2,32.5,31.8,30.9,32.4,31.73333333333332,31.12857142857143,31.550000000000004,0.0,0.0,0.0,0.0,0.0,0.12857142857142909,0.0642857142857143
2022-04-28,44.7,25.9,35.2,0.0,17.3,15,4,118,2,34.1,32.5,31.8,31.3,32.79999999999998,31.37142857142857,31.728571428571428,0.0,0.0,0.0,0.9,0.0,0.12857142857142909,0.0642857142857143
2022-04-29,44.9,25.3,35.3,0.0,16.3,15,4,119,2,35.2,34.1,32.5,29.0,33.933333333333316,31.928571428571427,32.09285714285714,0.0,0.0,0.0,0.0,0.0,0.0,0.0642857142857143
2022-04-30,44.2,26.7,35.6,0.0,17.3,16,4,120,2,35.3,35.2,34.1,30.0,34.86666666666665,32.82857142857143,32.44285714285714,0.0,0.0,0.0,0.0,0.0,0.0,0.0642857142857143
2022-05-01,43.6,26.5,35.4,0.0,11.8,16,5,121,2,35.6,35.3,35.2,30.9,35.36666666666665,33.628571428571426,32.69285714285714,0.0,0.0,0.0,0.0,0.0,0.0,0.0642857142857143
2022-05-02,44.3,28.1,35.7,0.0,18.0,22,5,122,2,35.4,35.6,35.3,31.8,35.433333333333316,34.27142857142857,32.9,0.0,0.0,0.0,0.0,0.0,0.0,0.0642857142857143
2022-05-03,42.1,27.9,34.8,0.0,21.1,21,5,123,2,35.7,35.4,35.6,32.5,35.566666666666656,34.82857142857143,33.04285714285714,0.0,0.0,0.0,0.0,0.0,0.0,0.0642857142857143
2022-05-04,37.7,26.4,30.8,0.6,21.7,35,5,124,2,34.8,35.7,35.4,34.1,35.29999999999998,35.15714285714286,33.142857142857146,0.0,0.0,0.0,0.0,0.0,0.0,0.0642857142857143
2022-05-05,38.6,24.3,30.9,0.0,13.6,35,5,125,2,30.8,34.8,35.7,35.2,33.76666666666665,34.68571428571429,33.02857142857143,0.6,0.0,0.0,0.0,0.20000000000000473,0.08571428571428621,0.10714285714285714
2022-05-06,39.7,24.6,32.2,0.0,10.6,25,5,126,2,30.9,30.8,34.8,35.3,32.16666666666665,34.07142857142857,33.0,0.0,0.6,0.0,0.0,0.20000000000000473,0.08571428571428621,0.04285714285714286
2022-05-07,41.3,24.1,32.4,0.0,11.4,28,5,127,2,32.2,30.9,30.8,35.6,31.299999999999983,33.628571428571426,33.228571428571435,0.0,0.0,0.6,0.0,0.20000000000000473,0.08571428571428621,0.04285714285714286
2022-05-08,43.0,26.5,34.7,0.0,16.8,22,5,128,2,32.4,32.2,30.9,35.4,31.833333333333318,33.17142857142857,33.4,0.0,0.0,0.0,0.0,0.0,0.08571428571428621,0.04285714285714286
2022-05-09,42.7,27.9,35.2,0.0,16.0,24,5,129,2,34.7,32.4,32.2,35.7,33.09999999999999,33.07142857142857,33.67142857142857,0.0,0.0,0.0,0.0,0.0,0.08571428571428621,0.04285714285714286
2022-05-10,42.0,27.7,34.8,0.0,20.1,29,5,130,2,35.2,34.7,32.4,34.8,34.09999999999999,33.0,33.91428571428572,0.0,0.0,0.0,0.0,0.0,0.08571428571428621,0.04285714285714286
2022-05-11,44.0,28.6,35.8,0.0,14.0,24,5,131,2,34.8,35.2,34.7,30.8,34.899999999999984,33.0,34.07857142857143,0.0,0.0,0.0,0.6,0.0,0.08571428571428621,0.04285714285714286
2022-05-12,44.2,28.4,36.2,0.0,16.4,21,5,132,2,35.8,34.8,35.2,30.9,35.266666666666644,33.714285714285715,34.2,0.0,0.0,0.0,0.0,0.0,0.0,0.04285714285714286
2022-05-13,44.8,28.9,36.0,0.0,16.1,21,5,133,2,36.2,35.8,34.8,32.2,35.59999999999998,34.47142857142857,34.27142857142857,0.0,0.0,0.0,0.0,0.0,0.0,0.04285714285714286
2022-05-14,46.8,29.5,37.9,0.0,16.7,13,5,134,2,36.0,36.2,35.8,32.4,35.99999999999998,35.01428571428571,34.32142857142857,0.0,0.0,0.0,0.0,0.0,0.0,0.04285714285714286
2022-05-15,46.8,30.6,37.7,0.0,24.2,11,5,135,2,37.9,36.0,36.2,34.7,36.69999999999999,35.8,34.48571428571428,0.0,0.0,0.0,0.0,0.0,0.0,0.04285714285714286
2022-05-16,44.6,27.7,36.0,0.0,23.3,14,5,136,2,37.7,37.9,36.0,35.2,37.19999999999998,36.228571428571435,34.65,0.0,0.0,0.0,0.0,0.0,0.0,0.04285714285714286
2022-05-17,43.0,27.7,36.2,0.0,14.0,17,5,137,2,36.0,37.7,37.9,34.8,37.19999999999998,36.34285714285714,34.67142857142857,0.0,0.0,0.0,0.0,0.0,0.0,0.04285714285714286
2022-05-18,43.4,28.3,35.8,0.0,10.9,20,5,138,2,36.2,36.0,37.7,35.8,36.63333333333332,36.542857142857144,34.77142857142857,0.0,0.0,0.0,0.0,0.0,0.0,0.04285714285714286
2022-05-19,45.5,29.3,37.2,0.0,18.9,18,5,139,2,35.8,36.2,36.0,36.2,35.99999999999998,36.542857142857144,35.128571428571426,0.0,0.0,0.0,0.0,0.0,0.0,0.0
2022-05-20,42.8,28.8,35.3,0.0,19.1,21,5,140,2,37.2,35.8,36.2,36.0,36.399999999999984,36.68571428571429,35.57857142857143,0.0,0.0,0.0,0.0,0.0,0.0,0.0
2022-05-21,42.2,28.2,34.9,0.0,18.4,20,5,141,2,35.3,37.2,35.8,37.9,36.09999999999999,36.58571428571429,35.8,0.0,0.0,0.0,0.0,0.0,0.0,0.0
2022-05-22,43.3,26.5,35.3,0.0,20.2,17,5,142,2,34.9,35.3,37.2,37.7,35.79999999999998,36.15714285714286,35.97857142857143,0.0,0.0,0.0,0.0,0.0,0.0,0.0
2022-05-23,34.6,26.3,30.9,1.2,31.1,30,5,143,2,35.3,34.9,35.3,36.0,35.16666666666665,35.81428571428571,36.02142857142857,0.0,0.0,0.0,0.0,0.0,0.0,0.0
2022-05-24,34.7,23.4,28.3,0.0,23.0,46,5,144,2,30.9,35.3,34.9,36.2,33.69999999999998,35.08571428571428,35.714285714285715,1.2,0.0,0.0,0.0,0.40000000000000474,0.17142857142857193,0.08571428571428572
2022-05-25,37.6,23.0,30.4,0.0,12.2,40,5,145,2,28.3,30.9,35.3,35.8,31.499999999999982,33.957142857142856,35.25,0.0,1.2,0.0,0.0,0.40000000000000474,0.17142857142857193,0.08571428571428572
2022-05-26,40.2,26.6,33.4,0.0,13.6,31,5,146,2,30.4,28.3,30.9,37.2,29.86666666666665,33.18571428571428,34.864285714285714,0.0,0.0,1.2,0.0,0.40000000000000474,0.17142857142857193,0.08571428571428572
2022-05-27,42.5,28.4,35.4,0.0,14.3,29,5,147,2,33.4,30.4,28.3,35.3,30.699999999999978,32.642857142857146,34.66428571428572,0.0,0.0,0.0,0.0,0.0,0.17142857142857193,0.08571428571428572
2022-05-28,41.7,28.3,35.1,0.0,23.2,29,5,148,2,35.4,33.4,30.4,34.9,33.06666666666665,32.65714285714285,34.621428571428574,0.0,0.0,0.0,0.0,0.0,0.17142857142857193,0.08571428571428572
2022-05-29,41.0,28.5,35.1,0.0,17.6,32,5,149,2,35.1,35.4,33.4,35.3,34.63333333333332,32.68571428571429,34.42142857142857,0.0,0.0,0.0,0.0,0.0,0.17142857142857193,0.08571428571428572
2022-05-30,41.3,28.1,34.3,0.0,21.5,28,5,150,2,35.1,35.1,35.4,30.9,35.19999999999998,32.65714285714286,34.23571428571428,0.0,0.0,0.0,1.2,0.0,0.17142857142857193,0.08571428571428572
2022-05-31,41.9,25.6,34.0,0.0,14.6,30,5,151,2,34.3,35.1,35.1,28.3,34.83333333333332,33.14285714285714,34.114285714285714,0.0,0.0,0.0,0.0,0.0,0.0,0.08571428571428572
2022-06-01,41.9,25.5,34.5,0.0,19.3,22,6,152,3,34.0,34.3,35.1,30.4,34.46666666666665,33.957142857142856,33.957142857142856,0.0,0.0,0.0,0.0,0.0,0.0,0.08571428571428572
2022-06-02,42.9,27.3,35.0,0.0,10.8,19,6,153,3,34.5,34.0,34.3,33.4,34.26666666666665,34.54285714285714,33.864285714285714,0.0,0.0,0.0,0.0,0.0,0.0,0.08571428571428572
2022-06-03,44.4,27.1,35.9,0.0,15.2,15,6,154,3,35.0,34.5,34.0,35.4,34.49999999999998,34.771428571428565,33.707142857142856,0.0,0.0,0.0,0.0,0.0,0.0,0.08571428571428572
2022-06-04,44.8,27.4,37.1,0.0,13.2,11,6,155,3,35.9,35.0,34.5,35.1,35.13333333333332,34.84285714285714,33.75,0.0,0.0,0.0,0.0,0.0,0.0,0.08571428571428572
2022-06-05,45.4,27.4,37.4,0.0,16.8,11,6,156,3,37.1,35.9,35.0,35.1,35.99999999999998,35.128571428571426,33.90714285714286,0.0,0.0,0.0,0.0,0.0,0.0,0.08571428571428572
2022-06-06,45.8,29.4,37.9,0.0,13.9,12,6,157,3,37.4,37.1,35.9,34.3,36.79999999999998,35.457142857142856,34.05714285714286,0.0,0.0,0.0,0.0,0.0,0.0,0.08571428571428572
2022-06-07,45.8,29.8,38.8,0.0,17.4,12,6,158,3,37.9,37.4,37.1,34.0,37.46666666666665,35.971428571428575,34.55714285714286,0.0,0.0,0.0,0.0,0.0,0.0,0.0
2022-06-08,44.9,30.5,38.0,0.0,14.3,14,6,159,3,38.8,37.9,37.4,34.5,38.03333333333332,36.65714285714286,35.30714285714286,0.0,0.0,0.0,0.0,0.0,0.0,0.0
2022-06-09,46.0,29.8,38.4,0.0,15.0,14,6,160,3,38.0,38.8,37.9,35.0,38.23333333333331,37.15714285714286,35.85,0.0,0.0,0.0,0.0,0.0,0.0,0.0
2022-06-10,43.4,31.4,37.6,0.0,21.4,20,6,161,3,38.4,38.0,38.8,35.9,38.399999999999984,37.642857142857146,36.207142857142856,0.0,0.0,0.0,0.0,0.0,0.0,0.0
2022-06-11,42.5,32.4,36.9,0.4,19.5,26,6,162,3,37.6,38.4,38.0,37.1,37.99999999999998,37.885714285714286,36.364285714285714,0.0,0.0,0.0,0.0,0.0,0.0,0.0
2022-06-12,43.0,30.0,37.1,0.0,18.9,23,6,163,3,36.9,37.6,38.4,37.4,37.63333333333332,37.857142857142854,36.49285714285714,0.4,0.0,0.0,0.0,0.13333333333333808,0.057142857142857655,0.028571428571428574
2022-06-13,42.4,30.6,37.1,0.0,15.2,24,6,164,3,37.1,36.9,37.6,37.9,37.19999999999998,37.81428571428571,36.635714285714286,0.0,0.4,0.0,0.0,0.13333333333333808,0.057142857142857655,0.028571428571428574
2022-06-14,44.4,31.8,37.8,0.0,18.1,26,6,165,3,37.1,37.1,36.9,38.8,37.03333333333331,37.699999999999996,36.83571428571429,0.0,0.0,0.4,0.0,0.13333333333333808,0.057142857142857655,0.028571428571428574
2022-06-15,45.3,32.6,38.6,0.0,20.1,27,6,166,3,37.8,37.1,37.1,38.0,37.333333333333314,37.55714285714286,37.107142857142854,0.0,0.0,0.0,0.0,0.0,0.057142857142857655,0.028571428571428574
2022-06-16,42.9,33.0,37.5,0.6,20.7,29,6,167,3,38.6,37.8,37.1,38.4,37.83333333333332,37.642857142857146,37.4,0.0,0.0,0.0,0.0,0.0,0.057142857142857655,0.028571428571428574
2022-06-17,35.7,25.4,30.4,24.9,19.5,65,6,168,3,37.5,38.6,37.8,37.6,37.96666666666665,37.51428571428572,37.57857142857143,0.6,0.0,0.0,0.0,0.20000000000000473,0.14285714285714338,0.07142857142857142
2022-06-18,31.9,24.1,28.1,4.6,16.2,72,6,169,3,30.4,37.5,38.6,36.9,35.49999999999998,36.48571428571429,37.18571428571429,24.9,0.6,0.0,0.4,8.500000000000005,3.7,1.8499999999999999
2022-06-19,33.5,23.4,27.9,1.2,13.0,69,6,170,3,28.1,30.4,37.5,37.1,31.999999999999986,35.22857142857143,36.542857142857144,4.6,24.9,0.6,0.0,10.033333333333339,4.3,2.1785714285714284
2022-06-20,33.3,24.8,28.8,0.2,15.5,61,6,171,3,27.9,28.1,30.4,37.1,28.799999999999983,33.91428571428572,35.864285714285714,1.2,4.6,24.9,0.0,10.233333333333338,4.471428571428572,2.2642857142857142
2022-06-21,26.9,20.9,23.4,30.9,26.0,83,6,172,3,28.8,27.9,28.1,37.8,28.26666666666665,32.728571428571435,35.214285714285715,0.2,1.2,4.6,0.0,2.000000000000005,4.500000000000001,2.2785714285714285
2022-06-22,32.0,20.4,26.2,3.0,12.5,74,6,173,3,23.4,28.8,27.9,38.6,26.699999999999985,30.67142857142857,34.114285714285714,30.9,0.2,1.2,0.0,10.766666666666671,8.914285714285715,4.485714285714286
2022-06-23,34.6,22.8,28.5,0.0,12.2,57,6,174,3,26.2,23.4,28.8,37.5,26.133333333333315,28.900000000000002,33.271428571428565,3.0,30.9,0.2,0.6,11.366666666666669,9.342857142857143,4.7
2022-06-24,37.1,24.9,30.6,0.0,10.4,50,6,175,3,28.5,26.2,23.4,30.4,26.033333333333317,27.614285714285717,32.56428571428571,0.0,3.0,30.9,24.9,11.300000000000002,9.257142857142858,4.7
2022-06-25,38.4,25.3,31.8,0.0,9.2,45,6,176,3,30.6,28.5,26.2,28.1,28.43333333333332,27.642857142857142,32.06428571428571,0.0,0.0,3.0,4.6,1.0000000000000047,5.700000000000001,4.7
2022-06-26,39.4,26.0,33.0,0.0,9.0,42,6,177,3,31.8,30.6,28.5,27.9,30.299999999999983,28.171428571428574,31.7,0.0,0.0,0.0,1.2,0.0,5.042857142857143,4.671428571428571
2022-06-27,40.0,28.7,34.2,0.0,9.2,48,6,178,3,33.0,31.8,30.6,28.8,31.799999999999983,28.900000000000002,31.407142857142855,0.0,0.0,0.0,0.2,0.0,4.871428571428573,4.671428571428571
2022-06-28,41.3,29.8,35.5,0.0,9.2,46,6,179,3,34.2,33.0,31.8,23.4,32.999999999999986,29.67142857142857,31.2,0.0,0.0,0.0,30.9,0.0,4.842857142857143,4.671428571428571
2022-06-29,42.1,31.1,36.6,0.0,14.6,42,6,180,3,35.5,34.2,33.0,26.2,34.23333333333331,31.400000000000002,31.035714285714285,0.0,0.0,0.0,3.0,0.0,0.4285714285714291,4.671428571428571
2022-06-30,41.5,31.0,35.2,0.0,22.7,55,6,181,3,36.6,35.5,34.2,28.5,35.433333333333316,32.885714285714286,30.892857142857142,0.0,0.0,0.0,0.0,0.0,0.0,4.671428571428571
2022-07-01,35.3,27.4,30.7,2.6,24.3,67,7,182,3,35.2,36.6,35.5,30.6,35.76666666666665,33.84285714285714,30.728571428571428,0.0,0.0,0.0,0.0,0.0,0.0,4.628571428571428
2022-07-02,37.0,28.2,32.2,0.5,10.6,62,7,183,3,30.7,35.2,36.6,31.8,34.16666666666665,33.857142857142854,30.75,2.6,0.0,0.0,0.0,0.8666666666666715,0.37142857142857194,3.0357142857142856
2022-07-03,36.0,29.6,32.7,0.9,16.1,62,7,184,3,32.2,30.7,35.2,33.0,32.69999999999998,33.91428571428571,31.04285714285714,0.5,2.6,0.0,0.0,1.033333333333338,0.4428571428571434,2.742857142857143
2022-07-04,37.8,29.4,33.8,0.6,10.1,59,7,185,3,32.7,32.2,30.7,34.2,31.866666666666646,33.871428571428574,31.385714285714283,0.9,0.5,2.6,0.0,1.3333333333333381,0.571428571428572,2.7214285714285715
2022-07-05,38.7,28.0,33.7,4.5,13.9,62,7,186,3,33.8,32.7,32.2,35.5,32.89999999999998,33.81428571428571,31.74285714285714,0.6,0.9,0.5,0.0,0.6666666666666714,0.6571428571428576,2.75
2022-07-06,37.6,29.9,32.9,0.2,19.0,66,7,187,3,33.7,33.8,32.7,36.6,33.39999999999998,33.55714285714286,32.478571428571435,4.5,0.6,0.9,0.0,2.000000000000005,1.3000000000000005,0.8642857142857142
2022-07-07,37.1,28.1,32.7,0.3,10.2,67,7,188,3,32.9,33.7,33.8,35.2,33.46666666666665,33.02857142857143,32.95714285714286,0.2,4.5,0.6,0.0,1.7666666666666713,1.328571428571429,0.6642857142857143
2022-07-08,38.7,30.4,34.3,0.1,7.9,59,7,189,3,32.7,32.9,33.7,30.7,33.09999999999998,32.67142857142857,33.25714285714286,0.3,0.2,4.5,2.6,1.6666666666666714,1.3714285714285719,0.6857142857142857
2022-07-09,38.7,28.5,32.8,9.0,21.8,66,7,190,3,34.3,32.7,32.9,32.2,33.299999999999976,33.18571428571429,33.52142857142857,0.1,0.3,0.2,0.5,0.20000000000000473,1.0142857142857147,0.6928571428571428
2022-07-10,35.1,28.5,30.8,4.6,14.0,69,7,191,3,32.8,34.3,32.7,32.7,33.266666666666644,33.27142857142857,33.59285714285714,9.0,0.1,0.3,0.9,3.133333333333338,2.228571428571429,1.3357142857142856
2022-07-11,36.1,28.1,32.0,0.2,8.4,65,7,192,3,30.8,32.8,34.3,33.8,32.63333333333331,33.0,33.43571428571428,4.6,9.0,0.1,0.6,4.566666666666671,2.7571428571428576,1.6642857142857141
2022-07-12,38.3,29.3,33.1,0.0,7.2,63,7,193,3,32.0,30.8,32.8,33.7,31.866666666666646,32.74285714285714,33.278571428571425,0.2,4.6,9.0,4.5,4.600000000000004,2.7,1.6785714285714286
2022-07-13,37.4,28.6,31.8,15.1,16.6,67,7,194,3,33.1,32.0,30.8,32.9,31.966666666666644,32.65714285714286,33.107142857142854,0.0,0.2,4.6,0.2,1.6000000000000048,2.0571428571428574,1.6785714285714286
2022-07-14,34.3,25.9,29.9,26.6,20.2,76,7,195,3,31.8,33.1,32.0,32.7,32.299999999999976,32.5,32.76428571428571,15.1,0.0,0.2,0.3,5.100000000000005,4.185714285714286,2.7571428571428567
2022-07-15,29.0,26.3,27.5,13.7,17.9,86,7,196,3,29.9,31.8,33.1,34.3,31.59999999999998,32.1,32.385714285714286,26.6,15.1,0.0,0.1,13.900000000000006,7.942857142857144,4.6571428571428575
2022-07-16,36.5,26.1,30.6,0.1,10.9,67,7,197,3,27.5,29.9,31.8,32.8,29.73333333333331,31.128571428571426,32.15714285714286,13.7,26.6,15.1,9.0,18.466666666666672,9.885714285714286,5.45
2022-07-17,34.1,27.7,30.3,0.0,16.6,71,7,198,3,30.6,27.5,29.9,30.8,29.333333333333314,30.814285714285717,32.042857142857144,0.1,13.7,26.6,4.6,13.46666666666667,8.614285714285716,5.421428571428571
2022-07-18,36.5,26.7,31.9,0.0,9.2,65,7,199,3,30.3,30.6,27.5,32.0,29.466666666666644,30.74285714285714,31.87142857142857,0.0,0.1,13.7,0.2,4.600000000000004,7.957142857142857,5.357142857142856
2022-07-19,37.7,29.2,33.5,0.2,7.9,63,7,200,3,31.9,30.3,30.6,33.1,30.93333333333331,30.728571428571428,31.735714285714288,0.0,0.0,0.1,0.0,0.03333333333333807,7.92857142857143,5.314285714285714
2022-07-20,35.7,26.0,31.3,7.8,23.6,73,7,201,3,33.5,31.9,30.3,31.8,31.899999999999977,30.785714285714285,31.72142857142857,0.2,0.0,0.0,15.1,0.06666666666667141,7.957142857142857,5.007142857142857
2022-07-21,31.9,25.7,27.2,39.8,20.4,89,7,202,3,31.3,33.5,31.9,29.9,32.23333333333331,30.714285714285715,31.607142857142858,7.8,0.2,0.0,26.6,2.6666666666666714,6.9142857142857155,5.549999999999999
2022-07-22,32.6,24.8,28.1,50.7,18.4,84,7,203,3,27.2,31.3,33.5,27.5,30.666666666666647,30.32857142857143,31.214285714285715,39.8,7.8,0.2,13.7,15.933333333333337,8.8,8.37142857142857
2022-07-23,33.0,26.5,28.4,16.5,16.4,87,7,204,3,28.1,27.2,31.3,30.6,28.866666666666646,30.414285714285715,30.771428571428572,50.7,39.8,7.8,0.1,32.76666666666667,14.085714285714287,11.985714285714286
2022-07-24,32.7,25.7,28.5,12.2,14.1,86,7,205,3,28.4,28.1,27.2,30.3,27.899999999999977,30.099999999999998,30.457142857142856,16.5,50.7,39.8,0.0,35.66666666666667,16.428571428571427,12.521428571428572
2022-07-25,32.7,25.4,28.5,10.6,19.9,84,7,206,3,28.5,28.4,28.1,31.9,28.333333333333314,29.842857142857145,30.292857142857144,12.2,16.5,50.7,0.0,26.466666666666672,18.17142857142857,13.064285714285715
2022-07-26,34.4,26.5,29.9,1.2,11.9,78,7,207,3,28.5,28.5,28.4,33.5,28.466666666666644,29.357142857142858,30.042857142857144,10.6,12.2,16.5,0.2,13.100000000000003,19.685714285714287,13.807142857142855
2022-07-27,32.3,27.4,29.9,3.3,11.4,77,7,208,3,29.9,28.5,28.5,31.3,28.966666666666644,28.842857142857145,29.814285714285713,1.2,10.6,12.2,7.8,8.000000000000005,19.82857142857143,13.892857142857142
2022-07-28,31.9,26.0,28.4,13.1,11.4,84,7,209,3,29.9,29.9,28.5,27.2,29.43333333333331,28.642857142857142,29.678571428571427,3.3,1.2,10.6,39.8,5.033333333333338,19.185714285714287,13.049999999999999
2022-07-29,31.5,25.3,27.8,7.1,10.3,86,7,210,3,28.4,29.9,29.9,28.1,29.399999999999977,28.814285714285713,29.571428571428573,13.1,3.3,1.2,50.7,5.866666666666672,15.371428571428575,12.085714285714285
2022-07-30,32.2,25.5,28.3,2.6,7.7,84,7,211,3,27.8,28.4,29.9,28.4,28.699999999999978,28.771428571428572,29.592857142857145,7.1,13.1,3.3,16.5,7.833333333333338,9.142857142857142,11.614285714285716
2022-07-31,31.8,25.4,28.1,8.3,11.2,85,7,212,3,28.3,27.8,28.4,28.5,28.166666666666647,28.75714285714286,29.428571428571427,2.6,7.1,13.1,12.2,7.600000000000005,7.157142857142858,11.792857142857143
2022-08-01,31.7,24.4,28.2,18.2,10.6,82,8,213,3,28.1,28.3,27.8,28.5,28.066666666666645,28.7,29.27142857142857,8.3,2.6,7.1,10.6,6.000000000000004,6.6000000000000005,12.385714285714284
2022-08-02,33.8,26.0,30.2,0.7,10.2,77,8,214,3,28.2,28.1,28.3,29.9,28.199999999999978,28.657142857142855,29.00714285714286,18.2,8.3,2.6,1.2,9.700000000000005,7.685714285714288,13.685714285714285
2022-08-03,34.9,27.2,30.3,0.0,11.2,76,8,215,3,30.2,28.2,28.1,29.9,28.833333333333314,28.699999999999996,28.771428571428572,0.7,18.2,8.3,3.3,9.06666666666667,7.614285714285715,13.721428571428572
2022-08-04,35.5,27.0,31.2,0.0,9.2,73,8,216,3,30.3,30.2,28.2,28.4,29.566666666666645,28.75714285714286,28.7,0.0,0.7,18.2,13.1,6.300000000000004,7.142857142857144,13.164285714285713
2022-08-05,33.2,26.1,29.4,1.7,17.0,80,8,217,3,31.2,30.3,30.2,27.8,30.566666666666645,29.157142857142862,28.985714285714288,0.0,0.0,0.7,7.1,0.23333333333333686,5.271428571428572,10.321428571428571
2022-08-06,33.9,26.6,29.7,0.0,10.8,79,8,218,3,29.4,31.2,30.3,28.3,30.29999999999998,29.385714285714283,29.078571428571426,1.7,0.0,0.0,2.6,0.5666666666666702,4.500000000000001,6.82142857142857
2022-08-07,34.7,27.0,30.8,0.3,12.8,73,8,219,3,29.7,29.4,31.2,28.1,30.09999999999998,29.585714285714285,29.17142857142857,0.0,1.7,0.0,8.3,0.5666666666666702,4.128571428571429,5.642857142857143
2022-08-08,35.4,26.6,31.0,0.1,12.0,73,8,220,3,30.8,29.7,29.4,28.2,29.966666666666644,29.971428571428568,29.335714285714285,0.3,0.0,1.7,18.2,0.6666666666666702,2.9857142857142867,4.792857142857144
2022-08-09,36.2,27.8,32.0,0.0,9.3,67,8,221,3,31.0,30.8,29.7,30.2,30.499999999999982,30.37142857142857,29.514285714285712,0.1,0.3,0.0,0.7,0.13333333333333688,0.40000000000000097,4.042857142857143
2022-08-10,37.1,28.3,32.6,0.0,7.2,66,8,222,3,32.0,31.0,30.8,30.3,31.26666666666664,30.628571428571426,29.66428571428571,0.0,0.1,0.3,0.0,0.13333333333333688,0.300000000000001,3.957142857142857
2022-08-11,32.4,27.1,29.8,14.1,21.7,76,8,223,3,32.6,32.0,31.0,31.2,31.866666666666646,30.957142857142856,29.857142857142858,0.0,0.0,0.1,0.0,0.033333333333336886,0.300000000000001,3.7214285714285715
2022-08-12,35.7,26.2,30.1,0.0,12.1,63,8,224,3,29.8,32.6,32.0,29.4,31.466666666666644,30.75714285714286,29.95714285714286,14.1,0.0,0.0,1.7,4.700000000000004,2.3142857142857154,3.792857142857143
2022-08-13,37.2,26.8,32.1,0.0,14.6,58,8,225,3,30.1,29.8,32.6,29.7,30.833333333333314,30.857142857142858,30.12142857142857,0.0,14.1,0.0,0.0,4.700000000000004,2.0714285714285725,3.2857142857142856
2022-08-14,36.0,28.9,31.4,1.2,14.7,70,8,226,3,32.1,30.1,29.8,30.8,30.666666666666647,31.199999999999996,30.392857142857142,0.0,0.0,14.1,0.3,4.700000000000004,2.0714285714285725,3.1
2022-08-15,33.9,26.8,29.0,7.9,16.5,79,8,227,3,31.4,32.1,30.1,31.0,31.199999999999978,31.285714285714285,30.628571428571426,1.2,0.0,0.0,0.1,0.4000000000000035,2.2000000000000006,2.5928571428571425
2022-08-16,34.1,25.5,29.5,0.0,9.4,74,8,228,3,29.0,31.4,32.1,32.0,30.83333333333331,31.0,30.685714285714283,7.9,1.2,0.0,0.0,3.0333333333333368,3.3142857142857154,1.8571428571428572
2022-08-17,32.4,26.3,29.3,14.5,24.4,73,8,229,3,29.5,29.0,31.4,32.6,29.966666666666644,30.642857142857142,30.635714285714283,0.0,7.9,1.2,0.0,3.033333333333337,3.3142857142857154,1.8071428571428572
2022-08-18,33.7,26.3,29.9,0.3,12.8,74,8,230,3,29.3,29.5,29.0,29.8,29.266666666666648,30.17142857142857,30.564285714285713,14.5,0.0,7.9,14.1,7.466666666666671,5.385714285714286,2.8428571428571425
2022-08-19,34.5,27.0,30.4,0.0,16.1,67,8,231,3,29.9,29.3,29.5,30.1,29.566666666666645,30.185714285714287,30.47142857142857,0.3,14.5,0.0,0.0,4.933333333333338,3.414285714285715,2.8642857142857143
2022-08-20,34.8,26.7,30.4,0.4,10.2,65,8,232,3,30.4,29.9,29.3,32.1,29.866666666666646,30.228571428571428,30.542857142857144,0.0,0.3,14.5,0.0,4.933333333333338,3.414285714285715,2.742857142857143
2022-08-21,35.5,26.8,31.1,0.0,8.0,60,8,233,3,30.4,30.4,29.9,31.4,30.23333333333331,29.985714285714288,30.592857142857145,0.4,0.0,0.3,1.2,0.23333333333333747,3.471428571428572,2.7714285714285714
2022-08-22,36.7,26.4,31.6,0.0,6.2,62,8,234,3,31.1,30.4,30.4,29.0,30.63333333333331,29.942857142857143,30.614285714285717,0.0,0.4,0.0,7.9,0.1333333333333375,3.3000000000000007,2.75
2022-08-23,37.6,28.6,32.8,0.0,14.7,58,8,235,3,31.6,31.1,30.4,29.5,31.033333333333314,30.314285714285717,30.657142857142862,0.0,0.0,0.4,0.0,0.1333333333333375,2.171428571428572,2.742857142857143
2022-08-24,35.7,28.6,31.5,0.8,25.3,62,8,236,3,32.8,31.6,31.1,29.3,31.83333333333331,30.785714285714285,30.714285714285715,0.0,0.0,0.0,14.5,0.0,2.171428571428572,2.742857142857143
2022-08-25,35.5,26.8,30.5,0.3,17.7,66,8,237,3,31.5,32.8,31.6,29.9,31.966666666666644,31.099999999999998,30.635714285714283,0.8,0.0,0.0,0.3,0.2666666666666708,0.2142857142857153,2.8000000000000003
2022-08-26,34.5,26.5,30.0,2.5,10.1,69,8,238,3,30.5,31.5,32.8,30.4,31.599999999999977,31.185714285714283,30.685714285714283,0.3,0.8,0.0,0.0,0.36666666666667086,0.2142857142857153,1.8142857142857143
2022-08-27,34.8,26.9,30.8,0.5,10.9,65,8,239,3,30.0,30.5,31.5,30.4,30.666666666666643,31.12857142857143,30.678571428571427,2.5,0.3,0.8,0.4,1.2000000000000042,0.5714285714285724,1.9928571428571427
2022-08-28,35.9,27.6,31.0,0.0,11.3,63,8,240,3,30.8,30.0,30.5,31.1,30.43333333333331,31.185714285714287,30.585714285714285,0.5,2.5,0.3,0.0,1.100000000000004,0.5857142857142866,2.0285714285714285
2022-08-29,34.6,24.3,29.7,2.6,14.1,70,8,241,3,31.0,30.8,30.0,31.6,30.599999999999977,31.171428571428574,30.557142857142857,0.0,0.5,2.5,0.0,1.0000000000000042,0.5857142857142866,1.9428571428571428
2022-08-30,36.8,26.6,31.5,0.7,16.9,62,8,242,3,29.7,31.0,30.8,32.8,30.499999999999975,30.9,30.607142857142858,2.6,0.0,0.5,0.0,1.0333333333333374,0.9571428571428582,1.5642857142857143
2022-08-31,38.4,27.5,32.8,0.0,8.0,53,8,243,3,31.5,29.7,31.0,31.5,30.73333333333331,30.714285714285715,30.75,0.7,2.6,0.0,0.8,1.100000000000004,1.0571428571428583,1.6142857142857143
2022-09-01,39.1,28.2,33.5,0.0,11.2,50,9,244,4,32.8,31.5,29.7,30.5,31.33333333333331,30.900000000000002,31.0,0.0,0.7,2.6,0.3,1.100000000000004,0.942857142857144,0.5785714285714285
2022-09-02,39.1,28.8,33.7,0.0,12.6,50,9,245,4,33.5,32.8,31.5,30.0,32.59999999999997,31.32857142857143,31.257142857142856,0.0,0.0,0.7,2.5,0.23333333333333747,0.9000000000000011,0.5571428571428572
2022-09-03,39.0,29.0,33.8,0.0,11.8,51,9,246,4,33.7,33.5,32.8,30.8,33.33333333333331,31.857142857142858,31.49285714285714,0.0,0.0,0.0,0.5,0.0,0.5428571428571438,0.5571428571428572
2022-09-04,38.5,28.4,33.4,0.0,13.8,52,9,247,4,33.8,33.7,33.5,31.0,33.66666666666664,32.285714285714285,31.735714285714288,0.0,0.0,0.0,0.0,0.0,0.4714285714285724,0.5285714285714286
2022-09-05,31.3,24.8,28.7,6.3,31.0,68,9,248,4,33.4,33.8,33.7,29.7,33.633333333333304,32.628571428571426,31.9,0.0,0.0,0.0,2.6,0.0,0.4714285714285724,0.5285714285714286
2022-09-06,34.6,25.7,29.6,3.2,9.9,68,9,249,4,28.7,33.4,33.8,31.5,31.96666666666664,32.48571428571429,31.692857142857143,6.3,0.0,0.0,0.7,2.100000000000004,1.000000000000001,0.9785714285714285
2022-09-07,36.2,27.1,31.6,0.0,8.8,56,9,250,4,29.6,28.7,33.4,32.8,30.566666666666645,32.214285714285715,31.464285714285715,3.2,6.3,0.0,0.0,3.166666666666671,1.357142857142858,1.207142857142857
2022-09-08,38.0,27.3,32.6,0.0,7.2,51,9,251,4,31.6,29.6,28.7,33.5,29.966666666666644,32.04285714285714,31.47142857142857,0.0,3.2,6.3,0.0,3.166666666666671,1.357142857142858,1.15
2022-09-09,38.4,28.5,33.1,0.5,11.3,51,9,252,4,32.6,31.6,29.6,33.7,31.26666666666664,31.914285714285718,31.621428571428574,0.0,0.0,3.2,0.0,1.0666666666666709,1.357142857142858,1.1285714285714286
2022-09-10,37.4,28.8,32.3,0.8,15.0,59,9,253,4,33.1,32.6,31.6,33.8,32.43333333333331,31.82857142857143,31.842857142857145,0.5,0.0,0.0,0.0,0.16666666666667082,1.4285714285714295,0.9857142857142858
2022-09-11,37.2,27.7,31.3,0.0,15.6,63,9,254,4,32.3,33.1,32.6,33.4,32.666666666666636,31.61428571428571,31.95,0.8,0.5,0.0,0.0,0.4333333333333375,1.5428571428571438,1.0071428571428571
2022-09-12,34.8,25.2,29.9,0.0,10.2,67,9,255,4,31.3,32.3,33.1,28.7,32.23333333333331,31.314285714285717,31.97142857142857,0.0,0.8,0.5,6.3,0.4333333333333375,1.5428571428571438,1.0071428571428571
2022-09-13,36.3,26.1,30.4,3.4,16.8,63,9,256,4,29.9,31.3,32.3,29.6,31.166666666666643,31.485714285714288,31.985714285714288,0.0,0.0,0.8,3.2,0.2666666666666708,0.6428571428571438,0.8214285714285714
2022-09-14,37.1,27.1,31.7,0.0,7.8,58,9,257,4,30.4,29.9,31.3,31.6,30.533333333333307,31.599999999999998,31.907142857142855,3.4,0.0,0.0,0.0,1.1333333333333375,0.6714285714285724,1.0142857142857142
2022-09-15,37.4,27.8,32.0,0.0,12.0,56,9,258,4,31.7,30.4,29.9,32.6,30.666666666666643,31.614285714285717,31.82857142857143,0.0,3.4,0.0,0.0,1.1333333333333375,0.6714285714285724,1.0142857142857142
2022-09-16,37.2,27.2,31.7,0.0,14.0,56,9,259,4,32.0,31.7,30.4,33.1,31.366666666666642,31.52857142857143,31.72142857142857,0.0,0.0,3.4,0.5,1.1333333333333375,0.6714285714285724,1.0142857142857142
2022-09-17,37.1,27.1,31.1,0.6,12.9,58,9,260,4,31.7,32.0,31.7,32.3,31.79999999999998,31.328571428571426,31.57857142857143,0.0,0.0,0.0,0.8,0.0,0.6000000000000009,1.0142857142857142
2022-09-18,37.5,26.8,31.5,0.0,7.0,55,9,261,4,31.1,31.7,32.0,31.3,31.599999999999977,31.157142857142855,31.385714285714283,0.6,0.0,0.0,0.0,0.20000000000000415,0.5714285714285723,1.0571428571428572
2022-09-19,38.0,27.2,32.2,0.0,8.6,49,9,262,4,31.5,31.1,31.7,29.9,31.43333333333331,31.185714285714283,31.25,0.0,0.6,0.0,0.0,0.20000000000000415,0.5714285714285723,1.0571428571428572
2022-09-20,37.7,26.8,32.0,0.0,10.1,48,9,263,4,32.2,31.5,31.1,30.4,31.599999999999977,31.514285714285712,31.5,0.0,0.0,0.6,3.4,0.20000000000000415,0.5714285714285723,0.6071428571428571
2022-09-21,35.8,26.6,30.4,0.4,12.9,59,9,264,4,32.0,32.2,31.5,31.7,31.899999999999977,31.742857142857144,31.671428571428574,0.0,0.0,0.0,0.0,0.0,0.0857142857142866,0.37857142857142856
2022-09-22,36.6,25.0,30.5,0.0,11.0,59,9,265,4,30.4,32.0,32.2,32.0,31.533333333333314,31.557142857142857,31.585714285714285,0.4,0.0,0.0,0.0,0.1333333333333375,0.14285714285714374,0.40714285714285714
2022-09-23,37.0,26.3,30.6,0.0,14.5,61,9,266,4,30.5,30.4,32.0,31.7,30.96666666666664,31.342857142857145,31.435714285714287,0.0,0.4,0.0,0.0,0.1333333333333375,0.14285714285714374,0.40714285714285714
2022-09-24,33.2,24.9,28.2,0.0,18.5,64,9,267,4,30.6,30.5,30.4,31.1,30.499999999999975,31.185714285714287,31.25714285714286,0.0,0.0,0.4,0.6,0.1333333333333375,0.14285714285714374,0.37142857142857144
2022-09-25,33.3,23.7,28.0,3.5,17.0,64,9,268,4,28.2,30.6,30.5,31.5,29.76666666666664,30.771428571428572,30.964285714285715,0.0,0.0,0.0,0.0,0.0,0.057142857142858036,0.31428571428571433
2022-09-26,32.8,22.2,27.2,10.1,18.6,70,9,269,4,28.0,28.2,30.6,32.2,28.93333333333331,30.271428571428572,30.728571428571428,3.5,0.0,0.0,0.0,1.1666666666666707,0.557142857142858,0.5642857142857143
2022-09-27,33.5,24.1,28.8,0.0,8.5,64,9,270,4,27.2,28.0,28.2,32.0,27.799999999999972,29.557142857142857,30.535714285714285,10.1,3.5,0.0,0.0,4.533333333333338,2.000000000000001,1.2857142857142858
2022-09-28,35.2,24.8,29.6,0.0,8.7,58,9,271,4,28.8,27.2,28.0,30.4,27.999999999999975,29.099999999999998,30.421428571428574,0.0,10.1,3.5,0.4,4.533333333333338,2.000000000000001,1.042857142857143
2022-09-29,36.0,25.3,30.1,0.0,9.5,52,9,272,4,29.6,28.8,27.2,30.5,28.533333333333307,28.985714285714288,30.271428571428572,0.0,0.0,10.1,0.0,3.3666666666666707,1.9428571428571435,1.042857142857143
2022-09-30,36.8,24.4,30.5,0.0,9.8,48,9,273,4,30.1,29.6,28.8,30.6,29.499999999999975,28.928571428571427,30.135714285714283,0.0,0.0,0.0,0.0,0.0,1.9428571428571435,1.042857142857143
2022-10-01,37.3,24.6,30.3,0.0,12.0,44,10,274,4,30.5,30.1,29.6,28.2,30.066666666666645,28.914285714285715,30.05,0.0,0.0,0.0,0.0,0.0,1.9428571428571435,1.042857142857143
2022-10-02,37.0,24.4,30.0,0.0,15.3,42,10,275,4,30.3,30.5,30.1,28.0,30.299999999999972,29.214285714285715,29.992857142857144,0.0,0.0,0.0,3.5,0.0,1.9428571428571435,1.0
2022-10-03,36.9,24.0,30.0,0.0,14.5,46,10,276,4,30.0,30.3,30.5,27.2,30.26666666666664,29.5,29.88571428571429,0.0,0.0,0.0,10.1,0.0,1.4428571428571435,1.0
2022-10-04,37.1,25.0,30.6,0.0,12.1,40,10,277,4,30.0,30.0,30.3,28.8,30.099999999999977,29.900000000000002,29.728571428571428,0.0,0.0,0.0,0.0,0.0,0.0,1.0
2022-10-05,37.1,23.4,29.8,0.0,10.2,39,10,278,4,30.6,30.0,30.0,29.6,30.199999999999978,30.157142857142862,29.62857142857143,0.0,0.0,0.0,0.0,0.0,0.0,1.0
2022-10-06,36.2,24.5,29.8,0.0,15.7,39,10,279,4,29.8,30.6,30.0,30.1,30.13333333333331,30.185714285714283,29.585714285714285,0.0,0.0,0.0,0.0,0.0,0.0,0.9714285714285714
2022-10-07,34.7,23.3,28.5,0.0,13.9,51,10,280,4,29.8,29.8,30.6,30.5,30.066666666666645,30.142857142857142,29.535714285714285,0.0,0.0,0.0,0.0,0.0,0.0,0.9714285714285714
2022-10-08,33.7,22.5,27.7,0.0,13.0,56,10,281,4,28.5,29.8,29.8,30.3,29.366666666666646,29.857142857142858,29.385714285714283,0.0,0.0,0.0,0.0,0.0,0.0,0.9714285714285714
2022-10-09,34.3,22.0,27.5,0.0,11.9,59,10,282,4,27.7,28.5,29.8,30.0,28.666666666666643,29.485714285714284,29.349999999999998,0.0,0.0,0.0,0.0,0.0,0.0,0.9714285714285714
2022-10-10,32.0,23.2,26.9,1.8,12.5,64,10,283,4,27.5,27.7,28.5,30.0,27.899999999999977,29.128571428571426,29.314285714285713,0.0,0.0,0.0,0.0,0.0,0.0,0.7214285714285714
2022-10-11,32.1,21.4,26.0,0.0,21.9,65,10,284,4,26.9,27.5,27.7,30.6,27.366666666666642,28.685714285714283,29.292857142857144,1.8,0.0,0.0,0.0,0.6000000000000042,0.2571428571428579,0.1285714285714286
2022-10-12,32.0,19.8,25.5,0.0,8.1,60,10,285,4,26.0,26.9,27.5,29.8,26.799999999999972,28.02857142857143,29.092857142857145,0.0,1.8,0.0,0.0,0.6000000000000042,0.2571428571428579,0.1285714285714286
2022-10-13,33.0,20.1,26.0,0.0,9.3,51,10,286,4,25.5,26.0,26.9,29.8,26.133333333333308,27.414285714285715,28.8,0.0,0.0,1.8,0.0,0.6000000000000042,0.2571428571428579,0.1285714285714286
2022-10-14,33.3,20.1,26.3,0.0,10.9,47,10,287,4,26.0,25.5,26.0,28.5,25.83333333333331,26.87142857142857,28.50714285714286,0.0,0.0,0.0,0.0,0.0,0.2571428571428579,0.1285714285714286
2022-10-15,33.8,19.7,26.5,0.0,10.9,41,10,288,4,26.3,26.0,25.5,27.7,25.93333333333331,26.557142857142857,28.20714285714286,0.0,0.0,0.0,0.0,0.0,0.2571428571428579,0.1285714285714286
2022-10-16,34.5,19.0,26.1,0.0,10.5,42,10,289,4,26.5,26.3,26.0,27.5,26.26666666666664,26.38571428571429,27.935714285714287,0.0,0.0,0.0,0.0,0.0,0.2571428571428579,0.1285714285714286
2022-10-17,34.6,19.5,26.0,0.0,12.1,41,10,290,4,26.1,26.5,26.3,26.9,26.29999999999998,26.185714285714287,27.657142857142855,0.0,0.0,0.0,1.8,0.0,0.2571428571428579,0.1285714285714286
2022-10-18,33.9,18.2,25.7,0.0,14.8,39,10,291,4,26.0,26.1,26.5,26.0,26.199999999999978,26.057142857142857,27.37142857142857,0.0,0.0,0.0,0.0,0.0,0.0,0.1285714285714286
2022-10-19,33.0,19.3,25.5,0.0,13.0,47,10,292,4,25.7,26.0,26.1,25.5,25.93333333333331,26.014285714285712,27.02142857142857,0.0,0.0,0.0,0.0,0.0,0.0,0.1285714285714286
2022-10-20,29.6,19.9,23.8,0.0,24.6,51,10,293,4,25.5,25.7,26.0,26.0,25.73333333333331,26.014285714285712,26.714285714285715,0.0,0.0,0.0,0.0,0.0,0.0,0.1285714285714286
2022-10-21,30.4,18.2,23.1,0.0,13.6,47,10,294,4,23.8,25.5,25.7,26.3,24.999999999999975,25.7,26.285714285714285,0.0,0.0,0.0,0.0,0.0,0.0,0.1285714285714286
2022-10-22,31.0,16.3,23.3,0.0,9.7,46,10,295,4,23.1,23.8,25.5,26.5,24.133333333333308,25.24285714285714,25.900000000000002,0.0,0.0,0.0,0.0,0.0,0.0,0.1285714285714286
2022-10-23,31.3,17.2,24.0,0.0,10.1,42,10,296,4,23.3,23.1,23.8,26.1,23.399999999999977,24.785714285714285,25.58571428571429,0.0,0.0,0.0,0.0,0.0,0.0,0.1285714285714286
2022-10-24,31.3,17.2,24.5,0.0,9.1,43,10,297,4,24.0,23.3,23.1,26.0,23.466666666666644,24.485714285714288,25.33571428571429,0.0,0.0,0.0,0.0,0.0,0.0,0.1285714285714286
2022-10-25,31.9,18.4,24.8,0.0,9.9,45,10,298,4,24.5,24.0,23.3,25.7,23.93333333333331,24.271428571428572,25.164285714285715,0.0,0.0,0.0,0.0,0.0,0.0,0.0
2022-10-26,32.8,17.2,24.5,0.0,9.6,47,10,299,4,24.8,24.5,24.0,25.5,24.43333333333331,24.142857142857142,25.07857142857143,0.0,0.0,0.0,0.0,0.0,0.0,0.0
2022-10-27,32.4,18.7,24.6,0.0,9.5,46,10,300,4,24.5,24.8,24.5,23.8,24.599999999999977,24.0,25.00714285714286,0.0,0.0,0.0,0.0,0.0,0.0,0.0
2022-10-28,32.4,17.9,24.3,0.0,11.3,50,10,301,4,24.6,24.5,24.8,23.1,24.63333333333331,24.114285714285717,24.907142857142855,0.0,0.0,0.0,0.0,0.0,0.0,0.0
2022-10-29,33.0,18.1,24.8,0.0,12.4,45,10,302,4,24.3,24.6,24.5,23.3,24.466666666666644,24.285714285714285,24.764285714285712,0.0,0.0,0.0,0.0,0.0,0.0,0.0
2022-10-30,33.0,17.8,24.7,0.0,10.5,48,10,303,4,24.8,24.3,24.6,24.0,24.566666666666645,24.5,24.642857142857142,0.0,0.0,0.0,0.0,0.0,0.0,0.0
2022-10-31,33.5,18.5,25.1,0.0,15.9,46,10,304,4,24.7,24.8,24.3,24.5,24.599999999999977,24.599999999999998,24.542857142857144,0.0,0.0,0.0,0.0,0.0,0.0,0.0
2022-11-01,30.5,19.9,24.4,0.0,14.2,52,11,305,4,25.1,24.7,24.8,24.8,24.866666666666646,24.685714285714287,24.47857142857143,0.0,0.0,0.0,0.0,0.0,0.0,0.0
2022-11-02,31.8,18.4,24.1,0.0,10.2,50,11,306,4,24.4,25.1,24.7,24.5,24.73333333333331,24.628571428571426,24.38571428571429,0.0,0.0,0.0,0.0,0.0,0.0,0.0
2022-11-03,32.4,19.6,24.9,0.0,10.8,48,11,307,4,24.1,24.4,25.1,24.6,24.533333333333307,24.571428571428573,24.28571428571429,0.0,0.0,0.0,0.0,0.0,0.0,0.0
2022-11-04,32.9,19.5,25.5,0.0,13.4,55,11,308,4,24.9,24.1,24.4,24.3,24.466666666666644,24.61428571428571,24.364285714285717,0.0,0.0,0.0,0.0,0.0,0.0,0.0
2022-11-05,29.8,19.5,23.0,0.0,28.4,65,11,309,4,25.5,24.9,24.1,24.8,24.83333333333331,24.785714285714285,24.535714285714285,0.0,0.0,0.0,0.0,0.0,0.0,0.0
2022-11-06,25.9,18.1,21.2,2.6,24.8,69,11,310,4,23.0,25.5,24.9,24.7,24.466666666666644,24.52857142857143,24.514285714285712,0.0,0.0,0.0,0.0,0.0,0.0,0.0
2022-11-07,26.4,17.4,20.8,3.3,32.6,66,11,311,4,21.2,23.0,25.5,25.1,23.23333333333331,24.028571428571432,24.314285714285713,2.6,0.0,0.0,0.0,0.8666666666666708,0.3714285714285722,0.18571428571428572
2022-11-08,27.5,15.7,20.5,0.0,9.0,65,11,312,4,20.8,21.2,23.0,24.4,21.666666666666643,23.41428571428571,24.05,3.3,2.6,0.0,0.0,1.966666666666671,0.8428571428571436,0.42142857142857143
2022-11-09,24.2,15.8,19.2,7.9,18.1,71,11,313,4,20.5,20.8,21.2,24.1,20.83333333333331,22.857142857142858,23.74285714285714,0.0,3.3,2.6,0.0,1.966666666666671,0.8428571428571436,0.42142857142857143
2022-11-10,25.9,15.5,19.7,3.3,32.3,66,11,314,4,19.2,20.5,20.8,24.9,20.166666666666643,22.157142857142855,23.36428571428571,7.9,0.0,3.3,0.0,3.733333333333338,1.9714285714285722,0.9857142857142858
2022-11-11,26.0,14.4,19.2,0.0,10.2,66,11,315,4,19.7,19.2,20.5,25.5,19.79999999999998,21.414285714285715,23.014285714285712,3.3,7.9,0.0,0.0,3.733333333333338,2.4428571428571435,1.2214285714285715
2022-11-12,26.7,13.4,19.4,0.0,9.9,65,11,316,4,19.2,19.7,19.2,23.0,19.366666666666642,20.514285714285712,22.650000000000002,0.0,3.3,7.9,0.0,3.733333333333338,2.4428571428571435,1.2214285714285715
2022-11-13,26.5,13.4,20.0,0.2,13.8,61,11,317,4,19.4,19.2,19.7,21.2,19.43333333333331,20.0,22.264285714285712,0.0,0.0,3.3,2.6,1.1000000000000043,2.4428571428571435,1.2214285714285715
2022-11-14,22.0,15.4,17.8,10.1,20.4,74,11,318,4,20.0,19.4,19.2,20.8,19.533333333333307,19.82857142857143,21.928571428571427,0.2,0.0,0.0,3.3,0.0666666666666711,2.100000000000001,1.2357142857142858
2022-11-15,23.3,13.1,17.3,0.0,13.6,72,11,319,4,17.8,20.0,19.4,20.5,19.066666666666645,19.4,21.407142857142855,10.1,0.2,0.0,0.0,3.4333333333333376,3.0714285714285725,1.957142857142857
2022-11-16,23.7,12.5,17.2,0.0,9.5,69,11,320,4,17.3,17.8,20.0,19.2,18.366666666666642,18.942857142857143,20.900000000000002,0.0,10.1,0.2,7.9,3.4333333333333376,3.0714285714285725,1.957142857142857
2022-11-17,25.1,12.4,17.4,0.0,13.8,64,11,321,4,17.2,17.3,17.8,19.7,17.43333333333331,18.657142857142855,20.407142857142855,0.0,0.0,10.1,3.3,3.366666666666671,1.9428571428571435,1.957142857142857
2022-11-18,24.4,11.1,17.2,0.0,9.5,67,11,322,4,17.4,17.2,17.3,19.2,17.29999999999998,18.32857142857143,19.87142857142857,0.0,0.0,0.0,0.0,0.0,1.471428571428572,1.957142857142857
2022-11-19,23.9,11.5,16.9,0.0,10.4,67,11,323,4,17.2,17.4,17.2,19.4,17.26666666666664,18.04285714285714,19.27857142857143,0.0,0.0,0.0,0.0,0.0,1.471428571428572,1.957142857142857
2022-11-20,24.0,12.0,16.9,0.0,10.6,58,11,324,4,16.9,17.2,17.4,20.0,17.16666666666664,17.685714285714287,18.842857142857145,0.0,0.0,0.0,0.2,0.0,1.471428571428572,1.957142857142857
2022-11-21,25.0,11.9,17.1,0.0,10.0,62,11,325,4,16.9,16.9,17.2,17.8,16.999999999999975,17.242857142857144,18.535714285714285,0.0,0.0,0.0,10.1,0.0,1.4428571428571435,1.7714285714285711
2022-11-22,26.3,11.4,17.5,0.0,11.7,61,11,326,4,17.1,16.9,16.9,17.3,16.966666666666644,17.142857142857142,18.27142857142857,0.0,0.0,0.0,0.0,0.0,0.0,1.5357142857142858
2022-11-23,25.8,10.6,17.1,0.0,12.9,65,11,327,4,17.5,17.1,16.9,17.2,17.166666666666643,17.17142857142857,18.057142857142857,0.0,0.0,0.0,0.0,0.0,0.0,1.5357142857142858
2022-11-24,26.5,10.8,17.6,0.0,10.1,67,11,328,4,17.1,17.5,17.1,17.4,17.23333333333331,17.157142857142855,17.907142857142855,0.0,0.0,0.0,0.0,0.0,0.0,0.9714285714285714
2022-11-25,25.9,10.5,16.8,0.0,10.1,64,11,329,4,17.6,17.1,17.5,17.2,17.399999999999977,17.185714285714287,17.757142857142856,0.0,0.0,0.0,0.0,0.0,0.0,0.7357142857142858
2022-11-26,26.1,11.4,17.7,0.0,10.4,61,11,330,4,16.8,17.6,17.1,16.9,17.166666666666643,17.12857142857143,17.585714285714285,0.0,0.0,0.0,0.0,0.0,0.0,0.7357142857142858
2022-11-27,25.0,10.9,17.2,0.0,9.0,61,11,331,4,17.7,16.8,17.6,16.9,17.366666666666642,17.24285714285714,17.464285714285715,0.0,0.0,0.0,0.0,0.0,0.0,0.7357142857142858
2022-11-28,25.0,9.7,16.8,0.0,9.3,67,11,332,4,17.2,17.7,16.8,17.1,17.23333333333331,17.285714285714285,17.264285714285712,0.0,0.0,0.0,0.0,0.0,0.0,0.7214285714285714
2022-11-29,24.9,9.9,16.9,0.0,10.2,69,11,333,4,16.8,17.2,17.7,17.5,17.23333333333331,17.242857142857144,17.192857142857143,0.0,0.0,0.0,0.0,0.0,0.0,0.0
2022-11-30,24.3,12.4,16.8,0.0,10.5,70,11,334,4,16.9,16.8,17.2,17.1,16.966666666666644,17.15714285714286,17.164285714285715,0.0,0.0,0.0,0.0,0.0,0.0,0.0
2022-12-01,24.3,10.6,16.8,0.0,10.2,69,12,335,1,16.8,16.9,16.8,17.6,16.83333333333331,17.114285714285714,17.135714285714286,0.0,0.0,0.0,0.0,0.0,0.0,0.0
2022-12-02,23.8,11.3,17.0,0.0,8.7,68,12,336,1,16.8,16.8,16.9,16.8,16.83333333333331,17.0,17.092857142857145,0.0,0.0,0.0,0.0,0.0,0.0,0.0
2022-12-03,23.8,9.9,16.0,0.0,9.8,72,12,337,1,17.0,16.8,16.8,17.7,16.866666666666642,17.02857142857143,17.07857142857143,0.0,0.0,0.0,0.0,0.0,0.0,0.0
2022-12-04,23.7,11.4,16.2,0.0,12.6,66,12,338,1,16.0,17.0,16.8,17.2,16.599999999999977,16.785714285714285,17.014285714285716,0.0,0.0,0.0,0.0,0.0,0.0,0.0
2022-12-05,23.0,10.6,16.3,0.0,10.0,67,12,339,1,16.2,16.0,17.0,16.8,16.399999999999977,16.642857142857142,16.964285714285715,0.0,0.0,0.0,0.0,0.0,0.0,0.0
2022-12-06,23.3,9.8,15.4,0.0,11.9,67,12,340,1,16.3,16.2,16.0,16.9,16.166666666666643,16.571428571428573,16.90714285714286,0.0,0.0,0.0,0.0,0.0,0.0,0.0
2022-12-07,24.1,10.0,15.7,0.0,11.4,68,12,341,1,15.4,16.3,16.2,16.8,15.966666666666642,16.357142857142858,16.75714285714286,0.0,0.0,0.0,0.0,0.0,0.0,0.0
2022-12-08,23.3,9.5,15.8,0.0,8.7,72,12,342,1,15.7,15.4,16.3,16.8,15.799999999999976,16.2,16.657142857142855,0.0,0.0,0.0,0.0,0.0,0.0,0.0
2022-12-09,23.2,10.8,16.3,0.0,9.8,67,12,343,1,15.8,15.7,15.4,17.0,15.63333333333331,16.057142857142857,16.52857142857143,0.0,0.0,0.0,0.0,0.0,0.0,0.0
2022-12-10,24.0,11.8,17.4,0.0,10.4,63,12,344,1,16.3,15.8,15.7,16.0,15.93333333333331,15.957142857142859,16.492857142857144,0.0,0.0,0.0,0.0,0.0,0.0,0.0
2022-12-11,24.3,11.8,16.8,0.0,11.3,58,12,345,1,17.4,16.3,15.8,16.2,16.499999999999975,16.15714285714286,16.47142857142857,0.0,0.0,0.0,0.0,0.0,0.0,0.0
2022-12-12,24.0,9.0,16.0,0.0,10.1,55,12,346,1,16.8,17.4,16.3,16.3,16.83333333333331,16.242857142857144,16.442857142857143,0.0,0.0,0.0,0.0,0.0,0.0,0.0
2022-12-13,23.9,11.2,15.9,0.0,14.4,52,12,347,1,16.0,16.8,17.4,15.4,16.73333333333331,16.2,16.385714285714286,0.0,0.0,0.0,0.0,0.0,0.0,0.0
2022-12-14,23.5,9.1,14.7,0.0,13.1,54,12,348,1,15.9,16.0,16.8,15.7,16.23333333333331,16.271428571428572,16.314285714285713,0.0,0.0,0.0,0.0,0.0,0.0,0.0
2022-12-15,23.6,8.0,14.7,0.0,11.7,56,12,349,1,14.7,15.9,16.0,15.8,15.53333333333331,16.12857142857143,16.164285714285715,0.0,0.0,0.0,0.0,0.0,0.0,0.0
2022-12-16,23.6,8.3,14.7,0.0,11.1,62,12,350,1,14.7,14.7,15.9,16.3,15.099999999999975,15.971428571428572,16.014285714285712,0.0,0.0,0.0,0.0,0.0,0.0,0.0
2022-12-17,23.7,8.8,16.3,0.0,8.3,63,12,351,1,14.7,14.7,14.7,17.4,14.7,15.742857142857144,15.85,0.0,0.0,0.0,0.0,0.0,0.0,0.0
2022-12-18,23.3,8.5,15.7,0.0,10.9,67,12,352,1,16.3,14.7,14.7,16.8,15.233333333333308,15.585714285714285,15.87142857142857,0.0,0.0,0.0,0.0,0.0,0.0,0.0
2022-12-19,22.3,8.4,15.7,0.0,11.0,65,12,353,1,15.7,16.3,14.7,16.0,15.566666666666643,15.428571428571429,15.835714285714287,0.0,0.0,0.0,0.0,0.0,0.0,0.0
2022-12-20,22.0,8.9,15.5,0.0,7.9,66,12,354,1,15.7,15.7,16.3,15.9,15.899999999999975,15.385714285714286,15.792857142857143,0.0,0.0,0.0,0.0,0.0,0.0,0.0
2022-12-21,21.5,7.7,13.7,0.0,10.2,74,12,355,1,15.5,15.7,15.7,14.7,15.63333333333331,15.328571428571427,15.799999999999999,0.0,0.0,0.0,0.0,0.0,0.0,0.0
2022-12-22,20.5,7.4,12.9,0.0,10.5,79,12,356,1,13.7,15.5,15.7,14.7,14.966666666666642,15.185714285714285,15.657142857142857,0.0,0.0,0.0,0.0,0.0,0.0,0.0
2022-12-23,18.9,6.0,11.1,0.0,10.2,87,12,357,1,12.9,13.7,15.5,14.7,14.03333333333331,14.928571428571429,15.45,0.0,0.0,0.0,0.0,0.0,0.0,0.0
2022-12-24,17.2,6.2,10.0,0.0,10.2,90,12,358,1,11.1,12.9,13.7,16.3,12.566666666666643,14.414285714285715,15.078571428571427,0.0,0.0,0.0,0.0,0.0,0.0,0.0
2022-12-25,17.3,6.1,10.4,0.0,9.4,86,12,359,1,10.0,11.1,12.9,15.7,11.333333333333309,13.514285714285714,14.549999999999999,0.0,0.0,0.0,0.0,0.0,0.0,0.0
2022-12-26,17.2,5.5,10.0,0.0,10.5,87,12,360,1,10.4,10.0,11.1,15.7,10.499999999999977,12.757142857142856,14.092857142857142,0.0,0.0,0.0,0.0,0.0,0.0,0.0
2022-12-27,18.8,6.0,10.5,0.0,10.4,88,12,361,1,10.0,10.4,10.0,15.5,10.13333333333331,11.942857142857141,13.664285714285713,0.0,0.0,0.0,0.0,0.0,0.0,0.0
2022-12-28,19.5,6.3,12.4,0.0,10.1,80,12,362,1,10.5,10.0,10.4,13.7,10.299999999999976,11.228571428571428,13.278571428571428,0.0,0.0,0.0,0.0,0.0,0.0,0.0
2022-12-29,14.3,9.9,12.2,3.1,11.8,87,12,363,1,12.4,10.5,10.0,12.9,10.966666666666645,11.042857142857143,13.114285714285714,0.0,0.0,0.0,0.0,0.0,0.0,0.0
2022-12-30,18.2,8.8,12.1,0.0,12.4,84,12,364,1,12.2,12.4,10.5,11.1,11.699999999999976,10.942857142857145,12.935714285714285,3.1,0.0,0.0,0.0,1.033333333333338,0.4428571428571436,0.22142857142857145
2022-12-31,18.9,6.2,11.5,0.0,10.4,78,12,365,1,12.1,12.2,12.4,10.0,12.233333333333311,11.085714285714285,12.75,0.0,3.1,0.0,0.0,1.033333333333338,0.4428571428571436,0.22142857142857145
2023-01-01,17.7,6.4,11.3,0.0,10.0,75,1,1,1,11.5,12.1,12.2,10.4,11.933333333333309,11.299999999999999,12.407142857142858,0.0,0.0,3.1,0.0,1.033333333333338,0.4428571428571436,0.22142857142857145
2023-01-02,18.0,4.9,11.4,0.0,10.0,72,1,2,1,11.3,11.5,12.1,10.0,11.63333333333331,11.428571428571429,12.092857142857142,0.0,0.0,0.0,0.0,0.0,0.4428571428571436,0.22142857142857145
2023-01-03,18.1,6.1,11.0,0.0,11.0,74,1,3,1,11.4,11.3,11.5,10.5,11.399999999999977,11.62857142857143,11.785714285714286,0.0,0.0,0.0,0.0,0.0,0.4428571428571436,0.22142857142857145
2023-01-04,18.6,5.0,11.3,0.0,10.1,74,1,4,1,11.0,11.4,11.3,12.4,11.233333333333311,11.700000000000001,11.464285714285714,0.0,0.0,0.0,0.0,0.0,0.4428571428571436,0.22142857142857145
2023-01-05,18.4,5.3,11.2,0.0,10.4,78,1,5,1,11.3,11.0,11.4,12.2,11.233333333333311,11.542857142857143,11.292857142857144,0.0,0.0,0.0,3.1,0.0,0.4428571428571436,0.22142857142857145
2023-01-06,16.7,4.1,10.0,0.1,7.9,87,1,6,1,11.2,11.3,11.0,12.1,11.166666666666643,11.4,11.171428571428573,0.0,0.0,0.0,0.0,0.0,0.0,0.22142857142857145
2023-01-07,15.5,3.7,9.6,0.2,11.2,89,1,7,1,10.0,11.2,11.3,11.5,10.833333333333309,11.1,11.092857142857143,0.1,0.0,0.0,0.0,0.03333333333333807,0.014285714285715049,0.2285714285714286
2023-01-08,16.6,6.0,10.4,0.0,8.8,89,1,8,1,9.6,10.0,11.2,11.3,10.266666666666643,10.828571428571427,11.064285714285715,0.2,0.1,0.0,0.0,0.10000000000000475,0.04285714285714363,0.24285714285714285
2023-01-09,19.0,7.0,11.8,0.3,9.6,85,1,9,1,10.4,9.6,10.0,11.4,9.999999999999977,10.700000000000001,11.064285714285715,0.0,0.2,0.1,0.0,0.10000000000000475,0.04285714285714363,0.24285714285714285
2023-01-10,19.5,6.6,11.6,0.0,11.1,90,1,10,1,11.8,10.4,9.6,11.0,10.599999999999977,10.757142857142856,11.192857142857145,0.3,0.0,0.2,0.0,0.1666666666666714,0.08571428571428648,0.2642857142857143
2023-01-11,15.2,8.8,11.7,2.4,13.5,91,1,11,1,11.6,11.8,10.4,11.3,11.266666666666644,10.842857142857143,11.271428571428572,0.0,0.3,0.0,0.0,0.10000000000000474,0.08571428571428648,0.2642857142857143
2023-01-12,16.4,7.4,10.9,0.0,10.4,91,1,12,1,11.7,11.6,11.8,11.2,11.699999999999976,10.9,11.221428571428572,2.4,0.0,0.3,0.0,0.9000000000000047,0.4285714285714293,0.43571428571428567
2023-01-13,15.1,5.4,9.2,0.0,14.7,70,1,13,1,10.9,11.7,11.6,10.0,11.399999999999977,10.857142857142858,11.12857142857143,0.0,2.4,0.0,0.1,0.8000000000000047,0.4285714285714293,0.21428571428571427
2023-01-14,15.8,2.0,8.5,0.0,11.8,61,1,14,1,9.2,10.9,11.7,9.6,10.599999999999975,10.742857142857144,10.921428571428569,0.0,0.0,2.4,0.2,0.8000000000000047,0.41428571428571503,0.21428571428571427
2023-01-15,16.2,3.4,8.5,0.0,15.6,50,1,15,1,8.5,9.2,10.9,10.4,9.53333333333331,10.585714285714287,10.707142857142856,0.0,0.0,0.0,0.0,0.0,0.3857142857142865,0.21428571428571427
2023-01-16,17.0,1.8,8.7,0.0,11.5,57,1,16,1,8.5,8.5,9.2,11.8,8.73333333333331,10.314285714285715,10.507142857142856,0.0,0.0,0.0,0.3,0.0,0.3857142857142865,0.21428571428571427
2023-01-17,17.5,2.4,9.0,0.0,11.5,54,1,17,1,8.7,8.5,8.5,11.6,8.566666666666643,9.87142857142857,10.314285714285715,0.0,0.0,0.0,0.0,0.0,0.3428571428571436,0.21428571428571427
2023-01-18,16.7,3.9,10.1,0.0,11.7,57,1,18,1,9.0,8.7,8.5,11.7,8.73333333333331,9.5,10.171428571428573,0.0,0.0,0.0,2.4,0.0,0.3428571428571436,0.21428571428571427
2023-01-19,18.0,8.2,13.0,0.0,10.0,58,1,19,1,10.1,9.0,8.7,10.9,9.266666666666643,9.27142857142857,10.085714285714285,0.0,0.0,0.0,0.0,0.0,0.0,0.21428571428571427
2023-01-20,15.1,9.1,11.9,0.0,11.6,73,1,20,1,13.0,10.1,9.0,9.2,10.699999999999976,9.571428571428571,10.214285714285714,0.0,0.0,0.0,0.0,0.0,0.0,0.21428571428571427
2023-01-21,17.1,6.1,10.8,0.0,9.6,79,1,21,1,11.9,13.0,10.1,8.5,11.666666666666643,9.957142857142856,10.35,0.0,0.0,0.0,0.0,0.0,0.0,0.20714285714285713
2023-01-22,17.6,5.2,10.4,0.0,10.5,74,1,22,1,10.8,11.9,13.0,8.5,11.899999999999977,10.285714285714286,10.435714285714285,0.0,0.0,0.0,0.0,0.0,0.0,0.19285714285714287
2023-01-23,16.1,5.9,11.6,0.3,13.9,62,1,23,1,10.4,10.8,11.9,8.7,11.03333333333331,10.557142857142855,10.435714285714285,0.0,0.0,0.0,0.0,0.0,0.0,0.19285714285714287
2023-01-24,18.7,8.8,12.4,0.0,9.3,62,1,24,1,11.6,10.4,10.8,9.0,10.933333333333309,10.971428571428572,10.421428571428569,0.3,0.0,0.0,0.0,0.10000000000000474,0.042857142857143614,0.19285714285714284
2023-01-25,18.5,4.9,10.5,0.0,11.3,67,1,25,1,12.4,11.6,10.4,10.1,11.466666666666642,11.457142857142857,10.478571428571428,0.0,0.3,0.0,0.0,0.10000000000000474,0.042857142857143614,0.19285714285714284
2023-01-26,17.9,5.0,10.5,0.0,12.0,69,1,26,1,10.5,12.4,11.6,13.0,11.499999999999977,11.514285714285714,10.392857142857142,0.0,0.0,0.3,0.0,0.10000000000000474,0.042857142857143614,0.02142857142857143
2023-01-27,19.8,4.1,11.1,0.0,12.6,48,1,27,1,10.5,10.5,12.4,11.9,11.13333333333331,11.157142857142857,10.364285714285714,0.0,0.0,0.0,0.0,0.0,0.042857142857143614,0.02142857142857143
2023-01-28,21.7,6.7,13.2,0.0,9.1,43,1,28,1,11.1,10.5,10.5,10.8,10.699999999999976,11.042857142857143,10.5,0.0,0.0,0.0,0.0,0.0,0.042857142857143614,0.02142857142857143
2023-01-29,21.9,5.3,13.4,13.6,19.2,59,1,29,1,13.2,11.1,10.5,10.4,11.599999999999975,11.385714285714284,10.835714285714287,0.0,0.0,0.0,0.0,0.0,0.042857142857143614,0.02142857142857143
2023-01-30,18.6,10.2,14.0,1.3,14.8,84,1,30,1,13.4,13.2,11.1,11.6,12.566666666666643,11.814285714285715,11.185714285714287,13.6,0.0,0.0,0.3,4.533333333333338,1.9857142857142864,0.9928571428571429
2023-01-31,19.0,8.9,12.7,0.0,11.9,79,1,31,1,14.0,13.4,13.2,12.4,13.53333333333331,12.157142857142857,11.564285714285715,1.3,13.6,0.0,0.0,4.966666666666671,2.1285714285714294,1.0857142857142859
2023-02-01,22.3,7.3,13.9,0.0,11.3,55,2,32,1,12.7,14.0,13.4,10.5,13.366666666666644,12.200000000000001,11.828571428571427,0.0,1.3,13.6,0.0,4.966666666666671,2.1285714285714294,1.0857142857142859
2023-02-02,23.5,8.7,14.8,0.0,11.9,50,2,33,1,13.9,12.7,14.0,10.5,13.53333333333331,12.685714285714287,12.1,0.0,0.0,1.3,0.0,0.43333333333333807,2.1285714285714294,1.0857142857142859
2023-02-03,23.8,8.6,15.3,0.0,10.9,57,2,34,1,14.8,13.9,12.7,11.1,13.799999999999978,13.3,12.228571428571428,0.0,0.0,0.0,0.0,0.0,2.1285714285714294,1.0857142857142859
2023-02-04,24.9,9.6,16.9,0.0,11.2,57,2,35,1,15.3,14.8,13.9,13.2,14.666666666666643,13.9,12.471428571428572,0.0,0.0,0.0,0.0,0.0,2.1285714285714294,1.0857142857142859
2023-02-05,25.0,9.1,16.5,0.0,12.0,53,2,36,1,16.9,15.3,14.8,13.4,15.666666666666643,14.428571428571429,12.907142857142858,0.0,0.0,0.0,13.6,0.0,2.1285714285714294,1.0857142857142859
2023-02-06,23.4,12.3,17.1,0.0,15.9,61,2,37,1,16.5,16.9,15.3,14.0,16.23333333333331,14.87142857142857,13.342857142857143,0.0,0.0,0.0,1.3,0.0,0.18571428571428647,1.0857142857142859
2023-02-07,24.1,10.1,16.7,0.0,11.7,51,2,38,1,17.1,16.5,16.9,12.7,16.83333333333331,15.314285714285715,13.735714285714286,0.0,0.0,0.0,0.0,0.0,0.0,1.0642857142857143
2023-02-08,24.8,9.9,16.2,0.0,10.8,46,2,39,1,16.7,17.1,16.5,13.9,16.76666666666664,15.885714285714286,14.042857142857143,0.0,0.0,0.0,0.0,0.0,0.0,1.0642857142857143
2023-02-09,22.3,11.1,15.7,1.5,21.4,62,2,40,1,16.2,16.7,17.1,14.8,16.666666666666643,16.214285714285715,14.450000000000001,0.0,0.0,0.0,0.0,0.0,0.0,1.0642857142857143
2023-02-10,25.4,10.1,16.5,0.0,11.2,50,2,41,1,15.7,16.2,16.7,15.3,16.199999999999974,16.34285714285714,14.821428571428571,1.5,0.0,0.0,0.0,0.5000000000000048,0.21428571428571505,1.1714285714285713
2023-02-11,22.7,9.7,15.3,0.0,19.1,42,2,42,1,16.5,15.7,16.2,16.9,16.133333333333308,16.514285714285712,15.207142857142857,0.0,1.5,0.0,0.0,0.5000000000000048,0.21428571428571505,1.1714285714285713
2023-02-12,21.6,7.2,13.7,0.0,12.7,30,2,43,1,15.3,16.5,15.7,16.5,15.833333333333309,16.285714285714285,15.357142857142858,0.0,0.0,1.5,0.0,0.5000000000000048,0.21428571428571505,1.1714285714285713
2023-02-13,23.6,7.9,14.7,0.0,15.6,21,2,44,1,13.7,15.3,16.5,17.1,15.166666666666643,15.885714285714284,15.378571428571428,0.0,0.0,0.0,0.0,0.0,0.21428571428571505,0.19999999999999998
2023-02-14,26.8,9.9,17.6,0.0,10.8,29,2,45,1,14.7,13.7,15.3,16.7,14.566666666666643,15.542857142857143,15.428571428571429,0.0,0.0,0.0,0.0,0.0,0.21428571428571505,0.10714285714285714
2023-02-15,29.8,10.8,20.4,0.0,10.7,33,2,46,1,17.6,14.7,13.7,16.2,15.333333333333309,15.671428571428569,15.778571428571428,0.0,0.0,0.0,0.0,0.0,0.21428571428571505,0.10714285714285714
2023-02-16,30.6,12.9,21.7,0.0,10.4,39,2,47,1,20.4,17.6,14.7,15.7,17.56666666666664,16.271428571428572,16.24285714285714,0.0,0.0,0.0,1.5,0.0,0.21428571428571505,0.10714285714285714
2023-02-17,30.3,12.7,21.3,0.0,9.8,51,2,48,1,21.7,20.4,17.6,16.5,19.899999999999977,17.12857142857143,16.735714285714288,0.0,0.0,0.0,0.0,0.0,0.0,0.10714285714285714
2023-02-18,31.0,15.5,21.9,0.0,9.4,53,2,49,1,21.3,21.7,20.4,15.3,21.133333333333308,17.814285714285713,17.164285714285715,0.0,0.0,0.0,0.0,0.0,0.0,0.10714285714285714
2023-02-19,30.0,13.8,21.5,0.0,12.1,56,2,50,1,21.9,21.3,21.7,13.7,21.633333333333308,18.75714285714286,17.52142857142857,0.0,0.0,0.0,0.0,0.0,0.0,0.10714285714285714
2023-02-20,30.5,16.7,22.4,0.0,18.7,52,2,51,1,21.5,21.9,21.3,14.7,21.566666666666645,19.87142857142857,17.878571428571426,0.0,0.0,0.0,0.0,0.0,0.0,0.10714285714285714
2023-02-21,29.1,14.8,20.5,0.0,15.3,51,2,52,1,22.4,21.5,21.9,17.6,21.93333333333331,20.97142857142857,18.257142857142856,0.0,0.0,0.0,0.0,0.0,0.0,0.10714285714285714
2023-02-22,28.2,13.9,20.0,0.0,10.1,47,2,53,1,20.5,22.4,21.5,20.4,21.46666666666664,21.385714285714283,18.52857142857143,0.0,0.0,0.0,0.0,0.0,0.0,0.10714285714285714
2023-02-23,29.4,13.2,20.4,0.0,12.3,47,2,54,1,20.0,20.5,22.4,21.7,20.966666666666644,21.32857142857143,18.8,0.0,0.0,0.0,0.0,0.0,0.0,0.10714285714285714
2023-02-24,29.9,13.2,21.6,0.0,10.9,39,2,55,1,20.4,20.0,20.5,21.3,20.299999999999976,21.142857142857142,19.135714285714283,0.0,0.0,0.0,0.0,0.0,0.0,0.0
2023-02-25,30.1,14.2,21.9,0.0,18.0,49,2,56,1,21.6,20.4,20.0,21.9,20.666666666666643,21.185714285714287,19.5,0.0,0.0,0.0,0.0,0.0,0.0,0.0
2023-02-26,27.6,16.4,21.5,0.0,18.5,45,2,57,1,21.9,21.6,20.4,21.5,21.299999999999976,21.185714285714283,19.971428571428568,0.0,0.0,0.0,0.0,0.0,0.0,0.0
2023-02-27,29.4,14.4,21.4,0.0,8.6,46,2,58,1,21.5,21.9,21.6,22.4,21.666666666666643,21.185714285714283,20.52857142857143,0.0,0.0,0.0,0.0,0.0,0.0,0.0
2023-02-28,24.0,16.5,19.6,4.7,19.5,64,2,59,1,21.4,21.5,21.9,20.5,21.599999999999977,21.042857142857144,21.00714285714286,0.0,0.0,0.0,0.0,0.0,0.0,0.0
2023-03-01,24.4,14.8,18.5,1.1,13.7,77,3,60,2,19.6,21.4,21.5,20.0,20.83333333333331,20.914285714285715,21.15,4.7,0.0,0.0,0.0,1.5666666666666715,0.6714285714285723,0.33571428571428574
2023-03-02,23.9,14.6,18.1,7.3,17.7,79,3,61,2,18.5,19.6,21.4,20.4,19.83333333333331,20.7,21.014285714285712,1.1,4.7,0.0,0.0,1.9333333333333382,0.8285714285714294,0.4142857142857143
2023-03-03,25.9,13.8,19.1,0.0,11.2,66,3,62,2,18.1,18.5,19.6,21.6,18.73333333333331,20.37142857142857,20.75714285714286,7.3,1.1,4.7,0.0,4.366666666666672,1.871428571428572,0.9357142857142857
2023-03-04,27.2,14.6,20.2,0.0,9.5,60,3,63,2,19.1,18.1,18.5,21.9,18.566666666666645,20.014285714285712,20.6,0.0,7.3,1.1,0.0,2.8000000000000043,1.871428571428572,0.9357142857142857
2023-03-05,28.0,14.6,20.8,0.0,9.0,59,3,64,2,20.2,19.1,18.1,21.5,19.13333333333331,19.771428571428572,20.478571428571428,0.0,0.0,7.3,0.0,2.4333333333333376,1.871428571428572,0.9357142857142857
2023-03-06,29.3,15.1,21.5,0.0,10.1,47,3,65,2,20.8,20.2,19.1,21.4,20.03333333333331,19.67142857142857,20.428571428571427,0.0,0.0,0.0,0.0,0.0,1.871428571428572,0.9357142857142857
2023-03-07,28.4,15.1,21.0,0.5,14.3,48,3,66,2,21.5,20.8,20.2,19.6,20.83333333333331,19.685714285714287,20.364285714285717,0.0,0.0,0.0,4.7,0.0,1.871428571428572,0.9357142857142857
2023-03-08,30.3,14.8,21.9,0.0,11.3,50,3,67,2,21.0,21.5,20.8,18.5,21.099999999999977,19.88571428571429,20.400000000000002,0.5,0.0,0.0,1.1,0.1666666666666714,1.2714285714285722,0.9714285714285714
2023-03-09,30.5,15.2,22.3,0.0,11.4,42,3,68,2,21.9,21.0,21.5,18.1,21.46666666666664,20.371428571428574,20.535714285714285,0.0,0.5,0.0,7.3,0.1666666666666714,1.114285714285715,0.9714285714285714
2023-03-10,30.2,15.8,22.5,0.0,10.7,45,3,69,2,22.3,21.9,21.0,19.1,21.73333333333331,20.97142857142857,20.671428571428574,0.0,0.0,0.5,0.0,0.1666666666666714,0.07142857142857219,0.9714285714285714
2023-03-11,31.9,16.2,23.1,0.0,14.2,49,3,70,2,22.5,22.3,21.9,20.2,22.23333333333331,21.45714285714286,20.735714285714288,0.0,0.0,0.0,0.0,0.0,0.07142857142857219,0.9714285714285714
2023-03-12,31.7,18.0,24.2,0.0,14.5,49,3,71,2,23.1,22.5,22.3,20.8,22.63333333333331,21.87142857142857,20.821428571428573,0.0,0.0,0.0,0.0,0.0,0.07142857142857219,0.9714285714285714
2023-03-13,29.1,18.6,22.7,4.0,13.5,60,3,72,2,24.2,23.1,22.5,21.5,23.26666666666664,22.357142857142858,21.014285714285716,0.0,0.0,0.0,0.0,0.0,0.07142857142857219,0.9714285714285714
2023-03-14,31.9,17.1,23.8,0.0,11.0,52,3,73,2,22.7,24.2,23.1,21.0,23.33333333333331,22.528571428571432,21.107142857142858,4.0,0.0,0.0,0.5,1.3333333333333381,0.6428571428571436,1.2571428571428573
2023-03-15,31.7,17.7,24.2,0.1,13.8,51,3,74,2,23.8,22.7,24.2,21.9,23.566666666666645,22.928571428571427,21.407142857142862,0.0,4.0,0.0,0.0,1.3333333333333381,0.5714285714285722,0.9214285714285715
2023-03-16,31.2,18.9,23.9,0.0,21.9,53,3,75,2,24.2,23.8,22.7,22.3,23.566666666666645,23.25714285714286,21.814285714285717,0.1,0.0,4.0,0.0,1.3666666666666714,0.5857142857142864,0.8499999999999999
2023-03-17,24.8,16.6,20.1,1.5,23.2,69,3,76,2,23.9,24.2,23.8,22.5,23.96666666666664,23.485714285714284,22.228571428571428,0.0,0.1,0.0,0.0,0.03333333333333807,0.5857142857142864,0.32857142857142857
2023-03-18,25.3,14.6,19.3,0.3,12.9,75,3,77,2,20.1,23.9,24.2,23.1,22.73333333333331,23.142857142857142,22.3,1.5,0.0,0.1,0.0,0.5333333333333381,0.8000000000000007,0.43571428571428567
2023-03-19,25.3,14.0,19.6,0.1,9.5,72,3,78,2,19.3,20.1,23.9,24.2,21.099999999999977,22.599999999999998,22.235714285714288,0.3,1.5,0.0,0.0,0.6000000000000048,0.8428571428571436,0.4571428571428572
2023-03-20,27.1,15.4,21.0,0.0,12.7,67,3,79,2,19.6,19.3,20.1,22.7,19.666666666666647,21.942857142857147,22.15,0.1,0.3,1.5,4.0,0.6333333333333381,0.8571428571428579,0.4642857142857143
2023-03-21,25.3,15.2,19.2,0.6,13.0,76,3,80,2,21.0,19.6,19.3,23.8,19.966666666666644,21.699999999999996,22.11428571428571,0.0,0.1,0.3,0.0,0.13333333333333808,0.2857142857142865,0.4642857142857143
2023-03-22,25.4,15.2,19.6,3.2,18.1,74,3,81,2,19.2,21.0,19.6,24.2,19.93333333333331,21.042857142857144,21.985714285714284,0.6,0.0,0.1,0.1,0.23333333333333806,0.3714285714285722,0.4714285714285714
2023-03-23,26.7,15.5,20.6,4.8,14.4,67,3,82,2,19.6,19.2,21.0,23.9,19.93333333333331,20.38571428571429,21.821428571428573,3.2,0.6,0.0,0.0,1.2666666666666715,0.8142857142857151,0.7000000000000001
2023-03-24,23.3,15.7,18.1,56.6,21.7,84,3,83,2,20.6,19.6,19.2,20.1,19.79999999999998,19.914285714285715,21.7,4.8,3.2,0.6,1.5,2.866666666666671,1.5000000000000007,1.042857142857143
2023-03-25,22.5,13.2,17.2,6.7,10.9,84,3,84,2,18.1,20.6,19.6,19.3,19.43333333333331,19.62857142857143,21.385714285714283,56.6,4.8,3.2,0.3,21.533333333333342,9.371428571428572,5.085714285714286
2023-03-26,24.0,12.4,17.7,0.0,9.0,76,3,85,2,17.2,18.1,20.6,19.6,18.63333333333331,19.32857142857143,20.964285714285715,6.7,56.6,4.8,0.1,22.700000000000003,10.285714285714288,5.564285714285715
2023-03-27,26.8,13.8,20.4,0.0,7.9,61,3,86,2,17.7,17.2,18.1,21.0,17.666666666666643,19.057142857142857,20.5,0.0,6.7,56.6,0.0,21.100000000000005,10.271428571428572,5.564285714285715
2023-03-28,28.5,16.9,22.2,0.1,9.4,54,3,87,2,20.4,17.7,17.2,19.2,18.43333333333331,18.97142857142857,20.335714285714285,0.0,0.0,6.7,0.6,2.2333333333333383,10.271428571428572,5.278571428571429
2023-03-29,29.2,15.8,21.5,1.5,18.2,61,3,88,2,22.2,20.4,17.7,19.6,20.099999999999977,19.400000000000002,20.221428571428568,0.1,0.0,0.0,3.2,0.03333333333333807,10.200000000000001,5.285714285714286
2023-03-30,25.5,17.7,20.8,5.8,16.6,70,3,89,2,21.5,22.2,20.4,20.6,21.366666666666642,19.67142857142857,20.02857142857143,1.5,0.1,0.0,4.8,0.5333333333333381,9.957142857142857,5.385714285714286
2023-03-31,21.0,15.9,17.7,42.6,13.8,89,3,90,2,20.8,21.5,22.2,18.1,21.499999999999975,19.7,19.807142857142857,5.8,1.5,0.1,56.6,2.4666666666666717,10.1,5.8
2023-04-01,24.0,15.8,18.9,7.4,10.5,81,4,91,2,17.7,20.8,21.5,17.2,19.999999999999975,19.642857142857142,19.635714285714283,42.6,5.8,1.5,6.7,16.63333333333334,8.100000000000001,8.735714285714286
2023-04-02,25.8,14.3,20.2,0.7,8.5,76,4,92,2,18.9,17.7,20.8,17.7,19.133333333333308,19.885714285714283,19.607142857142858,7.4,42.6,5.8,0.0,18.600000000000005,8.200000000000001,9.242857142857144
2023-04-03,25.3,16.8,20.3,13.2,17.5,77,4,93,2,20.2,18.9,17.7,20.4,18.93333333333331,20.24285714285714,19.65,0.7,7.4,42.6,0.0,16.900000000000006,8.3,9.285714285714286
2023-04-04,25.9,14.1,19.6,0.4,10.3,79,4,94,2,20.3,20.2,18.9,22.2,19.799999999999976,20.228571428571428,19.599999999999998,13.2,0.7,7.4,0.1,7.100000000000001,10.185714285714287,10.22857142857143
2023-04-05,27.7,14.5,19.5,0.6,24.2,74,4,95,2,19.6,20.3,20.2,21.5,20.03333333333331,19.857142857142858,19.62857142857143,0.4,13.2,0.7,1.5,4.766666666666668,10.22857142857143,10.214285714285714
2023-04-06,27.7,14.8,20.7,0.0,12.3,67,4,96,2,19.5,19.6,20.3,20.8,19.79999999999998,19.571428571428573,19.62142857142857,0.6,0.4,13.2,5.8,4.733333333333335,10.100000000000003,10.028571428571428
2023-04-07,29.6,15.4,21.9,0.0,12.5,53,4,97,2,20.7,19.5,19.6,17.7,19.93333333333331,19.557142857142857,19.62857142857143,0.0,0.6,0.4,42.6,0.3333333333333357,9.271428571428574,9.685714285714287
2023-04-08,31.7,15.9,23.6,0.0,10.0,42,4,98,2,21.9,20.7,19.5,18.9,20.699999999999974,20.157142857142855,19.9,0.0,0.0,0.6,7.4,0.20000000000000237,3.1857142857142864,5.642857142857143
2023-04-09,33.3,17.2,25.4,0.0,10.3,38,4,99,2,23.6,21.9,20.7,20.2,22.066666666666645,20.828571428571426,20.357142857142858,0.0,0.0,0.0,0.7,0.0,2.1285714285714294,5.164285714285714
2023-04-10,33.7,17.3,26.4,0.0,11.3,36,4,100,2,25.4,23.6,21.9,20.3,23.633333333333308,21.571428571428573,20.907142857142855,0.0,0.0,0.0,13.2,0.0,2.0285714285714294,5.164285714285714
2023-04-11,36.1,19.4,27.4,0.0,19.6,34,4,101,2,26.4,25.4,23.6,19.6,25.13333333333331,22.442857142857143,21.335714285714285,0.0,0.0,0.0,0.4,0.0,0.14285714285714388,5.164285714285714
2023-04-12,36.5,20.2,28.1,0.0,14.6,34,4,102,2,27.4,26.4,25.4,19.5,26.399999999999974,23.557142857142857,21.707142857142856,0.0,0.0,0.0,0.6,0.0,0.08571428571428673,5.1571428571428575
2023-04-13,37.5,20.1,29.4,0.0,14.0,30,4,103,2,28.1,27.4,26.4,20.7,27.29999999999998,24.785714285714285,22.178571428571427,0.0,0.0,0.0,0.0,0.0,0.0,5.05
2023-04-14,38.7,20.9,30.1,0.0,11.9,26,4,104,2,29.4,28.1,27.4,21.9,28.299999999999972,26.028571428571432,22.79285714285714,0.0,0.0,0.0,0.0,0.0,0.0,4.635714285714286
2023-04-15,39.5,21.8,30.4,0.0,11.7,23,4,105,2,30.1,29.4,28.1,23.6,29.199999999999978,27.2,23.678571428571427,0.0,0.0,0.0,0.0,0.0,0.0,1.5928571428571427
2023-04-16,36.5,23.6,29.8,0.0,15.4,29,4,106,2,30.4,30.1,29.4,25.4,29.96666666666664,28.171428571428574,24.5,0.0,0.0,0.0,0.0,0.0,0.0,1.0642857142857143
2023-04-17,38.1,23.3,30.4,0.0,16.6,31,4,107,2,29.8,30.4,30.1,26.4,30.099999999999977,28.8,25.185714285714287,0.0,0.0,0.0,0.0,0.0,0.0,1.0142857142857142
2023-04-18,34.5,22.9,28.3,0.4,25.6,42,4,108,2,30.4,29.8,30.4,27.4,30.199999999999974,29.37142857142857,25.907142857142855,0.0,0.0,0.0,0.0,0.0,0.0,0.07142857142857142
2023-04-19,30.1,21.9,25.6,1.9,18.7,57,4,109,2,28.3,30.4,29.8,28.1,29.499999999999975,29.5,26.52857142857143,0.4,0.0,0.0,0.0,0.13333333333333572,0.05714285714285816,0.07142857142857142
2023-04-20,30.4,19.4,23.9,5.4,19.6,52,4,110,2,25.6,28.3,30.4,29.4,28.099999999999977,29.142857142857142,26.964285714285715,1.9,0.4,0.0,0.0,0.7666666666666689,0.32857142857142957,0.16428571428571428
2023-04-21,30.9,17.9,23.8,0.0,15.0,50,4,111,2,23.9,25.6,28.3,30.1,25.93333333333331,28.357142857142858,27.192857142857143,5.4,1.9,0.4,0.0,2.566666666666669,1.100000000000001,0.55
2023-04-22,30.7,17.9,24.0,0.1,22.9,37,4,112,2,23.8,23.9,25.6,30.4,24.43333333333331,27.457142857142856,27.32857142857143,0.0,5.4,1.9,0.0,2.433333333333336,1.100000000000001,0.55
2023-04-23,33.4,16.3,25.4,0.0,10.7,33,4,113,2,24.0,23.8,23.9,29.8,23.899999999999977,26.54285714285714,27.357142857142858,0.1,0.0,5.4,0.0,1.8333333333333357,1.1142857142857152,0.5571428571428572
2023-04-24,36.0,18.1,27.3,0.0,14.1,27,4,114,2,25.4,24.0,23.8,30.4,24.399999999999977,25.914285714285715,27.357142857142858,0.0,0.1,0.0,0.0,0.033333333333335706,1.1142857142857152,0.5571428571428572
2023-04-25,37.8,20.4,29.2,0.0,11.6,24,4,115,2,27.3,25.4,24.0,28.3,25.566666666666645,25.47142857142857,27.42142857142857,0.0,0.0,0.1,0.4,0.033333333333335706,1.1142857142857152,0.5571428571428572
2023-04-26,38.6,21.7,29.6,0.0,27.3,26,4,116,2,29.2,27.3,25.4,25.6,27.299999999999972,25.599999999999998,27.55,0.0,0.0,0.0,1.9,0.0,1.057142857142858,0.5571428571428572
2023-04-27,36.6,23.3,29.0,0.1,26.1,31,4,117,2,29.6,29.2,27.3,23.9,28.699999999999978,26.17142857142857,27.657142857142855,0.0,0.0,0.0,5.4,0.0,0.7857142857142867,0.5571428571428572
2023-04-28,34.9,21.4,28.3,0.0,16.5,33,4,118,2,29.0,29.6,29.2,23.8,29.26666666666664,26.9,27.62857142857143,0.1,0.0,0.0,0.0,0.033333333333335706,0.028571428571429587,0.5642857142857143
2023-04-29,35.8,22.4,27.4,0.4,21.1,38,4,119,2,28.3,29.0,29.6,24.0,28.966666666666644,27.542857142857144,27.5,0.0,0.1,0.0,0.1,0.033333333333335706,0.028571428571429587,0.5642857142857143
2023-04-30,32.7,20.5,26.4,0.0,12.1,46,4,120,2,27.4,28.3,29.0,25.4,28.23333333333331,28.028571428571432,27.285714285714285,0.4,0.0,0.1,0.0,0.16666666666666904,0.07142857142857244,0.5928571428571429
2023-05-01,28.8,20.4,24.5,7.4,22.4,59,5,121,2,26.4,27.4,28.3,27.3,27.366666666666642,28.17142857142857,27.04285714285714,0.0,0.4,0.0,0.0,0.13333333333333572,0.07142857142857244,0.5928571428571429
2023-05-02,29.1,19.6,23.2,1.8,21.2,69,5,122,2,24.5,26.4,27.4,29.2,26.099999999999977,27.77142857142857,26.62142857142857,7.4,0.0,0.4,0.0,2.6000000000000028,1.1285714285714297,1.1214285714285714
2023-05-03,30.6,18.4,24.4,1.0,11.5,62,5,123,2,23.2,24.5,26.4,29.6,24.699999999999974,26.914285714285715,26.25714285714286,1.8,7.4,0.0,0.0,3.0666666666666695,1.3857142857142868,1.2214285714285715
2023-05-04,32.8,19.2,25.3,0.8,20.5,57,5,124,2,24.4,23.2,24.5,29.0,24.033333333333314,26.17142857142857,26.17142857142857,1.0,1.8,7.4,0.1,3.4000000000000026,1.5285714285714298,1.1571428571428573
2023-05-05,32.0,18.7,25.9,0.1,17.2,56,5,125,2,25.3,24.4,23.2,28.3,24.29999999999998,25.642857142857142,26.271428571428572,0.8,1.0,1.8,0.0,1.2000000000000024,1.6285714285714297,0.8285714285714285
2023-05-06,35.8,22.0,28.9,0.2,18.1,39,5,126,2,25.9,25.3,24.4,27.4,25.199999999999974,25.3,26.42142857142857,0.1,0.8,1.0,0.4,0.6333333333333357,1.642857142857144,0.8357142857142857
2023-05-07,35.7,20.9,28.2,0.0,24.1,34,5,127,2,28.9,25.9,25.3,26.4,26.699999999999974,25.514285714285712,26.771428571428572,0.2,0.1,0.8,0.0,0.3666666666666691,1.6142857142857154,0.8428571428571427
2023-05-08,33.7,19.7,26.9,0.0,23.2,34,5,128,2,28.2,28.9,25.9,24.5,27.666666666666643,25.771428571428572,26.97142857142857,0.0,0.2,0.1,7.4,0.10000000000000238,1.6142857142857154,0.8428571428571427
2023-05-09,35.7,19.7,27.7,0.0,14.8,30,5,129,2,26.9,28.2,28.9,23.2,27.99999999999997,26.114285714285717,26.942857142857143,0.0,0.0,0.2,1.8,0.06666666666666904,0.5571428571428582,0.8428571428571427
2023-05-10,37.8,19.8,29.3,0.0,15.5,24,5,130,2,27.7,26.9,28.2,24.4,27.599999999999977,26.757142857142856,26.835714285714285,0.0,0.0,0.0,1.0,0.0,0.300000000000001,0.8428571428571427
2023-05-11,40.4,22.3,31.5,0.0,11.0,23,5,131,2,29.3,27.7,26.9,25.3,27.96666666666664,27.457142857142856,26.814285714285713,0.0,0.0,0.0,0.8,0.0,0.15714285714285817,0.8428571428571427
2023-05-12,41.5,24.3,33.5,0.0,13.2,21,5,132,2,31.5,29.3,27.7,25.9,29.499999999999975,28.342857142857145,26.99285714285714,0.0,0.0,0.0,0.1,0.0,0.04285714285714388,0.8357142857142856
2023-05-13,41.8,25.2,34.1,0.0,20.0,21,5,133,2,33.5,31.5,29.3,28.9,31.43333333333331,29.428571428571427,27.36428571428571,0.0,0.0,0.0,0.2,0.0,0.028571428571429587,0.8357142857142856
2023-05-14,40.2,26.1,32.8,0.0,21.5,23,5,134,2,34.1,33.5,31.5,28.2,33.03333333333331,30.17142857142857,27.842857142857145,0.0,0.0,0.0,0.0,0.0,0.0,0.807142857142857
2023-05-15,40.9,23.7,33.0,0.0,19.8,20,5,135,2,32.8,34.1,33.5,26.9,33.46666666666664,30.82857142857143,28.300000000000004,0.0,0.0,0.0,0.0,0.0,0.0,0.807142857142857
2023-05-16,40.4,24.9,32.8,0.0,19.5,22,5,136,2,33.0,32.8,34.1,27.7,33.299999999999976,31.699999999999996,28.907142857142862,0.0,0.0,0.0,0.0,0.0,0.0,0.2785714285714286
2023-05-17,40.7,25.5,33.2,0.0,27.7,26,5,137,2,32.8,33.0,32.8,29.3,32.866666666666646,32.42857142857143,29.592857142857138,0.0,0.0,0.0,0.0,0.0,0.0,0.14999999999999997
2023-05-18,37.0,24.3,30.9,0.0,17.1,35,5,138,2,33.2,32.8,33.0,31.5,32.99999999999997,32.98571428571428,30.22142857142857,0.0,0.0,0.0,0.0,0.0,0.0,0.07857142857142858
2023-05-19,39.2,24.4,31.9,0.0,13.0,32,5,139,2,30.9,33.2,32.8,33.5,32.299999999999976,32.9,30.62142857142857,0.0,0.0,0.0,0.0,0.0,0.0,0.021428571428571432
2023-05-20,41.9,25.2,34.0,0.0,15.1,25,5,140,2,31.9,30.9,33.2,34.1,31.999999999999982,32.67142857142857,31.05,0.0,0.0,0.0,0.0,0.0,0.0,0.014285714285714287
2023-05-21,43.8,26.8,35.0,0.0,13.0,21,5,141,2,34.0,31.9,30.9,32.8,32.266666666666644,32.65714285714286,31.41428571428571,0.0,0.0,0.0,0.0,0.0,0.0,0.0
2023-05-22,43.1,27.9,35.4,0.0,21.8,25,5,142,2,35.0,34.0,31.9,33.0,33.633333333333304,32.971428571428575,31.9,0.0,0.0,0.0,0.0,0.0,0.0,0.0
2023-05-23,41.9,29.0,35.0,0.0,16.8,33,5,143,2,35.4,35.0,34.0,32.8,34.799999999999976,33.31428571428572,32.50714285714286,0.0,0.0,0.0,0.0,0.0,0.0,0.0
2023-05-24,35.7,26.1,30.9,1.2,18.8,44,5,144,2,35.0,35.4,35.0,33.2,35.133333333333304,33.628571428571426,33.02857142857143,0.0,0.0,0.0,0.0,0.0,0.0,0.0
2023-05-25,33.6,24.2,28.4,1.1,16.9,58,5,145,2,30.9,35.0,35.4,30.9,33.766666666666644,33.3,33.142857142857146,1.2,0.0,0.0,0.0,0.40000000000000235,0.17142857142857243,0.08571428571428572
2023-05-26,32.3,22.8,27.8,1.1,22.5,55,5,146,2,28.4,30.9,35.0,31.9,31.43333333333331,32.94285714285714,32.92142857142857,1.1,1.2,0.0,0.0,0.7666666666666689,0.32857142857142957,0.16428571428571428
2023-05-27,36.3,23.1,29.0,0.0,12.3,51,5,147,2,27.8,28.4,30.9,34.0,29.033333333333307,32.357142857142854,32.51428571428571,1.1,1.1,1.2,0.0,1.1333333333333357,0.48571428571428676,0.24285714285714288
2023-05-28,36.8,23.6,30.2,0.0,15.0,45,5,148,2,29.0,27.8,28.4,35.0,28.399999999999977,31.642857142857142,32.15,0.0,1.1,1.1,0.0,0.7333333333333357,0.48571428571428676,0.24285714285714288
2023-05-29,34.6,24.4,27.6,11.0,36.2,59,5,149,2,30.2,29.0,27.8,35.4,28.999999999999975,30.957142857142856,31.96428571428571,0.0,0.0,1.1,0.0,0.3666666666666691,0.48571428571428676,0.24285714285714288
2023-05-30,33.0,22.3,27.0,4.0,17.7,56,5,150,2,27.6,30.2,29.0,35.0,28.93333333333331,29.842857142857138,31.57857142857143,11.0,0.0,0.0,0.0,3.666666666666669,2.0571428571428583,1.0285714285714287
2023-05-31,28.5,22.4,25.0,1.3,20.1,67,5,151,2,27.0,27.6,30.2,30.9,28.26666666666664,28.699999999999996,31.164285714285715,4.0,11.0,0.0,1.2,5.000000000000003,2.6285714285714294,1.3142857142857143
2023-06-01,26.5,20.0,22.5,14.8,14.2,83,6,152,3,25.0,27.0,27.6,28.4,26.533333333333314,27.857142857142858,30.57857142857143,1.3,4.0,11.0,1.1,5.433333333333336,2.6428571428571437,1.407142857142857
2023-06-02,30.8,19.0,24.7,0.0,9.7,70,6,153,3,22.5,25.0,27.0,27.8,24.83333333333331,27.014285714285716,29.978571428571428,14.8,1.3,4.0,1.1,6.700000000000003,4.600000000000001,2.4642857142857144
2023-06-03,34.0,21.1,28.0,0.0,9.0,53,6,154,3,24.7,22.5,25.0,29.0,24.066666666666645,26.571428571428573,29.464285714285715,0.0,14.8,1.3,0.0,5.36666666666667,4.442857142857144,2.4642857142857144
2023-06-04,36.4,23.1,29.5,0.0,10.9,48,6,155,3,28.0,24.7,22.5,30.2,25.066666666666645,26.428571428571427,29.035714285714285,0.0,0.0,14.8,0.0,4.933333333333336,4.442857142857144,2.4642857142857144
2023-06-05,37.3,23.9,30.9,0.0,12.4,41,6,156,3,29.5,28.0,24.7,27.6,27.399999999999977,26.32857142857143,28.642857142857142,0.0,0.0,0.0,11.0,0.0,4.442857142857144,2.4642857142857144
2023-06-06,36.7,24.1,30.4,0.6,13.0,44,6,157,3,30.9,29.5,28.0,27.0,29.46666666666664,26.8,28.321428571428573,0.0,0.0,0.0,4.0,0.0,2.8714285714285728,2.4642857142857144
2023-06-07,35.8,23.9,30.3,0.4,17.6,54,6,158,3,30.4,30.9,29.5,25.0,30.26666666666664,27.285714285714285,27.99285714285714,0.6,0.0,0.0,1.3,0.20000000000000237,2.385714285714287,2.507142857142857
2023-06-08,39.0,24.7,32.0,0.0,14.2,43,6,159,3,30.3,30.4,30.9,22.5,30.533333333333307,28.042857142857144,27.95,0.4,0.6,0.0,14.8,0.3333333333333357,2.2571428571428584,2.4499999999999997
2023-06-09,40.9,25.8,33.8,0.0,10.5,36,6,160,3,32.0,30.3,30.4,24.7,30.899999999999977,29.400000000000002,28.20714285714286,0.0,0.4,0.6,0.0,0.3333333333333357,0.14285714285714388,2.3714285714285714
2023-06-10,41.2,28.4,34.7,0.0,23.8,34,6,161,3,33.8,32.0,30.3,28.0,32.03333333333331,30.699999999999996,28.635714285714283,0.0,0.0,0.4,0.0,0.13333333333333572,0.14285714285714388,2.292857142857143
2023-06-11,38.3,26.1,32.9,0.3,14.4,47,6,162,3,34.7,33.8,32.0,29.5,33.49999999999998,31.657142857142855,29.042857142857144,0.0,0.0,0.0,0.0,0.0,0.14285714285714388,2.292857142857143
2023-06-12,40.5,27.7,34.1,0.3,18.2,51,6,163,3,32.9,34.7,33.8,30.9,33.799999999999976,32.142857142857146,29.235714285714288,0.3,0.0,0.0,0.0,0.10000000000000236,0.18571428571428675,2.3142857142857145
2023-06-13,40.9,29.6,34.9,0.0,17.1,44,6,164,3,34.1,32.9,34.7,30.4,33.89999999999998,32.6,29.7,0.3,0.3,0.0,0.6,0.20000000000000237,0.2285714285714296,1.5500000000000003
2023-06-14,40.4,28.5,34.5,0.0,18.4,44,6,165,3,34.9,34.1,32.9,30.3,33.96666666666664,33.24285714285715,30.264285714285712,0.0,0.3,0.3,0.4,0.20000000000000237,0.14285714285714388,1.2642857142857145
2023-06-15,34.8,25.5,30.0,6.5,24.0,63,6,166,3,34.5,34.9,34.1,32.0,34.49999999999997,33.84285714285714,30.942857142857143,0.0,0.0,0.3,0.0,0.10000000000000236,0.08571428571428673,1.1714285714285715
2023-06-16,36.7,26.4,31.3,3.5,24.2,57,6,167,3,30.0,34.5,34.9,33.8,33.133333333333304,33.55714285714286,31.478571428571428,6.5,0.0,0.0,0.0,2.166666666666669,1.0142857142857153,0.5785714285714285
2023-06-17,39.3,28.5,33.8,0.0,10.7,48,6,168,3,31.3,30.0,34.5,34.7,31.93333333333331,33.2,31.95,3.5,6.5,0.0,0.0,3.3333333333333357,1.5142857142857153,0.8285714285714285
2023-06-18,40.0,28.2,34.2,0.0,14.3,47,6,169,3,33.8,31.3,30.0,32.9,31.699999999999978,33.07142857142857,32.364285714285714,0.0,3.5,6.5,0.3,3.3333333333333357,1.5142857142857153,0.8285714285714285
2023-06-19,39.2,28.9,33.9,0.0,9.5,52,6,170,3,34.2,33.8,31.3,34.1,33.09999999999997,33.25714285714286,32.7,0.0,0.0,3.5,0.3,1.166666666666669,1.4714285714285722,0.8285714285714285
2023-06-20,42.0,30.0,35.6,0.0,9.2,45,6,171,3,33.9,34.2,33.8,34.9,33.96666666666665,33.22857142857143,32.91428571428571,0.0,0.0,0.0,0.0,0.0,1.4285714285714295,0.8285714285714285
2023-06-21,43.0,31.0,36.2,0.0,10.2,43,6,172,3,35.6,33.9,34.2,34.5,34.56666666666664,33.32857142857143,33.285714285714285,0.0,0.0,0.0,0.0,0.0,1.4285714285714295,0.7857142857142857
2023-06-22,43.9,31.1,37.2,0.0,15.5,42,6,173,3,36.2,35.6,33.9,30.0,35.23333333333331,33.57142857142857,33.707142857142856,0.0,0.0,0.0,6.5,0.0,1.4285714285714295,0.7571428571428571
2023-06-23,43.9,33.0,37.8,0.0,15.5,40,6,174,3,37.2,36.2,35.6,31.3,36.333333333333314,34.6,34.07857142857143,0.0,0.0,0.0,3.5,0.0,0.500000000000001,0.7571428571428571
2023-06-24,42.6,32.4,37.2,0.0,13.3,39,6,175,3,37.8,37.2,36.2,33.8,37.06666666666664,35.52857142857143,34.364285714285714,0.0,0.0,0.0,0.0,0.0,0.0,0.7571428571428571
2023-06-25,42.8,31.4,36.3,0.0,22.9,45,6,176,3,37.2,37.8,37.2,34.2,37.39999999999998,36.01428571428572,34.542857142857144,0.0,0.0,0.0,0.0,0.0,0.0,0.7571428571428571
2023-06-26,35.2,28.6,31.2,0.0,26.2,64,6,177,3,36.3,37.2,37.8,33.9,37.09999999999997,36.31428571428572,34.785714285714285,0.0,0.0,0.0,0.0,0.0,0.0,0.7357142857142857
2023-06-27,36.8,27.1,32.1,0.0,14.3,59,6,178,3,31.2,36.3,37.2,35.6,34.89999999999998,35.92857142857143,34.57857142857143,0.0,0.0,0.0,0.0,0.0,0.0,0.7142857142857143
2023-06-28,37.7,27.5,32.6,0.0,17.4,61,6,179,3,32.1,31.2,36.3,36.2,33.19999999999998,35.42857142857143,34.378571428571426,0.0,0.0,0.0,0.0,0.0,0.0,0.7142857142857143
2023-06-29,36.2,28.5,32.0,1.4,9.7,65,6,180,3,32.6,32.1,31.2,37.2,31.96666666666665,34.91428571428572,34.24285714285715,0.0,0.0,0.0,0.0,0.0,0.0,0.7142857142857143
2023-06-30,36.0,25.3,30.6,9.0,17.1,70,6,181,3,32.0,32.6,32.1,37.8,32.23333333333331,34.17142857142857,34.385714285714286,1.4,0.0,0.0,0.0,0.466666666666669,0.200000000000001,0.35000000000000003
2023-07-01,37.0,27.6,31.7,0.0,11.6,66,7,182,3,30.6,32.0,32.6,37.2,31.733333333333317,33.142857142857146,34.33571428571428,9.0,1.4,0.0,0.0,3.466666666666669,1.4857142857142869,0.7428571428571429
2023-07-02,36.5,28.0,31.9,1.4,10.1,65,7,183,3,31.7,30.6,32.0,36.3,31.433333333333312,32.357142857142854,34.18571428571428,0.0,9.0,1.4,0.0,3.466666666666669,1.4857142857142869,0.7428571428571429
2023-07-03,39.3,29.4,34.1,0.0,9.0,58,7,184,3,31.9,31.7,30.6,31.2,31.39999999999998,31.728571428571428,34.02142857142857,1.4,0.0,9.0,0.0,3.466666666666669,1.6857142857142868,0.8428571428571429
2023-07-04,40.2,27.8,34.1,7.0,17.7,56,7,185,3,34.1,31.9,31.7,32.1,32.56666666666664,32.142857142857146,34.035714285714285,0.0,1.4,0.0,0.0,0.466666666666669,1.6857142857142868,0.8428571428571429
2023-07-05,32.9,26.5,28.9,28.6,18.8,80,7,186,3,34.1,34.1,31.9,32.6,33.366666666666646,32.42857142857143,33.92857142857143,7.0,0.0,1.4,0.0,2.8000000000000025,2.685714285714287,1.342857142857143
2023-07-06,32.4,24.0,27.9,28.5,22.2,81,7,187,3,28.9,34.1,34.1,32.0,32.366666666666646,31.900000000000002,33.40714285714286,28.6,7.0,0.0,1.4,11.866666666666669,6.771428571428572,3.385714285714286
2023-07-07,32.5,24.4,28.4,8.0,12.1,79,7,188,3,27.9,28.9,34.1,30.6,30.29999999999998,31.314285714285713,32.74285714285714,28.5,28.6,7.0,9.0,21.36666666666667,10.642857142857144,5.421428571428572
2023-07-08,29.7,25.9,27.5,0.4,17.6,83,7,189,3,28.4,27.9,28.9,31.7,28.399999999999977,31.0,32.07142857142857,8.0,28.5,28.6,0.0,21.700000000000003,10.500000000000002,5.992857142857143
2023-07-09,33.5,25.6,28.7,0.1,11.8,77,7,190,3,27.5,28.4,27.9,31.9,27.93333333333331,30.400000000000002,31.378571428571426,0.4,8.0,28.5,1.4,12.300000000000002,10.557142857142859,6.021428571428571
2023-07-10,33.6,24.9,29.0,0.0,15.0,77,7,191,3,28.7,27.5,28.4,34.1,28.199999999999978,29.942857142857143,30.835714285714285,0.1,0.4,8.0,0.0,2.8333333333333357,10.371428571428572,6.028571428571429
2023-07-11,35.7,25.4,30.3,0.0,8.4,71,7,192,3,29.0,28.7,27.5,34.1,28.399999999999977,29.214285714285715,30.678571428571427,0.0,0.1,0.4,7.0,0.16666666666666904,10.371428571428572,6.028571428571429
2023-07-12,36.3,26.8,31.8,0.0,15.8,68,7,193,3,30.3,29.0,28.7,28.9,29.333333333333314,28.67142857142857,30.55,0.0,0.0,0.1,28.6,0.033333333333335706,9.371428571428572,6.028571428571429
2023-07-13,35.1,26.3,30.6,1.6,14.3,73,7,194,3,31.8,30.3,29.0,27.9,30.366666666666646,29.08571428571429,30.49285714285714,0.0,0.0,0.0,28.5,0.0,5.285714285714287,6.028571428571429
2023-07-14,34.6,27.5,30.9,0.7,10.8,74,7,195,3,30.6,31.8,30.3,28.4,30.899999999999977,29.47142857142857,30.392857142857142,1.6,0.0,0.0,8.0,0.5333333333333358,1.4428571428571437,6.042857142857143
2023-07-15,35.4,28.0,30.9,0.2,13.7,74,7,196,3,30.9,30.6,31.8,27.5,31.09999999999998,29.82857142857143,30.414285714285715,0.7,1.6,0.0,0.4,0.7666666666666689,0.40000000000000097,5.45
2023-07-16,34.7,28.2,30.7,5.3,14.9,76,7,197,3,30.9,30.9,30.6,28.7,30.79999999999998,30.314285714285713,30.357142857142858,0.2,0.7,1.6,0.1,0.8333333333333357,0.37142857142857244,5.464285714285714
2023-07-17,35.7,27.0,31.5,0.0,9.7,73,7,198,3,30.7,30.9,30.9,29.0,30.83333333333331,30.6,30.271428571428572,5.3,0.2,0.7,0.0,2.0666666666666687,1.1142857142857152,5.742857142857143
2023-07-18,36.3,27.3,31.7,2.9,16.6,74,7,199,3,31.5,30.7,30.9,30.3,31.033333333333314,30.95714285714286,30.08571428571429,0.0,5.3,0.2,0.0,1.8333333333333357,1.1142857142857152,5.742857142857143
2023-07-19,35.1,28.6,30.9,0.0,20.4,77,7,200,3,31.7,31.5,30.7,31.8,31.29999999999998,31.157142857142855,29.914285714285715,2.9,0.0,5.3,0.0,2.7333333333333356,1.5285714285714296,5.450000000000001
2023-07-20,34.1,26.3,30.4,20.0,12.0,78,7,201,3,30.9,31.7,31.5,30.6,31.366666666666646,31.02857142857143,30.057142857142853,0.0,2.9,0.0,1.6,0.966666666666669,1.5285714285714296,3.407142857142857
2023-07-21,35.1,27.2,30.7,1.0,7.3,78,7,202,3,30.4,30.9,31.7,30.9,30.999999999999975,31.0,30.235714285714288,20.0,0.0,2.9,0.7,7.6333333333333355,4.157142857142858,2.8000000000000003
2023-07-22,32.2,27.1,29.1,11.0,17.1,85,7,203,3,30.7,30.4,30.9,30.9,30.666666666666643,30.971428571428568,30.400000000000002,1.0,20.0,0.0,0.2,7.000000000000003,4.200000000000001,2.3000000000000003
2023-07-23,34.3,26.7,30.2,0.5,16.8,78,7,204,3,29.1,30.7,30.4,30.7,30.066666666666645,30.714285714285715,30.514285714285712,11.0,1.0,20.0,5.3,10.66666666666667,5.742857142857143,3.057142857142857
2023-07-24,34.6,28.0,30.4,1.2,12.6,81,7,205,3,30.2,29.1,30.7,31.5,29.999999999999975,30.642857142857142,30.621428571428574,0.5,11.0,1.0,0.0,4.166666666666669,5.057142857142858,3.085714285714286
2023-07-25,32.9,27.7,29.9,4.2,10.5,84,7,206,3,30.4,30.2,29.1,31.7,29.899999999999977,30.485714285714284,30.72142857142857,1.2,0.5,11.0,2.9,4.233333333333335,5.2285714285714295,3.1714285714285713
2023-07-26,33.8,26.0,29.7,8.1,10.3,82,7,207,3,29.9,30.4,30.2,30.9,30.166666666666643,30.228571428571428,30.692857142857143,4.2,1.2,0.5,0.0,1.9666666666666692,5.414285714285716,3.4714285714285715
2023-07-27,32.6,25.3,28.8,18.7,17.6,85,7,208,3,29.7,29.9,30.4,30.4,29.999999999999975,30.057142857142853,30.542857142857144,8.1,4.2,1.2,20.0,4.500000000000003,6.571428571428574,4.05
2023-07-28,33.5,25.2,29.3,13.7,11.2,82,7,209,3,28.8,29.7,29.9,30.7,29.466666666666644,29.828571428571426,30.41428571428571,18.7,8.1,4.2,1.0,10.333333333333336,6.385714285714286,5.271428571428571
2023-07-29,33.7,24.7,28.3,12.6,15.1,82,7,210,3,29.3,28.8,29.7,29.1,29.26666666666664,29.62857142857143,30.3,13.7,18.7,8.1,11.0,13.5,8.200000000000001,6.2
2023-07-30,34.3,24.8,29.5,0.0,7.8,77,7,211,3,28.3,29.3,28.8,30.2,28.79999999999998,29.514285714285712,30.114285714285717,12.6,13.7,18.7,0.5,15.000000000000002,8.428571428571429,7.0857142857142845
2023-07-31,35.2,27.0,31.0,0.6,11.4,73,7,212,3,29.5,28.3,29.3,30.4,29.033333333333314,29.41428571428571,30.02857142857143,0.0,12.6,13.7,1.2,8.766666666666667,8.357142857142858,6.707142857142856
2023-08-01,36.2,27.3,31.7,0.9,10.4,72,8,213,3,31.0,29.5,28.3,29.9,29.59999999999998,29.5,29.99285714285714,0.6,0.0,12.6,4.2,4.400000000000002,8.271428571428572,6.75
2023-08-02,37.1,29.0,32.1,0.2,19.2,72,8,214,3,31.7,31.0,29.5,29.7,30.73333333333331,29.75714285714286,29.99285714285714,0.9,0.6,0.0,8.1,0.5000000000000023,7.800000000000002,6.607142857142857
2023-08-03,35.7,27.9,31.6,0.0,11.4,72,8,215,3,32.1,31.7,31.0,28.8,31.59999999999998,30.1,30.07857142857143,0.2,0.9,0.6,18.7,0.566666666666669,6.671428571428572,6.621428571428572
2023-08-04,36.3,27.7,32.0,6.4,12.1,71,8,216,3,31.6,32.1,31.7,29.3,31.799999999999983,30.5,30.16428571428571,0.0,0.2,0.9,13.7,0.3666666666666691,4.000000000000001,5.192857142857143
2023-08-05,36.5,26.1,31.2,5.8,16.3,73,8,217,3,32.0,31.6,32.1,28.3,31.899999999999977,30.885714285714283,30.257142857142856,6.4,0.0,0.2,12.6,2.2000000000000024,2.957142857142858,5.578571428571429
2023-08-06,35.5,28.5,31.6,2.2,11.5,73,8,218,3,31.2,32.0,31.6,29.5,31.59999999999998,31.300000000000004,30.407142857142862,5.8,6.4,0.0,0.0,4.066666666666669,1.9857142857142869,5.207142857142857
2023-08-07,36.4,26.6,31.7,0.0,15.0,66,8,219,3,31.6,31.2,32.0,31.0,31.59999999999998,31.6,30.507142857142856,2.2,5.8,6.4,0.6,4.8000000000000025,2.300000000000001,5.328571428571429
2023-08-08,36.6,26.9,31.9,2.3,12.2,66,8,220,3,31.7,31.6,31.2,31.7,31.499999999999982,31.7,30.599999999999998,0.0,2.2,5.8,0.9,2.666666666666669,2.2142857142857153,5.242857142857143
2023-08-09,37.7,26.1,33.0,0.4,12.2,64,8,221,3,31.9,31.7,31.6,32.1,31.73333333333331,31.728571428571428,30.742857142857144,2.3,0.0,2.2,0.2,1.5000000000000024,2.414285714285715,5.107142857142857
2023-08-10,37.8,29.2,33.5,0.0,14.5,60,8,222,3,33.0,31.9,31.7,31.6,32.19999999999998,31.857142857142858,30.97857142857143,0.4,2.3,0.0,0.0,0.9000000000000022,2.442857142857144,4.557142857142858
2023-08-11,37.9,29.2,33.1,0.0,14.2,57,8,223,3,33.5,33.0,31.9,32.0,32.799999999999976,32.128571428571426,31.314285714285717,0.0,0.4,2.3,6.4,0.9000000000000022,2.442857142857144,3.2214285714285715
2023-08-12,38.7,29.8,33.9,0.0,16.0,53,8,224,3,33.1,33.5,33.0,31.2,33.19999999999998,32.285714285714285,31.585714285714285,0.0,0.0,0.4,5.8,0.13333333333333572,1.5285714285714296,2.242857142857143
2023-08-13,38.3,29.6,33.7,0.0,17.4,56,8,225,3,33.9,33.1,33.5,31.6,33.49999999999998,32.67142857142857,31.985714285714288,0.0,0.0,0.0,2.2,0.0,0.7000000000000011,1.3428571428571427
2023-08-14,37.9,29.7,33.3,0.0,17.1,56,8,226,3,33.7,33.9,33.1,31.7,33.56666666666665,32.971428571428575,32.285714285714285,0.0,0.0,0.0,0.0,0.0,0.3857142857142867,1.3428571428571427
2023-08-15,35.4,27.8,31.4,0.3,15.3,67,8,227,3,33.3,33.7,33.9,31.9,33.63333333333331,33.2,32.45,0.0,0.0,0.0,2.3,0.0,0.3857142857142867,1.3
2023-08-16,37.3,27.8,32.4,0.0,13.6,64,8,228,3,31.4,33.3,33.7,33.0,32.79999999999998,33.128571428571426,32.42857142857143,0.3,0.0,0.0,0.4,0.10000000000000236,0.100000000000001,1.257142857142857
2023-08-17,38.5,29.3,33.5,0.0,16.6,55,8,229,3,32.4,31.4,33.3,33.5,32.36666666666664,33.042857142857144,32.449999999999996,0.0,0.3,0.0,0.0,0.10000000000000236,0.04285714285714387,1.2428571428571427
2023-08-18,38.6,29.5,33.8,0.3,9.2,58,8,230,3,33.5,32.4,31.4,33.1,32.43333333333331,33.042857142857144,32.58571428571429,0.0,0.0,0.3,0.0,0.10000000000000236,0.04285714285714387,1.2428571428571427
2023-08-19,38.7,29.6,33.6,0.1,17.8,58,8,231,3,33.8,33.5,32.4,33.9,33.23333333333331,33.142857142857146,32.714285714285715,0.3,0.0,0.0,0.0,0.10000000000000236,0.08571428571428673,0.8071428571428572
2023-08-20,37.6,29.2,33.2,0.1,11.4,64,8,232,3,33.6,33.8,33.5,33.7,33.63333333333331,33.1,32.885714285714286,0.1,0.3,0.0,0.0,0.13333333333333572,0.100000000000001,0.39999999999999997
2023-08-21,39.6,30.0,34.6,0.0,9.3,56,8,233,3,33.2,33.6,33.8,33.3,33.53333333333331,33.02857142857143,33.0,0.1,0.1,0.3,0.0,0.16666666666666904,0.11428571428571531,0.25
2023-08-22,41.4,31.1,36.1,0.0,13.6,50,8,234,3,34.6,33.2,33.6,31.4,33.79999999999998,33.214285714285715,33.20714285714286,0.0,0.1,0.1,0.3,0.06666666666666904,0.11428571428571531,0.25
2023-08-23,39.7,31.4,34.6,0.0,18.9,52,8,235,3,36.1,34.6,33.2,32.4,34.63333333333332,33.885714285714286,33.50714285714285,0.0,0.0,0.1,0.0,0.033333333333335706,0.07142857142857244,0.08571428571428572
2023-08-24,36.5,29.2,32.5,0.0,15.1,56,8,236,3,34.6,36.1,34.6,33.5,35.09999999999997,34.2,33.621428571428574,0.0,0.0,0.0,0.0,0.0,0.07142857142857244,0.05714285714285715
2023-08-25,35.0,25.2,29.9,9.9,18.3,69,8,237,3,32.5,34.6,36.1,33.8,34.39999999999998,34.057142857142864,33.55,0.0,0.0,0.0,0.3,0.0,0.07142857142857244,0.05714285714285715
2023-08-26,33.3,24.2,27.5,1.0,15.1,80,8,238,3,29.9,32.5,34.6,33.6,32.333333333333314,33.5,33.32142857142857,9.9,0.0,0.0,0.1,3.3000000000000025,1.4428571428571437,0.7642857142857143
2023-08-27,35.1,24.9,29.9,0.0,10.4,69,8,239,3,27.5,29.9,32.5,33.2,29.966666666666644,32.628571428571426,32.864285714285714,1.0,9.9,0.0,0.1,3.633333333333336,1.5714285714285725,0.8357142857142857
2023-08-28,34.3,26.5,30.1,1.0,12.6,69,8,240,3,29.9,27.5,29.9,34.6,29.099999999999977,32.15714285714286,32.59285714285714,0.0,1.0,9.9,0.0,3.633333333333336,1.5571428571428583,0.8357142857142857
2023-08-29,35.1,23.9,30.0,0.4,12.5,67,8,241,3,30.1,29.9,27.5,36.1,29.166666666666647,31.514285714285712,32.364285714285714,1.0,0.0,1.0,0.0,0.6666666666666691,1.700000000000001,0.9071428571428573
2023-08-30,37.3,26.5,31.7,0.0,10.8,59,8,242,3,30.0,30.1,29.9,34.6,29.999999999999982,30.642857142857142,32.26428571428571,0.4,1.0,0.0,0.0,0.466666666666669,1.7571428571428582,0.9142857142857144
2023-08-31,38.6,27.1,32.7,0.0,11.9,55,8,243,3,31.7,30.0,30.1,32.5,30.59999999999998,30.228571428571428,32.214285714285715,0.0,0.4,1.0,0.0,0.466666666666669,1.7571428571428582,0.9142857142857144
2023-09-01,39.1,27.9,33.1,0.0,16.6,50,9,244,4,32.7,31.7,30.0,29.9,31.46666666666665,30.25714285714286,32.15714285714286,0.0,0.0,0.4,9.9,0.13333333333333572,1.7571428571428582,0.9142857142857144
2023-09-02,37.6,26.7,31.8,0.0,17.2,54,9,245,4,33.1,32.7,31.7,27.5,32.49999999999998,30.714285714285715,32.107142857142854,0.0,0.0,0.0,1.0,0.0,0.34285714285714386,0.892857142857143
2023-09-03,37.0,26.3,31.1,0.0,12.9,56,9,246,4,31.8,33.1,32.7,29.9,32.53333333333331,31.32857142857143,31.978571428571428,0.0,0.0,0.0,0.0,0.0,0.200000000000001,0.8857142857142859
2023-09-04,37.6,25.8,31.7,0.0,10.8,56,9,247,4,31.1,31.8,33.1,30.1,31.999999999999982,31.5,31.82857142857143,0.0,0.0,0.0,1.0,0.0,0.200000000000001,0.8785714285714287
2023-09-05,37.6,27.1,32.0,0.0,11.1,54,9,248,4,31.7,31.1,31.8,30.0,31.533333333333314,31.72857142857143,31.62142857142857,0.0,0.0,0.0,0.4,0.0,0.05714285714285816,0.8785714285714287
2023-09-06,37.1,28.1,32.4,0.0,10.1,53,9,249,4,32.0,31.7,31.1,31.7,31.59999999999998,32.01428571428572,31.32857142857143,0.0,0.0,0.0,0.0,0.0,0.0,0.8785714285714287
2023-09-07,38.8,27.9,32.9,0.0,8.6,50,9,250,4,32.4,32.0,31.7,32.7,32.03333333333331,32.114285714285714,31.17142857142857,0.0,0.0,0.0,0.0,0.0,0.0,0.8785714285714287
2023-09-08,39.5,27.4,33.1,0.0,11.9,47,9,251,4,32.9,32.4,32.0,33.1,32.433333333333316,32.142857142857146,31.2,0.0,0.0,0.0,0.0,0.0,0.0,0.8785714285714287
2023-09-09,37.5,27.1,32.2,0.0,11.9,53,9,252,4,33.1,32.9,32.4,31.8,32.799999999999976,32.142857142857146,31.428571428571427,0.0,0.0,0.0,0.0,0.0,0.0,0.17142857142857143
2023-09-10,36.9,27.8,32.0,0.0,13.4,59,9,253,4,32.2,33.1,32.9,31.1,32.73333333333331,32.2,31.764285714285716,0.0,0.0,0.0,0.0,0.0,0.0,0.09999999999999999
2023-09-11,36.2,27.7,31.6,0.0,11.6,62,9,254,4,32.0,32.2,33.1,31.7,32.43333333333331,32.32857142857143,31.914285714285715,0.0,0.0,0.0,0.0,0.0,0.0,0.09999999999999999
2023-09-12,37.1,28.1,32.2,0.0,10.7,58,9,255,4,31.6,32.0,32.2,32.0,31.933333333333312,32.31428571428572,32.02142857142857,0.0,0.0,0.0,0.0,0.0,0.0,0.028571428571428574
2023-09-13,37.2,28.1,32.6,0.0,10.0,61,9,256,4,32.2,31.6,32.0,32.4,31.933333333333312,32.34285714285714,32.17857142857143,0.0,0.0,0.0,0.0,0.0,0.0,0.0
2023-09-14,37.7,29.1,33.0,0.1,10.2,63,9,257,4,32.6,32.2,31.6,32.9,32.13333333333332,32.371428571428574,32.24285714285714,0.0,0.0,0.0,0.0,0.0,0.0,0.0
2023-09-15,37.0,28.6,31.9,4.1,15.3,67,9,258,4,33.0,32.6,32.2,33.1,32.59999999999999,32.385714285714286,32.26428571428571,0.1,0.0,0.0,0.0,0.033333333333335706,0.014285714285715302,0.0071428571428571435
2023-09-16,35.9,27.2,31.2,0.1,12.5,69,9,259,4,31.9,33.0,32.6,32.2,32.49999999999998,32.214285714285715,32.17857142857143,4.1,0.1,0.0,0.0,1.4000000000000021,0.6000000000000009,0.29999999999999993
2023-09-17,35.4,25.2,30.0,0.3,15.0,68,9,260,4,31.2,31.9,33.0,32.0,32.03333333333331,32.07142857142857,32.135714285714286,0.1,4.1,0.1,0.0,1.4333333333333353,0.6142857142857151,0.30714285714285705
2023-09-18,33.0,25.9,28.5,3.7,15.9,74,9,261,4,30.0,31.2,31.9,31.6,31.033333333333314,31.785714285714285,32.05714285714286,0.3,0.1,4.1,0.0,1.5000000000000024,0.6571428571428581,0.32857142857142857
2023-09-19,33.2,23.7,27.9,9.9,15.6,78,9,262,4,28.5,30.0,31.2,32.2,29.899999999999977,31.342857142857145,31.82857142857143,3.7,0.3,0.1,0.0,1.366666666666669,1.1857142857142866,0.5928571428571427
2023-09-20,34.1,24.8,29.3,0.7,11.1,73,9,263,4,27.9,28.5,30.0,32.6,28.79999999999998,30.728571428571428,31.535714285714285,9.9,3.7,0.3,0.0,4.6333333333333355,2.600000000000001,1.3
2023-09-21,35.3,25.7,30.5,0.0,10.5,69,9,264,4,29.3,27.9,28.5,33.0,28.566666666666645,30.257142857142856,31.314285714285717,0.7,9.9,3.7,0.1,4.766666666666668,2.7000000000000006,1.3499999999999999
2023-09-22,34.7,27.1,29.6,2.4,16.8,74,9,265,4,30.5,29.3,27.9,31.9,29.23333333333331,29.9,31.142857142857142,0.0,0.7,9.9,4.1,3.5333333333333354,2.6857142857142864,1.3499999999999999
2023-09-23,32.7,23.8,28.2,7.2,23.8,75,9,266,4,29.6,30.5,29.3,31.2,29.799999999999983,29.571428571428573,30.892857142857142,2.4,0.0,0.7,0.1,1.0333333333333357,2.442857142857144,1.5214285714285711
2023-09-24,33.1,22.6,27.5,9.9,15.5,77,9,267,4,28.2,29.6,30.5,30.0,29.433333333333312,29.142857142857142,30.607142857142858,7.2,2.4,0.0,0.3,3.2000000000000024,3.457142857142858,2.0357142857142856
2023-09-25,31.7,22.2,26.5,7.8,25.9,78,9,268,4,27.5,28.2,29.6,28.5,28.433333333333312,28.785714285714285,30.285714285714285,9.9,7.2,2.4,3.7,6.500000000000003,4.82857142857143,2.742857142857143
2023-09-26,33.0,23.2,27.4,0.0,8.3,73,9,269,4,26.5,27.5,28.2,27.9,27.399999999999977,28.5,29.921428571428574,7.8,9.9,7.2,9.9,8.300000000000002,5.4142857142857155,3.3
2023-09-27,34.1,21.8,28.0,0.0,8.6,65,9,270,4,27.4,26.5,27.5,29.3,27.13333333333331,28.428571428571427,29.57857142857143,0.0,7.8,9.9,0.7,5.900000000000003,4.000000000000001,3.3
2023-09-28,35.5,22.6,28.3,0.0,11.6,59,9,271,4,28.0,27.4,26.5,30.5,27.29999999999998,28.242857142857144,29.25,0.0,0.0,7.8,0.0,2.6000000000000023,3.9000000000000012,3.3
2023-09-29,34.5,23.3,27.7,0.0,27.0,58,9,272,4,28.3,28.0,27.4,29.6,27.899999999999977,27.928571428571427,28.914285714285715,0.0,0.0,0.0,2.4,0.0,3.9000000000000012,3.2928571428571423
2023-09-30,32.9,21.2,26.2,0.0,11.2,54,9,273,4,27.7,28.3,28.0,28.2,27.999999999999982,27.657142857142855,28.61428571428571,0.0,0.0,0.0,7.2,0.0,3.557142857142858,3.0
2023-10-01,34.3,20.1,25.9,0.0,10.9,50,10,274,4,26.2,27.7,28.3,27.5,27.399999999999977,27.37142857142857,28.257142857142856,0.0,0.0,0.0,9.9,0.0,2.5285714285714294,2.992857142857143
2023-10-02,34.0,19.4,26.5,0.0,12.1,47,10,275,4,25.9,26.2,27.7,26.5,26.599999999999977,27.142857142857142,27.964285714285715,0.0,0.0,0.0,7.8,0.0,1.1142857142857152,2.971428571428571
2023-10-03,35.4,19.7,26.8,0.0,10.2,51,10,276,4,26.5,25.9,26.2,27.4,26.199999999999978,27.142857142857142,27.821428571428573,0.0,0.0,0.0,0.0,0.0,0.0,2.707142857142857
2023-10-04,35.3,20.9,27.1,0.0,11.2,49,10,277,4,26.8,26.5,25.9,28.0,26.399999999999977,27.057142857142853,27.74285714285714,0.0,0.0,0.0,0.0,0.0,0.0,2.0
2023-10-05,35.8,20.7,27.4,0.0,10.7,46,10,278,4,27.1,26.8,26.5,28.3,26.79999999999998,26.928571428571427,27.585714285714285,0.0,0.0,0.0,0.0,0.0,0.0,1.95
2023-10-06,35.8,19.8,27.8,0.0,13.9,53,10,279,4,27.4,27.1,26.8,27.7,27.09999999999998,26.8,27.36428571428571,0.0,0.0,0.0,0.0,0.0,0.0,1.95
2023-10-07,35.9,24.4,29.3,0.0,12.9,61,10,280,4,27.8,27.4,27.1,26.2,27.433333333333312,26.814285714285713,27.235714285714288,0.0,0.0,0.0,0.0,0.0,0.0,1.7785714285714285
2023-10-08,35.0,24.6,29.4,0.0,10.0,65,10,281,4,29.3,27.8,27.4,25.9,28.166666666666643,27.25714285714286,27.314285714285713,0.0,0.0,0.0,0.0,0.0,0.0,1.2642857142857142
2023-10-09,35.7,23.7,28.4,0.0,24.7,60,10,282,4,29.4,29.3,27.8,26.5,28.833333333333314,27.757142857142856,27.449999999999996,0.0,0.0,0.0,0.0,0.0,0.0,0.5571428571428572
2023-10-10,32.1,20.3,25.5,0.0,12.8,64,10,283,4,28.4,29.4,29.3,26.8,29.033333333333314,28.02857142857143,27.585714285714285,0.0,0.0,0.0,0.0,0.0,0.0,0.0
2023-10-11,33.7,19.5,26.2,0.0,8.7,54,10,284,4,25.5,28.4,29.4,27.1,27.766666666666648,27.842857142857145,27.45,0.0,0.0,0.0,0.0,0.0,0.0,0.0
2023-10-12,33.8,20.9,26.6,0.0,9.5,55,10,285,4,26.2,25.5,28.4,27.4,26.699999999999978,27.714285714285715,27.321428571428573,0.0,0.0,0.0,0.0,0.0,0.0,0.0
2023-10-13,34.9,21.4,27.5,0.0,13.2,57,10,286,4,26.6,26.2,25.5,27.8,26.09999999999998,27.6,27.2,0.0,0.0,0.0,0.0,0.0,0.0,0.0
2023-10-14,32.0,21.6,25.9,2.1,26.9,64,10,287,4,27.5,26.6,26.2,29.3,26.766666666666648,27.557142857142857,27.185714285714287,0.0,0.0,0.0,0.0,0.0,0.0,0.0
2023-10-15,29.9,19.1,24.1,8.7,32.5,65,10,288,4,25.9,27.5,26.6,29.4,26.666666666666647,27.071428571428573,27.164285714285715,2.1,0.0,0.0,0.0,0.7000000000000024,0.30000000000000104,0.15
2023-10-16,24.7,19.0,21.7,3.6,17.4,73,10,289,4,24.1,25.9,27.5,28.4,25.833333333333314,26.314285714285717,27.035714285714285,8.7,2.1,0.0,0.0,3.600000000000002,1.5428571428571438,0.7714285714285714
2023-10-17,24.9,16.9,19.7,10.3,17.4,80,10,290,4,21.7,24.1,25.9,25.5,23.899999999999977,25.357142857142858,26.692857142857143,3.6,8.7,2.1,0.0,4.800000000000002,2.057142857142858,1.0285714285714285
2023-10-18,26.2,15.8,20.4,0.0,10.4,68,10,291,4,19.7,21.7,24.1,26.2,21.833333333333314,24.52857142857143,26.185714285714287,10.3,3.6,8.7,0.0,7.533333333333336,3.5285714285714294,1.7642857142857142
2023-10-19,27.8,16.2,21.8,0.0,9.3,61,10,292,4,20.4,19.7,21.7,26.6,20.599999999999977,23.7,25.707142857142856,0.0,10.3,3.6,0.0,4.6333333333333355,3.5285714285714294,1.7642857142857142
2023-10-20,29.2,16.3,22.1,0.0,9.8,64,10,293,4,21.8,20.4,19.7,27.5,20.63333333333331,23.014285714285712,25.307142857142857,0.0,0.0,10.3,0.0,3.433333333333336,3.5285714285714294,1.7642857142857142
2023-10-21,27.8,17.7,22.2,2.5,25.0,65,10,294,4,22.1,21.8,20.4,25.9,21.433333333333312,22.24285714285714,24.900000000000002,0.0,0.0,0.0,2.1,0.0,3.5285714285714294,1.7642857142857142
2023-10-22,26.4,17.0,21.4,0.5,13.6,79,10,295,4,22.2,22.1,21.8,24.1,22.033333333333314,21.714285714285715,24.392857142857142,2.5,0.0,0.0,8.7,0.8333333333333357,3.5857142857142863,1.9428571428571428
2023-10-23,28.7,17.6,22.5,0.0,10.3,69,10,296,4,21.4,22.2,22.1,21.7,21.899999999999977,21.328571428571426,23.821428571428573,0.5,2.5,0.0,3.6,1.0000000000000024,2.414285714285715,1.9785714285714284
2023-10-24,29.7,16.6,23.0,0.0,9.1,61,10,297,4,22.5,21.4,22.2,19.7,22.033333333333314,21.442857142857143,23.4,0.0,0.5,2.5,10.3,1.0000000000000024,1.900000000000001,1.9785714285714284
2023-10-25,31.3,17.0,23.7,0.0,9.7,54,10,298,4,23.0,22.5,21.4,20.4,22.29999999999998,21.91428571428571,23.221428571428568,0.0,0.0,0.5,0.0,0.16666666666666904,0.4285714285714296,1.9785714285714284
2023-10-26,31.2,17.5,23.8,0.0,9.4,57,10,299,4,23.7,23.0,22.5,21.8,23.066666666666645,22.38571428571429,23.042857142857144,0.0,0.0,0.0,0.0,0.0,0.4285714285714296,1.9785714285714284
2023-10-27,31.8,17.9,24.6,0.0,10.9,57,10,300,4,23.8,23.7,23.0,22.1,23.499999999999982,22.67142857142857,22.842857142857138,0.0,0.0,0.0,0.0,0.0,0.4285714285714296,1.9785714285714284
2023-10-28,30.5,18.7,23.8,0.0,9.2,65,10,301,4,24.6,23.8,23.7,22.2,24.033333333333314,23.02857142857143,22.635714285714283,0.0,0.0,0.0,2.5,0.0,0.4285714285714296,1.9785714285714284
2023-10-29,31.4,18.2,24.2,0.0,9.9,62,10,302,4,23.8,24.6,23.8,21.4,24.066666666666645,23.25714285714286,22.485714285714288,0.0,0.0,0.0,0.5,0.0,0.07142857142857244,1.8285714285714285
2023-10-30,31.1,19.3,24.1,0.0,9.0,64,10,303,4,24.2,23.8,24.6,22.5,24.199999999999978,23.657142857142862,22.49285714285714,0.0,0.0,0.0,0.0,0.0,0.0,1.207142857142857
2023-10-31,31.6,18.6,24.2,0.0,9.1,63,10,304,4,24.1,24.2,23.8,23.0,24.033333333333314,23.88571428571429,22.664285714285715,0.0,0.0,0.0,0.0,0.0,0.0,0.9500000000000001
2023-11-01,30.0,19.1,22.3,9.7,26.2,77,11,305,4,24.2,24.1,24.2,23.7,24.166666666666647,24.057142857142857,22.985714285714288,0.0,0.0,0.0,0.0,0.0,0.0,0.21428571428571427
2023-11-02,28.9,17.6,21.7,7.6,32.0,79,11,306,4,22.3,24.2,24.1,23.8,23.533333333333314,23.857142857142858,23.121428571428574,9.7,0.0,0.0,0.0,3.2333333333333356,1.3857142857142866,0.9071428571428571
2023-11-03,29.8,16.8,22.3,0.0,9.0,66,11,307,4,21.7,22.3,24.2,24.6,22.73333333333331,23.557142857142857,23.114285714285717,7.6,9.7,0.0,0.0,5.766666666666668,2.471428571428572,1.4499999999999997
2023-11-04,30.5,15.9,22.4,0.0,11.1,61,11,308,4,22.3,21.7,22.3,23.8,22.099999999999977,23.22857142857143,23.12857142857143,0.0,7.6,9.7,0.0,5.766666666666668,2.471428571428572,1.4499999999999997
2023-11-05,30.0,16.2,23.1,0.0,9.3,62,11,309,4,22.4,22.3,21.7,24.2,22.13333333333331,23.02857142857143,23.142857142857142,0.0,0.0,7.6,0.0,2.5333333333333354,2.471428571428572,1.2714285714285711
2023-11-06,29.9,16.2,21.5,0.1,9.8,67,11,310,4,23.1,22.4,22.3,24.1,22.599999999999977,22.871428571428574,23.264285714285716,0.0,0.0,0.0,0.0,0.0,2.471428571428572,1.2357142857142855
2023-11-07,28.1,16.5,21.4,0.0,14.4,73,11,311,4,21.5,23.1,22.4,24.2,22.333333333333314,22.5,23.192857142857147,0.1,0.0,0.0,0.0,0.033333333333335706,2.4857142857142867,1.2428571428571427
2023-11-08,27.0,16.2,21.2,0.5,12.5,73,11,312,4,21.4,21.5,23.1,22.3,21.999999999999982,22.099999999999998,23.07857142857143,0.0,0.1,0.0,9.7,0.033333333333335706,2.4857142857142867,1.2428571428571427
2023-11-09,27.4,15.9,21.0,0.0,11.6,72,11,313,4,21.2,21.4,21.5,21.7,21.366666666666646,21.942857142857143,22.9,0.5,0.0,0.1,7.6,0.20000000000000237,1.1714285714285724,1.2785714285714285
2023-11-10,23.1,14.3,17.9,21.4,19.8,86,11,314,4,21.0,21.2,21.4,22.3,21.199999999999978,21.842857142857145,22.7,0.0,0.5,0.0,0.0,0.16666666666666904,0.08571428571428673,1.2785714285714285
2023-11-11,24.3,13.2,18.1,0.0,8.0,79,11,315,4,17.9,21.0,21.2,22.4,20.033333333333314,21.214285714285715,22.22142857142857,21.4,0.0,0.5,0.0,7.300000000000002,3.1428571428571437,2.807142857142857
2023-11-12,25.6,12.9,18.4,0.0,10.0,74,11,316,4,18.1,17.9,21.0,23.1,18.999999999999975,20.599999999999998,21.814285714285713,0.0,21.4,0.0,0.0,7.1333333333333355,3.1428571428571437,2.807142857142857
2023-11-13,25.9,13.2,18.9,0.0,9.3,74,11,317,4,18.4,18.1,17.9,21.5,18.13333333333331,19.928571428571427,21.400000000000002,0.0,0.0,21.4,0.1,7.1333333333333355,3.1428571428571437,2.807142857142857
2023-11-14,25.8,13.9,18.9,0.0,9.7,74,11,318,4,18.9,18.4,18.1,21.4,18.466666666666644,19.557142857142857,21.02857142857143,0.0,0.0,0.0,0.0,0.0,3.1285714285714294,2.807142857142857
2023-11-15,27.0,13.9,19.2,0.0,9.7,71,11,319,4,18.9,18.9,18.4,21.2,18.73333333333331,19.2,20.65,0.0,0.0,0.0,0.5,0.0,3.1285714285714294,2.807142857142857
2023-11-16,26.1,13.9,19.4,0.0,9.0,71,11,320,4,19.2,18.9,18.9,21.0,18.99999999999998,18.91428571428571,20.428571428571427,0.0,0.0,0.0,0.0,0.0,3.057142857142858,2.1142857142857143
2023-11-17,26.9,13.0,19.0,0.0,9.7,70,11,321,4,19.4,19.2,18.9,17.9,19.166666666666647,18.685714285714283,20.264285714285712,0.0,0.0,0.0,21.4,0.0,3.057142857142858,1.5714285714285714
2023-11-18,26.2,13.4,19.0,0.0,9.4,70,11,322,4,19.0,19.4,19.2,18.1,19.199999999999978,18.842857142857145,20.02857142857143,0.0,0.0,0.0,0.0,0.0,0.0,1.5714285714285714
2023-11-19,26.2,12.9,19.3,0.0,10.2,66,11,323,4,19.0,19.0,19.4,18.4,19.13333333333331,18.971428571428568,19.785714285714285,0.0,0.0,0.0,0.0,0.0,0.0,1.5714285714285714
2023-11-20,25.5,13.3,18.6,0.0,9.5,64,11,324,4,19.3,19.0,19.0,18.9,19.09999999999998,19.099999999999998,19.514285714285712,0.0,0.0,0.0,0.0,0.0,0.0,1.5714285714285714
2023-11-21,25.5,12.5,17.9,0.0,10.5,62,11,325,4,18.6,19.3,19.0,18.9,18.966666666666644,19.057142857142857,19.307142857142857,0.0,0.0,0.0,0.0,0.0,0.0,1.5642857142857143
2023-11-22,26.2,11.5,17.9,0.0,10.9,66,11,326,4,17.9,18.6,19.3,19.2,18.59999999999998,18.914285714285715,19.057142857142857,0.0,0.0,0.0,0.0,0.0,0.0,1.5642857142857143
2023-11-23,26.3,12.1,18.4,0.0,11.6,66,11,327,4,17.9,17.9,18.6,19.4,18.13333333333331,18.728571428571428,18.821428571428573,0.0,0.0,0.0,0.0,0.0,0.0,1.5285714285714285
2023-11-24,25.5,13.0,18.2,0.0,10.9,70,11,328,4,18.4,17.9,17.9,19.0,18.066666666666645,18.585714285714285,18.635714285714283,0.0,0.0,0.0,0.0,0.0,0.0,1.5285714285714285
2023-11-25,23.8,12.5,17.1,0.0,9.0,75,11,329,4,18.2,18.4,17.9,19.0,18.166666666666647,18.471428571428568,18.657142857142855,0.0,0.0,0.0,0.0,0.0,0.0,0.0
2023-11-26,23.3,13.1,17.3,0.0,8.3,75,11,330,4,17.1,18.2,18.4,19.3,17.89999999999998,18.2,18.585714285714285,0.0,0.0,0.0,0.0,0.0,0.0,0.0
2023-11-27,24.0,14.1,17.6,0.2,14.5,78,11,331,4,17.3,17.1,18.2,18.6,17.533333333333314,17.914285714285715,18.50714285714286,0.0,0.0,0.0,0.0,0.0,0.0,0.0
2023-11-28,25.3,12.2,18.0,0.0,10.3,74,11,332,4,17.6,17.3,17.1,17.9,17.333333333333314,17.771428571428572,18.414285714285715,0.2,0.0,0.0,0.0,0.06666666666666904,0.028571428571429587,0.014285714285714287
2023-11-29,26.1,12.6,18.9,0.0,7.6,68,11,333,4,18.0,17.6,17.3,17.9,17.63333333333331,17.785714285714285,18.349999999999998,0.0,0.2,0.0,0.0,0.06666666666666904,0.028571428571429587,0.014285714285714287
2023-11-30,22.9,13.0,16.8,0.0,17.6,80,11,334,4,18.9,18.0,17.6,18.4,18.166666666666647,17.928571428571427,18.32857142857143,0.0,0.0,0.2,0.0,0.06666666666666904,0.028571428571429587,0.014285714285714287
2023-12-01,23.0,11.8,16.3,0.0,11.6,76,12,335,1,16.8,18.9,18.0,18.2,17.899999999999977,17.7,18.142857142857142,0.0,0.0,0.0,0.0,0.0,0.028571428571429587,0.014285714285714287
2023-12-02,24.5,11.2,17.0,0.0,10.0,67,12,336,1,16.3,16.8,18.9,17.1,17.33333333333331,17.42857142857143,17.95,0.0,0.0,0.0,0.0,0.0,0.028571428571429587,0.014285714285714287
2023-12-03,24.6,10.7,16.7,0.0,10.0,67,12,337,1,17.0,16.3,16.8,17.3,16.699999999999978,17.414285714285715,17.807142857142857,0.0,0.0,0.0,0.0,0.0,0.028571428571429587,0.014285714285714287
2023-12-04,24.5,11.0,17.6,0.0,9.1,60,12,338,1,16.7,17.0,16.3,17.6,16.666666666666647,17.32857142857143,17.621428571428574,0.0,0.0,0.0,0.2,0.0,0.028571428571429587,0.014285714285714287
2023-12-05,24.0,10.5,16.9,0.0,9.1,62,12,339,1,17.6,16.7,17.0,18.0,17.099999999999977,17.32857142857143,17.55,0.0,0.0,0.0,0.0,0.0,0.0,0.014285714285714287
2023-12-06,24.2,10.9,16.3,0.0,11.7,66,12,340,1,16.9,17.6,16.7,18.9,17.066666666666645,17.17142857142857,17.47857142857143,0.0,0.0,0.0,0.0,0.0,0.0,0.014285714285714287
2023-12-07,24.1,9.4,15.7,0.0,11.0,72,12,341,1,16.3,16.9,17.6,16.8,16.933333333333312,16.8,17.364285714285714,0.0,0.0,0.0,0.0,0.0,0.0,0.014285714285714287
2023-12-08,23.9,10.2,16.0,0.0,11.5,72,12,342,1,15.7,16.3,16.9,16.3,16.29999999999998,16.642857142857142,17.17142857142857,0.0,0.0,0.0,0.0,0.0,0.0,0.014285714285714287
2023-12-09,24.1,8.9,16.1,0.0,9.0,66,12,343,1,16.0,15.7,16.3,17.0,15.999999999999979,16.599999999999998,17.014285714285716,0.0,0.0,0.0,0.0,0.0,0.0,0.014285714285714287
2023-12-10,24.2,8.8,15.4,0.0,12.1,63,12,344,1,16.1,16.0,15.7,16.7,15.933333333333314,16.47142857142857,16.942857142857143,0.0,0.0,0.0,0.0,0.0,0.0,0.014285714285714287
2023-12-11,22.5,8.4,14.6,0.0,10.9,74,12,345,1,15.4,16.1,16.0,17.6,15.833333333333313,16.285714285714285,16.807142857142857,0.0,0.0,0.0,0.0,0.0,0.0,0.014285714285714287
2023-12-12,22.5,9.7,14.6,0.0,10.8,71,12,346,1,14.6,15.4,16.1,16.9,15.366666666666646,15.857142857142858,16.592857142857145,0.0,0.0,0.0,0.0,0.0,0.0,0.0
2023-12-13,22.3,8.3,14.1,0.0,10.2,70,12,347,1,14.6,14.6,15.4,16.3,14.866666666666646,15.528571428571427,16.35,0.0,0.0,0.0,0.0,0.0,0.0,0.0
2023-12-14,22.2,8.2,15.0,0.0,9.7,68,12,348,1,14.1,14.6,14.6,15.7,14.433333333333314,15.214285714285714,16.007142857142856,0.0,0.0,0.0,0.0,0.0,0.0,0.0
2023-12-15,22.0,8.6,14.7,0.0,9.4,70,12,349,1,15.0,14.1,14.6,16.0,14.566666666666643,15.114285714285716,15.878571428571428,0.0,0.0,0.0,0.0,0.0,0.0,0.0
2023-12-16,21.3,8.2,13.5,1.0,13.9,76,12,350,1,14.7,15.0,14.1,16.1,14.599999999999978,14.928571428571429,15.764285714285716,0.0,0.0,0.0,0.0,0.0,0.0,0.0
2023-12-17,20.6,8.3,13.7,0.0,10.6,75,12,351,1,13.5,14.7,15.0,15.4,14.399999999999977,14.557142857142859,15.514285714285716,1.0,0.0,0.0,0.0,0.3333333333333357,0.14285714285714388,0.07142857142857142
2023-12-18,22.2,8.7,14.4,0.0,13.1,65,12,352,1,13.7,13.5,14.7,14.6,13.966666666666645,14.314285714285713,15.299999999999999,0.0,1.0,0.0,0.0,0.3333333333333357,0.14285714285714388,0.07142857142857142
2023-12-19,22.4,8.0,14.2,0.0,14.2,68,12,353,1,14.4,13.7,13.5,14.6,13.866666666666646,14.285714285714286,15.071428571428571,0.0,0.0,1.0,0.0,0.3333333333333357,0.14285714285714388,0.07142857142857142
2023-12-20,23.2,7.2,14.2,0.0,11.3,71,12,354,1,14.2,14.4,13.7,14.1,14.099999999999978,14.22857142857143,14.878571428571428,0.0,0.0,0.0,0.0,0.0,0.14285714285714388,0.07142857142857142
2023-12-21,22.2,6.1,13.8,0.0,10.6,70,12,355,1,14.2,14.2,14.4,15.0,14.266666666666644,14.242857142857142,14.72857142857143,0.0,0.0,0.0,0.0,0.0,0.14285714285714388,0.07142857142857142
2023-12-22,22.0,7.2,14.7,0.0,9.5,67,12,356,1,13.8,14.2,14.2,14.7,14.066666666666647,14.071428571428571,14.592857142857142,0.0,0.0,0.0,0.0,0.0,0.14285714285714388,0.07142857142857142
2023-12-23,23.1,10.0,15.6,0.0,11.0,76,12,357,1,14.7,13.8,14.2,13.5,14.233333333333311,14.071428571428571,14.5,0.0,0.0,0.0,1.0,0.0,0.14285714285714388,0.07142857142857142
2023-12-24,21.9,8.9,15.1,0.0,10.3,80,12,358,1,15.6,14.7,13.8,13.7,14.69999999999998,14.371428571428572,14.464285714285714,0.0,0.0,0.0,0.0,0.0,0.0,0.07142857142857142
2023-12-25,25.5,9.9,16.2,0.0,11.0,69,12,359,1,15.1,15.6,14.7,14.4,15.133333333333312,14.571428571428571,14.442857142857141,0.0,0.0,0.0,0.0,0.0,0.0,0.07142857142857142
2023-12-26,24.3,10.2,15.8,0.0,10.5,73,12,360,1,16.2,15.1,15.6,14.2,15.633333333333312,14.828571428571427,14.557142857142859,0.0,0.0,0.0,0.0,0.0,0.0,0.07142857142857142
2023-12-27,23.9,9.0,15.3,0.0,10.5,75,12,361,1,15.8,16.2,15.1,14.2,15.69999999999998,15.057142857142855,14.642857142857142,0.0,0.0,0.0,0.0,0.0,0.0,0.07142857142857142
2023-12-28,23.2,8.9,14.7,0.0,10.4,78,12,362,1,15.3,15.8,16.2,13.8,15.766666666666644,15.214285714285714,14.72857142857143,0.0,0.0,0.0,0.0,0.0,0.0,0.07142857142857142
2023-12-29,20.2,7.8,12.5,0.0,9.0,88,12,363,1,14.7,15.3,15.8,14.7,15.266666666666646,15.342857142857142,14.707142857142857,0.0,0.0,0.0,0.0,0.0,0.0,0.07142857142857142
2023-12-30,18.2,8.3,11.4,0.0,7.8,89,12,364,1,12.5,14.7,15.3,15.6,14.166666666666645,15.028571428571428,14.549999999999999,0.0,0.0,0.0,0.0,0.0,0.0,0.07142857142857142
2023-12-31,18.0,7.1,11.0,0.0,9.7,90,12,365,1,11.4,12.5,14.7,15.1,12.866666666666646,14.428571428571429,14.4,0.0,0.0,0.0,0.0,0.0,0.0,0.0
2024-01-01,16.9,7.0,10.3,0.0,9.4,90,1,1,1,11.0,11.4,12.5,16.2,11.633333333333312,13.842857142857143,14.207142857142857,0.0,0.0,0.0,0.0,0.0,0.0,0.0
2024-01-02,15.6,6.2,10.0,0.0,9.0,88,1,2,1,10.3,11.0,11.4,15.8,10.899999999999979,13.0,13.914285714285715,0.0,0.0,0.0,0.0,0.0,0.0,0.0
2024-01-03,14.8,5.6,9.1,0.0,7.7,88,1,3,1,10.0,10.3,11.0,15.3,10.433333333333314,12.171428571428573,13.614285714285716,0.0,0.0,0.0,0.0,0.0,0.0,0.0
2024-01-04,16.9,4.6,10.2,0.0,8.2,84,1,4,1,9.1,10.0,10.3,14.7,9.79999999999998,11.285714285714286,13.25,0.0,0.0,0.0,0.0,0.0,0.0,0.0
2024-01-05,15.9,4.2,8.9,0.0,8.9,89,1,5,1,10.2,9.1,10.0,12.5,9.766666666666646,10.642857142857142,12.992857142857144,0.0,0.0,0.0,0.0,0.0,0.0,0.0
2024-01-06,15.6,5.3,9.2,0.0,6.5,90,1,6,1,8.9,10.2,9.1,11.4,9.399999999999977,10.12857142857143,12.578571428571427,0.0,0.0,0.0,0.0,0.0,0.0,0.0
2024-01-07,15.0,4.8,8.4,0.0,8.1,89,1,7,1,9.2,8.9,10.2,11.0,9.43333333333331,9.814285714285715,12.12142857142857,0.0,0.0,0.0,0.0,0.0,0.0,0.0
2024-01-08,14.7,5.0,8.5,0.1,7.7,90,1,8,1,8.4,9.2,8.9,10.3,8.833333333333313,9.442857142857141,11.642857142857142,0.0,0.0,0.0,0.0,0.0,0.0,0.0
2024-01-09,16.3,4.6,8.9,0.0,9.4,90,1,9,1,8.5,8.4,9.2,10.0,8.69999999999998,9.185714285714285,11.092857142857143,0.1,0.0,0.0,0.0,0.033333333333335706,0.014285714285715302,0.0071428571428571435
2024-01-10,16.1,4.4,8.3,0.0,11.5,91,1,10,1,8.9,8.5,8.4,9.1,8.599999999999978,9.028571428571428,10.6,0.0,0.1,0.0,0.0,0.033333333333335706,0.014285714285715302,0.0071428571428571435
2024-01-11,15.8,5.0,8.9,0.0,10.4,92,1,11,1,8.3,8.9,8.5,10.2,8.566666666666647,8.914285714285715,10.1,0.0,0.0,0.1,0.0,0.033333333333335706,0.014285714285715302,0.0071428571428571435
2024-01-12,14.4,4.5,8.8,0.0,8.7,93,1,12,1,8.9,8.3,8.9,8.9,8.69999999999998,8.72857142857143,9.685714285714285,0.0,0.0,0.0,0.0,0.0,0.014285714285715302,0.0071428571428571435
2024-01-13,16.4,6.4,9.7,0.0,9.7,92,1,13,1,8.8,8.9,8.3,9.2,8.666666666666647,8.714285714285714,9.421428571428573,0.0,0.0,0.0,0.0,0.0,0.014285714285715302,0.0071428571428571435
2024-01-14,15.9,5.6,9.0,0.0,10.8,91,1,14,1,9.7,8.8,8.9,8.4,9.133333333333313,8.785714285714286,9.299999999999999,0.0,0.0,0.0,0.0,0.0,0.014285714285715302,0.0071428571428571435
2024-01-15,14.8,4.6,7.8,0.0,11.3,91,1,15,1,9.0,9.7,8.8,8.5,9.166666666666645,8.87142857142857,9.157142857142857,0.0,0.0,0.0,0.1,0.0,0.014285714285715302,0.0071428571428571435
2024-01-16,13.8,4.1,7.4,0.0,9.0,91,1,16,1,7.8,9.0,9.7,8.9,8.833333333333313,8.77142857142857,8.97857142857143,0.0,0.0,0.0,0.0,0.0,0.0,0.0071428571428571435
2024-01-17,15.0,4.1,8.3,0.0,9.0,90,1,17,1,7.4,7.8,9.0,8.3,8.066666666666645,8.557142857142857,8.792857142857143,0.0,0.0,0.0,0.0,0.0,0.0,0.0071428571428571435
2024-01-18,15.8,4.7,9.1,0.0,10.0,88,1,18,1,8.3,7.4,7.8,8.9,7.833333333333312,8.557142857142859,8.735714285714286,0.0,0.0,0.0,0.0,0.0,0.0,0.0071428571428571435
2024-01-19,15.5,4.6,8.7,0.0,8.4,93,1,19,1,9.1,8.3,7.4,8.8,8.266666666666644,8.585714285714285,8.657142857142857,0.0,0.0,0.0,0.0,0.0,0.0,0.0071428571428571435
2024-01-20,13.9,4.6,7.7,0.0,10.7,91,1,20,1,8.7,9.1,8.3,9.7,8.69999999999998,8.571428571428571,8.642857142857142,0.0,0.0,0.0,0.0,0.0,0.0,0.0071428571428571435
2024-01-21,15.3,3.1,7.8,0.0,9.6,91,1,21,1,7.7,8.7,9.1,9.0,8.499999999999979,8.285714285714285,8.535714285714286,0.0,0.0,0.0,0.0,0.0,0.0,0.0071428571428571435
2024-01-22,13.7,4.1,7.7,0.0,8.4,90,1,22,1,7.8,7.7,8.7,7.8,8.066666666666643,8.114285714285716,8.492857142857144,0.0,0.0,0.0,0.0,0.0,0.0,0.0071428571428571435
2024-01-23,14.8,3.3,8.7,0.0,9.2,87,1,23,1,7.7,7.8,7.7,7.4,7.733333333333312,8.1,8.435714285714287,0.0,0.0,0.0,0.0,0.0,0.0,0.0
2024-01-24,15.7,3.5,8.2,0.0,10.5,89,1,24,1,8.7,7.7,7.8,8.3,8.066666666666645,8.285714285714286,8.421428571428573,0.0,0.0,0.0,0.0,0.0,0.0,0.0
2024-01-25,13.7,4.6,8.5,0.0,7.2,92,1,25,1,8.2,8.7,7.7,9.1,8.199999999999978,8.271428571428572,8.414285714285715,0.0,0.0,0.0,0.0,0.0,0.0,0.0
2024-01-26,16.6,4.8,9.6,0.0,9.7,89,1,26,1,8.5,8.2,8.7,8.7,8.466666666666645,8.185714285714285,8.385714285714284,0.0,0.0,0.0,0.0,0.0,0.0,0.0
2024-01-27,19.9,5.3,11.7,0.0,10.3,80,1,27,1,9.6,8.5,8.2,7.7,8.766666666666644,8.314285714285713,8.442857142857143,0.0,0.0,0.0,0.0,0.0,0.0,0.0
2024-01-28,19.8,7.8,12.9,0.0,11.0,79,1,28,1,11.7,9.6,8.5,7.8,9.93333333333331,8.885714285714286,8.585714285714285,0.0,0.0,0.0,0.0,0.0,0.0,0.0
2024-01-29,19.7,7.7,13.4,0.0,9.5,84,1,29,1,12.9,11.7,9.6,7.7,11.399999999999977,9.614285714285714,8.864285714285714,0.0,0.0,0.0,0.0,0.0,0.0,0.0
2024-01-30,20.3,8.7,14.0,0.3,9.7,84,1,30,1,13.4,12.9,11.7,8.7,12.666666666666645,10.428571428571429,9.264285714285714,0.0,0.0,0.0,0.0,0.0,0.0,0.0
2024-01-31,20.2,11.0,14.5,2.5,13.5,87,1,31,1,14.0,13.4,12.9,8.2,13.433333333333314,11.185714285714285,9.735714285714284,0.3,0.0,0.0,0.0,0.10000000000000236,0.04285714285714387,0.02142857142857143
2024-02-01,17.8,9.9,12.9,5.3,15.6,83,2,32,1,14.5,14.0,13.4,8.5,13.966666666666645,12.085714285714285,10.178571428571429,2.5,0.3,0.0,0.0,0.9333333333333357,0.40000000000000097,0.19999999999999998
2024-02-02,17.5,6.5,12.0,0.0,13.2,78,2,33,1,12.9,14.5,14.0,9.6,13.799999999999978,12.714285714285714,10.450000000000001,5.3,2.5,0.3,0.0,2.7000000000000024,1.1571428571428581,0.5785714285714285
2024-02-03,15.0,11.2,12.8,2.9,15.6,70,2,34,1,12.0,12.9,14.5,11.7,13.133333333333312,13.057142857142859,10.685714285714287,0.0,5.3,2.5,0.0,2.6000000000000023,1.1571428571428581,0.5785714285714285
2024-02-04,16.3,8.4,12.1,7.0,10.6,81,2,35,1,12.8,12.0,12.9,12.9,12.566666666666647,13.214285714285714,11.049999999999999,2.9,0.0,5.3,0.0,2.7333333333333356,1.5714285714285725,0.7857142857142857
2024-02-05,17.5,6.6,11.2,0.2,8.9,79,2,36,1,12.1,12.8,12.0,13.4,12.299999999999978,13.099999999999998,11.357142857142858,7.0,2.9,0.0,0.0,3.300000000000002,2.5714285714285725,1.2857142857142858
2024-02-06,18.6,8.8,12.6,0.0,10.5,64,2,37,1,11.2,12.1,12.8,14.0,12.033333333333312,12.785714285714286,11.607142857142858,0.2,7.0,2.9,0.3,3.366666666666669,2.600000000000001,1.3
2024-02-07,19.2,9.7,13.3,0.0,17.8,58,2,38,1,12.6,11.2,12.1,14.5,11.966666666666645,12.585714285714285,11.885714285714286,0.0,0.2,7.0,2.5,2.400000000000002,2.557142857142858,1.3
2024-02-08,21.7,8.4,13.9,0.0,20.0,54,2,39,1,13.3,12.6,11.2,12.9,12.366666666666646,12.414285714285715,12.25,0.0,0.0,0.2,5.3,0.06666666666666875,2.2000000000000006,1.3
2024-02-09,22.5,6.2,13.9,0.0,11.8,66,2,40,1,13.9,13.3,12.6,12.0,13.266666666666646,12.557142857142855,12.635714285714284,0.0,0.0,0.0,0.0,0.0,1.4428571428571437,1.3
2024-02-10,22.9,7.0,14.8,0.0,8.7,63,2,41,1,13.9,13.9,13.3,12.8,13.69999999999998,12.828571428571427,12.942857142857141,0.0,0.0,0.0,2.9,0.0,1.4428571428571437,1.3
2024-02-11,23.7,9.5,16.2,0.0,11.2,52,2,42,1,14.8,13.9,13.9,12.1,14.19999999999998,13.114285714285714,13.164285714285715,0.0,0.0,0.0,7.0,0.0,1.0285714285714296,1.3
2024-02-12,23.2,8.9,15.6,0.0,10.1,53,2,43,1,16.2,14.8,13.9,11.2,14.966666666666645,13.700000000000001,13.4,0.0,0.0,0.0,0.2,0.0,0.028571428571429587,1.3
2024-02-13,22.9,6.6,15.3,0.0,8.0,60,2,44,1,15.6,16.2,14.8,12.6,15.533333333333312,14.328571428571427,13.557142857142855,0.0,0.0,0.0,0.0,0.0,0.0,1.3
2024-02-14,25.5,10.3,17.0,0.0,11.3,45,2,45,1,15.3,15.6,16.2,13.3,15.69999999999998,14.714285714285714,13.65,0.0,0.0,0.0,0.0,0.0,0.0,1.2785714285714285
2024-02-15,25.7,9.1,16.4,0.0,12.5,47,2,46,1,17.0,15.3,15.6,13.9,15.966666666666645,15.242857142857142,13.828571428571427,0.0,0.0,0.0,0.0,0.0,0.0,1.0999999999999999
2024-02-16,26.1,11.0,17.3,0.0,12.5,51,2,47,1,16.4,17.0,15.3,13.9,16.23333333333331,15.6,14.078571428571427,0.0,0.0,0.0,0.0,0.0,0.0,0.7214285714285714
2024-02-17,27.1,9.7,18.5,0.0,13.2,51,2,48,1,17.3,16.4,17.0,14.8,16.89999999999998,16.085714285714285,14.457142857142856,0.0,0.0,0.0,0.0,0.0,0.0,0.7214285714285714
2024-02-18,27.3,13.3,19.0,0.2,22.3,58,2,49,1,18.5,17.3,16.4,16.2,17.39999999999998,16.614285714285714,14.864285714285714,0.0,0.0,0.0,0.0,0.0,0.0,0.5142857142857143
2024-02-19,25.4,14.1,18.9,6.1,25.1,64,2,50,1,19.0,18.5,17.3,15.6,18.266666666666648,17.014285714285712,15.357142857142858,0.2,0.0,0.0,0.0,0.06666666666666875,0.028571428571429587,0.028571428571428574
2024-02-20,20.9,11.9,15.6,0.0,16.9,76,2,51,1,18.9,19.0,18.5,15.3,18.79999999999998,17.485714285714288,15.907142857142857,6.1,0.2,0.0,0.0,2.100000000000002,0.900000000000001,0.45
2024-02-21,21.3,9.0,13.9,0.3,10.5,74,2,52,1,15.6,18.9,19.0,17.0,17.83333333333331,17.52857142857143,16.12142857142857,0.0,6.1,0.2,0.0,2.100000000000002,0.900000000000001,0.45
2024-02-22,22.3,8.7,14.8,0.2,13.6,52,2,53,1,13.9,15.6,18.9,16.4,16.133333333333315,17.085714285714285,16.164285714285715,0.3,0.0,6.1,0.0,2.133333333333335,0.9428571428571438,0.4714285714285714
2024-02-23,23.0,7.6,14.0,1.4,18.9,53,2,54,1,14.8,13.9,15.6,17.3,14.766666666666646,16.857142857142858,16.22857142857143,0.2,0.3,0.0,0.0,0.16666666666666874,0.9714285714285724,0.4857142857142857
2024-02-24,22.2,7.1,13.9,2.5,15.5,55,2,55,1,14.0,14.8,13.9,18.5,14.233333333333313,16.385714285714286,16.235714285714288,1.4,0.2,0.3,0.0,0.6333333333333354,1.1714285714285724,0.5857142857142856
2024-02-25,22.2,7.5,14.8,0.0,12.2,45,2,56,1,13.9,14.0,14.8,19.0,14.233333333333313,15.72857142857143,16.17142857142857,2.5,1.4,0.2,0.2,1.3666666666666687,1.5285714285714296,0.7642857142857142
2024-02-26,22.3,8.9,15.1,0.0,15.7,47,2,57,1,14.8,13.9,14.0,18.9,14.233333333333313,15.12857142857143,16.071428571428573,0.0,2.5,1.4,6.1,1.3000000000000018,1.500000000000001,0.7642857142857142
2024-02-27,22.7,12.6,16.8,0.0,15.2,51,2,58,1,15.1,14.8,13.9,15.6,14.59999999999998,14.585714285714285,16.035714285714285,0.0,0.0,2.5,0.0,0.8333333333333354,0.6285714285714297,0.7642857142857142
2024-02-28,24.8,10.7,17.4,0.0,12.9,48,2,59,1,16.8,15.1,14.8,13.9,15.566666666666649,14.757142857142858,16.142857142857142,0.0,0.0,0.0,0.3,0.0,0.6285714285714297,0.7642857142857142
2024-02-29,25.1,11.2,17.7,0.1,19.7,54,2,60,1,17.4,16.8,15.1,14.8,16.433333333333312,15.257142857142856,16.17142857142857,0.0,0.0,0.0,0.2,0.0,0.5857142857142866,0.7642857142857142
2024-03-01,21.3,14.7,16.8,12.0,21.0,75,3,61,2,17.7,17.4,16.8,14.0,17.29999999999998,15.671428571428573,16.264285714285712,0.1,0.0,0.0,1.4,0.03333333333333541,0.5714285714285724,0.7714285714285714
2024-03-02,22.2,11.7,15.6,13.0,32.5,84,3,62,2,16.8,17.7,17.4,13.9,17.29999999999998,16.071428571428573,16.22857142857143,12.0,0.1,0.0,2.5,4.033333333333336,2.0857142857142867,1.6285714285714283
2024-03-03,17.1,5.8,11.7,0.0,13.4,56,3,63,2,15.6,16.8,17.7,14.8,16.699999999999978,16.314285714285713,16.021428571428572,13.0,12.0,0.1,0.0,8.366666666666669,3.5857142857142867,2.557142857142857
2024-03-04,19.2,5.3,12.2,0.0,11.1,49,3,64,2,11.7,15.6,16.8,15.1,14.69999999999998,15.87142857142857,15.5,0.0,13.0,12.0,0.0,8.333333333333336,3.5857142857142867,2.5428571428571423
2024-03-05,20.4,6.5,13.2,0.0,12.0,48,3,65,2,12.2,11.7,15.6,16.8,13.166666666666645,15.457142857142857,15.021428571428572,0.0,0.0,13.0,0.0,4.333333333333336,3.5857142857142867,2.107142857142857
2024-03-06,22.3,7.7,14.9,0.0,9.7,46,3,66,2,13.2,12.2,11.7,17.4,12.366666666666646,14.942857142857145,14.85,0.0,0.0,0.0,0.0,0.0,3.5857142857142867,2.107142857142857
2024-03-07,22.7,10.1,16.0,0.7,10.4,60,3,67,2,14.9,13.2,12.2,17.7,13.433333333333314,14.585714285714285,14.921428571428573,0.0,0.0,0.0,0.1,0.0,3.5857142857142867,2.0857142857142854
2024-03-08,24.2,9.2,16.6,0.0,13.0,52,3,68,2,16.0,14.9,13.2,16.8,14.69999999999998,14.342857142857142,15.007142857142856,0.7,0.0,0.0,12.0,0.2333333333333357,3.671428571428572,2.1214285714285714
2024-03-09,26.3,10.8,18.2,0.0,15.8,42,3,69,2,16.6,16.0,14.9,15.6,15.833333333333314,14.314285714285715,15.192857142857141,0.0,0.7,0.0,13.0,0.2333333333333357,1.957142857142858,2.0214285714285714
2024-03-10,27.8,11.3,19.3,0.0,13.3,45,3,70,2,18.2,16.6,16.0,11.7,16.933333333333312,14.685714285714287,15.5,0.0,0.0,0.7,0.0,0.2333333333333357,0.100000000000001,1.842857142857143
2024-03-11,25.2,13.5,19.5,0.1,19.2,49,3,71,2,19.3,18.2,16.6,12.2,18.033333333333314,15.771428571428572,15.821428571428571,0.0,0.0,0.0,0.0,0.0,0.100000000000001,1.842857142857143
2024-03-12,28.8,12.4,20.4,0.0,16.1,47,3,72,2,19.5,19.3,18.2,13.2,18.999999999999982,16.814285714285713,16.135714285714286,0.1,0.0,0.0,0.0,0.033333333333335706,0.1142857142857153,1.8499999999999999
2024-03-13,22.7,14.9,17.8,6.8,14.5,63,3,73,2,20.4,19.5,19.3,14.9,19.733333333333313,17.84285714285714,16.392857142857142,0.0,0.1,0.0,0.0,0.033333333333335706,0.1142857142857153,1.8499999999999999
2024-03-14,26.1,12.6,18.6,0.0,14.4,64,3,74,2,17.8,20.4,19.5,16.0,19.23333333333331,18.25714285714286,16.42142857142857,6.8,0.0,0.1,0.7,2.300000000000002,1.0857142857142867,2.335714285714286
2024-03-15,27.5,11.8,19.3,0.0,10.1,44,3,75,2,18.6,17.8,20.4,16.6,18.933333333333312,18.62857142857143,16.485714285714288,0.0,6.8,0.0,0.0,2.266666666666669,0.9857142857142867,2.3285714285714283
2024-03-16,29.2,13.2,21.0,0.0,11.8,39,3,76,2,19.3,18.6,17.8,18.2,18.56666666666665,19.014285714285712,16.664285714285715,0.0,0.0,6.8,0.0,2.266666666666669,0.9857142857142867,1.4714285714285713
2024-03-17,29.7,14.2,22.3,0.0,13.6,37,3,77,2,21.0,19.3,18.6,19.3,19.633333333333315,19.414285714285715,17.05,0.0,0.0,0.0,0.0,0.0,0.9857142857142867,0.5428571428571428
2024-03-18,31.7,14.4,22.8,0.0,12.2,40,3,78,2,22.3,21.0,19.3,19.5,20.866666666666646,19.842857142857145,17.807142857142857,0.0,0.0,0.0,0.1,0.0,0.9857142857142867,0.5428571428571428
2024-03-19,32.4,15.6,23.4,0.0,15.5,35,3,79,2,22.8,22.3,21.0,20.4,22.033333333333314,20.314285714285713,18.564285714285713,0.0,0.0,0.0,0.0,0.0,0.9714285714285724,0.5428571428571428
2024-03-20,33.0,15.0,24.5,0.0,12.8,33,3,80,2,23.4,22.8,22.3,17.8,22.833333333333314,20.742857142857144,19.292857142857144,0.0,0.0,0.0,6.8,0.0,0.9714285714285724,0.5428571428571428
2024-03-21,32.8,19.6,25.8,0.6,18.4,38,3,81,2,24.5,23.4,22.8,18.6,23.566666666666645,21.7,19.978571428571428,0.0,0.0,0.0,0.0,0.0,0.0,0.5428571428571428
2024-03-22,30.1,19.1,24.0,0.0,20.1,59,3,82,2,25.8,24.5,23.4,19.3,24.56666666666665,22.728571428571428,20.678571428571427,0.6,0.0,0.0,0.0,0.20000000000000237,0.08571428571428673,0.5357142857142857
2024-03-23,32.9,17.6,25.0,0.0,9.7,48,3,83,2,24.0,25.8,24.5,21.0,24.766666666666648,23.4,21.207142857142856,0.0,0.6,0.0,0.0,0.20000000000000237,0.08571428571428673,0.5357142857142857
2024-03-24,29.5,17.9,23.7,3.1,24.6,64,3,84,2,25.0,24.0,25.8,22.3,24.933333333333312,23.971428571428568,21.692857142857143,0.0,0.0,0.6,0.0,0.20000000000000237,0.08571428571428673,0.5357142857142857
2024-03-25,32.6,17.4,24.6,0.0,9.7,56,3,85,2,23.7,25.0,24.0,22.8,24.23333333333331,24.171428571428574,22.007142857142856,3.1,0.0,0.0,0.0,1.0333333333333357,0.5285714285714296,0.7571428571428571
2024-03-26,32.4,18.8,25.1,0.3,12.3,54,3,86,2,24.6,23.7,25.0,23.4,24.433333333333312,24.428571428571427,22.37142857142857,0.0,3.1,0.0,0.0,1.0333333333333357,0.5285714285714296,0.75
2024-03-27,25.6,19.6,22.4,2.5,22.2,77,3,87,2,25.1,24.6,23.7,24.5,24.46666666666665,24.67142857142857,22.707142857142856,0.3,0.0,3.1,0.0,1.1333333333333357,0.5714285714285724,0.7714285714285715
2024-03-28,28.1,18.7,22.8,0.8,18.7,71,3,88,2,22.4,25.1,24.6,25.8,24.033333333333314,24.37142857142857,23.035714285714285,2.5,0.3,0.0,0.6,0.9333333333333357,0.9285714285714296,0.4642857142857143
2024-03-29,31.0,18.4,24.3,1.2,16.5,61,3,89,2,22.8,22.4,25.1,24.0,23.433333333333312,23.942857142857147,23.33571428571429,0.8,2.5,0.3,0.0,1.2000000000000022,0.9571428571428582,0.5214285714285715
2024-03-30,28.9,17.4,21.8,5.9,24.3,70,3,90,2,24.3,22.8,22.4,25.0,23.166666666666647,23.985714285714288,23.692857142857143,1.2,0.8,2.5,0.0,1.5000000000000024,1.1285714285714297,0.6071428571428571
2024-03-31,28.1,15.8,21.2,0.0,14.9,63,3,91,2,21.8,24.3,22.8,23.7,22.96666666666665,23.528571428571432,23.75,5.9,1.2,0.8,3.1,2.633333333333336,1.9714285714285726,1.0285714285714287
2024-04-01,29.2,16.6,21.9,0.0,12.8,49,4,92,2,21.2,21.8,24.3,24.6,22.433333333333312,23.17142857142857,23.67142857142857,0.0,5.9,1.2,0.0,2.3666666666666694,1.5285714285714296,1.0285714285714287
2024-04-02,31.5,15.3,23.2,0.0,9.7,45,4,93,2,21.9,21.2,21.8,25.1,21.633333333333315,22.785714285714285,23.607142857142858,0.0,0.0,5.9,0.3,1.9666666666666692,1.5285714285714296,1.0285714285714287
2024-04-03,32.5,17.1,24.7,0.1,19.0,41,4,94,2,23.2,21.9,21.2,22.4,22.09999999999998,22.514285714285712,23.592857142857145,0.0,0.0,0.0,2.5,0.0,1.4857142857142869,1.0285714285714287
2024-04-04,32.8,17.2,24.8,0.0,16.0,38,4,95,2,24.7,23.2,21.9,22.8,23.26666666666664,22.842857142857145,23.607142857142858,0.1,0.0,0.0,0.8,0.033333333333335706,1.142857142857144,1.0357142857142858
2024-04-05,32.1,17.6,24.9,0.0,12.8,36,4,96,2,24.8,24.7,23.2,24.3,24.233333333333317,23.12857142857143,23.535714285714285,0.0,0.1,0.0,1.2,0.033333333333335706,1.0285714285714296,0.9928571428571429
2024-04-06,33.4,18.5,26.2,0.0,10.6,29,4,97,2,24.9,24.8,24.7,21.8,24.79999999999998,23.214285714285715,23.599999999999998,0.0,0.0,0.1,5.9,0.033333333333335706,0.8571428571428582,0.9928571428571429
2024-04-07,35.1,18.3,26.9,0.0,11.9,26,4,98,2,26.2,24.9,24.8,21.2,25.29999999999998,23.842857142857138,23.685714285714287,0.0,0.0,0.0,0.0,0.0,0.014285714285715302,0.9928571428571429
2024-04-08,35.2,17.2,26.2,0.0,13.5,29,4,99,2,26.9,26.2,24.9,21.9,25.999999999999982,24.657142857142855,23.914285714285715,0.0,0.0,0.0,0.0,0.0,0.014285714285715302,0.7714285714285715
2024-04-09,35.4,19.1,26.9,0.0,14.0,27,4,100,2,26.2,26.9,26.2,23.2,26.433333333333312,25.27142857142857,24.02857142857143,0.0,0.0,0.0,0.0,0.0,0.014285714285715302,0.7714285714285715
2024-04-10,36.8,18.8,27.6,0.0,29.9,27,4,101,2,26.9,26.2,26.9,24.7,26.666666666666643,25.8,24.157142857142862,0.0,0.0,0.0,0.1,0.0,0.014285714285715302,0.75
2024-04-11,34.8,20.0,27.9,0.0,22.2,30,4,102,2,27.6,26.9,26.2,24.8,26.89999999999998,26.214285714285715,24.52857142857143,0.0,0.0,0.0,0.0,0.0,0.0,0.5714285714285714
2024-04-12,37.3,20.7,28.8,0.0,18.6,28,4,103,2,27.9,27.6,26.9,24.9,27.466666666666644,26.657142857142855,24.892857142857142,0.0,0.0,0.0,0.0,0.0,0.0,0.5142857142857143
2024-04-13,30.2,18.9,23.5,19.0,17.5,57,4,104,2,28.8,27.9,27.6,26.2,28.09999999999998,27.214285714285715,25.214285714285715,0.0,0.0,0.0,0.0,0.0,0.0,0.42857142857142855
2024-04-14,28.4,18.4,22.5,2.4,15.0,74,4,105,2,23.5,28.8,27.9,26.9,26.73333333333331,26.82857142857143,25.335714285714285,19.0,0.0,0.0,0.0,6.333333333333336,2.7142857142857153,1.3642857142857143
2024-04-15,28.8,19.0,22.4,19.5,17.7,79,4,106,2,22.5,23.5,28.8,26.2,24.933333333333312,26.2,25.428571428571427,2.4,19.0,0.0,0.0,7.1333333333333355,3.057142857142858,1.5357142857142858
2024-04-16,29.9,17.4,23.6,0.0,11.5,66,4,107,2,22.4,22.5,23.5,26.9,22.799999999999983,25.657142857142855,25.464285714285715,19.5,2.4,19.0,0.0,13.633333333333335,5.842857142857143,2.9285714285714284
2024-04-17,33.1,17.4,25.6,0.0,16.7,49,4,108,2,23.6,22.4,22.5,27.6,22.833333333333314,25.185714285714287,25.49285714285714,0.0,19.5,2.4,0.0,7.300000000000002,5.842857142857143,2.9285714285714284
2024-04-18,31.9,20.2,25.8,2.5,21.6,51,4,109,2,25.6,23.6,22.4,27.9,23.866666666666646,24.9,25.557142857142857,0.0,0.0,19.5,0.0,6.500000000000003,5.842857142857143,2.9214285714285713
2024-04-19,30.4,19.6,23.4,0.2,23.7,61,4,110,2,25.8,25.6,23.6,28.8,24.999999999999982,24.6,25.62857142857143,2.5,0.0,0.0,0.0,0.8333333333333357,6.200000000000001,3.1
2024-04-20,29.6,17.0,23.4,0.0,13.1,63,4,111,2,23.4,25.8,25.6,23.5,24.933333333333312,23.82857142857143,25.521428571428572,0.2,2.5,0.0,19.0,0.9000000000000025,6.2285714285714295,3.1142857142857143
2024-04-21,32.6,17.8,25.3,0.0,11.2,48,4,112,2,23.4,23.4,25.8,22.5,24.199999999999978,23.814285714285713,25.321428571428573,0.0,0.2,2.5,2.4,0.9000000000000025,3.514285714285715,3.1142857142857143
2024-04-22,34.0,19.8,26.0,0.9,21.1,43,4,113,2,25.3,23.4,23.4,22.4,24.033333333333314,24.214285714285715,25.207142857142856,0.0,0.0,0.2,19.5,0.06666666666666904,3.171428571428572,3.1142857142857143
2024-04-23,32.4,19.6,25.5,0.5,14.0,46,4,114,2,26.0,25.3,23.4,23.6,24.899999999999977,24.728571428571428,25.192857142857143,0.9,0.0,0.0,0.0,0.3000000000000024,0.5142857142857153,3.1785714285714284
2024-04-24,35.2,18.4,27.0,0.0,17.6,38,4,115,2,25.5,26.0,25.3,25.6,25.59999999999998,25.0,25.092857142857138,0.5,0.9,0.0,0.0,0.466666666666669,0.5857142857142866,3.2142857142857144
2024-04-25,39.1,19.5,29.4,0.0,16.6,29,4,116,2,27.0,25.5,26.0,25.8,26.166666666666647,25.2,25.05,0.0,0.5,0.9,2.5,0.466666666666669,0.5857142857142866,3.2142857142857144
2024-04-26,35.6,22.2,27.9,1.2,19.9,39,4,117,2,29.4,27.0,25.5,23.4,27.299999999999983,25.714285714285715,25.157142857142855,0.0,0.0,0.5,0.2,0.16666666666666904,0.2285714285714296,3.2142857142857144
2024-04-27,32.7,21.1,25.6,5.4,19.1,47,4,118,2,27.9,29.4,27.0,23.4,28.09999999999998,26.357142857142858,25.092857142857145,1.2,0.0,0.0,0.0,0.40000000000000235,0.37142857142857244,3.3
2024-04-28,33.8,19.5,26.1,2.5,25.8,50,4,119,2,25.6,27.9,29.4,25.3,27.633333333333315,26.671428571428574,25.242857142857144,5.4,1.2,0.0,0.0,2.2000000000000024,1.142857142857144,2.3285714285714287
2024-04-29,29.9,19.4,23.7,1.4,21.6,51,4,120,2,26.1,25.6,27.9,26.0,26.533333333333314,26.785714285714285,25.5,2.5,5.4,1.2,0.9,3.0333333333333363,1.500000000000001,2.335714285714286
2024-04-30,30.7,16.2,22.0,0.5,24.0,55,4,121,2,23.7,26.1,25.6,25.5,25.133333333333315,26.457142857142856,25.592857142857138,1.4,2.5,5.4,0.5,3.1000000000000028,1.5714285714285725,1.042857142857143
2024-05-01,30.7,14.6,23.0,0.0,15.9,37,5,122,2,22.0,23.7,26.1,27.0,23.933333333333312,25.957142857142856,25.47857142857143,0.5,1.4,2.5,0.0,1.4666666666666692,1.5714285714285725,1.0785714285714285
2024-05-02,34.7,16.4,27.2,0.0,10.4,26,5,123,2,23.0,22.0,23.7,29.4,22.89999999999998,25.385714285714283,25.292857142857144,0.0,0.5,1.4,0.0,0.6333333333333356,1.5714285714285725,1.0785714285714285
2024-05-03,36.3,19.3,28.6,0.0,14.5,26,5,124,2,27.2,23.0,22.0,27.9,24.066666666666645,25.071428571428573,25.392857142857142,0.0,0.0,0.5,1.2,0.16666666666666904,1.5714285714285725,0.9
2024-05-04,36.3,23.1,29.3,0.2,16.6,34,5,125,2,28.6,27.2,23.0,25.6,26.266666666666648,25.171428571428574,25.764285714285712,0.0,0.0,0.0,5.4,0.0,1.400000000000001,0.8857142857142858
2024-05-05,38.2,22.4,30.5,0.0,16.5,34,5,126,2,29.3,28.6,27.2,26.1,28.366666666666646,25.699999999999996,26.185714285714283,0.2,0.0,0.0,2.5,0.06666666666666904,0.6571428571428581,0.9000000000000001
2024-05-06,40.4,23.2,32.4,0.0,16.5,27,5,127,2,30.5,29.3,28.6,23.7,29.466666666666644,26.32857142857143,26.557142857142857,0.0,0.2,0.0,1.4,0.06666666666666904,0.30000000000000104,0.9000000000000001
2024-05-07,41.9,25.3,33.9,0.0,21.7,21,5,128,2,32.4,30.5,29.3,22.0,30.733333333333317,27.571428571428573,27.014285714285716,0.0,0.0,0.2,0.5,0.06666666666666904,0.100000000000001,0.8357142857142857
2024-05-08,42.8,24.1,33.9,0.0,23.3,21,5,129,2,33.9,32.4,30.5,23.0,32.266666666666644,29.271428571428572,27.614285714285717,0.0,0.0,0.0,0.0,0.0,0.028571428571429587,0.8
2024-05-09,43.5,27.9,34.9,0.0,27.8,19,5,130,2,33.9,33.9,32.4,27.2,33.39999999999998,30.82857142857143,28.107142857142858,0.0,0.0,0.0,0.0,0.0,0.028571428571429587,0.8
2024-05-10,42.0,27.9,33.2,0.0,32.2,31,5,131,2,34.9,33.9,33.9,28.6,34.23333333333331,31.928571428571427,28.5,0.0,0.0,0.0,0.0,0.0,0.028571428571429587,0.8
2024-05-11,39.8,26.0,31.7,7.2,31.2,39,5,132,2,33.2,34.9,33.9,29.3,33.99999999999998,32.58571428571428,28.87857142857143,0.0,0.0,0.0,0.2,0.0,0.028571428571429587,0.7142857142857143
2024-05-12,37.7,25.2,30.5,0.6,27.0,42,5,133,2,31.7,33.2,34.9,30.5,33.266666666666644,32.92857142857143,29.314285714285713,7.2,0.0,0.0,0.0,2.4000000000000026,1.0285714285714296,0.8428571428571429
2024-05-13,38.0,22.9,30.3,0.0,13.7,35,5,134,2,30.5,31.7,33.2,32.4,31.799999999999983,32.92857142857143,29.62857142857143,0.6,7.2,0.0,0.0,2.6000000000000023,1.1142857142857152,0.7071428571428572
2024-05-14,39.9,23.1,32.3,0.0,15.1,27,5,135,2,30.3,30.5,31.7,33.9,30.833333333333314,32.628571428571426,30.1,0.0,0.6,7.2,0.0,2.6000000000000023,1.1142857142857152,0.6071428571428571
2024-05-15,43.2,24.7,33.8,0.0,20.9,25,5,136,2,32.3,30.3,30.5,33.9,31.033333333333314,32.4,30.835714285714285,0.0,0.0,0.6,0.0,0.20000000000000237,1.1142857142857152,0.5714285714285714
2024-05-16,43.7,25.7,34.6,0.0,22.4,24,5,137,2,33.8,32.3,30.3,34.9,32.13333333333331,32.385714285714286,31.607142857142858,0.0,0.0,0.0,0.0,0.0,1.1142857142857152,0.5714285714285714
2024-05-17,42.7,26.7,34.7,0.0,21.1,24,5,138,2,34.6,33.8,32.3,33.2,33.56666666666664,32.34285714285714,32.135714285714286,0.0,0.0,0.0,0.0,0.0,1.1142857142857152,0.5714285714285714
2024-05-18,42.7,27.8,35.5,0.0,23.1,23,5,139,2,34.7,34.6,33.8,31.7,34.366666666666646,32.55714285714286,32.57142857142857,0.0,0.0,0.0,7.2,0.0,1.1142857142857152,0.5714285714285714
2024-05-19,42.3,28.3,35.6,0.0,20.4,22,5,140,2,35.5,34.7,34.6,30.5,34.933333333333316,33.1,33.01428571428571,0.0,0.0,0.0,0.6,0.0,0.08571428571428673,0.5571428571428572
2024-05-20,44.3,27.2,36.0,0.0,18.7,20,5,141,2,35.6,35.5,34.7,30.3,35.26666666666665,33.82857142857143,33.378571428571426,0.0,0.0,0.0,0.0,0.0,0.0,0.5571428571428572
2024-05-21,43.9,26.7,35.9,0.0,18.6,20,5,142,2,36.0,35.6,35.5,32.3,35.69999999999998,34.642857142857146,33.635714285714286,0.0,0.0,0.0,0.0,0.0,0.0,0.5571428571428572
2024-05-22,44.8,28.7,36.7,0.0,16.6,18,5,143,2,35.9,36.0,35.6,33.8,35.833333333333314,35.15714285714286,33.778571428571425,0.0,0.0,0.0,0.0,0.0,0.0,0.5571428571428572
2024-05-23,44.2,26.8,36.9,0.0,14.4,17,5,144,2,36.7,35.9,36.0,34.6,36.19999999999998,35.57142857142857,33.978571428571435,0.0,0.0,0.0,0.0,0.0,0.0,0.5571428571428572
2024-05-24,44.8,29.1,36.5,0.4,21.1,23,5,145,2,36.9,36.7,35.9,34.7,36.49999999999998,35.9,34.121428571428574,0.0,0.0,0.0,0.0,0.0,0.0,0.5571428571428572
2024-05-25,44.0,29.5,36.8,0.0,19.1,21,5,146,2,36.5,36.9,36.7,35.5,36.69999999999998,36.15714285714286,34.357142857142854,0.4,0.0,0.0,0.0,0.13333333333333572,0.05714285714285816,0.5857142857142856
2024-05-26,46.4,30.0,38.4,0.0,20.8,20,5,147,2,36.8,36.5,36.9,35.6,36.73333333333331,36.34285714285714,34.721428571428575,0.0,0.4,0.0,0.0,0.13333333333333572,0.05714285714285816,0.07142857142857142
2024-05-27,46.6,29.1,38.0,0.0,14.5,14,5,148,2,38.4,36.8,36.5,36.0,37.23333333333331,36.74285714285714,35.285714285714285,0.0,0.0,0.4,0.0,0.13333333333333572,0.05714285714285816,0.028571428571428574
2024-05-28,46.1,28.0,37.7,0.0,16.0,14,5,149,2,38.0,38.4,36.8,35.9,37.73333333333331,37.028571428571425,35.83571428571428,0.0,0.0,0.0,0.0,0.0,0.05714285714285816,0.028571428571428574
2024-05-29,45.0,29.3,37.1,0.0,18.9,12,5,150,2,37.7,38.0,38.4,36.7,38.03333333333331,37.285714285714285,36.22142857142857,0.0,0.0,0.0,0.0,0.0,0.05714285714285816,0.028571428571428574
2024-05-30,45.2,28.1,37.0,0.0,20.1,12,5,151,2,37.1,37.7,38.0,36.9,37.59999999999998,37.34285714285714,36.45714285714286,0.0,0.0,0.0,0.0,0.0,0.05714285714285816,0.028571428571428574
2024-05-31,46.1,28.1,37.0,0.0,23.7,13,5,152,2,37.0,37.1,37.7,36.5,37.26666666666665,37.357142857142854,36.628571428571426,0.0,0.0,0.0,0.4,0.0,0.05714285714285816,0.028571428571428574
2024-06-01,44.7,29.0,36.7,0.0,19.2,15,6,153,3,37.0,37.0,37.1,36.8,37.03333333333331,37.42857142857143,36.792857142857144,0.0,0.0,0.0,0.0,0.0,0.0,0.028571428571428574
2024-06-02,46.0,31.0,38.1,0.0,16.1,18,6,154,3,36.7,37.0,37.0,38.4,36.899999999999984,37.41428571428571,36.87857142857143,0.0,0.0,0.0,0.0,0.0,0.0,0.028571428571428574
2024-06-03,46.0,30.1,38.5,0.0,16.5,15,6,155,3,38.1,36.7,37.0,38.0,37.26666666666665,37.371428571428574,37.05714285714286,0.0,0.0,0.0,0.0,0.0,0.0,0.028571428571428574
2024-06-04,45.4,30.3,36.7,0.0,21.1,20,6,156,3,38.5,38.1,36.7,37.7,37.76666666666665,37.44285714285714,37.23571428571428,0.0,0.0,0.0,0.0,0.0,0.0,0.028571428571428574
2024-06-05,41.5,25.2,32.9,12.4,27.1,34,6,157,3,36.7,38.5,38.1,37.1,37.76666666666665,37.300000000000004,37.292857142857144,0.0,0.0,0.0,0.0,0.0,0.0,0.028571428571428574
2024-06-06,39.7,25.8,32.1,2.8,25.0,41,6,158,3,32.9,36.7,38.5,37.0,36.03333333333332,36.699999999999996,37.021428571428565,12.4,0.0,0.0,0.0,4.1333333333333355,1.7714285714285725,0.9142857142857144
2024-06-07,39.2,26.8,32.5,0.0,15.0,36,6,159,3,32.1,32.9,36.7,37.0,33.89999999999998,36.0,36.67857142857143,2.8,12.4,0.0,0.0,5.066666666666669,2.171428571428572,1.1142857142857143
2024-06-08,39.9,26.0,32.5,0.0,10.0,34,6,160,3,32.5,32.1,32.9,36.7,32.49999999999998,35.357142857142854,36.392857142857146,0.0,2.8,12.4,0.0,5.066666666666669,2.171428571428572,1.0857142857142856
2024-06-09,40.4,27.2,33.8,0.0,17.7,29,6,161,3,32.5,32.5,32.1,38.1,32.366666666666646,34.75714285714286,36.08571428571428,0.0,0.0,2.8,0.0,0.9333333333333357,2.171428571428572,1.0857142857142856
2024-06-10,41.9,26.9,34.0,0.0,14.5,26,6,162,3,33.8,32.5,32.5,38.5,32.933333333333316,34.142857142857146,35.75714285714286,0.0,0.0,0.0,0.0,0.0,2.171428571428572,1.0857142857142856
2024-06-11,43.5,26.2,35.1,0.0,13.4,23,6,163,3,34.0,33.8,32.5,36.7,33.433333333333316,33.5,35.471428571428575,0.0,0.0,0.0,0.0,0.0,2.171428571428572,1.0857142857142856
2024-06-12,44.9,29.2,36.5,0.0,11.2,19,6,164,3,35.1,34.0,33.8,32.9,34.29999999999998,33.27142857142857,35.285714285714285,0.0,0.0,0.0,12.4,0.0,2.171428571428572,1.0857142857142856
2024-06-13,44.2,30.0,35.6,0.1,16.1,28,6,165,3,36.5,35.1,34.0,32.1,35.19999999999998,33.785714285714285,35.24285714285714,0.0,0.0,0.0,2.8,0.0,0.40000000000000097,1.0857142857142856
2024-06-14,43.4,27.2,35.8,4.8,35.6,31,6,166,3,35.6,36.5,35.1,32.5,35.73333333333331,34.285714285714285,35.142857142857146,0.1,0.0,0.0,0.0,0.033333333333335706,0.014285714285715302,1.092857142857143
2024-06-15,43.8,29.2,36.5,0.0,17.7,30,6,167,3,35.8,35.6,36.5,32.5,35.96666666666665,34.75714285714286,35.05714285714286,4.8,0.1,0.0,0.0,1.6333333333333355,0.700000000000001,1.4357142857142857
2024-06-16,45.3,32.3,38.0,0.0,14.1,30,6,168,3,36.5,35.8,35.6,33.8,35.96666666666665,35.32857142857143,35.042857142857144,0.0,4.8,0.1,0.0,1.6333333333333355,0.700000000000001,1.4357142857142857
2024-06-17,45.8,32.7,38.8,0.0,16.1,27,6,169,3,38.0,36.5,35.8,34.0,36.76666666666665,35.92857142857143,35.035714285714285,0.0,0.0,4.8,0.0,1.6000000000000023,0.700000000000001,1.4357142857142857
2024-06-18,43.3,32.5,37.8,0.0,18.8,33,6,170,3,38.8,38.0,36.5,35.1,37.766666666666644,36.614285714285714,35.05714285714286,0.0,0.0,0.0,0.0,0.0,0.700000000000001,1.4357142857142857
2024-06-19,42.3,32.4,36.8,0.1,19.6,35,6,171,3,37.8,38.8,38.0,36.5,38.19999999999998,37.0,35.135714285714286,0.0,0.0,0.0,0.0,0.0,0.700000000000001,1.4357142857142857
2024-06-20,40.1,26.2,33.2,19.1,19.1,52,6,172,3,36.8,37.8,38.8,35.6,37.799999999999976,37.042857142857144,35.41428571428572,0.1,0.0,0.0,0.1,0.033333333333335706,0.7142857142857152,0.557142857142857
2024-06-21,35.4,26.7,30.7,0.0,10.9,63,6,173,3,33.2,36.8,37.8,35.8,35.933333333333316,36.699999999999996,35.49285714285714,19.1,0.1,0.0,4.8,6.400000000000003,3.4285714285714297,1.7214285714285715
2024-06-22,39.3,27.5,33.3,0.0,12.0,43,6,174,3,30.7,33.2,36.8,36.5,33.56666666666664,35.97142857142857,35.364285714285714,0.0,19.1,0.1,0.0,6.400000000000003,2.7428571428571438,1.7214285714285715
2024-06-23,41.2,27.5,34.7,0.0,15.9,38,6,175,3,33.3,30.7,33.2,38.0,32.39999999999998,35.51428571428571,35.42142857142857,0.0,0.0,19.1,0.0,6.36666666666667,2.7428571428571438,1.7214285714285715
2024-06-24,42.2,28.6,35.7,0.0,11.5,33,6,176,3,34.7,33.3,30.7,38.8,32.89999999999998,35.04285714285714,35.48571428571428,0.0,0.0,0.0,0.0,0.0,2.7428571428571438,1.7214285714285715
2024-06-25,43.1,28.7,35.9,0.0,10.8,34,6,177,3,35.7,34.7,33.3,37.8,34.56666666666664,34.6,35.607142857142854,0.0,0.0,0.0,0.0,0.0,2.7428571428571438,1.7214285714285715
2024-06-26,43.5,29.9,37.2,0.0,16.8,35,6,178,3,35.9,35.7,34.7,36.8,35.433333333333316,34.32857142857143,35.66428571428572,0.0,0.0,0.0,0.1,0.0,2.7428571428571438,1.7214285714285715
2024-06-27,40.1,31.5,35.1,0.3,14.8,53,6,179,3,37.2,35.9,35.7,33.2,36.266666666666644,34.385714285714286,35.714285714285715,0.0,0.0,0.0,19.1,0.0,2.72857142857143,1.7214285714285715
2024-06-28,39.7,30.1,34.6,0.0,11.9,52,6,180,3,35.1,37.2,35.9,30.7,36.06666666666664,34.65714285714286,35.67857142857143,0.3,0.0,0.0,0.0,0.10000000000000236,0.04285714285714387,1.7357142857142858
2024-06-29,40.5,30.5,35.3,0.0,13.0,50,6,181,3,34.6,35.1,37.2,33.3,35.63333333333331,35.214285714285715,35.59285714285714,0.0,0.3,0.0,0.0,0.10000000000000236,0.04285714285714387,1.392857142857143
2024-06-30,41.0,30.9,35.7,0.0,12.1,51,6,182,3,35.3,34.6,35.1,34.7,34.99999999999998,35.5,35.50714285714285,0.0,0.0,0.3,0.0,0.10000000000000236,0.04285714285714387,1.392857142857143
2024-07-01,41.8,31.6,35.7,0.0,19.8,55,7,183,3,35.7,35.3,34.6,35.7,35.19999999999998,35.642857142857146,35.34285714285714,0.0,0.0,0.0,0.0,0.0,0.04285714285714387,1.392857142857143
2024-07-02,42.6,29.3,36.2,0.2,16.8,54,7,184,3,35.7,35.7,35.3,35.9,35.56666666666665,35.642857142857146,35.121428571428574,0.0,0.0,0.0,0.0,0.0,0.04285714285714387,1.392857142857143
2024-07-03,44.2,32.1,37.5,0.0,27.4,50,7,185,3,36.2,35.7,35.7,37.2,35.86666666666665,35.68571428571429,35.00714285714286,0.2,0.0,0.0,0.0,0.06666666666666904,0.07142857142857244,1.4071428571428573
2024-07-04,38.9,29.5,33.8,0.0,27.9,62,7,186,3,37.5,36.2,35.7,35.1,36.46666666666665,35.72857142857143,35.05714285714286,0.0,0.2,0.0,0.3,0.06666666666666904,0.07142857142857244,1.4000000000000001
2024-07-05,38.3,27.8,33.0,6.5,19.3,65,7,187,3,33.8,37.5,36.2,34.6,35.83333333333331,35.542857142857144,35.1,0.0,0.0,0.2,0.0,0.06666666666666904,0.028571428571429587,0.03571428571428571
2024-07-06,33.8,25.4,29.9,25.4,21.5,77,7,188,3,33.0,33.8,37.5,35.3,34.766666666666644,35.31428571428572,35.26428571428572,6.5,0.0,0.0,0.0,2.166666666666669,0.9571428571428582,0.5
2024-07-07,34.0,24.9,29.6,8.8,12.4,76,7,189,3,29.9,33.0,33.8,35.7,32.23333333333331,34.542857142857144,35.02142857142857,25.4,6.5,0.0,0.0,10.633333333333335,4.585714285714287,2.314285714285714
2024-07-08,36.6,27.2,31.5,0.2,12.7,69,7,190,3,29.6,29.9,33.0,35.7,30.833333333333314,33.67142857142857,34.65714285714286,8.8,25.4,6.5,0.0,13.566666666666668,5.842857142857143,2.942857142857143
2024-07-09,36.8,28.5,32.4,0.1,14.4,66,7,191,3,31.5,29.6,29.9,36.2,30.333333333333314,33.07142857142857,34.357142857142854,0.2,8.8,25.4,0.2,11.466666666666669,5.871428571428573,2.957142857142857
2024-07-10,37.7,29.1,32.9,0.0,15.7,66,7,192,3,32.4,31.5,29.6,37.5,31.166666666666647,32.528571428571425,34.107142857142854,0.1,0.2,8.8,0.0,3.0333333333333363,5.857142857142857,2.9642857142857144
2024-07-11,37.2,26.6,32.6,10.0,10.9,67,7,193,3,32.9,32.4,31.5,33.8,32.266666666666644,31.87142857142857,33.800000000000004,0.0,0.1,0.2,0.0,0.10000000000000238,5.857142857142857,2.9642857142857144
2024-07-12,34.6,28.0,30.0,31.5,24.0,73,7,194,3,32.6,32.9,32.4,33.0,32.63333333333331,31.699999999999996,33.621428571428574,10.0,0.0,0.1,6.5,3.366666666666669,7.285714285714286,3.6571428571428575
2024-07-13,33.9,25.7,30.0,0.2,14.2,73,7,195,3,30.0,32.6,32.9,29.9,31.833333333333314,31.27142857142857,33.29285714285714,31.5,10.0,0.0,25.4,13.833333333333336,10.857142857142858,5.9071428571428575
2024-07-14,34.9,25.2,30.5,5.0,21.8,72,7,196,3,30.0,30.0,32.6,29.6,30.866666666666646,31.285714285714285,32.91428571428572,0.2,31.5,10.0,8.8,13.900000000000004,7.257142857142859,5.921428571428572
2024-07-15,37.2,27.6,32.2,0.0,9.8,67,7,197,3,30.5,30.0,30.0,31.5,30.166666666666647,31.41428571428571,32.54285714285714,5.0,0.2,31.5,0.2,12.233333333333336,6.714285714285715,6.278571428571429
2024-07-16,38.0,28.1,33.0,0.0,11.4,63,7,198,3,32.2,30.5,30.0,32.4,30.899999999999977,31.514285714285712,32.292857142857144,0.0,5.0,0.2,0.1,1.7333333333333358,6.685714285714286,6.278571428571429
2024-07-17,38.7,29.5,34.0,0.0,10.5,62,7,199,3,33.0,32.2,30.5,32.9,31.899999999999977,31.599999999999998,32.06428571428571,0.0,0.0,5.0,0.0,1.666666666666669,6.671428571428573,6.264285714285714
2024-07-18,37.4,28.8,33.0,0.6,19.9,66,7,200,3,34.0,33.0,32.2,32.6,33.06666666666664,31.75714285714286,31.814285714285713,0.0,0.0,0.0,10.0,0.0,6.671428571428573,6.264285714285714
2024-07-19,38.7,28.6,33.4,0.7,8.3,64,7,201,3,33.0,34.0,33.0,30.0,33.333333333333314,31.814285714285713,31.75714285714286,0.6,0.0,0.0,31.5,0.20000000000000237,5.328571428571429,6.307142857142857
2024-07-20,38.8,30.7,33.5,5.9,18.6,66,7,202,3,33.4,33.0,34.0,30.0,33.46666666666665,32.3,31.785714285714285,0.7,0.6,0.0,0.2,0.4333333333333356,0.9285714285714296,5.892857142857143
2024-07-21,39.4,29.7,34.6,0.5,14.3,60,7,203,3,33.5,33.4,33.0,30.5,33.299999999999976,32.800000000000004,32.042857142857144,5.9,0.7,0.6,5.0,2.4000000000000026,1.7428571428571438,4.5
2024-07-22,39.9,31.2,35.2,0.0,12.3,58,7,204,3,34.6,33.5,33.4,32.2,33.833333333333314,33.385714285714286,32.4,0.5,5.9,0.7,0.0,2.3666666666666694,1.100000000000001,3.9071428571428575
2024-07-23,39.4,30.7,34.4,0.0,21.0,57,7,205,3,35.2,34.6,33.5,33.0,34.43333333333331,33.81428571428571,32.66428571428572,0.0,0.5,5.9,0.0,2.133333333333336,1.100000000000001,3.892857142857143
2024-07-24,38.7,27.4,33.9,8.2,15.1,61,7,206,3,34.4,35.2,34.6,34.0,34.73333333333331,34.01428571428571,32.80714285714286,0.0,0.0,0.5,0.0,0.16666666666666904,1.100000000000001,3.8857142857142857
2024-07-25,38.7,27.3,33.5,0.9,17.3,63,7,207,3,33.9,34.4,35.2,33.0,34.49999999999998,34.0,32.878571428571426,8.2,0.0,0.0,0.6,2.7333333333333356,2.2714285714285722,4.4714285714285715
2024-07-26,39.6,27.0,34.1,0.5,10.4,63,7,208,3,33.5,33.9,34.4,33.4,33.93333333333331,34.07142857142857,32.94285714285714,0.9,8.2,0.0,0.7,3.0333333333333354,2.3142857142857154,3.8214285714285716
2024-07-27,40.3,29.2,35.3,0.1,24.7,59,7,209,3,34.1,33.5,33.9,33.5,33.83333333333331,34.17142857142857,33.23571428571429,0.5,0.9,8.2,5.9,3.2000000000000024,2.285714285714286,1.6071428571428572
2024-07-28,37.8,28.9,33.4,6.8,16.3,70,7,210,3,35.3,34.1,33.5,34.6,34.299999999999976,34.42857142857143,33.614285714285714,0.1,0.5,0.9,0.5,0.5000000000000023,1.457142857142858,1.6
2024-07-29,35.0,28.7,31.8,1.0,22.4,75,7,211,3,33.4,35.3,34.1,35.2,34.266666666666644,34.25714285714286,33.82142857142857,6.8,0.1,0.5,0.0,2.466666666666669,2.357142857142858,1.7285714285714284
2024-07-30,37.4,28.5,32.5,14.8,16.3,73,7,212,3,31.8,33.4,35.3,34.4,33.49999999999998,33.77142857142857,33.79285714285714,1.0,6.8,0.1,0.0,2.6333333333333355,2.500000000000001,1.8
2024-07-31,39.4,29.2,34.1,1.7,10.9,67,7,213,3,32.5,31.8,33.4,33.9,32.56666666666664,33.5,33.75714285714286,14.8,1.0,6.8,8.2,7.533333333333336,4.614285714285716,2.857142857142857
2024-08-01,32.1,26.5,28.6,34.8,22.7,87,8,214,3,34.1,32.5,31.8,33.5,32.79999999999998,33.528571428571425,33.76428571428572,1.7,14.8,1.0,0.9,5.833333333333336,3.685714285714287,2.9785714285714286
2024-08-02,35.0,25.9,30.1,12.1,12.0,77,8,215,3,28.6,34.1,32.5,34.1,31.733333333333317,32.82857142857143,33.45,34.8,1.7,14.8,0.5,17.1,8.528571428571428,5.421428571428572
2024-08-03,34.9,27.6,30.8,2.0,18.9,76,8,216,3,30.1,28.6,34.1,35.3,30.93333333333332,32.25714285714286,33.214285714285715,12.1,34.8,1.7,0.1,16.2,10.185714285714285,6.235714285714286
2024-08-04,33.0,26.6,29.4,14.3,16.1,82,8,217,3,30.8,30.1,28.6,33.4,29.833333333333314,31.61428571428571,33.02142857142857,2.0,12.1,34.8,6.8,16.3,10.457142857142856,5.957142857142857
2024-08-05,34.1,26.6,30.6,8.9,9.4,79,8,218,3,29.4,30.8,30.1,31.8,30.09999999999998,31.04285714285714,32.65,14.3,2.0,12.1,1.0,9.466666666666669,11.528571428571428,6.942857142857143
2024-08-06,36.0,28.5,32.0,0.6,10.0,67,8,219,3,30.6,29.4,30.8,32.5,30.266666666666648,30.87142857142857,32.32142857142857,8.9,14.3,2.0,14.8,8.400000000000002,12.657142857142857,7.578571428571429
2024-08-07,35.4,28.3,31.7,0.2,15.5,69,8,220,3,32.0,30.6,29.4,34.1,30.666666666666647,30.800000000000004,32.15,0.6,8.9,14.3,1.7,7.933333333333337,10.62857142857143,7.621428571428572
2024-08-08,35.4,27.1,30.7,0.4,15.3,74,8,221,3,31.7,32.0,30.6,28.6,31.433333333333312,30.45714285714286,31.992857142857144,0.2,0.6,8.9,34.8,3.233333333333336,10.414285714285713,7.05
2024-08-09,34.5,26.0,30.5,3.1,14.0,75,8,222,3,30.7,31.7,32.0,30.1,31.46666666666665,30.75714285714286,31.79285714285714,0.4,0.2,0.6,12.1,0.40000000000000235,5.5,7.014285714285714
2024-08-10,36.1,27.5,31.9,0.1,16.1,71,8,223,3,30.5,30.7,31.7,30.8,30.96666666666665,30.814285714285713,31.535714285714285,3.1,0.4,0.2,2.0,1.2333333333333358,4.214285714285714,7.2
2024-08-11,33.4,25.5,29.7,8.2,16.9,78,8,224,3,31.9,30.5,30.7,29.4,31.033333333333314,30.97142857142857,31.29285714285714,0.1,3.1,0.4,14.3,1.2000000000000024,3.9428571428571426,7.2
2024-08-12,34.2,26.4,30.1,0.3,11.9,75,8,225,3,29.7,31.9,30.5,30.6,30.699999999999978,31.014285714285712,31.028571428571432,8.2,0.1,3.1,8.9,3.800000000000002,3.0714285714285716,7.3
2024-08-13,36.2,27.2,31.6,0.1,10.1,68,8,226,3,30.1,29.7,31.9,32.0,30.56666666666665,30.942857142857147,30.907142857142855,0.3,8.2,0.1,0.6,2.866666666666669,1.842857142857143,7.25
2024-08-14,37.0,27.9,32.7,0.6,13.5,64,8,227,3,31.6,30.1,29.7,31.7,30.46666666666665,30.88571428571429,30.842857142857145,0.1,0.3,8.2,0.2,2.866666666666669,1.7714285714285716,6.2
2024-08-15,35.2,29.2,31.4,2.1,15.6,72,8,228,3,32.7,31.6,30.1,30.7,31.46666666666665,31.02857142857143,30.74285714285714,0.6,0.1,0.3,0.4,0.3333333333333357,1.8285714285714285,6.121428571428572
2024-08-16,34.5,27.0,30.2,3.5,9.8,79,8,229,3,31.4,32.7,31.6,30.5,31.899999999999988,31.12857142857143,30.942857142857147,2.1,0.6,0.1,3.1,0.9333333333333357,2.0714285714285716,3.7857142857142856
2024-08-17,30.8,25.3,27.5,29.9,17.7,89,8,230,3,30.2,31.4,32.7,31.9,31.433333333333312,31.08571428571429,30.95,3.5,2.1,0.6,0.1,2.066666666666669,2.1285714285714286,3.1714285714285713
2024-08-18,33.7,25.6,29.2,0.0,13.7,82,8,231,3,27.5,30.2,31.4,29.7,29.699999999999978,30.45714285714286,30.714285714285715,29.9,3.5,2.1,8.2,11.833333333333336,6.385714285714285,5.164285714285714
2024-08-19,33.5,27.1,30.2,0.9,9.7,76,8,232,3,29.2,27.5,30.2,30.1,28.96666666666665,30.38571428571429,30.7,0.0,29.9,3.5,0.3,11.133333333333335,5.214285714285714,4.142857142857143
2024-08-20,33.0,25.5,29.5,3.6,15.7,79,8,233,3,30.2,29.2,27.5,31.6,28.966666666666644,30.4,30.67142857142857,0.9,0.0,29.9,0.1,10.266666666666667,5.299999999999999,3.5714285714285707
2024-08-21,33.7,25.5,29.6,6.9,14.3,78,8,234,3,29.5,30.2,29.2,32.7,29.63333333333331,30.099999999999998,30.49285714285714,3.6,0.9,0.0,0.6,1.5000000000000024,5.799999999999999,3.7857142857142856
2024-08-22,33.7,26.8,30.5,0.3,5.8,76,8,235,3,29.6,29.5,30.2,31.4,29.766666666666648,29.657142857142862,30.342857142857145,6.9,3.6,0.9,2.1,3.8000000000000025,6.7,4.264285714285714
2024-08-23,34.8,26.0,30.8,2.3,15.8,73,8,236,3,30.5,29.6,29.5,30.2,29.866666666666646,29.528571428571432,30.32857142857143,0.3,6.9,3.6,3.5,3.6000000000000028,6.442857142857143,4.257142857142857
2024-08-24,35.6,26.5,31.2,0.5,21.9,70,8,237,3,30.8,30.5,29.6,27.5,30.299999999999983,29.61428571428571,30.349999999999998,2.3,0.3,6.9,29.9,3.166666666666669,6.271428571428571,4.2
2024-08-25,35.1,27.4,30.9,0.1,13.6,71,8,238,3,31.2,30.8,30.5,29.2,30.833333333333314,30.142857142857142,30.300000000000004,0.5,2.3,0.3,0.0,1.0333333333333357,2.0714285714285707,4.228571428571429
2024-08-26,35.0,27.6,31.5,0.0,12.6,69,8,239,3,30.9,31.2,30.8,30.2,30.96666666666665,30.385714285714283,30.385714285714283,0.1,0.5,2.3,0.9,0.966666666666669,2.085714285714285,3.65
2024-08-27,32.5,27.4,29.1,11.9,20.5,76,8,240,3,31.5,30.9,31.2,29.5,31.199999999999978,30.571428571428573,30.485714285714288,0.0,0.1,0.5,3.6,0.20000000000000237,1.9571428571428566,3.6285714285714286
2024-08-28,30.6,24.6,26.8,23.9,16.6,86,8,241,3,29.1,31.5,30.9,29.6,30.499999999999982,30.514285714285716,30.307142857142857,11.9,0.0,0.1,6.9,4.000000000000003,3.1428571428571423,4.4714285714285715
2024-08-29,31.3,24.3,26.3,37.9,20.9,89,8,242,3,26.8,29.1,31.5,30.5,29.133333333333315,30.11428571428571,29.885714285714283,23.9,11.9,0.0,0.3,11.933333333333335,5.57142857142857,6.135714285714286
2024-08-30,31.1,23.7,26.8,38.7,18.7,86,8,243,3,26.3,26.8,29.1,30.8,27.39999999999998,29.514285714285712,29.521428571428572,37.9,23.9,11.9,2.3,24.566666666666666,10.942857142857141,8.692857142857141
2024-08-31,33.5,24.0,28.7,0.0,8.9,78,8,244,3,26.8,26.3,26.8,31.2,26.633333333333315,28.942857142857147,29.27857142857143,38.7,37.9,23.9,0.5,33.5,16.142857142857142,11.207142857142856
2024-09-01,34.2,25.8,30.1,0.0,8.0,75,9,245,4,28.7,26.8,26.3,30.9,27.266666666666648,28.585714285714285,29.36428571428571,0.0,38.7,37.9,0.1,25.53333333333333,16.071428571428573,9.071428571428571
2024-09-02,34.2,26.4,29.4,6.9,11.9,80,9,246,4,30.1,28.7,26.8,31.5,28.533333333333317,28.47142857142857,29.428571428571427,0.0,0.0,38.7,0.0,12.900000000000004,16.057142857142857,9.071428571428571
2024-09-03,31.5,24.3,27.5,24.2,15.2,85,9,247,4,29.4,30.1,28.7,29.1,29.39999999999998,28.171428571428574,29.37142857142857,6.9,0.0,0.0,11.9,2.3000000000000025,17.04285714285714,9.5
2024-09-04,32.8,24.7,28.2,0.3,6.0,80,9,248,4,27.5,29.4,30.1,26.8,28.999999999999982,27.942857142857143,29.228571428571428,24.2,6.9,0.0,23.9,10.366666666666669,18.8,10.971428571428572
2024-09-05,32.9,24.9,28.8,0.3,14.1,78,9,249,4,28.2,27.5,29.4,26.3,28.366666666666646,28.142857142857142,29.128571428571426,0.3,24.2,6.9,37.9,10.466666666666669,15.428571428571429,10.5
2024-09-06,33.7,25.3,29.7,0.2,13.4,75,9,250,4,28.8,28.2,27.5,26.8,28.166666666666647,28.5,29.007142857142856,0.3,0.3,24.2,38.7,8.26666666666667,10.057142857142855,10.5
2024-09-07,32.8,25.4,28.8,1.0,14.5,78,9,251,4,29.7,28.8,28.2,28.7,28.899999999999977,28.91428571428571,28.928571428571427,0.2,0.3,0.3,0.0,0.2666666666666679,4.557142857142856,10.35
2024-09-08,34.0,25.2,29.3,0.0,7.9,74,9,252,4,28.8,29.7,28.8,30.1,29.09999999999998,28.928571428571427,28.757142857142856,1.0,0.2,0.3,0.0,0.5000000000000012,4.699999999999998,10.385714285714286
2024-09-09,35.3,25.3,30.2,0.0,6.6,70,9,253,4,29.3,28.8,29.7,29.4,29.26666666666665,28.814285714285713,28.642857142857142,0.0,1.0,0.2,6.9,0.40000000000000124,4.699999999999998,10.37857142857143
2024-09-10,34.7,25.8,29.9,1.7,12.1,72,9,254,4,30.2,29.3,28.8,27.5,29.433333333333312,28.928571428571427,28.55,0.0,0.0,1.0,24.2,0.33333333333333454,3.714285714285714,10.37857142857143
2024-09-11,34.7,25.7,29.9,0.0,17.3,74,9,255,4,29.9,30.2,29.3,28.2,29.799999999999983,29.271428571428572,28.607142857142858,1.7,0.0,0.0,0.3,0.5666666666666679,0.499999999999999,9.65
2024-09-12,37.1,25.8,31.3,0.0,12.7,66,9,256,4,29.9,29.9,30.2,28.8,29.999999999999982,29.514285714285712,28.82857142857143,0.0,1.7,0.0,0.3,0.5666666666666679,0.45714285714285613,7.942857142857142
2024-09-13,36.7,26.4,31.0,0.0,14.0,64,9,257,4,31.3,29.9,29.9,29.7,30.366666666666646,29.87142857142857,29.185714285714287,0.0,0.0,1.7,0.2,0.5666666666666679,0.41428571428571326,5.235714285714287
2024-09-14,35.3,26.6,30.2,0.0,13.3,63,9,258,4,31.0,31.3,29.9,28.8,30.733333333333317,30.057142857142857,29.485714285714288,0.0,0.0,0.0,1.0,0.0,0.38571428571428473,2.4714285714285715
2024-09-15,34.1,24.9,29.6,0.0,12.6,64,9,259,4,30.2,31.0,31.3,29.3,30.833333333333314,30.257142857142856,29.592857142857145,0.0,0.0,0.0,0.0,0.0,0.24285714285714183,2.4714285714285715
2024-09-16,36.6,25.5,30.4,0.0,7.2,61,9,260,4,29.6,30.2,31.0,30.2,30.266666666666648,30.300000000000004,29.557142857142857,0.0,0.0,0.0,0.0,0.0,0.24285714285714183,2.4714285714285715
2024-09-17,37.0,25.7,30.7,0.0,11.1,55,9,261,4,30.4,29.6,30.2,29.9,30.06666666666665,30.328571428571426,29.62857142857143,0.0,0.0,0.0,1.7,0.0,0.24285714285714183,1.9785714285714289
2024-09-18,37.1,25.4,30.9,0.0,10.5,53,9,262,4,30.7,30.4,29.6,29.9,30.23333333333331,30.442857142857143,29.857142857142858,0.0,0.0,0.0,0.0,0.0,0.0,0.25
2024-09-19,36.0,25.3,29.6,0.4,15.1,60,9,263,4,30.9,30.7,30.4,31.3,30.666666666666647,30.58571428571429,30.05,0.0,0.0,0.0,0.0,0.0,0.0,0.2285714285714286
2024-09-20,36.6,24.6,30.3,0.0,9.2,56,9,264,4,29.6,30.9,30.7,31.0,30.399999999999977,30.342857142857145,30.107142857142858,0.4,0.0,0.0,0.0,0.13333333333333452,0.05714285714285613,0.2357142857142857
2024-09-21,36.9,26.5,31.5,0.0,10.4,54,9,265,4,30.3,29.6,30.9,30.2,30.266666666666648,30.24285714285714,30.15,0.0,0.4,0.0,0.0,0.13333333333333452,0.05714285714285613,0.22142857142857145
2024-09-22,37.9,27.3,32.3,0.0,11.2,55,9,266,4,31.5,30.3,29.6,29.6,30.46666666666665,30.428571428571427,30.342857142857145,0.0,0.0,0.4,0.0,0.13333333333333452,0.05714285714285613,0.14999999999999997
2024-09-23,38.7,27.6,32.8,0.0,8.2,54,9,267,4,32.3,31.5,30.3,30.4,31.366666666666646,30.814285714285713,30.557142857142857,0.0,0.0,0.0,0.0,0.0,0.05714285714285613,0.14999999999999997
2024-09-24,38.8,27.8,33.1,0.0,9.8,53,9,268,4,32.8,32.3,31.5,30.7,32.19999999999998,31.157142857142862,30.74285714285714,0.0,0.0,0.0,0.0,0.0,0.05714285714285613,0.14999999999999997
2024-09-25,37.9,28.6,32.9,0.0,10.3,54,9,269,4,33.1,32.8,32.3,30.9,32.73333333333331,31.5,30.971428571428568,0.0,0.0,0.0,0.0,0.0,0.05714285714285613,0.028571428571428574
2024-09-26,37.0,28.3,31.7,0.0,21.2,62,9,270,4,32.9,33.1,32.8,29.6,32.933333333333316,31.785714285714285,31.185714285714287,0.0,0.0,0.0,0.4,0.0,0.05714285714285613,0.028571428571428574
2024-09-27,34.9,26.0,30.4,0.4,15.0,68,9,271,4,31.7,32.9,33.1,30.3,32.56666666666665,32.08571428571428,31.214285714285715,0.0,0.0,0.0,0.0,0.0,0.0,0.028571428571428574
2024-09-28,33.2,23.8,28.4,18.8,21.7,75,9,272,4,30.4,31.7,32.9,31.5,31.666666666666647,32.1,31.17142857142857,0.4,0.0,0.0,0.0,0.13333333333333452,0.05714285714285613,0.05714285714285715
2024-09-29,32.7,23.5,28.4,6.1,11.1,75,9,273,4,28.4,30.4,31.7,32.3,30.166666666666647,31.657142857142855,31.04285714285714,18.8,0.4,0.0,0.0,6.400000000000001,2.7428571428571416,1.4000000000000001
2024-09-30,34.4,24.7,29.1,0.0,11.2,75,9,274,4,28.4,28.4,30.4,32.8,29.06666666666665,31.099999999999998,30.957142857142856,6.1,18.8,0.4,0.0,8.433333333333335,3.614285714285713,1.8357142857142859
2024-10-01,35.7,24.9,29.9,0.0,9.2,70,10,275,4,29.1,28.4,28.4,33.1,28.633333333333315,30.571428571428566,30.86428571428571,0.0,6.1,18.8,0.0,8.300000000000002,3.614285714285713,1.8357142857142859
2024-10-02,36.3,25.0,29.8,0.0,13.5,67,10,276,4,29.9,29.1,28.4,32.9,29.133333333333315,30.11428571428571,30.807142857142857,0.0,0.0,6.1,0.0,2.0333333333333345,3.614285714285713,1.8357142857142859
2024-10-03,35.6,23.3,29.0,0.0,9.8,66,10,277,4,29.8,29.9,29.1,31.7,29.599999999999984,29.67142857142857,30.728571428571428,0.0,0.0,0.0,0.0,0.0,3.614285714285713,1.8357142857142859
2024-10-04,35.9,24.0,29.1,0.0,12.1,61,10,278,4,29.0,29.8,29.9,30.4,29.56666666666665,29.285714285714285,30.685714285714287,0.0,0.0,0.0,0.4,0.0,3.614285714285713,1.8071428571428574
2024-10-05,34.9,23.5,27.8,0.6,14.7,64,10,279,4,29.1,29.0,29.8,28.4,29.299999999999983,29.099999999999998,30.599999999999998,0.0,0.0,0.0,18.8,0.0,3.557142857142856,1.8071428571428574
2024-10-06,34.2,21.7,27.1,0.0,21.1,67,10,280,4,27.8,29.1,29.0,28.4,28.633333333333315,29.014285714285716,30.335714285714285,0.6,0.0,0.0,6.1,0.20000000000000118,0.9571428571428561,1.85
2024-10-07,33.2,21.7,27.6,0.0,7.9,67,10,281,4,27.1,27.8,29.1,29.1,27.999999999999986,28.82857142857143,29.964285714285715,0.0,0.6,0.0,0.0,0.20000000000000118,0.0857142857142847,1.85
2024-10-08,30.2,22.1,25.4,7.7,24.7,75,10,282,4,27.6,27.1,27.8,29.9,27.499999999999986,28.614285714285717,29.592857142857145,0.0,0.0,0.6,0.0,0.20000000000000118,0.0857142857142847,1.85
2024-10-09,32.5,21.1,26.4,0.0,8.2,58,10,283,4,25.4,27.6,27.1,29.8,26.699999999999985,27.97142857142857,29.042857142857144,7.7,0.0,0.0,0.0,2.5666666666666678,1.1857142857142848,2.4
2024-10-10,32.8,20.2,26.6,0.0,8.8,54,10,284,4,26.4,25.4,27.6,29.0,26.46666666666665,27.485714285714288,28.57857142857143,0.0,7.7,0.0,0.0,2.5666666666666678,1.1857142857142848,2.4
2024-10-11,33.8,20.8,27.0,0.0,11.2,52,10,285,4,26.6,26.4,25.4,29.1,26.133333333333315,27.142857142857142,28.214285714285715,0.0,0.0,7.7,0.0,2.5666666666666678,1.1857142857142848,2.4
2024-10-12,34.1,21.4,27.0,0.0,9.8,53,10,286,4,27.0,26.6,26.4,27.8,26.666666666666647,26.842857142857145,27.97142857142857,0.0,0.0,0.0,0.6,0.0,1.1857142857142848,2.3714285714285714
2024-10-13,34.3,21.2,26.8,0.0,10.7,52,10,287,4,27.0,27.0,26.6,27.1,26.86666666666665,26.728571428571428,27.871428571428574,0.0,0.0,0.0,0.0,0.0,1.099999999999999,1.0285714285714285
2024-10-14,34.3,19.7,26.7,0.0,10.8,50,10,288,4,26.8,27.0,27.0,27.6,26.93333333333332,26.685714285714287,27.75714285714286,0.0,0.0,0.0,0.0,0.0,1.099999999999999,0.5928571428571429
2024-10-15,34.6,20.8,27.1,0.0,9.7,47,10,289,4,26.7,26.8,27.0,25.4,26.833333333333314,26.557142857142857,27.58571428571429,0.0,0.0,0.0,7.7,0.0,1.099999999999999,0.5928571428571429
2024-10-16,34.5,20.0,26.3,0.0,11.5,52,10,290,4,27.1,26.7,26.8,26.4,26.86666666666665,26.8,27.385714285714283,0.0,0.0,0.0,0.0,0.0,0.0,0.5928571428571429
2024-10-17,34.8,20.1,26.6,0.0,10.3,53,10,291,4,26.3,27.1,26.7,26.6,26.699999999999985,26.785714285714285,27.135714285714283,0.0,0.0,0.0,0.0,0.0,0.0,0.5928571428571429
2024-10-18,34.1,21.0,26.6,0.0,9.5,57,10,292,4,26.6,26.3,27.1,27.0,26.666666666666647,26.785714285714285,26.964285714285715,0.0,0.0,0.0,0.0,0.0,0.0,0.5928571428571429
2024-10-19,33.5,20.4,26.3,0.0,9.9,61,10,293,4,26.6,26.6,26.3,27.0,26.499999999999986,26.728571428571428,26.785714285714285,0.0,0.0,0.0,0.0,0.0,0.0,0.5928571428571429
2024-10-20,33.2,21.0,26.3,0.0,12.4,60,10,294,4,26.3,26.6,26.6,26.8,26.499999999999986,26.62857142857143,26.678571428571427,0.0,0.0,0.0,0.0,0.0,0.0,0.55
2024-10-21,33.3,19.8,26.0,0.0,9.4,62,10,295,4,26.3,26.3,26.6,26.7,26.399999999999988,26.55714285714286,26.62142857142857,0.0,0.0,0.0,0.0,0.0,0.0,0.55
2024-10-22,33.2,19.9,26.0,0.0,11.2,61,10,296,4,26.0,26.3,26.3,27.1,26.199999999999985,26.457142857142856,26.50714285714286,0.0,0.0,0.0,0.0,0.0,0.0,0.55
2024-10-23,32.7,19.9,26.1,0.2,12.6,60,10,297,4,26.0,26.0,26.3,26.3,26.099999999999984,26.300000000000004,26.55,0.0,0.0,0.0,0.0,0.0,0.0,0.0
2024-10-24,33.3,19.9,26.1,0.0,8.8,59,10,298,4,26.1,26.0,26.0,26.6,26.033333333333317,26.271428571428572,26.528571428571432,0.2,0.0,0.0,0.0,0.06666666666666786,0.028571428571427557,0.014285714285714287
2024-10-25,33.9,20.6,26.5,0.0,11.1,58,10,299,4,26.1,26.1,26.0,26.6,26.066666666666652,26.2,26.49285714285714,0.0,0.2,0.0,0.0,0.06666666666666786,0.028571428571427557,0.014285714285714287
2024-10-26,35.1,21.4,27.4,0.0,9.9,57,10,300,4,26.5,26.1,26.1,26.3,26.23333333333332,26.185714285714287,26.457142857142856,0.0,0.0,0.2,0.0,0.06666666666666786,0.028571428571427557,0.014285714285714287
2024-10-27,34.2,20.9,27.2,0.0,9.4,63,10,301,4,27.4,26.5,26.1,26.3,26.666666666666647,26.342857142857145,26.485714285714288,0.0,0.0,0.0,0.0,0.0,0.028571428571427557,0.014285714285714287
2024-10-28,33.7,21.7,26.9,0.0,12.3,59,10,302,4,27.2,27.4,26.5,26.0,27.033333333333317,26.47142857142857,26.514285714285712,0.0,0.0,0.0,0.0,0.0,0.028571428571427557,0.014285714285714287
2024-10-29,33.9,22.2,27.4,0.0,14.2,59,10,303,4,26.9,27.2,27.4,26.0,27.166666666666647,26.6,26.52857142857143,0.0,0.0,0.0,0.0,0.0,0.028571428571427557,0.014285714285714287
2024-10-30,31.1,22.6,25.7,0.0,29.3,59,10,304,4,27.4,26.9,27.2,26.1,27.166666666666647,26.8,26.550000000000004,0.0,0.0,0.0,0.2,0.0,0.028571428571427557,0.014285714285714287
2024-10-31,33.0,20.4,25.6,0.0,12.4,56,10,305,4,25.7,27.4,26.9,26.1,26.666666666666647,26.74285714285714,26.50714285714286,0.0,0.0,0.0,0.0,0.0,0.0,0.014285714285714287
2024-11-01,33.4,18.7,25.3,0.0,11.9,47,11,306,4,25.6,25.7,27.4,26.5,26.23333333333332,26.67142857142857,26.435714285714283,0.0,0.0,0.0,0.0,0.0,0.0,0.014285714285714287
2024-11-02,32.4,17.2,24.3,0.0,9.1,56,11,307,4,25.3,25.6,25.7,27.4,25.533333333333317,26.5,26.342857142857145,0.0,0.0,0.0,0.0,0.0,0.0,0.014285714285714287
2024-11-03,32.2,18.7,24.4,0.0,8.5,52,11,308,4,24.3,25.3,25.6,27.2,25.066666666666652,26.057142857142853,26.2,0.0,0.0,0.0,0.0,0.0,0.0,0.014285714285714287
2024-11-04,32.2,17.8,24.5,0.0,10.2,55,11,309,4,24.4,24.3,25.3,26.9,24.666666666666647,25.657142857142855,26.064285714285713,0.0,0.0,0.0,0.0,0.0,0.0,0.014285714285714287
2024-11-05,31.6,19.5,24.7,0.0,12.2,59,11,310,4,24.5,24.4,24.3,27.4,24.399999999999988,25.314285714285713,25.957142857142856,0.0,0.0,0.0,0.0,0.0,0.0,0.014285714285714287
2024-11-06,31.6,18.4,24.3,0.0,8.3,65,11,311,4,24.7,24.5,24.4,25.7,24.533333333333317,24.928571428571427,25.864285714285717,0.0,0.0,0.0,0.0,0.0,0.0,0.014285714285714287
2024-11-07,31.2,19.2,24.5,0.0,9.6,68,11,312,4,24.3,24.7,24.5,25.6,24.499999999999982,24.728571428571428,25.735714285714284,0.0,0.0,0.0,0.0,0.0,0.0,0.0
2024-11-08,30.6,19.3,24.1,0.0,7.9,73,11,313,4,24.5,24.3,24.7,25.3,24.499999999999982,24.571428571428573,25.62142857142857,0.0,0.0,0.0,0.0,0.0,0.0,0.0
2024-11-09,29.7,19.1,23.5,0.0,8.3,74,11,314,4,24.1,24.5,24.3,24.3,24.299999999999983,24.400000000000002,25.45,0.0,0.0,0.0,0.0,0.0,0.0,0.0
2024-11-10,29.9,18.7,23.4,0.0,8.2,75,11,315,4,23.5,24.1,24.5,24.4,24.033333333333317,24.285714285714285,25.17142857142857,0.0,0.0,0.0,0.0,0.0,0.0,0.0
2024-11-11,29.9,18.7,22.8,0.1,12.4,77,11,316,4,23.4,23.5,24.1,24.5,23.666666666666647,24.142857142857142,24.9,0.0,0.0,0.0,0.0,0.0,0.0,0.0
2024-11-12,27.5,17.1,21.9,0.0,9.9,79,11,317,4,22.8,23.4,23.5,24.7,23.233333333333317,23.900000000000002,24.607142857142858,0.1,0.0,0.0,0.0,0.03333333333333452,0.014285714285713272,0.0071428571428571435
2024-11-13,28.4,17.8,22.6,0.0,7.6,73,11,318,4,21.9,22.8,23.4,24.3,22.699999999999985,23.5,24.214285714285715,0.0,0.1,0.0,0.0,0.03333333333333452,0.014285714285713272,0.0071428571428571435
2024-11-14,29.1,18.3,22.8,0.0,9.8,67,11,319,4,22.6,21.9,22.8,24.5,22.43333333333332,23.25714285714286,23.99285714285714,0.0,0.0,0.1,0.0,0.03333333333333452,0.014285714285713272,0.0071428571428571435
2024-11-15,29.1,17.5,22.1,3.4,20.1,66,11,320,4,22.8,22.6,21.9,24.1,22.43333333333332,23.014285714285716,23.792857142857144,0.0,0.0,0.0,0.0,0.0,0.014285714285713272,0.0071428571428571435
2024-11-16,23.5,15.7,19.1,3.0,10.6,82,11,321,4,22.1,22.8,22.6,23.5,22.499999999999982,22.728571428571428,23.564285714285717,3.4,0.0,0.0,0.0,1.1333333333333344,0.499999999999999,0.25
2024-11-17,24.5,14.9,19.1,0.0,7.3,77,11,322,4,19.1,22.1,22.8,23.4,21.333333333333318,22.1,23.192857142857143,3.0,3.4,0.0,0.0,2.1333333333333346,0.9285714285714276,0.4642857142857143
2024-11-18,24.8,14.9,19.1,0.0,6.8,68,11,323,4,19.1,19.1,22.1,22.8,20.099999999999984,21.485714285714288,22.814285714285717,0.0,3.0,3.4,0.1,2.1333333333333346,0.9285714285714276,0.4642857142857143
2024-11-19,24.5,13.6,18.6,0.0,6.0,69,11,324,4,19.1,19.1,19.1,21.9,19.1,20.957142857142856,22.428571428571427,0.0,0.0,3.0,0.0,1.000000000000001,0.9142857142857134,0.4642857142857143
2024-11-20,24.7,13.2,18.5,0.0,6.2,73,11,325,4,18.6,19.1,19.1,22.6,18.93333333333332,20.485714285714288,21.99285714285714,0.0,0.0,0.0,0.0,0.0,0.9142857142857134,0.4642857142857143
2024-11-21,24.8,13.9,18.8,0.0,7.9,71,11,326,4,18.5,18.6,19.1,22.8,18.733333333333317,19.900000000000002,21.57857142857143,0.0,0.0,0.0,0.0,0.0,0.9142857142857134,0.4642857142857143
2024-11-22,24.7,14.0,18.7,0.0,8.5,70,11,327,4,18.8,18.5,18.6,22.1,18.633333333333315,19.32857142857143,21.171428571428574,0.0,0.0,0.0,3.4,0.0,0.9142857142857134,0.4642857142857143
2024-11-23,24.0,14.4,18.4,0.1,12.3,70,11,328,4,18.7,18.8,18.5,19.1,18.66666666666665,18.842857142857145,20.785714285714285,0.0,0.0,0.0,3.0,0.0,0.42857142857142755,0.4642857142857143
2024-11-24,23.4,14.3,18.1,0.0,12.1,75,11,329,4,18.4,18.7,18.8,19.1,18.633333333333315,18.74285714285714,20.42142857142857,0.1,0.0,0.0,0.0,0.03333333333333452,0.014285714285713272,0.4714285714285714
2024-11-25,23.9,13.4,18.2,0.0,8.2,70,11,330,4,18.1,18.4,18.7,19.1,18.399999999999984,18.6,20.042857142857144,0.0,0.1,0.0,0.0,0.03333333333333452,0.014285714285713272,0.4714285714285714
2024-11-26,24.6,14.0,18.5,0.0,9.2,66,11,331,4,18.2,18.1,18.4,18.6,18.233333333333317,18.47142857142857,19.714285714285715,0.0,0.0,0.1,0.0,0.03333333333333452,0.014285714285713272,0.4642857142857143
2024-11-27,24.3,12.7,18.2,0.0,5.8,69,11,332,4,18.5,18.2,18.1,18.5,18.26666666666665,18.45714285714286,19.47142857142857,0.0,0.0,0.0,0.0,0.0,0.014285714285713272,0.4642857142857143
2024-11-28,24.5,13.2,18.3,0.0,8.4,71,11,333,4,18.2,18.5,18.2,18.8,18.299999999999983,18.414285714285715,19.157142857142862,0.0,0.0,0.0,0.0,0.0,0.014285714285713272,0.4642857142857143
2024-11-29,24.4,13.4,18.3,0.0,7.9,71,11,334,4,18.3,18.2,18.5,18.7,18.333333333333314,18.342857142857145,18.835714285714285,0.0,0.0,0.0,0.0,0.0,0.014285714285713272,0.4642857142857143
2024-11-30,22.5,13.2,17.7,1.2,8.3,78,11,335,4,18.3,18.3,18.2,18.4,18.266666666666648,18.285714285714285,18.564285714285717,0.0,0.0,0.0,0.1,0.0,0.014285714285713272,0.22142857142857145
2024-12-01,23.5,13.2,17.8,0.0,6.3,72,12,336,1,17.7,18.3,18.3,18.1,18.099999999999984,18.185714285714287,18.464285714285715,1.2,0.0,0.0,0.0,0.4000000000000012,0.1714285714285704,0.09285714285714286
2024-12-02,24.1,14.5,18.5,0.4,6.9,75,12,337,1,17.8,17.7,18.3,18.2,17.93333333333332,18.142857142857142,18.37142857142857,0.0,1.2,0.0,0.0,0.4000000000000012,0.1714285714285704,0.09285714285714286
2024-12-03,23.4,13.9,18.1,0.0,8.8,74,12,338,1,18.5,17.8,17.7,18.5,17.999999999999982,18.185714285714287,18.32857142857143,0.4,0.0,1.2,0.0,0.5333333333333345,0.22857142857142757,0.12142857142857144
2024-12-04,23.0,12.3,16.8,0.0,9.7,59,12,339,1,18.1,18.5,17.8,18.2,18.13333333333332,18.12857142857143,18.292857142857144,0.0,0.4,0.0,0.0,0.13333333333333452,0.22857142857142757,0.12142857142857144
2024-12-05,23.0,10.3,16.0,0.0,6.9,58,12,340,1,16.8,18.1,18.5,18.3,17.799999999999983,17.928571428571427,18.17142857142857,0.0,0.0,0.4,0.0,0.13333333333333452,0.22857142857142757,0.12142857142857144
2024-12-06,22.6,10.2,15.7,0.0,7.3,61,12,341,1,16.0,16.8,18.1,18.3,16.96666666666665,17.6,17.97142857142857,0.0,0.0,0.0,0.0,0.0,0.22857142857142757,0.12142857142857144
2024-12-07,22.2,8.3,15.1,0.0,10.6,63,12,342,1,15.7,16.0,16.8,17.7,16.16666666666665,17.22857142857143,17.75714285714286,0.0,0.0,0.0,1.2,0.0,0.22857142857142757,0.12142857142857144
2024-12-08,15.9,9.8,12.9,0.9,14.3,64,12,343,1,15.1,15.7,16.0,17.8,15.599999999999982,16.857142857142858,17.521428571428572,0.0,0.0,0.0,0.0,0.0,0.05714285714285613,0.1142857142857143
2024-12-09,19.5,8.3,13.1,0.0,7.6,62,12,344,1,12.9,15.1,15.7,18.5,14.566666666666649,16.157142857142855,17.150000000000002,0.9,0.0,0.0,0.4,0.3000000000000012,0.1857142857142847,0.17857142857142858
2024-12-10,19.0,6.2,12.4,0.0,6.4,58,12,345,1,13.1,12.9,15.1,18.1,13.699999999999983,15.385714285714284,16.785714285714285,0.0,0.9,0.0,0.0,0.3000000000000012,0.12857142857142756,0.17857142857142858
2024-12-11,19.3,6.5,12.7,0.0,5.8,62,12,346,1,12.4,13.1,12.9,16.8,12.799999999999983,14.571428571428571,16.349999999999998,0.0,0.0,0.9,0.0,0.3000000000000012,0.12857142857142756,0.17857142857142858
2024-12-12,19.2,7.0,12.5,0.0,5.4,62,12,347,1,12.7,12.4,13.1,16.0,12.733333333333315,13.985714285714286,15.957142857142857,0.0,0.0,0.0,0.0,0.0,0.12857142857142756,0.17857142857142858
2024-12-13,20.2,7.6,12.9,0.0,11.5,54,12,348,1,12.5,12.7,12.4,15.7,12.533333333333317,13.485714285714286,15.542857142857143,0.0,0.0,0.0,0.0,0.0,0.12857142857142756,0.17857142857142858
2024-12-14,20.2,7.4,13.0,0.0,11.0,56,12,349,1,12.9,12.5,12.7,15.1,12.699999999999983,13.085714285714285,15.157142857142858,0.0,0.0,0.0,0.0,0.0,0.12857142857142756,0.17857142857142858
2024-12-15,19.4,7.6,13.0,0.0,8.0,67,12,350,1,13.0,12.9,12.5,12.9,12.799999999999983,12.785714285714286,14.821428571428571,0.0,0.0,0.0,0.9,0.0,0.12857142857142756,0.09285714285714286
2024-12-16,19.1,5.8,12.3,0.0,4.3,68,12,351,1,13.0,13.0,12.9,13.1,12.966666666666649,12.799999999999999,14.47857142857143,0.0,0.0,0.0,0.0,0.0,0.0,0.09285714285714286
2024-12-17,19.5,7.4,13.0,0.0,4.9,68,12,352,1,12.3,13.0,13.0,12.4,12.766666666666652,12.685714285714287,14.035714285714286,0.0,0.0,0.0,0.0,0.0,0.0,0.0642857142857143
2024-12-18,19.8,7.1,12.9,0.0,5.2,70,12,353,1,13.0,12.3,13.0,12.7,12.766666666666652,12.771428571428572,13.671428571428569,0.0,0.0,0.0,0.0,0.0,0.0,0.0642857142857143
2024-12-19,18.9,5.7,12.1,0.0,7.4,73,12,354,1,12.9,13.0,12.3,12.5,12.733333333333318,12.799999999999999,13.392857142857142,0.0,0.0,0.0,0.0,0.0,0.0,0.0642857142857143
2024-12-20,18.0,6.9,11.7,0.0,6.4,74,12,355,1,12.1,12.9,13.0,12.9,12.66666666666665,12.742857142857144,13.114285714285714,0.0,0.0,0.0,0.0,0.0,0.0,0.0642857142857143
2024-12-21,18.7,6.3,12.2,0.0,6.1,71,12,356,1,11.7,12.1,12.9,13.0,12.233333333333315,12.571428571428571,12.828571428571427,0.0,0.0,0.0,0.0,0.0,0.0,0.0642857142857143
2024-12-22,18.6,7.8,12.9,0.0,7.3,71,12,357,1,12.2,11.7,12.1,13.0,11.999999999999984,12.457142857142857,12.62142857142857,0.0,0.0,0.0,0.0,0.0,0.0,0.0642857142857143
2024-12-23,16.8,8.5,12.1,0.5,14.7,81,12,358,1,12.9,12.2,11.7,12.3,12.26666666666665,12.442857142857145,12.621428571428572,0.0,0.0,0.0,0.0,0.0,0.0,0.0
2024-12-24,18.0,6.9,12.2,0.0,7.8,79,12,359,1,12.1,12.9,12.2,13.0,12.399999999999984,12.414285714285713,12.549999999999999,0.5,0.0,0.0,0.0,0.16666666666666785,0.07142857142857041,0.03571428571428571
2024-12-25,19.3,7.0,12.9,0.0,7.4,73,12,360,1,12.2,12.1,12.9,12.9,12.399999999999983,12.299999999999999,12.535714285714286,0.0,0.5,0.0,0.0,0.16666666666666785,0.07142857142857041,0.03571428571428571
2024-12-26,20.4,7.8,13.6,0.0,7.3,69,12,361,1,12.9,12.2,12.1,12.1,12.399999999999983,12.299999999999999,12.549999999999999,0.0,0.0,0.5,0.0,0.16666666666666785,0.07142857142857041,0.03571428571428571
2024-12-27,19.8,7.4,13.1,0.0,9.0,74,12,362,1,13.6,12.9,12.2,11.7,12.899999999999983,12.514285714285714,12.628571428571428,0.0,0.0,0.0,0.0,0.0,0.07142857142857041,0.03571428571428571
2024-12-28,17.0,7.6,11.5,0.0,6.5,90,12,363,1,13.1,13.6,12.9,12.2,13.199999999999983,12.714285714285714,12.642857142857142,0.0,0.0,0.0,0.0,0.0,0.07142857142857041,0.03571428571428571
2024-12-29,18.3,7.0,11.8,0.0,8.9,84,12,364,1,11.5,13.1,13.6,12.9,12.733333333333315,12.614285714285714,12.535714285714286,0.0,0.0,0.0,0.0,0.0,0.07142857142857041,0.03571428571428571
2024-12-30,18.5,8.2,12.4,0.0,8.8,78,12,365,1,11.8,11.5,13.1,12.1,12.133333333333317,12.457142857142856,12.45,0.0,0.0,0.0,0.5,0.0,0.07142857142857041,0.03571428571428571
2024-12-31,17.5,6.6,11.4,0.0,4.7,85,12,366,1,12.4,11.8,11.5,12.2,11.899999999999984,12.5,12.457142857142857,0.0,0.0,0.0,0.0,0.0,0.0,0.03571428571428571
