date,temperature_2m_max,temperature_2m_min,temperature_2m_mean,precipitation_sum,windspeed_10m_max,relative_humidity_2m_mean,month,day_of_year,season,temperature_2m_mean_lag1,temperature_2m_mean_lag2,temperature_2m_mean_lag3,temperature_2m_mean_lag7,temperature_2m_mean_roll_mean3,temperature_2m_mean_roll_mean7,temperature_2m_mean_roll_mean14,precipitation_sum_lag1,precipitation_sum_lag2,precipitation_sum_lag3,precipitation_sum_lag7,precipitation_sum_roll_mean3,precipitation_sum_roll_mean7,precipitation_sum_roll_mean14
2015-01-15,19.1,6.2,12.1,0.0,9.3,76,1,15,1,12.2,11.4,9.8,10.7,11.133333333333333,10.771428571428572,11.62142857142857,14.2,4.4,0.0,0.0,6.2,2.6571428571428575,1.3285714285714287
2015-01-16,19.4,7.2,12.5,0.0,11.0,75,1,16,1,12.1,12.2,11.4,10.2,11.9,10.971428571428572,11.578571428571431,0.0,14.2,4.4,0.0,6.2,2.6571428571428575,1.3285714285714287
2015-01-17,19.8,6.2,12.1,0.0,8.9,75,1,17,1,12.5,12.1,12.2,10.5,12.266666666666666,11.299999999999999,11.571428571428571,0.0,0.0,14.2,0.0,4.733333333333333,2.6571428571428575,1.3285714285714287
2015-01-18,19.6,5.2,12.1,0.0,8.4,71,1,18,1,12.1,12.5,12.1,10.6,12.233333333333333,11.528571428571427,11.535714285714286,0.0,0.0,0.0,0.0,0.0,2.6571428571428575,1.3285714285714287
2015-01-19,19.7,4.7,12.1,0.0,8.1,76,1,19,1,12.1,12.1,12.5,9.8,12.233333333333334,11.742857142857144,11.578571428571427,0.0,0.0,0.0,0.0,0.0,2.6571428571428575,1.3285714285714287
2015-01-20,18.3,6.4,12.1,0.0,9.4,83,1,20,1,12.1,12.1,12.1,11.4,12.1,12.071428571428571,11.514285714285714,0.0,0.0,0.0,4.4,0.0,2.6571428571428575,1.3285714285714287
2015-01-21,14.4,9.9,12.2,9.3,18.0,88,1,21,1,12.1,12.1,12.1,12.2,12.1,12.171428571428569,11.464285714285714,0.0,0.0,0.0,14.2,0.0,2.0285714285714285,1.3285714285714287
2015-01-22,17.3,10.6,13.4,4.0,13.0,82,1,22,1,12.2,12.1,12.1,12.1,12.133333333333333,12.171428571428569,11.471428571428572,9.3,0.0,0.0,0.0,3.1,1.3285714285714287,1.9928571428571427
2015-01-23,16.5,9.2,12.2,0.0,8.7,89,1,23,1,13.4,12.2,12.1,12.5,12.566666666666665,12.357142857142858,11.664285714285713,4.0,9.3,0.0,0.0,4.433333333333334,1.9000000000000001,2.2785714285714285
2015-01-24,18.1,6.6,11.9,0.0,8.8,79,1,24,1,12.2,13.4,12.2,12.1,12.6,12.314285714285715,11.807142857142859,0.0,4.0,9.3,0.0,4.433333333333334,1.9000000000000001,2.2785714285714285
2015-01-25,17.5,6.1,11.9,0.0,8.3,78,1,25,1,11.9,12.2,13.4,12.1,12.5,12.285714285714286,11.907142857142858,0.0,0.0,4.0,0.0,1.3333333333333333,1.9000000000000001,2.2785714285714285
2015-01-26,16.0,8.3,11.6,2.6,8.4,82,1,26,1,11.9,11.9,12.2,12.1,12.0,12.257142857142856,12.0,0.0,0.0,0.0,0.0,0.0,1.9000000000000001,2.2785714285714285
2015-01-27,15.4,5.4,10.3,0.4,9.9,79,1,27,1,11.6,11.9,11.9,12.1,11.799999999999999,12.185714285714285,12.12857142857143,2.6,0.0,0.0,0.0,0.8666666666666667,2.2714285714285714,2.4642857142857144
2015-01-28,16.6,4.9,10.2,0.0,11.5,67,1,28,1,10.3,11.6,11.9,12.2,11.266666666666666,11.928571428571429,12.049999999999999,0.4,2.6,0.0,9.3,1.0,2.3285714285714287,2.178571428571429
2015-01-29,16.4,4.8,10.0,0.0,9.8,68,1,29,1,10.2,10.3,11.6,13.4,10.700000000000001,11.642857142857142,11.907142857142858,0.0,0.4,2.6,4.0,1.0,1.0,1.1642857142857146
2015-01-30,18.5,3.9,10.8,0.0,14.8,67,1,30,1,10.0,10.2,10.3,12.2,10.166666666666666,11.157142857142857,11.757142857142858,0.0,0.0,0.4,0.0,0.13333333333333333,0.42857142857142855,1.1642857142857146
2015-01-31,18.7,4.9,11.7,0.0,8.5,65,1,31,1,10.8,10.0,10.2,11.9,10.333333333333334,10.957142857142856,11.635714285714286,0.0,0.0,0.0,0.0,0.0,0.42857142857142855,1.1642857142857146
2015-02-01,18.4,7.3,12.4,1.2,10.0,72,2,32,1,11.7,10.8,10.0,11.9,10.833333333333334,10.928571428571429,11.607142857142858,0.0,0.0,0.0,0.0,0.0,0.42857142857142855,1.1642857142857146
2015-02-02,17.9,9.8,13.3,5.0,19.5,79,2,33,1,12.4,11.7,10.8,11.6,11.633333333333333,11.0,11.628571428571428,1.2,0.0,0.0,2.6,0.39999999999999997,0.6,1.2500000000000002
2015-02-03,16.2,9.8,12.6,29.1,15.0,84,2,34,1,13.3,12.4,11.7,10.3,12.466666666666667,11.242857142857144,11.714285714285714,5.0,1.2,0.0,0.4,2.066666666666667,0.9428571428571428,1.6071428571428572
2015-02-04,19.9,7.9,13.2,0.0,13.1,73,2,35,1,12.6,13.3,12.4,10.2,12.766666666666666,11.571428571428571,11.75,29.1,5.0,1.2,0.0,11.766666666666667,5.042857142857143,3.685714285714286
2015-02-05,19.4,5.4,12.7,0.0,8.7,68,2,36,1,13.2,12.6,13.3,10.0,13.033333333333333,12.0,11.821428571428571,0.0,29.1,5.0,0.0,11.366666666666665,5.042857142857143,3.021428571428572
2015-02-06,19.2,5.4,12.2,0.0,7.9,76,2,37,1,12.7,13.2,12.6,10.8,12.833333333333334,12.385714285714286,11.771428571428572,0.0,0.0,29.1,0.0,9.700000000000001,5.042857142857143,2.735714285714286
2015-02-07,18.5,5.8,12.2,0.1,15.8,78,2,38,1,12.2,12.7,13.2,11.7,12.699999999999998,12.585714285714287,11.77142857142857,0.0,0.0,0.0,0.0,0.0,5.042857142857143,2.735714285714286
2015-02-08,20.2,10.3,14.1,3.3,9.9,74,2,39,1,12.2,12.2,12.7,12.4,12.366666666666665,12.657142857142857,11.792857142857143,0.1,0.0,0.0,1.2,0.03333333333333333,5.057142857142857,2.7428571428571433
2015-02-09,21.3,8.4,14.2,0.0,10.3,72,2,40,1,14.1,12.2,12.2,13.3,12.833333333333334,12.9,11.950000000000001,3.3,0.1,0.0,5.0,1.1333333333333333,5.357142857142857,2.9785714285714286
2015-02-10,21.4,7.1,14.0,0.0,8.4,74,2,41,1,14.2,14.1,12.2,12.6,13.5,13.028571428571428,12.135714285714284,0.0,3.3,0.1,29.1,1.1333333333333333,4.642857142857143,2.792857142857143
2015-02-11,21.6,8.3,14.9,0.0,7.2,71,2,42,1,14.0,14.2,14.1,13.2,14.1,13.228571428571428,12.4,0.0,0.0,3.3,0.0,1.0999999999999999,0.4857142857142857,2.7642857142857147
2015-02-12,22.1,6.7,14.4,0.0,10.6,73,2,43,1,14.9,14.0,14.2,12.7,14.366666666666665,13.471428571428572,12.735714285714284,0.0,0.0,0.0,0.0,0.0,0.4857142857142857,2.7642857142857147
2015-02-13,22.5,7.5,15.4,0.0,9.1,70,2,44,1,14.4,14.9,14.0,12.2,14.433333333333335,13.714285714285714,13.049999999999999,0.0,0.0,0.0,0.0,0.0,0.4857142857142857,2.7642857142857147
2015-02-14,24.1,8.9,16.1,0.0,12.0,76,2,45,1,15.4,14.4,14.9,12.2,14.9,14.171428571428569,13.37857142857143,0.0,0.0,0.0,0.1,0.0,0.4857142857142857,2.7642857142857147
2015-02-15,24.5,8.5,16.8,0.0,9.8,76,2,46,1,16.1,15.4,14.4,14.1,15.300000000000002,14.72857142857143,13.692857142857141,0.0,0.0,0.0,3.3,0.0,0.4714285714285714,2.7642857142857147
2015-02-16,21.6,15.5,17.6,4.3,18.1,83,2,47,1,16.8,16.1,15.4,14.2,16.1,15.114285714285714,14.007142857142858,0.0,0.0,0.0,0.0,0.0,0.0,2.6785714285714284
2015-02-17,22.3,12.5,17.0,8.0,10.7,78,2,48,1,17.6,16.8,16.1,14.0,16.833333333333336,15.6,14.314285714285715,4.3,0.0,0.0,0.0,1.4333333333333333,0.6142857142857142,2.6285714285714286
2015-02-18,18.9,12.0,15.3,3.9,14.5,82,2,49,1,17.0,17.6,16.8,14.9,17.133333333333336,16.02857142857143,14.62857142857143,8.0,4.3,0.0,0.0,4.1000000000000005,1.7571428571428573,1.1214285714285714
2015-02-19,18.2,13.0,15.0,9.0,20.4,85,2,50,1,15.3,17.0,17.6,14.4,16.633333333333336,16.085714285714285,14.778571428571427,3.9,8.0,4.3,0.0,5.3999999999999995,2.314285714285714,1.4
2015-02-20,18.3,11.6,13.9,13.6,16.9,86,2,51,1,15.0,15.3,17.0,15.4,15.766666666666666,16.17142857142857,14.942857142857141,9.0,3.9,8.0,0.0,6.966666666666666,3.6000000000000005,2.042857142857143
2015-02-21,23.4,11.9,17.2,0.5,14.6,75,2,52,1,13.9,15.0,15.3,16.1,14.733333333333334,15.957142857142859,15.064285714285715,13.6,9.0,3.9,0.0,8.833333333333334,5.542857142857143,3.0142857142857147
2015-02-22,25.4,13.1,18.7,0.0,14.6,69,2,53,1,17.2,13.9,15.0,16.8,15.366666666666665,16.114285714285717,15.421428571428573,0.5,13.6,9.0,0.0,7.7,5.614285714285714,3.0428571428571423
2015-02-23,24.3,13.6,18.6,0.0,7.2,82,2,54,1,18.7,17.2,13.9,17.6,16.599999999999998,16.385714285714286,15.75,0.0,0.5,13.6,4.3,4.7,5.614285714285714,2.807142857142857
2015-02-24,21.7,15.3,17.7,6.8,27.0,90,2,55,1,18.6,18.7,17.2,17.0,18.166666666666668,16.52857142857143,16.064285714285713,0.0,0.0,0.5,8.0,0.16666666666666727,5.0,2.807142857142857
2015-02-25,22.5,11.2,16.8,38.5,30.9,73,2,56,1,17.7,18.6,18.7,15.3,18.333333333333332,16.62857142857143,16.32857142857143,6.8,0.0,0.0,3.9,2.266666666666667,4.828571428571428,3.292857142857143
2015-02-26,19.6,11.0,14.4,0.0,16.9,73,2,57,1,16.8,17.7,18.6,15.0,17.7,16.842857142857145,16.464285714285715,38.5,6.8,0.0,9.0,15.100000000000001,9.771428571428572,6.042857142857143
2015-02-27,19.6,7.1,13.6,0.0,9.4,68,2,58,1,14.4,16.8,17.7,13.9,16.3,16.757142857142856,16.464285714285715,0.0,38.5,6.8,13.6,15.100000000000001,8.485714285714286,6.042857142857143
2015-02-28,20.0,7.4,14.1,0.0,9.2,70,2,59,1,13.6,14.4,16.8,17.2,14.933333333333332,16.714285714285715,16.335714285714285,0.0,0.0,38.5,0.5,12.833333333333336,6.542857142857143,6.042857142857143
2015-03-01,17.1,12.8,14.2,22.2,24.7,79,3,60,2,14.1,13.6,14.4,18.7,14.033333333333331,16.271428571428572,16.192857142857143,0.0,0.0,0.0,0.0,0.0,6.471428571428571,6.042857142857143
2015-03-02,17.4,12.5,14.8,21.0,25.6,89,3,61,2,14.2,14.1,13.6,18.6,13.966666666666667,15.62857142857143,16.007142857142856,22.2,0.0,0.0,0.0,7.400000000000002,9.642857142857142,7.628571428571428
2015-03-03,17.4,10.7,13.6,4.9,8.0,91,3,62,2,14.8,14.2,14.1,17.7,14.366666666666665,15.085714285714285,15.807142857142859,21.0,22.2,0.0,6.8,14.4,12.642857142857142,8.821428571428571
2015-03-04,19.4,7.6,13.6,0.0,8.7,79,3,63,2,13.6,14.8,14.2,16.8,14.199999999999998,14.5,15.564285714285715,4.9,21.0,22.2,38.5,16.033333333333335,12.37142857142857,8.6
2015-03-05,16.4,10.4,13.3,14.2,11.1,87,3,64,2,13.6,13.6,14.8,14.4,14.0,14.042857142857143,15.442857142857145,0.0,4.9,21.0,0.0,8.633333333333335,6.871428571428572,8.321428571428571
2015-03-06,20.7,8.9,14.3,0.0,10.6,76,3,65,2,13.3,13.6,13.6,13.6,13.499999999999998,13.885714285714286,15.321428571428571,14.2,0.0,4.9,0.0,6.36666666666667,8.9,8.692857142857143
2015-03-07,16.1,9.2,12.6,19.0,15.5,89,3,66,2,14.3,13.3,13.6,14.1,13.733333333333333,13.985714285714284,15.35,0.0,14.2,0.0,0.0,4.733333333333335,8.9,7.721428571428572
2015-03-08,19.3,9.4,13.7,4.7,24.5,82,3,67,2,12.6,14.3,13.3,14.2,13.399999999999999,13.771428571428572,15.02142857142857,19.0,0.0,14.2,22.2,11.066666666666668,11.614285714285714,9.042857142857143
2015-03-09,18.1,7.5,12.5,0.1,13.2,78,3,68,2,13.7,12.6,14.3,14.8,13.533333333333331,13.700000000000001,14.664285714285715,4.7,19.0,0.0,21.0,7.900000000000002,9.114285714285714,9.37857142857143
2015-03-10,22.4,7.9,14.5,0.0,10.2,72,3,69,2,12.5,13.7,12.6,13.6,12.933333333333332,13.37142857142857,14.22857142857143,0.1,4.7,19.0,4.9,7.933333333333336,6.128571428571427,9.385714285714286
2015-03-11,23.3,9.0,15.5,0.0,9.1,72,3,70,2,14.5,12.5,13.7,13.6,13.566666666666665,13.5,14.0,0.0,0.1,4.7,0.0,1.6000000000000023,5.428571428571428,8.9
2015-03-12,23.3,9.2,16.0,0.0,10.0,75,3,71,2,15.5,14.5,12.5,13.3,14.166666666666666,13.771428571428572,13.907142857142858,0.0,0.0,0.1,14.2,0.033333333333335706,5.428571428571428,6.1499999999999995
2015-03-13,23.8,9.3,16.6,0.0,8.4,74,3,72,2,16.0,15.5,14.5,14.3,15.333333333333334,14.157142857142857,14.021428571428572,0.0,0.0,0.0,0.0,0.0,3.4,6.1499999999999995
2015-03-14,23.8,11.0,17.5,0.4,8.7,77,3,73,2,16.6,16.0,15.5,12.6,16.03333333333333,14.485714285714286,14.235714285714286,0.0,0.0,0.0,19.0,0.0,3.3999999999999995,6.1499999999999995
2015-03-15,19.2,14.7,16.2,35.0,20.5,90,3,74,2,17.5,16.6,16.0,13.7,16.7,15.185714285714285,14.478571428571428,0.4,0.0,0.0,4.7,0.13333333333333572,0.7428571428571423,6.178571428571428
2015-03-16,18.7,13.4,15.8,24.7,19.4,92,3,75,2,16.2,17.5,16.6,12.5,16.766666666666666,15.542857142857143,14.62142857142857,35.0,0.4,0.0,0.1,11.800000000000002,5.071428571428571,7.092857142857143
2015-03-17,22.2,11.5,16.5,0.0,10.2,80,3,76,2,15.8,16.2,17.5,14.5,16.5,16.014285714285716,14.692857142857141,24.7,35.0,0.4,0.0,20.033333333333335,8.585714285714285,7.357142857142857
2015-03-18,24.3,11.6,17.7,0.0,12.0,72,3,77,2,16.5,15.8,16.2,15.5,16.166666666666668,16.3,14.9,0.0,24.7,35.0,0.0,19.900000000000002,8.585714285714285,7.007142857142857
2015-03-19,25.6,10.8,18.4,0.0,10.1,74,3,78,2,17.7,16.5,15.8,16.0,16.666666666666664,16.614285714285714,15.192857142857141,0.0,0.0,24.7,0.0,8.233333333333336,8.585714285714285,7.007142857142857
2015-03-20,26.6,15.0,20.4,0.0,9.2,74,3,79,2,18.4,17.7,16.5,16.6,17.53333333333333,16.95714285714286,15.557142857142855,0.0,0.0,0.0,0.0,0.0,8.585714285714285,5.992857142857142
2015-03-21,27.5,14.3,20.8,0.0,10.2,74,3,80,2,20.4,18.4,17.7,17.5,18.833333333333332,17.5,15.992857142857144,0.0,0.0,0.0,0.4,0.0,8.585714285714285,5.992857142857142
2015-03-22,28.6,14.9,21.5,0.0,15.5,69,3,81,2,20.8,20.4,18.4,16.2,19.866666666666664,17.97142857142857,16.57857142857143,0.0,0.0,0.0,35.0,0.0,8.528571428571428,4.635714285714286
2015-03-23,29.1,13.4,21.8,0.0,10.9,72,3,82,2,21.5,20.8,20.4,15.8,20.899999999999995,18.728571428571428,17.135714285714283,0.0,0.0,0.0,24.7,0.0,3.5285714285714285,4.3
2015-03-24,29.9,14.7,22.8,0.0,13.0,76,3,83,2,21.8,21.5,20.8,16.5,21.366666666666664,19.585714285714285,17.8,0.0,0.0,0.0,0.0,0.0,0.0,4.292857142857144
2015-03-25,29.5,18.3,23.6,0.3,20.4,62,3,84,2,22.8,21.8,21.5,17.7,22.03333333333333,20.485714285714288,18.392857142857142,0.0,0.0,0.0,0.0,0.0,0.0,4.292857142857144
2015-03-26,29.9,15.3,22.1,0.0,10.4,70,3,85,2,23.6,22.8,21.8,18.4,22.733333333333334,21.32857142857143,18.97142857142857,0.3,0.0,0.0,0.0,0.10000000000000236,0.04285714285714286,4.314285714285715
2015-03-27,30.4,14.1,22.3,0.0,9.8,68,3,86,2,22.1,23.6,22.8,20.4,22.833333333333332,21.857142857142858,19.407142857142855,0.0,0.3,0.0,0.0,0.10000000000000236,0.04285714285714286,4.314285714285715
2015-03-28,31.0,16.7,23.9,0.2,21.6,68,3,87,2,22.3,22.1,23.6,20.8,22.666666666666668,22.12857142857143,19.814285714285713,0.0,0.0,0.3,0.0,0.10000000000000236,0.04285714285714286,4.314285714285715
2015-03-29,22.3,17.7,19.5,33.4,25.7,81,3,88,2,23.9,22.3,22.1,21.5,22.766666666666666,22.571428571428573,20.271428571428572,0.2,0.0,0.0,0.0,0.06666666666666904,0.07142857142857142,4.3
2015-03-30,23.4,16.5,19.4,12.9,19.2,83,3,89,2,19.5,23.9,22.3,21.8,21.899999999999995,22.285714285714285,20.50714285714286,33.4,0.2,0.0,0.0,11.200000000000003,4.8428571428571425,4.185714285714285
2015-03-31,23.7,16.9,19.5,5.3,12.6,88,3,90,2,19.4,19.5,23.9,22.8,20.933333333333334,21.942857142857143,20.764285714285712,12.9,33.4,0.2,0.0,15.500000000000002,6.685714285714285,3.342857142857142
2015-04-01,19.8,16.2,18.0,26.1,21.8,90,4,91,2,19.5,19.4,19.5,23.6,19.466666666666665,21.47142857142857,20.978571428571428,5.3,12.9,33.4,0.3,17.200000000000003,7.442857142857143,3.7214285714285715
2015-04-02,24.5,15.4,19.3,11.5,18.5,82,4,92,2,18.0,19.5,19.4,22.1,18.966666666666665,20.67142857142857,21.0,26.1,5.3,12.9,0.0,14.766666666666671,11.12857142857143,5.5857142857142845
2015-04-03,22.8,16.7,19.2,2.7,14.9,85,4,93,2,19.3,18.0,19.5,22.3,18.933333333333334,20.271428571428572,21.064285714285713,11.5,26.1,5.3,0.0,14.300000000000002,12.771428571428572,6.407142857142857
2015-04-04,25.9,15.2,20.1,2.2,17.3,80,4,94,2,19.2,19.3,18.0,23.9,18.833333333333332,19.828571428571426,20.978571428571428,2.7,11.5,26.1,0.2,13.433333333333335,13.157142857142858,6.6
2015-04-05,26.2,15.4,20.7,0.0,8.5,77,4,95,2,20.1,19.2,19.3,19.5,19.533333333333335,19.285714285714285,20.928571428571427,2.2,2.7,11.5,33.4,5.466666666666669,13.442857142857141,6.757142857142857
2015-04-06,24.5,16.1,19.7,1.8,10.4,82,4,96,2,20.7,20.1,19.2,19.4,20.0,19.457142857142856,20.87142857142857,0.0,2.2,2.7,12.9,1.6333333333333357,8.671428571428573,6.757142857142857
2015-04-07,21.1,15.6,17.8,16.5,16.7,90,4,97,2,19.7,20.7,20.1,19.5,20.166666666666664,19.5,20.721428571428568,1.8,0.0,2.2,5.3,1.3333333333333357,7.085714285714286,6.885714285714285
2015-04-08,25.0,15.3,19.7,4.0,10.4,76,4,98,2,17.8,19.7,20.7,18.0,19.399999999999995,19.25714285714286,20.364285714285717,16.5,1.8,0.0,26.1,6.100000000000002,8.685714285714285,8.064285714285713
2015-04-09,28.0,15.1,21.3,0.0,11.2,70,4,99,2,19.7,17.8,19.7,19.3,19.066666666666666,19.5,20.085714285714285,4.0,16.5,1.8,11.5,7.433333333333336,5.528571428571429,8.328571428571427
2015-04-10,29.6,15.6,22.6,0.0,10.9,68,4,100,2,21.3,19.7,17.8,19.2,19.599999999999998,19.785714285714285,20.02857142857143,0.0,4.0,16.5,2.7,6.833333333333336,3.8857142857142857,8.328571428571427
2015-04-11,29.9,16.5,23.3,0.3,9.3,68,4,101,2,22.6,21.3,19.7,20.1,21.2,20.271428571428572,20.050000000000004,0.0,0.0,4.0,2.2,1.3333333333333357,3.5,8.328571428571427
2015-04-12,30.3,16.9,24.0,0.0,8.5,65,4,102,2,23.3,22.6,21.3,20.7,22.399999999999995,20.728571428571428,20.007142857142856,0.3,0.0,0.0,0.0,0.10000000000000236,3.228571428571428,8.335714285714285
2015-04-13,30.6,16.7,24.3,0.0,8.3,68,4,103,2,24.0,23.3,22.6,19.7,23.3,21.2,20.328571428571426,0.0,0.3,0.0,1.8,0.10000000000000236,3.2285714285714286,5.95
2015-04-14,29.4,19.4,24.2,0.0,11.1,71,4,104,2,24.3,24.0,23.3,17.8,23.866666666666664,21.857142857142858,20.678571428571427,0.0,0.0,0.3,16.5,0.10000000000000236,2.9714285714285715,5.028571428571428
2015-04-15,29.9,19.3,24.8,0.0,7.2,73,4,105,2,24.2,24.3,24.0,19.7,24.166666666666668,22.771428571428572,21.014285714285712,0.0,0.0,0.0,4.0,0.0,0.6142857142857142,4.6499999999999995
2015-04-16,24.3,19.8,21.8,26.6,11.2,83,4,106,2,24.8,24.2,24.3,21.3,24.433333333333334,23.5,21.5,0.0,0.0,0.0,0.0,0.0,0.04285714285714286,2.7857142857142856
2015-04-17,30.8,18.9,24.5,0.0,14.2,72,4,107,2,21.8,24.8,24.2,22.6,23.599999999999998,23.571428571428573,21.678571428571427,26.6,0.0,0.0,0.0,8.866666666666669,3.842857142857143,3.8642857142857143
2015-04-18,32.1,18.5,25.6,0.0,8.9,66,4,108,2,24.5,21.8,24.8,23.3,23.7,23.842857142857145,22.057142857142857,0.0,26.6,0.0,0.3,8.866666666666669,3.842857142857143,3.6714285714285713
2015-04-19,32.5,19.1,26.0,0.1,20.0,60,4,109,2,25.6,24.5,21.8,24.0,23.96666666666667,24.17142857142857,22.45,0.0,0.0,26.6,0.0,8.866666666666669,3.8000000000000003,3.5142857142857147
2015-04-20,32.7,20.5,26.2,0.4,21.4,53,4,110,2,26.0,25.6,24.5,24.3,25.366666666666664,24.457142857142856,22.82857142857143,0.1,0.0,0.0,0.0,0.033333333333335706,3.8142857142857145,3.521428571428572
2015-04-21,33.0,20.2,26.3,0.0,10.2,53,4,111,2,26.2,26.0,25.6,24.2,25.933333333333334,24.728571428571428,23.292857142857144,0.4,0.1,0.0,0.0,0.16666666666666904,3.8714285714285714,3.4214285714285713
2015-04-22,33.6,19.3,26.6,0.0,10.9,52,4,112,2,26.3,26.2,26.0,24.8,26.166666666666668,25.02857142857143,23.900000000000002,0.0,0.4,0.1,0.0,0.16666666666666904,3.8714285714285714,2.242857142857143
2015-04-23,34.1,17.7,25.9,0.0,8.6,60,4,113,2,26.6,26.3,26.2,21.8,26.366666666666664,25.285714285714285,24.392857142857142,0.0,0.0,0.4,26.6,0.13333333333333572,3.8714285714285714,1.9571428571428573
2015-04-24,35.0,18.7,26.8,0.0,8.2,61,4,114,2,25.9,26.6,26.3,24.5,26.266666666666666,25.87142857142857,24.72142857142857,0.0,0.0,0.0,0.0,0.0,0.07142857142857142,1.9571428571428573
2015-04-25,35.5,19.7,27.2,0.0,9.7,55,4,115,2,26.8,25.9,26.6,25.6,26.433333333333334,26.2,25.02142857142857,0.0,0.0,0.0,0.0,0.0,0.07142857142857142,1.9571428571428573
2015-04-26,33.2,21.1,26.7,0.0,19.4,56,4,116,2,27.2,26.8,25.9,26.0,26.63333333333333,26.428571428571427,25.300000000000004,0.0,0.0,0.0,0.1,0.0,0.07142857142857142,1.9357142857142857
2015-04-27,32.8,22.5,27.2,0.2,14.5,55,4,117,2,26.7,27.2,26.8,26.2,26.900000000000002,26.528571428571432,25.492857142857144,0.0,0.0,0.0,0.4,0.0,0.05714285714285715,1.9357142857142857
2015-04-28,34.3,21.3,27.8,0.0,10.9,45,4,118,2,27.2,26.7,27.2,26.3,27.03333333333333,26.67142857142857,25.7,0.2,0.0,0.0,0.0,0.06666666666666904,0.028571428571428574,1.95
2015-04-29,34.6,18.5,26.9,0.0,8.4,47,4,119,2,27.8,27.2,26.7,26.6,27.23333333333333,26.88571428571429,25.95714285714286,0.0,0.2,0.0,0.0,0.06666666666666904,0.028571428571428574,1.95
2015-04-30,32.9,20.8,26.6,0.0,25.3,43,4,120,2,26.9,27.8,27.2,25.9,27.299999999999997,26.928571428571427,26.107142857142858,0.0,0.0,0.2,0.0,0.06666666666666904,0.028571428571428574,1.95
2015-05-01,33.2,20.0,26.2,0.0,11.6,43,5,121,2,26.6,26.9,27.8,26.8,27.099999999999998,27.028571428571432,26.45,0.0,0.0,0.0,0.0,0.0,0.028571428571428574,0.049999999999999996
2015-05-02,33.6,18.6,26.5,0.0,9.4,40,5,122,2,26.2,26.6,26.9,27.2,26.566666666666663,26.942857142857143,26.571428571428573,0.0,0.0,0.0,0.0,0.0,0.028571428571428574,0.049999999999999996
2015-05-03,34.5,17.9,26.9,0.0,8.9,41,5,123,2,26.5,26.2,26.6,26.7,26.433333333333334,26.842857142857145,26.635714285714283,0.0,0.0,0.0,0.0,0.0,0.028571428571428574,0.049999999999999996
2015-05-04,36.1,18.4,28.0,0.0,7.3,44,5,124,2,26.9,26.5,26.2,27.2,26.53333333333333,26.87142857142857,26.699999999999996,0.0,0.0,0.0,0.2,0.0,0.028571428571428574,0.042857142857142864
2015-05-05,37.9,20.3,29.2,0.4,12.3,44,5,125,2,28.0,26.9,26.5,27.8,27.13333333333333,26.985714285714288,26.828571428571426,0.0,0.0,0.0,0.0,0.0,0.0,0.014285714285714287
2015-05-06,38.0,20.7,30.2,0.0,8.3,42,5,126,2,29.2,28.0,26.9,26.9,28.03333333333333,27.185714285714283,27.035714285714285,0.4,0.0,0.0,0.0,0.13333333333333572,0.05714285714285715,0.042857142857142864
2015-05-07,39.0,22.2,31.2,0.0,14.2,46,5,127,2,30.2,29.2,28.0,26.6,29.133333333333336,27.657142857142855,27.292857142857144,0.0,0.4,0.0,0.0,0.13333333333333572,0.05714285714285715,0.042857142857142864
2015-05-08,38.7,23.1,31.1,1.4,8.7,41,5,128,2,31.2,30.2,29.2,26.2,30.2,28.314285714285713,27.67142857142857,0.0,0.0,0.4,0.0,0.13333333333333572,0.05714285714285715,0.042857142857142864
2015-05-09,38.5,23.7,30.9,0.7,13.8,42,5,129,2,31.1,31.2,30.2,26.5,30.833333333333332,29.014285714285712,27.97857142857143,1.4,0.0,0.0,0.0,0.466666666666669,0.2571428571428571,0.14285714285714285
2015-05-10,38.5,23.5,30.7,1.5,8.9,39,5,130,2,30.9,31.1,31.2,26.9,31.066666666666663,29.642857142857142,28.24285714285714,0.7,1.4,0.0,0.0,0.7000000000000023,0.35714285714285715,0.19285714285714287
2015-05-11,35.3,22.8,29.4,0.4,18.3,49,5,131,2,30.7,30.9,31.1,28.0,30.899999999999995,30.185714285714283,28.52857142857143,1.5,0.7,1.4,0.0,1.2000000000000022,0.5714285714285714,0.3
2015-05-12,30.9,21.7,25.7,7.2,16.7,70,5,132,2,29.4,30.7,30.9,29.2,30.333333333333332,30.385714285714283,28.685714285714287,0.4,1.5,0.7,0.4,0.866666666666669,0.6285714285714284,0.3142857142857142
2015-05-13,30.2,21.1,26.2,0.9,13.5,67,5,133,2,25.7,29.4,30.7,30.2,28.599999999999998,29.885714285714283,28.535714285714285,7.2,0.4,1.5,0.0,3.0333333333333354,1.5999999999999999,0.8285714285714285
2015-05-14,31.9,21.6,26.5,4.3,14.9,69,5,134,2,26.2,25.7,29.4,31.2,27.099999999999994,29.314285714285713,28.485714285714288,0.9,7.2,0.4,0.0,2.8333333333333357,1.7285714285714284,0.8928571428571429
2015-05-15,34.0,21.4,27.9,0.0,8.0,59,5,135,2,26.5,26.2,25.7,31.1,26.133333333333336,28.642857142857142,28.478571428571428,4.3,0.9,7.2,1.4,4.1333333333333355,2.3428571428571425,1.2
2015-05-16,35.5,21.4,29.3,0.0,7.4,51,5,136,2,27.9,26.5,26.2,30.9,26.866666666666664,28.185714285714287,28.599999999999998,0.0,4.3,0.9,0.7,1.7333333333333358,2.142857142857143,1.2
2015-05-17,36.3,23.6,30.5,0.4,11.7,53,5,137,2,29.3,27.9,26.5,30.7,27.899999999999995,27.957142857142856,28.8,0.0,0.0,4.3,1.5,1.4333333333333356,2.042857142857143,1.2
2015-05-18,38.3,25.1,31.4,0.1,19.7,43,5,138,2,30.5,29.3,27.9,29.4,29.23333333333333,27.928571428571427,29.057142857142857,0.4,0.0,0.0,0.4,0.13333333333333572,1.885714285714286,1.2285714285714284
2015-05-19,38.4,24.5,31.3,0.0,14.7,38,5,139,2,31.4,30.5,29.3,25.7,30.400000000000002,28.214285714285715,29.300000000000004,0.1,0.4,0.0,7.2,0.16666666666666904,1.842857142857143,1.2357142857142858
2015-05-20,38.3,22.6,31.0,0.0,10.1,38,5,140,2,31.3,31.4,30.5,26.2,31.066666666666663,29.014285714285716,29.449999999999996,0.0,0.1,0.4,0.9,0.16666666666666904,0.8142857142857143,1.2071428571428573
2015-05-21,39.8,22.3,31.5,0.0,10.5,31,5,141,2,31.0,31.3,31.4,26.5,31.23333333333333,29.7,29.507142857142856,0.0,0.0,0.1,4.3,0.033333333333335706,0.6857142857142857,1.2071428571428573
2015-05-22,40.5,22.9,31.7,0.0,10.8,31,5,142,2,31.5,31.0,31.3,27.9,31.266666666666666,30.414285714285715,29.52857142857143,0.0,0.0,0.0,0.0,0.0,0.07142857142857142,1.2071428571428573
2015-05-23,40.4,23.3,32.0,0.3,16.1,29,5,143,2,31.7,31.5,31.0,29.3,31.400000000000002,30.957142857142856,29.571428571428573,0.0,0.0,0.0,0.0,0.0,0.07142857142857142,1.1071428571428572
2015-05-24,39.7,25.1,32.5,0.0,18.4,26,5,144,2,32.0,31.7,31.5,30.5,31.733333333333334,31.342857142857145,29.650000000000002,0.3,0.0,0.0,0.4,0.10000000000000236,0.1142857142857143,1.0785714285714285
2015-05-25,40.4,25.1,32.6,0.2,21.3,26,5,145,2,32.5,32.0,31.7,31.4,32.06666666666667,31.62857142857143,29.77857142857143,0.0,0.3,0.0,0.1,0.10000000000000236,0.05714285714285715,0.9714285714285714
2015-05-26,37.9,25.0,31.1,0.0,17.0,26,5,146,2,32.6,32.5,32.0,31.3,32.36666666666667,31.8,30.007142857142856,0.2,0.0,0.3,0.0,0.16666666666666904,0.07142857142857142,0.9571428571428572
2015-05-27,39.0,22.7,31.7,0.0,10.3,29,5,147,2,31.1,32.6,32.5,31.0,32.06666666666667,31.77142857142857,30.392857142857142,0.0,0.2,0.0,0.0,0.06666666666666904,0.07142857142857142,0.4428571428571429
2015-05-28,38.6,25.1,32.0,0.1,12.2,31,5,148,2,31.7,31.1,32.6,31.5,31.8,31.87142857142857,30.785714285714285,0.0,0.0,0.2,0.0,0.06666666666666904,0.07142857142857142,0.37857142857142856
2015-05-29,38.4,26.5,31.8,0.5,11.2,37,5,149,2,32.0,31.7,31.1,31.7,31.599999999999998,31.942857142857143,31.178571428571427,0.1,0.0,0.0,0.0,0.033333333333335706,0.08571428571428573,0.07857142857142858
2015-05-30,39.3,24.8,32.2,1.7,9.7,33,5,150,2,31.8,32.0,31.7,32.0,31.833333333333332,31.957142857142856,31.45714285714286,0.5,0.1,0.0,0.3,0.20000000000000237,0.15714285714285717,0.1142857142857143
2015-05-31,37.8,24.4,31.6,0.1,14.6,31,5,151,2,32.2,31.8,32.0,32.5,32.0,31.985714285714288,31.664285714285715,1.7,0.5,0.1,0.0,0.7666666666666689,0.35714285714285715,0.2357142857142857
2015-06-01,36.3,23.2,30.0,0.0,13.6,34,6,152,3,31.6,32.2,31.8,32.6,31.866666666666664,31.857142857142858,31.742857142857144,0.1,1.7,0.5,0.2,0.7666666666666689,0.37142857142857144,0.21428571428571427
2015-06-02,35.5,23.7,29.3,1.2,17.2,36,6,153,3,30.0,31.6,32.2,31.1,31.26666666666667,31.485714285714288,31.642857142857142,0.0,0.1,1.7,0.0,0.6000000000000024,0.34285714285714286,0.20714285714285713
2015-06-03,34.1,22.0,27.5,2.8,17.8,54,6,154,3,29.3,30.0,31.6,31.7,30.3,31.22857142857143,31.5,1.2,0.0,0.1,0.0,0.4333333333333358,0.5142857142857142,0.2928571428571428
2015-06-04,31.5,23.4,27.1,0.4,15.7,56,6,155,3,27.5,29.3,30.0,32.0,28.933333333333334,30.62857142857143,31.25,2.8,1.2,0.0,0.1,1.3333333333333357,0.9142857142857143,0.4928571428571429
2015-06-05,32.5,22.2,27.8,0.4,16.9,54,6,156,3,27.1,27.5,29.3,31.8,27.96666666666667,29.928571428571427,30.935714285714287,0.4,2.8,1.2,0.5,1.4666666666666692,0.9571428571428572,0.5214285714285715
2015-06-06,37.1,23.4,30.9,0.0,8.4,42,6,157,3,27.8,27.1,27.5,32.2,27.46666666666667,29.357142857142858,30.657142857142855,0.4,0.4,2.8,1.7,1.2000000000000022,0.9428571428571428,0.55
2015-06-07,39.3,23.1,32.4,0.0,8.0,37,6,158,3,30.9,27.8,27.1,31.6,28.600000000000005,29.17142857142857,30.57857142857143,0.0,0.4,0.4,0.1,0.26666666666666905,0.7,0.5285714285714286
2015-06-08,41.2,24.7,33.7,0.0,11.8,35,6,159,3,32.4,30.9,27.8,30.0,30.366666666666664,29.285714285714285,30.571428571428577,0.0,0.0,0.4,0.0,0.13333333333333572,0.6857142857142857,0.5285714285714286
2015-06-09,40.8,25.3,33.7,0.6,9.4,33,6,160,3,33.7,32.4,30.9,29.3,32.333333333333336,29.814285714285717,30.650000000000002,0.0,0.0,0.0,1.2,0.0,0.6857142857142857,0.5142857142857143
2015-06-10,39.9,24.8,31.3,3.8,17.1,47,6,161,3,33.7,33.7,32.4,27.5,33.266666666666666,30.442857142857143,30.835714285714285,0.6,0.0,0.0,2.8,0.20000000000000237,0.6,0.5571428571428572
2015-06-11,38.0,24.5,31.8,0.5,12.8,51,6,162,3,31.3,33.7,33.7,27.1,32.9,30.985714285714288,30.807142857142857,3.8,0.6,0.0,0.4,1.4666666666666688,0.7428571428571428,0.8285714285714285
2015-06-12,39.7,25.4,32.7,0.8,14.1,44,6,163,3,31.8,31.3,33.7,27.8,32.26666666666667,31.657142857142862,30.792857142857144,0.5,3.8,0.6,0.4,1.6333333333333357,0.757142857142857,0.8571428571428571
2015-06-13,38.4,25.6,31.8,1.2,11.5,49,6,164,3,32.7,31.8,31.3,30.9,31.933333333333337,32.357142857142854,30.857142857142858,0.8,0.5,3.8,0.0,1.7000000000000026,0.8142857142857143,0.8785714285714287
2015-06-14,35.9,26.3,31.2,0.0,13.1,53,6,165,3,31.8,32.7,31.8,32.4,32.1,32.48571428571429,30.82857142857143,1.2,0.8,0.5,0.0,0.8333333333333357,0.9857142857142858,0.8428571428571427
2015-06-15,35.1,26.2,30.8,0.2,11.7,57,6,166,3,31.2,31.8,32.7,33.7,31.899999999999995,32.31428571428572,30.8,0.0,1.2,0.8,0.0,0.6666666666666691,0.9857142857142858,0.8357142857142856
2015-06-16,37.7,25.9,32.3,0.0,7.0,49,6,167,3,30.8,31.2,31.8,33.7,31.266666666666666,31.900000000000002,30.857142857142858,0.2,0.0,1.2,0.6,0.466666666666669,1.0142857142857142,0.8499999999999999
2015-06-17,39.1,26.9,33.6,0.0,7.8,42,6,168,3,32.3,30.8,31.2,31.3,31.433333333333334,31.7,31.071428571428573,0.0,0.2,0.0,3.8,0.06666666666666904,0.9285714285714285,0.7642857142857142
2015-06-18,41.1,27.9,35.2,0.0,9.0,39,6,169,3,33.6,32.3,30.8,31.8,32.23333333333333,32.028571428571425,31.50714285714286,0.0,0.0,0.2,0.5,0.06666666666666904,0.38571428571428573,0.5642857142857143
2015-06-19,41.8,28.9,36.3,0.0,7.9,38,6,170,3,35.2,33.6,32.3,32.7,33.699999999999996,32.51428571428571,32.08571428571428,0.0,0.0,0.0,0.8,0.0,0.31428571428571433,0.5357142857142857
2015-06-20,38.8,30.7,34.2,1.7,19.1,48,6,171,3,36.3,35.2,33.6,31.8,35.03333333333333,33.028571428571425,32.69285714285714,0.0,0.0,0.0,1.2,0.0,0.19999999999999998,0.5071428571428571
2015-06-21,34.6,24.8,30.0,17.8,14.1,67,6,172,3,34.2,36.3,35.2,31.2,35.23333333333334,33.371428571428574,32.92857142857143,1.7,0.0,0.0,0.0,0.566666666666669,0.2714285714285714,0.6285714285714284
2015-06-22,37.2,27.7,32.6,0.0,9.0,56,6,173,3,30.0,34.2,36.3,30.8,33.5,33.2,32.75714285714285,17.8,1.7,0.0,0.2,6.500000000000003,2.814285714285714,1.9000000000000001
2015-06-23,34.6,28.6,31.4,1.6,12.4,59,6,174,3,32.6,30.0,34.2,32.3,32.26666666666667,33.457142857142856,32.67857142857143,0.0,17.8,1.7,0.0,6.500000000000003,2.7857142857142856,1.9
2015-06-24,28.6,24.7,26.7,24.6,14.8,81,6,175,3,31.4,32.6,30.0,33.6,31.333333333333332,33.32857142857143,32.51428571428571,1.6,0.0,17.8,0.0,6.4666666666666694,3.0142857142857147,1.9714285714285713
2015-06-25,33.8,22.8,28.3,0.3,8.0,63,6,176,3,26.7,31.4,32.6,35.2,30.233333333333334,32.34285714285714,32.18571428571429,24.6,1.6,0.0,0.0,8.733333333333336,6.528571428571429,3.4571428571428577
2015-06-26,36.5,24.4,31.0,0.0,9.0,57,6,177,3,28.3,26.7,31.4,36.3,28.8,31.357142857142858,31.935714285714283,0.3,24.6,1.6,0.0,8.833333333333337,6.571428571428571,3.442857142857143
2015-06-27,37.8,25.4,32.2,0.0,7.3,53,6,178,3,31.0,28.3,26.7,34.2,28.666666666666668,30.6,31.814285714285713,0.0,0.3,24.6,1.7,8.300000000000002,6.571428571428571,3.3857142857142857
2015-06-28,39.6,26.3,33.3,0.0,8.9,49,6,179,3,32.2,31.0,28.3,30.0,30.5,30.314285714285713,31.842857142857145,0.0,0.0,0.3,17.8,0.10000000000000236,6.328571428571428,3.3000000000000003
2015-06-29,38.8,27.4,32.2,3.1,15.7,57,6,180,3,33.3,32.2,31.0,32.6,32.166666666666664,30.785714285714285,31.99285714285714,0.0,0.0,0.0,0.0,0.0,3.785714285714286,3.3000000000000003
2015-06-30,32.9,23.6,27.9,20.1,16.2,78,6,181,3,32.2,33.3,32.2,31.4,32.56666666666667,30.728571428571428,32.09285714285714,3.1,0.0,0.0,1.6,1.0333333333333357,4.228571428571429,3.507142857142857
2015-07-01,35.2,25.3,30.2,0.1,8.4,66,7,182,3,27.9,32.2,33.3,26.7,31.133333333333336,30.228571428571428,31.77857142857143,20.1,3.1,0.0,24.6,7.733333333333337,6.871428571428572,4.942857142857143
2015-07-02,35.6,25.9,31.5,0.0,7.6,60,7,183,3,30.2,27.9,32.2,28.3,30.099999999999998,30.728571428571428,31.535714285714285,0.1,20.1,3.1,0.3,7.76666666666667,3.3714285714285714,4.95
2015-07-03,37.4,27.4,32.8,0.0,6.8,55,7,184,3,31.5,30.2,27.9,31.0,29.866666666666664,31.185714285714283,31.271428571428572,0.0,0.1,20.1,0.0,6.733333333333337,3.3285714285714287,4.95
2015-07-04,37.4,29.3,33.7,0.0,6.6,57,7,185,3,32.8,31.5,30.2,32.2,31.5,31.442857142857143,31.021428571428572,0.0,0.0,0.1,0.0,0.033333333333335706,3.3285714285714287,4.95
2015-07-05,39.1,27.3,33.7,3.8,21.4,63,7,186,3,33.7,32.8,31.5,33.3,32.666666666666664,31.657142857142862,30.985714285714288,0.0,0.0,0.0,0.0,0.0,3.3285714285714287,4.828571428571428
2015-07-06,33.5,25.2,28.9,22.5,20.5,78,7,187,3,33.7,33.7,32.8,32.2,33.4,31.714285714285715,31.25,3.8,0.0,0.0,3.1,1.266666666666669,3.871428571428571,3.8285714285714287
2015-07-07,30.6,25.3,27.7,3.0,15.8,81,7,188,3,28.9,33.7,33.7,27.9,32.1,31.242857142857144,30.985714285714288,22.5,3.8,0.0,20.1,8.76666666666667,6.642857142857143,5.435714285714285
2015-07-08,33.9,25.0,29.6,6.5,10.1,73,7,189,3,27.7,28.9,33.7,30.2,30.099999999999998,31.214285714285715,30.72142857142857,3.0,22.5,3.8,0.1,9.76666666666667,4.2,5.535714285714286
2015-07-09,34.2,27.1,30.6,6.4,8.4,72,7,190,3,29.6,27.7,28.9,31.5,28.73333333333333,31.12857142857143,30.928571428571427,6.5,3.0,22.5,0.0,10.66666666666667,5.114285714285714,4.242857142857142
2015-07-10,30.5,24.8,27.3,14.5,13.7,85,7,191,3,30.6,29.6,27.7,32.8,29.299999999999997,31.000000000000004,31.092857142857145,6.4,6.5,3.0,0.0,5.3000000000000025,6.028571428571428,4.678571428571429
2015-07-11,30.7,25.0,27.1,2.9,17.7,78,7,192,3,27.3,30.6,29.6,33.7,29.166666666666668,30.214285714285715,30.82857142857143,14.5,6.4,6.5,0.0,9.133333333333335,8.1,5.714285714285714
2015-07-12,28.3,23.9,26.1,19.3,10.9,84,7,193,3,27.1,27.3,30.6,33.7,28.333333333333332,29.271428571428576,30.464285714285715,2.9,14.5,6.4,3.8,7.933333333333336,8.514285714285714,5.921428571428571
2015-07-13,29.4,25.8,27.6,5.9,9.4,81,7,194,3,26.1,27.1,27.3,28.9,26.833333333333332,28.185714285714287,29.95,19.3,2.9,14.5,22.5,12.233333333333334,10.728571428571428,7.3
2015-07-14,34.2,25.1,30.0,0.0,6.7,73,7,195,3,27.6,26.1,27.1,27.7,26.933333333333334,28.0,29.62142857142857,5.9,19.3,2.9,3.0,9.366666666666669,8.357142857142858,7.499999999999999
2015-07-15,36.0,28.0,32.2,0.0,7.8,68,7,196,3,30.0,27.6,26.1,29.6,27.899999999999995,28.32857142857143,29.771428571428572,0.0,5.9,19.3,6.5,8.400000000000004,7.928571428571429,6.064285714285714
2015-07-16,35.6,27.1,31.5,7.3,14.4,77,7,197,3,32.2,30.0,27.6,30.6,29.933333333333334,28.700000000000006,29.914285714285715,0.0,0.0,5.9,6.4,1.9666666666666692,7.0,6.057142857142857
2015-07-17,30.0,25.4,27.3,31.4,16.7,87,7,198,3,31.5,32.2,30.0,27.3,31.23333333333333,28.82857142857143,29.914285714285715,7.3,0.0,0.0,14.5,2.433333333333336,7.128571428571429,6.578571428571429
2015-07-18,31.2,25.0,27.1,23.8,6.9,88,7,199,3,27.3,31.5,32.2,27.1,30.333333333333332,28.82857142857143,29.521428571428572,31.4,7.3,0.0,2.9,12.9,9.542857142857143,8.821428571428571
2015-07-19,33.2,24.9,28.1,6.0,9.3,84,7,200,3,27.1,27.3,31.5,26.1,28.63333333333333,28.828571428571426,29.050000000000004,23.8,31.4,7.3,19.3,20.833333333333336,12.528571428571428,10.521428571428572
2015-07-20,32.3,25.6,28.6,9.8,10.8,82,7,201,3,28.1,27.1,27.3,27.6,27.5,29.114285714285717,28.65,6.0,23.8,31.4,5.9,20.400000000000002,10.62857142857143,10.678571428571429
2015-07-21,32.9,25.6,28.6,8.0,11.4,82,7,202,3,28.6,28.1,27.1,30.0,27.933333333333334,29.25714285714286,28.62857142857143,9.8,6.0,23.8,0.0,13.200000000000003,11.185714285714285,9.77142857142857
2015-07-22,32.5,26.6,29.0,6.6,8.7,82,7,203,3,28.6,28.6,28.1,32.2,28.433333333333334,29.057142857142857,28.692857142857147,8.0,9.8,6.0,0.0,7.933333333333336,12.328571428571427,10.128571428571428
2015-07-23,32.6,25.0,28.5,6.8,12.7,83,7,204,3,29.0,28.6,28.6,31.5,28.733333333333334,28.599999999999998,28.650000000000002,6.6,8.0,9.8,7.3,8.133333333333335,13.271428571428572,10.135714285714284
2015-07-24,32.4,25.7,28.9,13.7,10.6,83,7,205,3,28.5,29.0,28.6,27.3,28.7,28.17142857142857,28.500000000000004,6.8,6.6,8.0,31.4,7.1333333333333355,13.200000000000001,10.164285714285713
2015-07-25,33.6,25.9,29.4,7.5,6.6,82,7,206,3,28.9,28.5,29.0,27.1,28.799999999999997,28.400000000000002,28.614285714285717,13.7,6.8,6.6,23.8,9.033333333333335,10.671428571428569,10.107142857142858
2015-07-26,29.8,24.9,27.1,19.7,15.8,85,7,207,3,29.4,28.9,28.5,28.1,28.933333333333334,28.72857142857143,28.77857142857143,7.5,13.7,6.8,6.0,9.333333333333336,8.342857142857143,10.435714285714285
2015-07-27,33.6,25.9,29.6,0.7,8.1,75,7,208,3,27.1,29.4,28.9,28.6,28.466666666666665,28.585714285714285,28.85,19.7,7.5,13.7,9.8,13.633333333333335,10.299999999999999,10.464285714285714
2015-07-28,32.7,25.8,28.9,3.1,14.5,81,7,209,3,29.6,27.1,29.4,28.6,28.7,28.728571428571428,28.992857142857144,0.7,19.7,7.5,8.0,9.300000000000002,9.0,10.092857142857142
2015-07-29,33.2,26.8,29.6,0.6,9.6,74,7,210,3,28.9,29.6,27.1,29.0,28.53333333333333,28.771428571428572,28.914285714285715,3.1,0.7,19.7,6.6,7.833333333333336,8.3,10.314285714285713
2015-07-30,32.0,26.6,29.2,2.3,12.2,76,7,211,3,29.6,28.9,29.6,28.5,29.366666666666664,28.857142857142858,28.72857142857143,0.6,3.1,0.7,6.8,1.4666666666666688,7.442857142857143,10.357142857142858
2015-07-31,31.5,26.6,28.5,2.2,20.9,78,7,212,3,29.2,29.6,28.9,28.9,29.23333333333333,28.957142857142856,28.564285714285717,2.3,0.6,3.1,13.7,2.000000000000002,6.799999999999999,10.0
2015-08-01,30.5,25.3,27.0,14.5,24.6,85,8,213,3,28.5,29.2,29.6,29.4,29.099999999999994,28.900000000000002,28.650000000000002,2.2,2.3,0.6,7.5,1.7000000000000022,5.1571428571428575,7.914285714285714
2015-08-02,30.4,25.0,26.6,12.3,17.1,88,8,214,3,27.0,28.5,29.2,27.1,28.23333333333333,28.557142857142853,28.642857142857142,14.5,2.2,2.3,19.7,6.333333333333336,6.1571428571428575,7.25
2015-08-03,32.2,24.9,27.7,12.0,10.2,86,8,215,3,26.6,27.0,28.5,29.6,27.366666666666664,28.485714285714288,28.535714285714285,12.3,14.5,2.2,0.7,9.66666666666667,5.1000000000000005,7.7
2015-08-04,32.8,25.7,29.2,1.6,6.2,84,8,216,3,27.7,26.6,27.0,28.9,27.099999999999998,28.214285714285715,28.47142857142857,12.0,12.3,14.5,3.1,12.933333333333337,6.714285714285714,7.857142857142856
2015-08-05,33.6,27.0,29.3,4.0,12.1,84,8,217,3,29.2,27.7,26.6,29.6,27.833333333333332,28.25714285714286,28.514285714285712,1.6,12.0,12.3,0.6,8.633333333333336,6.500000000000001,7.3999999999999995
2015-08-06,33.1,26.3,29.6,2.2,11.5,83,8,218,3,29.3,29.2,27.7,29.2,28.73333333333333,28.214285714285715,28.535714285714285,4.0,1.6,12.0,2.3,5.86666666666667,6.985714285714287,7.214285714285714
2015-08-07,33.5,26.1,29.4,3.4,10.0,84,8,219,3,29.6,29.3,29.2,28.5,29.366666666666664,28.271428571428572,28.61428571428571,2.2,4.0,1.6,2.2,2.6000000000000028,6.971428571428571,6.885714285714286
2015-08-08,30.7,25.8,27.6,5.4,16.7,89,8,220,3,29.4,29.6,29.3,27.0,29.433333333333334,28.4,28.650000000000002,3.4,2.2,4.0,14.5,3.200000000000003,7.142857142857143,6.1499999999999995
2015-08-09,30.4,25.0,27.2,6.9,10.9,87,8,221,3,27.6,29.4,29.6,26.6,28.866666666666664,28.485714285714288,28.521428571428572,5.4,3.4,2.2,12.3,3.666666666666669,5.842857142857143,6.0
2015-08-10,32.7,25.9,29.2,0.0,8.5,82,8,222,3,27.2,27.6,29.4,27.7,28.066666666666663,28.571428571428573,28.52857142857143,6.9,5.4,3.4,12.0,5.233333333333337,5.071428571428571,5.0857142857142845
2015-08-11,34.3,26.7,29.9,1.5,14.8,83,8,223,3,29.2,27.2,27.6,29.2,28.0,28.785714285714285,28.5,0.0,6.9,5.4,1.6,4.100000000000002,3.357142857142857,5.035714285714285
2015-08-12,30.0,25.7,27.6,4.9,10.2,86,8,224,3,29.9,29.2,27.2,29.3,28.766666666666662,28.88571428571429,28.571428571428573,1.5,0.0,6.9,4.0,2.800000000000003,3.342857142857143,4.921428571428571
2015-08-13,33.1,25.6,29.3,0.2,7.6,80,8,225,3,27.6,29.9,29.2,29.6,28.899999999999995,28.642857142857142,28.428571428571427,4.9,1.5,0.0,2.2,2.133333333333336,3.4714285714285715,5.228571428571429
2015-08-14,33.8,26.5,29.7,1.5,6.9,81,8,226,3,29.3,27.6,29.9,29.4,28.933333333333326,28.6,28.435714285714283,0.2,4.9,1.5,3.4,2.200000000000003,3.185714285714286,5.078571428571428
2015-08-15,32.4,25.1,28.4,12.5,10.4,86,8,227,3,29.7,29.3,27.6,27.6,28.866666666666664,28.642857142857142,28.521428571428572,1.5,0.2,4.9,5.4,2.200000000000003,2.914285714285714,5.028571428571429
2015-08-16,32.5,25.4,28.8,2.5,7.0,83,8,228,3,28.4,29.7,29.3,27.2,29.13333333333333,28.75714285714286,28.62142857142857,12.5,1.5,0.2,6.9,4.733333333333336,3.9285714285714284,4.885714285714285
2015-08-17,33.6,26.0,29.7,0.5,6.5,79,8,229,3,28.8,28.4,29.7,29.2,28.966666666666665,28.985714285714284,28.778571428571432,2.5,12.5,1.5,0.0,5.500000000000003,3.3000000000000003,4.185714285714286
2015-08-18,34.6,26.6,29.8,2.9,8.0,80,8,230,3,29.7,28.8,28.4,29.9,28.966666666666665,29.057142857142857,28.92142857142857,0.5,2.5,12.5,1.5,5.16666666666667,3.3714285714285714,3.3642857142857143
2015-08-19,33.1,26.2,29.3,1.2,10.6,83,8,231,3,29.8,29.7,28.8,27.6,29.433333333333334,29.042857142857144,28.964285714285715,2.9,0.5,2.5,4.9,1.9666666666666697,3.571428571428572,3.457142857142857
2015-08-20,32.6,25.3,28.5,4.2,12.5,83,8,232,3,29.3,29.8,29.7,29.3,29.599999999999998,29.285714285714285,28.964285714285715,1.2,2.9,0.5,0.2,1.533333333333336,3.042857142857143,3.257142857142857
2015-08-21,30.3,23.9,26.3,35.5,13.6,90,8,233,3,28.5,29.3,29.8,29.7,29.2,29.17142857142857,28.88571428571429,4.2,1.2,2.9,1.5,2.7666666666666693,3.6142857142857143,3.3999999999999995
2015-08-22,30.9,24.0,27.1,8.9,8.8,86,8,234,3,26.3,28.5,29.3,28.4,28.03333333333333,28.685714285714287,28.66428571428571,35.5,4.2,1.2,12.5,13.633333333333335,8.471428571428572,5.692857142857142
2015-08-23,31.9,24.7,28.1,1.0,9.0,83,8,235,3,27.1,26.3,28.5,28.8,27.3,28.5,28.62857142857143,8.9,35.5,4.2,2.5,16.2,7.957142857142856,5.942857142857142
2015-08-24,32.2,23.7,27.8,6.7,9.4,84,8,236,3,28.1,27.1,26.3,29.7,27.166666666666668,28.4,28.692857142857147,1.0,8.9,35.5,0.5,15.133333333333335,7.742857142857142,5.521428571428571
2015-08-25,33.9,25.0,29.5,0.0,11.4,77,8,237,3,27.8,28.1,27.1,29.8,27.666666666666668,28.12857142857143,28.592857142857138,6.7,1.0,8.9,2.9,5.533333333333336,8.628571428571428,6.0
2015-08-26,34.2,26.9,30.4,0.0,6.9,76,8,238,3,29.5,27.8,28.1,29.3,28.466666666666665,28.08571428571429,28.564285714285713,0.0,6.7,1.0,1.2,2.566666666666669,8.214285714285714,5.892857142857143
2015-08-27,34.4,26.8,30.4,0.5,11.1,76,8,239,3,30.4,29.5,27.8,28.5,29.23333333333333,28.242857142857144,28.764285714285712,0.0,0.0,6.7,4.2,2.2333333333333356,8.042857142857143,5.542857142857143
2015-08-28,33.1,25.2,29.0,4.8,6.5,80,8,240,3,30.4,30.4,29.5,26.3,30.099999999999998,28.514285714285712,28.842857142857145,0.5,0.0,0.0,35.5,0.16666666666666904,7.514285714285714,5.564285714285714
2015-08-29,34.1,25.6,29.8,0.0,7.9,76,8,241,3,29.0,30.4,30.4,27.1,29.933333333333334,28.9,28.79285714285714,4.8,0.5,0.0,8.9,1.766666666666669,3.1285714285714286,5.799999999999999
2015-08-30,33.8,26.3,30.1,0.4,6.9,76,8,242,3,29.8,29.0,30.4,28.1,29.73333333333333,29.285714285714285,28.892857142857142,0.0,4.8,0.5,1.0,1.766666666666669,1.8571428571428572,4.907142857142857
2015-08-31,32.8,24.1,28.6,6.3,13.1,79,8,243,3,30.1,29.8,29.0,27.8,29.633333333333336,29.571428571428573,28.985714285714288,0.4,0.0,4.8,6.7,1.7333333333333358,1.7714285714285716,4.757142857142857
2015-09-01,33.7,25.2,29.4,0.0,6.9,73,9,244,4,28.6,30.1,29.8,29.5,29.5,29.685714285714287,28.907142857142855,6.3,0.4,0.0,0.0,2.2333333333333356,1.7142857142857142,5.171428571428571
2015-09-02,33.4,25.5,29.4,0.0,9.5,74,9,245,4,29.4,28.6,30.1,30.4,29.366666666666664,29.67142857142857,28.87857142857143,0.0,6.3,0.4,0.0,2.2333333333333356,1.7142857142857142,4.964285714285714
2015-09-03,33.6,26.2,29.5,0.2,13.7,71,9,246,4,29.4,29.4,28.6,30.4,29.13333333333333,29.52857142857143,28.885714285714283,0.0,0.0,6.3,0.5,2.1000000000000023,1.7142857142857142,4.878571428571428
2015-09-04,33.4,24.6,29.1,0.0,8.0,73,9,247,4,29.5,29.4,29.4,29.0,29.433333333333326,29.400000000000002,28.957142857142856,0.2,0.0,0.0,4.8,0.06666666666666904,1.6714285714285713,4.5928571428571425
2015-09-05,34.0,25.2,29.4,0.6,4.8,71,9,248,4,29.1,29.5,29.4,29.8,29.333333333333332,29.414285714285715,29.157142857142862,0.0,0.2,0.0,0.0,0.06666666666666904,0.9857142857142858,2.0571428571428574
2015-09-06,32.2,24.4,28.5,0.3,10.2,74,9,249,4,29.4,29.1,29.5,30.1,29.333333333333332,29.357142857142858,29.321428571428573,0.6,0.0,0.2,0.4,0.26666666666666905,1.0714285714285714,1.4642857142857142
2015-09-07,33.4,23.0,27.8,1.2,8.5,68,9,250,4,28.5,29.4,29.1,28.6,29.0,29.12857142857143,29.349999999999998,0.3,0.6,0.0,6.3,0.3000000000000023,1.0571428571428572,1.4142857142857141
2015-09-08,33.6,22.4,27.6,1.9,9.4,63,9,251,4,27.8,28.5,29.4,29.4,28.566666666666663,29.014285714285716,29.35,1.2,0.3,0.6,0.0,0.7000000000000023,0.32857142857142857,1.0214285714285714
2015-09-09,34.1,22.2,28.1,0.0,7.3,63,9,252,4,27.6,27.8,28.5,29.4,27.966666666666665,28.75714285714286,29.214285714285715,1.9,1.2,0.3,0.0,1.1333333333333355,0.6,1.157142857142857
2015-09-10,34.7,22.5,28.8,0.0,6.3,61,9,253,4,28.1,27.6,27.8,29.5,27.833333333333332,28.571428571428573,29.05,0.0,1.9,1.2,0.2,1.0333333333333357,0.6,1.157142857142857
2015-09-11,35.3,21.9,28.9,0.0,7.2,63,9,254,4,28.8,28.1,27.6,29.1,28.166666666666668,28.47142857142857,28.935714285714287,0.0,0.0,1.9,0.0,0.6333333333333356,0.5714285714285714,1.1214285714285714
2015-09-12,35.6,23.6,29.4,0.0,7.9,62,9,255,4,28.9,28.8,28.1,29.4,28.599999999999994,28.442857142857147,28.928571428571427,0.0,0.0,0.0,0.6,0.0,0.5714285714285714,0.7785714285714286
2015-09-13,35.6,24.6,29.7,0.0,9.2,64,9,256,4,29.4,28.9,28.8,28.5,29.03333333333333,28.442857142857143,28.900000000000002,0.0,0.0,0.0,0.3,0.0,0.48571428571428577,0.7785714285714286
2015-09-14,36.0,24.9,30.1,0.0,10.0,63,9,257,4,29.7,29.4,28.9,27.8,29.33333333333333,28.614285714285717,28.87142857142857,0.0,0.0,0.0,1.2,0.0,0.4428571428571428,0.75
2015-09-15,35.0,24.9,29.6,0.8,9.8,64,9,258,4,30.1,29.7,29.4,27.6,29.73333333333333,28.942857142857143,28.978571428571428,0.0,0.0,0.0,1.9,0.0,0.2714285714285714,0.3
2015-09-16,34.5,24.1,29.0,0.4,6.6,65,9,259,4,29.6,30.1,29.7,28.1,29.799999999999997,29.228571428571428,28.99285714285714,0.8,0.0,0.0,0.0,0.266666666666669,0.1142857142857143,0.35714285714285715
2015-09-17,34.6,23.0,28.8,0.0,6.5,64,9,260,4,29.0,29.6,30.1,28.8,29.566666666666663,29.357142857142858,28.964285714285715,0.4,0.8,0.0,0.0,0.4000000000000023,0.17142857142857146,0.38571428571428573
2015-09-18,35.4,23.1,29.3,0.0,7.9,64,9,261,4,28.8,29.0,29.6,28.9,29.133333333333336,29.357142857142858,28.914285714285715,0.0,0.4,0.8,0.0,0.4000000000000023,0.17142857142857146,0.37142857142857144
2015-09-19,34.0,23.4,28.8,0.0,14.0,69,9,262,4,29.3,28.8,29.0,29.4,29.03333333333333,29.414285714285715,28.928571428571427,0.0,0.0,0.4,0.0,0.13333333333333564,0.17142857142857146,0.37142857142857144
2015-09-20,32.9,24.3,28.2,1.0,14.1,75,9,263,4,28.8,29.3,28.8,29.7,28.966666666666665,29.32857142857143,28.885714285714283,0.0,0.0,0.0,0.0,0.0,0.17142857142857146,0.3285714285714286
2015-09-21,29.4,24.2,26.7,0.2,5.5,80,9,264,4,28.2,28.8,29.3,30.1,28.766666666666666,29.11428571428571,28.864285714285717,1.0,0.0,0.0,0.0,0.33333333333333565,0.31428571428571433,0.3785714285714286
2015-09-22,25.7,22.0,24.1,83.9,23.9,94,9,265,4,26.7,28.2,28.8,29.6,27.899999999999995,28.62857142857143,28.785714285714285,0.2,1.0,0.0,0.8,0.4000000000000023,0.34285714285714286,0.3071428571428571
2015-09-23,28.5,20.7,24.5,0.0,13.7,81,9,266,4,24.1,26.7,28.2,29.0,26.333333333333332,27.842857142857145,28.535714285714285,83.9,0.2,1.0,0.4,28.36666666666667,12.214285714285714,6.1642857142857155
2015-09-24,30.0,21.0,25.4,0.0,6.3,80,9,267,4,24.5,24.1,26.7,28.8,25.099999999999994,27.2,28.27857142857143,0.0,83.9,0.2,0.0,28.033333333333335,12.157142857142857,6.1642857142857155
2015-09-25,30.8,22.3,26.4,0.1,6.9,78,9,268,4,25.4,24.5,24.1,29.3,24.666666666666668,26.714285714285715,28.035714285714285,0.0,0.0,83.9,0.0,27.96666666666667,12.157142857142857,6.1642857142857155
2015-09-26,30.8,21.7,25.9,1.0,8.2,80,9,269,4,26.4,25.4,24.5,28.8,25.433333333333326,26.300000000000004,27.857142857142858,0.1,0.0,0.0,0.0,0.03333333333333333,12.171428571428569,6.171428571428572
2015-09-27,30.8,21.1,25.5,0.6,8.2,77,9,270,4,25.9,26.4,25.4,28.2,25.899999999999995,25.885714285714283,27.607142857142858,1.0,0.1,0.0,1.0,0.3666666666666667,12.314285714285713,6.242857142857143
2015-09-28,31.0,20.4,25.4,0.0,9.0,70,9,271,4,25.5,25.9,26.4,26.7,25.933333333333326,25.5,27.307142857142857,0.6,1.0,0.1,0.2,0.5666666666666668,12.257142857142856,6.2857142857142865
2015-09-29,31.3,21.0,25.6,0.0,13.4,64,9,272,4,25.4,25.5,25.9,24.1,25.599999999999994,25.314285714285713,26.97142857142857,0.0,0.6,1.0,83.9,0.5333333333333333,12.22857142857143,6.2857142857142865
2015-09-30,31.7,20.9,25.8,0.0,12.4,60,9,273,4,25.6,25.4,25.5,24.5,25.5,25.52857142857143,26.685714285714287,0.0,0.0,0.6,0.0,0.20000000000000004,0.24285714285714288,6.2285714285714295
2015-10-01,32.1,17.9,25.1,0.0,9.3,69,10,274,4,25.8,25.6,25.4,25.4,25.599999999999998,25.714285714285715,26.457142857142856,0.0,0.0,0.0,0.0,0.0,0.24285714285714288,6.200000000000001
2015-10-02,32.0,19.8,26.3,0.0,6.0,68,10,275,4,25.1,25.8,25.6,26.4,25.5,25.67142857142857,26.192857142857143,0.0,0.0,0.0,0.1,0.0,0.24285714285714288,6.200000000000001
2015-10-03,32.4,22.3,26.7,0.0,6.3,72,10,276,4,26.3,25.1,25.8,25.9,25.73333333333333,25.657142857142862,25.978571428571428,0.0,0.0,0.0,1.0,0.0,0.2285714285714286,6.200000000000001
2015-10-04,32.5,21.4,26.4,0.0,8.2,75,10,277,4,26.7,26.3,25.1,25.5,26.03333333333333,25.771428571428572,25.828571428571426,0.0,0.0,0.0,0.6,0.0,0.08571428571428573,6.200000000000001
2015-10-05,32.3,21.3,26.7,0.0,6.6,70,10,278,4,26.4,26.7,26.3,25.4,26.466666666666665,25.900000000000002,25.699999999999996,0.0,0.0,0.0,0.0,0.0,0.0,6.128571428571429
2015-10-06,31.5,20.4,26.3,0.0,9.2,72,10,279,4,26.7,26.4,26.7,25.6,26.599999999999994,26.085714285714285,25.7,0.0,0.0,0.0,0.0,0.0,0.0,6.114285714285715
2015-10-07,32.7,21.4,26.6,0.0,9.4,68,10,280,4,26.3,26.7,26.4,25.8,26.466666666666665,26.185714285714287,25.857142857142858,0.0,0.0,0.0,0.0,0.0,0.0,0.12142857142857144
2015-10-08,33.1,22.2,27.0,0.0,9.2,65,10,281,4,26.6,26.3,26.7,25.1,26.53333333333333,26.3,26.00714285714286,0.0,0.0,0.0,0.0,0.0,0.0,0.12142857142857144
2015-10-09,33.5,20.5,26.7,0.0,9.1,68,10,282,4,27.0,26.6,26.3,26.3,26.63333333333333,26.571428571428573,26.12142857142857,0.0,0.0,0.0,0.0,0.0,0.0,0.12142857142857144
2015-10-10,32.8,22.1,27.3,0.0,7.7,68,10,283,4,26.7,27.0,26.6,26.7,26.766666666666666,26.628571428571426,26.142857142857142,0.0,0.0,0.0,0.0,0.0,0.0,0.1142857142857143
2015-10-11,33.2,22.8,27.7,0.0,9.8,68,10,284,4,27.3,26.7,27.0,26.4,26.999999999999996,26.714285714285715,26.24285714285714,0.0,0.0,0.0,0.0,0.0,0.0,0.042857142857142864
2015-10-12,32.8,22.9,27.6,0.0,9.8,68,10,285,4,27.7,27.3,26.7,26.7,27.23333333333333,26.900000000000002,26.4,0.0,0.0,0.0,0.0,0.0,0.0,0.0
2015-10-13,31.8,22.7,26.2,1.3,14.4,73,10,286,4,27.6,27.7,27.3,26.3,27.53333333333333,27.028571428571432,26.557142857142857,0.0,0.0,0.0,0.0,0.0,0.0,0.0
2015-10-14,28.3,21.2,23.4,15.3,22.7,80,10,287,4,26.2,27.6,27.7,26.6,27.166666666666668,27.014285714285712,26.599999999999998,1.3,0.0,0.0,0.0,0.4333333333333334,0.18571428571428575,0.09285714285714287
2015-10-15,30.1,18.7,24.5,0.0,7.2,73,10,288,4,23.4,26.2,27.6,27.0,25.73333333333333,26.557142857142857,26.428571428571427,15.3,1.3,0.0,0.0,5.533333333333334,2.3714285714285714,1.1857142857142857
2015-10-16,29.9,19.0,24.5,0.0,7.7,73,10,289,4,24.5,23.4,26.2,26.7,24.7,26.2,26.385714285714283,0.0,15.3,1.3,0.0,5.533333333333334,2.3714285714285714,1.1857142857142857
2015-10-17,30.9,20.3,25.3,0.0,8.6,70,10,290,4,24.5,24.5,23.4,27.3,24.13333333333333,25.885714285714283,26.257142857142856,0.0,0.0,15.3,0.0,5.1000000000000005,2.3714285714285714,1.1857142857142857
2015-10-18,30.8,20.0,25.0,0.0,7.6,72,10,291,4,25.3,24.5,24.5,27.7,24.766666666666666,25.599999999999998,26.157142857142855,0.0,0.0,0.0,0.0,0.0,2.3714285714285714,1.1857142857142857
2015-10-19,25.0,19.7,21.8,30.4,24.2,78,10,292,4,25.0,25.3,24.5,27.6,24.933333333333334,25.214285714285715,26.057142857142857,0.0,0.0,0.0,0.0,0.0,2.3714285714285714,1.1857142857142857
2015-10-20,28.0,17.0,22.0,6.2,27.1,69,10,293,4,21.8,25.0,25.3,26.2,24.03333333333333,24.385714285714283,25.707142857142856,30.4,0.0,0.0,1.3,10.133333333333333,6.714285714285714,3.357142857142857
2015-10-21,28.8,17.1,22.4,0.0,9.3,63,10,294,4,22.0,21.8,25.0,23.4,22.933333333333334,23.785714285714285,25.400000000000002,6.2,30.4,0.0,15.3,12.200000000000001,7.4142857142857155,3.8000000000000003
2015-10-22,28.9,15.7,21.7,0.0,8.4,67,10,295,4,22.4,22.0,21.8,24.5,22.066666666666663,23.642857142857142,25.099999999999998,0.0,6.2,30.4,0.0,12.200000000000001,5.228571428571429,3.8000000000000003
2015-10-23,28.8,15.1,21.6,0.0,8.9,68,10,296,4,21.7,22.4,22.0,24.5,22.03333333333333,23.24285714285714,24.72142857142857,0.0,0.0,6.2,0.0,2.066666666666667,5.228571428571429,3.8000000000000003
2015-10-24,26.9,17.2,21.6,0.3,17.7,68,10,297,4,21.6,21.7,22.4,25.3,21.899999999999995,22.82857142857143,24.357142857142858,0.0,0.0,0.0,0.0,0.0,5.228571428571429,3.8000000000000003
2015-10-25,21.2,16.3,18.5,20.9,21.1,81,10,298,4,21.6,21.6,21.7,25.0,21.63333333333333,22.3,23.95,0.3,0.0,0.0,0.0,0.09999999999999999,5.271428571428571,3.8214285714285716
2015-10-26,23.6,15.4,19.0,2.6,20.5,74,10,299,4,18.5,21.6,21.6,21.8,20.566666666666666,21.371428571428574,23.292857142857144,20.9,0.3,0.0,30.4,7.066666666666666,8.257142857142856,5.314285714285715
2015-10-27,25.6,14.9,19.5,0.0,13.8,64,10,300,4,19.0,18.5,21.6,22.0,19.7,20.97142857142857,22.678571428571427,2.6,20.9,0.3,6.2,7.933333333333334,4.285714285714286,5.5
2015-10-28,25.3,13.0,18.9,0.0,9.4,62,10,301,4,19.5,19.0,18.5,22.4,18.999999999999996,20.614285714285717,22.2,0.0,2.6,20.9,0.0,7.833333333333333,3.4,5.4071428571428575
2015-10-29,25.8,12.1,19.1,0.0,7.1,71,10,302,4,18.9,19.5,19.0,21.7,19.13333333333333,20.114285714285717,21.87857142857143,0.0,0.0,2.6,0.0,0.8666666666666667,3.4,4.314285714285714
2015-10-30,25.6,13.5,19.2,0.0,8.9,72,10,303,4,19.1,18.9,19.5,21.6,19.166666666666664,19.742857142857144,21.492857142857144,0.0,0.0,0.0,0.0,0.0,3.4,4.314285714285714
2015-10-31,25.9,13.4,19.6,0.0,9.0,74,10,304,4,19.2,19.1,18.9,21.6,19.066666666666663,19.400000000000002,21.114285714285717,0.0,0.0,0.0,0.3,0.0,3.4,4.314285714285714
2015-11-01,26.0,14.2,20.0,0.0,8.6,77,11,305,4,19.6,19.2,19.1,18.5,19.299999999999997,19.114285714285717,20.70714285714286,0.0,0.0,0.0,20.9,0.0,3.357142857142857,4.314285714285714
2015-11-02,26.0,14.3,20.0,0.0,7.9,78,11,306,4,20.0,19.6,19.2,19.0,19.599999999999998,19.32857142857143,20.35,0.0,0.0,0.0,2.6,0.0,0.37142857142857144,4.314285714285714
2015-11-03,25.7,15.5,20.4,0.0,7.9,77,11,307,4,20.0,20.0,19.6,19.5,19.866666666666664,19.47142857142857,20.22142857142857,0.0,0.0,0.0,0.0,0.0,0.0,2.142857142857143
2015-11-04,24.6,16.2,19.2,38.9,20.5,84,11,308,4,20.4,20.0,20.0,18.9,20.13333333333333,19.6,20.107142857142858,0.0,0.0,0.0,0.0,0.0,0.0,1.7
2015-11-05,20.6,14.8,17.3,10.9,19.8,80,11,309,4,19.2,20.4,20.0,19.1,19.866666666666664,19.642857142857142,19.87857142857143,38.9,0.0,0.0,0.0,12.966666666666667,5.557142857142857,4.478571428571429
2015-11-06,25.1,13.0,18.2,0.0,9.4,70,11,310,4,17.3,19.2,20.4,19.2,18.966666666666665,19.38571428571429,19.564285714285713,10.9,38.9,0.0,0.0,16.599999999999998,7.114285714285714,5.257142857142857
2015-11-07,24.7,12.0,17.9,0.0,7.9,75,11,311,4,18.2,17.3,19.2,19.6,18.23333333333333,19.24285714285714,19.321428571428573,0.0,10.9,38.9,0.0,16.599999999999998,7.114285714285714,5.257142857142857
2015-11-08,24.8,12.8,18.6,0.0,8.1,77,11,312,4,17.9,18.2,17.3,20.0,17.799999999999997,19.0,19.057142857142857,0.0,0.0,10.9,0.0,3.6333333333333333,7.114285714285714,5.235714285714286
2015-11-09,23.5,13.9,18.2,0.1,8.4,81,11,313,4,18.6,17.9,18.2,20.0,18.23333333333333,18.8,19.064285714285713,0.0,0.0,0.0,0.0,0.0,7.114285714285714,3.7428571428571424
2015-11-10,22.2,14.9,17.7,0.3,11.3,68,11,314,4,18.2,18.6,17.9,20.4,18.23333333333333,18.54285714285714,19.007142857142856,0.1,0.0,0.0,0.0,0.03333333333333333,7.128571428571428,3.564285714285714
2015-11-11,24.0,13.0,18.1,0.0,12.8,64,11,315,4,17.7,18.2,18.6,19.2,18.166666666666664,18.157142857142855,18.87857142857143,0.3,0.1,0.0,38.9,0.13333333333333333,7.171428571428571,3.5857142857142854
2015-11-12,24.9,13.6,18.8,0.0,10.9,67,11,316,4,18.1,17.7,18.2,17.3,17.999999999999996,18.0,18.821428571428573,0.0,0.3,0.1,10.9,0.13333333333333333,1.6142857142857143,3.5857142857142854
2015-11-13,25.1,15.6,19.5,3.3,11.7,75,11,317,4,18.8,18.1,17.7,18.2,18.2,18.214285714285715,18.8,0.0,0.0,0.3,0.0,0.09999999999999998,0.05714285714285715,3.5857142857142854
2015-11-14,25.6,14.2,19.1,0.0,10.5,72,11,318,4,19.5,18.8,18.1,17.9,18.799999999999997,18.400000000000002,18.821428571428573,3.3,0.0,0.0,0.0,1.0999999999999999,0.5285714285714286,3.8214285714285716
2015-11-15,25.6,12.9,18.7,0.0,8.7,71,11,319,4,19.1,19.5,18.8,18.6,19.13333333333333,18.571428571428573,18.785714285714285,0.0,3.3,0.0,0.0,1.0999999999999999,0.5285714285714286,3.8214285714285716
2015-11-16,25.6,13.8,18.6,0.0,14.5,60,11,320,4,18.7,19.1,19.5,18.2,19.099999999999998,18.585714285714285,18.692857142857143,0.0,0.0,3.3,0.1,1.0999999999999999,0.5285714285714286,3.8214285714285716
2015-11-17,24.0,9.7,16.4,0.0,10.5,63,11,321,4,18.6,18.7,19.1,17.7,18.8,18.642857142857142,18.592857142857145,0.0,0.0,0.0,0.3,0.0,0.5142857142857142,3.8214285714285716
2015-11-18,23.9,9.7,15.9,0.0,7.6,69,11,322,4,16.4,18.6,18.7,18.1,17.9,18.45714285714286,18.307142857142857,0.0,0.0,0.0,0.0,0.0,0.4714285714285714,3.8214285714285716
2015-11-19,24.0,9.3,16.0,0.0,9.8,75,11,323,4,15.9,16.4,18.6,18.8,16.966666666666665,18.142857142857142,18.071428571428573,0.0,0.0,0.0,0.0,0.0,0.4714285714285714,1.042857142857143
2015-11-20,23.4,9.7,16.0,0.0,9.7,77,11,324,4,16.0,15.9,16.4,19.5,16.099999999999998,17.742857142857144,17.97857142857143,0.0,0.0,0.0,3.3,0.0,0.4714285714285714,0.2642857142857143
2015-11-21,23.9,9.6,16.3,0.0,9.5,73,11,325,4,16.0,16.0,15.9,19.1,15.966666666666663,17.242857142857144,17.821428571428573,0.0,0.0,0.0,0.0,0.0,0.0,0.2642857142857143
2015-11-22,23.0,9.0,15.8,0.0,9.2,72,11,326,4,16.3,16.0,16.0,18.7,16.099999999999998,16.84285714285714,17.70714285714286,0.0,0.0,0.0,0.0,0.0,0.0,0.2642857142857143
2015-11-23,23.2,10.1,16.4,0.0,9.5,72,11,327,4,15.8,16.3,16.0,18.6,16.03333333333333,16.428571428571427,17.50714285714286,0.0,0.0,0.0,0.0,0.0,0.0,0.2642857142857143
2015-11-24,24.0,10.1,16.3,0.0,10.3,72,11,328,4,16.4,15.8,16.3,16.4,16.166666666666664,16.114285714285714,17.37857142857143,0.0,0.0,0.0,0.0,0.0,0.0,0.2571428571428571
2015-11-25,23.5,10.6,16.8,0.0,10.9,61,11,329,4,16.3,16.4,15.8,15.9,16.16666666666666,16.1,17.27857142857143,0.0,0.0,0.0,0.0,0.0,0.0,0.2357142857142857
2015-11-26,23.4,12.5,17.1,0.0,9.4,64,11,330,4,16.8,16.3,16.4,16.0,16.499999999999996,16.228571428571428,17.185714285714287,0.0,0.0,0.0,0.0,0.0,0.0,0.2357142857142857
2015-11-27,23.0,9.6,15.5,0.0,10.4,70,11,331,4,17.1,16.8,16.3,16.0,16.73333333333333,16.385714285714286,17.064285714285713,0.0,0.0,0.0,0.0,0.0,0.0,0.2357142857142857
2015-11-28,23.9,10.1,16.2,0.0,9.4,68,11,332,4,15.5,17.1,16.8,16.3,16.466666666666665,16.314285714285713,16.77857142857143,0.0,0.0,0.0,0.0,0.0,0.0,0.0
2015-11-29,23.1,11.8,16.7,0.0,8.6,73,11,333,4,16.2,15.5,17.1,15.8,16.266666666666666,16.3,16.571428571428573,0.0,0.0,0.0,0.0,0.0,0.0,0.0
2015-11-30,23.4,11.2,16.7,0.0,8.4,76,11,334,4,16.7,16.2,15.5,16.4,16.13333333333333,16.428571428571427,16.428571428571427,0.0,0.0,0.0,0.0,0.0,0.0,0.0
2015-12-01,22.8,10.9,16.3,0.0,7.7,77,12,335,1,16.7,16.7,16.2,16.3,16.53333333333333,16.47142857142857,16.29285714285714,0.0,0.0,0.0,0.0,0.0,0.0,0.0
2015-12-02,22.9,10.8,16.3,0.0,9.6,78,12,336,1,16.3,16.7,16.7,16.8,16.566666666666663,16.47142857142857,16.285714285714285,0.0,0.0,0.0,0.0,0.0,0.0,0.0
2015-12-03,23.2,9.1,15.8,0.0,9.3,71,12,337,1,16.3,16.3,16.7,17.1,16.433333333333334,16.4,16.314285714285713,0.0,0.0,0.0,0.0,0.0,0.0,0.0
2015-12-04,23.1,8.2,15.4,0.0,7.8,75,12,338,1,15.8,16.3,16.3,15.5,16.13333333333333,16.214285714285715,16.3,0.0,0.0,0.0,0.0,0.0,0.0,0.0
2015-12-05,23.1,9.8,16.0,0.0,8.3,77,12,339,1,15.4,15.8,16.3,16.2,15.83333333333333,16.2,16.257142857142856,0.0,0.0,0.0,0.0,0.0,0.0,0.0
2015-12-06,22.6,10.6,15.7,0.0,8.6,80,12,340,1,16.0,15.4,15.8,16.7,15.733333333333329,16.17142857142857,16.235714285714288,0.0,0.0,0.0,0.0,0.0,0.0,0.0
2015-12-07,22.3,10.5,16.0,0.0,7.6,81,12,341,1,15.7,16.0,15.4,16.7,15.699999999999998,16.02857142857143,16.228571428571428,0.0,0.0,0.0,0.0,0.0,0.0,0.0
2015-12-08,21.6,11.7,16.2,0.0,6.6,83,12,342,1,16.0,15.7,16.0,16.3,15.899999999999997,15.928571428571429,16.2,0.0,0.0,0.0,0.0,0.0,0.0,0.0
2015-12-09,20.7,12.9,16.1,8.2,14.7,85,12,343,1,16.2,16.0,15.7,16.3,15.966666666666663,15.914285714285713,16.192857142857143,0.0,0.0,0.0,0.0,0.0,0.0,0.0
2015-12-10,22.0,13.7,16.4,14.9,18.7,83,12,344,1,16.1,16.2,16.0,15.8,16.099999999999998,15.885714285714286,16.142857142857142,8.2,0.0,0.0,0.0,2.733333333333333,1.1714285714285713,0.5857142857142856
2015-12-11,17.0,10.6,13.9,8.3,11.1,86,12,345,1,16.4,16.1,16.2,15.4,16.23333333333333,15.971428571428572,16.092857142857145,14.9,8.2,0.0,0.0,7.7,3.3000000000000003,1.6500000000000001
2015-12-12,19.0,8.0,12.7,0.0,10.7,72,12,346,1,13.9,16.4,16.1,16.0,15.466666666666663,15.757142857142856,15.978571428571428,8.3,14.9,8.2,0.0,10.466666666666667,4.485714285714286,2.242857142857143
2015-12-13,18.4,6.1,11.7,0.0,8.4,69,12,347,1,12.7,13.9,16.4,15.7,14.33333333333333,15.285714285714286,15.72857142857143,0.0,8.3,14.9,0.0,7.733333333333334,4.485714285714286,2.242857142857143
2015-12-14,18.8,5.9,11.8,0.0,10.9,69,12,348,1,11.7,12.7,13.9,16.0,12.766666666666664,14.714285714285714,15.37142857142857,0.0,0.0,8.3,0.0,2.766666666666667,4.485714285714286,2.242857142857143
2015-12-15,18.7,4.8,11.4,0.0,8.7,61,12,349,1,11.8,11.7,12.7,16.2,12.066666666666665,14.114285714285716,15.021428571428572,0.0,0.0,0.0,0.0,0.0,4.485714285714286,2.242857142857143
2015-12-16,18.5,4.2,10.9,0.0,8.2,69,12,350,1,11.4,11.8,11.7,16.1,11.633333333333331,13.428571428571429,14.671428571428573,0.0,0.0,0.0,8.2,0.0,4.485714285714286,2.242857142857143
2015-12-17,18.6,7.4,12.3,0.1,8.5,72,12,351,1,10.9,11.4,11.8,16.4,11.366666666666665,12.685714285714285,14.285714285714286,0.0,0.0,0.0,14.9,0.0,3.3142857142857145,2.242857142857143
2015-12-18,18.7,5.7,11.4,0.0,10.0,70,12,352,1,12.3,10.9,11.4,13.9,11.533333333333331,12.1,14.035714285714286,0.1,0.0,0.0,8.3,0.03333333333333333,1.2,2.25
2015-12-19,18.3,4.6,11.0,0.0,8.1,69,12,353,1,11.4,12.3,10.9,12.7,11.533333333333331,11.742857142857144,13.75,0.0,0.1,0.0,0.0,0.03333333333333333,0.014285714285714287,2.25
2015-12-20,18.5,5.3,11.3,0.0,10.4,73,12,354,1,11.0,11.4,12.3,11.7,11.566666666666665,11.5,13.392857142857142,0.0,0.0,0.1,0.0,0.03333333333333333,0.014285714285714287,2.25
2015-12-21,18.2,4.6,11.2,0.0,8.0,72,12,355,1,11.3,11.0,11.4,11.8,11.233333333333329,11.442857142857145,13.078571428571431,0.0,0.0,0.0,0.0,0.0,0.014285714285714287,2.25
2015-12-22,18.0,6.9,12.3,0.5,8.1,72,12,356,1,11.2,11.3,11.0,11.4,11.166666666666664,11.357142857142858,12.735714285714286,0.0,0.0,0.0,0.0,0.0,0.014285714285714287,2.25
2015-12-23,16.3,6.7,10.9,0.6,10.4,74,12,357,1,12.3,11.2,11.3,10.9,11.6,11.485714285714286,12.457142857142856,0.5,0.0,0.0,0.0,0.16666666666666666,0.08571428571428572,2.2857142857142856
2015-12-24,16.9,5.4,10.2,0.0,10.5,64,12,358,1,10.9,12.3,11.2,12.3,11.466666666666663,11.485714285714286,12.085714285714285,0.6,0.5,0.0,0.1,0.3666666666666667,0.17142857142857143,1.742857142857143
2015-12-25,17.0,3.2,9.5,0.0,8.4,66,12,359,1,10.2,10.9,12.3,11.4,11.133333333333331,11.185714285714285,11.642857142857142,0.0,0.6,0.5,0.0,0.3666666666666667,0.1571428571428571,0.6785714285714286
2015-12-26,17.6,5.1,10.6,0.0,10.9,70,12,360,1,9.5,10.2,10.9,11.0,10.199999999999998,10.914285714285713,11.328571428571431,0.0,0.0,0.6,0.0,0.19999999999999998,0.1571428571428571,0.08571428571428572
2015-12-27,19.6,5.5,11.8,0.0,10.8,69,12,361,1,10.6,9.5,10.2,11.3,10.099999999999998,10.857142857142858,11.178571428571429,0.0,0.0,0.0,0.0,0.0,0.1571428571428571,0.08571428571428572
2015-12-28,21.3,6.0,12.9,0.0,11.2,73,12,362,1,11.8,10.6,9.5,11.2,10.633333333333331,10.928571428571429,11.185714285714287,0.0,0.0,0.0,0.0,0.0,0.1571428571428571,0.08571428571428572
2015-12-29,21.7,6.9,13.3,0.0,10.2,74,12,363,1,12.9,11.8,10.6,12.3,11.766666666666664,11.171428571428573,11.264285714285714,0.0,0.0,0.0,0.5,0.0,0.1571428571428571,0.08571428571428572
2015-12-30,21.2,6.1,12.9,0.0,10.7,75,12,364,1,13.3,12.9,11.8,10.9,12.666666666666664,11.314285714285715,11.4,0.0,0.0,0.0,0.6,0.0,0.08571428571428572,0.08571428571428572
2015-12-31,21.4,7.8,13.6,0.0,9.9,69,12,365,1,12.9,13.3,12.9,10.2,13.033333333333331,11.599999999999998,11.542857142857144,0.0,0.0,0.0,0.0,0.0,0.0,0.08571428571428572
2016-01-01,19.9,8.0,13.3,0.0,7.6,69,1,1,1,13.6,12.9,13.3,9.5,13.266666666666666,12.085714285714287,11.635714285714286,0.0,0.0,0.0,0.0,0.0,0.0,0.07857142857142856
2016-01-02,19.5,5.2,11.8,0.0,10.2,75,1,2,1,13.3,13.6,12.9,10.6,13.266666666666664,12.62857142857143,11.771428571428572,0.0,0.0,0.0,0.0,0.0,0.0,0.07857142857142856
2016-01-03,20.3,6.3,12.9,0.0,9.0,71,1,3,1,11.8,13.3,13.6,11.8,12.899999999999999,12.799999999999999,11.828571428571427,0.0,0.0,0.0,0.0,0.0,0.0,0.07857142857142856
2016-01-04,19.3,9.7,13.8,0.1,7.8,77,1,4,1,12.9,11.8,13.3,12.9,12.666666666666664,12.957142857142857,11.942857142857145,0.0,0.0,0.0,0.0,0.0,0.0,0.07857142857142856
2016-01-05,21.7,9.1,14.8,0.0,8.6,77,1,5,1,13.8,12.9,11.8,13.3,12.833333333333334,13.085714285714285,12.12857142857143,0.1,0.0,0.0,0.0,0.03333333333333333,0.014285714285714287,0.08571428571428572
2016-01-06,19.7,8.5,14.0,0.0,7.9,79,1,6,1,14.8,13.8,12.9,12.9,13.83333333333333,13.299999999999999,12.307142857142855,0.0,0.1,0.0,0.0,0.03333333333333333,0.014285714285714287,0.049999999999999996
2016-01-07,20.6,9.4,14.3,0.0,9.9,73,1,7,1,14.0,14.8,13.8,13.6,14.199999999999998,13.457142857142856,12.528571428571428,0.0,0.0,0.1,0.0,0.03333333333333333,0.014285714285714287,0.0071428571428571435
2016-01-08,20.3,9.0,13.9,0.1,9.5,70,1,8,1,14.3,14.0,14.8,13.3,14.366666666666665,13.557142857142859,12.821428571428571,0.0,0.0,0.0,0.0,0.0,0.014285714285714287,0.0071428571428571435
2016-01-09,20.2,7.7,13.5,0.0,11.3,64,1,9,1,13.9,14.3,14.0,11.8,14.066666666666665,13.642857142857142,13.135714285714286,0.1,0.0,0.0,0.0,0.03333333333333333,0.028571428571428574,0.014285714285714287
2016-01-10,19.8,5.7,12.2,0.0,7.7,76,1,10,1,13.5,13.9,14.3,12.9,13.899999999999999,13.885714285714286,13.342857142857143,0.0,0.1,0.0,0.0,0.03333333333333333,0.028571428571428574,0.014285714285714287
2016-01-11,19.5,6.5,12.6,0.0,7.2,76,1,11,1,12.2,13.5,13.9,13.8,13.199999999999998,13.785714285714286,13.37142857142857,0.0,0.0,0.1,0.1,0.03333333333333333,0.028571428571428574,0.014285714285714287
2016-01-12,17.9,9.7,13.3,8.7,8.0,83,1,12,1,12.6,12.2,13.5,14.8,12.766666666666666,13.614285714285716,13.35,0.0,0.0,0.0,0.0,0.0,0.014285714285714287,0.014285714285714287
2016-01-13,18.6,8.5,13.4,3.6,7.9,81,1,13,1,13.3,12.6,12.2,14.0,12.699999999999998,13.4,13.35,8.7,0.0,0.0,0.0,2.9,1.257142857142857,0.6357142857142856
2016-01-14,17.3,8.2,12.8,0.0,6.8,83,1,14,1,13.4,13.3,12.6,14.3,13.099999999999996,13.314285714285715,13.385714285714286,3.6,8.7,0.0,0.0,4.1,1.7714285714285711,0.8928571428571427
2016-01-15,18.3,8.5,13.2,0.0,9.0,83,1,15,1,12.8,13.4,13.3,13.9,13.166666666666664,13.1,13.328571428571427,0.0,3.6,8.7,0.1,4.1,1.7714285714285711,0.8928571428571427
2016-01-16,18.2,5.9,11.9,0.0,7.4,80,1,16,1,13.2,12.8,13.4,13.5,13.133333333333331,13.0,13.321428571428571,0.0,0.0,3.6,0.0,1.2,1.757142857142857,0.8928571428571427
2016-01-17,17.2,5.6,11.5,0.0,6.6,83,1,17,1,11.9,13.2,12.8,12.2,12.633333333333331,12.771428571428572,13.328571428571431,0.0,0.0,0.0,0.0,0.0,1.757142857142857,0.8928571428571427
2016-01-18,16.4,7.0,11.3,0.0,7.9,81,1,18,1,11.5,11.9,13.2,12.6,12.199999999999998,12.671428571428573,13.228571428571428,0.0,0.0,0.0,0.0,0.0,1.757142857142857,0.8928571428571427
2016-01-19,17.5,6.4,11.4,0.0,8.1,81,1,19,1,11.3,11.5,11.9,13.3,11.566666666666665,12.485714285714284,13.049999999999999,0.0,0.0,0.0,8.7,0.0,1.757142857142857,0.8857142857142856
2016-01-20,15.9,5.9,10.3,0.0,7.9,83,1,20,1,11.4,11.3,11.5,13.4,11.399999999999999,12.214285714285714,12.807142857142859,0.0,0.0,0.0,3.6,0.0,0.5142857142857143,0.8857142857142856
2016-01-21,15.2,4.0,9.3,0.0,7.8,86,1,21,1,10.3,11.4,11.3,12.8,10.999999999999998,11.771428571428572,12.542857142857144,0.0,0.0,0.0,0.0,0.0,0.0,0.8857142857142856
2016-01-22,15.3,4.6,9.7,0.0,8.0,85,1,22,1,9.3,10.3,11.4,13.2,10.33333333333333,11.27142857142857,12.185714285714285,0.0,0.0,0.0,0.0,0.0,0.0,0.8857142857142856
2016-01-23,14.9,5.4,9.7,0.0,10.5,86,1,23,1,9.7,9.3,10.3,11.9,9.766666666666666,10.771428571428572,11.885714285714286,0.0,0.0,0.0,0.0,0.0,0.0,0.8785714285714284
2016-01-24,15.0,4.0,9.1,0.0,7.1,86,1,24,1,9.7,9.7,9.3,11.5,9.566666666666663,10.457142857142857,11.614285714285714,0.0,0.0,0.0,0.0,0.0,0.0,0.8785714285714284
2016-01-25,13.2,3.7,8.2,0.0,8.2,89,1,25,1,9.1,9.7,9.7,11.3,9.499999999999998,10.114285714285714,11.392857142857142,0.0,0.0,0.0,0.0,0.0,0.0,0.8785714285714284
2016-01-26,15.8,7.4,10.8,0.0,6.6,84,1,26,1,8.2,9.1,9.7,11.4,8.999999999999996,9.671428571428573,11.078571428571431,0.0,0.0,0.0,0.0,0.0,0.0,0.8785714285714284
2016-01-27,19.5,6.9,12.6,0.5,9.8,77,1,27,1,10.8,8.2,9.1,10.3,9.366666666666664,9.585714285714285,10.9,0.0,0.0,0.0,0.0,0.0,0.0,0.2571428571428572
2016-01-28,20.8,7.5,13.8,1.4,10.5,74,1,28,1,12.6,10.8,8.2,9.3,10.533333333333331,9.914285714285715,10.842857142857142,0.5,0.0,0.0,0.0,0.16666666666666666,0.07142857142857142,0.03571428571428571
2016-01-29,17.5,9.9,13.9,13.1,13.2,88,1,29,1,13.8,12.6,10.8,9.7,12.399999999999999,10.557142857142855,10.914285714285715,1.4,0.5,0.0,0.0,0.6333333333333333,0.2714285714285714,0.1357142857142857
2016-01-30,19.5,11.4,14.8,1.8,9.5,84,1,30,1,13.9,13.8,12.6,9.7,13.433333333333332,11.157142857142857,10.964285714285714,13.1,1.4,0.5,0.0,5.0,2.142857142857143,1.0714285714285714
2016-01-31,19.5,8.6,13.5,0.0,9.5,78,1,31,1,14.8,13.9,13.8,9.1,14.166666666666664,11.885714285714286,11.171428571428573,1.8,13.1,1.4,0.0,5.433333333333334,2.4,1.2
2016-02-01,19.8,6.7,12.8,0.0,9.7,75,2,32,1,13.5,14.8,13.9,8.2,14.066666666666665,12.514285714285714,11.314285714285713,0.0,1.8,13.1,0.0,4.966666666666667,2.4,1.2
2016-02-02,20.1,5.9,12.6,0.0,10.5,69,2,33,1,12.8,13.5,14.8,10.8,13.699999999999998,13.171428571428574,11.421428571428573,0.0,0.0,1.8,0.0,0.6,2.4,1.2
2016-02-03,20.8,6.1,12.7,0.0,14.9,65,2,34,1,12.6,12.8,13.5,12.6,12.966666666666663,13.428571428571429,11.507142857142856,0.0,0.0,0.0,0.5,0.0,2.4,1.2
2016-02-04,20.7,5.0,13.3,0.0,8.5,60,2,35,1,12.7,12.6,12.8,13.8,12.699999999999998,13.442857142857145,11.678571428571429,0.0,0.0,0.0,1.4,0.0,2.3285714285714287,1.2
2016-02-05,21.3,5.6,12.8,0.0,11.2,69,2,36,1,13.3,12.7,12.6,13.9,12.866666666666665,13.371428571428572,11.964285714285714,0.0,0.0,0.0,13.1,0.0,2.1285714285714286,1.2
2016-02-06,20.4,5.3,13.3,0.0,8.4,67,2,37,1,12.8,13.3,12.7,14.8,12.93333333333333,13.214285714285714,12.185714285714285,0.0,0.0,0.0,1.8,0.0,0.2571428571428572,1.2
2016-02-07,20.2,7.6,13.7,0.0,13.6,74,2,38,1,13.3,12.8,13.3,13.5,13.133333333333333,13.0,12.442857142857141,0.0,0.0,0.0,0.0,0.0,0.0,1.2
2016-02-08,20.6,6.6,13.4,0.0,9.2,76,2,39,1,13.7,13.3,12.8,12.8,13.266666666666664,13.028571428571428,12.771428571428572,0.0,0.0,0.0,0.0,0.0,0.0,1.2
2016-02-09,21.5,7.6,14.6,0.0,9.6,74,2,40,1,13.4,13.7,13.3,12.6,13.466666666666663,13.114285714285716,13.142857142857144,0.0,0.0,0.0,0.0,0.0,0.0,1.2
2016-02-10,20.9,7.4,14.3,12.1,13.2,76,2,41,1,14.6,13.4,13.7,12.7,13.899999999999997,13.4,13.414285714285715,0.0,0.0,0.0,0.0,0.0,0.0,1.2
2016-02-11,16.7,9.3,13.1,17.2,24.3,80,2,42,1,14.3,14.6,13.4,13.3,14.1,13.628571428571428,13.535714285714286,12.1,0.0,0.0,0.0,4.033333333333333,1.7285714285714284,2.0285714285714285
2016-02-12,18.3,6.4,12.1,0.0,11.0,74,2,43,1,13.1,14.3,14.6,12.8,13.999999999999998,13.6,13.485714285714286,17.2,12.1,0.0,0.0,9.766666666666666,4.185714285714285,3.1571428571428575
2016-02-13,19.1,8.2,13.1,0.0,8.9,74,2,44,1,12.1,13.1,14.3,13.3,13.166666666666664,13.5,13.357142857142858,0.0,17.2,12.1,0.0,9.766666666666667,4.185714285714286,2.2214285714285715
2016-02-14,20.0,6.1,13.0,0.0,10.1,72,2,45,1,13.1,12.1,13.1,13.7,12.766666666666666,13.471428571428573,13.235714285714286,0.0,0.0,17.2,0.0,5.733333333333334,4.185714285714286,2.092857142857143
2016-02-15,20.6,6.8,13.3,0.0,10.1,67,2,46,1,13.0,13.1,12.1,13.4,12.733333333333329,13.37142857142857,13.200000000000001,0.0,0.0,0.0,0.0,0.0,4.185714285714286,2.092857142857143
2016-02-16,21.1,6.5,13.5,0.0,8.7,68,2,47,1,13.3,13.0,13.1,14.6,13.133333333333331,13.357142857142858,13.235714285714286,0.0,0.0,0.0,0.0,0.0,4.185714285714286,2.092857142857143
2016-02-17,21.6,6.7,13.9,0.0,9.7,72,2,48,1,13.5,13.3,13.0,14.3,13.266666666666666,13.200000000000001,13.3,0.0,0.0,0.0,12.1,0.0,4.185714285714286,2.092857142857143
2016-02-18,22.9,7.0,14.9,0.0,10.0,73,2,49,1,13.9,13.5,13.3,13.1,13.566666666666665,13.142857142857142,13.385714285714284,0.0,0.0,0.0,17.2,0.0,2.4571428571428577,2.092857142857143
2016-02-19,22.9,12.1,16.6,16.1,14.7,78,2,50,1,14.9,13.9,13.5,12.1,14.1,13.4,13.5,0.0,0.0,0.0,0.0,0.0,0.0,2.092857142857143
2016-02-20,22.4,13.9,17.5,7.3,13.4,81,2,51,1,16.6,14.9,13.9,13.1,15.133333333333331,14.042857142857144,13.771428571428572,16.1,0.0,0.0,0.0,5.366666666666667,2.3000000000000003,3.2428571428571433
2016-02-21,23.4,9.6,16.4,0.0,12.3,69,2,52,1,17.5,16.6,14.9,13.0,16.333333333333332,14.671428571428574,14.071428571428571,7.3,16.1,0.0,0.0,7.800000000000001,3.342857142857143,3.7642857142857147
2016-02-22,24.1,9.9,16.4,0.0,15.0,62,2,53,1,16.4,17.5,16.6,13.3,16.83333333333333,15.157142857142858,14.264285714285714,0.0,7.3,16.1,0.0,7.800000000000001,3.342857142857143,3.7642857142857147
2016-02-23,23.2,7.2,15.5,0.0,8.0,70,2,54,1,16.4,16.4,17.5,13.5,16.766666666666666,15.599999999999998,14.478571428571428,0.0,0.0,7.3,0.0,2.433333333333333,3.342857142857143,3.7642857142857147
2016-02-24,25.0,9.0,16.6,0.0,10.1,79,2,55,1,15.5,16.4,16.4,13.9,16.099999999999998,15.885714285714284,14.542857142857143,0.0,0.0,0.0,0.0,0.0,3.342857142857143,3.7642857142857147
2016-02-25,25.5,11.8,18.3,0.0,9.2,76,2,56,1,16.6,15.5,16.4,14.9,16.166666666666664,16.271428571428572,14.707142857142857,0.0,0.0,0.0,0.0,0.0,3.342857142857143,2.9
2016-02-26,25.4,12.2,18.6,0.0,8.7,78,2,57,1,18.3,16.6,15.5,16.6,16.799999999999997,16.757142857142856,15.078571428571427,0.0,0.0,0.0,16.1,0.0,3.342857142857143,1.671428571428572
2016-02-27,25.5,12.0,18.5,0.0,8.4,77,2,58,1,18.6,18.3,16.6,17.5,17.833333333333332,17.04285714285714,15.542857142857143,0.0,0.0,0.0,7.3,0.0,1.042857142857143,1.671428571428572
2016-02-28,25.8,11.3,18.3,0.0,7.9,74,2,59,1,18.5,18.6,18.3,16.4,18.466666666666665,17.185714285714287,15.928571428571429,0.0,0.0,0.0,0.0,0.0,0.0,1.671428571428572
2016-02-29,26.0,12.0,18.7,0.0,7.1,77,2,60,1,18.3,18.5,18.6,16.4,18.466666666666665,17.45714285714286,16.307142857142857,0.0,0.0,0.0,0.0,0.0,0.0,1.671428571428572
2016-03-01,26.4,12.3,19.2,0.0,8.4,74,3,61,2,18.7,18.3,18.5,15.5,18.5,17.78571428571429,16.692857142857143,0.0,0.0,0.0,0.0,0.0,0.0,1.671428571428572
2016-03-02,26.2,13.2,19.3,0.0,8.9,71,3,62,2,19.2,18.7,18.3,16.6,18.73333333333333,18.314285714285713,17.099999999999998,0.0,0.0,0.0,0.0,0.0,0.0,1.671428571428572
2016-03-03,27.0,13.8,19.9,0.0,10.2,68,3,63,2,19.3,19.2,18.7,18.3,19.066666666666663,18.7,17.485714285714288,0.0,0.0,0.0,0.0,0.0,0.0,1.671428571428572
2016-03-04,27.1,13.5,20.4,0.0,10.5,66,3,64,2,19.9,19.3,19.2,18.6,19.466666666666665,18.928571428571427,17.842857142857145,0.0,0.0,0.0,0.0,0.0,0.0,1.671428571428572
2016-03-05,22.9,15.5,18.6,4.2,19.2,78,3,65,2,20.4,19.9,19.3,18.5,19.866666666666664,19.185714285714283,18.114285714285714,0.0,0.0,0.0,0.0,0.0,0.0,0.5214285714285717
2016-03-06,23.4,14.5,18.3,11.2,14.4,79,3,66,2,18.6,20.4,19.9,18.3,19.63333333333333,19.2,18.192857142857143,4.2,0.0,0.0,0.0,1.4000000000000001,0.6,0.30000000000000027
2016-03-07,25.0,13.1,18.5,0.0,9.8,71,3,67,2,18.3,18.6,20.4,18.7,19.099999999999998,19.2,18.32857142857143,11.2,4.2,0.0,0.0,5.133333333333333,2.1999999999999997,1.1
2016-03-08,26.3,12.4,19.4,0.0,9.7,69,3,68,2,18.5,18.3,18.6,19.2,18.466666666666665,19.17142857142857,18.478571428571428,0.0,11.2,4.2,0.0,5.133333333333333,2.1999999999999997,1.1
2016-03-09,26.6,14.6,20.2,0.0,8.4,69,3,69,2,19.4,18.5,18.3,19.3,18.73333333333333,19.2,18.75714285714286,0.0,0.0,11.2,0.0,3.733333333333333,2.1999999999999997,1.1
2016-03-10,27.0,15.0,21.4,0.0,7.3,67,3,70,2,20.2,19.4,18.5,19.9,19.366666666666664,19.328571428571426,19.014285714285712,0.0,0.0,0.0,0.0,0.0,2.1999999999999997,1.1
2016-03-11,22.3,17.1,19.1,16.0,16.6,81,3,71,2,21.4,20.2,19.4,20.4,20.33333333333333,19.542857142857144,19.235714285714288,0.0,0.0,0.0,0.0,0.0,2.1999999999999997,1.1
2016-03-12,19.7,15.0,16.8,37.5,23.0,92,3,72,2,19.1,21.4,20.2,18.6,20.23333333333333,19.357142857142858,19.271428571428572,16.0,0.0,0.0,4.2,5.333333333333333,4.485714285714286,2.242857142857143
2016-03-13,20.3,13.5,15.9,13.0,14.9,89,3,73,2,16.8,19.1,21.4,18.3,19.099999999999998,19.099999999999998,19.150000000000002,37.5,16.0,0.0,11.2,17.833333333333332,9.242857142857144,4.921428571428572
2016-03-14,22.3,11.4,16.2,5.6,13.9,84,3,74,2,15.9,16.8,19.1,18.5,17.266666666666662,18.757142857142856,18.978571428571428,13.0,37.5,16.0,0.0,22.166666666666668,9.5,5.8500000000000005
2016-03-15,23.6,11.4,17.3,0.0,12.2,73,3,75,2,16.2,15.9,16.8,19.4,16.299999999999997,18.428571428571427,18.8,5.6,13.0,37.5,0.0,18.7,10.299999999999999,6.25
2016-03-16,24.5,12.6,18.5,0.0,11.3,67,3,76,2,17.3,16.2,15.9,20.2,16.466666666666665,18.12857142857143,18.664285714285715,0.0,5.6,13.0,0.0,6.2,10.299999999999999,6.25
2016-03-17,19.3,16.0,17.4,3.9,21.1,73,3,77,2,18.5,17.3,16.2,21.4,17.333333333333332,17.885714285714286,18.607142857142858,0.0,0.0,5.6,0.0,1.8666666666666665,10.299999999999999,6.25
2016-03-18,25.1,14.8,19.0,3.9,19.6,73,3,78,2,17.4,18.5,17.3,19.1,17.73333333333333,17.314285714285713,18.428571428571427,3.9,0.0,0.0,16.0,1.3,10.857142857142858,6.528571428571429
2016-03-19,25.2,14.8,19.4,18.7,22.7,75,3,79,2,19.0,17.4,18.5,16.8,18.299999999999997,17.3,18.328571428571426,3.9,3.9,0.0,37.5,2.6,9.128571428571428,6.807142857142858
2016-03-20,24.9,14.3,18.4,4.8,11.2,75,3,80,2,19.4,19.0,17.4,15.9,18.599999999999998,17.67142857142857,18.385714285714283,18.7,3.9,3.9,13.0,8.833333333333334,6.442857142857142,7.8428571428571425
2016-03-21,24.9,13.6,18.6,0.0,19.2,61,3,81,2,18.4,19.4,19.0,16.2,18.933333333333326,18.02857142857143,18.392857142857142,4.8,18.7,3.9,5.6,9.133333333333335,5.271428571428571,7.385714285714285
2016-03-22,26.3,12.7,19.0,0.0,17.4,55,3,82,2,18.6,18.4,19.4,17.3,18.799999999999997,18.37142857142857,18.4,0.0,4.8,18.7,0.0,7.833333333333333,4.471428571428571,7.385714285714286
2016-03-23,27.8,12.3,19.8,0.0,8.9,64,3,83,2,19.0,18.6,18.4,18.5,18.666666666666668,18.61428571428571,18.37142857142857,0.0,0.0,4.8,0.0,1.5999999999999999,4.471428571428571,7.385714285714286
2016-03-24,26.1,13.9,20.2,0.0,17.2,69,3,84,2,19.8,19.0,18.6,17.4,19.13333333333333,18.8,18.342857142857145,0.0,0.0,0.0,3.9,0.0,4.471428571428571,7.385714285714286
2016-03-25,25.2,16.6,20.6,0.2,24.3,63,3,85,2,20.2,19.8,19.0,19.0,19.666666666666668,19.2,18.25714285714286,0.0,0.0,0.0,3.9,0.0,3.914285714285714,7.385714285714286
2016-03-26,26.1,16.3,20.6,0.8,19.0,72,3,86,2,20.6,20.2,19.8,19.4,20.2,19.428571428571427,18.36428571428571,0.2,0.0,0.0,18.7,0.06666666666666667,3.3857142857142857,6.257142857142858
2016-03-27,28.3,14.8,21.5,0.0,10.3,66,3,87,2,20.6,20.6,20.2,18.4,20.466666666666665,19.599999999999998,18.63571428571429,0.8,0.2,0.0,4.8,0.3333333333333333,0.8285714285714285,3.635714285714286
2016-03-28,28.6,14.3,22.4,0.0,8.4,66,3,88,2,21.5,20.6,20.6,18.6,20.899999999999995,20.042857142857144,19.035714285714285,0.0,0.8,0.2,0.0,0.3333333333333333,0.14285714285714285,2.7071428571428577
2016-03-29,30.1,17.3,23.4,0.0,11.0,58,3,89,2,22.4,21.5,20.6,19.0,21.5,20.585714285714285,19.478571428571428,0.0,0.0,0.8,0.0,0.26666666666666666,0.14285714285714285,2.3071428571428574
2016-03-30,30.9,15.9,23.7,0.0,9.5,64,3,90,2,23.4,22.4,21.5,19.8,22.433333333333326,21.214285714285715,19.914285714285715,0.0,0.0,0.0,0.0,0.0,0.14285714285714285,2.3071428571428574
2016-03-31,30.1,17.8,23.9,0.0,12.0,65,3,91,2,23.7,23.4,22.4,20.2,23.16666666666666,21.77142857142857,20.285714285714285,0.0,0.0,0.0,0.0,0.0,0.14285714285714285,2.3071428571428574
2016-04-01,30.7,19.4,24.1,0.0,17.2,57,4,92,2,23.9,23.7,23.4,20.6,23.666666666666668,22.3,20.75,0.0,0.0,0.0,0.2,0.0,0.14285714285714285,2.028571428571429
2016-04-02,32.6,19.0,25.5,0.0,11.2,61,4,93,2,24.1,23.9,23.7,20.6,23.899999999999995,22.8,21.114285714285717,0.0,0.0,0.0,0.8,0.0,0.1142857142857143,1.7500000000000004
2016-04-03,31.1,20.2,24.6,0.0,19.4,61,4,94,2,25.5,24.1,23.9,21.5,24.5,23.5,21.55,0.0,0.0,0.0,0.0,0.0,0.0,0.41428571428571476
2016-04-04,30.5,19.5,24.3,0.1,19.9,61,4,95,2,24.6,25.5,24.1,22.4,24.73333333333333,23.942857142857147,21.992857142857144,0.0,0.0,0.0,0.0,0.0,0.0,0.07142857142857194
2016-04-05,30.9,18.3,24.6,0.0,8.6,54,4,96,2,24.3,24.6,25.5,23.4,24.799999999999997,24.214285714285715,22.4,0.1,0.0,0.0,0.0,0.03333333333333333,0.014285714285714287,0.07857142857142908
2016-04-06,26.2,17.7,21.8,0.0,24.5,58,4,97,2,24.6,24.3,24.6,23.7,24.5,24.385714285714283,22.8,0.0,0.1,0.0,0.0,0.03333333333333333,0.014285714285714287,0.07857142857142908
2016-04-07,30.1,17.0,22.9,2.3,12.6,54,4,98,2,21.8,24.6,24.3,23.9,23.566666666666663,24.114285714285717,22.942857142857143,0.0,0.0,0.1,0.0,0.03333333333333333,0.014285714285714287,0.07857142857142908
2016-04-08,30.5,15.1,22.7,1.5,9.8,58,4,99,2,22.9,21.8,24.6,24.1,23.099999999999998,23.97142857142857,23.135714285714283,2.3,0.0,0.0,0.0,0.7666666666666666,0.34285714285714286,0.24285714285714335
2016-04-09,28.2,18.5,23.3,0.0,18.6,53,4,100,2,22.7,22.9,21.8,25.5,22.466666666666665,23.771428571428572,23.285714285714285,1.5,2.3,0.0,0.0,1.2666666666666666,0.5571428571428572,0.3357142857142862
2016-04-10,29.2,17.7,23.1,0.5,18.2,54,4,101,2,23.3,22.7,22.9,24.6,22.966666666666665,23.45714285714286,23.478571428571428,0.0,1.5,2.3,0.0,1.2666666666666666,0.5571428571428572,0.2785714285714291
2016-04-11,28.0,17.2,22.8,0.3,10.9,61,4,102,2,23.1,23.3,22.7,24.3,23.03333333333333,23.242857142857144,23.592857142857145,0.5,0.0,1.5,0.1,0.6666666666666666,0.6285714285714287,0.31428571428571483
2016-04-12,31.7,18.0,24.5,0.0,17.0,49,4,103,2,22.8,23.1,23.3,24.6,23.066666666666663,23.028571428571432,23.621428571428574,0.3,0.5,0.0,0.0,0.26666666666666666,0.6571428571428573,0.33571428571428624
2016-04-13,33.3,18.5,26.0,0.0,15.4,46,4,104,2,24.5,22.8,23.1,21.8,23.466666666666665,23.014285714285716,23.7,0.0,0.3,0.5,0.0,0.26666666666666666,0.6571428571428573,0.33571428571428624
2016-04-14,35.0,17.7,26.6,0.0,10.6,46,4,105,2,26.0,24.5,22.8,22.9,24.433333333333334,23.614285714285717,23.864285714285717,0.0,0.0,0.3,2.3,0.09999999999999999,0.6571428571428573,0.33571428571428624
2016-04-15,36.3,19.5,28.1,0.0,10.6,44,4,106,2,26.6,26.0,24.5,22.7,25.7,24.142857142857142,24.057142857142857,0.0,0.0,0.0,1.5,0.0,0.32857142857142857,0.33571428571428624
2016-04-16,37.4,21.8,30.1,0.0,13.8,41,4,107,2,28.1,26.6,26.0,23.3,26.900000000000002,24.914285714285715,24.342857142857145,0.0,0.0,0.0,0.0,0.0,0.1142857142857143,0.33571428571428624
2016-04-17,33.9,24.5,28.8,0.5,32.6,42,4,108,2,30.1,28.1,26.6,23.1,28.266666666666666,25.885714285714283,24.671428571428574,0.0,0.0,0.0,0.5,0.0,0.1142857142857143,0.33571428571428624
2016-04-18,35.4,22.0,28.4,0.2,13.4,43,4,109,2,28.8,30.1,28.1,22.8,29.0,26.7,24.971428571428568,0.5,0.0,0.0,0.3,0.16666666666666666,0.1142857142857143,0.37142857142857194
2016-04-19,33.7,22.1,26.8,0.2,31.9,41,4,110,2,28.4,28.8,30.1,24.5,29.099999999999998,27.5,25.264285714285716,0.2,0.5,0.0,0.0,0.2333333333333333,0.09999999999999999,0.3785714285714291
2016-04-20,35.1,21.9,28.0,0.0,15.3,39,4,111,2,26.8,28.4,28.8,26.0,27.999999999999996,27.828571428571426,25.421428571428574,0.2,0.2,0.5,0.0,0.3,0.12857142857142856,0.39285714285714335
2016-04-21,36.0,21.1,28.1,0.5,15.9,36,4,112,2,28.0,26.8,28.4,26.6,27.73333333333333,28.11428571428571,25.864285714285717,0.0,0.2,0.2,0.0,0.13333333333333333,0.12857142857142856,0.39285714285714335
2016-04-22,33.5,21.9,27.4,0.0,19.4,33,4,113,2,28.1,28.0,26.8,28.1,27.63333333333333,28.32857142857143,26.235714285714288,0.5,0.0,0.2,0.0,0.2333333333333333,0.19999999999999998,0.2642857142857148
2016-04-23,33.0,17.5,25.8,0.0,13.0,31,4,114,2,27.4,28.1,28.0,30.1,27.833333333333332,28.228571428571428,26.571428571428577,0.0,0.5,0.0,0.0,0.16666666666666666,0.19999999999999998,0.15714285714285767
2016-04-24,33.7,17.5,26.1,0.0,12.3,26,4,115,2,25.8,27.4,28.1,28.8,27.099999999999998,27.614285714285717,26.75,0.0,0.0,0.5,0.5,0.16666666666666666,0.19999999999999998,0.15714285714285767
2016-04-25,35.4,18.2,27.6,0.0,10.2,27,4,116,2,26.1,25.8,27.4,28.4,26.433333333333326,27.228571428571428,26.964285714285715,0.0,0.0,0.0,0.2,0.0,0.12857142857142856,0.12142857142857193
2016-04-26,36.5,20.3,29.2,0.0,12.1,22,4,117,2,27.6,26.1,25.8,26.8,26.5,27.114285714285717,27.307142857142857,0.0,0.0,0.0,0.2,0.0,0.09999999999999999,0.1000000000000005
2016-04-27,37.2,21.2,29.0,1.3,14.0,24,4,118,2,29.2,27.6,26.1,28.0,27.63333333333333,27.45714285714286,27.642857142857142,0.0,0.0,0.0,0.0,0.0,0.07142857142857142,0.1000000000000005
2016-04-28,36.3,19.4,28.5,0.0,11.5,26,4,119,2,29.0,29.2,27.6,28.1,28.599999999999998,27.6,27.857142857142858,1.3,0.0,0.0,0.5,0.43333333333333335,0.2571428571428572,0.19285714285714337
2016-04-29,37.8,19.8,29.4,0.0,13.8,24,4,120,2,28.5,29.0,29.2,27.4,28.899999999999995,27.657142857142855,27.992857142857144,0.0,1.3,0.0,0.0,0.43333333333333335,0.18571428571428572,0.19285714285714337
2016-04-30,39.2,19.5,30.3,0.0,11.2,25,4,121,2,29.4,28.5,29.0,25.8,28.966666666666665,27.942857142857147,28.085714285714285,0.0,0.0,1.3,0.0,0.43333333333333335,0.18571428571428572,0.19285714285714337
2016-05-01,41.0,21.3,32.1,0.0,12.6,25,5,122,2,30.3,29.4,28.5,26.1,29.399999999999995,28.585714285714285,28.099999999999998,0.0,0.0,0.0,0.0,0.0,0.18571428571428572,0.19285714285714337
2016-05-02,42.1,22.4,33.4,0.0,13.2,23,5,123,2,32.1,30.3,29.4,27.6,30.599999999999994,29.442857142857147,28.33571428571429,0.0,0.0,0.0,0.0,0.0,0.18571428571428572,0.15714285714285767
2016-05-03,36.9,27.1,32.0,0.0,17.0,23,5,124,2,33.4,32.1,30.3,29.2,31.933333333333334,30.27142857142857,28.692857142857143,0.0,0.0,0.0,0.0,0.0,0.18571428571428572,0.14285714285714338
2016-05-04,35.0,21.8,28.1,1.9,16.9,43,5,125,2,32.0,33.4,32.1,29.0,32.5,30.67142857142857,29.064285714285713,0.0,0.0,0.0,1.3,0.0,0.18571428571428572,0.12857142857142909
2016-05-05,35.2,21.7,27.9,0.8,13.0,49,5,126,2,28.1,32.0,33.4,28.5,31.166666666666668,30.542857142857144,29.071428571428573,1.9,0.0,0.0,0.0,0.6333333333333333,0.2714285714285714,0.2642857142857148
2016-05-06,35.6,21.5,29.5,0.0,8.4,46,5,127,2,27.9,28.1,32.0,29.4,29.333333333333332,30.457142857142856,29.057142857142857,0.8,1.9,0.0,0.0,0.9,0.38571428571428573,0.2857142857142862
2016-05-07,38.2,22.8,31.0,0.0,9.4,37,5,128,2,29.5,27.9,28.1,30.3,28.5,30.471428571428568,29.207142857142856,0.0,0.8,1.9,0.0,0.9,0.38571428571428573,0.2857142857142862
2016-05-08,40.5,23.8,32.7,0.0,11.5,34,5,129,2,31.0,29.5,27.9,32.1,29.466666666666665,30.571428571428573,29.57857142857143,0.0,0.0,0.8,0.0,0.26666666666666666,0.38571428571428573,0.2857142857142862
2016-05-09,40.4,25.0,32.7,3.3,16.4,35,5,130,2,32.7,31.0,29.5,33.4,31.066666666666663,30.657142857142855,30.05,0.0,0.0,0.0,0.0,0.0,0.38571428571428573,0.2857142857142862
2016-05-10,39.7,26.8,33.1,0.0,18.8,36,5,131,2,32.7,32.7,31.0,32.0,32.13333333333333,30.557142857142857,30.41428571428571,3.3,0.0,0.0,0.0,1.0999999999999999,0.8571428571428571,0.5214285714285719
2016-05-11,36.8,27.1,32.1,0.0,10.9,39,5,132,2,33.1,32.7,32.7,28.1,32.833333333333336,30.714285714285715,30.692857142857143,0.0,3.3,0.0,1.9,1.0999999999999999,0.8571428571428571,0.5214285714285719
2016-05-12,38.1,25.9,31.1,2.6,13.8,47,5,133,2,32.1,33.1,32.7,27.9,32.63333333333333,31.285714285714285,30.914285714285715,0.0,0.0,3.3,0.8,1.0999999999999999,0.5857142857142856,0.4285714285714291
2016-05-13,38.8,23.8,31.3,1.0,20.3,43,5,134,2,31.1,32.1,33.1,29.5,32.1,31.742857142857144,31.099999999999998,2.6,0.0,0.0,0.0,0.8666666666666667,0.8428571428571429,0.6142857142857148
2016-05-14,39.5,24.9,32.3,0.0,12.6,34,5,135,2,31.3,31.1,32.1,31.0,31.5,32.00000000000001,31.235714285714288,1.0,2.6,0.0,0.0,1.2,0.9857142857142858,0.6857142857142862
2016-05-15,39.5,25.8,32.6,0.0,14.4,29,5,136,2,32.3,31.3,31.1,32.7,31.566666666666663,32.18571428571429,31.37857142857143,0.0,1.0,2.6,0.0,1.2,0.9857142857142858,0.6857142857142862
2016-05-16,40.3,24.6,32.5,0.0,12.1,28,5,137,2,32.6,32.3,31.3,32.7,32.06666666666666,32.17142857142857,31.414285714285715,0.0,0.0,1.0,3.3,0.3333333333333333,0.9857142857142858,0.6857142857142862
2016-05-17,41.9,23.2,33.5,0.0,15.1,25,5,138,2,32.5,32.6,32.3,33.1,32.46666666666667,32.142857142857146,31.35,0.0,0.0,0.0,0.0,0.0,0.5142857142857143,0.6857142857142862
2016-05-18,43.9,26.0,35.4,0.0,10.8,21,5,139,2,33.5,32.5,32.6,32.1,32.86666666666667,32.199999999999996,31.45714285714286,0.0,0.0,0.0,0.0,0.0,0.5142857142857143,0.6857142857142862
2016-05-19,44.0,25.7,35.4,0.0,15.7,24,5,140,2,35.4,33.5,32.5,31.1,33.800000000000004,32.67142857142857,31.978571428571428,0.0,0.0,0.0,2.6,0.0,0.5142857142857143,0.5500000000000005
2016-05-20,43.1,25.5,34.8,0.0,12.0,25,5,141,2,35.4,35.4,33.5,31.3,34.76666666666667,33.285714285714285,32.51428571428571,0.0,0.0,0.0,1.0,0.0,0.14285714285714285,0.4928571428571434
2016-05-21,44.0,24.3,35.2,0.0,11.0,29,5,142,2,34.8,35.4,35.4,32.3,35.199999999999996,33.785714285714285,32.892857142857146,0.0,0.0,0.0,0.0,0.0,0.0,0.4928571428571434
2016-05-22,42.9,26.8,34.9,1.8,21.6,32,5,143,2,35.2,34.8,35.4,32.6,35.13333333333333,34.2,33.19285714285714,0.0,0.0,0.0,0.0,0.0,0.0,0.4928571428571434
2016-05-23,41.0,26.9,33.2,3.0,21.4,40,5,144,2,34.9,35.2,34.8,32.5,34.96666666666666,34.528571428571425,33.35,1.8,0.0,0.0,0.0,0.6,0.2571428571428572,0.6214285714285719
2016-05-24,35.8,26.8,30.5,0.0,15.7,46,5,145,2,33.2,34.9,35.2,33.5,34.43333333333333,34.628571428571426,33.385714285714286,3.0,1.8,0.0,0.0,1.5999999999999999,0.6857142857142857,0.6000000000000005
2016-05-25,37.4,24.2,30.9,0.0,12.6,41,5,146,2,30.5,33.2,34.9,35.4,32.86666666666667,34.2,33.2,0.0,3.0,1.8,0.0,1.5999999999999999,0.6857142857142857,0.6000000000000005
2016-05-26,39.4,24.4,32.5,0.0,12.0,34,5,147,2,30.9,30.5,33.2,35.4,31.53333333333333,33.55714285714286,33.114285714285714,0.0,0.0,3.0,0.0,1.0,0.6857142857142857,0.6000000000000005
2016-05-27,40.7,26.0,34.1,0.0,11.2,33,5,148,2,32.5,30.9,30.5,34.8,31.3,33.142857142857146,33.214285714285715,0.0,0.0,0.0,0.0,0.0,0.6857142857142857,0.41428571428571487
2016-05-28,39.2,28.3,33.3,3.1,9.5,41,5,149,2,34.1,32.5,30.9,35.2,32.5,33.042857142857144,33.41428571428572,0.0,0.0,0.0,0.0,0.0,0.6857142857142857,0.3428571428571434
2016-05-29,39.3,26.4,32.8,1.5,17.0,41,5,150,2,33.3,34.1,32.5,34.9,33.3,32.771428571428565,33.48571428571429,3.1,0.0,0.0,1.8,1.0333333333333334,1.1285714285714286,0.5642857142857148
2016-05-30,36.1,26.1,31.2,0.1,13.4,49,5,151,2,32.8,33.3,34.1,33.2,33.4,32.471428571428575,33.5,1.5,3.1,0.0,3.0,1.5333333333333332,1.0857142857142856,0.6714285714285719
2016-05-31,38.9,24.1,32.3,0.0,9.7,43,5,152,2,31.2,32.8,33.3,30.5,32.43333333333333,32.18571428571428,33.40714285714286,0.1,1.5,3.1,0.0,1.5666666666666667,0.6714285714285715,0.678571428571429
2016-06-01,41.4,27.1,34.7,0.0,14.5,33,6,153,3,32.3,31.2,32.8,30.9,32.1,32.44285714285714,33.32142857142857,0.0,0.1,1.5,0.0,0.5333333333333333,0.6714285714285715,0.678571428571429
2016-06-02,42.0,29.3,35.7,0.0,15.9,30,6,154,3,34.7,32.3,31.2,32.5,32.733333333333334,32.98571428571428,33.27142857142857,0.0,0.0,0.1,0.0,0.03333333333333333,0.6714285714285715,0.678571428571429
2016-06-03,41.8,28.9,35.6,0.0,13.7,30,6,155,3,35.7,34.7,32.3,34.1,34.233333333333334,33.44285714285714,33.292857142857144,0.0,0.0,0.0,0.0,0.0,0.6714285714285715,0.678571428571429
2016-06-04,43.4,28.5,36.4,0.0,12.9,25,6,156,3,35.6,35.7,34.7,33.3,35.333333333333336,33.65714285714286,33.35,0.0,0.0,0.0,3.1,0.0,0.6714285714285715,0.678571428571429
2016-06-05,43.7,28.2,36.5,0.0,8.4,21,6,157,3,36.4,35.6,35.7,32.8,35.9,34.1,33.43571428571429,0.0,0.0,0.0,1.5,0.0,0.2285714285714286,0.678571428571429
2016-06-06,41.7,27.6,34.6,4.2,15.3,32,6,158,3,36.5,36.4,35.6,31.2,36.166666666666664,34.628571428571426,33.55,0.0,0.0,0.0,0.1,0.0,0.014285714285714287,0.5500000000000005
2016-06-07,41.4,27.8,33.9,2.2,22.7,37,6,159,3,34.6,36.5,36.4,32.3,35.833333333333336,35.114285714285714,33.65,4.2,0.0,0.0,0.0,1.4000000000000001,0.6,0.6357142857142862
2016-06-08,41.4,27.3,34.8,0.0,17.1,35,6,160,3,33.9,34.6,36.5,34.7,35.0,35.34285714285714,33.892857142857146,2.2,4.2,0.0,0.0,2.1333333333333333,0.9142857142857144,0.7928571428571435
2016-06-09,40.5,28.5,35.0,0.0,16.8,34,6,161,3,34.8,33.9,34.6,35.7,34.43333333333333,35.357142857142854,34.17142857142857,0.0,2.2,4.2,0.0,2.1333333333333333,0.9142857142857144,0.7928571428571435
2016-06-10,40.9,28.8,34.6,0.0,21.4,35,6,162,3,35.0,34.8,33.9,35.6,34.56666666666666,35.25714285714286,34.35,0.0,0.0,2.2,0.0,0.7333333333333334,0.9142857142857144,0.7928571428571435
2016-06-11,38.7,27.3,33.6,0.0,9.3,46,6,163,3,34.6,35.0,34.8,36.4,34.800000000000004,35.114285714285714,34.385714285714286,0.0,0.0,0.0,0.0,0.0,0.9142857142857144,0.7928571428571435
2016-06-12,40.0,29.2,34.8,0.0,7.4,42,6,164,3,33.6,34.6,35.0,36.5,34.4,34.714285714285715,34.40714285714286,0.0,0.0,0.0,0.0,0.0,0.9142857142857144,0.571428571428572
2016-06-13,41.0,29.5,35.4,1.2,11.3,39,6,165,3,34.8,33.6,34.6,34.6,34.333333333333336,34.471428571428575,34.55,0.0,0.0,0.0,4.2,0.0,0.9142857142857144,0.46428571428571486
2016-06-14,41.2,30.0,36.1,0.0,10.9,41,6,166,3,35.4,34.8,33.6,33.9,34.6,34.58571428571428,34.85,1.2,0.0,0.0,2.2,0.39999999999999997,0.48571428571428577,0.5428571428571434
2016-06-15,39.0,29.7,34.1,2.8,21.4,55,6,167,3,36.1,35.4,34.8,34.8,35.43333333333333,34.9,35.121428571428574,0.0,1.2,0.0,0.0,0.39999999999999997,0.17142857142857143,0.5428571428571434
2016-06-16,39.4,27.2,32.5,3.0,18.6,58,6,168,3,34.1,36.1,35.4,35.0,35.199999999999996,34.8,35.07857142857143,2.8,0.0,1.2,0.0,1.3333333333333333,0.5714285714285714,0.7428571428571434
2016-06-17,37.8,28.0,33.3,1.7,15.5,54,6,169,3,32.5,34.1,36.1,34.6,34.23333333333333,34.44285714285714,34.85,3.0,2.8,0.0,0.0,1.9333333333333333,1.0,0.9571428571428576
2016-06-18,40.0,29.3,34.4,0.0,13.9,49,6,170,3,33.3,32.5,34.1,33.6,33.300000000000004,34.25714285714285,34.68571428571428,1.7,3.0,2.8,0.0,2.5,1.2428571428571427,1.078571428571429
2016-06-19,38.6,30.2,34.3,0.1,12.8,53,6,171,3,34.4,33.3,32.5,34.8,33.4,34.371428571428574,34.542857142857144,0.0,1.7,3.0,0.0,1.5666666666666667,1.2428571428571427,1.078571428571429
2016-06-20,38.8,30.7,34.4,0.2,15.1,53,6,172,3,34.3,34.4,33.3,35.4,33.99999999999999,34.300000000000004,34.385714285714286,0.1,0.0,1.7,1.2,0.6,1.2571428571428573,1.0857142857142863
2016-06-21,37.2,26.7,32.4,3.3,18.9,62,6,173,3,34.4,34.3,34.4,36.1,34.36666666666667,34.15714285714286,34.371428571428574,0.2,0.1,0.0,0.0,0.10000000000000002,1.1142857142857143,0.8000000000000005
2016-06-22,34.6,25.5,30.9,9.4,19.4,68,6,174,3,32.4,34.4,34.3,34.1,33.699999999999996,33.628571428571426,34.26428571428571,3.3,0.2,0.1,2.8,1.2,1.5857142857142856,0.8785714285714291
2016-06-23,38.1,27.2,32.8,0.0,8.8,58,6,175,3,30.9,32.4,34.4,32.5,32.56666666666666,33.17142857142857,33.98571428571428,9.4,3.3,0.2,3.0,4.3,2.528571428571429,1.5500000000000005
2016-06-24,39.9,29.0,34.7,0.0,9.8,49,6,176,3,32.8,30.9,32.4,33.3,32.03333333333333,33.21428571428571,33.82857142857143,0.0,9.4,3.3,1.7,4.233333333333333,2.1,1.5500000000000005
2016-06-25,40.8,29.5,35.8,0.0,12.7,47,6,177,3,34.7,32.8,30.9,34.4,32.800000000000004,33.41428571428572,33.83571428571428,0.0,0.0,9.4,0.0,3.1333333333333333,1.8571428571428572,1.5500000000000005
2016-06-26,39.1,31.2,35.2,0.0,16.5,51,6,178,3,35.8,34.7,32.8,34.3,34.43333333333333,33.614285714285714,33.99285714285714,0.0,0.0,0.0,0.1,0.0,1.8571428571428572,1.5500000000000005
2016-06-27,37.2,26.5,33.0,6.7,14.0,63,6,179,3,35.2,35.8,34.7,34.4,35.23333333333334,33.74285714285715,34.021428571428565,0.0,0.0,0.0,0.2,0.0,1.842857142857143,1.5500000000000005
2016-06-28,35.0,27.1,31.2,10.7,10.7,71,6,180,3,33.0,35.2,35.8,32.4,34.666666666666664,33.542857142857144,33.85,6.7,0.0,0.0,3.3,2.2333333333333334,2.771428571428572,1.9428571428571433
2016-06-29,37.8,29.8,33.9,0.1,9.3,59,6,181,3,31.2,33.0,35.2,30.9,33.13333333333333,33.371428571428574,33.5,10.7,6.7,0.0,9.4,5.8,3.8285714285714287,2.7071428571428577
2016-06-30,39.5,28.9,34.9,1.2,9.7,55,6,182,3,33.9,31.2,33.0,32.8,32.699999999999996,33.8,33.48571428571429,0.1,10.7,6.7,0.0,5.833333333333333,2.5,2.514285714285715
2016-07-01,39.8,29.0,34.3,1.5,15.1,61,7,183,3,34.9,33.9,31.2,34.7,33.333333333333336,34.1,33.65714285714286,1.2,0.1,10.7,0.0,4.0,2.6714285714285713,2.3857142857142857
2016-07-02,33.2,25.7,28.8,15.6,17.9,80,7,184,3,34.3,34.9,33.9,35.8,34.36666666666667,34.04285714285714,33.72857142857143,1.5,1.2,0.1,0.0,0.9333333333333332,2.885714285714286,2.3714285714285714
2016-07-03,30.8,24.7,27.5,18.0,14.5,83,7,185,3,28.8,34.3,34.9,35.2,32.666666666666664,33.042857142857144,33.32857142857143,15.6,1.5,1.2,0.0,6.1000000000000005,5.114285714285715,3.485714285714286
2016-07-04,35.8,25.9,31.1,1.0,9.0,67,7,186,3,27.5,28.8,34.3,33.0,30.2,31.942857142857143,32.84285714285714,18.0,15.6,1.5,6.7,11.700000000000001,7.685714285714286,4.764285714285714
2016-07-05,37.1,27.8,32.6,0.4,11.3,65,7,187,3,31.1,27.5,28.8,31.2,29.133333333333336,31.67142857142857,32.607142857142854,1.0,18.0,15.6,10.7,11.533333333333333,6.871428571428572,4.821428571428571
2016-07-06,36.3,25.8,31.5,7.5,12.3,68,7,188,3,32.6,31.1,27.5,33.9,30.400000000000002,31.871428571428574,32.621428571428574,0.4,1.0,18.0,0.1,6.466666666666666,5.4,4.614285714285715
2016-07-07,34.5,27.1,30.6,11.7,8.4,74,7,189,3,31.5,32.6,31.1,34.9,31.733333333333334,31.52857142857143,32.66428571428572,7.5,0.4,1.0,1.2,2.966666666666667,6.457142857142857,4.478571428571429
2016-07-08,37.6,27.6,33.0,0.0,6.6,65,7,190,3,30.6,31.5,32.6,34.3,31.566666666666663,30.914285714285715,32.50714285714286,11.7,7.5,0.4,1.5,6.533333333333334,7.957142857142857,5.314285714285715
2016-07-09,33.6,26.9,30.5,10.6,16.5,74,7,191,3,33.0,30.6,31.5,28.8,31.7,30.72857142857143,32.385714285714286,0.0,11.7,7.5,15.6,6.400000000000001,7.742857142857143,5.314285714285715
2016-07-10,35.2,27.2,31.4,0.0,9.6,71,7,192,3,30.5,33.0,30.6,27.5,31.366666666666664,30.97142857142857,32.00714285714286,10.6,0.0,11.7,18.0,7.433333333333333,7.028571428571429,6.071428571428571
2016-07-11,36.1,27.9,31.9,1.7,9.1,68,7,193,3,31.4,30.5,33.0,31.1,31.633333333333336,31.52857142857143,31.735714285714288,0.0,10.6,0.0,1.0,3.533333333333333,4.457142857142857,6.071428571428571
2016-07-12,36.0,27.8,31.3,1.0,16.9,70,7,194,3,31.9,31.4,30.5,32.6,31.266666666666666,31.642857142857142,31.657142857142862,1.7,0.0,10.6,0.4,4.1,4.557142857142857,5.714285714285714
2016-07-13,36.2,28.1,31.9,0.5,10.1,69,7,195,3,31.3,31.9,31.4,31.5,31.53333333333333,31.457142857142856,31.66428571428571,1.0,1.7,0.0,7.5,0.9,4.642857142857143,5.021428571428572
2016-07-14,34.5,27.8,31.5,5.7,9.7,74,7,196,3,31.9,31.3,31.9,30.6,31.7,31.514285714285712,31.521428571428572,0.5,1.0,1.7,11.7,1.0666666666666667,3.642857142857143,5.05
2016-07-15,33.8,26.0,29.7,11.5,9.7,78,7,197,3,31.5,31.9,31.3,33.0,31.566666666666666,31.642857142857142,31.278571428571432,5.7,0.5,1.0,0.0,2.4,2.7857142857142856,5.371428571428572
2016-07-16,32.6,27.2,29.3,6.7,11.8,81,7,198,3,29.7,31.5,31.9,30.5,31.03333333333333,31.17142857142857,30.95,11.5,5.7,0.5,10.6,5.8999999999999995,4.428571428571429,6.085714285714286
2016-07-17,33.3,25.7,29.0,4.8,12.3,80,7,199,3,29.3,29.7,31.5,31.4,30.166666666666668,31.0,30.985714285714288,6.7,11.5,5.7,0.0,7.966666666666666,3.871428571428571,5.450000000000001
2016-07-18,32.7,25.5,28.8,3.9,11.9,81,7,200,3,29.0,29.3,29.7,31.9,29.333333333333332,30.657142857142862,31.092857142857145,4.8,6.7,11.5,1.7,7.666666666666667,4.557142857142858,4.507142857142858
2016-07-19,34.4,25.5,29.9,3.7,6.2,73,7,201,3,28.8,29.0,29.3,31.3,29.03333333333333,30.214285714285715,30.928571428571427,3.9,4.8,6.7,1.0,5.133333333333334,4.871428571428572,4.714285714285714
2016-07-20,36.9,27.1,32.3,0.0,8.4,64,7,202,3,29.9,28.8,29.0,31.9,29.233333333333334,30.014285714285712,30.735714285714288,3.7,3.9,4.8,0.5,4.133333333333333,5.257142857142857,4.95
2016-07-21,36.6,28.9,32.8,0.4,13.0,67,7,203,3,32.3,29.9,28.8,31.5,30.333333333333332,30.071428571428573,30.792857142857144,0.0,3.7,3.9,5.7,2.533333333333333,5.185714285714285,4.4142857142857155
2016-07-22,35.8,25.3,30.7,11.0,15.2,73,7,204,3,32.8,32.3,29.9,29.7,31.666666666666668,30.257142857142856,30.949999999999996,0.4,0.0,3.7,11.5,1.366666666666667,4.428571428571429,3.6071428571428577
2016-07-23,32.5,25.8,29.2,28.2,19.0,79,7,205,3,30.7,32.8,32.3,29.3,31.933333333333326,30.4,30.785714285714285,11.0,0.4,0.0,6.7,3.8000000000000003,4.357142857142857,4.392857142857143
2016-07-24,33.5,25.2,29.5,5.5,10.9,77,7,206,3,29.2,30.7,32.8,29.0,30.899999999999995,30.385714285714283,30.692857142857143,28.2,11.0,0.4,4.8,13.200000000000001,7.428571428571429,5.6499999999999995
2016-07-25,33.9,26.3,30.6,3.1,12.6,75,7,207,3,29.5,29.2,30.7,28.8,29.8,30.457142857142856,30.557142857142857,5.5,28.2,11.0,3.9,14.9,7.528571428571429,6.042857142857143
2016-07-26,33.7,25.3,30.0,11.6,15.6,80,7,208,3,30.6,29.5,29.2,29.9,29.766666666666666,30.714285714285715,30.464285714285715,3.1,5.5,28.2,3.7,12.266666666666666,7.414285714285714,6.142857142857143
2016-07-27,28.6,24.4,26.1,47.2,20.5,91,7,209,3,30.0,30.6,29.5,32.3,30.03333333333333,30.728571428571428,30.371428571428574,11.6,3.1,5.5,0.0,6.733333333333332,8.542857142857143,6.8999999999999995
2016-07-28,31.3,24.5,27.3,11.4,7.8,85,7,210,3,26.1,30.0,30.6,32.8,28.900000000000002,29.842857142857145,29.957142857142856,47.2,11.6,3.1,0.4,20.633333333333333,15.285714285714286,10.235714285714286
2016-07-29,33.4,24.7,28.9,3.0,7.7,81,7,211,3,27.3,26.1,30.0,30.7,27.8,29.057142857142857,29.657142857142855,11.4,47.2,11.6,11.0,23.400000000000002,16.857142857142858,10.642857142857142
2016-07-30,32.4,25.9,28.9,3.4,11.2,81,7,212,3,28.9,27.3,26.1,29.2,27.433333333333334,28.800000000000004,29.599999999999998,3.0,11.4,47.2,28.2,20.533333333333335,15.714285714285714,10.035714285714286
2016-07-31,33.4,25.9,29.4,2.8,9.2,80,7,213,3,28.9,28.9,27.3,29.5,28.366666666666664,28.757142857142856,29.571428571428573,3.4,3.0,11.4,5.5,5.933333333333334,12.171428571428573,9.799999999999999
2016-08-01,33.6,25.8,29.6,4.1,13.5,78,8,214,3,29.4,28.9,28.9,30.6,29.066666666666666,28.74285714285714,29.599999999999998,2.8,3.4,3.0,3.1,3.0666666666666664,11.785714285714283,9.657142857142858
2016-08-02,31.5,26.5,28.3,3.0,16.1,83,8,215,3,29.6,29.4,28.9,30.0,29.299999999999997,28.599999999999998,29.657142857142855,4.1,2.8,3.4,11.6,3.433333333333333,11.928571428571429,9.671428571428573
2016-08-03,33.5,25.0,29.1,7.9,9.4,76,8,216,3,28.3,29.6,29.4,26.1,29.100000000000005,28.357142857142858,29.542857142857144,3.0,4.1,2.8,47.2,3.2999999999999994,10.700000000000001,9.621428571428572
2016-08-04,35.0,27.2,31.3,0.0,8.2,74,8,217,3,29.1,28.3,29.6,27.3,29.0,28.785714285714285,29.314285714285713,7.9,3.0,4.1,11.4,5.0,5.085714285714286,10.185714285714287
2016-08-05,35.0,28.4,31.8,0.0,7.2,73,8,218,3,31.3,29.1,28.3,28.9,29.566666666666666,29.357142857142858,29.20714285714286,0.0,7.9,3.0,3.0,3.6333333333333333,3.4571428571428577,10.157142857142858
2016-08-06,32.1,27.4,29.3,8.7,17.1,85,8,219,3,31.8,31.3,29.1,28.9,30.733333333333334,29.77142857142857,29.285714285714285,0.0,0.0,7.9,3.4,2.6333333333333333,3.028571428571429,9.371428571428572
2016-08-07,28.2,25.2,26.4,24.5,14.1,91,8,220,3,29.3,31.8,31.3,29.4,30.8,29.82857142857143,29.292857142857144,8.7,0.0,0.0,2.8,2.9,3.7857142857142856,7.978571428571429
2016-08-08,32.9,25.3,28.7,1.2,8.3,81,8,221,3,26.4,29.3,31.8,29.6,29.166666666666668,29.400000000000002,29.071428571428573,24.5,8.7,0.0,4.1,11.066666666666668,6.885714285714286,9.335714285714285
2016-08-09,33.1,26.1,29.3,5.6,6.4,83,8,222,3,28.7,26.4,29.3,28.3,28.133333333333336,29.271428571428572,28.935714285714283,1.2,24.5,8.7,3.0,11.466666666666667,6.471428571428572,9.200000000000001
2016-08-10,31.4,25.5,28.2,8.6,11.8,85,8,223,3,29.3,28.7,26.4,29.1,28.133333333333336,29.414285714285715,28.88571428571429,5.6,1.2,24.5,7.9,10.433333333333334,6.8428571428571425,8.77142857142857
2016-08-11,32.0,24.4,27.6,6.9,10.9,86,8,224,3,28.2,29.3,28.7,31.3,28.73333333333333,29.285714285714285,29.035714285714285,8.6,5.6,1.2,0.0,5.133333333333333,6.942857142857142,6.014285714285713
2016-08-12,32.2,25.3,28.5,3.2,9.0,82,8,225,3,27.6,28.2,29.3,31.8,28.366666666666664,28.75714285714286,29.057142857142857,6.9,8.6,5.6,0.0,7.033333333333334,7.928571428571429,5.692857142857142
2016-08-13,33.9,26.3,30.1,0.3,5.6,79,8,226,3,28.5,27.6,28.2,29.3,28.100000000000005,28.285714285714285,29.028571428571432,3.2,6.9,8.6,8.7,6.233333333333333,8.385714285714284,5.707142857142856
2016-08-14,34.7,27.4,30.6,0.7,9.4,76,8,227,3,30.1,28.5,27.6,26.4,28.733333333333334,28.400000000000002,29.11428571428571,0.3,3.2,6.9,24.5,3.466666666666667,7.185714285714286,5.485714285714286
2016-08-15,33.5,24.9,29.5,5.7,8.2,78,8,228,3,30.6,30.1,28.5,28.7,29.733333333333334,29.0,29.2,0.7,0.3,3.2,1.2,1.4000000000000001,3.785714285714286,5.335714285714286
2016-08-16,34.3,26.2,30.4,0.0,6.4,76,8,229,3,29.5,30.6,30.1,29.3,30.066666666666666,29.114285714285717,29.192857142857143,5.7,0.7,0.3,5.6,2.2333333333333334,4.428571428571429,5.45
2016-08-17,34.7,25.8,30.1,3.0,14.0,77,8,230,3,30.4,29.5,30.6,28.2,30.166666666666668,29.271428571428572,29.342857142857138,0.0,5.7,0.7,8.6,2.1333333333333333,3.628571428571429,5.235714285714286
2016-08-18,33.5,25.1,29.2,0.0,9.4,77,8,231,3,30.1,30.4,29.5,27.6,30.0,29.542857142857144,29.414285714285715,3.0,0.0,5.7,6.9,2.9,2.828571428571429,4.885714285714286
2016-08-19,35.3,26.4,31.0,0.0,8.1,69,8,232,3,29.2,30.1,30.4,28.5,29.900000000000002,29.77142857142857,29.264285714285712,0.0,3.0,0.0,3.2,1.0,1.8428571428571434,4.885714285714286
2016-08-20,35.4,28.3,31.3,0.1,15.8,74,8,233,3,31.0,29.2,30.1,30.1,30.099999999999998,30.128571428571426,29.207142857142856,0.0,0.0,3.0,0.3,1.0,1.3857142857142861,4.885714285714286
2016-08-21,34.7,26.5,30.4,0.9,9.5,75,8,234,3,31.3,31.0,29.2,30.6,30.5,30.3,29.349999999999998,0.1,0.0,0.0,0.7,0.03333333333333333,1.3571428571428577,4.271428571428571
2016-08-22,34.3,27.6,30.9,0.6,11.0,76,8,235,3,30.4,31.3,31.0,29.5,30.899999999999995,30.271428571428572,29.635714285714283,0.9,0.1,0.0,5.7,0.3333333333333333,1.3857142857142863,2.585714285714286
2016-08-23,33.6,25.0,29.1,9.2,15.3,80,8,236,3,30.9,30.4,31.3,30.4,30.866666666666664,30.47142857142857,29.792857142857144,0.6,0.9,0.1,0.0,0.5333333333333333,0.6571428571428576,2.5428571428571423
2016-08-24,32.6,26.2,28.8,8.6,11.4,84,8,237,3,29.1,30.9,30.4,30.1,30.133333333333336,30.285714285714285,29.77857142857143,9.2,0.6,0.9,3.0,3.5666666666666664,1.9714285714285718,2.8
2016-08-25,30.2,25.7,27.5,3.5,6.4,83,8,238,3,28.8,29.1,30.9,29.2,29.599999999999998,30.099999999999998,29.821428571428573,8.6,9.2,0.6,0.0,6.133333333333333,2.771428571428572,2.8000000000000003
2016-08-26,33.3,25.4,29.3,0.2,6.4,77,8,239,3,27.5,28.8,29.1,31.0,28.46666666666667,29.857142857142858,29.814285714285713,3.5,8.6,9.2,0.0,7.1000000000000005,3.271428571428572,2.557142857142857
2016-08-27,28.8,24.7,26.8,23.6,20.1,88,8,240,3,29.3,27.5,28.8,31.3,28.53333333333333,29.614285714285717,29.87142857142857,0.2,3.5,8.6,0.1,4.1,3.3000000000000003,2.3428571428571425
2016-08-28,31.7,25.2,28.1,0.0,8.2,80,8,241,3,26.8,29.3,27.5,30.4,27.86666666666667,28.97142857142857,29.63571428571429,23.6,0.2,3.5,0.9,9.1,6.6571428571428575,4.007142857142857
2016-08-29,31.9,25.1,27.9,6.0,13.1,80,8,242,3,28.1,26.8,29.3,30.9,28.066666666666666,28.642857142857142,29.457142857142856,0.0,23.6,0.2,0.6,7.933333333333334,6.528571428571429,3.957142857142857
2016-08-30,31.7,23.7,27.5,4.7,6.9,84,8,243,3,27.9,28.1,26.8,29.1,27.599999999999998,28.21428571428572,29.342857142857145,6.0,0.0,23.6,9.2,9.866666666666667,7.3,3.9785714285714286
2016-08-31,32.5,23.1,28.0,3.1,10.9,81,8,244,3,27.5,27.9,28.1,28.8,27.833333333333332,27.985714285714288,29.13571428571429,4.7,6.0,0.0,8.6,3.5666666666666664,6.657142857142858,4.314285714285715
2016-09-01,32.1,24.5,28.2,3.0,12.7,79,9,245,4,28.0,27.5,27.9,27.5,27.799999999999997,27.871428571428574,28.985714285714288,3.1,4.7,6.0,3.5,4.6000000000000005,5.871428571428572,4.321428571428571
2016-09-02,32.0,24.1,28.0,0.0,7.7,77,9,246,4,28.2,28.0,27.5,29.3,27.900000000000002,27.97142857142857,28.914285714285715,3.0,3.1,4.7,0.2,3.6,5.8,4.535714285714286
2016-09-03,33.5,23.4,28.7,0.0,8.6,72,9,247,4,28.0,28.2,28.0,26.8,28.066666666666666,27.785714285714285,28.7,0.0,3.0,3.1,23.6,2.033333333333333,5.771428571428571,4.535714285714286
2016-09-04,33.6,24.7,29.2,0.0,8.1,72,9,248,4,28.7,28.0,28.2,28.1,28.3,28.057142857142853,28.514285714285712,0.0,0.0,3.0,0.0,1.0,2.400000000000001,4.5285714285714285
2016-09-05,33.9,25.3,29.4,0.6,10.3,75,9,249,4,29.2,28.7,28.0,27.9,28.633333333333336,28.214285714285715,28.428571428571427,0.0,0.0,0.0,6.0,0.0,2.400000000000001,4.464285714285714
2016-09-06,33.8,24.9,29.3,1.0,6.4,75,9,250,4,29.4,29.2,28.7,27.5,29.099999999999998,28.428571428571427,28.321428571428573,0.6,0.0,0.0,4.7,0.19999999999999998,1.6285714285714292,4.464285714285714
2016-09-07,34.5,25.9,30.1,0.1,8.0,72,9,251,4,29.3,29.4,29.2,28.0,29.299999999999997,28.685714285714283,28.33571428571429,1.0,0.6,0.0,3.1,0.5333333333333333,1.1000000000000005,3.8785714285714286
2016-09-08,34.6,27.1,30.6,0.0,9.3,67,9,252,4,30.1,29.3,29.4,28.2,29.599999999999998,28.985714285714284,28.428571428571427,0.1,1.0,0.6,3.0,0.5666666666666668,0.6714285714285718,3.271428571428572
2016-09-09,34.9,26.1,30.7,0.0,8.4,66,9,253,4,30.6,30.1,29.3,28.0,30.0,29.32857142857143,28.650000000000002,0.0,0.1,1.0,0.0,0.3666666666666667,0.24285714285714335,3.0214285714285714
2016-09-10,34.6,26.3,30.6,0.0,7.3,63,9,254,4,30.7,30.6,30.1,28.7,30.46666666666667,29.714285714285715,28.75,0.0,0.0,0.1,0.0,0.033333333333333375,0.24285714285714335,3.007142857142857
2016-09-11,34.2,26.5,29.7,0.5,11.0,73,9,255,4,30.6,30.7,30.6,29.2,30.633333333333336,29.985714285714288,29.021428571428572,0.0,0.0,0.0,0.0,0.0,0.24285714285714335,1.3214285714285714
2016-09-12,32.3,23.9,28.1,4.8,12.3,77,9,256,4,29.7,30.6,30.7,29.4,30.333333333333332,30.057142857142857,29.13571428571429,0.5,0.0,0.0,0.6,0.1666666666666667,0.31428571428571483,1.3571428571428572
2016-09-13,33.6,24.8,28.7,3.1,15.9,74,9,257,4,28.1,29.7,30.6,29.3,29.46666666666667,29.87142857142857,29.15,4.8,0.5,0.0,1.0,1.7666666666666666,0.9142857142857148,1.2714285714285716
2016-09-14,31.4,24.3,27.9,3.1,10.7,75,9,258,4,28.7,28.1,29.7,30.1,28.833333333333332,29.785714285714285,29.235714285714288,3.1,4.8,0.5,0.1,2.8000000000000003,1.2142857142857149,1.157142857142857
2016-09-15,33.7,23.6,28.7,0.0,8.2,72,9,259,4,27.9,28.7,28.1,30.6,28.23333333333333,29.47142857142857,29.228571428571428,3.1,3.1,4.8,0.0,3.6666666666666665,1.6428571428571435,1.157142857142857
2016-09-16,34.9,24.6,29.5,0.0,7.7,69,9,260,4,28.7,27.9,28.7,30.7,28.433333333333334,29.199999999999996,29.264285714285712,0.0,3.1,3.1,0.0,2.066666666666667,1.6428571428571435,0.9428571428571428
2016-09-17,34.6,25.0,29.7,0.5,7.4,69,9,261,4,29.5,28.7,27.9,30.6,28.7,29.02857142857143,29.37142857142857,0.0,0.0,3.1,0.0,1.0333333333333334,1.6428571428571435,0.9428571428571428
2016-09-18,34.3,25.8,30.0,0.0,8.4,71,9,262,4,29.7,29.5,28.7,29.7,29.3,28.900000000000002,29.442857142857143,0.5,0.0,0.0,0.5,0.16666666666666666,1.7142857142857149,0.9785714285714285
2016-09-19,34.2,26.5,30.2,0.0,10.9,68,9,263,4,30.0,29.7,29.5,28.1,29.73333333333333,28.942857142857143,29.5,0.0,0.5,0.0,4.8,0.16666666666666666,1.6428571428571435,0.9785714285714285
2016-09-20,34.6,26.0,30.3,0.0,9.3,67,9,264,4,30.2,30.0,29.7,28.7,29.966666666666665,29.24285714285714,29.557142857142857,0.0,0.0,0.5,3.1,0.16666666666666666,0.9571428571428576,0.9357142857142857
2016-09-21,34.6,26.4,30.4,0.0,19.5,65,9,265,4,30.3,30.2,30.0,27.9,30.166666666666668,29.47142857142857,29.628571428571426,0.0,0.0,0.0,3.1,0.0,0.5142857142857148,0.8642857142857142
2016-09-22,31.7,24.6,27.8,3.1,12.8,79,9,266,4,30.4,30.3,30.2,28.7,30.3,29.82857142857143,29.650000000000002,0.0,0.0,0.0,0.0,0.0,0.07142857142857194,0.8571428571428571
2016-09-23,31.6,22.4,26.8,2.8,13.3,77,9,267,4,27.8,30.4,30.3,29.5,29.5,29.7,29.45,3.1,0.0,0.0,0.0,1.0333333333333334,0.5142857142857148,1.0785714285714285
2016-09-24,32.1,23.7,27.7,0.4,9.8,74,9,268,4,26.8,27.8,30.4,29.7,28.333333333333332,29.314285714285717,29.17142857142857,2.8,3.1,0.0,0.5,1.9666666666666668,0.9142857142857148,1.2785714285714285
2016-09-25,32.6,23.7,28.1,0.0,9.0,71,9,269,4,27.7,26.8,27.8,30.0,27.433333333333334,29.02857142857143,28.964285714285715,0.4,2.8,3.1,0.0,2.1,0.9000000000000005,1.3071428571428572
2016-09-26,32.5,24.2,28.5,0.0,14.3,71,9,270,4,28.1,27.7,26.8,30.2,27.533333333333335,28.757142857142856,28.849999999999998,0.0,0.4,2.8,0.0,1.0666666666666667,0.9000000000000005,1.2714285714285716
2016-09-27,32.0,24.9,28.0,0.0,14.3,75,9,271,4,28.5,28.1,27.7,30.3,28.099999999999998,28.514285714285712,28.87857142857143,0.0,0.0,0.4,0.0,0.13333333333333333,0.9000000000000005,0.9285714285714286
2016-09-28,33.1,24.8,29.0,0.2,9.7,73,9,272,4,28.0,28.5,28.1,30.4,28.2,28.185714285714283,28.828571428571426,0.0,0.0,0.0,0.0,0.0,0.9000000000000005,0.7071428571428572
2016-09-29,33.1,25.3,29.2,0.0,17.4,71,9,273,4,29.0,28.0,28.5,27.8,28.5,27.985714285714284,28.907142857142855,0.2,0.0,0.0,3.1,0.06666666666666667,0.928571428571429,0.5
2016-09-30,34.3,25.4,29.7,0.0,11.8,69,9,274,4,29.2,29.0,28.0,26.8,28.733333333333334,28.185714285714287,28.942857142857143,0.0,0.2,0.0,2.8,0.06666666666666667,0.4857142857142862,0.5
2016-10-01,35.5,25.2,30.4,0.0,7.9,64,10,275,4,29.7,29.2,29.0,27.7,29.3,28.599999999999998,28.95714285714286,0.0,0.0,0.2,0.4,0.06666666666666667,0.08571428571428623,0.5
2016-10-02,34.7,25.2,30.1,0.0,6.7,67,10,276,4,30.4,29.7,29.2,28.1,29.766666666666666,28.985714285714288,29.00714285714286,0.0,0.0,0.0,0.0,0.0,0.02857142857142908,0.4642857142857143
2016-10-03,35.7,25.6,30.4,0.0,9.7,65,10,277,4,30.1,30.4,29.7,28.5,30.066666666666666,29.271428571428572,29.014285714285716,0.0,0.0,0.0,0.0,0.0,0.02857142857142908,0.4642857142857143
2016-10-04,35.4,26.3,30.4,0.5,10.5,63,10,278,4,30.4,30.1,30.4,28.0,30.299999999999997,29.542857142857144,29.02857142857143,0.0,0.0,0.0,0.0,0.0,0.02857142857142908,0.4642857142857143
2016-10-05,34.1,25.5,29.0,0.9,10.0,65,10,279,4,30.4,30.4,30.1,29.0,30.3,29.88571428571429,29.035714285714285,0.5,0.0,0.0,0.2,0.16666666666666666,0.1000000000000005,0.5
2016-10-06,33.0,24.8,28.4,0.3,6.5,67,10,280,4,29.0,30.4,30.4,29.2,29.933333333333334,29.88571428571429,28.935714285714283,0.9,0.5,0.0,0.0,0.4666666666666666,0.20000000000000054,0.5642857142857143
2016-10-07,34.1,23.1,28.4,0.0,11.1,61,10,281,4,28.4,29.0,30.4,29.7,29.266666666666666,29.77142857142857,28.978571428571428,0.3,0.9,0.5,0.0,0.5666666666666667,0.24285714285714338,0.3642857142857143
2016-10-08,33.6,21.9,27.6,0.2,10.0,58,10,282,4,28.4,28.4,29.0,30.4,28.599999999999998,29.585714285714285,29.092857142857145,0.0,0.3,0.9,0.0,0.39999999999999997,0.24285714285714338,0.16428571428571428
2016-10-09,33.6,20.5,26.4,0.7,11.5,60,10,283,4,27.6,28.4,28.4,30.1,28.13333333333333,29.185714285714283,29.085714285714285,0.2,0.0,0.3,0.0,0.16666666666666666,0.27142857142857196,0.15
2016-10-10,33.4,18.7,26.2,0.0,9.0,50,10,284,4,26.4,27.6,28.4,30.4,27.46666666666667,28.657142857142855,28.964285714285715,0.7,0.2,0.0,0.0,0.3,0.37142857142857194,0.19999999999999998
2016-10-11,33.4,20.9,26.5,0.0,9.2,47,10,285,4,26.2,26.4,27.6,30.4,26.73333333333333,28.057142857142853,28.8,0.0,0.7,0.2,0.5,0.3,0.37142857142857194,0.19999999999999998
2016-10-12,33.7,19.3,26.4,0.0,9.5,54,10,286,4,26.5,26.2,26.4,29.0,26.366666666666664,27.5,28.692857142857143,0.0,0.0,0.7,0.9,0.2333333333333333,0.30000000000000054,0.19999999999999998
2016-10-13,33.9,18.6,26.3,0.0,8.4,53,10,287,4,26.4,26.5,26.2,28.4,26.366666666666664,27.128571428571426,28.50714285714286,0.0,0.0,0.0,0.3,0.0,0.17142857142857196,0.1857142857142857
2016-10-14,33.7,19.4,26.1,0.0,11.2,48,10,288,4,26.3,26.4,26.5,28.4,26.400000000000002,26.82857142857143,28.3,0.0,0.0,0.0,0.0,0.0,0.12857142857142909,0.1857142857142857
2016-10-15,33.9,18.4,25.9,0.0,11.2,49,10,289,4,26.1,26.3,26.4,27.6,26.266666666666666,26.5,28.04285714285714,0.0,0.0,0.0,0.2,0.0,0.12857142857142909,0.1857142857142857
2016-10-16,32.9,19.2,26.0,0.0,9.0,52,10,290,4,25.9,26.1,26.3,26.4,26.099999999999998,26.25714285714286,27.721428571428568,0.0,0.0,0.0,0.7,0.0,0.10000000000000052,0.1857142857142857
2016-10-17,32.8,17.6,25.4,0.0,9.7,53,10,291,4,26.0,25.9,26.1,26.2,26.0,26.2,27.428571428571423,0.0,0.0,0.0,0.0,0.0,0.0,0.1857142857142857
2016-10-18,32.5,19.1,25.7,0.0,8.7,52,10,292,4,25.4,26.0,25.9,26.5,25.766666666666666,26.085714285714285,27.071428571428573,0.0,0.0,0.0,0.0,0.0,0.0,0.1857142857142857
2016-10-19,32.1,18.1,25.3,0.0,7.2,57,10,293,4,25.7,25.4,26.0,26.4,25.7,25.97142857142857,26.735714285714288,0.0,0.0,0.0,0.0,0.0,0.0,0.14999999999999997
2016-10-20,32.0,18.9,25.5,0.0,8.6,59,10,294,4,25.3,25.7,25.4,26.3,25.46666666666667,25.814285714285717,26.47142857142857,0.0,0.0,0.0,0.0,0.0,0.0,0.08571428571428572
2016-10-21,31.9,19.1,25.2,0.0,9.4,60,10,295,4,25.5,25.3,25.7,26.1,25.5,25.7,26.264285714285712,0.0,0.0,0.0,0.0,0.0,0.0,0.06428571428571428
2016-10-22,32.2,17.9,25.2,0.0,8.5,57,10,296,4,25.2,25.5,25.3,25.9,25.333333333333332,25.571428571428573,26.035714285714285,0.0,0.0,0.0,0.0,0.0,0.0,0.06428571428571428
2016-10-23,32.4,18.4,25.1,0.0,12.2,52,10,297,4,25.2,25.2,25.5,26.0,25.3,25.471428571428568,25.86428571428571,0.0,0.0,0.0,0.0,0.0,0.0,0.049999999999999996
2016-10-24,31.2,17.3,24.1,0.0,8.8,54,10,298,4,25.1,25.2,25.2,25.4,25.166666666666668,25.342857142857145,25.771428571428572,0.0,0.0,0.0,0.0,0.0,0.0,0.0
2016-10-25,30.9,16.4,23.6,0.0,8.1,53,10,299,4,24.1,25.1,25.2,25.7,24.8,25.157142857142855,25.62142857142857,0.0,0.0,0.0,0.0,0.0,0.0,0.0
2016-10-26,31.2,16.9,23.9,0.0,9.2,58,10,300,4,23.6,24.1,25.1,25.3,24.266666666666666,24.857142857142858,25.414285714285715,0.0,0.0,0.0,0.0,0.0,0.0,0.0
2016-10-27,31.6,16.3,23.7,0.0,14.5,54,10,301,4,23.9,23.6,24.1,25.5,23.86666666666667,24.657142857142855,25.235714285714284,0.0,0.0,0.0,0.0,0.0,0.0,0.0
2016-10-28,30.3,15.7,22.7,0.0,9.4,57,10,302,4,23.7,23.9,23.6,25.2,23.73333333333333,24.4,25.050000000000004,0.0,0.0,0.0,0.0,0.0,0.0,0.0
2016-10-29,29.8,16.5,22.8,0.0,8.7,59,10,303,4,22.7,23.7,23.9,25.2,23.433333333333334,24.042857142857144,24.807142857142857,0.0,0.0,0.0,0.0,0.0,0.0,0.0
2016-10-30,28.9,17.2,22.7,0.0,7.8,63,10,304,4,22.8,22.7,23.7,25.1,23.066666666666663,23.7,24.58571428571429,0.0,0.0,0.0,0.0,0.0,0.0,0.0
2016-10-31,28.8,16.6,22.5,0.0,8.4,70,10,305,4,22.7,22.8,22.7,24.1,22.733333333333334,23.357142857142858,24.35,0.0,0.0,0.0,0.0,0.0,0.0,0.0
2016-11-01,29.4,16.9,23.0,0.0,8.2,67,11,306,4,22.5,22.7,22.8,23.6,22.666666666666668,23.12857142857143,24.142857142857142,0.0,0.0,0.0,0.0,0.0,0.0,0.0
2016-11-02,28.6,16.7,22.9,0.0,4.7,72,11,307,4,23.0,22.5,22.7,23.9,22.733333333333334,23.042857142857144,23.95,0.0,0.0,0.0,0.0,0.0,0.0,0.0
2016-11-03,28.9,17.3,22.8,0.0,7.2,71,11,308,4,22.9,23.0,22.5,23.7,22.799999999999997,22.9,23.77857142857143,0.0,0.0,0.0,0.0,0.0,0.0,0.0
2016-11-04,27.7,17.3,22.1,0.0,10.7,71,11,309,4,22.8,22.9,23.0,22.7,22.899999999999995,22.771428571428572,23.585714285714285,0.0,0.0,0.0,0.0,0.0,0.0,0.0
2016-11-05,28.9,15.6,21.8,0.0,9.3,59,11,310,4,22.1,22.8,22.9,22.8,22.599999999999998,22.685714285714283,23.364285714285717,0.0,0.0,0.0,0.0,0.0,0.0,0.0
2016-11-06,28.7,14.1,21.2,0.0,8.9,60,11,311,4,21.8,22.1,22.8,22.7,22.233333333333334,22.542857142857144,23.12142857142857,0.0,0.0,0.0,0.0,0.0,0.0,0.0
2016-11-07,28.8,14.2,20.8,0.0,14.2,54,11,312,4,21.2,21.8,22.1,22.5,21.7,22.328571428571426,22.842857142857145,0.0,0.0,0.0,0.0,0.0,0.0,0.0
2016-11-08,28.9,13.8,20.8,0.0,12.0,47,11,313,4,20.8,21.2,21.8,23.0,21.266666666666666,22.085714285714285,22.607142857142858,0.0,0.0,0.0,0.0,0.0,0.0,0.0
2016-11-09,28.7,11.7,20.2,0.0,11.2,60,11,314,4,20.8,20.8,21.2,22.9,20.933333333333334,21.77142857142857,22.407142857142855,0.0,0.0,0.0,0.0,0.0,0.0,0.0
2016-11-10,27.4,13.4,20.0,0.0,9.4,65,11,315,4,20.2,20.8,20.8,22.8,20.599999999999998,21.38571428571429,22.142857142857142,0.0,0.0,0.0,0.0,0.0,0.0,0.0
2016-11-11,27.2,13.4,19.9,0.0,10.6,62,11,316,4,20.0,20.2,20.8,22.1,20.333333333333332,20.985714285714288,21.878571428571426,0.0,0.0,0.0,0.0,0.0,0.0,0.0
2016-11-12,21.2,14.2,17.4,9.6,17.2,71,11,317,4,19.9,20.0,20.2,21.8,20.03333333333333,20.671428571428574,21.678571428571427,0.0,0.0,0.0,0.0,0.0,0.0,0.0
2016-11-13,26.9,12.6,18.9,0.0,9.7,57,11,318,4,17.4,19.9,20.0,21.2,19.099999999999998,20.04285714285714,21.29285714285714,9.6,0.0,0.0,0.0,3.1999999999999997,1.3714285714285719,0.6857142857142857
2016-11-14,26.4,11.6,18.6,0.0,9.9,58,11,319,4,18.9,17.4,19.9,20.8,18.73333333333333,19.714285714285715,21.021428571428572,0.0,9.6,0.0,0.0,3.1999999999999997,1.3714285714285719,0.6857142857142857
2016-11-15,25.5,12.2,18.1,0.0,10.8,62,11,320,4,18.6,18.9,17.4,20.8,18.3,19.4,20.74285714285714,0.0,0.0,9.6,0.0,3.1999999999999997,1.3714285714285719,0.6857142857142857
2016-11-16,26.1,11.2,18.1,0.0,10.6,64,11,321,4,18.1,18.6,18.9,20.2,18.53333333333333,19.014285714285712,20.392857142857142,0.0,0.0,0.0,0.0,0.0,1.3714285714285719,0.6857142857142857
2016-11-17,26.2,12.2,18.5,0.0,11.2,63,11,322,4,18.1,18.1,18.6,20.0,18.26666666666667,18.714285714285715,20.05,0.0,0.0,0.0,0.0,0.0,1.3714285714285719,0.6857142857142857
2016-11-18,25.9,11.5,18.2,0.0,8.9,66,11,323,4,18.5,18.1,18.1,19.9,18.233333333333334,18.5,19.74285714285714,0.0,0.0,0.0,0.0,0.0,1.3714285714285719,0.6857142857142857
2016-11-19,25.7,10.5,17.9,0.0,8.0,69,11,324,4,18.2,18.5,18.1,17.4,18.26666666666667,18.25714285714286,19.464285714285715,0.0,0.0,0.0,9.6,0.0,1.3714285714285719,0.6857142857142857
2016-11-20,25.5,12.4,18.2,0.0,8.4,72,11,325,4,17.9,18.2,18.5,18.9,18.2,18.32857142857143,19.185714285714287,0.0,0.0,0.0,0.0,0.0,0.0,0.6857142857142857
2016-11-21,25.8,14.9,19.1,0.0,9.7,71,11,326,4,18.2,17.9,18.2,18.6,18.099999999999998,18.22857142857143,18.97142857142857,0.0,0.0,0.0,0.0,0.0,0.0,0.6857142857142857
2016-11-22,26.3,13.4,19.2,0.0,9.6,70,11,327,4,19.1,18.2,17.9,18.1,18.400000000000002,18.3,18.849999999999998,0.0,0.0,0.0,0.0,0.0,0.0,0.6857142857142857
2016-11-23,25.4,13.2,18.8,0.0,8.8,66,11,328,4,19.2,19.1,18.2,18.1,18.833333333333332,18.457142857142856,18.735714285714284,0.0,0.0,0.0,0.0,0.0,0.0,0.6857142857142857
2016-11-24,24.9,11.7,17.9,0.0,11.6,67,11,329,4,18.8,19.2,19.1,18.5,19.03333333333333,18.557142857142857,18.635714285714283,0.0,0.0,0.0,0.0,0.0,0.0,0.6857142857142857
2016-11-25,27.0,14.4,19.7,0.0,13.4,49,11,330,4,17.9,18.8,19.2,18.2,18.633333333333336,18.471428571428568,18.485714285714288,0.0,0.0,0.0,0.0,0.0,0.0,0.6857142857142857
2016-11-26,27.8,15.4,20.2,0.0,13.1,45,11,331,4,19.7,17.9,18.8,17.9,18.8,18.685714285714287,18.471428571428568,0.0,0.0,0.0,0.0,0.0,0.0,0.6857142857142857
2016-11-27,26.2,12.7,18.8,0.0,10.7,55,11,332,4,20.2,19.7,17.9,18.2,19.266666666666666,19.014285714285712,18.671428571428574,0.0,0.0,0.0,0.0,0.0,0.0,0.0
2016-11-28,25.9,11.6,18.1,0.0,10.5,50,11,333,4,18.8,20.2,19.7,19.1,19.566666666666666,19.099999999999998,18.664285714285715,0.0,0.0,0.0,0.0,0.0,0.0,0.0
2016-11-29,25.0,10.4,16.9,0.0,6.9,64,11,334,4,18.1,18.8,20.2,19.2,19.033333333333335,18.957142857142856,18.62857142857143,0.0,0.0,0.0,0.0,0.0,0.0,0.0
2016-11-30,24.8,10.4,17.4,0.0,7.7,68,11,335,4,16.9,18.1,18.8,18.8,17.933333333333334,18.62857142857143,18.54285714285714,0.0,0.0,0.0,0.0,0.0,0.0,0.0
2016-12-01,24.8,12.4,17.7,0.0,10.1,68,12,336,1,17.4,16.9,18.1,17.9,17.466666666666665,18.428571428571427,18.49285714285714,0.0,0.0,0.0,0.0,0.0,0.0,0.0
2016-12-02,24.5,10.1,17.2,0.0,8.4,59,12,337,1,17.7,17.4,16.9,19.7,17.333333333333332,18.4,18.435714285714283,0.0,0.0,0.0,0.0,0.0,0.0,0.0
2016-12-03,24.2,8.5,16.2,0.0,7.8,65,12,338,1,17.2,17.7,17.4,20.2,17.433333333333334,18.042857142857144,18.364285714285717,0.0,0.0,0.0,0.0,0.0,0.0,0.0
2016-12-04,24.1,9.3,16.1,0.0,9.4,73,12,339,1,16.2,17.2,17.7,18.8,17.03333333333333,17.47142857142857,18.242857142857144,0.0,0.0,0.0,0.0,0.0,0.0,0.0
2016-12-05,24.3,9.5,16.8,0.0,9.1,74,12,340,1,16.1,16.2,17.2,18.1,16.5,17.085714285714285,18.092857142857145,0.0,0.0,0.0,0.0,0.0,0.0,0.0
2016-12-06,23.9,9.2,16.6,0.0,6.1,76,12,341,1,16.8,16.1,16.2,16.9,16.366666666666667,16.9,17.928571428571427,0.0,0.0,0.0,0.0,0.0,0.0,0.0
2016-12-07,23.8,9.7,16.3,0.0,8.6,80,12,342,1,16.6,16.8,16.1,17.4,16.500000000000004,16.857142857142858,17.742857142857144,0.0,0.0,0.0,0.0,0.0,0.0,0.0
2016-12-08,22.6,10.8,16.3,0.0,7.9,81,12,343,1,16.3,16.6,16.8,17.7,16.566666666666666,16.7,17.564285714285713,0.0,0.0,0.0,0.0,0.0,0.0,0.0
2016-12-09,22.4,10.6,16.0,0.0,6.4,82,12,344,1,16.3,16.3,16.6,17.2,16.400000000000002,16.5,17.45,0.0,0.0,0.0,0.0,0.0,0.0,0.0
2016-12-10,24.9,11.4,17.5,0.3,17.4,75,12,345,1,16.0,16.3,16.3,16.2,16.2,16.32857142857143,17.185714285714287,0.0,0.0,0.0,0.0,0.0,0.0,0.0
2016-12-11,23.8,14.0,17.8,0.0,18.7,70,12,346,1,17.5,16.0,16.3,16.1,16.599999999999998,16.514285714285716,16.992857142857144,0.3,0.0,0.0,0.0,0.09999999999999999,0.042857142857143364,0.02142857142857143
2016-12-12,21.1,10.7,15.8,0.2,7.3,81,12,347,1,17.8,17.5,16.0,16.8,17.099999999999998,16.757142857142856,16.92142857142857,0.0,0.3,0.0,0.0,0.09999999999999999,0.042857142857143364,0.02142857142857143
2016-12-13,21.5,10.8,15.5,0.0,9.0,76,12,348,1,15.8,17.8,17.5,16.6,17.033333333333335,16.614285714285717,16.757142857142856,0.2,0.0,0.3,0.0,0.16666666666666666,0.07142857142857194,0.03571428571428571
2016-12-14,21.9,9.1,14.7,0.0,11.4,65,12,349,1,15.5,15.8,17.8,16.3,16.366666666666667,16.45714285714286,16.657142857142855,0.0,0.2,0.0,0.0,0.06666666666666667,0.07142857142857194,0.03571428571428571
2016-12-15,21.2,7.4,14.1,0.0,6.3,70,12,350,1,14.7,15.5,15.8,16.3,15.333333333333334,16.228571428571428,16.464285714285715,0.0,0.0,0.2,0.0,0.06666666666666667,0.07142857142857194,0.03571428571428571
2016-12-16,20.3,7.4,13.7,0.0,6.8,74,12,351,1,14.1,14.7,15.5,16.0,14.766666666666666,15.914285714285715,16.20714285714286,0.0,0.0,0.0,0.0,0.0,0.07142857142857194,0.03571428571428571
2016-12-17,20.7,5.9,13.0,0.0,10.3,75,12,352,1,13.7,14.1,14.7,17.5,14.166666666666666,15.585714285714285,15.957142857142857,0.0,0.0,0.0,0.3,0.0,0.07142857142857194,0.03571428571428571
2016-12-18,21.6,7.7,13.8,0.0,10.5,69,12,353,1,13.0,13.7,14.1,17.8,13.6,14.942857142857141,15.728571428571428,0.0,0.0,0.0,0.0,0.0,0.02857142857142908,0.03571428571428571
2016-12-19,22.5,7.5,14.4,0.0,11.3,68,12,354,1,13.8,13.0,13.7,15.8,13.5,14.371428571428572,15.564285714285715,0.0,0.0,0.0,0.2,0.0,0.02857142857142908,0.03571428571428571
2016-12-20,23.7,9.2,15.3,0.0,15.1,59,12,355,1,14.4,13.8,13.0,15.5,13.733333333333334,14.171428571428573,15.392857142857144,0.0,0.0,0.0,0.0,0.0,0.0,0.03571428571428571
2016-12-21,23.4,7.1,14.8,0.0,11.9,56,12,356,1,15.3,14.4,13.8,14.7,14.5,14.142857142857142,15.299999999999999,0.0,0.0,0.0,0.0,0.0,0.0,0.03571428571428571
2016-12-22,24.0,7.0,14.8,0.0,11.3,65,12,357,1,14.8,15.3,14.4,14.1,14.833333333333334,14.157142857142858,15.192857142857145,0.0,0.0,0.0,0.0,0.0,0.0,0.03571428571428571
2016-12-23,22.1,6.4,14.3,0.0,9.4,70,12,358,1,14.8,14.8,15.3,13.7,14.966666666666669,14.257142857142856,15.085714285714285,0.0,0.0,0.0,0.0,0.0,0.0,0.03571428571428571
2016-12-24,20.6,6.4,13.6,0.0,7.6,74,12,359,1,14.3,14.8,14.8,13.0,14.633333333333335,14.342857142857143,14.964285714285714,0.0,0.0,0.0,0.0,0.0,0.0,0.03571428571428571
2016-12-25,21.2,8.4,14.3,0.0,9.5,73,12,360,1,13.6,14.3,14.8,13.8,14.233333333333334,14.42857142857143,14.685714285714285,0.0,0.0,0.0,0.0,0.0,0.0,0.014285714285714287
2016-12-26,20.9,7.1,13.4,0.0,8.7,56,12,361,1,14.3,13.6,14.3,14.4,14.066666666666668,14.5,14.435714285714285,0.0,0.0,0.0,0.0,0.0,0.0,0.014285714285714287
2016-12-27,21.3,5.5,13.6,0.0,6.9,66,12,362,1,13.4,14.3,13.6,15.3,13.766666666666666,14.357142857142858,14.264285714285716,0.0,0.0,0.0,0.0,0.0,0.0,0.0
2016-12-28,22.1,6.7,13.9,0.0,9.5,72,12,363,1,13.6,13.4,14.3,14.8,13.766666666666666,14.114285714285714,14.12857142857143,0.0,0.0,0.0,0.0,0.0,0.0,0.0
2016-12-29,21.5,7.7,14.2,0.0,9.7,77,12,364,1,13.9,13.6,13.4,14.8,13.633333333333335,13.985714285714286,14.071428571428571,0.0,0.0,0.0,0.0,0.0,0.0,0.0
2016-12-30,20.9,9.7,14.7,0.0,9.7,83,12,365,1,14.2,13.9,13.6,14.3,13.9,13.9,14.078571428571427,0.0,0.0,0.0,0.0,0.0,0.0,0.0
2016-12-31,21.8,10.9,15.5,0.0,8.6,77,12,366,1,14.7,14.2,13.9,13.6,14.266666666666666,13.957142857142857,14.150000000000002,0.0,0.0,0.0,0.0,0.0,0.0,0.0
2017-01-01,21.4,9.8,15.1,1.4,9.0,81,1,1,1,15.5,14.7,14.2,14.3,14.799999999999999,14.228571428571428,14.328571428571431,0.0,0.0,0.0,0.0,0.0,0.0,0.0
2017-01-02,22.2,9.5,15.1,0.0,9.5,78,1,2,1,15.1,15.5,14.7,13.4,15.1,14.342857142857142,14.421428571428573,1.4,0.0,0.0,0.0,0.4666666666666666,0.20000000000000048,0.09999999999999999
2017-01-03,20.8,10.9,15.1,0.0,7.9,81,1,3,1,15.1,15.1,15.5,13.6,15.233333333333334,14.585714285714287,14.471428571428572,0.0,1.4,0.0,0.0,0.4666666666666666,0.20000000000000048,0.09999999999999999
2017-01-04,18.0,12.2,14.4,4.5,11.5,84,1,4,1,15.1,15.1,15.1,13.9,15.1,14.799999999999999,14.457142857142857,0.0,0.0,1.4,0.0,0.4666666666666666,0.20000000000000048,0.09999999999999999
2017-01-05,17.3,11.2,14.0,6.3,10.6,80,1,5,1,14.4,15.1,15.1,14.2,14.866666666666665,14.87142857142857,14.428571428571429,4.5,0.0,0.0,0.0,1.5,0.8428571428571434,0.42142857142857143
2017-01-06,14.4,11.0,12.9,32.7,20.4,91,1,6,1,14.0,14.4,15.1,14.7,14.5,14.842857142857143,14.37142857142857,6.3,4.5,0.0,0.0,3.6,1.7428571428571433,0.8714285714285713
2017-01-07,14.8,9.2,12.1,1.4,11.1,89,1,7,1,12.9,14.0,14.4,15.5,13.766666666666666,14.585714285714285,14.271428571428572,32.7,6.3,4.5,0.0,14.5,6.4142857142857155,3.2071428571428577
2017-01-08,15.8,7.6,11.0,1.4,9.4,84,1,8,1,12.1,12.9,14.0,15.1,13.0,14.1,14.164285714285715,1.4,32.7,6.3,1.4,13.466666666666667,6.614285714285715,3.3071428571428574
2017-01-09,16.2,6.2,9.9,0.0,12.8,64,1,9,1,11.0,12.1,12.9,15.1,12.0,13.514285714285716,13.928571428571429,1.4,1.4,32.7,0.0,11.833333333333334,6.614285714285715,3.4071428571428575
2017-01-10,15.3,4.0,8.8,0.0,10.9,56,1,10,1,9.9,11.0,12.1,15.1,11.0,12.77142857142857,13.678571428571429,0.0,1.4,1.4,0.0,0.9333333333333332,6.614285714285715,3.4071428571428575
2017-01-11,15.9,2.5,9.2,0.0,11.6,60,1,11,1,8.8,9.9,11.0,14.4,9.9,11.871428571428572,13.335714285714285,0.0,0.0,1.4,4.5,0.4666666666666666,6.614285714285715,3.4071428571428575
2017-01-12,16.0,1.7,9.2,0.0,9.8,65,1,12,1,9.2,8.8,9.9,14.0,9.299999999999999,11.128571428571428,13.0,0.0,0.0,0.0,6.3,0.0,5.971428571428572,3.4071428571428575
2017-01-13,16.5,3.2,9.7,0.0,9.0,66,1,13,1,9.2,9.2,8.8,12.9,9.066666666666668,10.442857142857141,12.642857142857142,0.0,0.0,0.0,32.7,0.0,5.071428571428571,3.4071428571428575
2017-01-14,15.7,5.1,10.2,0.0,19.4,65,1,14,1,9.7,9.2,9.2,12.1,9.366666666666665,9.985714285714284,12.285714285714286,0.0,0.0,0.0,1.4,0.0,0.39999999999999997,3.4071428571428575
2017-01-15,20.1,9.0,13.3,5.4,20.3,56,1,15,1,10.2,9.7,9.2,11.0,9.700000000000001,9.714285714285714,11.907142857142858,0.0,0.0,0.0,1.4,0.0,0.19999999999999998,3.4071428571428575
2017-01-16,14.6,8.4,10.7,5.3,9.1,85,1,16,1,13.3,10.2,9.7,9.9,11.066666666666665,10.042857142857143,11.778571428571427,5.4,0.0,0.0,0.0,1.8,0.7714285714285715,3.6928571428571435
2017-01-17,15.1,6.9,10.3,2.1,8.2,84,1,17,1,10.7,13.3,10.2,8.8,11.4,10.157142857142857,11.464285714285714,5.3,5.4,0.0,0.0,3.5666666666666664,1.5285714285714285,4.071428571428572
2017-01-18,15.3,6.2,9.9,2.6,12.2,83,1,18,1,10.3,10.7,13.3,9.2,11.433333333333332,10.37142857142857,11.12142857142857,2.1,5.3,5.4,0.0,4.266666666666667,1.8285714285714287,4.221428571428572
2017-01-19,16.5,5.2,10.2,0.0,14.3,74,1,19,1,9.9,10.3,10.7,9.2,10.3,10.471428571428572,10.799999999999999,2.6,2.1,5.3,0.0,3.3333333333333335,2.2,4.085714285714286
2017-01-20,18.6,5.4,11.0,0.0,11.6,66,1,20,1,10.2,9.9,10.3,9.7,10.133333333333335,10.614285714285714,10.528571428571428,0.0,2.6,2.1,0.0,1.5666666666666667,2.2,3.635714285714286
2017-01-21,15.1,7.5,10.9,0.0,11.2,64,1,21,1,11.0,10.2,9.9,10.2,10.366666666666667,10.8,10.392857142857142,0.0,0.0,2.6,0.0,0.8666666666666667,2.2,1.3
2017-01-22,18.8,5.7,12.0,0.0,8.8,74,1,22,1,10.9,11.0,10.2,13.3,10.700000000000001,10.9,10.307142857142855,0.0,0.0,0.0,5.4,0.0,2.2,1.2
2017-01-23,19.3,6.8,12.4,0.1,9.0,77,1,23,1,12.0,10.9,11.0,10.7,11.299999999999999,10.714285714285714,10.378571428571428,0.0,0.0,0.0,5.3,0.0,1.4285714285714286,1.0999999999999999
2017-01-24,16.9,10.2,13.4,4.1,16.0,78,1,24,1,12.4,12.0,10.9,10.3,11.766666666666666,10.957142857142856,10.557142857142855,0.1,0.0,0.0,2.1,0.03333333333333333,0.6857142857142857,1.1071428571428572
2017-01-25,15.8,11.6,13.6,11.1,16.4,87,1,25,1,13.4,12.4,12.0,9.9,12.600000000000001,11.4,10.885714285714286,4.1,0.1,0.0,2.6,1.3999999999999997,0.9714285714285713,1.4
2017-01-26,15.7,13.1,14.1,15.7,11.9,97,1,26,1,13.6,13.4,12.4,10.2,13.133333333333335,11.928571428571429,11.2,11.1,4.1,0.1,0.0,5.1,2.1857142857142855,2.1928571428571426
2017-01-27,17.6,9.9,13.4,0.5,11.9,86,1,27,1,14.1,13.6,13.4,11.0,13.700000000000001,12.485714285714286,11.549999999999999,15.7,11.1,4.1,0.0,10.299999999999999,4.428571428571429,3.314285714285714
2017-01-28,18.1,7.5,12.3,0.1,12.2,86,1,28,1,13.4,14.1,13.6,10.9,13.700000000000001,12.828571428571431,11.814285714285715,0.5,15.7,11.1,0.0,9.1,4.5,3.35
2017-01-29,18.4,9.1,13.3,0.0,11.0,78,1,29,1,12.3,13.4,14.1,12.0,13.266666666666666,13.028571428571428,11.964285714285714,0.1,0.5,15.7,0.0,5.433333333333334,4.514285714285714,3.357142857142857
2017-01-30,18.4,8.1,12.8,2.4,9.8,84,1,30,1,13.3,12.3,13.4,12.4,13.0,13.214285714285714,11.964285714285714,0.0,0.1,0.5,0.1,0.19999999999999998,4.514285714285714,2.9714285714285715
2017-01-31,19.6,9.3,13.7,0.2,10.0,81,1,31,1,12.8,13.3,12.3,13.4,12.800000000000002,13.27142857142857,12.114285714285714,2.4,0.0,0.1,4.1,0.8333333333333334,4.8428571428571425,2.764285714285714
2017-02-01,20.2,8.8,14.2,0.0,9.4,75,2,32,1,13.7,12.8,13.3,13.6,13.266666666666666,13.314285714285715,12.357142857142858,0.2,2.4,0.0,11.1,0.8666666666666667,4.285714285714286,2.628571428571429
2017-02-02,20.1,9.3,14.2,0.0,8.9,78,2,33,1,14.2,13.7,12.8,14.1,13.566666666666668,13.4,12.664285714285715,0.0,0.2,2.4,15.7,0.8666666666666667,2.6999999999999997,2.442857142857143
2017-02-03,19.6,9.3,13.7,0.0,9.5,79,2,34,1,14.2,14.2,13.7,13.4,14.033333333333331,13.414285714285715,12.95,0.0,0.0,0.2,0.5,0.06666666666666667,0.4571428571428569,2.442857142857143
2017-02-04,20.3,10.3,14.9,7.2,26.2,78,2,35,1,13.7,14.2,14.2,12.3,14.033333333333331,13.457142857142856,13.142857142857142,0.0,0.0,0.0,0.1,0.0,0.3857142857142855,2.442857142857143
2017-02-05,20.7,10.3,15.7,3.2,27.5,81,2,36,1,14.9,13.7,14.2,13.3,14.266666666666666,13.828571428571427,13.428571428571429,7.2,0.0,0.0,0.0,2.4,1.4,2.957142857142857
2017-02-06,18.3,9.5,13.2,0.1,10.0,82,2,37,1,15.7,14.9,13.7,12.8,14.766666666666666,14.171428571428573,13.692857142857145,3.2,7.2,0.0,2.4,3.466666666666667,1.857142857142857,3.185714285714286
2017-02-07,19.1,7.0,12.7,0.0,9.6,78,2,38,1,13.2,15.7,14.9,13.7,14.6,14.228571428571428,13.75,0.1,3.2,7.2,0.2,3.5,1.5285714285714282,3.185714285714286
2017-02-08,20.0,7.0,13.4,0.0,10.5,74,2,39,1,12.7,13.2,15.7,14.2,13.866666666666667,14.085714285714285,13.700000000000001,0.0,0.1,3.2,0.0,1.1,1.4999999999999998,2.892857142857143
2017-02-09,19.8,7.5,13.2,0.0,11.3,75,2,40,1,13.4,12.7,13.2,14.2,13.1,13.971428571428572,13.685714285714285,0.0,0.0,0.1,0.0,0.03333333333333333,1.4999999999999998,2.1
2017-02-10,20.2,8.3,13.0,0.0,12.3,62,2,41,1,13.2,13.4,12.7,13.7,13.1,13.828571428571426,13.621428571428572,0.0,0.0,0.0,0.0,0.0,1.4999999999999998,0.9785714285714286
2017-02-11,20.4,5.7,13.0,0.0,10.5,64,2,42,1,13.0,13.2,13.4,14.9,13.199999999999998,13.728571428571428,13.592857142857143,0.0,0.0,0.0,7.2,0.0,1.4999999999999998,0.942857142857143
2017-02-12,21.1,5.8,12.7,0.0,11.1,71,2,43,1,13.0,13.0,13.2,15.7,13.066666666666668,13.457142857142856,13.642857142857142,0.0,0.0,0.0,3.2,0.0,0.4714285714285712,0.9357142857142858
2017-02-13,22.4,8.0,14.4,0.0,14.8,67,2,44,1,12.7,13.0,13.0,13.2,12.9,13.028571428571427,13.599999999999998,0.0,0.0,0.0,0.1,0.0,0.014285714285714032,0.9357142857142858
2017-02-14,21.5,9.7,14.8,0.0,11.5,62,2,45,1,14.4,12.7,13.0,12.7,13.366666666666667,13.200000000000001,13.714285714285714,0.0,0.0,0.0,0.0,0.0,0.0,0.7642857142857143
2017-02-15,23.9,10.5,16.6,0.0,11.1,59,2,46,1,14.8,14.4,12.7,13.4,13.966666666666667,13.5,13.792857142857144,0.0,0.0,0.0,0.0,0.0,0.0,0.7500000000000001
2017-02-16,25.6,13.3,18.7,0.0,13.2,63,2,47,1,16.6,14.8,14.4,13.2,15.266666666666666,13.957142857142856,13.964285714285714,0.0,0.0,0.0,0.0,0.0,0.0,0.7500000000000001
2017-02-17,25.1,13.1,18.8,0.0,13.8,64,2,48,1,18.7,16.6,14.8,13.0,16.7,14.742857142857144,14.285714285714286,0.0,0.0,0.0,0.0,0.0,0.0,0.7500000000000001
2017-02-18,25.4,14.2,19.7,0.0,12.1,66,2,49,1,18.8,18.7,16.6,13.0,18.03333333333333,15.571428571428571,14.65,0.0,0.0,0.0,0.0,0.0,0.0,0.7500000000000001
2017-02-19,25.9,15.7,20.2,1.5,13.5,68,2,50,1,19.7,18.8,18.7,12.7,19.066666666666666,16.52857142857143,14.992857142857144,0.0,0.0,0.0,0.0,0.0,0.0,0.23571428571428574
2017-02-20,19.8,14.3,16.8,10.0,16.1,82,2,51,1,20.2,19.7,18.8,14.4,19.566666666666666,17.6,15.314285714285713,1.5,0.0,0.0,0.0,0.5,0.21428571428571402,0.1142857142857143
2017-02-21,21.1,12.1,16.1,0.3,14.0,78,2,52,1,16.8,20.2,19.7,14.8,18.9,17.942857142857143,15.571428571428571,10.0,1.5,0.0,0.0,3.8333333333333335,1.6428571428571426,0.8214285714285714
2017-02-22,22.7,10.6,15.7,0.0,12.8,65,2,53,1,16.1,16.8,20.2,16.6,17.7,18.12857142857143,15.814285714285713,0.3,10.0,1.5,0.0,3.9333333333333336,1.6857142857142855,0.8428571428571429
2017-02-23,23.0,10.6,16.1,0.0,13.7,51,2,54,1,15.7,16.1,16.8,18.7,16.2,18.0,15.97857142857143,0.0,0.3,10.0,0.0,3.4333333333333336,1.6857142857142855,0.8428571428571429
2017-02-24,23.7,9.9,15.6,0.0,17.3,47,2,55,1,16.1,15.7,16.1,18.8,15.966666666666667,17.62857142857143,16.185714285714287,0.0,0.0,0.3,0.0,0.09999999999999999,1.6857142857142855,0.8428571428571429
2017-02-25,24.5,9.1,15.8,0.0,14.0,53,2,56,1,15.6,16.1,15.7,19.7,15.799999999999999,17.17142857142857,16.37142857142857,0.0,0.0,0.0,0.0,0.0,1.6857142857142855,0.8428571428571429
2017-02-26,25.3,9.5,17.3,0.0,14.0,52,2,57,1,15.8,15.6,16.1,20.2,15.833333333333334,16.614285714285717,16.571428571428573,0.0,0.0,0.0,1.5,0.0,1.6857142857142855,0.8428571428571429
2017-02-27,25.7,8.8,17.5,0.0,8.4,58,2,58,1,17.3,15.8,15.6,16.8,16.23333333333333,16.2,16.900000000000002,0.0,0.0,0.0,10.0,0.0,1.4714285714285713,0.8428571428571429
2017-02-28,23.9,13.4,18.3,0.7,16.7,54,2,59,1,17.5,17.3,15.8,16.1,16.866666666666664,16.3,17.12142857142857,0.0,0.0,0.0,0.3,0.0,0.0428571428571426,0.8428571428571429
2017-03-01,24.4,13.0,17.4,0.9,14.0,66,3,60,2,18.3,17.5,17.3,15.7,17.7,16.614285714285714,17.37142857142857,0.7,0.0,0.0,0.0,0.2333333333333333,0.09999999999999974,0.8928571428571429
2017-03-02,23.5,12.2,17.0,0.0,13.5,59,3,61,2,17.4,18.3,17.5,16.1,17.73333333333333,16.857142857142858,17.428571428571427,0.9,0.7,0.0,0.0,0.5333333333333333,0.22857142857142834,0.9571428571428572
2017-03-03,23.9,11.1,16.9,0.0,11.2,53,3,62,2,17.0,17.4,18.3,15.6,17.566666666666663,16.985714285714288,17.307142857142857,0.0,0.9,0.7,0.0,0.5333333333333333,0.22857142857142834,0.9571428571428572
2017-03-04,24.8,10.1,17.1,0.0,14.0,46,3,63,2,16.9,17.0,17.4,15.8,17.099999999999998,17.17142857142857,17.17142857142857,0.0,0.0,0.9,0.0,0.3,0.22857142857142834,0.9571428571428572
2017-03-05,25.5,10.9,17.3,0.0,15.7,40,3,64,2,17.1,16.9,17.0,17.3,16.999999999999996,17.357142857142858,16.985714285714288,0.0,0.0,0.0,0.0,0.0,0.22857142857142834,0.9571428571428572
2017-03-06,26.1,10.6,17.9,0.0,10.7,41,3,65,2,17.3,17.1,16.9,17.5,17.099999999999998,17.357142857142858,16.778571428571432,0.0,0.0,0.0,0.0,0.0,0.22857142857142834,0.85
2017-03-07,19.3,13.0,16.6,4.6,12.8,66,3,66,2,17.9,17.3,17.1,18.3,17.43333333333333,17.414285714285715,16.857142857142858,0.0,0.0,0.0,0.7,0.0,0.22857142857142834,0.1357142857142857
2017-03-08,22.3,11.2,15.7,0.5,15.4,74,3,67,2,16.6,17.9,17.3,17.4,17.266666666666662,17.17142857142857,16.892857142857142,4.6,0.0,0.0,0.9,1.5333333333333332,0.7857142857142855,0.4428571428571428
2017-03-09,18.6,10.9,13.8,13.6,16.7,85,3,68,2,15.7,16.6,17.9,17.0,16.73333333333333,16.928571428571427,16.892857142857142,0.5,4.6,0.0,0.0,1.7,0.7285714285714283,0.47857142857142854
2017-03-10,17.6,10.4,12.7,6.9,18.4,85,3,69,2,13.8,15.7,16.6,16.9,15.366666666666665,16.47142857142857,16.728571428571428,13.6,0.5,4.6,0.0,6.233333333333333,2.671428571428571,1.4499999999999997
2017-03-11,17.1,8.9,12.3,2.8,12.5,83,3,70,2,12.7,13.8,15.7,17.1,14.066666666666663,15.871428571428572,16.521428571428572,6.9,13.6,0.5,0.0,7.0,3.657142857142857,1.9428571428571428
2017-03-12,20.2,6.9,13.6,0.0,11.2,63,3,71,2,12.3,12.7,13.8,17.3,12.933333333333332,15.185714285714285,16.271428571428572,2.8,6.9,13.6,0.0,7.766666666666667,4.057142857142857,2.142857142857143
2017-03-13,21.0,8.1,14.9,0.0,10.5,53,3,72,2,13.6,12.3,12.7,17.9,12.866666666666665,14.657142857142857,16.007142857142856,0.0,2.8,6.9,0.0,3.233333333333333,4.057142857142857,2.142857142857143
2017-03-14,22.9,8.2,16.0,0.0,10.2,57,3,73,2,14.9,13.6,12.3,16.6,13.6,14.228571428571428,15.821428571428571,0.0,0.0,2.8,4.6,0.9333333333333332,4.057142857142857,2.142857142857143
2017-03-15,21.5,9.7,15.4,2.1,18.9,66,3,74,2,16.0,14.9,13.6,15.7,14.83333333333333,14.142857142857142,15.657142857142857,0.0,0.0,0.0,0.5,0.0,3.3999999999999995,2.092857142857143
2017-03-16,24.1,11.5,17.2,0.0,10.0,67,3,75,2,15.4,16.0,14.9,13.8,15.43333333333333,14.1,15.514285714285714,2.1,0.0,0.0,13.6,0.7000000000000001,3.6285714285714277,2.1785714285714284
2017-03-17,24.4,10.4,17.4,0.0,17.5,71,3,76,2,17.2,15.4,16.0,12.7,16.2,14.585714285714285,15.528571428571428,0.0,2.1,0.0,6.9,0.7000000000000001,1.6857142857142855,2.1785714285714284
2017-03-18,26.2,10.5,18.0,0.2,15.3,65,3,77,2,17.4,17.2,15.4,12.3,16.666666666666664,15.257142857142856,15.564285714285713,0.0,0.0,2.1,2.8,0.7000000000000001,0.6999999999999998,2.1785714285714284
2017-03-19,27.2,11.8,19.0,0.0,14.5,61,3,78,2,18.0,17.4,17.2,13.6,17.53333333333333,16.071428571428573,15.62857142857143,0.2,0.0,0.0,0.0,0.06666666666666667,0.32857142857142835,2.1928571428571426
2017-03-20,29.0,11.9,20.5,0.0,11.1,53,3,79,2,19.0,18.0,17.4,14.9,18.13333333333333,16.842857142857145,15.75,0.0,0.2,0.0,0.0,0.06666666666666667,0.32857142857142835,2.1928571428571426
2017-03-21,29.3,14.8,22.1,0.0,11.0,59,3,80,2,20.5,19.0,18.0,16.0,19.166666666666664,17.642857142857142,15.935714285714287,0.0,0.0,0.2,0.0,0.06666666666666667,0.32857142857142835,2.1928571428571426
2017-03-22,30.6,16.7,23.5,0.0,19.7,50,3,81,2,22.1,20.5,19.0,15.4,20.53333333333333,18.514285714285712,16.32857142857143,0.0,0.0,0.0,2.1,0.0,0.32857142857142835,1.8642857142857143
2017-03-23,30.6,18.2,23.3,0.0,22.9,50,3,82,2,23.5,22.1,20.5,17.2,22.03333333333333,19.67142857142857,16.885714285714286,0.0,0.0,0.0,0.0,0.0,0.02857142857142832,1.8285714285714287
2017-03-24,30.4,15.6,22.8,0.0,11.4,53,3,83,2,23.3,23.5,22.1,17.4,22.966666666666665,20.542857142857144,17.564285714285713,0.0,0.0,0.0,0.0,0.0,0.02857142857142832,0.8571428571428571
2017-03-25,31.2,14.7,22.6,0.0,10.5,54,3,84,2,22.8,23.3,23.5,18.0,23.2,21.314285714285713,18.285714285714285,0.0,0.0,0.0,0.2,0.0,0.02857142857142832,0.36428571428571427
2017-03-26,33.5,17.9,24.8,0.0,16.2,42,3,85,2,22.6,22.8,23.3,19.0,22.899999999999995,21.97142857142857,19.021428571428572,0.0,0.0,0.0,0.0,0.0,0.0,0.1642857142857143
2017-03-27,35.1,19.8,26.2,0.0,18.7,43,3,86,2,24.8,22.6,22.8,20.5,23.400000000000002,22.8,19.821428571428573,0.0,0.0,0.0,0.0,0.0,0.0,0.1642857142857143
2017-03-28,35.6,18.9,26.8,0.0,19.1,48,3,87,2,26.2,24.8,22.6,22.1,24.53333333333333,23.614285714285717,20.62857142857143,0.0,0.0,0.0,0.0,0.0,0.0,0.1642857142857143
2017-03-29,34.5,21.8,27.4,0.0,15.6,43,3,88,2,26.8,26.2,24.8,23.5,25.933333333333334,24.285714285714285,21.400000000000002,0.0,0.0,0.0,0.0,0.0,0.0,0.1642857142857143
2017-03-30,35.1,19.4,26.7,0.0,14.4,47,3,89,2,27.4,26.8,26.2,23.3,26.799999999999997,24.842857142857145,22.257142857142856,0.0,0.0,0.0,0.0,0.0,0.0,0.014285714285714287
2017-03-31,35.1,20.8,27.1,0.0,15.7,47,3,90,2,26.7,27.4,26.8,22.8,26.966666666666665,25.32857142857143,22.935714285714287,0.0,0.0,0.0,0.0,0.0,0.0,0.014285714285714287
2017-04-01,35.1,19.9,26.2,0.0,16.6,47,4,91,2,27.1,26.7,27.4,22.6,27.066666666666663,25.942857142857143,23.62857142857143,0.0,0.0,0.0,0.0,0.0,0.0,0.014285714285714287
2017-04-02,34.3,16.8,25.8,0.0,15.0,40,4,92,2,26.2,27.1,26.7,24.8,26.66666666666666,26.457142857142856,24.214285714285715,0.0,0.0,0.0,0.0,0.0,0.0,0.0
2017-04-03,34.8,18.4,27.2,0.0,12.6,36,4,93,2,25.8,26.2,27.1,26.2,26.366666666666664,26.6,24.7,0.0,0.0,0.0,0.0,0.0,0.0,0.0
2017-04-04,33.0,20.8,26.7,0.0,21.9,39,4,94,2,27.2,25.8,26.2,26.8,26.399999999999995,26.74285714285714,25.178571428571427,0.0,0.0,0.0,0.0,0.0,0.0,0.0
2017-04-05,32.8,18.2,24.0,16.1,29.6,60,4,95,2,26.7,27.2,25.8,27.4,26.566666666666663,26.72857142857143,25.50714285714286,0.0,0.0,0.0,0.0,0.0,0.0,0.0
2017-04-06,24.3,17.2,20.4,22.4,23.2,77,4,96,2,24.0,26.7,27.2,26.7,25.966666666666665,26.24285714285714,25.542857142857144,16.1,0.0,0.0,0.0,5.366666666666667,2.3000000000000003,1.1500000000000001
2017-04-07,26.9,16.5,21.0,1.1,19.6,60,4,97,2,20.4,24.0,26.7,27.1,23.7,25.342857142857145,25.335714285714285,22.4,16.1,0.0,0.0,12.833333333333334,5.5,2.75
2017-04-08,27.1,14.8,20.8,0.0,19.0,44,4,98,2,21.0,20.4,24.0,26.2,21.799999999999997,24.471428571428568,25.207142857142856,1.1,22.4,16.1,0.0,13.200000000000001,5.6571428571428575,2.8285714285714287
2017-04-09,28.8,13.0,20.9,0.0,20.4,36,4,99,2,20.8,21.0,20.4,25.8,20.73333333333333,23.7,25.07857142857143,0.0,1.1,22.4,0.0,7.833333333333333,5.6571428571428575,2.8285714285714287
2017-04-10,31.2,15.0,22.3,0.0,20.8,35,4,100,2,20.9,20.8,21.0,27.2,20.899999999999995,23.0,24.8,0.0,0.0,1.1,0.0,0.3666666666666667,5.6571428571428575,2.8285714285714287
2017-04-11,34.4,16.5,24.6,0.0,19.2,35,4,101,2,22.3,20.9,20.8,26.7,21.333333333333332,22.3,24.521428571428572,0.0,0.0,0.0,0.0,0.0,5.6571428571428575,2.8285714285714287
2017-04-12,36.4,17.3,26.1,0.0,16.9,39,4,102,2,24.6,22.3,20.9,24.0,22.599999999999994,22.0,24.364285714285717,0.0,0.0,0.0,16.1,0.0,5.6571428571428575,2.8285714285714287
2017-04-13,37.1,15.4,26.7,0.0,8.7,47,4,103,2,26.1,24.6,22.3,20.4,24.333333333333332,22.3,24.271428571428572,0.0,0.0,0.0,22.4,0.0,3.357142857142857,2.8285714285714287
2017-04-14,38.5,19.1,29.2,0.0,11.4,42,4,104,2,26.7,26.1,24.6,21.0,25.799999999999997,23.2,24.271428571428572,0.0,0.0,0.0,1.1,0.0,0.15714285714285717,2.8285714285714287
2017-04-15,39.9,20.6,30.4,0.0,18.2,32,4,105,2,29.2,26.7,26.1,20.8,27.333333333333332,24.371428571428574,24.42142857142857,0.0,0.0,0.0,0.0,0.0,0.0,2.8285714285714287
2017-04-16,40.7,20.2,30.4,0.0,10.9,35,4,106,2,30.4,29.2,26.7,20.9,28.766666666666662,25.74285714285714,24.72142857142857,0.0,0.0,0.0,0.0,0.0,0.0,2.8285714285714287
2017-04-17,41.3,20.7,31.2,0.0,10.6,39,4,107,2,30.4,30.4,29.2,22.3,29.999999999999996,27.099999999999998,25.05,0.0,0.0,0.0,0.0,0.0,0.0,2.8285714285714287
2017-04-18,42.1,22.3,32.2,0.2,10.7,40,4,108,2,31.2,30.4,30.4,24.6,30.66666666666666,28.37142857142857,25.335714285714285,0.0,0.0,0.0,0.0,0.0,0.0,2.8285714285714287
2017-04-19,43.0,24.4,33.6,0.0,12.9,31,4,109,2,32.2,31.2,30.4,26.1,31.266666666666662,29.45714285714286,25.72857142857143,0.2,0.0,0.0,0.0,0.06666666666666667,0.028571428571428574,2.8428571428571425
2017-04-20,42.6,25.4,33.5,0.4,19.9,28,4,110,2,33.6,32.2,31.2,26.7,32.333333333333336,30.52857142857143,26.414285714285715,0.0,0.2,0.0,0.0,0.06666666666666667,0.028571428571428574,1.6928571428571428
2017-04-21,41.8,25.9,33.5,0.6,19.6,27,4,111,2,33.5,33.6,32.2,29.2,33.099999999999994,31.5,27.349999999999998,0.4,0.0,0.2,0.0,0.20000000000000004,0.08571428571428573,0.12142857142857144
2017-04-22,38.4,25.0,30.1,1.5,28.7,39,4,112,2,33.5,33.5,33.6,30.4,33.53333333333333,32.114285714285714,28.24285714285714,0.6,0.4,0.0,0.0,0.3333333333333333,0.17142857142857143,0.08571428571428572
2017-04-23,34.3,22.8,27.8,0.3,21.2,44,4,113,2,30.1,33.5,33.5,30.4,32.36666666666667,32.07142857142857,28.907142857142855,1.5,0.6,0.4,0.0,0.8333333333333334,0.38571428571428573,0.19285714285714287
2017-04-24,33.7,18.9,26.3,0.4,16.4,43,4,114,2,27.8,30.1,33.5,31.2,30.466666666666665,31.7,29.400000000000002,0.3,1.5,0.6,0.0,0.7999999999999999,0.42857142857142855,0.21428571428571427
2017-04-25,34.4,20.6,27.0,0.2,15.6,37,4,115,2,26.3,27.8,30.1,32.2,28.066666666666663,31.000000000000004,29.685714285714287,0.4,0.3,1.5,0.2,0.7333333333333334,0.4857142857142857,0.24285714285714285
2017-04-26,34.7,19.6,27.2,0.4,15.3,34,4,116,2,27.0,26.3,27.8,33.6,27.03333333333333,30.25714285714286,29.857142857142858,0.2,0.4,0.3,0.0,0.3,0.4857142857142857,0.2571428571428572
2017-04-27,35.9,20.3,28.3,0.0,18.7,32,4,117,2,27.2,27.0,26.3,33.5,26.83333333333333,29.342857142857145,29.935714285714287,0.4,0.2,0.4,0.4,0.3333333333333333,0.5428571428571428,0.2857142857142857
2017-04-28,37.0,20.4,29.1,0.1,9.9,30,4,118,2,28.3,27.2,27.0,33.5,27.499999999999996,28.6,30.050000000000004,0.0,0.4,0.2,0.6,0.19999999999999998,0.4857142857142857,0.2857142857142857
2017-04-29,37.3,20.8,29.0,0.5,19.1,30,4,119,2,29.1,28.3,27.2,30.1,28.2,27.97142857142857,30.04285714285714,0.1,0.0,0.4,1.5,0.16666666666666666,0.41428571428571426,0.2928571428571428
2017-04-30,33.6,20.8,27.0,1.8,20.4,35,4,120,2,29.0,29.1,28.3,27.8,28.799999999999994,27.814285714285713,29.942857142857143,0.5,0.1,0.0,0.3,0.19999999999999998,0.2714285714285714,0.32857142857142857
2017-05-01,36.3,18.8,28.2,0.0,10.9,32,5,121,2,27.0,29.0,29.1,26.3,28.366666666666664,27.7,29.7,1.8,0.5,0.1,0.4,0.7999999999999999,0.48571428571428577,0.4571428571428572
2017-05-02,37.4,20.4,29.6,0.0,22.3,25,5,122,2,28.2,27.0,29.0,27.0,28.066666666666663,27.971428571428568,29.485714285714288,0.0,1.8,0.5,0.2,0.7666666666666666,0.42857142857142855,0.4571428571428572
2017-05-03,34.6,24.0,29.3,0.0,23.8,28,5,123,2,29.6,28.2,27.0,27.2,28.266666666666662,28.342857142857145,29.3,0.0,0.0,1.8,0.4,0.6,0.39999999999999997,0.4428571428571428
2017-05-04,35.8,20.8,28.5,0.0,13.5,35,5,124,2,29.3,29.6,28.2,28.3,29.03333333333333,28.642857142857142,28.992857142857144,0.0,0.0,0.0,0.0,0.0,0.3428571428571429,0.4428571428571428
2017-05-05,38.4,22.7,30.4,0.0,17.4,30,5,125,2,28.5,29.3,29.6,29.1,29.133333333333326,28.67142857142857,28.63571428571429,0.0,0.0,0.0,0.1,0.0,0.3428571428571429,0.4142857142857143
2017-05-06,40.0,24.2,32.5,0.0,13.0,28,5,126,2,30.4,28.5,29.3,29.0,29.399999999999995,28.857142857142858,28.414285714285715,0.0,0.0,0.0,0.5,0.0,0.32857142857142857,0.3714285714285714
2017-05-07,40.4,24.0,32.3,0.0,13.8,29,5,127,2,32.5,30.4,28.5,27.0,30.466666666666658,29.357142857142858,28.585714285714285,0.0,0.0,0.0,1.8,0.0,0.2571428571428572,0.2642857142857143
2017-05-08,41.3,23.1,32.6,2.4,10.5,29,5,128,2,32.3,32.5,30.4,28.2,31.73333333333333,30.114285714285717,28.907142857142855,0.0,0.0,0.0,0.0,0.0,0.0,0.24285714285714285
2017-05-09,42.1,24.9,33.1,0.0,18.4,30,5,129,2,32.6,32.3,32.5,29.6,32.46666666666666,30.742857142857144,29.357142857142858,2.4,0.0,0.0,0.0,0.8000000000000002,0.3428571428571429,0.38571428571428573
2017-05-10,39.7,24.9,31.3,0.3,16.1,40,5,130,2,33.1,32.6,32.3,29.3,32.66666666666666,31.24285714285714,29.79285714285714,0.0,2.4,0.0,0.0,0.7999999999999999,0.34285714285714286,0.3714285714285714
2017-05-11,37.7,25.1,31.1,0.1,12.8,39,5,131,2,31.3,33.1,32.6,28.5,32.333333333333336,31.528571428571432,30.085714285714285,0.3,0.0,2.4,0.0,0.8999999999999999,0.3857142857142857,0.36428571428571427
2017-05-12,39.3,24.4,31.7,0.1,20.6,36,5,132,2,31.1,31.3,33.1,30.4,31.83333333333333,31.900000000000002,30.285714285714285,0.1,0.3,0.0,0.0,0.13333333333333333,0.39999999999999997,0.3714285714285714
2017-05-13,39.1,24.7,32.1,0.0,13.4,33,5,133,2,31.7,31.1,31.3,32.5,31.366666666666664,32.08571428571428,30.47142857142857,0.1,0.1,0.3,0.0,0.16666666666666666,0.41428571428571426,0.3714285714285714
2017-05-14,39.5,24.4,32.2,0.4,12.0,32,5,134,2,32.1,31.7,31.1,32.3,31.63333333333333,32.028571428571425,30.692857142857147,0.0,0.1,0.1,0.0,0.06666666666666667,0.41428571428571426,0.3357142857142857
2017-05-15,40.5,25.2,32.5,1.2,21.2,31,5,135,2,32.2,32.1,31.7,32.6,31.999999999999996,32.01428571428571,31.064285714285717,0.4,0.0,0.1,2.4,0.16666666666666666,0.4714285714285714,0.2357142857142857
2017-05-16,36.8,25.6,30.5,1.7,10.8,40,5,136,2,32.5,32.2,32.1,33.1,32.26666666666666,32.0,31.371428571428574,1.2,0.4,0.0,0.0,0.5333333333333333,0.3,0.32142857142857145
2017-05-17,33.9,24.2,29.0,2.2,18.9,49,5,137,2,30.5,32.5,32.2,31.3,31.73333333333333,31.62857142857143,31.435714285714287,1.7,1.2,0.4,0.3,1.0999999999999999,0.5428571428571428,0.4428571428571429
2017-05-18,36.9,23.6,30.8,0.0,13.2,42,5,138,2,29.0,30.5,32.5,31.1,30.66666666666666,31.3,31.414285714285715,2.2,1.7,1.2,0.1,1.7,0.8142857142857143,0.6
2017-05-19,39.7,24.4,32.2,0.3,11.0,37,5,139,2,30.8,29.0,30.5,31.7,30.099999999999994,31.25714285714286,31.57857142857143,0.0,2.2,1.7,0.1,1.3,0.7999999999999999,0.6
2017-05-20,39.8,24.8,32.4,0.0,20.4,31,5,140,2,32.2,30.8,29.0,32.1,30.66666666666666,31.32857142857143,31.70714285714286,0.3,0.0,2.2,0.0,0.8333333333333334,0.8285714285714285,0.6214285714285716
2017-05-21,37.0,25.3,30.4,0.9,13.8,37,5,141,2,32.4,32.2,30.8,32.2,31.799999999999994,31.37142857142857,31.7,0.0,0.3,0.0,0.4,0.09999999999999999,0.8285714285714285,0.6214285714285716
2017-05-22,32.8,23.7,28.6,2.3,15.3,50,5,142,2,30.4,32.4,32.2,32.5,31.66666666666666,31.114285714285717,31.564285714285713,0.9,0.0,0.3,1.2,0.39999999999999997,0.9,0.6857142857142857
2017-05-23,37.8,23.6,30.7,0.0,9.8,44,5,143,2,28.6,30.4,32.4,30.5,30.466666666666658,30.557142857142857,31.27857142857143,2.3,0.9,0.0,1.7,1.0666666666666667,1.0571428571428572,0.6785714285714286
2017-05-24,40.1,24.4,32.1,0.0,17.9,37,5,144,2,30.7,28.6,30.4,29.0,29.899999999999995,30.585714285714285,31.107142857142858,0.0,2.3,0.9,2.2,1.0666666666666667,0.8142857142857143,0.6785714285714286
2017-05-25,41.4,25.1,34.4,0.0,8.5,34,5,145,2,32.1,30.7,28.6,30.8,30.466666666666658,31.02857142857143,31.164285714285715,0.0,0.0,2.3,0.0,0.7666666666666666,0.5,0.6571428571428573
2017-05-26,44.1,26.6,35.4,0.0,18.7,25,5,146,2,34.4,32.1,30.7,32.2,32.4,31.54285714285714,31.4,0.0,0.0,0.0,0.3,0.0,0.5,0.65
2017-05-27,43.9,25.5,34.4,0.0,23.8,25,5,147,2,35.4,34.4,32.1,32.4,33.96666666666666,32.0,31.664285714285715,0.0,0.0,0.0,0.0,0.0,0.4571428571428572,0.6428571428571429
2017-05-28,41.0,26.4,32.9,0.8,25.9,37,5,148,2,34.4,35.4,34.4,30.4,34.73333333333333,32.285714285714285,31.82857142857143,0.0,0.0,0.0,0.9,0.0,0.4571428571428572,0.6428571428571429
2017-05-29,38.1,25.4,31.5,0.1,18.4,46,5,149,2,32.9,34.4,35.4,28.6,34.23333333333333,32.642857142857146,31.878571428571426,0.8,0.0,0.0,2.3,0.26666666666666666,0.4428571428571428,0.6714285714285715
2017-05-30,38.4,26.3,32.3,0.8,12.3,43,5,150,2,31.5,32.9,34.4,30.7,32.93333333333333,33.05714285714286,31.807142857142853,0.1,0.8,0.0,0.0,0.3,0.1285714285714286,0.5928571428571429
2017-05-31,35.0,26.1,29.6,1.6,22.4,53,5,151,2,32.3,31.5,32.9,32.1,32.23333333333333,33.285714285714285,31.935714285714283,0.8,0.1,0.8,0.0,0.5666666666666668,0.24285714285714288,0.5285714285714286
2017-06-01,36.8,23.8,30.5,0.0,14.3,47,6,152,3,29.6,32.3,31.5,34.4,31.133333333333326,32.92857142857142,31.978571428571428,1.6,0.8,0.1,0.0,0.8333333333333334,0.4714285714285715,0.48571428571428577
2017-06-02,40.2,24.0,32.7,0.0,12.6,34,6,153,3,30.5,29.6,32.3,35.4,30.799999999999994,32.371428571428574,31.957142857142856,0.0,1.6,0.8,0.0,0.8000000000000002,0.4714285714285715,0.48571428571428577
2017-06-03,44.0,26.4,35.5,0.0,14.7,29,6,154,3,32.7,30.5,29.6,34.4,30.933333333333326,31.985714285714288,31.99285714285714,0.0,0.0,1.6,0.0,0.5333333333333334,0.4714285714285715,0.4642857142857143
2017-06-04,45.7,27.6,36.8,0.0,11.8,30,6,155,3,35.5,32.7,30.5,32.9,32.9,32.142857142857146,32.214285714285715,0.0,0.0,0.0,0.8,0.0,0.4714285714285715,0.4642857142857143
2017-06-05,44.6,29.2,36.8,1.7,15.2,31,6,156,3,36.8,35.5,32.7,31.5,34.99999999999999,32.7,32.67142857142857,0.0,0.0,0.0,0.1,0.0,0.35714285714285715,0.39999999999999997
2017-06-06,40.7,30.3,35.2,0.3,21.3,39,6,157,3,36.8,36.8,35.5,32.3,36.36666666666666,33.457142857142856,33.25714285714286,1.7,0.0,0.0,0.8,0.5666666666666668,0.5857142857142857,0.35714285714285715
2017-06-07,31.8,25.8,29.0,8.2,26.9,61,6,158,3,35.2,36.8,36.8,29.6,36.26666666666666,33.871428571428574,33.57857142857143,0.3,1.7,0.0,1.6,0.6666666666666666,0.5142857142857143,0.37857142857142856
2017-06-08,38.1,25.6,30.9,0.0,14.9,55,6,159,3,29.0,35.2,36.8,30.5,33.666666666666664,33.785714285714285,33.357142857142854,8.2,0.3,1.7,0.0,3.4,1.457142857142857,0.9642857142857143
2017-06-09,35.4,25.5,30.4,0.4,11.2,51,6,160,3,30.9,29.0,35.2,32.7,31.7,33.84285714285714,33.107142857142854,0.0,8.2,0.3,0.0,2.8333333333333335,1.457142857142857,0.9642857142857143
2017-06-10,37.2,25.6,30.9,0.5,24.5,41,6,161,3,30.4,30.9,29.0,35.5,30.099999999999994,33.51428571428571,32.75,0.4,0.0,8.2,0.0,2.8666666666666667,1.5142857142857142,0.9928571428571429
2017-06-11,37.3,23.7,30.2,0.0,8.9,43,6,162,3,30.9,30.4,30.9,36.8,30.73333333333333,32.857142857142854,32.5,0.5,0.4,0.0,0.0,0.3,1.5857142857142856,1.0285714285714287
2017-06-12,38.6,24.4,31.6,0.0,16.6,40,6,163,3,30.2,30.9,30.4,36.8,30.499999999999996,31.914285714285715,32.30714285714286,0.0,0.5,0.4,1.7,0.3,1.5857142857142856,0.9714285714285714
2017-06-13,39.3,25.2,32.7,0.2,9.0,36,6,164,3,31.6,30.2,30.9,35.2,30.899999999999995,31.17142857142857,32.31428571428571,0.0,0.0,0.5,0.3,0.16666666666666666,1.342857142857143,0.9642857142857143
2017-06-14,41.4,26.6,33.8,0.6,10.4,34,6,165,3,32.7,31.6,30.2,29.0,31.5,30.814285714285713,32.34285714285714,0.2,0.0,0.0,8.2,0.06666666666666667,1.3285714285714285,0.9214285714285715
2017-06-15,39.4,26.8,33.4,1.6,18.7,38,6,166,3,33.8,32.7,31.6,30.9,32.699999999999996,31.5,32.642857142857146,0.6,0.2,0.0,0.0,0.26666666666666666,0.24285714285714285,0.8499999999999999
2017-06-16,40.1,26.9,33.5,0.0,17.1,41,6,167,3,33.4,33.8,32.7,30.4,33.3,31.857142857142858,32.85,1.6,0.6,0.2,0.4,0.8000000000000002,0.4714285714285714,0.9642857142857143
2017-06-17,38.4,28.5,33.1,0.0,11.0,47,6,168,3,33.5,33.4,33.8,30.9,33.56666666666666,32.3,32.90714285714286,0.0,1.6,0.6,0.5,0.7333333333333334,0.4142857142857143,0.9642857142857143
2017-06-18,36.7,27.8,32.7,0.0,9.0,55,6,169,3,33.1,33.5,33.4,30.2,33.333333333333336,32.614285714285714,32.73571428571429,0.0,0.0,1.6,0.0,0.5333333333333333,0.3428571428571429,0.9642857142857143
2017-06-19,39.5,29.4,32.7,0.7,17.3,56,6,170,3,32.7,33.1,33.5,31.6,33.099999999999994,32.971428571428575,32.44285714285714,0.0,0.0,0.0,0.0,0.0,0.3428571428571429,0.9642857142857143
2017-06-20,33.9,27.0,30.3,8.4,16.0,66,6,171,3,32.7,32.7,33.1,32.7,32.833333333333336,33.128571428571426,32.15,0.7,0.0,0.0,0.2,0.2333333333333333,0.4428571428571429,0.8928571428571429
2017-06-21,29.8,22.8,26.1,30.7,18.4,79,6,172,3,30.3,32.7,32.7,33.8,31.900000000000002,32.785714285714285,31.8,8.4,0.7,0.0,0.6,3.033333333333333,1.6142857142857143,1.4714285714285715
2017-06-22,33.6,22.6,28.0,0.1,9.7,63,6,173,3,26.1,30.3,32.7,33.4,29.7,31.685714285714287,31.592857142857145,30.7,8.4,0.7,1.6,13.266666666666666,5.914285714285714,3.0785714285714283
2017-06-23,35.7,24.4,30.1,0.0,7.1,61,6,174,3,28.0,26.1,30.3,33.5,28.13333333333333,30.914285714285715,31.38571428571429,0.1,30.7,8.4,0.0,13.066666666666665,5.7,3.0857142857142854
2017-06-24,37.3,26.5,32.0,0.0,9.4,57,6,175,3,30.1,28.0,26.1,33.1,28.066666666666666,30.428571428571427,31.36428571428571,0.0,0.1,30.7,0.0,10.266666666666667,5.7,3.057142857142857
2017-06-25,38.3,28.0,33.4,0.0,10.0,52,6,176,3,32.0,30.1,28.0,32.7,30.03333333333333,30.271428571428572,31.442857142857143,0.0,0.0,0.1,0.0,0.03333333333333452,5.7,3.0214285714285714
2017-06-26,38.0,29.3,33.8,0.0,16.7,56,6,177,3,33.4,32.0,30.1,32.7,31.83333333333333,30.37142857142857,31.671428571428574,0.0,0.0,0.0,0.7,0.0,5.7,3.0214285714285714
2017-06-27,37.0,27.8,32.4,0.8,12.8,66,6,178,3,33.8,33.4,32.0,30.3,33.06666666666666,30.52857142857143,31.828571428571426,0.0,0.0,0.0,8.4,0.0,5.6000000000000005,3.0214285714285714
2017-06-28,33.0,26.2,28.7,24.0,11.7,82,6,179,3,32.4,33.8,33.4,26.1,33.199999999999996,30.828571428571426,31.807142857142857,0.8,0.0,0.0,30.7,0.2666666666666679,4.514285714285714,3.064285714285714
2017-06-29,28.8,24.5,26.3,4.7,17.8,83,6,180,3,28.7,32.4,33.8,28.0,31.633333333333326,31.199999999999996,31.442857142857143,24.0,0.8,0.0,0.1,8.266666666666667,3.5571428571428574,4.735714285714286
2017-06-30,31.9,23.6,27.9,1.9,10.6,73,6,181,3,26.3,28.7,32.4,30.1,29.13333333333333,30.957142857142856,30.935714285714287,4.7,24.0,0.8,0.0,9.833333333333334,4.214285714285714,4.957142857142857
2017-07-01,35.1,26.1,30.8,0.0,8.4,70,7,182,3,27.9,26.3,28.7,32.0,27.63333333333333,30.642857142857142,30.535714285714285,1.9,4.7,24.0,0.0,10.200000000000001,4.485714285714286,5.0928571428571425
2017-07-02,36.2,27.5,31.8,0.2,12.0,69,7,183,3,30.8,27.9,26.3,33.4,28.33333333333333,30.471428571428568,30.37142857142857,0.0,1.9,4.7,0.0,2.200000000000001,4.485714285714286,5.0928571428571425
2017-07-03,36.1,26.1,31.3,5.8,13.2,73,7,184,3,31.8,30.8,27.9,33.8,30.166666666666668,30.24285714285714,30.307142857142857,0.2,0.0,1.9,0.0,0.7000000000000012,4.514285714285714,5.107142857142857
2017-07-04,37.3,27.9,32.2,0.2,13.5,69,7,185,3,31.3,31.8,30.8,32.4,31.299999999999997,29.88571428571429,30.20714285714286,5.8,0.2,0.0,0.8,2.0000000000000013,5.3428571428571425,5.471428571428571
2017-07-05,35.5,26.1,31.3,8.0,10.9,72,7,186,3,32.2,31.3,31.8,28.7,31.766666666666666,29.857142857142858,30.342857142857145,0.2,5.8,0.2,24.0,2.0666666666666678,5.257142857142858,4.885714285714285
2017-07-06,35.3,25.9,30.3,17.6,13.2,75,7,187,3,31.3,32.2,31.3,26.3,31.599999999999998,30.22857142857143,30.714285714285715,8.0,0.2,5.8,4.7,4.666666666666668,2.971428571428572,3.264285714285714
2017-07-07,34.7,27.0,30.0,3.7,10.8,75,7,188,3,30.3,31.3,32.2,27.9,31.266666666666666,30.8,30.878571428571426,17.6,8.0,0.2,1.9,8.600000000000001,4.814285714285715,4.514285714285714
2017-07-08,35.8,27.1,31.4,0.0,8.1,68,7,189,3,30.0,30.3,31.3,30.8,30.53333333333333,31.099999999999998,30.87142857142857,3.7,17.6,8.0,0.0,9.766666666666667,5.071428571428572,4.778571428571428
2017-07-09,37.4,28.4,32.8,0.9,7.4,63,7,190,3,31.4,30.0,30.3,31.8,30.566666666666663,31.185714285714287,30.82857142857143,0.0,3.7,17.6,0.2,7.100000000000001,5.071428571428572,4.778571428571428
2017-07-10,35.8,28.8,31.9,2.8,13.4,69,7,191,3,32.8,31.4,30.0,31.3,31.399999999999995,31.32857142857143,30.785714285714285,0.9,0.0,3.7,5.8,1.5333333333333348,5.171428571428573,4.8428571428571425
2017-07-11,35.1,27.8,30.7,5.9,12.3,75,7,192,3,31.9,32.8,31.4,32.2,32.03333333333333,31.41428571428571,30.650000000000002,2.8,0.9,0.0,0.2,1.2333333333333345,4.742857142857143,5.042857142857143
2017-07-12,32.8,25.4,28.5,13.3,15.9,82,7,193,3,30.7,31.9,32.8,31.3,31.799999999999994,31.2,30.52857142857143,5.9,2.8,0.9,8.0,3.200000000000001,5.557142857142858,5.4071428571428575
2017-07-13,30.6,25.2,28.1,4.2,13.0,80,7,194,3,28.5,30.7,31.9,30.3,30.366666666666664,30.8,30.514285714285712,13.3,5.9,2.8,17.6,7.333333333333335,6.314285714285716,4.642857142857143
2017-07-14,35.4,25.9,30.6,0.0,6.9,72,7,195,3,28.1,28.5,30.7,30.0,29.099999999999998,30.485714285714288,30.642857142857142,4.2,13.3,5.9,3.7,7.800000000000001,4.400000000000001,4.607142857142857
2017-07-15,34.3,27.1,30.7,2.0,8.1,74,7,196,3,30.6,28.1,28.5,31.4,29.066666666666663,30.571428571428573,30.835714285714285,0.0,4.2,13.3,0.0,5.833333333333335,3.8714285714285728,4.4714285714285715
2017-07-16,34.4,27.7,31.0,1.7,13.1,73,7,197,3,30.7,30.6,28.1,32.8,29.799999999999997,30.47142857142857,30.82857142857143,2.0,0.0,4.2,0.9,2.0666666666666678,4.157142857142858,4.614285714285714
2017-07-17,34.9,27.9,31.2,0.1,14.1,73,7,198,3,31.0,30.7,30.6,31.9,30.766666666666666,30.214285714285715,30.77142857142857,1.7,2.0,0.0,2.8,1.2333333333333345,4.271428571428572,4.721428571428571
2017-07-18,32.2,26.2,28.8,7.9,15.7,82,7,199,3,31.2,31.0,30.7,30.7,30.966666666666665,30.114285714285717,30.764285714285712,0.1,1.7,2.0,5.9,1.2666666666666677,3.885714285714287,4.314285714285714
2017-07-19,36.1,26.2,30.9,0.0,8.0,73,7,200,3,28.8,31.2,31.0,28.5,30.333333333333332,29.842857142857138,30.52142857142857,7.9,0.1,1.7,13.3,3.2333333333333343,4.171428571428573,4.864285714285715
2017-07-20,35.4,28.0,31.0,4.2,10.7,74,7,201,3,30.9,28.8,31.2,28.1,30.299999999999997,30.185714285714283,30.49285714285714,0.0,7.9,0.1,4.2,2.666666666666668,2.2714285714285727,4.292857142857143
2017-07-21,33.2,26.7,29.9,2.3,11.5,78,7,202,3,31.0,30.9,28.8,30.6,30.23333333333333,30.599999999999998,30.542857142857144,4.2,0.0,7.9,0.0,4.033333333333335,2.2714285714285722,3.335714285714286
2017-07-22,32.2,27.8,29.7,9.1,13.8,79,7,203,3,29.9,31.0,30.9,30.7,30.599999999999994,30.5,30.535714285714285,2.3,4.2,0.0,2.0,2.166666666666668,2.600000000000001,3.2357142857142853
2017-07-23,34.5,27.2,30.4,0.5,11.6,74,7,204,3,29.7,29.9,31.0,31.0,30.2,30.357142857142858,30.41428571428571,9.1,2.3,4.2,1.7,5.200000000000001,3.6142857142857148,3.8857142857142857
2017-07-24,32.8,26.8,29.6,3.4,8.9,77,7,205,3,30.4,29.7,29.9,31.2,29.999999999999996,30.271428571428572,30.242857142857144,0.5,9.1,2.3,0.1,3.9666666666666672,3.442857142857144,3.857142857142857
2017-07-25,33.8,26.5,29.8,1.0,15.9,75,7,206,3,29.6,30.4,29.7,28.8,29.899999999999995,30.04285714285714,30.078571428571426,3.4,0.5,9.1,7.9,4.333333333333335,3.914285714285715,3.9
2017-07-26,33.3,25.9,29.4,8.6,13.7,79,7,207,3,29.8,29.6,30.4,30.9,29.933333333333326,30.185714285714287,30.014285714285712,1.0,3.4,0.5,0.0,1.6333333333333346,2.9285714285714297,3.5500000000000003
2017-07-27,34.6,27.1,29.9,1.3,10.7,76,7,208,3,29.4,29.8,29.6,31.0,29.599999999999998,29.97142857142857,30.07857142857143,8.6,1.0,3.4,4.2,4.333333333333335,4.157142857142858,3.2142857142857144
2017-07-28,33.3,26.9,29.5,3.1,11.1,81,7,209,3,29.9,29.4,29.8,29.9,29.7,29.814285714285713,30.207142857142856,1.3,8.6,1.0,2.3,3.6333333333333346,3.7428571428571438,3.0071428571428567
2017-07-29,32.9,27.6,29.4,8.8,10.8,82,7,210,3,29.5,29.9,29.4,29.7,29.599999999999994,29.75714285714286,30.12857142857143,3.1,1.3,8.6,9.1,4.333333333333335,3.857142857142858,3.228571428571428
2017-07-30,33.6,27.1,30.0,0.3,13.4,79,7,211,3,29.4,29.5,29.9,30.4,29.599999999999994,29.714285714285715,30.035714285714285,8.8,3.1,1.3,0.5,4.400000000000001,3.8142857142857154,3.7142857142857144
2017-07-31,32.4,26.6,28.7,5.1,14.9,84,7,212,3,30.0,29.4,29.5,29.6,29.63333333333333,29.657142857142855,29.964285714285715,0.3,8.8,3.1,3.4,4.066666666666668,3.7857142857142874,3.6142857142857143
2017-08-01,31.1,25.4,27.9,21.7,11.5,88,8,213,3,28.7,30.0,29.4,29.8,29.366666666666664,29.528571428571432,29.785714285714285,5.1,0.3,8.8,1.0,4.733333333333334,4.028571428571429,3.9714285714285715
2017-08-02,31.1,25.9,27.8,16.6,10.0,88,8,214,3,27.9,28.7,30.0,29.4,28.866666666666664,29.257142857142856,29.72142857142857,21.7,5.1,0.3,8.6,9.033333333333333,6.985714285714287,4.957142857142857
2017-08-03,32.8,25.5,28.6,10.3,8.2,85,8,215,3,27.8,27.9,28.7,29.9,28.13333333333333,29.02857142857143,29.5,16.6,21.7,5.1,1.3,14.466666666666669,8.12857142857143,6.142857142857143
2017-08-04,35.0,26.6,30.3,4.0,15.8,83,8,216,3,28.6,27.8,27.9,29.5,28.099999999999994,28.842857142857145,29.328571428571426,10.3,16.6,21.7,3.1,16.2,9.414285714285715,6.578571428571428
2017-08-05,35.2,25.6,30.1,2.6,14.6,81,8,217,3,30.3,28.6,27.8,29.4,28.900000000000002,28.957142857142856,29.357142857142858,4.0,10.3,16.6,8.8,10.300000000000002,9.542857142857144,6.700000000000001
2017-08-06,34.2,27.2,30.5,0.4,10.9,80,8,218,3,30.1,30.3,28.6,30.0,29.666666666666668,29.057142857142857,29.38571428571429,2.6,4.0,10.3,0.3,5.6333333333333355,8.657142857142858,6.235714285714287
2017-08-07,33.0,27.4,30.0,3.3,11.5,84,8,219,3,30.5,30.1,30.3,28.7,30.299999999999997,29.12857142857143,29.392857142857142,0.4,2.6,4.0,5.1,2.3333333333333344,8.671428571428573,6.2285714285714295
2017-08-08,33.3,26.6,29.5,5.3,13.3,84,8,220,3,30.0,30.5,30.1,27.9,30.2,29.314285714285713,29.421428571428574,3.3,0.4,2.6,21.7,2.100000000000001,8.414285714285715,6.221428571428572
2017-08-09,33.2,27.2,29.9,2.5,10.0,83,8,221,3,29.5,30.0,30.5,27.8,29.999999999999996,29.542857142857144,29.400000000000002,5.3,3.3,0.4,16.6,3.0000000000000013,6.071428571428572,6.528571428571429
2017-08-10,34.3,26.6,30.1,2.9,9.4,80,8,222,3,29.9,29.5,30.0,28.6,29.799999999999997,29.842857142857145,29.435714285714283,2.5,5.3,3.3,10.3,3.7000000000000006,4.057142857142858,6.092857142857143
2017-08-11,35.7,27.5,30.6,4.2,9.2,77,8,223,3,30.1,29.9,29.5,30.3,29.83333333333333,30.057142857142857,29.45,2.9,2.5,5.3,4.0,3.5666666666666678,3.000000000000001,6.207142857142856
2017-08-12,35.8,25.8,30.6,6.9,9.7,78,8,224,3,30.6,30.1,29.9,30.1,30.2,30.099999999999998,29.52857142857143,4.2,2.9,2.5,2.6,3.200000000000001,3.0285714285714294,6.285714285714286
2017-08-13,34.2,25.8,29.4,20.9,21.7,80,8,225,3,30.6,30.6,30.1,30.5,30.433333333333334,30.171428571428574,29.614285714285717,6.9,4.2,2.9,0.4,4.666666666666668,3.6428571428571437,6.15
2017-08-14,31.8,24.1,27.4,30.2,13.7,83,8,226,3,29.4,30.6,30.6,30.0,30.2,30.014285714285712,29.571428571428573,20.9,6.9,4.2,3.3,10.666666666666666,6.571428571428572,7.621428571428571
2017-08-15,33.2,25.0,28.9,0.0,8.8,76,8,227,3,27.4,29.4,30.6,29.5,29.13333333333333,29.642857142857142,29.478571428571428,30.2,20.9,6.9,5.3,19.333333333333332,10.414285714285715,9.414285714285715
2017-08-16,35.1,25.5,30.0,0.0,9.1,71,8,228,3,28.9,27.4,29.4,29.9,28.566666666666663,29.557142857142857,29.55,0.0,30.2,20.9,2.5,17.033333333333335,9.657142857142858,7.864285714285714
2017-08-17,36.0,26.0,30.8,0.0,10.0,70,8,229,3,30.0,28.9,27.4,30.1,28.766666666666666,29.571428571428573,29.707142857142856,0.0,0.0,30.2,2.9,10.066666666666668,9.3,6.678571428571429
2017-08-18,36.0,26.9,31.1,0.0,8.4,71,8,230,3,30.8,30.0,28.9,30.6,29.899999999999995,29.67142857142857,29.864285714285717,0.0,0.0,0.0,4.2,0.0,8.885714285714286,5.942857142857142
2017-08-19,33.9,27.4,30.0,1.5,16.5,79,8,231,3,31.1,30.8,30.0,30.6,30.633333333333336,29.742857142857144,29.921428571428574,0.0,0.0,0.0,6.9,0.0,8.285714285714286,5.657142857142857
2017-08-20,32.2,26.1,28.7,0.6,13.7,77,8,232,3,30.0,31.1,30.8,29.4,30.633333333333336,29.657142857142855,29.914285714285715,1.5,0.0,0.0,20.9,0.5000000000000012,7.514285714285715,5.578571428571428
2017-08-21,33.2,25.6,29.3,0.0,14.2,76,8,233,3,28.7,30.0,31.1,27.4,29.933333333333334,29.557142857142857,29.785714285714285,0.6,1.5,0.0,30.2,0.7000000000000012,4.614285714285715,5.5928571428571425
2017-08-22,33.4,26.4,29.7,0.3,11.7,78,8,234,3,29.3,28.7,30.0,28.9,29.333333333333332,29.82857142857143,29.735714285714288,0.0,0.6,1.5,0.0,0.7000000000000012,0.30000000000000104,5.357142857142857
2017-08-23,33.7,26.5,30.0,0.0,13.5,76,8,235,3,29.7,29.3,28.7,30.0,29.23333333333333,29.942857142857143,29.75,0.3,0.0,0.6,0.0,0.30000000000000115,0.34285714285714386,5.0
2017-08-24,32.9,26.8,29.4,1.0,17.4,79,8,236,3,30.0,29.7,29.3,30.8,29.66666666666666,29.942857142857143,29.75714285714286,0.0,0.3,0.0,0.0,0.10000000000000119,0.34285714285714386,4.821428571428571
2017-08-25,31.7,26.1,28.4,8.5,11.9,81,8,237,3,29.4,30.0,29.7,31.1,29.7,29.742857142857144,29.707142857142856,1.0,0.0,0.3,0.0,0.4333333333333345,0.4857142857142867,4.685714285714286
2017-08-26,32.4,24.5,28.1,10.1,12.6,79,8,238,3,28.4,29.4,30.0,30.0,29.266666666666662,29.357142857142858,29.550000000000004,8.5,1.0,0.0,1.5,3.166666666666668,1.700000000000001,4.992857142857143
2017-08-27,35.0,25.2,29.7,0.0,13.8,73,8,239,3,28.1,28.4,29.4,28.7,28.63333333333333,29.085714285714285,29.37142857142857,10.1,8.5,1.0,0.6,6.533333333333334,2.9285714285714297,5.221428571428571
2017-08-28,34.6,26.0,29.9,0.0,12.9,70,8,240,3,29.7,28.1,28.4,29.3,28.73333333333333,29.228571428571428,29.392857142857142,0.0,10.1,8.5,0.0,6.2,2.842857142857144,3.7285714285714286
2017-08-29,31.5,25.0,27.5,11.9,15.6,79,8,241,3,29.9,29.7,28.1,29.7,29.23333333333333,29.314285714285713,29.571428571428573,0.0,0.0,10.1,0.3,3.3666666666666676,2.842857142857144,1.5714285714285714
2017-08-30,32.4,24.6,27.7,4.7,14.6,78,8,242,3,27.5,29.9,29.7,30.0,29.03333333333333,29.0,29.47142857142857,11.9,0.0,0.0,0.0,3.966666666666668,4.500000000000001,2.4214285714285713
2017-08-31,33.4,25.7,29.0,0.4,11.7,74,8,243,3,27.7,27.5,29.9,29.4,28.366666666666664,28.67142857142857,29.307142857142857,4.7,11.9,0.0,1.0,5.533333333333335,5.171428571428573,2.757142857142857
2017-09-01,31.2,24.7,27.7,0.5,11.7,79,9,244,4,29.0,27.7,27.5,28.4,28.066666666666663,28.61428571428571,29.178571428571427,0.4,4.7,11.9,8.5,5.666666666666668,5.085714285714287,2.7857142857142856
2017-09-02,31.4,24.2,27.2,0.7,8.6,82,9,245,4,27.7,29.0,27.7,28.1,28.13333333333333,28.514285714285712,28.935714285714283,0.5,0.4,4.7,10.1,1.866666666666668,3.942857142857144,2.8214285714285716
2017-09-03,31.8,23.3,27.4,0.0,9.0,79,9,246,4,27.2,27.7,29.0,29.7,27.966666666666665,28.385714285714283,28.735714285714284,0.7,0.5,0.4,0.0,0.5333333333333345,2.600000000000001,2.7642857142857147
2017-09-04,32.7,25.1,28.0,3.3,12.3,81,9,247,4,27.4,27.2,27.7,29.9,27.433333333333326,28.057142857142857,28.642857142857142,0.0,0.7,0.5,0.0,0.40000000000000124,2.600000000000001,2.7214285714285715
2017-09-05,32.2,25.1,28.5,0.5,9.7,78,9,248,4,28.0,27.4,27.2,27.5,27.53333333333333,27.785714285714285,28.55,3.3,0.0,0.7,11.9,1.3333333333333346,3.0714285714285725,2.957142857142857
2017-09-06,32.0,25.8,28.4,2.2,6.8,79,9,249,4,28.5,28.0,27.4,27.7,27.966666666666665,27.928571428571427,28.464285714285715,0.5,3.3,0.0,4.7,1.2666666666666677,1.4428571428571437,2.9714285714285715
2017-09-07,31.4,24.5,27.4,9.9,10.0,82,9,250,4,28.4,28.5,28.0,29.0,28.299999999999997,28.028571428571432,28.349999999999998,2.2,0.5,3.3,0.4,2.0000000000000013,1.0857142857142867,3.128571428571429
2017-09-08,33.7,24.2,28.8,0.0,7.2,72,9,251,4,27.4,28.4,28.5,27.7,28.099999999999998,27.8,28.207142857142856,9.9,2.2,0.5,0.5,4.200000000000002,2.442857142857144,3.7642857142857147
2017-09-09,33.9,25.4,29.6,0.0,7.1,70,9,252,4,28.8,27.4,28.4,27.2,28.2,27.957142857142856,28.235714285714284,0.0,9.9,2.2,0.7,4.033333333333334,2.3714285714285728,3.1571428571428575
2017-09-10,32.3,25.6,28.3,3.1,14.6,76,9,253,4,29.6,28.8,27.4,27.4,28.599999999999994,28.3,28.342857142857145,0.0,0.0,9.9,0.0,3.3000000000000007,2.2714285714285727,2.435714285714286
2017-09-11,33.4,24.9,28.6,0.4,12.6,71,9,254,4,28.3,29.6,28.8,28.0,28.900000000000002,28.428571428571427,28.242857142857144,3.1,0.0,0.0,3.3,1.0333333333333345,2.7142857142857153,2.6571428571428575
2017-09-12,33.7,24.4,29.0,0.0,7.3,68,9,255,4,28.6,28.3,29.6,28.5,28.833333333333332,28.514285714285712,28.15,0.4,3.1,0.0,0.5,1.1666666666666679,2.300000000000001,2.685714285714286
2017-09-13,34.1,25.2,28.9,2.2,19.3,71,9,256,4,29.0,28.6,28.3,28.4,28.63333333333333,28.585714285714285,28.257142857142856,0.0,0.4,3.1,2.2,1.1666666666666679,2.2285714285714295,1.8357142857142859
2017-09-14,34.0,23.7,28.5,0.9,10.8,65,9,257,4,28.9,29.0,28.6,27.4,28.833333333333332,28.657142857142855,28.342857142857145,2.2,0.0,0.4,9.9,0.8666666666666679,2.22857142857143,1.657142857142857
2017-09-15,35.6,23.8,28.9,0.0,13.6,53,9,258,4,28.5,28.9,29.0,28.8,28.799999999999997,28.814285714285717,28.307142857142857,0.9,2.2,0.0,0.0,1.0333333333333345,0.942857142857144,1.692857142857143
2017-09-16,36.6,22.7,29.2,0.0,12.2,47,9,259,4,28.9,28.5,28.9,29.6,28.766666666666662,28.82857142857143,28.392857142857142,0.0,0.9,2.2,0.0,1.0333333333333345,0.942857142857144,1.6571428571428573
2017-09-17,37.4,23.4,29.6,0.0,16.1,42,9,260,4,29.2,28.9,28.5,28.3,28.866666666666664,28.771428571428572,28.535714285714285,0.0,0.0,0.9,3.1,0.3000000000000012,0.942857142857144,1.6071428571428574
2017-09-18,37.8,22.8,29.5,0.0,12.5,39,9,261,4,29.6,29.2,28.9,28.6,29.23333333333333,28.957142857142856,28.692857142857143,0.0,0.0,0.0,0.4,0.0,0.500000000000001,1.6071428571428574
2017-09-19,37.2,22.8,29.3,0.0,8.5,44,9,262,4,29.5,29.6,29.2,29.0,29.433333333333326,29.085714285714285,28.8,0.0,0.0,0.0,0.0,0.0,0.4428571428571439,1.3714285714285717
2017-09-20,36.4,23.0,29.3,0.0,10.0,47,9,263,4,29.3,29.5,29.6,28.9,29.466666666666665,29.12857142857143,28.857142857142858,0.0,0.0,0.0,2.2,0.0,0.4428571428571439,1.3357142857142859
2017-09-21,36.0,23.0,29.2,0.0,11.4,47,9,264,4,29.3,29.3,29.5,28.5,29.366666666666664,29.185714285714287,28.92142857142857,0.0,0.0,0.0,0.9,0.0,0.12857142857142959,1.1785714285714288
2017-09-22,35.2,23.1,28.6,0.0,13.3,64,9,265,4,29.2,29.3,29.3,28.9,29.266666666666666,29.285714285714285,29.050000000000004,0.0,0.0,0.0,0.0,0.0,0.0,0.4714285714285715
2017-09-23,34.9,23.5,28.2,0.0,11.6,71,9,266,4,28.6,29.2,29.3,29.2,29.03333333333333,29.24285714285714,29.035714285714285,0.0,0.0,0.0,0.0,0.0,0.0,0.4714285714285715
2017-09-24,33.8,23.4,28.0,0.0,8.0,74,9,267,4,28.2,28.6,29.2,29.6,28.666666666666668,29.099999999999998,28.935714285714287,0.0,0.0,0.0,0.0,0.0,0.0,0.4714285714285715
2017-09-25,34.8,23.9,28.7,0.0,7.9,69,9,268,4,28.0,28.2,28.6,29.5,28.266666666666662,28.871428571428574,28.91428571428571,0.0,0.0,0.0,0.0,0.0,0.0,0.25
2017-09-26,35.5,24.4,29.2,0.0,9.6,60,9,269,4,28.7,28.0,28.2,29.3,28.299999999999997,28.75714285714286,28.921428571428574,0.0,0.0,0.0,0.0,0.0,0.0,0.22142857142857145
2017-09-27,35.8,23.7,29.4,0.0,9.2,53,9,270,4,29.2,28.7,28.0,29.3,28.63333333333333,28.74285714285714,28.935714285714287,0.0,0.0,0.0,0.0,0.0,0.0,0.22142857142857145
2017-09-28,36.2,24.5,29.6,0.0,8.5,50,9,271,4,29.4,29.2,28.7,29.2,29.099999999999994,28.757142857142856,28.971428571428568,0.0,0.0,0.0,0.0,0.0,0.0,0.0642857142857143
2017-09-29,36.4,23.6,29.3,0.0,8.8,52,9,272,4,29.6,29.4,29.2,28.6,29.399999999999995,28.814285714285713,29.05,0.0,0.0,0.0,0.0,0.0,0.0,0.0
2017-09-30,36.5,23.4,29.4,0.0,9.3,47,9,273,4,29.3,29.6,29.4,28.2,29.433333333333334,28.914285714285715,29.07857142857143,0.0,0.0,0.0,0.0,0.0,0.0,0.0
2017-10-01,35.9,22.5,28.7,0.0,9.8,51,10,274,4,29.4,29.3,29.6,28.0,29.433333333333334,29.085714285714285,29.092857142857145,0.0,0.0,0.0,0.0,0.0,0.0,0.0
2017-10-02,35.9,22.0,28.6,0.0,8.9,55,10,275,4,28.7,29.4,29.3,28.7,29.13333333333333,29.185714285714287,29.02857142857143,0.0,0.0,0.0,0.0,0.0,0.0,0.0
2017-10-03,35.6,22.1,28.3,0.0,10.9,56,10,276,4,28.6,28.7,29.4,29.2,28.899999999999995,29.17142857142857,28.964285714285715,0.0,0.0,0.0,0.0,0.0,0.0,0.0
2017-10-04,35.6,22.6,28.4,0.0,10.7,54,10,277,4,28.3,28.6,28.7,29.4,28.53333333333333,29.042857142857144,28.892857142857142,0.0,0.0,0.0,0.0,0.0,0.0,0.0
2017-10-05,35.4,22.6,28.4,0.0,10.5,52,10,278,4,28.4,28.3,28.6,29.6,28.433333333333334,28.900000000000002,28.82857142857143,0.0,0.0,0.0,0.0,0.0,0.0,0.0
2017-10-06,35.6,21.6,28.1,0.0,10.5,48,10,279,4,28.4,28.4,28.3,29.3,28.366666666666664,28.728571428571428,28.77142857142857,0.0,0.0,0.0,0.0,0.0,0.0,0.0
2017-10-07,35.5,21.8,28.2,0.0,10.4,49,10,280,4,28.1,28.4,28.4,29.4,28.299999999999997,28.557142857142857,28.735714285714288,0.0,0.0,0.0,0.0,0.0,0.0,0.0
2017-10-08,35.1,22.3,27.4,0.5,17.7,56,10,281,4,28.2,28.1,28.4,28.7,28.23333333333333,28.385714285714283,28.735714285714288,0.0,0.0,0.0,0.0,0.0,0.0,0.0
2017-10-09,34.6,21.9,26.5,2.5,9.7,60,10,282,4,27.4,28.2,28.1,28.6,27.899999999999995,28.2,28.692857142857143,0.5,0.0,0.0,0.0,0.16666666666666785,0.07142857142857244,0.03571428571428571
2017-10-10,34.1,20.9,26.8,0.0,10.1,60,10,283,4,26.5,27.4,28.2,28.3,27.366666666666664,27.900000000000002,28.535714285714285,2.5,0.5,0.0,0.0,1.000000000000001,0.4285714285714296,0.21428571428571427
2017-10-11,34.2,20.2,26.6,0.1,11.9,55,10,284,4,26.8,26.5,27.4,28.4,26.899999999999995,27.685714285714283,28.36428571428571,0.0,2.5,0.5,0.0,1.000000000000001,0.4285714285714296,0.21428571428571427
2017-10-12,34.1,20.8,26.5,0.0,8.7,54,10,285,4,26.6,26.8,26.5,28.4,26.63333333333333,27.428571428571427,28.164285714285715,0.1,0.0,2.5,0.0,0.8666666666666679,0.4428571428571439,0.22142857142857145
2017-10-13,33.8,20.0,26.2,0.0,17.7,52,10,286,4,26.5,26.6,26.8,28.1,26.63333333333333,27.157142857142862,27.942857142857143,0.0,0.1,0.0,0.0,0.03333333333333452,0.4428571428571439,0.22142857142857145
2017-10-14,33.4,19.5,26.3,0.0,7.6,54,10,287,4,26.2,26.5,26.6,28.2,26.433333333333334,26.885714285714283,27.721428571428568,0.0,0.0,0.1,0.0,0.03333333333333452,0.4428571428571439,0.22142857142857145
2017-10-15,33.1,19.4,25.6,0.3,10.7,55,10,288,4,26.3,26.2,26.5,27.4,26.33333333333333,26.614285714285717,27.5,0.0,0.0,0.0,0.5,0.0,0.4428571428571439,0.22142857142857145
2017-10-16,34.2,18.9,25.4,0.0,11.2,50,10,289,4,25.6,26.3,26.2,26.5,26.03333333333333,26.357142857142858,27.278571428571432,0.3,0.0,0.0,2.5,0.10000000000000119,0.4142857142857153,0.24285714285714285
2017-10-17,33.3,19.4,25.3,0.0,9.9,46,10,290,4,25.4,25.6,26.3,26.8,25.766666666666666,26.2,27.05,0.0,0.3,0.0,0.0,0.10000000000000119,0.05714285714285816,0.24285714285714285
2017-10-18,32.5,18.4,25.6,0.0,10.0,51,10,291,4,25.3,25.4,25.6,26.6,25.433333333333334,25.985714285714288,26.835714285714285,0.0,0.0,0.3,0.1,0.10000000000000119,0.05714285714285816,0.24285714285714285
2017-10-19,32.4,19.3,25.2,0.0,11.1,59,10,292,4,25.6,25.3,25.4,26.5,25.433333333333326,25.842857142857138,26.635714285714283,0.0,0.0,0.0,0.0,0.0,0.04285714285714388,0.24285714285714285
2017-10-20,32.9,18.4,24.9,0.0,10.5,59,10,293,4,25.2,25.6,25.3,26.2,25.366666666666664,25.657142857142855,26.407142857142862,0.0,0.0,0.0,0.0,0.0,0.04285714285714388,0.24285714285714285
2017-10-21,32.7,18.0,24.5,0.0,10.4,53,10,294,4,24.9,25.2,25.6,26.3,25.23333333333333,25.47142857142857,26.178571428571427,0.0,0.0,0.0,0.0,0.0,0.04285714285714388,0.24285714285714285
2017-10-22,32.0,19.0,24.4,0.5,10.7,54,10,295,4,24.5,24.9,25.2,25.6,24.866666666666664,25.214285714285715,25.914285714285715,0.0,0.0,0.0,0.3,0.0,0.04285714285714388,0.24285714285714285
2017-10-23,31.0,17.0,23.3,0.0,8.2,57,10,296,4,24.4,24.5,24.9,25.4,24.599999999999994,25.04285714285714,25.699999999999996,0.5,0.0,0.0,0.0,0.16666666666666785,0.07142857142857244,0.24285714285714285
2017-10-24,31.9,17.7,23.4,0.0,16.8,47,10,297,4,23.3,24.4,24.5,25.3,24.066666666666663,24.74285714285714,25.471428571428568,0.0,0.5,0.0,0.0,0.16666666666666785,0.07142857142857244,0.0642857142857143
2017-10-25,29.7,15.7,22.3,0.0,9.4,49,10,298,4,23.4,23.3,24.4,25.6,23.7,24.47142857142857,25.22857142857143,0.0,0.0,0.5,0.0,0.16666666666666785,0.07142857142857244,0.0642857142857143
2017-10-26,30.3,15.7,22.2,0.0,9.1,61,10,299,4,22.3,23.4,23.3,25.2,22.999999999999996,23.999999999999996,24.92142857142857,0.0,0.0,0.0,0.0,0.0,0.07142857142857244,0.05714285714285715
2017-10-27,29.5,15.0,22.1,0.0,10.1,60,10,300,4,22.2,22.3,23.4,24.9,22.63333333333333,23.571428571428573,24.614285714285717,0.0,0.0,0.0,0.0,0.0,0.07142857142857244,0.05714285714285715
2017-10-28,29.6,15.7,23.0,0.0,8.3,58,10,301,4,22.1,22.2,22.3,24.5,22.2,23.17142857142857,24.321428571428573,0.0,0.0,0.0,0.0,0.0,0.07142857142857244,0.05714285714285715
2017-10-29,29.5,16.5,22.0,0.3,9.2,65,10,302,4,23.0,22.1,22.2,24.4,22.433333333333334,22.957142857142856,24.085714285714285,0.0,0.0,0.0,0.5,0.0,0.07142857142857244,0.05714285714285715
2017-10-30,28.8,15.9,22.4,0.0,7.6,66,10,303,4,22.0,23.0,22.1,23.3,22.366666666666664,22.614285714285717,23.828571428571426,0.3,0.0,0.0,0.0,0.10000000000000119,0.04285714285714387,0.05714285714285715
2017-10-31,28.8,16.8,22.4,0.0,9.1,66,10,304,4,22.4,22.0,23.0,23.4,22.466666666666665,22.485714285714288,23.614285714285717,0.0,0.3,0.0,0.0,0.10000000000000119,0.04285714285714387,0.05714285714285715
2017-11-01,28.5,15.8,22.1,0.0,6.9,70,11,305,4,22.4,22.4,22.0,22.3,22.266666666666662,22.342857142857138,23.407142857142855,0.0,0.0,0.3,0.0,0.10000000000000119,0.04285714285714387,0.05714285714285715
2017-11-02,28.4,17.0,22.5,0.0,7.0,71,11,306,4,22.1,22.4,22.4,22.2,22.299999999999997,22.314285714285717,23.157142857142862,0.0,0.0,0.0,0.0,0.0,0.04285714285714387,0.05714285714285715
2017-11-03,27.9,17.5,22.1,0.0,8.0,75,11,307,4,22.5,22.1,22.4,22.1,22.333333333333332,22.357142857142858,22.964285714285715,0.0,0.0,0.0,0.0,0.0,0.04285714285714387,0.05714285714285715
2017-11-04,28.2,15.9,22.3,0.0,7.8,75,11,308,4,22.1,22.5,22.1,23.0,22.23333333333333,22.357142857142858,22.764285714285712,0.0,0.0,0.0,0.0,0.0,0.04285714285714387,0.05714285714285715
2017-11-05,28.1,16.4,22.0,0.0,8.1,75,11,309,4,22.3,22.1,22.5,22.0,22.299999999999997,22.25714285714286,22.607142857142858,0.0,0.0,0.0,0.3,0.0,0.04285714285714387,0.05714285714285715
2017-11-06,27.9,16.1,22.0,0.0,7.9,78,11,310,4,22.0,22.3,22.1,22.4,22.13333333333333,22.25714285714286,22.435714285714287,0.0,0.0,0.0,0.0,0.0,0.0,0.02142857142857143
2017-11-07,27.3,16.4,21.7,0.0,7.7,80,11,311,4,22.0,22.0,22.3,22.4,22.099999999999998,22.2,22.342857142857145,0.0,0.0,0.0,0.0,0.0,0.0,0.02142857142857143
2017-11-08,27.1,16.1,21.4,0.0,8.6,80,11,312,4,21.7,22.0,22.0,22.1,21.899999999999995,22.099999999999998,22.221428571428568,0.0,0.0,0.0,0.0,0.0,0.0,0.02142857142857143
2017-11-09,26.8,13.9,20.7,0.0,8.0,76,11,313,4,21.4,21.7,22.0,22.5,21.7,22.0,22.157142857142862,0.0,0.0,0.0,0.0,0.0,0.0,0.02142857142857143
2017-11-10,26.3,13.9,20.0,0.0,8.7,78,11,314,4,20.7,21.4,21.7,22.1,21.266666666666666,21.74285714285714,22.05,0.0,0.0,0.0,0.0,0.0,0.0,0.02142857142857143
2017-11-11,26.0,14.7,19.9,0.0,9.0,81,11,315,4,20.0,20.7,21.4,22.3,20.7,21.442857142857143,21.900000000000002,0.0,0.0,0.0,0.0,0.0,0.0,0.02142857142857143
2017-11-12,25.6,13.3,18.8,0.0,8.8,82,11,316,4,19.9,20.0,20.7,22.0,20.2,21.099999999999998,21.678571428571427,0.0,0.0,0.0,0.0,0.0,0.0,0.02142857142857143
2017-11-13,24.8,13.9,18.6,0.0,9.6,83,11,317,4,18.8,19.9,20.0,22.0,19.566666666666663,20.642857142857142,21.45,0.0,0.0,0.0,0.0,0.0,0.0,0.0
2017-11-14,20.4,14.1,16.3,13.2,19.7,89,11,318,4,18.6,18.8,19.9,21.7,19.099999999999998,20.157142857142855,21.178571428571427,0.0,0.0,0.0,0.0,0.0,0.0,0.0
2017-11-15,20.3,12.8,15.5,7.4,15.9,85,11,319,4,16.3,18.6,18.8,21.4,17.899999999999995,19.385714285714283,20.74285714285714,13.2,0.0,0.0,0.0,4.400000000000001,1.8857142857142866,0.9428571428571428
2017-11-16,22.0,12.4,16.2,0.5,13.7,75,11,320,4,15.5,16.3,18.6,20.7,16.799999999999997,18.54285714285714,20.27142857142857,7.4,13.2,0.0,0.0,6.866666666666667,2.942857142857144,1.4714285714285715
2017-11-17,21.9,11.2,15.7,0.0,7.1,80,11,321,4,16.2,15.5,16.3,20.0,15.999999999999998,17.900000000000002,19.821428571428573,0.5,7.4,13.2,0.0,7.033333333333334,3.0142857142857156,1.5071428571428573
2017-11-18,22.2,11.7,15.8,0.0,9.4,69,11,322,4,15.7,16.2,15.5,19.9,15.799999999999997,17.285714285714285,19.364285714285717,0.0,0.5,7.4,0.0,2.6333333333333346,3.0142857142857156,1.5071428571428573
2017-11-19,21.8,11.0,16.1,0.0,9.4,65,11,323,4,15.8,15.7,16.2,18.8,15.899999999999997,16.7,18.900000000000002,0.0,0.0,0.5,0.0,0.16666666666666785,3.0142857142857156,1.5071428571428573
2017-11-20,22.3,9.2,15.5,0.0,9.2,70,11,324,4,16.1,15.8,15.7,18.6,15.866666666666665,16.314285714285713,18.478571428571428,0.0,0.0,0.0,0.0,0.0,3.0142857142857156,1.5071428571428573
2017-11-21,22.9,10.9,15.5,0.0,12.7,60,11,325,4,15.5,16.1,15.8,16.3,15.799999999999997,15.87142857142857,18.014285714285712,0.0,0.0,0.0,13.2,0.0,3.0142857142857156,1.5071428571428573
2017-11-22,22.1,9.7,14.8,0.0,10.7,55,11,326,4,15.5,15.5,16.1,15.5,15.699999999999998,15.757142857142856,17.571428571428573,0.0,0.0,0.0,7.4,0.0,1.1285714285714297,1.5071428571428573
2017-11-23,22.1,9.9,15.9,0.0,9.4,51,11,327,4,14.8,15.5,15.5,16.2,15.266666666666666,15.657142857142857,17.1,0.0,0.0,0.0,0.5,0.0,0.07142857142857244,1.5071428571428573
2017-11-24,22.5,8.0,15.2,0.0,11.0,65,11,328,4,15.9,14.8,15.5,15.7,15.399999999999999,15.614285714285716,16.757142857142856,0.0,0.0,0.0,0.0,0.0,0.0,1.5071428571428573
2017-11-25,22.6,8.4,15.0,0.0,9.7,65,11,329,4,15.2,15.9,14.8,15.8,15.299999999999997,15.542857142857144,16.414285714285715,0.0,0.0,0.0,0.0,0.0,0.0,1.5071428571428573
2017-11-26,22.6,8.3,14.7,0.0,10.3,73,11,330,4,15.0,15.2,15.9,16.1,15.366666666666665,15.428571428571429,16.064285714285713,0.0,0.0,0.0,0.0,0.0,0.0,1.5071428571428573
2017-11-27,23.4,9.7,15.5,0.0,10.8,71,11,331,4,14.7,15.0,15.2,15.5,14.966666666666663,15.228571428571428,15.771428571428572,0.0,0.0,0.0,0.0,0.0,0.0,1.5071428571428573
2017-11-28,22.6,8.9,15.5,0.0,8.1,73,11,332,4,15.5,14.7,15.0,15.5,15.066666666666663,15.228571428571428,15.55,0.0,0.0,0.0,0.0,0.0,0.0,1.5071428571428573
2017-11-29,23.2,9.8,15.2,0.0,10.0,74,11,333,4,15.5,15.5,14.7,14.8,15.233333333333329,15.228571428571428,15.492857142857144,0.0,0.0,0.0,0.0,0.0,0.0,0.5642857142857143
2017-11-30,23.0,9.5,15.1,0.0,11.4,69,11,334,4,15.2,15.5,15.5,15.9,15.399999999999999,15.285714285714286,15.471428571428572,0.0,0.0,0.0,0.0,0.0,0.0,0.03571428571428571
2017-12-01,22.4,8.0,15.4,0.0,9.1,62,12,335,1,15.1,15.2,15.5,15.2,15.266666666666666,15.171428571428569,15.392857142857142,0.0,0.0,0.0,0.0,0.0,0.0,0.0
2017-12-02,22.5,8.0,15.5,0.0,6.4,63,12,336,1,15.4,15.1,15.2,15.0,15.233333333333333,15.2,15.37142857142857,0.0,0.0,0.0,0.0,0.0,0.0,0.0
2017-12-03,22.0,7.9,14.4,0.0,10.0,75,12,337,1,15.5,15.4,15.1,14.7,15.33333333333333,15.27142857142857,15.35,0.0,0.0,0.0,0.0,0.0,0.0,0.0
2017-12-04,21.6,8.2,14.0,0.0,9.7,71,12,338,1,14.4,15.5,15.4,15.5,15.1,15.22857142857143,15.22857142857143,0.0,0.0,0.0,0.0,0.0,0.0,0.0
2017-12-05,22.0,7.2,13.8,0.0,13.7,60,12,339,1,14.0,14.4,15.5,15.5,14.633333333333331,15.014285714285716,15.12142857142857,0.0,0.0,0.0,0.0,0.0,0.0,0.0
2017-12-06,20.8,6.7,12.8,0.0,12.9,47,12,340,1,13.8,14.0,14.4,15.2,14.066666666666665,14.771428571428572,15.0,0.0,0.0,0.0,0.0,0.0,0.0,0.0
2017-12-07,21.5,6.9,13.2,0.0,11.3,55,12,341,1,12.8,13.8,14.0,15.1,13.533333333333331,14.428571428571429,14.857142857142858,0.0,0.0,0.0,0.0,0.0,0.0,0.0
2017-12-08,22.7,7.1,13.8,0.0,12.3,60,12,342,1,13.2,12.8,13.8,15.4,13.266666666666666,14.157142857142858,14.664285714285715,0.0,0.0,0.0,0.0,0.0,0.0,0.0
2017-12-09,21.7,5.9,13.5,0.0,10.5,65,12,343,1,13.8,13.2,12.8,15.5,13.266666666666666,13.928571428571429,14.564285714285715,0.0,0.0,0.0,0.0,0.0,0.0,0.0
2017-12-10,21.4,7.9,14.1,0.6,9.6,67,12,344,1,13.5,13.8,13.2,14.4,13.499999999999998,13.642857142857142,14.457142857142857,0.0,0.0,0.0,0.0,0.0,0.0,0.0
2017-12-11,16.0,11.7,13.8,17.8,16.8,82,12,345,1,14.1,13.5,13.8,14.0,13.799999999999997,13.6,14.414285714285713,0.6,0.0,0.0,0.0,0.20000000000000118,0.08571428571428673,0.04285714285714286
2017-12-12,18.1,10.2,14.0,4.6,13.8,82,12,346,1,13.8,14.1,13.5,13.8,13.799999999999997,13.571428571428571,14.292857142857143,17.8,0.6,0.0,0.0,6.1333333333333355,2.62857142857143,1.3142857142857145
2017-12-13,17.0,8.0,11.5,0.4,11.6,86,12,347,1,14.0,13.8,14.1,12.8,13.966666666666663,13.6,14.185714285714285,4.6,17.8,0.6,0.0,7.666666666666669,3.285714285714287,1.6428571428571428
2017-12-14,17.7,7.0,11.3,0.0,10.8,78,12,348,1,11.5,14.0,13.8,13.2,13.099999999999996,13.414285714285715,13.921428571428573,0.4,4.6,17.8,0.0,7.600000000000001,3.3428571428571443,1.6714285714285715
2017-12-15,17.9,6.0,10.8,0.0,14.8,70,12,349,1,11.3,11.5,14.0,13.8,12.266666666666666,13.142857142857142,13.650000000000002,0.0,0.4,4.6,0.0,1.6666666666666679,3.3428571428571443,1.6714285714285715
2017-12-16,19.1,7.1,11.9,0.0,15.0,51,12,350,1,10.8,11.3,11.5,13.5,11.199999999999998,12.714285714285714,13.321428571428571,0.0,0.0,0.4,0.0,0.13333333333333452,3.3428571428571443,1.6714285714285715
2017-12-17,20.5,7.3,12.8,0.0,16.0,42,12,351,1,11.9,10.8,11.3,14.1,11.333333333333334,12.485714285714286,13.064285714285715,0.0,0.0,0.0,0.6,0.0,3.3428571428571443,1.6714285714285715
2017-12-18,22.3,8.9,14.4,0.0,15.5,45,12,352,1,12.8,11.9,10.8,13.8,11.83333333333333,12.299999999999999,12.950000000000001,0.0,0.0,0.0,17.8,0.0,3.2571428571428584,1.6714285714285715
2017-12-19,22.6,8.0,14.4,0.0,12.2,56,12,353,1,14.4,12.8,11.9,14.0,13.033333333333331,12.385714285714286,12.978571428571428,0.0,0.0,0.0,4.6,0.0,0.7142857142857153,1.6714285714285715
2017-12-20,23.9,10.5,16.3,0.0,10.2,63,12,354,1,14.4,14.4,12.8,11.5,13.866666666666665,12.442857142857141,13.02142857142857,0.0,0.0,0.0,0.4,0.0,0.05714285714285816,1.6714285714285715
2017-12-21,22.6,9.8,15.2,0.0,10.2,71,12,355,1,16.3,14.4,14.4,11.3,15.033333333333331,13.12857142857143,13.271428571428572,0.0,0.0,0.0,0.0,0.0,0.0,1.6714285714285715
2017-12-22,23.0,11.1,15.5,0.0,16.1,60,12,356,1,15.2,16.3,14.4,10.8,15.299999999999997,13.685714285714287,13.414285714285715,0.0,0.0,0.0,0.0,0.0,0.0,1.6714285714285715
2017-12-23,19.8,8.9,13.8,0.0,10.0,59,12,357,1,15.5,15.2,16.3,11.9,15.666666666666664,14.357142857142858,13.535714285714286,0.0,0.0,0.0,0.0,0.0,0.0,1.6714285714285715
2017-12-24,20.0,7.5,12.4,0.0,9.7,74,12,358,1,13.8,15.5,15.2,12.8,14.83333333333333,14.62857142857143,13.557142857142859,0.0,0.0,0.0,0.0,0.0,0.0,1.6714285714285715
2017-12-25,21.0,7.0,12.7,0.0,12.0,69,12,359,1,12.4,13.8,15.5,14.4,13.899999999999999,14.571428571428571,13.435714285714287,0.0,0.0,0.0,0.0,0.0,0.0,1.6285714285714286
2017-12-26,20.8,6.5,13.3,0.0,9.0,66,12,360,1,12.7,12.4,13.8,14.4,12.966666666666663,14.328571428571427,13.357142857142858,0.0,0.0,0.0,0.0,0.0,0.0,0.35714285714285715
2017-12-27,21.0,9.2,14.2,0.0,9.1,71,12,361,1,13.3,12.7,12.4,16.3,12.799999999999997,14.171428571428573,13.307142857142859,0.0,0.0,0.0,0.0,0.0,0.0,0.028571428571428574
2017-12-28,20.3,6.8,13.2,0.0,9.9,69,12,362,1,14.2,13.3,12.7,15.2,13.399999999999999,13.87142857142857,13.5,0.0,0.0,0.0,0.0,0.0,0.0,0.0
2017-12-29,21.2,6.2,12.4,0.0,11.7,72,12,363,1,13.2,14.2,13.3,15.5,13.566666666666663,13.585714285714287,13.635714285714284,0.0,0.0,0.0,0.0,0.0,0.0,0.0
2017-12-30,20.1,5.2,11.8,0.0,8.7,73,12,364,1,12.4,13.2,14.2,13.8,13.266666666666666,13.142857142857142,13.75,0.0,0.0,0.0,0.0,0.0,0.0,0.0
2017-12-31,19.4,6.4,12.1,0.0,8.0,74,12,365,1,11.8,12.4,13.2,12.4,12.466666666666663,12.857142857142858,13.742857142857144,0.0,0.0,0.0,0.0,0.0,0.0,0.0
2018-01-01,19.0,5.3,11.7,0.0,10.5,76,1,1,1,12.1,11.8,12.4,12.7,12.1,12.814285714285715,13.692857142857141,0.0,0.0,0.0,0.0,0.0,0.0,0.0
2018-01-02,18.6,5.0,11.2,0.0,8.4,81,1,2,1,11.7,12.1,11.8,13.3,11.866666666666665,12.671428571428573,13.5,0.0,0.0,0.0,0.0,0.0,0.0,0.0
2018-01-03,18.8,5.4,11.5,0.0,10.9,77,1,3,1,11.2,11.7,12.1,14.2,11.666666666666664,12.371428571428572,13.271428571428572,0.0,0.0,0.0,0.0,0.0,0.0,0.0
2018-01-04,18.2,4.8,11.2,2.7,10.8,79,1,4,1,11.5,11.2,11.7,13.2,11.466666666666663,11.985714285714286,12.928571428571429,0.0,0.0,0.0,0.0,0.0,0.0,0.0
2018-01-05,18.7,5.1,11.4,0.0,10.5,74,1,5,1,11.2,11.5,11.2,12.4,11.299999999999997,11.7,12.642857142857142,2.7,0.0,0.0,0.0,0.9000000000000012,0.38571428571428673,0.19285714285714287
2018-01-06,19.0,6.7,11.2,0.0,11.4,66,1,6,1,11.4,11.2,11.5,11.8,11.366666666666665,11.557142857142859,12.35,0.0,2.7,0.0,0.0,0.9000000000000012,0.38571428571428673,0.19285714285714287
2018-01-07,19.0,6.1,10.9,0.0,11.8,64,1,7,1,11.2,11.4,11.2,12.1,11.266666666666664,11.471428571428572,12.164285714285713,0.0,0.0,2.7,0.0,0.9000000000000012,0.38571428571428673,0.19285714285714287
2018-01-08,19.2,4.3,11.8,0.0,10.2,62,1,8,1,10.9,11.2,11.4,11.7,11.166666666666664,11.299999999999999,12.057142857142855,0.0,0.0,0.0,0.0,0.0,0.38571428571428673,0.19285714285714287
2018-01-09,20.5,3.9,11.3,0.0,11.2,64,1,9,1,11.8,10.9,11.2,11.2,11.299999999999997,11.314285714285715,11.992857142857144,0.0,0.0,0.0,0.0,0.0,0.38571428571428673,0.19285714285714287
2018-01-10,22.1,5.1,12.5,0.0,13.0,55,1,10,1,11.3,11.8,10.9,11.5,11.33333333333333,11.328571428571427,11.849999999999998,0.0,0.0,0.0,0.0,0.0,0.38571428571428673,0.19285714285714287
2018-01-11,21.5,5.6,12.9,0.0,11.8,55,1,11,1,12.5,11.3,11.8,11.2,11.866666666666665,11.471428571428572,11.728571428571428,0.0,0.0,0.0,2.7,0.0,0.38571428571428673,0.19285714285714287
2018-01-12,21.2,7.9,13.7,0.0,8.7,58,1,12,1,12.9,12.5,11.3,11.4,12.233333333333329,11.714285714285714,11.707142857142857,0.0,0.0,0.0,0.0,0.0,0.0,0.19285714285714287
2018-01-13,20.8,4.4,12.9,0.0,8.3,65,1,13,1,13.7,12.9,12.5,11.2,13.033333333333331,12.042857142857143,11.8,0.0,0.0,0.0,0.0,0.0,0.0,0.19285714285714287
2018-01-14,20.9,6.8,13.1,0.0,10.7,63,1,14,1,12.9,13.7,12.9,10.9,13.166666666666664,12.285714285714286,11.878571428571428,0.0,0.0,0.0,0.0,0.0,0.0,0.19285714285714287
2018-01-15,22.1,6.0,12.9,0.0,13.0,57,1,15,1,13.1,12.9,13.7,11.8,13.233333333333329,12.6,11.950000000000001,0.0,0.0,0.0,0.0,0.0,0.0,0.19285714285714287
2018-01-16,21.5,4.0,11.9,0.0,11.2,61,1,16,1,12.9,13.1,12.9,11.3,12.966666666666663,12.757142857142856,12.035714285714286,0.0,0.0,0.0,0.0,0.0,0.0,0.19285714285714287
2018-01-17,20.2,9.0,13.6,0.6,16.5,66,1,17,1,11.9,12.9,13.1,12.5,12.633333333333331,12.842857142857143,12.085714285714285,0.0,0.0,0.0,0.0,0.0,0.0,0.19285714285714287
2018-01-18,22.4,8.7,14.0,0.0,10.9,60,1,18,1,13.6,11.9,12.9,12.9,12.799999999999997,13.0,12.235714285714284,0.6,0.0,0.0,0.0,0.20000000000000118,0.08571428571428673,0.23571428571428574
2018-01-19,21.8,6.5,13.0,0.0,11.6,57,1,19,1,14.0,13.6,11.9,13.7,13.166666666666664,13.157142857142857,12.435714285714285,0.0,0.6,0.0,0.0,0.20000000000000118,0.08571428571428673,0.04285714285714286
2018-01-20,22.8,8.2,13.9,0.0,12.1,44,1,20,1,13.0,14.0,13.6,12.9,13.533333333333331,13.057142857142859,12.549999999999999,0.0,0.0,0.6,0.0,0.20000000000000118,0.08571428571428673,0.04285714285714286
2018-01-21,21.4,5.6,13.1,0.0,8.2,53,1,21,1,13.9,13.0,14.0,13.1,13.633333333333331,13.200000000000001,12.742857142857144,0.0,0.0,0.0,0.0,0.0,0.08571428571428673,0.04285714285714286
2018-01-22,20.6,5.3,11.9,0.0,10.7,70,1,22,1,13.1,13.9,13.0,12.9,13.33333333333333,13.200000000000001,12.9,0.0,0.0,0.0,0.0,0.0,0.08571428571428673,0.04285714285714286
2018-01-23,13.3,6.2,9.4,3.3,20.2,86,1,23,1,11.9,13.1,13.9,11.9,12.966666666666663,13.057142857142859,12.907142857142857,0.0,0.0,0.0,0.0,0.0,0.08571428571428673,0.04285714285714286
2018-01-24,18.3,5.6,11.2,0.0,10.0,79,1,24,1,9.4,11.9,13.1,13.6,11.466666666666663,12.7,12.771428571428572,3.3,0.0,0.0,0.6,1.1000000000000012,0.5571428571428582,0.2785714285714286
2018-01-25,19.2,5.3,11.9,0.0,9.7,72,1,25,1,11.2,9.4,11.9,14.0,10.83333333333333,12.357142857142858,12.678571428571429,0.0,3.3,0.0,0.0,1.1000000000000012,0.4714285714285724,0.2785714285714286
2018-01-26,19.9,6.2,12.8,0.0,8.0,68,1,26,1,11.9,11.2,9.4,13.0,10.83333333333333,12.057142857142859,12.607142857142858,0.0,0.0,3.3,0.0,1.1000000000000012,0.4714285714285724,0.2785714285714286
2018-01-27,20.0,7.0,13.2,0.0,7.6,69,1,27,1,12.8,11.9,11.2,13.9,11.966666666666663,12.028571428571428,12.542857142857143,0.0,0.0,0.0,0.0,0.0,0.4714285714285724,0.2785714285714286
2018-01-28,20.0,5.1,12.6,0.0,10.8,74,1,28,1,13.2,12.8,11.9,13.1,12.633333333333331,11.928571428571429,12.564285714285715,0.0,0.0,0.0,0.0,0.0,0.4714285714285724,0.2785714285714286
2018-01-29,20.1,6.0,12.8,0.0,9.4,78,1,29,1,12.6,13.2,12.8,11.9,12.866666666666665,11.857142857142858,12.528571428571427,0.0,0.0,0.0,0.0,0.0,0.4714285714285724,0.2785714285714286
2018-01-30,22.6,9.0,14.9,0.0,14.3,67,1,30,1,12.8,12.6,13.2,9.4,12.866666666666665,11.985714285714284,12.521428571428572,0.0,0.0,0.0,3.3,0.0,0.4714285714285724,0.2785714285714286
2018-01-31,21.6,9.4,15.0,0.0,14.1,58,1,31,1,14.9,12.8,12.6,11.2,13.433333333333332,12.771428571428572,12.735714285714286,0.0,0.0,0.0,0.0,0.0,0.0,0.2785714285714286
2018-02-01,22.4,11.3,15.8,0.1,13.8,59,2,32,1,15.0,14.9,12.8,11.9,14.233333333333329,13.314285714285715,12.835714285714287,0.0,0.0,0.0,0.0,0.0,0.0,0.2357142857142857
2018-02-02,21.6,8.2,14.2,0.0,14.3,55,2,33,1,15.8,15.0,14.9,12.8,15.233333333333333,13.871428571428572,12.964285714285714,0.1,0.0,0.0,0.0,0.03333333333333452,0.014285714285715302,0.24285714285714285
2018-02-03,21.6,8.7,13.8,0.0,12.1,50,2,34,1,14.2,15.8,15.0,13.2,14.999999999999998,14.071428571428571,13.05,0.0,0.1,0.0,0.0,0.03333333333333452,0.014285714285715302,0.24285714285714285
2018-02-04,22.0,8.0,13.7,0.0,14.5,46,2,35,1,13.8,14.2,15.8,12.6,14.6,14.157142857142858,13.042857142857144,0.0,0.0,0.1,0.0,0.03333333333333452,0.014285714285715302,0.24285714285714285
2018-02-05,21.3,5.2,13.5,0.0,10.4,42,2,36,1,13.7,13.8,14.2,12.8,13.899999999999997,14.314285714285715,13.085714285714287,0.0,0.0,0.0,0.0,0.0,0.014285714285715302,0.24285714285714285
2018-02-06,21.3,4.9,13.3,0.0,12.9,40,2,37,1,13.5,13.7,13.8,14.9,13.666666666666664,14.414285714285715,13.200000000000001,0.0,0.0,0.0,0.0,0.0,0.014285714285715302,0.24285714285714285
2018-02-07,21.0,6.1,12.9,0.0,11.0,48,2,38,1,13.3,13.5,13.7,15.0,13.499999999999998,14.185714285714285,13.478571428571428,0.0,0.0,0.0,0.0,0.0,0.014285714285715302,0.0071428571428571435
2018-02-08,21.4,6.1,13.2,0.0,10.2,50,2,39,1,12.9,13.3,13.5,15.8,13.233333333333333,13.885714285714286,13.6,0.0,0.0,0.0,0.1,0.0,0.014285714285715302,0.0071428571428571435
2018-02-09,21.7,4.6,13.4,0.0,10.7,48,2,40,1,13.2,12.9,13.3,14.2,13.133333333333331,13.514285714285714,13.692857142857145,0.0,0.0,0.0,0.0,0.0,0.0,0.0071428571428571435
2018-02-10,21.9,5.8,13.5,0.0,8.9,51,2,41,1,13.4,13.2,12.9,13.8,13.166666666666664,13.4,13.735714285714286,0.0,0.0,0.0,0.0,0.0,0.0,0.0071428571428571435
2018-02-11,21.5,7.4,14.4,1.1,17.8,52,2,42,1,13.5,13.4,13.2,13.7,13.366666666666665,13.357142857142858,13.757142857142858,0.0,0.0,0.0,0.0,0.0,0.0,0.0071428571428571435
2018-02-12,13.9,9.6,11.7,31.8,26.1,89,2,43,1,14.4,13.5,13.4,13.5,13.766666666666664,13.457142857142857,13.885714285714286,1.1,0.0,0.0,0.0,0.36666666666666786,0.15714285714285817,0.08571428571428573
2018-02-13,19.2,8.8,13.3,3.4,18.8,76,2,44,1,11.7,14.4,13.5,13.3,13.199999999999998,13.2,13.807142857142859,31.8,1.1,0.0,0.0,10.966666666666669,4.700000000000001,2.357142857142857
2018-02-14,19.8,8.8,13.4,0.0,14.8,68,2,45,1,13.3,11.7,14.4,12.9,13.133333333333331,13.200000000000001,13.692857142857141,3.4,31.8,1.1,0.0,12.100000000000001,5.185714285714288,2.6
2018-02-15,21.6,9.6,14.5,0.0,11.2,65,2,46,1,13.4,13.3,11.7,13.2,12.799999999999997,13.27142857142857,13.578571428571427,0.0,3.4,31.8,0.0,11.733333333333334,5.185714285714288,2.6
2018-02-16,22.9,8.8,15.2,0.0,10.2,69,2,47,1,14.5,13.4,13.3,13.4,13.733333333333329,13.457142857142857,13.485714285714286,0.0,0.0,3.4,0.0,1.1333333333333344,5.185714285714288,2.5928571428571425
2018-02-17,23.8,10.2,16.0,0.0,13.7,63,2,48,1,15.2,14.5,13.4,13.5,14.366666666666665,13.714285714285714,13.557142857142859,0.0,0.0,0.0,0.0,0.0,5.185714285714288,2.5928571428571425
2018-02-18,23.8,8.5,15.5,0.0,10.5,60,2,49,1,16.0,15.2,14.5,14.4,15.233333333333329,14.071428571428571,13.714285714285714,0.0,0.0,0.0,1.1,0.0,5.185714285714288,2.5928571428571425
2018-02-19,24.7,9.1,16.3,0.0,9.8,66,2,50,1,15.5,16.0,15.2,11.7,15.566666666666663,14.228571428571428,13.842857142857143,0.0,0.0,0.0,31.8,0.0,5.02857142857143,2.5928571428571425
2018-02-20,25.0,9.9,17.2,0.0,10.0,62,2,51,1,16.3,15.5,16.0,13.3,15.933333333333332,14.885714285714286,14.042857142857143,0.0,0.0,0.0,3.4,0.0,0.4857142857142867,2.5928571428571425
2018-02-21,26.4,11.9,18.4,0.3,11.5,66,2,52,1,17.2,16.3,15.5,13.4,16.333333333333332,15.442857142857141,14.321428571428571,0.0,0.0,0.0,0.0,0.0,0.0,2.5928571428571425
2018-02-22,25.6,13.4,18.5,0.0,13.3,58,2,53,1,18.4,17.2,16.3,14.5,17.299999999999997,16.157142857142855,14.714285714285714,0.3,0.0,0.0,0.0,0.10000000000000119,0.04285714285714387,2.6142857142857143
2018-02-23,25.9,11.6,18.3,0.0,10.1,61,2,54,1,18.5,18.4,17.2,15.2,18.03333333333333,16.728571428571428,15.092857142857142,0.0,0.3,0.0,0.0,0.10000000000000119,0.04285714285714387,2.6142857142857143
2018-02-24,22.1,13.4,16.9,1.4,14.5,73,2,55,1,18.3,18.5,18.4,16.0,18.399999999999995,17.17142857142857,15.442857142857141,0.0,0.0,0.3,0.0,0.10000000000000119,0.04285714285714387,2.6142857142857143
2018-02-25,24.3,11.7,17.4,0.0,12.6,73,2,56,1,16.9,18.3,18.5,15.5,17.899999999999995,17.3,15.685714285714285,1.4,0.0,0.0,0.0,0.46666666666666784,0.24285714285714385,2.7142857142857144
2018-02-26,26.4,13.1,18.6,0.0,14.6,60,2,57,1,17.4,16.9,18.3,16.3,17.53333333333333,17.571428571428573,15.9,0.0,1.4,0.0,0.0,0.46666666666666784,0.24285714285714385,2.6357142857142857
2018-02-27,26.1,13.8,19.4,0.0,12.7,60,2,58,1,18.6,17.4,16.9,17.2,17.63333333333333,17.9,16.392857142857142,0.0,0.0,1.4,0.0,0.46666666666666784,0.24285714285714385,0.36428571428571427
2018-02-28,26.7,13.1,18.9,0.0,10.5,67,2,59,1,19.4,18.6,17.4,18.4,18.466666666666665,18.214285714285715,16.82857142857143,0.0,0.0,0.0,0.3,0.0,0.24285714285714385,0.12142857142857143
2018-03-01,22.6,14.8,18.1,0.6,16.7,71,3,60,2,18.9,19.4,18.6,18.5,18.966666666666665,18.285714285714285,17.22142857142857,0.0,0.0,0.0,0.0,0.0,0.200000000000001,0.12142857142857143
2018-03-02,26.9,14.8,19.7,2.6,18.4,64,3,61,2,18.1,18.9,19.4,18.3,18.799999999999997,18.22857142857143,17.478571428571428,0.6,0.0,0.0,0.0,0.20000000000000118,0.28571428571428675,0.16428571428571428
2018-03-03,21.4,14.0,17.6,0.9,20.2,66,3,62,2,19.7,18.1,18.9,16.9,18.9,18.428571428571427,17.8,2.6,0.6,0.0,1.4,1.066666666666668,0.6571428571428581,0.35000000000000003
2018-03-04,24.6,12.2,17.5,0.0,10.4,63,3,63,2,17.6,19.7,18.1,17.4,18.466666666666665,18.52857142857143,17.914285714285715,0.9,2.6,0.6,0.0,1.366666666666668,0.5857142857142869,0.41428571428571426
2018-03-05,24.8,11.3,17.5,0.3,11.1,66,3,64,2,17.5,17.6,19.7,18.6,18.266666666666666,18.542857142857144,18.057142857142857,0.0,0.9,2.6,0.0,1.1666666666666679,0.5857142857142869,0.41428571428571426
2018-03-06,26.9,12.7,18.7,0.0,13.8,56,3,65,2,17.5,17.5,17.6,19.4,17.53333333333333,18.385714285714283,18.142857142857142,0.3,0.0,0.9,0.0,0.4000000000000012,0.6285714285714297,0.43571428571428567
2018-03-07,27.7,11.5,19.5,0.0,9.8,52,3,66,2,18.7,17.5,17.5,18.9,17.899999999999995,18.285714285714285,18.25,0.0,0.3,0.0,0.0,0.10000000000000119,0.6285714285714297,0.43571428571428567
2018-03-08,27.9,13.2,20.1,0.0,14.4,53,3,67,2,19.5,18.7,17.5,18.1,18.566666666666663,18.37142857142857,18.32857142857143,0.0,0.0,0.3,0.6,0.10000000000000119,0.6285714285714297,0.41428571428571426
2018-03-09,28.0,15.9,20.8,0.6,14.4,49,3,68,2,20.1,19.5,18.7,19.7,19.433333333333334,18.657142857142855,18.442857142857143,0.0,0.0,0.0,2.6,0.0,0.5428571428571439,0.41428571428571426
2018-03-10,29.4,13.6,20.9,0.0,17.3,50,3,69,2,20.8,20.1,19.5,17.6,20.13333333333333,18.814285714285717,18.62142857142857,0.6,0.0,0.0,0.9,0.20000000000000118,0.25714285714285817,0.4571428571428572
2018-03-11,29.5,16.0,21.8,0.0,14.1,45,3,70,2,20.9,20.8,20.1,17.5,20.599999999999998,19.285714285714285,18.907142857142855,0.0,0.6,0.0,0.0,0.20000000000000118,0.12857142857142959,0.35714285714285715
2018-03-12,30.4,14.7,22.4,0.0,10.0,50,3,71,2,21.8,20.9,20.8,17.5,21.16666666666666,19.900000000000002,19.22142857142857,0.0,0.0,0.6,0.3,0.20000000000000118,0.12857142857142959,0.35714285714285715
2018-03-13,30.8,15.3,22.6,1.9,14.1,56,3,72,2,22.4,21.8,20.9,18.7,21.7,20.599999999999998,19.49285714285714,0.0,0.0,0.0,0.0,0.0,0.08571428571428674,0.35714285714285715
2018-03-14,29.8,17.3,22.7,0.2,17.3,50,3,73,2,22.6,22.4,21.8,19.5,22.266666666666666,21.157142857142855,19.72142857142857,1.9,0.0,0.0,0.0,0.6333333333333345,0.35714285714285815,0.4928571428571428
2018-03-15,27.1,15.5,19.8,0.8,25.3,62,3,74,2,22.7,22.6,22.4,20.1,22.566666666666663,21.614285714285717,19.99285714285714,0.2,1.9,0.0,0.0,0.7000000000000012,0.38571428571428673,0.5071428571428571
2018-03-16,28.4,14.3,20.3,0.0,16.1,50,3,75,2,19.8,22.7,22.6,20.8,21.7,21.571428571428573,20.114285714285717,0.8,0.2,1.9,0.6,0.9666666666666678,0.500000000000001,0.5214285714285715
2018-03-17,29.6,14.1,20.9,0.0,15.3,40,3,76,2,20.3,19.8,22.7,20.9,20.933333333333334,21.5,20.157142857142862,0.0,0.8,0.2,0.0,0.33333333333333454,0.4142857142857153,0.3357142857142857
2018-03-18,29.9,13.3,21.4,0.0,10.7,44,3,77,2,20.9,20.3,19.8,21.8,20.333333333333332,21.5,20.392857142857142,0.0,0.0,0.8,0.0,0.2666666666666679,0.4142857142857153,0.2714285714285714
2018-03-19,31.2,14.0,22.1,0.0,12.6,41,3,78,2,21.4,20.9,20.3,22.4,20.866666666666664,21.442857142857143,20.67142857142857,0.0,0.0,0.0,0.0,0.0,0.4142857142857153,0.2714285714285714
2018-03-20,28.4,16.7,21.4,0.6,22.7,49,3,79,2,22.1,21.4,20.9,22.6,21.466666666666665,21.400000000000002,21.0,0.0,0.0,0.0,1.9,0.0,0.4142857142857153,0.25
2018-03-21,23.4,14.9,18.0,8.2,17.3,77,3,80,2,21.4,22.1,21.4,22.7,21.63333333333333,21.228571428571428,21.192857142857143,0.6,0.0,0.0,0.2,0.20000000000000118,0.2285714285714296,0.2928571428571428
2018-03-22,26.1,14.1,19.6,0.0,10.0,66,3,81,2,18.0,21.4,22.1,19.8,20.499999999999996,20.557142857142857,21.085714285714285,8.2,0.6,0.0,0.8,2.933333333333334,1.3714285714285723,0.8785714285714284
2018-03-23,28.8,14.7,21.3,0.0,10.3,57,3,82,2,19.6,18.0,21.4,20.3,19.666666666666664,20.52857142857143,21.05,0.0,8.2,0.6,0.0,2.933333333333334,1.257142857142858,0.8785714285714284
2018-03-24,30.7,15.9,22.5,0.0,14.5,52,3,83,2,21.3,19.6,18.0,20.9,19.63333333333333,20.67142857142857,21.085714285714285,0.0,0.0,8.2,0.0,2.7333333333333343,1.257142857142858,0.8357142857142856
2018-03-25,32.0,16.5,23.6,0.0,14.6,46,3,84,2,22.5,21.3,19.6,21.4,21.13333333333333,20.900000000000002,21.2,0.0,0.0,0.0,0.0,0.0,1.257142857142858,0.8357142857142856
2018-03-26,32.4,15.0,23.4,0.0,10.5,51,3,85,2,23.6,22.5,21.3,22.1,22.466666666666665,21.214285714285715,21.328571428571426,0.0,0.0,0.0,0.0,0.0,1.257142857142858,0.8357142857142856
2018-03-27,32.6,17.2,24.4,0.0,11.0,52,3,86,2,23.4,23.6,22.5,21.4,23.166666666666668,21.400000000000002,21.400000000000002,0.0,0.0,0.0,0.6,0.0,1.257142857142858,0.8357142857142856
2018-03-28,33.3,17.3,24.5,0.0,13.0,49,3,87,2,24.4,23.4,23.6,18.0,23.799999999999997,21.828571428571426,21.52857142857143,0.0,0.0,0.0,8.2,0.0,1.1714285714285724,0.7
2018-03-29,34.9,19.1,25.9,0.0,20.0,26,3,88,2,24.5,24.4,23.4,19.6,24.099999999999994,22.757142857142856,21.657142857142855,0.0,0.0,0.0,0.0,0.0,0.0,0.6857142857142857
2018-03-30,34.8,20.8,26.2,0.0,17.7,28,3,89,2,25.9,24.5,24.4,21.3,24.933333333333334,23.657142857142855,22.092857142857145,0.0,0.0,0.0,0.0,0.0,0.0,0.6285714285714284
2018-03-31,34.1,17.1,25.1,0.0,17.6,44,3,90,2,26.2,25.9,24.5,22.5,25.53333333333333,24.357142857142858,22.514285714285712,0.0,0.0,0.0,0.0,0.0,0.0,0.6285714285714284
2018-04-01,32.8,18.6,25.5,0.0,12.7,56,4,91,2,25.1,26.2,25.9,23.6,25.73333333333333,24.728571428571428,22.814285714285713,0.0,0.0,0.0,0.0,0.0,0.0,0.6285714285714284
2018-04-02,33.5,19.6,26.2,0.0,13.4,56,4,92,2,25.5,25.1,26.2,23.4,25.599999999999998,25.0,23.107142857142858,0.0,0.0,0.0,0.0,0.0,0.0,0.6285714285714284
2018-04-03,32.7,20.9,25.8,0.2,18.9,57,4,93,2,26.2,25.5,25.1,24.4,25.599999999999998,25.4,23.400000000000002,0.0,0.0,0.0,0.0,0.0,0.0,0.6285714285714284
2018-04-04,34.5,19.4,26.0,0.4,10.5,50,4,94,2,25.8,26.2,25.5,24.5,25.833333333333332,25.6,23.714285714285715,0.2,0.0,0.0,0.0,0.06666666666666786,0.028571428571429587,0.5999999999999999
2018-04-05,33.5,20.5,26.1,1.7,17.2,51,4,95,2,26.0,25.8,26.2,25.9,26.0,25.814285714285717,24.285714285714285,0.4,0.2,0.0,0.0,0.2000000000000012,0.08571428571428674,0.042857142857142864
2018-04-06,32.9,18.8,25.3,0.3,14.1,56,4,96,2,26.1,26.0,25.8,26.2,25.966666666666665,25.842857142857145,24.75,1.7,0.4,0.2,0.0,0.7666666666666678,0.32857142857142957,0.16428571428571428
2018-04-07,33.3,19.2,26.2,0.3,10.1,52,4,97,2,25.3,26.1,26.0,25.1,25.799999999999997,25.714285714285715,25.035714285714285,0.3,1.7,0.4,0.0,0.8000000000000012,0.37142857142857244,0.18571428571428572
2018-04-08,32.0,20.6,25.7,0.9,18.0,55,4,98,2,26.2,25.3,26.1,25.5,25.866666666666664,25.87142857142857,25.3,0.3,0.3,1.7,0.0,0.7666666666666678,0.4142857142857153,0.20714285714285713
2018-04-09,31.2,19.3,25.2,0.3,14.7,61,4,99,2,25.7,26.2,25.3,26.2,25.73333333333333,25.9,25.45,0.9,0.3,0.3,0.0,0.5000000000000012,0.5428571428571438,0.2714285714285714
2018-04-10,30.7,20.1,24.4,3.9,25.1,64,4,100,2,25.2,25.7,26.2,25.8,25.7,25.75714285714286,25.578571428571426,0.3,0.9,0.3,0.2,0.5000000000000012,0.5857142857142866,0.2928571428571428
2018-04-11,26.3,18.6,21.4,11.9,23.5,73,4,101,2,24.4,25.2,25.7,26.0,25.099999999999994,25.557142857142853,25.57857142857143,3.9,0.3,0.9,0.4,1.700000000000001,1.1142857142857152,0.5714285714285714
2018-04-12,29.3,16.8,22.3,0.1,17.1,57,4,102,2,21.4,24.4,25.2,26.1,23.66666666666666,24.9,25.357142857142858,11.9,3.9,0.3,1.7,5.366666666666667,2.7571428571428584,1.4214285714285713
2018-04-13,30.7,15.5,23.1,0.0,10.0,50,4,103,2,22.3,21.4,24.4,25.3,22.7,24.357142857142858,25.099999999999998,0.1,11.9,3.9,0.3,5.300000000000002,2.52857142857143,1.4285714285714286
2018-04-14,31.6,18.3,24.7,1.2,13.9,50,4,104,2,23.1,22.3,21.4,26.2,22.266666666666666,24.04285714285714,24.87857142857143,0.0,0.1,11.9,0.3,4.000000000000001,2.485714285714287,1.4285714285714286
2018-04-15,33.6,18.6,25.7,0.5,12.8,50,4,105,2,24.7,23.1,22.3,25.7,23.366666666666664,23.82857142857143,24.85,1.2,0.0,0.1,0.9,0.4333333333333345,2.614285714285715,1.5142857142857142
2018-04-16,31.0,21.7,24.9,0.0,28.1,48,4,106,2,25.7,24.7,23.1,25.2,24.5,23.82857142857143,24.864285714285717,0.5,1.2,0.0,0.3,0.5666666666666679,2.5571428571428583,1.55
2018-04-17,32.2,18.0,24.7,0.0,15.6,52,4,107,2,24.9,25.7,24.7,24.4,25.099999999999994,23.785714285714285,24.77142857142857,0.0,0.5,1.2,3.9,0.5666666666666679,2.5142857142857156,1.55
2018-04-18,33.1,20.1,25.5,0.4,14.7,54,4,108,2,24.7,24.9,25.7,21.4,25.099999999999994,23.82857142857143,24.692857142857147,0.0,0.0,0.5,11.9,0.16666666666666785,1.9571428571428584,1.5357142857142858
2018-04-19,32.7,19.1,25.4,2.6,16.9,48,4,109,2,25.5,24.7,24.9,22.3,25.03333333333333,24.414285714285715,24.657142857142862,0.4,0.0,0.0,0.1,0.13333333333333452,0.31428571428571533,1.5357142857142858
2018-04-20,23.4,17.2,20.4,16.5,21.5,65,4,110,2,25.4,25.5,24.7,23.1,25.2,24.857142857142858,24.607142857142858,2.6,0.4,0.0,0.0,1.000000000000001,0.6714285714285725,1.5999999999999999
2018-04-21,28.8,14.9,21.5,0.0,16.1,55,4,111,2,20.4,25.4,25.5,24.7,23.766666666666662,24.47142857142857,24.257142857142856,16.5,2.6,0.4,1.2,6.500000000000001,3.0285714285714294,2.7571428571428567
2018-04-22,31.0,15.6,22.8,0.0,10.9,48,4,112,2,21.5,20.4,25.4,25.7,22.433333333333326,24.014285714285716,23.92142857142857,0.0,16.5,2.6,0.5,6.366666666666668,2.857142857142858,2.7357142857142853
2018-04-23,33.9,18.3,25.4,0.0,15.2,41,4,113,2,22.8,21.5,20.4,24.9,21.566666666666663,23.599999999999998,23.714285714285715,0.0,0.0,16.5,0.0,5.500000000000001,2.785714285714287,2.6714285714285717
2018-04-24,35.7,17.7,27.0,0.0,9.6,45,4,114,2,25.4,22.8,21.5,24.7,23.23333333333333,23.67142857142857,23.728571428571428,0.0,0.0,0.0,0.0,0.0,2.785714285714287,2.6499999999999995
2018-04-25,37.0,20.3,28.4,0.0,22.4,39,4,115,2,27.0,25.4,22.8,25.5,25.066666666666663,24.0,23.91428571428571,0.0,0.0,0.0,0.4,0.0,2.785714285714287,2.3714285714285714
2018-04-26,37.7,19.4,28.9,0.0,12.4,40,4,116,2,28.4,27.0,25.4,25.4,26.933333333333334,24.414285714285715,24.414285714285715,0.0,0.0,0.0,2.6,0.0,2.728571428571429,1.5214285714285716
2018-04-27,37.4,21.4,29.2,1.4,20.9,35,4,117,2,28.9,28.4,27.0,20.4,28.099999999999994,24.91428571428571,24.885714285714283,0.0,0.0,0.0,16.5,0.0,2.357142857142858,1.5142857142857142
2018-04-28,37.3,22.2,29.2,1.5,22.3,41,4,118,2,29.2,28.9,28.4,21.5,28.83333333333333,26.171428571428574,25.321428571428566,1.4,0.0,0.0,0.0,0.46666666666666784,0.200000000000001,1.614285714285714
2018-04-29,38.2,20.9,29.4,0.0,19.2,37,4,119,2,29.2,29.2,28.9,22.8,29.099999999999998,27.27142857142857,25.642857142857142,1.5,1.4,0.0,0.0,0.9666666666666678,0.4142857142857153,1.6357142857142857
2018-04-30,39.5,21.6,30.1,0.0,14.6,33,4,120,2,29.4,29.2,29.2,25.4,29.266666666666662,28.214285714285715,25.907142857142855,0.0,1.5,1.4,0.0,0.9666666666666678,0.4142857142857153,1.5999999999999999
2018-05-01,38.7,22.5,30.0,2.0,18.2,38,5,121,2,30.1,29.4,29.2,27.0,29.566666666666663,28.885714285714283,26.278571428571432,0.0,0.0,1.5,0.0,0.5000000000000012,0.4142857142857153,1.5999999999999999
2018-05-02,37.5,22.7,28.4,8.7,30.2,53,5,122,2,30.0,30.1,29.4,28.4,29.83333333333333,29.314285714285713,26.657142857142862,2.0,0.0,0.0,0.0,0.6666666666666679,0.7000000000000011,1.7428571428571427
2018-05-03,35.0,22.6,28.2,0.6,18.4,49,5,123,2,28.4,30.0,30.1,28.9,29.5,29.314285714285713,26.864285714285717,8.7,2.0,0.0,0.0,3.5666666666666678,1.9428571428571437,2.3357142857142854
2018-05-04,34.8,23.3,29.1,0.8,14.6,40,5,124,2,28.2,28.4,30.0,29.2,28.866666666666664,29.214285714285715,27.064285714285713,0.6,8.7,2.0,1.4,3.7666666666666675,2.0285714285714294,2.1928571428571426
2018-05-05,37.1,24.1,30.2,0.0,18.7,34,5,125,2,29.1,28.2,28.4,29.2,28.566666666666663,29.199999999999996,27.685714285714287,0.8,0.6,8.7,1.5,3.3666666666666676,1.9428571428571437,1.0714285714285714
2018-05-06,36.7,23.6,29.1,0.8,25.8,39,5,126,2,30.2,29.1,28.2,29.4,29.166666666666668,29.342857142857145,28.307142857142857,0.0,0.8,0.6,0.0,0.46666666666666784,1.7285714285714295,1.0714285714285714
2018-05-07,32.0,20.8,26.6,0.1,27.2,47,5,127,2,29.1,30.2,29.1,30.1,29.466666666666665,29.3,28.75714285714286,0.8,0.0,0.8,0.0,0.5333333333333345,1.8428571428571436,1.1285714285714286
2018-05-08,31.0,19.4,25.2,2.4,20.7,55,5,128,2,26.6,29.1,30.2,30.0,28.63333333333333,28.8,28.842857142857145,0.1,0.8,0.0,2.0,0.3000000000000012,1.857142857142858,1.1357142857142857
2018-05-09,33.2,21.0,26.9,1.7,13.3,50,5,129,2,25.2,26.6,29.1,28.4,26.966666666666665,28.114285714285717,28.714285714285715,2.4,0.1,0.8,8.7,1.1000000000000012,1.914285714285715,1.3071428571428572
2018-05-10,36.7,20.0,29.1,0.0,11.0,42,5,130,2,26.9,25.2,26.6,28.2,26.23333333333333,27.900000000000002,28.607142857142858,1.7,2.4,0.1,0.6,1.4000000000000012,0.9142857142857154,1.4285714285714286
2018-05-11,39.4,23.0,31.8,0.0,10.0,42,5,131,2,29.1,26.9,25.2,29.1,27.066666666666663,28.028571428571432,28.62142857142857,0.0,1.7,2.4,0.8,1.3666666666666678,0.8285714285714297,1.4285714285714286
2018-05-12,38.8,25.7,31.5,3.7,19.7,42,5,132,2,31.8,29.1,26.9,30.2,29.266666666666666,28.414285714285715,28.807142857142857,0.0,0.0,1.7,0.0,0.5666666666666679,0.7142857142857153,1.3285714285714287
2018-05-13,37.8,23.9,30.2,0.0,20.3,41,5,133,2,31.5,31.8,29.1,29.1,30.799999999999997,28.599999999999998,28.971428571428568,3.7,0.0,0.0,0.8,1.2333333333333345,1.2428571428571438,1.4857142857142858
2018-05-14,36.2,23.3,28.8,0.9,19.4,47,5,134,2,30.2,31.5,31.8,26.6,31.166666666666668,28.75714285714286,29.02857142857143,0.0,3.7,0.0,0.1,1.2333333333333345,1.1285714285714297,1.4857142857142858
2018-05-15,36.5,23.0,29.6,0.0,18.8,42,5,135,2,28.8,30.2,31.5,25.2,30.166666666666668,29.071428571428573,28.935714285714283,0.9,0.0,3.7,2.4,1.5333333333333348,1.242857142857144,1.5500000000000003
2018-05-16,37.6,23.6,29.9,0.0,16.3,39,5,136,2,29.6,28.8,30.2,26.9,29.53333333333333,29.7,28.907142857142855,0.0,0.9,0.0,1.7,0.3000000000000012,0.9000000000000011,1.4071428571428573
2018-05-17,38.1,23.0,30.1,0.1,12.7,37,5,137,2,29.9,29.6,28.8,29.1,29.433333333333334,30.128571428571426,29.014285714285712,0.0,0.0,0.9,0.0,0.3000000000000012,0.6571428571428582,0.7857142857142857
2018-05-18,36.2,24.3,29.5,0.8,13.4,35,5,138,2,30.1,29.9,29.6,31.8,29.866666666666664,30.271428571428572,29.150000000000002,0.1,0.0,0.0,0.0,0.03333333333333452,0.6714285714285725,0.7500000000000001
2018-05-19,37.8,22.3,29.3,0.1,17.6,32,5,139,2,29.5,30.1,29.9,31.5,29.83333333333333,29.942857142857147,29.178571428571427,0.8,0.1,0.0,3.7,0.3000000000000012,0.7857142857142867,0.75
2018-05-20,38.1,22.5,30.4,0.0,12.9,27,5,140,2,29.3,29.5,30.1,30.2,29.633333333333336,29.62857142857143,29.114285714285717,0.1,0.8,0.1,0.0,0.33333333333333454,0.27142857142857246,0.7571428571428571
2018-05-21,39.4,23.6,31.4,0.0,14.8,23,5,141,2,30.4,29.3,29.5,28.8,29.73333333333333,29.657142857142855,29.207142857142856,0.0,0.1,0.8,0.9,0.3000000000000012,0.27142857142857246,0.7000000000000001
2018-05-22,40.1,24.2,32.1,0.0,14.3,22,5,142,2,31.4,30.4,29.3,29.6,30.366666666666664,30.028571428571432,29.55,0.0,0.0,0.1,0.0,0.03333333333333452,0.14285714285714388,0.6928571428571428
2018-05-23,40.5,25.3,32.7,0.0,19.0,18,5,143,2,32.1,31.4,30.4,29.9,31.299999999999997,30.385714285714283,30.042857142857144,0.0,0.0,0.0,0.0,0.0,0.14285714285714388,0.5214285714285715
2018-05-24,40.3,24.5,32.4,0.0,12.4,18,5,144,2,32.7,32.1,31.4,30.1,32.06666666666666,30.785714285714285,30.457142857142856,0.0,0.0,0.0,0.1,0.0,0.14285714285714388,0.4
2018-05-25,41.6,23.8,33.3,0.0,19.5,16,5,145,2,32.4,32.7,32.1,29.5,32.4,31.11428571428571,30.692857142857147,0.0,0.0,0.0,0.8,0.0,0.12857142857142959,0.4
2018-05-26,42.0,23.6,33.7,0.0,20.3,16,5,146,2,33.3,32.4,32.7,29.3,32.8,31.657142857142855,30.8,0.0,0.0,0.0,0.1,0.0,0.014285714285715302,0.4
2018-05-27,41.9,26.1,34.4,0.0,22.5,16,5,147,2,33.7,33.3,32.4,30.4,33.13333333333333,32.285714285714285,30.95714285714286,0.0,0.0,0.0,0.0,0.0,0.0,0.13571428571428573
2018-05-28,42.6,25.4,34.2,0.0,16.3,20,5,148,2,34.4,33.7,33.3,31.4,33.800000000000004,32.857142857142854,31.25714285714286,0.0,0.0,0.0,0.0,0.0,0.0,0.13571428571428573
2018-05-29,42.9,26.8,34.6,0.0,14.4,19,5,149,2,34.2,34.4,33.7,32.1,34.099999999999994,33.25714285714286,31.642857142857142,0.0,0.0,0.0,0.0,0.0,0.0,0.07142857142857142
2018-05-30,42.3,26.8,34.7,0.0,15.9,21,5,150,2,34.6,34.2,34.4,32.7,34.4,33.614285714285714,32.0,0.0,0.0,0.0,0.0,0.0,0.0,0.07142857142857142
2018-05-31,42.0,25.7,33.5,0.0,21.8,31,5,151,2,34.7,34.6,34.2,32.4,34.5,33.9,32.34285714285714,0.0,0.0,0.0,0.0,0.0,0.0,0.07142857142857142
2018-06-01,42.1,25.6,33.0,0.7,30.5,38,6,152,3,33.5,34.7,34.6,33.3,34.266666666666666,34.05714285714286,32.58571428571428,0.0,0.0,0.0,0.0,0.0,0.0,0.0642857142857143
2018-06-02,40.8,26.3,33.2,0.0,19.1,43,6,153,3,33.0,33.5,34.7,33.7,33.73333333333333,34.01428571428571,32.83571428571428,0.7,0.0,0.0,0.0,0.2333333333333345,0.100000000000001,0.05714285714285714
2018-06-03,40.4,27.9,34.0,0.0,18.7,43,6,154,3,33.2,33.0,33.5,34.4,33.233333333333334,33.94285714285714,33.114285714285714,0.0,0.7,0.0,0.0,0.2333333333333345,0.100000000000001,0.049999999999999996
2018-06-04,41.3,30.3,35.5,0.0,18.1,41,6,155,3,34.0,33.2,33.0,34.2,33.4,33.885714285714286,33.371428571428574,0.0,0.0,0.7,0.0,0.2333333333333345,0.100000000000001,0.049999999999999996
2018-06-05,39.9,30.0,35.1,0.0,20.9,45,6,156,3,35.5,34.0,33.2,34.6,34.23333333333333,34.07142857142857,33.66428571428572,0.0,0.0,0.0,0.0,0.0,0.100000000000001,0.049999999999999996
2018-06-06,39.0,28.1,34.0,0.0,16.4,50,6,157,3,35.1,35.5,34.0,34.7,34.86666666666667,34.142857142857146,33.878571428571426,0.0,0.0,0.0,0.0,0.0,0.100000000000001,0.049999999999999996
2018-06-07,39.0,29.1,34.2,0.0,13.8,49,6,158,3,34.0,35.1,35.5,33.5,34.86666666666667,34.042857142857144,33.971428571428575,0.0,0.0,0.0,0.0,0.0,0.100000000000001,0.049999999999999996
2018-06-08,41.0,29.8,36.0,0.0,17.1,43,6,159,3,34.2,34.0,35.1,33.0,34.43333333333334,34.142857142857146,34.1,0.0,0.0,0.0,0.7,0.0,0.100000000000001,0.049999999999999996
2018-06-09,37.3,26.6,31.6,3.4,26.2,62,6,160,3,36.0,34.2,34.0,33.2,34.73333333333333,34.57142857142857,34.292857142857144,0.0,0.0,0.0,0.0,0.0,0.0,0.049999999999999996
2018-06-10,35.7,26.0,31.0,2.6,13.3,64,6,161,3,31.6,36.0,34.2,34.0,33.93333333333333,34.34285714285714,34.142857142857146,3.4,0.0,0.0,0.0,1.1333333333333344,0.4857142857142867,0.2928571428571428
2018-06-11,38.7,28.0,33.2,0.0,15.5,50,6,162,3,31.0,31.6,36.0,35.5,32.86666666666667,33.91428571428572,33.9,2.6,3.4,0.0,0.0,2.0000000000000013,0.8571428571428582,0.4785714285714286
2018-06-12,41.5,27.8,34.7,0.0,13.3,41,6,163,3,33.2,31.0,31.6,35.1,31.933333333333334,33.58571428571428,33.82857142857143,0.0,2.6,3.4,0.0,2.0000000000000013,0.8571428571428582,0.4785714285714286
2018-06-13,42.9,27.1,35.6,0.0,16.4,36,6,164,3,34.7,33.2,31.0,34.0,32.96666666666666,33.52857142857143,33.83571428571428,0.0,0.0,2.6,0.0,0.8666666666666679,0.8571428571428582,0.4785714285714286
2018-06-14,42.6,27.7,35.5,0.0,12.8,41,6,165,3,35.6,34.7,33.2,34.2,34.5,33.75714285714286,33.9,0.0,0.0,0.0,0.0,0.0,0.8571428571428582,0.4785714285714286
2018-06-15,39.9,27.4,33.9,2.2,18.6,49,6,166,3,35.5,35.6,34.7,36.0,35.26666666666666,33.94285714285714,34.042857142857144,0.0,0.0,0.0,0.0,0.0,0.8571428571428582,0.4785714285714286
2018-06-16,38.6,25.0,31.5,4.0,19.1,58,6,167,3,33.9,35.5,35.6,31.6,35.0,33.642857142857146,34.107142857142854,2.2,0.0,0.0,3.4,0.7333333333333346,1.1714285714285724,0.5857142857142856
2018-06-17,34.1,24.5,29.2,0.3,10.4,66,6,168,3,31.5,33.9,35.5,31.0,33.63333333333333,33.628571428571426,33.98571428571429,4.0,2.2,0.0,2.6,2.0666666666666678,1.2571428571428582,0.8714285714285713
2018-06-18,35.0,25.1,29.3,0.4,11.6,65,6,169,3,29.2,31.5,33.9,33.2,31.53333333333333,33.371428571428574,33.642857142857146,0.3,4.0,2.2,0.0,2.166666666666668,0.9285714285714296,0.8928571428571429
2018-06-19,36.9,25.4,31.2,0.0,10.1,55,6,170,3,29.3,29.2,31.5,34.7,30.0,32.81428571428572,33.2,0.4,0.3,4.0,0.0,1.566666666666668,0.9857142857142868,0.9214285714285715
2018-06-20,37.2,27.0,32.3,0.0,13.7,51,6,171,3,31.2,29.3,29.2,35.6,29.899999999999995,32.31428571428571,32.92142857142857,0.0,0.4,0.3,0.0,0.2333333333333345,0.9857142857142868,0.9214285714285715
2018-06-21,39.0,26.8,32.9,0.0,8.7,48,6,172,3,32.3,31.2,29.3,35.5,30.933333333333326,31.842857142857138,32.8,0.0,0.0,0.4,0.0,0.13333333333333452,0.9857142857142868,0.9214285714285715
2018-06-22,38.2,26.7,32.9,0.0,17.5,45,6,173,3,32.9,32.3,31.2,33.9,32.133333333333326,31.471428571428568,32.70714285714286,0.0,0.0,0.0,2.2,0.0,0.9857142857142868,0.9214285714285715
2018-06-23,38.5,27.7,32.5,0.1,20.0,45,6,174,3,32.9,32.9,32.3,31.5,32.699999999999996,31.328571428571426,32.48571428571429,0.0,0.0,0.0,4.0,0.0,0.6714285714285725,0.9214285714285715
2018-06-24,38.7,27.9,33.6,0.0,15.5,43,6,175,3,32.5,32.9,32.9,29.2,32.76666666666666,31.471428571428568,32.55,0.1,0.0,0.0,0.3,0.03333333333333452,0.11428571428571531,0.6857142857142857
2018-06-25,40.3,28.0,34.8,0.0,12.0,38,6,176,3,33.6,32.5,32.9,29.3,32.99999999999999,32.1,32.73571428571429,0.0,0.1,0.0,0.4,0.03333333333333452,0.07142857142857244,0.5
2018-06-26,40.2,29.4,34.3,0.0,17.5,37,6,177,3,34.8,33.6,32.5,31.2,33.633333333333326,32.885714285714286,32.85,0.0,0.0,0.1,0.0,0.03333333333333452,0.014285714285715302,0.5
2018-06-27,34.4,27.0,30.6,0.0,17.2,58,6,178,3,34.3,34.8,33.6,32.3,34.23333333333333,33.32857142857143,32.82142857142857,0.0,0.0,0.0,0.0,0.0,0.014285714285715302,0.5
2018-06-28,27.8,23.4,25.3,46.8,16.1,86,6,179,3,30.6,34.3,34.8,32.9,33.23333333333333,33.08571428571429,32.464285714285715,0.0,0.0,0.0,0.0,0.0,0.014285714285715302,0.5
2018-06-29,31.1,22.8,25.2,41.2,15.9,87,6,180,3,25.3,30.6,34.3,32.9,30.06666666666666,32.0,31.735714285714288,46.8,0.0,0.0,0.0,15.6,6.700000000000001,3.8428571428571425
2018-06-30,33.2,22.9,27.6,5.4,12.5,81,6,181,3,25.2,25.3,30.6,32.5,27.03333333333333,30.900000000000002,31.114285714285717,41.2,46.8,0.0,0.1,29.333333333333332,12.585714285714287,6.628571428571428
2018-07-01,35.2,25.5,30.3,0.0,9.7,74,7,182,3,27.6,25.2,25.3,33.6,26.03333333333333,30.2,30.835714285714285,5.4,41.2,46.8,0.0,31.133333333333336,13.342857142857145,6.728571428571429
2018-07-02,36.4,27.3,31.5,1.1,19.2,71,7,183,3,30.3,27.6,25.2,34.8,27.7,29.728571428571428,30.91428571428571,0.0,5.4,41.2,0.0,15.533333333333333,13.342857142857145,6.707142857142857
2018-07-03,32.0,25.4,28.1,4.2,20.3,79,7,184,3,31.5,30.3,27.6,34.3,29.799999999999997,29.257142857142856,31.071428571428573,1.1,0.0,5.4,0.0,2.1666666666666665,13.500000000000002,6.757142857142857
2018-07-04,29.9,23.8,26.8,2.4,15.4,81,7,185,3,28.1,31.5,30.3,30.6,29.966666666666665,28.371428571428574,30.849999999999998,4.2,1.1,0.0,0.0,1.7666666666666668,14.100000000000003,7.057142857142857
2018-07-05,33.8,24.3,28.6,0.0,7.6,73,7,186,3,26.8,28.1,31.5,25.3,28.799999999999997,27.828571428571426,30.45714285714286,2.4,4.2,1.1,46.8,2.566666666666667,14.442857142857145,7.228571428571428
2018-07-06,35.2,25.0,30.2,0.0,10.0,69,7,187,3,28.6,26.8,28.1,25.2,27.833333333333332,28.300000000000004,30.15,0.0,2.4,4.2,41.2,2.2000000000000006,7.757142857142859,7.228571428571428
2018-07-07,37.0,26.6,31.6,0.0,11.7,64,7,188,3,30.2,28.6,26.8,27.6,28.533333333333328,29.014285714285716,29.957142857142856,0.0,0.0,2.4,5.4,0.7999999999999999,1.8714285714285726,7.228571428571428
2018-07-08,38.2,27.0,32.5,0.0,10.3,61,7,189,3,31.6,30.2,28.6,30.3,30.13333333333333,29.585714285714285,29.892857142857142,0.0,0.0,0.0,0.0,0.0,1.1000000000000012,7.221428571428571
2018-07-09,38.1,28.4,33.1,0.0,16.1,62,7,190,3,32.5,31.6,30.2,31.5,31.433333333333326,29.900000000000002,29.814285714285713,0.0,0.0,0.0,1.1,0.0,1.1000000000000012,7.221428571428571
2018-07-10,37.5,29.3,33.0,0.5,16.8,68,7,191,3,33.1,32.5,31.6,28.1,32.4,30.12857142857143,29.692857142857147,0.0,0.0,0.0,4.2,0.0,0.9428571428571441,7.221428571428571
2018-07-11,34.0,28.0,30.7,12.6,16.7,76,7,192,3,33.0,33.1,32.5,26.8,32.86666666666667,30.828571428571426,29.6,0.5,0.0,0.0,2.4,0.16666666666666666,0.4142857142857153,7.257142857142857
2018-07-12,34.3,27.1,30.4,10.4,13.9,78,7,193,3,30.7,33.0,33.1,28.6,32.266666666666666,31.38571428571429,29.607142857142858,12.6,0.5,0.0,0.0,4.366666666666666,1.8714285714285723,8.157142857142857
2018-07-13,31.9,25.9,29.0,21.9,20.9,82,7,194,3,30.4,30.7,33.0,30.2,31.366666666666664,31.642857142857142,29.971428571428568,10.4,12.6,0.5,0.0,7.833333333333333,3.357142857142858,5.557142857142858
2018-07-14,34.4,26.6,30.6,0.4,9.8,76,7,195,3,29.0,30.4,30.7,31.6,30.03333333333333,31.471428571428568,30.24285714285714,21.9,10.4,12.6,0.0,14.966666666666667,6.485714285714287,4.178571428571429
2018-07-15,34.7,27.9,31.3,0.6,15.0,72,7,196,3,30.6,29.0,30.4,32.5,29.999999999999996,31.32857142857143,30.45714285714286,0.4,21.9,10.4,0.0,10.899999999999999,6.542857142857144,3.8214285714285716
2018-07-16,33.2,27.8,30.4,7.3,17.3,78,7,197,3,31.3,30.6,29.0,33.1,30.3,31.157142857142855,30.528571428571432,0.6,0.4,21.9,0.0,7.633333333333333,6.628571428571429,3.8642857142857143
2018-07-17,32.2,25.5,29.2,9.9,11.6,81,7,198,3,30.4,31.3,30.6,33.0,30.766666666666666,30.771428571428572,30.45,7.3,0.6,0.4,0.5,2.766666666666667,7.671428571428572,4.307142857142857
2018-07-18,34.1,26.8,30.3,0.2,6.0,80,7,199,3,29.2,30.4,31.3,30.7,30.299999999999997,30.228571428571428,30.52857142857143,9.9,7.3,0.6,12.6,5.933333333333333,9.014285714285716,4.714285714285714
2018-07-19,34.2,27.5,30.2,5.8,11.3,82,7,200,3,30.3,29.2,30.4,30.4,29.966666666666665,30.17142857142857,30.77857142857143,0.2,9.9,7.3,10.4,5.8,7.242857142857143,4.557142857142857
2018-07-20,34.3,27.6,30.5,2.2,8.7,80,7,201,3,30.2,30.3,29.2,29.0,29.899999999999995,30.142857142857142,30.892857142857142,5.8,0.2,9.9,21.9,5.3,6.585714285714287,4.971428571428571
2018-07-21,34.5,27.6,30.9,0.9,12.0,78,7,202,3,30.5,30.2,30.3,30.6,30.33333333333333,30.357142857142858,30.914285714285715,2.2,5.8,0.2,0.4,2.733333333333333,3.7714285714285722,5.128571428571428
2018-07-22,32.5,25.7,28.7,20.3,13.9,85,7,203,3,30.9,30.5,30.2,31.3,30.53333333333333,30.4,30.864285714285717,0.9,2.2,5.8,0.6,2.9666666666666663,3.8428571428571443,5.192857142857143
2018-07-23,32.4,26.7,29.2,6.5,9.2,83,7,204,3,28.7,30.9,30.5,30.4,30.03333333333333,30.02857142857143,30.592857142857145,20.3,0.9,2.2,7.3,7.8,6.657142857142858,6.642857142857143
2018-07-24,32.5,25.4,28.5,17.3,11.3,86,7,205,3,29.2,28.7,30.9,29.2,29.599999999999994,29.857142857142858,30.314285714285713,6.5,20.3,0.9,9.9,9.233333333333333,6.5428571428571445,7.107142857142857
2018-07-25,34.4,26.7,29.6,4.3,14.1,84,7,206,3,28.5,29.2,28.7,30.3,28.799999999999997,29.75714285714286,29.99285714285714,17.3,6.5,20.3,0.2,14.699999999999998,7.6000000000000005,8.307142857142857
2018-07-26,32.0,25.6,28.7,15.4,14.6,85,7,207,3,29.6,28.5,29.2,30.2,29.099999999999998,29.657142857142855,29.914285714285715,4.3,17.3,6.5,5.8,9.366666666666665,8.185714285714287,7.714285714285714
2018-07-27,32.0,25.2,28.6,16.6,9.1,82,7,208,3,28.7,29.6,28.5,30.5,28.933333333333326,29.442857142857147,29.792857142857144,15.4,4.3,17.3,2.2,12.333333333333334,9.557142857142859,8.071428571428571
2018-07-28,31.5,25.7,28.0,17.1,11.2,85,7,209,3,28.6,28.7,29.6,30.9,28.966666666666665,29.171428571428574,29.764285714285712,16.6,15.4,4.3,0.9,12.1,11.614285714285716,7.692857142857142
2018-07-29,33.8,25.8,29.4,0.7,8.4,78,7,210,3,28.0,28.6,28.7,28.7,28.433333333333334,28.75714285714286,29.578571428571426,17.1,16.6,15.4,20.3,16.366666666666664,13.928571428571429,8.885714285714286
2018-07-30,35.0,25.8,30.1,0.0,10.9,75,7,211,3,29.4,28.0,28.6,29.2,28.666666666666668,28.857142857142858,29.442857142857143,0.7,17.1,16.6,6.5,11.466666666666667,11.12857142857143,8.892857142857144
2018-07-31,34.7,27.2,31.0,0.1,9.7,76,7,212,3,30.1,29.4,28.0,28.5,29.166666666666668,28.985714285714288,29.42142857142857,0.0,0.7,17.1,17.3,5.933333333333333,10.200000000000001,8.371428571428572
2018-08-01,35.2,26.9,30.6,1.5,14.5,75,8,213,3,31.0,30.1,29.4,29.6,30.166666666666668,29.342857142857145,29.55,0.1,0.0,0.7,4.3,0.26666666666666544,7.742857142857145,7.671428571428572
2018-08-02,34.2,26.4,30.7,1.6,14.8,76,8,214,3,30.6,31.0,30.1,28.7,30.566666666666663,29.485714285714288,29.571428571428573,1.5,0.1,0.0,15.4,0.5333333333333322,7.342857142857143,7.764285714285714
2018-08-03,35.1,27.4,31.2,0.0,9.7,76,8,215,3,30.7,30.6,31.0,28.6,30.766666666666666,29.77142857142857,29.607142857142858,1.6,1.5,0.1,16.6,1.0666666666666655,5.371428571428573,7.464285714285715
2018-08-04,35.7,27.8,31.5,0.3,11.8,74,8,216,3,31.2,30.7,30.6,28.0,30.833333333333332,30.142857142857142,29.657142857142855,0.0,1.6,1.5,17.1,1.033333333333332,3.000000000000001,7.307142857142858
2018-08-05,36.4,28.2,31.9,0.0,13.4,71,8,217,3,31.5,31.2,30.7,29.4,31.13333333333333,30.642857142857142,29.699999999999996,0.3,0.0,1.6,0.7,0.6333333333333322,0.6000000000000011,7.264285714285714
2018-08-06,34.1,26.7,30.1,1.8,16.5,76,8,218,3,31.9,31.5,31.2,30.1,31.53333333333333,31.0,29.928571428571427,0.0,0.3,0.0,0.0,0.09999999999999881,0.500000000000001,5.814285714285715
2018-08-07,30.5,25.2,27.2,7.0,18.2,87,8,219,3,30.1,31.9,31.5,31.0,31.166666666666668,31.0,29.99285714285714,1.8,0.0,0.3,0.1,0.6999999999999988,0.7571428571428581,5.478571428571429
2018-08-08,32.1,24.6,28.1,7.8,8.0,80,8,220,3,27.2,30.1,31.9,30.6,29.73333333333333,30.457142857142856,29.900000000000002,7.0,1.8,0.0,1.5,2.9333333333333322,1.7428571428571438,4.742857142857143
2018-08-09,33.0,26.2,29.2,7.5,13.3,83,8,221,3,28.1,27.2,30.1,30.7,28.466666666666665,30.099999999999998,29.79285714285714,7.8,7.0,1.8,1.6,5.533333333333331,2.6428571428571437,4.992857142857143
2018-08-10,34.0,26.8,29.9,2.4,7.6,82,8,222,3,29.2,28.1,27.2,31.2,28.166666666666668,29.88571428571429,29.828571428571426,7.5,7.8,7.0,0.0,7.433333333333333,3.4857142857142867,4.428571428571429
2018-08-11,33.9,27.6,30.5,1.9,12.2,81,8,223,3,29.9,29.2,28.1,31.5,29.066666666666663,29.699999999999996,29.921428571428574,2.4,7.5,7.8,0.3,5.899999999999999,3.828571428571429,3.4142857142857146
2018-08-12,33.0,25.6,29.1,6.0,21.6,83,8,224,3,30.5,29.9,29.2,31.9,29.866666666666664,29.557142857142853,30.1,1.9,2.4,7.5,0.0,3.9333333333333322,4.057142857142859,2.3285714285714287
2018-08-13,31.9,24.4,27.8,11.9,17.1,85,8,225,3,29.1,30.5,29.9,30.1,29.833333333333332,29.157142857142862,30.078571428571426,6.0,1.9,2.4,1.8,3.4333333333333322,4.9142857142857155,2.707142857142857
2018-08-14,33.2,25.4,28.3,4.7,9.2,83,8,226,3,27.8,29.1,30.5,27.2,29.13333333333333,28.828571428571426,29.914285714285715,11.9,6.0,1.9,7.0,6.599999999999999,6.357142857142857,3.557142857142857
2018-08-15,32.9,25.8,28.9,1.3,9.2,81,8,227,3,28.3,27.8,29.1,28.1,28.399999999999995,28.985714285714288,29.72142857142857,4.7,11.9,6.0,7.8,7.533333333333332,6.028571428571429,3.8857142857142857
2018-08-16,33.2,26.8,29.8,0.3,8.6,81,8,228,3,28.9,28.3,27.8,29.2,28.333333333333332,29.1,29.599999999999998,1.3,4.7,11.9,7.5,5.966666666666666,5.100000000000001,3.8714285714285714
2018-08-17,32.6,27.6,29.8,8.8,9.0,84,8,229,3,29.8,28.9,28.3,29.9,29.0,29.185714285714283,29.535714285714285,0.3,1.3,4.7,2.4,2.0999999999999983,4.071428571428572,3.7785714285714285
2018-08-18,32.1,25.8,28.9,10.8,11.5,86,8,230,3,29.8,29.8,28.9,30.5,29.5,29.17142857142857,29.435714285714287,8.8,0.3,1.3,1.9,3.466666666666665,4.985714285714287,4.4071428571428575
2018-08-19,33.4,26.6,29.8,0.5,6.9,84,8,231,3,28.9,29.8,29.8,29.1,29.5,28.942857142857143,29.25,10.8,8.8,0.3,6.0,6.633333333333332,6.257142857142859,5.1571428571428575
2018-08-20,34.2,27.0,30.7,0.7,12.5,80,8,232,3,29.8,28.9,29.8,27.8,29.5,29.04285714285714,29.099999999999998,0.5,10.8,8.8,11.9,6.699999999999998,5.471428571428573,5.192857142857143
2018-08-21,31.4,25.7,28.5,7.5,15.2,88,8,233,3,30.7,29.8,28.9,28.3,29.799999999999997,29.45714285714286,29.142857142857142,0.7,0.5,10.8,4.7,3.9999999999999982,3.8714285714285728,5.114285714285715
2018-08-22,33.4,27.0,29.8,1.0,9.0,82,8,234,3,28.5,30.7,29.8,28.9,29.666666666666668,29.485714285714288,29.235714285714284,7.5,0.7,0.5,1.3,2.8999999999999986,4.271428571428573,5.15
2018-08-23,33.7,25.8,29.8,1.8,12.7,84,8,235,3,29.8,28.5,30.7,29.8,29.666666666666668,29.61428571428571,29.357142857142858,1.0,7.5,0.7,0.3,3.066666666666665,4.2285714285714295,4.6642857142857155
2018-08-24,33.8,25.6,29.9,1.2,12.0,80,8,236,3,29.8,29.8,28.5,29.8,29.366666666666664,29.614285714285717,29.400000000000002,1.8,1.0,7.5,8.8,3.433333333333332,4.442857142857144,4.257142857142857
2018-08-25,33.4,25.1,29.7,0.9,16.9,80,8,237,3,29.9,29.8,29.8,28.9,29.833333333333332,29.62857142857143,29.4,1.2,1.8,1.0,10.8,1.3333333333333315,3.357142857142858,4.171428571428572
2018-08-26,33.1,25.4,29.3,2.2,14.8,78,8,238,3,29.7,29.9,29.8,29.8,29.799999999999997,29.74285714285714,29.342857142857145,0.9,1.2,1.8,0.5,1.2999999999999983,1.9428571428571437,4.1000000000000005
2018-08-27,34.2,25.5,29.7,2.2,9.4,76,8,239,3,29.3,29.7,29.9,30.7,29.63333333333333,29.671428571428574,29.357142857142858,2.2,0.9,1.2,0.7,1.4333333333333316,2.185714285714287,3.8285714285714287
2018-08-28,35.4,26.1,30.5,0.0,8.4,71,8,240,3,29.7,29.3,29.7,28.5,29.566666666666663,29.52857142857143,29.492857142857144,2.2,2.2,0.9,7.5,1.766666666666665,2.4000000000000012,3.135714285714286
2018-08-29,35.3,26.2,30.4,0.2,8.1,72,8,241,3,30.5,29.7,29.3,29.8,29.83333333333333,29.814285714285713,29.650000000000002,0.0,2.2,2.2,1.0,1.466666666666665,1.3285714285714296,2.8000000000000003
2018-08-30,36.0,26.8,30.8,0.0,11.5,73,8,242,3,30.4,30.5,29.7,29.8,30.2,29.900000000000002,29.75714285714286,0.2,0.0,2.2,1.8,0.7999999999999984,1.2142857142857155,2.7214285714285715
2018-08-31,36.5,27.5,31.4,0.0,14.8,70,8,243,3,30.8,30.4,30.5,29.9,30.566666666666663,30.042857142857144,29.82857142857143,0.0,0.2,0.0,1.2,0.06666666666666489,0.9571428571428582,2.7
2018-09-01,35.4,27.4,30.9,0.0,15.1,75,9,244,4,31.4,30.8,30.4,29.7,30.866666666666664,30.257142857142856,29.942857142857143,0.0,0.0,0.2,0.9,0.06666666666666489,0.7857142857142867,2.0714285714285716
2018-09-02,34.3,27.1,29.7,1.9,13.4,79,9,245,4,30.9,31.4,30.8,29.3,31.03333333333333,30.428571428571427,30.08571428571429,0.0,0.0,0.0,2.2,0.0,0.6571428571428581,1.3
2018-09-03,32.7,25.4,28.9,2.9,10.1,79,9,246,4,29.7,30.9,31.4,29.7,30.66666666666666,30.485714285714284,30.07857142857143,1.9,0.0,0.0,2.2,0.6333333333333315,0.6142857142857153,1.4000000000000001
2018-09-04,34.0,26.2,29.7,0.3,7.8,77,9,247,4,28.9,29.7,30.9,30.5,29.83333333333333,30.37142857142857,29.95,2.9,1.9,0.0,0.0,1.599999999999998,0.7142857142857153,1.5571428571428572
2018-09-05,35.8,26.5,30.5,0.1,9.4,70,9,248,4,29.7,28.9,29.7,30.4,29.433333333333326,30.25714285714286,30.035714285714285,0.3,2.9,1.9,0.2,1.6999999999999982,0.7571428571428581,1.042857142857143
2018-09-06,36.6,27.2,31.4,0.0,7.5,63,9,249,4,30.5,29.7,28.9,30.8,29.7,30.27142857142857,30.085714285714285,0.1,0.3,2.9,0.0,1.099999999999998,0.7428571428571439,0.9785714285714286
2018-09-07,33.9,27.6,30.1,0.0,13.3,73,9,250,4,31.4,30.5,29.7,31.4,30.53333333333333,30.357142857142854,30.2,0.0,0.1,0.3,0.0,0.13333333333333156,0.7428571428571439,0.85
2018-09-08,33.6,25.7,29.4,0.0,8.4,74,9,251,4,30.1,31.4,30.5,30.9,30.666666666666668,30.17142857142857,30.214285714285715,0.0,0.0,0.1,0.0,0.033333333333331557,0.7428571428571439,0.7642857142857142
2018-09-09,31.3,26.4,28.6,1.2,11.2,80,9,252,4,29.4,30.1,31.4,29.7,30.299999999999997,29.957142857142856,30.192857142857143,0.0,0.0,0.0,1.9,0.0,0.7428571428571439,0.7000000000000001
2018-09-10,33.4,26.0,29.7,1.3,9.5,78,9,253,4,28.6,29.4,30.1,28.9,29.366666666666664,29.800000000000004,30.142857142857142,1.2,0.0,0.0,2.9,0.3999999999999982,0.6428571428571439,0.6285714285714284
2018-09-11,33.8,24.9,29.2,5.6,15.8,76,9,254,4,29.7,28.6,29.4,29.7,29.23333333333333,29.914285714285715,30.14285714285714,1.3,1.2,0.0,0.3,0.8333333333333316,0.4142857142857153,0.5642857142857143
2018-09-12,34.4,25.9,29.7,0.5,16.0,76,9,255,4,29.2,29.7,28.6,30.5,29.166666666666668,29.842857142857138,30.05,5.6,1.3,1.2,0.1,2.699999999999998,1.1714285714285724,0.9642857142857143
2018-09-13,33.4,25.2,28.9,0.1,15.9,73,9,256,4,29.7,29.2,29.7,31.4,29.53333333333333,29.728571428571428,30.0,0.5,5.6,1.3,0.0,2.4666666666666646,1.2285714285714295,0.9857142857142857
2018-09-14,32.7,21.2,27.4,5.1,15.1,73,9,257,4,28.9,29.7,29.2,30.1,29.266666666666662,29.37142857142857,29.86428571428571,0.1,0.5,5.6,0.0,2.0666666666666647,1.2428571428571438,0.9928571428571428
2018-09-15,28.5,21.3,25.3,53.6,17.7,74,9,258,4,27.4,28.9,29.7,29.4,28.66666666666666,28.985714285714288,29.57857142857143,5.1,0.1,0.5,0.0,1.899999999999998,1.9714285714285722,1.3571428571428572
2018-09-16,32.6,22.5,27.2,0.0,17.8,59,9,259,4,25.3,27.4,28.9,28.6,27.2,28.400000000000002,29.178571428571427,53.6,5.1,0.1,1.2,19.599999999999998,9.62857142857143,5.185714285714285
2018-09-17,33.8,22.4,27.6,0.0,9.0,59,9,260,4,27.2,25.3,27.4,29.7,26.63333333333333,28.199999999999996,29.0,0.0,53.6,5.1,1.3,19.566666666666666,9.457142857142857,5.049999999999999
2018-09-18,35.0,21.6,28.0,0.0,10.1,56,9,261,4,27.6,27.2,25.3,29.2,26.7,27.9,28.907142857142855,0.0,0.0,53.6,5.6,17.866666666666664,9.271428571428572,4.842857142857143
2018-09-19,35.8,22.1,29.0,0.0,9.0,58,9,262,4,28.0,27.6,27.2,29.7,27.599999999999998,27.728571428571428,28.785714285714285,0.0,0.0,0.0,0.5,0.0,8.471428571428572,4.821428571428571
2018-09-20,36.4,23.1,29.5,0.0,9.7,59,9,263,4,29.0,28.0,27.6,28.9,28.2,27.628571428571426,28.678571428571427,0.0,0.0,0.0,0.1,0.0,8.4,4.814285714285715
2018-09-21,34.7,24.2,29.4,0.0,12.3,65,9,264,4,29.5,29.0,28.0,27.4,28.833333333333332,27.714285714285715,28.54285714285714,0.0,0.0,0.0,5.1,0.0,8.385714285714286,4.814285714285715
2018-09-22,31.8,24.7,27.3,0.7,13.8,76,9,265,4,29.4,29.5,29.0,25.3,29.299999999999997,28.0,28.492857142857144,0.0,0.0,0.0,53.6,0.0,7.657142857142858,4.814285714285715
2018-09-23,25.9,21.8,23.5,3.9,18.8,81,9,266,4,27.3,29.4,29.5,27.2,28.73333333333333,28.285714285714285,28.342857142857138,0.7,0.0,0.0,0.0,0.2333333333333333,0.100000000000001,4.864285714285714
2018-09-24,31.7,21.8,25.7,1.4,11.8,71,9,267,4,23.5,27.3,29.4,27.6,26.73333333333333,27.75714285714286,27.978571428571428,3.9,0.7,0.0,0.0,1.5333333333333332,0.6571428571428581,5.057142857142857
2018-09-25,33.2,21.0,26.5,0.0,10.3,70,9,268,4,25.7,23.5,27.3,28.0,25.499999999999996,27.485714285714288,27.692857142857147,1.4,3.9,0.7,0.0,2.0,0.8571428571428582,5.064285714285714
2018-09-26,34.4,22.6,28.0,0.0,9.6,64,9,269,4,26.5,25.7,23.5,29.0,25.23333333333333,27.271428571428572,27.5,0.0,1.4,3.9,0.0,1.7666666666666666,0.8571428571428582,4.664285714285714
2018-09-27,34.8,23.8,28.7,0.0,10.4,60,9,270,4,28.0,26.5,25.7,29.5,26.73333333333333,27.12857142857143,27.37857142857143,0.0,0.0,1.4,0.0,0.4666666666666668,0.8571428571428582,4.628571428571428
2018-09-28,34.6,23.0,28.0,0.0,13.2,61,9,271,4,28.7,28.0,26.5,29.4,27.73333333333333,27.014285714285716,27.364285714285717,0.0,0.0,0.0,0.0,0.0,0.8571428571428582,4.621428571428571
2018-09-29,33.6,21.8,27.0,0.2,12.7,65,9,272,4,28.0,28.7,28.0,27.3,28.23333333333333,26.814285714285713,27.407142857142855,0.0,0.0,0.0,0.7,0.0,0.8571428571428582,4.257142857142857
2018-09-30,34.8,21.6,28.1,0.0,15.0,50,9,273,4,27.0,28.0,28.7,23.5,27.899999999999995,26.77142857142857,27.528571428571432,0.2,0.0,0.0,3.9,0.06666666666666682,0.7857142857142867,0.4428571428571428
2018-10-01,34.1,21.6,27.2,0.1,9.0,53,10,274,4,28.1,27.0,28.0,25.7,27.7,27.428571428571427,27.592857142857138,0.0,0.2,0.0,1.4,0.06666666666666682,0.22857142857142962,0.4428571428571428
2018-10-02,33.9,21.5,27.2,0.0,6.8,58,10,275,4,27.2,28.1,27.0,26.5,27.433333333333334,27.642857142857142,27.564285714285717,0.1,0.0,0.2,0.0,0.10000000000000016,0.04285714285714394,0.45
2018-10-03,34.3,20.9,26.7,0.1,17.4,59,10,276,4,27.2,27.2,28.1,28.0,27.5,27.74285714285714,27.50714285714286,0.0,0.1,0.0,0.0,0.033333333333333486,0.04285714285714394,0.45
2018-10-04,32.7,20.1,26.3,0.0,11.4,56,10,277,4,26.7,27.2,27.2,28.7,27.03333333333333,27.557142857142857,27.342857142857145,0.1,0.0,0.1,0.0,0.06666666666666682,0.057142857142858224,0.45714285714285713
2018-10-05,33.8,20.1,26.0,0.0,14.2,46,10,278,4,26.3,26.7,27.2,28.0,26.73333333333333,27.214285714285715,27.114285714285717,0.0,0.1,0.0,0.0,0.033333333333333486,0.057142857142858224,0.45714285714285713
2018-10-06,33.4,20.5,26.1,0.0,12.8,43,10,279,4,26.0,26.3,26.7,27.0,26.333333333333332,26.928571428571427,26.87142857142857,0.0,0.0,0.1,0.2,0.033333333333333486,0.057142857142858224,0.45714285714285713
2018-10-07,33.4,20.1,25.9,0.0,9.5,47,10,280,4,26.1,26.0,26.3,28.1,26.13333333333333,26.8,26.785714285714285,0.0,0.0,0.0,0.0,0.0,0.028571428571429653,0.4071428571428571
2018-10-08,33.6,19.2,26.4,0.0,13.4,51,10,281,4,25.9,26.1,26.0,27.2,26.0,26.485714285714284,26.95714285714286,0.0,0.0,0.0,0.1,0.0,0.028571428571429653,0.12857142857142856
2018-10-09,32.6,18.9,25.6,4.2,26.1,50,10,282,4,26.4,25.9,26.1,27.2,26.13333333333333,26.37142857142857,27.007142857142856,0.0,0.0,0.0,0.0,0.0,0.014285714285715364,0.028571428571428574
2018-10-10,31.0,18.4,24.3,0.1,22.4,57,10,283,4,25.6,26.4,25.9,26.7,25.966666666666665,26.142857142857142,26.942857142857143,4.2,0.0,0.0,0.1,1.4000000000000004,0.6142857142857154,0.3285714285714286
2018-10-11,30.6,18.5,23.9,0.0,19.0,59,10,284,4,24.3,25.6,26.4,26.3,25.433333333333334,25.8,26.678571428571427,0.1,4.2,0.0,0.0,1.4333333333333333,0.6142857142857154,0.33571428571428574
2018-10-12,31.0,17.7,23.9,0.0,8.8,57,10,285,4,23.9,24.3,25.6,26.0,24.599999999999998,25.45714285714286,26.335714285714285,0.0,0.1,4.2,0.0,1.4333333333333333,0.6142857142857154,0.33571428571428574
2018-10-13,31.5,17.2,24.0,0.0,11.5,44,10,286,4,23.9,23.9,24.3,26.1,24.03333333333333,25.157142857142855,26.04285714285714,0.0,0.0,0.1,0.0,0.03333333333333333,0.6142857142857154,0.33571428571428574
2018-10-14,31.1,16.9,23.9,0.0,13.7,48,10,287,4,24.0,23.9,23.9,25.9,23.933333333333334,24.857142857142858,25.828571428571426,0.0,0.0,0.0,0.0,0.0,0.6142857142857154,0.32142857142857145
2018-10-15,31.4,17.8,24.2,0.0,7.6,51,10,288,4,23.9,24.0,23.9,26.4,23.933333333333326,24.571428571428573,25.528571428571432,0.0,0.0,0.0,0.0,0.0,0.6142857142857154,0.32142857142857145
2018-10-16,31.7,18.5,24.7,0.1,15.0,55,10,289,4,24.2,23.9,24.0,25.6,24.03333333333333,24.25714285714286,25.314285714285713,0.0,0.0,0.0,4.2,0.0,0.6142857142857154,0.31428571428571433
2018-10-17,31.6,19.2,24.8,0.0,15.8,49,10,290,4,24.7,24.2,23.9,24.3,24.266666666666666,24.128571428571426,25.135714285714283,0.1,0.0,0.0,0.1,0.03333333333333333,0.028571428571429715,0.3214285714285715
2018-10-18,31.5,17.4,23.5,0.0,10.9,44,10,291,4,24.8,24.7,24.2,23.9,24.566666666666663,24.2,25.0,0.0,0.1,0.0,0.0,0.03333333333333333,0.014285714285715428,0.31428571428571433
2018-10-19,31.3,16.2,22.7,0.0,10.1,43,10,292,4,23.5,24.8,24.7,23.9,24.333333333333332,24.142857142857142,24.8,0.0,0.0,0.1,0.0,0.03333333333333333,0.014285714285715428,0.31428571428571433
2018-10-20,31.0,14.8,22.3,0.0,10.1,45,10,293,4,22.7,23.5,24.8,24.0,23.66666666666666,23.971428571428568,24.564285714285713,0.0,0.0,0.0,0.0,0.0,0.014285714285715428,0.31428571428571433
2018-10-21,30.6,16.3,22.6,0.0,11.3,42,10,294,4,22.3,22.7,23.5,23.9,22.833333333333332,23.728571428571428,24.292857142857144,0.0,0.0,0.0,0.0,0.0,0.014285714285715428,0.31428571428571433
2018-10-22,30.5,16.1,22.4,0.0,13.5,44,10,295,4,22.6,22.3,22.7,24.2,22.53333333333333,23.542857142857144,24.057142857142853,0.0,0.0,0.0,0.0,0.0,0.014285714285715428,0.31428571428571433
2018-10-23,30.5,15.1,22.3,0.0,9.6,47,10,296,4,22.4,22.6,22.3,24.7,22.433333333333326,23.285714285714285,23.771428571428572,0.0,0.0,0.0,0.1,0.0,0.014285714285715428,0.31428571428571433
2018-10-24,29.7,14.8,22.0,0.0,9.6,50,10,297,4,22.3,22.4,22.6,24.8,22.433333333333334,22.942857142857143,23.535714285714285,0.0,0.0,0.0,0.0,0.0,0.0,0.014285714285714287
2018-10-25,30.2,15.1,21.9,0.0,10.5,51,10,298,4,22.0,22.3,22.4,23.5,22.23333333333333,22.54285714285714,23.37142857142857,0.0,0.0,0.0,0.0,0.0,0.0,0.0071428571428571435
2018-10-26,29.9,17.2,22.4,0.0,13.0,55,10,299,4,21.9,22.0,22.3,22.7,22.066666666666663,22.314285714285713,23.228571428571428,0.0,0.0,0.0,0.0,0.0,0.0,0.0071428571428571435
2018-10-27,29.5,16.4,22.5,0.0,10.2,55,10,300,4,22.4,21.9,22.0,22.3,22.099999999999998,22.271428571428572,23.12142857142857,0.0,0.0,0.0,0.0,0.0,0.0,0.0071428571428571435
2018-10-28,29.9,16.1,22.3,0.0,10.1,59,10,301,4,22.5,22.4,21.9,22.6,22.266666666666666,22.3,23.014285714285712,0.0,0.0,0.0,0.0,0.0,0.0,0.0071428571428571435
2018-10-29,30.0,15.6,22.3,0.0,11.2,65,10,302,4,22.3,22.5,22.4,22.4,22.399999999999995,22.25714285714286,22.9,0.0,0.0,0.0,0.0,0.0,0.0,0.0071428571428571435
2018-10-30,30.1,16.9,23.1,0.0,9.3,65,10,303,4,22.3,22.3,22.5,22.3,22.366666666666664,22.24285714285714,22.764285714285712,0.0,0.0,0.0,0.0,0.0,0.0,0.0071428571428571435
2018-10-31,29.4,17.6,23.1,0.0,7.8,71,10,304,4,23.1,22.3,22.3,22.0,22.566666666666666,22.357142857142858,22.650000000000002,0.0,0.0,0.0,0.0,0.0,0.0,0.0
2018-11-01,28.9,19.0,22.1,11.0,18.1,76,11,305,4,23.1,23.1,22.3,21.9,22.833333333333332,22.514285714285716,22.52857142857143,0.0,0.0,0.0,0.0,0.0,0.0,0.0
2018-11-02,21.5,16.3,19.1,15.8,23.6,74,11,306,4,22.1,23.1,23.1,22.4,22.766666666666666,22.542857142857144,22.428571428571427,11.0,0.0,0.0,0.0,3.6666666666666665,1.5714285714285725,0.7857142857142857
2018-11-03,24.7,14.8,17.9,2.1,27.0,72,11,307,4,19.1,22.1,23.1,22.5,21.433333333333334,22.071428571428573,22.171428571428574,15.8,11.0,0.0,0.0,8.933333333333334,3.8285714285714296,1.9142857142857144
2018-11-04,23.8,13.4,17.9,0.0,12.3,72,11,308,4,17.9,19.1,22.1,22.3,19.7,21.414285714285715,21.857142857142858,2.1,15.8,11.0,0.0,9.633333333333335,4.12857142857143,2.0642857142857145
2018-11-05,24.6,13.4,17.9,0.0,11.3,62,11,309,4,17.9,17.9,19.1,22.3,18.299999999999997,20.785714285714285,21.52142857142857,0.0,2.1,15.8,0.0,5.966666666666668,4.12857142857143,2.0642857142857145
2018-11-06,24.8,12.5,17.2,0.0,13.0,59,11,310,4,17.9,17.9,17.9,23.1,17.9,20.157142857142855,21.2,0.0,0.0,2.1,0.0,0.7000000000000001,4.12857142857143,2.0642857142857145
2018-11-07,24.7,11.1,17.2,0.0,10.4,56,11,311,4,17.2,17.9,17.9,23.1,17.66666666666666,19.314285714285713,20.835714285714285,0.0,0.0,0.0,0.0,0.0,4.12857142857143,2.0642857142857145
2018-11-08,25.4,11.6,17.9,0.0,8.3,67,11,312,4,17.2,17.2,17.9,22.1,17.433333333333334,18.47142857142857,20.49285714285714,0.0,0.0,0.0,11.0,0.0,4.12857142857143,2.0642857142857145
2018-11-09,25.5,12.6,18.8,0.0,7.3,68,11,313,4,17.9,17.2,17.2,19.1,17.433333333333326,17.87142857142857,20.207142857142856,0.0,0.0,0.0,15.8,0.0,2.5571428571428583,2.0642857142857145
2018-11-10,25.6,12.9,18.7,0.0,9.2,72,11,314,4,18.8,17.9,17.2,17.9,17.966666666666665,17.82857142857143,19.95,0.0,0.0,0.0,2.1,0.0,0.30000000000000104,2.0642857142857145
2018-11-11,22.1,13.7,17.6,0.0,9.0,75,11,315,4,18.7,18.8,17.9,17.9,18.466666666666665,17.942857142857143,19.678571428571427,0.0,0.0,0.0,0.0,0.0,0.0,2.0642857142857145
2018-11-12,24.8,13.5,18.5,0.0,11.7,72,11,316,4,17.6,18.7,18.8,17.9,18.366666666666664,17.9,19.342857142857145,0.0,0.0,0.0,0.0,0.0,0.0,2.0642857142857145
2018-11-13,23.4,13.8,18.1,0.1,16.9,67,11,317,4,18.5,17.6,18.7,17.2,18.266666666666666,17.985714285714284,19.071428571428573,0.0,0.0,0.0,0.0,0.0,0.0,2.0642857142857145
2018-11-14,22.6,14.2,17.7,0.1,19.9,65,11,318,4,18.1,18.5,17.6,17.2,18.066666666666663,18.114285714285714,18.714285714285715,0.1,0.0,0.0,0.0,0.03333333333333333,0.014285714285715302,2.0714285714285716
2018-11-15,24.4,12.1,17.2,0.0,9.7,68,11,319,4,17.7,18.1,18.5,17.9,18.099999999999998,18.185714285714287,18.328571428571426,0.1,0.1,0.0,0.0,0.06666666666666667,0.028571428571429587,2.0785714285714287
2018-11-16,23.9,12.5,17.2,0.0,13.9,63,11,320,4,17.2,17.7,18.1,18.8,17.666666666666668,18.085714285714285,17.978571428571428,0.0,0.1,0.1,0.0,0.06666666666666667,0.028571428571429587,1.292857142857143
2018-11-17,23.9,11.3,16.6,0.0,10.1,68,11,321,4,17.2,17.2,17.7,18.7,17.366666666666664,17.857142857142858,17.842857142857145,0.0,0.0,0.1,0.0,0.03333333333333333,0.028571428571429587,0.1642857142857143
2018-11-18,23.7,11.0,16.8,0.0,10.0,68,11,322,4,16.6,17.2,17.2,17.6,16.999999999999996,17.557142857142857,17.75,0.0,0.0,0.0,0.0,0.0,0.028571428571429587,0.014285714285714287
2018-11-19,25.7,12.1,17.9,0.0,9.0,69,11,323,4,16.8,16.6,17.2,18.5,16.866666666666664,17.442857142857143,17.67142857142857,0.0,0.0,0.0,0.0,0.0,0.028571428571429587,0.014285714285714287
2018-11-20,26.0,12.4,18.3,0.0,12.7,63,11,324,4,17.9,16.8,16.6,18.1,17.099999999999998,17.357142857142858,17.67142857142857,0.0,0.0,0.0,0.1,0.0,0.028571428571429587,0.014285714285714287
2018-11-21,25.2,11.7,17.6,0.0,11.6,61,11,325,4,18.3,17.9,16.8,17.7,17.666666666666664,17.385714285714283,17.75,0.0,0.0,0.0,0.1,0.0,0.014285714285715302,0.014285714285714287
2018-11-22,23.9,10.2,16.6,0.0,11.9,69,11,326,4,17.6,18.3,17.9,17.2,17.93333333333333,17.371428571428574,17.77857142857143,0.0,0.0,0.0,0.0,0.0,0.0,0.014285714285714287
2018-11-23,24.9,12.8,17.5,0.0,16.5,53,11,327,4,16.6,17.6,18.3,17.2,17.499999999999996,17.285714285714285,17.685714285714287,0.0,0.0,0.0,0.0,0.0,0.0,0.014285714285714287
2018-11-24,25.5,12.2,18.0,0.0,13.1,51,11,328,4,17.5,16.6,17.6,16.6,17.23333333333333,17.32857142857143,17.592857142857145,0.0,0.0,0.0,0.0,0.0,0.0,0.014285714285714287
2018-11-25,24.6,9.4,16.3,0.0,7.9,68,11,329,4,18.0,17.5,16.6,16.8,17.366666666666664,17.528571428571432,17.54285714285714,0.0,0.0,0.0,0.0,0.0,0.0,0.014285714285714287
2018-11-26,25.0,10.2,17.5,0.0,7.6,69,11,330,4,16.3,18.0,17.5,17.9,17.266666666666666,17.45714285714286,17.45,0.0,0.0,0.0,0.0,0.0,0.0,0.014285714285714287
2018-11-27,24.6,11.6,17.4,0.0,8.0,74,11,331,4,17.5,16.3,18.0,18.3,17.266666666666666,17.400000000000002,17.37857142857143,0.0,0.0,0.0,0.0,0.0,0.0,0.014285714285714287
2018-11-28,24.6,12.3,17.5,0.0,8.3,78,11,332,4,17.4,17.5,16.3,17.6,17.066666666666663,17.27142857142857,17.32857142857143,0.0,0.0,0.0,0.0,0.0,0.0,0.0071428571428571435
2018-11-29,24.5,13.6,17.7,0.0,15.5,64,11,333,4,17.5,17.4,17.5,16.6,17.466666666666665,17.257142857142856,17.314285714285713,0.0,0.0,0.0,0.0,0.0,0.0,0.0
2018-11-30,24.0,11.7,17.4,0.0,11.6,52,11,334,4,17.7,17.5,17.4,17.5,17.53333333333333,17.414285714285715,17.35,0.0,0.0,0.0,0.0,0.0,0.0,0.0
2018-12-01,23.0,7.8,14.9,0.0,10.2,69,12,335,1,17.4,17.7,17.5,18.0,17.533333333333328,17.400000000000002,17.364285714285714,0.0,0.0,0.0,0.0,0.0,0.0,0.0
2018-12-02,23.3,9.5,16.3,0.0,9.2,67,12,336,1,14.9,17.4,17.7,16.3,16.666666666666664,16.95714285714286,17.242857142857144,0.0,0.0,0.0,0.0,0.0,0.0,0.0
2018-12-03,22.8,8.8,16.0,0.0,7.3,72,12,337,1,16.3,14.9,17.4,17.5,16.2,16.957142857142856,17.20714285714286,0.0,0.0,0.0,0.0,0.0,0.0,0.0
2018-12-04,22.9,10.0,16.6,0.0,8.1,72,12,338,1,16.0,16.3,14.9,17.4,15.733333333333333,16.74285714285714,17.071428571428573,0.0,0.0,0.0,0.0,0.0,0.0,0.0
2018-12-05,21.5,11.8,15.5,0.0,9.2,76,12,339,1,16.6,16.0,16.3,17.5,16.3,16.62857142857143,16.95,0.0,0.0,0.0,0.0,0.0,0.0,0.0
2018-12-06,20.5,10.3,14.6,0.0,10.2,79,12,340,1,15.5,16.6,16.0,17.7,16.03333333333333,16.342857142857145,16.8,0.0,0.0,0.0,0.0,0.0,0.0,0.0
2018-12-07,21.5,8.3,14.3,0.0,10.0,73,12,341,1,14.6,15.5,16.6,17.4,15.566666666666665,15.9,16.65714285714286,0.0,0.0,0.0,0.0,0.0,0.0,0.0
2018-12-08,22.0,8.0,15.0,0.0,8.3,71,12,342,1,14.3,14.6,15.5,14.9,14.799999999999997,15.457142857142859,16.428571428571427,0.0,0.0,0.0,0.0,0.0,0.0,0.0
2018-12-09,21.0,9.1,14.5,0.0,9.6,74,12,343,1,15.0,14.3,14.6,16.3,14.633333333333331,15.471428571428573,16.214285714285715,0.0,0.0,0.0,0.0,0.0,0.0,0.0
2018-12-10,16.0,10.8,13.2,9.0,17.8,87,12,344,1,14.5,15.0,14.3,16.0,14.599999999999996,15.214285714285714,16.085714285714285,0.0,0.0,0.0,0.0,0.0,0.0,0.0
2018-12-11,20.5,9.0,13.8,0.3,17.1,70,12,345,1,13.2,14.5,15.0,16.6,14.233333333333333,14.814285714285713,15.778571428571428,9.0,0.0,0.0,0.0,3.0,1.2857142857142867,0.6428571428571429
2018-12-12,17.2,8.9,12.3,1.6,13.9,81,12,346,1,13.8,13.2,14.5,15.5,13.83333333333333,14.414285714285715,15.52142857142857,0.3,9.0,0.0,0.0,3.1,1.3285714285714296,0.6642857142857144
2018-12-13,18.2,6.7,12.0,0.0,8.1,76,12,347,1,12.3,13.8,13.2,14.6,13.1,13.957142857142857,15.15,1.6,0.3,9.0,0.0,3.6333333333333333,1.5571428571428583,0.7785714285714286
2018-12-14,19.3,6.6,12.5,0.0,11.1,72,12,348,1,12.0,12.3,13.8,14.3,12.699999999999998,13.585714285714287,14.742857142857144,0.0,1.6,0.3,0.0,0.6333333333333334,1.5571428571428583,0.7785714285714286
2018-12-15,19.3,6.6,11.9,0.0,10.0,64,12,349,1,12.5,12.0,12.3,15.0,12.266666666666666,13.328571428571427,14.392857142857142,0.0,0.0,1.6,0.0,0.5333333333333333,1.5571428571428583,0.7785714285714286
2018-12-16,19.8,6.4,11.8,0.0,10.3,61,12,350,1,11.9,12.5,12.0,14.5,12.133333333333331,12.885714285714284,14.178571428571429,0.0,0.0,0.0,0.0,0.0,1.5571428571428583,0.7785714285714286
2018-12-17,19.6,5.3,11.5,0.0,10.2,69,12,351,1,11.8,11.9,12.5,13.2,12.066666666666663,12.5,13.857142857142858,0.0,0.0,0.0,9.0,0.0,1.5571428571428583,0.7785714285714286
2018-12-18,19.9,4.3,11.9,0.0,11.1,65,12,352,1,11.5,11.8,11.9,13.8,11.733333333333329,12.257142857142858,13.535714285714286,0.0,0.0,0.0,0.3,0.0,0.27142857142857246,0.7785714285714286
2018-12-19,20.5,6.6,12.9,0.0,10.4,67,12,353,1,11.9,11.5,11.8,12.3,11.733333333333333,11.985714285714284,13.2,0.0,0.0,0.0,1.6,0.0,0.2285714285714296,0.7785714285714286
2018-12-20,19.0,4.6,11.1,0.0,10.1,77,12,354,1,12.9,11.9,11.5,12.0,12.1,12.071428571428571,13.014285714285716,0.0,0.0,0.0,0.0,0.0,0.0,0.7785714285714286
2018-12-21,19.6,4.5,12.2,0.0,10.2,68,12,355,1,11.1,12.9,11.9,12.5,11.966666666666663,11.942857142857141,12.764285714285714,0.0,0.0,0.0,0.0,0.0,0.0,0.7785714285714286
2018-12-22,19.3,3.7,11.0,0.0,10.7,69,12,356,1,12.2,11.1,12.9,11.9,12.066666666666665,11.9,12.614285714285716,0.0,0.0,0.0,0.0,0.0,0.0,0.7785714285714286
2018-12-23,18.4,4.6,10.6,0.0,9.8,69,12,357,1,11.0,12.2,11.1,11.8,11.43333333333333,11.771428571428572,12.328571428571431,0.0,0.0,0.0,0.0,0.0,0.0,0.7785714285714286
2018-12-24,18.9,4.5,10.4,0.0,10.2,67,12,358,1,10.6,11.0,12.2,11.5,11.266666666666664,11.599999999999998,12.05,0.0,0.0,0.0,0.0,0.0,0.0,0.7785714285714286
2018-12-25,18.6,4.7,10.4,0.0,12.2,65,12,359,1,10.4,10.6,11.0,11.9,10.666666666666664,11.442857142857141,11.85,0.0,0.0,0.0,0.0,0.0,0.0,0.13571428571428573
2018-12-26,16.9,3.9,9.7,0.0,10.4,73,12,360,1,10.4,10.4,10.6,12.9,10.466666666666665,11.22857142857143,11.607142857142858,0.0,0.0,0.0,0.0,0.0,0.0,0.1142857142857143
2018-12-27,17.5,4.7,9.8,0.0,9.4,73,12,361,1,9.7,10.4,10.4,11.1,10.166666666666664,10.771428571428572,11.421428571428573,0.0,0.0,0.0,0.0,0.0,0.0,0.0
2018-12-28,17.5,2.6,10.3,0.0,14.3,63,12,362,1,9.8,9.7,10.4,12.2,9.966666666666665,10.585714285714287,11.264285714285714,0.0,0.0,0.0,0.0,0.0,0.0,0.0
2018-12-29,17.9,1.5,9.5,0.3,7.8,72,12,363,1,10.3,9.8,9.7,11.0,9.933333333333332,10.314285714285715,11.107142857142858,0.0,0.0,0.0,0.0,0.0,0.0,0.0
2018-12-30,18.8,5.0,11.1,0.0,8.7,74,12,364,1,9.5,10.3,9.8,10.6,9.866666666666665,10.1,10.935714285714285,0.3,0.0,0.0,0.0,0.09999999999999999,0.04285714285714387,0.02142857142857143
2018-12-31,19.4,3.7,10.7,0.0,11.2,71,12,365,1,11.1,9.5,10.3,10.4,10.299999999999997,10.171428571428573,10.885714285714286,0.0,0.3,0.0,0.0,0.09999999999999999,0.04285714285714387,0.02142857142857143
2019-01-01,16.9,6.1,10.9,1.2,10.0,75,1,1,1,10.7,11.1,9.5,10.4,10.43333333333333,10.214285714285714,10.828571428571431,0.0,0.0,0.3,0.0,0.09999999999999999,0.04285714285714387,0.02142857142857143
2019-01-02,18.2,7.5,11.7,0.1,9.9,77,1,2,1,10.9,10.7,11.1,9.7,10.899999999999997,10.285714285714286,10.757142857142856,1.2,0.0,0.0,0.0,0.39999999999999997,0.2142857142857153,0.10714285714285714
2019-01-03,19.7,5.8,11.5,0.0,13.5,69,1,3,1,11.7,10.9,10.7,9.8,11.099999999999996,10.571428571428571,10.671428571428573,0.1,1.2,0.0,0.0,0.43333333333333335,0.2285714285714296,0.1142857142857143
2019-01-04,17.5,6.4,11.8,0.6,8.6,70,1,4,1,11.5,11.7,10.9,10.3,11.366666666666665,10.814285714285715,10.700000000000001,0.0,0.1,1.2,0.0,0.43333333333333335,0.2285714285714296,0.1142857142857143
2019-01-05,15.1,7.9,11.1,6.3,20.7,79,1,5,1,11.8,11.5,11.7,9.5,11.666666666666664,11.028571428571428,10.671428571428569,0.6,0.0,0.1,0.3,0.2333333333333333,0.31428571428571533,0.15714285714285717
2019-01-06,17.2,5.4,10.7,0.1,8.3,76,1,6,1,11.1,11.8,11.5,11.1,11.466666666666663,11.257142857142856,10.678571428571429,6.3,0.6,0.0,0.0,2.3,1.1714285714285724,0.6071428571428571
2019-01-07,18.1,4.4,10.7,0.0,9.3,74,1,7,1,10.7,11.1,11.8,10.7,11.199999999999998,11.2,10.685714285714285,0.1,6.3,0.6,0.0,2.333333333333333,1.1857142857142868,0.6142857142857142
2019-01-08,16.9,7.6,11.5,0.0,13.0,66,1,8,1,10.7,10.7,11.1,10.9,10.83333333333333,11.2,10.707142857142856,0.0,0.1,6.3,1.2,2.1333333333333333,1.1857142857142868,0.6142857142857142
2019-01-09,19.1,5.3,10.7,0.0,12.6,64,1,9,1,11.5,10.7,10.7,11.7,10.966666666666663,11.285714285714286,10.785714285714286,0.0,0.0,0.1,0.1,0.03333333333333333,1.0142857142857153,0.6142857142857142
2019-01-10,18.0,4.9,10.9,0.3,12.4,65,1,10,1,10.7,11.5,10.7,11.5,10.966666666666663,11.142857142857142,10.857142857142858,0.0,0.0,0.0,0.0,0.0,1.000000000000001,0.6142857142857142
2019-01-11,17.7,7.8,12.2,0.1,9.5,74,1,11,1,10.9,10.7,11.5,11.8,11.033333333333331,11.057142857142859,10.935714285714287,0.3,0.0,0.0,0.6,0.09999999999999999,1.042857142857144,0.6357142857142858
2019-01-12,15.4,7.8,11.2,11.9,16.9,82,1,12,1,12.2,10.9,10.7,11.1,11.266666666666664,11.114285714285714,11.071428571428571,0.1,0.3,0.0,6.3,0.13333333333333333,0.9714285714285725,0.6428571428571429
2019-01-13,18.0,7.3,11.6,0.2,13.8,66,1,13,1,11.2,12.2,10.9,10.7,11.433333333333332,11.128571428571428,11.192857142857141,11.9,0.1,0.3,0.1,4.1000000000000005,1.7714285714285725,1.4714285714285715
2019-01-14,17.8,6.1,10.4,0.0,15.3,61,1,14,1,11.6,11.2,12.2,10.7,11.666666666666664,11.257142857142856,11.228571428571428,0.2,11.9,0.1,0.0,4.066666666666666,1.7857142857142867,1.4857142857142858
2019-01-15,17.8,4.0,10.8,0.0,11.6,53,1,15,1,10.4,11.6,11.2,11.5,11.066666666666663,11.214285714285714,11.207142857142856,0.0,0.2,11.9,0.0,4.033333333333333,1.7857142857142867,1.4857142857142858
2019-01-16,16.1,5.6,10.4,0.5,9.6,69,1,16,1,10.8,10.4,11.6,10.7,10.933333333333332,11.114285714285714,11.200000000000001,0.0,0.0,0.2,0.0,0.06666666666666667,1.7857142857142867,1.4000000000000001
2019-01-17,19.3,3.8,10.0,0.0,10.9,73,1,17,1,10.4,10.8,10.4,10.9,10.533333333333331,11.071428571428571,11.107142857142858,0.5,0.0,0.0,0.3,0.16666666666666666,1.857142857142858,1.4285714285714286
2019-01-18,16.5,4.2,9.7,0.0,10.3,76,1,18,1,10.0,10.4,10.8,12.2,10.399999999999999,10.942857142857141,11.0,0.0,0.5,0.0,0.1,0.16666666666666666,1.8142857142857152,1.4285714285714286
2019-01-19,21.1,5.5,12.1,0.1,12.0,70,1,19,1,9.7,10.0,10.4,11.2,10.033333333333331,10.585714285714287,10.85,0.0,0.0,0.5,11.9,0.16666666666666666,1.800000000000001,1.385714285714286
2019-01-20,17.6,7.3,12.0,3.7,14.0,82,1,20,1,12.1,9.7,10.0,11.6,10.599999999999998,10.714285714285714,10.921428571428569,0.1,0.0,0.0,0.2,0.03333333333333333,0.1142857142857153,0.942857142857143
2019-01-21,14.3,10.5,12.2,12.2,12.7,93,1,21,1,12.0,12.1,9.7,10.4,11.266666666666664,10.771428571428572,11.014285714285714,3.7,0.1,0.0,0.0,1.2666666666666668,0.6142857142857153,1.2
2019-01-22,15.0,8.8,11.4,4.1,10.6,90,1,22,1,12.2,12.0,12.1,10.8,12.1,11.028571428571427,11.121428571428572,12.2,3.7,0.1,0.0,5.333333333333333,2.357142857142858,2.0714285714285716
2019-01-23,16.0,6.4,10.7,1.5,10.2,83,1,23,1,11.4,12.2,12.0,10.4,11.866666666666665,11.114285714285714,11.114285714285714,4.1,12.2,3.7,0.5,6.666666666666667,2.942857142857144,2.3642857142857143
2019-01-24,16.4,4.4,9.4,0.2,7.5,82,1,24,1,10.7,11.4,12.2,10.0,11.43333333333333,11.157142857142858,11.114285714285714,1.5,4.1,12.2,0.0,5.933333333333334,3.0857142857142867,2.4714285714285715
2019-01-25,15.6,3.9,9.4,0.0,8.1,73,1,25,1,9.4,10.7,11.4,9.7,10.499999999999998,11.071428571428571,11.007142857142856,0.2,1.5,4.1,0.0,1.9333333333333333,3.114285714285715,2.4642857142857144
2019-01-26,16.5,3.3,9.2,0.0,10.3,71,1,26,1,9.4,9.4,10.7,12.1,9.83333333333333,11.028571428571428,10.807142857142855,0.0,0.2,1.5,0.1,0.5666666666666667,3.114285714285715,2.457142857142857
2019-01-27,17.0,4.8,9.6,0.0,12.4,63,1,27,1,9.2,9.4,9.4,12.0,9.33333333333333,10.614285714285714,10.664285714285715,0.0,0.0,0.2,3.7,0.06666666666666667,3.100000000000001,1.6071428571428572
2019-01-28,17.2,4.1,9.5,0.0,12.2,56,1,28,1,9.6,9.2,9.4,12.2,9.399999999999997,10.271428571428572,10.521428571428572,0.0,0.0,0.0,12.2,0.0,2.5714285714285725,1.592857142857143
2019-01-29,18.0,4.6,11.3,0.0,10.8,51,1,29,1,9.5,9.6,9.2,11.4,9.43333333333333,9.885714285714284,10.457142857142857,0.0,0.0,0.0,4.1,0.0,0.8285714285714295,1.592857142857143
2019-01-30,14.7,8.3,11.0,3.6,12.7,72,1,30,1,11.3,9.5,9.6,10.7,10.133333333333331,9.87142857142857,10.492857142857144,0.0,0.0,0.0,1.5,0.0,0.24285714285714385,1.592857142857143
2019-01-31,14.3,8.5,10.7,10.7,15.0,88,1,31,1,11.0,11.3,9.5,9.4,10.599999999999998,9.914285714285715,10.535714285714286,3.6,0.0,0.0,0.2,1.2,0.5428571428571438,1.8142857142857143
2019-02-01,17.2,7.8,11.3,1.5,12.6,79,2,32,1,10.7,11.0,11.3,9.4,10.999999999999998,10.099999999999998,10.585714285714285,10.7,3.6,0.0,0.0,4.766666666666667,2.0428571428571436,2.5785714285714287
2019-02-02,19.8,6.6,12.1,0.0,10.5,73,2,33,1,11.3,10.7,11.0,9.2,10.999999999999998,10.37142857142857,10.700000000000001,1.5,10.7,3.6,0.0,5.266666666666667,2.257142857142858,2.685714285714286
2019-02-03,21.0,7.8,12.8,0.0,10.9,71,2,34,1,12.1,11.3,10.7,9.6,11.366666666666665,10.785714285714286,10.700000000000001,0.0,1.5,10.7,0.0,4.066666666666666,2.257142857142858,2.6785714285714284
2019-02-04,19.7,6.3,12.8,0.0,9.3,74,2,35,1,12.8,12.1,11.3,9.5,12.066666666666665,11.242857142857144,10.757142857142856,0.0,0.0,1.5,0.0,0.5,2.257142857142858,2.414285714285714
2019-02-05,21.0,10.3,14.9,0.4,9.9,71,2,36,1,12.8,12.8,12.1,11.3,12.566666666666665,11.714285714285714,10.799999999999999,0.0,0.0,0.0,0.0,0.0,2.257142857142858,1.542857142857143
2019-02-06,19.5,10.0,13.0,7.0,13.8,83,2,37,1,14.9,12.8,12.8,11.0,13.499999999999998,12.228571428571428,11.05,0.4,0.0,0.0,3.6,0.13333333333333333,2.3142857142857154,1.2785714285714285
2019-02-07,14.9,9.1,11.4,9.6,13.3,92,2,38,1,13.0,14.9,12.8,10.7,13.566666666666665,12.514285714285714,11.214285714285714,7.0,0.4,0.0,10.7,2.466666666666667,2.800000000000001,1.6714285714285713
2019-02-08,15.9,8.5,11.2,10.8,16.9,78,2,39,1,11.4,13.0,14.9,11.3,13.099999999999996,12.614285714285716,11.357142857142858,9.6,7.0,0.4,1.5,5.666666666666667,2.6428571428571437,2.3428571428571425
2019-02-09,18.1,6.3,10.9,0.0,13.0,71,2,40,1,11.2,11.4,13.0,12.1,11.866666666666665,12.6,11.485714285714286,10.8,9.6,7.0,0.0,9.133333333333335,3.9714285714285724,3.1142857142857143
2019-02-10,18.6,6.4,12.5,0.0,10.0,70,2,41,1,10.9,11.2,11.4,12.8,11.166666666666664,12.428571428571429,11.607142857142858,0.0,10.8,9.6,0.0,6.8,3.9714285714285724,3.1142857142857143
2019-02-11,19.9,8.3,13.7,0.0,10.0,72,2,42,1,12.5,10.9,11.2,12.8,11.533333333333331,12.385714285714286,11.814285714285715,0.0,0.0,10.8,0.0,3.6,3.9714285714285724,3.1142857142857143
2019-02-12,18.6,10.0,13.6,0.1,9.7,78,2,43,1,13.7,12.5,10.9,14.9,12.366666666666665,12.514285714285714,12.114285714285714,0.0,0.0,0.0,0.4,0.0,3.9714285714285724,3.1142857142857143
2019-02-13,19.2,9.5,13.9,0.3,10.9,81,2,44,1,13.6,13.7,12.5,13.0,13.266666666666664,12.328571428571427,12.278571428571427,0.1,0.0,0.0,7.0,0.03333333333333333,3.92857142857143,3.1214285714285714
2019-02-14,15.7,8.5,12.4,10.9,14.6,90,2,45,1,13.9,13.6,13.7,11.4,13.733333333333329,12.457142857142857,12.485714285714284,0.3,0.1,0.0,9.6,0.13333333333333333,2.971428571428572,2.8857142857142857
2019-02-15,18.7,6.2,11.9,0.3,8.4,89,2,46,1,12.4,13.9,13.6,11.2,13.299999999999997,12.6,12.607142857142858,10.9,0.3,0.1,10.8,3.766666666666667,3.1571428571428584,2.9
2019-02-16,20.0,8.1,13.1,0.0,10.1,80,2,47,1,11.9,12.4,13.9,10.9,12.733333333333329,12.7,12.65,0.3,10.9,0.3,0.0,3.833333333333334,1.6571428571428584,2.8142857142857145
2019-02-17,19.5,9.5,13.8,1.1,11.2,63,2,48,1,13.1,11.9,12.4,12.5,12.466666666666663,13.014285714285716,12.721428571428572,0.0,0.3,10.9,0.0,3.733333333333334,1.6571428571428584,2.8142857142857145
2019-02-18,19.1,9.9,13.4,8.1,12.5,81,2,49,1,13.8,13.1,11.9,13.7,12.933333333333332,13.200000000000001,12.792857142857144,1.1,0.0,0.3,0.0,0.46666666666666673,1.8142857142857154,2.892857142857143
2019-02-19,19.0,7.3,13.2,0.2,10.7,81,2,50,1,13.4,13.8,13.1,13.6,13.433333333333332,13.157142857142857,12.835714285714285,8.1,1.1,0.0,0.1,3.0666666666666664,2.9714285714285724,3.4714285714285715
2019-02-20,21.0,10.3,14.9,12.8,20.3,83,2,51,1,13.2,13.4,13.8,13.9,13.466666666666663,13.1,12.714285714285714,0.2,8.1,1.1,0.3,3.133333333333333,2.9857142857142867,3.4571428571428577
2019-02-21,18.7,12.3,15.2,21.5,24.0,89,2,52,1,14.9,13.2,13.4,12.4,13.83333333333333,13.242857142857144,12.85,12.8,0.2,8.1,10.9,7.033333333333334,4.771428571428572,3.8714285714285714
2019-02-22,18.6,10.5,13.7,0.0,11.5,81,2,53,1,15.2,14.9,13.2,11.9,14.43333333333333,13.642857142857142,13.12142857142857,21.5,12.8,0.2,0.3,11.5,6.2857142857142865,4.721428571428571
2019-02-23,20.2,8.3,13.0,0.0,11.3,71,2,54,1,13.7,15.2,14.9,13.1,14.599999999999996,13.9,13.299999999999999,0.0,21.5,12.8,0.0,11.433333333333332,6.242857142857145,3.9499999999999997
2019-02-24,20.0,6.6,13.6,0.0,11.2,65,2,55,1,13.0,13.7,15.2,13.8,13.966666666666663,13.885714285714284,13.45,0.0,0.0,21.5,1.1,7.166666666666667,6.242857142857145,3.9499999999999997
2019-02-25,18.8,7.5,12.9,0.5,15.1,73,2,56,1,13.6,13.0,13.7,13.4,13.43333333333333,13.857142857142858,13.528571428571428,0.0,0.0,0.0,8.1,0.0,6.085714285714287,3.9499999999999997
2019-02-26,16.8,8.9,12.0,5.6,15.9,80,2,57,1,12.9,13.6,13.0,13.2,13.166666666666664,13.785714285714283,13.471428571428572,0.5,0.0,0.0,0.2,0.16666666666666666,5.000000000000001,3.9857142857142853
2019-02-27,17.6,6.4,11.3,0.1,14.9,73,2,58,1,12.0,12.9,13.6,14.9,12.83333333333333,13.614285714285714,13.357142857142858,5.6,0.5,0.0,12.8,2.033333333333333,5.771428571428572,4.378571428571428
2019-02-28,18.5,5.2,11.6,0.3,10.3,76,2,59,1,11.3,12.0,12.9,15.2,12.066666666666665,13.1,13.171428571428573,0.1,5.6,0.5,21.5,2.0666666666666664,3.957142857142858,4.364285714285715
2019-03-01,16.2,7.0,11.7,2.9,22.0,76,3,60,2,11.6,11.3,12.0,13.7,11.633333333333331,12.585714285714285,13.114285714285714,0.3,0.1,5.6,0.0,2.0,0.9285714285714296,3.607142857142857
2019-03-02,14.6,10.8,12.3,7.6,15.5,83,3,61,2,11.7,11.6,11.3,13.0,11.533333333333331,12.3,13.1,2.9,0.3,0.1,0.0,1.0999999999999999,1.3428571428571436,3.7928571428571423
2019-03-03,18.3,11.0,13.7,0.4,11.0,82,3,62,2,12.3,11.7,11.6,13.6,11.866666666666665,12.200000000000001,13.042857142857143,7.6,2.9,0.3,0.0,3.5999999999999996,2.4285714285714297,4.335714285714285
2019-03-04,20.1,10.2,14.0,1.4,11.5,80,3,63,2,13.7,12.3,11.7,12.9,12.566666666666663,12.214285714285714,13.035714285714286,0.4,7.6,2.9,0.5,3.633333333333333,2.4857142857142867,4.285714285714286
2019-03-05,20.9,8.3,14.5,0.0,9.4,77,3,64,2,14.0,13.7,12.3,12.0,13.33333333333333,12.371428571428572,13.078571428571431,1.4,0.4,7.6,5.6,3.133333333333333,2.6142857142857148,3.807142857142857
2019-03-06,22.3,9.7,15.4,0.0,12.2,67,3,65,2,14.5,14.0,13.7,11.3,14.066666666666663,12.72857142857143,13.171428571428573,0.0,1.4,0.4,0.1,0.6,1.8142857142857152,3.7928571428571423
2019-03-07,21.3,10.2,15.1,0.5,13.0,66,3,66,2,15.4,14.5,14.0,11.6,14.633333333333331,13.314285714285713,13.207142857142856,0.0,0.0,1.4,0.3,0.4666666666666666,1.800000000000001,2.8785714285714286
2019-03-08,20.9,10.5,14.5,0.0,10.5,70,3,67,2,15.1,15.4,14.5,11.7,14.999999999999998,13.814285714285715,13.200000000000001,0.5,0.0,0.0,2.9,0.16666666666666666,1.8285714285714294,1.3785714285714283
2019-03-09,23.1,8.7,15.3,0.0,13.0,66,3,68,2,14.5,15.1,15.4,12.3,14.999999999999998,14.214285714285714,13.257142857142858,0.0,0.5,0.0,7.6,0.16666666666666666,1.414285714285715,1.3785714285714283
2019-03-10,23.5,8.8,16.1,0.0,10.1,60,3,69,2,15.3,14.5,15.1,13.7,14.966666666666663,14.642857142857142,13.421428571428573,0.0,0.0,0.5,0.4,0.16666666666666666,0.32857142857142957,1.3785714285714283
2019-03-11,16.4,11.7,14.0,13.8,12.7,82,3,70,2,16.1,15.3,14.5,14.0,15.299999999999997,14.985714285714286,13.599999999999998,0.0,0.0,0.0,1.4,0.0,0.2714285714285724,1.3785714285714283
2019-03-12,22.1,9.3,15.1,0.0,10.5,75,3,71,2,14.0,16.1,15.3,14.5,15.133333333333331,14.985714285714286,13.678571428571429,13.8,0.0,0.0,0.0,4.6000000000000005,2.042857142857144,2.3285714285714287
2019-03-13,21.6,9.9,14.8,0.0,8.4,71,3,72,2,15.1,14.0,16.1,15.4,15.066666666666665,15.071428571428571,13.900000000000002,0.0,13.8,0.0,0.0,4.6000000000000005,2.042857142857144,1.9285714285714286
2019-03-14,20.6,10.5,14.9,0.1,12.7,77,3,73,2,14.8,15.1,14.0,15.1,14.633333333333331,14.985714285714286,14.15,0.0,0.0,13.8,0.5,4.6000000000000005,2.042857142857144,1.9214285714285713
2019-03-15,22.4,8.9,15.2,0.0,9.7,74,3,74,2,14.9,14.8,15.1,14.5,14.933333333333332,14.957142857142857,14.385714285714286,0.1,0.0,0.0,0.0,0.03333333333333333,1.9857142857142869,1.907142857142857
2019-03-16,24.1,9.5,16.7,0.0,10.2,64,3,75,2,15.2,14.9,14.8,15.3,14.966666666666663,15.057142857142859,14.635714285714284,0.0,0.1,0.0,0.0,0.03333333333333333,1.9857142857142869,1.7
2019-03-17,25.9,13.2,18.7,0.0,9.9,56,3,76,2,16.7,15.2,14.9,16.1,15.6,15.257142857142856,14.950000000000001,0.0,0.0,0.1,0.0,0.03333333333333333,1.9857142857142869,1.157142857142857
2019-03-18,26.3,12.1,19.2,0.1,9.8,56,3,77,2,18.7,16.7,15.2,14.0,16.866666666666664,15.628571428571428,15.307142857142855,0.0,0.0,0.0,13.8,0.0,1.9857142857142869,1.1285714285714286
2019-03-19,26.3,13.2,20.0,0.0,15.8,56,3,78,2,19.2,18.7,16.7,15.1,18.199999999999996,16.371428571428574,15.678571428571429,0.1,0.0,0.0,0.0,0.03333333333333333,0.028571428571429587,1.0357142857142858
2019-03-20,23.4,13.6,17.6,6.6,23.4,68,3,79,2,20.0,19.2,18.7,14.8,19.299999999999997,17.071428571428573,16.071428571428573,0.0,0.1,0.0,0.0,0.03333333333333333,0.028571428571429587,1.0357142857142858
2019-03-21,26.5,11.7,18.5,0.0,11.7,55,3,80,2,17.6,20.0,19.2,14.9,18.93333333333333,17.47142857142857,16.22857142857143,6.6,0.0,0.1,0.1,2.233333333333333,0.9714285714285724,1.5071428571428573
2019-03-22,26.8,12.4,19.0,0.0,15.3,55,3,81,2,18.5,17.6,20.0,15.2,18.7,17.985714285714284,16.47142857142857,0.0,6.6,0.0,0.0,2.1999999999999997,0.9571428571428582,1.4714285714285715
2019-03-23,22.0,13.1,17.4,0.8,19.7,66,3,82,2,19.0,18.5,17.6,16.7,18.366666666666664,18.52857142857143,16.79285714285714,0.0,0.0,6.6,0.0,2.1999999999999997,0.9571428571428582,1.4714285714285715
2019-03-24,24.9,13.0,18.4,0.1,9.7,69,3,83,2,17.4,19.0,18.5,18.7,18.299999999999997,18.62857142857143,16.942857142857143,0.8,0.0,0.0,0.0,0.26666666666666666,1.0714285714285725,1.5285714285714287
2019-03-25,27.8,14.1,20.1,0.0,10.3,65,3,84,2,18.4,17.4,19.0,19.2,18.266666666666662,18.585714285714285,17.107142857142858,0.1,0.8,0.0,0.1,0.3,1.0857142857142867,1.5357142857142858
2019-03-26,29.1,13.5,21.2,0.0,17.1,63,3,85,2,20.1,18.4,17.4,20.0,18.63333333333333,18.714285714285715,17.542857142857144,0.0,0.1,0.8,0.0,0.3,1.0714285714285725,0.55
2019-03-27,31.1,14.7,23.1,0.0,9.2,59,3,86,2,21.2,20.1,18.4,17.6,19.899999999999995,18.885714285714283,17.978571428571428,0.0,0.0,0.1,6.6,0.03333333333333333,1.0714285714285725,0.55
2019-03-28,32.7,17.4,24.8,0.0,13.1,56,3,87,2,23.1,21.2,20.1,18.5,21.466666666666665,19.67142857142857,18.571428571428573,0.0,0.0,0.0,0.0,0.0,0.12857142857142959,0.55
2019-03-29,30.7,18.1,24.6,0.0,18.8,54,3,88,2,24.8,23.1,21.2,19.0,23.03333333333333,20.571428571428573,19.27857142857143,0.0,0.0,0.0,0.0,0.0,0.12857142857142959,0.5428571428571429
2019-03-30,30.0,17.7,23.5,0.1,15.3,59,3,89,2,24.6,24.8,23.1,17.4,24.166666666666668,21.37142857142857,19.95,0.0,0.0,0.0,0.8,0.0,0.12857142857142959,0.5428571428571429
2019-03-31,30.7,15.8,23.0,0.0,17.3,41,3,90,2,23.5,24.6,24.8,18.4,24.3,22.24285714285714,20.435714285714287,0.1,0.0,0.0,0.1,0.03333333333333333,0.028571428571429587,0.55
2019-04-01,32.5,16.1,23.2,0.0,17.7,36,4,91,2,23.0,23.5,24.6,20.1,23.7,22.9,20.74285714285714,0.0,0.1,0.0,0.0,0.03333333333333333,0.014285714285715302,0.55
2019-04-02,33.2,13.6,23.5,0.0,11.8,44,4,92,2,23.2,23.0,23.5,21.2,23.23333333333333,23.342857142857145,21.02857142857143,0.0,0.0,0.1,0.0,0.03333333333333333,0.014285714285715302,0.5428571428571428
2019-04-03,34.8,16.6,25.7,0.0,13.2,45,4,93,2,23.5,23.2,23.0,23.1,23.23333333333333,23.671428571428574,21.27857142857143,0.0,0.0,0.0,0.0,0.0,0.014285714285715302,0.5428571428571428
2019-04-04,35.6,18.8,26.8,0.0,11.5,49,4,94,2,25.7,23.5,23.2,24.8,24.13333333333333,24.042857142857144,21.857142857142858,0.0,0.0,0.0,0.0,0.0,0.014285714285715302,0.07142857142857142
2019-04-05,36.1,20.1,27.0,0.0,16.7,52,4,95,2,26.8,25.7,23.5,24.6,25.33333333333333,24.32857142857143,22.45,0.0,0.0,0.0,0.0,0.0,0.014285714285715302,0.07142857142857142
2019-04-06,34.9,18.7,25.3,1.5,16.8,59,4,96,2,27.0,26.8,25.7,23.5,26.499999999999996,24.671428571428574,23.021428571428572,0.0,0.0,0.0,0.1,0.0,0.014285714285715302,0.07142857142857142
2019-04-07,35.9,17.9,27.2,0.0,16.4,43,4,97,2,25.3,27.0,26.8,23.0,26.366666666666664,24.928571428571427,23.585714285714285,1.5,0.0,0.0,0.0,0.5,0.2142857142857153,0.12142857142857143
2019-04-08,31.8,22.4,27.0,0.0,20.5,41,4,98,2,27.2,25.3,27.0,23.2,26.5,25.528571428571432,24.214285714285715,0.0,1.5,0.0,0.0,0.5,0.2142857142857153,0.11428571428571428
2019-04-09,34.8,18.6,27.2,0.0,14.9,44,4,99,2,27.0,27.2,25.3,23.5,26.5,26.071428571428573,24.707142857142856,0.0,0.0,1.5,0.0,0.5,0.2142857142857153,0.11428571428571428
2019-04-10,34.8,21.6,27.6,0.0,27.7,43,4,100,2,27.2,27.0,27.2,25.7,27.13333333333333,26.599999999999998,25.135714285714283,0.0,0.0,0.0,0.0,0.0,0.2142857142857153,0.11428571428571428
2019-04-11,34.7,20.4,27.4,0.0,13.2,44,4,101,2,27.6,27.2,27.0,26.8,27.266666666666662,26.87142857142857,25.457142857142856,0.0,0.0,0.0,0.0,0.0,0.2142857142857153,0.11428571428571428
2019-04-12,32.8,22.4,27.0,0.8,18.2,47,4,102,2,27.4,27.6,27.2,27.0,27.399999999999995,26.957142857142856,25.642857142857142,0.0,0.0,0.0,0.0,0.0,0.2142857142857153,0.11428571428571428
2019-04-13,31.5,21.7,26.2,0.0,13.2,51,4,103,2,27.0,27.4,27.6,25.3,27.333333333333332,26.957142857142856,25.814285714285713,0.8,0.0,0.0,1.5,0.26666666666666666,0.32857142857142957,0.17142857142857143
2019-04-14,33.9,21.7,27.3,0.1,13.7,49,4,104,2,26.2,27.0,27.4,27.2,26.866666666666664,27.08571428571429,26.00714285714286,0.0,0.8,0.0,0.0,0.26666666666666666,0.11428571428571531,0.16428571428571428
2019-04-15,35.9,22.0,28.6,0.0,28.4,44,4,105,2,27.3,26.2,27.0,27.0,26.833333333333332,27.099999999999998,26.314285714285713,0.1,0.0,0.8,0.0,0.3,0.12857142857142959,0.17142857142857143
2019-04-16,28.7,20.2,23.6,2.4,23.2,64,4,106,2,28.6,27.3,26.2,27.2,27.366666666666664,27.328571428571426,26.7,0.0,0.1,0.0,0.0,0.03333333333333333,0.12857142857142959,0.17142857142857143
2019-04-17,21.0,16.3,18.8,12.2,18.9,88,4,107,2,23.6,28.6,27.3,27.6,26.5,26.814285714285717,26.70714285714286,2.4,0.0,0.1,0.0,0.8333333333333334,0.4714285714285724,0.34285714285714286
2019-04-18,26.6,15.7,20.8,1.3,7.9,72,4,108,2,18.8,23.6,28.6,27.4,23.666666666666668,25.557142857142857,26.214285714285715,12.2,2.4,0.0,0.0,4.866666666666666,2.2142857142857153,1.2142857142857142
2019-04-19,29.3,15.8,22.9,0.0,9.4,62,4,109,2,20.8,18.8,23.6,27.0,21.066666666666666,24.614285714285717,25.785714285714285,1.3,12.2,2.4,0.8,5.3,2.4000000000000012,1.3071428571428572
2019-04-20,31.5,18.0,25.2,0.0,8.2,57,4,110,2,22.9,20.8,18.8,26.2,20.833333333333332,24.028571428571432,25.492857142857144,0.0,1.3,12.2,0.0,4.5,2.285714285714287,1.3071428571428572
2019-04-21,32.4,19.3,26.0,0.0,12.4,57,4,111,2,25.2,22.9,20.8,27.3,22.966666666666665,23.885714285714283,25.485714285714288,0.0,0.0,1.3,0.1,0.43333333333333335,2.285714285714287,1.2
2019-04-22,36.0,20.1,28.2,0.0,13.5,50,4,112,2,26.0,25.2,22.9,28.6,24.7,23.7,25.400000000000002,0.0,0.0,0.0,0.0,0.0,2.2714285714285727,1.2
2019-04-23,37.8,21.7,29.7,0.0,16.8,47,4,113,2,28.2,26.0,25.2,23.6,26.466666666666665,23.642857142857142,25.485714285714288,0.0,0.0,0.0,2.4,0.0,2.2714285714285727,1.2
2019-04-24,36.6,22.9,28.7,1.2,30.9,43,4,114,2,29.7,28.2,26.0,18.8,27.966666666666665,24.514285714285712,25.664285714285715,0.0,0.0,0.0,12.2,0.0,1.9285714285714295,1.2
2019-04-25,36.4,22.2,28.2,0.1,19.9,43,4,115,2,28.7,29.7,28.2,20.8,28.866666666666664,25.928571428571427,25.74285714285714,1.2,0.0,0.0,1.3,0.39999999999999997,0.35714285714285815,1.2857142857142858
2019-04-26,36.3,21.4,28.9,0.0,19.1,38,4,116,2,28.2,28.7,29.7,22.9,28.866666666666664,26.985714285714284,25.800000000000004,0.1,1.2,0.0,0.0,0.43333333333333335,0.18571428571428675,1.292857142857143
2019-04-27,37.5,20.6,29.2,0.0,18.1,38,4,117,2,28.9,28.2,28.7,25.2,28.599999999999994,27.842857142857138,25.935714285714287,0.0,0.1,1.2,0.0,0.43333333333333335,0.18571428571428675,1.2357142857142858
2019-04-28,38.2,21.6,30.0,0.0,15.9,33,4,118,2,29.2,28.9,28.2,26.0,28.766666666666662,28.414285714285715,26.15,0.0,0.0,0.1,0.0,0.03333333333333333,0.18571428571428675,1.2357142857142858
2019-04-29,38.6,21.8,30.4,0.0,12.8,30,4,119,2,30.0,29.2,28.9,28.2,29.366666666666664,28.985714285714288,26.342857142857145,0.0,0.0,0.0,0.0,0.0,0.18571428571428675,1.2285714285714289
2019-04-30,36.2,23.9,29.9,0.0,26.4,27,4,120,2,30.4,30.0,29.2,29.7,29.866666666666664,29.3,26.47142857142857,0.0,0.0,0.0,0.0,0.0,0.18571428571428675,1.2285714285714289
2019-05-01,36.9,23.7,29.9,0.0,17.3,23,5,121,2,29.9,30.4,30.0,28.7,30.099999999999994,29.328571428571426,26.92142857142857,0.0,0.0,0.0,1.2,0.0,0.18571428571428675,1.0571428571428572
2019-05-02,36.7,21.9,29.5,0.0,22.0,26,5,122,2,29.9,29.9,30.4,28.2,30.066666666666663,29.5,27.714285714285715,0.0,0.0,0.0,0.1,0.0,0.014285714285715302,0.18571428571428572
2019-05-03,35.1,20.1,28.2,0.0,18.7,29,5,123,2,29.5,29.9,29.9,28.9,29.766666666666662,29.685714285714287,28.335714285714285,0.0,0.0,0.0,0.0,0.0,0.0,0.09285714285714286
2019-05-04,36.2,19.8,28.5,0.0,16.3,27,5,124,2,28.2,29.5,29.9,29.2,29.2,29.585714285714285,28.714285714285715,0.0,0.0,0.0,0.0,0.0,0.0,0.09285714285714286
2019-05-05,37.5,21.4,30.0,0.0,18.8,24,5,125,2,28.5,28.2,29.5,30.0,28.73333333333333,29.485714285714284,28.949999999999996,0.0,0.0,0.0,0.0,0.0,0.0,0.09285714285714286
2019-05-06,38.9,21.1,30.0,0.0,16.7,21,5,126,2,30.0,28.5,28.2,30.4,28.899999999999995,29.485714285714284,29.235714285714284,0.0,0.0,0.0,0.0,0.0,0.0,0.09285714285714286
2019-05-07,38.3,21.6,30.4,0.0,21.0,22,5,127,2,30.0,30.0,28.5,29.9,29.499999999999996,29.428571428571427,29.364285714285717,0.0,0.0,0.0,0.0,0.0,0.0,0.09285714285714286
2019-05-08,40.0,22.3,31.6,0.0,15.5,22,5,128,2,30.4,30.0,30.0,29.9,30.13333333333333,29.5,29.414285714285715,0.0,0.0,0.0,0.0,0.0,0.0,0.09285714285714286
2019-05-09,40.8,23.9,32.7,0.0,15.0,21,5,129,2,31.6,30.4,30.0,29.5,30.66666666666666,29.74285714285714,29.621428571428574,0.0,0.0,0.0,0.0,0.0,0.0,0.0071428571428571435
2019-05-10,39.3,25.1,32.2,0.0,21.2,23,5,130,2,32.7,31.6,30.4,28.2,31.566666666666663,30.2,29.942857142857143,0.0,0.0,0.0,0.0,0.0,0.0,0.0
2019-05-11,38.4,24.7,30.4,0.2,31.3,31,5,131,2,32.2,32.7,31.6,28.5,32.166666666666664,30.771428571428572,30.178571428571427,0.0,0.0,0.0,0.0,0.0,0.0,0.0
2019-05-12,36.9,22.7,30.2,0.0,11.9,36,5,132,2,30.4,32.2,32.7,30.0,31.766666666666662,31.042857142857144,30.264285714285712,0.2,0.0,0.0,0.0,0.06666666666666667,0.028571428571429587,0.014285714285714287
2019-05-13,37.8,23.3,29.6,0.0,31.3,39,5,133,2,30.2,30.4,32.2,30.0,30.933333333333326,31.071428571428573,30.278571428571432,0.0,0.2,0.0,0.0,0.06666666666666667,0.028571428571429587,0.014285714285714287
2019-05-14,34.9,23.2,28.8,0.8,22.8,45,5,134,2,29.6,30.2,30.4,30.4,30.066666666666663,31.014285714285716,30.221428571428568,0.0,0.0,0.2,0.0,0.06666666666666667,0.028571428571429587,0.014285714285714287
2019-05-15,36.3,22.4,29.6,0.0,13.4,40,5,135,2,28.8,29.6,30.2,31.6,29.53333333333333,30.785714285714285,30.142857142857142,0.8,0.0,0.0,0.0,0.26666666666666666,0.14285714285714388,0.07142857142857142
2019-05-16,33.5,21.8,27.9,0.0,8.7,47,5,136,2,29.6,28.8,29.6,32.7,29.33333333333333,30.5,30.121428571428574,0.0,0.8,0.0,0.0,0.26666666666666666,0.14285714285714388,0.07142857142857142
2019-05-17,31.3,22.8,26.2,5.5,14.5,61,5,137,2,27.9,29.6,28.8,32.2,28.766666666666662,29.814285714285713,30.00714285714286,0.0,0.0,0.8,0.0,0.26666666666666666,0.14285714285714388,0.07142857142857142
2019-05-18,33.8,21.3,27.6,0.0,13.4,54,5,138,2,26.2,27.9,29.6,30.4,27.899999999999995,28.95714285714286,29.86428571428571,5.5,0.0,0.0,0.2,1.8333333333333333,0.9285714285714296,0.4642857142857143
2019-05-19,37.0,23.0,30.2,0.0,22.9,40,5,139,2,27.6,26.2,27.9,30.2,27.23333333333333,28.557142857142857,29.800000000000004,0.0,5.5,0.0,0.0,1.8333333333333333,0.900000000000001,0.4642857142857143
2019-05-20,37.3,24.3,30.9,0.0,20.2,35,5,140,2,30.2,27.6,26.2,29.6,27.999999999999996,28.557142857142857,29.814285714285717,0.0,0.0,5.5,0.0,1.8333333333333333,0.900000000000001,0.4642857142857143
2019-05-21,39.0,24.0,31.7,0.0,11.1,31,5,141,2,30.9,30.2,27.6,28.8,29.566666666666663,28.74285714285714,29.878571428571426,0.0,0.0,0.0,0.8,0.0,0.900000000000001,0.4642857142857143
2019-05-22,39.8,24.3,32.3,0.0,24.6,29,5,142,2,31.7,30.9,30.2,29.6,30.933333333333326,29.157142857142855,29.97142857142857,0.0,0.0,0.0,0.0,0.0,0.7857142857142867,0.4642857142857143
2019-05-23,35.4,26.2,30.5,0.1,24.0,38,5,143,2,32.3,31.7,30.9,27.9,31.633333333333326,29.542857142857144,30.02142857142857,0.0,0.0,0.0,0.0,0.0,0.7857142857142867,0.4642857142857143
2019-05-24,31.6,21.0,26.8,1.1,19.7,54,5,144,2,30.5,32.3,31.7,26.2,31.49999999999999,29.914285714285715,29.86428571428571,0.1,0.0,0.0,5.5,0.03333333333333333,0.8000000000000009,0.4714285714285714
2019-05-25,34.3,20.7,27.6,0.0,13.0,48,5,145,2,26.8,30.5,32.3,27.6,29.86666666666666,30.0,29.478571428571428,1.1,0.1,0.0,0.0,0.4000000000000001,0.17142857142857246,0.55
2019-05-26,37.4,22.2,30.0,0.0,19.2,37,5,146,2,27.6,26.8,30.5,30.2,28.299999999999994,30.0,29.278571428571432,0.0,1.1,0.1,0.0,0.4000000000000001,0.17142857142857246,0.5357142857142857
2019-05-27,39.1,23.4,31.3,0.0,15.5,28,5,147,2,30.0,27.6,26.8,30.9,28.133333333333326,29.97142857142857,29.264285714285712,0.0,0.0,1.1,0.0,0.3666666666666667,0.17142857142857246,0.5357142857142857
2019-05-28,40.7,22.2,32.0,0.0,14.7,26,5,148,2,31.3,30.0,27.6,31.7,29.633333333333326,30.02857142857143,29.385714285714283,0.0,0.0,0.0,0.0,0.0,0.17142857142857246,0.5357142857142857
2019-05-29,42.1,25.0,33.6,0.0,16.7,25,5,149,2,32.0,31.3,30.0,32.3,31.099999999999994,30.071428571428573,29.614285714285717,0.0,0.0,0.0,0.0,0.0,0.17142857142857246,0.4785714285714286
2019-05-30,43.1,24.9,34.3,0.0,12.4,23,5,150,2,33.6,32.0,31.3,30.5,32.29999999999999,30.25714285714286,29.9,0.0,0.0,0.0,0.1,0.0,0.17142857142857246,0.4785714285714286
2019-05-31,43.6,26.0,34.7,0.0,12.3,23,5,151,2,34.3,33.6,32.0,26.8,33.29999999999999,30.8,30.357142857142858,0.0,0.0,0.0,1.1,0.0,0.15714285714285817,0.4785714285714286
2019-06-01,43.6,25.7,35.2,0.0,17.7,21,6,152,3,34.7,34.3,33.6,27.6,34.199999999999996,31.928571428571427,30.964285714285715,0.0,0.0,0.0,0.0,0.0,0.0,0.08571428571428573
2019-06-02,43.5,25.9,35.1,0.0,19.5,25,6,153,3,35.2,34.7,34.3,30.0,34.73333333333333,33.01428571428571,31.507142857142856,0.0,0.0,0.0,0.0,0.0,0.0,0.08571428571428573
2019-06-03,42.8,27.1,34.7,0.0,33.6,32,6,154,3,35.1,35.2,34.7,31.3,34.99999999999999,33.74285714285714,31.857142857142858,0.0,0.0,0.0,0.0,0.0,0.0,0.08571428571428573
2019-06-04,40.8,28.6,33.6,0.3,30.0,37,6,155,3,34.7,35.1,35.2,32.0,35.0,34.22857142857143,32.128571428571426,0.0,0.0,0.0,0.0,0.0,0.0,0.08571428571428573
2019-06-05,42.0,27.2,34.5,0.0,26.8,27,6,156,3,33.6,34.7,35.1,33.6,34.46666666666666,34.45714285714286,32.26428571428571,0.3,0.0,0.0,0.0,0.09999999999999999,0.04285714285714387,0.10714285714285716
2019-06-06,41.0,26.4,33.6,0.0,16.5,28,6,157,3,34.5,33.6,34.7,34.3,34.26666666666666,34.58571428571428,32.42142857142857,0.0,0.3,0.0,0.0,0.09999999999999999,0.04285714285714387,0.10714285714285716
2019-06-07,40.5,25.2,33.0,0.0,12.6,29,6,158,3,33.6,34.5,33.6,34.7,33.9,34.48571428571429,32.642857142857146,0.0,0.0,0.3,0.0,0.09999999999999999,0.04285714285714387,0.1
2019-06-08,41.1,25.8,33.9,0.0,21.9,27,6,159,3,33.0,33.6,34.5,35.2,33.699999999999996,34.24285714285714,33.08571428571429,0.0,0.0,0.0,0.0,0.0,0.04285714285714387,0.02142857142857143
2019-06-09,42.5,26.3,34.8,0.0,11.4,26,6,160,3,33.9,33.0,33.6,35.1,33.49999999999999,34.05714285714286,33.535714285714285,0.0,0.0,0.0,0.0,0.0,0.04285714285714387,0.02142857142857143
2019-06-10,43.6,26.7,36.2,0.0,12.1,23,6,161,3,34.8,33.9,33.0,34.7,33.89999999999999,34.01428571428572,33.878571428571426,0.0,0.0,0.0,0.0,0.0,0.04285714285714387,0.02142857142857143
2019-06-11,43.7,27.8,36.1,0.0,22.9,24,6,162,3,36.2,34.8,33.9,33.6,34.96666666666666,34.22857142857143,34.22857142857143,0.0,0.0,0.0,0.3,0.0,0.04285714285714387,0.02142857142857143
2019-06-12,40.0,27.8,33.4,0.0,37.3,30,6,163,3,36.1,36.2,34.8,34.5,35.69999999999999,34.58571428571429,34.52142857142858,0.0,0.0,0.0,0.0,0.0,0.0,0.02142857142857143
2019-06-13,41.2,27.9,34.9,0.0,16.2,24,6,164,3,33.4,36.1,36.2,33.6,35.23333333333333,34.42857142857143,34.50714285714286,0.0,0.0,0.0,0.0,0.0,0.0,0.02142857142857143
2019-06-14,42.1,26.7,34.4,0.0,16.6,21,6,165,3,34.9,33.4,36.1,33.0,34.79999999999999,34.614285714285714,34.55,0.0,0.0,0.0,0.0,0.0,0.0,0.02142857142857143
2019-06-15,42.8,26.7,34.6,0.0,29.0,25,6,166,3,34.4,34.9,33.4,33.9,34.23333333333333,34.81428571428572,34.52857142857143,0.0,0.0,0.0,0.0,0.0,0.0,0.02142857142857143
2019-06-16,40.3,27.4,33.8,0.0,20.2,33,6,167,3,34.6,34.4,34.9,34.8,34.633333333333326,34.91428571428572,34.48571428571429,0.0,0.0,0.0,0.0,0.0,0.0,0.02142857142857143
2019-06-17,39.4,27.7,32.2,1.5,35.9,43,6,168,3,33.8,34.6,34.4,36.2,34.26666666666666,34.771428571428565,34.392857142857146,0.0,0.0,0.0,0.0,0.0,0.0,0.02142857142857143
2019-06-18,33.9,23.8,29.4,1.8,17.4,57,6,169,3,32.2,33.8,34.6,36.1,33.533333333333324,34.2,34.214285714285715,1.5,0.0,0.0,0.0,0.5,0.2142857142857153,0.1285714285714286
2019-06-19,38.0,25.8,32.2,0.0,9.7,47,6,170,3,29.4,32.2,33.8,33.4,31.799999999999994,33.24285714285715,33.91428571428572,1.8,1.5,0.0,0.0,1.0999999999999999,0.4714285714285724,0.2357142857142857
2019-06-20,36.7,27.1,32.2,0.0,14.2,42,6,171,3,32.2,29.4,32.2,34.9,31.266666666666662,33.07142857142857,33.75,0.0,1.8,1.5,0.0,1.0999999999999999,0.4714285714285724,0.2357142857142857
2019-06-21,36.4,25.9,31.6,0.0,8.6,46,6,172,3,32.2,32.2,29.4,34.4,31.266666666666662,32.68571428571429,33.65,0.0,0.0,1.8,0.0,0.6,0.4714285714285724,0.2357142857142857
2019-06-22,40.3,26.2,33.6,0.0,10.8,38,6,173,3,31.6,32.2,32.2,34.6,31.99999999999999,32.285714285714285,33.550000000000004,0.0,0.0,0.0,0.0,0.0,0.4714285714285724,0.2357142857142857
2019-06-23,39.2,27.8,33.8,0.0,13.7,41,6,174,3,33.6,31.6,32.2,33.8,32.46666666666666,32.142857142857146,33.528571428571425,0.0,0.0,0.0,0.0,0.0,0.4714285714285724,0.2357142857142857
2019-06-24,32.1,25.9,28.7,9.7,13.7,69,6,175,3,33.8,33.6,31.6,32.2,32.99999999999999,32.142857142857146,33.457142857142856,0.0,0.0,0.0,1.5,0.0,0.4714285714285724,0.2357142857142857
2019-06-25,38.6,26.5,32.5,0.0,10.3,53,6,176,3,28.7,33.8,33.6,29.4,32.033333333333324,31.642857142857142,32.92142857142857,9.7,0.0,0.0,1.8,3.233333333333333,1.642857142857144,0.9285714285714286
2019-06-26,41.2,27.6,34.6,0.0,17.5,38,6,177,3,32.5,28.7,33.8,32.2,31.666666666666657,32.08571428571428,32.66428571428571,0.0,9.7,0.0,0.0,3.233333333333333,1.3857142857142866,0.9285714285714286
2019-06-27,41.4,28.0,34.4,0.0,15.5,39,6,178,3,34.6,32.5,28.7,32.2,31.933333333333326,32.42857142857143,32.75,0.0,0.0,9.7,0.0,3.233333333333333,1.3857142857142866,0.9285714285714286
2019-06-28,41.3,28.2,35.0,0.4,18.1,40,6,179,3,34.4,34.6,32.5,31.6,33.83333333333332,32.74285714285714,32.714285714285715,0.0,0.0,0.0,0.0,0.0,1.3857142857142866,0.9285714285714286
2019-06-29,42.1,29.9,36.1,0.0,24.7,35,6,180,3,35.0,34.4,34.6,33.6,34.66666666666666,33.22857142857143,32.75714285714285,0.4,0.0,0.0,0.0,0.13333333333333333,1.4428571428571437,0.9571428571428572
2019-06-30,40.8,29.5,35.2,0.0,19.2,34,6,181,3,36.1,35.0,34.4,33.8,35.16666666666666,33.58571428571428,32.864285714285714,0.0,0.4,0.0,0.0,0.13333333333333333,1.4428571428571437,0.9571428571428572
2019-07-01,40.3,29.7,35.2,0.1,16.9,38,7,182,3,35.2,36.1,35.0,28.7,35.43333333333333,33.785714285714285,32.964285714285715,0.0,0.0,0.4,9.7,0.13333333333333333,1.4428571428571437,0.9571428571428572
2019-07-02,42.1,29.3,35.9,0.0,10.7,38,7,183,3,35.2,35.2,36.1,32.5,35.49999999999999,34.714285714285715,33.17857142857143,0.1,0.0,0.0,0.0,0.03333333333333333,0.07142857142857244,0.8571428571428571
2019-07-03,42.1,31.2,36.9,0.0,11.4,37,7,184,3,35.9,35.2,35.2,34.6,35.43333333333333,35.2,33.642857142857146,0.0,0.1,0.0,0.0,0.03333333333333333,0.07142857142857244,0.7285714285714285
2019-07-04,42.0,29.0,35.0,0.2,24.5,49,7,185,3,36.9,35.9,35.2,34.4,35.99999999999999,35.52857142857143,33.97857142857143,0.0,0.0,0.1,0.0,0.03333333333333333,0.07142857142857244,0.7285714285714285
2019-07-05,38.2,26.7,32.8,0.7,16.0,61,7,186,3,35.0,36.9,35.9,35.0,35.93333333333333,35.614285714285714,34.17857142857143,0.2,0.0,0.0,0.4,0.06666666666666667,0.10000000000000102,0.7428571428571428
2019-07-06,36.1,27.0,31.9,3.9,22.8,67,7,187,3,32.8,35.0,36.9,36.1,34.899999999999984,35.3,34.26428571428571,0.7,0.2,0.0,0.0,0.3,0.14285714285714388,0.7928571428571428
2019-07-07,36.0,26.3,31.6,10.9,11.6,69,7,188,3,31.9,32.8,35.0,35.2,33.23333333333332,34.7,34.142857142857146,3.9,0.7,0.2,0.0,1.5999999999999999,0.7000000000000011,1.0714285714285714
2019-07-08,37.9,28.2,32.9,0.9,14.8,63,7,189,3,31.6,31.9,32.8,35.2,32.09999999999999,34.18571428571428,33.98571428571429,10.9,3.9,0.7,0.1,5.166666666666667,2.2571428571428584,1.8499999999999999
2019-07-09,34.8,26.3,30.6,2.7,22.2,73,7,190,3,32.9,31.6,31.9,35.9,32.133333333333326,33.857142857142854,34.285714285714285,0.9,10.9,3.9,0.0,5.233333333333333,2.3714285714285728,1.2214285714285713
2019-07-10,35.6,26.3,30.9,1.1,16.6,73,7,191,3,30.6,32.9,31.6,36.9,31.69999999999999,33.1,34.15,2.7,0.9,10.9,0.0,4.833333333333333,2.7571428571428584,1.4142857142857144
2019-07-11,34.9,27.1,30.8,9.9,15.5,78,7,192,3,30.9,30.6,32.9,35.0,31.466666666666658,32.24285714285714,33.885714285714286,1.1,2.7,0.9,0.2,1.5666666666666667,2.9142857142857155,1.4928571428571427
2019-07-12,34.9,26.3,30.3,13.7,17.1,76,7,193,3,30.8,30.9,30.6,32.8,30.766666666666655,31.642857142857142,33.628571428571426,9.9,1.1,2.7,0.7,4.566666666666667,4.300000000000002,2.2
2019-07-13,33.9,25.4,29.0,5.0,16.0,78,7,194,3,30.3,30.8,30.9,31.9,30.666666666666657,31.285714285714285,33.292857142857144,13.7,9.9,1.1,3.9,8.233333333333333,6.157142857142858,3.15
2019-07-14,32.5,25.4,28.1,4.8,13.0,80,7,195,3,29.0,30.3,30.8,31.6,30.03333333333332,30.87142857142857,32.785714285714285,5.0,13.7,9.9,10.9,9.533333333333333,6.314285714285715,3.507142857142857
2019-07-15,32.4,25.3,28.6,0.5,10.9,77,7,196,3,28.1,29.0,30.3,32.9,29.133333333333326,30.371428571428574,32.278571428571425,4.8,5.0,13.7,0.9,7.833333333333333,5.442857142857144,3.85
2019-07-16,31.4,24.5,27.2,12.3,14.3,83,7,197,3,28.6,28.1,29.0,30.6,28.56666666666666,29.75714285714286,31.807142857142857,0.5,4.8,5.0,2.7,3.4333333333333336,5.385714285714287,3.8785714285714286
2019-07-17,33.1,24.0,28.1,0.0,10.4,74,7,198,3,27.2,28.6,28.1,30.9,27.966666666666658,29.271428571428572,31.185714285714283,12.3,0.5,4.8,1.1,5.866666666666667,6.757142857142859,4.757142857142857
2019-07-18,33.2,25.9,29.1,1.9,9.7,77,7,199,3,28.1,27.2,28.6,30.8,27.966666666666658,28.87142857142857,30.557142857142857,0.0,12.3,0.5,9.9,4.266666666666667,6.6000000000000005,4.757142857142857
2019-07-19,32.9,25.8,28.8,13.1,12.5,80,7,200,3,29.1,28.1,27.2,30.3,28.133333333333326,28.62857142857143,30.13571428571429,1.9,0.0,12.3,13.7,4.733333333333333,5.457142857142858,4.878571428571428
2019-07-20,33.8,25.8,29.7,1.8,13.7,76,7,201,3,28.8,29.1,28.1,29.0,28.666666666666657,28.414285714285715,29.849999999999998,13.1,1.9,0.0,5.0,5.0,5.371428571428573,5.764285714285713
2019-07-21,33.3,26.8,30.1,4.5,13.1,78,7,202,3,29.7,28.8,29.1,28.1,29.199999999999992,28.514285714285716,29.692857142857147,1.8,13.1,1.9,4.8,5.6000000000000005,4.9142857142857155,5.614285714285715
2019-07-22,35.6,27.6,31.3,1.7,8.5,73,7,203,3,30.1,29.7,28.8,28.6,29.53333333333332,28.8,29.585714285714285,4.5,1.8,13.1,0.5,6.466666666666666,4.871428571428573,5.1571428571428575
2019-07-23,36.1,28.5,32.1,0.3,6.9,70,7,204,3,31.3,30.1,29.7,27.2,30.366666666666656,29.185714285714287,29.47142857142857,1.7,4.5,1.8,12.3,2.6666666666666665,5.042857142857144,5.214285714285714
2019-07-24,37.8,28.9,32.6,1.5,15.8,68,7,205,3,32.1,31.3,30.1,28.1,31.166666666666657,29.88571428571429,29.57857142857143,0.3,1.7,4.5,0.0,2.1666666666666665,3.3285714285714296,5.042857142857144
2019-07-25,31.0,25.9,27.4,33.0,24.9,89,7,206,3,32.6,32.1,31.3,29.1,31.99999999999999,30.528571428571432,29.7,1.5,0.3,1.7,1.9,1.1666666666666667,3.542857142857144,5.071428571428571
2019-07-26,30.3,25.1,27.1,33.8,13.1,90,7,207,3,27.4,32.6,32.1,28.8,30.69999999999999,30.285714285714285,29.45714285714286,33.0,1.5,0.3,13.1,11.6,7.985714285714287,6.721428571428571
2019-07-27,31.4,25.7,28.0,15.6,15.9,86,7,208,3,27.1,27.4,32.6,29.7,29.03333333333332,30.042857142857144,29.228571428571428,33.8,33.0,1.5,1.8,22.766666666666666,10.942857142857141,8.157142857142857
2019-07-28,30.0,25.4,27.0,44.3,16.6,90,7,209,3,28.0,27.1,27.4,30.1,27.49999999999999,29.8,29.157142857142855,15.6,33.8,33.0,4.5,27.466666666666665,12.914285714285715,8.914285714285715
2019-07-29,34.0,25.4,29.6,0.1,5.8,79,7,210,3,27.0,28.0,27.1,31.3,27.366666666666656,29.357142857142858,29.07857142857143,44.3,15.6,33.8,1.7,31.23333333333333,18.599999999999998,11.735714285714286
2019-07-30,33.7,27.5,30.4,4.7,11.2,81,7,211,3,29.6,27.0,28.0,32.1,28.19999999999999,29.11428571428571,29.150000000000002,0.1,44.3,15.6,0.3,20.0,18.371428571428574,11.707142857142857
2019-07-31,30.3,25.3,27.8,6.6,16.9,86,7,212,3,30.4,29.6,27.0,32.6,28.99999999999999,28.87142857142857,29.37857142857143,4.7,0.1,44.3,1.5,16.366666666666664,19.0,11.164285714285713
2019-08-01,32.3,25.6,28.5,1.2,12.8,81,8,213,3,27.8,30.4,29.6,27.4,29.266666666666655,28.185714285714287,29.357142857142858,6.6,4.7,0.1,33.0,3.7999999999999994,19.728571428571428,11.635714285714284
2019-08-02,30.5,25.3,27.3,9.1,11.8,88,8,214,3,28.5,27.8,30.4,27.1,28.89999999999999,28.342857142857145,29.314285714285713,1.2,6.6,4.7,33.8,4.166666666666667,15.185714285714285,11.585714285714285
2019-08-03,33.2,25.1,28.9,2.7,8.8,82,8,215,3,27.3,28.5,27.8,28.0,27.866666666666656,28.37142857142857,29.20714285714286,9.1,1.2,6.6,15.6,5.633333333333333,11.657142857142858,11.299999999999999
2019-08-04,33.5,26.5,29.8,0.4,10.5,84,8,216,3,28.9,27.3,28.5,27.0,28.233333333333324,28.5,29.15,2.7,9.1,1.2,44.3,4.333333333333333,9.814285714285717,11.364285714285714
2019-08-05,33.9,27.4,30.7,0.4,8.4,81,8,217,3,29.8,28.9,27.3,29.6,28.666666666666657,28.900000000000002,29.12857142857143,0.4,2.7,9.1,0.1,4.066666666666667,3.542857142857144,11.071428571428571
2019-08-06,33.1,27.1,29.7,5.0,17.3,83,8,218,3,30.7,29.8,28.9,30.4,29.799999999999994,29.057142857142857,29.085714285714285,0.4,0.4,2.7,4.7,1.1666666666666672,3.5857142857142863,10.978571428571428
2019-08-07,31.6,26.2,28.5,7.0,13.9,87,8,219,3,29.7,30.7,29.8,27.8,30.06666666666666,28.957142857142856,28.91428571428571,5.0,0.4,0.4,6.6,1.9333333333333338,3.6285714285714294,11.314285714285715
2019-08-08,34.7,26.6,30.5,0.1,10.4,78,8,220,3,28.5,29.7,30.7,28.5,29.633333333333326,29.057142857142853,28.62142857142857,7.0,5.0,0.4,1.2,4.133333333333334,3.685714285714287,11.707142857142857
2019-08-09,31.9,26.8,28.9,8.9,14.7,86,8,221,3,30.5,28.5,29.7,27.3,29.56666666666666,29.342857142857138,28.842857142857138,0.1,7.0,5.0,9.1,4.033333333333334,3.52857142857143,9.357142857142858
2019-08-10,32.6,25.9,29.0,2.4,14.5,81,8,222,3,28.9,30.5,28.5,28.9,29.299999999999986,29.571428571428573,28.97142857142857,8.9,0.1,7.0,2.7,5.333333333333335,3.500000000000001,7.578571428571428
2019-08-11,32.5,26.9,29.3,2.8,6.4,83,8,223,3,29.0,28.9,30.5,29.8,29.466666666666654,29.585714285714285,29.042857142857144,2.4,8.9,0.1,0.4,3.8000000000000007,3.457142857142858,6.635714285714285
2019-08-12,32.8,25.6,29.1,5.5,14.0,87,8,224,3,29.3,29.0,28.9,30.7,29.066666666666652,29.514285714285712,29.20714285714286,2.8,2.4,8.9,0.4,4.7,3.8000000000000007,3.6714285714285713
2019-08-13,33.1,25.5,28.9,4.6,18.4,82,8,225,3,29.1,29.3,29.0,29.7,29.133333333333326,29.285714285714285,29.17142857142857,5.5,2.8,2.4,5.0,3.566666666666667,4.528571428571429,4.057142857142857
2019-08-14,31.2,26.0,28.8,21.6,19.2,87,8,226,3,28.9,29.1,29.3,28.5,29.099999999999994,29.171428571428574,29.064285714285717,4.6,5.5,2.8,7.0,4.3,4.471428571428572,4.05
2019-08-15,33.6,26.4,29.9,0.4,14.9,82,8,227,3,28.8,28.9,29.1,30.5,28.933333333333323,29.214285714285715,29.135714285714283,21.6,4.6,5.5,0.1,10.566666666666668,6.557142857142858,5.121428571428572
2019-08-16,32.2,25.0,28.6,2.5,16.1,85,8,228,3,29.9,28.8,28.9,28.9,29.19999999999999,29.12857142857143,29.235714285714288,0.4,21.6,4.6,8.9,8.866666666666667,6.6000000000000005,5.064285714285715
2019-08-17,29.7,24.6,27.0,2.0,13.3,87,8,229,3,28.6,29.9,28.8,29.0,29.09999999999999,29.085714285714285,29.328571428571426,2.5,0.4,21.6,2.4,8.166666666666666,5.685714285714286,4.592857142857143
2019-08-18,32.3,23.2,27.7,0.4,9.2,78,8,230,3,27.0,28.6,29.9,29.3,28.49999999999999,28.8,29.192857142857143,2.0,2.5,0.4,2.8,1.6333333333333335,5.628571428571429,4.542857142857143
2019-08-19,32.2,23.7,27.6,2.2,14.1,82,8,231,3,27.7,27.0,28.6,29.1,27.766666666666655,28.571428571428573,29.042857142857144,0.4,2.0,2.5,5.5,1.633333333333333,5.285714285714286,4.542857142857143
2019-08-20,33.4,23.9,28.5,0.7,11.4,77,8,232,3,27.6,27.7,27.0,28.9,27.433333333333326,28.357142857142858,28.821428571428573,2.2,0.4,2.0,4.6,1.5333333333333332,4.814285714285715,4.671428571428572
2019-08-21,35.0,24.8,29.7,0.0,8.7,71,8,233,3,28.5,27.6,27.7,28.8,27.933333333333326,28.3,28.735714285714288,0.7,2.2,0.4,21.6,1.0999999999999999,4.257142857142858,4.364285714285715
2019-08-22,34.8,25.8,30.0,0.0,11.2,74,8,234,3,29.7,28.5,27.6,29.9,28.59999999999999,28.428571428571427,28.821428571428573,0.0,0.7,2.2,0.4,0.9666666666666668,1.171428571428572,3.8642857142857148
2019-08-23,35.0,26.2,30.6,0.0,10.3,75,8,235,3,30.0,29.7,28.5,28.6,29.39999999999999,28.442857142857143,28.785714285714285,0.0,0.0,0.7,2.5,0.2333333333333333,1.1142857142857148,3.8571428571428577
2019-08-24,36.3,26.9,31.3,0.0,12.0,69,8,236,3,30.6,30.0,29.7,27.0,30.09999999999999,28.72857142857143,28.907142857142855,0.0,0.0,0.0,2.0,0.0,0.7571428571428578,3.221428571428572
2019-08-25,33.9,26.2,29.9,0.1,20.6,79,8,237,3,31.3,30.6,30.0,27.7,30.633333333333326,29.342857142857145,29.071428571428573,0.0,0.0,0.0,0.4,0.0,0.4714285714285719,3.0500000000000003
2019-08-26,33.5,26.4,29.7,1.1,13.1,77,8,238,3,29.9,31.3,30.6,27.6,30.59999999999999,29.657142857142855,29.11428571428571,0.1,0.0,0.0,2.2,0.03333333333333333,0.4285714285714291,2.857142857142857
2019-08-27,34.1,27.0,30.3,0.2,6.8,75,8,239,3,29.7,29.9,31.3,28.5,30.299999999999994,29.957142857142856,29.157142857142855,1.1,0.1,0.0,0.7,0.4000000000000001,0.27142857142857196,2.542857142857143
2019-08-28,35.5,27.7,31.5,0.2,7.0,72,8,240,3,30.3,29.7,29.9,29.7,29.966666666666658,30.214285714285715,29.257142857142856,0.2,1.1,0.1,0.0,0.46666666666666673,0.20000000000000054,2.2285714285714286
2019-08-29,36.5,28.3,32.1,0.2,7.2,70,8,241,3,31.5,30.3,29.7,30.0,30.49999999999999,30.47142857142857,29.45,0.2,0.2,1.1,0.0,0.5,0.2285714285714291,0.7000000000000001
2019-08-30,34.4,26.1,30.1,2.8,20.0,78,8,242,3,32.1,31.5,30.3,30.6,31.299999999999994,30.771428571428572,29.607142857142858,0.2,0.2,0.2,0.0,0.2,0.2571428571428577,0.6857142857142857
2019-08-31,34.4,27.2,30.7,1.9,7.1,77,8,243,3,30.1,32.1,31.5,31.3,31.233333333333324,30.699999999999996,29.714285714285715,2.8,0.2,0.2,0.0,1.0666666666666667,0.6571428571428576,0.7071428571428571
2019-09-01,35.2,25.9,30.0,6.6,14.8,80,9,244,4,30.7,30.1,32.1,29.9,30.966666666666658,30.614285714285717,29.97857142857143,1.9,2.8,0.2,0.1,1.633333333333333,0.928571428571429,0.7
2019-09-02,33.3,25.1,29.0,9.2,11.1,81,9,245,4,30.0,30.7,30.1,29.7,30.266666666666655,30.62857142857143,30.142857142857142,6.6,1.9,2.8,1.1,3.766666666666666,1.8571428571428577,1.1428571428571428
2019-09-03,35.4,27.4,31.0,0.9,9.7,74,9,246,4,29.0,30.0,30.7,30.3,29.89999999999999,30.528571428571432,30.242857142857144,9.2,6.6,1.9,0.2,5.8999999999999995,3.0142857142857147,1.6428571428571428
2019-09-04,35.6,26.9,31.3,1.0,13.8,75,9,247,4,31.0,29.0,30.0,31.5,29.99999999999999,30.62857142857143,30.421428571428574,0.9,9.2,6.6,0.2,5.566666666666666,3.1142857142857143,1.657142857142857
2019-09-05,33.4,26.2,29.6,0.6,18.9,79,9,248,4,31.3,31.0,29.0,32.1,30.433333333333323,30.599999999999998,30.535714285714285,1.0,0.9,9.2,0.2,3.6999999999999997,3.2285714285714286,1.7285714285714284
2019-09-06,33.5,26.6,29.6,2.2,9.4,81,9,249,4,29.6,31.3,31.0,30.1,30.633333333333326,30.242857142857144,30.50714285714286,0.6,1.0,0.9,2.8,0.8333333333333334,3.285714285714286,1.7714285714285711
2019-09-07,34.6,26.1,30.4,4.6,10.5,77,9,250,4,29.6,29.6,31.3,30.7,30.166666666666657,30.171428571428574,30.435714285714287,2.2,0.6,1.0,1.9,1.2666666666666668,3.2,1.9285714285714286
2019-09-08,35.1,25.9,30.4,2.4,10.4,76,9,251,4,30.4,29.6,29.6,30.0,29.866666666666656,30.12857142857143,30.37142857142857,4.6,2.2,0.6,6.6,2.466666666666667,3.585714285714286,2.257142857142857
2019-09-09,36.0,26.7,30.9,0.0,11.0,75,9,252,4,30.4,30.4,29.6,29.0,30.133333333333326,30.185714285714287,30.407142857142862,2.4,4.6,2.2,9.2,3.066666666666667,2.985714285714286,2.4214285714285713
2019-09-10,37.1,27.2,31.6,0.0,8.9,72,9,253,4,30.9,30.4,30.4,31.0,30.566666666666652,30.457142857142856,30.492857142857144,0.0,2.4,4.6,0.9,2.3333333333333335,1.671428571428572,2.3428571428571425
2019-09-11,37.5,27.9,32.0,0.0,11.3,72,9,254,4,31.6,30.9,30.4,31.3,30.966666666666658,30.542857142857144,30.58571428571429,0.0,0.0,2.4,1.0,0.7999999999999999,1.5428571428571431,2.3285714285714287
2019-09-12,37.5,28.0,32.2,0.0,11.0,72,9,255,4,32.0,31.6,30.9,29.6,31.49999999999999,30.642857142857142,30.621428571428574,0.0,0.0,0.0,0.6,0.0,1.4000000000000004,2.314285714285714
2019-09-13,35.9,25.7,31.0,1.6,20.2,72,9,256,4,32.2,32.0,31.6,29.6,31.933333333333326,31.014285714285712,30.62857142857143,0.0,0.0,0.0,2.2,0.0,1.3142857142857147,2.3
2019-09-14,35.0,26.5,30.9,7.6,9.7,75,9,257,4,31.0,32.2,32.0,30.4,31.73333333333333,31.214285714285715,30.692857142857147,1.6,0.0,0.0,4.6,0.5333333333333333,1.228571428571429,2.214285714285714
2019-09-15,35.5,26.4,30.8,0.9,13.6,73,9,258,4,30.9,31.0,32.2,30.4,31.366666666666656,31.285714285714285,30.707142857142856,7.6,1.6,0.0,2.4,3.0666666666666664,1.6571428571428577,2.621428571428571
2019-09-16,34.3,26.7,29.6,2.2,11.8,77,9,259,4,30.8,30.9,31.0,30.9,30.89999999999999,31.342857142857145,30.764285714285712,0.9,7.6,1.6,0.0,3.3666666666666667,1.4428571428571433,2.214285714285714
2019-09-17,32.8,25.7,29.2,0.2,15.6,76,9,260,4,29.6,30.8,30.9,31.6,30.433333333333323,31.157142857142862,30.807142857142857,2.2,0.9,7.6,0.0,3.5666666666666664,1.7571428571428576,1.714285714285714
2019-09-18,34.0,25.1,29.4,0.2,11.8,72,9,261,4,29.2,29.6,30.8,32.0,29.866666666666656,30.814285714285713,30.678571428571427,0.2,2.2,0.9,0.0,1.1,1.7857142857142863,1.6642857142857144
2019-09-19,30.4,24.9,27.4,0.0,25.2,78,9,262,4,29.4,29.2,29.6,32.2,29.39999999999999,30.442857142857143,30.542857142857144,0.2,0.2,2.2,0.0,0.8666666666666667,1.8142857142857147,1.6071428571428572
2019-09-20,30.6,23.2,27.1,7.4,21.4,78,9,263,4,27.4,29.4,29.2,31.0,28.666666666666657,29.75714285714286,30.385714285714283,0.0,0.2,0.2,1.6,0.13333333333333333,1.8142857142857147,1.5642857142857143
2019-09-21,32.7,23.7,28.1,0.4,7.7,73,9,264,4,27.1,27.4,29.4,30.9,27.966666666666658,29.2,30.207142857142856,7.4,0.0,0.2,7.6,2.5333333333333337,2.6428571428571432,1.9357142857142855
2019-09-22,33.2,24.2,28.7,0.0,13.8,69,9,265,4,28.1,27.1,27.4,30.8,27.53333333333332,28.8,30.042857142857144,0.4,7.4,0.0,0.9,2.6,1.614285714285715,1.635714285714286
2019-09-23,32.4,24.3,28.1,0.4,14.5,72,9,266,4,28.7,28.1,27.1,29.6,27.966666666666658,28.5,29.921428571428574,0.0,0.4,7.4,2.2,2.6,1.4857142857142862,1.4642857142857142
2019-09-24,32.8,24.9,28.4,0.2,6.6,71,9,267,4,28.1,28.7,28.1,29.2,28.299999999999994,28.285714285714285,29.72142857142857,0.4,0.0,0.4,0.2,0.26666666666666666,1.2285714285714293,1.4928571428571427
2019-09-25,32.8,25.6,28.5,0.0,9.2,73,9,268,4,28.4,28.1,28.7,29.4,28.39999999999999,28.17142857142857,29.49285714285714,0.2,0.4,0.0,0.2,0.20000000000000004,1.228571428571429,1.507142857142857
2019-09-26,31.3,25.5,27.9,5.7,10.1,77,9,269,4,28.5,28.4,28.1,27.4,28.333333333333325,28.04285714285714,29.24285714285714,0.0,0.2,0.4,0.0,0.20000000000000004,1.2000000000000006,1.507142857142857
2019-09-27,31.5,23.8,27.3,0.7,16.7,78,9,270,4,27.9,28.5,28.4,27.1,28.266666666666655,28.11428571428571,28.935714285714283,5.7,0.0,0.2,7.4,1.9666666666666668,2.014285714285715,1.9142857142857141
2019-09-28,29.7,23.4,26.2,4.3,16.6,80,9,271,4,27.3,27.9,28.5,28.1,27.899999999999988,28.142857142857142,28.67142857142857,0.7,5.7,0.0,0.4,2.1333333333333333,1.0571428571428576,1.85
2019-09-29,28.5,22.3,25.1,8.1,12.8,86,9,272,4,26.2,27.3,27.9,28.7,27.133333333333322,27.87142857142857,28.335714285714285,4.3,0.7,5.7,0.0,3.5666666666666664,1.614285714285715,1.6142857142857143
2019-09-30,30.1,21.5,25.3,0.4,9.4,79,9,273,4,25.1,26.2,27.3,28.1,26.199999999999992,27.357142857142858,27.928571428571427,8.1,4.3,0.7,0.4,4.366666666666667,2.771428571428572,2.1285714285714286
2019-10-01,29.9,21.4,24.9,0.6,14.5,79,10,274,4,25.3,25.1,26.2,28.4,25.53333333333332,26.957142857142856,27.62142857142857,0.4,8.1,4.3,0.2,4.2666666666666675,2.771428571428572,2.0
2019-10-02,30.0,21.0,25.4,0.0,10.5,74,10,275,4,24.9,25.3,25.1,28.5,25.09999999999999,26.45714285714286,27.314285714285713,0.6,0.4,8.1,0.0,3.0333333333333337,2.8285714285714287,2.0285714285714285
2019-10-03,29.3,19.9,23.4,8.1,22.4,84,10,276,4,25.4,24.9,25.3,27.9,25.19999999999999,26.014285714285716,27.02857142857143,0.0,0.6,0.4,5.7,0.3333333333333339,2.8285714285714287,2.0142857142857142
2019-10-04,28.5,20.3,23.6,0.2,11.0,75,10,277,4,23.4,25.4,24.9,27.3,24.566666666666652,25.37142857142857,26.742857142857144,8.1,0.0,0.6,0.7,2.9000000000000004,3.1714285714285717,2.5928571428571425
2019-10-05,29.7,18.6,24.0,0.0,12.8,70,10,278,4,23.6,23.4,25.4,26.2,24.133333333333326,24.842857142857138,26.49285714285714,0.2,8.1,0.0,4.3,2.766666666666667,3.1000000000000005,2.0785714285714287
2019-10-06,29.3,19.7,24.3,0.0,18.5,68,10,279,4,24.0,23.6,23.4,25.1,23.666666666666657,24.52857142857143,26.199999999999996,0.0,0.2,8.1,8.1,2.766666666666667,2.485714285714286,2.05
2019-10-07,29.0,21.3,24.8,0.5,14.0,59,10,280,4,24.3,24.0,23.6,25.3,23.966666666666658,24.414285714285715,25.885714285714283,0.0,0.0,0.2,0.4,0.06666666666666726,1.328571428571429,2.05
2019-10-08,30.2,19.0,24.7,0.0,8.6,56,10,281,4,24.8,24.3,24.0,24.9,24.366666666666656,24.342857142857145,25.65,0.5,0.0,0.0,0.6,0.16666666666666727,1.3428571428571432,2.0571428571428574
2019-10-09,30.7,18.7,24.6,0.2,12.7,70,10,282,4,24.7,24.8,24.3,25.4,24.59999999999999,24.314285714285713,25.385714285714283,0.0,0.5,0.0,0.0,0.16666666666666727,1.2571428571428576,2.042857142857143
2019-10-10,31.3,19.0,24.7,0.0,8.4,70,10,283,4,24.6,24.7,24.8,23.4,24.699999999999992,24.2,25.107142857142858,0.2,0.0,0.5,8.1,0.23333333333333392,1.2857142857142863,2.0571428571428574
2019-10-11,31.6,19.3,25.3,0.0,8.2,64,10,284,4,24.7,24.6,24.7,23.6,24.666666666666657,24.38571428571429,24.87857142857143,0.0,0.2,0.0,0.2,0.06666666666666726,0.12857142857142906,1.6500000000000001
2019-10-12,32.3,19.2,25.9,0.0,7.9,61,10,285,4,25.3,24.7,24.6,24.0,24.866666666666656,24.62857142857143,24.735714285714288,0.0,0.0,0.2,0.0,0.06666666666666726,0.1000000000000005,1.5999999999999999
2019-10-13,32.6,20.5,26.2,0.0,9.7,62,10,286,4,25.9,25.3,24.7,24.3,25.299999999999994,24.9,24.714285714285715,0.0,0.0,0.0,0.0,0.0,0.1000000000000005,1.292857142857143
2019-10-14,32.6,20.9,26.6,0.0,9.4,61,10,287,4,26.2,25.9,25.3,24.8,25.799999999999994,25.17142857142857,24.792857142857144,0.0,0.0,0.0,0.5,0.0,0.1000000000000005,0.7142857142857143
2019-10-15,32.5,20.4,26.0,0.0,14.9,68,10,288,4,26.6,26.2,25.9,24.7,26.233333333333324,25.428571428571427,24.885714285714283,0.0,0.0,0.0,0.0,0.0,0.02857142857142908,0.6857142857142857
2019-10-16,31.5,20.3,25.8,0.3,8.0,69,10,289,4,26.0,26.6,26.2,24.6,26.266666666666655,25.614285714285717,24.964285714285715,0.0,0.0,0.0,0.2,0.0,0.02857142857142908,0.6428571428571429
2019-10-17,28.1,21.0,24.1,0.9,9.7,78,10,290,4,25.8,26.0,26.6,24.7,26.133333333333326,25.785714285714285,24.992857142857144,0.3,0.0,0.0,0.0,0.10000000000000059,0.042857142857143364,0.6642857142857143
2019-10-18,27.0,18.1,22.2,9.9,28.7,74,10,291,4,24.1,25.8,26.0,25.3,25.299999999999994,25.7,25.042857142857144,0.9,0.3,0.0,0.0,0.4000000000000006,0.17142857142857193,0.15
2019-10-19,29.8,17.7,22.9,0.0,11.5,58,10,292,4,22.2,24.1,25.8,25.9,24.03333333333332,25.25714285714286,24.942857142857143,9.9,0.9,0.3,0.0,3.7000000000000006,1.585714285714286,0.8428571428571429
2019-10-20,29.1,17.5,22.3,0.0,9.0,62,10,293,4,22.9,22.2,24.1,26.2,23.06666666666666,24.82857142857143,24.864285714285717,0.0,9.9,0.9,0.0,3.6,1.585714285714286,0.8428571428571429
2019-10-21,29.8,16.0,22.6,0.0,10.5,60,10,294,4,22.3,22.9,22.2,26.6,22.466666666666654,24.271428571428572,24.72142857142857,0.0,0.0,9.9,0.0,3.3000000000000007,1.585714285714286,0.8428571428571429
2019-10-22,31.0,17.0,23.1,0.0,10.8,58,10,295,4,22.6,22.3,22.9,26.0,22.59999999999999,23.7,24.564285714285717,0.0,0.0,0.0,0.0,0.0,1.585714285714286,0.8071428571428572
2019-10-23,30.0,17.3,22.7,0.0,15.9,64,10,296,4,23.1,22.6,22.3,25.8,22.666666666666657,23.285714285714285,24.45,0.0,0.0,0.0,0.3,0.0,1.585714285714286,0.8071428571428572
2019-10-24,30.4,16.4,22.6,0.0,9.4,63,10,297,4,22.7,23.1,22.6,24.1,22.799999999999994,22.842857142857145,24.314285714285713,0.0,0.0,0.0,0.9,0.0,1.5428571428571431,0.7928571428571429
2019-10-25,30.1,16.1,22.5,0.0,8.8,64,10,298,4,22.6,22.7,23.1,22.2,22.799999999999994,22.628571428571426,24.164285714285715,0.0,0.0,0.0,9.9,0.0,1.4142857142857148,0.7928571428571429
2019-10-26,29.7,16.2,22.2,0.0,8.2,65,10,299,4,22.5,22.6,22.7,22.9,22.599999999999994,22.67142857142857,23.964285714285715,0.0,0.0,0.0,0.0,0.0,0.0,0.7928571428571429
2019-10-27,30.9,17.1,23.1,0.0,13.4,58,10,300,4,22.2,22.5,22.6,22.3,22.433333333333323,22.571428571428573,23.7,0.0,0.0,0.0,0.0,0.0,0.0,0.7928571428571429
2019-10-28,30.6,16.7,23.5,0.0,9.0,68,10,301,4,23.1,22.2,22.5,22.6,22.59999999999999,22.685714285714287,23.47857142857143,0.0,0.0,0.0,0.0,0.0,0.0,0.7928571428571429
2019-10-29,31.1,17.7,23.9,0.0,9.2,68,10,302,4,23.5,23.1,22.2,23.1,22.933333333333323,22.814285714285713,23.25714285714286,0.0,0.0,0.0,0.0,0.0,0.0,0.7928571428571429
2019-10-30,30.7,17.6,23.8,0.0,8.0,70,10,303,4,23.9,23.5,23.1,22.7,23.49999999999999,22.928571428571427,23.107142857142858,0.0,0.0,0.0,0.0,0.0,0.0,0.7928571428571429
2019-10-31,31.0,18.2,24.0,0.0,9.3,70,10,304,4,23.8,23.9,23.5,22.6,23.733333333333324,23.08571428571429,22.964285714285715,0.0,0.0,0.0,0.0,0.0,0.0,0.7714285714285715
2019-11-01,29.2,17.8,22.7,0.0,15.3,70,11,305,4,24.0,23.8,23.9,22.5,23.89999999999999,23.285714285714285,22.957142857142856,0.0,0.0,0.0,0.0,0.0,0.0,0.7071428571428572
2019-11-02,29.2,17.8,22.5,0.0,12.1,64,11,306,4,22.7,24.0,23.8,22.2,23.49999999999999,23.314285714285713,22.99285714285714,0.0,0.0,0.0,0.0,0.0,0.0,0.0
2019-11-03,27.2,17.9,21.4,1.4,16.7,75,11,307,4,22.5,22.7,24.0,23.1,23.06666666666666,23.357142857142858,22.964285714285715,0.0,0.0,0.0,0.0,0.0,0.0,0.0
2019-11-04,28.8,16.4,21.8,0.0,12.3,66,11,308,4,21.4,22.5,22.7,23.5,22.19999999999999,23.114285714285717,22.900000000000002,1.4,0.0,0.0,0.0,0.46666666666666723,0.20000000000000048,0.09999999999999999
2019-11-05,29.5,16.7,22.4,0.0,10.3,59,11,309,4,21.8,21.4,22.5,23.9,21.899999999999988,22.87142857142857,22.842857142857138,0.0,1.4,0.0,0.0,0.46666666666666723,0.20000000000000048,0.09999999999999999
2019-11-06,23.2,16.8,19.5,16.2,19.3,73,11,310,4,22.4,21.8,21.4,23.8,21.866666666666656,22.657142857142855,22.792857142857144,0.0,0.0,1.4,0.0,0.46666666666666723,0.20000000000000048,0.09999999999999999
2019-11-07,20.7,14.7,16.9,6.2,25.5,86,11,311,4,19.5,22.4,21.8,24.0,21.233333333333324,22.042857142857144,22.564285714285717,16.2,0.0,0.0,0.0,5.400000000000001,2.5142857142857147,1.257142857142857
2019-11-08,22.9,13.0,17.4,1.4,9.4,73,11,312,4,16.9,19.5,22.4,22.7,19.59999999999999,21.028571428571432,22.157142857142855,6.2,16.2,0.0,0.0,7.466666666666666,3.4,1.6999999999999997
2019-11-09,25.7,12.4,17.9,0.0,10.1,67,11,313,4,17.4,16.9,19.5,22.5,17.933333333333323,20.27142857142857,21.792857142857144,1.4,6.2,16.2,0.0,7.933333333333334,3.6000000000000005,1.8
2019-11-10,25.5,12.2,18.7,0.0,9.7,66,11,314,4,17.9,17.4,16.9,21.4,17.399999999999988,19.61428571428571,21.485714285714288,0.0,1.4,6.2,1.4,2.533333333333333,3.6000000000000005,1.8
2019-11-11,24.7,13.3,18.6,0.0,7.2,70,11,315,4,18.7,17.9,17.4,21.8,17.99999999999999,19.228571428571428,21.17142857142857,0.0,0.0,1.4,0.0,0.4666666666666666,3.400000000000001,1.8
2019-11-12,25.1,14.6,19.6,0.0,5.8,73,11,316,4,18.6,18.7,17.9,22.4,18.39999999999999,18.77142857142857,20.821428571428573,0.0,0.0,0.0,0.0,0.0,3.400000000000001,1.8
2019-11-13,25.6,14.2,19.4,0.0,8.2,74,11,317,4,19.6,18.6,18.7,19.5,18.966666666666658,18.37142857142857,20.514285714285712,0.0,0.0,0.0,16.2,0.0,3.400000000000001,1.8
2019-11-14,24.2,15.6,19.2,1.5,11.7,76,11,318,4,19.4,19.6,18.6,16.9,19.19999999999999,18.357142857142858,20.2,0.0,0.0,0.0,6.2,0.0,1.085714285714286,1.8
2019-11-15,22.8,16.6,19.1,2.1,13.3,78,11,319,4,19.2,19.4,19.6,17.4,19.39999999999999,18.685714285714283,19.857142857142858,1.5,0.0,0.0,1.4,0.5,0.41428571428571476,1.907142857142857
2019-11-16,23.7,16.2,18.9,1.8,9.8,79,11,320,4,19.1,19.2,19.4,17.9,19.233333333333324,18.928571428571427,19.599999999999998,2.1,1.5,0.0,0.0,1.2,0.5142857142857148,2.057142857142857
2019-11-17,24.9,14.4,18.5,0.0,14.0,70,11,321,4,18.9,19.1,19.2,18.7,19.066666666666656,19.071428571428573,19.342857142857145,1.8,2.1,1.5,0.0,1.8,0.771428571428572,2.1857142857142855
2019-11-18,24.5,11.8,17.2,0.0,9.8,69,11,322,4,18.5,18.9,19.1,18.6,18.833333333333325,19.042857142857144,19.135714285714283,0.0,1.8,2.1,0.0,1.3,0.771428571428572,2.085714285714286
2019-11-19,23.6,10.5,16.0,0.0,11.0,74,11,323,4,17.2,18.5,18.9,19.6,18.19999999999999,18.842857142857145,18.807142857142857,0.0,0.0,1.8,0.0,0.6,0.771428571428572,2.085714285714286
2019-11-20,22.4,11.7,16.9,0.0,6.5,75,11,324,4,16.0,17.2,18.5,19.4,17.233333333333324,18.32857142857143,18.35,0.0,0.0,0.0,0.0,0.0,0.771428571428572,2.085714285714286
2019-11-21,21.7,12.4,16.6,0.0,7.9,80,11,325,4,16.9,16.0,17.2,19.2,16.69999999999999,17.97142857142857,18.164285714285715,0.0,0.0,0.0,1.5,0.0,0.771428571428572,0.9285714285714286
2019-11-22,19.6,13.3,16.3,0.0,9.6,77,11,326,4,16.6,16.9,16.0,19.1,16.49999999999999,17.599999999999998,18.142857142857142,0.0,0.0,0.0,2.1,0.0,0.5571428571428577,0.4857142857142857
2019-11-23,22.4,12.9,16.9,0.0,11.4,74,11,327,4,16.3,16.6,16.9,18.9,16.59999999999999,17.2,18.064285714285713,0.0,0.0,0.0,1.8,0.0,0.2571428571428577,0.38571428571428573
2019-11-24,22.8,12.2,16.8,0.0,8.9,77,11,328,4,16.9,16.3,16.6,18.5,16.59999999999999,16.914285714285715,17.99285714285714,0.0,0.0,0.0,0.0,0.0,0.0,0.38571428571428573
2019-11-25,23.0,11.5,16.6,0.0,8.4,77,11,329,4,16.8,16.9,16.3,17.2,16.666666666666657,16.67142857142857,17.857142857142858,0.0,0.0,0.0,0.0,0.0,0.0,0.38571428571428573
2019-11-26,22.5,12.0,17.0,0.1,14.7,70,11,330,4,16.6,16.8,16.9,16.0,16.766666666666655,16.585714285714285,17.714285714285715,0.0,0.0,0.0,0.0,0.0,0.0,0.38571428571428573
2019-11-27,19.3,14.2,16.0,5.6,15.1,84,11,331,4,17.0,16.6,16.8,16.9,16.799999999999994,16.72857142857143,17.52857142857143,0.1,0.0,0.0,0.0,0.03333333333333333,0.014285714285714794,0.3928571428571429
2019-11-28,19.4,12.6,15.7,0.5,10.8,85,11,332,4,16.0,17.0,16.6,16.6,16.533333333333328,16.6,17.285714285714285,5.6,0.1,0.0,0.0,1.8999999999999997,0.8142857142857147,0.7928571428571428
2019-11-29,20.5,9.5,14.8,0.6,9.1,80,11,333,4,15.7,16.0,17.0,16.3,16.233333333333324,16.47142857142857,17.035714285714285,0.5,5.6,0.1,0.0,2.0666666666666664,0.8857142857142861,0.7214285714285714
2019-11-30,21.9,10.5,15.3,0.0,9.4,69,11,334,4,14.8,15.7,16.0,16.9,15.499999999999991,16.257142857142856,16.728571428571428,0.6,0.5,5.6,0.0,2.233333333333333,0.9714285714285718,0.6142857142857142
2019-12-01,22.1,9.1,14.9,0.0,9.2,66,12,335,1,15.3,14.8,15.7,16.8,15.266666666666657,16.02857142857143,16.47142857142857,0.0,0.6,0.5,0.0,0.3666666666666667,0.9714285714285718,0.4857142857142857
2019-12-02,22.0,8.3,14.3,0.0,12.7,56,12,336,1,14.9,15.3,14.8,16.6,14.999999999999991,15.757142857142858,16.214285714285715,0.0,0.0,0.6,0.0,0.19999999999999998,0.9714285714285718,0.4857142857142857
2019-12-03,21.8,9.5,14.4,0.0,11.2,54,12,337,1,14.3,14.9,15.3,17.0,14.833333333333323,15.428571428571429,16.007142857142856,0.0,0.0,0.0,0.1,0.0,0.9714285714285718,0.4857142857142857
2019-12-04,21.2,6.4,12.9,0.0,9.3,77,12,338,1,14.4,14.3,14.9,16.0,14.533333333333324,15.057142857142859,15.892857142857142,0.0,0.0,0.0,5.6,0.0,0.9571428571428575,0.4857142857142857
2019-12-05,20.8,7.5,13.5,0.0,8.4,79,12,339,1,12.9,14.4,14.3,15.7,13.866666666666658,14.614285714285714,15.607142857142858,0.0,0.0,0.0,0.5,0.0,0.15714285714285767,0.4857142857142857
2019-12-06,21.6,7.2,13.6,0.0,9.5,73,12,340,1,13.5,12.9,14.4,14.8,13.599999999999989,14.299999999999999,15.385714285714286,0.0,0.0,0.0,0.6,0.0,0.08571428571428621,0.4857142857142857
2019-12-07,21.8,6.9,13.9,0.0,9.9,73,12,341,1,13.6,13.5,12.9,15.3,13.333333333333323,14.12857142857143,15.192857142857141,0.0,0.0,0.0,0.0,0.0,0.0,0.4857142857142857
2019-12-08,21.2,6.2,13.6,0.0,9.4,70,12,342,1,13.9,13.6,13.5,14.9,13.666666666666657,13.928571428571429,14.97857142857143,0.0,0.0,0.0,0.0,0.0,0.0,0.4857142857142857
2019-12-09,20.3,7.6,13.7,0.1,8.5,71,12,343,1,13.6,13.9,13.6,14.3,13.69999999999999,13.742857142857142,14.75,0.0,0.0,0.0,0.0,0.0,0.0,0.4857142857142857
2019-12-10,18.7,7.7,12.4,0.0,9.3,79,12,344,1,13.7,13.6,13.9,14.4,13.733333333333325,13.657142857142857,14.542857142857144,0.1,0.0,0.0,0.0,0.03333333333333333,0.014285714285714794,0.4928571428571429
2019-12-11,19.9,8.0,13.6,0.0,7.8,79,12,345,1,12.4,13.7,13.6,12.9,13.233333333333325,13.37142857142857,14.214285714285714,0.0,0.1,0.0,0.0,0.03333333333333333,0.014285714285714794,0.4857142857142857
2019-12-12,15.1,11.4,12.8,11.4,17.8,90,12,346,1,13.6,12.4,13.7,13.5,13.233333333333325,13.471428571428572,14.042857142857144,0.0,0.0,0.1,0.0,0.03333333333333333,0.014285714285714794,0.08571428571428572
2019-12-13,16.6,9.8,12.7,0.1,14.8,78,12,347,1,12.8,13.6,12.4,13.6,12.933333333333323,13.37142857142857,13.835714285714285,11.4,0.0,0.0,0.0,3.8000000000000003,1.6428571428571435,0.8642857142857142
2019-12-14,16.1,8.5,11.6,2.1,11.8,89,12,348,1,12.7,12.8,13.6,13.9,13.033333333333324,13.242857142857144,13.685714285714287,0.1,11.4,0.0,0.0,3.8333333333333335,1.6571428571428577,0.8285714285714285
2019-12-15,17.2,7.6,11.2,0.0,10.2,83,12,349,1,11.6,12.7,12.8,13.6,12.366666666666658,12.914285714285715,13.421428571428573,2.1,0.1,11.4,0.0,4.533333333333334,1.9571428571428575,0.9785714285714285
2019-12-16,18.6,7.0,11.4,0.0,12.0,79,12,350,1,11.2,11.6,12.7,13.7,11.833333333333323,12.571428571428571,13.157142857142857,0.0,2.1,0.1,0.1,0.7333333333333334,1.9571428571428575,0.9785714285714285
2019-12-17,18.5,5.8,10.6,0.0,11.3,73,12,351,1,11.4,11.2,11.6,12.4,11.399999999999991,12.242857142857144,12.950000000000001,0.0,0.0,2.1,0.0,0.7000000000000001,1.9428571428571435,0.9785714285714285
2019-12-18,17.0,4.2,9.8,0.0,9.2,74,12,352,1,10.6,11.4,11.2,13.6,11.066666666666656,11.985714285714284,12.678571428571429,0.0,0.0,0.0,0.0,0.0,1.9428571428571435,0.9785714285714285
2019-12-19,16.3,5.5,10.5,0.5,6.8,86,12,353,1,9.8,10.6,11.4,12.8,10.599999999999993,11.442857142857145,12.457142857142857,0.0,0.0,0.0,11.4,0.0,1.9428571428571435,0.9785714285714285
2019-12-20,15.0,7.8,11.1,9.3,8.6,92,12,354,1,10.5,9.8,10.6,12.7,10.29999999999999,11.114285714285716,12.242857142857144,0.5,0.0,0.0,0.1,0.16666666666666666,0.38571428571428623,1.0142857142857142
2019-12-21,17.5,8.7,11.8,0.0,11.5,90,12,355,1,11.1,10.5,9.8,11.6,10.466666666666656,10.885714285714286,12.064285714285715,9.3,0.5,0.0,2.1,3.266666666666667,1.7000000000000006,1.6785714285714286
2019-12-22,18.2,6.3,10.9,0.0,10.0,84,12,356,1,11.8,11.1,10.5,11.2,11.133333333333326,10.914285714285713,11.914285714285715,0.0,9.3,0.5,0.0,3.266666666666667,1.4000000000000006,1.6785714285714286
2019-12-23,17.0,4.7,9.5,0.0,10.8,85,12,357,1,10.9,11.8,11.1,11.4,11.266666666666659,10.871428571428572,11.721428571428572,0.0,0.0,9.3,0.0,3.1,1.4000000000000006,1.6785714285714286
2019-12-24,14.2,5.1,8.5,0.0,9.7,92,12,358,1,9.5,10.9,11.8,10.6,10.733333333333325,10.6,11.421428571428569,0.0,0.0,0.0,0.0,0.0,1.4000000000000006,1.6714285714285713
2019-12-25,14.3,5.2,8.0,0.0,9.9,91,12,359,1,8.5,9.5,10.9,9.8,9.633333333333324,10.299999999999999,11.142857142857142,0.0,0.0,0.0,0.0,0.0,1.4000000000000006,1.6714285714285713
2019-12-26,12.1,3.7,6.6,0.0,8.6,93,12,360,1,8.0,8.5,9.5,10.5,8.666666666666657,10.042857142857143,10.742857142857142,0.0,0.0,0.0,0.5,0.0,1.4000000000000006,1.6714285714285713
2019-12-27,11.5,1.8,5.7,0.0,7.6,92,12,361,1,6.6,8.0,8.5,11.1,7.699999999999991,9.485714285714286,10.3,0.0,0.0,0.0,9.3,0.0,1.3285714285714292,0.8571428571428571
2019-12-28,10.4,2.4,6.0,0.0,6.9,93,12,362,1,5.7,6.6,8.0,11.8,6.766666666666658,8.714285714285714,9.799999999999999,0.0,0.0,0.0,0.0,0.0,0.0,0.85
2019-12-29,11.8,3.7,7.0,0.0,6.9,86,12,363,1,6.0,5.7,6.6,10.9,6.099999999999991,7.885714285714286,9.4,0.0,0.0,0.0,0.0,0.0,0.0,0.7000000000000001
2019-12-30,11.9,2.0,5.5,0.0,8.6,92,12,364,1,7.0,6.0,5.7,9.5,6.233333333333324,7.328571428571428,9.1,0.0,0.0,0.0,0.0,0.0,0.0,0.7000000000000001
2019-12-31,12.4,2.7,6.3,0.0,9.6,90,12,365,1,5.5,7.0,6.0,8.5,6.166666666666657,6.757142857142857,8.678571428571429,0.0,0.0,0.0,0.0,0.0,0.0,0.7000000000000001
2020-01-01,14.2,2.3,7.1,0.0,8.6,88,1,1,1,6.3,5.5,7.0,8.0,6.266666666666658,6.442857142857142,8.371428571428572,0.0,0.0,0.0,0.0,0.0,0.0,0.7000000000000001
2020-01-02,17.0,4.7,9.4,0.0,8.6,85,1,2,1,7.1,6.3,5.5,6.6,6.29999999999999,6.314285714285714,8.178571428571429,0.0,0.0,0.0,0.0,0.0,0.0,0.7000000000000001
2020-01-03,18.0,4.2,10.7,0.0,9.2,75,1,3,1,9.4,7.1,6.3,5.7,7.599999999999991,6.714285714285714,8.1,0.0,0.0,0.0,0.0,0.0,0.0,0.6642857142857144
2020-01-04,16.8,6.7,10.7,0.2,10.1,79,1,4,1,10.7,9.4,7.1,6.0,9.066666666666658,7.428571428571429,8.071428571428571,0.0,0.0,0.0,0.0,0.0,0.0,0.0
2020-01-05,15.4,5.2,10.3,0.0,8.6,74,1,5,1,10.7,10.7,9.4,7.0,10.266666666666657,8.1,7.992857142857143,0.2,0.0,0.0,0.0,0.06666666666666667,0.02857142857142908,0.014285714285714287
2020-01-06,10.5,9.0,9.8,10.5,8.6,86,1,6,1,10.3,10.7,10.7,5.5,10.566666666666658,8.571428571428571,7.95,0.0,0.2,0.0,0.0,0.06666666666666667,0.02857142857142908,0.014285714285714287
2020-01-07,12.4,7.8,10.3,10.8,8.9,93,1,7,1,9.8,10.3,10.7,6.3,10.266666666666657,9.185714285714285,7.971428571428571,10.5,0.0,0.2,0.0,3.5666666666666664,1.528571428571429,0.7642857142857142
2020-01-08,14.1,6.1,8.8,0.6,9.4,86,1,8,1,10.3,9.8,10.3,7.1,10.133333333333324,9.757142857142858,8.1,10.8,10.5,0.0,0.0,7.1000000000000005,3.071428571428572,1.5357142857142858
2020-01-09,15.9,3.6,8.3,0.0,10.5,80,1,9,1,8.8,10.3,9.8,9.4,9.633333333333324,10.0,8.157142857142857,0.6,10.8,10.5,0.0,7.300000000000001,3.157142857142858,1.5785714285714287
2020-01-10,16.5,4.3,9.0,0.0,12.7,71,1,10,1,8.3,8.8,10.3,10.7,9.133333333333324,9.842857142857143,8.278571428571428,0.0,0.6,10.8,0.0,3.8000000000000003,3.157142857142858,1.5785714285714287
2020-01-11,14.9,3.5,9.0,0.0,9.2,72,1,11,1,9.0,8.3,8.8,10.7,8.69999999999999,9.6,8.514285714285714,0.0,0.0,0.6,0.2,0.19999999999999998,3.157142857142858,1.5785714285714287
2020-01-12,19.1,7.9,13.0,0.0,16.9,61,1,12,1,9.0,9.0,8.3,10.3,8.766666666666657,9.357142857142858,8.72857142857143,0.0,0.0,0.0,0.0,0.0,3.1285714285714294,1.5785714285714287
2020-01-13,12.0,7.2,9.8,22.8,20.0,89,1,13,1,13.0,9.0,9.0,9.8,10.333333333333323,9.742857142857144,9.157142857142857,0.0,0.0,0.0,10.5,0.0,3.1285714285714294,1.5785714285714287
2020-01-14,15.2,5.2,9.7,0.0,10.8,85,1,14,1,9.8,13.0,9.0,10.3,10.59999999999999,9.742857142857144,9.464285714285714,22.8,0.0,0.0,10.8,7.6000000000000005,4.885714285714286,3.2071428571428577
2020-01-15,15.9,4.4,10.2,0.0,8.6,79,1,15,1,9.7,9.8,13.0,8.8,10.833333333333323,9.657142857142857,9.707142857142857,0.0,22.8,0.0,0.6,7.6000000000000005,3.342857142857144,3.2071428571428577
2020-01-16,17.2,6.4,11.0,0.0,9.4,85,1,16,1,10.2,9.7,9.8,8.3,9.89999999999999,9.857142857142858,9.928571428571429,0.0,0.0,22.8,0.0,7.6000000000000005,3.2571428571428576,3.2071428571428577
2020-01-17,16.6,6.4,11.1,0.0,8.9,86,1,17,1,11.0,10.2,9.7,9.0,10.29999999999999,10.242857142857144,10.042857142857143,0.0,0.0,0.0,0.0,0.0,3.2571428571428576,3.2071428571428577
2020-01-18,16.6,7.1,11.3,0.2,12.8,82,1,18,1,11.1,11.0,10.2,9.0,10.766666666666657,10.542857142857143,10.071428571428571,0.0,0.0,0.0,0.0,0.0,3.2571428571428576,3.2071428571428577
2020-01-19,16.9,5.8,10.2,0.0,9.5,85,1,19,1,11.3,11.1,11.0,13.0,11.133333333333324,10.87142857142857,10.114285714285714,0.2,0.0,0.0,0.0,0.06666666666666667,3.285714285714286,3.207142857142857
2020-01-20,17.2,7.7,11.9,0.1,9.4,61,1,20,1,10.2,11.3,11.1,9.8,10.866666666666658,10.471428571428572,10.10714285714286,0.0,0.2,0.0,22.8,0.06666666666666667,3.285714285714286,3.207142857142857
2020-01-21,16.5,8.2,11.9,2.8,20.2,74,1,21,1,11.9,10.2,11.3,9.7,11.133333333333324,10.771428571428572,10.257142857142856,0.1,0.0,0.2,0.0,0.10000000000000002,0.04285714285714337,2.464285714285715
2020-01-22,17.7,7.2,11.5,0.0,15.3,66,1,22,1,11.9,11.9,10.2,10.2,11.333333333333323,11.085714285714285,10.37142857142857,2.8,0.1,0.0,0.0,0.9666666666666667,0.44285714285714334,1.8928571428571428
2020-01-23,17.6,6.0,10.9,0.0,15.1,65,1,23,1,11.5,11.9,11.9,11.0,11.766666666666657,11.27142857142857,10.564285714285715,0.0,2.8,0.1,0.0,0.9666666666666667,0.44285714285714334,1.8499999999999999
2020-01-24,19.0,6.0,11.1,0.0,11.7,58,1,24,1,10.9,11.5,11.9,11.1,11.433333333333323,11.257142857142856,10.75,0.0,0.0,2.8,0.0,0.9333333333333332,0.44285714285714334,1.8499999999999999
2020-01-25,16.5,7.7,11.6,1.1,9.4,69,1,25,1,11.1,10.9,11.5,11.3,11.166666666666657,11.257142857142856,10.9,0.0,0.0,0.0,0.2,0.0,0.44285714285714334,1.8499999999999999
2020-01-26,19.1,6.8,12.7,0.0,7.6,72,1,26,1,11.6,11.1,10.9,10.2,11.19999999999999,11.3,11.085714285714285,1.1,0.0,0.0,0.0,0.3666666666666667,0.571428571428572,1.9285714285714286
2020-01-27,18.8,6.5,11.9,1.6,12.1,77,1,27,1,12.7,11.6,11.1,11.9,11.79999999999999,11.657142857142857,11.064285714285715,0.0,1.1,0.0,0.1,0.3666666666666667,0.571428571428572,1.9285714285714286
2020-01-28,13.0,10.2,11.7,17.2,16.4,94,1,28,1,11.9,12.7,11.6,11.9,12.066666666666656,11.657142857142857,11.214285714285714,1.6,0.0,1.1,2.8,0.9,0.7857142857142863,0.41428571428571426
2020-01-29,15.3,7.6,11.5,3.9,18.4,89,1,29,1,11.7,11.9,12.7,11.5,12.099999999999989,11.62857142857143,11.357142857142858,17.2,1.6,0.0,0.0,6.266666666666667,2.842857142857143,1.6428571428571428
2020-01-30,16.2,6.5,10.2,0.0,9.6,86,1,30,1,11.5,11.7,11.9,10.9,11.69999999999999,11.62857142857143,11.450000000000001,3.9,17.2,1.6,0.0,7.566666666666666,3.4,1.9214285714285713
2020-01-31,16.9,5.3,10.6,0.0,16.1,78,1,31,1,10.2,11.5,11.7,11.1,11.133333333333324,11.528571428571428,11.392857142857142,0.0,3.9,17.2,0.0,7.033333333333332,3.4,1.9214285714285713
2020-02-01,16.8,6.0,11.5,0.0,11.6,80,2,32,1,10.6,10.2,11.5,11.6,10.766666666666657,11.457142857142857,11.357142857142858,0.0,0.0,3.9,1.1,1.3,3.4,1.9214285714285713
2020-02-02,18.2,5.5,11.3,0.0,10.4,76,2,33,1,11.5,10.6,10.2,12.7,10.766666666666657,11.442857142857141,11.37142857142857,0.0,0.0,0.0,0.0,0.0,3.242857142857143,1.907142857142857
2020-02-03,18.0,4.6,10.5,0.0,9.5,80,2,34,1,11.3,11.5,10.6,11.9,11.133333333333326,11.242857142857144,11.45,0.0,0.0,0.0,1.6,0.0,3.242857142857143,1.907142857142857
2020-02-04,15.5,5.4,9.9,1.9,11.3,84,2,35,1,10.5,11.3,11.5,11.7,11.099999999999989,11.042857142857143,11.35,0.0,0.0,0.0,17.2,0.0,3.0142857142857147,1.9
2020-02-05,17.5,6.6,10.6,0.0,12.7,77,2,36,1,9.9,10.5,11.3,11.5,10.566666666666658,10.785714285714286,11.207142857142857,1.9,0.0,0.0,3.9,0.6333333333333333,0.8285714285714291,1.8357142857142856
2020-02-06,17.4,4.1,11.2,0.0,9.0,69,2,37,1,10.6,9.9,10.5,10.2,10.333333333333323,10.657142857142857,11.142857142857142,0.0,1.9,0.0,0.0,0.6333333333333333,0.2714285714285719,1.8357142857142859
2020-02-07,18.2,5.9,11.5,0.0,10.5,78,2,38,1,11.2,10.6,9.9,10.6,10.566666666666658,10.799999999999999,11.164285714285715,0.0,0.0,1.9,0.0,0.6333333333333333,0.2714285714285719,1.8357142857142859
2020-02-08,18.2,5.4,11.8,0.0,10.0,72,2,39,1,11.5,11.2,10.6,11.5,11.099999999999989,10.928571428571429,11.192857142857141,0.0,0.0,0.0,0.0,0.0,0.2714285714285719,1.8357142857142859
2020-02-09,20.0,6.0,13.7,0.0,6.9,69,2,40,1,11.8,11.5,11.2,11.3,11.499999999999991,10.971428571428572,11.207142857142857,0.0,0.0,0.0,0.0,0.0,0.2714285714285719,1.7571428571428573
2020-02-10,20.5,5.6,13.0,0.0,9.5,70,2,41,1,13.7,11.8,11.5,10.5,12.333333333333323,11.314285714285715,11.278571428571427,0.0,0.0,0.0,0.0,0.0,0.2714285714285719,1.7571428571428573
2020-02-11,20.5,7.1,13.8,0.0,11.8,70,2,42,1,13.0,13.7,11.8,9.9,12.833333333333323,11.671428571428573,11.357142857142858,0.0,0.0,0.0,1.9,0.0,0.2714285714285719,1.6428571428571428
2020-02-12,20.3,9.6,14.9,0.0,16.1,70,2,43,1,13.8,13.0,13.7,10.6,13.499999999999991,12.228571428571428,11.507142857142856,0.0,0.0,0.0,0.0,0.0,0.0,0.41428571428571426
2020-02-13,23.4,12.4,17.1,0.6,17.5,65,2,44,1,14.9,13.8,13.0,11.2,13.899999999999991,12.842857142857143,11.75,0.0,0.0,0.0,0.0,0.0,0.0,0.1357142857142857
2020-02-14,23.0,11.5,15.9,0.0,18.4,63,2,45,1,17.1,14.9,13.8,11.5,15.266666666666659,13.685714285714287,12.242857142857144,0.6,0.0,0.0,0.0,0.19999999999999998,0.08571428571428621,0.17857142857142858
2020-02-15,25.4,10.3,16.0,0.0,14.3,43,2,46,1,15.9,17.1,14.9,11.8,15.96666666666666,14.314285714285715,12.621428571428572,0.0,0.6,0.0,0.0,0.19999999999999998,0.08571428571428621,0.17857142857142858
2020-02-16,24.1,8.1,15.4,0.0,10.5,60,2,47,1,16.0,15.9,17.1,13.7,16.333333333333325,14.914285714285715,12.942857142857141,0.0,0.0,0.6,0.0,0.19999999999999998,0.08571428571428621,0.17857142857142858
2020-02-17,24.4,7.8,14.9,0.0,13.0,53,2,48,1,15.4,16.0,15.9,13.0,15.766666666666659,15.157142857142858,13.235714285714286,0.0,0.0,0.0,0.0,0.0,0.08571428571428621,0.17857142857142858
2020-02-18,25.3,9.5,16.2,0.0,12.3,46,2,49,1,14.9,15.4,16.0,13.8,15.433333333333325,15.428571428571429,13.55,0.0,0.0,0.0,0.0,0.0,0.08571428571428621,0.17857142857142858
2020-02-19,23.2,9.8,16.0,0.0,25.5,65,2,50,1,16.2,14.9,15.4,14.9,15.499999999999993,15.771428571428572,14.0,0.0,0.0,0.0,0.0,0.0,0.08571428571428621,0.04285714285714286
2020-02-20,18.2,13.2,15.2,21.9,26.6,84,2,51,1,16.0,16.2,14.9,17.1,15.699999999999994,15.928571428571429,14.385714285714286,0.0,0.0,0.0,0.6,0.0,0.08571428571428621,0.04285714285714286
2020-02-21,21.5,12.4,16.2,0.4,15.1,77,2,52,1,15.2,16.0,16.2,15.9,15.799999999999992,15.657142857142858,14.671428571428569,21.9,0.0,0.0,0.0,7.3,3.128571428571429,1.6071428571428572
2020-02-22,22.7,9.8,15.5,0.0,10.3,81,2,53,1,16.2,15.2,16.0,16.0,15.799999999999992,15.700000000000001,15.007142857142856,0.4,21.9,0.0,0.0,7.433333333333333,3.185714285714286,1.6357142857142857
2020-02-23,23.9,11.0,16.9,0.0,9.4,73,2,54,1,15.5,16.2,15.2,15.4,15.633333333333326,15.62857142857143,15.271428571428572,0.0,0.4,21.9,0.0,7.433333333333333,3.185714285714286,1.6357142857142857
2020-02-24,24.2,10.6,16.7,0.0,10.9,70,2,55,1,16.9,15.5,16.2,14.9,16.199999999999992,15.842857142857142,15.5,0.0,0.0,0.4,0.0,0.13333333333333333,3.185714285714286,1.6357142857142857
2020-02-25,25.2,10.8,17.3,0.0,11.9,68,2,56,1,16.7,16.9,15.5,16.2,16.366666666666656,16.1,15.764285714285716,0.0,0.0,0.0,0.0,0.0,3.185714285714286,1.6357142857142857
2020-02-26,25.7,10.9,17.6,0.0,10.4,71,2,57,1,17.3,16.7,16.9,16.0,16.966666666666658,16.257142857142856,16.014285714285712,0.0,0.0,0.0,0.0,0.0,3.185714285714286,1.6357142857142857
2020-02-27,25.6,14.5,19.1,0.0,10.4,79,2,58,1,17.6,17.3,16.7,15.2,17.199999999999992,16.485714285714288,16.20714285714286,0.0,0.0,0.0,21.9,0.0,3.185714285714286,1.6357142857142857
2020-02-28,22.6,15.1,18.2,0.8,18.5,80,2,59,1,19.1,17.6,17.3,16.2,17.999999999999996,17.04285714285714,16.35,0.0,0.0,0.0,0.4,0.0,0.057142857142857655,1.5928571428571427
2020-02-29,20.6,14.0,16.6,34.0,21.1,86,2,60,1,18.2,19.1,17.6,15.5,18.299999999999994,17.32857142857143,16.514285714285712,0.8,0.0,0.0,0.0,0.26666666666666666,0.1142857142857148,1.65
2020-03-01,22.9,12.8,17.1,1.1,12.6,80,3,61,2,16.6,18.2,19.1,16.9,17.96666666666666,17.485714285714288,16.557142857142857,34.0,0.8,0.0,0.0,11.6,4.971428571428572,4.078571428571428
2020-03-02,24.0,11.5,18.0,0.0,8.2,71,3,62,2,17.1,16.6,18.2,16.7,17.299999999999994,17.514285714285716,16.678571428571427,1.1,34.0,0.8,0.0,11.966666666666667,5.128571428571429,4.157142857142857
2020-03-03,24.6,11.6,17.7,0.0,12.1,71,3,63,2,18.0,17.1,16.6,17.3,17.233333333333327,17.7,16.9,0.0,1.1,34.0,0.0,11.700000000000001,5.128571428571429,4.157142857142857
2020-03-04,24.3,13.3,18.4,0.0,14.0,69,3,64,2,17.7,18.0,17.1,17.6,17.599999999999994,17.75714285714286,17.007142857142856,0.0,0.0,1.1,0.0,0.3666666666666667,5.128571428571429,4.157142857142857
2020-03-05,18.1,13.7,15.2,22.6,23.5,88,3,65,2,18.4,17.7,18.0,19.1,18.033333333333328,17.871428571428574,17.178571428571427,0.0,0.0,0.0,0.0,0.0,5.128571428571429,4.157142857142857
2020-03-06,17.2,12.7,14.2,14.1,27.9,90,3,66,2,15.2,18.4,17.7,18.2,17.09999999999999,17.314285714285713,17.178571428571427,22.6,0.0,0.0,0.8,7.533333333333334,8.357142857142858,4.207142857142857
2020-03-07,18.0,11.7,14.2,1.7,18.1,87,3,67,2,14.2,15.2,18.4,16.6,15.933333333333328,16.74285714285714,17.035714285714285,14.1,22.6,0.0,34.0,12.233333333333334,10.257142857142858,5.185714285714285
2020-03-08,21.2,11.5,15.4,0.8,16.3,78,3,68,2,14.2,14.2,15.2,17.1,14.533333333333326,16.4,16.942857142857143,1.7,14.1,22.6,1.1,12.799999999999999,5.642857142857144,5.307142857142857
2020-03-09,21.9,10.9,15.1,0.0,17.7,68,3,69,2,15.4,14.2,14.2,18.0,14.599999999999993,16.157142857142855,16.835714285714285,0.8,1.7,14.1,0.0,5.533333333333334,5.600000000000001,5.364285714285714
2020-03-10,22.5,8.4,15.7,0.0,9.8,67,3,70,2,15.1,15.4,14.2,17.7,14.899999999999991,15.742857142857142,16.72142857142857,0.0,0.8,1.7,0.0,0.8333333333333334,5.600000000000001,5.364285714285714
2020-03-11,21.3,11.3,15.2,16.4,19.1,80,3,71,2,15.7,15.1,15.4,18.4,15.399999999999991,15.457142857142857,16.607142857142858,0.0,0.0,0.8,0.0,0.26666666666666666,5.600000000000001,5.364285714285714
2020-03-12,22.1,13.0,16.1,21.9,30.6,82,3,72,2,15.2,15.7,15.1,15.2,15.333333333333327,15.0,16.435714285714287,16.4,0.0,0.0,22.6,5.466666666666666,7.942857142857144,6.535714285714286
2020-03-13,20.8,12.2,14.8,12.1,25.3,82,3,73,2,16.1,15.2,15.7,14.2,15.666666666666659,15.128571428571428,16.22142857142857,21.9,16.4,0.0,14.1,12.766666666666666,7.842857142857143,8.1
2020-03-14,19.4,11.9,14.8,3.2,12.7,84,3,74,2,14.8,16.1,15.2,14.2,15.36666666666666,15.214285714285714,15.97857142857143,12.1,21.9,16.4,1.7,16.8,7.557142857142858,8.907142857142857
2020-03-15,21.4,9.5,15.2,0.2,10.0,81,3,75,2,14.8,14.8,16.1,15.4,15.233333333333327,15.3,15.849999999999998,3.2,12.1,21.9,0.8,12.399999999999999,7.771428571428572,6.707142857142856
2020-03-16,23.2,11.9,17.1,0.0,10.8,76,3,76,2,15.2,14.8,14.8,15.1,14.933333333333328,15.271428571428572,15.714285714285714,0.2,3.2,12.1,0.0,5.166666666666667,7.685714285714286,6.6428571428571415
2020-03-17,25.5,13.0,18.7,0.0,10.1,72,3,77,2,17.1,15.2,14.8,15.7,15.699999999999994,15.557142857142859,15.65,0.0,0.2,3.2,0.0,1.1333333333333335,7.685714285714286,6.6428571428571415
2020-03-18,24.8,15.3,19.7,1.0,9.7,73,3,78,2,18.7,17.1,15.2,15.2,16.999999999999996,15.985714285714286,15.721428571428572,0.0,0.0,0.2,16.4,0.06666666666666667,7.685714285714286,6.6428571428571415
2020-03-19,25.3,13.4,19.1,0.0,12.9,76,3,79,2,19.7,18.7,17.1,16.1,18.499999999999993,16.62857142857143,15.814285714285715,1.0,0.0,0.0,21.9,0.3333333333333333,5.485714285714287,6.7142857142857135
2020-03-20,26.5,12.9,18.9,4.2,14.8,78,3,80,2,19.1,19.7,18.7,14.8,19.16666666666666,17.057142857142857,16.092857142857145,0.0,1.0,0.0,12.1,0.3333333333333333,2.357142857142858,5.099999999999999
2020-03-21,24.0,16.4,19.6,0.5,18.1,71,3,81,2,18.9,19.1,19.7,14.8,19.233333333333327,17.642857142857142,16.428571428571427,4.2,0.0,1.0,3.2,1.7333333333333334,1.2285714285714298,4.392857142857142
2020-03-22,26.1,14.0,19.7,0.0,11.7,63,3,82,2,19.6,18.9,19.1,15.2,19.199999999999992,18.32857142857143,16.814285714285713,0.5,4.2,0.0,0.2,1.5666666666666667,0.842857142857144,4.307142857142857
2020-03-23,27.2,14.1,20.5,0.0,9.0,67,3,83,2,19.7,19.6,18.9,17.1,19.39999999999999,18.97142857142857,17.12142857142857,0.0,0.5,4.2,0.0,1.5666666666666667,0.8142857142857153,4.249999999999999
2020-03-24,22.3,15.5,18.9,9.9,19.2,83,3,84,2,20.5,19.7,19.6,18.7,19.933333333333326,19.457142857142856,17.507142857142856,0.0,0.0,0.5,0.0,0.16666666666666666,0.8142857142857153,4.249999999999999
2020-03-25,26.2,14.6,19.5,0.0,10.7,76,3,85,2,18.9,20.5,19.7,19.7,19.699999999999992,19.485714285714288,17.735714285714284,9.9,0.0,0.0,1.0,3.3000000000000003,2.22857142857143,4.957142857142856
2020-03-26,25.9,15.0,20.5,0.0,14.2,67,3,86,2,19.5,18.9,20.5,19.1,19.633333333333326,19.45714285714286,18.04285714285714,0.0,9.9,0.0,0.0,3.3000000000000003,2.0857142857142867,3.785714285714285
2020-03-27,19.2,16.2,17.7,38.1,31.6,92,3,87,2,20.5,19.5,18.9,18.9,19.633333333333326,19.657142857142855,18.357142857142858,0.0,0.0,9.9,4.2,3.3000000000000003,2.0857142857142867,2.221428571428571
2020-03-28,23.2,14.2,18.2,0.6,17.1,81,3,88,2,17.7,20.5,19.5,19.6,19.233333333333327,19.485714285714284,18.564285714285713,38.1,0.0,0.0,0.5,12.700000000000001,6.92857142857143,4.078571428571428
2020-03-29,25.2,13.4,18.7,0.0,13.2,70,3,89,2,18.2,17.7,20.5,19.7,18.799999999999994,19.285714285714285,18.807142857142857,0.6,38.1,0.0,0.0,12.9,6.942857142857144,3.892857142857143
2020-03-30,25.4,13.5,19.1,0.0,16.0,70,3,90,2,18.7,18.2,17.7,20.5,18.199999999999992,19.142857142857142,19.057142857142857,0.0,0.6,38.1,0.0,12.9,6.942857142857144,3.8785714285714286
2020-03-31,25.5,15.1,18.8,3.2,22.9,76,3,91,2,19.1,18.7,18.2,18.9,18.66666666666666,18.942857142857143,19.2,0.0,0.0,0.6,9.9,0.19999999999999998,6.942857142857144,3.8785714285714286
2020-04-01,26.4,13.9,19.8,0.0,20.5,69,4,92,2,18.8,19.1,18.7,19.5,18.86666666666666,18.928571428571427,19.20714285714286,3.2,0.0,0.0,0.0,1.0666666666666667,5.985714285714287,4.107142857142857
2020-04-02,25.7,13.7,19.2,0.0,13.7,65,4,93,2,19.8,18.8,19.1,20.5,19.233333333333327,18.97142857142857,19.214285714285715,0.0,3.2,0.0,0.0,1.0666666666666667,5.985714285714287,4.035714285714286
2020-04-03,26.8,12.9,19.5,0.0,14.4,66,4,94,2,19.2,19.8,18.8,17.7,19.266666666666662,18.785714285714285,19.22142857142857,0.0,0.0,3.2,38.1,1.0666666666666667,5.985714285714287,4.035714285714286
2020-04-04,28.0,13.4,21.4,0.0,9.8,63,4,95,2,19.5,19.2,19.8,18.2,19.499999999999996,19.042857142857144,19.264285714285712,0.0,0.0,0.0,0.6,0.0,0.5428571428571439,3.735714285714285
2020-04-05,27.0,15.4,21.2,3.2,17.0,67,4,96,2,21.4,19.5,19.2,18.7,20.033333333333328,19.5,19.392857142857142,0.0,0.0,0.0,0.0,0.0,0.4571428571428582,3.6999999999999993
2020-04-06,27.8,15.2,21.2,0.0,14.1,65,4,97,2,21.2,21.4,19.5,19.1,20.699999999999992,19.857142857142858,19.5,3.2,0.0,0.0,0.0,1.0666666666666667,0.9142857142857154,3.928571428571428
2020-04-07,25.2,15.8,19.7,0.7,18.7,72,4,98,2,21.2,21.2,21.4,18.8,21.266666666666662,20.157142857142855,19.55,0.0,3.2,0.0,3.2,1.0666666666666667,0.9142857142857154,3.928571428571428
2020-04-08,27.5,14.4,20.6,0.0,10.4,66,4,99,2,19.7,21.2,21.2,19.8,20.699999999999992,20.285714285714285,19.607142857142858,0.7,0.0,3.2,0.0,1.3,0.5571428571428582,3.2714285714285714
2020-04-09,30.3,15.4,22.8,0.0,9.6,58,4,100,2,20.6,19.7,21.2,19.2,20.499999999999993,20.4,19.685714285714287,0.0,0.7,0.0,0.0,0.2333333333333333,0.5571428571428582,3.2714285714285714
2020-04-10,29.8,18.4,23.8,0.0,16.9,58,4,101,2,22.8,20.6,19.7,19.5,21.033333333333328,20.914285714285715,19.849999999999998,0.0,0.0,0.7,0.0,0.2333333333333333,0.5571428571428582,3.2714285714285714
2020-04-11,31.6,17.0,24.3,0.0,10.6,57,4,102,2,23.8,22.8,20.6,21.4,22.399999999999995,21.52857142857143,20.285714285714285,0.0,0.0,0.0,0.0,0.0,0.5571428571428582,0.5499999999999995
2020-04-12,33.2,19.0,25.7,0.0,11.0,51,4,103,2,24.3,23.8,22.8,21.2,23.633333333333326,21.942857142857143,20.72142857142857,0.0,0.0,0.0,3.2,0.0,0.5571428571428582,0.5071428571428567
2020-04-13,33.8,18.9,26.5,0.0,11.5,58,4,104,2,25.7,24.3,23.8,21.2,24.599999999999994,22.58571428571429,21.221428571428568,0.0,0.0,0.0,0.0,0.0,0.100000000000001,0.5071428571428567
2020-04-14,34.3,20.2,27.1,0.0,14.5,60,4,105,2,26.5,25.7,24.3,19.7,25.49999999999999,23.342857142857138,21.75,0.0,0.0,0.0,0.7,0.0,0.100000000000001,0.5071428571428567
2020-04-15,34.0,22.3,27.7,0.0,23.2,46,4,106,2,27.1,26.5,25.7,20.6,26.433333333333326,24.400000000000002,22.342857142857145,0.0,0.0,0.0,0.0,0.0,0.0,0.2785714285714281
2020-04-16,33.4,20.0,26.8,0.0,11.0,51,4,107,2,27.7,27.1,26.5,22.8,27.099999999999994,25.414285714285715,22.907142857142855,0.0,0.0,0.0,0.0,0.0,0.0,0.2785714285714281
2020-04-17,25.0,18.8,22.5,9.6,17.7,66,4,108,2,26.8,27.7,27.1,23.8,27.199999999999992,25.985714285714288,23.45,0.0,0.0,0.0,0.0,0.0,0.0,0.2785714285714281
2020-04-18,27.2,16.5,21.0,11.0,19.2,75,4,109,2,22.5,26.8,27.7,24.3,25.666666666666657,25.800000000000004,23.664285714285715,9.6,0.0,0.0,0.0,3.1999999999999997,1.3714285714285723,0.9642857142857137
2020-04-19,29.1,16.8,22.6,0.2,18.8,63,4,110,2,21.0,22.5,26.8,25.7,23.433333333333326,25.32857142857143,23.63571428571429,11.0,9.6,0.0,0.0,6.866666666666667,2.942857142857144,1.7499999999999996
2020-04-20,29.9,17.1,23.0,0.0,18.8,62,4,111,2,22.6,21.0,22.5,26.5,22.033333333333328,24.88571428571429,23.735714285714284,0.2,11.0,9.6,0.0,6.933333333333334,2.9714285714285724,1.5357142857142851
2020-04-21,29.4,16.5,22.5,1.3,19.7,64,4,112,2,23.0,22.6,21.0,27.1,22.199999999999992,24.385714285714283,23.864285714285717,0.0,0.2,11.0,0.0,3.733333333333333,2.9714285714285724,1.5357142857142851
2020-04-22,30.9,17.2,24.2,0.0,8.1,58,4,113,2,22.5,23.0,22.6,27.7,22.699999999999992,23.728571428571428,24.064285714285713,1.3,0.0,0.2,0.0,0.5,3.1571428571428584,1.578571428571428
2020-04-23,33.1,18.0,25.6,0.0,10.3,54,4,114,2,24.2,22.5,23.0,26.8,23.233333333333324,23.228571428571428,24.321428571428573,0.0,1.3,0.0,0.0,0.43333333333333335,3.1571428571428584,1.578571428571428
2020-04-24,33.7,18.8,26.7,0.0,9.1,50,4,115,2,25.6,24.2,22.5,22.5,24.099999999999994,23.057142857142857,24.521428571428572,0.0,0.0,1.3,9.6,0.43333333333333335,3.1571428571428584,1.578571428571428
2020-04-25,33.1,20.0,26.7,0.0,12.3,51,4,116,2,26.7,25.6,24.2,21.0,25.49999999999999,23.657142857142855,24.72857142857143,0.0,0.0,0.0,11.0,0.0,1.7857142857142867,1.578571428571428
2020-04-26,30.4,20.5,25.3,2.1,18.9,62,4,117,2,26.7,26.7,25.6,22.6,26.333333333333325,24.471428571428568,24.900000000000002,0.0,0.0,0.0,0.2,0.0,0.2142857142857153,1.578571428571428
2020-04-27,29.6,20.4,24.6,0.1,24.8,63,4,118,2,25.3,26.7,26.7,23.0,26.23333333333333,24.857142857142858,24.871428571428574,2.1,0.0,0.0,0.0,0.7000000000000001,0.48571428571428676,1.7285714285714282
2020-04-28,30.4,19.1,25.0,1.6,9.7,62,4,119,2,24.6,25.3,26.7,22.5,25.533333333333328,25.085714285714285,24.735714285714288,0.1,2.1,0.0,1.3,0.7333333333333334,0.500000000000001,1.7357142857142853
2020-04-29,34.0,20.9,27.7,0.0,9.4,53,4,120,2,25.0,24.6,25.3,24.2,24.966666666666658,25.442857142857143,24.585714285714285,1.6,0.1,2.1,0.0,1.2666666666666668,0.5428571428571439,1.8499999999999996
2020-04-30,35.5,22.6,28.8,0.0,13.0,46,4,121,2,27.7,25.0,24.6,25.6,25.766666666666662,25.942857142857147,24.585714285714285,0.0,1.6,0.1,0.0,0.5666666666666668,0.5428571428571438,1.8499999999999996
2020-05-01,38.3,21.0,29.6,0.0,10.5,44,5,122,2,28.8,27.7,25.0,26.7,27.166666666666657,26.4,24.728571428571428,0.0,0.0,1.6,0.0,0.5333333333333333,0.5428571428571438,1.8499999999999996
2020-05-02,35.8,23.5,28.6,0.8,20.2,52,5,123,2,29.6,28.8,27.7,26.7,28.699999999999992,26.814285714285713,25.235714285714288,0.0,0.0,0.0,0.0,0.0,0.5428571428571438,1.164285714285714
2020-05-03,30.2,20.5,25.0,6.4,31.1,66,5,124,2,28.6,29.6,28.8,25.3,28.99999999999999,27.08571428571429,25.77857142857143,0.8,0.0,0.0,2.1,0.26666666666666666,0.6571428571428581,0.4357142857142852
2020-05-04,32.5,19.7,26.2,0.0,14.2,60,5,125,2,25.0,28.6,29.6,24.6,27.73333333333333,27.042857142857144,25.949999999999996,6.4,0.8,0.0,0.1,2.4,1.2714285714285725,0.8785714285714281
2020-05-05,32.8,21.8,26.6,0.8,18.1,53,5,126,2,26.2,25.0,28.6,25.0,26.599999999999994,27.271428571428572,26.178571428571427,0.0,6.4,0.8,1.6,2.4,1.2571428571428582,0.8785714285714281
2020-05-06,33.5,19.4,25.9,0.1,19.6,48,5,127,2,26.6,26.2,25.0,27.7,25.933333333333326,27.5,26.471428571428568,0.8,0.0,6.4,0.0,2.4,1.142857142857144,0.8428571428571424
2020-05-07,34.5,18.4,26.9,0.0,11.3,45,5,128,2,25.9,26.6,26.2,28.8,26.233333333333324,27.24285714285714,26.592857142857145,0.1,0.8,0.0,0.0,0.3,1.1571428571428581,0.8499999999999995
2020-05-08,36.8,20.9,29.1,0.0,12.9,43,5,129,2,26.9,25.9,26.6,29.6,26.466666666666658,26.97142857142857,26.685714285714287,0.0,0.1,0.8,0.0,0.3,1.1571428571428581,0.8499999999999996
2020-05-09,37.0,23.3,29.9,0.0,23.1,41,5,130,2,29.1,26.9,25.9,28.6,27.299999999999994,26.9,26.857142857142858,0.0,0.0,0.1,0.8,0.03333333333333333,1.1571428571428581,0.8499999999999996
2020-05-10,36.7,23.2,29.5,0.0,20.2,40,5,131,2,29.9,29.1,26.9,25.0,28.633333333333326,27.085714285714285,27.085714285714285,0.0,0.0,0.0,6.4,0.0,1.042857142857144,0.8499999999999996
2020-05-11,35.1,23.4,28.7,0.3,17.6,48,5,132,2,29.5,29.9,29.1,26.2,29.499999999999996,27.728571428571428,27.385714285714283,0.0,0.0,0.0,0.0,0.0,0.12857142857142959,0.6999999999999995
2020-05-12,35.6,22.4,29.5,0.0,11.9,44,5,133,2,28.7,29.5,29.9,26.6,29.366666666666656,28.085714285714285,27.678571428571427,0.3,0.0,0.0,0.8,0.09999999999999999,0.17142857142857246,0.7142857142857137
2020-05-13,33.3,24.6,29.1,0.6,12.9,49,5,134,2,29.5,28.7,29.5,25.9,29.23333333333333,28.5,28.0,0.0,0.3,0.0,0.1,0.09999999999999999,0.05714285714285816,0.5999999999999995
2020-05-14,30.7,22.3,26.1,0.3,18.6,61,5,135,2,29.1,29.5,28.7,26.9,29.099999999999994,28.957142857142856,28.1,0.6,0.0,0.3,0.0,0.3,0.12857142857142959,0.6428571428571425
2020-05-15,35.1,20.4,27.6,0.0,16.1,50,5,136,2,26.1,29.1,29.5,29.1,28.23333333333333,28.842857142857145,27.907142857142855,0.3,0.6,0.0,0.0,0.3,0.17142857142857243,0.6642857142857138
2020-05-16,36.3,20.9,28.7,0.0,16.2,45,5,137,2,27.6,26.1,29.1,29.9,27.599999999999994,28.62857142857143,27.764285714285712,0.0,0.3,0.6,0.0,0.3,0.17142857142857243,0.6642857142857138
2020-05-17,37.1,22.0,29.6,0.0,18.2,38,5,138,2,28.7,27.6,26.1,29.5,27.466666666666658,28.457142857142856,27.771428571428572,0.0,0.0,0.3,0.0,0.10000000000000003,0.17142857142857243,0.6071428571428567
2020-05-18,36.3,22.4,29.1,0.0,14.0,33,5,139,2,29.6,28.7,27.6,28.7,28.633333333333326,28.47142857142857,28.1,0.0,0.0,0.0,0.3,0.0,0.17142857142857243,0.1499999999999995
2020-05-19,34.6,20.1,27.5,0.0,13.6,37,5,140,2,29.1,29.6,28.7,29.5,29.133333333333326,28.528571428571432,28.307142857142853,0.0,0.0,0.0,0.0,0.0,0.12857142857142959,0.1499999999999995
2020-05-20,37.9,21.1,29.8,0.0,15.3,33,5,141,2,27.5,29.1,29.6,29.1,28.733333333333324,28.242857142857144,28.37142857142857,0.0,0.0,0.0,0.6,0.0,0.12857142857142959,0.09285714285714235
2020-05-21,40.7,22.0,31.7,0.0,17.8,29,5,142,2,29.8,27.5,29.1,26.1,28.799999999999994,28.34285714285715,28.65,0.0,0.0,0.0,0.3,0.0,0.04285714285714387,0.0857142857142852
2020-05-22,41.4,22.5,32.3,0.0,18.1,32,5,143,2,31.7,29.8,27.5,27.6,29.666666666666657,29.142857142857142,28.99285714285714,0.0,0.0,0.0,0.0,0.0,0.0,0.0857142857142852
2020-05-23,41.9,25.2,33.0,0.0,22.7,29,5,144,2,32.3,31.7,29.8,28.7,31.266666666666655,29.814285714285713,29.221428571428568,0.0,0.0,0.0,0.0,0.0,0.0,0.0857142857142852
2020-05-24,40.4,25.2,33.1,0.0,17.3,31,5,145,2,33.0,32.3,31.7,29.6,32.33333333333332,30.428571428571427,29.442857142857143,0.0,0.0,0.0,0.0,0.0,0.0,0.0857142857142852
2020-05-25,42.4,25.5,34.1,0.0,16.3,31,5,146,2,33.1,33.0,32.3,29.1,32.79999999999999,30.928571428571427,29.7,0.0,0.0,0.0,0.0,0.0,0.0,0.0857142857142852
2020-05-26,42.3,25.3,33.8,0.0,17.2,31,5,147,2,34.1,33.1,33.0,27.5,33.39999999999999,31.642857142857142,30.08571428571429,0.0,0.0,0.0,0.0,0.0,0.0,0.06428571428571377
2020-05-27,42.1,25.5,33.7,0.0,30.1,32,5,148,2,33.8,34.1,33.1,29.8,33.66666666666666,32.542857142857144,30.392857142857142,0.0,0.0,0.0,0.0,0.0,0.0,0.06428571428571377
2020-05-28,38.8,26.8,32.4,0.1,21.6,35,5,149,2,33.7,33.8,34.1,31.7,33.86666666666666,33.1,30.72142857142857,0.0,0.0,0.0,0.0,0.0,0.0,0.02142857142857092
2020-05-29,33.9,26.1,30.3,0.7,25.8,48,5,150,2,32.4,33.7,33.8,32.3,33.29999999999999,33.2,31.171428571428574,0.1,0.0,0.0,0.0,0.033333333333333375,0.014285714285715302,0.007142857142856636
2020-05-30,31.6,22.7,26.8,14.9,20.1,68,5,151,2,30.3,32.4,33.7,33.0,32.133333333333326,32.91428571428572,31.364285714285717,0.7,0.1,0.0,0.0,0.26666666666666666,0.1142857142857153,0.05714285714285663
2020-05-31,29.8,21.6,25.5,6.6,18.2,71,5,152,2,26.8,30.3,32.4,33.1,29.833333333333325,32.028571428571425,31.22857142857143,14.9,0.7,0.1,0.0,5.233333333333333,2.242857142857144,1.121428571428571
2020-06-01,30.4,21.5,25.6,2.1,11.8,69,6,153,3,25.5,26.8,30.3,34.1,27.53333333333332,30.942857142857143,30.935714285714287,6.6,14.9,0.7,0.0,7.400000000000001,3.185714285714287,1.5928571428571423
2020-06-02,31.9,21.7,27.2,0.2,10.3,63,6,154,3,25.6,25.5,26.8,33.8,25.966666666666658,29.728571428571428,30.685714285714287,2.1,6.6,14.9,0.0,7.866666666666667,3.485714285714287,1.7428571428571424
2020-06-03,33.7,23.0,28.1,0.0,13.5,59,6,155,3,27.2,25.6,25.5,33.7,26.09999999999999,28.78571428571429,30.664285714285715,0.2,2.1,6.6,0.0,2.966666666666667,3.5142857142857156,1.7571428571428567
2020-06-04,34.0,22.9,28.6,0.0,10.9,54,6,156,3,28.1,27.2,25.6,32.4,26.966666666666658,27.985714285714288,30.542857142857144,0.0,0.2,2.1,0.1,0.7666666666666667,3.5142857142857156,1.7571428571428567
2020-06-05,34.3,24.0,29.3,0.0,12.4,52,6,157,3,28.6,28.1,27.2,30.3,27.966666666666658,27.442857142857143,30.321428571428577,0.0,0.0,0.2,0.7,0.06666666666666667,3.500000000000001,1.7571428571428567
2020-06-06,31.0,22.4,26.0,2.6,22.8,68,6,158,3,29.3,28.6,28.1,26.8,28.666666666666657,27.300000000000004,30.107142857142858,0.0,0.0,0.0,14.9,0.0,3.4000000000000012,1.7571428571428567
2020-06-07,33.7,22.7,27.8,1.4,8.3,64,6,159,3,26.0,29.3,28.6,25.5,27.966666666666658,27.185714285714287,29.607142857142858,2.6,0.0,0.0,6.6,0.8666666666666667,1.642857142857144,1.9428571428571426
2020-06-08,36.5,24.5,30.5,0.0,9.8,57,6,160,3,27.8,26.0,29.3,25.6,27.69999999999999,27.514285714285712,29.228571428571428,1.4,2.6,0.0,2.1,1.3333333333333333,0.9000000000000011,2.0428571428571423
2020-06-09,37.0,26.5,31.3,0.0,7.8,56,6,161,3,30.5,27.8,26.0,27.2,28.09999999999999,28.214285714285715,28.97142857142857,0.0,1.4,2.6,0.2,1.3333333333333333,0.6000000000000012,2.0428571428571423
2020-06-10,37.0,27.1,31.4,0.7,12.0,58,6,162,3,31.3,30.5,27.8,28.1,29.866666666666656,28.8,28.792857142857144,0.0,0.0,1.4,0.0,0.4666666666666666,0.5714285714285724,2.0428571428571423
2020-06-11,36.6,26.5,31.7,0.0,11.1,57,6,163,3,31.4,31.3,30.5,28.6,31.06666666666666,29.271428571428572,28.628571428571426,0.7,0.0,0.0,0.0,0.2333333333333333,0.6714285714285725,2.0928571428571425
2020-06-12,37.8,26.1,32.1,0.0,16.5,52,6,164,3,31.7,31.4,31.3,29.3,31.466666666666658,29.714285714285715,28.57857142857143,0.0,0.7,0.0,0.0,0.2333333333333333,0.6714285714285725,2.085714285714285
2020-06-13,36.4,27.0,31.2,0.0,22.8,47,6,165,3,32.1,31.7,31.4,26.0,31.73333333333332,30.114285714285717,28.707142857142856,0.0,0.0,0.7,2.6,0.2333333333333333,0.6714285714285725,2.035714285714285
2020-06-14,38.8,26.8,32.6,0.0,11.8,44,6,166,3,31.2,32.1,31.7,27.8,31.666666666666657,30.857142857142858,29.021428571428572,0.0,0.0,0.0,1.4,0.0,0.300000000000001,0.9714285714285709
2020-06-15,40.2,25.9,33.0,0.0,12.4,40,6,167,3,32.6,31.2,32.1,30.5,31.966666666666654,31.542857142857144,29.52857142857143,0.0,0.0,0.0,0.0,0.0,0.100000000000001,0.4999999999999995
2020-06-16,41.1,25.8,33.5,0.0,10.9,38,6,168,3,33.0,32.6,31.2,31.3,32.26666666666666,31.900000000000002,30.057142857142857,0.0,0.0,0.0,0.0,0.0,0.100000000000001,0.34999999999999953
2020-06-17,41.3,25.9,33.6,0.0,12.1,41,6,169,3,33.5,33.0,32.6,31.4,33.033333333333324,32.214285714285715,30.50714285714286,0.0,0.0,0.0,0.7,0.0,0.100000000000001,0.33571428571428524
2020-06-18,41.0,27.5,34.0,0.0,12.6,43,6,170,3,33.6,33.5,33.0,31.7,33.36666666666665,32.528571428571425,30.900000000000002,0.0,0.0,0.0,0.0,0.0,0.0,0.33571428571428524
2020-06-19,40.9,27.3,33.9,0.0,15.5,45,6,171,3,34.0,33.6,33.5,32.1,33.69999999999999,32.857142857142854,31.285714285714285,0.0,0.0,0.0,0.0,0.0,0.0,0.33571428571428524
2020-06-20,39.1,28.1,33.4,0.0,18.2,51,6,172,3,33.9,34.0,33.6,31.2,33.83333333333332,33.114285714285714,31.614285714285717,0.0,0.0,0.0,0.0,0.0,0.0,0.33571428571428524
2020-06-21,41.1,28.3,34.3,0.0,21.3,46,6,173,3,33.4,33.9,34.0,32.6,33.76666666666666,33.42857142857143,32.142857142857146,0.0,0.0,0.0,0.0,0.0,0.0,0.14999999999999947
2020-06-22,39.1,28.6,33.5,0.0,19.0,54,6,174,3,34.3,33.4,33.9,33.0,33.86666666666665,33.67142857142857,32.607142857142854,0.0,0.0,0.0,0.0,0.0,0.0,0.04999999999999949
2020-06-23,38.1,29.6,34.0,0.0,17.0,54,6,175,3,33.5,34.3,33.4,33.5,33.73333333333332,33.74285714285714,32.82142857142857,0.0,0.0,0.0,0.0,0.0,0.0,0.04999999999999949
2020-06-24,36.2,26.7,32.2,1.3,15.9,61,6,176,3,34.0,33.5,34.3,33.6,33.933333333333316,33.81428571428571,33.01428571428571,0.0,0.0,0.0,0.0,0.0,0.0,0.04999999999999949
2020-06-25,34.6,26.2,30.4,3.3,10.5,72,6,177,3,32.2,34.0,33.5,34.0,33.23333333333333,33.614285714285714,33.07142857142857,1.3,0.0,0.0,0.0,0.43333333333333335,0.18571428571428675,0.09285714285714235
2020-06-26,36.0,26.8,31.2,0.0,9.5,68,6,178,3,30.4,32.2,34.0,33.9,32.199999999999996,33.1,32.97857142857143,3.3,1.3,0.0,0.0,1.5333333333333332,0.6571428571428581,0.328571428571428
2020-06-27,37.7,27.7,32.8,0.0,7.9,62,6,179,3,31.2,30.4,32.2,33.4,31.266666666666655,32.714285714285715,32.91428571428572,0.0,3.3,1.3,0.0,1.5333333333333332,0.6571428571428581,0.328571428571428
2020-06-28,38.3,25.5,32.1,21.1,32.4,66,6,180,3,32.8,31.2,30.4,34.3,31.466666666666654,32.628571428571426,33.02857142857143,0.0,0.0,3.3,0.0,1.0999999999999999,0.6571428571428581,0.328571428571428
2020-06-29,37.3,25.2,30.7,15.0,20.3,69,6,181,3,32.1,32.8,31.2,33.5,32.033333333333324,32.31428571428572,32.99285714285714,21.1,0.0,0.0,0.0,7.033333333333334,3.671428571428573,1.8357142857142854
2020-06-30,36.7,27.8,32.1,0.0,10.7,68,6,182,3,30.7,32.1,32.8,34.0,31.866666666666656,31.914285714285715,32.82857142857143,15.0,21.1,0.0,0.0,12.033333333333333,5.814285714285716,2.907142857142857
2020-07-01,36.3,28.1,32.3,0.1,7.4,70,7,183,3,32.1,30.7,32.1,32.2,31.633333333333322,31.642857142857142,32.72857142857143,0.0,15.0,21.1,1.3,12.033333333333333,5.814285714285716,2.907142857142857
2020-07-02,39.0,28.4,33.3,0.0,12.2,65,7,184,3,32.3,32.1,30.7,30.4,31.69999999999999,31.657142857142855,32.635714285714286,0.1,0.0,15.0,3.3,5.033333333333333,5.642857142857145,2.914285714285714
2020-07-03,40.5,29.1,34.6,0.0,16.6,61,7,185,3,33.3,32.3,32.1,31.2,32.566666666666656,32.07142857142857,32.58571428571428,0.0,0.1,0.0,0.0,0.03333333333333333,5.171428571428573,2.914285714285714
2020-07-04,39.6,27.6,32.9,16.0,21.5,67,7,186,3,34.6,33.3,32.3,32.8,33.399999999999984,32.55714285714286,32.635714285714286,0.0,0.0,0.1,0.0,0.03333333333333333,5.171428571428573,2.914285714285714
2020-07-05,33.9,25.1,29.1,7.3,19.5,70,7,187,3,32.9,34.6,33.3,32.1,33.59999999999999,32.57142857142857,32.6,16.0,0.0,0.0,21.1,5.333333333333333,7.457142857142858,4.057142857142857
2020-07-06,34.9,25.7,30.5,0.0,7.4,66,7,188,3,29.1,32.9,34.6,30.7,32.19999999999999,32.142857142857146,32.22857142857143,7.3,16.0,0.0,15.0,7.766666666666667,5.485714285714287,4.578571428571428
2020-07-07,36.3,27.4,32.0,0.0,13.4,63,7,189,3,30.5,29.1,32.9,32.1,30.833333333333325,32.114285714285714,32.01428571428571,0.0,7.3,16.0,0.0,7.766666666666667,3.342857142857144,4.578571428571428
2020-07-08,34.5,27.6,30.8,0.3,12.8,67,7,190,3,32.0,30.5,29.1,32.3,30.53333333333332,32.1,31.87142857142857,0.0,0.0,7.3,0.1,2.433333333333333,3.342857142857144,4.578571428571428
2020-07-09,36.9,27.3,31.8,0.0,6.6,64,7,191,3,30.8,32.0,30.5,33.3,31.09999999999999,31.885714285714283,31.771428571428572,0.3,0.0,0.0,0.0,0.09999999999999999,3.3714285714285723,4.507142857142857
2020-07-10,38.8,29.0,33.7,0.0,15.1,58,7,192,3,31.8,30.8,32.0,34.6,31.53333333333332,31.67142857142857,31.87142857142857,0.0,0.3,0.0,0.0,0.09999999999999999,3.3714285714285723,4.271428571428571
2020-07-11,37.9,27.2,32.4,0.2,12.2,64,7,193,3,33.7,31.8,30.8,32.9,32.09999999999999,31.542857142857144,32.05,0.0,0.0,0.3,16.0,0.09999999999999999,3.3714285714285723,4.271428571428571
2020-07-12,34.9,26.1,30.8,24.8,16.1,70,7,194,3,32.4,33.7,31.8,29.1,32.633333333333326,31.47142857142857,32.02142857142857,0.2,0.0,0.0,7.3,0.06666666666666667,1.1142857142857152,4.285714285714286
2020-07-13,36.1,25.7,30.9,0.0,8.6,68,7,195,3,30.8,32.4,33.7,30.5,32.29999999999999,31.714285714285715,31.928571428571427,24.8,0.2,0.0,0.0,8.333333333333334,3.614285714285715,4.549999999999999
2020-07-14,37.5,27.8,32.5,0.0,10.1,62,7,196,3,30.9,30.8,32.4,32.0,31.366666666666656,31.771428571428572,31.942857142857143,0.0,24.8,0.2,0.0,8.333333333333334,3.614285714285715,3.4785714285714278
2020-07-15,37.5,28.4,32.1,0.7,18.1,68,7,197,3,32.5,30.9,30.8,30.8,31.399999999999988,31.842857142857138,31.97142857142857,0.0,0.0,24.8,0.3,8.266666666666667,3.614285714285715,3.4785714285714278
2020-07-16,35.8,26.9,31.1,4.6,15.6,70,7,198,3,32.1,32.5,30.9,31.8,31.833333333333325,32.02857142857143,31.957142857142856,0.7,0.0,0.0,0.0,0.2333333333333333,3.671428571428572,3.521428571428571
2020-07-17,36.4,27.4,31.7,0.0,11.1,68,7,199,3,31.1,32.1,32.5,33.7,31.899999999999988,31.928571428571427,31.8,4.6,0.7,0.0,0.0,1.7666666666666666,4.32857142857143,3.849999999999999
2020-07-18,36.6,28.3,32.4,0.0,8.5,68,7,200,3,31.7,31.1,32.1,32.4,31.633333333333322,31.642857142857142,31.592857142857145,0.0,4.6,0.7,0.2,1.7666666666666666,4.32857142857143,3.849999999999999
2020-07-19,37.2,29.0,32.0,0.1,14.0,71,7,201,3,32.4,31.7,31.1,30.8,31.73333333333332,31.642857142857142,31.557142857142853,0.0,0.0,4.6,24.8,1.5333333333333332,4.300000000000002,2.7071428571428564
2020-07-20,35.3,26.6,30.6,1.2,12.5,73,7,202,3,32.0,32.4,31.7,30.9,32.033333333333324,31.814285714285713,31.764285714285716,0.1,0.0,0.0,0.0,0.03333333333333333,0.7714285714285724,2.192857142857142
2020-07-21,29.8,24.8,26.7,25.6,19.9,85,7,203,3,30.6,32.0,32.4,32.5,31.666666666666657,31.77142857142857,31.771428571428572,1.2,0.1,0.0,0.0,0.43333333333333335,0.9428571428571438,2.278571428571428
2020-07-22,32.5,23.6,28.0,0.1,7.9,73,7,204,3,26.7,30.6,32.0,32.1,29.766666666666655,30.942857142857143,31.392857142857142,25.6,1.2,0.1,0.7,8.966666666666667,4.600000000000001,4.107142857142857
2020-07-23,34.4,24.7,29.6,0.0,8.9,71,7,205,3,28.0,26.7,30.6,31.1,28.433333333333323,30.357142857142858,31.192857142857143,0.1,25.6,1.2,4.6,8.966666666666667,4.514285714285716,4.0928571428571425
2020-07-24,34.7,27.0,30.8,0.0,13.8,69,7,206,3,29.6,28.0,26.7,31.7,28.09999999999999,30.142857142857142,31.035714285714285,0.0,0.1,25.6,0.0,8.566666666666668,3.8571428571428585,4.0928571428571425
2020-07-25,34.6,27.5,30.7,0.6,10.9,73,7,207,3,30.8,29.6,28.0,32.4,29.466666666666654,30.014285714285716,30.82857142857143,0.0,0.0,0.1,0.0,0.03333333333333333,3.8571428571428585,4.0928571428571425
2020-07-26,34.8,26.6,30.7,0.6,10.2,74,7,208,3,30.7,30.8,29.6,32.0,30.366666666666656,29.771428571428572,30.707142857142856,0.6,0.0,0.0,0.1,0.19999999999999998,3.942857142857144,4.121428571428571
2020-07-27,35.6,27.2,31.4,5.4,8.2,73,7,209,3,30.7,30.7,30.8,30.6,30.73333333333332,29.585714285714285,30.7,0.6,0.6,0.0,1.2,0.39999999999999997,4.014285714285716,2.3928571428571423
2020-07-28,37.4,28.0,32.3,0.2,14.4,70,7,210,3,31.4,30.7,30.7,26.7,30.93333333333332,29.7,30.735714285714284,5.4,0.6,0.6,25.6,2.2,4.614285714285716,2.7785714285714285
2020-07-29,36.8,28.6,32.1,0.0,17.8,69,7,211,3,32.3,31.4,30.7,28.0,31.46666666666665,30.5,30.721428571428568,0.2,5.4,0.6,0.1,2.066666666666667,0.9857142857142868,2.7928571428571423
2020-07-30,32.7,25.2,28.9,13.5,19.5,80,7,212,3,32.1,32.3,31.4,29.6,31.93333333333332,31.085714285714285,30.72142857142857,0.0,0.2,5.4,0.0,1.866666666666667,0.9714285714285725,2.742857142857143
2020-07-31,33.8,26.5,30.1,5.3,12.2,76,7,213,3,28.9,32.1,32.3,30.8,31.099999999999984,30.985714285714284,30.564285714285713,13.5,0.0,0.2,0.0,4.566666666666666,2.9000000000000012,3.3785714285714286
2020-08-01,33.2,25.9,29.4,11.3,17.1,80,8,214,3,30.1,28.9,32.1,30.7,30.366666666666656,30.885714285714283,30.45,5.3,13.5,0.0,0.6,6.266666666666667,3.6571428571428584,3.7571428571428567
2020-08-02,36.2,27.2,31.3,0.2,8.9,75,8,215,3,29.4,30.1,28.9,30.7,29.466666666666654,30.699999999999996,30.235714285714284,11.3,5.3,13.5,0.6,10.033333333333333,5.185714285714288,4.564285714285714
2020-08-03,36.4,28.5,32.1,0.7,11.1,73,8,216,3,31.3,29.4,30.1,31.4,30.266666666666655,30.785714285714285,30.185714285714283,0.2,11.3,5.3,5.4,5.6000000000000005,5.128571428571429,4.571428571428571
2020-08-04,36.9,27.0,31.9,0.4,11.2,73,8,217,3,32.1,31.3,29.4,32.3,30.93333333333332,30.885714285714283,30.292857142857144,0.7,0.2,11.3,0.2,4.066666666666667,4.457142857142858,4.535714285714286
2020-08-05,37.2,28.5,32.5,0.0,14.0,70,8,218,3,31.9,32.1,31.3,32.1,31.76666666666665,30.828571428571426,30.664285714285715,0.4,0.7,0.2,0.0,0.4333333333333333,4.485714285714287,2.735714285714285
2020-08-06,35.4,28.2,31.5,0.0,8.0,73,8,219,3,32.5,31.9,32.1,28.9,32.16666666666666,30.885714285714283,30.985714285714288,0.0,0.4,0.7,13.5,0.3666666666666667,4.485714285714287,2.728571428571428
2020-08-07,35.2,28.7,31.8,0.2,19.9,66,8,220,3,31.5,32.5,31.9,30.1,31.96666666666665,31.25714285714286,31.12142857142857,0.0,0.0,0.4,5.3,0.13333333333333333,2.5571428571428583,2.728571428571428
2020-08-08,35.3,28.4,31.6,0.4,9.2,71,8,221,3,31.8,31.5,32.5,29.4,31.93333333333332,31.5,31.192857142857143,0.2,0.0,0.0,11.3,0.06666666666666667,1.8285714285714296,2.7428571428571424
2020-08-09,34.2,27.3,29.8,14.8,13.0,84,8,222,3,31.6,31.8,31.5,31.3,31.633333333333322,31.814285714285717,31.25714285714286,0.4,0.2,0.0,0.2,0.20000000000000004,0.2714285714285724,2.728571428571428
2020-08-10,33.2,25.5,29.4,23.3,12.8,85,8,223,3,29.8,31.6,31.8,32.1,31.066666666666652,31.6,31.192857142857143,14.8,0.4,0.2,0.7,5.133333333333334,2.357142857142858,3.7428571428571424
2020-08-11,33.9,26.8,30.3,1.2,11.2,82,8,224,3,29.4,29.8,31.6,31.9,30.26666666666665,31.214285714285715,31.05,23.3,14.8,0.4,0.4,12.833333333333334,5.585714285714287,5.021428571428571
2020-08-12,36.3,26.8,31.4,2.5,13.5,80,8,225,3,30.3,29.4,29.8,32.5,29.833333333333318,30.985714285714288,30.907142857142862,1.2,23.3,14.8,0.0,13.100000000000001,5.700000000000002,5.0928571428571425
2020-08-13,34.9,26.7,30.1,2.1,20.1,81,8,226,3,31.4,30.3,29.4,31.5,30.36666666666665,30.82857142857143,30.857142857142858,2.5,1.2,23.3,0.0,9.0,6.057142857142859,5.271428571428571
2020-08-14,33.6,26.2,28.9,12.4,16.1,82,8,227,3,30.1,31.4,30.3,31.8,30.599999999999984,30.62857142857143,30.942857142857147,2.1,2.5,1.2,0.2,1.9333333333333347,6.3571428571428585,4.457142857142856
2020-08-15,34.1,26.6,30.0,0.7,10.9,78,8,228,3,28.9,30.1,31.4,31.6,30.133333333333322,30.214285714285715,30.857142857142858,12.4,2.1,2.5,0.4,5.666666666666668,8.100000000000001,4.964285714285714
2020-08-16,34.3,27.8,30.7,0.9,14.8,77,8,229,3,30.0,28.9,30.1,29.8,29.666666666666654,29.985714285714288,30.900000000000002,0.7,12.4,2.1,14.8,5.066666666666668,8.142857142857144,4.207142857142857
2020-08-17,34.4,27.7,30.2,0.3,13.3,81,8,230,3,30.7,30.0,28.9,29.4,29.866666666666656,30.11428571428571,30.857142857142858,0.9,0.7,12.4,23.3,4.666666666666669,6.157142857142858,4.257142857142857
2020-08-18,34.1,27.0,30.5,1.4,13.5,81,8,231,3,30.2,30.7,30.0,30.3,30.299999999999983,30.228571428571428,30.721428571428568,0.3,0.9,0.7,1.2,0.6333333333333351,2.8714285714285728,4.228571428571429
2020-08-19,32.2,25.8,29.1,21.3,15.7,87,8,232,3,30.5,30.2,30.7,31.4,30.46666666666665,30.25714285714286,30.62142857142857,1.4,0.3,0.9,2.5,0.8666666666666684,2.9000000000000012,4.3
2020-08-20,27.9,25.0,26.4,30.1,18.9,92,8,233,3,29.1,30.5,30.2,30.1,29.93333333333332,29.928571428571427,30.37857142857143,21.3,1.4,0.3,2.1,7.666666666666669,5.585714285714287,5.821428571428571
2020-08-21,29.8,24.7,26.5,1.8,17.9,88,8,234,3,26.4,29.1,30.5,28.9,28.666666666666654,29.400000000000002,30.014285714285712,30.1,21.3,1.4,12.4,17.600000000000005,9.585714285714287,7.971428571428571
2020-08-22,33.0,23.8,28.4,0.0,5.9,79,8,235,3,26.5,26.4,29.1,30.0,27.333333333333318,29.057142857142857,29.635714285714283,1.8,30.1,21.3,0.7,17.733333333333338,8.071428571428573,8.085714285714285
2020-08-23,32.8,25.9,29.3,0.2,10.2,80,8,236,3,28.4,26.5,26.4,30.7,27.099999999999984,28.828571428571426,29.407142857142855,0.0,1.8,30.1,0.9,10.633333333333336,7.971428571428572,8.057142857142857
2020-08-24,33.0,26.6,29.8,1.0,9.7,77,8,237,3,29.3,28.4,26.5,30.2,28.066666666666652,28.62857142857143,29.371428571428574,0.2,0.0,1.8,0.3,0.6666666666666691,7.871428571428573,7.014285714285713
2020-08-25,32.1,25.9,28.9,2.4,15.2,82,8,238,3,29.8,29.3,28.4,30.5,29.166666666666654,28.571428571428573,29.4,1.0,0.2,0.0,1.4,0.40000000000000235,7.971428571428573,5.421428571428571
2020-08-26,31.5,26.2,28.0,5.3,18.8,87,8,239,3,28.9,29.8,29.3,29.1,29.333333333333318,28.342857142857138,29.3,2.4,1.0,0.2,21.3,1.2000000000000022,8.114285714285716,5.507142857142857
2020-08-27,31.0,25.2,27.1,28.4,11.6,90,8,240,3,28.0,28.9,29.8,26.4,28.899999999999988,28.185714285714283,29.057142857142857,5.3,2.4,1.0,30.1,2.900000000000002,5.82857142857143,5.707142857142856
2020-08-28,30.7,24.5,26.9,18.3,6.9,87,8,241,3,27.1,28.0,28.9,26.5,27.999999999999986,28.285714285714285,28.842857142857138,28.4,5.3,2.4,1.8,12.033333333333337,5.585714285714287,7.5857142857142845
2020-08-29,32.2,23.9,28.0,0.1,6.4,81,8,242,3,26.9,27.1,28.0,28.4,27.333333333333318,28.342857142857138,28.7,18.3,28.4,5.3,0.0,17.333333333333336,7.942857142857144,8.007142857142856
2020-08-30,32.5,25.4,28.8,3.4,10.7,81,8,243,3,28.0,26.9,27.1,29.3,27.333333333333318,28.285714285714285,28.557142857142857,0.1,18.3,28.4,0.2,15.600000000000001,7.957142857142858,7.9642857142857135
2020-08-31,30.6,25.8,27.8,17.1,17.7,86,8,244,3,28.8,28.0,26.9,29.8,27.899999999999988,28.214285714285715,28.42142857142857,3.4,0.1,18.3,1.0,7.266666666666669,8.414285714285715,8.142857142857142
2020-09-01,31.8,25.9,28.4,2.7,18.6,81,9,245,4,27.8,28.8,28.0,28.9,28.199999999999985,27.928571428571427,28.25,17.1,3.4,0.1,2.4,6.86666666666667,10.714285714285714,9.342857142857143
2020-09-02,31.5,25.6,28.4,5.7,11.2,85,9,246,4,28.4,27.8,28.8,28.0,28.333333333333318,27.857142857142858,28.1,2.7,17.1,3.4,5.3,7.733333333333335,10.757142857142856,9.435714285714285
2020-09-03,31.6,26.0,27.8,6.5,13.6,88,9,247,4,28.4,28.4,27.8,27.1,28.199999999999985,27.914285714285715,28.05,5.7,2.7,17.1,28.4,8.500000000000002,10.814285714285715,8.321428571428571
2020-09-04,29.7,24.8,26.5,29.8,9.4,92,9,248,4,27.8,28.4,28.4,26.9,28.19999999999999,28.014285714285712,28.150000000000002,6.5,5.7,2.7,18.3,4.9666666666666694,7.685714285714288,6.635714285714285
2020-09-05,31.0,24.8,27.4,4.4,7.2,88,9,249,4,26.5,27.8,28.4,28.0,27.566666666666652,27.95714285714286,28.150000000000002,29.8,6.5,5.7,0.1,14.000000000000002,9.328571428571431,8.635714285714284
2020-09-06,32.0,24.9,28.1,0.7,9.8,85,9,250,4,27.4,26.5,27.8,28.8,27.23333333333332,27.871428571428574,28.078571428571426,4.4,29.8,6.5,3.4,13.56666666666667,9.942857142857147,8.95
2020-09-07,32.5,25.0,28.5,0.4,8.4,81,9,251,4,28.1,27.4,26.5,27.8,27.333333333333318,27.771428571428572,27.99285714285714,0.7,4.4,29.8,17.1,11.633333333333335,9.557142857142859,8.985714285714284
2020-09-08,33.4,24.4,28.9,0.0,8.6,80,9,252,4,28.5,28.1,27.4,28.4,27.999999999999986,27.87142857142857,27.900000000000002,0.4,0.7,4.4,2.7,1.8333333333333357,7.171428571428573,8.942857142857141
2020-09-09,33.7,25.4,29.4,0.0,9.4,79,9,253,4,28.9,28.5,28.1,28.4,28.499999999999986,27.942857142857147,27.9,0.0,0.4,0.7,5.7,0.3666666666666691,6.7857142857142865,8.77142857142857
2020-09-10,34.0,25.4,29.4,0.0,7.9,79,9,254,4,29.4,28.9,28.5,27.8,28.93333333333332,28.085714285714285,28.0,0.0,0.0,0.4,6.5,0.13333333333333572,5.971428571428573,8.392857142857142
2020-09-11,35.0,25.8,30.0,0.0,10.7,73,9,255,4,29.4,29.4,28.9,26.5,29.23333333333332,28.314285714285713,28.164285714285715,0.0,0.0,0.0,29.8,0.0,5.0428571428571445,6.364285714285714
2020-09-12,34.7,25.0,29.5,0.0,9.4,77,9,256,4,30.0,29.4,29.4,27.4,29.599999999999984,28.814285714285713,28.385714285714283,0.0,0.0,0.0,4.4,0.0,0.7857142857142867,5.057142857142857
2020-09-13,35.2,25.2,29.9,0.0,8.4,71,9,257,4,29.5,30.0,29.4,28.1,29.633333333333315,29.114285714285717,28.49285714285714,0.0,0.0,0.0,0.7,0.0,0.15714285714285817,5.049999999999999
2020-09-14,34.9,25.4,29.9,0.0,10.0,70,9,258,4,29.9,29.5,30.0,28.5,29.799999999999983,29.37142857142857,28.571428571428573,0.0,0.0,0.0,0.4,0.0,0.05714285714285816,4.807142857142857
2020-09-15,35.5,25.5,30.2,0.0,11.2,71,9,259,4,29.9,29.9,29.5,28.9,29.76666666666665,29.571428571428573,28.72142857142857,0.0,0.0,0.0,0.0,0.0,0.0,3.585714285714285
2020-09-16,35.7,25.6,30.4,0.0,10.1,66,9,260,4,30.2,29.9,29.9,29.4,29.999999999999986,29.75714285714286,28.849999999999998,0.0,0.0,0.0,0.0,0.0,0.0,3.3928571428571423
2020-09-17,35.4,26.8,30.5,0.0,8.8,66,9,261,4,30.4,30.2,29.9,29.4,30.166666666666654,29.900000000000002,28.99285714285714,0.0,0.0,0.0,0.0,0.0,0.0,2.985714285714285
2020-09-18,36.2,25.7,30.5,0.0,8.8,69,9,262,4,30.5,30.4,30.2,30.0,30.36666666666665,30.057142857142857,29.185714285714283,0.0,0.0,0.0,0.0,0.0,0.0,2.521428571428571
2020-09-19,36.1,24.7,29.7,0.0,8.7,69,9,263,4,30.5,30.5,30.4,29.5,30.46666666666665,30.12857142857143,29.471428571428568,0.0,0.0,0.0,0.0,0.0,0.0,0.39285714285714235
2020-09-20,35.8,24.2,29.4,0.0,15.5,66,9,264,4,29.7,30.5,30.5,29.9,30.23333333333332,30.157142857142855,29.635714285714283,0.0,0.0,0.0,0.0,0.0,0.0,0.07857142857142807
2020-09-21,35.5,23.0,28.9,0.0,10.6,66,9,265,4,29.4,29.7,30.5,29.9,29.866666666666656,30.085714285714285,29.728571428571428,0.0,0.0,0.0,0.0,0.0,0.0,0.028571428571428064
2020-09-22,35.7,23.8,29.9,0.0,7.1,62,9,266,4,28.9,29.4,29.7,30.2,29.333333333333318,29.94285714285714,29.757142857142856,0.0,0.0,0.0,0.0,0.0,0.0,0.0
2020-09-23,35.7,24.4,29.5,0.0,8.7,65,9,267,4,29.9,28.9,29.4,30.4,29.399999999999988,29.9,29.82857142857143,0.0,0.0,0.0,0.0,0.0,0.0,0.0
2020-09-24,36.2,23.5,29.5,0.0,14.8,64,9,268,4,29.5,29.9,28.9,30.5,29.43333333333332,29.77142857142857,29.835714285714285,0.0,0.0,0.0,0.0,0.0,0.0,0.0
2020-09-25,35.1,24.0,29.4,0.0,8.2,61,9,269,4,29.5,29.5,29.9,30.5,29.633333333333315,29.628571428571426,29.842857142857145,0.0,0.0,0.0,0.0,0.0,0.0,0.0
2020-09-26,34.3,23.5,27.6,0.1,15.3,64,9,270,4,29.4,29.5,29.5,29.7,29.46666666666665,29.471428571428568,29.8,0.0,0.0,0.0,0.0,0.0,0.0,0.0
2020-09-27,34.4,21.8,27.6,0.0,10.8,64,9,271,4,27.6,29.4,29.5,29.4,28.833333333333318,29.17142857142857,29.664285714285715,0.1,0.0,0.0,0.0,0.033333333333335706,0.014285714285715302,0.007142857142856636
2020-09-28,33.9,22.8,27.8,0.0,8.0,62,9,272,4,27.6,27.6,29.4,28.9,28.19999999999999,28.91428571428571,29.5,0.0,0.1,0.0,0.0,0.033333333333335706,0.014285714285715302,0.007142857142856636
2020-09-29,33.4,21.5,26.8,0.0,12.2,62,9,273,4,27.8,27.6,27.6,29.9,27.666666666666654,28.75714285714286,29.349999999999998,0.0,0.0,0.1,0.0,0.033333333333335706,0.014285714285715302,0.007142857142856636
2020-09-30,33.8,20.9,26.7,0.0,9.7,59,9,274,4,26.8,27.8,27.6,29.5,27.399999999999988,28.314285714285717,29.107142857142858,0.0,0.0,0.0,0.0,0.0,0.014285714285715302,0.007142857142856636
2020-10-01,33.7,20.9,26.7,0.0,10.2,60,10,275,4,26.7,26.8,27.8,29.5,27.099999999999984,27.914285714285715,28.842857142857145,0.0,0.0,0.0,0.0,0.0,0.014285714285715302,0.007142857142856636
2020-10-02,33.6,19.9,26.3,0.0,10.9,54,10,276,4,26.7,26.7,26.8,29.4,26.73333333333332,27.514285714285716,28.571428571428573,0.0,0.0,0.0,0.0,0.0,0.014285714285715302,0.007142857142856636
2020-10-03,33.5,19.2,25.8,0.0,10.1,58,10,277,4,26.3,26.7,26.7,27.6,26.566666666666652,27.071428571428573,28.271428571428572,0.0,0.0,0.0,0.1,0.0,0.014285714285715302,0.007142857142856636
2020-10-04,33.5,18.7,25.4,0.0,10.3,59,10,278,4,25.8,26.3,26.7,27.6,26.26666666666665,26.814285714285717,27.992857142857144,0.0,0.0,0.0,0.0,0.0,0.0,0.007142857142856636
2020-10-05,33.2,19.1,25.5,0.0,11.9,59,10,279,4,25.4,25.8,26.3,27.8,25.833333333333318,26.5,27.707142857142856,0.0,0.0,0.0,0.0,0.0,0.0,0.007142857142856636
2020-10-06,33.3,18.3,25.4,0.0,9.7,62,10,280,4,25.5,25.4,25.8,26.8,25.566666666666652,26.17142857142857,27.464285714285715,0.0,0.0,0.0,0.0,0.0,0.0,0.007142857142856636
2020-10-07,33.5,18.2,25.8,0.0,10.3,63,10,281,4,25.4,25.5,25.4,26.7,25.43333333333332,25.971428571428568,27.142857142857142,0.0,0.0,0.0,0.0,0.0,0.0,0.007142857142856636
2020-10-08,33.7,19.5,25.8,0.0,9.3,65,10,282,4,25.8,25.4,25.5,26.7,25.566666666666652,25.842857142857145,26.878571428571426,0.0,0.0,0.0,0.0,0.0,0.0,0.007142857142856636
2020-10-09,33.0,20.2,25.9,0.0,9.2,67,10,283,4,25.8,25.8,25.4,26.3,25.666666666666654,25.714285714285715,26.61428571428571,0.0,0.0,0.0,0.0,0.0,0.0,0.007142857142856636
2020-10-10,33.1,20.1,26.0,0.0,10.0,63,10,284,4,25.9,25.8,25.8,25.8,25.833333333333318,25.657142857142855,26.364285714285717,0.0,0.0,0.0,0.0,0.0,0.0,0.007142857142856636
2020-10-11,33.2,18.4,25.3,0.0,10.5,62,10,285,4,26.0,25.9,25.8,25.4,25.899999999999988,25.685714285714283,26.25,0.0,0.0,0.0,0.0,0.0,0.0,0.0
2020-10-12,33.2,18.5,25.3,0.0,10.7,64,10,286,4,25.3,26.0,25.9,25.5,25.73333333333332,25.67142857142857,26.085714285714285,0.0,0.0,0.0,0.0,0.0,0.0,0.0
2020-10-13,32.5,18.9,24.8,0.0,11.5,64,10,287,4,25.3,25.3,26.0,25.4,25.53333333333332,25.642857142857142,25.907142857142855,0.0,0.0,0.0,0.0,0.0,0.0,0.0
2020-10-14,32.2,17.8,23.9,0.0,11.2,57,10,288,4,24.8,25.3,25.3,25.8,25.133333333333322,25.557142857142857,25.764285714285712,0.0,0.0,0.0,0.0,0.0,0.0,0.0
2020-10-15,31.2,15.6,22.9,0.0,10.8,59,10,289,4,23.9,24.8,25.3,25.8,24.666666666666654,25.285714285714285,25.564285714285713,0.0,0.0,0.0,0.0,0.0,0.0,0.0
2020-10-16,31.2,15.7,23.3,0.0,10.9,59,10,290,4,22.9,23.9,24.8,25.9,23.86666666666665,24.87142857142857,25.292857142857144,0.0,0.0,0.0,0.0,0.0,0.0,0.0
2020-10-17,31.6,17.8,23.8,0.0,9.5,60,10,291,4,23.3,22.9,23.9,26.0,23.366666666666656,24.5,25.07857142857143,0.0,0.0,0.0,0.0,0.0,0.0,0.0
2020-10-18,31.1,16.7,23.3,0.0,9.9,59,10,292,4,23.8,23.3,22.9,25.3,23.333333333333318,24.185714285714287,24.935714285714283,0.0,0.0,0.0,0.0,0.0,0.0,0.0
2020-10-19,30.6,15.6,22.8,0.0,10.1,62,10,293,4,23.3,23.8,23.3,25.3,23.466666666666654,23.900000000000002,24.785714285714285,0.0,0.0,0.0,0.0,0.0,0.0,0.0
2020-10-20,30.8,15.5,22.6,0.0,9.1,65,10,294,4,22.8,23.3,23.8,24.8,23.299999999999986,23.54285714285714,24.592857142857145,0.0,0.0,0.0,0.0,0.0,0.0,0.0
2020-10-21,29.8,15.7,22.3,0.0,9.5,64,10,295,4,22.6,22.8,23.3,23.9,22.899999999999988,23.228571428571428,24.392857142857142,0.0,0.0,0.0,0.0,0.0,0.0,0.0
2020-10-22,29.4,15.3,21.8,0.0,8.9,66,10,296,4,22.3,22.6,22.8,22.9,22.566666666666652,23.0,24.142857142857142,0.0,0.0,0.0,0.0,0.0,0.0,0.0
2020-10-23,29.5,15.8,21.9,0.0,10.0,70,10,297,4,21.8,22.3,22.6,23.3,22.23333333333332,22.842857142857145,23.857142857142858,0.0,0.0,0.0,0.0,0.0,0.0,0.0
2020-10-24,29.7,15.6,21.7,0.0,9.7,66,10,298,4,21.9,21.8,22.3,23.8,21.999999999999986,22.642857142857142,23.571428571428573,0.0,0.0,0.0,0.0,0.0,0.0,0.0
2020-10-25,29.4,15.2,21.7,0.0,13.1,60,10,299,4,21.7,21.9,21.8,23.3,21.799999999999983,22.342857142857145,23.264285714285712,0.0,0.0,0.0,0.0,0.0,0.0,0.0
2020-10-26,28.1,15.7,20.6,0.0,11.2,58,10,300,4,21.7,21.7,21.9,22.8,21.76666666666665,22.114285714285717,23.00714285714286,0.0,0.0,0.0,0.0,0.0,0.0,0.0
2020-10-27,27.4,13.2,19.5,0.0,8.7,60,10,301,4,20.6,21.7,21.7,22.6,21.333333333333318,21.8,22.671428571428574,0.0,0.0,0.0,0.0,0.0,0.0,0.0
2020-10-28,28.2,13.4,19.7,0.0,9.4,64,10,302,4,19.5,20.6,21.7,22.3,20.599999999999984,21.357142857142858,22.292857142857144,0.0,0.0,0.0,0.0,0.0,0.0,0.0
2020-10-29,28.0,13.2,19.8,0.0,9.7,66,10,303,4,19.7,19.5,20.6,21.8,19.93333333333332,20.985714285714288,21.992857142857144,0.0,0.0,0.0,0.0,0.0,0.0,0.0
2020-10-30,27.4,13.2,19.7,0.0,13.8,64,10,304,4,19.8,19.7,19.5,21.9,19.666666666666654,20.7,21.771428571428572,0.0,0.0,0.0,0.0,0.0,0.0,0.0
2020-10-31,27.0,13.2,19.2,0.0,13.0,55,10,305,4,19.7,19.8,19.7,21.7,19.73333333333332,20.385714285714283,21.514285714285712,0.0,0.0,0.0,0.0,0.0,0.0,0.0
2020-11-01,27.3,12.1,18.9,0.0,11.0,59,11,306,4,19.2,19.7,19.8,21.7,19.566666666666652,20.028571428571432,21.185714285714287,0.0,0.0,0.0,0.0,0.0,0.0,0.0
2020-11-02,27.5,12.9,19.8,0.0,8.3,60,11,307,4,18.9,19.2,19.7,20.6,19.26666666666665,19.62857142857143,20.87142857142857,0.0,0.0,0.0,0.0,0.0,0.0,0.0
2020-11-03,27.6,13.0,19.8,0.0,8.5,67,11,308,4,19.8,18.9,19.2,19.5,19.299999999999986,19.514285714285712,20.657142857142855,0.0,0.0,0.0,0.0,0.0,0.0,0.0
2020-11-04,27.5,14.1,20.0,0.0,9.7,64,11,309,4,19.8,19.8,18.9,19.7,19.499999999999986,19.557142857142857,20.457142857142856,0.0,0.0,0.0,0.0,0.0,0.0,0.0
2020-11-05,28.1,11.8,19.0,0.0,9.1,69,11,310,4,20.0,19.8,19.8,19.8,19.86666666666665,19.6,20.292857142857144,0.0,0.0,0.0,0.0,0.0,0.0,0.0
2020-11-06,27.6,11.4,18.4,0.0,12.0,66,11,311,4,19.0,20.0,19.8,19.7,19.599999999999984,19.485714285714288,20.092857142857145,0.0,0.0,0.0,0.0,0.0,0.0,0.0
2020-11-07,27.5,12.2,19.0,0.0,11.0,58,11,312,4,18.4,19.0,20.0,19.2,19.133333333333322,19.3,19.842857142857138,0.0,0.0,0.0,0.0,0.0,0.0,0.0
2020-11-08,26.8,10.8,18.0,0.0,7.9,71,11,313,4,19.0,18.4,19.0,18.9,18.799999999999986,19.271428571428572,19.65,0.0,0.0,0.0,0.0,0.0,0.0,0.0
2020-11-09,26.4,11.4,18.1,0.0,7.9,71,11,314,4,18.0,19.0,18.4,19.8,18.466666666666654,19.142857142857142,19.385714285714283,0.0,0.0,0.0,0.0,0.0,0.0,0.0
2020-11-10,25.8,12.4,18.6,0.0,9.4,72,11,315,4,18.1,18.0,19.0,19.8,18.36666666666665,18.900000000000002,19.20714285714286,0.0,0.0,0.0,0.0,0.0,0.0,0.0
2020-11-11,25.7,12.1,17.6,0.0,9.4,76,11,316,4,18.6,18.1,18.0,20.0,18.23333333333332,18.728571428571428,19.142857142857142,0.0,0.0,0.0,0.0,0.0,0.0,0.0
2020-11-12,25.4,11.4,17.3,0.0,11.3,73,11,317,4,17.6,18.6,18.1,19.0,18.099999999999984,18.38571428571429,18.99285714285714,0.0,0.0,0.0,0.0,0.0,0.0,0.0
2020-11-13,25.2,11.8,17.5,0.0,9.7,73,11,318,4,17.3,17.6,18.6,18.4,17.83333333333332,18.142857142857142,18.814285714285717,0.0,0.0,0.0,0.0,0.0,0.0,0.0
2020-11-14,23.8,11.6,17.3,0.3,8.7,75,11,319,4,17.5,17.3,17.6,19.0,17.466666666666654,18.014285714285712,18.657142857142855,0.0,0.0,0.0,0.0,0.0,0.0,0.0
2020-11-15,19.5,13.7,15.7,8.4,15.1,83,11,320,4,17.3,17.5,17.3,18.0,17.36666666666665,17.771428571428572,18.521428571428572,0.3,0.0,0.0,0.0,0.10000000000000236,0.04285714285714387,0.02142857142857092
2020-11-16,20.0,12.1,15.4,7.9,11.8,82,11,321,4,15.7,17.3,17.5,18.1,16.833333333333318,17.442857142857143,18.292857142857144,8.4,0.3,0.0,0.0,2.9000000000000026,1.242857142857144,0.621428571428571
2020-11-17,21.6,11.0,15.0,0.0,11.5,71,11,322,4,15.4,15.7,17.3,18.6,16.13333333333332,17.057142857142857,17.978571428571428,7.9,8.4,0.3,0.0,5.533333333333336,2.3714285714285728,1.1857142857142853
2020-11-18,21.2,9.0,14.5,0.0,7.7,69,11,323,4,15.0,15.4,15.7,17.6,15.366666666666653,16.54285714285714,17.635714285714286,0.0,7.9,8.4,0.0,5.433333333333336,2.3714285714285728,1.1857142857142853
2020-11-19,21.6,8.0,14.4,0.0,8.7,67,11,324,4,14.5,15.0,15.4,17.3,14.966666666666653,16.1,17.242857142857144,0.0,0.0,7.9,0.0,2.633333333333336,2.3714285714285728,1.1857142857142853
2020-11-20,21.7,9.7,14.6,0.0,17.2,61,11,325,4,14.4,14.5,15.0,17.5,14.63333333333332,15.685714285714287,16.914285714285715,0.0,0.0,0.0,0.0,0.0,2.3714285714285728,1.1857142857142853
2020-11-21,20.3,8.9,13.5,0.0,12.6,59,11,326,4,14.6,14.4,14.5,17.3,14.499999999999986,15.271428571428572,16.642857142857142,0.0,0.0,0.0,0.3,0.0,2.3714285714285728,1.1857142857142853
2020-11-22,19.0,6.8,12.8,0.0,8.5,64,11,327,4,13.5,14.6,14.4,15.7,14.166666666666652,14.728571428571428,16.25,0.0,0.0,0.0,8.4,0.0,2.3285714285714296,1.1857142857142853
2020-11-23,19.3,11.8,15.3,0.1,10.0,65,11,328,4,12.8,13.5,14.6,15.4,13.633333333333319,14.314285714285715,15.87857142857143,0.0,0.0,0.0,7.9,0.0,1.1285714285714297,1.1857142857142853
2020-11-24,19.6,12.9,15.9,0.2,12.0,64,11,329,4,15.3,12.8,13.5,15.0,13.866666666666653,14.3,15.678571428571429,0.1,0.0,0.0,0.0,0.033333333333335706,0.014285714285715302,1.1928571428571426
2020-11-25,17.9,12.1,14.7,9.6,14.3,78,11,330,4,15.9,15.3,12.8,14.5,14.666666666666652,14.428571428571429,15.485714285714286,0.2,0.1,0.0,0.0,0.10000000000000238,0.04285714285714388,1.2071428571428569
2020-11-26,20.0,9.8,14.2,0.0,10.5,74,11,331,4,14.7,15.9,15.3,14.4,15.299999999999988,14.457142857142857,15.278571428571427,9.6,0.2,0.1,0.0,3.3000000000000025,1.4142857142857153,1.8928571428571423
2020-11-27,21.5,9.8,14.6,0.0,13.5,66,11,332,4,14.2,14.7,15.9,14.6,14.933333333333318,14.428571428571429,15.057142857142859,0.0,9.6,0.2,0.0,3.2666666666666693,1.4142857142857153,1.8928571428571423
2020-11-28,21.3,9.4,14.4,0.0,12.0,60,11,333,4,14.6,14.2,14.7,13.5,14.499999999999986,14.428571428571429,14.85,0.0,0.0,9.6,0.0,3.2000000000000024,1.4142857142857153,1.8928571428571423
2020-11-29,21.0,8.5,13.9,0.0,10.0,70,11,334,4,14.4,14.6,14.2,12.8,14.399999999999986,14.557142857142859,14.642857142857142,0.0,0.0,0.0,0.0,0.0,1.4142857142857153,1.8714285714285712
2020-11-30,21.9,8.8,14.8,0.0,9.9,74,11,335,4,13.9,14.4,14.6,15.3,14.299999999999985,14.714285714285714,14.514285714285716,0.0,0.0,0.0,0.1,0.0,1.4142857142857153,1.2714285714285711
2020-12-01,22.7,9.0,15.4,0.0,8.7,75,12,336,1,14.8,13.9,14.4,15.9,14.366666666666653,14.642857142857142,14.471428571428572,0.0,0.0,0.0,0.2,0.0,1.400000000000001,0.7071428571428566
2020-12-02,23.6,9.3,16.2,0.0,10.2,73,12,337,1,15.4,14.8,13.9,14.7,14.699999999999987,14.571428571428571,14.5,0.0,0.0,0.0,9.6,0.0,1.3714285714285723,0.7071428571428566
2020-12-03,22.8,8.9,14.9,0.0,10.2,81,12,338,1,16.2,15.4,14.8,14.2,15.466666666666654,14.785714285714286,14.62142857142857,0.0,0.0,0.0,0.0,0.0,0.0,0.7071428571428566
2020-12-04,23.1,11.2,16.0,0.0,9.4,82,12,339,1,14.9,16.2,15.4,14.6,15.499999999999986,14.885714285714286,14.657142857142857,0.0,0.0,0.0,0.0,0.0,0.0,0.7071428571428566
2020-12-05,23.4,11.7,16.4,0.0,11.3,80,12,340,1,16.0,14.9,16.2,14.4,15.699999999999987,15.085714285714287,14.757142857142856,0.0,0.0,0.0,0.0,0.0,0.0,0.7071428571428566
2020-12-06,23.7,12.6,17.0,0.0,9.8,80,12,341,1,16.4,16.0,14.9,13.9,15.766666666666652,15.37142857142857,14.964285714285714,0.0,0.0,0.0,0.0,0.0,0.0,0.7071428571428566
2020-12-07,23.2,11.4,16.4,0.0,8.7,73,12,342,1,17.0,16.4,16.0,14.8,16.466666666666654,15.814285714285715,15.264285714285714,0.0,0.0,0.0,0.0,0.0,0.0,0.7071428571428566
2020-12-08,20.4,11.3,15.3,0.0,13.1,69,12,343,1,16.4,17.0,16.4,15.4,16.599999999999984,16.04285714285714,15.342857142857143,0.0,0.0,0.0,0.0,0.0,0.0,0.6999999999999995
2020-12-09,20.4,12.7,15.4,0.2,11.3,76,12,344,1,15.3,16.4,17.0,16.2,16.23333333333332,16.02857142857143,15.299999999999999,0.0,0.0,0.0,0.0,0.0,0.0,0.6857142857142852
2020-12-10,22.4,10.9,15.4,0.0,11.2,75,12,345,1,15.4,15.3,16.4,14.9,15.699999999999987,15.914285714285713,15.35,0.2,0.0,0.0,0.0,0.06666666666666904,0.028571428571429587,0.014285714285713779
2020-12-11,17.4,9.4,13.5,0.8,24.3,75,12,346,1,15.4,15.4,15.3,16.0,15.366666666666655,15.985714285714284,15.435714285714285,0.0,0.2,0.0,0.0,0.06666666666666904,0.028571428571429587,0.014285714285713779
2020-12-12,18.3,9.3,13.2,4.4,10.8,80,12,347,1,13.5,15.4,15.4,16.4,14.766666666666653,15.628571428571428,15.357142857142858,0.8,0.0,0.2,0.0,0.3333333333333357,0.14285714285714388,0.07142857142857093
2020-12-13,18.0,8.6,12.0,0.0,8.9,82,12,348,1,13.2,13.5,15.4,17.0,14.033333333333323,15.171428571428573,15.27142857142857,4.4,0.8,0.0,0.0,1.7333333333333358,0.7714285714285725,0.38571428571428523
2020-12-14,17.7,6.3,11.0,0.0,9.4,81,12,349,1,12.0,13.2,13.5,16.4,12.899999999999986,14.457142857142857,15.135714285714284,0.0,4.4,0.8,0.0,1.7333333333333358,0.7714285714285725,0.38571428571428523
2020-12-15,16.8,5.4,10.3,0.0,9.5,82,12,350,1,11.0,12.0,13.2,15.3,12.066666666666654,13.685714285714287,14.864285714285714,0.0,0.0,4.4,0.0,1.4666666666666692,0.7714285714285725,0.38571428571428523
2020-12-16,16.2,4.3,9.3,0.0,9.7,79,12,351,1,10.3,11.0,12.0,15.4,11.099999999999987,12.971428571428572,14.5,0.0,0.0,0.0,0.2,0.0,0.7714285714285725,0.38571428571428523
2020-12-17,16.7,4.8,9.3,0.0,12.5,62,12,352,1,9.3,10.3,11.0,15.4,10.199999999999987,12.1,14.007142857142858,0.0,0.0,0.0,0.0,0.0,0.7428571428571439,0.38571428571428523
2020-12-18,16.8,2.4,9.0,0.0,11.4,61,12,353,1,9.3,9.3,10.3,13.5,9.63333333333332,11.228571428571428,13.607142857142858,0.0,0.0,0.0,0.8,0.0,0.7428571428571439,0.38571428571428523
2020-12-19,17.4,2.1,9.4,0.0,11.3,67,12,354,1,9.0,9.3,9.3,13.2,9.199999999999987,10.585714285714285,13.107142857142858,0.0,0.0,0.0,4.4,0.0,0.6285714285714297,0.38571428571428523
2020-12-20,18.3,3.5,10.6,0.0,10.3,70,12,355,1,9.4,9.0,9.3,12.0,9.23333333333332,10.042857142857143,12.607142857142858,0.0,0.0,0.0,0.0,0.0,0.0,0.38571428571428523
2020-12-21,19.0,5.9,12.0,0.0,9.4,66,12,356,1,10.6,9.4,9.0,11.0,9.666666666666654,9.842857142857143,12.15,0.0,0.0,0.0,0.0,0.0,0.0,0.38571428571428523
2020-12-22,19.1,4.4,11.7,0.0,10.2,76,12,357,1,12.0,10.6,9.4,10.3,10.666666666666654,9.985714285714286,11.835714285714285,0.0,0.0,0.0,0.0,0.0,0.0,0.38571428571428523
2020-12-23,19.2,5.1,11.8,0.0,9.0,80,12,358,1,11.7,12.0,10.6,9.3,11.433333333333318,10.185714285714285,11.578571428571431,0.0,0.0,0.0,0.0,0.0,0.0,0.38571428571428523
2020-12-24,18.0,4.6,11.6,0.0,7.1,80,12,359,1,11.8,11.7,12.0,9.3,11.83333333333332,10.542857142857144,11.321428571428571,0.0,0.0,0.0,0.0,0.0,0.0,0.37142857142857094
2020-12-25,17.9,4.3,10.9,0.0,9.9,81,12,360,1,11.6,11.8,11.7,9.0,11.699999999999987,10.87142857142857,11.049999999999999,0.0,0.0,0.0,0.0,0.0,0.0,0.37142857142857094
2020-12-26,18.1,3.9,10.5,0.0,10.8,80,12,361,1,10.9,11.6,11.8,9.4,11.433333333333321,11.142857142857142,10.864285714285714,0.0,0.0,0.0,0.0,0.0,0.0,0.3142857142857138
2020-12-27,14.4,6.4,9.4,12.6,14.8,91,12,362,1,10.5,10.9,11.6,10.6,10.999999999999986,11.299999999999999,10.671428571428573,0.0,0.0,0.0,0.0,0.0,0.0,0.0
2020-12-28,14.4,7.5,9.9,2.1,14.2,79,12,363,1,9.4,10.5,10.9,12.0,10.266666666666653,11.12857142857143,10.485714285714286,12.6,0.0,0.0,0.0,4.200000000000002,1.800000000000001,0.8999999999999995
2020-12-29,14.6,3.7,8.6,0.0,11.2,79,12,364,1,9.9,9.4,10.5,11.7,9.933333333333321,10.828571428571431,10.407142857142858,2.1,12.6,0.0,0.0,4.900000000000002,2.100000000000001,1.0499999999999994
2020-12-30,15.3,3.8,8.8,0.0,11.6,76,12,365,1,8.6,9.9,9.4,11.8,9.299999999999988,10.385714285714286,10.285714285714286,0.0,2.1,12.6,0.0,4.900000000000002,2.100000000000001,1.0499999999999994
2020-12-31,16.0,2.0,8.0,0.0,10.8,80,12,366,1,8.8,8.6,9.9,11.6,9.099999999999987,9.957142857142857,10.25,0.0,0.0,2.1,0.0,0.7000000000000024,2.100000000000001,1.0499999999999994
2021-01-01,15.7,2.5,8.1,0.0,9.7,79,1,1,1,8.0,8.8,8.6,10.9,8.466666666666654,9.442857142857141,10.157142857142858,0.0,0.0,0.0,0.0,0.0,2.100000000000001,1.0499999999999994
2021-01-02,16.5,3.3,9.2,2.2,11.9,87,1,2,1,8.1,8.0,8.8,10.5,8.299999999999986,9.042857142857143,10.092857142857143,0.0,0.0,0.0,0.0,0.0,2.100000000000001,1.0499999999999994
2021-01-03,17.9,10.3,13.6,5.3,16.7,87,1,3,1,9.2,8.1,8.0,9.4,8.43333333333332,8.857142857142858,10.078571428571427,2.2,0.0,0.0,12.6,0.7333333333333357,2.414285714285715,1.2071428571428566
2021-01-04,19.9,12.5,15.2,6.4,17.8,87,1,4,1,13.6,9.2,8.1,9.9,10.299999999999988,9.457142857142857,10.292857142857143,5.3,2.2,0.0,2.1,2.500000000000002,1.3714285714285723,1.5857142857142852
2021-01-05,15.9,13.4,14.5,56.8,18.1,94,1,5,1,15.2,13.6,9.2,8.6,12.666666666666652,10.214285714285714,10.521428571428572,6.4,5.3,2.2,0.0,4.6333333333333355,1.9857142857142869,2.0428571428571423
2021-01-06,18.1,11.3,14.4,10.8,12.3,88,1,6,1,14.5,15.2,13.6,8.8,14.433333333333321,11.057142857142859,10.721428571428572,56.8,6.4,5.3,0.0,22.833333333333332,10.1,6.1
2021-01-07,18.5,8.9,13.3,0.0,6.8,88,1,7,1,14.4,14.5,15.2,8.0,14.699999999999987,11.857142857142858,10.907142857142858,10.8,56.8,6.4,0.0,24.666666666666668,11.642857142857142,6.871428571428571
2021-01-08,17.4,8.6,12.9,0.2,10.0,87,1,8,1,13.3,14.4,14.5,8.1,14.066666666666654,12.614285714285716,11.028571428571428,0.0,10.8,56.8,0.0,22.53333333333333,11.642857142857142,6.871428571428571
2021-01-09,17.0,7.0,10.6,0.0,10.4,88,1,9,1,12.9,13.3,14.4,9.2,13.533333333333323,13.299999999999999,11.171428571428573,0.2,0.0,10.8,2.2,3.6666666666666665,11.671428571428573,6.885714285714285
2021-01-10,17.0,5.8,10.1,0.0,10.9,87,1,10,1,10.6,12.9,13.3,13.6,12.266666666666653,13.5,11.178571428571429,0.0,0.2,0.0,5.3,0.06666666666666667,11.357142857142858,6.885714285714285
2021-01-11,17.1,6.5,10.7,0.0,10.0,89,1,11,1,10.1,10.6,12.9,15.2,11.199999999999987,13.0,11.228571428571428,0.0,0.0,0.2,6.4,0.06666666666666667,10.6,5.985714285714286
2021-01-12,16.4,5.8,9.5,0.0,9.4,88,1,12,1,10.7,10.1,10.6,14.5,10.466666666666654,12.357142857142858,11.285714285714286,0.0,0.0,0.0,56.8,0.0,9.685714285714285,5.8357142857142845
2021-01-13,13.5,4.5,8.4,0.0,4.7,91,1,13,1,9.5,10.7,10.1,14.4,10.099999999999987,11.642857142857142,11.35,0.0,0.0,0.0,10.8,0.0,1.5714285714285725,5.8357142857142845
2021-01-14,13.7,3.4,8.1,0.0,8.8,93,1,14,1,8.4,9.5,10.7,13.3,9.533333333333319,10.785714285714286,11.321428571428571,0.0,0.0,0.0,0.0,0.0,0.028571428571429587,5.8357142857142845
2021-01-15,14.1,5.9,9.0,0.0,7.6,94,1,15,1,8.1,8.4,9.5,12.9,8.666666666666655,10.042857142857143,11.328571428571427,0.0,0.0,0.0,0.2,0.0,0.028571428571429587,5.8357142857142845
2021-01-16,13.2,5.6,8.4,0.0,8.9,95,1,16,1,9.0,8.1,8.4,10.6,8.499999999999988,9.485714285714286,11.392857142857142,0.0,0.0,0.0,0.0,0.0,0.0,5.8357142857142845
2021-01-17,13.5,6.2,8.8,0.0,10.6,92,1,17,1,8.4,9.0,8.1,10.1,8.499999999999988,9.171428571428573,11.335714285714287,0.0,0.0,0.0,0.0,0.0,0.0,5.678571428571428
2021-01-18,18.1,5.9,11.2,0.0,8.8,87,1,18,1,8.8,8.4,9.0,10.7,8.733333333333322,8.985714285714286,10.992857142857144,0.0,0.0,0.0,0.0,0.0,0.0,5.299999999999999
2021-01-19,19.3,7.1,11.8,0.0,9.9,83,1,19,1,11.2,8.8,8.4,9.5,9.466666666666653,9.057142857142859,10.707142857142857,0.0,0.0,0.0,0.0,0.0,0.0,4.8428571428571425
2021-01-20,19.5,5.5,11.7,0.0,10.3,80,1,20,1,11.8,11.2,8.8,8.4,10.599999999999987,9.385714285714286,10.514285714285714,0.0,0.0,0.0,0.0,0.0,0.0,0.7857142857142853
2021-01-21,19.3,4.2,10.7,0.0,12.0,77,1,21,1,11.7,11.8,11.2,8.1,11.566666666666654,9.857142857142858,10.321428571428571,0.0,0.0,0.0,0.0,0.0,0.0,0.014285714285713779
2021-01-22,18.6,6.1,11.6,0.0,15.0,83,1,22,1,10.7,11.7,11.8,9.0,11.399999999999986,10.228571428571428,10.135714285714286,0.0,0.0,0.0,0.0,0.0,0.0,0.014285714285713779
2021-01-23,15.5,7.3,11.5,3.3,16.0,86,1,23,1,11.6,10.7,11.7,8.4,11.33333333333332,10.6,10.042857142857143,0.0,0.0,0.0,0.0,0.0,0.0,0.0
2021-01-24,17.9,6.9,11.4,0.0,11.3,78,1,24,1,11.5,11.6,10.7,8.8,11.266666666666653,11.042857142857143,10.107142857142858,3.3,0.0,0.0,0.0,1.0999999999999999,0.4714285714285724,0.23571428571428518
2021-01-25,18.2,7.0,11.4,0.0,10.4,71,1,25,1,11.4,11.5,11.6,11.2,11.499999999999986,11.414285714285715,10.200000000000001,0.0,3.3,0.0,0.0,1.0999999999999999,0.4714285714285724,0.23571428571428518
2021-01-26,17.8,4.1,10.3,0.0,11.4,76,1,26,1,11.4,11.4,11.5,11.8,11.433333333333321,11.442857142857141,10.25,0.0,0.0,3.3,0.0,1.0999999999999999,0.4714285714285724,0.23571428571428518
2021-01-27,18.0,4.5,10.3,0.0,12.1,75,1,27,1,10.3,11.4,11.4,11.7,11.033333333333319,11.228571428571428,10.307142857142855,0.0,0.0,0.0,0.0,0.0,0.4714285714285724,0.23571428571428518
2021-01-28,17.9,5.6,10.4,0.0,10.9,76,1,28,1,10.3,10.3,11.4,10.7,10.666666666666655,11.028571428571428,10.442857142857141,0.0,0.0,0.0,0.0,0.0,0.4714285714285724,0.23571428571428518
2021-01-29,17.8,4.0,10.3,0.0,10.8,75,1,29,1,10.4,10.3,10.3,11.6,10.333333333333321,10.985714285714284,10.607142857142858,0.0,0.0,0.0,0.0,0.0,0.4714285714285724,0.23571428571428518
2021-01-30,18.0,3.5,10.9,0.0,9.7,68,1,30,1,10.3,10.4,10.3,11.5,10.33333333333332,10.799999999999999,10.700000000000001,0.0,0.0,0.0,3.3,0.0,0.4714285714285724,0.23571428571428518
2021-01-31,19.1,4.4,11.6,0.0,10.2,75,1,31,1,10.9,10.3,10.4,11.4,10.533333333333319,10.714285714285714,10.878571428571428,0.0,0.0,0.0,0.0,0.0,0.0,0.23571428571428518
2021-02-01,19.9,6.3,11.9,0.0,11.9,79,2,32,1,11.6,10.9,10.3,11.4,10.933333333333321,10.742857142857144,11.078571428571431,0.0,0.0,0.0,0.0,0.0,0.0,0.23571428571428518
2021-02-02,19.9,5.8,12.5,0.0,9.7,73,2,33,1,11.9,11.6,10.9,10.3,11.466666666666654,10.814285714285715,11.128571428571428,0.0,0.0,0.0,0.0,0.0,0.0,0.23571428571428518
2021-02-03,19.7,8.1,13.2,0.2,17.6,78,2,34,1,12.5,11.9,11.6,10.3,11.999999999999988,11.12857142857143,11.178571428571429,0.0,0.0,0.0,0.0,0.0,0.0,0.23571428571428518
2021-02-04,17.7,8.8,12.5,2.2,17.3,77,2,35,1,13.2,12.5,11.9,10.4,12.533333333333319,11.542857142857143,11.285714285714286,0.2,0.0,0.0,0.0,0.06666666666666667,0.028571428571429587,0.2499999999999995
2021-02-05,18.4,7.0,12.3,0.0,10.7,76,2,36,1,12.5,13.2,12.5,10.3,12.73333333333332,11.842857142857143,11.414285714285715,2.2,0.2,0.0,0.0,0.8000000000000002,0.3428571428571439,0.40714285714285664
2021-02-06,19.8,6.8,13.0,0.0,12.2,75,2,37,1,12.3,12.5,13.2,10.9,12.666666666666655,12.128571428571428,11.464285714285714,0.0,2.2,0.2,0.0,0.8000000000000002,0.3428571428571439,0.40714285714285664
2021-02-07,21.0,7.0,14.2,0.0,9.7,72,2,38,1,13.0,12.3,12.5,11.6,12.599999999999987,12.428571428571429,11.571428571428571,0.0,0.0,2.2,0.0,0.7333333333333334,0.3428571428571439,0.17142857142857096
2021-02-08,22.0,7.9,14.8,0.0,7.1,76,2,39,1,14.2,13.0,12.3,11.9,13.166666666666652,12.8,11.771428571428572,0.0,0.0,0.0,0.0,0.0,0.3428571428571439,0.17142857142857096
2021-02-09,22.2,8.8,14.7,0.0,9.0,83,2,40,1,14.8,14.2,13.0,12.5,13.999999999999988,13.214285714285714,12.014285714285714,0.0,0.0,0.0,0.0,0.0,0.3428571428571439,0.17142857142857096
2021-02-10,22.5,9.0,15.2,0.0,10.7,83,2,41,1,14.7,14.8,14.2,13.2,14.566666666666654,13.528571428571428,12.328571428571431,0.0,0.0,0.0,0.2,0.0,0.3428571428571439,0.17142857142857096
2021-02-11,22.9,9.6,15.5,0.0,10.0,84,2,42,1,15.2,14.7,14.8,12.5,14.899999999999986,13.814285714285715,12.678571428571429,0.0,0.0,0.0,2.2,0.0,0.31428571428571533,0.17142857142857096
2021-02-12,22.7,9.7,15.4,0.0,10.5,83,2,43,1,15.5,15.2,14.7,12.3,15.13333333333332,14.242857142857144,13.042857142857143,0.0,0.0,0.0,0.0,0.0,0.0,0.17142857142857096
2021-02-13,22.4,10.9,15.9,0.0,7.3,82,2,44,1,15.4,15.5,15.2,13.0,15.366666666666653,14.685714285714285,13.407142857142858,0.0,0.0,0.0,0.0,0.0,0.0,0.17142857142857096
2021-02-14,22.1,10.5,15.4,0.0,9.4,88,2,45,1,15.9,15.4,15.5,14.2,15.599999999999987,15.1,13.764285714285716,0.0,0.0,0.0,0.0,0.0,0.0,0.17142857142857096
2021-02-15,22.0,10.9,15.8,0.0,6.3,88,2,46,1,15.4,15.9,15.4,14.8,15.566666666666654,15.271428571428572,14.035714285714286,0.0,0.0,0.0,0.0,0.0,0.0,0.17142857142857096
2021-02-16,22.3,10.5,15.5,0.0,8.4,90,2,47,1,15.8,15.4,15.9,14.7,15.699999999999989,15.414285714285715,14.314285714285715,0.0,0.0,0.0,0.0,0.0,0.0,0.17142857142857096
2021-02-17,22.6,10.4,15.8,0.0,10.5,86,2,48,1,15.5,15.8,15.4,15.2,15.566666666666654,15.528571428571428,14.528571428571428,0.0,0.0,0.0,0.0,0.0,0.0,0.17142857142857096
2021-02-18,23.2,10.8,15.9,0.0,11.3,86,2,49,1,15.8,15.5,15.8,15.5,15.699999999999989,15.614285714285714,14.714285714285714,0.0,0.0,0.0,0.0,0.0,0.0,0.15714285714285664
2021-02-19,22.9,9.9,15.8,0.0,9.3,83,2,50,1,15.9,15.8,15.5,15.4,15.73333333333332,15.671428571428573,14.957142857142857,0.0,0.0,0.0,0.0,0.0,0.0,0.0
2021-02-20,23.5,10.6,17.3,0.0,7.3,79,2,51,1,15.8,15.9,15.8,15.9,15.833333333333321,15.72857142857143,15.207142857142857,0.0,0.0,0.0,0.0,0.0,0.0,0.0
2021-02-21,24.1,10.5,17.1,0.0,11.8,81,2,52,1,17.3,15.8,15.9,15.4,16.333333333333318,15.928571428571429,15.514285714285716,0.0,0.0,0.0,0.0,0.0,0.0,0.0
2021-02-22,25.5,11.8,17.9,0.0,10.6,77,2,53,1,17.1,17.3,15.8,15.8,16.73333333333332,16.17142857142857,15.721428571428572,0.0,0.0,0.0,0.0,0.0,0.0,0.0
2021-02-23,26.7,13.6,19.2,0.0,10.5,75,2,54,1,17.9,17.1,17.3,15.5,17.43333333333332,16.47142857142857,15.942857142857145,0.0,0.0,0.0,0.0,0.0,0.0,0.0
2021-02-24,26.3,12.1,18.5,0.0,9.4,73,2,55,1,19.2,17.9,17.1,15.8,18.066666666666652,17.0,16.264285714285712,0.0,0.0,0.0,0.0,0.0,0.0,0.0
2021-02-25,27.4,13.8,19.7,0.0,14.3,63,2,56,1,18.5,19.2,17.9,15.9,18.53333333333332,17.385714285714286,16.5,0.0,0.0,0.0,0.0,0.0,0.0,0.0
2021-02-26,27.8,14.4,20.4,2.2,23.0,63,2,57,1,19.7,18.5,19.2,15.8,19.133333333333322,17.928571428571427,16.8,0.0,0.0,0.0,0.0,0.0,0.0,0.0
2021-02-27,23.6,14.1,18.4,0.3,20.7,74,2,58,1,20.4,19.7,18.5,17.3,19.533333333333317,18.585714285714285,17.157142857142855,2.2,0.0,0.0,0.0,0.7333333333333334,0.31428571428571533,0.15714285714285664
2021-02-28,23.8,12.2,17.5,0.0,9.3,73,2,59,1,18.4,20.4,19.7,17.1,19.499999999999986,18.74285714285714,17.335714285714285,0.3,2.2,0.0,0.0,0.8333333333333334,0.35714285714285815,0.17857142857142808
2021-03-01,24.7,10.8,17.3,0.0,13.2,66,3,60,2,17.5,18.4,20.4,17.9,18.76666666666665,18.8,17.485714285714288,0.0,0.3,2.2,0.0,0.8333333333333334,0.35714285714285815,0.17857142857142808
2021-03-02,26.1,11.7,17.7,0.0,14.3,56,3,61,2,17.3,17.5,18.4,19.2,17.73333333333332,18.714285714285715,17.592857142857145,0.0,0.0,0.3,0.0,0.09999999999999999,0.35714285714285815,0.17857142857142808
2021-03-03,26.4,11.5,18.7,0.0,10.7,60,3,62,2,17.7,17.3,17.5,18.5,17.499999999999986,18.5,17.75,0.0,0.0,0.0,0.0,0.0,0.35714285714285815,0.17857142857142808
2021-03-04,26.3,12.5,18.3,0.0,11.2,67,3,63,2,18.7,17.7,17.3,19.7,17.899999999999988,18.52857142857143,17.957142857142856,0.0,0.0,0.0,0.0,0.0,0.35714285714285815,0.17857142857142808
2021-03-05,27.7,12.1,19.0,0.0,13.5,60,3,64,2,18.3,18.7,17.7,20.4,18.23333333333332,18.32857142857143,18.128571428571426,0.0,0.0,0.0,2.2,0.0,0.35714285714285815,0.17857142857142808
2021-03-06,25.6,11.3,18.3,0.0,11.6,54,3,65,2,19.0,18.3,18.7,18.4,18.666666666666654,18.12857142857143,18.357142857142858,0.0,0.0,0.0,0.3,0.0,0.04285714285714387,0.17857142857142808
2021-03-07,28.3,16.1,21.3,0.0,14.3,52,3,66,2,18.3,19.0,18.3,17.5,18.53333333333332,18.114285714285714,18.428571428571427,0.0,0.0,0.0,0.0,0.0,0.0,0.17857142857142808
2021-03-08,26.2,15.6,20.3,0.6,15.8,60,3,67,2,21.3,18.3,19.0,17.3,19.53333333333332,18.657142857142862,18.728571428571428,0.0,0.0,0.0,0.0,0.0,0.0,0.17857142857142808
2021-03-09,28.0,14.2,20.8,0.0,11.6,59,3,68,2,20.3,21.3,18.3,17.7,19.966666666666654,19.085714285714285,18.9,0.6,0.0,0.0,0.0,0.19999999999999998,0.08571428571428673,0.22142857142857092
2021-03-10,27.5,14.5,20.6,0.1,14.2,67,3,69,2,20.8,20.3,21.3,18.7,20.799999999999986,19.528571428571432,19.014285714285712,0.0,0.6,0.0,0.0,0.19999999999999998,0.08571428571428673,0.22142857142857092
2021-03-11,25.8,15.0,20.5,0.0,18.9,53,3,70,2,20.6,20.8,20.3,18.3,20.566666666666652,19.800000000000004,19.164285714285715,0.1,0.0,0.6,0.0,0.2333333333333333,0.100000000000001,0.22857142857142806
2021-03-12,23.4,14.0,18.6,5.0,27.1,64,3,71,2,20.5,20.6,20.8,19.0,20.633333333333322,20.114285714285717,19.22142857142857,0.0,0.1,0.0,0.0,0.03333333333333333,0.100000000000001,0.22857142857142806
2021-03-13,26.1,12.5,18.7,0.0,12.2,63,3,72,2,18.6,20.5,20.6,18.3,19.899999999999988,20.057142857142857,19.092857142857145,5.0,0.0,0.1,0.0,1.7,0.8142857142857153,0.42857142857142805
2021-03-14,25.4,12.9,19.2,0.0,9.8,69,3,73,2,18.7,18.6,20.5,21.3,19.266666666666655,20.114285714285717,19.114285714285717,0.0,5.0,0.0,0.0,1.6666666666666667,0.8142857142857153,0.40714285714285664
2021-03-15,26.5,14.9,20.0,0.0,13.0,66,3,74,2,19.2,18.7,18.6,20.3,18.833333333333318,19.814285714285713,19.235714285714288,0.0,0.0,5.0,0.6,1.6666666666666667,0.8142857142857153,0.40714285714285664
2021-03-16,27.9,14.4,20.9,0.0,10.7,67,3,75,2,20.0,19.2,18.7,20.8,19.299999999999986,19.771428571428572,19.428571428571427,0.0,0.0,0.0,0.0,0.0,0.7285714285714296,0.40714285714285664
2021-03-17,28.7,14.7,21.5,0.5,11.8,66,3,76,2,20.9,20.0,19.2,20.6,20.033333333333317,19.785714285714285,19.657142857142855,0.0,0.0,0.0,0.1,0.0,0.7285714285714296,0.40714285714285664
2021-03-18,28.4,14.2,21.0,0.0,10.9,62,3,77,2,21.5,20.9,20.0,20.5,20.799999999999986,19.914285714285715,19.857142857142858,0.5,0.0,0.0,0.0,0.16666666666666666,0.7857142857142867,0.44285714285714234
2021-03-19,29.2,16.6,21.8,0.0,15.6,55,3,78,2,21.0,21.5,20.9,18.6,21.133333333333322,19.985714285714288,20.05,0.0,0.5,0.0,5.0,0.16666666666666666,0.7857142857142867,0.44285714285714234
2021-03-20,28.6,14.7,21.3,0.0,10.0,58,3,79,2,21.8,21.0,21.5,18.7,21.43333333333332,20.442857142857143,20.25,0.0,0.0,0.5,0.0,0.16666666666666666,0.07142857142857244,0.44285714285714234
2021-03-21,22.7,15.8,19.2,3.6,15.9,76,3,80,2,21.3,21.8,21.0,19.2,21.366666666666656,20.814285714285713,20.464285714285715,0.0,0.0,0.0,0.0,0.0,0.07142857142857244,0.44285714285714234
2021-03-22,22.8,15.8,18.8,3.5,23.9,77,3,81,2,19.2,21.3,21.8,20.0,20.766666666666655,20.814285714285713,20.314285714285713,3.6,0.0,0.0,0.0,1.2,0.5857142857142866,0.6999999999999995
2021-03-23,22.4,15.1,18.1,12.5,32.8,77,3,82,2,18.8,19.2,21.3,20.9,19.76666666666665,20.642857142857142,20.20714285714286,3.5,3.6,0.0,0.0,2.3666666666666667,1.0857142857142867,0.9071428571428567
2021-03-24,24.4,13.0,18.3,0.0,15.3,70,3,83,2,18.1,18.8,19.2,21.5,18.69999999999999,20.24285714285714,20.014285714285716,12.5,3.5,3.6,0.5,6.533333333333334,2.8714285714285728,1.7999999999999996
2021-03-25,25.8,13.6,19.0,0.0,13.3,69,3,84,2,18.3,18.1,18.8,21.0,18.399999999999988,19.785714285714285,19.849999999999998,0.0,12.5,3.5,0.0,5.333333333333333,2.800000000000001,1.7928571428571425
2021-03-26,27.5,13.5,20.1,0.0,10.8,69,3,85,2,19.0,18.3,18.1,21.8,18.466666666666654,19.5,19.74285714285714,0.0,0.0,12.5,0.0,4.166666666666667,2.800000000000001,1.7928571428571425
2021-03-27,28.8,14.9,22.0,0.0,9.7,72,3,86,2,20.1,19.0,18.3,21.3,19.133333333333322,19.25714285714286,19.849999999999998,0.0,0.0,0.0,0.0,0.0,2.800000000000001,1.4357142857142853
2021-03-28,30.1,16.7,23.6,0.1,17.5,72,3,87,2,22.0,20.1,19.0,19.2,20.366666666666656,19.357142857142858,20.085714285714285,0.0,0.0,0.0,3.6,0.0,2.800000000000001,1.4357142857142853
2021-03-29,32.2,21.8,25.9,0.0,22.3,58,3,88,2,23.6,22.0,20.1,18.8,21.899999999999988,19.985714285714288,20.400000000000002,0.1,0.0,0.0,3.5,0.03333333333333333,2.3000000000000007,1.4428571428571424
2021-03-30,31.1,19.4,25.0,0.0,20.9,40,3,89,2,25.9,23.6,22.0,18.1,23.833333333333318,21.0,20.821428571428573,0.0,0.1,0.0,12.5,0.03333333333333333,1.800000000000001,1.4428571428571424
2021-03-31,28.1,17.9,22.2,0.0,25.6,25,3,90,2,25.0,25.9,23.6,18.3,24.833333333333318,21.985714285714288,21.114285714285717,0.0,0.0,0.1,0.0,0.03333333333333333,0.014285714285715302,1.4428571428571424
2021-04-01,28.6,17.5,22.7,0.0,28.7,18,4,91,2,22.2,25.0,25.9,19.0,24.366666666666656,22.542857142857144,21.164285714285715,0.0,0.0,0.0,0.0,0.0,0.014285714285715302,1.4071428571428566
2021-04-02,27.5,16.3,21.0,0.0,22.8,23,4,92,2,22.7,22.2,25.0,20.1,23.299999999999983,23.071428571428573,21.285714285714285,0.0,0.0,0.0,0.0,0.0,0.014285714285715302,1.4071428571428566
2021-04-03,29.6,12.4,20.5,0.0,11.9,45,4,93,2,21.0,22.7,22.2,22.0,21.96666666666665,23.2,21.228571428571428,0.0,0.0,0.0,0.0,0.0,0.014285714285715302,1.4071428571428566
2021-04-04,29.5,14.0,21.7,0.0,12.7,46,4,94,2,20.5,21.0,22.7,23.6,21.399999999999988,22.985714285714288,21.17142857142857,0.0,0.0,0.0,0.1,0.0,0.014285714285715302,1.4071428571428566
2021-04-05,30.5,17.7,23.7,0.0,13.7,46,4,95,2,21.7,20.5,21.0,25.9,21.066666666666652,22.714285714285715,21.349999999999998,0.0,0.0,0.0,0.0,0.0,0.0,1.1499999999999997
2021-04-06,30.3,18.0,23.2,6.1,22.1,56,4,96,2,23.7,21.7,20.5,25.0,21.96666666666665,22.400000000000002,21.7,0.0,0.0,0.0,0.0,0.0,0.0,0.8999999999999995
2021-04-07,28.4,14.9,21.7,0.1,15.3,63,4,97,2,23.2,23.7,21.7,22.2,22.86666666666665,22.142857142857142,22.064285714285717,6.1,0.0,0.0,0.0,2.033333333333333,0.8714285714285724,0.4428571428571423
2021-04-08,28.4,14.1,21.6,0.0,14.0,47,4,98,2,21.7,23.2,23.7,22.7,22.866666666666656,22.071428571428573,22.307142857142857,0.1,6.1,0.0,0.0,2.0666666666666664,0.8857142857142867,0.4499999999999994
2021-04-09,30.2,14.3,21.8,0.0,11.2,48,4,99,2,21.6,21.7,23.2,21.0,22.166666666666654,21.914285714285715,22.492857142857144,0.0,0.1,6.1,0.0,2.0666666666666664,0.8857142857142867,0.4499999999999994
2021-04-10,31.8,16.9,23.4,0.0,12.6,41,4,100,2,21.8,21.6,21.7,20.5,21.69999999999999,22.02857142857143,22.614285714285717,0.0,0.0,0.1,0.0,0.03333333333333333,0.8857142857142867,0.4499999999999994
2021-04-11,31.9,17.3,24.2,0.0,12.4,41,4,101,2,23.4,21.8,21.6,21.7,22.26666666666665,22.442857142857143,22.714285714285715,0.0,0.0,0.0,0.0,0.0,0.8857142857142867,0.4499999999999994
2021-04-12,32.1,20.5,25.7,0.0,16.6,39,4,102,2,24.2,23.4,21.8,23.7,23.133333333333322,22.8,22.757142857142856,0.0,0.0,0.0,0.0,0.0,0.8857142857142867,0.4428571428571423
2021-04-13,33.4,18.8,25.8,0.0,13.5,42,4,103,2,25.7,24.2,23.4,23.2,24.43333333333332,23.085714285714285,22.74285714285714,0.0,0.0,0.0,6.1,0.0,0.8857142857142867,0.4428571428571423
2021-04-14,34.4,20.1,26.1,0.0,26.1,42,4,104,2,25.8,25.7,24.2,21.7,25.23333333333332,23.457142857142856,22.8,0.0,0.0,0.0,0.1,0.0,0.014285714285715302,0.4428571428571423
2021-04-15,30.9,21.0,25.8,0.0,20.3,40,4,105,2,26.1,25.8,25.7,21.6,25.866666666666656,24.08571428571429,23.07857142857143,0.0,0.0,0.0,0.0,0.0,0.0,0.4428571428571423
2021-04-16,28.8,20.3,23.6,0.6,27.5,51,4,106,2,25.8,26.1,25.8,21.8,25.899999999999988,24.685714285714283,23.300000000000004,0.0,0.0,0.0,0.0,0.0,0.0,0.4428571428571423
2021-04-17,23.6,17.6,20.1,6.9,19.3,82,4,107,2,23.6,25.8,26.1,23.4,25.166666666666657,24.942857142857147,23.485714285714288,0.6,0.0,0.0,0.0,0.19999999999999998,0.08571428571428673,0.4857142857142852
2021-04-18,28.7,16.9,22.7,0.0,13.3,61,4,108,2,20.1,23.6,25.8,24.2,23.166666666666654,24.47142857142857,23.45714285714286,6.9,0.6,0.0,0.0,2.5,1.0714285714285725,0.978571428571428
2021-04-19,31.1,17.9,23.9,0.0,14.9,45,4,109,2,22.7,20.1,23.6,25.7,22.133333333333322,24.25714285714286,23.528571428571432,0.0,6.9,0.6,0.0,2.5,1.0714285714285725,0.978571428571428
2021-04-20,28.6,15.7,22.0,0.6,19.4,54,4,110,2,23.9,22.7,20.1,25.8,22.23333333333332,24.0,23.54285714285714,0.0,0.0,6.9,0.0,2.3000000000000003,1.0714285714285725,0.978571428571428
2021-04-21,24.9,17.7,20.8,0.2,13.8,62,4,111,2,22.0,23.9,22.7,26.1,22.866666666666656,23.45714285714286,23.457142857142856,0.6,0.0,0.0,0.0,0.19999999999999998,1.1571428571428581,0.5857142857142853
2021-04-22,25.0,15.8,20.3,0.2,23.6,70,4,112,2,20.8,22.0,23.9,25.8,22.23333333333332,22.699999999999996,23.392857142857142,0.2,0.6,0.0,0.0,0.26666666666666666,1.1857142857142868,0.5928571428571424
2021-04-23,25.8,16.0,20.3,3.5,19.2,61,4,113,2,20.3,20.8,22.0,23.6,21.03333333333332,21.914285714285715,23.3,0.2,0.2,0.6,0.6,0.3333333333333333,1.2142857142857153,0.6071428571428567
2021-04-24,30.6,13.2,22.1,0.0,12.9,55,4,114,2,20.3,20.3,20.8,20.1,20.466666666666654,21.442857142857147,23.192857142857143,3.5,0.2,0.2,6.9,1.3,1.6285714285714297,0.8571428571428567
2021-04-25,33.7,16.6,25.7,0.0,9.0,42,4,115,2,22.1,20.3,20.3,22.7,20.899999999999988,21.728571428571428,23.099999999999998,0.0,3.5,0.2,0.0,1.2333333333333332,0.6428571428571439,0.8571428571428567
2021-04-26,35.7,17.7,27.7,0.0,8.3,40,4,116,2,25.7,22.1,20.3,23.9,22.69999999999999,22.157142857142855,23.20714285714286,0.0,0.0,3.5,0.0,1.1666666666666667,0.6428571428571439,0.8571428571428567
2021-04-27,37.3,19.4,28.8,0.0,14.4,39,4,117,2,27.7,25.7,22.1,22.0,25.166666666666654,22.7,23.35,0.0,0.0,0.0,0.6,0.0,0.6428571428571439,0.8571428571428567
2021-04-28,37.7,20.5,29.0,0.0,12.9,36,4,118,2,28.8,27.7,25.7,20.8,27.399999999999988,23.67142857142857,23.564285714285717,0.0,0.0,0.0,0.2,0.0,0.5571428571428582,0.8571428571428567
2021-04-29,37.6,20.9,28.8,0.0,20.2,35,4,119,2,29.0,28.8,27.7,20.3,28.499999999999986,24.842857142857138,23.771428571428572,0.0,0.0,0.0,0.2,0.0,0.5285714285714296,0.8571428571428567
2021-04-30,37.0,21.1,29.3,0.0,11.9,37,4,120,2,28.8,29.0,28.8,20.3,28.866666666666656,26.057142857142857,23.985714285714284,0.0,0.0,0.0,3.5,0.0,0.500000000000001,0.8571428571428567
2021-05-01,36.9,22.3,29.9,0.0,14.5,35,5,121,2,29.3,28.8,29.0,22.1,29.03333333333332,27.342857142857145,24.392857142857142,0.0,0.0,0.0,0.0,0.0,0.0,0.814285714285714
2021-05-02,37.6,22.3,30.5,0.0,10.8,35,5,122,2,29.9,29.3,28.8,25.7,29.333333333333325,28.457142857142856,25.092857142857145,0.0,0.0,0.0,0.0,0.0,0.0,0.3214285714285709
2021-05-03,37.1,22.5,30.2,0.0,9.6,37,5,123,2,30.5,29.9,29.3,27.7,29.899999999999988,29.142857142857142,25.650000000000002,0.0,0.0,0.0,0.0,0.0,0.0,0.3214285714285709
2021-05-04,35.3,22.9,28.7,1.0,14.9,47,5,124,2,30.2,30.5,29.9,28.8,30.19999999999999,29.5,26.1,0.0,0.0,0.0,0.0,0.0,0.0,0.3214285714285709
2021-05-05,33.6,22.5,27.8,0.0,16.4,50,5,125,2,28.7,30.2,30.5,29.0,29.799999999999983,29.485714285714288,26.57857142857143,1.0,0.0,0.0,0.0,0.3333333333333333,0.14285714285714388,0.34999999999999953
2021-05-06,33.4,21.6,27.3,0.5,12.6,50,5,126,2,27.8,28.7,30.2,28.8,28.899999999999988,29.314285714285717,27.07857142857143,0.0,1.0,0.0,0.0,0.3333333333333333,0.14285714285714388,0.33571428571428513
2021-05-07,31.7,23.8,27.1,0.6,15.5,53,5,127,2,27.3,27.8,28.7,29.3,27.93333333333332,29.099999999999998,27.57857142857143,0.5,0.0,1.0,0.0,0.5,0.2142857142857153,0.35714285714285665
2021-05-08,34.1,21.0,27.5,0.0,11.2,48,5,128,2,27.1,27.3,27.8,29.9,27.399999999999988,28.785714285714285,28.064285714285713,0.6,0.5,0.0,0.0,0.3666666666666667,0.30000000000000104,0.1499999999999995
2021-05-09,34.0,21.7,28.2,1.3,12.8,44,5,129,2,27.5,27.1,27.3,30.5,27.299999999999986,28.442857142857147,28.45,0.0,0.6,0.5,0.0,0.3666666666666667,0.30000000000000104,0.1499999999999995
2021-05-10,35.6,22.3,28.8,0.2,14.4,45,5,130,2,28.2,27.5,27.1,30.2,27.59999999999999,28.114285714285717,28.628571428571426,1.3,0.0,0.6,0.0,0.6333333333333333,0.4857142857142867,0.24285714285714236
2021-05-11,33.2,23.5,28.3,0.0,12.9,47,5,131,2,28.8,28.2,27.5,28.7,28.166666666666654,27.914285714285715,28.707142857142856,0.2,1.3,0.0,1.0,0.49999999999999994,0.5142857142857153,0.2571428571428566
2021-05-12,33.3,21.7,27.3,0.4,13.0,50,5,132,2,28.3,28.8,28.2,27.8,28.43333333333332,27.857142857142858,28.67142857142857,0.0,0.2,1.3,0.0,0.5,0.37142857142857244,0.2571428571428566
2021-05-13,30.4,21.3,25.4,1.0,21.4,61,5,133,2,27.3,28.3,28.8,27.3,28.133333333333322,27.785714285714285,28.55,0.4,0.0,0.2,0.5,0.19999999999999996,0.4285714285714296,0.2857142857142852
2021-05-14,32.2,19.2,26.0,0.5,12.0,57,5,134,2,25.4,27.3,28.3,27.1,26.99999999999999,27.514285714285716,28.307142857142857,1.0,0.4,0.0,0.6,0.4666666666666666,0.500000000000001,0.35714285714285665
2021-05-15,33.6,21.4,27.6,0.0,12.9,46,5,135,2,26.0,25.4,27.3,27.5,26.23333333333332,27.357142857142858,28.071428571428573,0.5,1.0,0.4,0.0,0.6333333333333333,0.4857142857142867,0.39285714285714235
2021-05-16,36.0,21.4,29.3,0.0,13.8,35,5,136,2,27.6,26.0,25.4,28.2,26.333333333333325,27.37142857142857,27.907142857142855,0.0,0.5,1.0,1.3,0.5,0.4857142857142867,0.39285714285714235
2021-05-17,37.8,23.2,30.5,0.0,17.1,33,5,137,2,29.3,27.6,26.0,28.8,27.633333333333322,27.52857142857143,27.821428571428573,0.0,0.0,0.5,0.2,0.16666666666666666,0.30000000000000104,0.39285714285714235
2021-05-18,38.9,23.6,31.0,0.0,18.9,32,5,138,2,30.5,29.3,27.6,28.3,29.133333333333322,27.77142857142857,27.842857142857145,0.0,0.0,0.0,0.0,0.0,0.27142857142857246,0.39285714285714235
2021-05-19,35.2,24.0,29.3,0.0,13.3,46,5,139,2,31.0,30.5,29.3,27.3,30.266666666666655,28.157142857142862,28.00714285714286,0.0,0.0,0.0,0.4,0.0,0.27142857142857246,0.3214285714285709
2021-05-20,36.5,22.8,29.7,0.0,16.0,44,5,140,2,29.3,31.0,30.5,25.4,30.26666666666665,28.442857142857143,28.11428571428571,0.0,0.0,0.0,1.0,0.0,0.2142857142857153,0.3214285714285709
2021-05-21,35.6,22.8,29.4,0.3,17.6,42,5,141,2,29.7,29.3,31.0,26.0,29.999999999999986,29.057142857142853,28.285714285714285,0.0,0.0,0.0,0.5,0.0,0.07142857142857244,0.2857142857142852
2021-05-22,36.7,22.2,30.0,0.0,12.8,36,5,142,2,29.4,29.7,29.3,27.6,29.466666666666654,29.54285714285714,28.45,0.3,0.0,0.0,0.0,0.09999999999999999,0.04285714285714387,0.26428571428571374
2021-05-23,33.5,24.3,28.7,0.0,18.7,37,5,143,2,30.0,29.4,29.7,29.3,29.69999999999999,29.885714285714283,28.62857142857143,0.0,0.3,0.0,0.0,0.09999999999999999,0.04285714285714387,0.26428571428571374
2021-05-24,36.3,21.6,29.0,0.0,18.3,38,5,144,2,28.7,30.0,29.4,30.5,29.366666666666656,29.8,28.664285714285715,0.0,0.0,0.3,0.0,0.09999999999999999,0.04285714285714387,0.1714285714285709
2021-05-25,37.6,22.3,30.2,0.0,14.8,30,5,145,2,29.0,28.7,30.0,31.0,29.23333333333332,29.58571428571429,28.678571428571427,0.0,0.0,0.0,0.0,0.0,0.04285714285714387,0.1571428571428566
2021-05-26,39.7,22.3,31.2,0.0,14.4,29,5,146,2,30.2,29.0,28.7,29.3,29.299999999999986,29.47142857142857,28.814285714285713,0.0,0.0,0.0,0.0,0.0,0.04285714285714387,0.1571428571428566
2021-05-27,41.2,23.1,32.8,0.0,14.3,26,5,147,2,31.2,30.2,29.0,29.7,30.133333333333315,29.74285714285714,29.092857142857145,0.0,0.0,0.0,0.0,0.0,0.04285714285714387,0.12857142857142806
2021-05-28,41.7,24.6,33.4,0.0,13.4,30,5,148,2,32.8,31.2,30.2,29.4,31.399999999999988,30.185714285714287,29.62142857142857,0.0,0.0,0.0,0.3,0.0,0.04285714285714387,0.05714285714285664
2021-05-29,41.8,26.2,33.1,1.0,33.5,41,5,149,2,33.4,32.8,31.2,30.0,32.46666666666665,30.75714285714286,30.150000000000002,0.0,0.0,0.0,0.0,0.0,0.0,0.02142857142857092
2021-05-30,38.1,27.5,32.8,0.0,19.3,46,5,150,2,33.1,33.4,32.8,28.7,33.09999999999999,31.2,30.54285714285714,1.0,0.0,0.0,0.0,0.3333333333333333,0.14285714285714388,0.09285714285714235
2021-05-31,36.2,26.9,30.6,0.8,33.5,48,5,151,2,32.8,33.1,33.4,29.0,33.09999999999999,31.785714285714285,30.79285714285714,0.0,1.0,0.0,0.0,0.3333333333333333,0.14285714285714388,0.09285714285714235
2021-06-01,34.4,23.4,28.8,0.8,13.4,56,6,152,3,30.6,32.8,33.1,30.2,32.16666666666665,32.01428571428571,30.8,0.8,0.0,1.0,0.0,0.6,0.25714285714285817,0.1499999999999995
2021-06-02,36.2,24.7,30.3,0.6,10.8,46,6,153,3,28.8,30.6,32.8,31.2,30.73333333333332,31.814285714285713,30.64285714285714,0.8,0.8,0.0,0.0,0.5333333333333333,0.37142857142857244,0.20714285714285666
2021-06-03,35.3,25.6,29.3,0.1,17.2,51,6,154,3,30.3,28.8,30.6,32.8,29.899999999999988,31.685714285714287,30.714285714285715,0.6,0.8,0.8,0.0,0.7333333333333334,0.4571428571428582,0.2499999999999995
2021-06-04,36.1,22.9,29.8,0.1,13.2,52,6,155,3,29.3,30.3,28.8,33.4,29.466666666666654,31.185714285714287,30.685714285714283,0.1,0.6,0.8,0.0,0.5,0.4714285714285725,0.2571428571428566
2021-06-05,37.1,25.0,31.0,0.3,13.3,47,6,156,3,29.8,29.3,30.3,33.1,29.799999999999986,30.67142857142857,30.714285714285715,0.1,0.1,0.6,1.0,0.26666666666666666,0.4857142857142867,0.24285714285714238
2021-06-06,39.0,25.8,32.7,0.0,10.4,45,6,157,3,31.0,29.8,29.3,32.8,30.03333333333332,30.37142857142857,30.785714285714285,0.3,0.1,0.1,0.0,0.16666666666666666,0.38571428571428673,0.2642857142857138
2021-06-07,41.2,27.8,34.8,0.0,8.7,38,6,158,3,32.7,31.0,29.8,30.6,31.166666666666657,30.35714285714286,31.071428571428573,0.0,0.3,0.1,0.8,0.13333333333333333,0.38571428571428673,0.2642857142857138
2021-06-08,42.9,28.8,36.1,0.0,10.5,39,6,159,3,34.8,32.7,31.0,28.8,32.83333333333332,30.957142857142856,31.485714285714288,0.0,0.0,0.3,0.8,0.09999999999999999,0.2714285714285724,0.2642857142857138
2021-06-09,44.2,30.1,37.5,0.0,15.4,38,6,160,3,36.1,34.8,32.7,30.3,34.533333333333324,32.0,31.907142857142862,0.0,0.0,0.0,0.6,0.0,0.15714285714285817,0.2642857142857138
2021-06-10,42.8,29.9,36.5,0.0,20.6,42,6,161,3,37.5,36.1,34.8,29.3,36.13333333333332,33.028571428571425,32.357142857142854,0.0,0.0,0.0,0.1,0.0,0.07142857142857244,0.2642857142857138
2021-06-11,40.8,28.6,34.9,0.0,17.8,51,6,162,3,36.5,37.5,36.1,29.8,36.69999999999999,34.05714285714286,32.621428571428574,0.0,0.0,0.0,0.1,0.0,0.05714285714285816,0.2642857142857138
2021-06-12,39.9,29.0,34.4,0.0,23.0,48,6,163,3,34.9,36.5,37.5,31.0,36.29999999999999,34.785714285714285,32.72857142857143,0.0,0.0,0.0,0.3,0.0,0.04285714285714387,0.2642857142857138
2021-06-13,36.0,25.6,30.7,0.6,25.0,57,6,164,3,34.4,34.9,36.5,32.7,35.26666666666665,35.27142857142857,32.82142857142857,0.0,0.0,0.0,0.0,0.0,0.0,0.19285714285714237
2021-06-14,37.3,25.8,31.5,0.0,9.1,51,6,165,3,30.7,34.4,34.9,34.8,33.333333333333314,34.98571428571428,32.67142857142857,0.6,0.0,0.0,0.0,0.19999999999999998,0.08571428571428673,0.23571428571428524
2021-06-15,37.5,26.6,31.9,0.0,16.1,48,6,166,3,31.5,30.7,34.4,36.1,32.19999999999998,34.51428571428571,32.73571428571428,0.0,0.6,0.0,0.0,0.19999999999999998,0.08571428571428673,0.17857142857142808
2021-06-16,33.3,26.2,29.0,2.4,16.6,61,6,167,3,31.9,31.5,30.7,37.5,31.36666666666665,33.91428571428572,32.95714285714286,0.0,0.0,0.6,0.0,0.19999999999999998,0.08571428571428673,0.12142857142857091
2021-06-17,36.0,24.2,30.5,0.0,10.0,52,6,168,3,29.0,31.9,31.5,36.5,30.799999999999983,32.699999999999996,32.864285714285714,2.4,0.0,0.0,0.0,0.7999999999999999,0.4285714285714296,0.2499999999999995
2021-06-18,38.0,26.1,32.2,0.0,9.5,41,6,169,3,30.5,29.0,31.9,34.9,30.46666666666665,31.842857142857138,32.95,0.0,2.4,0.0,0.0,0.7999999999999999,0.4285714285714296,0.24285714285714236
2021-06-19,39.6,26.0,32.8,0.0,19.9,43,6,170,3,32.2,30.5,29.0,34.4,30.566666666666652,31.457142857142856,33.121428571428574,0.0,0.0,2.4,0.0,0.7999999999999999,0.4285714285714296,0.23571428571428518
2021-06-20,37.9,26.5,32.1,0.0,18.8,50,6,171,3,32.8,32.2,30.5,30.7,31.833333333333318,31.228571428571428,33.25,0.0,0.0,0.0,0.6,0.0,0.4285714285714296,0.21428571428571377
2021-06-21,38.5,27.8,32.6,0.0,11.4,44,6,172,3,32.1,32.8,32.2,31.5,32.36666666666665,31.428571428571427,33.207142857142856,0.0,0.0,0.0,0.0,0.0,0.34285714285714386,0.21428571428571377
2021-06-22,40.3,26.4,33.6,0.0,15.1,38,6,173,3,32.6,32.1,32.8,31.9,32.499999999999986,31.58571428571429,33.05,0.0,0.0,0.0,0.0,0.0,0.34285714285714386,0.21428571428571377
2021-06-23,40.7,27.1,34.2,0.0,10.8,37,6,174,3,33.6,32.6,32.1,29.0,32.76666666666665,31.82857142857143,32.871428571428574,0.0,0.0,0.0,2.4,0.0,0.34285714285714386,0.21428571428571377
2021-06-24,39.3,27.8,32.6,0.0,25.6,41,6,175,3,34.2,33.6,32.6,30.5,33.46666666666666,32.57142857142857,32.635714285714286,0.0,0.0,0.0,0.0,0.0,0.0,0.21428571428571377
2021-06-25,37.9,26.9,32.8,0.0,12.2,43,6,176,3,32.6,34.2,33.6,32.2,33.466666666666654,32.871428571428574,32.357142857142854,0.0,0.0,0.0,0.0,0.0,0.0,0.21428571428571377
2021-06-26,37.7,26.7,32.0,0.1,12.3,46,6,177,3,32.8,32.6,34.2,32.8,33.19999999999998,32.95714285714286,32.207142857142856,0.0,0.0,0.0,0.0,0.0,0.0,0.21428571428571377
2021-06-27,39.6,26.0,33.2,0.0,14.3,42,6,178,3,32.0,32.8,32.6,32.1,32.46666666666665,32.84285714285714,32.035714285714285,0.1,0.0,0.0,0.0,0.03333333333333333,0.014285714285715302,0.22142857142857092
2021-06-28,41.0,27.5,34.4,0.0,13.4,37,6,179,3,33.2,32.0,32.8,32.6,32.66666666666665,33.0,32.214285714285715,0.0,0.1,0.0,0.0,0.03333333333333333,0.014285714285715302,0.17857142857142808
2021-06-29,42.3,28.4,35.7,0.0,18.0,34,6,180,3,34.4,33.2,32.0,33.6,33.19999999999999,33.25714285714285,32.42142857142857,0.0,0.0,0.1,0.0,0.03333333333333333,0.014285714285715302,0.17857142857142808
2021-06-30,43.8,28.6,36.3,0.0,14.1,35,6,181,3,35.7,34.4,33.2,34.2,34.433333333333316,33.55714285714286,32.69285714285714,0.0,0.0,0.0,0.0,0.0,0.014285714285715302,0.17857142857142808
2021-07-01,41.7,29.2,35.8,0.0,19.1,40,7,182,3,36.3,35.7,34.4,32.6,35.46666666666665,33.857142857142854,33.214285714285715,0.0,0.0,0.0,0.0,0.0,0.014285714285715302,0.007142857142856636
2021-07-02,41.6,29.1,35.3,0.2,20.0,40,7,183,3,35.8,36.3,35.7,32.8,35.933333333333316,34.31428571428571,33.59285714285714,0.0,0.0,0.0,0.0,0.0,0.014285714285715302,0.007142857142856636
2021-07-03,39.2,27.7,33.2,1.0,20.3,48,7,184,3,35.3,35.8,36.3,32.0,35.79999999999998,34.67142857142857,33.81428571428571,0.2,0.0,0.0,0.1,0.06666666666666667,0.04285714285714388,0.021428571428570926
2021-07-04,39.9,26.9,33.8,0.5,22.3,48,7,185,3,33.2,35.3,35.8,33.2,34.76666666666665,34.84285714285714,33.84285714285714,1.0,0.2,0.0,0.0,0.39999999999999997,0.17142857142857243,0.09285714285714235
2021-07-05,39.3,28.9,33.7,0.0,9.4,49,7,186,3,33.8,33.2,35.3,34.4,34.09999999999999,34.92857142857142,33.964285714285715,0.5,1.0,0.2,0.0,0.5666666666666667,0.2428571428571439,0.12857142857142806
2021-07-06,40.7,28.9,34.9,0.0,10.8,42,7,187,3,33.7,33.8,33.2,35.7,33.566666666666656,34.82857142857143,34.042857142857144,0.0,0.5,1.0,0.0,0.5,0.2428571428571439,0.12857142857142806
2021-07-07,41.5,29.7,35.2,0.0,21.4,41,7,188,3,34.9,33.7,33.8,36.3,34.13333333333332,34.714285714285715,34.135714285714286,0.0,0.0,0.5,0.0,0.16666666666666666,0.2428571428571439,0.12857142857142806
2021-07-08,41.4,29.8,35.5,0.1,12.8,42,7,189,3,35.2,34.9,33.7,35.8,34.59999999999999,34.55714285714286,34.207142857142856,0.0,0.0,0.0,0.0,0.0,0.2428571428571439,0.12857142857142806
2021-07-09,37.7,29.4,33.8,0.3,19.8,54,7,190,3,35.5,35.2,34.9,35.3,35.19999999999999,34.51428571428571,34.41428571428571,0.1,0.0,0.0,0.2,0.03333333333333333,0.25714285714285817,0.1357142857142852
2021-07-10,37.5,29.1,32.9,6.1,13.4,62,7,191,3,33.8,35.5,35.2,33.2,34.83333333333332,34.300000000000004,34.48571428571429,0.3,0.1,0.0,1.0,0.13333333333333333,0.27142857142857246,0.15714285714285664
2021-07-11,36.7,29.8,32.4,0.5,16.5,66,7,192,3,32.9,33.8,35.5,33.8,34.066666666666656,34.25714285714285,34.55,6.1,0.3,0.1,0.5,2.1666666666666665,1.000000000000001,0.5857142857142852
2021-07-12,33.7,24.9,28.2,17.6,23.9,78,7,193,3,32.4,32.9,33.8,33.7,33.03333333333332,34.05714285714286,34.49285714285715,0.5,6.1,0.3,0.0,2.3000000000000003,1.000000000000001,0.6214285714285709
2021-07-13,31.7,23.9,27.6,14.7,17.5,80,7,194,3,28.2,32.4,32.9,34.9,31.166666666666654,33.271428571428565,34.05,17.6,0.5,6.1,0.0,8.066666666666668,3.5142857142857156,1.8785714285714281
2021-07-14,32.0,25.5,28.0,14.6,12.4,82,7,195,3,27.6,28.2,32.4,35.2,29.399999999999988,32.228571428571435,33.471428571428575,14.7,17.6,0.5,0.0,10.933333333333332,5.614285714285716,2.928571428571428
2021-07-15,34.5,26.2,30.3,0.0,12.0,74,7,196,3,28.0,27.6,28.2,35.5,27.93333333333332,31.2,32.878571428571426,14.6,14.7,17.6,0.1,15.633333333333333,7.700000000000001,3.971428571428571
2021-07-16,35.4,27.4,31.4,0.0,10.9,74,7,197,3,30.3,28.0,27.6,33.8,28.633333333333315,30.457142857142856,32.48571428571428,0.0,14.6,14.7,0.3,9.766666666666666,7.685714285714286,3.971428571428571
2021-07-17,37.3,28.6,32.7,0.4,10.6,67,7,198,3,31.4,30.3,28.0,32.9,29.899999999999988,30.11428571428571,32.20714285714286,0.0,0.0,14.6,6.1,4.866666666666666,7.642857142857144,3.9571428571428564
2021-07-18,37.8,29.0,33.1,0.0,20.3,70,7,199,3,32.7,31.4,30.3,32.4,31.466666666666654,30.08571428571429,32.17142857142857,0.4,0.0,0.0,0.5,0.13333333333333333,6.828571428571429,3.9142857142857137
2021-07-19,34.0,26.5,29.3,4.8,26.6,80,7,200,3,33.1,32.7,31.4,28.2,32.399999999999984,30.185714285714287,32.121428571428574,0.0,0.4,0.0,17.6,0.13333333333333333,6.757142857142858,3.8785714285714277
2021-07-20,29.1,25.4,27.0,31.2,24.8,87,7,201,3,29.3,33.1,32.7,27.6,31.69999999999999,30.342857142857145,31.807142857142853,4.8,0.0,0.4,14.7,1.7333333333333334,4.92857142857143,4.221428571428571
2021-07-21,32.7,25.5,28.5,1.2,10.8,79,7,202,3,27.0,29.3,33.1,28.0,29.799999999999986,30.257142857142856,31.24285714285714,31.2,4.8,0.0,14.6,12.0,7.2857142857142865,6.449999999999998
2021-07-22,33.8,25.7,29.9,0.1,10.2,74,7,203,3,28.5,27.0,29.3,30.3,28.26666666666665,30.328571428571426,30.764285714285712,1.2,31.2,4.8,0.0,12.4,5.371428571428573,6.535714285714285
2021-07-23,33.8,27.3,30.1,0.8,13.4,75,7,204,3,29.9,28.5,27.0,31.4,28.466666666666654,30.271428571428572,30.364285714285717,0.1,1.2,31.2,0.0,10.833333333333334,5.385714285714286,6.535714285714286
2021-07-24,36.9,27.7,32.0,0.1,9.1,66,7,205,3,30.1,29.9,28.5,32.7,29.499999999999986,30.085714285714285,30.099999999999998,0.8,0.1,1.2,0.4,0.7000000000000001,5.500000000000001,6.571428571428571
2021-07-25,35.3,28.8,32.1,0.3,11.3,73,7,206,3,32.0,30.1,29.9,33.1,30.666666666666654,29.985714285714284,30.035714285714285,0.1,0.8,0.1,0.0,0.3333333333333333,5.457142857142858,6.1428571428571415
2021-07-26,33.1,28.7,30.0,5.0,15.7,84,7,207,3,32.1,32.0,30.1,29.3,31.399999999999988,29.842857142857145,30.014285714285712,0.3,0.1,0.8,4.8,0.4000000000000001,5.500000000000001,6.128571428571427
2021-07-27,32.9,27.3,29.3,10.2,11.6,87,7,208,3,30.0,32.1,32.0,27.0,31.366666666666656,29.942857142857147,30.142857142857142,5.0,0.3,0.1,31.2,1.8,5.52857142857143,5.228571428571428
2021-07-28,28.7,25.5,26.9,42.6,14.6,94,7,209,3,29.3,30.0,32.1,28.5,30.466666666666654,30.271428571428572,30.264285714285712,10.2,5.0,0.3,1.2,5.166666666666667,2.5285714285714294,4.907142857142857
2021-07-29,31.4,24.8,28.0,0.3,11.6,80,7,210,3,26.9,29.3,30.0,29.9,28.73333333333332,30.042857142857144,30.185714285714283,42.6,10.2,5.0,0.1,19.266666666666666,8.442857142857145,6.907142857142857
2021-07-30,30.9,25.7,28.4,1.3,22.4,79,7,211,3,28.0,26.9,29.3,30.1,28.066666666666652,29.771428571428572,30.021428571428572,0.3,42.6,10.2,0.8,17.7,8.471428571428572,6.928571428571429
2021-07-31,32.5,26.2,28.9,2.9,17.4,81,7,212,3,28.4,28.0,26.9,32.0,27.76666666666665,29.528571428571432,29.807142857142857,1.3,0.3,42.6,0.1,14.733333333333336,8.542857142857144,7.021428571428571
2021-08-01,33.3,26.5,29.5,3.4,9.5,80,8,213,3,28.9,28.4,28.0,32.1,28.43333333333332,29.085714285714285,29.535714285714285,2.9,1.3,0.3,0.3,1.5,8.942857142857145,7.200000000000001
2021-08-02,34.4,26.8,30.4,1.1,9.5,79,8,214,3,29.5,28.9,28.4,30.0,28.93333333333332,28.714285714285715,29.27857142857143,3.4,2.9,1.3,5.0,2.533333333333333,9.385714285714288,7.442857142857143
2021-08-03,34.6,27.0,30.6,0.0,13.6,79,8,215,3,30.4,29.5,28.9,29.3,29.599999999999984,28.77142857142857,29.357142857142858,1.1,3.4,2.9,10.2,2.4666666666666663,8.828571428571431,7.178571428571429
2021-08-04,33.3,26.5,30.1,3.6,8.9,79,8,216,3,30.6,30.4,29.5,26.9,30.166666666666654,28.95714285714286,29.614285714285717,0.0,1.1,3.4,42.6,1.5,7.371428571428573,4.950000000000001
2021-08-05,34.5,25.3,30.1,3.3,12.7,78,8,217,3,30.1,30.6,30.4,28.0,30.36666666666665,29.414285714285715,29.72857142857143,3.6,0.0,1.1,0.3,1.5666666666666667,1.800000000000001,5.121428571428572
2021-08-06,33.9,24.9,29.5,6.1,14.0,79,8,218,3,30.1,30.1,30.6,28.4,30.266666666666655,29.714285714285715,29.74285714285714,3.3,3.6,0.0,1.3,2.3000000000000003,2.2285714285714295,5.35
2021-08-07,35.7,26.3,31.0,0.0,8.6,72,8,219,3,29.5,30.1,30.1,28.9,29.899999999999988,29.87142857142857,29.7,6.1,3.3,3.6,2.9,4.333333333333333,2.914285714285715,5.728571428571428
2021-08-08,34.6,27.6,30.6,1.3,10.7,77,8,220,3,31.0,29.5,30.1,29.5,30.19999999999999,30.17142857142857,29.628571428571426,0.0,6.1,3.3,3.4,3.1333333333333333,2.500000000000001,5.721428571428571
2021-08-09,34.1,27.0,30.3,2.3,12.6,77,8,221,3,30.6,31.0,29.5,30.4,30.36666666666665,30.328571428571426,29.521428571428572,1.3,0.0,6.1,1.1,2.4666666666666663,2.200000000000001,5.792857142857143
2021-08-10,35.7,27.3,30.5,4.8,11.7,75,8,222,3,30.3,30.6,31.0,30.6,30.633333333333315,30.314285714285717,29.542857142857144,2.3,1.3,0.0,0.0,1.2,2.3714285714285728,5.6
2021-08-11,36.3,27.5,31.6,0.0,11.9,70,8,223,3,30.5,30.3,30.6,30.1,30.46666666666665,30.3,29.62857142857143,4.8,2.3,1.3,3.6,2.7999999999999994,3.057142857142858,5.214285714285714
2021-08-12,37.5,27.6,32.3,0.0,11.6,66,8,224,3,31.6,30.5,30.3,30.1,30.799999999999986,30.514285714285712,29.964285714285715,0.0,4.8,2.3,3.3,2.3666666666666667,2.5428571428571436,2.171428571428571
2021-08-13,37.3,28.2,32.0,0.0,13.9,69,8,225,3,32.3,31.6,30.5,29.5,31.46666666666665,30.82857142857143,30.271428571428572,0.0,0.0,4.8,6.1,1.5999999999999999,2.0714285714285725,2.1499999999999995
2021-08-14,35.6,27.2,31.0,4.6,15.9,71,8,226,3,32.0,32.3,31.6,31.0,31.96666666666665,31.185714285714287,30.52857142857143,0.0,0.0,0.0,0.0,0.0,1.2000000000000008,2.0571428571428565
2021-08-15,32.8,25.4,29.0,9.7,22.9,76,8,227,3,31.0,32.0,32.3,30.6,31.76666666666665,31.185714285714287,30.678571428571427,4.6,0.0,0.0,1.3,1.5333333333333332,1.857142857142858,2.178571428571428
2021-08-16,35.8,25.5,30.9,0.0,8.2,67,8,228,3,29.0,31.0,32.0,30.3,30.666666666666654,30.95714285714286,30.642857142857142,9.7,4.6,0.0,2.3,4.766666666666667,3.057142857142858,2.6285714285714286
2021-08-17,37.3,26.4,31.6,0.0,8.5,64,8,229,3,30.9,29.0,31.0,30.5,30.299999999999983,31.042857142857144,30.678571428571427,0.0,9.7,4.6,4.8,4.766666666666667,2.72857142857143,2.5499999999999994
2021-08-18,37.8,27.2,32.3,0.0,9.0,59,8,230,3,31.6,30.9,29.0,31.6,30.499999999999986,31.2,30.75,0.0,0.0,9.7,0.0,3.233333333333333,2.042857142857144,2.5499999999999994
2021-08-19,38.3,27.5,32.7,0.0,10.0,59,8,231,3,32.3,31.6,30.9,32.3,31.599999999999984,31.3,30.907142857142855,0.0,0.0,0.0,0.0,0.0,2.042857142857144,2.2928571428571423
2021-08-20,36.7,28.1,31.9,0.0,16.5,67,8,232,3,32.7,32.3,31.6,32.0,32.19999999999999,31.357142857142858,31.092857142857145,0.0,0.0,0.0,0.0,0.0,2.042857142857144,2.0571428571428565
2021-08-21,35.1,26.7,29.8,0.2,15.4,70,8,233,3,31.9,32.7,32.3,31.0,32.29999999999999,31.342857142857138,31.264285714285716,0.0,0.0,0.0,4.6,0.0,2.042857142857144,1.6214285714285708
2021-08-22,32.1,26.0,28.1,0.5,13.4,76,8,234,3,29.8,31.9,32.7,29.0,31.466666666666654,31.17142857142857,31.178571428571427,0.2,0.0,0.0,9.7,0.06666666666666667,1.414285714285715,1.635714285714285
2021-08-23,36.0,24.8,30.1,0.0,8.3,69,8,235,3,28.1,29.8,31.9,30.9,29.93333333333332,31.04285714285714,31.0,0.5,0.2,0.0,0.0,0.2333333333333333,0.100000000000001,1.5785714285714278
2021-08-24,38.9,27.5,32.4,0.0,14.8,63,8,236,3,30.1,28.1,29.8,31.6,29.333333333333318,30.928571428571427,30.985714285714288,0.0,0.5,0.2,0.0,0.2333333333333333,0.100000000000001,1.4142857142857135
2021-08-25,37.9,28.2,32.6,0.1,12.3,68,8,237,3,32.4,30.1,28.1,32.3,30.19999999999999,31.042857142857144,31.12142857142857,0.0,0.0,0.5,0.0,0.16666666666666666,0.100000000000001,1.071428571428571
2021-08-26,38.3,28.1,32.7,0.0,13.6,64,8,238,3,32.6,32.4,30.1,32.7,31.69999999999999,31.08571428571429,31.192857142857147,0.1,0.0,0.0,0.0,0.03333333333333333,0.1142857142857153,1.078571428571428
2021-08-27,37.8,28.0,32.5,0.0,13.4,64,8,239,3,32.7,32.6,32.4,31.9,32.566666666666656,31.085714285714285,31.22142857142857,0.0,0.1,0.0,0.0,0.03333333333333333,0.1142857142857153,1.078571428571428
2021-08-28,35.5,26.9,31.1,0.1,18.7,67,8,240,3,32.5,32.7,32.6,29.8,32.59999999999999,31.17142857142857,31.25714285714286,0.0,0.0,0.1,0.2,0.03333333333333333,0.1142857142857153,1.078571428571428
2021-08-29,34.8,25.5,30.5,2.3,20.7,68,8,241,3,31.1,32.5,32.7,28.1,32.09999999999999,31.357142857142858,31.264285714285716,0.1,0.0,0.0,0.5,0.03333333333333333,0.100000000000001,0.7571428571428566
2021-08-30,32.2,24.1,28.9,6.8,23.8,76,8,242,3,30.5,31.1,32.5,30.1,31.366666666666656,31.700000000000006,31.371428571428574,2.3,0.1,0.0,0.0,0.7999999999999999,0.35714285714285815,0.22857142857142804
2021-08-31,32.3,23.8,28.2,2.3,20.0,75,8,243,3,28.9,30.5,31.1,32.4,30.166666666666654,31.52857142857143,31.22857142857143,6.8,2.3,0.1,0.0,3.0666666666666664,1.3285714285714296,0.7142857142857137
2021-09-01,33.3,25.4,28.9,0.5,10.6,74,9,244,4,28.2,28.9,30.5,32.6,29.199999999999985,30.928571428571434,30.985714285714288,2.3,6.8,2.3,0.1,3.8000000000000003,1.6571428571428581,0.878571428571428
2021-09-02,34.2,25.9,29.8,0.1,8.8,72,9,245,4,28.9,28.2,28.9,32.7,28.666666666666654,30.4,30.74285714285714,0.5,2.3,6.8,0.0,3.1999999999999997,1.7142857142857153,0.9142857142857137
2021-09-03,34.2,26.1,29.3,0.5,12.8,75,9,246,4,29.8,28.9,28.2,32.5,28.96666666666665,29.985714285714288,30.535714285714285,0.1,0.5,2.3,0.0,0.9666666666666669,1.7285714285714295,0.9214285714285708
2021-09-04,35.4,25.1,29.8,0.0,9.6,70,9,247,4,29.3,29.8,28.9,31.1,29.333333333333318,29.528571428571432,30.35,0.5,0.1,0.5,0.1,0.366666666666667,1.800000000000001,0.9571428571428565
2021-09-05,34.5,26.8,30.5,0.0,9.7,69,9,248,4,29.8,29.3,29.8,30.5,29.633333333333322,29.342857142857145,30.35,0.0,0.5,0.1,2.3,0.2000000000000003,1.7857142857142867,0.9428571428571423
2021-09-06,35.6,27.3,31.2,0.5,9.2,68,9,249,4,30.5,29.8,29.3,28.9,29.866666666666656,29.342857142857138,30.521428571428572,0.0,0.0,0.5,6.8,0.16666666666666696,1.457142857142858,0.9071428571428566
2021-09-07,34.7,26.9,30.5,0.8,14.5,74,9,250,4,31.2,30.5,29.8,28.2,30.499999999999986,29.671428571428574,30.599999999999998,0.5,0.0,0.0,2.3,0.16666666666666696,0.5571428571428582,0.9428571428571423
2021-09-08,29.7,25.2,27.2,24.6,15.7,86,9,251,4,30.5,31.2,30.5,28.9,30.73333333333332,30.0,30.464285714285715,0.8,0.5,0.0,0.5,0.4333333333333336,0.34285714285714386,0.9999999999999994
2021-09-09,31.5,25.2,27.9,1.2,12.4,80,9,252,4,27.2,30.5,31.2,29.8,29.633333333333315,29.75714285714286,30.078571428571426,24.6,0.8,0.5,0.1,8.633333333333335,3.785714285714287,2.7499999999999996
2021-09-10,30.4,24.9,26.9,11.5,14.9,88,9,253,4,27.9,27.2,30.5,29.3,28.533333333333317,29.485714285714288,29.735714285714288,1.2,24.6,0.8,0.5,8.866666666666667,3.9428571428571435,2.8357142857142854
2021-09-11,28.8,24.0,25.7,9.2,17.5,87,9,254,4,26.9,27.9,27.2,29.8,27.333333333333314,29.142857142857142,29.335714285714285,11.5,1.2,24.6,0.0,12.433333333333332,5.514285714285715,3.657142857142856
2021-09-12,29.3,22.8,25.3,5.3,10.4,86,9,255,4,25.7,26.9,27.9,30.5,26.833333333333318,28.557142857142857,28.95,9.2,11.5,1.2,0.0,7.3,6.828571428571429,4.307142857142856
2021-09-13,31.9,22.3,27.1,0.1,6.6,82,9,256,4,25.3,25.7,26.9,31.2,25.96666666666665,27.814285714285713,28.578571428571426,5.3,9.2,11.5,0.5,8.666666666666666,7.585714285714286,4.5214285714285705
2021-09-14,32.5,24.0,28.2,0.3,8.4,81,9,257,4,27.1,25.3,25.7,30.5,26.03333333333332,27.228571428571428,28.45,0.1,5.3,9.2,0.8,4.866666666666666,7.528571428571429,4.042857142857142
2021-09-15,33.6,24.8,29.1,0.0,11.0,76,9,258,4,28.2,27.1,25.3,27.2,26.86666666666665,26.9,28.45,0.3,0.1,5.3,24.6,1.9000000000000001,7.457142857142858,3.8999999999999995
2021-09-16,33.6,25.5,29.2,0.4,9.7,76,9,259,4,29.1,28.2,27.1,27.9,28.133333333333322,27.17142857142857,28.464285714285715,0.0,0.3,0.1,1.2,0.13333333333333333,3.9428571428571435,3.864285714285714
2021-09-17,31.9,25.4,28.2,0.0,15.3,78,9,260,4,29.2,29.1,28.2,26.9,28.833333333333318,27.357142857142858,28.421428571428574,0.4,0.0,0.3,11.5,0.23333333333333336,3.8285714285714296,3.8857142857142852
2021-09-18,32.5,25.2,28.6,0.7,9.4,80,9,261,4,28.2,29.2,29.1,25.7,28.833333333333318,27.542857142857144,28.342857142857145,0.0,0.4,0.0,9.2,0.13333333333333333,2.1857142857142864,3.849999999999999
2021-09-19,32.3,25.9,29.0,1.5,6.0,82,9,262,4,28.6,28.2,29.2,25.3,28.666666666666654,27.957142857142856,28.257142857142856,0.7,0.0,0.4,5.3,0.3666666666666667,0.9714285714285724,3.899999999999999
2021-09-20,31.9,25.6,28.6,4.2,10.8,83,9,263,4,29.0,28.6,28.2,27.1,28.599999999999984,28.485714285714284,28.15,1.5,0.7,0.0,0.1,0.7333333333333334,0.4285714285714296,4.007142857142856
2021-09-21,31.1,24.6,27.3,11.7,20.3,86,9,264,4,28.6,29.0,28.6,28.2,28.73333333333332,28.7,27.964285714285715,4.2,1.5,0.7,0.3,2.1333333333333333,1.0142857142857153,4.2714285714285705
2021-09-22,31.1,24.0,27.0,6.8,14.1,84,9,265,4,27.3,28.6,29.0,29.1,28.299999999999986,28.571428571428573,27.735714285714288,11.7,4.2,1.5,0.0,5.8,2.6428571428571437,5.049999999999999
2021-09-23,29.8,22.9,25.9,2.6,12.6,85,9,266,4,27.0,27.3,28.6,29.2,27.633333333333322,28.271428571428572,27.72142857142857,6.8,11.7,4.2,0.4,7.566666666666666,3.614285714285715,3.778571428571428
2021-09-24,30.7,23.1,26.6,0.0,8.9,80,9,267,4,25.9,27.0,27.3,28.2,26.73333333333332,27.8,27.578571428571426,2.6,6.8,11.7,0.0,7.033333333333332,3.9285714285714297,3.8785714285714277
2021-09-25,32.1,23.8,27.8,0.0,6.8,77,9,268,4,26.6,25.9,27.0,28.6,26.499999999999986,27.571428571428573,27.557142857142857,0.0,2.6,6.8,0.7,3.1333333333333333,3.9285714285714297,3.057142857142857
2021-09-26,32.9,24.1,28.3,0.0,6.7,76,9,269,4,27.8,26.6,25.9,29.0,26.76666666666665,27.45714285714286,27.70714285714286,0.0,0.0,2.6,1.5,0.8666666666666667,3.828571428571429,2.3999999999999995
2021-09-27,32.9,25.1,28.7,0.0,8.6,76,9,270,4,28.3,27.8,26.6,28.6,27.566666666666652,27.357142857142858,27.92142857142857,0.0,0.0,0.0,4.2,0.0,3.6142857142857148,2.021428571428571
2021-09-28,33.4,25.6,29.1,0.0,8.2,75,9,271,4,28.7,28.3,27.8,27.3,28.26666666666665,27.37142857142857,28.035714285714285,0.0,0.0,0.0,11.7,0.0,3.014285714285715,2.014285714285714
2021-09-29,32.8,25.6,28.9,0.2,8.3,74,9,272,4,29.1,28.7,28.3,27.0,28.69999999999999,27.62857142857143,28.099999999999998,0.0,0.0,0.0,6.8,0.0,1.3428571428571439,1.9928571428571422
2021-09-30,32.4,25.2,28.6,0.1,8.5,79,9,273,4,28.9,29.1,28.7,25.9,28.899999999999988,27.900000000000002,28.08571428571429,0.2,0.0,0.0,2.6,0.06666666666666667,0.4000000000000011,2.0071428571428567
2021-10-01,32.5,24.5,28.2,3.9,10.8,83,10,274,4,28.6,28.9,29.1,26.6,28.86666666666665,28.285714285714285,28.04285714285714,0.1,0.2,0.0,0.0,0.10000000000000002,0.04285714285714388,1.985714285714285
2021-10-02,31.8,24.3,28.0,0.6,12.8,81,10,275,4,28.2,28.6,28.9,27.8,28.566666666666652,28.514285714285716,28.042857142857144,3.9,0.1,0.2,0.0,1.4000000000000001,0.6000000000000011,2.2642857142857133
2021-10-03,32.6,25.4,28.8,1.2,7.3,77,10,276,4,28.0,28.2,28.6,28.3,28.26666666666665,28.542857142857144,28.0,0.6,3.9,0.1,0.0,1.5333333333333332,0.6857142857142867,2.2571428571428567
2021-10-04,31.6,24.0,27.5,6.1,10.2,79,10,277,4,28.8,28.0,28.2,28.7,28.333333333333318,28.61428571428571,27.985714285714288,1.2,0.6,3.9,0.0,1.8999999999999997,0.8571428571428582,2.235714285714285
2021-10-05,32.0,23.5,27.7,0.0,9.4,75,10,278,4,27.5,28.8,28.0,29.1,28.099999999999984,28.442857142857143,27.907142857142855,6.1,1.2,0.6,0.0,2.633333333333333,1.7285714285714295,2.3714285714285706
2021-10-06,33.3,22.7,27.3,0.0,12.8,70,10,279,4,27.7,27.5,28.8,28.9,27.999999999999986,28.24285714285714,27.935714285714287,0.0,6.1,1.2,0.2,2.433333333333333,1.7285714285714295,1.5357142857142851
2021-10-07,32.8,21.3,26.8,0.0,8.8,69,10,280,4,27.3,27.7,27.5,28.6,27.499999999999986,28.014285714285712,27.957142857142856,0.0,0.0,6.1,0.1,2.0333333333333328,1.700000000000001,1.0499999999999994
2021-10-08,33.9,21.9,27.4,0.0,10.0,72,10,281,4,26.8,27.3,27.7,28.2,27.26666666666665,27.75714285714286,28.021428571428572,0.0,0.0,0.0,3.9,0.0,1.6857142857142866,0.8642857142857137
2021-10-09,34.1,23.0,27.8,0.0,7.1,72,10,282,4,27.4,26.8,27.3,28.0,27.166666666666654,27.642857142857142,28.07857142857143,0.0,0.0,0.0,0.6,0.0,1.1285714285714297,0.8642857142857137
2021-10-10,33.9,20.6,27.4,0.0,28.7,70,10,283,4,27.8,27.4,26.8,28.8,27.333333333333318,27.614285714285717,28.078571428571426,0.0,0.0,0.0,1.2,0.0,1.0428571428571438,0.8642857142857137
2021-10-11,33.9,20.6,26.7,0.1,24.6,61,10,284,4,27.4,27.8,27.4,27.5,27.533333333333317,27.414285714285715,28.014285714285712,0.0,0.0,0.0,6.1,0.0,0.8714285714285724,0.8642857142857137
2021-10-12,32.9,22.0,26.0,0.0,11.8,66,10,285,4,26.7,27.4,27.8,27.7,27.299999999999983,27.3,27.87142857142857,0.1,0.0,0.0,0.0,0.03333333333333304,0.014285714285715302,0.8714285714285709
2021-10-13,31.2,18.4,24.4,0.0,10.8,68,10,286,4,26.0,26.7,27.4,27.3,26.69999999999999,27.057142857142853,27.650000000000002,0.0,0.1,0.0,0.0,0.03333333333333304,0.014285714285715302,0.8714285714285709
2021-10-14,32.1,18.4,24.0,0.0,10.6,62,10,287,4,24.4,26.0,26.7,26.8,25.699999999999985,26.642857142857142,27.328571428571426,0.0,0.0,0.1,0.0,0.03333333333333304,0.014285714285715302,0.8571428571428567
2021-10-15,32.8,16.8,24.3,0.0,10.7,60,10,288,4,24.0,24.4,26.0,27.4,24.799999999999983,26.24285714285714,27.0,0.0,0.0,0.0,0.0,0.0,0.014285714285715302,0.8499999999999995
2021-10-16,32.5,18.1,25.3,0.0,8.7,57,10,289,4,24.3,24.0,24.4,27.8,24.23333333333332,25.800000000000004,26.721428571428568,0.0,0.0,0.0,0.0,0.0,0.014285714285715302,0.5714285714285708
2021-10-17,29.9,21.4,24.4,8.3,16.1,71,10,290,4,25.3,24.3,24.0,27.4,24.53333333333332,25.442857142857143,26.528571428571432,0.0,0.0,0.0,0.0,0.0,0.014285714285715302,0.528571428571428
2021-10-18,27.7,19.7,23.1,6.1,13.8,80,10,291,4,24.4,25.3,24.3,26.7,24.666666666666654,25.014285714285712,26.214285714285715,8.3,0.0,0.0,0.1,2.766666666666667,1.200000000000001,1.0357142857142851
2021-10-19,30.7,19.3,24.4,0.0,14.0,66,10,292,4,23.1,24.4,25.3,26.0,24.26666666666665,24.5,25.900000000000002,6.1,8.3,0.0,0.0,4.8,2.0571428571428583,1.0357142857142851
2021-10-20,30.7,16.9,24.0,0.0,7.6,66,10,293,4,24.4,23.1,24.4,24.4,23.96666666666665,24.271428571428572,25.66428571428571,0.0,6.1,8.3,0.0,4.8,2.0571428571428583,1.0357142857142851
2021-10-21,31.3,16.8,23.2,0.0,8.7,69,10,294,4,24.0,24.4,23.1,24.0,23.833333333333318,24.214285714285715,25.428571428571427,0.0,0.0,6.1,0.0,2.033333333333333,2.0571428571428583,1.0357142857142851
2021-10-22,30.4,17.7,23.6,0.0,30.7,65,10,295,4,23.2,24.0,24.4,24.3,23.86666666666665,24.099999999999998,25.17142857142857,0.0,0.0,0.0,0.0,0.0,2.0571428571428583,1.0357142857142851
2021-10-23,23.1,18.2,19.4,16.0,25.0,80,10,296,4,23.6,23.2,24.0,25.3,23.599999999999984,24.0,24.900000000000002,0.0,0.0,0.0,0.0,0.0,2.0571428571428583,1.0357142857142851
2021-10-24,19.9,16.5,18.3,9.5,24.0,78,10,297,4,19.4,23.6,23.2,24.4,22.066666666666652,23.157142857142855,24.3,16.0,0.0,0.0,8.3,5.333333333333333,4.342857142857143,2.178571428571428
2021-10-25,25.0,14.6,19.1,0.0,15.0,67,10,298,4,18.3,19.4,23.6,23.1,20.43333333333332,22.285714285714285,23.65,9.5,16.0,0.0,6.1,8.5,4.514285714285715,2.8571428571428568
2021-10-26,25.2,13.8,19.3,0.0,10.7,63,10,299,4,19.1,18.3,19.4,24.4,18.93333333333332,21.714285714285715,23.107142857142858,0.0,9.5,16.0,0.0,8.5,3.6428571428571437,2.849999999999999
2021-10-27,26.6,13.8,19.6,0.0,10.5,67,10,300,4,19.3,19.1,18.3,24.0,18.899999999999988,20.985714285714288,22.62857142857143,0.0,0.0,9.5,0.0,3.1666666666666665,3.6428571428571437,2.849999999999999
2021-10-28,26.8,13.5,19.3,0.0,9.2,63,10,301,4,19.6,19.3,19.1,23.2,19.333333333333318,20.357142857142858,22.285714285714285,0.0,0.0,0.0,0.0,0.0,3.6428571428571437,2.849999999999999
2021-10-29,27.4,13.5,19.5,0.0,10.5,68,10,302,4,19.3,19.6,19.3,23.6,19.399999999999988,19.8,21.95,0.0,0.0,0.0,0.0,0.0,3.6428571428571437,2.849999999999999
2021-10-30,28.0,14.8,20.1,0.0,12.6,59,10,303,4,19.5,19.3,19.6,19.4,19.466666666666654,19.214285714285715,21.607142857142858,0.0,0.0,0.0,16.0,0.0,3.6428571428571437,2.849999999999999
2021-10-31,26.4,13.1,18.8,0.0,8.9,60,10,304,4,20.1,19.5,19.3,18.3,19.63333333333332,19.314285714285713,21.235714285714288,0.0,0.0,0.0,9.5,0.0,1.357142857142858,2.849999999999999
2021-11-01,27.2,14.1,19.6,0.0,14.4,70,11,305,4,18.8,20.1,19.5,19.1,19.466666666666654,19.38571428571429,20.83571428571429,0.0,0.0,0.0,0.0,0.0,0.0,2.2571428571428567
2021-11-02,24.3,16.5,19.7,0.3,31.0,56,11,306,4,19.6,18.8,20.1,19.3,19.499999999999986,19.45714285714286,20.585714285714285,0.0,0.0,0.0,0.0,0.0,0.0,1.821428571428571
2021-11-03,27.0,15.0,19.8,0.0,11.0,53,11,307,4,19.7,19.6,18.8,19.6,19.366666666666653,19.514285714285712,20.25,0.3,0.0,0.0,0.0,0.09999999999999999,0.04285714285714387,1.8428571428571423
2021-11-04,26.9,12.6,18.9,0.0,9.6,64,11,308,4,19.8,19.7,19.6,19.3,19.699999999999985,19.542857142857144,19.95,0.0,0.3,0.0,0.0,0.09999999999999999,0.04285714285714387,1.8428571428571423
2021-11-05,27.2,13.0,19.3,0.0,10.1,63,11,309,4,18.9,19.8,19.7,19.5,19.466666666666654,19.485714285714288,19.642857142857146,0.0,0.0,0.3,0.0,0.09999999999999999,0.04285714285714387,1.8428571428571423
2021-11-06,27.4,13.9,19.3,0.0,13.8,54,11,310,4,19.3,18.9,19.8,20.1,19.333333333333318,19.457142857142856,19.335714285714285,0.0,0.0,0.0,0.0,0.0,0.04285714285714387,1.8428571428571423
2021-11-07,26.5,14.4,19.2,0.0,10.4,55,11,311,4,19.3,19.3,18.9,18.8,19.166666666666654,19.342857142857145,19.32857142857143,0.0,0.0,0.0,0.0,0.0,0.04285714285714387,0.6999999999999995
2021-11-08,26.6,11.9,18.7,0.0,12.5,61,11,312,4,19.2,19.3,19.3,19.6,19.26666666666665,19.400000000000002,19.392857142857142,0.0,0.0,0.0,0.0,0.0,0.04285714285714387,0.02142857142857092
2021-11-09,26.6,11.9,18.4,0.0,9.0,61,11,313,4,18.7,19.2,19.3,19.7,19.066666666666652,19.271428571428572,19.364285714285717,0.0,0.0,0.0,0.3,0.0,0.04285714285714387,0.02142857142857092
2021-11-10,27.7,12.7,18.9,0.0,8.3,73,11,314,4,18.4,18.7,19.2,19.8,18.76666666666665,19.085714285714285,19.3,0.0,0.0,0.0,0.0,0.0,0.0,0.02142857142857092
2021-11-11,26.7,12.8,19.2,0.0,9.8,67,11,315,4,18.9,18.4,18.7,18.9,18.666666666666654,18.957142857142856,19.25,0.0,0.0,0.0,0.0,0.0,0.0,0.02142857142857092
2021-11-12,27.0,11.2,18.9,0.0,9.7,61,11,316,4,19.2,18.9,18.4,19.3,18.833333333333318,19.0,19.24285714285714,0.0,0.0,0.0,0.0,0.0,0.0,0.02142857142857092
2021-11-13,25.8,9.7,17.3,0.0,12.9,64,11,317,4,18.9,19.2,18.9,19.3,18.999999999999982,18.942857142857143,19.2,0.0,0.0,0.0,0.0,0.0,0.0,0.02142857142857092
2021-11-14,26.5,11.6,17.8,0.0,9.9,63,11,318,4,17.3,18.9,19.2,19.2,18.46666666666665,18.657142857142855,19.0,0.0,0.0,0.0,0.0,0.0,0.0,0.02142857142857092
2021-11-15,25.2,10.2,17.2,0.0,11.6,65,11,319,4,17.8,17.3,18.9,18.7,17.999999999999986,18.457142857142856,18.928571428571427,0.0,0.0,0.0,0.0,0.0,0.0,0.02142857142857092
2021-11-16,24.2,9.5,16.7,0.0,10.3,56,11,320,4,17.2,17.8,17.3,18.4,17.43333333333332,18.242857142857144,18.75714285714286,0.0,0.0,0.0,0.0,0.0,0.0,0.02142857142857092
2021-11-17,24.6,9.1,16.6,0.0,9.4,64,11,321,4,16.7,17.2,17.8,18.9,17.23333333333332,18.0,18.54285714285714,0.0,0.0,0.0,0.0,0.0,0.0,0.0
2021-11-18,23.7,11.4,16.8,0.0,8.9,65,11,322,4,16.6,16.7,17.2,19.2,16.833333333333318,17.67142857142857,18.314285714285713,0.0,0.0,0.0,0.0,0.0,0.0,0.0
2021-11-19,24.4,8.9,16.2,0.0,12.1,65,11,323,4,16.8,16.6,16.7,18.9,16.699999999999985,17.32857142857143,18.164285714285715,0.0,0.0,0.0,0.0,0.0,0.0,0.0
2021-11-20,24.5,8.8,15.7,0.0,10.1,69,11,324,4,16.2,16.8,16.6,17.3,16.53333333333332,16.942857142857143,17.942857142857143,0.0,0.0,0.0,0.0,0.0,0.0,0.0
2021-11-21,25.3,9.2,16.0,0.0,12.7,65,11,325,4,15.7,16.2,16.8,17.8,16.23333333333332,16.714285714285715,17.685714285714287,0.0,0.0,0.0,0.0,0.0,0.0,0.0
2021-11-22,24.8,9.8,15.9,0.0,12.3,58,11,326,4,16.0,15.7,16.2,17.2,15.966666666666653,16.45714285714286,17.457142857142856,0.0,0.0,0.0,0.0,0.0,0.0,0.0
2021-11-23,23.9,7.6,15.3,0.0,9.7,66,11,327,4,15.9,16.0,15.7,16.7,15.866666666666653,16.27142857142857,17.257142857142856,0.0,0.0,0.0,0.0,0.0,0.0,0.0
2021-11-24,24.7,10.3,16.5,0.0,11.2,69,11,328,4,15.3,15.9,16.0,16.6,15.73333333333332,16.071428571428573,17.035714285714285,0.0,0.0,0.0,0.0,0.0,0.0,0.0
2021-11-25,24.8,10.8,17.0,0.0,8.7,70,11,329,4,16.5,15.3,15.9,16.8,15.899999999999986,16.057142857142857,16.864285714285714,0.0,0.0,0.0,0.0,0.0,0.0,0.0
2021-11-26,23.6,10.2,16.1,0.0,9.7,72,11,330,4,17.0,16.5,15.3,16.2,16.266666666666655,16.085714285714285,16.70714285714286,0.0,0.0,0.0,0.0,0.0,0.0,0.0
2021-11-27,24.3,9.9,16.1,0.0,8.3,76,11,331,4,16.1,17.0,16.5,15.7,16.53333333333332,16.071428571428573,16.507142857142856,0.0,0.0,0.0,0.0,0.0,0.0,0.0
2021-11-28,24.0,10.9,16.2,0.0,11.2,74,11,332,4,16.1,16.1,17.0,16.0,16.399999999999988,16.12857142857143,16.42142857142857,0.0,0.0,0.0,0.0,0.0,0.0,0.0
2021-11-29,24.2,10.4,16.4,0.0,13.6,66,11,333,4,16.2,16.1,16.1,15.9,16.133333333333322,16.157142857142855,16.307142857142857,0.0,0.0,0.0,0.0,0.0,0.0,0.0
2021-11-30,23.6,9.9,16.4,0.0,11.1,62,11,334,4,16.4,16.2,16.1,15.3,16.23333333333332,16.22857142857143,16.25,0.0,0.0,0.0,0.0,0.0,0.0,0.0
2021-12-01,23.3,8.6,15.1,0.0,8.8,74,12,335,1,16.4,16.4,16.2,16.5,16.333333333333318,16.385714285714283,16.228571428571428,0.0,0.0,0.0,0.0,0.0,0.0,0.0
2021-12-02,22.6,9.8,15.5,0.0,10.5,72,12,336,1,15.1,16.4,16.4,17.0,15.966666666666649,16.185714285714287,16.12142857142857,0.0,0.0,0.0,0.0,0.0,0.0,0.0
2021-12-03,22.7,9.2,15.3,0.0,8.2,71,12,337,1,15.5,15.1,16.4,16.1,15.666666666666652,15.971428571428573,16.02857142857143,0.0,0.0,0.0,0.0,0.0,0.0,0.0
2021-12-04,24.0,10.5,16.7,0.0,8.0,71,12,338,1,15.3,15.5,15.1,16.1,15.299999999999985,15.857142857142858,15.964285714285714,0.0,0.0,0.0,0.0,0.0,0.0,0.0
2021-12-05,20.7,12.3,15.7,3.9,15.4,78,12,339,1,16.7,15.3,15.5,16.2,15.83333333333332,15.942857142857141,16.035714285714285,0.0,0.0,0.0,0.0,0.0,0.0,0.0
2021-12-06,22.2,10.8,15.4,0.0,10.8,71,12,340,1,15.7,16.7,15.3,16.4,15.899999999999986,15.87142857142857,16.014285714285716,3.9,0.0,0.0,0.0,1.3,0.5571428571428582,0.2785714285714281
2021-12-07,21.2,9.3,14.7,0.0,9.7,70,12,341,1,15.4,15.7,16.7,16.4,15.933333333333321,15.728571428571428,15.978571428571428,0.0,3.9,0.0,0.0,1.3,0.5571428571428582,0.2785714285714281
2021-12-08,22.0,9.2,15.3,0.0,9.2,63,12,342,1,14.7,15.4,15.7,15.1,15.266666666666652,15.485714285714286,15.935714285714285,0.0,0.0,3.9,0.0,1.3,0.5571428571428582,0.2785714285714281
2021-12-09,22.3,7.0,14.1,0.0,9.3,70,12,343,1,15.3,14.7,15.4,15.5,15.133333333333319,15.514285714285714,15.849999999999998,0.0,0.0,0.0,0.0,0.0,0.5571428571428582,0.2785714285714281
2021-12-10,21.5,7.2,13.4,0.0,11.6,69,12,344,1,14.1,15.3,14.7,15.3,14.699999999999987,15.314285714285713,15.642857142857142,0.0,0.0,0.0,0.0,0.0,0.5571428571428582,0.2785714285714281
2021-12-11,20.7,5.0,12.7,0.0,9.2,66,12,345,1,13.4,14.1,15.3,16.7,14.266666666666652,15.042857142857143,15.45,0.0,0.0,0.0,0.0,0.0,0.5571428571428582,0.2785714285714281
2021-12-12,20.3,6.4,12.6,0.0,8.3,70,12,346,1,12.7,13.4,14.1,15.7,13.399999999999986,14.471428571428572,15.207142857142857,0.0,0.0,0.0,3.9,0.0,0.5571428571428582,0.2785714285714281
2021-12-13,19.5,6.2,12.2,0.0,8.1,71,12,347,1,12.6,12.7,13.4,15.4,12.899999999999986,14.028571428571428,14.95,0.0,0.0,0.0,0.0,0.0,0.0,0.2785714285714281
2021-12-14,19.6,6.4,12.2,0.0,9.7,71,12,348,1,12.2,12.6,12.7,14.7,12.499999999999986,13.571428571428571,14.65,0.0,0.0,0.0,0.0,0.0,0.0,0.2785714285714281
2021-12-15,19.2,5.3,11.4,0.0,9.0,71,12,349,1,12.2,12.2,12.6,15.3,12.33333333333332,13.214285714285714,14.35,0.0,0.0,0.0,0.0,0.0,0.0,0.2785714285714281
2021-12-16,17.0,5.9,9.8,0.5,9.4,76,12,350,1,11.4,12.2,12.2,14.1,11.933333333333318,12.657142857142857,14.085714285714287,0.0,0.0,0.0,0.0,0.0,0.0,0.2785714285714281
2021-12-17,16.8,4.0,9.1,0.0,12.9,79,12,351,1,9.8,11.4,12.2,13.4,11.133333333333319,12.042857142857143,13.678571428571429,0.5,0.0,0.0,0.0,0.16666666666666666,0.07142857142857244,0.3142857142857138
2021-12-18,15.9,3.1,8.6,0.0,10.8,75,12,352,1,9.1,9.8,11.4,12.7,10.099999999999985,11.428571428571429,13.235714285714284,0.0,0.5,0.0,0.0,0.16666666666666666,0.07142857142857244,0.3142857142857138
2021-12-19,16.0,2.1,9.4,0.0,10.5,68,12,353,1,8.6,9.1,9.8,12.6,9.166666666666652,10.842857142857142,12.657142857142858,0.0,0.0,0.5,0.0,0.16666666666666666,0.07142857142857244,0.3142857142857138
2021-12-20,16.5,3.0,9.3,0.6,10.8,74,12,354,1,9.4,8.6,9.1,12.2,9.033333333333319,10.385714285714286,12.207142857142856,0.0,0.0,0.0,0.0,0.0,0.07142857142857244,0.035714285714285206
2021-12-21,17.8,4.5,11.2,0.0,9.2,77,12,355,1,9.3,9.4,8.6,12.2,9.099999999999985,9.971428571428572,11.771428571428572,0.6,0.0,0.0,0.0,0.19999999999999998,0.15714285714285817,0.07857142857142807
2021-12-22,18.3,7.0,12.3,0.0,6.0,74,12,356,1,11.2,9.3,9.4,11.4,9.966666666666653,9.828571428571427,11.52142857142857,0.0,0.6,0.0,0.0,0.19999999999999998,0.15714285714285817,0.07857142857142807
2021-12-23,19.0,6.5,12.5,0.1,8.7,75,12,357,1,12.3,11.2,9.3,9.8,10.933333333333318,9.957142857142857,11.307142857142859,0.0,0.0,0.6,0.5,0.19999999999999998,0.15714285714285817,0.07857142857142807
2021-12-24,19.3,5.7,12.5,0.0,8.8,78,12,358,1,12.5,12.3,11.2,9.1,11.999999999999986,10.342857142857143,11.192857142857141,0.1,0.0,0.0,0.0,0.03333333333333333,0.100000000000001,0.0857142857142852
2021-12-25,19.6,5.8,12.7,0.0,7.6,78,12,359,1,12.5,12.5,12.3,8.6,12.433333333333318,10.828571428571431,11.12857142857143,0.0,0.1,0.0,0.0,0.03333333333333333,0.100000000000001,0.0857142857142852
2021-12-26,14.9,8.4,11.2,2.0,14.0,88,12,360,1,12.7,12.5,12.5,9.4,12.566666666666654,11.414285714285713,11.128571428571428,0.0,0.0,0.1,0.0,0.03333333333333333,0.100000000000001,0.0857142857142852
2021-12-27,18.1,6.7,11.5,0.0,9.0,77,12,361,1,11.2,12.7,12.5,9.3,12.133333333333319,11.671428571428573,11.028571428571428,2.0,0.0,0.0,0.6,0.6666666666666666,0.38571428571428673,0.22857142857142806
2021-12-28,18.5,6.2,10.9,0.0,11.5,70,12,362,1,11.5,11.2,12.7,11.2,11.799999999999985,11.985714285714286,10.97857142857143,0.0,2.0,0.0,0.0,0.6666666666666666,0.30000000000000104,0.22857142857142806
2021-12-29,17.2,5.1,10.1,0.0,11.9,71,12,363,1,10.9,11.5,11.2,12.3,11.199999999999987,11.942857142857145,10.885714285714286,0.0,0.0,2.0,0.0,0.6666666666666666,0.30000000000000104,0.22857142857142806
2021-12-30,17.9,4.6,10.8,0.0,8.6,76,12,364,1,10.1,10.9,11.5,12.5,10.83333333333332,11.62857142857143,10.792857142857143,0.0,0.0,0.0,0.1,0.0,0.30000000000000104,0.22857142857142806
2021-12-31,17.7,5.0,11.0,0.0,10.5,75,12,365,1,10.8,10.1,10.9,12.5,10.599999999999985,11.385714285714286,10.864285714285714,0.0,0.0,0.0,0.0,0.0,0.28571428571428675,0.19285714285714237
2022-01-01,17.8,4.1,10.8,0.0,10.2,73,1,1,1,11.0,10.8,10.1,12.7,10.633333333333319,11.171428571428569,11.0,0.0,0.0,0.0,0.0,0.0,0.28571428571428675,0.19285714285714237
2022-01-02,19.1,5.9,11.4,2.4,10.7,73,1,2,1,10.8,11.0,10.8,11.2,10.866666666666653,10.900000000000002,11.157142857142857,0.0,0.0,0.0,2.0,0.0,0.28571428571428675,0.19285714285714237
2022-01-03,18.7,8.0,12.7,0.0,15.5,63,1,3,1,11.4,10.8,11.0,11.5,11.066666666666654,10.928571428571429,11.3,2.4,0.0,0.0,0.0,0.7999999999999999,0.3428571428571439,0.36428571428571377
2022-01-04,15.9,11.7,13.3,3.1,14.9,78,1,4,1,12.7,11.4,10.8,10.9,11.633333333333319,11.1,11.542857142857143,0.0,2.4,0.0,0.0,0.7999999999999999,0.34285714285714386,0.3214285714285709
2022-01-05,14.2,11.6,12.8,31.2,14.5,94,1,5,1,13.3,12.7,11.4,10.1,12.466666666666653,11.442857142857141,11.692857142857145,3.1,0.0,2.4,0.0,1.8333333333333333,0.7857142857142867,0.5428571428571424
2022-01-06,16.3,10.7,13.0,1.1,16.9,89,1,6,1,12.8,13.3,12.7,10.8,12.933333333333321,11.828571428571427,11.728571428571428,31.2,3.1,0.0,0.0,11.433333333333332,5.242857142857143,2.771428571428571
2022-01-07,13.8,9.7,12.2,37.6,18.4,94,1,7,1,13.0,12.8,13.3,11.0,13.033333333333319,12.142857142857142,11.764285714285714,1.1,31.2,3.1,0.0,11.799999999999999,5.4,2.842857142857142
2022-01-08,16.1,8.1,12.9,18.7,22.2,88,1,8,1,12.2,13.0,12.8,10.8,12.666666666666652,12.314285714285715,11.742857142857144,37.6,1.1,31.2,0.0,23.3,10.771428571428572,5.528571428571428
2022-01-09,16.1,7.4,11.7,0.0,9.2,86,1,9,1,12.9,12.2,13.0,11.4,12.699999999999983,12.614285714285716,11.757142857142858,18.7,37.6,1.1,2.4,19.13333333333333,13.442857142857145,6.864285714285714
2022-01-10,16.0,7.1,11.1,0.5,11.2,87,1,10,1,11.7,12.9,12.2,12.7,12.266666666666652,12.657142857142857,11.792857142857143,0.0,18.7,37.6,0.0,18.766666666666666,13.1,6.721428571428571
2022-01-11,16.9,6.5,10.7,0.0,9.4,83,1,11,1,11.1,11.7,12.9,13.3,11.899999999999986,12.428571428571429,11.764285714285714,0.5,0.0,18.7,3.1,6.3999999999999995,13.171428571428573,6.757142857142857
2022-01-12,16.8,6.0,10.8,0.0,10.1,72,1,12,1,10.7,11.1,11.7,12.8,11.166666666666652,12.057142857142859,11.75,0.0,0.5,0.0,31.2,0.16666666666666666,12.72857142857143,6.757142857142857
2022-01-13,16.5,6.6,10.7,0.0,9.4,88,1,13,1,10.8,10.7,11.1,13.0,10.866666666666653,11.771428571428572,11.799999999999999,0.0,0.0,0.5,1.1,0.16666666666666666,8.271428571428572,6.757142857142857
2022-01-14,15.7,5.4,9.8,0.0,6.5,89,1,14,1,10.7,10.8,10.7,12.2,10.733333333333318,11.442857142857145,11.792857142857144,0.0,0.0,0.0,37.6,0.0,8.114285714285716,6.757142857142857
2022-01-15,14.4,7.0,10.3,0.0,6.3,83,1,15,1,9.8,10.7,10.8,12.9,10.433333333333321,11.1,11.707142857142857,0.0,0.0,0.0,18.7,0.0,2.7428571428571438,6.757142857142857
2022-01-16,14.3,6.1,9.9,0.0,6.4,88,1,16,1,10.3,9.8,10.7,11.7,10.266666666666652,10.728571428571428,11.671428571428573,0.0,0.0,0.0,0.0,0.0,0.07142857142857244,6.757142857142857
2022-01-17,14.4,6.4,9.6,0.0,8.6,92,1,17,1,9.9,10.3,9.8,11.1,9.999999999999988,10.471428571428572,11.564285714285715,0.0,0.0,0.0,0.5,0.0,0.07142857142857244,6.5857142857142845
2022-01-18,17.0,6.2,10.8,0.0,10.1,85,1,18,1,9.6,9.9,10.3,10.7,9.933333333333321,10.257142857142856,11.342857142857143,0.0,0.0,0.0,0.0,0.0,0.0,6.5857142857142845
2022-01-19,15.4,8.6,11.8,5.1,8.4,93,1,19,1,10.8,9.6,9.9,10.8,10.099999999999985,10.271428571428572,11.164285714285713,0.0,0.0,0.0,0.0,0.0,0.0,6.364285714285714
2022-01-20,16.7,9.0,12.6,0.6,8.5,88,1,20,1,11.8,10.8,9.6,10.7,10.73333333333332,10.414285714285715,11.092857142857143,5.1,0.0,0.0,0.0,1.7,0.7285714285714295,4.499999999999999
2022-01-21,16.5,7.4,11.4,1.8,10.0,88,1,21,1,12.6,11.8,10.8,9.8,11.73333333333332,10.685714285714287,11.064285714285715,0.6,5.1,0.0,0.0,1.8999999999999997,0.8142857142857152,4.4642857142857135
2022-01-22,11.8,10.4,11.1,28.2,20.6,92,1,22,1,11.4,12.6,11.8,10.3,11.933333333333321,10.914285714285715,11.007142857142856,1.8,0.6,5.1,0.0,2.5,1.0714285714285725,1.9071428571428566
2022-01-23,14.6,9.2,11.5,9.4,21.2,90,1,23,1,11.1,11.4,12.6,9.9,11.699999999999983,11.028571428571427,10.878571428571428,28.2,1.8,0.6,0.0,10.200000000000001,5.1000000000000005,2.585714285714285
2022-01-24,15.3,7.3,10.3,0.0,10.5,88,1,24,1,11.5,11.1,11.4,9.6,11.33333333333332,11.257142857142858,10.864285714285714,9.4,28.2,1.8,0.0,13.133333333333333,6.442857142857144,3.2571428571428567
2022-01-25,16.2,5.1,9.9,0.9,7.6,89,1,25,1,10.3,11.5,11.1,10.8,10.966666666666654,11.357142857142858,10.807142857142859,0.0,9.4,28.2,0.0,12.533333333333333,6.442857142857144,3.221428571428571
2022-01-26,16.0,6.6,10.6,0.0,9.0,84,1,26,1,9.9,10.3,11.5,11.8,10.566666666666654,11.228571428571428,10.75,0.9,0.0,9.4,5.1,3.4333333333333336,6.571428571428572,3.285714285714285
2022-01-27,17.1,5.2,9.7,0.0,10.9,78,1,27,1,10.6,9.9,10.3,12.6,10.266666666666653,11.057142857142859,10.735714285714286,0.0,0.9,0.0,0.6,0.3,5.842857142857143,3.285714285714285
2022-01-28,17.6,4.8,10.4,0.0,10.6,74,1,28,1,9.7,10.6,9.9,11.4,10.066666666666652,10.642857142857142,10.664285714285713,0.0,0.0,0.9,1.8,0.3,5.757142857142858,3.285714285714285
2022-01-29,18.7,5.0,11.7,0.0,7.7,79,1,29,1,10.4,9.7,10.6,11.1,10.233333333333318,10.5,10.707142857142857,0.0,0.0,0.0,28.2,0.0,5.500000000000001,3.285714285714285
2022-01-30,19.1,6.9,11.7,0.0,12.5,77,1,30,1,11.7,10.4,9.7,11.5,10.599999999999985,10.585714285714285,10.807142857142855,0.0,0.0,0.0,9.4,0.0,1.4714285714285726,3.285714285714285
2022-01-31,19.9,5.7,12.4,0.0,10.1,80,1,31,1,11.7,11.7,10.4,10.3,11.266666666666652,10.614285714285714,10.935714285714285,0.0,0.0,0.0,0.0,0.0,0.12857142857142959,3.285714285714285
2022-02-01,19.5,7.2,12.5,0.0,12.9,82,2,32,1,12.4,11.7,11.7,9.9,11.933333333333318,10.914285714285715,11.135714285714286,0.0,0.0,0.0,0.9,0.0,0.12857142857142959,3.285714285714285
2022-02-02,17.6,6.1,11.7,1.7,14.4,77,2,33,1,12.5,12.4,11.7,10.6,12.199999999999983,11.285714285714286,11.257142857142858,0.0,0.0,0.0,0.0,0.0,0.0,3.285714285714285
2022-02-03,12.5,6.7,10.6,4.0,13.7,88,2,34,1,11.7,12.5,12.4,9.7,12.199999999999987,11.442857142857141,11.25,1.7,0.0,0.0,0.0,0.5666666666666667,0.24285714285714385,3.0428571428571423
2022-02-04,16.0,4.6,9.8,0.0,9.7,83,2,35,1,10.6,11.7,12.5,10.4,11.599999999999985,11.571428571428571,11.107142857142858,4.0,1.7,0.0,0.0,1.9000000000000001,0.8142857142857153,3.285714285714285
2022-02-05,17.3,4.2,10.0,0.5,7.7,86,2,36,1,9.8,10.6,11.7,11.7,10.699999999999987,11.485714285714284,10.992857142857144,0.0,4.0,1.7,0.0,1.9000000000000001,0.8142857142857153,3.157142857142857
2022-02-06,18.5,6.8,11.7,0.3,9.2,86,2,37,1,10.0,9.8,10.6,11.7,10.133333333333319,11.242857142857144,10.914285714285715,0.5,0.0,4.0,0.0,1.5,0.8857142857142868,1.1785714285714282
2022-02-07,19.8,8.5,13.3,8.4,10.4,78,2,38,1,11.7,10.0,9.8,12.4,10.499999999999986,11.242857142857144,10.928571428571429,0.3,0.5,0.0,0.0,0.26666666666666666,0.9285714285714296,0.5285714285714281
2022-02-08,20.1,8.1,12.9,0.0,11.5,75,2,39,1,13.3,11.7,10.0,12.5,11.666666666666652,11.37142857142857,11.142857142857142,8.4,0.3,0.5,0.0,3.066666666666667,2.1285714285714294,1.1285714285714281
2022-02-09,19.7,8.3,12.7,0.1,10.8,71,2,40,1,12.9,13.3,11.7,11.7,12.63333333333332,11.428571428571429,11.357142857142858,0.0,8.4,0.3,1.7,2.9000000000000004,2.1285714285714294,1.0642857142857138
2022-02-10,19.8,6.5,12.0,0.0,11.8,69,2,41,1,12.7,12.9,13.3,10.6,12.966666666666653,11.571428571428571,11.507142857142856,0.1,0.0,8.4,4.0,2.8333333333333335,1.900000000000001,1.071428571428571
2022-02-11,19.9,7.9,12.4,0.0,14.9,64,2,42,1,12.0,12.7,12.9,9.8,12.533333333333319,11.771428571428572,11.671428571428573,0.0,0.1,0.0,0.0,0.03333333333333333,1.3285714285714296,1.071428571428571
2022-02-12,20.3,5.7,12.6,0.0,10.5,68,2,43,1,12.4,12.0,12.7,10.0,12.366666666666653,12.142857142857142,11.814285714285715,0.0,0.0,0.1,0.5,0.03333333333333333,1.3285714285714296,1.071428571428571
2022-02-13,21.9,7.1,13.5,0.0,8.7,77,2,44,1,12.6,12.4,12.0,11.7,12.33333333333332,12.514285714285714,11.87857142857143,0.0,0.0,0.0,0.3,0.0,1.2571428571428582,1.071428571428571
2022-02-14,21.6,8.7,14.9,0.0,7.7,74,2,45,1,13.5,12.6,12.4,13.3,12.83333333333332,12.771428571428572,12.007142857142856,0.0,0.0,0.0,8.4,0.0,1.2142857142857153,1.071428571428571
2022-02-15,21.4,8.3,14.9,0.0,7.4,73,2,46,1,14.9,13.5,12.6,12.9,13.666666666666652,13.0,12.185714285714285,0.0,0.0,0.0,0.0,0.0,0.014285714285715302,1.071428571428571
2022-02-16,21.8,8.7,14.1,0.0,10.9,75,2,47,1,14.9,14.9,13.5,12.7,14.433333333333318,13.285714285714286,12.357142857142858,0.0,0.0,0.0,0.1,0.0,0.014285714285715302,1.071428571428571
2022-02-17,22.3,8.7,14.3,0.0,13.0,70,2,48,1,14.1,14.9,14.9,12.0,14.633333333333319,13.485714285714286,12.528571428571428,0.0,0.0,0.0,0.0,0.0,0.0,0.9499999999999995
2022-02-18,21.4,9.0,14.5,0.0,18.4,69,2,49,1,14.3,14.1,14.9,12.4,14.433333333333321,13.814285714285715,12.792857142857143,0.0,0.0,0.0,0.0,0.0,0.0,0.6642857142857138
2022-02-19,22.1,8.3,14.3,0.0,12.8,70,2,50,1,14.5,14.3,14.1,12.6,14.299999999999985,14.114285714285714,13.128571428571428,0.0,0.0,0.0,0.0,0.0,0.0,0.6642857142857138
2022-02-20,22.6,8.0,14.3,0.0,20.9,58,2,51,1,14.3,14.5,14.3,13.5,14.366666666666653,14.357142857142858,13.435714285714285,0.0,0.0,0.0,0.0,0.0,0.0,0.6285714285714281
2022-02-21,22.3,6.7,14.6,0.0,9.7,69,2,52,1,14.3,14.3,14.5,14.9,14.366666666666653,14.471428571428572,13.621428571428572,0.0,0.0,0.0,0.0,0.0,0.0,0.6071428571428567
2022-02-22,21.4,12.8,16.4,9.5,27.2,72,2,53,1,14.6,14.3,14.3,14.9,14.399999999999986,14.428571428571429,13.714285714285714,0.0,0.0,0.0,0.0,0.0,0.0,0.007142857142856636
2022-02-23,20.7,12.1,15.6,2.1,22.9,79,2,54,1,16.4,14.6,14.3,14.1,15.099999999999985,14.642857142857142,13.964285714285714,9.5,0.0,0.0,0.0,3.1666666666666665,1.357142857142858,0.6857142857142852
2022-02-24,20.2,11.0,14.3,8.6,10.4,80,2,55,1,15.6,16.4,14.6,14.3,15.533333333333319,14.857142857142858,14.171428571428573,2.1,9.5,0.0,0.0,3.8666666666666667,1.6571428571428581,0.8285714285714281
2022-02-25,17.6,9.4,13.4,11.4,19.1,88,2,56,1,14.3,15.6,16.4,14.5,15.433333333333318,14.857142857142858,14.335714285714285,8.6,2.1,9.5,0.0,6.733333333333333,2.8857142857142866,1.4428571428571424
2022-02-26,17.6,10.4,13.4,2.7,22.7,84,2,57,1,13.4,14.3,15.6,14.3,14.433333333333318,14.700000000000001,14.407142857142857,11.4,8.6,2.1,0.0,7.366666666666667,4.514285714285715,2.2571428571428567
2022-02-27,20.4,7.5,13.5,0.0,11.4,75,2,58,1,13.4,13.4,14.3,14.3,13.699999999999987,14.571428571428571,14.464285714285714,2.7,11.4,8.6,0.0,7.566666666666666,4.9,2.4499999999999993
2022-02-28,21.5,9.1,14.4,0.0,11.6,67,2,59,1,13.5,13.4,13.4,14.6,13.433333333333321,14.457142857142857,14.464285714285714,0.0,2.7,11.4,0.0,4.7,4.9,2.4499999999999993
2022-03-01,21.4,11.7,16.1,5.4,12.5,72,3,60,2,14.4,13.5,13.4,16.4,13.766666666666652,14.428571428571429,14.428571428571429,0.0,0.0,2.7,9.5,0.9,4.9,2.4499999999999993
2022-03-02,23.3,10.3,16.4,0.0,12.5,69,3,61,2,16.1,14.4,13.5,15.6,14.666666666666652,14.385714285714286,14.514285714285714,5.4,0.0,0.0,2.1,1.8,4.314285714285715,2.8357142857142854
2022-03-03,17.4,11.2,14.6,13.0,17.1,87,3,62,2,16.4,16.1,14.4,14.3,15.63333333333332,14.5,14.678571428571429,0.0,5.4,0.0,8.6,1.8,4.014285714285715,2.8357142857142854
2022-03-04,22.5,10.4,15.9,0.0,14.0,75,3,63,2,14.6,16.4,16.1,13.4,15.699999999999983,14.542857142857144,14.700000000000001,13.0,0.0,5.4,11.4,6.133333333333333,4.642857142857144,3.7642857142857133
2022-03-05,24.1,11.5,17.3,0.0,11.9,69,3,64,2,15.9,14.6,16.4,13.4,15.633333333333319,14.9,14.8,0.0,13.0,0.0,2.7,4.333333333333333,3.0142857142857156,3.7642857142857133
2022-03-06,24.0,13.5,17.4,0.0,21.8,77,3,65,2,17.3,15.9,14.6,13.5,15.933333333333318,15.457142857142856,15.014285714285714,0.0,0.0,13.0,0.0,4.333333333333333,2.6285714285714294,3.7642857142857133
2022-03-07,23.7,13.9,18.1,0.0,20.7,68,3,66,2,17.4,17.3,15.9,14.4,16.86666666666665,16.014285714285712,15.235714285714284,0.0,0.0,0.0,0.0,0.0,2.6285714285714294,3.7642857142857133
2022-03-08,26.3,13.3,18.6,0.0,13.9,69,3,67,2,18.1,17.4,17.3,16.1,17.599999999999984,16.542857142857144,15.485714285714286,0.0,0.0,0.0,5.4,0.0,2.6285714285714294,3.7642857142857133
2022-03-09,25.8,13.2,18.6,0.0,11.5,71,3,68,2,18.6,18.1,17.4,16.4,18.03333333333332,16.9,15.642857142857142,0.0,0.0,0.0,0.0,0.0,1.857142857142858,3.085714285714285
2022-03-10,26.7,14.9,19.3,0.0,14.8,67,3,69,2,18.6,18.6,18.1,14.6,18.43333333333332,17.214285714285715,15.857142857142858,0.0,0.0,0.0,13.0,0.0,1.857142857142858,2.9357142857142855
2022-03-11,27.7,12.8,19.5,0.0,12.6,67,3,70,2,19.3,18.6,18.6,15.9,18.83333333333332,17.885714285714286,16.214285714285715,0.0,0.0,0.0,0.0,0.0,0.0,2.3214285714285716
2022-03-12,29.1,12.9,20.6,0.0,9.4,66,3,71,2,19.5,19.3,18.6,17.3,19.133333333333322,18.400000000000002,16.650000000000002,0.0,0.0,0.0,0.0,0.0,0.0,1.5071428571428565
2022-03-13,29.9,15.3,22.5,0.0,9.5,66,3,72,2,20.6,19.5,19.3,17.4,19.799999999999986,18.87142857142857,17.164285714285715,0.0,0.0,0.0,0.0,0.0,0.0,1.3142857142857136
2022-03-14,30.7,15.2,23.0,0.0,7.4,72,3,73,2,22.5,20.6,19.5,18.1,20.866666666666653,19.6,17.807142857142857,0.0,0.0,0.0,0.0,0.0,0.0,1.3142857142857136
2022-03-15,32.8,17.1,24.3,0.0,11.2,70,3,74,2,23.0,22.5,20.6,18.6,22.03333333333332,20.300000000000004,18.42142857142857,0.0,0.0,0.0,0.0,0.0,0.0,1.3142857142857136
2022-03-16,34.6,19.0,25.6,0.0,20.0,52,3,75,2,24.3,23.0,22.5,18.6,23.26666666666665,21.114285714285717,19.00714285714286,0.0,0.0,0.0,0.0,0.0,0.0,0.928571428571428
2022-03-17,35.4,19.4,26.3,0.0,14.5,55,3,76,2,25.6,24.3,23.0,19.3,24.299999999999986,22.114285714285717,19.664285714285715,0.0,0.0,0.0,0.0,0.0,0.0,0.928571428571428
2022-03-18,33.5,21.0,26.6,0.0,15.9,72,3,77,2,26.3,25.6,24.3,19.5,25.399999999999988,23.114285714285717,20.5,0.0,0.0,0.0,0.0,0.0,0.0,0.0
2022-03-19,33.9,21.5,26.8,0.0,19.9,65,3,78,2,26.6,26.3,25.6,20.6,26.166666666666657,24.12857142857143,21.264285714285712,0.0,0.0,0.0,0.0,0.0,0.0,0.0
2022-03-20,33.3,19.2,24.4,0.0,13.2,66,3,79,2,26.8,26.6,26.3,22.5,26.566666666666652,25.014285714285716,21.942857142857143,0.0,0.0,0.0,0.0,0.0,0.0,0.0
2022-03-21,33.5,16.5,24.6,0.0,11.5,53,3,80,2,24.4,26.8,26.6,23.0,25.93333333333332,25.285714285714285,22.442857142857147,0.0,0.0,0.0,0.0,0.0,0.0,0.0
2022-03-22,33.6,17.7,24.7,0.0,18.0,49,3,81,2,24.6,24.4,26.8,24.3,25.26666666666665,25.514285714285716,22.907142857142855,0.0,0.0,0.0,0.0,0.0,0.0,0.0
2022-03-23,33.1,16.5,24.1,0.0,20.2,52,3,82,2,24.7,24.6,24.4,25.6,24.566666666666652,25.571428571428573,23.342857142857145,0.0,0.0,0.0,0.0,0.0,0.0,0.0
2022-03-24,32.7,19.5,25.1,0.0,15.5,39,3,83,2,24.1,24.7,24.6,26.3,24.46666666666665,25.357142857142858,23.735714285714288,0.0,0.0,0.0,0.0,0.0,0.0,0.0
2022-03-25,32.8,16.4,24.0,0.0,14.7,42,3,84,2,25.1,24.1,24.7,26.6,24.633333333333322,25.185714285714283,24.150000000000002,0.0,0.0,0.0,0.0,0.0,0.0,0.0
2022-03-26,34.5,17.7,24.9,0.0,20.5,40,3,85,2,24.0,25.1,24.1,26.8,24.399999999999988,24.814285714285713,24.47142857142857,0.0,0.0,0.0,0.0,0.0,0.0,0.0
2022-03-27,35.0,16.6,25.0,0.0,12.2,44,3,86,2,24.9,24.0,25.1,24.4,24.666666666666654,24.54285714285714,24.778571428571432,0.0,0.0,0.0,0.0,0.0,0.0,0.0
2022-03-28,35.2,19.3,26.2,0.0,18.4,49,3,87,2,25.0,24.9,24.0,24.6,24.633333333333315,24.62857142857143,24.95714285714286,0.0,0.0,0.0,0.0,0.0,0.0,0.0
2022-03-29,36.0,17.6,26.5,0.0,11.7,53,3,88,2,26.2,25.0,24.9,24.7,25.36666666666665,24.857142857142858,25.185714285714287,0.0,0.0,0.0,0.0,0.0,0.0,0.0
2022-03-30,35.6,17.7,26.1,0.0,12.1,45,3,89,2,26.5,26.2,25.0,24.1,25.899999999999988,25.114285714285717,25.342857142857145,0.0,0.0,0.0,0.0,0.0,0.0,0.0
2022-03-31,35.2,18.6,26.4,0.0,14.9,39,3,90,2,26.1,26.5,26.2,25.1,26.26666666666665,25.400000000000002,25.37857142857143,0.0,0.0,0.0,0.0,0.0,0.0,0.0
2022-04-01,34.9,19.6,26.5,0.0,13.0,31,4,91,2,26.4,26.1,26.5,24.0,26.333333333333318,25.58571428571429,25.385714285714283,0.0,0.0,0.0,0.0,0.0,0.0,0.0
2022-04-02,35.6,16.9,26.2,0.0,16.7,38,4,92,2,26.5,26.4,26.1,24.9,26.333333333333318,25.942857142857147,25.37857142857143,0.0,0.0,0.0,0.0,0.0,0.0,0.0
2022-04-03,35.7,19.6,26.8,0.0,14.0,37,4,93,2,26.2,26.5,26.4,25.0,26.366666666666656,26.12857142857143,25.335714285714285,0.0,0.0,0.0,0.0,0.0,0.0,0.0
2022-04-04,36.0,17.9,26.5,0.0,15.1,34,4,94,2,26.8,26.2,26.5,26.2,26.499999999999986,26.385714285714283,25.507142857142856,0.0,0.0,0.0,0.0,0.0,0.0,0.0
2022-04-05,36.4,18.3,26.8,0.0,12.9,33,4,95,2,26.5,26.8,26.2,26.5,26.499999999999986,26.428571428571427,25.642857142857142,0.0,0.0,0.0,0.0,0.0,0.0,0.0
2022-04-06,37.7,17.6,27.1,0.0,16.0,33,4,96,2,26.8,26.5,26.8,26.1,26.69999999999999,26.47142857142857,25.792857142857144,0.0,0.0,0.0,0.0,0.0,0.0,0.0
2022-04-07,38.7,19.3,28.3,0.0,13.4,29,4,97,2,27.1,26.8,26.5,26.4,26.799999999999986,26.61428571428571,26.00714285714286,0.0,0.0,0.0,0.0,0.0,0.0,0.0
2022-04-08,38.5,19.4,28.8,0.0,11.5,31,4,98,2,28.3,27.1,26.8,26.5,27.399999999999988,26.885714285714283,26.235714285714284,0.0,0.0,0.0,0.0,0.0,0.0,0.0
2022-04-09,39.3,20.2,29.1,0.0,13.0,41,4,99,2,28.8,28.3,27.1,26.2,28.066666666666652,27.214285714285715,26.578571428571426,0.0,0.0,0.0,0.0,0.0,0.0,0.0
2022-04-10,39.4,21.9,29.8,0.0,13.2,31,4,100,2,29.1,28.8,28.3,26.8,28.73333333333332,27.62857142857143,26.87857142857143,0.0,0.0,0.0,0.0,0.0,0.0,0.0
2022-04-11,39.9,20.4,30.2,0.0,11.0,32,4,101,2,29.8,29.1,28.8,26.5,29.23333333333332,28.05714285714286,27.22142857142857,0.0,0.0,0.0,0.0,0.0,0.0,0.0
2022-04-12,39.5,23.7,30.7,0.0,30.8,36,4,102,2,30.2,29.8,29.1,26.8,29.69999999999999,28.58571428571429,27.50714285714286,0.0,0.0,0.0,0.0,0.0,0.0,0.0
2022-04-13,38.1,23.9,30.5,0.0,20.9,28,4,103,2,30.7,30.2,29.8,27.1,30.23333333333332,29.142857142857142,27.807142857142857,0.0,0.0,0.0,0.0,0.0,0.0,0.0
2022-04-14,36.4,21.5,28.2,0.1,23.8,31,4,104,2,30.5,30.7,30.2,28.3,30.466666666666654,29.62857142857143,28.12142857142857,0.0,0.0,0.0,0.0,0.0,0.0,0.0
2022-04-15,35.1,20.7,27.8,0.0,14.1,31,4,105,2,28.2,30.5,30.7,28.8,29.799999999999983,29.614285714285717,28.25,0.1,0.0,0.0,0.0,0.03333333333333333,0.014285714285715302,0.007142857142856636
2022-04-16,37.1,19.4,28.9,0.0,10.9,30,4,106,2,27.8,28.2,30.5,29.1,28.833333333333318,29.471428571428568,28.342857142857145,0.0,0.1,0.0,0.0,0.03333333333333333,0.014285714285715302,0.007142857142856636
2022-04-17,37.9,20.3,29.0,0.0,11.3,33,4,107,2,28.9,27.8,28.2,29.8,28.299999999999983,29.442857142857143,28.535714285714285,0.0,0.0,0.1,0.0,0.03333333333333333,0.014285714285715302,0.007142857142856636
2022-04-18,39.4,21.0,30.3,0.0,22.3,32,4,108,2,29.0,28.9,27.8,30.2,28.566666666666652,29.32857142857143,28.692857142857143,0.0,0.0,0.0,0.0,0.0,0.014285714285715302,0.007142857142856636
2022-04-19,37.5,23.8,30.7,0.0,17.4,30,4,109,2,30.3,29.0,28.9,30.7,29.399999999999988,29.342857142857145,28.964285714285715,0.0,0.0,0.0,0.0,0.0,0.014285714285715302,0.007142857142856636
2022-04-20,36.2,23.2,29.6,0.1,19.8,31,4,110,2,30.7,30.3,29.0,30.5,29.999999999999986,29.342857142857145,29.24285714285714,0.0,0.0,0.0,0.0,0.0,0.014285714285715302,0.007142857142856636
2022-04-21,36.5,23.2,28.3,1.5,21.6,32,4,111,2,29.6,30.7,30.3,28.2,30.199999999999985,29.214285714285715,29.42142857142857,0.1,0.0,0.0,0.1,0.03333333333333333,0.028571428571429587,0.014285714285713779
2022-04-22,34.1,20.5,27.4,0.0,11.9,35,4,112,2,28.3,29.6,30.7,27.8,29.53333333333332,29.228571428571428,29.421428571428574,1.5,0.1,0.0,0.0,0.5333333333333333,0.2285714285714296,0.12142857142857091
2022-04-23,34.9,21.3,28.1,0.0,25.0,32,4,113,2,27.4,28.3,29.6,28.9,28.43333333333332,29.171428571428574,29.321428571428573,0.0,1.5,0.1,0.0,0.5333333333333333,0.2285714285714296,0.12142857142857091
2022-04-24,36.7,21.1,28.7,0.0,15.5,32,4,114,2,28.1,27.4,28.3,29.0,27.93333333333332,29.057142857142857,29.25,0.0,0.0,1.5,0.0,0.5,0.2285714285714296,0.12142857142857091
2022-04-25,36.8,23.0,29.9,0.0,24.0,30,4,115,2,28.7,28.1,27.4,30.3,28.066666666666652,29.014285714285712,29.17142857142857,0.0,0.0,0.0,0.0,0.0,0.2285714285714296,0.12142857142857091
2022-04-26,38.2,22.2,30.1,0.0,14.9,27,4,116,2,29.9,28.7,28.1,30.7,28.899999999999988,28.957142857142856,29.15,0.0,0.0,0.0,0.0,0.0,0.2285714285714296,0.12142857142857091
2022-04-27,39.9,23.3,31.1,0.0,14.5,27,4,117,2,30.1,29.9,28.7,29.6,29.566666666666652,28.87142857142857,29.107142857142858,0.0,0.0,0.0,0.1,0.0,0.2285714285714296,0.12142857142857091
2022-04-28,42.1,23.3,33.1,0.0,11.3,25,4,118,2,31.1,30.1,29.9,28.3,30.36666666666665,29.08571428571429,29.150000000000002,0.0,0.0,0.0,1.5,0.0,0.2142857142857153,0.12142857142857091
2022-04-29,41.1,24.1,33.2,0.0,16.6,23,4,119,2,33.1,31.1,30.1,27.4,31.433333333333323,29.771428571428572,29.5,0.0,0.0,0.0,0.0,0.0,0.0,0.11428571428571377
2022-04-30,40.8,24.0,32.8,0.0,15.3,26,4,120,2,33.2,33.1,31.1,28.1,32.466666666666654,30.599999999999998,29.885714285714283,0.0,0.0,0.0,0.0,0.0,0.0,0.11428571428571377
2022-05-01,40.6,24.6,32.5,0.0,17.1,26,5,121,2,32.8,33.2,33.1,28.7,33.033333333333324,31.271428571428572,30.164285714285715,0.0,0.0,0.0,0.0,0.0,0.0,0.11428571428571377
2022-05-02,40.4,25.4,32.1,0.1,17.1,34,5,122,2,32.5,32.8,33.2,29.9,32.83333333333332,31.814285714285717,30.414285714285715,0.0,0.0,0.0,0.0,0.0,0.0,0.11428571428571377
2022-05-03,36.4,25.7,30.3,2.6,23.4,46,5,123,2,32.1,32.5,32.8,30.1,32.46666666666665,32.128571428571426,30.542857142857144,0.1,0.0,0.0,0.0,0.03333333333333333,0.014285714285715302,0.12142857142857091
2022-05-04,34.1,25.2,28.4,4.9,23.5,49,5,124,2,30.3,32.1,32.5,31.1,31.633333333333322,32.15714285714286,30.514285714285716,2.6,0.1,0.0,0.0,0.9,0.38571428571428673,0.3071428571428566
2022-05-05,36.4,22.7,29.3,0.0,14.2,38,5,125,2,28.4,30.3,32.1,33.1,30.26666666666665,31.77142857142857,30.428571428571427,4.9,2.6,0.1,0.0,2.5333333333333337,1.0857142857142867,0.6499999999999996
2022-05-06,37.1,23.0,29.9,0.0,11.7,37,5,126,2,29.3,28.4,30.3,33.2,29.333333333333318,31.228571428571428,30.5,0.0,4.9,2.6,0.0,2.5000000000000004,1.0857142857142867,0.5428571428571424
2022-05-07,38.1,22.5,30.5,0.0,15.2,36,5,127,2,29.9,29.3,28.4,32.8,29.19999999999999,30.75714285714286,30.678571428571427,0.0,0.0,4.9,0.0,1.6333333333333335,1.0857142857142867,0.5428571428571424
2022-05-08,40.0,23.7,32.1,0.0,14.6,33,5,128,2,30.5,29.9,29.3,32.5,29.899999999999988,30.428571428571427,30.849999999999998,0.0,0.0,0.0,0.0,0.0,1.0857142857142867,0.5428571428571424
2022-05-09,39.5,24.8,32.0,0.0,17.8,37,5,129,2,32.1,30.5,29.9,32.1,30.833333333333318,30.37142857142857,31.092857142857145,0.0,0.0,0.0,0.1,0.0,1.0857142857142867,0.5428571428571424
2022-05-10,38.8,24.9,31.8,0.5,18.4,39,5,130,2,32.0,32.1,30.5,30.3,31.53333333333332,30.357142857142858,31.242857142857144,0.0,0.0,0.0,2.6,0.0,1.0714285714285725,0.5428571428571424
2022-05-11,41.5,25.6,33.0,0.0,14.2,36,5,131,2,31.8,32.0,32.1,28.4,31.966666666666654,30.571428571428573,31.364285714285717,0.5,0.0,0.0,4.9,0.16666666666666666,0.7714285714285725,0.5785714285714282
2022-05-12,42.0,25.3,33.3,0.0,27.9,39,5,132,2,33.0,31.8,32.0,29.3,32.26666666666665,31.22857142857143,31.5,0.0,0.5,0.0,0.0,0.16666666666666666,0.07142857142857244,0.5785714285714282
2022-05-13,42.5,26.6,34.3,0.0,15.8,26,5,133,2,33.3,33.0,31.8,29.9,32.69999999999999,31.8,31.514285714285716,0.0,0.0,0.5,0.0,0.16666666666666666,0.07142857142857244,0.5785714285714282
2022-05-14,43.6,24.9,34.3,0.0,12.9,21,5,134,2,34.3,33.3,33.0,30.5,33.533333333333324,32.42857142857143,31.592857142857138,0.0,0.0,0.0,0.0,0.0,0.07142857142857244,0.5785714285714282
2022-05-15,45.3,24.5,35.1,0.0,17.7,20,5,135,2,34.3,34.3,33.3,32.1,33.96666666666665,32.97142857142857,31.7,0.0,0.0,0.0,0.0,0.0,0.07142857142857244,0.5785714285714282
2022-05-16,42.8,26.5,34.5,0.0,24.5,21,5,136,2,35.1,34.3,34.3,32.0,34.566666666666656,33.4,31.88571428571429,0.0,0.0,0.0,0.0,0.0,0.07142857142857244,0.5785714285714282
2022-05-17,40.4,26.0,32.9,0.6,24.7,29,5,137,2,34.5,35.1,34.3,31.8,34.63333333333332,33.75714285714285,32.05714285714286,0.0,0.0,0.0,0.5,0.0,0.07142857142857244,0.571428571428571
2022-05-18,40.8,26.1,33.3,0.0,13.3,27,5,138,2,32.9,34.5,35.1,33.0,34.16666666666666,33.91428571428571,32.24285714285714,0.6,0.0,0.0,0.0,0.19999999999999998,0.08571428571428673,0.42857142857142805
2022-05-19,41.8,25.9,34.4,0.0,13.7,26,5,139,2,33.3,32.9,34.5,33.3,33.566666666666656,33.957142857142856,32.59285714285714,0.0,0.6,0.0,0.0,0.19999999999999998,0.08571428571428673,0.07857142857142807
2022-05-20,42.5,27.3,34.1,0.0,27.2,25,5,140,2,34.4,33.3,32.9,34.3,33.533333333333324,34.114285714285714,32.957142857142856,0.0,0.0,0.6,0.0,0.19999999999999998,0.08571428571428673,0.07857142857142807
2022-05-21,41.0,25.8,33.2,0.0,14.8,25,5,141,2,34.1,34.4,33.3,34.3,33.933333333333316,34.08571428571429,33.25714285714286,0.0,0.0,0.0,0.0,0.0,0.08571428571428673,0.07857142857142807
2022-05-22,40.0,24.8,32.8,0.0,21.4,25,5,142,2,33.2,34.1,34.4,35.1,33.899999999999984,33.92857142857143,33.45,0.0,0.0,0.0,0.0,0.0,0.08571428571428673,0.07857142857142807
2022-05-23,33.7,24.0,28.9,2.4,28.3,37,5,143,2,32.8,33.2,34.1,34.5,33.36666666666665,33.6,33.5,0.0,0.0,0.0,0.0,0.0,0.08571428571428673,0.07857142857142807
2022-05-24,31.8,18.9,25.9,0.7,27.2,52,5,144,2,28.9,32.8,33.2,32.9,31.633333333333322,32.8,33.278571428571425,2.4,0.0,0.0,0.6,0.7999999999999999,0.4285714285714296,0.2499999999999995
2022-05-25,35.7,21.4,28.7,0.0,18.0,42,5,145,2,25.9,28.9,32.8,33.3,29.19999999999999,31.8,32.857142857142854,0.7,2.4,0.0,0.0,1.0333333333333332,0.44285714285714384,0.2642857142857138
2022-05-26,38.6,24.7,31.9,0.0,14.5,36,5,146,2,28.7,25.9,28.9,34.4,27.833333333333318,31.142857142857142,32.55,0.0,0.7,2.4,0.0,1.0333333333333332,0.44285714285714384,0.2642857142857138
2022-05-27,40.0,26.4,33.4,0.0,12.7,36,5,147,2,31.9,28.7,25.9,34.1,28.833333333333318,30.785714285714285,32.449999999999996,0.0,0.0,0.7,0.0,0.2333333333333333,0.44285714285714384,0.2642857142857138
2022-05-28,40.5,27.5,33.8,0.0,15.0,38,5,148,2,33.4,31.9,28.7,33.2,31.333333333333325,30.685714285714283,32.385714285714286,0.0,0.0,0.0,0.0,0.0,0.44285714285714384,0.2642857142857138
2022-05-29,40.1,26.4,33.8,0.0,21.3,37,5,149,2,33.8,33.4,31.9,32.8,33.033333333333324,30.77142857142857,32.35,0.0,0.0,0.0,0.0,0.0,0.44285714285714384,0.2642857142857138
2022-05-30,38.0,26.7,31.9,0.1,28.1,36,5,150,2,33.8,33.8,33.4,28.9,33.66666666666666,30.91428571428571,32.25714285714285,0.0,0.0,0.0,2.4,0.0,0.44285714285714384,0.2642857142857138
2022-05-31,39.5,24.2,32.4,0.0,10.5,32,5,151,2,31.9,33.8,33.8,25.9,33.16666666666665,31.342857142857145,32.07142857142857,0.1,0.0,0.0,0.7,0.03333333333333333,0.1142857142857153,0.2714285714285709
2022-06-01,40.5,24.8,33.3,0.0,18.0,25,6,152,3,32.4,31.9,33.8,28.7,32.69999999999999,32.271428571428565,32.035714285714285,0.0,0.1,0.0,0.0,0.03333333333333333,0.014285714285715302,0.22857142857142804
2022-06-02,41.4,25.1,33.1,0.0,14.7,23,6,153,3,33.3,32.4,31.9,31.9,32.533333333333324,32.92857142857143,32.035714285714285,0.0,0.0,0.1,0.0,0.03333333333333333,0.014285714285715302,0.22857142857142804
2022-06-03,41.5,25.2,33.7,0.0,18.4,22,6,154,3,33.1,33.3,32.4,33.4,32.933333333333316,33.1,31.942857142857143,0.0,0.0,0.0,0.0,0.0,0.014285714285715302,0.22857142857142804
2022-06-04,43.7,25.6,34.5,0.0,14.4,20,6,155,3,33.7,33.1,33.3,33.8,33.36666666666665,33.142857142857146,31.91428571428571,0.0,0.0,0.0,0.0,0.0,0.014285714285715302,0.22857142857142804
2022-06-05,43.8,25.9,35.0,0.0,13.8,19,6,156,3,34.5,33.7,33.1,33.8,33.76666666666666,33.24285714285714,32.00714285714285,0.0,0.0,0.0,0.0,0.0,0.014285714285715302,0.22857142857142804
2022-06-06,44.1,26.4,35.5,0.0,19.0,19,6,157,3,35.0,34.5,33.7,31.9,34.399999999999984,33.41428571428572,32.16428571428571,0.0,0.0,0.0,0.1,0.0,0.014285714285715302,0.22857142857142804
2022-06-07,44.0,27.0,35.9,0.0,22.1,18,6,158,3,35.5,35.0,34.5,32.4,34.99999999999999,33.92857142857143,32.635714285714286,0.0,0.0,0.0,0.0,0.0,0.0,0.05714285714285663
2022-06-08,43.3,28.7,36.3,0.0,16.9,18,6,159,3,35.9,35.5,35.0,33.3,35.46666666666666,34.42857142857143,33.35,0.0,0.0,0.0,0.0,0.0,0.0,0.007142857142856636
2022-06-09,44.7,28.2,36.4,0.0,11.7,19,6,160,3,36.3,35.9,35.5,33.1,35.899999999999984,34.857142857142854,33.892857142857146,0.0,0.0,0.0,0.0,0.0,0.0,0.007142857142856636
2022-06-10,42.8,28.2,35.9,0.0,22.1,21,6,161,3,36.4,36.3,35.9,33.7,36.19999999999999,35.32857142857143,34.214285714285715,0.0,0.0,0.0,0.0,0.0,0.0,0.007142857142856636
2022-06-11,42.9,28.0,35.9,0.0,19.7,21,6,162,3,35.9,36.4,36.3,34.5,36.19999999999999,35.642857142857146,34.392857142857146,0.0,0.0,0.0,0.0,0.0,0.0,0.007142857142856636
2022-06-12,42.3,29.2,36.2,0.0,10.4,24,6,163,3,35.9,35.9,36.4,35.0,36.066666666666656,35.84285714285714,34.542857142857144,0.0,0.0,0.0,0.0,0.0,0.0,0.007142857142856636
2022-06-13,42.6,29.3,36.0,0.0,16.8,25,6,164,3,36.2,35.9,35.9,35.5,35.999999999999986,36.01428571428571,34.714285714285715,0.0,0.0,0.0,0.0,0.0,0.0,0.007142857142856636
2022-06-14,44.5,28.5,37.4,0.0,14.7,21,6,165,3,36.0,36.2,35.9,35.9,36.033333333333324,36.08571428571428,35.00714285714286,0.0,0.0,0.0,0.0,0.0,0.0,0.0
2022-06-15,44.8,30.3,37.7,0.0,13.7,24,6,166,3,37.4,36.0,36.2,36.3,36.533333333333324,36.3,35.364285714285714,0.0,0.0,0.0,0.0,0.0,0.0,0.0
2022-06-16,41.2,29.9,34.7,0.9,20.8,33,6,167,3,37.7,37.4,36.0,36.4,37.033333333333324,36.5,35.67857142857143,0.0,0.0,0.0,0.0,0.0,0.0,0.0
2022-06-17,35.5,28.0,31.3,1.3,15.9,55,6,168,3,34.7,37.7,37.4,35.9,36.599999999999994,36.25714285714286,35.792857142857144,0.9,0.0,0.0,0.0,0.3,0.12857142857142959,0.06428571428571378
2022-06-18,33.7,23.6,27.7,0.4,18.4,69,6,169,3,31.3,34.7,37.7,35.9,34.566666666666656,35.6,35.621428571428574,1.3,0.9,0.0,0.0,0.7333333333333334,0.31428571428571533,0.15714285714285664
2022-06-19,34.1,22.2,27.8,0.0,8.2,62,6,170,3,27.7,31.3,34.7,36.2,31.23333333333332,34.42857142857143,35.135714285714286,0.4,1.3,0.9,0.0,0.8666666666666667,0.37142857142857244,0.18571428571428522
2022-06-20,33.7,23.6,28.5,0.1,15.8,53,6,171,3,27.8,27.7,31.3,36.0,28.933333333333323,33.22857142857143,34.621428571428574,0.0,0.4,1.3,0.0,0.5666666666666668,0.37142857142857244,0.18571428571428522
2022-06-21,28.2,19.9,24.8,28.3,19.8,76,6,172,3,28.5,27.8,27.7,37.4,27.99999999999999,32.15714285714286,34.121428571428574,0.1,0.0,0.4,0.0,0.1666666666666666,0.38571428571428673,0.19285714285714237
2022-06-22,31.6,20.4,26.2,4.8,24.3,68,6,173,3,24.8,28.5,27.8,37.7,27.03333333333332,30.357142857142858,33.32857142857143,28.3,0.1,0.0,0.0,9.466666666666667,4.42857142857143,2.214285714285714
2022-06-23,35.1,22.2,28.2,0.0,16.6,50,6,174,3,26.2,24.8,28.5,34.7,26.49999999999999,28.714285714285715,32.607142857142854,4.8,28.3,0.1,0.9,11.066666666666668,5.114285714285715,2.5571428571428565
2022-06-24,37.0,22.6,29.6,0.0,11.5,52,6,175,3,28.2,26.2,24.8,31.3,26.399999999999988,27.785714285714285,32.02142857142857,0.0,4.8,28.3,1.3,11.033333333333333,4.985714285714287,2.5571428571428565
2022-06-25,38.8,24.4,31.8,0.0,9.0,46,6,176,3,29.6,28.2,26.2,27.7,27.99999999999999,27.542857142857144,31.571428571428573,0.0,0.0,4.8,0.4,1.5999999999999999,4.8,2.5571428571428565
2022-06-26,39.9,26.2,33.0,0.0,8.8,41,6,177,3,31.8,29.6,28.2,27.8,29.866666666666656,28.12857142857143,31.27857142857143,0.0,0.0,0.0,0.0,0.0,4.742857142857143,2.5571428571428565
2022-06-27,40.1,28.0,34.0,0.0,8.7,49,6,178,3,33.0,31.8,29.6,28.5,31.466666666666658,28.871428571428574,31.05,0.0,0.0,0.0,0.1,0.0,4.742857142857143,2.5571428571428565
2022-06-28,41.7,29.4,35.2,0.0,16.1,49,6,179,3,34.0,33.0,31.8,24.8,32.93333333333333,29.657142857142862,30.907142857142855,0.0,0.0,0.0,28.3,0.0,4.728571428571429,2.5571428571428565
2022-06-29,42.2,30.0,35.7,0.0,20.5,51,6,180,3,35.2,34.0,33.0,26.2,34.066666666666656,31.142857142857142,30.75,0.0,0.0,0.0,4.8,0.0,0.6857142857142867,2.5571428571428565
2022-06-30,34.9,26.4,30.4,0.2,29.7,72,6,181,3,35.7,35.2,34.0,28.2,34.96666666666666,32.5,30.607142857142858,0.0,0.0,0.0,0.0,0.0,0.0,2.5571428571428565
2022-07-01,32.3,24.5,28.1,29.1,17.3,77,7,182,3,30.4,35.7,35.2,29.6,33.76666666666666,32.81428571428572,30.3,0.2,0.0,0.0,0.0,0.06666666666666667,0.028571428571429587,2.5071428571428567
2022-07-02,35.8,26.6,31.0,0.5,12.7,66,7,183,3,28.1,30.4,35.7,31.8,31.399999999999988,32.6,30.071428571428573,29.1,0.2,0.0,0.0,9.766666666666667,4.185714285714287,4.492857142857142
2022-07-03,33.8,27.0,30.8,5.1,17.4,71,7,184,3,31.0,28.1,30.4,33.0,29.833333333333325,32.48571428571429,30.307142857142857,0.5,29.1,0.2,0.0,9.933333333333334,4.257142857142858,4.499999999999999
2022-07-04,36.3,27.8,32.3,1.0,7.7,67,7,185,3,30.8,31.0,28.1,34.0,29.966666666666654,32.17142857142857,30.521428571428572,5.1,0.5,29.1,0.0,11.566666666666668,4.985714285714287,4.864285714285714
2022-07-05,36.8,27.0,31.8,11.5,15.8,70,7,186,3,32.3,30.8,31.0,35.2,31.366666666666656,31.928571428571427,30.79285714285714,1.0,5.1,0.5,0.0,2.1999999999999997,5.128571428571429,4.928571428571429
2022-07-06,35.9,28.1,30.9,6.7,15.0,76,7,187,3,31.8,32.3,30.8,35.7,31.633333333333322,31.442857142857143,31.292857142857144,11.5,1.0,5.1,0.0,5.866666666666667,6.771428571428572,3.728571428571428
2022-07-07,35.9,27.0,31.5,0.6,8.0,73,7,188,3,30.9,31.8,32.3,30.4,31.666666666666654,30.757142857142856,31.628571428571426,6.7,11.5,1.0,0.2,6.3999999999999995,7.7285714285714295,3.864285714285714
2022-07-08,36.2,26.6,31.7,4.6,14.6,71,7,189,3,31.5,30.9,31.8,28.1,31.399999999999988,30.914285714285715,31.86428571428571,0.6,6.7,11.5,29.1,6.266666666666667,7.7857142857142865,3.907142857142857
2022-07-09,37.0,26.0,30.4,18.0,23.3,78,7,190,3,31.7,31.5,30.9,31.0,31.366666666666656,31.428571428571427,32.01428571428572,4.6,0.6,6.7,0.5,3.9666666666666663,4.2857142857142865,4.235714285714286
2022-07-10,33.4,26.4,29.4,0.4,13.7,75,7,191,3,30.4,31.7,31.5,30.8,31.19999999999999,31.342857142857145,31.914285714285715,18.0,4.6,0.6,5.1,7.733333333333333,6.7857142857142865,5.521428571428571
2022-07-11,34.3,26.5,30.4,0.1,8.6,74,7,192,3,29.4,30.4,31.7,32.3,30.499999999999986,31.142857142857142,31.657142857142855,0.4,18.0,4.6,1.0,7.666666666666665,6.114285714285715,5.55
2022-07-12,36.0,27.9,31.6,0.0,9.4,70,7,193,3,30.4,29.4,30.4,31.8,30.066666666666652,30.871428571428567,31.400000000000002,0.1,0.4,18.0,11.5,6.166666666666667,5.985714285714287,5.557142857142857
2022-07-13,35.1,24.8,30.0,30.0,20.2,78,7,194,3,31.6,30.4,29.4,30.9,30.466666666666654,30.842857142857145,31.14285714285714,0.0,0.1,0.4,6.7,0.16666666666666666,4.342857142857143,5.557142857142857
2022-07-14,33.6,24.4,28.4,4.1,23.2,82,7,195,3,30.0,31.6,30.4,31.5,30.666666666666657,30.714285714285715,30.735714285714284,30.0,0.0,0.1,0.6,10.033333333333333,7.671428571428572,7.7
2022-07-15,28.8,24.7,26.5,9.9,17.0,85,7,196,3,28.4,30.0,31.6,31.7,29.99999999999999,30.27142857142857,30.592857142857145,4.1,30.0,0.0,4.6,11.366666666666667,8.171428571428573,7.978571428571428
2022-07-16,36.6,25.9,30.4,0.0,12.3,67,7,197,3,26.5,28.4,30.0,30.4,28.299999999999986,29.52857142857143,30.478571428571428,9.9,4.1,30.0,18.0,14.666666666666666,8.92857142857143,6.607142857142857
2022-07-17,33.5,25.6,28.6,2.8,9.5,79,7,198,3,30.4,26.5,28.4,29.4,28.43333333333332,29.52857142857143,30.435714285714283,0.0,9.9,4.1,0.4,4.666666666666667,6.357142857142859,6.571428571428571
2022-07-18,35.6,25.8,30.9,0.0,6.8,72,7,199,3,28.6,30.4,26.5,30.4,28.49999999999999,29.41428571428571,30.27857142857143,2.8,0.0,9.9,0.1,4.233333333333333,6.700000000000001,6.407142857142857
2022-07-19,36.5,27.9,32.2,0.0,7.4,68,7,200,3,30.9,28.6,30.4,31.6,29.966666666666654,29.485714285714288,30.178571428571427,0.0,2.8,0.0,0.0,0.9333333333333332,6.685714285714286,6.3357142857142845
2022-07-20,33.4,27.3,30.5,8.8,16.1,75,7,201,3,32.2,30.9,28.6,30.0,30.566666666666652,29.571428571428573,30.207142857142856,0.0,0.0,2.8,30.0,0.9333333333333332,6.685714285714286,5.514285714285713
2022-07-21,28.8,25.0,26.0,79.5,17.0,94,7,202,3,30.5,32.2,30.9,28.4,31.19999999999999,29.642857142857142,30.178571428571427,8.8,0.0,0.0,4.1,2.9333333333333336,3.6571428571428584,5.664285714285713
2022-07-22,32.8,25.0,28.2,6.6,16.1,85,7,203,3,26.0,30.5,32.2,26.5,29.566666666666652,29.300000000000004,29.785714285714285,79.5,8.8,0.0,9.9,29.433333333333334,14.428571428571429,11.299999999999999
2022-07-23,31.9,25.4,28.3,7.7,15.6,85,7,204,3,28.2,26.0,30.5,30.4,28.23333333333332,29.542857142857144,29.535714285714285,6.6,79.5,8.8,0.0,31.63333333333333,13.957142857142856,11.442857142857141
2022-07-24,33.2,26.3,29.2,1.1,13.1,77,7,205,3,28.3,28.2,26.0,28.6,27.49999999999999,29.242857142857144,29.385714285714283,7.7,6.6,79.5,2.8,31.266666666666666,15.057142857142855,10.707142857142857
2022-07-25,32.2,25.3,28.0,24.8,15.5,84,7,206,3,29.2,28.3,28.2,30.9,28.566666666666652,29.32857142857143,29.371428571428574,1.1,7.7,6.6,0.0,5.133333333333334,14.814285714285715,10.757142857142856
2022-07-26,33.4,26.1,29.5,0.1,8.5,77,7,207,3,28.0,29.2,28.3,32.2,28.499999999999986,28.914285714285715,29.2,24.8,1.1,7.7,0.0,11.200000000000001,18.357142857142858,12.52142857142857
2022-07-27,31.2,25.8,28.2,2.9,15.0,84,7,208,3,29.5,28.0,29.2,30.5,28.899999999999988,28.52857142857143,29.050000000000004,0.1,24.8,1.1,8.8,8.666666666666668,18.37142857142857,12.528571428571428
2022-07-28,29.5,25.4,26.9,7.4,14.2,90,7,209,3,28.2,29.5,28.0,26.0,28.566666666666652,28.199999999999996,28.921428571428574,2.9,0.1,24.8,79.5,9.266666666666667,17.52857142857143,10.592857142857142
2022-07-29,30.7,24.6,27.0,18.4,12.8,89,7,210,3,26.9,28.2,29.5,28.2,28.19999999999999,28.328571428571426,28.814285714285713,7.4,2.9,0.1,6.6,3.466666666666667,7.228571428571429,10.828571428571427
2022-07-30,31.3,24.7,27.8,5.0,11.8,85,7,211,3,27.0,26.9,28.2,28.3,27.366666666666656,28.157142857142855,28.849999999999998,18.4,7.4,2.9,7.7,9.566666666666666,8.914285714285715,11.435714285714285
2022-07-31,30.7,24.6,27.3,6.8,11.8,86,7,212,3,27.8,27.0,26.9,29.2,27.23333333333332,28.085714285714285,28.664285714285715,5.0,18.4,7.4,1.1,10.266666666666666,8.528571428571428,11.792857142857143
2022-08-01,30.8,23.8,27.1,13.8,11.9,86,8,213,3,27.3,27.8,27.0,28.0,27.366666666666656,27.814285714285713,28.571428571428573,6.8,5.0,18.4,24.8,10.066666666666666,9.342857142857143,12.078571428571427
2022-08-02,33.6,24.9,29.5,0.0,6.5,78,8,214,3,27.1,27.3,27.8,29.5,27.399999999999988,27.685714285714287,28.3,13.8,6.8,5.0,0.1,8.533333333333333,7.771428571428572,13.064285714285713
2022-08-03,34.6,26.3,30.3,0.0,7.2,77,8,215,3,29.5,27.1,27.3,28.2,27.966666666666658,27.685714285714287,28.107142857142858,0.0,13.8,6.8,2.9,6.866666666666667,7.757142857142858,13.064285714285713
2022-08-04,33.9,25.9,29.9,0.5,17.6,79,8,216,3,30.3,29.5,27.1,26.9,28.966666666666654,27.985714285714288,28.092857142857145,0.0,0.0,13.8,7.4,4.6000000000000005,7.342857142857143,12.435714285714283
2022-08-05,32.3,23.5,28.2,4.2,17.4,82,8,217,3,29.9,30.3,29.5,27.0,29.899999999999988,28.414285714285715,28.371428571428574,0.5,0.0,0.0,18.4,0.16666666666666666,6.357142857142857,6.792857142857143
2022-08-06,33.0,25.8,28.7,0.3,10.8,82,8,218,3,28.2,29.9,30.3,27.8,29.466666666666654,28.58571428571429,28.37142857142857,4.2,0.5,0.0,5.0,1.5666666666666667,4.328571428571428,6.621428571428571
2022-08-07,33.2,25.7,29.1,2.5,13.2,81,8,219,3,28.7,28.2,29.9,27.3,28.933333333333323,28.714285714285715,28.400000000000002,0.3,4.2,0.5,6.8,1.6666666666666667,3.6571428571428575,6.0928571428571425
2022-08-08,34.2,26.0,30.1,0.0,12.9,79,8,220,3,29.1,28.7,28.2,27.1,28.666666666666654,28.971428571428568,28.392857142857142,2.5,0.3,4.2,13.8,2.3333333333333335,3.042857142857143,6.192857142857142
2022-08-09,35.1,28.0,30.9,0.0,7.4,75,8,221,3,30.1,29.1,28.7,29.5,29.299999999999986,29.4,28.54285714285714,0.0,2.5,0.3,0.0,0.9333333333333332,1.0714285714285714,4.42142857142857
2022-08-10,36.1,26.9,31.4,0.0,9.9,74,8,222,3,30.9,30.1,29.1,30.3,30.03333333333332,29.599999999999998,28.642857142857142,0.0,0.0,2.5,0.0,0.8333333333333334,1.0714285714285714,4.414285714285714
2022-08-11,29.7,25.4,27.3,6.4,21.3,83,8,223,3,31.4,30.9,30.1,29.9,30.799999999999986,29.75714285714286,28.87142857142857,0.0,0.0,0.0,0.5,0.0,1.0714285714285714,4.207142857142856
2022-08-12,34.2,24.7,28.8,0.0,9.3,71,8,224,3,27.3,31.4,30.9,28.2,29.866666666666656,29.385714285714283,28.900000000000002,6.4,0.0,0.0,4.2,2.1333333333333333,1.9142857142857144,4.135714285714284
2022-08-13,35.0,25.1,29.9,0.0,8.7,72,8,225,3,28.8,27.3,31.4,28.7,29.166666666666657,29.47142857142857,29.028571428571432,0.0,6.4,0.0,0.3,2.1333333333333333,1.3142857142857143,2.8214285714285703
2022-08-14,34.5,26.6,30.4,2.0,16.2,78,8,226,3,29.9,28.8,27.3,29.1,28.666666666666654,29.642857142857142,29.178571428571427,0.0,0.0,6.4,2.5,2.1333333333333333,1.2714285714285716,2.464285714285713
2022-08-15,29.0,24.7,26.3,24.9,18.0,90,8,227,3,30.4,29.9,28.8,30.1,29.69999999999999,29.82857142857143,29.4,2.0,0.0,0.0,0.0,0.6666666666666666,1.2,2.1214285714285706
2022-08-16,32.7,24.5,28.7,0.0,8.4,79,8,228,3,26.3,30.4,29.9,30.9,28.866666666666656,29.285714285714285,29.342857142857145,24.9,2.0,0.0,0.0,8.966666666666667,4.757142857142857,2.9142857142857133
2022-08-17,32.3,27.2,29.2,1.7,16.6,78,8,229,3,28.7,26.3,30.4,31.4,28.466666666666654,28.97142857142857,29.285714285714285,0.0,24.9,2.0,0.0,8.966666666666667,4.757142857142857,2.9142857142857133
2022-08-18,33.1,26.2,29.6,0.3,7.2,78,8,230,3,29.2,28.7,26.3,27.3,28.066666666666652,28.657142857142855,29.207142857142856,1.7,0.0,24.9,6.4,8.866666666666665,5.0,3.0357142857142847
2022-08-19,32.9,26.8,29.7,0.7,12.8,78,8,231,3,29.6,29.2,28.7,28.8,29.166666666666657,28.985714285714288,29.185714285714283,0.3,1.7,0.0,0.0,0.6666666666666666,4.128571428571428,3.02142857142857
2022-08-20,31.3,26.0,28.2,3.3,10.9,82,8,232,3,29.7,29.6,29.2,29.9,29.499999999999986,29.114285714285717,29.29285714285714,0.7,0.3,1.7,0.0,0.9,4.228571428571429,2.77142857142857
2022-08-21,33.4,25.0,29.0,0.2,8.5,77,8,233,3,28.2,29.7,29.6,30.4,29.166666666666657,28.87142857142857,29.25714285714286,3.3,0.7,0.3,2.0,1.4333333333333333,4.699999999999998,2.9857142857142844
2022-08-22,34.8,26.0,30.2,0.0,7.2,70,8,234,3,29.0,28.2,29.7,26.3,28.966666666666654,28.67142857142857,29.25,0.2,3.3,0.7,24.9,1.4000000000000001,4.442857142857142,2.8214285714285703
2022-08-23,34.5,26.2,30.7,0.1,6.9,72,8,235,3,30.2,29.0,28.2,28.7,29.133333333333322,29.228571428571428,29.25714285714286,0.0,0.2,3.3,0.0,1.1666666666666667,0.8857142857142852,2.8214285714285703
2022-08-24,31.6,25.7,28.3,13.8,23.4,83,8,236,3,30.7,30.2,29.0,29.2,29.966666666666654,29.514285714285712,29.24285714285714,0.1,0.0,0.2,1.7,0.10000000000000002,0.8999999999999995,2.828571428571428
2022-08-25,31.8,24.8,27.8,15.4,13.7,85,8,237,3,28.3,30.7,30.2,29.6,29.73333333333332,29.385714285714283,29.021428571428572,13.8,0.1,0.0,0.3,4.633333333333334,2.6285714285714286,3.8142857142857136
2022-08-26,32.1,25.0,28.4,1.6,13.5,83,8,238,3,27.8,28.3,30.7,29.7,28.93333333333332,29.12857142857143,29.057142857142853,15.4,13.8,0.1,0.7,9.766666666666667,4.785714285714286,4.457142857142856
2022-08-27,32.7,25.7,28.6,1.1,12.7,80,8,239,3,28.4,27.8,28.3,28.2,28.166666666666657,28.942857142857143,29.02857142857143,1.6,15.4,13.8,3.3,10.266666666666667,4.914285714285714,4.571428571428571
2022-08-28,33.3,25.6,28.7,6.9,9.5,80,8,240,3,28.6,28.4,27.8,29.0,28.266666666666655,29.0,28.935714285714287,1.1,1.6,15.4,0.2,6.033333333333332,4.6,4.6499999999999995
2022-08-29,31.3,24.7,27.4,11.1,11.3,85,8,241,3,28.7,28.6,28.4,30.2,28.566666666666652,28.957142857142856,28.814285714285717,6.9,1.1,1.6,0.0,3.2000000000000006,5.557142857142857,4.999999999999999
2022-08-30,32.6,24.0,28.6,1.6,18.0,81,8,242,3,27.4,28.7,28.6,30.7,28.23333333333332,28.557142857142857,28.892857142857142,11.1,6.9,1.1,0.1,6.366666666666667,7.142857142857143,4.014285714285713
2022-08-31,34.9,25.6,30.0,0.2,9.7,76,8,243,3,28.6,27.4,28.7,28.3,28.23333333333332,28.257142857142856,28.88571428571429,1.6,11.1,6.9,13.8,6.533333333333332,7.357142857142856,4.128571428571428
2022-09-01,35.3,25.8,30.4,0.0,8.3,72,9,244,4,30.0,28.6,27.4,27.8,28.666666666666654,28.5,28.942857142857147,0.2,1.6,11.1,15.4,4.3,5.414285714285714,4.0214285714285705
2022-09-02,34.4,26.7,29.8,1.3,13.0,76,9,245,4,30.4,30.0,28.6,28.4,29.666666666666657,28.87142857142857,29.0,0.0,0.2,1.6,1.6,0.5999999999999994,3.214285714285714,3.9999999999999996
2022-09-03,34.1,26.0,29.8,0.0,13.7,74,9,246,4,29.8,30.4,30.0,28.6,30.066666666666652,29.071428571428573,29.00714285714286,1.3,0.0,0.2,1.1,0.4999999999999994,3.171428571428571,4.042857142857142
2022-09-04,32.6,25.0,28.8,0.2,22.3,73,9,247,4,29.8,29.8,30.4,28.7,29.999999999999986,29.24285714285714,29.12142857142857,0.0,1.3,0.0,6.9,0.43333333333333274,3.014285714285714,3.8071428571428565
2022-09-05,31.4,23.1,26.5,19.4,21.4,84,9,248,4,28.8,29.8,29.8,27.4,29.466666666666658,29.25714285714286,29.107142857142858,0.2,0.0,1.3,11.1,0.4999999999999994,2.0571428571428565,3.8071428571428565
2022-09-06,32.5,23.9,28.1,2.4,6.1,81,9,249,4,26.5,28.8,29.8,28.6,28.366666666666656,29.12857142857143,28.842857142857138,19.4,0.2,0.0,1.6,6.533333333333332,3.2428571428571424,5.192857142857142
2022-09-07,33.9,24.5,29.0,0.0,6.6,74,9,250,4,28.1,26.5,28.8,30.0,27.799999999999994,29.057142857142857,28.657142857142855,2.4,19.4,0.2,0.2,7.333333333333332,3.3571428571428563,5.357142857142857
2022-09-08,34.5,25.2,29.7,0.0,8.1,71,9,251,4,29.0,28.1,26.5,30.4,27.866666666666656,28.914285714285715,28.707142857142856,0.0,2.4,19.4,0.0,7.266666666666666,3.328571428571428,4.371428571428571
2022-09-09,33.3,25.4,29.0,1.6,14.9,78,9,252,4,29.7,29.0,28.1,29.8,28.933333333333323,28.814285714285717,28.842857142857145,0.0,0.0,2.4,1.3,0.7999999999999999,3.328571428571428,3.271428571428571
2022-09-10,32.2,23.2,28.1,8.5,27.8,82,9,253,4,29.0,29.7,29.0,29.8,29.23333333333332,28.7,28.885714285714283,1.6,0.0,0.0,0.0,0.5333333333333333,3.3714285714285706,3.271428571428571
2022-09-11,31.3,25.4,27.8,0.9,12.0,84,9,254,4,28.1,29.0,29.7,28.8,28.933333333333323,28.45714285714286,28.849999999999998,8.5,1.6,0.0,0.2,3.3666666666666667,4.5857142857142845,3.7999999999999994
2022-09-12,32.6,23.8,27.9,0.0,11.0,80,9,255,4,27.8,28.1,29.0,26.5,28.299999999999986,28.314285714285713,28.785714285714285,0.9,8.5,1.6,19.4,3.6666666666666665,4.685714285714285,3.3714285714285706
2022-09-13,33.8,24.5,28.6,0.0,9.7,74,9,256,4,27.9,27.8,28.1,28.1,27.93333333333332,28.514285714285712,28.821428571428573,0.0,0.9,8.5,2.4,3.1333333333333333,1.914285714285714,2.578571428571428
2022-09-14,33.4,24.6,28.9,0.0,9.5,74,9,257,4,28.6,27.9,27.8,29.0,28.09999999999999,28.58571428571429,28.821428571428573,0.0,0.0,0.9,0.0,0.3,1.571428571428571,2.464285714285713
2022-09-15,33.0,24.9,28.7,1.3,10.9,75,9,258,4,28.9,28.6,27.9,29.7,28.466666666666654,28.571428571428573,28.74285714285714,0.0,0.0,0.0,0.0,0.0,1.571428571428571,2.4499999999999993
2022-09-16,32.1,23.4,28.1,0.3,19.5,75,9,259,4,28.7,28.9,28.6,29.0,28.73333333333332,28.428571428571427,28.62142857142857,1.3,0.0,0.0,1.6,0.43333333333333335,1.7571428571428567,2.5428571428571423
2022-09-17,31.9,23.2,27.4,2.6,27.5,79,9,260,4,28.1,28.7,28.9,28.1,28.566666666666652,28.3,28.5,0.3,1.3,0.0,8.5,0.5333333333333333,1.571428571428571,2.4714285714285706
2022-09-18,34.0,23.5,28.4,0.0,8.4,71,9,261,4,27.4,28.1,28.7,27.8,28.066666666666652,28.2,28.328571428571426,2.6,0.3,1.3,0.9,1.4000000000000001,0.728571428571428,2.657142857142856
2022-09-19,34.6,23.6,28.5,0.0,9.2,72,9,262,4,28.4,27.4,28.1,27.9,27.966666666666654,28.285714285714285,28.3,0.0,2.6,0.3,0.0,0.9666666666666668,0.5999999999999994,2.6428571428571423
2022-09-20,33.8,23.8,28.4,0.0,9.7,74,9,263,4,28.5,28.4,27.4,28.6,28.09999999999999,28.37142857142857,28.442857142857147,0.0,0.0,2.6,0.0,0.8666666666666667,0.5999999999999994,1.2571428571428565
2022-09-21,31.2,24.7,27.8,2.1,10.8,78,9,264,4,28.4,28.5,28.4,28.9,28.43333333333332,28.342857142857145,28.464285714285715,0.0,0.0,0.0,0.0,0.0,0.5999999999999994,1.085714285714285
2022-09-22,33.1,23.4,27.9,0.0,9.1,74,9,265,4,27.8,28.4,28.5,28.7,28.23333333333332,28.185714285714287,28.37857142857143,2.1,0.0,0.0,1.3,0.7000000000000001,0.8999999999999995,1.235714285714285
2022-09-23,33.4,24.2,27.8,0.1,13.0,78,9,266,4,27.9,27.8,28.4,28.1,28.03333333333332,28.071428571428573,28.25,0.0,2.1,0.0,0.3,0.7000000000000001,0.7142857142857137,1.235714285714285
2022-09-24,29.0,24.2,26.1,1.2,13.7,82,9,267,4,27.8,27.9,27.8,27.4,27.833333333333318,28.02857142857143,28.164285714285715,0.1,0.0,2.1,2.6,0.7333333333333334,0.6857142857142852,1.128571428571428
2022-09-25,30.1,22.8,25.8,0.7,14.8,77,9,268,4,26.1,27.8,27.9,28.4,27.266666666666655,27.842857142857138,28.021428571428572,1.2,0.1,0.0,0.0,0.43333333333333335,0.48571428571428527,0.6071428571428564
2022-09-26,31.1,21.2,26.2,0.0,9.7,74,9,269,4,25.8,26.1,27.8,28.5,26.566666666666652,27.47142857142857,27.878571428571426,0.7,1.2,0.1,0.0,0.6666666666666666,0.5857142857142852,0.5928571428571422
2022-09-27,32.0,22.4,26.8,0.0,8.1,71,9,270,4,26.2,25.8,26.1,28.4,26.03333333333332,27.142857142857142,27.75714285714286,0.0,0.7,1.2,0.0,0.6333333333333333,0.5857142857142852,0.5928571428571422
2022-09-28,32.8,23.0,27.3,0.0,8.0,71,9,271,4,26.8,26.2,25.8,27.8,26.26666666666665,26.914285714285715,27.628571428571426,0.0,0.0,0.7,2.1,0.2333333333333333,0.5857142857142852,0.5928571428571422
2022-09-29,33.7,23.3,27.8,0.1,9.5,66,9,272,4,27.3,26.8,26.2,27.9,26.766666666666655,26.842857142857145,27.514285714285712,0.0,0.0,0.0,0.0,0.0,0.2857142857142852,0.5928571428571422
2022-09-30,34.4,23.2,28.3,0.0,9.2,65,9,273,4,27.8,27.3,26.8,27.8,27.299999999999986,26.828571428571426,27.45,0.1,0.0,0.0,0.1,0.03333333333333333,0.2999999999999995,0.5071428571428563
2022-10-01,34.6,23.3,28.3,0.0,8.6,59,10,274,4,28.3,27.8,27.3,26.1,27.799999999999986,26.900000000000002,27.464285714285715,0.0,0.1,0.0,1.2,0.03333333333333333,0.2857142857142852,0.48571428571428493
2022-10-02,34.6,23.1,27.9,0.0,10.9,62,10,275,4,28.3,28.3,27.8,25.8,28.133333333333326,27.214285714285715,27.528571428571432,0.0,0.0,0.1,0.7,0.03333333333333333,0.11428571428571377,0.2999999999999992
2022-10-03,34.9,21.8,28.0,0.0,8.4,56,10,276,4,27.9,28.3,28.3,26.2,28.166666666666657,27.514285714285712,27.49285714285714,0.0,0.0,0.0,0.0,0.0,0.014285714285713779,0.2999999999999992
2022-10-04,35.2,21.5,27.7,0.0,10.8,55,10,277,4,28.0,27.9,28.3,26.8,28.066666666666652,27.771428571428572,27.457142857142856,0.0,0.0,0.0,0.0,0.0,0.014285714285713779,0.2999999999999992
2022-10-05,35.0,19.8,26.4,0.0,9.2,55,10,278,4,27.7,28.0,27.9,27.3,27.866666666666656,27.900000000000002,27.407142857142855,0.0,0.0,0.0,0.0,0.0,0.014285714285713779,0.2999999999999992
2022-10-06,33.8,20.8,26.9,0.0,12.3,60,10,279,4,26.4,27.7,28.0,27.8,27.366666666666656,27.77142857142857,27.307142857142857,0.0,0.0,0.0,0.1,0.0,0.014285714285713779,0.14999999999999925
2022-10-07,33.5,22.0,26.8,0.0,13.3,63,10,280,4,26.9,26.4,27.7,28.3,26.999999999999986,27.642857142857142,27.235714285714288,0.0,0.0,0.0,0.0,0.0,0.0,0.14999999999999925
2022-10-08,32.9,21.4,26.2,0.0,11.0,66,10,281,4,26.8,26.9,26.4,28.3,26.69999999999999,27.428571428571427,27.164285714285715,0.0,0.0,0.0,0.0,0.0,0.0,0.1428571428571421
2022-10-09,32.5,21.2,26.2,0.0,10.6,70,10,282,4,26.2,26.8,26.9,27.9,26.633333333333322,27.128571428571426,27.17142857142857,0.0,0.0,0.0,0.0,0.0,0.0,0.05714285714285638
2022-10-10,29.6,20.9,24.9,0.0,10.2,74,10,283,4,26.2,26.2,26.8,28.0,26.399999999999988,26.885714285714283,27.2,0.0,0.0,0.0,0.0,0.0,0.0,0.007142857142856382
2022-10-11,29.5,20.3,23.4,7.6,13.4,79,10,284,4,24.9,26.2,26.2,27.7,25.76666666666665,26.442857142857143,27.107142857142858,0.0,0.0,0.0,0.0,0.0,0.0,0.007142857142856382
2022-10-12,30.0,17.5,23.4,0.0,8.4,72,10,285,4,23.4,24.9,26.2,26.4,24.833333333333318,25.828571428571426,26.864285714285717,7.6,0.0,0.0,0.0,2.533333333333333,1.0857142857142852,0.5499999999999992
2022-10-13,31.3,18.8,24.7,0.0,10.5,59,10,286,4,23.4,23.4,24.9,26.9,23.899999999999988,25.400000000000002,26.585714285714285,0.0,7.6,0.0,0.0,2.533333333333333,1.0857142857142852,0.5499999999999992
2022-10-14,31.9,19.1,24.7,0.0,11.9,56,10,287,4,24.7,23.4,23.4,26.8,23.833333333333318,25.085714285714285,26.364285714285717,0.0,0.0,7.6,0.0,2.533333333333333,1.0857142857142852,0.542857142857142
2022-10-15,32.1,18.4,24.7,0.0,9.2,54,10,288,4,24.7,24.7,23.4,26.2,24.26666666666665,24.785714285714285,26.107142857142858,0.0,0.0,0.0,0.0,0.0,1.0857142857142852,0.542857142857142
2022-10-16,32.6,18.1,24.6,0.0,10.4,56,10,289,4,24.7,24.7,24.7,26.2,24.7,24.571428571428573,25.849999999999998,0.0,0.0,0.0,0.0,0.0,1.0857142857142852,0.542857142857142
2022-10-17,32.2,19.1,24.5,0.0,10.0,53,10,290,4,24.6,24.7,24.7,24.9,24.666666666666654,24.342857142857145,25.614285714285717,0.0,0.0,0.0,0.0,0.0,1.0857142857142852,0.542857142857142
2022-10-18,31.4,17.7,24.0,0.0,16.3,55,10,291,4,24.5,24.6,24.7,23.4,24.59999999999999,24.285714285714285,25.364285714285717,0.0,0.0,0.0,7.6,0.0,1.0857142857142852,0.542857142857142
2022-10-19,31.9,17.9,24.1,0.0,12.9,51,10,292,4,24.0,24.5,24.6,23.4,24.366666666666656,24.37142857142857,25.1,0.0,0.0,0.0,0.0,0.0,0.0,0.542857142857142
2022-10-20,26.3,18.4,21.5,4.6,28.1,57,10,293,4,24.1,24.0,24.5,24.7,24.19999999999999,24.471428571428568,24.935714285714283,0.0,0.0,0.0,0.0,0.0,0.0,0.542857142857142
2022-10-21,29.8,17.6,22.2,0.0,13.6,49,10,294,4,21.5,24.1,24.0,24.7,23.19999999999999,24.014285714285712,24.55,4.6,0.0,0.0,0.0,1.5333333333333332,0.6571428571428566,0.8714285714285707
2022-10-22,29.6,15.3,21.9,0.0,9.3,51,10,295,4,22.2,21.5,24.1,24.7,22.59999999999999,23.657142857142855,24.221428571428568,0.0,4.6,0.0,0.0,1.5333333333333332,0.6571428571428566,0.8714285714285707
2022-10-23,29.9,13.8,21.0,0.0,10.6,55,10,296,4,21.9,22.2,21.5,24.6,21.866666666666656,23.25714285714286,23.914285714285715,0.0,0.0,4.6,0.0,1.5333333333333332,0.6571428571428566,0.8714285714285707
2022-10-24,30.3,14.4,22.1,0.0,9.3,51,10,297,4,21.0,21.9,22.2,24.5,21.69999999999999,22.74285714285714,23.542857142857144,0.0,0.0,0.0,0.0,0.0,0.6571428571428566,0.8714285714285707
2022-10-25,30.6,15.0,22.2,0.0,8.5,56,10,298,4,22.1,21.0,21.9,24.0,21.666666666666657,22.400000000000002,23.342857142857138,0.0,0.0,0.0,0.0,0.0,0.6571428571428566,0.8714285714285707
2022-10-26,30.9,15.5,22.1,0.0,9.5,67,10,299,4,22.2,22.1,21.0,24.1,21.766666666666655,22.142857142857142,23.25714285714286,0.0,0.0,0.0,0.0,0.0,0.6571428571428566,0.3285714285714278
2022-10-27,31.2,15.4,22.7,0.0,9.4,60,10,300,4,22.1,22.2,22.1,21.5,22.133333333333322,21.857142857142858,23.164285714285715,0.0,0.0,0.0,4.6,0.0,0.6571428571428566,0.3285714285714278
2022-10-28,30.5,15.5,22.5,0.0,7.8,59,10,301,4,22.7,22.1,22.2,22.2,22.333333333333325,22.028571428571432,23.02142857142857,0.0,0.0,0.0,0.0,0.0,0.0,0.3285714285714278
2022-10-29,30.8,15.6,22.3,0.0,9.6,65,10,302,4,22.5,22.7,22.1,21.9,22.43333333333332,22.071428571428573,22.86428571428571,0.0,0.0,0.0,0.0,0.0,0.0,0.3285714285714278
2022-10-30,30.6,16.7,22.5,0.0,8.1,70,10,303,4,22.3,22.5,22.7,21.0,22.49999999999999,22.12857142857143,22.692857142857143,0.0,0.0,0.0,0.0,0.0,0.0,0.3285714285714278
2022-10-31,30.1,17.2,22.8,0.0,11.9,69,10,304,4,22.5,22.3,22.5,22.1,22.433333333333323,22.342857142857138,22.54285714285714,0.0,0.0,0.0,0.0,0.0,0.0,0.3285714285714278
2022-11-01,28.0,18.8,22.5,0.3,18.6,64,11,305,4,22.8,22.5,22.3,22.2,22.53333333333332,22.442857142857143,22.42142857142857,0.0,0.0,0.0,0.0,0.0,0.0,0.3285714285714278
2022-11-02,30.7,16.3,22.6,0.0,14.8,50,11,306,4,22.5,22.8,22.5,22.1,22.59999999999999,22.485714285714288,22.314285714285713,0.3,0.0,0.0,0.0,0.09999999999999999,0.04285714285714235,0.3499999999999992
2022-11-03,29.3,16.7,22.5,0.0,10.2,55,11,307,4,22.6,22.5,22.8,22.7,22.633333333333326,22.557142857142857,22.20714285714286,0.0,0.3,0.0,0.0,0.09999999999999999,0.04285714285714235,0.3499999999999992
2022-11-04,29.4,16.0,21.7,0.0,7.4,73,11,308,4,22.5,22.6,22.5,22.5,22.53333333333332,22.52857142857143,22.278571428571432,0.0,0.0,0.3,0.0,0.09999999999999999,0.04285714285714235,0.021428571428570665
2022-11-05,25.5,17.9,20.5,5.9,31.3,77,11,309,4,21.7,22.5,22.6,22.3,22.266666666666655,22.414285714285715,22.242857142857144,0.0,0.0,0.0,0.0,0.0,0.04285714285714235,0.021428571428570665
2022-11-06,21.8,16.9,19.5,25.1,24.7,71,11,310,4,20.5,21.7,22.5,22.5,21.566666666666652,22.157142857142862,22.142857142857142,5.9,0.0,0.0,0.0,1.9666666666666668,0.8857142857142852,0.4428571428571421
2022-11-07,21.7,16.1,18.4,11.5,18.9,73,11,311,4,19.5,20.5,21.7,22.8,20.566666666666652,21.72857142857143,22.035714285714285,25.1,5.9,0.0,0.0,10.333333333333334,4.471428571428571,2.235714285714285
2022-11-08,25.4,14.7,19.2,0.0,9.0,70,11,312,4,18.4,19.5,20.5,22.5,19.466666666666654,21.099999999999998,21.771428571428572,11.5,25.1,5.9,0.3,14.166666666666666,6.114285714285714,3.0571428571428565
2022-11-09,21.4,13.7,17.7,2.3,14.8,81,11,313,4,19.2,18.4,19.5,22.6,19.03333333333332,20.62857142857143,21.557142857142853,0.0,11.5,25.1,0.0,12.200000000000001,6.071428571428571,3.0571428571428565
2022-11-10,24.9,14.4,18.6,0.0,14.7,65,11,314,4,17.7,19.2,18.4,22.5,18.433333333333323,19.928571428571427,21.242857142857144,2.3,0.0,11.5,0.0,4.6000000000000005,6.3999999999999995,3.2214285714285706
2022-11-11,24.7,13.7,18.1,0.0,12.0,65,11,315,4,18.6,17.7,19.2,21.7,18.499999999999986,19.37142857142857,20.95,0.0,2.3,0.0,0.0,0.7666666666666666,6.3999999999999995,3.2214285714285706
2022-11-12,24.7,13.1,18.0,0.0,11.0,65,11,316,4,18.1,18.6,17.7,20.5,18.133333333333322,18.857142857142858,20.63571428571429,0.0,0.0,2.3,5.9,0.7666666666666666,6.3999999999999995,3.2214285714285706
2022-11-13,24.3,11.3,16.9,0.3,14.0,66,11,317,4,18.0,18.1,18.6,19.5,18.23333333333332,18.5,20.32857142857143,0.0,0.0,0.0,25.1,0.0,5.557142857142856,3.2214285714285706
2022-11-14,19.7,14.4,16.4,18.0,23.4,77,11,318,4,16.9,18.0,18.1,18.4,17.666666666666657,18.12857142857143,19.928571428571427,0.3,0.0,0.0,11.5,0.09999999999999999,2.014285714285714,3.2428571428571424
2022-11-15,23.4,13.6,17.0,0.1,12.1,73,11,319,4,16.4,16.9,18.0,19.2,17.099999999999984,17.84285714285714,19.47142857142857,18.0,0.3,0.0,0.0,6.1000000000000005,2.942857142857142,4.528571428571428
2022-11-16,22.7,12.4,16.4,0.1,7.7,76,11,320,4,17.0,16.4,16.9,17.7,16.76666666666665,17.52857142857143,19.07857142857143,0.1,18.0,0.3,2.3,6.133333333333334,2.9571428571428564,4.514285714285714
2022-11-17,23.3,12.2,16.1,0.0,15.1,74,11,321,4,16.4,17.0,16.4,18.6,16.59999999999999,17.342857142857145,18.635714285714283,0.1,0.1,18.0,0.0,6.066666666666666,2.642857142857142,4.521428571428571
2022-11-18,22.3,9.4,15.0,0.0,8.9,79,11,322,4,16.1,16.4,17.0,18.1,16.499999999999986,16.985714285714284,18.178571428571427,0.0,0.1,0.1,0.0,0.06666666666666667,2.642857142857142,4.521428571428571
2022-11-19,22.5,10.7,16.0,0.5,10.0,78,11,323,4,15.0,16.1,16.4,18.0,15.83333333333332,16.54285714285714,17.7,0.0,0.0,0.1,0.0,0.03333333333333333,2.642857142857142,4.521428571428571
2022-11-20,22.5,12.0,16.0,0.0,12.5,63,11,324,4,16.0,15.0,16.1,16.9,15.699999999999989,16.257142857142856,17.378571428571426,0.5,0.0,0.0,0.3,0.16666666666666666,2.714285714285713,4.135714285714285
2022-11-21,22.8,10.2,15.3,0.0,10.3,70,11,325,4,16.0,16.0,15.0,16.4,15.666666666666655,16.128571428571426,17.128571428571426,0.0,0.5,0.0,18.0,0.16666666666666666,2.6714285714285704,2.3428571428571425
2022-11-22,22.9,10.0,15.3,0.0,10.8,65,11,326,4,15.3,16.0,16.0,17.0,15.766666666666657,15.971428571428573,16.90714285714286,0.0,0.0,0.5,0.1,0.16666666666666666,0.09999999999999898,1.5214285714285707
2022-11-23,22.8,8.5,14.7,0.0,11.4,68,11,327,4,15.3,15.3,16.0,16.4,15.533333333333323,15.72857142857143,16.628571428571426,0.0,0.0,0.0,0.1,0.0,0.0857142857142847,1.5214285714285707
2022-11-24,22.9,8.4,14.7,0.0,9.4,72,11,328,4,14.7,15.3,15.3,16.1,15.099999999999989,15.485714285714286,16.414285714285715,0.0,0.0,0.0,0.0,0.0,0.07142857142857041,1.3571428571428563
2022-11-25,23.5,9.4,15.7,0.0,8.6,77,11,329,4,14.7,14.7,15.3,15.0,14.899999999999986,15.285714285714286,16.135714285714286,0.0,0.0,0.0,0.0,0.0,0.07142857142857041,1.3571428571428563
2022-11-26,23.6,8.9,15.3,0.0,10.1,76,11,330,4,15.7,14.7,14.7,16.0,15.033333333333323,15.385714285714286,15.964285714285714,0.0,0.0,0.0,0.5,0.0,0.07142857142857041,1.3571428571428563
2022-11-27,23.0,9.6,15.6,0.0,6.6,78,11,331,4,15.3,15.7,14.7,16.0,15.23333333333332,15.285714285714286,15.77142857142857,0.0,0.0,0.0,0.0,0.0,0.0,1.3571428571428563
2022-11-28,23.3,8.6,15.6,0.0,8.7,78,11,332,4,15.6,15.3,15.7,15.3,15.533333333333323,15.22857142857143,15.678571428571429,0.0,0.0,0.0,0.0,0.0,0.0,1.335714285714285
2022-11-29,22.9,9.8,15.2,0.0,11.6,81,11,333,4,15.6,15.6,15.3,15.3,15.499999999999988,15.271428571428572,15.62142857142857,0.0,0.0,0.0,0.0,0.0,0.0,0.04999999999999923
2022-11-30,22.7,9.5,15.5,0.0,9.7,78,11,334,4,15.2,15.6,15.6,14.7,15.466666666666654,15.257142857142856,15.492857142857144,0.0,0.0,0.0,0.0,0.0,0.0,0.0428571428571421
2022-12-01,22.4,8.4,15.2,0.0,9.9,76,12,335,1,15.5,15.2,15.6,14.7,15.433333333333321,15.37142857142857,15.428571428571429,0.0,0.0,0.0,0.0,0.0,0.0,0.035714285714284956
2022-12-02,21.6,10.2,15.6,0.0,7.3,78,12,336,1,15.2,15.5,15.2,15.7,15.299999999999988,15.442857142857141,15.364285714285714,0.0,0.0,0.0,0.0,0.0,0.0,0.035714285714284956
2022-12-03,22.6,9.1,14.7,0.0,9.4,80,12,337,1,15.6,15.2,15.5,15.3,15.433333333333321,15.428571428571429,15.407142857142857,0.0,0.0,0.0,0.0,0.0,0.0,0.035714285714284956
2022-12-04,22.8,9.8,14.8,0.0,11.0,73,12,338,1,14.7,15.6,15.2,15.6,15.166666666666655,15.342857142857143,15.314285714285715,0.0,0.0,0.0,0.0,0.0,0.0,0.0
2022-12-05,21.5,6.7,13.6,0.0,10.5,76,12,339,1,14.8,14.7,15.6,15.6,15.033333333333323,15.228571428571428,15.228571428571428,0.0,0.0,0.0,0.0,0.0,0.0,0.0
2022-12-06,22.3,8.8,14.3,0.0,10.3,70,12,340,1,13.6,14.8,14.7,15.2,14.366666666666655,14.942857142857141,15.107142857142858,0.0,0.0,0.0,0.0,0.0,0.0,0.0
2022-12-07,22.2,8.4,13.9,0.0,11.2,68,12,341,1,14.3,13.6,14.8,15.5,14.233333333333322,14.814285714285713,15.035714285714286,0.0,0.0,0.0,0.0,0.0,0.0,0.0
2022-12-08,21.4,8.3,14.1,0.0,9.5,70,12,342,1,13.9,14.3,13.6,15.2,13.933333333333321,14.585714285714285,14.978571428571428,0.0,0.0,0.0,0.0,0.0,0.0,0.0
2022-12-09,22.6,10.9,16.1,2.2,13.5,69,12,343,1,14.1,13.9,14.3,15.6,14.099999999999989,14.428571428571429,14.935714285714285,0.0,0.0,0.0,0.0,0.0,0.0,0.0
2022-12-10,23.0,11.4,16.3,1.1,11.1,66,12,344,1,16.1,14.1,13.9,14.7,14.699999999999989,14.5,14.964285714285714,2.2,0.0,0.0,0.0,0.7333333333333334,0.3142857142857133,0.1571428571428564
2022-12-11,23.9,12.6,16.8,0.0,13.6,52,12,345,1,16.3,16.1,14.1,14.8,15.499999999999991,14.728571428571428,15.035714285714286,1.1,2.2,0.0,0.0,1.1,0.4714285714285705,0.23571428571428496
2022-12-12,22.6,9.2,15.0,0.0,10.9,54,12,346,1,16.8,16.3,16.1,13.6,16.399999999999988,15.014285714285714,15.121428571428572,0.0,1.1,2.2,0.0,1.1,0.4714285714285705,0.23571428571428496
2022-12-13,23.2,11.7,15.9,0.0,16.8,50,12,347,1,15.0,16.8,16.3,14.3,16.03333333333332,15.214285714285714,15.078571428571431,0.0,0.0,1.1,0.0,0.3666666666666667,0.4714285714285705,0.23571428571428496
2022-12-14,21.3,7.5,14.0,0.0,11.4,59,12,348,1,15.9,15.0,16.8,13.9,15.89999999999999,15.442857142857141,15.12857142857143,0.0,0.0,0.0,0.0,0.0,0.4714285714285705,0.23571428571428496
2022-12-15,21.7,6.9,13.1,0.0,10.8,68,12,349,1,14.0,15.9,15.0,14.1,14.966666666666654,15.457142857142857,15.021428571428572,0.0,0.0,0.0,0.0,0.0,0.4714285714285705,0.23571428571428496
2022-12-16,20.7,6.3,12.5,0.0,8.7,75,12,350,1,13.1,14.0,15.9,16.1,14.333333333333321,15.314285714285713,14.871428571428572,0.0,0.0,0.0,2.2,0.0,0.4714285714285705,0.23571428571428496
2022-12-17,21.3,7.9,13.7,0.0,6.2,75,12,351,1,12.5,13.1,14.0,16.3,13.199999999999989,14.799999999999999,14.650000000000002,0.0,0.0,0.0,1.1,0.0,0.15714285714285614,0.23571428571428496
2022-12-18,20.9,8.6,13.5,0.0,9.4,80,12,352,1,13.7,12.5,13.1,16.8,13.099999999999989,14.428571428571429,14.578571428571427,0.0,0.0,0.0,0.0,0.0,0.0,0.23571428571428496
2022-12-19,20.4,6.7,13.0,0.0,7.9,82,12,353,1,13.5,13.7,12.5,15.0,13.23333333333332,13.957142857142856,14.485714285714286,0.0,0.0,0.0,0.0,0.0,0.0,0.23571428571428496
2022-12-20,20.5,7.0,12.5,0.0,11.5,80,12,354,1,13.0,13.5,13.7,15.9,13.399999999999986,13.671428571428569,14.442857142857141,0.0,0.0,0.0,0.0,0.0,0.0,0.23571428571428496
2022-12-21,19.4,6.6,12.3,0.0,10.0,81,12,355,1,12.5,13.0,13.5,14.0,12.999999999999988,13.185714285714285,14.314285714285715,0.0,0.0,0.0,0.0,0.0,0.0,0.23571428571428496
2022-12-22,17.3,6.3,10.9,0.0,7.7,91,12,356,1,12.3,12.5,13.0,13.1,12.599999999999989,12.942857142857141,14.200000000000001,0.0,0.0,0.0,0.0,0.0,0.0,0.23571428571428496
2022-12-23,15.2,6.2,9.2,0.0,8.4,94,12,357,1,10.9,12.3,12.5,12.5,11.89999999999999,12.62857142857143,13.971428571428573,0.0,0.0,0.0,0.0,0.0,0.0,0.23571428571428496
2022-12-24,15.4,6.0,9.0,0.0,10.2,91,12,358,1,9.2,10.9,12.3,13.7,10.799999999999988,12.157142857142858,13.478571428571428,0.0,0.0,0.0,0.0,0.0,0.0,0.07857142857142782
2022-12-25,15.7,5.6,9.9,0.0,8.1,85,12,359,1,9.0,9.2,10.9,13.5,9.699999999999989,11.485714285714286,12.957142857142857,0.0,0.0,0.0,0.0,0.0,0.0,0.0
2022-12-26,17.7,6.1,10.3,0.2,10.7,86,12,360,1,9.9,9.0,9.2,13.0,9.366666666666655,10.971428571428573,12.464285714285714,0.0,0.0,0.0,0.0,0.0,0.0,0.0
2022-12-27,17.4,5.3,9.9,0.0,10.2,84,12,361,1,10.3,9.9,9.0,12.5,9.733333333333322,10.585714285714287,12.128571428571428,0.2,0.0,0.0,0.0,0.06666666666666667,0.028571428571427557,0.014285714285713525
2022-12-28,18.1,3.8,10.2,0.0,11.0,78,12,362,1,9.9,10.3,9.9,12.3,10.033333333333323,10.214285714285714,11.7,0.0,0.2,0.0,0.0,0.06666666666666667,0.028571428571427557,0.014285714285713525
2022-12-29,13.5,7.1,10.4,7.8,10.2,89,12,363,1,10.2,9.9,10.3,10.9,10.13333333333332,9.914285714285715,11.428571428571429,0.0,0.0,0.2,0.0,0.06666666666666667,0.028571428571427557,0.014285714285713525
2022-12-30,18.4,8.1,12.7,0.0,12.0,83,12,364,1,10.4,10.2,9.9,9.2,10.166666666666655,9.842857142857143,11.235714285714284,7.8,0.0,0.0,0.0,2.6,1.142857142857142,0.5714285714285706
2022-12-31,18.4,7.4,11.5,0.0,11.2,80,12,365,1,12.7,10.4,10.2,9.0,11.099999999999989,10.342857142857143,11.25,0.0,7.8,0.0,0.0,2.6,1.142857142857142,0.5714285714285706
2023-01-01,16.7,5.8,10.4,0.0,9.2,79,1,1,1,11.5,12.7,10.4,9.9,11.533333333333323,10.700000000000001,11.092857142857143,0.0,0.0,7.8,0.0,2.6,1.142857142857142,0.5714285714285706
2023-01-02,15.4,4.4,9.5,0.0,7.4,88,1,2,1,10.4,11.5,12.7,10.3,11.533333333333323,10.77142857142857,10.871428571428572,0.0,0.0,0.0,0.2,0.0,1.142857142857142,0.5714285714285706
2023-01-03,15.5,5.2,9.5,0.0,9.3,86,1,3,1,9.5,10.4,11.5,9.9,10.466666666666654,10.657142857142857,10.621428571428572,0.0,0.0,0.0,0.0,0.0,1.1142857142857132,0.5714285714285706
2023-01-04,15.7,3.7,8.8,0.0,10.0,85,1,4,1,9.5,9.5,10.4,10.2,9.799999999999988,10.6,10.407142857142858,0.0,0.0,0.0,0.0,0.0,1.1142857142857132,0.5714285714285706
2023-01-05,15.1,2.1,7.7,0.0,7.0,88,1,5,1,8.8,9.5,9.5,10.4,9.266666666666657,10.4,10.157142857142857,0.0,0.0,0.0,7.8,0.0,1.1142857142857132,0.5714285714285706
2023-01-06,12.0,3.2,7.0,0.0,5.7,93,1,6,1,7.7,8.8,9.5,12.7,8.666666666666655,10.014285714285714,9.928571428571429,0.0,0.0,0.0,0.0,0.0,0.0,0.5714285714285706
2023-01-07,14.0,4.5,8.6,0.0,11.8,92,1,7,1,7.0,7.7,8.8,11.5,7.8333333333333215,9.200000000000001,9.771428571428572,0.0,0.0,0.0,0.0,0.0,0.0,0.5714285714285706
2023-01-08,16.1,4.9,9.4,0.0,10.7,88,1,8,1,8.6,7.0,7.7,10.4,7.766666666666654,8.785714285714286,9.742857142857144,0.0,0.0,0.0,0.0,0.0,0.0,0.5714285714285706
2023-01-09,16.9,7.0,10.5,0.0,7.9,84,1,9,1,9.4,8.6,7.0,9.5,8.333333333333321,8.642857142857142,9.707142857142857,0.0,0.0,0.0,0.0,0.0,0.0,0.5714285714285706
2023-01-10,17.3,6.3,10.3,0.0,10.6,91,1,10,1,10.5,9.4,8.6,9.5,9.499999999999988,8.785714285714286,9.721428571428572,0.0,0.0,0.0,0.0,0.0,0.0,0.5571428571428564
2023-01-11,14.8,9.1,11.5,3.3,11.4,94,1,11,1,10.3,10.5,9.4,8.8,10.066666666666654,8.9,9.75,0.0,0.0,0.0,0.0,0.0,0.0,0.5571428571428564
2023-01-12,18.0,8.1,11.7,0.5,9.0,86,1,12,1,11.5,10.3,10.5,7.7,10.766666666666653,9.285714285714286,9.842857142857143,3.3,0.0,0.0,0.0,1.0999999999999999,0.47142857142857036,0.792857142857142
2023-01-13,16.2,7.6,10.8,1.8,9.4,88,1,13,1,11.7,11.5,10.3,7.0,11.166666666666652,9.857142857142858,9.935714285714285,0.5,3.3,0.0,0.0,1.2666666666666666,0.5428571428571418,0.27142857142857063
2023-01-14,15.5,4.9,9.1,0.0,11.7,77,1,14,1,10.8,11.7,11.5,8.6,11.333333333333321,10.4,9.8,1.8,0.5,3.3,0.0,1.8666666666666665,0.7999999999999989,0.3999999999999992
2023-01-15,15.8,3.5,8.3,0.0,9.8,69,1,15,1,9.1,10.8,11.7,9.4,10.533333333333323,10.471428571428572,9.62857142857143,0.0,1.8,0.5,0.0,0.7666666666666666,0.7999999999999989,0.3999999999999992
2023-01-16,15.7,2.5,7.9,0.0,10.5,65,1,16,1,8.3,9.1,10.8,10.5,9.399999999999986,10.314285714285715,9.478571428571428,0.0,0.0,1.8,0.0,0.6,0.7999999999999989,0.3999999999999992
2023-01-17,16.0,2.0,8.3,0.0,9.9,61,1,17,1,7.9,8.3,9.1,10.3,8.433333333333321,9.942857142857145,9.364285714285714,0.0,0.0,0.0,0.0,0.0,0.7999999999999989,0.3999999999999992
2023-01-18,15.3,2.4,8.7,0.0,9.0,74,1,18,1,8.3,7.9,8.3,11.5,8.166666666666655,9.657142857142857,9.278571428571428,0.0,0.0,0.0,3.3,0.0,0.7999999999999989,0.3999999999999992
2023-01-19,17.8,6.3,12.1,0.0,12.7,61,1,19,1,8.7,8.3,7.9,11.7,8.299999999999988,9.257142857142856,9.271428571428572,0.0,0.0,0.0,0.5,0.0,0.3285714285714275,0.3999999999999992
2023-01-20,13.8,8.6,11.3,4.9,11.3,78,1,20,1,12.1,8.7,8.3,10.8,9.699999999999989,9.314285714285715,9.585714285714285,0.0,0.0,0.0,1.8,0.0,0.2571428571428561,0.3999999999999992
2023-01-21,17.3,6.2,10.9,0.0,9.1,80,1,21,1,11.3,12.1,8.7,9.1,10.699999999999987,9.385714285714286,9.892857142857142,4.9,0.0,0.0,0.0,1.6333333333333335,0.6999999999999991,0.7499999999999992
2023-01-22,17.7,5.6,10.3,0.0,10.4,75,1,22,1,10.9,11.3,12.1,8.3,11.433333333333323,9.642857142857142,10.057142857142859,0.0,4.9,0.0,0.0,1.6333333333333335,0.6999999999999991,0.7499999999999992
2023-01-23,17.5,7.7,11.7,1.6,16.1,71,1,23,1,10.3,10.9,11.3,7.9,10.833333333333321,9.928571428571429,10.121428571428572,0.0,0.0,4.9,0.0,1.6333333333333335,0.6999999999999991,0.7499999999999992
2023-01-24,17.4,8.5,12.5,0.1,13.7,69,1,24,1,11.7,10.3,10.9,8.3,10.966666666666654,10.471428571428572,10.207142857142857,1.6,0.0,0.0,0.0,0.5333333333333333,0.9285714285714276,0.8642857142857135
2023-01-25,17.0,8.1,12.3,1.3,14.8,87,1,25,1,12.5,11.7,10.3,8.7,11.499999999999988,11.071428571428571,10.364285714285714,0.1,1.6,0.0,0.0,0.5666666666666668,0.942857142857142,0.8714285714285707
2023-01-26,17.8,7.4,11.0,0.0,13.8,74,1,26,1,12.3,12.5,11.7,12.1,12.166666666666652,11.585714285714287,10.421428571428573,1.3,0.1,1.6,0.0,1.0,1.1285714285714277,0.7285714285714278
2023-01-27,19.1,5.6,11.2,0.0,11.3,63,1,27,1,11.0,12.3,12.5,11.3,11.933333333333323,11.428571428571429,10.371428571428572,0.0,1.3,0.1,4.9,0.46666666666666673,1.1285714285714277,0.6928571428571421
2023-01-28,19.5,6.1,11.2,0.0,10.7,62,1,28,1,11.2,11.0,12.3,10.9,11.499999999999988,11.414285714285713,10.4,0.0,0.0,1.3,0.0,0.43333333333333335,0.42857142857142755,0.5642857142857135
2023-01-29,19.5,5.5,11.5,10.3,19.3,75,1,29,1,11.2,11.2,11.0,10.3,11.13333333333332,11.457142857142857,10.549999999999999,0.0,0.0,0.0,0.0,0.0,0.42857142857142755,0.5642857142857135
2023-01-30,15.5,10.6,12.7,19.7,18.4,89,1,30,1,11.5,11.2,11.2,11.7,11.299999999999988,11.628571428571428,10.778571428571427,10.3,0.0,0.0,1.6,3.4333333333333336,1.899999999999999,1.2999999999999992
2023-01-31,18.6,7.5,12.1,0.0,14.1,79,1,31,1,12.7,11.5,11.2,12.5,11.799999999999988,11.771428571428572,11.121428571428572,19.7,10.3,0.0,0.1,10.0,4.485714285714285,2.7071428571428564
2023-02-01,20.0,8.3,12.6,0.0,12.8,66,2,32,1,12.1,12.7,11.5,12.3,12.099999999999987,11.714285714285714,11.392857142857142,0.0,19.7,10.3,1.3,10.0,4.471428571428571,2.7071428571428564
2023-02-02,18.5,9.1,13.1,0.0,10.9,62,2,33,1,12.6,12.1,12.7,11.0,12.466666666666654,11.757142857142856,11.671428571428573,0.0,0.0,19.7,0.0,6.566666666666666,4.285714285714285,2.7071428571428564
2023-02-03,18.8,9.3,13.3,0.0,11.0,72,2,34,1,13.1,12.6,12.1,11.2,12.599999999999987,12.057142857142855,11.742857142857144,0.0,0.0,0.0,0.0,0.0,4.285714285714285,2.7071428571428564
2023-02-04,22.9,8.2,14.7,0.0,12.8,68,2,35,1,13.3,13.1,12.6,11.2,12.999999999999988,12.357142857142858,11.885714285714286,0.0,0.0,0.0,0.0,0.0,4.285714285714285,2.3571428571428568
2023-02-05,21.9,9.5,15.0,0.0,12.4,67,2,36,1,14.7,13.3,13.1,11.5,13.699999999999987,12.857142857142858,12.157142857142857,0.0,0.0,0.0,10.3,0.0,4.285714285714285,2.3571428571428568
2023-02-06,21.8,11.2,15.8,0.2,19.1,67,2,37,1,15.0,14.7,13.3,12.7,14.333333333333321,13.357142857142858,12.492857142857142,0.0,0.0,0.0,19.7,0.0,2.8142857142857136,2.3571428571428568
2023-02-07,21.3,10.4,14.7,0.0,17.2,62,2,38,1,15.8,15.0,14.7,12.1,15.166666666666655,13.799999999999999,12.785714285714286,0.2,0.0,0.0,0.0,0.06666666666666667,0.028571428571427557,2.2571428571428567
2023-02-08,21.3,7.6,13.8,0.1,9.0,69,2,39,1,14.7,15.8,15.0,12.6,15.166666666666655,14.171428571428573,12.942857142857141,0.0,0.2,0.0,0.0,0.06666666666666667,0.028571428571427557,2.249999999999999
2023-02-09,18.3,8.7,13.4,1.8,21.8,75,2,40,1,13.8,14.7,15.8,13.1,14.766666666666653,14.342857142857142,13.049999999999999,0.1,0.0,0.2,0.0,0.10000000000000002,0.04285714285714185,2.1642857142857137
2023-02-10,24.0,11.4,15.8,1.0,23.9,67,2,41,1,13.4,13.8,14.7,13.3,13.966666666666654,14.385714285714286,13.221428571428572,1.8,0.1,0.0,0.0,0.6333333333333334,0.299999999999999,2.292857142857142
2023-02-11,20.0,8.9,13.6,0.0,14.0,57,2,42,1,15.8,13.4,13.8,14.7,14.333333333333321,14.742857142857144,13.549999999999999,1.0,1.8,0.1,0.0,0.9666666666666668,0.44285714285714184,2.3642857142857134
2023-02-12,19.6,6.6,12.4,0.0,15.3,50,2,43,1,13.6,15.8,13.4,15.0,14.266666666666653,14.585714285714285,13.721428571428573,0.0,1.0,1.8,0.0,0.9333333333333332,0.44285714285714184,2.3642857142857134
2023-02-13,20.3,7.6,13.6,0.0,14.6,38,2,44,1,12.4,13.6,15.8,15.8,13.933333333333323,14.214285714285714,13.785714285714286,0.0,0.0,1.0,0.2,0.3333333333333333,0.44285714285714184,1.6285714285714281
2023-02-14,22.5,7.1,14.7,0.0,11.5,52,2,45,1,13.6,12.4,13.6,14.7,13.199999999999987,13.900000000000002,13.849999999999998,0.0,0.0,0.0,0.0,0.0,0.41428571428571326,0.22142857142857067
2023-02-15,25.9,9.7,17.0,0.0,12.5,59,2,46,1,14.7,13.6,12.4,13.8,13.566666666666654,13.9,14.035714285714286,0.0,0.0,0.0,0.1,0.0,0.41428571428571326,0.22142857142857067
2023-02-16,26.6,9.9,18.2,0.0,9.7,66,2,47,1,17.0,14.7,13.6,13.4,15.099999999999987,14.357142857142858,14.35,0.0,0.0,0.0,1.8,0.0,0.399999999999999,0.22142857142857067
2023-02-17,26.3,10.9,18.3,0.0,7.7,74,2,48,1,18.2,17.0,14.7,15.8,16.633333333333322,15.042857142857143,14.714285714285714,0.0,0.0,0.0,1.0,0.0,0.14285714285714185,0.22142857142857067
2023-02-18,27.7,11.2,18.9,0.0,10.7,70,2,49,1,18.3,18.2,17.0,13.6,17.833333333333318,15.4,15.071428571428571,0.0,0.0,0.0,0.0,0.0,0.0,0.22142857142857067
2023-02-19,26.8,13.9,19.8,0.0,10.0,73,2,50,1,18.9,18.3,18.2,12.4,18.46666666666665,16.157142857142855,15.371428571428572,0.0,0.0,0.0,0.0,0.0,0.0,0.22142857142857067
2023-02-20,28.6,16.4,20.8,0.0,21.1,72,2,51,1,19.8,18.9,18.3,13.6,18.999999999999986,17.214285714285715,15.714285714285714,0.0,0.0,0.0,0.0,0.0,0.0,0.22142857142857067
2023-02-21,27.1,13.8,19.5,0.0,20.2,52,2,52,1,20.8,19.8,18.9,14.7,19.83333333333332,18.242857142857144,16.071428571428573,0.0,0.0,0.0,0.0,0.0,0.0,0.20714285714285638
2023-02-22,25.9,10.8,18.1,0.0,8.3,58,2,53,1,19.5,20.8,19.8,17.0,20.03333333333332,18.928571428571427,16.414285714285715,0.0,0.0,0.0,0.0,0.0,0.0,0.20714285714285638
2023-02-23,28.0,12.2,18.8,0.0,16.2,46,2,54,1,18.1,19.5,20.8,18.2,19.466666666666654,19.085714285714285,16.72142857142857,0.0,0.0,0.0,0.0,0.0,0.0,0.19999999999999926
2023-02-24,27.4,10.7,18.1,0.0,12.4,49,2,55,1,18.8,18.1,19.5,18.3,18.799999999999986,19.17142857142857,17.107142857142858,0.0,0.0,0.0,0.0,0.0,0.0,0.07142857142857066
2023-02-25,28.0,11.1,19.5,0.0,10.4,54,2,56,1,18.1,18.8,18.1,18.9,18.333333333333325,19.142857142857142,17.271428571428572,0.0,0.0,0.0,0.0,0.0,0.0,0.0
2023-02-26,24.9,14.9,19.6,2.1,15.8,52,2,57,1,19.5,18.1,18.8,19.8,18.799999999999986,19.228571428571428,17.692857142857143,0.0,0.0,0.0,0.0,0.0,0.0,0.0
2023-02-27,28.1,13.8,20.4,0.0,13.8,48,2,58,1,19.6,19.5,18.1,20.8,19.066666666666652,19.2,18.20714285714286,2.1,0.0,0.0,0.0,0.7000000000000001,0.299999999999999,0.14999999999999925
2023-02-28,24.0,14.9,18.9,1.5,22.3,60,2,59,1,20.4,19.6,19.5,19.5,19.833333333333318,19.142857142857142,18.692857142857147,0.0,2.1,0.0,0.0,0.7000000000000001,0.299999999999999,0.14999999999999925
2023-03-01,25.2,14.2,18.9,2.4,14.5,69,3,60,2,18.9,20.4,19.6,18.1,19.633333333333322,19.057142857142857,18.99285714285714,1.5,0.0,2.1,0.0,1.2,0.5142857142857132,0.2571428571428564
2023-03-02,26.4,14.6,18.6,1.3,17.8,71,3,61,2,18.9,18.9,20.4,18.8,19.399999999999988,19.17142857142857,19.12857142857143,2.4,1.5,0.0,0.0,1.3,0.8571428571428561,0.4285714285714278
2023-03-03,26.9,13.9,19.5,0.0,12.3,57,3,62,2,18.6,18.9,18.9,18.1,18.799999999999986,19.142857142857142,19.157142857142855,1.3,2.4,1.5,0.0,1.7333333333333334,1.0428571428571418,0.5214285714285707
2023-03-04,27.3,13.6,20.0,0.0,9.8,58,3,63,2,19.5,18.6,18.9,19.5,18.999999999999986,19.342857142857145,19.24285714285714,0.0,1.3,2.4,0.0,1.2333333333333334,1.0428571428571418,0.5214285714285707
2023-03-05,27.8,13.2,20.1,0.0,15.1,57,3,64,2,20.0,19.5,18.6,19.6,19.366666666666656,19.414285714285715,19.321428571428573,0.0,0.0,1.3,2.1,0.43333333333333335,1.0428571428571418,0.5214285714285707
2023-03-06,29.0,13.3,20.5,0.0,13.2,47,3,65,2,20.1,20.0,19.5,20.4,19.866666666666656,19.485714285714288,19.342857142857145,0.0,0.0,0.0,0.0,0.0,0.7428571428571418,0.5214285714285707
2023-03-07,29.2,13.8,20.9,0.0,12.4,43,3,66,2,20.5,20.1,20.0,18.9,20.19999999999999,19.5,19.321428571428573,0.0,0.0,0.0,1.5,0.0,0.7428571428571418,0.5214285714285707
2023-03-08,29.8,14.2,20.8,0.0,12.3,53,3,67,2,20.9,20.5,20.1,18.9,20.499999999999986,19.785714285714285,19.42142857142857,0.0,0.0,0.0,2.4,0.0,0.5285714285714276,0.5214285714285707
2023-03-09,29.3,14.0,20.9,0.0,9.3,56,3,68,2,20.8,20.9,20.5,18.6,20.73333333333332,20.057142857142857,19.614285714285717,0.0,0.0,0.0,1.3,0.0,0.1857142857142847,0.5214285714285707
2023-03-10,30.4,13.9,21.8,0.0,11.6,54,3,69,2,20.9,20.8,20.9,19.5,20.866666666666653,20.385714285714283,19.764285714285712,0.0,0.0,0.0,0.0,0.0,0.0,0.5214285714285707
2023-03-11,30.7,15.3,22.8,0.0,9.7,51,3,70,2,21.8,20.9,20.8,20.0,21.166666666666654,20.714285714285715,20.028571428571432,0.0,0.0,0.0,0.0,0.0,0.0,0.5214285714285707
2023-03-12,30.8,16.0,22.8,0.0,12.0,60,3,71,2,22.8,21.8,20.9,20.1,21.833333333333325,21.114285714285717,20.264285714285712,0.0,0.0,0.0,0.0,0.0,0.0,0.5214285714285707
2023-03-13,30.3,17.8,22.9,0.4,17.9,51,3,72,2,22.8,22.8,21.8,20.5,22.466666666666654,21.5,20.49285714285714,0.0,0.0,0.0,0.0,0.0,0.0,0.3714285714285706
2023-03-14,31.6,15.5,23.3,0.0,14.7,53,3,73,2,22.9,22.8,22.8,20.9,22.833333333333318,21.842857142857145,20.671428571428574,0.4,0.0,0.0,0.0,0.13333333333333333,0.05714285714285613,0.3999999999999992
2023-03-15,31.0,16.9,23.2,0.0,13.5,54,3,74,2,23.3,22.9,22.8,20.8,22.99999999999999,22.185714285714287,20.985714285714288,0.0,0.4,0.0,0.0,0.13333333333333333,0.05714285714285613,0.2928571428571421
2023-03-16,29.1,17.0,22.0,1.3,15.5,66,3,75,2,23.2,23.3,22.9,20.9,23.133333333333322,22.52857142857143,21.292857142857144,0.0,0.0,0.4,0.0,0.13333333333333333,0.05714285714285613,0.12142857142857068
2023-03-17,22.6,16.4,18.5,6.9,24.8,75,3,76,2,22.0,23.2,23.3,21.8,22.833333333333318,22.685714285714287,21.535714285714285,1.3,0.0,0.0,0.0,0.43333333333333335,0.24285714285714186,0.12142857142857066
2023-03-18,24.4,14.3,18.6,0.2,17.0,74,3,77,2,18.5,22.0,23.2,22.8,21.23333333333332,22.214285714285715,21.464285714285715,6.9,1.3,0.0,0.0,2.733333333333334,1.2285714285714278,0.6142857142857135
2023-03-19,25.0,13.2,18.9,0.6,13.6,75,3,78,2,18.6,18.5,22.0,22.8,19.69999999999999,21.61428571428571,21.364285714285717,0.2,6.9,1.3,0.0,2.8000000000000003,1.2571428571428562,0.6285714285714279
2023-03-20,25.6,15.3,18.9,1.5,20.0,79,3,79,2,18.9,18.6,18.5,22.9,18.666666666666654,21.057142857142857,21.27857142857143,0.6,0.2,6.9,0.4,2.566666666666667,1.3428571428571419,0.6714285714285707
2023-03-21,24.4,14.0,18.9,0.0,9.4,76,3,80,2,18.9,18.9,18.6,23.3,18.799999999999986,20.485714285714288,21.16428571428571,1.5,0.6,0.2,0.0,0.7666666666666666,1.499999999999999,0.7785714285714278
2023-03-22,25.8,14.4,19.5,0.2,16.2,73,3,81,2,18.9,18.9,18.9,23.2,18.9,19.857142857142858,21.021428571428572,0.0,1.5,0.6,0.0,0.6999999999999998,1.499999999999999,0.7785714285714278
2023-03-23,25.6,15.2,20.0,0.0,19.4,69,3,82,2,19.5,18.9,18.9,22.0,19.099999999999984,19.32857142857143,20.928571428571427,0.2,0.0,1.5,1.3,0.5666666666666667,1.5285714285714278,0.7928571428571421
2023-03-24,21.8,15.1,18.1,12.0,24.0,78,3,83,2,20.0,19.5,18.9,18.5,19.466666666666654,19.042857142857144,20.864285714285717,0.0,0.2,0.0,6.9,0.06666666666666667,1.342857142857142,0.7928571428571421
2023-03-25,19.0,13.4,16.1,2.3,20.2,87,3,84,2,18.1,20.0,19.5,18.6,19.19999999999999,18.985714285714288,20.599999999999998,12.0,0.0,0.2,0.2,4.066666666666666,2.0714285714285703,1.6499999999999992
2023-03-26,24.8,12.3,18.4,0.0,9.2,68,3,85,2,16.1,18.1,20.0,18.9,18.066666666666652,18.62857142857143,20.12142857142857,2.3,12.0,0.0,0.6,4.766666666666667,2.3714285714285706,1.8142857142857136
2023-03-27,26.5,12.8,20.0,0.0,8.4,62,3,86,2,18.4,16.1,18.1,18.9,17.53333333333332,18.557142857142857,19.807142857142853,0.0,2.3,12.0,1.5,4.766666666666667,2.2857142857142847,1.8142857142857136
2023-03-28,28.0,14.3,21.5,0.0,10.9,52,3,87,2,20.0,18.4,16.1,18.9,18.166666666666654,18.714285714285715,19.599999999999998,0.0,0.0,2.3,0.0,0.7666666666666666,2.0714285714285703,1.7857142857142851
2023-03-29,28.6,14.7,21.5,0.0,13.6,58,3,88,2,21.5,20.0,18.4,19.5,19.966666666666654,19.085714285714285,19.47142857142857,0.0,0.0,0.0,0.2,0.0,2.0714285714285703,1.7857142857142851
2023-03-30,26.8,17.3,21.2,2.6,21.4,66,3,89,2,21.5,21.5,20.0,20.0,20.999999999999986,19.37142857142857,19.349999999999998,0.0,0.0,0.0,0.0,0.0,2.042857142857142,1.7857142857142851
2023-03-31,21.6,16.6,18.3,22.4,24.3,84,3,90,2,21.2,21.5,21.5,18.1,21.399999999999988,19.542857142857144,19.29285714285714,2.6,0.0,0.0,12.0,0.8666666666666667,2.4142857142857133,1.878571428571428
2023-04-01,20.8,14.0,17.1,33.6,16.6,89,4,91,2,18.3,21.2,21.5,16.1,20.333333333333318,19.571428571428573,19.27857142857143,22.4,2.6,0.0,2.3,8.333333333333334,3.8999999999999986,2.9857142857142844
2023-04-02,24.9,13.1,18.9,0.1,8.2,78,4,92,2,17.1,18.3,21.2,18.4,18.866666666666656,19.714285714285715,19.17142857142857,33.6,22.4,2.6,0.0,19.533333333333335,8.37142857142857,5.371428571428571
2023-04-03,22.8,16.3,18.9,4.2,14.8,80,4,93,2,18.9,17.1,18.3,20.0,18.099999999999984,19.785714285714285,19.17142857142857,0.1,33.6,22.4,0.0,18.7,8.385714285714284,5.3357142857142845
2023-04-04,25.3,13.9,19.2,0.7,17.5,73,4,94,2,18.9,18.9,17.1,21.5,18.299999999999986,19.628571428571426,19.171428571428574,4.2,0.1,33.6,0.0,12.633333333333333,8.985714285714284,5.528571428571428
2023-04-05,27.2,12.6,19.4,0.0,22.7,67,4,95,2,19.2,18.9,18.9,21.5,18.999999999999986,19.3,19.192857142857143,0.7,4.2,0.1,0.0,1.6666666666666667,9.085714285714284,5.578571428571427
2023-04-06,27.4,14.0,20.6,0.0,11.3,62,4,96,2,19.4,19.2,18.9,21.2,19.166666666666654,19.0,19.185714285714287,0.0,0.7,4.2,2.6,1.6333333333333335,9.085714285714284,5.564285714285714
2023-04-07,29.0,15.0,21.6,0.0,15.9,49,4,97,2,20.6,19.4,19.2,18.3,19.73333333333332,18.914285714285715,19.228571428571428,0.0,0.0,0.7,22.4,0.2333333333333333,8.714285714285712,5.564285714285714
2023-04-08,30.7,13.7,22.1,0.0,11.0,51,4,98,2,21.6,20.6,19.4,17.1,20.53333333333332,19.385714285714283,19.478571428571428,0.0,0.0,0.0,33.6,0.0,5.514285714285713,4.7071428571428555
2023-04-09,32.2,16.6,23.9,0.0,10.9,45,4,99,2,22.1,21.6,20.6,18.9,21.43333333333332,20.099999999999998,19.907142857142862,0.0,0.0,0.0,0.1,0.0,0.7142857142857123,4.542857142857143
2023-04-10,32.7,16.6,24.4,0.0,18.4,44,4,100,2,23.9,22.1,21.6,18.9,22.53333333333332,20.814285714285713,20.3,0.0,0.0,0.0,4.2,0.0,0.6999999999999981,4.542857142857143
2023-04-11,33.5,16.7,24.7,0.0,15.9,47,4,101,2,24.4,23.9,22.1,19.2,23.46666666666665,21.599999999999998,20.61428571428571,0.0,0.0,0.0,0.7,0.0,0.09999999999999797,4.542857142857143
2023-04-12,35.3,17.0,26.2,0.0,15.5,42,4,102,2,24.7,24.4,23.9,19.4,24.333333333333318,22.38571428571429,20.842857142857138,0.0,0.0,0.0,0.0,0.0,0.0,4.542857142857143
2023-04-13,35.9,18.9,27.6,0.0,13.6,37,4,103,2,26.2,24.7,24.4,20.6,25.099999999999984,23.357142857142858,21.178571428571427,0.0,0.0,0.0,0.0,0.0,0.0,4.542857142857143
2023-04-14,37.4,18.7,28.2,0.0,11.0,38,4,104,2,27.6,26.2,24.7,21.6,26.166666666666657,24.357142857142858,21.635714285714283,0.0,0.0,0.0,0.0,0.0,0.0,4.357142857142857
2023-04-15,37.9,20.0,28.7,0.0,13.0,36,4,105,2,28.2,27.6,26.2,22.1,27.333333333333318,25.3,22.342857142857138,0.0,0.0,0.0,0.0,0.0,0.0,2.7571428571428567
2023-04-16,36.8,23.6,29.1,0.1,15.2,33,4,106,2,28.7,28.2,27.6,23.9,28.166666666666654,26.24285714285714,23.171428571428574,0.0,0.0,0.0,0.0,0.0,0.0,0.35714285714285665
2023-04-17,37.7,20.5,29.8,0.0,14.8,30,4,107,2,29.1,28.7,28.2,24.4,28.666666666666657,26.985714285714284,23.9,0.1,0.0,0.0,0.0,0.03333333333333333,0.014285714285712256,0.35714285714285665
2023-04-18,33.8,23.5,27.4,0.0,27.3,43,4,108,2,29.8,29.1,28.7,24.7,29.19999999999999,27.75714285714286,24.678571428571427,0.0,0.1,0.0,0.0,0.03333333333333333,0.014285714285712256,0.05714285714285663
2023-04-19,27.3,19.7,23.5,9.8,27.6,66,4,109,2,27.4,29.8,29.1,26.2,28.76666666666665,28.142857142857142,25.264285714285716,0.0,0.0,0.1,0.0,0.03333333333333333,0.014285714285712256,0.007142857142856636
2023-04-20,29.5,18.4,22.9,3.9,22.9,60,4,110,2,23.5,27.4,29.8,27.6,26.899999999999988,27.75714285714286,25.557142857142853,9.8,0.0,0.0,0.0,3.266666666666667,1.4142857142857124,0.7071428571428566
2023-04-21,29.2,17.2,22.3,0.1,20.6,52,4,111,2,22.9,23.5,27.4,28.2,24.599999999999984,27.08571428571429,25.72142857142857,3.9,9.8,0.0,0.0,4.566666666666667,1.9714285714285695,0.9857142857142852
2023-04-22,29.6,16.0,21.8,0.7,19.1,49,4,112,2,22.3,22.9,23.5,28.7,22.899999999999988,26.24285714285714,25.771428571428572,0.1,3.9,9.8,0.0,4.6000000000000005,1.9857142857142838,0.9928571428571423
2023-04-23,32.4,15.7,24.1,0.0,12.2,41,4,113,2,21.8,22.3,22.9,29.1,22.333333333333318,25.25714285714286,25.75,0.7,0.1,3.9,0.1,1.5666666666666667,2.0857142857142836,1.0428571428571423
2023-04-24,34.8,16.4,26.3,0.0,19.1,34,4,114,2,24.1,21.8,22.3,29.8,22.73333333333332,24.542857142857144,25.764285714285712,0.0,0.7,0.1,0.0,0.26666666666666666,2.0714285714285694,1.0428571428571423
2023-04-25,34.2,18.4,26.4,0.0,16.8,36,4,115,2,26.3,24.1,21.8,27.4,24.066666666666652,24.042857142857144,25.900000000000002,0.0,0.0,0.7,0.0,0.2333333333333333,2.0714285714285694,1.0428571428571423
2023-04-26,33.6,18.8,26.1,0.2,22.9,44,4,116,2,26.4,26.3,24.1,23.5,25.599999999999984,23.9,26.02142857142857,0.0,0.0,0.0,9.8,0.0,2.0714285714285694,1.0428571428571423
2023-04-27,33.8,20.7,26.5,0.1,27.1,38,4,117,2,26.1,26.4,26.3,22.9,26.26666666666665,24.271428571428572,26.014285714285712,0.2,0.0,0.0,3.9,0.06666666666666667,0.6999999999999978,1.0571428571428567
2023-04-28,34.6,19.5,26.6,0.7,16.1,40,4,118,2,26.5,26.1,26.4,22.3,26.333333333333325,24.785714285714285,25.935714285714287,0.1,0.2,0.0,0.1,0.10000000000000002,0.15714285714285509,1.0642857142857138
2023-04-29,35.3,20.2,27.6,0.0,21.8,36,4,119,2,26.6,26.5,26.1,21.8,26.399999999999988,25.400000000000002,25.821428571428573,0.7,0.1,0.2,0.7,0.3333333333333333,0.24285714285714083,1.1142857142857137
2023-04-30,33.2,20.6,26.9,0.1,10.9,43,4,120,2,27.6,26.6,26.5,24.1,26.899999999999988,26.228571428571428,25.74285714285714,0.0,0.7,0.1,0.0,0.26666666666666666,0.14285714285714082,1.1142857142857137
2023-05-01,27.3,19.9,23.4,9.2,18.7,65,5,121,2,26.9,27.6,26.6,26.3,27.03333333333332,26.62857142857143,25.58571428571429,0.1,0.0,0.7,0.0,0.26666666666666666,0.1571428571428551,1.1142857142857139
2023-05-02,26.9,19.3,21.8,14.0,17.4,73,5,122,2,23.4,26.9,27.6,26.4,25.96666666666665,26.214285714285715,25.12857142857143,9.2,0.1,0.0,0.0,3.0999999999999996,1.4714285714285693,1.771428571428571
2023-05-03,28.6,17.8,22.3,2.0,14.5,72,5,123,2,21.8,23.4,26.9,26.1,24.03333333333332,25.557142857142857,24.728571428571428,14.0,9.2,0.1,0.2,7.766666666666666,3.471428571428569,2.7714285714285714
2023-05-04,29.9,18.2,23.6,5.7,21.2,68,5,124,2,22.3,21.8,23.4,26.5,22.499999999999986,25.014285714285712,24.642857142857146,2.0,14.0,9.2,0.1,8.399999999999999,3.728571428571427,2.214285714285714
2023-05-05,31.8,18.0,25.1,0.0,13.4,57,5,125,2,23.6,22.3,21.8,26.6,22.566666666666652,24.599999999999998,24.692857142857143,5.7,2.0,14.0,0.7,7.233333333333333,4.528571428571427,2.3428571428571425
2023-05-06,33.7,20.0,26.7,0.4,22.2,44,5,126,2,25.1,23.6,22.3,27.6,23.666666666666657,24.385714285714283,24.892857142857142,0.0,5.7,2.0,0.0,2.566666666666667,4.428571428571426,2.3357142857142854
2023-05-07,34.4,18.9,26.4,0.0,22.7,41,5,127,2,26.7,25.1,23.6,26.9,25.133333333333322,24.25714285714286,25.242857142857144,0.4,0.0,5.7,0.1,2.0333333333333337,4.485714285714283,2.3142857142857136
2023-05-08,33.9,18.0,26.0,2.5,27.6,39,5,128,2,26.4,26.7,25.1,23.4,26.066666666666652,24.185714285714287,25.407142857142855,0.0,0.4,0.0,9.2,0.13333333333333333,4.471428571428569,2.3142857142857136
2023-05-09,33.9,18.0,26.5,0.0,18.9,34,5,129,2,26.0,26.4,26.7,21.8,26.366666666666656,24.557142857142853,25.385714285714283,2.5,0.0,0.4,14.0,0.9666666666666667,3.5142857142857125,2.4928571428571424
2023-05-10,35.9,19.1,27.8,0.0,15.3,30,5,130,2,26.5,26.0,26.4,22.3,26.299999999999986,25.22857142857143,25.392857142857142,0.0,2.5,0.0,2.0,0.8333333333333334,1.5142857142857122,2.4928571428571424
2023-05-11,37.7,19.6,29.1,0.0,8.4,29,5,131,2,27.8,26.5,26.0,23.6,26.76666666666665,26.014285714285712,25.514285714285712,0.0,0.0,2.5,5.7,0.8333333333333334,1.2285714285714264,2.4785714285714278
2023-05-12,39.6,20.1,30.2,0.0,14.1,30,5,132,2,29.1,27.8,26.5,25.1,27.799999999999986,26.8,25.7,0.0,0.0,0.0,0.0,0.0,0.41428571428571226,2.471428571428571
2023-05-13,39.3,23.4,31.5,0.0,17.8,27,5,133,2,30.2,29.1,27.8,26.7,29.03333333333332,27.528571428571432,25.957142857142856,0.0,0.0,0.0,0.4,0.0,0.41428571428571226,2.421428571428571
2023-05-14,39.3,24.0,30.7,0.2,16.7,27,5,134,2,31.5,30.2,29.1,26.4,30.266666666666655,28.214285714285715,26.235714285714288,0.0,0.0,0.0,0.0,0.0,0.3571428571428551,2.421428571428571
2023-05-15,40.0,21.9,31.2,0.0,13.2,26,5,135,2,30.7,31.5,30.2,26.0,30.799999999999983,28.82857142857143,26.507142857142856,0.2,0.0,0.0,2.5,0.06666666666666667,0.38571428571428373,2.428571428571428
2023-05-16,38.8,23.4,31.0,0.0,15.4,28,5,136,2,31.2,30.7,31.5,26.5,31.133333333333322,29.571428571428573,27.064285714285713,0.0,0.2,0.0,0.0,0.06666666666666667,0.028571428571426544,1.771428571428571
2023-05-17,39.4,23.4,31.7,0.0,14.8,30,5,137,2,31.0,31.2,30.7,27.8,30.966666666666654,30.214285714285715,27.721428571428568,0.0,0.0,0.2,0.0,0.06666666666666667,0.028571428571426544,0.771428571428571
2023-05-18,34.4,23.4,29.3,0.4,24.9,40,5,138,2,31.7,31.0,31.2,29.1,31.299999999999983,30.771428571428572,28.392857142857142,0.0,0.0,0.0,0.0,0.0,0.028571428571426544,0.6285714285714281
2023-05-19,36.9,22.4,29.7,0.0,14.3,37,5,139,2,29.3,31.7,31.0,30.2,30.666666666666654,30.800000000000004,28.8,0.4,0.0,0.0,0.0,0.13333333333333333,0.0857142857142837,0.2499999999999995
2023-05-20,40.1,23.8,32.1,0.0,15.3,29,5,140,2,29.7,29.3,31.7,31.5,30.23333333333332,30.728571428571428,29.12857142857143,0.0,0.4,0.0,0.0,0.13333333333333333,0.0857142857142837,0.2499999999999995
2023-05-21,41.7,23.7,33.0,0.0,12.8,28,5,141,2,32.1,29.7,29.3,30.7,30.366666666666656,30.814285714285713,29.514285714285712,0.0,0.0,0.4,0.2,0.13333333333333333,0.0857142857142837,0.22142857142857092
2023-05-22,42.4,25.1,33.8,0.0,18.0,26,5,142,2,33.0,32.1,29.7,31.2,31.599999999999984,31.142857142857142,29.985714285714288,0.0,0.0,0.0,0.0,0.0,0.057142857142855115,0.22142857142857092
2023-05-23,40.8,27.2,33.3,0.5,12.4,31,5,143,2,33.8,33.0,32.1,31.0,32.96666666666665,31.514285714285716,30.542857142857144,0.0,0.0,0.0,0.0,0.0,0.057142857142855115,0.04285714285714236
2023-05-24,33.9,25.2,29.5,0.2,20.0,48,5,144,2,33.3,33.8,33.0,31.7,33.36666666666665,31.842857142857145,31.028571428571432,0.5,0.0,0.0,0.0,0.16666666666666666,0.12857142857142653,0.07857142857142807
2023-05-25,34.0,23.2,27.2,12.0,15.2,58,5,145,2,29.5,33.3,33.8,29.3,32.19999999999999,31.52857142857143,31.150000000000002,0.2,0.5,0.0,0.4,0.2333333333333333,0.1571428571428551,0.09285714285714235
2023-05-26,30.2,22.6,25.5,5.5,17.6,66,5,146,2,27.2,29.5,33.3,29.7,29.999999999999986,31.228571428571424,31.014285714285712,12.0,0.2,0.5,0.0,4.233333333333333,1.814285714285712,0.9499999999999995
2023-05-27,34.6,21.2,27.7,0.0,15.1,54,5,147,2,25.5,27.2,29.5,32.1,27.399999999999988,30.628571428571426,30.678571428571427,5.5,12.0,0.2,0.0,5.8999999999999995,2.599999999999998,1.3428571428571423
2023-05-28,35.8,21.8,29.1,0.0,11.7,46,5,148,2,27.7,25.5,27.2,33.0,26.799999999999986,30.0,30.407142857142855,0.0,5.5,12.0,0.0,5.833333333333333,2.599999999999998,1.3428571428571423
2023-05-29,34.5,24.3,27.6,6.2,19.5,54,5,149,2,29.1,27.7,25.5,33.8,27.43333333333332,29.442857142857143,30.292857142857144,0.0,0.0,5.5,0.0,1.8333333333333333,2.599999999999998,1.328571428571428
2023-05-30,33.2,22.6,27.6,0.3,15.5,50,5,150,2,27.6,29.1,27.7,33.3,28.133333333333322,28.557142857142857,30.035714285714285,6.2,0.0,0.0,0.5,2.066666666666667,3.4857142857142835,1.771428571428571
2023-05-31,27.2,20.9,23.5,8.4,17.5,73,5,151,2,27.6,27.6,29.1,29.5,28.09999999999999,27.74285714285714,29.792857142857144,0.3,6.2,0.0,0.2,2.1666666666666665,3.457142857142855,1.7928571428571425
2023-06-01,26.6,19.0,21.6,16.3,15.0,86,6,152,3,23.5,27.6,27.6,27.2,26.23333333333332,26.885714285714283,29.207142857142856,8.4,0.3,6.2,12.0,4.966666666666667,4.628571428571426,2.3928571428571423
2023-06-02,30.7,18.2,24.2,0.0,12.4,68,6,153,3,21.6,23.5,27.6,25.5,24.23333333333332,26.08571428571429,28.657142857142862,16.3,8.4,0.3,5.5,8.333333333333334,5.242857142857141,3.5285714285714285
2023-06-03,34.4,20.2,27.7,0.0,8.9,52,6,154,3,24.2,21.6,23.5,27.7,23.09999999999999,25.900000000000002,28.264285714285712,0.0,16.3,8.4,0.0,8.233333333333333,4.4571428571428555,3.5285714285714285
2023-06-04,35.8,21.9,29.7,0.0,14.8,45,6,155,3,27.7,24.2,21.6,29.1,24.49999999999999,25.900000000000002,27.95,0.0,0.0,16.3,0.0,5.433333333333334,4.4571428571428555,3.5285714285714285
2023-06-05,36.9,23.6,29.8,0.6,21.6,43,6,156,3,29.7,27.7,24.2,27.6,27.19999999999999,25.985714285714288,27.714285714285715,0.0,0.0,0.0,6.2,0.0,4.4571428571428555,3.5285714285714285
2023-06-06,36.3,23.6,28.9,0.0,21.0,51,6,157,3,29.8,29.7,27.7,27.6,29.066666666666652,26.300000000000004,27.428571428571427,0.6,0.0,0.0,0.3,0.19999999999999998,3.6571428571428557,3.5714285714285716
2023-06-07,33.9,21.8,27.7,21.5,22.5,56,6,158,3,28.9,29.8,29.7,23.5,29.466666666666654,26.485714285714284,27.11428571428571,0.0,0.6,0.0,8.4,0.19999999999999998,3.614285714285713,3.5357142857142856
2023-06-08,37.7,24.3,30.8,0.0,11.2,46,6,159,3,27.7,28.9,29.8,21.6,28.799999999999986,27.085714285714285,26.985714285714288,21.5,0.0,0.6,16.3,7.366666666666667,5.485714285714285,5.057142857142857
2023-06-09,40.1,24.9,32.5,0.0,16.9,40,6,160,3,30.8,27.7,28.9,24.2,29.133333333333322,28.4,27.24285714285714,0.0,21.5,0.0,0.0,7.166666666666667,3.1571428571428553,4.2
2023-06-10,40.1,26.5,33.2,0.3,22.9,43,6,161,3,32.5,30.8,27.7,27.7,30.333333333333325,29.585714285714285,27.74285714285714,0.0,0.0,21.5,0.0,7.166666666666667,3.1571428571428553,3.807142857142857
2023-06-11,38.2,25.7,31.7,0.0,14.6,50,6,162,3,33.2,32.5,30.8,29.7,32.16666666666666,30.37142857142857,28.13571428571429,0.3,0.0,0.0,0.0,0.09999999999999999,3.1999999999999984,3.8285714285714283
2023-06-12,38.6,27.6,33.2,0.0,12.4,48,6,163,3,31.7,33.2,32.5,29.8,32.466666666666654,30.657142857142855,28.321428571428573,0.0,0.3,0.0,0.6,0.09999999999999999,3.1999999999999984,3.8285714285714283
2023-06-13,39.7,28.4,34.4,0.2,18.2,44,6,164,3,33.2,31.7,33.2,28.9,32.69999999999999,31.142857142857142,28.72142857142857,0.0,0.0,0.3,0.0,0.09999999999999999,3.1142857142857125,3.3857142857142852
2023-06-14,37.6,27.1,32.0,5.5,29.8,53,6,165,3,34.4,33.2,31.7,27.7,33.09999999999999,31.928571428571427,29.207142857142856,0.2,0.0,0.0,21.5,0.06666666666666667,3.142857142857141,3.3785714285714286
2023-06-15,34.6,24.2,29.7,2.0,11.7,64,6,166,3,32.0,34.4,33.2,30.8,33.19999999999999,32.54285714285714,29.814285714285713,5.5,0.2,0.0,0.0,1.9000000000000001,0.8571428571428551,3.1714285714285713
2023-06-16,36.3,25.9,31.1,0.0,13.6,58,6,167,3,29.7,32.0,34.4,32.5,32.03333333333332,32.385714285714286,30.392857142857142,2.0,5.5,0.2,0.0,2.566666666666667,1.1428571428571408,2.1499999999999995
2023-06-17,39.0,26.7,33.0,0.0,9.4,50,6,168,3,31.1,29.7,32.0,33.2,30.93333333333332,32.18571428571429,30.885714285714283,0.0,2.0,5.5,0.3,2.5,1.1428571428571408,2.1499999999999995
2023-06-18,39.5,28.1,33.8,0.2,12.5,50,6,169,3,33.0,31.1,29.7,31.7,31.26666666666665,32.15714285714286,31.264285714285712,0.0,0.0,2.0,0.0,0.6666666666666666,1.099999999999998,2.1499999999999995
2023-06-19,38.5,26.8,33.0,0.0,8.2,57,6,170,3,33.8,33.0,31.1,33.2,32.63333333333332,32.457142857142856,31.557142857142857,0.2,0.0,0.0,0.0,0.06666666666666667,1.1285714285714266,2.1642857142857137
2023-06-20,40.4,28.8,34.3,0.0,9.1,52,6,171,3,33.0,33.8,33.0,34.4,33.26666666666665,32.42857142857143,31.785714285714285,0.0,0.2,0.0,0.2,0.06666666666666667,1.1285714285714266,2.121428571428571
2023-06-21,40.0,29.2,34.4,0.1,19.6,54,6,172,3,34.3,33.0,33.8,32.0,33.69999999999998,32.41428571428572,32.17142857142857,0.0,0.0,0.2,5.5,0.06666666666666667,1.099999999999998,2.121428571428571
2023-06-22,41.5,31.0,35.7,0.0,15.5,54,6,173,3,34.4,34.3,33.0,29.7,33.899999999999984,32.75714285714286,32.65,0.1,0.0,0.0,2.0,0.03333333333333333,0.3285714285714265,0.5928571428571424
2023-06-23,41.6,31.0,35.6,0.0,18.4,56,6,174,3,35.7,34.4,34.3,31.1,34.79999999999998,33.614285714285714,33.0,0.0,0.1,0.0,0.0,0.03333333333333333,0.04285714285714083,0.5928571428571424
2023-06-24,40.0,29.4,34.5,0.0,23.0,57,6,175,3,35.6,35.7,34.4,33.0,35.23333333333332,34.25714285714286,33.221428571428575,0.0,0.0,0.1,0.0,0.03333333333333333,0.04285714285714083,0.5928571428571424
2023-06-25,38.9,27.3,32.2,0.1,22.5,66,6,176,3,34.5,35.6,35.7,33.8,35.26666666666665,34.471428571428575,33.31428571428571,0.0,0.0,0.0,0.2,0.0,0.04285714285714083,0.571428571428571
2023-06-26,32.5,24.9,27.9,24.7,20.6,79,6,177,3,32.2,34.5,35.6,33.0,34.09999999999999,34.24285714285714,33.35,0.1,0.0,0.0,0.0,0.03333333333333333,0.028571428571426544,0.5785714285714281
2023-06-27,35.3,25.3,30.7,0.0,15.4,67,6,178,3,27.9,32.2,34.5,34.3,31.53333333333332,33.51428571428571,32.971428571428575,24.7,0.1,0.0,0.0,8.266666666666667,3.5571428571428547,2.342857142857142
2023-06-28,37.5,26.3,31.1,2.6,18.0,67,6,179,3,30.7,27.9,32.2,34.4,30.26666666666665,33.0,32.70714285714286,0.0,24.7,0.1,0.1,8.266666666666667,3.5571428571428547,2.3285714285714283
2023-06-29,35.7,26.0,31.2,2.8,12.2,67,6,180,3,31.1,30.7,27.9,35.7,29.899999999999988,32.528571428571425,32.642857142857146,2.6,0.0,24.7,0.0,9.1,3.914285714285712,2.121428571428571
2023-06-30,36.9,23.8,31.1,2.5,29.3,68,6,181,3,31.2,31.1,30.7,35.6,30.999999999999986,31.88571428571429,32.75,2.8,2.6,0.0,0.0,1.8,4.314285714285711,2.178571428571428
2023-07-01,37.5,25.5,31.7,0.0,11.2,63,7,182,3,31.1,31.2,31.1,34.5,31.133333333333315,31.242857142857144,32.75,2.5,2.8,2.6,0.0,2.6333333333333333,4.671428571428569,2.3571428571428568
2023-07-02,37.1,24.4,31.8,0.0,11.2,63,7,183,3,31.7,31.1,31.2,32.2,31.333333333333318,30.842857142857138,32.65714285714286,0.0,2.5,2.8,0.1,1.7666666666666668,4.671428571428569,2.3571428571428568
2023-07-03,38.9,28.4,32.9,0.6,18.1,61,7,184,3,31.8,31.7,31.1,27.9,31.53333333333332,30.785714285714285,32.51428571428571,0.0,0.0,2.5,24.7,0.8333333333333334,4.657142857142854,2.342857142857142
2023-07-04,37.2,26.8,31.0,15.5,22.3,71,7,185,3,32.9,31.8,31.7,30.7,32.13333333333332,31.5,32.50714285714286,0.6,0.0,0.0,0.0,0.19999999999999998,1.2142857142857122,2.3857142857142852
2023-07-05,30.3,25.5,27.8,64.4,22.7,83,7,186,3,31.0,32.9,31.8,31.1,31.899999999999988,31.542857142857144,32.27142857142857,15.5,0.6,0.0,2.6,5.366666666666667,3.4285714285714266,3.4928571428571424
2023-07-06,31.8,24.4,27.9,4.7,14.5,81,7,187,3,27.8,31.0,32.9,31.2,30.566666666666652,31.071428571428573,31.8,64.4,15.5,0.6,2.8,26.833333333333332,12.257142857142854,8.085714285714285
2023-07-07,32.2,24.0,28.3,8.0,13.8,77,7,188,3,27.9,27.8,31.0,31.1,28.899999999999988,30.599999999999998,31.242857142857144,4.7,64.4,15.5,2.5,28.200000000000003,12.528571428571427,8.42142857142857
2023-07-08,28.1,24.3,25.9,7.4,21.2,88,7,189,3,28.3,27.9,27.8,31.7,27.999999999999986,30.2,30.72142857142857,8.0,4.7,64.4,0.0,25.700000000000003,13.314285714285713,8.992857142857142
2023-07-09,32.0,23.6,27.3,0.9,18.4,77,7,190,3,25.9,28.3,27.9,31.8,27.366666666666656,29.371428571428574,30.107142857142858,7.4,8.0,4.7,0.0,6.7,14.371428571428568,9.52142857142857
2023-07-10,34.0,24.0,28.5,0.3,11.9,72,7,191,3,27.3,25.9,28.3,32.9,27.166666666666654,28.728571428571428,29.75714285714286,0.9,7.4,8.0,0.6,5.433333333333334,14.499999999999998,9.578571428571427
2023-07-11,36.0,24.7,30.2,0.0,10.8,72,7,192,3,28.5,27.3,25.9,31.0,27.23333333333332,28.099999999999998,29.8,0.3,0.9,7.4,15.5,2.866666666666667,14.457142857142856,7.8357142857142845
2023-07-12,35.3,25.6,30.2,2.8,17.7,74,7,193,3,30.2,28.5,27.3,27.8,28.666666666666654,27.985714285714284,29.764285714285712,0.0,0.3,0.9,64.4,0.4000000000000003,12.242857142857142,7.8357142857142845
2023-07-13,34.8,25.1,29.6,3.8,14.6,75,7,194,3,30.2,30.2,28.5,27.9,29.633333333333322,28.32857142857143,29.7,2.8,0.0,0.3,4.7,1.0333333333333334,3.442857142857141,7.85
2023-07-14,35.0,26.4,30.5,0.7,15.9,73,7,195,3,29.6,30.2,30.2,28.3,29.999999999999986,28.571428571428573,29.585714285714285,3.8,2.8,0.0,8.0,2.2,3.3142857142857127,7.921428571428571
2023-07-15,35.0,25.0,30.2,3.8,17.7,76,7,196,3,30.5,29.6,30.2,25.9,30.099999999999984,28.885714285714283,29.542857142857144,0.7,3.8,2.8,7.4,2.4333333333333336,2.2714285714285696,7.792857142857142
2023-07-16,33.5,25.8,29.5,11.2,14.5,81,7,197,3,30.2,30.5,29.6,27.3,30.099999999999984,29.5,29.435714285714287,3.8,0.7,3.8,0.9,2.766666666666667,1.7571428571428551,8.064285714285713
2023-07-17,35.3,26.8,31.1,0.6,12.0,76,7,198,3,29.5,30.2,30.5,28.5,30.066666666666652,29.814285714285713,29.271428571428572,11.2,3.8,0.7,0.3,5.233333333333333,3.228571428571427,8.864285714285712
2023-07-18,34.8,26.6,30.3,0.0,16.0,78,7,199,3,31.1,29.5,30.2,30.2,30.26666666666665,30.185714285714287,29.142857142857142,0.6,11.2,3.8,0.0,5.2,3.271428571428569,8.864285714285714
2023-07-19,33.5,26.9,28.9,3.6,19.0,85,7,200,3,30.3,31.1,29.5,30.2,30.299999999999986,30.2,29.092857142857138,0.0,0.6,11.2,2.8,3.933333333333333,3.271428571428569,7.757142857142857
2023-07-20,34.7,26.9,30.5,1.4,11.0,78,7,201,3,28.9,30.3,31.1,29.6,30.099999999999984,30.014285714285712,29.171428571428574,3.6,0.0,0.6,3.8,1.4000000000000001,3.385714285714284,3.4142857142857133
2023-07-21,33.4,26.8,29.9,5.5,8.1,84,7,202,3,30.5,28.9,30.3,30.5,29.899999999999988,30.142857142857142,29.357142857142858,1.4,3.6,0.0,0.7,1.6666666666666667,3.042857142857141,3.1785714285714275
2023-07-22,29.3,25.6,27.6,30.4,18.7,90,7,203,3,29.9,30.5,28.9,30.2,29.76666666666665,30.057142857142857,29.471428571428568,5.5,1.4,3.6,3.8,3.5,3.728571428571427,2.999999999999999
2023-07-23,34.5,25.6,29.7,0.1,10.5,77,7,204,3,27.6,29.9,30.5,29.5,29.333333333333318,29.685714285714283,29.592857142857145,30.4,5.5,1.4,11.2,12.433333333333332,7.528571428571427,4.6428571428571415
2023-07-24,33.9,27.0,30.2,1.9,8.8,80,7,205,3,29.7,27.6,29.9,31.1,29.066666666666652,29.714285714285715,29.764285714285712,0.1,30.4,5.5,0.6,12.0,5.94285714285714,4.585714285714284
2023-07-25,32.8,26.0,29.7,3.6,6.4,82,7,206,3,30.2,29.7,27.6,30.3,29.166666666666654,29.585714285714285,29.885714285714283,1.9,0.1,30.4,0.0,10.799999999999999,6.128571428571427,4.699999999999998
2023-07-26,33.2,25.1,28.5,5.9,15.6,84,7,207,3,29.7,30.2,29.7,28.9,29.86666666666665,29.5,29.849999999999998,3.6,1.9,0.1,3.6,1.8666666666666665,6.642857142857141,4.957142857142856
2023-07-27,31.4,24.9,27.8,9.4,12.4,85,7,208,3,28.5,29.7,30.2,30.5,29.46666666666665,29.442857142857143,29.728571428571428,5.9,3.6,1.9,1.4,3.8000000000000003,6.971428571428569,5.178571428571428
2023-07-28,32.0,25.0,27.9,8.5,10.8,86,7,209,3,27.8,28.5,29.7,29.9,28.666666666666654,29.057142857142857,29.599999999999998,9.4,5.9,3.6,5.5,6.3,8.114285714285712,5.578571428571427
2023-07-29,32.3,24.0,27.6,10.3,12.1,86,7,210,3,27.9,27.8,28.5,27.6,28.066666666666652,28.771428571428572,29.414285714285715,8.5,9.4,5.9,30.4,7.933333333333334,8.542857142857141,6.135714285714285
2023-07-30,33.8,24.5,29.4,0.4,6.3,78,7,211,3,27.6,27.9,27.8,29.7,27.76666666666665,28.771428571428572,29.228571428571428,10.3,8.5,9.4,0.1,9.4,5.67142857142857,6.599999999999999
2023-07-31,34.1,25.3,30.0,0.1,10.4,76,7,212,3,29.4,27.6,27.9,30.2,28.299999999999986,28.728571428571428,29.22142857142857,0.4,10.3,8.5,1.9,6.3999999999999995,5.714285714285713,5.828571428571428
2023-08-01,35.8,27.1,31.1,0.0,10.6,78,8,213,3,30.0,29.4,27.6,29.7,28.999999999999986,28.7,29.142857142857142,0.1,0.4,10.3,3.6,3.6,5.4571428571428555,5.792857142857142
2023-08-02,35.9,27.8,30.8,2.4,10.2,78,8,214,3,31.1,30.0,29.4,28.5,30.166666666666654,28.900000000000002,29.2,0.0,0.1,0.4,5.9,0.16666666666666666,4.942857142857141,5.792857142857142
2023-08-03,34.5,25.7,30.1,4.4,8.2,80,8,215,3,30.8,31.1,30.0,27.8,30.633333333333315,29.22857142857143,29.335714285714285,2.4,0.0,0.1,9.4,0.8333333333333334,4.442857142857141,5.707142857142856
2023-08-04,35.3,26.6,30.5,0.5,15.2,79,8,216,3,30.1,30.8,31.1,27.9,30.666666666666654,29.557142857142857,29.307142857142857,4.4,2.4,0.0,8.5,2.266666666666667,3.728571428571427,5.92142857142857
2023-08-05,34.3,25.4,29.5,15.5,11.7,83,8,217,3,30.5,30.1,30.8,27.6,30.466666666666654,29.928571428571427,29.35,0.5,4.4,2.4,10.3,2.4333333333333336,2.585714285714284,5.564285714285712
2023-08-06,34.2,25.6,29.5,3.4,13.9,81,8,218,3,29.5,30.5,30.1,29.4,30.03333333333332,30.2,29.485714285714288,15.5,0.5,4.4,0.4,6.8,3.328571428571427,4.499999999999999
2023-08-07,34.0,24.6,29.4,9.2,10.9,79,8,219,3,29.5,29.5,30.5,30.0,29.833333333333318,30.214285714285715,29.47142857142857,3.4,15.5,0.5,0.1,6.466666666666666,3.757142857142856,4.735714285714285
2023-08-08,35.0,24.9,30.2,1.3,23.9,76,8,220,3,29.4,29.5,29.5,31.1,29.46666666666665,30.128571428571426,29.414285714285715,9.2,3.4,15.5,0.0,9.366666666666667,5.057142857142856,5.257142857142855
2023-08-09,35.3,25.8,30.4,3.2,14.0,77,8,221,3,30.2,29.4,29.5,30.8,29.699999999999985,30.0,29.45,1.3,9.2,3.4,2.4,4.633333333333334,5.242857142857141,5.092857142857142
2023-08-10,33.7,25.4,29.2,7.2,18.0,82,8,222,3,30.4,30.2,29.4,30.1,29.999999999999986,29.942857142857143,29.58571428571429,3.2,1.3,9.2,4.4,4.566666666666666,5.357142857142856,4.899999999999999
2023-08-11,34.4,25.0,29.8,3.1,15.3,80,8,223,3,29.2,30.4,30.2,30.5,29.93333333333332,29.814285714285713,29.685714285714287,7.2,3.2,1.3,0.5,3.9,5.757142857142855,4.742857142857142
2023-08-12,36.0,27.7,31.3,0.2,11.0,74,8,224,3,29.8,29.2,30.4,29.5,29.799999999999983,29.714285714285715,29.821428571428573,3.1,7.2,3.2,15.5,4.5,6.128571428571426,4.357142857142856
2023-08-13,36.2,26.9,31.2,0.3,17.1,74,8,225,3,31.3,29.8,29.2,29.5,30.099999999999984,29.971428571428568,30.085714285714285,0.2,3.1,7.2,3.4,3.5,3.9428571428571417,3.6357142857142852
2023-08-14,33.6,25.1,28.4,9.9,19.5,83,8,226,3,31.2,31.3,29.8,29.4,30.76666666666665,30.214285714285715,30.214285714285715,0.3,0.2,3.1,9.2,1.2,3.4999999999999987,3.6285714285714277
2023-08-15,33.3,24.1,28.5,18.8,16.0,79,8,227,3,28.4,31.2,31.3,30.2,30.299999999999986,30.071428571428573,30.099999999999998,9.9,0.3,0.2,1.3,3.466666666666667,3.5999999999999983,4.328571428571427
2023-08-16,34.3,26.2,29.8,0.1,7.9,78,8,228,3,28.5,28.4,31.2,30.4,29.36666666666665,29.828571428571426,29.914285714285715,18.8,9.9,0.3,3.2,9.666666666666666,6.099999999999999,5.671428571428571
2023-08-17,35.3,27.0,30.3,0.5,13.9,79,8,229,3,29.8,28.5,28.4,29.2,28.899999999999988,29.74285714285714,29.842857142857145,0.1,18.8,9.9,7.2,9.600000000000001,5.657142857142856,5.507142857142855
2023-08-18,35.1,25.6,30.7,2.3,13.3,77,8,230,3,30.3,29.8,28.5,29.8,29.53333333333332,29.900000000000002,29.857142857142858,0.5,0.1,18.8,3.1,6.466666666666669,4.699999999999998,5.228571428571428
2023-08-19,34.8,27.5,30.8,0.4,13.5,79,8,231,3,30.7,30.3,29.8,31.3,30.26666666666665,30.02857142857143,29.87142857142857,2.3,0.5,0.1,0.2,0.9666666666666667,4.5857142857142845,5.357142857142857
2023-08-20,34.9,27.7,31.1,0.4,9.6,80,8,232,3,30.8,30.7,30.3,31.2,30.599999999999984,29.95714285714286,29.964285714285715,0.4,2.3,0.5,0.3,1.0666666666666667,4.614285714285713,4.278571428571428
2023-08-21,36.8,28.1,32.0,0.0,8.9,74,8,233,3,31.1,30.8,30.7,28.4,30.866666666666656,29.942857142857143,30.078571428571426,0.4,0.4,2.3,9.9,1.0333333333333332,4.628571428571427,4.064285714285714
2023-08-22,38.0,27.4,32.5,0.0,13.8,72,8,234,3,32.0,31.1,30.8,28.5,31.299999999999986,30.45714285714286,30.264285714285712,0.0,0.4,0.4,18.8,0.26666666666666666,3.214285714285713,3.407142857142856
2023-08-23,36.2,27.4,31.3,0.1,24.4,75,8,235,3,32.5,32.0,31.1,29.8,31.866666666666656,31.028571428571432,30.428571428571427,0.0,0.0,0.4,0.1,0.13333333333333333,0.528571428571427,3.3142857142857136
2023-08-24,33.6,26.0,29.3,1.3,17.6,76,8,236,3,31.3,32.5,32.0,30.3,31.93333333333332,31.242857142857144,30.49285714285714,0.1,0.0,0.0,0.5,0.03333333333333333,0.528571428571427,3.0928571428571416
2023-08-25,32.7,23.9,28.1,10.0,16.1,80,8,237,3,29.3,31.3,32.5,30.7,31.03333333333332,31.099999999999998,30.5,1.3,0.1,0.0,2.3,0.46666666666666673,0.6428571428571414,2.671428571428571
2023-08-26,31.7,25.1,27.3,0.2,10.5,81,8,238,3,28.1,29.3,31.3,30.8,29.566666666666652,30.72857142857143,30.378571428571426,10.0,1.3,0.1,0.4,3.8000000000000003,1.7428571428571413,3.1642857142857137
2023-08-27,33.7,24.3,28.8,0.0,9.8,77,8,239,3,27.3,28.1,29.3,31.1,28.23333333333332,30.228571428571428,30.092857142857145,0.2,10.0,1.3,0.4,3.8333333333333335,1.7142857142857124,3.1642857142857133
2023-08-28,33.0,23.3,28.2,11.5,19.6,76,8,240,3,28.8,27.3,28.1,32.0,28.066666666666652,29.900000000000002,29.92142857142857,0.0,0.2,10.0,0.0,3.4,1.6571428571428553,3.142857142857142
2023-08-29,33.5,23.9,28.6,0.0,8.9,75,8,241,3,28.2,28.8,27.3,32.5,28.099999999999984,29.357142857142858,29.907142857142855,11.5,0.0,0.2,0.0,3.9,3.299999999999998,3.2571428571428562
2023-08-30,35.3,25.5,29.8,0.0,8.6,66,8,242,3,28.6,28.2,28.8,31.3,28.53333333333332,28.8,29.914285714285715,0.0,11.5,0.0,0.1,3.8333333333333335,3.299999999999998,1.914285714285713
2023-08-31,35.8,26.1,30.9,0.0,8.4,66,8,243,3,29.8,28.6,28.2,29.3,28.866666666666656,28.585714285714285,29.914285714285715,0.0,0.0,11.5,1.3,3.8333333333333335,3.2857142857142843,1.907142857142856
2023-09-01,37.2,28.1,31.7,0.0,9.4,63,9,244,4,30.9,29.8,28.6,28.1,29.76666666666665,28.814285714285717,29.957142857142856,0.0,0.0,0.0,10.0,0.0,3.0999999999999983,1.87142857142857
2023-09-02,36.3,26.6,31.3,0.0,9.4,60,9,245,4,31.7,30.9,29.8,27.3,30.799999999999986,29.32857142857143,30.02857142857143,0.0,0.0,0.0,0.2,0.0,1.6714285714285697,1.707142857142856
2023-09-03,35.6,26.7,30.9,0.0,9.6,62,9,246,4,31.3,31.7,30.9,28.8,31.299999999999983,29.900000000000002,30.064285714285713,0.0,0.0,0.0,0.0,0.0,1.6428571428571412,1.6785714285714275
2023-09-04,36.0,26.5,30.9,0.0,8.4,62,9,247,4,30.9,31.3,31.7,28.2,31.299999999999983,30.199999999999996,30.050000000000004,0.0,0.0,0.0,11.5,0.0,1.6428571428571412,1.649999999999999
2023-09-05,35.1,26.1,30.4,0.0,11.7,64,9,248,4,30.9,30.9,31.3,28.6,31.033333333333317,30.585714285714285,29.97142857142857,0.0,0.0,0.0,0.0,0.0,0.0,1.649999999999999
2023-09-06,36.1,25.8,30.5,0.0,9.3,64,9,249,4,30.4,30.9,30.9,29.8,30.73333333333332,30.842857142857145,29.821428571428573,0.0,0.0,0.0,0.0,0.0,0.0,1.649999999999999
2023-09-07,37.3,25.4,30.9,0.0,10.0,60,9,250,4,30.5,30.4,30.9,30.9,30.599999999999984,30.942857142857143,29.764285714285712,0.0,0.0,0.0,0.0,0.0,0.0,1.642857142857142
2023-09-08,37.3,25.4,31.1,0.0,10.3,58,9,251,4,30.9,30.5,30.4,31.7,30.599999999999984,30.942857142857143,29.87857142857143,0.0,0.0,0.0,0.0,0.0,0.0,1.5499999999999987
2023-09-09,36.2,26.4,30.8,0.0,9.5,65,9,252,4,31.1,30.9,30.5,31.3,30.833333333333318,30.857142857142858,30.092857142857145,0.0,0.0,0.0,0.0,0.0,0.0,0.8357142857142846
2023-09-10,34.7,25.2,29.3,1.0,29.9,75,9,253,4,30.8,31.1,30.9,30.9,30.93333333333332,30.785714285714285,30.342857142857145,0.0,0.0,0.0,0.0,0.0,0.0,0.8214285714285704
2023-09-11,33.7,25.4,29.2,0.0,18.2,77,9,254,4,29.3,30.8,31.1,30.9,30.399999999999988,30.557142857142857,30.37857142857143,1.0,0.0,0.0,0.0,0.3333333333333333,0.14285714285714132,0.8928571428571418
2023-09-12,35.1,26.4,30.5,0.0,12.4,74,9,255,4,29.2,29.3,30.8,30.4,29.76666666666665,30.314285714285717,30.45,0.0,1.0,0.0,0.0,0.3333333333333333,0.14285714285714132,0.07142857142857041
2023-09-13,35.1,26.7,30.6,0.0,16.7,76,9,256,4,30.5,29.2,29.3,30.5,29.666666666666654,30.32857142857143,30.585714285714285,0.0,0.0,1.0,0.0,0.3333333333333333,0.14285714285714132,0.07142857142857041
2023-09-14,35.5,26.7,30.2,0.8,16.4,77,9,257,4,30.6,30.5,29.2,30.9,30.099999999999984,30.342857142857145,30.642857142857142,0.0,0.0,0.0,0.0,0.0,0.14285714285714132,0.07142857142857041
2023-09-15,34.3,24.9,28.5,23.4,22.5,83,9,258,4,30.2,30.6,30.5,31.1,30.43333333333332,30.24285714285714,30.592857142857145,0.8,0.0,0.0,0.0,0.26666666666666666,0.2571428571428556,0.12857142857142756
2023-09-16,33.8,24.6,29.0,1.4,17.1,79,9,259,4,28.5,30.2,30.6,30.8,29.76666666666665,29.87142857142857,30.364285714285717,23.4,0.8,0.0,0.0,8.066666666666666,3.5999999999999983,1.799999999999999
2023-09-17,33.3,24.4,28.3,0.1,14.5,79,9,260,4,29.0,28.5,30.2,29.3,29.23333333333332,29.61428571428571,30.2,1.4,23.4,0.8,1.0,8.533333333333333,3.799999999999998,1.8999999999999988
2023-09-18,30.6,24.8,26.9,0.2,18.5,80,9,261,4,28.3,29.0,28.5,29.2,28.599999999999984,29.47142857142857,30.014285714285712,0.1,1.4,23.4,0.0,8.299999999999999,3.67142857142857,1.9071428571428561
2023-09-19,32.5,24.1,27.6,0.9,10.6,79,9,262,4,26.9,28.3,29.0,30.5,28.066666666666652,29.142857142857142,29.728571428571428,0.2,0.1,1.4,0.0,0.5666666666666667,3.6999999999999984,1.9214285714285704
2023-09-20,33.7,24.2,28.8,0.0,7.6,75,9,263,4,27.6,26.9,28.3,30.6,27.599999999999984,28.728571428571428,29.528571428571432,0.9,0.2,0.1,0.0,0.4000000000000001,3.828571428571427,1.9857142857142847
2023-09-21,34.5,25.1,29.6,0.0,9.8,71,9,264,4,28.8,27.6,26.9,30.2,27.76666666666665,28.47142857142857,29.407142857142862,0.0,0.9,0.2,0.8,0.3666666666666667,3.828571428571427,1.9857142857142847
2023-09-22,32.7,26.6,28.9,2.3,11.8,77,9,265,4,29.6,28.8,27.6,28.5,28.666666666666654,28.38571428571429,29.314285714285713,0.0,0.0,0.9,23.4,0.3,3.7142857142857126,1.9857142857142847
2023-09-23,31.3,22.9,27.2,27.6,18.7,82,9,266,4,28.9,29.6,28.8,29.0,29.099999999999984,28.442857142857147,29.157142857142862,2.3,0.0,0.0,1.4,0.7666666666666666,0.6999999999999985,2.149999999999999
2023-09-24,31.9,22.6,27.3,5.2,22.1,81,9,267,4,27.2,28.9,29.6,28.3,28.566666666666652,28.185714285714287,28.900000000000002,27.6,2.3,0.0,0.1,9.966666666666667,4.442857142857141,4.121428571428571
2023-09-25,30.5,20.6,25.3,21.4,19.2,81,9,268,4,27.3,27.2,28.9,26.9,27.799999999999983,28.042857142857144,28.75714285714286,5.2,27.6,2.3,0.2,11.700000000000001,5.17142857142857,4.42142857142857
2023-09-26,32.0,21.4,26.4,0.0,9.2,69,9,269,4,25.3,27.3,27.2,27.6,26.599999999999984,27.814285714285713,28.478571428571428,21.4,5.2,27.6,0.9,18.066666666666666,8.2,5.949999999999998
2023-09-27,32.4,20.8,26.3,0.0,11.1,66,9,270,4,26.4,25.3,27.3,28.8,26.333333333333318,27.642857142857142,28.185714285714287,0.0,21.4,5.2,0.0,8.866666666666665,8.07142857142857,5.949999999999998
2023-09-28,33.2,20.5,27.1,0.0,8.2,68,9,271,4,26.3,26.4,25.3,29.6,25.999999999999986,27.285714285714285,27.878571428571426,0.0,0.0,21.4,0.0,7.133333333333333,8.07142857142857,5.949999999999998
2023-09-29,33.5,21.4,26.8,0.0,18.2,64,9,272,4,27.1,26.3,26.4,28.9,26.599999999999984,26.928571428571427,27.657142857142855,0.0,0.0,0.0,2.3,0.0,8.07142857142857,5.8928571428571415
2023-09-30,32.9,21.1,25.8,0.0,13.0,57,9,273,4,26.8,27.1,26.3,27.2,26.73333333333332,26.62857142857143,27.535714285714285,0.0,0.0,0.0,27.6,0.0,7.742857142857141,4.22142857142857
2023-10-01,32.4,18.6,24.5,0.0,11.0,60,10,274,4,25.8,26.8,27.1,27.3,26.566666666666652,26.428571428571427,27.307142857142857,0.0,0.0,0.0,5.2,0.0,3.799999999999998,4.12142857142857
2023-10-02,32.8,17.8,24.8,0.0,11.4,56,10,275,4,24.5,25.8,26.8,25.3,25.69999999999999,26.02857142857143,27.035714285714285,0.0,0.0,0.0,21.4,0.0,3.0571428571428556,4.114285714285713
2023-10-03,33.1,19.0,25.7,0.0,13.0,55,10,276,4,24.8,24.5,25.8,26.4,25.03333333333332,25.95714285714286,26.88571428571429,0.0,0.0,0.0,0.0,0.0,0.0,4.099999999999999
2023-10-04,33.6,18.8,25.5,0.0,10.3,58,10,277,4,25.7,24.8,24.5,26.3,24.999999999999986,25.857142857142858,26.75,0.0,0.0,0.0,0.0,0.0,0.0,4.035714285714285
2023-10-05,33.6,18.5,25.3,0.0,11.8,60,10,278,4,25.5,25.7,24.8,27.1,25.333333333333318,25.74285714285714,26.514285714285716,0.0,0.0,0.0,0.0,0.0,0.0,4.035714285714285
2023-10-06,33.6,19.5,26.0,0.0,10.1,62,10,279,4,25.3,25.5,25.7,26.8,25.499999999999986,25.485714285714288,26.20714285714286,0.0,0.0,0.0,0.0,0.0,0.0,4.035714285714285
2023-10-07,34.3,21.0,27.1,0.0,9.9,66,10,280,4,26.0,25.3,25.5,25.8,25.599999999999984,25.371428571428574,26.0,0.0,0.0,0.0,0.0,0.0,0.0,3.87142857142857
2023-10-08,33.6,22.9,27.9,0.0,8.0,68,10,281,4,27.1,26.0,25.3,24.5,26.133333333333322,25.557142857142857,25.99285714285714,0.0,0.0,0.0,0.0,0.0,0.0,1.8999999999999988
2023-10-09,33.7,20.8,26.2,32.5,20.9,71,10,282,4,27.9,27.1,26.0,24.8,26.999999999999986,26.042857142857144,26.03571428571429,0.0,0.0,0.0,0.0,0.0,0.0,1.5285714285714274
2023-10-10,30.9,18.7,24.3,0.0,14.0,65,10,283,4,26.2,27.9,27.1,25.7,27.066666666666652,26.24285714285714,26.1,32.5,0.0,0.0,0.0,10.833333333333334,4.642857142857141,2.3214285714285703
2023-10-11,31.6,19.7,24.5,0.0,11.5,57,10,284,4,24.3,26.2,27.9,25.5,26.133333333333315,26.042857142857144,25.95,0.0,32.5,0.0,0.0,10.833333333333334,4.642857142857141,2.3214285714285703
2023-10-12,32.1,18.1,24.7,0.0,10.3,62,10,285,4,24.5,24.3,26.2,25.3,24.999999999999986,25.900000000000002,25.821428571428573,0.0,0.0,32.5,0.0,10.833333333333334,4.642857142857141,2.3214285714285703
2023-10-13,32.6,18.7,25.1,0.0,9.5,67,10,286,4,24.7,24.5,24.3,26.0,24.499999999999986,25.814285714285713,25.650000000000002,0.0,0.0,0.0,0.0,0.0,4.642857142857141,2.3214285714285703
2023-10-14,28.1,19.9,23.0,10.1,35.5,77,10,287,4,25.1,24.7,24.5,27.1,24.76666666666665,25.685714285714283,25.52857142857143,0.0,0.0,0.0,0.0,0.0,4.642857142857141,2.3214285714285703
2023-10-15,28.8,17.4,23.0,0.0,10.7,68,10,288,4,23.0,25.1,24.7,27.9,24.26666666666665,25.099999999999998,25.328571428571426,10.1,0.0,0.0,0.0,3.3666666666666667,6.085714285714284,3.042857142857142
2023-10-16,21.5,16.3,19.4,12.9,26.3,84,10,289,4,23.0,23.0,25.1,26.2,23.69999999999999,24.4,25.221428571428568,0.0,10.1,0.0,32.5,3.3666666666666667,6.085714285714284,3.042857142857142
2023-10-17,22.3,15.6,17.8,26.7,21.2,85,10,290,4,19.4,23.0,23.0,24.3,21.799999999999983,23.428571428571427,24.835714285714285,12.9,0.0,10.1,0.0,7.666666666666667,3.285714285714284,3.964285714285713
2023-10-18,25.2,15.0,19.1,0.0,11.8,73,10,291,4,17.8,19.4,23.0,24.5,20.066666666666652,22.5,24.271428571428572,26.7,12.9,0.0,0.0,13.200000000000001,7.099999999999999,5.871428571428571
2023-10-19,26.2,14.7,20.1,0.0,9.1,74,10,292,4,19.1,17.8,19.4,24.7,18.76666666666665,21.728571428571428,23.814285714285713,0.0,26.7,12.9,0.0,13.199999999999998,7.099999999999999,5.871428571428571
2023-10-20,27.8,14.9,20.5,0.0,9.8,75,10,293,4,20.1,19.1,17.8,25.1,18.999999999999986,21.071428571428573,23.442857142857143,0.0,0.0,26.7,0.0,8.9,7.099999999999999,5.871428571428571
2023-10-21,27.1,15.7,21.3,0.0,8.1,75,10,294,4,20.5,20.1,19.1,23.0,19.899999999999988,20.414285714285715,23.05,0.0,0.0,0.0,10.1,0.0,7.099999999999999,5.871428571428571
2023-10-22,25.3,17.4,20.7,0.8,20.5,81,10,295,4,21.3,20.5,20.1,23.0,20.63333333333332,20.171428571428574,22.63571428571429,0.0,0.0,0.0,0.0,0.0,5.657142857142854,5.871428571428571
2023-10-23,27.5,16.5,21.6,0.0,10.8,70,10,296,4,20.7,21.3,20.5,19.4,20.833333333333318,19.842857142857145,22.12142857142857,0.8,0.0,0.0,12.9,0.2666666666666655,5.77142857142857,5.928571428571428
2023-10-24,27.8,15.6,21.7,0.0,8.0,71,10,297,4,21.6,20.7,21.3,17.8,21.199999999999985,20.157142857142855,21.79285714285714,0.0,0.8,0.0,26.7,0.2666666666666655,3.9285714285714266,3.6071428571428563
2023-10-25,28.4,15.6,21.4,0.0,10.2,73,10,298,4,21.7,21.6,20.7,19.1,21.333333333333318,20.714285714285715,21.607142857142858,0.0,0.0,0.8,0.0,0.2666666666666655,0.11428571428571226,3.6071428571428563
2023-10-26,28.4,14.5,21.3,0.0,8.9,70,10,299,4,21.4,21.7,21.6,20.1,21.566666666666652,21.042857142857144,21.385714285714283,0.0,0.0,0.0,0.0,0.0,0.11428571428571226,3.6071428571428563
2023-10-27,28.8,15.1,21.8,0.0,7.9,75,10,300,4,21.3,21.4,21.7,20.5,21.466666666666654,21.214285714285715,21.142857142857142,0.0,0.0,0.0,0.0,0.0,0.11428571428571226,3.6071428571428563
2023-10-28,28.5,16.2,21.9,0.0,7.9,79,10,301,4,21.8,21.3,21.4,21.3,21.499999999999986,21.400000000000002,20.907142857142862,0.0,0.0,0.0,0.0,0.0,0.11428571428571226,3.6071428571428563
2023-10-29,29.1,16.9,22.6,0.0,8.2,78,10,302,4,21.9,21.8,21.3,20.7,21.666666666666654,21.485714285714284,20.82857142857143,0.0,0.0,0.0,0.8,0.0,0.11428571428571226,2.885714285714285
2023-10-30,29.5,17.0,22.7,0.0,10.2,75,10,303,4,22.6,21.9,21.8,21.6,22.099999999999984,21.75714285714286,20.800000000000004,0.0,0.0,0.0,0.0,0.0,0.0,2.885714285714285
2023-10-31,29.7,17.4,23.1,0.0,8.6,74,10,304,4,22.7,22.6,21.9,21.7,22.399999999999988,21.914285714285715,21.035714285714285,0.0,0.0,0.0,0.0,0.0,0.0,1.9642857142857133
2023-11-01,28.9,17.2,22.5,0.5,15.3,77,11,305,4,23.1,22.7,22.6,21.4,22.799999999999986,22.11428571428571,21.41428571428571,0.0,0.0,0.0,0.0,0.0,0.0,0.05714285714285613
2023-11-02,28.2,17.7,21.1,2.7,26.6,78,11,306,4,22.5,23.1,22.7,21.3,22.76666666666665,22.27142857142857,21.657142857142855,0.5,0.0,0.0,0.0,0.1666666666666655,0.0714285714285694,0.09285714285714185
2023-11-03,27.8,16.3,21.6,0.0,14.8,70,11,307,4,21.1,22.5,23.1,21.8,22.23333333333332,22.242857142857144,21.728571428571428,2.7,0.5,0.0,0.0,1.0666666666666655,0.45714285714285513,0.2857142857142847
2023-11-04,28.4,13.9,20.7,0.0,10.9,74,11,308,4,21.6,21.1,22.5,21.9,21.73333333333332,22.214285714285715,21.807142857142857,0.0,2.7,0.5,0.0,1.0666666666666655,0.45714285714285513,0.2857142857142847
2023-11-05,27.9,14.6,21.1,0.0,8.2,68,11,309,4,20.7,21.6,21.1,22.6,21.133333333333322,22.042857142857144,21.764285714285712,0.0,0.0,2.7,0.0,0.8999999999999989,0.45714285714285513,0.2857142857142847
2023-11-06,27.7,15.1,20.5,0.0,12.2,76,11,310,4,21.1,20.7,21.6,22.7,21.13333333333332,21.82857142857143,21.792857142857144,0.0,0.0,0.0,0.0,0.0,0.45714285714285513,0.22857142857142757
2023-11-07,27.1,15.9,20.3,1.9,16.1,79,11,311,4,20.5,21.1,20.7,23.1,20.76666666666665,21.514285714285716,21.714285714285715,0.0,0.0,0.0,0.0,0.0,0.45714285714285513,0.22857142857142757
2023-11-08,26.6,16.2,20.5,2.5,13.7,76,11,312,4,20.3,20.5,21.1,22.5,20.633333333333322,21.114285714285717,21.61428571428571,1.9,0.0,0.0,0.5,0.6333333333333321,0.7285714285714265,0.36428571428571327
2023-11-09,26.6,15.0,19.8,7.3,22.2,79,11,313,4,20.5,20.3,20.5,21.1,20.43333333333332,20.82857142857143,21.55,2.5,1.9,0.0,2.7,1.4666666666666657,1.0142857142857122,0.5428571428571418
2023-11-10,20.5,14.7,17.5,6.0,28.3,85,11,314,4,19.8,20.5,20.3,21.6,20.199999999999985,20.642857142857142,21.442857142857143,7.3,2.5,1.9,0.0,3.8999999999999986,1.6714285714285693,1.0642857142857134
2023-11-11,24.4,13.5,17.6,0.0,11.7,77,11,315,4,17.5,19.8,20.5,20.7,19.26666666666665,20.057142857142857,21.135714285714283,6.0,7.3,2.5,0.0,5.266666666666665,2.5285714285714262,1.4928571428571418
2023-11-12,24.2,11.7,17.2,0.0,10.0,78,11,316,4,17.6,17.5,19.8,21.1,18.299999999999986,19.614285714285717,20.82857142857143,0.0,6.0,7.3,0.0,4.433333333333332,2.5285714285714262,1.4928571428571418
2023-11-13,24.6,12.1,17.5,0.0,8.7,80,11,317,4,17.2,17.6,17.5,20.5,17.43333333333332,19.057142857142857,20.442857142857143,0.0,0.0,6.0,0.0,1.999999999999999,2.5285714285714262,1.4928571428571418
2023-11-14,25.0,12.5,17.6,0.0,10.2,79,11,318,4,17.5,17.2,17.6,20.3,17.43333333333332,18.62857142857143,20.071428571428573,0.0,0.0,0.0,1.9,0.0,2.5285714285714262,1.4928571428571418
2023-11-15,25.3,12.3,18.1,0.0,10.3,78,11,319,4,17.6,17.5,17.2,20.5,17.43333333333332,18.242857142857144,19.678571428571434,0.0,0.0,0.0,2.5,0.0,2.2571428571428553,1.4928571428571418
2023-11-16,25.0,12.3,18.0,0.0,9.3,81,11,320,4,18.1,17.6,17.5,19.8,17.73333333333332,17.900000000000002,19.364285714285717,0.0,0.0,0.0,7.3,0.0,1.8999999999999981,1.457142857142856
2023-11-17,25.7,11.8,17.8,0.0,12.8,76,11,321,4,18.0,18.1,17.6,17.5,17.899999999999988,17.642857142857142,19.142857142857142,0.0,0.0,0.0,6.0,0.0,0.8571428571428552,1.2642857142857136
2023-11-18,24.7,11.9,17.5,0.0,8.8,73,11,322,4,17.8,18.0,18.1,17.6,17.966666666666654,17.685714285714287,18.871428571428574,0.0,0.0,0.0,0.0,0.0,0.0,1.2642857142857136
2023-11-19,25.5,12.0,17.6,0.0,9.3,70,11,323,4,17.5,17.8,18.0,17.2,17.76666666666665,17.67142857142857,18.642857142857142,0.0,0.0,0.0,0.0,0.0,0.0,1.2642857142857136
2023-11-20,24.7,12.3,17.6,0.0,10.0,66,11,324,4,17.6,17.5,17.8,17.5,17.63333333333332,17.728571428571428,18.392857142857142,0.0,0.0,0.0,0.0,0.0,0.0,1.2642857142857136
2023-11-21,24.4,11.4,16.9,0.0,13.5,72,11,325,4,17.6,17.6,17.5,17.6,17.566666666666652,17.742857142857144,18.185714285714287,0.0,0.0,0.0,0.0,0.0,0.0,1.2642857142857136
2023-11-22,23.5,10.6,16.5,0.0,8.8,78,11,326,4,16.9,17.6,17.6,18.1,17.366666666666653,17.642857142857142,17.942857142857143,0.0,0.0,0.0,0.0,0.0,0.0,1.1285714285714277
2023-11-23,24.0,10.8,16.3,0.0,9.0,79,11,327,4,16.5,16.9,17.6,18.0,16.999999999999986,17.414285714285715,17.657142857142855,0.0,0.0,0.0,0.0,0.0,0.0,0.9499999999999991
2023-11-24,24.3,12.0,16.7,0.0,11.5,76,11,328,4,16.3,16.5,16.9,17.8,16.566666666666652,17.17142857142857,17.40714285714286,0.0,0.0,0.0,0.0,0.0,0.0,0.42857142857142755
2023-11-25,22.7,10.1,15.6,0.0,9.3,77,11,329,4,16.7,16.3,16.5,17.5,16.499999999999986,17.014285714285712,17.35,0.0,0.0,0.0,0.0,0.0,0.0,0.0
2023-11-26,22.4,12.4,16.6,0.0,9.3,82,11,330,4,15.6,16.7,16.3,17.6,16.199999999999985,16.742857142857144,17.20714285714286,0.0,0.0,0.0,0.0,0.0,0.0,0.0
2023-11-27,23.1,13.1,17.1,0.1,8.5,77,11,331,4,16.6,15.6,16.7,17.6,16.299999999999986,16.599999999999998,17.164285714285715,0.0,0.0,0.0,0.0,0.0,0.0,0.0
2023-11-28,23.9,12.7,17.2,0.0,10.0,77,11,332,4,17.1,16.6,15.6,16.9,16.43333333333332,16.52857142857143,17.135714285714286,0.1,0.0,0.0,0.0,0.03333333333333215,0.014285714285712384,0.007142857142856128
2023-11-29,24.3,12.2,17.5,0.0,8.6,79,11,333,4,17.2,17.1,16.6,16.5,16.966666666666654,16.571428571428573,17.107142857142858,0.0,0.1,0.0,0.0,0.03333333333333215,0.014285714285712384,0.007142857142856128
2023-11-30,19.7,13.4,15.7,20.4,19.1,88,11,334,4,17.5,17.2,17.1,16.3,17.26666666666665,16.714285714285715,17.064285714285713,0.0,0.0,0.1,0.0,0.03333333333333215,0.014285714285712384,0.007142857142856128
2023-12-01,23.0,10.9,15.8,0.0,10.8,73,12,335,1,15.7,17.5,17.2,16.7,16.799999999999986,16.62857142857143,16.900000000000002,20.4,0.0,0.0,0.0,6.799999999999998,2.9285714285714266,1.4642857142857133
2023-12-02,23.0,10.1,15.8,0.0,9.1,75,12,336,1,15.8,15.7,17.5,15.6,16.333333333333318,16.500000000000004,16.757142857142856,0.0,20.4,0.0,0.0,6.799999999999998,2.9285714285714266,1.4642857142857133
2023-12-03,22.8,9.7,15.4,0.0,10.2,79,12,337,1,15.8,15.8,15.7,16.6,15.766666666666652,16.52857142857143,16.635714285714286,0.0,0.0,20.4,0.0,6.799999999999998,2.9285714285714266,1.4642857142857133
2023-12-04,22.4,9.5,15.4,0.0,8.0,80,12,338,1,15.4,15.8,15.8,17.1,15.666666666666652,16.357142857142858,16.47857142857143,0.0,0.0,0.0,0.1,0.0,2.9285714285714266,1.4642857142857133
2023-12-05,21.1,10.3,14.7,0.0,9.2,88,12,339,1,15.4,15.4,15.8,17.2,15.533333333333319,16.114285714285714,16.321428571428573,0.0,0.0,0.0,0.0,0.0,2.914285714285712,1.4642857142857133
2023-12-06,22.8,9.2,14.8,0.0,12.0,75,12,340,1,14.7,15.4,15.4,17.5,15.166666666666652,15.757142857142856,16.164285714285715,0.0,0.0,0.0,0.0,0.0,2.914285714285712,1.4642857142857133
2023-12-07,22.3,8.2,14.4,0.0,10.5,77,12,341,1,14.8,14.7,15.4,15.7,14.966666666666654,15.37142857142857,16.042857142857144,0.0,0.0,0.0,20.4,0.0,2.914285714285712,1.4642857142857133
2023-12-08,21.7,7.5,14.0,0.0,9.2,79,12,342,1,14.4,14.8,14.7,15.8,14.633333333333319,15.185714285714287,15.907142857142857,0.0,0.0,0.0,0.0,0.0,0.0,1.4642857142857133
2023-12-09,21.1,8.1,13.5,0.0,10.8,78,12,343,1,14.0,14.4,14.8,15.8,14.399999999999986,14.928571428571429,15.714285714285714,0.0,0.0,0.0,0.0,0.0,0.0,1.4642857142857133
2023-12-10,21.6,8.8,13.8,0.0,12.0,70,12,344,1,13.5,14.0,14.4,15.4,13.966666666666653,14.6,15.564285714285715,0.0,0.0,0.0,0.0,0.0,0.0,1.4642857142857133
2023-12-11,20.0,6.1,12.6,0.0,8.8,77,12,345,1,13.8,13.5,14.0,15.4,13.766666666666653,14.37142857142857,15.364285714285714,0.0,0.0,0.0,0.0,0.0,0.0,1.4642857142857133
2023-12-12,20.5,7.9,13.2,0.0,8.3,78,12,346,1,12.6,13.8,13.5,14.7,13.299999999999988,13.971428571428573,15.042857142857143,0.0,0.0,0.0,0.0,0.0,0.0,1.457142857142856
2023-12-13,20.4,6.9,12.7,0.0,9.9,77,12,347,1,13.2,12.6,13.8,14.8,13.199999999999987,13.757142857142856,14.757142857142858,0.0,0.0,0.0,0.0,0.0,0.0,1.457142857142856
2023-12-14,20.4,6.5,12.7,0.0,11.6,76,12,348,1,12.7,13.2,12.6,14.4,12.83333333333332,13.457142857142857,14.414285714285715,0.0,0.0,0.0,0.0,0.0,0.0,1.457142857142856
2023-12-15,20.3,7.2,12.8,0.0,9.4,76,12,349,1,12.7,12.7,13.2,14.0,12.866666666666651,13.214285714285714,14.2,0.0,0.0,0.0,0.0,0.0,0.0,0.0
2023-12-16,18.2,6.7,12.3,1.1,9.1,80,12,350,1,12.8,12.7,12.7,13.5,12.73333333333332,13.042857142857143,13.985714285714286,0.0,0.0,0.0,0.0,0.0,0.0,0.0
2023-12-17,19.9,6.6,12.4,0.0,11.9,76,12,351,1,12.3,12.8,12.7,13.8,12.599999999999985,12.87142857142857,13.735714285714286,1.1,0.0,0.0,0.0,0.36666666666666553,0.1571428571428551,0.07857142857142756
2023-12-18,20.2,8.4,13.0,0.0,12.1,68,12,352,1,12.4,12.3,12.8,12.6,12.499999999999986,12.671428571428573,13.52142857142857,0.0,1.1,0.0,0.0,0.36666666666666553,0.1571428571428551,0.07857142857142756
2023-12-19,19.9,6.6,11.9,0.0,12.0,72,12,353,1,13.0,12.4,12.3,13.2,12.566666666666654,12.728571428571428,13.349999999999998,0.0,0.0,1.1,0.0,0.36666666666666553,0.1571428571428551,0.07857142857142756
2023-12-20,19.6,5.7,11.6,0.0,10.5,72,12,354,1,11.9,13.0,12.4,12.7,12.433333333333318,12.542857142857144,13.15,0.0,0.0,0.0,0.0,0.0,0.1571428571428551,0.07857142857142756
2023-12-21,19.2,5.3,11.7,0.0,7.3,81,12,355,1,11.6,11.9,13.0,12.7,12.166666666666652,12.385714285714286,12.921428571428569,0.0,0.0,0.0,0.0,0.0,0.1571428571428551,0.07857142857142756
2023-12-22,19.1,6.5,12.2,0.1,9.1,84,12,356,1,11.7,11.6,11.9,12.8,11.73333333333332,12.242857142857144,12.72857142857143,0.0,0.0,0.0,0.0,0.0,0.1571428571428551,0.07857142857142756
2023-12-23,21.5,8.5,14.8,0.0,8.9,81,12,357,1,12.2,11.7,11.6,12.3,11.83333333333332,12.157142857142857,12.6,0.1,0.0,0.0,1.1,0.03333333333333215,0.17142857142856943,0.08571428571428472
2023-12-24,20.8,8.4,13.6,0.0,9.7,83,12,358,1,14.8,12.2,11.7,12.4,12.899999999999984,12.514285714285716,12.692857142857145,0.0,0.1,0.0,0.0,0.03333333333333215,0.014285714285712256,0.08571428571428472
2023-12-25,21.4,8.2,13.1,0.0,11.2,76,12,359,1,13.6,14.8,12.2,13.0,13.533333333333319,12.685714285714285,12.678571428571429,0.0,0.0,0.1,0.0,0.03333333333333215,0.014285714285712256,0.08571428571428472
2023-12-26,20.6,6.3,12.2,0.0,9.2,84,12,360,1,13.1,13.6,14.8,11.9,13.83333333333332,12.7,12.714285714285714,0.0,0.0,0.0,0.0,0.0,0.014285714285712256,0.08571428571428472
2023-12-27,20.7,7.3,12.3,0.0,11.0,87,12,361,1,12.2,13.1,13.6,11.6,12.966666666666653,12.742857142857144,12.642857142857142,0.0,0.0,0.0,0.0,0.0,0.014285714285712256,0.08571428571428472
2023-12-28,18.7,7.2,11.3,0.0,10.2,90,12,362,1,12.3,12.2,13.1,11.7,12.533333333333319,12.842857142857142,12.614285714285714,0.0,0.0,0.0,0.0,0.0,0.014285714285712256,0.08571428571428472
2023-12-29,16.4,7.8,11.1,0.0,8.4,94,12,363,1,11.3,12.3,12.2,12.2,11.933333333333318,12.785714285714286,12.514285714285716,0.0,0.0,0.0,0.1,0.0,0.014285714285712256,0.08571428571428472
2023-12-30,16.8,7.2,10.5,0.0,8.3,93,12,364,1,11.1,11.3,12.3,14.8,11.566666666666654,12.62857142857143,12.392857142857142,0.0,0.0,0.0,0.0,0.0,0.0,0.08571428571428472
2023-12-31,16.4,7.2,10.1,0.0,8.7,92,12,365,1,10.5,11.1,11.3,13.6,10.966666666666653,12.014285714285714,12.264285714285714,0.0,0.0,0.0,0.0,0.0,0.0,0.007142857142856128
2024-01-01,15.4,6.1,9.3,0.0,10.2,94,1,1,1,10.1,10.5,11.1,13.1,10.566666666666654,11.514285714285714,12.1,0.0,0.0,0.0,0.0,0.0,0.0,0.007142857142856128
2024-01-02,13.9,5.2,8.9,0.0,9.5,92,1,2,1,9.3,10.1,10.5,12.2,9.966666666666653,10.971428571428573,11.835714285714287,0.0,0.0,0.0,0.0,0.0,0.0,0.007142857142856128
2024-01-03,13.7,4.2,8.1,0.0,8.7,91,1,3,1,8.9,9.3,10.1,12.3,9.43333333333332,10.5,11.621428571428572,0.0,0.0,0.0,0.0,0.0,0.0,0.007142857142856128
2024-01-04,15.6,3.9,8.8,0.0,10.0,91,1,4,1,8.1,8.9,9.3,11.3,8.766666666666653,9.9,11.371428571428572,0.0,0.0,0.0,0.0,0.0,0.0,0.007142857142856128
2024-01-05,14.3,5.0,8.2,0.0,9.5,93,1,5,1,8.8,8.1,8.9,11.1,8.599999999999985,9.542857142857143,11.164285714285713,0.0,0.0,0.0,0.0,0.0,0.0,0.007142857142856128
2024-01-06,14.6,5.1,7.8,0.0,8.6,93,1,6,1,8.2,8.8,8.1,10.5,8.366666666666653,9.128571428571428,10.87857142857143,0.0,0.0,0.0,0.0,0.0,0.0,0.0
2024-01-07,13.6,4.2,7.4,0.0,9.6,93,1,7,1,7.8,8.2,8.8,10.1,8.266666666666652,8.742857142857144,10.378571428571428,0.0,0.0,0.0,0.0,0.0,0.0,0.0
2024-01-08,13.6,3.9,7.3,0.0,10.2,92,1,8,1,7.4,7.8,8.2,9.3,7.799999999999986,8.357142857142858,9.935714285714285,0.0,0.0,0.0,0.0,0.0,0.0,0.0
2024-01-09,14.0,4.9,8.1,0.2,8.1,92,1,9,1,7.3,7.4,7.8,8.9,7.499999999999986,8.071428571428571,9.521428571428572,0.0,0.0,0.0,0.0,0.0,0.0,0.0
2024-01-10,14.7,3.3,7.3,0.0,11.4,92,1,10,1,8.1,7.3,7.4,8.1,7.5999999999999845,7.957142857142856,9.228571428571428,0.2,0.0,0.0,0.0,0.06666666666666549,0.028571428571426544,0.014285714285713272
2024-01-11,13.1,4.2,7.6,0.0,8.7,92,1,11,1,7.3,8.1,7.3,8.8,7.566666666666652,7.8428571428571425,8.871428571428572,0.0,0.2,0.0,0.0,0.06666666666666549,0.028571428571426544,0.014285714285713272
2024-01-12,14.2,3.2,7.4,0.0,9.2,92,1,12,1,7.6,7.3,8.1,8.2,7.666666666666653,7.671428571428571,8.607142857142858,0.0,0.0,0.2,0.0,0.06666666666666549,0.028571428571426544,0.014285714285713272
2024-01-13,14.6,5.6,9.2,0.0,7.1,91,1,13,1,7.4,7.6,7.3,7.8,7.433333333333319,7.557142857142857,8.342857142857143,0.0,0.0,0.0,0.0,0.0,0.028571428571426544,0.014285714285713272
2024-01-14,14.9,3.8,7.8,0.0,10.2,92,1,14,1,9.2,7.4,7.6,7.4,8.066666666666652,7.757142857142857,8.25,0.0,0.0,0.0,0.0,0.0,0.028571428571426544,0.014285714285713272
2024-01-15,13.6,3.9,7.2,0.0,10.0,93,1,15,1,7.8,9.2,7.4,7.3,8.13333333333332,7.814285714285714,8.085714285714285,0.0,0.0,0.0,0.0,0.0,0.028571428571426544,0.014285714285713272
2024-01-16,13.8,3.3,7.5,0.0,7.3,91,1,16,1,7.2,7.8,9.2,8.1,8.066666666666652,7.8,7.935714285714285,0.0,0.0,0.0,0.2,0.0,0.028571428571426544,0.014285714285713272
2024-01-17,16.0,2.8,8.7,0.0,5.8,88,1,17,1,7.5,7.2,7.8,7.3,7.499999999999986,7.714285714285714,7.835714285714286,0.0,0.0,0.0,0.0,0.0,0.0,0.014285714285713272
2024-01-18,16.6,4.3,8.9,0.0,10.6,93,1,18,1,8.7,7.5,7.2,7.6,7.799999999999986,7.9142857142857155,7.878571428571428,0.0,0.0,0.0,0.0,0.0,0.0,0.014285714285713272
2024-01-19,14.8,5.5,8.8,0.0,10.0,94,1,19,1,8.9,8.7,7.5,7.4,8.366666666666653,8.1,7.885714285714285,0.0,0.0,0.0,0.0,0.0,0.0,0.014285714285713272
2024-01-20,14.3,5.4,8.8,0.0,8.0,90,1,20,1,8.8,8.9,8.7,9.2,8.799999999999985,8.3,7.928571428571429,0.0,0.0,0.0,0.0,0.0,0.0,0.014285714285713272
2024-01-21,15.0,4.0,7.8,0.0,9.7,91,1,21,1,8.8,8.8,8.9,7.8,8.83333333333332,8.242857142857144,8.0,0.0,0.0,0.0,0.0,0.0,0.0,0.014285714285713272
2024-01-22,13.4,4.5,8.2,0.0,8.7,91,1,22,1,7.8,8.8,8.8,7.2,8.466666666666653,8.242857142857144,8.028571428571428,0.0,0.0,0.0,0.0,0.0,0.0,0.014285714285713272
2024-01-23,14.4,3.6,7.6,0.0,9.4,91,1,23,1,8.2,7.8,8.8,7.5,8.266666666666653,8.385714285714286,8.092857142857143,0.0,0.0,0.0,0.0,0.0,0.0,0.014285714285713272
2024-01-24,15.3,3.7,7.6,0.0,9.0,92,1,24,1,7.6,8.2,7.8,8.7,7.866666666666652,8.4,8.057142857142857,0.0,0.0,0.0,0.0,0.0,0.0,0.0
2024-01-25,13.3,5.3,9.1,0.0,7.3,90,1,25,1,7.6,7.6,8.2,8.9,7.799999999999986,8.242857142857142,8.078571428571427,0.0,0.0,0.0,0.0,0.0,0.0,0.0
2024-01-26,18.5,6.4,11.4,0.0,10.6,84,1,26,1,9.1,7.6,7.6,8.8,8.099999999999985,8.27142857142857,8.185714285714285,0.0,0.0,0.0,0.0,0.0,0.0,0.0
2024-01-27,20.1,5.9,12.2,0.0,14.5,77,1,27,1,11.4,9.1,7.6,8.8,9.366666666666651,8.642857142857142,8.471428571428572,0.0,0.0,0.0,0.0,0.0,0.0,0.0
2024-01-28,20.2,8.0,13.3,0.0,9.9,79,1,28,1,12.2,11.4,9.1,7.8,10.899999999999984,9.128571428571428,8.685714285714285,0.0,0.0,0.0,0.0,0.0,0.0,0.0
2024-01-29,19.6,8.2,13.2,1.7,10.9,83,1,29,1,13.3,12.2,11.4,8.2,12.299999999999985,9.914285714285715,9.078571428571427,0.0,0.0,0.0,0.0,0.0,0.0,0.0
2024-01-30,17.5,8.5,12.2,4.7,14.4,82,1,30,1,13.2,13.3,12.2,7.6,12.899999999999984,10.628571428571428,9.507142857142856,1.7,0.0,0.0,0.0,0.5666666666666654,0.24285714285714083,0.12142857142857041
2024-01-31,17.7,9.3,12.8,19.2,20.1,88,1,31,1,12.2,13.2,13.3,7.6,12.899999999999984,11.285714285714286,9.842857142857143,4.7,1.7,0.0,0.0,2.1333333333333324,0.9142857142857123,0.45714285714285613
2024-02-01,15.5,8.8,12.0,11.5,20.9,87,2,32,1,12.8,12.2,13.2,9.1,12.733333333333318,12.028571428571428,10.135714285714286,19.2,4.7,1.7,0.0,8.533333333333331,3.6571428571428553,1.8285714285714276
2024-02-02,17.5,6.4,11.2,0.0,12.3,75,2,33,1,12.0,12.8,12.2,11.4,12.33333333333332,12.442857142857141,10.357142857142858,11.5,19.2,4.7,0.0,11.799999999999999,5.299999999999997,2.6499999999999986
2024-02-03,15.0,9.1,11.7,0.6,12.4,64,2,34,1,11.2,12.0,12.8,12.2,11.999999999999986,12.414285714285713,10.528571428571427,0.0,11.5,19.2,0.0,10.233333333333333,5.299999999999997,2.6499999999999986
2024-02-04,16.3,6.9,11.7,0.5,9.1,83,2,35,1,11.7,11.2,12.0,13.3,11.633333333333319,12.342857142857143,10.735714285714286,0.6,0.0,11.5,0.0,4.033333333333333,5.3857142857142835,2.6928571428571417
2024-02-05,17.1,5.5,9.9,0.1,11.3,83,2,36,1,11.7,11.7,11.2,13.2,11.533333333333317,12.114285714285712,11.014285714285714,0.5,0.6,0.0,1.7,0.3666666666666667,5.457142857142855,2.7285714285714273
2024-02-06,17.7,4.7,10.8,0.0,10.3,72,2,37,1,9.9,11.7,11.7,12.2,11.099999999999985,11.642857142857142,11.135714285714286,0.1,0.5,0.6,4.7,0.39999999999999997,5.228571428571426,2.7357142857142844
2024-02-07,18.1,3.7,10.6,0.0,16.8,68,2,38,1,10.8,9.9,11.7,12.8,10.799999999999985,11.442857142857141,11.364285714285714,0.0,0.1,0.5,19.2,0.19999999999999998,4.557142857142855,2.7357142857142844
2024-02-08,19.5,7.3,11.9,0.0,16.6,55,2,39,1,10.6,10.8,9.9,12.0,10.433333333333318,11.12857142857143,11.578571428571427,0.0,0.0,0.1,11.5,0.03333333333333333,1.8142857142857116,2.7357142857142844
2024-02-09,19.8,4.2,11.6,0.0,10.5,74,2,40,1,11.9,10.6,10.8,11.2,11.099999999999985,11.114285714285714,11.778571428571428,0.0,0.0,0.0,0.0,0.0,0.17142857142856888,2.7357142857142844
2024-02-10,20.5,5.6,12.6,0.0,8.3,80,2,41,1,11.6,11.9,10.6,11.7,11.366666666666651,11.171428571428573,11.792857142857143,0.0,0.0,0.0,0.6,0.0,0.17142857142856888,2.7357142857142844
2024-02-11,21.0,7.9,14.0,0.0,9.0,74,2,42,1,12.6,11.6,11.9,11.7,12.033333333333317,11.299999999999999,11.821428571428571,0.0,0.0,0.0,0.5,0.0,0.08571428571428318,2.7357142857142844
2024-02-12,20.6,6.9,14.0,0.0,9.5,75,2,43,1,14.0,12.6,11.6,9.9,12.73333333333332,11.62857142857143,11.87142857142857,0.0,0.0,0.0,0.1,0.0,0.014285714285711749,2.7357142857142844
2024-02-13,21.8,9.5,15.0,0.0,10.5,74,2,44,1,14.0,14.0,12.6,10.8,13.533333333333317,12.214285714285714,11.928571428571429,0.0,0.0,0.0,0.0,0.0,0.0,2.614285714285713
2024-02-14,21.8,7.3,13.8,0.0,10.7,70,2,45,1,15.0,14.0,14.0,10.6,14.33333333333332,12.814285714285715,12.12857142857143,0.0,0.0,0.0,0.0,0.0,0.0,2.2785714285714276
2024-02-15,22.2,5.9,14.0,0.0,11.2,68,2,46,1,13.8,15.0,14.0,11.9,14.266666666666652,13.27142857142857,12.200000000000001,0.0,0.0,0.0,0.0,0.0,0.0,0.9071428571428558
2024-02-16,23.0,7.6,15.0,0.0,11.7,71,2,47,1,14.0,13.8,15.0,11.6,14.266666666666652,13.571428571428571,12.342857142857143,0.0,0.0,0.0,0.0,0.0,0.0,0.08571428571428444
2024-02-17,23.6,11.4,16.6,0.0,9.8,72,2,48,1,15.0,14.0,13.8,12.6,14.266666666666652,14.057142857142855,12.614285714285716,0.0,0.0,0.0,0.0,0.0,0.0,0.08571428571428444
2024-02-18,19.4,11.4,15.7,0.2,20.2,73,2,49,1,16.6,15.0,14.0,14.0,15.199999999999987,14.62857142857143,12.964285714285714,0.0,0.0,0.0,0.0,0.0,0.0,0.04285714285714159
2024-02-19,20.7,12.6,16.3,14.3,36.3,76,2,50,1,15.7,16.6,15.0,14.0,15.766666666666652,14.871428571428572,13.25,0.2,0.0,0.0,0.0,0.06666666666666667,0.028571428571426034,0.021428571428570162
2024-02-20,17.1,10.5,14.0,6.4,19.8,87,2,51,1,16.3,15.7,16.6,15.0,16.199999999999985,15.200000000000001,13.707142857142857,14.3,0.2,0.0,0.0,4.833333333333333,2.071428571428569,1.0357142857142845
2024-02-21,20.3,8.2,13.3,0.6,17.7,75,2,52,1,14.0,16.3,15.7,13.8,15.33333333333332,15.057142857142859,13.935714285714285,6.4,14.3,0.2,0.0,6.966666666666666,2.9857142857142835,1.4928571428571418
2024-02-22,20.4,6.1,12.6,0.0,11.0,63,2,53,1,13.3,14.0,16.3,14.0,14.533333333333319,14.985714285714286,14.12857142857143,0.6,6.4,14.3,0.0,7.1000000000000005,3.071428571428569,1.5357142857142845
2024-02-23,20.3,6.2,13.2,0.0,14.1,54,2,54,1,12.6,13.3,14.0,15.0,13.299999999999985,14.785714285714288,14.178571428571429,0.0,0.6,6.4,0.0,2.3333333333333335,3.071428571428569,1.5357142857142845
2024-02-24,19.9,6.1,12.8,0.0,10.5,60,2,55,1,13.2,12.6,13.3,16.6,13.033333333333319,14.528571428571428,14.292857142857143,0.0,0.0,0.6,0.0,0.19999999999999998,3.071428571428569,1.5357142857142845
2024-02-25,20.5,5.8,12.7,0.2,11.2,62,2,56,1,12.8,13.2,12.6,15.7,12.866666666666653,13.985714285714286,14.307142857142859,0.0,0.0,0.0,0.2,0.0,3.071428571428569,1.5357142857142845
2024-02-26,18.6,7.0,12.9,0.0,16.9,59,2,57,1,12.7,12.8,13.2,16.3,12.899999999999984,13.557142857142855,14.214285714285714,0.2,0.0,0.0,14.3,0.06666666666666667,3.071428571428569,1.5499999999999987
2024-02-27,21.2,11.6,15.7,0.6,22.1,59,2,58,1,12.9,12.7,12.8,14.0,12.799999999999988,13.071428571428571,14.135714285714286,0.0,0.2,0.0,6.4,0.06666666666666667,1.028571428571426,1.5499999999999987
2024-02-28,22.3,9.3,15.0,0.0,12.4,63,2,59,1,15.7,12.9,12.7,13.3,13.766666666666652,13.314285714285715,14.185714285714285,0.6,0.0,0.2,0.6,0.26666666666666666,0.19999999999999746,1.5928571428571416
2024-02-29,22.2,9.6,15.7,0.0,10.5,69,2,60,1,15.0,15.7,12.9,12.6,14.533333333333319,13.557142857142859,14.27142857142857,0.0,0.6,0.0,0.0,0.19999999999999998,0.11428571428571174,1.5928571428571416
2024-03-01,20.9,13.6,15.8,7.3,20.9,76,3,61,2,15.7,15.0,15.7,13.2,15.466666666666653,14.0,14.392857142857142,0.0,0.0,0.6,0.0,0.19999999999999996,0.11428571428571174,1.5928571428571416
2024-03-02,20.3,13.9,15.9,35.7,34.5,85,3,62,2,15.8,15.7,15.0,12.8,15.499999999999986,14.371428571428572,14.45,7.3,0.0,0.0,0.0,2.433333333333333,1.1571428571428546,2.114285714285713
2024-03-03,17.9,7.2,12.4,0.0,20.3,60,3,63,2,15.9,15.8,15.7,12.7,15.799999999999985,14.814285714285713,14.4,35.7,7.3,0.0,0.2,14.333333333333334,6.2571428571428545,4.664285714285713
2024-03-04,18.0,4.7,11.2,0.0,11.9,63,3,64,2,12.4,15.9,15.8,12.9,14.699999999999987,14.771428571428572,14.164285714285715,0.0,35.7,7.3,0.0,14.333333333333334,6.228571428571426,4.649999999999999
2024-03-05,19.6,6.8,12.1,0.0,11.0,62,3,65,2,11.2,12.4,15.9,15.7,13.166666666666652,14.528571428571428,13.799999999999999,0.0,0.0,35.7,0.6,11.9,6.228571428571426,3.6285714285714272
2024-03-06,20.5,5.7,13.2,0.0,11.0,63,3,66,2,12.1,11.2,12.4,15.0,11.899999999999986,14.014285714285714,13.664285714285715,0.0,0.0,0.0,0.0,0.0,6.142857142857141,3.1714285714285704
2024-03-07,21.4,10.0,15.1,1.0,11.7,62,3,67,2,13.2,12.1,11.2,15.7,12.166666666666652,13.757142857142856,13.657142857142857,0.0,0.0,0.0,0.0,0.0,6.142857142857141,3.1285714285714272
2024-03-08,22.5,8.4,14.8,0.0,11.2,68,3,68,2,15.1,13.2,12.1,15.8,13.466666666666653,13.671428571428569,13.835714285714285,1.0,0.0,0.0,7.3,0.3333333333333333,6.285714285714284,3.199999999999999
2024-03-09,25.0,9.6,16.1,0.0,14.5,58,3,69,2,14.8,15.1,13.2,15.9,14.366666666666651,13.528571428571427,13.950000000000001,0.0,1.0,0.0,35.7,0.3333333333333333,5.24285714285714,3.199999999999999
2024-03-10,25.0,9.5,17.3,0.0,9.8,62,3,70,2,16.1,14.8,15.1,12.4,15.33333333333332,13.557142857142859,14.185714285714285,0.0,0.0,1.0,0.0,0.3333333333333333,0.14285714285713982,3.199999999999999
2024-03-11,22.6,12.9,17.9,0.3,10.1,66,3,71,2,17.3,16.1,14.8,11.2,16.066666666666652,14.257142857142856,14.514285714285716,0.0,0.0,0.0,0.0,0.0,0.14285714285713982,3.185714285714284
2024-03-12,25.6,10.4,18.2,0.0,10.4,67,3,72,2,17.9,17.3,16.1,12.1,17.099999999999987,15.214285714285714,14.87142857142857,0.3,0.0,0.0,0.0,0.09999999999999999,0.18571428571428267,3.2071428571428555
2024-03-13,19.9,13.2,16.2,4.6,20.2,75,3,73,2,18.2,17.9,17.3,13.2,17.799999999999986,16.085714285714285,15.05,0.0,0.3,0.0,0.0,0.09999999999999999,0.18571428571428267,3.1642857142857133
2024-03-14,24.4,12.3,17.7,9.9,15.9,65,3,74,2,16.2,18.2,17.9,15.1,17.43333333333332,16.514285714285712,15.135714285714286,4.6,0.0,0.3,1.0,1.633333333333333,0.8428571428571398,3.4928571428571416
2024-03-15,25.5,11.8,17.6,0.0,15.8,56,3,75,2,17.7,16.2,18.2,14.8,17.36666666666665,16.885714285714286,15.278571428571427,9.9,4.6,0.0,0.0,4.833333333333333,2.114285714285711,4.199999999999998
2024-03-16,26.5,10.0,17.8,0.0,11.5,57,3,76,2,17.6,17.7,16.2,16.1,17.166666666666654,17.285714285714285,15.407142857142858,0.0,9.9,4.6,0.0,4.833333333333333,2.114285714285711,3.6785714285714275
2024-03-17,27.4,9.8,18.4,0.0,10.5,58,3,77,2,17.8,17.6,17.7,17.3,17.699999999999985,17.52857142857143,15.542857142857143,0.0,0.0,9.9,0.0,3.3000000000000003,2.114285714285711,1.128571428571427
2024-03-18,28.2,11.0,19.2,0.0,10.0,52,3,78,2,18.4,17.8,17.6,17.9,17.93333333333332,17.685714285714287,15.971428571428572,0.0,0.0,0.0,0.3,0.0,2.114285714285711,1.128571428571427
2024-03-19,29.0,11.1,20.3,0.0,12.0,54,3,79,2,19.2,18.4,17.8,18.2,18.466666666666654,17.87142857142857,16.542857142857144,0.0,0.0,0.0,0.0,0.0,2.071428571428568,1.128571428571427
2024-03-20,30.1,12.5,21.4,0.0,11.9,54,3,80,2,20.3,19.2,18.4,16.2,19.299999999999986,18.17142857142857,17.128571428571426,0.0,0.0,0.0,4.6,0.0,2.071428571428568,1.128571428571427
2024-03-21,29.9,17.7,23.4,1.1,18.4,51,3,81,2,21.4,20.3,19.2,17.7,20.299999999999986,18.914285714285715,17.714285714285715,0.0,0.0,0.0,9.9,0.0,1.414285714285711,1.128571428571427
2024-03-22,27.4,17.5,21.9,0.5,17.6,67,3,82,2,23.4,21.4,20.3,17.6,21.69999999999999,19.728571428571428,18.307142857142857,1.1,0.0,0.0,0.0,0.3666666666666667,0.15714285714285411,1.1357142857142841
2024-03-23,29.8,16.3,22.7,0.0,13.3,55,3,83,2,21.9,23.4,21.4,17.8,22.23333333333332,20.342857142857145,18.814285714285713,0.5,1.1,0.0,0.0,0.5333333333333333,0.22857142857142554,1.1714285714285702
2024-03-24,29.4,17.5,23.1,1.5,25.7,55,3,84,2,22.7,21.9,23.4,18.4,22.666666666666654,21.04285714285714,19.285714285714285,0.0,0.5,1.1,0.0,0.5333333333333333,0.22857142857142554,1.1714285714285702
2024-03-25,31.1,15.8,23.2,0.0,13.8,52,3,85,2,23.1,22.7,21.9,19.2,22.566666666666652,21.714285714285715,19.699999999999996,1.5,0.0,0.5,0.0,0.6666666666666666,0.44285714285713984,1.2785714285714271
2024-03-26,31.3,16.0,23.5,0.0,9.5,50,3,86,2,23.2,23.1,22.7,20.3,22.999999999999986,22.285714285714285,20.07857142857143,0.0,1.5,0.0,0.0,0.5,0.44285714285713984,1.2571428571428558
2024-03-27,28.0,19.1,22.7,5.5,26.5,69,3,87,2,23.5,23.2,23.1,21.4,23.26666666666665,22.74285714285714,20.45714285714286,0.0,0.0,1.5,0.0,0.5,0.44285714285713984,1.2571428571428558
2024-03-28,31.0,19.3,24.2,1.0,15.8,60,3,88,2,22.7,23.5,23.2,23.4,23.133333333333322,22.928571428571427,20.92142857142857,5.5,0.0,0.0,1.1,1.8333333333333333,1.2285714285714255,1.3214285714285698
2024-03-29,30.5,18.9,23.8,1.4,19.8,59,3,89,2,24.2,22.7,23.5,21.9,23.46666666666665,23.042857142857144,21.385714285714283,1.0,5.5,0.0,0.5,2.1666666666666665,1.2142857142857113,0.6857142857142842
2024-03-30,29.9,17.4,22.2,2.1,30.4,62,3,90,2,23.8,24.2,22.7,22.7,23.566666666666652,23.314285714285713,21.82857142857143,1.4,1.0,5.5,0.0,2.6333333333333333,1.3428571428571399,0.7857142857142841
2024-03-31,27.6,16.0,21.4,0.2,22.9,58,3,91,2,22.2,23.8,24.2,23.1,23.399999999999988,23.242857142857144,22.142857142857142,2.1,1.4,1.0,1.5,1.5,1.64285714285714,0.9357142857142842
2024-04-01,28.6,15.4,21.0,0.0,11.6,52,4,92,2,21.4,22.2,23.8,23.2,22.46666666666665,23.0,22.357142857142854,0.2,2.1,1.4,0.0,1.2333333333333334,1.457142857142854,0.9499999999999984
2024-04-02,30.1,14.2,22.4,0.0,10.7,49,4,93,2,21.0,21.4,22.2,23.5,21.53333333333332,22.685714285714283,22.485714285714284,0.0,0.2,2.1,0.0,0.7666666666666667,1.457142857142854,0.9499999999999984
2024-04-03,31.4,15.9,23.3,0.9,17.0,45,4,94,2,22.4,21.0,21.4,22.7,21.599999999999984,22.52857142857143,22.635714285714283,0.0,0.0,0.2,5.5,0.06666666666666667,1.457142857142854,0.9499999999999984
2024-04-04,32.3,17.8,24.5,0.0,15.2,34,4,95,2,23.3,22.4,21.0,24.2,22.23333333333332,22.614285714285717,22.771428571428572,0.9,0.0,0.0,1.0,0.3,0.7999999999999969,1.0142857142857127
2024-04-05,31.8,18.4,24.0,0.0,15.1,38,4,96,2,24.5,23.3,22.4,23.8,23.399999999999988,22.657142857142855,22.85,0.0,0.9,0.0,1.4,0.3,0.657142857142854,0.9357142857142842
2024-04-06,32.0,14.6,23.6,0.0,14.2,35,4,97,2,24.0,24.5,23.3,22.2,23.93333333333332,22.685714285714287,23.0,0.0,0.0,0.9,2.1,0.3,0.45714285714285413,0.8999999999999985
2024-04-07,32.9,16.7,24.4,0.0,15.2,33,4,98,2,23.6,24.0,24.5,21.4,24.03333333333332,22.885714285714283,23.064285714285713,0.0,0.0,0.0,0.2,0.0,0.15714285714285411,0.8999999999999985
2024-04-08,33.4,14.4,24.3,0.0,12.7,38,4,99,2,24.4,23.6,24.0,21.0,23.999999999999986,23.314285714285717,23.157142857142855,0.0,0.0,0.0,0.0,0.0,0.12857142857142553,0.7928571428571413
2024-04-09,34.4,14.0,24.8,0.0,13.0,36,4,100,2,24.3,24.4,23.6,22.4,24.099999999999984,23.785714285714285,23.235714285714284,0.0,0.0,0.0,0.0,0.0,0.12857142857142553,0.7928571428571413
2024-04-10,34.2,15.9,25.1,0.0,21.7,37,4,101,2,24.8,24.3,24.4,23.3,24.499999999999986,24.12857142857143,23.328571428571426,0.0,0.0,0.0,0.9,0.0,0.12857142857142553,0.7928571428571413
2024-04-11,32.4,19.5,25.9,0.0,18.1,35,4,102,2,25.1,24.8,24.3,24.5,24.73333333333332,24.385714285714283,23.5,0.0,0.0,0.0,0.0,0.0,0.0,0.39999999999999847
2024-04-12,35.6,17.5,26.5,0.0,17.2,40,4,103,2,25.9,25.1,24.8,24.0,25.26666666666665,24.585714285714285,23.62142857142857,0.0,0.0,0.0,0.0,0.0,0.0,0.328571428571427
2024-04-13,30.9,20.3,24.5,0.8,19.4,48,4,104,2,26.5,25.9,25.1,23.6,25.833333333333318,24.942857142857143,23.814285714285713,0.0,0.0,0.0,0.0,0.0,0.0,0.22857142857142707
2024-04-14,28.5,19.6,22.4,5.1,18.3,68,4,105,2,24.5,26.5,25.9,24.4,25.633333333333315,25.071428571428573,23.978571428571428,0.8,0.0,0.0,0.0,0.26666666666666666,0.11428571428571124,0.1357142857142842
2024-04-15,31.1,19.3,22.4,33.2,22.6,74,4,106,2,22.4,24.5,26.5,24.3,24.466666666666654,24.785714285714285,24.050000000000004,5.1,0.8,0.0,0.0,1.9666666666666666,0.8428571428571398,0.48571428571428416
2024-04-16,29.8,16.5,22.9,0.0,14.1,66,4,107,2,22.4,22.4,24.5,24.8,23.099999999999984,24.514285714285716,24.150000000000002,33.2,5.1,0.8,0.0,13.033333333333333,5.585714285714283,2.8571428571428554
2024-04-17,31.3,17.3,24.5,0.0,16.5,51,4,108,2,22.9,22.4,22.4,25.1,22.566666666666652,24.24285714285714,24.185714285714283,0.0,33.2,5.1,0.0,12.766666666666667,5.585714285714283,2.8571428571428554
2024-04-18,26.6,20.5,24.0,2.2,19.7,57,4,109,2,24.5,22.9,22.4,25.9,23.26666666666665,24.157142857142855,24.27142857142857,0.0,0.0,33.2,0.0,11.066666666666668,5.585714285714283,2.7928571428571414
2024-04-19,27.7,18.7,22.3,8.6,25.8,65,4,110,2,24.0,24.5,22.9,26.5,23.799999999999986,23.885714285714283,24.235714285714284,2.2,0.0,0.0,0.0,0.7333333333333334,5.899999999999998,2.949999999999999
2024-04-20,29.1,16.4,22.7,0.0,15.2,62,4,111,2,22.3,24.0,24.5,24.5,23.599999999999984,23.285714285714285,24.11428571428571,8.6,2.2,0.0,0.8,3.6,7.1285714285714255,3.5642857142857127
2024-04-21,31.2,17.2,23.9,0.0,17.1,56,4,112,2,22.7,22.3,24.0,22.4,22.999999999999986,23.02857142857143,24.05,0.0,8.6,2.2,5.1,3.5999999999999996,7.014285714285712,3.5642857142857127
2024-04-22,30.5,17.5,24.2,0.2,13.4,54,4,113,2,23.9,22.7,22.3,22.4,22.96666666666665,23.24285714285714,24.014285714285712,0.0,0.0,8.6,33.2,2.866666666666666,6.285714285714284,3.5642857142857127
2024-04-23,31.1,17.9,24.5,0.2,18.5,53,4,114,2,24.2,23.9,22.7,22.9,23.599999999999984,23.5,24.00714285714286,0.2,0.0,0.0,0.0,0.06666666666666667,1.5714285714285683,3.578571428571427
2024-04-24,32.3,17.2,24.6,0.1,17.5,51,4,115,2,24.5,24.2,23.9,24.5,24.199999999999985,23.728571428571428,23.985714285714288,0.2,0.2,0.0,0.0,0.13333333333333333,1.5999999999999972,3.5928571428571416
2024-04-25,35.0,17.1,26.5,0.0,14.5,46,4,116,2,24.6,24.5,24.2,24.0,24.43333333333332,23.742857142857144,23.95,0.1,0.2,0.2,2.2,0.16666666666666666,1.6142857142857114,3.5999999999999988
2024-04-26,33.9,18.9,26.1,1.6,20.8,50,4,117,2,26.5,24.6,24.5,22.3,25.19999999999999,24.1,23.992857142857144,0.0,0.1,0.2,8.6,0.10000000000000002,1.2999999999999972,3.5999999999999988
2024-04-27,28.8,20.8,24.6,1.1,23.8,50,4,118,2,26.1,26.5,24.6,22.7,25.73333333333332,24.642857142857142,23.964285714285715,1.6,0.0,0.1,0.0,0.5666666666666668,0.299999999999997,3.7142857142857126
2024-04-28,31.0,18.8,24.6,0.1,23.2,52,4,119,2,24.6,26.1,26.5,23.9,25.73333333333332,24.914285714285715,23.97142857142857,1.1,1.6,0.0,0.0,0.9,0.45714285714285413,3.735714285714284
2024-04-29,27.3,17.8,22.0,2.1,22.7,59,4,120,2,24.6,24.6,26.1,24.2,25.099999999999984,25.014285714285712,24.128571428571426,0.1,1.1,1.6,0.2,0.9333333333333335,0.4714285714285684,3.3785714285714272
2024-04-30,30.1,15.9,21.5,0.8,24.7,56,4,121,2,22.0,24.6,24.6,24.5,23.73333333333332,24.7,24.099999999999998,2.1,0.1,1.1,0.2,1.1,0.7428571428571399,1.157142857142856
2024-05-01,28.7,14.2,21.7,0.0,14.1,47,5,122,2,21.5,22.0,24.6,24.6,22.69999999999999,24.271428571428572,24.0,0.8,2.1,0.1,0.1,1.0,0.8285714285714255,1.2142857142857129
2024-05-02,32.7,15.2,24.4,0.0,12.7,44,5,123,2,21.7,21.5,22.0,26.5,21.73333333333332,23.857142857142858,23.800000000000004,0.0,0.8,2.1,0.0,0.9666666666666668,0.8142857142857113,1.2142857142857129
2024-05-03,35.1,17.0,26.3,0.0,10.9,46,5,124,2,24.4,21.7,21.5,26.1,22.533333333333317,23.557142857142853,23.82857142857143,0.0,0.0,0.8,1.6,0.26666666666666666,0.8142857142857113,1.0571428571428558
2024-05-04,34.7,21.4,28.1,0.0,14.8,42,5,125,2,26.3,24.4,21.7,24.6,24.133333333333315,23.585714285714285,24.114285714285717,0.0,0.0,0.0,1.1,0.0,0.5857142857142826,0.44285714285714134
2024-05-05,36.2,22.0,29.2,0.0,17.7,38,5,126,2,28.1,26.3,24.4,24.6,26.26666666666665,24.085714285714285,24.5,0.0,0.0,0.0,0.1,0.0,0.42857142857142555,0.44285714285714134
2024-05-06,38.0,22.4,29.8,0.0,10.7,37,5,127,2,29.2,28.1,26.3,22.0,27.866666666666656,24.742857142857144,24.87857142857143,0.0,0.0,0.0,2.1,0.0,0.4142857142857113,0.44285714285714134
2024-05-07,39.0,22.3,30.6,0.0,14.3,34,5,128,2,29.8,29.2,28.1,21.5,29.03333333333332,25.857142857142858,25.27857142857143,0.0,0.0,0.0,0.8,0.0,0.11428571428571124,0.42857142857142705
2024-05-08,39.8,21.1,30.9,0.0,10.1,31,5,129,2,30.6,29.8,29.2,21.7,29.866666666666656,27.157142857142862,25.714285714285715,0.0,0.0,0.0,0.0,0.0,0.0,0.41428571428571276
2024-05-09,39.4,23.1,31.5,0.0,20.4,37,5,130,2,30.9,30.6,29.8,24.4,30.43333333333332,28.471428571428568,26.16428571428571,0.0,0.0,0.0,0.0,0.0,0.0,0.40714285714285564
2024-05-10,39.6,23.1,29.9,5.9,17.2,46,5,131,2,31.5,30.9,30.6,26.3,30.999999999999986,29.485714285714284,26.52142857142857,0.0,0.0,0.0,0.0,0.0,0.0,0.40714285714285564
2024-05-11,36.4,24.3,29.6,0.0,9.7,47,5,132,2,29.9,31.5,30.9,28.1,30.76666666666665,30.0,26.792857142857144,5.9,0.0,0.0,0.0,1.9666666666666668,0.8428571428571399,0.7142857142857127
2024-05-12,32.9,23.2,27.5,4.5,24.2,53,5,133,2,29.6,29.9,31.5,29.2,30.333333333333318,30.214285714285715,27.15,0.0,5.9,0.0,0.0,1.9666666666666668,0.8428571428571399,0.6357142857142842
2024-05-13,37.4,20.3,29.1,0.0,16.0,37,5,134,2,27.5,29.6,29.9,29.8,28.999999999999986,29.971428571428568,27.357142857142858,4.5,0.0,5.9,0.0,3.466666666666667,1.4857142857142827,0.9499999999999985
2024-05-14,38.4,21.0,30.2,0.0,17.5,31,5,135,2,29.1,27.5,29.6,30.6,28.73333333333332,29.871428571428574,27.864285714285717,0.0,4.5,0.0,0.0,1.5,1.4857142857142827,0.7999999999999984
2024-05-15,40.2,22.5,31.1,0.0,17.6,30,5,136,2,30.2,29.1,27.5,30.9,28.93333333333332,29.814285714285713,28.485714285714288,0.0,0.0,4.5,0.0,1.5,1.4857142857142827,0.7428571428571413
2024-05-16,40.7,22.7,32.6,0.0,19.8,27,5,137,2,31.1,30.2,29.1,31.5,30.133333333333322,29.842857142857145,29.157142857142855,0.0,0.0,0.0,0.0,0.0,1.4857142857142827,0.7428571428571413
2024-05-17,41.8,24.7,33.3,0.0,19.0,27,5,138,2,32.6,31.1,30.2,29.9,31.299999999999983,30.0,29.74285714285714,0.0,0.0,0.0,5.9,0.0,1.4857142857142827,0.7428571428571413
2024-05-18,42.6,26.7,34.6,0.0,25.1,26,5,139,2,33.3,32.6,31.1,29.6,32.333333333333314,30.485714285714288,30.24285714285714,0.0,0.0,0.0,0.0,0.0,0.6428571428571398,0.7428571428571413
2024-05-19,41.2,25.4,33.7,0.0,23.4,27,5,140,2,34.6,33.3,32.6,27.5,33.499999999999986,31.2,30.70714285714286,0.0,0.0,0.0,4.5,0.0,0.6428571428571398,0.7428571428571413
2024-05-20,42.3,24.5,34.2,0.0,13.8,24,5,141,2,33.7,34.6,33.3,29.1,33.86666666666665,32.08571428571429,31.02857142857143,0.0,0.0,0.0,0.0,0.0,0.0,0.7428571428571413
2024-05-21,42.7,27.2,34.5,0.0,11.0,25,5,142,2,34.2,33.7,34.6,30.2,34.16666666666665,32.81428571428571,31.342857142857145,0.0,0.0,0.0,0.0,0.0,0.0,0.7428571428571413
2024-05-22,42.1,26.1,34.4,0.0,15.2,27,5,143,2,34.5,34.2,33.7,31.1,34.13333333333332,33.42857142857143,31.62142857142857,0.0,0.0,0.0,0.0,0.0,0.0,0.7428571428571413
2024-05-23,40.6,26.6,34.0,0.0,19.6,32,5,144,2,34.4,34.5,34.2,32.6,34.36666666666665,33.9,31.871428571428574,0.0,0.0,0.0,0.0,0.0,0.0,0.7428571428571413
2024-05-24,40.7,25.3,33.7,0.2,17.2,39,5,145,2,34.0,34.4,34.5,33.3,34.29999999999998,34.1,32.050000000000004,0.0,0.0,0.0,0.0,0.0,0.0,0.7428571428571413
2024-05-25,42.0,27.4,33.9,0.0,19.4,28,5,146,2,33.7,34.0,34.4,34.6,34.03333333333331,34.15714285714286,32.32142857142857,0.2,0.0,0.0,0.0,0.06666666666666667,0.028571428571425528,0.3357142857142842
2024-05-26,42.9,25.5,34.4,0.0,10.8,28,5,147,2,33.9,33.7,34.0,33.7,33.86666666666665,34.05714285714286,32.628571428571426,0.0,0.2,0.0,0.0,0.06666666666666667,0.028571428571425528,0.3357142857142842
2024-05-27,42.7,26.7,34.3,0.0,13.1,23,5,148,2,34.4,33.9,33.7,34.2,33.99999999999998,34.15714285714286,33.121428571428574,0.0,0.0,0.2,0.0,0.06666666666666667,0.028571428571425528,0.014285714285712764
2024-05-28,43.4,24.6,34.4,0.0,14.6,19,5,149,2,34.3,34.4,33.9,34.5,34.19999999999998,34.17142857142857,33.49285714285714,0.0,0.0,0.0,0.0,0.0,0.028571428571425528,0.014285714285712764
2024-05-29,43.9,26.3,34.8,0.0,13.2,18,5,150,2,34.4,34.3,34.4,34.4,34.366666666666646,34.15714285714286,33.792857142857144,0.0,0.0,0.0,0.0,0.0,0.028571428571425528,0.014285714285712764
2024-05-30,43.0,25.5,34.7,0.0,17.3,18,5,151,2,34.8,34.4,34.3,34.0,34.49999999999998,34.214285714285715,34.05714285714286,0.0,0.0,0.0,0.0,0.0,0.028571428571425528,0.014285714285712764
2024-05-31,44.3,27.0,34.9,0.0,20.6,20,5,152,2,34.7,34.8,34.4,33.7,34.63333333333332,34.31428571428571,34.20714285714286,0.0,0.0,0.0,0.2,0.0,0.028571428571425528,0.014285714285712764
2024-06-01,43.1,25.9,35.6,0.0,17.1,17,6,153,3,34.9,34.7,34.8,33.9,34.79999999999998,34.48571428571429,34.32142857142857,0.0,0.0,0.0,0.0,0.0,0.0,0.014285714285712764
2024-06-02,43.4,26.4,35.0,0.0,14.8,22,6,154,3,35.6,34.9,34.7,34.4,35.066666666666656,34.72857142857143,34.392857142857146,0.0,0.0,0.0,0.0,0.0,0.0,0.014285714285712764
2024-06-03,44.5,26.9,36.3,0.0,25.3,21,6,155,3,35.0,35.6,34.9,34.3,35.16666666666665,34.81428571428571,34.48571428571429,0.0,0.0,0.0,0.0,0.0,0.0,0.014285714285712764
2024-06-04,43.2,27.7,34.7,0.2,24.6,24,6,156,3,36.3,35.0,35.6,34.4,35.63333333333332,35.1,34.635714285714286,0.0,0.0,0.0,0.0,0.0,0.0,0.014285714285712764
2024-06-05,39.0,28.0,32.1,0.5,23.9,31,6,157,3,34.7,36.3,35.0,34.8,35.33333333333332,35.142857142857146,34.65,0.2,0.0,0.0,0.0,0.06666666666666667,0.028571428571425528,0.02857142857142705
2024-06-06,36.6,24.9,31.0,2.1,14.8,41,6,158,3,32.1,34.7,36.3,34.7,34.366666666666646,34.75714285714286,34.48571428571428,0.5,0.2,0.0,0.0,0.2333333333333333,0.09999999999999695,0.06428571428571277
2024-06-07,38.8,26.4,32.1,0.0,24.3,33,6,159,3,31.0,32.1,34.7,34.9,32.59999999999999,34.228571428571435,34.271428571428565,2.1,0.5,0.2,0.0,0.9333333333333332,0.3999999999999969,0.21428571428571278
2024-06-08,40.0,25.4,32.6,0.0,10.5,30,6,160,3,32.1,31.0,32.1,35.6,31.73333333333332,33.82857142857143,34.15714285714286,0.0,2.1,0.5,0.0,0.8666666666666667,0.39999999999999697,0.19999999999999846
2024-06-09,40.5,25.0,33.1,0.0,16.0,26,6,161,3,32.6,32.1,31.0,35.0,31.899999999999988,33.4,34.06428571428572,0.0,0.0,2.1,0.0,0.7000000000000001,0.39999999999999697,0.19999999999999846
2024-06-10,42.1,25.2,33.5,0.0,18.4,25,6,162,3,33.1,32.6,32.1,36.3,32.59999999999999,33.128571428571426,33.97142857142857,0.0,0.0,0.0,0.0,0.0,0.39999999999999697,0.19999999999999846
2024-06-11,43.0,25.8,34.9,0.0,17.9,23,6,163,3,33.5,33.1,32.6,34.7,33.066666666666656,32.72857142857143,33.91428571428571,0.0,0.0,0.0,0.2,0.0,0.39999999999999697,0.19999999999999846
2024-06-12,44.4,28.0,36.1,0.0,15.1,20,6,164,3,34.9,33.5,33.1,32.1,33.833333333333314,32.75714285714286,33.95,0.0,0.0,0.0,0.5,0.0,0.3714285714285684,0.19999999999999846
2024-06-13,43.5,29.0,35.3,0.0,18.9,26,6,165,3,36.1,34.9,33.5,31.0,34.83333333333332,33.32857142857143,34.04285714285714,0.0,0.0,0.0,2.1,0.0,0.299999999999997,0.19999999999999846
2024-06-14,43.1,28.2,35.4,0.0,33.0,27,6,166,3,35.3,36.1,34.9,32.1,35.433333333333316,33.94285714285714,34.08571428571428,0.0,0.0,0.0,0.0,0.0,0.0,0.19999999999999846
2024-06-15,43.7,29.3,36.1,0.0,25.0,25,6,167,3,35.4,35.3,36.1,32.6,35.59999999999999,34.41428571428571,34.121428571428574,0.0,0.0,0.0,0.0,0.0,0.0,0.19999999999999846
2024-06-16,45.1,30.8,37.2,0.0,18.5,26,6,168,3,36.1,35.4,35.3,33.1,35.59999999999999,34.91428571428572,34.15714285714286,0.0,0.0,0.0,0.0,0.0,0.0,0.19999999999999846
2024-06-17,45.1,29.9,37.7,0.0,20.0,27,6,169,3,37.2,36.1,35.4,33.5,36.23333333333331,35.5,34.31428571428571,0.0,0.0,0.0,0.0,0.0,0.0,0.19999999999999846
2024-06-18,43.9,31.2,36.9,0.0,24.1,30,6,170,3,37.7,37.2,36.1,34.9,36.999999999999986,36.1,34.41428571428572,0.0,0.0,0.0,0.0,0.0,0.0,0.19999999999999846
2024-06-19,42.0,29.6,36.0,0.0,20.5,32,6,171,3,36.9,37.7,37.2,36.1,37.26666666666665,36.385714285714286,34.57142857142857,0.0,0.0,0.0,0.0,0.0,0.0,0.1857142857142842
2024-06-20,39.4,27.6,33.6,0.3,20.6,42,6,172,3,36.0,36.9,37.7,35.3,36.86666666666665,36.371428571428574,34.85,0.0,0.0,0.0,0.0,0.0,0.0,0.1499999999999985
2024-06-21,37.0,25.0,32.2,0.0,22.3,47,6,173,3,33.6,36.0,36.9,35.4,35.49999999999998,36.128571428571426,35.035714285714285,0.3,0.0,0.0,0.0,0.09999999999999999,0.04285714285713981,0.021428571428569906
2024-06-22,39.4,28.1,33.7,0.0,12.6,37,6,174,3,32.2,33.6,36.0,36.1,33.933333333333316,35.67142857142857,35.042857142857144,0.0,0.3,0.0,0.0,0.09999999999999999,0.04285714285713981,0.021428571428569906
2024-06-23,41.4,28.1,35.3,0.0,13.5,32,6,175,3,33.7,32.2,33.6,37.2,33.16666666666665,35.32857142857143,35.121428571428574,0.0,0.0,0.3,0.0,0.09999999999999999,0.04285714285713981,0.021428571428569906
2024-06-24,42.5,27.9,35.6,0.0,8.1,31,6,176,3,35.3,33.7,32.2,37.7,33.73333333333331,35.05714285714286,35.27857142857143,0.0,0.0,0.0,0.0,0.0,0.04285714285713981,0.021428571428569906
2024-06-25,42.5,28.5,35.6,0.0,13.8,34,6,177,3,35.6,35.3,33.7,36.9,34.866666666666646,34.75714285714286,35.42857142857143,0.0,0.0,0.0,0.0,0.0,0.04285714285713981,0.021428571428569906
2024-06-26,43.4,29.0,37.1,0.1,18.7,33,6,178,3,35.6,35.6,35.3,36.0,35.499999999999986,34.57142857142858,35.47857142857143,0.0,0.0,0.0,0.0,0.0,0.04285714285713981,0.021428571428569906
2024-06-27,38.3,27.1,33.6,0.1,26.3,55,6,179,3,37.1,35.6,35.6,33.6,36.09999999999999,34.72857142857143,35.550000000000004,0.1,0.0,0.0,0.3,0.03333333333333333,0.0571428571428541,0.02857142857142705
2024-06-28,39.2,29.5,34.3,0.0,14.3,52,6,180,3,33.6,37.1,35.6,32.2,35.433333333333316,34.72857142857143,35.42857142857143,0.1,0.1,0.0,0.0,0.06666666666666667,0.028571428571425528,0.03571428571428419
2024-06-29,39.8,27.2,33.9,0.6,19.5,55,6,181,3,34.3,33.6,37.1,33.7,34.999999999999986,35.02857142857143,35.35,0.0,0.1,0.1,0.0,0.06666666666666667,0.028571428571425528,0.03571428571428419
2024-06-30,39.3,27.3,33.9,6.6,11.7,58,6,182,3,33.9,34.3,33.6,35.3,33.933333333333316,35.05714285714286,35.19285714285714,0.6,0.0,0.1,0.0,0.2333333333333333,0.11428571428571124,0.07857142857142706
2024-07-01,40.2,26.8,33.5,3.4,15.8,62,7,183,3,33.9,33.9,34.3,35.6,34.03333333333332,34.857142857142854,34.95714285714286,6.6,0.6,0.0,0.0,2.4,1.057142857142854,0.5499999999999984
2024-07-02,40.8,28.3,34.6,0.9,16.2,60,7,184,3,33.5,33.9,33.9,35.6,33.76666666666665,34.55714285714286,34.65714285714286,3.4,6.6,0.6,0.0,3.533333333333333,1.5428571428571396,0.7928571428571413
2024-07-03,40.3,27.7,33.8,48.6,18.3,66,7,185,3,34.6,33.5,33.9,37.1,33.99999999999998,34.41428571428571,34.49285714285714,0.9,3.4,6.6,0.1,3.6333333333333333,1.6714285714285684,0.8571428571428557
2024-07-04,33.9,25.3,29.7,18.8,25.5,76,7,186,3,33.8,34.6,33.5,33.6,33.96666666666665,33.94285714285714,34.33571428571428,48.6,0.9,3.4,0.1,17.633333333333336,8.599999999999998,4.328571428571427
2024-07-05,36.3,26.8,30.2,8.2,20.9,73,7,187,3,29.7,33.8,34.6,34.3,32.69999999999998,33.385714285714286,34.05714285714286,18.8,48.6,0.9,0.0,22.766666666666666,11.271428571428569,5.649999999999999
2024-07-06,33.3,24.2,28.3,15.7,25.0,78,7,188,3,30.2,29.7,33.8,33.9,31.233333333333317,32.8,33.91428571428572,8.2,18.8,48.6,0.6,25.2,12.44285714285714,6.235714285714285
2024-07-07,33.6,24.0,28.8,6.2,19.4,77,7,189,3,28.3,30.2,29.7,33.9,29.39999999999998,31.999999999999996,33.528571428571425,15.7,8.2,18.8,6.6,14.233333333333334,14.599999999999998,7.357142857142856
2024-07-08,35.2,26.4,30.7,0.0,11.7,73,7,190,3,28.8,28.3,30.2,33.5,29.099999999999984,31.271428571428572,33.06428571428571,6.2,15.7,8.2,3.4,10.033333333333333,14.542857142857141,7.799999999999999
2024-07-09,35.8,24.9,30.7,0.1,20.2,71,7,191,3,30.7,28.8,28.3,34.6,29.26666666666665,30.87142857142857,32.71428571428571,0.0,6.2,15.7,0.9,7.3,14.057142857142855,7.799999999999999
2024-07-10,35.7,25.6,31.2,5.8,13.4,75,7,192,3,30.7,30.7,28.8,33.8,30.066666666666652,30.314285714285717,32.364285714285714,0.1,0.0,6.2,48.6,2.1,13.94285714285714,7.807142857142856
2024-07-11,35.1,28.1,31.3,0.1,13.5,75,7,193,3,31.2,30.7,30.7,29.7,30.86666666666665,29.942857142857143,31.942857142857143,5.8,0.1,0.0,18.8,1.9666666666666666,7.828571428571425,8.214285714285712
2024-07-12,35.0,26.6,30.0,0.7,16.2,72,7,194,3,31.3,31.2,30.7,30.2,31.06666666666665,30.171428571428574,31.778571428571432,0.1,5.8,0.1,8.2,1.9999999999999998,5.157142857142853,8.214285714285714
2024-07-13,34.6,25.3,29.8,0.0,7.7,73,7,195,3,30.0,31.3,31.2,28.3,30.833333333333314,30.142857142857142,31.47142857142857,0.7,0.1,5.8,15.7,2.1999999999999997,4.085714285714283,8.264285714285712
2024-07-14,33.6,26.5,30.0,1.1,13.8,73,7,196,3,29.8,30.0,31.3,28.8,30.36666666666665,30.357142857142858,31.178571428571427,0.0,0.7,0.1,6.2,0.26666666666666666,1.8428571428571399,8.22142857142857
2024-07-15,36.9,28.0,32.3,0.0,7.3,64,7,197,3,30.0,29.8,30.0,30.7,29.93333333333332,30.52857142857143,30.9,1.1,0.0,0.7,0.0,0.6,1.114285714285711,7.828571428571427
2024-07-16,37.6,28.3,32.8,0.0,9.8,62,7,198,3,32.3,30.0,29.8,30.7,30.699999999999985,30.75714285714286,30.814285714285713,0.0,1.1,0.0,0.1,0.3666666666666667,1.114285714285711,7.5857142857142845
2024-07-17,36.8,29.3,33.0,0.1,13.9,67,7,199,3,32.8,32.3,30.0,31.2,31.699999999999985,31.057142857142853,30.685714285714283,0.0,0.0,1.1,5.8,0.3666666666666667,1.0999999999999968,7.5214285714285705
2024-07-18,35.2,25.2,30.2,19.9,18.8,74,7,200,3,33.0,32.8,32.3,31.3,32.69999999999998,31.314285714285713,30.62857142857143,0.1,0.0,0.0,0.1,0.03333333333333333,0.28571428571428265,4.057142857142855
2024-07-19,37.2,27.9,32.4,0.0,7.6,68,7,201,3,30.2,33.0,32.8,30.0,31.999999999999986,31.157142857142855,30.664285714285715,19.9,0.1,0.0,0.7,6.666666666666667,3.1142857142857108,4.1357142857142835
2024-07-20,37.3,27.3,33.0,0.6,17.6,66,7,202,3,32.4,30.2,33.0,29.8,31.86666666666665,31.5,30.821428571428573,0.0,19.9,0.1,0.0,6.666666666666667,3.014285714285711,3.549999999999998
2024-07-21,37.3,26.1,32.0,12.7,21.7,71,7,203,3,33.0,32.4,30.2,30.0,31.86666666666665,31.957142857142856,31.157142857142862,0.6,0.0,19.9,1.1,6.833333333333333,3.099999999999997,2.4714285714285693
2024-07-22,36.1,26.9,31.9,4.1,17.7,73,7,204,3,32.0,33.0,32.4,32.3,32.46666666666665,32.24285714285714,31.385714285714283,12.7,0.6,0.0,0.0,4.433333333333333,4.757142857142854,2.9357142857142837
2024-07-23,35.5,25.4,30.4,11.3,30.4,75,7,205,3,31.9,32.0,33.0,32.8,32.29999999999998,32.18571428571428,31.47142857142857,4.1,12.7,0.6,0.0,5.8,5.34285714285714,3.228571428571427
2024-07-24,36.2,27.6,31.8,0.0,11.7,72,7,206,3,30.4,31.9,32.0,33.0,31.43333333333332,31.842857142857145,31.449999999999996,11.3,4.1,12.7,0.1,9.366666666666665,6.957142857142854,4.028571428571427
2024-07-25,36.9,25.8,31.6,6.3,17.7,72,7,207,3,31.8,30.4,31.9,30.2,31.36666666666665,31.67142857142857,31.49285714285714,0.0,11.3,4.1,19.9,5.133333333333334,6.942857142857139,3.614285714285713
2024-07-26,36.4,25.6,31.2,0.0,18.9,71,7,208,3,31.6,31.8,30.4,32.4,31.26666666666665,31.87142857142857,31.514285714285712,6.3,0.0,11.3,0.0,5.866666666666667,4.999999999999997,4.057142857142855
2024-07-27,36.9,27.7,31.8,0.3,19.2,75,7,209,3,31.2,31.6,31.8,33.0,31.53333333333332,31.699999999999996,31.599999999999998,0.0,6.3,0.0,0.6,2.1,4.999999999999997,4.007142857142855
2024-07-28,34.8,27.3,30.7,16.2,12.4,80,7,210,3,31.8,31.2,31.6,32.0,31.53333333333332,31.52857142857143,31.742857142857144,0.3,0.0,6.3,12.7,2.1999999999999997,4.957142857142854,4.028571428571427
2024-07-29,32.1,27.1,29.4,7.1,17.6,84,7,211,3,30.7,31.8,31.2,31.9,31.23333333333332,31.342857142857138,31.792857142857144,16.2,0.3,0.0,4.1,5.5,5.457142857142855,5.107142857142855
2024-07-30,35.7,27.7,31.5,4.0,10.9,78,7,212,3,29.4,30.7,31.8,30.4,30.633333333333315,30.985714285714288,31.585714285714285,7.1,16.2,0.3,11.3,7.866666666666667,5.8857142857142835,5.614285714285713
2024-07-31,37.0,26.9,32.2,20.3,9.1,79,7,213,3,31.5,29.4,30.7,31.8,30.53333333333332,31.142857142857142,31.49285714285714,4.0,7.1,16.2,0.0,9.1,4.84285714285714,5.899999999999999
2024-08-01,30.7,25.8,26.5,45.9,21.5,94,8,214,3,32.2,31.5,29.4,31.6,31.03333333333332,31.199999999999996,31.435714285714287,20.3,4.0,7.1,6.3,10.466666666666667,7.74285714285714,7.342857142857141
2024-08-02,33.9,25.2,29.7,0.1,9.4,81,8,215,3,26.5,32.2,31.5,31.2,30.066666666666652,30.47142857142857,31.17142857142857,45.9,20.3,4.0,0.0,23.400000000000002,13.399999999999997,9.2
2024-08-03,32.4,25.9,29.3,10.5,15.7,82,8,216,3,29.7,26.5,32.2,31.8,29.466666666666654,30.25714285714286,30.97857142857143,0.1,45.9,20.3,0.3,22.099999999999998,13.414285714285711,9.207142857142856
2024-08-04,30.7,25.8,27.9,33.0,12.4,88,8,217,3,29.3,29.7,26.5,30.7,28.499999999999986,29.900000000000002,30.714285714285715,10.5,0.1,45.9,16.2,18.833333333333332,14.871428571428568,9.914285714285713
2024-08-05,33.1,26.7,29.2,1.1,8.6,86,8,218,3,27.9,29.3,29.7,29.4,28.96666666666665,29.5,30.421428571428574,33.0,10.5,0.1,7.1,14.533333333333333,17.27142857142857,11.364285714285712
2024-08-06,33.7,25.4,29.8,11.5,12.2,81,8,219,3,29.2,27.9,29.3,31.5,28.799999999999983,29.47142857142857,30.228571428571428,1.1,33.0,10.5,4.0,14.866666666666667,16.41428571428571,11.15
2024-08-07,32.8,25.8,28.8,2.9,16.8,84,8,220,3,29.8,29.2,27.9,32.2,28.96666666666665,29.228571428571428,30.185714285714287,11.5,1.1,33.0,20.3,15.200000000000001,17.485714285714284,11.164285714285713
2024-08-08,32.2,24.5,28.3,6.3,14.1,84,8,221,3,28.8,29.8,29.2,26.5,29.26666666666665,28.74285714285714,29.97142857142857,2.9,11.5,1.1,45.9,5.166666666666667,14.999999999999996,11.371428571428568
2024-08-09,32.5,25.7,28.6,2.3,13.1,85,8,222,3,28.3,28.8,29.8,29.7,28.96666666666665,29.0,29.735714285714284,6.3,2.9,11.5,0.1,6.8999999999999995,9.34285714285714,11.37142857142857
2024-08-10,33.1,25.3,28.3,13.2,17.1,86,8,223,3,28.6,28.3,28.8,29.3,28.566666666666652,28.842857142857145,29.55,2.3,6.3,2.9,10.5,3.8333333333333335,9.657142857142855,11.535714285714286
2024-08-11,28.9,24.7,26.5,19.9,18.2,90,8,224,3,28.3,28.6,28.3,27.9,28.399999999999988,28.7,29.3,13.2,2.3,6.3,33.0,7.266666666666666,10.042857142857141,12.457142857142856
2024-08-12,31.9,24.7,27.9,0.1,12.1,82,8,225,3,26.5,28.3,28.6,29.2,27.799999999999986,28.5,29.0,19.9,13.2,2.3,1.1,11.799999999999999,8.171428571428567,12.721428571428572
2024-08-13,33.9,25.6,29.8,0.3,6.8,80,8,226,3,27.9,26.5,28.3,29.8,27.566666666666652,28.314285714285713,28.892857142857142,0.1,19.9,13.2,11.5,11.066666666666668,8.028571428571425,12.22142857142857
2024-08-14,33.6,26.9,30.2,0.6,9.7,79,8,227,3,29.8,27.9,26.5,28.8,28.066666666666652,28.314285714285717,28.771428571428572,0.3,0.1,19.9,2.9,6.766666666666666,6.428571428571424,11.957142857142856
2024-08-15,30.3,26.2,28.3,8.2,18.0,88,8,228,3,30.2,29.8,27.9,28.3,29.299999999999986,28.514285714285712,28.62857142857143,0.6,0.3,0.1,6.3,0.3333333333333333,6.099999999999996,10.549999999999999
2024-08-16,33.1,25.5,28.8,20.6,13.8,85,8,229,3,28.3,30.2,29.8,28.6,29.43333333333332,28.514285714285716,28.757142857142856,8.2,0.6,0.3,2.3,3.033333333333333,6.371428571428568,7.857142857142855
2024-08-17,30.8,25.4,26.9,42.7,15.5,92,8,230,3,28.8,28.3,30.2,28.3,29.099999999999984,28.54285714285714,28.692857142857143,20.6,8.2,0.6,13.2,9.799999999999999,8.985714285714282,9.32142857142857
2024-08-18,33.3,25.4,28.4,3.4,11.7,87,8,231,3,26.9,28.8,28.3,26.5,27.999999999999986,28.342857142857145,28.52142857142857,42.7,20.6,8.2,19.9,23.833333333333332,13.199999999999998,11.62142857142857
2024-08-19,32.1,25.0,28.2,18.1,13.6,88,8,232,3,28.4,26.9,28.8,27.9,28.033333333333317,28.614285714285717,28.557142857142857,3.4,42.7,20.6,0.1,22.233333333333334,10.84285714285714,9.507142857142856
2024-08-20,31.9,23.7,27.9,4.8,14.2,86,8,233,3,28.2,28.4,26.9,29.8,27.833333333333318,28.657142857142855,28.485714285714288,18.1,3.4,42.7,0.3,21.399999999999995,13.414285714285711,10.721428571428572
2024-08-21,33.2,24.5,28.5,1.1,12.9,81,8,234,3,27.9,28.2,28.4,30.2,28.166666666666647,28.385714285714283,28.349999999999998,4.8,18.1,3.4,0.6,8.766666666666664,14.057142857142855,10.242857142857144
2024-08-22,33.5,25.2,29.1,0.1,7.3,80,8,235,3,28.5,27.9,28.2,28.3,28.19999999999999,28.142857142857142,28.328571428571426,1.1,4.8,18.1,8.2,7.999999999999997,14.128571428571425,10.114285714285714
2024-08-23,33.8,25.8,29.7,0.1,9.0,78,8,236,3,29.1,28.5,27.9,28.8,28.499999999999986,28.257142857142856,28.385714285714283,0.1,1.1,4.8,20.6,1.9999999999999976,12.97142857142857,9.671428571428569
2024-08-24,33.7,24.4,29.1,1.1,17.7,79,8,237,3,29.7,29.1,28.5,26.9,29.099999999999984,28.38571428571429,28.464285714285715,0.1,0.1,1.1,42.7,0.43333333333333096,10.042857142857141,9.514285714285714
2024-08-25,32.7,25.6,29.3,2.0,8.6,81,8,238,3,29.1,29.7,29.1,28.4,29.299999999999986,28.7,28.521428571428572,1.1,0.1,0.1,3.4,0.43333333333333096,4.099999999999997,8.649999999999999
2024-08-26,33.4,26.2,29.4,4.2,10.9,82,8,239,3,29.3,29.1,29.7,28.2,29.366666666666656,28.82857142857143,28.72142857142857,2.0,1.1,0.1,18.1,1.0666666666666644,3.8999999999999972,7.371428571428571
2024-08-27,31.3,25.5,27.9,0.1,17.9,83,8,240,3,29.4,29.3,29.1,27.9,29.26666666666665,29.0,28.82857142857143,4.2,2.0,1.1,4.8,2.4333333333333313,1.9142857142857113,7.664285714285714
2024-08-28,30.1,24.7,27.0,8.4,11.9,87,8,241,3,27.9,29.4,29.3,28.5,28.866666666666656,29.0,28.692857142857143,0.1,4.2,2.0,1.1,2.0999999999999974,1.24285714285714,7.649999999999999
2024-08-29,28.7,24.5,25.6,24.5,20.2,91,8,242,3,27.0,27.9,29.4,29.1,28.099999999999984,28.785714285714285,28.464285714285715,8.4,0.1,4.2,0.1,4.233333333333331,2.2857142857142825,8.207142857142857
2024-08-30,31.0,24.8,27.1,1.1,15.6,83,8,243,3,25.6,27.0,27.9,29.7,26.833333333333318,28.285714285714285,28.271428571428572,24.5,8.4,0.1,0.1,10.999999999999998,5.771428571428568,9.37142857142857
2024-08-31,32.8,24.2,28.2,0.0,12.1,81,8,244,3,27.1,25.6,27.0,29.1,26.566666666666652,27.91428571428571,28.150000000000002,1.1,24.5,8.4,1.1,11.33333333333333,5.914285714285711,7.978571428571428
2024-09-01,33.5,25.4,29.4,0.0,7.2,80,9,245,4,28.2,27.1,25.6,29.3,26.966666666666654,27.785714285714285,28.242857142857144,0.0,1.1,24.5,2.0,8.533333333333331,5.757142857142854,4.928571428571428
2024-09-02,31.6,25.4,27.7,8.3,14.8,87,9,246,4,29.4,28.2,27.1,29.4,28.23333333333332,27.8,28.314285714285713,0.0,0.0,1.1,4.2,0.3666666666666643,5.471428571428568,4.685714285714284
2024-09-03,30.3,23.3,26.4,32.7,14.6,89,9,247,4,27.7,29.4,28.2,27.9,28.43333333333332,27.557142857142857,28.27857142857143,8.3,0.0,0.0,0.1,2.7666666666666644,6.057142857142854,3.9857142857142844
2024-09-04,30.9,24.6,27.4,1.5,10.2,87,9,248,4,26.4,27.7,29.4,27.0,27.833333333333314,27.342857142857145,28.171428571428574,32.7,8.3,0.0,8.4,13.666666666666666,10.71428571428571,5.978571428571428
2024-09-05,31.3,22.7,27.0,3.9,7.6,85,9,249,4,27.4,26.4,27.7,25.6,27.166666666666654,27.400000000000002,28.092857142857145,1.5,32.7,8.3,24.5,14.166666666666666,9.728571428571424,6.007142857142855
2024-09-06,31.4,22.9,27.3,10.0,22.6,85,9,250,4,27.0,27.4,26.4,27.1,26.93333333333332,27.599999999999998,27.942857142857143,3.9,1.5,32.7,1.1,12.700000000000001,6.785714285714283,6.278571428571428
2024-09-07,31.1,22.9,26.8,6.1,16.9,85,9,251,4,27.3,27.0,27.4,28.2,27.23333333333332,27.628571428571426,27.771428571428572,10.0,3.9,1.5,0.0,5.133333333333334,8.057142857142853,6.985714285714286
2024-09-08,32.3,23.8,28.1,0.0,10.2,82,9,252,4,26.8,27.3,27.0,29.4,27.03333333333332,27.428571428571427,27.607142857142858,6.1,10.0,3.9,0.0,6.666666666666667,8.928571428571425,7.342857142857142
2024-09-09,33.8,24.9,29.4,0.0,7.3,77,9,253,4,28.1,26.8,27.3,27.7,27.399999999999988,27.24285714285714,27.521428571428572,0.0,6.1,10.0,8.3,5.366666666666667,8.928571428571425,7.199999999999998
2024-09-10,32.3,24.6,28.2,6.1,17.4,83,9,254,4,29.4,28.1,26.8,26.4,28.099999999999984,27.485714285714288,27.521428571428572,0.0,0.0,6.1,32.7,2.033333333333333,7.74285714285714,6.899999999999999
2024-09-11,32.6,24.2,28.6,0.1,15.0,82,9,255,4,28.2,29.4,28.1,27.4,28.566666666666652,27.74285714285714,27.542857142857144,6.1,0.0,0.0,1.5,2.033333333333333,3.94285714285714,7.328571428571427
2024-09-12,35.1,24.8,29.7,0.0,13.4,74,9,256,4,28.6,28.2,29.4,27.0,28.73333333333332,27.914285714285715,27.657142857142855,0.1,6.1,0.0,3.9,2.0666666666666664,3.7428571428571398,6.735714285714285
2024-09-13,33.4,24.1,28.7,0.1,12.1,79,9,257,4,29.7,28.6,28.2,27.3,28.833333333333318,28.3,27.95,0.0,0.1,6.1,10.0,2.0666666666666664,3.185714285714283,4.985714285714285
2024-09-14,32.1,23.6,27.7,0.3,20.3,77,9,258,4,28.7,29.7,28.6,26.8,28.999999999999986,28.5,28.064285714285717,0.1,0.0,0.1,6.1,0.06666666666666667,1.7714285714285682,4.914285714285713
2024-09-15,33.6,24.3,29.2,0.0,7.6,69,9,259,4,27.7,28.7,29.7,28.1,28.69999999999999,28.628571428571426,28.02857142857143,0.3,0.1,0.0,0.0,0.13333333333333333,0.9428571428571397,4.935714285714284
2024-09-16,34.2,22.1,28.2,0.0,9.2,70,9,260,4,29.2,27.7,28.7,29.4,28.533333333333317,28.785714285714285,28.014285714285712,0.0,0.3,0.1,0.0,0.13333333333333333,0.9428571428571397,4.935714285714284
2024-09-17,34.5,23.0,28.3,0.0,10.8,71,9,261,4,28.2,29.2,27.7,28.2,28.36666666666665,28.61428571428571,28.05,0.0,0.0,0.3,6.1,0.09999999999999998,0.9428571428571397,4.3428571428571425
2024-09-18,34.3,23.8,28.5,0.0,7.0,71,9,262,4,28.3,28.2,29.2,28.6,28.566666666666652,28.62857142857143,28.185714285714283,0.0,0.0,0.0,0.1,0.0,0.07142857142856839,2.0071428571428562
2024-09-19,34.0,24.3,28.2,0.0,16.2,69,9,263,4,28.5,28.3,28.2,29.7,28.333333333333318,28.614285714285717,28.264285714285712,0.0,0.0,0.0,0.0,0.0,0.0571428571428541,1.899999999999999
2024-09-20,33.7,23.5,28.3,0.0,6.6,68,9,264,4,28.2,28.5,28.3,28.7,28.333333333333318,28.4,28.349999999999998,0.0,0.0,0.0,0.1,0.0,0.0571428571428541,1.6214285714285706
2024-09-21,34.2,24.2,29.0,0.0,8.1,72,9,265,4,28.3,28.2,28.5,27.7,28.333333333333318,28.342857142857145,28.42142857142857,0.0,0.0,0.0,0.3,0.0,0.04285714285713981,0.907142857142856
2024-09-22,35.2,25.8,30.2,0.0,8.0,69,9,266,4,29.0,28.3,28.2,29.2,28.499999999999986,28.52857142857143,28.578571428571426,0.0,0.0,0.0,0.0,0.0,0.0,0.47142857142857036
2024-09-23,36.2,26.0,30.8,0.0,10.0,67,9,267,4,30.2,29.0,28.3,28.2,29.166666666666654,28.67142857142857,28.728571428571428,0.0,0.0,0.0,0.0,0.0,0.0,0.47142857142857036
2024-09-24,36.2,26.1,30.9,0.0,8.1,66,9,268,4,30.8,30.2,29.0,28.3,29.999999999999986,29.042857142857144,28.828571428571426,0.0,0.0,0.0,0.0,0.0,0.0,0.47142857142857036
2024-09-25,34.6,26.6,30.4,0.0,8.7,69,9,269,4,30.9,30.8,30.2,28.5,30.633333333333322,29.414285714285715,29.021428571428572,0.0,0.0,0.0,0.0,0.0,0.0,0.0357142857142847
2024-09-26,31.5,25.0,28.0,5.1,19.1,79,9,270,4,30.4,30.9,30.8,28.2,30.699999999999985,29.685714285714283,29.150000000000002,0.0,0.0,0.0,0.0,0.0,0.0,0.028571428571427557
2024-09-27,32.8,23.2,27.9,3.8,12.6,78,9,271,4,28.0,30.4,30.9,28.3,29.76666666666665,29.657142857142855,29.02857142857143,5.1,0.0,0.0,0.0,1.7,0.7285714285714254,0.39285714285714185
2024-09-28,32.5,21.6,26.6,12.7,14.9,79,9,272,4,27.9,28.0,30.4,29.0,28.76666666666665,29.599999999999998,28.971428571428568,3.8,5.1,0.0,0.0,2.9666666666666663,1.2714285714285682,0.657142857142856
2024-09-29,32.2,23.0,27.0,0.0,10.5,77,9,273,4,26.6,27.9,28.0,30.2,27.499999999999986,29.257142857142856,28.892857142857142,12.7,3.8,5.1,0.0,7.199999999999999,3.0857142857142823,1.5428571428571416
2024-09-30,33.4,23.3,27.8,0.0,14.7,79,9,274,4,27.0,26.6,27.9,30.8,27.166666666666654,28.8,28.735714285714288,0.0,12.7,3.8,0.0,5.5,3.0857142857142823,1.5428571428571416
2024-10-01,34.1,23.3,28.6,0.0,8.8,77,10,275,4,27.8,27.0,26.6,30.9,27.133333333333315,28.37142857142857,28.70714285714286,0.0,0.0,12.7,0.0,4.233333333333333,3.0857142857142823,1.5428571428571416
2024-10-02,34.8,23.9,28.7,0.0,9.0,73,10,276,4,28.6,27.8,27.0,30.4,27.799999999999986,28.04285714285714,28.728571428571428,0.0,0.0,0.0,0.0,0.0,3.0857142857142823,1.5428571428571416
2024-10-03,34.7,22.5,28.3,0.0,8.4,73,10,277,4,28.7,28.6,27.8,28.0,28.366666666666656,27.800000000000004,28.742857142857144,0.0,0.0,0.0,5.1,0.0,3.0857142857142823,1.5428571428571416
2024-10-04,34.3,23.9,28.3,0.0,10.6,72,10,278,4,28.3,28.7,28.6,27.9,28.53333333333332,27.842857142857145,28.75,0.0,0.0,0.0,3.8,0.0,2.357142857142854,1.5428571428571416
2024-10-05,34.4,22.7,27.4,0.1,11.5,68,10,279,4,28.3,28.3,28.7,26.6,28.43333333333332,27.900000000000002,28.75,0.0,0.0,0.0,12.7,0.0,1.8142857142857112,1.5428571428571416
2024-10-06,32.4,21.5,26.1,0.0,14.2,70,10,280,4,27.4,28.3,28.3,27.0,27.999999999999986,28.014285714285716,28.63571428571429,0.1,0.0,0.0,0.0,0.03333333333333333,0.01428571428571124,1.549999999999999
2024-10-07,32.6,20.1,26.2,0.0,7.7,68,10,281,4,26.1,27.4,28.3,27.8,27.26666666666665,27.88571428571429,28.342857142857145,0.0,0.1,0.0,0.0,0.03333333333333333,0.01428571428571124,1.549999999999999
2024-10-08,29.8,21.7,24.5,10.6,28.2,80,10,282,4,26.2,26.1,27.4,28.6,26.566666666666652,27.657142857142855,28.014285714285712,0.0,0.0,0.1,0.0,0.03333333333333333,0.01428571428571124,1.549999999999999
2024-10-09,32.1,20.8,25.6,0.0,14.4,57,10,283,4,24.5,26.2,26.1,28.7,25.599999999999984,27.071428571428573,27.557142857142853,10.6,0.0,0.0,0.0,3.533333333333333,1.5285714285714254,2.307142857142856
2024-10-10,32.1,19.8,25.1,0.0,13.8,56,10,284,4,25.6,24.5,26.2,28.3,25.43333333333332,26.628571428571426,27.214285714285715,0.0,10.6,0.0,0.0,3.533333333333333,1.5285714285714254,2.307142857142856
2024-10-11,32.1,18.7,25.1,0.0,12.7,59,10,285,4,25.1,25.6,24.5,28.3,25.066666666666652,26.171428571428574,27.00714285714286,0.0,0.0,10.6,0.0,3.533333333333333,1.5285714285714254,1.9428571428571415
2024-10-12,32.9,20.8,25.7,0.0,8.1,60,10,286,4,25.1,25.1,25.6,27.4,25.26666666666665,25.714285714285715,26.807142857142857,0.0,0.0,0.0,0.1,0.0,1.5285714285714254,1.6714285714285704
2024-10-13,33.1,19.3,25.4,0.0,10.5,60,10,287,4,25.7,25.1,25.1,26.1,25.299999999999986,25.471428571428568,26.74285714285714,0.0,0.0,0.0,0.0,0.0,1.5142857142857111,0.7642857142857132
2024-10-14,33.1,19.1,25.6,0.0,13.6,56,10,288,4,25.4,25.7,25.1,26.2,25.399999999999988,25.37142857142857,26.62857142857143,0.0,0.0,0.0,0.0,0.0,1.5142857142857111,0.7642857142857132
2024-10-15,32.8,18.7,25.5,0.0,11.6,55,10,289,4,25.6,25.4,25.7,24.5,25.566666666666652,25.285714285714285,26.471428571428568,0.0,0.0,0.0,10.6,0.0,1.5142857142857111,0.7642857142857132
2024-10-16,33.1,18.8,25.6,0.0,9.1,58,10,290,4,25.5,25.6,25.4,25.6,25.499999999999986,25.428571428571427,26.25,0.0,0.0,0.0,0.0,0.0,0.0,0.7642857142857132
2024-10-17,33.2,20.1,26.1,0.0,11.0,60,10,291,4,25.6,25.5,25.6,25.1,25.566666666666652,25.428571428571427,26.02857142857143,0.0,0.0,0.0,0.0,0.0,0.0,0.7642857142857132
2024-10-18,33.3,20.4,26.2,0.0,8.9,62,10,292,4,26.1,25.6,25.5,25.1,25.73333333333332,25.571428571428573,25.871428571428574,0.0,0.0,0.0,0.0,0.0,0.0,0.7642857142857132
2024-10-19,32.2,19.9,25.7,0.0,7.1,69,10,293,4,26.2,26.1,25.6,25.7,25.96666666666665,25.728571428571428,25.72142857142857,0.0,0.0,0.0,0.0,0.0,0.0,0.7642857142857132
2024-10-20,32.0,20.1,25.9,0.0,8.3,67,10,294,4,25.7,26.2,26.1,25.4,25.999999999999986,25.72857142857143,25.599999999999998,0.0,0.0,0.0,0.0,0.0,0.0,0.7571428571428561
2024-10-21,32.2,19.8,25.8,0.0,10.2,66,10,295,4,25.9,25.7,26.2,25.6,25.93333333333332,25.8,25.585714285714285,0.0,0.0,0.0,0.0,0.0,0.0,0.7571428571428561
2024-10-22,32.0,19.7,25.9,0.0,9.5,63,10,296,4,25.8,25.9,25.7,25.5,25.799999999999983,25.82857142857143,25.557142857142857,0.0,0.0,0.0,0.0,0.0,0.0,0.7571428571428561
2024-10-23,31.5,20.0,24.9,0.0,22.8,65,10,297,4,25.9,25.8,25.9,25.6,25.86666666666665,25.88571428571429,25.657142857142862,0.0,0.0,0.0,0.0,0.0,0.0,0.0
2024-10-24,32.0,19.8,25.3,0.0,13.4,60,10,298,4,24.9,25.9,25.8,26.1,25.53333333333332,25.785714285714285,25.607142857142858,0.0,0.0,0.0,0.0,0.0,0.0,0.0
2024-10-25,32.1,18.2,24.5,0.0,14.3,57,10,299,4,25.3,24.9,25.9,26.2,25.36666666666665,25.67142857142857,25.62142857142857,0.0,0.0,0.0,0.0,0.0,0.0,0.0
2024-10-26,32.0,17.5,23.9,0.0,9.9,59,10,300,4,24.5,25.3,24.9,25.7,24.899999999999988,25.428571428571427,25.57857142857143,0.0,0.0,0.0,0.0,0.0,0.0,0.0
2024-10-27,31.9,17.9,24.2,0.0,8.9,69,10,301,4,23.9,24.5,25.3,25.9,24.566666666666652,25.17142857142857,25.45,0.0,0.0,0.0,0.0,0.0,0.0,0.0
2024-10-28,31.6,19.5,25.0,0.0,9.0,69,10,302,4,24.2,23.9,24.5,25.8,24.19999999999999,24.928571428571427,25.36428571428571,0.0,0.0,0.0,0.0,0.0,0.0,0.0
2024-10-29,31.9,20.7,25.7,0.0,10.4,66,10,303,4,25.0,24.2,23.9,25.9,24.366666666666656,24.814285714285713,25.321428571428573,0.0,0.0,0.0,0.0,0.0,0.0,0.0
2024-10-30,31.7,21.7,25.5,0.0,14.1,56,10,304,4,25.7,25.0,24.2,24.9,24.96666666666665,24.785714285714285,25.33571428571429,0.0,0.0,0.0,0.0,0.0,0.0,0.0
2024-10-31,31.5,19.9,24.5,0.0,14.2,57,10,305,4,25.5,25.7,25.0,25.3,25.399999999999988,24.871428571428574,25.32857142857143,0.0,0.0,0.0,0.0,0.0,0.0,0.0
2024-11-01,30.7,16.3,22.8,0.0,9.2,59,11,306,4,24.5,25.5,25.7,24.5,25.23333333333332,24.75714285714286,25.214285714285715,0.0,0.0,0.0,0.0,0.0,0.0,0.0
2024-11-02,30.4,15.7,22.6,0.0,7.9,70,11,307,4,22.8,24.5,25.5,23.9,24.26666666666665,24.514285714285712,24.971428571428568,0.0,0.0,0.0,0.0,0.0,0.0,0.0
2024-11-03,30.4,17.3,23.3,0.0,8.6,68,11,308,4,22.6,22.8,24.5,24.2,23.299999999999983,24.32857142857143,24.75,0.0,0.0,0.0,0.0,0.0,0.0,0.0
2024-11-04,30.1,16.9,23.0,0.0,9.2,69,11,309,4,23.3,22.6,22.8,25.0,22.899999999999988,24.2,24.564285714285717,0.0,0.0,0.0,0.0,0.0,0.0,0.0
2024-11-05,29.5,17.2,22.5,0.0,9.5,69,11,310,4,23.0,23.3,22.6,25.7,22.966666666666654,23.914285714285715,24.364285714285717,0.0,0.0,0.0,0.0,0.0,0.0,0.0
2024-11-06,29.6,17.1,23.2,0.0,7.1,70,11,311,4,22.5,23.0,23.3,25.5,22.93333333333332,23.457142857142856,24.12142857142857,0.0,0.0,0.0,0.0,0.0,0.0,0.0
2024-11-07,29.4,17.9,23.1,0.0,8.6,75,11,312,4,23.2,22.5,23.0,24.5,22.899999999999988,23.128571428571426,24.0,0.0,0.0,0.0,0.0,0.0,0.0,0.0
2024-11-08,29.6,18.4,23.5,0.0,6.2,75,11,313,4,23.1,23.2,22.5,22.8,22.93333333333332,22.928571428571427,23.842857142857145,0.0,0.0,0.0,0.0,0.0,0.0,0.0
2024-11-09,28.9,17.9,23.2,0.0,7.5,75,11,314,4,23.5,23.1,23.2,22.6,23.26666666666665,23.028571428571432,23.771428571428572,0.0,0.0,0.0,0.0,0.0,0.0,0.0
2024-11-10,28.8,18.0,22.5,0.2,20.8,78,11,315,4,23.2,23.5,23.1,23.3,23.26666666666665,23.114285714285717,23.72142857142857,0.0,0.0,0.0,0.0,0.0,0.0,0.0
2024-11-11,27.8,17.1,20.7,2.5,18.7,83,11,316,4,22.5,23.2,23.5,23.0,23.066666666666652,23.0,23.6,0.2,0.0,0.0,0.0,0.06666666666666667,0.028571428571425528,0.014285714285713272
2024-11-12,27.7,16.7,21.2,0.0,8.1,79,11,317,4,20.7,22.5,23.2,22.5,22.133333333333315,22.67142857142857,23.292857142857144,2.5,0.2,0.0,0.0,0.9,0.3857142857142827,0.19285714285714187
2024-11-13,26.2,16.1,20.4,0.0,7.7,78,11,318,4,21.2,20.7,22.5,23.2,21.46666666666665,22.485714285714288,22.971428571428568,0.0,2.5,0.2,0.0,0.9,0.3857142857142827,0.19285714285714187
2024-11-14,26.6,15.8,20.2,0.0,7.6,79,11,319,4,20.4,21.2,20.7,23.1,20.76666666666665,22.085714285714285,22.607142857142858,0.0,0.0,2.5,0.0,0.8333333333333334,0.3857142857142827,0.19285714285714187
2024-11-15,26.2,15.5,19.7,1.9,26.1,82,11,320,4,20.2,20.4,21.2,23.5,20.599999999999984,21.67142857142857,22.3,0.0,0.0,0.0,0.0,0.0,0.3857142857142827,0.19285714285714187
2024-11-16,24.2,14.4,18.4,0.8,10.3,83,11,321,4,19.7,20.2,20.4,23.2,20.099999999999984,21.128571428571426,22.07857142857143,1.9,0.0,0.0,0.0,0.6333333333333333,0.657142857142854,0.3285714285714275
2024-11-17,24.4,13.8,17.7,0.0,8.6,79,11,322,4,18.4,19.7,20.2,22.5,19.43333333333332,20.442857142857143,21.77857142857143,0.8,1.9,0.0,0.2,0.9,0.7714285714285685,0.38571428571428473
2024-11-18,24.1,12.2,17.3,0.0,6.6,72,11,323,4,17.7,18.4,19.7,20.7,18.599999999999984,19.75714285714286,21.378571428571426,0.0,0.8,1.9,2.5,0.9,0.7428571428571399,0.38571428571428473
2024-11-19,23.5,11.2,16.9,0.0,4.7,74,11,324,4,17.3,17.7,18.4,21.2,17.799999999999983,19.271428571428572,20.971428571428568,0.0,0.0,0.8,0.0,0.26666666666666666,0.3857142857142827,0.38571428571428473
2024-11-20,23.3,10.4,16.4,0.0,5.6,78,11,325,4,16.9,17.3,17.7,20.4,17.299999999999986,18.657142857142855,20.571428571428573,0.0,0.0,0.0,0.0,0.0,0.3857142857142827,0.38571428571428473
2024-11-21,23.9,11.5,17.1,0.0,6.0,78,11,326,4,16.4,16.9,17.3,20.2,16.86666666666665,18.085714285714285,20.085714285714285,0.0,0.0,0.0,0.0,0.0,0.3857142857142827,0.38571428571428473
2024-11-22,24.7,12.8,17.9,0.0,9.3,76,11,327,4,17.1,16.4,16.9,19.7,16.799999999999986,17.642857142857142,19.657142857142855,0.0,0.0,0.0,1.9,0.0,0.3857142857142827,0.38571428571428473
2024-11-23,20.9,14.1,17.0,7.8,16.0,81,11,328,4,17.9,17.1,16.4,18.4,17.133333333333315,17.385714285714283,19.25714285714286,0.0,0.0,0.0,0.8,0.0,0.11428571428571124,0.38571428571428473
2024-11-24,24.5,13.5,18.2,0.1,13.0,68,11,329,4,17.0,17.9,17.1,17.7,17.333333333333318,17.185714285714287,18.814285714285713,7.8,0.0,0.0,0.0,2.6,1.1142857142857112,0.9428571428571418
2024-11-25,23.3,13.2,17.6,0.0,10.4,66,11,330,4,18.2,17.0,17.9,17.3,17.699999999999985,17.257142857142856,18.507142857142856,0.1,7.8,0.0,0.0,2.6333333333333333,1.1285714285714255,0.9357142857142848
2024-11-26,23.0,11.1,16.4,0.0,6.4,72,11,331,4,17.6,18.2,17.0,16.9,17.599999999999987,17.3,18.285714285714285,0.0,0.1,7.8,0.0,2.6333333333333333,1.1285714285714255,0.7571428571428562
2024-11-27,22.4,9.6,15.9,0.0,6.9,75,11,332,4,16.4,17.6,18.2,16.4,17.399999999999984,17.228571428571428,17.942857142857143,0.0,0.0,0.1,0.0,0.03333333333333333,1.1285714285714255,0.7571428571428562
2024-11-28,22.9,10.9,16.5,0.0,5.0,78,11,333,4,15.9,16.4,17.6,17.1,16.63333333333332,17.15714285714286,17.62142857142857,0.0,0.0,0.0,0.0,0.0,1.1285714285714255,0.7571428571428562
2024-11-29,23.3,11.0,16.8,0.0,10.1,76,11,334,4,16.5,15.9,16.4,17.9,16.26666666666665,17.071428571428573,17.357142857142858,0.0,0.0,0.0,0.0,0.0,1.1285714285714255,0.7571428571428562
2024-11-30,21.6,12.8,16.8,0.0,11.6,65,11,335,4,16.8,16.5,15.9,17.0,16.399999999999988,16.914285714285715,17.15,0.0,0.0,0.0,7.8,0.0,1.1285714285714255,0.6214285714285704
2024-12-01,22.5,10.7,16.3,0.0,9.4,72,12,336,1,16.8,16.8,16.5,18.2,16.699999999999985,16.885714285714286,17.035714285714285,0.0,0.0,0.0,0.1,0.0,0.01428571428571124,0.5642857142857133
2024-12-02,23.2,11.3,16.9,0.0,10.2,71,12,337,1,16.3,16.8,16.8,17.6,16.633333333333322,16.614285714285714,16.935714285714287,0.0,0.0,0.0,0.0,0.0,0.0,0.5642857142857133
2024-12-03,23.7,12.7,17.3,0.0,11.7,63,12,338,1,16.9,16.3,16.8,16.4,16.666666666666654,16.514285714285712,16.907142857142855,0.0,0.0,0.0,0.0,0.0,0.0,0.5642857142857133
2024-12-04,22.7,12.2,16.4,0.0,12.3,55,12,339,1,17.3,16.9,16.3,15.9,16.833333333333318,16.642857142857142,16.935714285714287,0.0,0.0,0.0,0.0,0.0,0.0,0.5642857142857133
2024-12-05,21.5,8.4,14.2,0.0,6.9,64,12,340,1,16.4,17.3,16.9,16.5,16.866666666666653,16.714285714285715,16.935714285714287,0.0,0.0,0.0,0.0,0.0,0.0,0.5642857142857133
2024-12-06,21.3,7.6,13.8,0.0,9.1,67,12,341,1,14.2,16.4,17.3,16.8,15.966666666666654,16.385714285714283,16.72857142857143,0.0,0.0,0.0,0.0,0.0,0.0,0.5642857142857133
2024-12-07,20.1,7.7,13.2,0.0,7.8,62,12,342,1,13.8,14.2,16.4,16.8,14.799999999999985,15.957142857142856,16.435714285714287,0.0,0.0,0.0,0.0,0.0,0.0,0.5642857142857133
2024-12-08,17.8,8.6,12.9,0.0,14.1,67,12,343,1,13.2,13.8,14.2,16.3,13.73333333333332,15.442857142857141,16.164285714285715,0.0,0.0,0.0,0.0,0.0,0.0,0.007142857142856128
2024-12-09,19.2,6.8,12.2,0.0,9.7,60,12,344,1,12.9,13.2,13.8,16.9,13.299999999999985,14.957142857142857,15.785714285714286,0.0,0.0,0.0,0.0,0.0,0.0,0.0
2024-12-10,19.0,5.7,11.6,0.0,10.0,50,12,345,1,12.2,12.9,13.2,17.3,12.766666666666652,14.285714285714286,15.4,0.0,0.0,0.0,0.0,0.0,0.0,0.0
2024-12-11,18.6,5.7,11.7,0.0,8.1,56,12,346,1,11.6,12.2,12.9,16.4,12.23333333333332,13.471428571428572,15.057142857142855,0.0,0.0,0.0,0.0,0.0,0.0,0.0
2024-12-12,18.2,5.9,11.5,0.0,8.8,65,12,347,1,11.7,11.6,12.2,14.2,11.83333333333332,12.8,14.757142857142856,0.0,0.0,0.0,0.0,0.0,0.0,0.0
2024-12-13,20.0,6.8,12.7,0.0,16.7,48,12,348,1,11.5,11.7,11.6,13.8,11.599999999999985,12.414285714285715,14.4,0.0,0.0,0.0,0.0,0.0,0.0,0.0
2024-12-14,19.2,6.9,12.0,0.0,12.3,57,12,349,1,12.7,11.5,11.7,13.2,11.966666666666653,12.257142857142854,14.107142857142858,0.0,0.0,0.0,0.0,0.0,0.0,0.0
2024-12-15,18.5,5.9,11.5,0.0,6.0,69,12,350,1,12.0,12.7,11.5,12.9,12.066666666666654,12.085714285714285,13.764285714285714,0.0,0.0,0.0,0.0,0.0,0.0,0.0
2024-12-16,18.2,4.1,10.8,0.0,5.4,73,12,351,1,11.5,12.0,12.7,12.2,12.066666666666654,11.885714285714284,13.421428571428573,0.0,0.0,0.0,0.0,0.0,0.0,0.0
2024-12-17,18.5,4.3,11.0,0.0,4.7,75,12,352,1,10.8,11.5,12.0,11.6,11.433333333333318,11.685714285714285,12.985714285714284,0.0,0.0,0.0,0.0,0.0,0.0,0.0
2024-12-18,18.1,4.8,10.8,0.0,5.9,71,12,353,1,11.0,10.8,11.5,11.7,11.099999999999985,11.6,12.535714285714286,0.0,0.0,0.0,0.0,0.0,0.0,0.0
2024-12-19,18.3,4.1,10.7,0.0,6.6,74,12,354,1,10.8,11.0,10.8,11.5,10.866666666666653,11.471428571428572,12.135714285714286,0.0,0.0,0.0,0.0,0.0,0.0,0.0
2024-12-20,18.6,5.4,11.2,0.0,7.1,76,12,355,1,10.7,10.8,11.0,12.7,10.83333333333332,11.357142857142858,11.885714285714284,0.0,0.0,0.0,0.0,0.0,0.0,0.0
2024-12-21,18.5,5.1,11.4,0.0,8.2,69,12,356,1,11.2,10.7,10.8,12.0,10.899999999999986,11.142857142857142,11.700000000000001,0.0,0.0,0.0,0.0,0.0,0.0,0.0
2024-12-22,18.4,6.9,11.8,0.0,5.9,71,12,357,1,11.4,11.2,10.7,11.5,11.099999999999985,11.057142857142859,11.571428571428571,0.0,0.0,0.0,0.0,0.0,0.0,0.0
2024-12-23,17.0,7.4,11.1,0.5,9.5,79,12,358,1,11.8,11.4,11.2,10.8,11.466666666666653,11.1,11.492857142857144,0.0,0.0,0.0,0.0,0.0,0.0,0.0
2024-12-24,18.7,7.0,11.9,0.0,9.0,75,12,359,1,11.1,11.8,11.4,11.0,11.433333333333318,11.142857142857142,11.414285714285713,0.5,0.0,0.0,0.0,0.16666666666666666,0.07142857142856839,0.0357142857142847
2024-12-25,20.1,6.7,12.4,0.0,10.0,71,12,360,1,11.9,11.1,11.8,10.8,11.599999999999987,11.27142857142857,11.435714285714285,0.0,0.5,0.0,0.0,0.16666666666666666,0.07142857142856839,0.0357142857142847
2024-12-26,20.0,6.7,12.7,0.0,8.7,66,12,361,1,12.4,11.9,11.1,10.7,11.799999999999985,11.5,11.485714285714286,0.0,0.0,0.5,0.0,0.16666666666666666,0.07142857142856839,0.0357142857142847
2024-12-27,18.0,6.2,11.6,0.8,10.9,80,12,362,1,12.7,12.4,11.9,11.2,12.33333333333332,11.785714285714286,11.571428571428571,0.0,0.0,0.0,0.0,0.0,0.07142857142856839,0.0357142857142847
2024-12-28,16.8,7.7,11.3,0.0,7.8,89,12,363,1,11.6,12.7,12.4,11.4,12.23333333333332,11.842857142857143,11.492857142857144,0.8,0.0,0.0,0.0,0.26666666666666666,0.18571428571428267,0.09285714285714185
2024-12-29,18.9,6.9,11.8,0.0,11.0,83,12,364,1,11.3,11.6,12.7,11.8,11.866666666666653,11.828571428571427,11.442857142857141,0.0,0.8,0.0,0.0,0.26666666666666666,0.18571428571428267,0.09285714285714185
2024-12-30,17.8,6.1,10.9,0.0,7.3,78,12,365,1,11.8,11.3,11.6,11.1,11.566666666666654,11.828571428571431,11.464285714285714,0.0,0.0,0.8,0.5,0.26666666666666666,0.18571428571428267,0.09285714285714185
2024-12-31,16.8,6.0,10.2,0.0,6.0,90,12,366,1,10.9,11.8,11.3,11.9,11.33333333333332,11.799999999999999,11.471428571428573,0.0,0.0,0.0,0.0,0.0,0.11428571428571124,0.09285714285714185
