date,temperature_2m_max,temperature_2m_min,temperature_2m_mean,precipitation_sum,windspeed_10m_max,relative_humidity_2m_mean,month,day_of_year,season,temperature_2m_mean_lag1,temperature_2m_mean_lag2,temperature_2m_mean_lag3,temperature_2m_mean_lag7,temperature_2m_mean_roll_mean3,temperature_2m_mean_roll_mean7,temperature_2m_mean_roll_mean14,precipitation_sum_lag1,precipitation_sum_lag2,precipitation_sum_lag3,precipitation_sum_lag7,precipitation_sum_roll_mean3,precipitation_sum_roll_mean7,precipitation_sum_roll_mean14
2015-01-15,17.6,5.0,10.9,0.0,6.9,63,1,15,1,11.5,11.0,13.4,13.0,11.966666666666667,12.542857142857143,12.214285714285714,0.3,16.8,0.0,0.0,5.7,2.442857142857143,1.2214285714285715
2015-01-16,19.4,2.8,10.5,0.0,8.1,53,1,16,1,10.9,11.5,11.0,12.0,11.133333333333335,12.242857142857144,12.178571428571429,0.0,0.3,16.8,0.0,5.7,2.442857142857143,1.2214285714285715
2015-01-17,19.5,4.1,11.3,0.0,7.9,49,1,17,1,10.5,10.9,11.5,12.8,10.966666666666669,12.028571428571428,12.05,0.0,0.0,0.3,0.0,0.09999999999999999,2.442857142857143,1.2214285714285715
2015-01-18,18.8,4.1,11.2,0.0,7.6,54,1,18,1,11.3,10.5,10.9,14.1,10.9,11.814285714285715,11.985714285714286,0.0,0.0,0.0,0.0,0.0,2.442857142857143,1.2214285714285715
2015-01-19,19.3,5.5,11.8,0.0,7.4,55,1,19,1,11.2,11.3,10.5,13.4,11.0,11.4,11.928571428571429,0.0,0.0,0.0,0.0,0.0,2.442857142857143,1.2214285714285715
2015-01-20,19.6,9.3,13.9,0.0,7.2,52,1,20,1,11.8,11.2,11.3,11.0,11.433333333333332,11.171428571428573,11.957142857142856,0.0,0.0,0.0,16.8,0.0,2.442857142857143,1.2214285714285715
2015-01-21,13.1,8.7,10.7,21.8,9.3,84,1,21,1,13.9,11.8,11.2,11.5,12.299999999999999,11.585714285714287,12.107142857142858,0.0,0.0,0.0,0.3,0.0,0.04285714285714286,1.2214285714285715
2015-01-22,12.1,5.3,9.1,5.1,7.7,82,1,22,1,10.7,13.9,11.8,10.9,12.133333333333333,11.471428571428572,12.007142857142858,21.8,0.0,0.0,0.0,7.266666666666667,3.1142857142857143,2.778571428571429
2015-01-23,14.2,4.6,8.9,0.1,8.4,76,1,23,1,9.1,10.7,13.9,10.5,11.233333333333334,11.214285714285714,11.72857142857143,5.1,21.8,0.0,0.0,8.966666666666667,3.8428571428571425,3.142857142857143
2015-01-24,14.8,5.6,9.4,3.2,8.0,75,1,24,1,8.9,9.1,10.7,11.3,9.566666666666668,10.985714285714284,11.507142857142858,0.1,5.1,21.8,0.0,9.0,3.857142857142857,3.15
2015-01-25,15.6,3.5,9.0,1.5,8.3,71,1,25,1,9.4,8.9,9.1,11.2,9.133333333333333,10.714285714285714,11.264285714285714,3.2,0.1,5.1,0.0,2.8000000000000003,4.314285714285714,3.378571428571429
2015-01-26,12.6,3.1,7.8,5.8,8.7,76,1,26,1,9.0,9.4,8.9,11.8,9.1,10.4,10.900000000000002,1.5,3.2,0.1,0.0,1.6000000000000003,4.5285714285714285,3.485714285714286
2015-01-27,11.9,2.3,7.1,3.1,7.2,72,1,27,1,7.8,9.0,9.4,13.9,8.733333333333333,9.828571428571427,10.5,5.8,1.5,3.2,0.0,3.5,5.357142857142857,3.9
2015-01-28,13.7,0.2,6.8,0.0,9.7,54,1,28,1,7.1,7.8,9.0,10.7,7.966666666666666,8.857142857142858,10.221428571428572,3.1,5.8,1.5,21.8,3.4666666666666663,5.8,2.9214285714285713
2015-01-29,15.3,2.1,8.8,0.0,8.4,45,1,29,1,6.8,7.1,7.8,9.1,7.233333333333333,8.299999999999999,9.885714285714286,0.0,3.1,5.8,5.1,2.9666666666666663,2.685714285714286,2.9
2015-01-30,16.6,1.0,8.8,0.0,7.9,56,1,30,1,8.8,6.8,7.1,8.9,7.566666666666666,8.257142857142858,9.735714285714286,0.0,0.0,3.1,0.1,1.0333333333333334,1.957142857142857,2.9
2015-01-31,17.7,2.6,10.0,0.0,7.6,59,1,31,1,8.8,8.8,6.8,9.4,8.133333333333335,8.242857142857144,9.614285714285714,0.0,0.0,0.0,3.2,0.0,1.9428571428571428,2.9
2015-02-01,15.0,6.8,10.8,0.0,10.9,68,2,32,1,10.0,8.8,8.8,9.0,9.200000000000001,8.328571428571427,9.521428571428572,0.0,0.0,0.0,1.5,0.0,1.4857142857142855,2.9
2015-02-02,14.1,6.0,10.3,2.5,6.5,77,2,33,1,10.8,10.0,8.8,7.8,9.866666666666667,8.585714285714285,9.492857142857144,0.0,0.0,0.0,5.8,0.0,1.2714285714285711,2.9
2015-02-03,16.2,5.4,10.8,0.0,8.2,72,2,34,1,10.3,10.8,10.0,7.1,10.366666666666667,8.942857142857145,9.385714285714286,2.5,0.0,0.0,3.1,0.8333333333333334,0.7999999999999999,3.0785714285714287
2015-02-04,17.1,6.3,11.8,1.5,10.0,72,2,35,1,10.8,10.3,10.8,6.8,10.633333333333335,9.471428571428573,9.164285714285715,0.0,2.5,0.0,0.0,0.8333333333333334,0.35714285714285715,3.0785714285714287
2015-02-05,20.1,3.1,11.1,0.0,8.7,57,2,36,1,11.8,10.8,10.3,8.8,10.966666666666669,10.185714285714287,9.242857142857144,1.5,0.0,2.5,0.0,1.3333333333333333,0.5714285714285714,1.6285714285714286
2015-02-06,18.0,5.3,11.4,0.0,7.2,51,2,37,1,11.1,11.8,10.8,8.8,11.233333333333334,10.514285714285716,9.385714285714286,0.0,1.5,0.0,0.0,0.5,0.5714285714285714,1.2642857142857145
2015-02-07,13.9,6.7,10.5,0.5,6.5,63,2,38,1,11.4,11.1,11.8,10.0,11.433333333333332,10.885714285714286,9.564285714285715,0.0,0.0,1.5,0.0,0.5,0.5714285714285714,1.2571428571428573
2015-02-08,17.5,4.2,10.4,0.0,8.0,63,2,39,1,10.5,11.4,11.1,10.8,11.0,10.957142857142857,9.642857142857142,0.5,0.0,0.0,0.0,0.16666666666666666,0.6428571428571429,1.0642857142857143
2015-02-09,20.3,3.5,11.1,0.0,10.8,56,2,40,1,10.4,10.5,11.4,10.3,10.766666666666666,10.900000000000002,9.742857142857144,0.0,0.5,0.0,2.5,0.16666666666666666,0.6428571428571429,0.9571428571428571
2015-02-10,21.6,3.9,12.2,0.0,9.1,47,2,41,1,11.1,10.4,10.5,10.8,10.666666666666666,11.014285714285714,9.978571428571428,0.0,0.0,0.5,0.0,0.16666666666666666,0.2857142857142857,0.5428571428571428
2015-02-11,22.8,4.6,13.6,0.0,8.3,46,2,42,1,12.2,11.1,10.4,11.8,11.233333333333334,11.214285714285714,10.342857142857143,0.0,0.0,0.0,1.5,0.0,0.2857142857142857,0.32142857142857145
2015-02-12,22.1,6.8,14.1,0.0,7.2,51,2,43,1,13.6,12.2,11.1,11.1,12.299999999999999,11.471428571428572,10.828571428571431,0.0,0.0,0.0,0.0,0.0,0.07142857142857142,0.32142857142857145
2015-02-13,22.6,9.2,15.2,0.0,6.9,55,2,44,1,14.1,13.6,12.2,11.4,13.299999999999999,11.9,11.207142857142857,0.0,0.0,0.0,0.0,0.0,0.07142857142857142,0.32142857142857145
2015-02-14,25.7,8.5,16.5,0.0,7.8,52,2,45,1,15.2,14.1,13.6,10.5,14.299999999999999,12.442857142857141,11.664285714285713,0.0,0.0,0.0,0.5,0.0,0.07142857142857142,0.32142857142857145
2015-02-15,22.7,9.6,15.3,2.6,8.0,49,2,46,1,16.5,15.2,14.1,10.4,15.266666666666666,13.299999999999999,12.128571428571428,0.0,0.0,0.0,0.0,0.0,0.0,0.32142857142857145
2015-02-16,14.0,10.0,12.3,9.9,6.8,81,2,47,1,15.3,16.5,15.2,11.1,15.666666666666666,14.0,12.450000000000001,2.6,0.0,0.0,0.0,0.8666666666666667,0.37142857142857144,0.5071428571428572
2015-02-17,20.0,7.9,13.7,0.0,7.2,72,2,48,1,12.3,15.3,16.5,12.2,14.700000000000001,14.171428571428573,12.592857142857143,9.9,2.6,0.0,0.0,4.166666666666667,1.7857142857142858,1.0357142857142858
2015-02-18,19.6,9.7,14.5,1.2,9.0,73,2,49,1,13.7,12.3,15.3,13.6,13.766666666666666,14.385714285714286,12.799999999999999,0.0,9.9,2.6,0.0,4.166666666666667,1.7857142857142858,1.0357142857142858
2015-02-19,14.8,11.1,13.0,17.7,9.4,83,2,50,1,14.5,13.7,12.3,14.1,13.5,14.514285714285716,12.992857142857144,1.2,0.0,9.9,0.0,3.6999999999999997,1.957142857142857,1.0142857142857142
2015-02-20,18.9,11.6,14.7,3.2,8.2,75,2,51,1,13.0,14.5,13.7,15.2,13.733333333333334,14.357142857142858,13.12857142857143,17.7,1.2,0.0,0.0,6.3,4.485714285714286,2.2785714285714285
2015-02-21,18.8,12.1,15.1,3.1,9.4,77,2,52,1,14.7,13.0,14.5,16.5,14.066666666666668,14.285714285714286,13.364285714285714,3.2,17.7,1.2,0.0,7.366666666666666,4.942857142857143,2.507142857142857
2015-02-22,25.0,10.2,17.0,0.0,9.4,68,2,53,1,15.1,14.7,13.0,15.3,14.266666666666666,14.085714285714287,13.692857142857141,3.1,3.2,17.7,2.6,8.0,5.385714285714285,2.6928571428571426
2015-02-23,22.3,12.7,17.3,0.0,8.1,71,2,54,1,17.0,15.1,14.7,12.3,15.6,14.328571428571427,14.164285714285715,0.0,3.1,3.2,9.9,2.1,5.014285714285713,2.6928571428571426
2015-02-24,15.4,12.5,14.1,54.6,16.7,88,2,55,1,17.3,17.0,15.1,13.7,16.466666666666665,15.042857142857143,14.607142857142858,0.0,0.0,3.1,0.0,1.0333333333333334,3.6,2.6928571428571426
2015-02-25,14.2,8.2,11.2,15.7,13.7,88,2,56,1,14.1,17.3,17.0,14.5,16.133333333333333,15.1,14.742857142857144,54.6,0.0,0.0,1.2,18.2,11.4,6.5928571428571425
2015-02-26,16.4,6.3,10.8,0.3,11.9,69,2,57,1,11.2,14.1,17.3,13.0,14.200000000000001,14.628571428571428,14.571428571428571,15.7,54.6,0.0,17.7,23.433333333333334,13.471428571428572,7.714285714285714
2015-02-27,18.3,4.0,11.2,0.0,7.9,54,2,58,1,10.8,11.2,14.1,14.7,12.033333333333333,14.314285714285715,14.335714285714285,0.3,15.7,54.6,3.2,23.53333333333333,10.985714285714284,7.735714285714286
2015-02-28,19.6,4.7,11.9,0.0,9.1,54,2,59,1,11.2,10.8,11.2,15.1,11.066666666666665,13.814285714285713,14.05,0.0,0.3,15.7,3.1,5.333333333333333,10.528571428571428,7.735714285714286
2015-03-01,14.1,9.2,10.8,4.6,8.8,68,3,60,2,11.9,11.2,10.8,17.0,11.300000000000002,13.357142857142858,13.721428571428573,0.0,0.0,0.3,0.0,0.09999999999999999,10.085714285714285,7.735714285714286
2015-03-02,12.5,8.5,10.3,16.1,7.8,82,3,61,2,10.8,11.9,11.2,17.3,11.299999999999999,12.471428571428572,13.4,4.6,0.0,0.0,0.0,1.5333333333333332,10.742857142857144,7.878571428571428
2015-03-03,15.1,6.6,10.7,3.1,10.1,82,3,62,2,10.3,10.8,11.9,14.1,11.0,11.471428571428573,13.257142857142858,16.1,4.6,0.0,54.6,6.900000000000001,13.042857142857143,8.321428571428571
2015-03-04,14.9,5.8,10.0,1.8,8.5,78,3,63,2,10.7,10.3,10.8,11.2,10.6,10.985714285714284,13.042857142857143,3.1,16.1,4.6,15.7,7.9333333333333345,5.685714285714286,8.542857142857143
2015-03-05,12.5,6.3,9.5,11.0,9.9,82,3,64,2,10.0,10.7,10.3,10.8,10.333333333333334,10.814285714285715,12.721428571428572,1.8,3.1,16.1,0.3,7.0,3.7000000000000006,8.585714285714285
2015-03-06,17.4,4.2,11.0,0.0,6.9,75,3,65,2,9.5,10.0,10.7,11.2,10.066666666666666,10.628571428571428,12.471428571428572,11.0,1.8,3.1,0.0,5.3,5.2285714285714295,8.107142857142858
2015-03-07,11.8,7.4,9.4,20.2,8.9,87,3,66,2,11.0,9.5,10.0,11.9,10.166666666666666,10.6,12.207142857142857,0.0,11.0,1.8,0.0,4.266666666666667,5.2285714285714295,7.878571428571428
2015-03-08,12.7,6.7,8.9,8.3,15.8,72,3,67,2,9.4,11.0,9.5,10.8,9.966666666666667,10.242857142857144,11.8,20.2,0.0,11.0,4.6,10.4,8.114285714285716,9.1
2015-03-09,18.2,4.4,11.2,0.0,8.8,60,3,68,2,8.9,9.4,11.0,10.3,9.766666666666667,9.971428571428573,11.221428571428572,8.3,20.2,0.0,16.1,9.5,8.642857142857142,9.692857142857141
2015-03-10,21.3,5.8,13.3,0.0,9.0,59,3,69,2,11.2,8.9,9.4,10.7,9.833333333333334,10.1,10.785714285714286,0.0,8.3,20.2,3.1,9.5,6.342857142857143,9.692857142857141
2015-03-11,22.7,9.1,14.7,0.0,10.6,51,3,70,2,13.3,11.2,8.9,10.0,11.133333333333335,10.471428571428572,10.72857142857143,0.0,0.0,8.3,1.8,2.766666666666667,5.900000000000001,5.792857142857143
2015-03-12,23.7,7.0,14.7,0.0,11.5,54,3,71,2,14.7,13.3,11.2,9.5,13.066666666666668,11.142857142857142,10.978571428571428,0.0,0.0,0.0,11.0,0.0,5.642857142857143,4.671428571428571
2015-03-13,24.0,7.1,15.9,0.0,9.0,52,3,72,2,14.7,14.7,13.3,11.0,14.233333333333334,11.885714285714284,11.257142857142858,0.0,0.0,0.0,0.0,0.0,4.071428571428572,4.6499999999999995
2015-03-14,24.0,11.0,17.1,0.0,8.2,57,3,73,2,15.9,14.7,14.7,9.4,15.1,12.585714285714285,11.592857142857142,0.0,0.0,0.0,20.2,0.0,4.071428571428572,4.6499999999999995
2015-03-15,17.6,11.8,13.7,10.6,9.8,80,3,74,2,17.1,15.9,14.7,8.9,15.9,13.685714285714287,11.964285714285714,0.0,0.0,0.0,8.3,0.0,1.1857142857142864,4.6499999999999995
2015-03-16,13.8,9.0,12.1,25.4,8.6,88,3,75,2,13.7,17.1,15.9,11.2,15.566666666666665,14.37142857142857,12.171428571428573,10.6,0.0,0.0,0.0,3.533333333333333,1.5142857142857147,5.078571428571428
2015-03-17,20.9,8.5,14.4,0.4,9.8,71,3,76,2,12.1,13.7,17.1,13.3,14.299999999999999,14.5,12.299999999999999,25.4,10.6,0.0,0.0,12.0,5.142857142857143,5.742857142857143
2015-03-18,24.1,6.9,15.5,0.0,7.6,61,3,77,2,14.4,12.1,13.7,14.7,13.399999999999999,14.657142857142857,12.564285714285715,0.4,25.4,10.6,0.0,12.133333333333333,5.2,5.549999999999999
2015-03-19,25.1,9.6,17.1,0.0,7.6,57,3,78,2,15.5,14.4,12.1,14.7,14.0,14.77142857142857,12.957142857142857,0.0,0.4,25.4,0.0,8.6,5.2,5.421428571428571
2015-03-20,25.5,11.8,18.5,0.0,8.3,61,3,79,2,17.1,15.5,14.4,15.9,15.666666666666666,15.114285714285714,13.5,0.0,0.0,0.4,0.0,0.13333333333333333,5.2,4.635714285714285
2015-03-21,25.4,12.4,18.5,0.0,8.4,66,3,80,2,18.5,17.1,15.5,17.1,17.03333333333333,15.485714285714286,14.035714285714286,0.0,0.0,0.0,0.0,0.0,5.2,4.635714285714285
2015-03-22,28.2,11.8,19.5,0.0,8.7,63,3,81,2,18.5,18.5,17.1,13.7,18.03333333333333,15.685714285714287,14.685714285714285,0.0,0.0,0.0,10.6,0.0,5.2,3.1928571428571426
2015-03-23,29.0,12.4,20.8,0.0,8.8,61,3,82,2,19.5,18.5,18.5,12.1,18.833333333333332,16.514285714285716,15.442857142857141,0.0,0.0,0.0,25.4,0.0,3.6857142857142855,2.599999999999999
2015-03-24,27.5,14.0,19.6,4.1,10.2,72,3,83,2,20.8,19.5,18.5,14.4,19.599999999999998,17.757142857142856,16.12857142857143,0.0,0.0,0.0,0.4,0.0,0.05714285714285715,2.599999999999999
2015-03-25,27.1,10.7,18.8,0.0,9.7,67,3,84,2,19.6,20.8,19.5,15.5,19.966666666666665,18.5,16.57857142857143,4.1,0.0,0.0,0.0,1.3666666666666665,0.5857142857142856,2.8928571428571423
2015-03-26,28.6,12.6,20.5,0.0,8.6,55,3,85,2,18.8,19.6,20.8,17.1,19.733333333333334,18.97142857142857,16.871428571428574,0.0,4.1,0.0,0.0,1.3666666666666665,0.5857142857142856,2.892857142857143
2015-03-27,28.5,12.7,20.6,0.0,9.4,61,3,86,2,20.5,18.8,19.6,18.5,19.633333333333336,19.457142857142856,17.285714285714285,0.0,0.0,4.1,0.0,1.3666666666666665,0.5857142857142856,2.892857142857143
2015-03-28,24.4,15.7,19.3,2.6,10.8,74,3,87,2,20.6,20.5,18.8,18.5,19.966666666666665,19.75714285714286,17.621428571428574,0.0,0.0,0.0,0.0,0.0,0.5857142857142856,2.892857142857143
2015-03-29,19.1,13.9,16.8,4.0,8.9,83,3,88,2,19.3,20.6,20.5,19.5,20.133333333333333,19.87142857142857,17.778571428571432,2.6,0.0,0.0,0.0,0.8666666666666667,0.9571428571428571,3.0785714285714287
2015-03-30,22.7,11.1,17.3,0.2,6.8,76,3,89,2,16.8,19.3,20.6,20.8,18.900000000000002,19.485714285714288,18.0,4.0,2.6,0.0,0.0,2.1999999999999997,1.5285714285714285,2.607142857142857
2015-03-31,17.8,13.9,16.1,19.8,7.3,84,3,90,2,17.3,16.8,19.3,19.6,17.8,18.985714285714288,18.37142857142857,0.2,4.0,2.6,4.1,2.2666666666666666,1.557142857142857,0.8071428571428572
2015-04-01,15.6,14.2,14.8,21.7,7.9,91,4,91,2,16.1,17.3,16.8,18.8,16.73333333333333,18.485714285714288,18.49285714285714,19.8,0.2,4.0,0.0,8.0,3.8000000000000003,2.192857142857143
2015-04-02,20.6,13.5,16.5,5.8,5.5,81,4,92,2,14.8,16.1,17.3,20.5,16.066666666666666,17.914285714285715,18.442857142857143,21.7,19.8,0.2,0.0,13.9,6.8999999999999995,3.742857142857143
2015-04-03,22.2,11.8,17.7,21.4,11.4,70,4,93,2,16.5,14.8,16.1,20.6,15.799999999999999,17.342857142857145,18.400000000000002,5.8,21.7,19.8,0.0,15.766666666666666,7.728571428571428,4.157142857142857
2015-04-04,25.4,11.6,19.0,0.0,6.9,65,4,94,2,17.7,16.5,14.8,19.3,16.333333333333332,16.928571428571427,18.342857142857145,21.4,5.8,21.7,2.6,16.3,10.785714285714286,5.685714285714285
2015-04-05,24.3,14.9,19.0,0.9,7.2,69,4,95,2,19.0,17.7,16.5,16.8,17.733333333333334,16.885714285714283,18.37857142857143,0.0,21.4,5.8,4.0,9.066666666666666,10.414285714285715,5.685714285714285
2015-04-06,24.9,12.1,19.3,1.3,7.8,67,4,96,2,19.0,19.0,17.7,17.3,18.566666666666666,17.2,18.342857142857145,0.9,0.0,21.4,0.2,7.433333333333333,9.971428571428572,5.75
2015-04-07,24.9,11.5,18.7,0.0,13.8,65,4,97,2,19.3,19.0,19.0,16.1,19.099999999999998,17.485714285714288,18.235714285714288,1.3,0.9,0.0,19.8,0.7333333333333334,10.12857142857143,5.8428571428571425
2015-04-08,23.8,15.3,19.1,0.0,6.8,73,4,98,2,18.7,19.3,19.0,14.8,19.0,17.857142857142858,18.17142857142857,0.0,1.3,0.9,21.7,0.7333333333333334,7.299999999999999,5.55
2015-04-09,26.9,12.6,20.0,0.0,7.1,67,4,99,2,19.1,18.7,19.3,16.5,19.03333333333333,18.47142857142857,18.192857142857143,0.0,0.0,1.3,5.8,0.4333333333333334,4.199999999999999,5.55
2015-04-10,28.7,12.7,21.0,0.0,8.3,61,4,100,2,20.0,19.1,18.7,17.7,19.266666666666666,18.97142857142857,18.157142857142855,0.0,0.0,0.0,21.4,0.0,3.3714285714285706,5.55
2015-04-11,27.8,15.7,21.5,0.0,9.2,63,4,101,2,21.0,20.0,19.1,19.0,20.03333333333333,19.442857142857147,18.185714285714287,0.0,0.0,0.0,0.0,0.0,0.3142857142857138,5.55
2015-04-12,29.6,12.9,21.8,0.0,8.3,56,4,102,2,21.5,21.0,20.0,19.0,20.833333333333332,19.800000000000004,18.342857142857145,0.0,0.0,0.0,0.9,0.0,0.3142857142857138,5.364285714285714
2015-04-13,29.8,14.4,22.8,0.0,7.9,57,4,103,2,21.8,21.5,21.0,19.3,21.433333333333334,20.2,18.7,0.0,0.0,0.0,1.3,0.0,0.18571428571428525,5.078571428571428
2015-04-14,29.0,18.2,24.0,0.0,7.0,61,4,104,2,22.8,21.8,21.5,18.7,22.03333333333333,20.7,19.092857142857145,0.0,0.0,0.0,0.0,0.0,0.0,5.064285714285714
2015-04-15,26.3,18.2,21.9,10.8,7.6,76,4,105,2,24.0,22.8,21.8,19.1,22.866666666666664,21.45714285714286,19.657142857142855,0.0,0.0,0.0,0.0,0.0,0.0,3.6499999999999995
2015-04-16,25.6,17.0,21.2,1.3,11.0,81,4,106,2,21.9,24.0,22.8,20.0,22.900000000000002,21.857142857142858,20.164285714285715,10.8,0.0,0.0,0.0,3.6,1.5428571428571425,2.8714285714285714
2015-04-17,29.0,16.4,23.0,0.0,7.2,71,4,107,2,21.2,21.9,24.0,21.0,22.366666666666664,22.028571428571432,20.5,1.3,10.8,0.0,0.0,4.033333333333334,1.7285714285714282,2.5500000000000003
2015-04-18,29.4,15.9,23.1,0.0,8.4,64,4,108,2,23.0,21.2,21.9,21.5,22.03333333333333,22.314285714285713,20.87857142857143,0.0,1.3,10.8,0.0,4.033333333333334,1.7285714285714282,1.0214285714285716
2015-04-19,25.0,17.6,21.1,10.6,10.6,75,4,109,2,23.1,23.0,21.2,21.8,22.433333333333334,22.54285714285714,21.17142857142857,0.0,0.0,1.3,0.0,0.43333333333333335,1.7285714285714282,1.0214285714285716
2015-04-20,26.8,15.5,21.0,3.9,13.8,69,4,110,2,21.1,23.1,23.0,22.8,22.399999999999995,22.442857142857143,21.321428571428573,10.6,0.0,0.0,0.0,3.533333333333333,3.2428571428571424,1.7142857142857142
2015-04-21,30.7,14.5,22.6,0.0,9.5,56,4,111,2,21.0,21.1,23.1,24.0,21.73333333333333,22.185714285714283,21.442857142857143,3.9,10.6,0.0,0.0,4.833333333333333,3.8,1.9
2015-04-22,32.1,13.6,23.1,0.0,9.7,47,4,112,2,22.6,21.0,21.1,21.9,21.566666666666666,21.985714285714288,21.72142857142857,0.0,3.9,10.6,10.8,4.833333333333333,3.8,1.9
2015-04-23,33.0,14.2,24.0,0.0,8.7,48,4,113,2,23.1,22.6,21.0,21.2,22.23333333333333,22.157142857142855,22.007142857142856,0.0,0.0,3.9,1.3,1.3,2.2571428571428567,1.9
2015-04-24,33.8,15.0,24.8,0.0,8.9,47,4,114,2,24.0,23.1,22.6,23.0,23.23333333333333,22.557142857142857,22.29285714285714,0.0,0.0,0.0,0.0,0.0,2.0714285714285707,1.9
2015-04-25,33.6,15.6,25.5,0.0,8.0,42,4,115,2,24.8,24.0,23.1,23.1,23.96666666666667,22.814285714285713,22.564285714285713,0.0,0.0,0.0,0.0,0.0,2.0714285714285707,1.9
2015-04-26,31.7,17.3,24.6,1.1,12.7,56,4,116,2,25.5,24.8,24.0,21.1,24.766666666666666,23.157142857142862,22.849999999999998,0.0,0.0,0.0,10.6,0.0,2.0714285714285707,1.9
2015-04-27,24.9,17.9,21.2,25.9,12.8,77,4,117,2,24.6,25.5,24.8,21.0,24.966666666666665,23.657142857142862,23.050000000000004,1.1,0.0,0.0,3.9,0.3666666666666667,0.7142857142857137,1.9785714285714284
2015-04-28,31.1,15.2,23.3,0.0,8.0,59,4,118,2,21.2,24.6,25.5,22.6,23.766666666666666,23.685714285714287,22.935714285714287,25.9,1.1,0.0,0.0,9.0,3.8571428571428568,3.8285714285714283
2015-04-29,30.7,15.0,23.2,0.1,13.0,54,4,119,2,23.3,21.2,24.6,23.1,23.03333333333333,23.785714285714285,22.88571428571429,0.0,25.9,1.1,0.0,9.0,3.8571428571428568,3.8285714285714283
2015-04-30,25.0,17.0,20.6,13.3,14.1,68,4,120,2,23.2,23.3,21.2,24.0,22.566666666666663,23.8,22.978571428571428,0.1,0.0,25.9,0.0,8.666666666666666,3.871428571428571,3.064285714285714
2015-05-01,28.6,14.4,22.0,0.0,7.3,59,5,121,2,20.6,23.2,23.3,24.8,22.366666666666664,23.314285714285713,22.935714285714287,13.3,0.1,0.0,0.0,4.466666666666667,5.771428571428571,3.9214285714285713
2015-05-02,30.7,14.0,22.8,0.0,7.9,53,5,122,2,22.0,20.6,23.2,25.5,21.933333333333334,22.91428571428571,22.864285714285717,0.0,13.3,0.1,0.0,4.466666666666667,5.771428571428571,3.9214285714285713
2015-05-03,31.8,14.4,23.8,0.0,8.3,47,5,123,2,22.8,22.0,20.6,24.6,21.799999999999997,22.52857142857143,22.842857142857145,0.0,0.0,13.3,1.1,4.433333333333334,5.771428571428571,3.9214285714285713
2015-05-04,32.6,15.8,25.2,0.0,8.5,50,5,124,2,23.8,22.8,22.0,21.2,22.866666666666664,22.414285714285715,23.035714285714285,0.0,0.0,0.0,25.9,0.0,5.614285714285714,3.164285714285714
2015-05-05,34.7,18.9,27.4,0.0,8.0,51,5,125,2,25.2,23.8,22.8,23.3,23.933333333333334,22.985714285714288,23.335714285714285,0.0,0.0,0.0,0.0,0.0,1.914285714285714,2.8857142857142857
2015-05-06,35.9,18.7,27.9,0.0,7.9,52,5,126,2,27.4,25.2,23.8,23.2,25.466666666666665,23.571428571428573,23.678571428571427,0.0,0.0,0.0,0.1,0.0,1.914285714285714,2.8857142857142857
2015-05-07,35.7,21.4,28.9,0.0,7.7,51,5,127,2,27.9,27.4,25.2,20.6,26.833333333333332,24.24285714285714,24.021428571428572,0.0,0.0,0.0,13.3,0.0,1.8999999999999997,2.8857142857142857
2015-05-08,34.4,22.3,27.9,0.0,12.6,52,5,128,2,28.9,27.9,27.4,22.0,28.066666666666663,25.428571428571427,24.371428571428574,0.0,0.0,0.0,0.0,0.0,0.0,2.8857142857142857
2015-05-09,34.0,22.2,27.6,0.0,14.5,49,5,129,2,27.9,28.9,27.9,22.8,28.23333333333333,26.271428571428572,24.592857142857145,0.0,0.0,0.0,0.0,0.0,0.0,2.8857142857142857
2015-05-10,34.8,20.6,27.7,0.0,11.0,47,5,130,2,27.6,27.9,28.9,23.8,28.13333333333333,26.957142857142856,24.74285714285714,0.0,0.0,0.0,0.0,0.0,0.0,2.8857142857142857
2015-05-11,28.9,19.8,22.9,7.5,13.9,67,5,131,2,27.7,27.6,27.9,25.2,27.73333333333333,27.514285714285712,24.964285714285715,0.0,0.0,0.0,0.0,0.0,0.0,2.807142857142857
2015-05-12,22.7,18.9,20.8,12.5,10.3,75,5,132,2,22.9,27.7,27.6,27.4,26.066666666666663,27.185714285714283,25.085714285714285,7.5,0.0,0.0,0.0,2.5,1.071428571428571,1.4928571428571427
2015-05-13,26.3,17.3,21.7,7.4,12.4,71,5,133,2,20.8,22.9,27.7,27.9,23.799999999999997,26.24285714285714,24.907142857142855,12.5,7.5,0.0,0.0,6.666666666666667,2.8571428571428568,2.3857142857142857
2015-05-14,30.3,16.2,24.3,0.0,9.7,58,5,134,2,21.7,20.8,22.9,28.9,21.799999999999997,25.357142857142858,24.8,7.4,12.5,7.5,0.0,9.133333333333333,3.914285714285714,2.907142857142857
2015-05-15,32.5,17.5,25.9,0.0,5.8,59,5,135,2,24.3,21.7,20.8,27.9,22.266666666666666,24.7,25.064285714285713,0.0,7.4,12.5,0.0,6.633333333333333,3.914285714285714,1.957142857142857
2015-05-16,33.9,18.8,27.2,0.0,9.4,62,5,136,2,25.9,24.3,21.7,27.6,23.966666666666665,24.414285714285715,25.342857142857138,0.0,0.0,7.4,0.0,2.466666666666667,3.914285714285714,1.957142857142857
2015-05-17,32.3,21.2,26.2,25.2,10.9,71,5,137,2,27.2,25.9,24.3,27.7,25.799999999999997,24.357142857142858,25.657142857142855,0.0,0.0,0.0,0.0,0.0,3.914285714285714,1.957142857142857
2015-05-18,31.7,20.2,25.8,1.3,9.2,63,5,138,2,26.2,27.2,25.9,22.9,26.433333333333334,24.142857142857142,25.82857142857143,25.2,0.0,0.0,7.5,8.4,7.514285714285713,3.7571428571428567
2015-05-19,33.9,18.4,26.4,0.0,10.5,52,5,139,2,25.8,26.2,27.2,20.8,26.399999999999995,24.557142857142857,25.87142857142857,1.3,25.2,0.0,12.5,8.833333333333334,6.628571428571427,3.85
2015-05-20,34.3,16.9,26.2,0.0,8.3,48,5,140,2,26.4,25.8,26.2,21.7,26.13333333333333,25.357142857142858,25.8,0.0,1.3,25.2,7.4,8.833333333333334,4.842857142857142,3.85
2015-05-21,35.7,18.2,27.7,0.0,9.5,47,5,141,2,26.2,26.4,25.8,24.3,26.13333333333333,26.0,25.678571428571427,0.0,0.0,1.3,0.0,0.43333333333333335,3.785714285714285,3.85
2015-05-22,36.3,19.2,28.2,0.0,8.0,44,5,142,2,27.7,26.2,26.4,25.9,26.766666666666666,26.485714285714288,25.592857142857145,0.0,0.0,0.0,0.0,0.0,3.7857142857142847,3.85
2015-05-23,35.2,20.1,28.1,0.0,8.5,44,5,143,2,28.2,27.7,26.2,27.2,27.366666666666664,26.814285714285713,25.61428571428571,0.0,0.0,0.0,0.0,0.0,3.7857142857142847,3.85
2015-05-24,34.7,19.5,27.7,0.2,10.3,38,5,144,2,28.1,28.2,27.7,26.2,28.0,26.942857142857143,25.650000000000002,0.0,0.0,0.0,25.2,0.0,3.7857142857142847,3.85
2015-05-25,34.5,18.6,27.1,0.2,23.5,31,5,145,2,27.7,28.1,28.2,25.8,28.0,27.157142857142855,25.65,0.2,0.0,0.0,1.3,0.06666666666666667,0.21428571428571377,3.8642857142857143
2015-05-26,34.8,18.9,27.5,0.0,19.1,18,5,146,2,27.1,27.7,28.1,26.4,27.633333333333336,27.342857142857145,25.95,0.2,0.2,0.0,0.0,0.13333333333333333,0.05714285714285664,3.3428571428571425
2015-05-27,36.0,17.8,27.9,0.0,9.8,31,5,147,2,27.5,27.1,27.7,26.2,27.433333333333334,27.5,26.428571428571427,0.0,0.2,0.2,0.0,0.13333333333333333,0.05714285714285664,2.4499999999999997
2015-05-28,36.0,19.8,28.6,0.2,10.6,37,5,148,2,27.9,27.5,27.1,27.7,27.5,27.742857142857144,26.87142857142857,0.0,0.0,0.2,0.0,0.06666666666666667,0.05714285714285664,1.921428571428571
2015-05-29,34.5,23.7,28.3,0.1,15.3,40,5,149,2,28.6,27.9,27.5,28.2,28.0,27.87142857142857,27.178571428571427,0.2,0.0,0.0,0.0,0.06666666666666667,0.08571428571428522,1.9357142857142853
2015-05-30,35.8,20.3,28.6,0.0,9.0,40,5,150,2,28.3,28.6,27.9,28.1,28.266666666666666,27.885714285714283,27.35,0.1,0.2,0.0,0.0,0.10000000000000002,0.0999999999999995,1.9428571428571426
2015-05-31,36.9,19.2,29.3,0.0,10.7,32,5,151,2,28.6,28.3,28.6,27.7,28.5,27.95714285714286,27.45,0.0,0.1,0.2,0.2,0.10000000000000002,0.0999999999999995,1.9428571428571426
2015-06-01,36.3,19.2,29.1,0.2,8.1,29,6,152,3,29.3,28.6,28.3,27.1,28.733333333333334,28.185714285714283,27.67142857142857,0.0,0.0,0.1,0.2,0.03333333333333333,0.07142857142857093,0.1428571428571426
2015-06-02,35.6,21.2,29.4,0.0,14.8,29,6,153,3,29.1,29.3,28.6,27.5,29.0,28.47142857142857,27.907142857142862,0.2,0.0,0.0,0.0,0.06666666666666667,0.07142857142857093,0.06428571428571403
2015-06-03,31.8,23.0,27.2,1.3,12.2,46,6,154,3,29.4,29.1,29.3,27.9,29.266666666666666,28.74285714285714,28.12142857142857,0.0,0.2,0.0,0.0,0.06666666666666667,0.07142857142857093,0.06428571428571403
2015-06-04,31.5,21.6,27.4,1.1,11.9,49,6,155,3,27.2,29.4,29.1,28.6,28.566666666666666,28.642857142857142,28.192857142857143,1.3,0.0,0.2,0.2,0.5,0.2571428571428566,0.1571428571428569
2015-06-05,31.8,21.1,27.3,0.0,13.2,49,6,156,3,27.4,27.2,29.4,28.3,27.999999999999996,28.47142857142857,28.171428571428574,1.1,1.3,0.0,0.1,0.8000000000000002,0.38571428571428523,0.23571428571428546
2015-06-06,36.6,20.3,29.7,0.0,9.7,42,6,157,3,27.3,27.4,27.2,28.6,27.3,28.328571428571426,28.107142857142858,0.0,1.1,1.3,0.0,0.8000000000000002,0.37142857142857094,0.23571428571428546
2015-06-07,39.2,22.2,31.7,0.0,8.3,31,6,158,3,29.7,27.3,27.4,29.3,28.13333333333333,28.485714285714284,28.22142857142857,0.0,0.0,1.1,0.0,0.3666666666666667,0.37142857142857094,0.23571428571428546
2015-06-08,39.7,24.0,32.8,0.0,8.9,28,6,159,3,31.7,29.7,27.3,29.1,29.566666666666663,28.82857142857143,28.50714285714286,0.0,0.0,0.0,0.2,0.0,0.37142857142857094,0.22142857142857114
2015-06-09,39.7,23.5,32.6,0.0,7.3,29,6,160,3,32.8,31.7,29.7,29.4,31.399999999999995,29.357142857142858,28.91428571428571,0.0,0.0,0.0,0.0,0.0,0.34285714285714236,0.2071428571428569
2015-06-10,38.6,23.1,31.5,0.0,16.6,26,6,161,3,32.6,32.8,31.7,27.2,32.36666666666667,29.814285714285717,29.27857142857143,0.0,0.0,0.0,1.3,0.0,0.34285714285714236,0.2071428571428569
2015-06-11,37.2,23.2,31.4,0.0,10.8,42,6,162,3,31.5,32.6,32.8,27.4,32.3,30.428571428571427,29.535714285714285,0.0,0.0,0.0,1.1,0.0,0.15714285714285664,0.2071428571428569
2015-06-12,39.2,24.8,32.1,0.0,7.1,38,6,163,3,31.4,31.5,32.6,27.3,31.833333333333332,31.0,29.735714285714284,0.0,0.0,0.0,0.0,0.0,0.0,0.19285714285714262
2015-06-13,39.5,24.7,32.9,0.0,8.0,31,6,164,3,32.1,31.4,31.5,29.7,31.666666666666668,31.685714285714287,30.007142857142856,0.0,0.0,0.0,0.0,0.0,0.0,0.18571428571428544
2015-06-14,38.8,25.6,32.6,0.0,13.8,30,6,165,3,32.9,32.1,31.4,31.7,32.13333333333333,32.142857142857146,30.314285714285713,0.0,0.0,0.0,0.0,0.0,0.0,0.18571428571428544
2015-06-15,35.0,25.2,30.5,0.0,10.9,45,6,166,3,32.6,32.9,32.1,32.8,32.53333333333333,32.27142857142857,30.55,0.0,0.0,0.0,0.0,0.0,0.0,0.18571428571428544
2015-06-16,36.1,25.3,29.6,2.8,9.6,53,6,167,3,30.5,32.6,32.9,32.6,32.0,31.942857142857147,30.65,0.0,0.0,0.0,0.0,0.0,0.0,0.1714285714285712
2015-06-17,38.2,22.6,31.0,0.0,7.9,49,6,168,3,29.6,30.5,32.6,31.5,30.899999999999995,31.514285714285712,30.664285714285715,2.8,0.0,0.0,0.0,0.9333333333333332,0.39999999999999947,0.37142857142857116
2015-06-18,40.2,27.9,34.0,0.5,7.6,43,6,169,3,31.0,29.6,30.5,31.4,30.366666666666664,31.442857142857143,30.935714285714287,0.0,2.8,0.0,0.0,0.9333333333333332,0.39999999999999947,0.2785714285714283
2015-06-19,41.9,27.4,34.8,0.0,9.7,39,6,170,3,34.0,31.0,29.6,32.1,31.53333333333333,31.814285714285713,31.407142857142855,0.5,0.0,2.8,0.0,1.0999999999999999,0.4714285714285709,0.23571428571428546
2015-06-20,40.0,29.6,34.5,1.0,14.8,38,6,171,3,34.8,34.0,31.0,32.9,33.266666666666666,32.199999999999996,31.942857142857147,0.0,0.5,0.0,0.0,0.16666666666666666,0.4714285714285709,0.23571428571428546
2015-06-21,35.2,26.3,30.5,1.9,15.8,62,6,172,3,34.5,34.8,34.0,32.6,34.43333333333333,32.42857142857143,32.285714285714285,1.0,0.0,0.5,0.0,0.5,0.6142857142857138,0.3071428571428569
2015-06-22,36.6,25.4,30.4,6.2,13.2,58,6,173,3,30.5,34.5,34.8,30.5,33.26666666666666,32.128571428571426,32.199999999999996,1.9,1.0,0.0,0.0,0.9666666666666667,0.8857142857142851,0.44285714285714256
2015-06-23,36.2,23.6,30.0,0.5,13.8,57,6,174,3,30.4,30.5,34.5,29.6,31.8,32.114285714285714,32.02857142857143,6.2,1.9,1.0,2.8,3.033333333333333,1.771428571428571,0.8857142857142855
2015-06-24,30.6,24.7,28.0,3.6,9.7,61,6,175,3,30.0,30.4,30.5,31.0,30.299999999999997,32.17142857142857,31.842857142857145,0.5,6.2,1.9,0.0,2.866666666666667,1.4428571428571426,0.9214285714285712
2015-06-25,34.3,22.5,28.7,0.0,11.6,52,6,176,3,28.0,30.0,30.4,34.0,29.466666666666665,31.74285714285714,31.592857142857145,3.6,0.5,6.2,0.5,3.4333333333333336,1.9571428571428569,1.1785714285714284
2015-06-26,36.7,24.1,30.8,0.0,7.1,39,6,177,3,28.7,28.0,30.0,34.8,28.899999999999995,30.985714285714288,31.4,0.0,3.6,0.5,0.0,1.3666666666666671,1.885714285714285,1.1785714285714284
2015-06-27,38.1,24.7,31.8,0.9,11.0,41,6,178,3,30.8,28.7,28.0,34.5,29.166666666666668,30.414285714285715,31.307142857142857,0.0,0.0,3.6,1.0,1.2000000000000004,1.885714285714285,1.1785714285714284
2015-06-28,39.7,26.1,33.1,2.2,8.8,42,6,179,3,31.8,30.8,28.7,30.5,30.433333333333334,30.02857142857143,31.228571428571428,0.9,0.0,0.0,1.9,0.3000000000000003,1.8714285714285708,1.2428571428571427
2015-06-29,40.5,26.8,33.6,0.0,17.5,38,6,180,3,33.1,31.8,30.8,30.4,31.899999999999995,30.4,31.264285714285712,2.2,0.9,0.0,6.2,1.0333333333333337,1.9142857142857141,1.4
2015-06-30,36.1,26.7,31.1,1.2,12.0,56,6,181,3,33.6,33.1,31.8,30.0,32.833333333333336,30.857142857142858,31.485714285714288,0.0,2.2,0.9,0.5,1.0333333333333337,1.028571428571428,1.4
2015-07-01,37.1,27.3,31.4,9.2,11.6,50,7,182,3,31.1,33.6,33.1,28.0,32.6,31.014285714285716,31.592857142857138,1.2,0.0,2.2,3.6,1.1333333333333337,1.1285714285714281,1.2857142857142854
2015-07-02,35.8,26.0,31.3,0.4,11.1,54,7,183,3,31.4,31.1,33.6,28.7,32.03333333333333,31.5,31.62142857142857,9.2,1.2,0.0,0.0,3.466666666666667,1.9285714285714282,1.9428571428571426
2015-07-03,39.6,27.7,33.7,0.0,11.7,50,7,184,3,31.3,31.4,31.1,30.8,31.266666666666662,31.87142857142857,31.428571428571427,0.4,9.2,1.2,0.0,3.6,1.9857142857142853,1.9357142857142853
2015-07-04,41.9,29.5,36.0,0.0,12.7,45,7,185,3,33.7,31.3,31.4,31.8,32.133333333333326,32.285714285714285,31.35,0.0,0.4,9.2,0.9,3.2000000000000006,1.9857142857142853,1.9357142857142853
2015-07-05,43.9,31.7,37.9,0.0,10.4,39,7,186,3,36.0,33.7,31.3,33.1,33.66666666666666,32.885714285714286,31.457142857142856,0.0,0.0,0.4,2.2,0.13333333333333394,1.8571428571428565,1.8642857142857139
2015-07-06,40.2,29.6,34.5,0.6,13.8,50,7,187,3,37.9,36.0,33.7,33.6,35.86666666666666,33.57142857142857,31.985714285714284,0.0,0.0,0.0,0.0,0.0,1.5428571428571425,1.7285714285714282
2015-07-07,35.0,25.7,29.4,1.1,14.7,72,7,188,3,34.5,37.9,36.0,31.1,36.133333333333326,33.7,32.278571428571425,0.6,0.0,0.0,1.2,0.2000000000000006,1.6285714285714281,1.328571428571428
2015-07-08,35.4,26.5,30.4,1.7,13.5,70,7,189,3,29.4,34.5,37.9,31.4,33.93333333333333,33.45714285714286,32.23571428571429,1.1,0.6,0.0,9.2,0.5666666666666673,1.6142857142857137,1.3714285714285712
2015-07-09,34.8,26.6,30.2,1.8,12.9,68,7,190,3,30.4,29.4,34.5,31.3,31.433333333333326,33.31428571428572,32.40714285714286,1.7,1.1,0.6,0.4,1.133333333333334,0.5428571428571424,1.2357142857142855
2015-07-10,31.8,24.6,27.9,6.3,15.8,77,7,191,3,30.2,30.4,29.4,33.7,29.99999999999999,33.15714285714286,32.51428571428571,1.8,1.7,1.1,0.0,1.5333333333333339,0.7428571428571423,1.364285714285714
2015-07-11,30.0,23.4,26.2,9.2,9.5,80,7,192,3,27.9,30.2,30.4,36.0,29.49999999999999,32.32857142857143,32.30714285714286,6.3,1.8,1.7,0.0,3.2666666666666675,1.6428571428571423,1.8142857142857143
2015-07-12,33.3,23.9,28.9,1.3,11.3,67,7,193,3,26.2,27.9,30.2,37.9,28.099999999999994,30.928571428571427,31.907142857142855,9.2,6.3,1.8,0.0,5.766666666666668,2.9571428571428564,2.407142857142857
2015-07-13,36.0,24.3,30.3,1.0,12.1,65,7,194,3,28.9,26.2,27.9,34.5,27.666666666666657,29.642857142857142,31.607142857142858,1.3,9.2,6.3,0.6,5.6000000000000005,3.1428571428571423,2.3428571428571425
2015-07-14,37.8,28.0,32.6,0.4,11.0,62,7,195,3,30.3,28.9,26.2,29.4,28.466666666666658,29.042857142857144,31.37142857142857,1.0,1.3,9.2,1.1,3.833333333333334,3.1999999999999993,2.414285714285714
2015-07-15,40.0,29.1,34.1,0.1,14.3,58,7,196,3,32.6,30.3,28.9,30.4,30.599999999999994,29.5,31.47857142857143,0.4,1.0,1.3,1.7,0.9000000000000007,3.099999999999999,2.357142857142857
2015-07-16,39.9,28.9,34.1,2.7,15.5,59,7,197,3,34.1,32.6,30.3,30.2,32.33333333333333,30.02857142857143,31.67142857142857,0.1,0.4,1.0,1.8,0.5000000000000006,2.871428571428571,1.7071428571428569
2015-07-17,28.9,25.2,26.3,5.4,12.8,87,7,198,3,34.1,34.1,32.6,27.9,33.599999999999994,30.58571428571429,31.87142857142857,2.7,0.1,0.4,6.3,1.0666666666666673,2.9999999999999996,1.8714285714285714
2015-07-18,34.9,24.8,29.5,0.0,15.6,66,7,199,3,26.3,34.1,34.1,26.2,31.499999999999996,30.357142857142858,31.342857142857145,5.4,2.7,0.1,9.2,2.7333333333333343,2.8714285714285706,2.257142857142857
2015-07-19,34.4,25.6,29.8,2.9,10.2,71,7,200,3,29.5,26.3,34.1,28.9,29.966666666666658,30.82857142857143,30.87857142857143,0.0,5.4,2.7,1.3,2.700000000000001,1.5571428571428567,2.257142857142857
2015-07-20,35.6,25.4,29.3,11.3,12.1,74,7,201,3,29.8,29.5,26.3,30.3,28.533333333333328,30.95714285714286,30.300000000000004,2.9,0.0,5.4,1.0,2.7666666666666675,1.7857142857142851,2.4642857142857144
2015-07-21,33.9,25.7,29.1,1.2,10.1,75,7,202,3,29.3,29.8,29.5,32.6,29.533333333333328,30.814285714285713,29.928571428571427,11.3,2.9,0.0,0.4,4.733333333333334,3.2571428571428567,3.228571428571428
2015-07-22,34.7,27.1,30.6,0.5,8.5,69,7,203,3,29.1,29.3,29.8,34.1,29.399999999999995,30.314285714285717,29.907142857142855,1.2,11.3,2.9,0.1,5.133333333333334,3.371428571428571,3.2357142857142853
2015-07-23,31.3,26.8,28.9,2.9,8.5,78,7,204,3,30.6,29.1,29.3,34.1,29.66666666666666,29.814285714285717,29.921428571428574,0.5,1.2,11.3,2.7,4.333333333333334,3.428571428571428,3.15
2015-07-24,34.3,25.4,29.3,5.8,10.9,76,7,205,3,28.9,30.6,29.1,26.3,29.533333333333328,29.071428571428577,29.82857142857143,2.9,0.5,1.2,5.4,1.5333333333333339,3.4571428571428564,3.228571428571428
2015-07-25,33.3,26.1,28.9,8.9,10.7,80,7,206,3,29.3,28.9,30.6,29.5,29.599999999999994,29.5,29.928571428571427,5.8,2.9,0.5,0.0,3.066666666666667,3.514285714285714,3.1928571428571426
2015-07-26,27.7,24.2,25.0,77.1,8.7,95,7,207,3,28.9,29.3,28.9,29.8,29.033333333333328,29.414285714285715,30.12142857142857,8.9,5.8,2.9,2.9,5.866666666666667,4.785714285714286,3.171428571428571
2015-07-27,31.5,24.0,27.5,50.1,8.2,79,7,208,3,25.0,28.9,29.3,29.3,27.733333333333324,28.728571428571428,29.842857142857145,77.1,8.9,5.8,11.3,30.599999999999998,15.385714285714284,8.585714285714285
2015-07-28,32.4,25.1,28.4,6.1,7.6,78,7,209,3,27.5,25.0,28.9,29.1,27.133333333333326,28.47142857142857,29.642857142857142,50.1,77.1,8.9,1.2,45.36666666666667,20.928571428571427,12.092857142857142
2015-07-29,34.1,23.8,28.8,7.6,9.9,76,7,210,3,28.4,27.5,25.0,30.6,26.966666666666658,28.37142857142857,29.342857142857145,6.1,50.1,77.1,0.5,44.43333333333333,21.628571428571426,12.499999999999998
2015-07-30,33.4,26.5,30.0,1.7,10.2,74,7,211,3,28.8,28.4,27.5,28.9,28.233333333333324,28.11428571428571,28.964285714285715,7.6,6.1,50.1,2.9,21.266666666666666,22.64285714285714,13.035714285714286
2015-07-31,31.0,25.5,27.6,6.6,10.7,84,7,212,3,30.0,28.8,28.4,29.3,29.06666666666666,28.27142857142857,28.67142857142857,1.7,7.6,6.1,5.8,5.133333333333333,22.47142857142857,12.964285714285714
2015-08-01,27.1,23.8,25.4,71.0,7.0,90,8,213,3,27.6,30.0,28.8,28.9,28.799999999999994,28.028571428571432,28.764285714285712,6.6,1.7,7.6,8.9,5.3,22.585714285714285,13.049999999999999
2015-08-02,26.2,23.4,24.8,23.2,6.6,84,8,214,3,25.4,27.6,30.0,25.0,27.66666666666666,27.52857142857143,28.471428571428568,71.0,6.6,1.7,77.1,26.433333333333334,31.457142857142856,18.12142857142857
2015-08-03,27.7,24.0,25.7,6.7,4.8,86,8,215,3,24.8,25.4,27.6,27.5,25.933333333333326,27.5,28.11428571428571,23.2,71.0,6.6,50.1,33.6,23.757142857142856,19.571428571428573
2015-08-04,32.4,23.1,28.5,0.0,7.9,78,8,216,3,25.7,24.8,25.4,28.4,25.299999999999994,27.24285714285714,27.857142857142858,6.7,23.2,71.0,6.1,33.63333333333333,17.557142857142857,19.24285714285714
2015-08-05,33.2,26.6,29.5,0.5,9.9,78,8,217,3,28.5,25.7,24.8,28.8,26.33333333333333,27.257142857142856,27.814285714285713,0.0,6.7,23.2,7.6,9.966666666666667,16.685714285714283,19.157142857142855
2015-08-06,34.5,27.0,30.5,0.5,9.5,77,8,218,3,29.5,28.5,25.7,30.0,27.89999999999999,27.357142857142858,27.735714285714284,0.5,0.0,6.7,1.7,2.4,15.671428571428569,19.157142857142855
2015-08-07,35.3,26.9,30.8,3.0,10.4,77,8,219,3,30.5,29.5,28.5,27.6,29.49999999999999,27.428571428571427,27.849999999999998,0.5,0.5,0.0,6.6,0.3333333333333333,15.499999999999998,18.985714285714288
2015-08-08,35.0,26.8,30.6,2.8,9.8,77,8,220,3,30.8,30.5,29.5,25.4,30.266666666666662,27.885714285714283,27.957142857142856,3.0,0.5,0.5,71.0,1.3333333333333333,14.985714285714284,18.785714285714285
2015-08-09,33.0,25.8,28.7,2.6,11.0,82,8,221,3,30.6,30.8,30.5,24.8,30.633333333333326,28.62857142857143,28.07857142857143,2.8,3.0,0.5,23.2,2.1,5.242857142857141,18.349999999999998
2015-08-10,31.0,25.7,27.9,35.0,7.2,85,8,222,3,28.7,30.6,30.8,25.7,30.033333333333328,29.185714285714287,28.342857142857145,2.6,2.8,3.0,6.7,2.8000000000000003,2.299999999999998,13.028571428571428
2015-08-11,34.0,24.0,29.8,0.2,8.1,74,8,223,3,27.9,28.7,30.6,28.5,29.06666666666666,29.5,28.37142857142857,35.0,2.6,2.8,0.0,13.466666666666667,6.342857142857142,11.950000000000001
2015-08-12,32.8,26.2,29.2,3.7,8.2,81,8,224,3,29.8,27.9,28.7,29.5,28.799999999999994,29.685714285714287,28.471428571428568,0.2,35.0,2.6,0.5,12.600000000000001,6.371428571428571,11.528571428571428
2015-08-13,31.0,24.6,27.7,4.9,8.2,84,8,225,3,29.2,29.8,27.9,30.5,28.966666666666658,29.642857142857142,28.5,3.7,0.2,35.0,0.5,12.966666666666667,6.828571428571427,11.249999999999998
2015-08-14,32.7,24.6,28.4,4.2,9.3,79,8,226,3,27.7,29.2,29.8,30.8,28.899999999999995,29.242857142857144,28.33571428571429,4.9,3.7,0.2,3.0,2.9333333333333336,7.4571428571428555,11.478571428571428
2015-08-15,32.2,24.5,28.1,2.6,9.0,80,8,227,3,28.4,27.7,29.2,30.6,28.433333333333326,28.900000000000002,28.392857142857142,4.2,4.9,3.7,2.8,4.266666666666667,7.628571428571427,11.307142857142859
2015-08-16,32.2,24.8,28.9,2.9,8.6,77,8,228,3,28.1,28.4,27.7,28.7,28.06666666666666,28.542857142857144,28.58571428571429,2.6,4.2,4.9,2.6,3.9000000000000004,7.6,6.421428571428571
2015-08-17,33.2,23.8,28.5,0.4,8.9,77,8,229,3,28.9,28.1,28.4,27.9,28.466666666666658,28.571428571428573,28.87857142857143,2.9,2.6,4.2,35.0,3.233333333333333,7.6428571428571415,4.971428571428571
2015-08-18,34.9,25.3,30.3,0.0,10.5,69,8,230,3,28.5,28.9,28.1,29.8,28.49999999999999,28.657142857142862,29.07857142857143,0.4,2.9,2.6,0.2,1.9666666666666668,2.6999999999999993,4.521428571428571
2015-08-19,34.0,26.9,30.4,0.4,11.3,72,8,231,3,30.3,28.5,28.9,29.2,29.233333333333324,28.728571428571428,29.20714285714286,0.0,0.4,2.9,3.7,1.0999999999999999,2.671428571428571,4.521428571428571
2015-08-20,34.4,26.8,29.8,0.9,13.2,78,8,232,3,30.4,30.3,28.5,27.7,29.733333333333324,28.900000000000002,29.271428571428572,0.4,0.0,0.4,4.9,0.26666666666666666,2.199999999999999,4.514285714285714
2015-08-21,30.5,24.7,27.1,1.4,11.1,81,8,233,3,29.8,30.4,30.3,28.4,30.166666666666657,29.199999999999996,29.22142857142857,0.9,0.4,0.0,4.2,0.43333333333333335,1.6285714285714277,4.542857142857143
2015-08-22,31.4,24.3,27.2,2.2,12.5,81,8,234,3,27.1,29.8,30.4,28.1,29.099999999999994,29.014285714285716,28.95714285714286,1.4,0.9,0.4,2.6,0.9,1.2285714285714275,4.428571428571429
2015-08-23,30.8,22.8,26.7,4.1,10.8,81,8,235,3,27.2,27.1,29.8,28.9,28.033333333333328,28.885714285714283,28.714285714285715,2.2,1.4,0.9,2.9,1.5,1.1714285714285706,4.385714285714286
2015-08-24,30.3,22.9,26.7,6.6,10.9,75,8,236,3,26.7,27.2,27.1,28.5,26.99999999999999,28.571428571428573,28.571428571428573,4.1,2.2,1.4,0.4,2.5666666666666664,1.3428571428571419,4.492857142857143
2015-08-25,35.0,21.9,28.6,0.0,7.5,66,8,237,3,26.7,26.7,27.2,30.3,26.86666666666666,28.314285714285717,28.485714285714288,6.6,4.1,2.2,0.0,4.3,2.2285714285714273,2.4642857142857144
2015-08-26,34.9,24.8,30.2,0.0,11.5,65,8,238,3,28.6,26.7,26.7,30.4,27.333333333333325,28.071428571428573,28.400000000000002,0.0,6.6,4.1,0.4,3.5666666666666664,2.2285714285714273,2.4499999999999997
2015-08-27,32.6,24.7,28.8,5.4,10.9,73,8,239,3,30.2,28.6,26.7,29.8,28.49999999999999,28.042857142857144,28.47142857142857,0.0,0.0,6.6,0.9,2.1999999999999997,2.1714285714285704,2.185714285714286
2015-08-28,34.2,24.2,29.1,0.0,11.7,68,8,240,3,28.8,30.2,28.6,27.1,29.199999999999992,27.9,28.55,5.4,0.0,0.0,1.4,1.8,2.8142857142857136,2.2214285714285715
2015-08-29,34.7,25.9,29.9,0.2,13.8,64,8,241,3,29.1,28.8,30.2,27.2,29.36666666666666,28.185714285714283,28.599999999999998,0.0,5.4,0.0,2.2,1.8,2.614285714285713,1.9214285714285713
2015-08-30,33.8,25.9,29.2,1.5,9.8,65,8,242,3,29.9,29.1,28.8,26.7,29.266666666666662,28.571428571428573,28.728571428571428,0.2,0.0,5.4,4.1,1.866666666666667,2.328571428571428,1.75
2015-08-31,32.2,22.5,27.5,11.3,8.4,68,8,243,3,29.2,29.9,29.1,26.7,29.399999999999995,28.928571428571427,28.75,1.5,0.2,0.0,6.6,0.5666666666666667,1.957142857142856,1.6500000000000001
2015-09-01,35.0,20.9,28.4,0.0,9.9,55,9,244,4,27.5,29.2,29.9,28.6,28.866666666666656,29.042857142857144,28.678571428571427,11.3,1.5,0.2,0.0,4.333333333333333,2.6285714285714272,2.4285714285714284
2015-09-02,34.1,22.5,28.9,0.0,10.6,59,9,245,4,28.4,27.5,29.2,30.2,28.36666666666666,29.014285714285712,28.54285714285714,0.0,11.3,1.5,0.0,4.266666666666667,2.6285714285714272,2.4285714285714284
2015-09-03,31.3,23.8,27.6,3.8,9.4,66,9,246,4,28.9,28.4,27.5,28.8,28.266666666666662,28.828571428571426,28.435714285714287,0.0,0.0,11.3,5.4,3.766666666666667,2.6285714285714272,2.4
2015-09-04,32.6,22.9,27.6,0.4,8.4,68,9,247,4,27.6,28.9,28.4,29.1,28.299999999999994,28.657142857142855,28.27857142857143,3.8,0.0,0.0,0.0,1.2666666666666666,2.399999999999999,2.607142857142857
2015-09-05,33.1,21.8,27.4,0.8,10.4,61,9,248,4,27.6,27.6,28.9,29.9,28.033333333333328,28.442857142857147,28.314285714285713,0.4,3.8,0.0,0.2,1.4000000000000001,2.457142857142856,2.5357142857142856
2015-09-06,31.8,21.4,27.2,0.0,12.0,62,9,249,4,27.4,27.6,27.6,29.2,27.533333333333328,28.085714285714285,28.328571428571426,0.8,0.4,3.8,1.5,1.6666666666666667,2.542857142857142,2.435714285714286
2015-09-07,31.6,22.6,26.5,1.1,11.1,66,9,250,4,27.2,27.4,27.6,27.5,27.39999999999999,27.8,28.364285714285717,0.0,0.8,0.4,11.3,0.4000000000000001,2.328571428571428,2.142857142857143
2015-09-08,33.9,20.2,26.8,0.0,10.6,54,9,251,4,26.5,27.2,27.4,28.4,27.033333333333328,27.657142857142862,28.35,1.1,0.0,0.8,0.0,0.6333333333333334,0.8714285714285703,1.75
2015-09-09,34.9,19.5,27.4,0.0,11.0,46,9,252,4,26.8,26.5,27.2,28.9,26.833333333333325,27.428571428571427,28.221428571428568,0.0,1.1,0.0,0.0,0.36666666666666675,0.8714285714285703,1.75
2015-09-10,34.8,20.6,27.6,0.0,9.7,47,9,253,4,27.4,26.8,26.5,27.6,26.89999999999999,27.214285714285715,28.021428571428572,0.0,0.0,1.1,3.8,0.36666666666666675,0.8714285714285703,1.75
2015-09-11,36.0,20.3,28.1,0.0,8.8,50,9,254,4,27.6,27.4,26.8,27.6,27.266666666666662,27.214285714285715,27.935714285714283,0.0,0.0,0.0,0.4,0.0,0.32857142857142757,1.3642857142857143
2015-09-12,35.8,21.9,28.8,0.0,11.0,49,9,255,4,28.1,27.6,27.4,27.4,27.699999999999992,27.285714285714285,27.864285714285717,0.0,0.0,0.0,0.8,0.0,0.27142857142857046,1.3642857142857143
2015-09-13,34.8,22.2,28.9,0.0,6.9,55,9,256,4,28.8,28.1,27.6,27.2,28.16666666666666,27.485714285714288,27.785714285714285,0.0,0.0,0.0,0.0,0.0,0.15714285714285614,1.3499999999999999
2015-09-14,35.3,23.3,29.1,0.7,12.3,53,9,257,4,28.9,28.8,28.1,26.5,28.599999999999994,27.728571428571428,27.764285714285712,0.0,0.0,0.0,1.1,0.0,0.15714285714285614,1.2428571428571427
2015-09-15,33.5,23.5,28.2,0.7,11.5,56,9,258,4,29.1,28.9,28.8,26.8,28.933333333333326,28.099999999999998,27.87857142857143,0.7,0.0,0.0,0.0,0.2333333333333334,0.09999999999999898,0.4857142857142857
2015-09-16,34.0,23.1,28.3,0.9,7.4,55,9,259,4,28.2,29.1,28.9,27.4,28.73333333333333,28.300000000000004,27.864285714285717,0.7,0.7,0.0,0.0,0.46666666666666673,0.19999999999999898,0.5357142857142857
2015-09-17,34.1,23.9,28.8,0.0,8.4,52,9,260,4,28.3,28.2,29.1,27.6,28.533333333333328,28.428571428571427,27.821428571428573,0.9,0.7,0.7,0.0,0.7666666666666667,0.3285714285714275,0.6
2015-09-18,35.8,22.0,28.4,0.7,9.4,52,9,261,4,28.8,28.3,28.2,28.1,28.433333333333326,28.6,27.907142857142862,0.0,0.9,0.7,0.0,0.5333333333333333,0.3285714285714275,0.3285714285714286
2015-09-19,35.1,22.7,28.8,0.0,8.2,50,9,262,4,28.4,28.8,28.3,28.8,28.49999999999999,28.642857142857142,27.964285714285715,0.7,0.0,0.9,0.0,0.5333333333333333,0.42857142857142755,0.35
2015-09-20,31.8,22.2,26.9,0.4,12.2,53,9,263,4,28.8,28.4,28.8,28.9,28.66666666666666,28.642857142857142,28.064285714285717,0.0,0.7,0.0,0.0,0.2333333333333334,0.42857142857142755,0.2928571428571428
2015-09-21,34.7,20.5,28.2,0.0,9.7,44,9,264,4,26.9,28.8,28.4,29.1,28.033333333333328,28.357142857142858,28.04285714285714,0.4,0.0,0.7,0.7,0.3666666666666667,0.4857142857142847,0.32142857142857145
2015-09-22,29.1,22.3,25.9,0.5,11.2,53,9,265,4,28.2,26.9,28.8,28.2,27.966666666666658,28.228571428571428,28.16428571428571,0.0,0.4,0.0,0.7,0.13333333333333341,0.38571428571428473,0.24285714285714285
2015-09-23,27.8,21.6,24.4,0.9,10.5,68,9,266,4,25.9,28.2,26.9,28.3,26.99999999999999,27.9,28.1,0.5,0.0,0.4,0.9,0.3000000000000001,0.35714285714285615,0.2785714285714286
2015-09-24,32.8,20.5,26.4,0.0,11.0,58,9,267,4,24.4,25.9,28.2,28.8,26.166666666666657,27.342857142857145,27.885714285714283,0.9,0.5,0.0,0.0,0.4666666666666668,0.35714285714285615,0.34285714285714286
2015-09-25,32.8,21.2,27.1,0.0,11.2,57,9,268,4,26.4,24.4,25.9,28.4,25.56666666666666,27.0,27.800000000000004,0.0,0.9,0.5,0.7,0.4666666666666668,0.35714285714285615,0.34285714285714286
2015-09-26,31.6,22.1,26.4,1.1,8.7,53,9,269,4,27.1,26.4,24.4,28.8,25.966666666666658,26.814285714285717,27.728571428571428,0.0,0.0,0.9,0.0,0.3000000000000001,0.2571428571428561,0.34285714285714286
2015-09-27,30.2,20.5,25.2,1.5,8.3,57,9,270,4,26.4,27.1,26.4,26.9,26.633333333333326,26.47142857142857,27.557142857142853,1.1,0.0,0.0,0.4,0.36666666666666675,0.41428571428571326,0.42142857142857143
2015-09-28,30.4,19.3,23.9,9.5,14.1,61,9,271,4,25.2,26.4,27.1,28.2,26.233333333333324,26.228571428571428,27.292857142857144,1.5,1.1,0.0,0.0,0.8666666666666668,0.5714285714285704,0.5285714285714286
2015-09-29,29.5,17.8,23.6,0.0,8.0,60,9,272,4,23.9,25.2,26.4,25.9,25.166666666666657,25.614285714285717,26.92142857142857,9.5,1.5,1.1,0.5,4.033333333333334,1.9285714285714275,1.157142857142857
2015-09-30,33.0,17.7,25.0,0.0,8.4,51,9,273,4,23.6,23.9,25.2,24.4,24.233333333333324,25.285714285714285,26.592857142857145,0.0,9.5,1.5,0.9,3.6666666666666674,1.857142857142856,1.1071428571428572
2015-10-01,34.1,17.4,25.6,0.0,7.9,47,10,274,4,25.0,23.6,23.9,26.4,24.166666666666657,25.37142857142857,26.357142857142858,0.0,0.0,9.5,0.0,3.1666666666666674,1.7285714285714275,1.042857142857143
2015-10-02,34.1,17.5,26.3,0.0,7.6,43,10,275,4,25.6,25.0,23.6,27.1,24.73333333333333,25.257142857142856,26.128571428571426,0.0,0.0,0.0,0.0,0.0,1.7285714285714275,1.042857142857143
2015-10-03,34.4,17.4,25.8,0.0,8.0,44,10,276,4,26.3,25.6,25.0,26.4,25.633333333333326,25.142857142857142,25.978571428571428,0.0,0.0,0.0,1.1,0.0,1.7285714285714275,0.9928571428571429
2015-10-04,33.9,17.1,26.0,0.0,8.0,35,10,277,4,25.8,26.3,25.6,25.2,25.89999999999999,25.057142857142857,25.764285714285712,0.0,0.0,0.0,1.5,0.0,1.5714285714285705,0.9928571428571429
2015-10-05,33.3,18.7,26.0,0.0,8.7,47,10,278,4,26.0,25.8,26.3,23.9,26.033333333333328,25.17142857142857,25.7,0.0,0.0,0.0,9.5,0.0,1.357142857142856,0.9642857142857143
2015-10-06,31.9,19.5,25.3,0.0,10.2,54,10,279,4,26.0,26.0,25.8,23.6,25.933333333333326,25.471428571428568,25.542857142857144,0.0,0.0,0.0,0.0,0.0,0.0,0.9642857142857143
2015-10-07,33.9,18.5,25.9,0.0,7.6,49,10,280,4,25.3,26.0,26.0,25.0,25.766666666666662,25.714285714285715,25.5,0.0,0.0,0.0,0.0,0.0,0.0,0.9285714285714286
2015-10-08,34.7,18.0,26.5,0.0,7.2,45,10,281,4,25.9,25.3,26.0,25.6,25.73333333333333,25.842857142857145,25.607142857142858,0.0,0.0,0.0,0.0,0.0,0.0,0.8642857142857142
2015-10-09,34.9,17.9,26.6,0.0,7.8,40,10,282,4,26.5,25.9,25.3,26.3,25.899999999999995,25.97142857142857,25.614285714285717,0.0,0.0,0.0,0.0,0.0,0.0,0.8642857142857142
2015-10-10,33.7,19.8,26.9,0.0,8.4,48,10,283,4,26.6,26.5,25.9,25.8,26.333333333333325,26.014285714285712,25.57857142857143,0.0,0.0,0.0,0.0,0.0,0.0,0.8642857142857142
2015-10-11,34.1,21.1,27.8,0.0,9.2,53,10,284,4,26.9,26.6,26.5,26.0,26.666666666666657,26.171428571428574,25.614285714285717,0.0,0.0,0.0,0.0,0.0,0.0,0.7857142857142857
2015-10-12,33.9,23.0,28.4,0.1,7.6,53,10,285,4,27.8,26.9,26.6,26.0,27.099999999999994,26.428571428571427,25.8,0.0,0.0,0.0,0.0,0.0,0.0,0.6785714285714286
2015-10-13,33.5,21.9,27.4,0.8,8.9,56,10,286,4,28.4,27.8,26.9,25.3,27.699999999999992,26.771428571428572,26.12142857142857,0.1,0.0,0.0,0.0,0.03333333333333393,0.014285714285713272,0.0071428571428571435
2015-10-14,29.0,20.9,24.5,2.6,9.0,68,10,287,4,27.4,28.4,27.8,25.9,27.86666666666666,27.071428571428573,26.392857142857142,0.8,0.1,0.0,0.0,0.3000000000000006,0.12857142857142756,0.0642857142857143
2015-10-15,29.5,18.0,24.1,0.3,8.3,70,10,288,4,24.5,27.4,28.4,26.5,26.766666666666662,26.87142857142857,26.357142857142858,2.6,0.8,0.1,0.0,1.1666666666666672,0.499999999999999,0.25
2015-10-16,29.4,19.1,23.8,4.1,9.5,69,10,289,4,24.1,24.5,27.4,26.6,25.333333333333325,26.52857142857143,26.25,0.3,2.6,0.8,0.0,1.2333333333333338,0.5428571428571418,0.2714285714285714
2015-10-17,31.8,17.2,24.5,0.0,7.6,55,10,290,4,23.8,24.1,24.5,26.9,24.133333333333326,26.12857142857143,26.071428571428573,4.1,0.3,2.6,0.0,2.333333333333334,1.1285714285714274,0.5642857142857143
2015-10-18,28.3,18.5,23.3,8.5,7.1,62,10,291,4,24.5,23.8,24.1,27.8,24.133333333333326,25.785714285714285,25.978571428571428,0.0,4.1,0.3,0.0,1.4666666666666675,1.1285714285714274,0.5642857142857143
2015-10-19,21.5,16.5,19.2,4.1,9.7,79,10,292,4,23.3,24.5,23.8,28.4,23.86666666666666,25.142857142857142,25.785714285714285,8.5,0.0,4.1,0.1,4.2,2.3428571428571416,1.1714285714285713
2015-10-20,25.5,14.3,19.4,1.2,7.6,68,10,293,4,19.2,23.3,24.5,27.4,22.333333333333325,23.82857142857143,25.3,4.1,8.5,0.0,0.8,4.2,2.9142857142857133,1.4642857142857142
2015-10-21,28.2,13.0,20.1,0.0,8.0,54,10,294,4,19.4,19.2,23.3,24.5,20.633333333333326,22.685714285714287,24.878571428571426,1.2,4.1,8.5,2.6,4.6000000000000005,2.9714285714285706,1.55
2015-10-22,28.5,13.0,20.2,0.0,7.6,54,10,295,4,20.1,19.4,19.2,24.1,19.56666666666666,22.057142857142857,24.464285714285715,0.0,1.2,4.1,0.3,1.7666666666666673,2.5999999999999988,1.55
2015-10-23,28.6,13.5,21.2,0.0,7.2,53,10,296,4,20.2,20.1,19.4,23.8,19.89999999999999,21.5,24.014285714285712,0.0,0.0,1.2,4.1,0.4000000000000006,2.557142857142856,1.55
2015-10-24,23.9,17.4,19.8,2.9,9.2,64,10,297,4,21.2,20.2,20.1,24.5,20.499999999999993,21.128571428571426,23.628571428571426,0.0,0.0,0.0,0.0,0.0,1.9714285714285702,1.55
2015-10-25,16.4,15.0,15.8,18.0,10.0,87,10,298,4,19.8,21.2,20.2,23.3,20.39999999999999,20.457142857142856,23.12142857142857,2.9,0.0,0.0,8.5,0.9666666666666672,2.385714285714284,1.757142857142857
2015-10-26,17.8,12.4,15.1,5.7,7.7,84,10,299,4,15.8,19.8,21.2,19.2,18.933333333333326,19.385714285714283,22.264285714285712,18.0,2.9,0.0,4.1,6.966666666666668,3.742857142857141,3.0428571428571423
2015-10-27,24.0,11.2,16.5,0.0,12.7,61,10,300,4,15.1,15.8,19.8,19.4,16.899999999999995,18.8,21.314285714285717,5.7,18.0,2.9,1.2,8.866666666666667,3.9714285714285693,3.4428571428571426
2015-10-28,25.4,9.8,16.7,0.0,8.3,48,10,301,4,16.5,15.1,15.8,20.1,15.799999999999992,18.385714285714283,20.535714285714285,0.0,5.7,18.0,0.0,7.900000000000001,3.799999999999998,3.3857142857142857
2015-10-29,24.9,9.9,17.5,0.0,7.6,55,10,302,4,16.7,16.5,15.1,20.2,16.099999999999994,17.900000000000002,19.978571428571428,0.0,0.0,5.7,0.0,1.9000000000000012,3.799999999999998,3.1999999999999997
2015-10-30,23.7,14.7,18.7,0.0,7.3,60,10,303,4,17.5,16.7,16.5,21.2,16.89999999999999,17.514285714285716,19.507142857142856,0.0,0.0,0.0,0.0,0.0,3.799999999999998,3.1785714285714284
2015-10-31,24.3,13.6,18.6,0.0,6.6,69,10,304,4,18.7,17.5,16.7,19.8,17.633333333333326,17.157142857142855,19.142857142857142,0.0,0.0,0.0,2.9,0.0,3.799999999999998,2.8857142857142857
2015-11-01,24.0,13.8,18.7,0.0,5.9,69,11,305,4,18.6,18.7,17.5,15.8,18.26666666666666,16.985714285714288,18.72142857142857,0.0,0.0,0.0,18.0,0.0,3.385714285714284,2.8857142857142857
2015-11-02,25.1,14.1,19.5,0.0,8.2,66,11,306,4,18.7,18.6,18.7,15.1,18.66666666666666,17.4,18.392857142857142,0.0,0.0,0.0,5.7,0.0,0.8142857142857128,2.2785714285714285
2015-11-03,21.9,15.6,18.4,3.5,8.4,70,11,307,4,19.5,18.7,18.6,16.5,18.933333333333326,18.02857142857143,18.414285714285715,0.0,0.0,0.0,0.0,0.0,0.0,1.9857142857142855
2015-11-04,19.3,14.7,16.5,11.5,9.6,89,11,308,4,18.4,19.5,18.7,16.7,18.86666666666666,18.3,18.342857142857145,3.5,0.0,0.0,0.0,1.1666666666666679,0.4999999999999985,2.15
2015-11-05,21.1,11.3,16.2,8.6,8.3,74,11,309,4,16.5,18.4,19.5,17.5,18.133333333333326,18.27142857142857,18.085714285714285,11.5,3.5,0.0,0.0,5.000000000000001,2.1428571428571415,2.971428571428571
2015-11-06,22.9,9.2,15.3,0.0,8.3,61,11,310,4,16.2,16.5,18.4,18.7,17.033333333333324,18.085714285714285,17.8,8.6,11.5,3.5,0.0,7.866666666666667,3.3714285714285697,3.5857142857142854
2015-11-07,23.2,9.4,15.7,0.0,8.3,58,11,311,4,15.3,16.2,16.5,18.6,15.999999999999991,17.6,17.37857142857143,0.0,8.6,11.5,0.0,6.7,3.3714285714285697,3.5857142857142854
2015-11-08,23.3,9.7,16.0,0.3,7.9,58,11,312,4,15.7,15.3,16.2,18.7,15.733333333333325,17.185714285714287,17.085714285714285,0.0,0.0,8.6,0.0,2.8666666666666676,3.3714285714285697,3.3785714285714286
2015-11-09,19.0,12.3,15.7,1.9,12.0,65,11,313,4,16.0,15.7,15.3,19.5,15.666666666666659,16.8,17.1,0.3,0.0,0.0,0.0,0.10000000000000119,3.4142857142857124,2.1142857142857143
2015-11-10,16.3,9.7,13.4,4.4,10.0,79,11,314,4,15.7,16.0,15.7,18.4,15.799999999999992,16.257142857142856,17.142857142857142,1.9,0.3,0.0,3.5,0.7333333333333344,3.685714285714284,1.842857142857143
2015-11-11,20.8,9.3,14.9,0.0,9.1,70,11,315,4,13.4,15.7,16.0,16.5,15.033333333333326,15.542857142857143,16.92142857142857,4.4,1.9,0.3,11.5,2.200000000000001,3.8142857142857127,2.157142857142857
2015-11-12,19.9,12.3,15.1,12.4,8.6,78,11,316,4,14.9,13.4,15.7,16.2,14.666666666666659,15.314285714285715,16.79285714285714,0.0,4.4,1.9,8.6,2.100000000000001,2.17142857142857,2.157142857142857
2015-11-13,20.5,11.6,16.0,0.2,9.4,77,11,317,4,15.1,14.9,13.4,15.3,14.46666666666666,15.157142857142857,16.62142857142857,12.4,0.0,4.4,0.0,5.600000000000001,2.714285714285713,3.042857142857143
2015-11-14,23.6,9.6,15.4,0.0,8.8,69,11,318,4,16.0,15.1,14.9,15.7,15.333333333333327,15.257142857142858,16.428571428571427,0.2,12.4,0.0,0.0,4.2,2.7428571428571416,3.0571428571428574
2015-11-15,22.2,9.2,14.8,0.0,8.3,65,11,319,4,15.4,16.0,15.1,16.0,15.499999999999993,15.214285714285714,16.2,0.0,0.2,12.4,0.3,4.2,2.7428571428571416,3.0571428571428574
2015-11-16,23.1,7.7,14.3,0.0,10.1,58,11,320,4,14.8,15.4,16.0,15.7,15.399999999999991,15.042857142857143,15.921428571428573,0.0,0.0,0.2,1.9,0.06666666666666726,2.699999999999999,3.0571428571428574
2015-11-17,23.1,7.1,14.3,0.0,8.7,54,11,321,4,14.3,14.8,15.4,13.4,14.833333333333327,14.842857142857143,15.549999999999999,0.0,0.0,0.0,4.4,0.0,2.4285714285714275,3.0571428571428574
2015-11-18,23.8,7.6,14.8,0.0,8.0,58,11,322,4,14.3,14.3,14.8,14.9,14.46666666666666,14.971428571428573,15.257142857142856,0.0,0.0,0.0,0.0,0.0,1.7999999999999985,2.8071428571428574
2015-11-19,22.6,8.4,15.2,0.0,7.6,67,11,323,4,14.8,14.3,14.3,15.1,14.46666666666666,14.957142857142857,15.135714285714286,0.0,0.0,0.0,12.4,0.0,1.7999999999999987,1.9857142857142858
2015-11-20,22.7,9.2,15.3,0.0,7.3,71,11,324,4,15.2,14.8,14.3,16.0,14.766666666666659,14.971428571428573,15.064285714285715,0.0,0.0,0.0,0.2,0.0,0.02857142857142705,1.3714285714285717
2015-11-21,23.0,8.3,15.3,0.0,7.3,67,11,325,4,15.3,15.2,14.8,15.4,15.099999999999993,14.871428571428572,15.064285714285715,0.0,0.0,0.0,0.0,0.0,0.0,1.3714285714285717
2015-11-22,22.5,9.4,14.9,0.0,7.7,65,11,326,4,15.3,15.3,15.2,14.8,15.266666666666659,14.857142857142858,15.035714285714286,0.0,0.0,0.0,0.0,0.0,0.0,1.3714285714285717
2015-11-23,21.9,10.6,15.4,0.0,10.5,62,11,327,4,14.9,15.3,15.3,14.3,15.166666666666659,14.871428571428572,14.957142857142857,0.0,0.0,0.0,0.0,0.0,0.0,1.35
2015-11-24,22.4,7.7,14.4,0.0,9.7,58,11,328,4,15.4,14.9,15.3,14.3,15.199999999999994,15.028571428571428,14.935714285714287,0.0,0.0,0.0,0.0,0.0,0.0,1.2142857142857142
2015-11-25,21.3,8.6,14.1,0.0,9.7,57,11,329,4,14.4,15.4,14.9,14.8,14.899999999999991,15.042857142857143,15.007142857142858,0.0,0.0,0.0,0.0,0.0,0.0,0.9000000000000001
2015-11-26,21.5,8.0,13.2,0.0,15.9,55,11,330,4,14.1,14.4,15.4,15.2,14.633333333333326,14.942857142857145,14.950000000000001,0.0,0.0,0.0,0.0,0.0,0.0,0.9000000000000001
2015-11-27,21.0,5.6,12.7,0.0,8.3,50,11,331,4,13.2,14.1,14.4,15.3,13.899999999999991,14.657142857142857,14.814285714285715,0.0,0.0,0.0,0.0,0.0,0.0,0.014285714285714287
2015-11-28,21.7,5.7,12.7,0.0,8.7,55,11,332,4,12.7,13.2,14.1,15.3,13.333333333333327,14.285714285714286,14.578571428571431,0.0,0.0,0.0,0.0,0.0,0.0,0.0
2015-11-29,22.7,7.1,13.7,0.0,9.0,56,11,333,4,12.7,12.7,13.2,14.9,12.866666666666658,13.914285714285715,14.385714285714286,0.0,0.0,0.0,0.0,0.0,0.0,0.0
2015-11-30,23.5,8.3,14.6,0.0,10.1,53,11,334,4,13.7,12.7,12.7,15.4,13.033333333333324,13.742857142857144,14.307142857142855,0.0,0.0,0.0,0.0,0.0,0.0,0.0
2015-12-01,22.3,8.9,14.5,0.0,9.4,53,12,335,1,14.6,13.7,12.7,14.4,13.666666666666657,13.628571428571428,14.328571428571431,0.0,0.0,0.0,0.0,0.0,0.0,0.0
2015-12-02,22.5,7.9,14.2,0.0,8.0,52,12,336,1,14.5,14.6,13.7,14.1,14.266666666666659,13.642857142857142,14.342857142857143,0.0,0.0,0.0,0.0,0.0,0.0,0.0
2015-12-03,23.1,6.7,14.2,0.0,7.6,56,12,337,1,14.2,14.5,14.6,13.2,14.433333333333325,13.657142857142857,14.299999999999999,0.0,0.0,0.0,0.0,0.0,0.0,0.0
2015-12-04,22.8,10.4,15.7,0.0,6.6,58,12,338,1,14.2,14.2,14.5,12.7,14.299999999999992,13.799999999999999,14.228571428571428,0.0,0.0,0.0,0.0,0.0,0.0,0.0
2015-12-05,21.7,10.0,15.5,0.0,6.5,67,12,339,1,15.7,14.2,14.2,12.7,14.69999999999999,14.228571428571428,14.257142857142856,0.0,0.0,0.0,0.0,0.0,0.0,0.0
2015-12-06,24.1,11.4,17.2,0.0,7.6,63,12,340,1,15.5,15.7,14.2,13.7,15.133333333333326,14.628571428571428,14.271428571428572,0.0,0.0,0.0,0.0,0.0,0.0,0.0
2015-12-07,21.9,10.2,15.7,0.0,7.1,66,12,341,1,17.2,15.5,15.7,14.6,16.133333333333326,15.128571428571428,14.435714285714285,0.0,0.0,0.0,0.0,0.0,0.0,0.0
2015-12-08,22.4,9.1,15.6,0.0,6.9,65,12,342,1,15.7,17.2,15.5,14.5,16.133333333333326,15.285714285714286,14.457142857142856,0.0,0.0,0.0,0.0,0.0,0.0,0.0
2015-12-09,16.3,11.0,13.4,7.7,8.7,76,12,343,1,15.6,15.7,17.2,14.2,16.16666666666666,15.442857142857141,14.542857142857143,0.0,0.0,0.0,0.0,0.0,0.0,0.0
2015-12-10,14.3,9.5,12.1,8.2,12.9,82,12,344,1,13.4,15.6,15.7,14.2,14.899999999999991,15.328571428571427,14.492857142857142,7.7,0.0,0.0,0.0,2.5666666666666673,1.0999999999999985,0.55
2015-12-11,15.2,2.9,10.0,0.0,22.4,22,12,345,1,12.1,13.4,15.6,15.7,13.69999999999999,15.028571428571427,14.414285714285715,8.2,7.7,0.0,0.0,5.300000000000001,2.2714285714285696,1.1357142857142857
2015-12-12,16.2,-1.4,7.0,0.0,8.7,41,12,346,1,10.0,12.1,13.4,15.5,11.833333333333323,14.214285714285714,14.221428571428572,0.0,8.2,7.7,0.0,5.300000000000001,2.2714285714285696,1.1357142857142857
2015-12-13,17.5,1.3,8.4,0.0,8.6,51,12,347,1,7.0,10.0,12.1,17.2,9.69999999999999,13.0,13.814285714285715,0.0,0.0,8.2,0.0,2.7333333333333343,2.2714285714285696,1.1357142857142857
2015-12-14,17.6,1.0,8.0,0.0,9.4,50,12,348,1,8.4,7.0,10.0,15.7,8.466666666666658,11.742857142857144,13.435714285714285,0.0,0.0,0.0,0.0,0.0,2.2714285714285696,1.1357142857142857
2015-12-15,17.6,0.9,8.5,0.0,8.6,48,12,349,1,8.0,8.4,7.0,15.6,7.799999999999993,10.642857142857142,12.964285714285714,0.0,0.0,0.0,0.0,0.0,2.2714285714285696,1.1357142857142857
2015-12-16,16.8,3.0,9.6,0.0,8.0,54,12,350,1,8.5,8.0,8.4,13.4,8.299999999999992,9.62857142857143,12.535714285714286,0.0,0.0,0.0,7.7,0.0,2.2714285714285696,1.1357142857142857
2015-12-17,17.1,4.3,10.6,0.0,7.0,51,12,351,1,9.6,8.5,8.0,12.1,8.699999999999992,9.085714285714285,12.207142857142857,0.0,0.0,0.0,8.2,0.0,1.1714285714285697,1.1357142857142857
2015-12-18,16.8,3.4,9.2,0.0,7.6,54,12,352,1,10.6,9.6,8.5,10.0,9.566666666666658,8.871428571428572,11.950000000000001,0.0,0.0,0.0,0.0,0.0,0.0,1.1357142857142857
2015-12-19,16.5,2.9,9.8,0.0,6.9,58,12,353,1,9.2,10.6,9.6,7.0,9.79999999999999,8.757142857142856,11.485714285714284,0.0,0.0,0.0,0.0,0.0,0.0,1.1357142857142857
2015-12-20,17.0,3.8,9.6,0.0,8.7,56,12,354,1,9.8,9.2,10.6,8.4,9.866666666666658,9.157142857142857,11.078571428571427,0.0,0.0,0.0,0.0,0.0,0.0,1.1357142857142857
2015-12-21,16.8,1.9,9.4,0.0,7.9,50,12,355,1,9.6,9.8,9.2,8.0,9.533333333333324,9.328571428571427,10.535714285714286,0.0,0.0,0.0,0.0,0.0,0.0,1.1357142857142857
2015-12-22,12.3,4.6,8.8,1.2,8.0,66,12,356,1,9.4,9.6,9.8,8.5,9.599999999999993,9.528571428571427,10.085714285714287,0.0,0.0,0.0,0.0,0.0,0.0,1.1357142857142857
2015-12-23,13.9,0.8,6.7,0.0,12.6,59,12,357,1,8.8,9.4,9.6,9.6,9.266666666666659,9.571428571428571,9.6,1.2,0.0,0.0,0.0,0.4000000000000012,0.1714285714285699,1.2214285714285713
2015-12-24,15.9,-0.4,7.2,0.0,8.3,43,12,358,1,6.7,8.8,9.4,10.6,8.299999999999992,9.157142857142858,9.121428571428572,0.0,1.2,0.0,0.0,0.4000000000000012,0.1714285714285699,0.6714285714285714
2015-12-25,16.1,2.2,8.7,0.0,7.6,52,12,359,1,7.2,6.7,8.8,9.2,7.566666666666658,8.671428571428573,8.77142857142857,0.0,0.0,1.2,0.0,0.4000000000000012,0.1714285714285699,0.08571428571428572
2015-12-26,18.5,4.9,10.9,0.0,7.1,55,12,360,1,8.7,7.2,6.7,9.8,7.533333333333324,8.6,8.678571428571429,0.0,0.0,0.0,0.0,0.0,0.1714285714285699,0.08571428571428572
2015-12-27,20.1,3.9,11.2,0.0,8.0,63,12,361,1,10.9,8.7,7.2,9.6,8.933333333333325,8.757142857142856,8.957142857142857,0.0,0.0,0.0,0.0,0.0,0.1714285714285699,0.08571428571428572
2015-12-28,21.0,6.0,12.1,0.0,9.5,66,12,362,1,11.2,10.9,8.7,9.4,10.266666666666657,8.985714285714286,9.157142857142857,0.0,0.0,0.0,0.0,0.0,0.1714285714285699,0.08571428571428572
2015-12-29,20.8,5.1,11.5,0.0,8.8,60,12,363,1,12.1,11.2,10.9,8.8,11.399999999999991,9.37142857142857,9.45,0.0,0.0,0.0,1.2,0.0,0.1714285714285699,0.08571428571428572
2015-12-30,20.1,4.1,10.5,0.0,9.4,50,12,364,1,11.5,12.1,11.2,6.7,11.599999999999993,9.757142857142856,9.664285714285713,0.0,0.0,0.0,0.0,0.0,0.0,0.08571428571428572
2015-12-31,19.9,3.3,10.7,0.0,9.0,46,12,365,1,10.5,11.5,12.1,7.2,11.366666666666658,10.299999999999999,9.728571428571428,0.0,0.0,0.0,0.0,0.0,0.0,0.08571428571428572
2016-01-01,20.5,6.8,12.5,0.0,7.6,52,1,1,1,10.7,10.5,11.5,8.7,10.899999999999991,10.799999999999999,9.735714285714286,0.0,0.0,0.0,0.0,0.0,0.0,0.08571428571428572
2016-01-02,19.3,5.0,11.2,0.0,8.4,55,1,2,1,12.5,10.7,10.5,10.9,11.233333333333325,11.342857142857142,9.971428571428572,0.0,0.0,0.0,0.0,0.0,0.0,0.08571428571428572
2016-01-03,20.4,5.2,12.6,0.0,8.7,62,1,3,1,11.2,12.5,10.7,11.2,11.466666666666656,11.385714285714286,10.071428571428571,0.0,0.0,0.0,0.0,0.0,0.0,0.08571428571428572
2016-01-04,15.1,9.8,12.8,0.3,7.3,75,1,4,1,12.6,11.2,12.5,12.1,12.099999999999993,11.585714285714285,10.285714285714286,0.0,0.0,0.0,0.0,0.0,0.0,0.08571428571428572
2016-01-05,18.8,5.6,11.6,0.0,7.7,72,1,5,1,12.8,12.6,11.2,11.5,12.199999999999994,11.685714285714287,10.528571428571427,0.3,0.0,0.0,0.0,0.10000000000000119,0.04285714285714133,0.10714285714285714
2016-01-06,17.8,5.7,10.9,0.0,8.0,65,1,6,1,11.6,12.8,12.6,10.5,12.333333333333323,11.700000000000001,10.72857142857143,0.0,0.3,0.0,0.0,0.10000000000000119,0.04285714285714133,0.02142857142857143
2016-01-07,18.5,5.2,11.6,0.0,7.9,58,1,7,1,10.9,11.6,12.8,10.7,11.766666666666659,11.757142857142858,11.028571428571427,0.0,0.0,0.3,0.0,0.10000000000000119,0.04285714285714133,0.02142857142857143
2016-01-08,17.9,5.5,11.1,0.0,7.8,61,1,8,1,11.6,10.9,11.6,12.5,11.366666666666658,11.885714285714286,11.342857142857143,0.0,0.0,0.0,0.0,0.0,0.04285714285714133,0.02142857142857143
2016-01-09,18.7,3.3,10.9,0.0,7.2,61,1,9,1,11.1,11.6,10.9,11.2,11.19999999999999,11.685714285714285,11.514285714285714,0.0,0.0,0.0,0.0,0.0,0.04285714285714133,0.02142857142857143
2016-01-10,19.4,4.7,12.1,0.0,7.3,57,1,10,1,10.9,11.1,11.6,12.6,11.19999999999999,11.642857142857142,11.514285714285716,0.0,0.0,0.0,0.0,0.0,0.04285714285714133,0.02142857142857143
2016-01-11,18.7,5.5,12.3,0.0,7.3,62,1,11,1,12.1,10.9,11.1,12.8,11.366666666666658,11.571428571428571,11.578571428571427,0.0,0.0,0.0,0.3,0.0,0.04285714285714133,0.02142857142857143
2016-01-12,13.7,7.8,10.7,4.8,10.5,76,1,12,1,12.3,12.1,10.9,11.6,11.766666666666659,11.5,11.592857142857143,0.0,0.0,0.0,0.0,0.0,0.0,0.02142857142857143
2016-01-13,18.0,5.7,11.4,0.0,8.0,65,1,13,1,10.7,12.3,12.1,10.9,11.699999999999994,11.37142857142857,11.535714285714286,4.8,0.0,0.0,0.0,1.6000000000000012,0.6857142857142842,0.36428571428571427
2016-01-14,17.4,6.3,11.4,0.0,6.8,67,1,14,1,11.4,10.7,12.3,11.6,11.46666666666666,11.442857142857141,11.6,0.0,4.8,0.0,0.0,1.6000000000000012,0.6857142857142842,0.36428571428571427
2016-01-15,18.2,4.3,10.5,0.0,7.9,66,1,15,1,11.4,11.4,10.7,11.1,11.166666666666657,11.414285714285715,11.650000000000002,0.0,0.0,4.8,0.0,1.6000000000000012,0.6857142857142842,0.36428571428571427
2016-01-16,19.2,3.2,11.1,0.0,8.0,58,1,16,1,10.5,11.4,11.4,10.9,11.099999999999993,11.328571428571431,11.507142857142858,0.0,0.0,0.0,0.0,0.0,0.6857142857142842,0.36428571428571427
2016-01-17,16.9,7.1,11.6,0.0,7.3,63,1,17,1,11.1,10.5,11.4,12.1,10.999999999999993,11.357142857142858,11.5,0.0,0.0,0.0,0.0,0.0,0.6857142857142842,0.36428571428571427
2016-01-18,17.0,5.8,10.7,0.0,7.8,65,1,18,1,11.6,11.1,10.5,12.3,11.066666666666658,11.285714285714286,11.428571428571429,0.0,0.0,0.0,0.0,0.0,0.6857142857142842,0.36428571428571427
2016-01-19,18.4,2.2,9.0,0.0,10.7,43,1,19,1,10.7,11.6,11.1,10.7,11.133333333333326,11.057142857142855,11.278571428571427,0.0,0.0,0.0,4.8,0.0,0.6857142857142842,0.34285714285714286
2016-01-20,16.2,1.7,8.6,0.0,7.6,43,1,20,1,9.0,10.7,11.6,11.4,10.433333333333325,10.814285714285715,11.092857142857142,0.0,0.0,0.0,0.0,0.0,0.0,0.34285714285714286
2016-01-21,16.3,2.4,9.5,0.0,7.6,59,1,21,1,8.6,9.0,10.7,11.4,9.433333333333325,10.414285714285713,10.928571428571427,0.0,0.0,0.0,0.0,0.0,0.0,0.34285714285714286
2016-01-22,15.7,2.4,9.1,0.0,6.8,70,1,22,1,9.5,8.6,9.0,10.5,9.033333333333324,10.142857142857142,10.778571428571427,0.0,0.0,0.0,0.0,0.0,0.0,0.34285714285714286
2016-01-23,16.0,2.8,9.4,0.0,5.5,73,1,23,1,9.1,9.5,8.6,11.1,9.066666666666658,9.942857142857141,10.635714285714286,0.0,0.0,0.0,0.0,0.0,0.0,0.34285714285714286
2016-01-24,16.8,2.4,9.5,0.0,7.3,69,1,24,1,9.4,9.1,9.5,11.6,9.333333333333323,9.7,10.528571428571427,0.0,0.0,0.0,0.0,0.0,0.0,0.34285714285714286
2016-01-25,14.6,3.7,9.2,0.0,6.5,80,1,25,1,9.5,9.4,9.1,10.7,9.333333333333323,9.4,10.342857142857142,0.0,0.0,0.0,0.0,0.0,0.0,0.34285714285714286
2016-01-26,15.3,7.6,11.3,0.0,10.4,69,1,26,1,9.2,9.5,9.4,9.0,9.366666666666658,9.185714285714285,10.121428571428572,0.0,0.0,0.0,0.0,0.0,0.0,0.34285714285714286
2016-01-27,17.5,6.5,11.5,0.1,8.0,66,1,27,1,11.3,9.2,9.5,8.6,9.999999999999993,9.514285714285714,10.164285714285713,0.0,0.0,0.0,0.0,0.0,0.0,0.0
2016-01-28,17.0,7.1,11.9,1.4,7.4,69,1,28,1,11.5,11.3,9.2,9.5,10.666666666666659,9.928571428571429,10.171428571428569,0.1,0.0,0.0,0.0,0.03333333333333452,0.014285714285712764,0.0071428571428571435
2016-01-29,12.6,9.9,11.1,12.9,7.6,91,1,29,1,11.9,11.5,11.3,9.1,11.566666666666658,10.271428571428572,10.207142857142857,1.4,0.1,0.0,0.0,0.5000000000000012,0.21428571428571278,0.10714285714285714
2016-01-30,16.6,5.8,11.1,1.2,8.3,73,1,30,1,11.1,11.9,11.5,9.4,11.499999999999993,10.557142857142859,10.249999999999998,12.9,1.4,0.1,0.0,4.800000000000002,2.0571428571428556,1.0285714285714287
2016-01-31,18.2,2.6,9.7,0.0,8.7,52,1,31,1,11.1,11.1,11.9,9.5,11.36666666666666,10.799999999999999,10.25,1.2,12.9,1.4,0.0,5.166666666666668,2.228571428571427,1.1142857142857143
2016-02-01,18.9,1.8,9.6,0.0,8.7,47,2,32,1,9.7,11.1,11.1,9.2,10.633333333333324,10.828571428571427,10.114285714285714,0.0,1.2,12.9,0.0,4.700000000000001,2.228571428571427,1.1142857142857143
2016-02-02,19.5,2.5,10.0,0.0,9.4,47,2,33,1,9.6,9.7,11.1,11.3,10.133333333333326,10.885714285714284,10.035714285714286,0.0,0.0,1.2,0.0,0.4000000000000012,2.228571428571427,1.1142857142857143
2016-02-03,20.3,2.0,10.1,0.0,9.4,43,2,34,1,10.0,9.6,9.7,11.5,9.766666666666659,10.7,10.107142857142858,0.0,0.0,0.0,0.1,0.0,2.228571428571427,1.1142857142857143
2016-02-04,20.5,4.3,11.6,0.0,7.9,45,2,35,1,10.1,10.0,9.6,11.9,9.899999999999991,10.5,10.214285714285714,0.0,0.0,0.0,1.4,0.0,2.2142857142857126,1.1142857142857143
2016-02-05,21.9,3.9,12.0,0.0,11.6,45,2,36,1,11.6,10.1,10.0,11.1,10.566666666666658,10.457142857142857,10.364285714285716,0.0,0.0,0.0,12.9,0.0,2.014285714285713,1.1142857142857143
2016-02-06,21.3,5.9,13.0,0.0,9.8,39,2,37,1,12.0,11.6,10.1,11.1,11.233333333333325,10.585714285714285,10.571428571428571,0.0,0.0,0.0,1.2,0.0,0.1714285714285699,1.1142857142857143
2016-02-07,20.1,7.8,14.0,0.0,11.3,54,2,38,1,13.0,12.0,11.6,9.7,12.19999999999999,10.857142857142858,10.828571428571431,0.0,0.0,0.0,0.0,0.0,0.0,1.1142857142857143
2016-02-08,19.7,7.2,13.7,0.0,8.4,68,2,39,1,14.0,13.0,12.0,9.6,12.999999999999991,11.471428571428572,11.150000000000002,0.0,0.0,0.0,0.0,0.0,0.0,1.1142857142857143
2016-02-09,20.3,7.1,14.0,0.0,6.5,67,2,40,1,13.7,14.0,13.0,10.0,13.566666666666658,12.057142857142859,11.471428571428572,0.0,0.0,0.0,0.0,0.0,0.0,1.1142857142857143
2016-02-10,12.6,7.7,9.8,15.0,8.7,86,2,41,1,14.0,13.7,14.0,10.1,13.899999999999991,12.62857142857143,11.664285714285715,0.0,0.0,0.0,0.0,0.0,0.0,1.1142857142857143
2016-02-11,15.5,3.7,9.3,0.0,14.3,64,2,42,1,9.8,14.0,13.7,11.6,12.499999999999991,12.585714285714285,11.542857142857144,15.0,0.0,0.0,0.0,5.000000000000001,2.1428571428571415,2.1785714285714284
2016-02-12,16.1,2.7,9.2,0.0,11.1,67,2,43,1,9.3,9.8,14.0,12.0,11.033333333333326,12.257142857142856,11.357142857142858,0.0,15.0,0.0,0.0,5.000000000000001,2.1428571428571415,2.0785714285714287
2016-02-13,18.0,3.0,10.2,0.0,9.4,52,2,44,1,9.2,9.3,9.8,13.0,9.433333333333325,11.857142857142858,11.221428571428573,0.0,0.0,15.0,0.0,5.000000000000001,2.1428571428571415,1.157142857142857
2016-02-14,18.2,3.8,10.7,0.0,9.9,58,2,45,1,10.2,9.2,9.3,14.0,9.566666666666658,11.457142857142857,11.157142857142857,0.0,0.0,0.0,0.0,0.0,2.1428571428571415,1.0714285714285714
2016-02-15,19.1,3.3,10.8,0.0,11.1,53,2,46,1,10.7,10.2,9.2,13.7,10.033333333333324,10.985714285714286,11.228571428571428,0.0,0.0,0.0,0.0,0.0,2.1428571428571415,1.0714285714285714
2016-02-16,20.6,3.2,11.2,0.0,9.4,45,2,47,1,10.8,10.7,10.2,14.0,10.566666666666658,10.571428571428571,11.314285714285715,0.0,0.0,0.0,0.0,0.0,2.1428571428571415,1.0714285714285714
2016-02-17,22.1,4.1,12.4,0.0,10.1,41,2,48,1,11.2,10.8,10.7,9.8,10.899999999999991,10.171428571428573,11.4,0.0,0.0,0.0,15.0,0.0,2.1428571428571415,1.0714285714285714
2016-02-18,22.8,5.5,13.4,0.0,9.4,40,2,49,1,12.4,11.2,10.8,9.3,11.46666666666666,10.542857142857143,11.564285714285715,0.0,0.0,0.0,0.0,0.0,0.0,1.0714285714285714
2016-02-19,21.2,6.2,13.0,1.4,10.2,54,2,50,1,13.4,12.4,11.2,9.2,12.333333333333327,11.12857142857143,11.692857142857141,0.0,0.0,0.0,0.0,0.0,0.0,1.0714285714285714
2016-02-20,21.7,5.8,13.1,0.0,7.8,62,2,51,1,13.0,13.4,12.4,10.2,12.933333333333325,11.671428571428573,11.764285714285714,1.4,0.0,0.0,0.0,0.46666666666666784,0.19999999999999846,1.1714285714285713
2016-02-21,23.4,6.0,13.9,0.0,9.1,46,2,52,1,13.1,13.0,13.4,10.7,13.166666666666657,12.085714285714285,11.77142857142857,0.0,1.4,0.0,0.0,0.46666666666666784,0.19999999999999846,1.1714285714285713
2016-02-22,26.5,5.7,15.5,0.0,19.3,36,2,53,1,13.9,13.1,13.0,10.8,13.333333333333327,12.542857142857143,11.764285714285714,0.0,0.0,1.4,0.0,0.46666666666666784,0.19999999999999846,1.1714285714285713
2016-02-23,27.7,6.9,16.8,0.0,13.7,30,2,54,1,15.5,13.9,13.1,11.2,14.166666666666659,13.214285714285714,11.892857142857142,0.0,0.0,0.0,0.0,0.0,0.19999999999999846,1.1714285714285713
2016-02-24,27.6,8.3,17.8,0.0,9.9,32,2,55,1,16.8,15.5,13.9,12.4,15.399999999999991,14.014285714285714,12.092857142857143,0.0,0.0,0.0,0.0,0.0,0.19999999999999846,1.1714285714285713
2016-02-25,25.5,10.0,18.5,0.0,9.8,47,2,56,1,17.8,16.8,15.5,13.4,16.699999999999992,14.785714285714286,12.664285714285713,0.0,0.0,0.0,0.0,0.0,0.19999999999999846,0.09999999999999999
2016-02-26,26.0,10.3,17.8,0.0,8.4,48,2,57,1,18.5,17.8,16.8,13.0,17.699999999999992,15.514285714285714,13.321428571428571,0.0,0.0,0.0,1.4,0.0,0.19999999999999846,0.09999999999999999
2016-02-27,26.9,9.6,18.3,0.0,11.3,48,2,58,1,17.8,18.5,17.8,13.1,18.033333333333324,16.2,13.935714285714285,0.0,0.0,0.0,0.0,0.0,0.0,0.09999999999999999
2016-02-28,26.3,12.1,19.1,0.0,10.9,54,2,59,1,18.3,17.8,18.5,13.9,18.19999999999999,16.942857142857143,14.514285714285714,0.0,0.0,0.0,0.0,0.0,0.0,0.09999999999999999
2016-02-29,26.4,13.0,19.4,0.8,8.7,59,2,60,1,19.1,18.3,17.8,15.5,18.39999999999999,17.685714285714287,15.114285714285716,0.0,0.0,0.0,0.0,0.0,0.0,0.09999999999999999
2016-03-01,25.2,12.6,18.6,0.0,7.6,59,3,61,2,19.4,19.1,18.3,16.8,18.933333333333323,18.242857142857144,15.728571428571428,0.8,0.0,0.0,0.0,0.2666666666666679,0.11428571428571277,0.15714285714285717
2016-03-02,25.2,13.2,18.6,0.2,10.2,53,3,62,2,18.6,19.4,19.1,17.8,19.033333333333328,18.5,16.25714285714286,0.0,0.8,0.0,0.0,0.2666666666666679,0.11428571428571277,0.15714285714285717
2016-03-03,25.4,14.1,19.2,0.3,13.0,53,3,63,2,18.6,18.6,19.4,18.5,18.866666666666656,18.614285714285717,16.7,0.2,0.0,0.8,0.0,0.33333333333333454,0.14285714285714132,0.17142857142857143
2016-03-04,26.0,12.0,19.2,0.0,8.7,53,3,64,2,19.2,18.6,18.6,17.8,18.799999999999994,18.714285714285715,17.114285714285714,0.3,0.2,0.0,0.0,0.16666666666666785,0.1857142857142842,0.19285714285714287
2016-03-05,19.8,12.0,15.7,4.2,8.8,76,3,65,2,19.2,19.2,18.6,18.3,18.99999999999999,18.914285714285715,17.557142857142857,0.0,0.3,0.2,0.0,0.16666666666666785,0.1857142857142842,0.09285714285714286
2016-03-06,18.9,10.4,14.5,1.5,11.3,79,3,66,2,15.7,19.2,19.2,19.1,18.033333333333324,18.542857142857144,17.742857142857144,4.2,0.0,0.3,0.0,1.500000000000001,0.7857142857142841,0.39285714285714285
2016-03-07,24.1,9.0,16.5,0.0,7.6,62,3,67,2,14.5,15.7,19.2,19.4,16.466666666666658,17.885714285714286,17.785714285714285,1.5,4.2,0.0,0.8,1.9000000000000012,0.9999999999999984,0.5
2016-03-08,27.1,10.1,18.6,0.0,7.6,49,3,68,2,16.5,14.5,15.7,18.6,15.566666666666658,17.47142857142857,17.857142857142858,0.0,1.5,4.2,0.0,1.9000000000000012,0.8857142857142842,0.5
2016-03-09,27.4,11.9,19.9,0.0,9.4,47,3,69,2,18.6,16.5,14.5,18.6,16.533333333333324,17.47142857142857,17.985714285714284,0.0,0.0,1.5,0.2,0.5000000000000012,0.8857142857142842,0.5
2016-03-10,26.7,11.8,20.1,0.1,10.4,50,3,70,2,19.9,18.6,16.5,19.2,18.333333333333325,17.657142857142855,18.135714285714286,0.0,0.0,0.0,0.3,0.0,0.8571428571428557,0.5
2016-03-11,17.6,12.9,14.8,54.1,8.0,89,3,71,2,20.1,19.9,18.6,19.2,19.533333333333324,17.785714285714285,18.25,0.1,0.0,0.0,0.0,0.03333333333333452,0.8285714285714271,0.5071428571428571
2016-03-12,14.8,11.5,13.4,20.1,7.1,89,3,72,2,14.8,20.1,19.9,15.7,18.266666666666655,17.15714285714286,18.035714285714285,54.1,0.1,0.0,4.2,18.066666666666666,8.557142857142855,4.371428571428572
2016-03-13,14.1,9.7,12.3,6.7,9.7,85,3,73,2,13.4,14.8,20.1,14.5,16.09999999999999,16.82857142857143,17.685714285714287,20.1,54.1,0.1,1.5,24.76666666666667,10.828571428571426,5.807142857142858
2016-03-14,17.2,8.9,13.4,3.1,7.5,81,3,74,2,12.3,13.4,14.8,16.5,13.499999999999991,16.514285714285716,17.2,6.7,20.1,54.1,0.0,26.96666666666667,11.57142857142857,6.285714285714286
2016-03-15,20.1,10.1,14.8,0.0,6.9,75,3,75,2,13.4,12.3,13.4,18.6,13.033333333333324,16.071428571428573,16.771428571428572,3.1,6.7,20.1,0.0,9.966666666666667,12.014285714285714,6.450000000000001
2016-03-16,20.3,11.2,14.8,4.1,10.1,74,3,76,2,14.8,13.4,12.3,19.9,13.499999999999991,15.52857142857143,16.5,0.0,3.1,6.7,0.0,3.266666666666667,12.014285714285714,6.450000000000001
2016-03-17,15.5,11.8,13.7,3.1,7.1,80,3,77,2,14.8,14.8,13.4,20.1,14.333333333333323,14.8,16.228571428571428,4.1,0.0,3.1,0.1,2.4,12.599999999999998,6.728571428571429
2016-03-18,17.2,12.1,14.3,12.3,10.4,87,3,78,2,13.7,14.8,14.8,14.8,14.433333333333323,13.885714285714284,15.835714285714287,3.1,4.1,0.0,54.1,2.4,13.028571428571428,6.92857142857143
2016-03-19,18.4,12.8,14.9,14.1,10.5,87,3,79,2,14.3,13.7,14.8,13.4,14.266666666666657,13.814285714285715,15.485714285714284,12.3,3.1,4.1,20.1,6.5,7.057142857142856,7.807142857142858
2016-03-20,20.4,10.5,15.0,4.6,8.8,75,3,80,2,14.9,14.3,13.7,12.3,14.29999999999999,14.028571428571428,15.428571428571429,14.1,12.3,3.1,6.7,9.833333333333334,6.199999999999998,8.514285714285714
2016-03-21,23.2,8.6,15.5,0.0,10.7,62,3,81,2,15.0,14.9,14.3,13.4,14.733333333333325,14.414285714285713,15.464285714285714,4.6,14.1,12.3,3.1,10.333333333333334,5.899999999999999,8.735714285714286
2016-03-22,27.2,7.4,16.9,0.0,12.0,51,3,82,2,15.5,15.0,14.9,14.8,15.133333333333324,14.714285714285714,15.392857142857142,0.0,4.6,14.1,0.0,6.233333333333334,5.457142857142856,8.735714285714286
2016-03-23,27.6,12.1,19.3,0.0,10.1,54,3,83,2,16.9,15.5,15.0,14.8,15.79999999999999,15.014285714285714,15.271428571428572,0.0,0.0,4.6,4.1,1.5333333333333332,5.457142857142856,8.735714285714286
2016-03-24,19.7,13.1,16.0,6.4,12.9,74,3,84,2,19.3,16.9,15.5,13.7,17.233333333333324,15.657142857142857,15.22857142857143,0.0,0.0,0.0,3.1,0.0,4.871428571428571,8.735714285714286
2016-03-25,22.2,11.1,16.8,1.5,9.5,70,3,85,2,16.0,19.3,16.9,14.3,17.39999999999999,15.985714285714286,14.935714285714287,6.4,0.0,0.0,12.3,2.1333333333333333,5.342857142857142,9.185714285714287
2016-03-26,22.7,11.4,16.8,1.1,9.3,73,3,86,2,16.8,16.0,19.3,14.9,17.366666666666656,16.342857142857145,15.078571428571427,1.5,6.4,0.0,14.1,2.6333333333333333,3.7999999999999994,5.428571428571429
2016-03-27,27.6,10.6,18.7,0.0,9.9,58,3,87,2,16.8,16.8,16.0,15.0,16.53333333333332,16.614285714285717,15.321428571428571,1.1,1.5,6.4,4.6,3.0,1.9428571428571417,4.071428571428571
2016-03-28,26.6,11.0,19.2,0.0,8.3,54,3,88,2,18.7,16.8,16.8,15.5,17.433333333333323,17.142857142857142,15.778571428571428,0.0,1.1,1.5,0.0,0.8666666666666667,1.2857142857142847,3.5928571428571425
2016-03-29,28.2,12.4,21.0,0.0,8.3,56,3,89,2,19.2,18.7,16.8,16.9,18.233333333333324,17.67142857142857,16.192857142857143,0.0,0.0,1.1,0.0,0.3666666666666667,1.2857142857142847,3.3714285714285714
2016-03-30,29.0,14.4,21.5,0.4,8.3,63,3,90,2,21.0,19.2,18.7,19.3,19.633333333333326,18.257142857142856,16.635714285714286,0.0,0.0,0.0,0.0,0.0,1.2857142857142847,3.3714285714285714
2016-03-31,21.6,14.9,18.6,9.7,9.0,75,3,91,2,21.5,21.0,19.2,16.0,20.56666666666666,18.571428571428573,17.114285714285717,0.4,0.0,0.0,6.4,0.13333333333333333,1.3428571428571419,3.107142857142857
2016-04-01,24.9,14.0,19.5,0.3,8.7,71,4,92,2,18.6,21.5,21.0,16.8,20.366666666666656,18.942857142857143,17.464285714285715,9.7,0.4,0.0,1.5,3.3666666666666667,1.8142857142857132,3.5785714285714287
2016-04-02,20.5,14.7,18.2,14.5,7.9,85,4,93,2,19.5,18.6,21.5,16.8,19.866666666666656,19.328571428571426,17.835714285714285,0.3,9.7,0.4,1.1,3.466666666666667,1.642857142857142,2.721428571428571
2016-04-03,21.0,15.2,18.2,5.4,10.9,89,4,94,2,18.2,19.5,18.6,18.7,18.766666666666655,19.52857142857143,18.071428571428573,14.5,0.3,9.7,0.0,8.166666666666666,3.557142857142856,2.75
2016-04-04,26.4,13.7,19.9,0.0,9.4,70,4,95,2,18.2,18.2,19.5,19.2,18.633333333333326,19.45714285714286,18.3,5.4,14.5,0.3,0.0,6.733333333333334,4.328571428571427,2.807142857142857
2016-04-05,26.5,14.3,20.3,0.0,8.6,60,4,96,2,19.9,18.2,18.2,21.0,18.766666666666655,19.557142857142857,18.614285714285717,0.0,5.4,14.5,0.0,6.633333333333333,4.328571428571427,2.807142857142857
2016-04-06,27.1,14.1,20.7,0.8,10.1,58,4,97,2,20.3,19.9,18.2,21.5,19.466666666666658,19.457142857142856,18.857142857142858,0.0,0.0,5.4,0.4,1.8,4.328571428571427,2.807142857142857
2016-04-07,26.9,13.2,20.4,0.0,7.5,58,4,98,2,20.7,20.3,19.9,18.6,20.299999999999994,19.342857142857145,18.957142857142856,0.8,0.0,0.0,9.7,0.26666666666666666,4.385714285714284,2.8642857142857143
2016-04-08,25.1,12.9,18.9,1.3,6.7,67,4,99,2,20.4,20.7,20.3,19.5,20.466666666666654,19.599999999999998,19.271428571428572,0.0,0.8,0.0,0.3,0.26666666666666666,2.999999999999999,2.4071428571428575
2016-04-09,20.8,14.1,17.1,2.7,9.3,74,4,100,2,18.9,20.4,20.7,18.2,19.99999999999999,19.514285714285712,19.42142857142857,1.3,0.0,0.8,14.5,0.7000000000000001,3.1428571428571423,2.392857142857143
2016-04-10,26.3,12.2,19.4,0.1,9.8,64,4,101,2,17.1,18.9,20.4,18.2,18.799999999999986,19.357142857142858,19.442857142857143,2.7,1.3,0.0,5.4,1.3333333333333333,1.4571428571428562,2.507142857142857
2016-04-11,24.5,14.9,20.2,0.0,10.9,62,4,102,2,19.4,17.1,18.9,19.9,18.466666666666658,19.52857142857143,19.49285714285714,0.1,2.7,1.3,0.0,1.3666666666666665,0.6999999999999991,2.5142857142857147
2016-04-12,27.9,13.0,20.9,0.0,7.6,62,4,103,2,20.2,19.4,17.1,20.3,18.899999999999988,19.571428571428573,19.564285714285713,0.0,0.1,2.7,0.0,0.9333333333333335,0.6999999999999991,2.5142857142857147
2016-04-13,30.5,14.1,22.5,0.0,7.8,57,4,104,2,20.9,20.2,19.4,20.7,20.166666666666654,19.657142857142855,19.557142857142853,0.0,0.0,0.1,0.8,0.03333333333333333,0.6999999999999991,2.5142857142857147
2016-04-14,32.0,15.7,23.8,0.0,7.9,47,4,105,2,22.5,20.9,20.2,20.4,21.19999999999999,19.91428571428571,19.628571428571426,0.0,0.0,0.0,0.0,0.0,0.5857142857142847,2.485714285714286
2016-04-15,31.4,17.4,25.0,0.0,8.0,52,4,106,2,23.8,22.5,20.9,18.9,22.39999999999999,20.400000000000002,20.0,0.0,0.0,0.0,1.3,0.0,0.5857142857142847,1.7928571428571427
2016-04-16,32.0,17.0,24.3,0.8,15.5,55,4,107,2,25.0,23.8,22.5,17.1,23.766666666666655,21.271428571428572,20.392857142857142,0.0,0.0,0.0,2.7,0.0,0.399999999999999,1.7714285714285716
2016-04-17,27.6,16.5,22.6,1.4,11.3,64,4,108,2,24.3,25.0,23.8,19.4,24.366666666666656,22.3,20.828571428571426,0.8,0.0,0.0,0.1,0.26666666666666666,0.12857142857142756,0.7928571428571429
2016-04-18,30.8,15.7,23.4,0.0,9.5,54,4,109,2,22.6,24.3,25.0,20.2,23.966666666666658,22.75714285714286,21.142857142857142,1.4,0.8,0.0,0.0,0.7333333333333334,0.3142857142857133,0.5071428571428571
2016-04-19,29.4,16.9,22.9,0.7,9.1,52,4,110,2,23.4,22.6,24.3,20.9,23.433333333333326,23.214285714285715,21.392857142857142,0.0,1.4,0.8,0.0,0.7333333333333334,0.3142857142857133,0.5071428571428571
2016-04-20,31.0,15.2,23.4,0.0,11.2,50,4,111,2,22.9,23.4,22.6,22.5,22.966666666666658,23.5,21.57857142857143,0.7,0.0,1.4,0.0,0.6999999999999998,0.41428571428571326,0.5571428571428572
2016-04-21,30.2,17.1,22.8,2.9,13.3,55,4,112,2,23.4,22.9,23.4,23.8,23.23333333333332,23.62857142857143,21.771428571428572,0.0,0.7,0.0,0.0,0.2333333333333333,0.41428571428571326,0.5
2016-04-22,28.5,14.1,21.6,0.0,12.5,48,4,113,2,22.8,23.4,22.9,25.0,23.03333333333332,23.485714285714284,21.942857142857143,2.9,0.0,0.7,0.0,1.2,0.8285714285714275,0.7071428571428572
2016-04-23,29.5,12.5,22.2,0.0,13.6,33,4,114,2,21.6,22.8,23.4,24.3,22.59999999999999,23.0,22.135714285714283,0.0,2.9,0.0,0.8,0.9666666666666667,0.8285714285714275,0.6142857142857142
2016-04-24,30.3,12.1,22.6,0.0,10.7,33,4,115,2,22.2,21.6,22.8,22.6,22.19999999999999,22.7,22.5,0.0,0.0,2.9,1.4,0.9666666666666668,0.7142857142857133,0.42142857142857143
2016-04-25,31.5,14.7,23.6,0.3,10.4,40,4,116,2,22.6,22.2,21.6,23.4,22.133333333333326,22.7,22.728571428571428,0.0,0.0,0.0,0.0,0.0,0.5142857142857132,0.41428571428571426
2016-04-26,31.6,17.1,24.3,0.3,11.4,42,4,117,2,23.6,22.6,22.2,22.9,22.799999999999994,22.72857142857143,22.97142857142857,0.3,0.0,0.0,0.7,0.09999999999999999,0.557142857142856,0.43571428571428567
2016-04-27,31.2,16.7,25.1,0.1,9.9,43,4,118,2,24.3,23.6,22.6,23.4,23.49999999999999,22.928571428571427,23.21428571428572,0.3,0.3,0.0,0.0,0.19999999999999998,0.499999999999999,0.45714285714285713
2016-04-28,33.9,15.5,25.7,0.0,8.0,35,4,119,2,25.1,24.3,23.6,22.8,24.333333333333325,23.17142857142857,23.4,0.1,0.3,0.3,2.9,0.2333333333333333,0.5142857142857132,0.4642857142857143
2016-04-29,35.4,16.1,26.8,0.0,9.1,28,4,120,2,25.7,25.1,24.3,21.6,25.03333333333332,23.58571428571429,23.535714285714285,0.0,0.1,0.3,0.0,0.13333333333333333,0.09999999999999898,0.4642857142857143
2016-04-30,36.8,18.4,28.3,0.0,9.7,32,4,121,2,26.8,25.7,25.1,22.2,25.86666666666666,24.328571428571426,23.664285714285715,0.0,0.0,0.1,0.0,0.03333333333333333,0.09999999999999898,0.4642857142857143
2016-05-01,38.0,19.9,29.7,0.0,8.3,32,5,122,2,28.3,26.8,25.7,22.6,26.933333333333323,25.2,23.95,0.0,0.0,0.0,0.0,0.0,0.09999999999999898,0.40714285714285714
2016-05-02,37.6,20.6,29.9,0.0,12.8,31,5,123,2,29.7,28.3,26.8,23.6,28.266666666666655,26.214285714285715,24.457142857142856,0.0,0.0,0.0,0.3,0.0,0.09999999999999898,0.3071428571428572
2016-05-03,31.5,22.7,26.8,0.4,14.0,41,5,124,2,29.9,29.7,28.3,24.3,29.299999999999994,27.11428571428571,24.921428571428574,0.0,0.0,0.0,0.3,0.0,0.05714285714285613,0.3071428571428572
2016-05-04,25.5,19.9,22.2,6.6,12.9,61,5,125,2,26.8,29.9,29.7,25.1,28.799999999999994,27.47142857142857,25.199999999999996,0.4,0.0,0.0,0.1,0.13333333333333333,0.07142857142857043,0.2857142857142857
2016-05-05,31.6,17.0,25.2,0.0,9.2,52,5,126,2,22.2,26.8,29.9,25.7,26.299999999999986,27.057142857142857,25.114285714285717,6.6,0.4,0.0,0.0,2.3333333333333335,0.999999999999999,0.7571428571428571
2016-05-06,35.3,17.8,27.6,0.0,8.3,46,5,127,2,25.2,22.2,26.8,26.8,24.733333333333324,26.985714285714284,25.285714285714285,0.0,6.6,0.4,0.0,2.3333333333333335,0.999999999999999,0.5499999999999999
2016-05-07,37.0,19.9,29.6,0.0,9.2,41,5,128,2,27.6,25.2,22.2,28.3,24.99999999999999,27.1,25.714285714285715,0.0,0.0,6.6,0.0,2.1999999999999997,0.999999999999999,0.5499999999999999
2016-05-08,38.5,21.1,30.4,0.4,9.5,40,5,129,2,29.6,27.6,25.2,29.7,27.466666666666658,27.285714285714285,26.24285714285714,0.0,0.0,0.0,0.0,0.0,0.999999999999999,0.5499999999999999
2016-05-09,38.7,22.3,31.4,0.0,9.7,36,5,130,2,30.4,29.6,27.6,29.9,29.19999999999999,27.38571428571429,26.8,0.4,0.0,0.0,0.0,0.13333333333333333,1.0571428571428563,0.5785714285714285
2016-05-10,37.7,23.7,30.5,1.0,15.6,38,5,131,2,31.4,30.4,29.6,26.8,30.466666666666658,27.599999999999998,27.357142857142858,0.0,0.4,0.0,0.4,0.13333333333333333,1.0571428571428563,0.5571428571428572
2016-05-11,35.4,23.3,29.7,0.9,10.0,48,5,132,2,30.5,31.4,30.4,22.2,30.766666666666655,28.128571428571426,27.8,1.0,0.0,0.4,6.6,0.4666666666666666,1.142857142857142,0.6071428571428571
2016-05-12,34.2,22.0,28.7,0.0,6.9,51,5,133,2,29.7,30.5,31.4,25.2,30.53333333333332,29.2,28.12857142857143,0.9,1.0,0.0,0.0,0.6333333333333333,0.3285714285714275,0.6642857142857144
2016-05-13,34.7,23.0,29.2,0.0,9.2,42,5,134,2,28.7,29.7,30.5,27.6,29.633333333333326,29.699999999999996,28.342857142857145,0.0,0.9,1.0,0.0,0.6333333333333333,0.3285714285714275,0.6642857142857144
2016-05-14,33.3,22.1,27.7,0.0,13.9,45,5,135,2,29.2,28.7,29.7,29.6,29.19999999999999,29.928571428571427,28.514285714285712,0.0,0.0,0.9,0.0,0.3,0.3285714285714275,0.6642857142857144
2016-05-15,37.0,18.6,28.7,0.0,11.5,38,5,136,2,27.7,29.2,28.7,30.4,28.53333333333332,29.657142857142855,28.47142857142857,0.0,0.0,0.0,0.4,0.0,0.3285714285714275,0.6642857142857144
2016-05-16,38.7,21.1,30.9,0.0,9.4,29,5,137,2,28.7,27.7,29.2,31.4,28.53333333333332,29.41428571428571,28.400000000000002,0.0,0.0,0.0,0.0,0.0,0.2714285714285704,0.6642857142857144
2016-05-17,39.6,20.6,31.5,0.0,8.4,22,5,138,2,30.9,28.7,27.7,30.5,29.09999999999999,29.342857142857145,28.471428571428568,0.0,0.0,0.0,1.0,0.0,0.2714285714285704,0.6642857142857144
2016-05-18,41.7,21.7,32.6,0.0,17.2,23,5,139,2,31.5,30.9,28.7,29.7,30.366666666666656,29.485714285714284,28.807142857142857,0.0,0.0,0.0,0.9,0.0,0.12857142857142756,0.6357142857142858
2016-05-19,41.0,23.3,33.3,0.0,15.3,22,5,140,2,32.6,31.5,30.9,28.7,31.666666666666657,29.900000000000002,29.55,0.0,0.0,0.0,0.0,0.0,0.0,0.16428571428571428
2016-05-20,41.6,23.0,33.6,0.0,8.8,24,5,141,2,33.3,32.6,31.5,29.2,32.46666666666666,30.557142857142857,30.128571428571426,0.0,0.0,0.0,0.0,0.0,0.0,0.16428571428571428
2016-05-21,42.3,24.1,33.9,0.0,10.5,25,5,142,2,33.6,33.3,32.6,27.7,33.16666666666666,31.185714285714283,30.557142857142857,0.0,0.0,0.0,0.0,0.0,0.0,0.16428571428571428
2016-05-22,42.3,24.5,34.1,0.1,9.4,29,5,143,2,33.9,33.6,33.3,28.7,33.59999999999999,32.07142857142857,30.864285714285717,0.0,0.0,0.0,0.0,0.0,0.0,0.16428571428571428
2016-05-23,39.0,25.6,32.5,0.0,13.5,30,5,144,2,34.1,33.9,33.6,30.9,33.86666666666665,32.84285714285714,31.12857142857143,0.1,0.0,0.0,0.0,0.03333333333333333,0.014285714285713272,0.14285714285714285
2016-05-24,35.0,25.4,29.3,1.4,11.8,40,5,145,2,32.5,34.1,33.9,31.5,33.49999999999999,33.07142857142857,31.207142857142856,0.0,0.1,0.0,0.0,0.03333333333333333,0.014285714285713272,0.14285714285714285
2016-05-25,35.7,22.8,29.6,0.0,9.1,43,5,146,2,29.3,32.5,34.1,32.6,31.966666666666658,32.75714285714286,31.12142857142857,1.4,0.0,0.1,0.0,0.5,0.21428571428571327,0.17142857142857146
2016-05-26,37.2,23.4,31.1,0.0,8.2,36,5,147,2,29.6,29.3,32.5,33.3,30.466666666666658,32.32857142857143,31.114285714285717,0.0,1.4,0.0,0.0,0.4666666666666666,0.21428571428571327,0.10714285714285716
2016-05-27,38.3,25.1,32.1,0.5,9.8,36,5,148,2,31.1,29.6,29.3,33.6,29.99999999999999,32.01428571428571,31.285714285714285,0.0,0.0,1.4,0.0,0.4666666666666666,0.21428571428571327,0.10714285714285714
2016-05-28,40.3,24.2,33.3,0.0,14.5,28,5,149,2,32.1,31.1,29.6,33.9,30.933333333333326,31.800000000000004,31.492857142857144,0.5,0.0,0.0,0.0,0.16666666666666666,0.2857142857142847,0.14285714285714285
2016-05-29,39.9,22.8,32.7,0.0,11.7,19,5,150,2,33.3,32.1,31.1,34.1,32.16666666666666,31.714285714285715,31.892857142857142,0.0,0.5,0.0,0.1,0.16666666666666666,0.2857142857142847,0.14285714285714285
2016-05-30,38.9,23.6,32.7,0.0,14.8,22,5,151,2,32.7,33.3,32.1,32.5,32.699999999999996,31.514285714285716,32.17857142857143,0.0,0.0,0.5,0.0,0.16666666666666666,0.2714285714285704,0.14285714285714285
2016-05-31,37.5,25.3,31.9,0.0,8.7,37,5,152,2,32.7,32.7,33.3,29.3,32.89999999999999,31.542857142857144,32.30714285714286,0.0,0.0,0.0,1.4,0.0,0.2714285714285704,0.14285714285714285
2016-06-01,39.5,26.4,32.6,0.4,11.7,35,6,153,3,31.9,32.7,32.7,29.6,32.43333333333333,31.914285714285715,32.33571428571428,0.0,0.0,0.0,0.0,0.0,0.07142857142857041,0.14285714285714285
2016-06-02,38.4,24.2,31.5,0.2,10.3,43,6,154,3,32.6,31.9,32.7,31.1,32.39999999999999,32.34285714285714,32.33571428571428,0.4,0.0,0.0,0.0,0.13333333333333333,0.12857142857142756,0.17142857142857143
2016-06-03,37.6,26.0,31.8,0.0,15.3,39,6,155,3,31.5,32.6,31.9,32.1,31.99999999999999,32.4,32.207142857142856,0.2,0.4,0.0,0.5,0.20000000000000004,0.15714285714285614,0.18571428571428572
2016-06-04,40.4,25.9,32.5,1.9,10.6,38,6,156,3,31.8,31.5,32.6,33.3,31.966666666666654,32.357142857142854,32.07857142857143,0.0,0.2,0.4,0.0,0.20000000000000004,0.08571428571428472,0.18571428571428572
2016-06-05,41.6,24.4,34.0,0.0,8.9,31,6,157,3,32.5,31.8,31.5,32.7,31.933333333333323,32.24285714285714,31.97857142857143,1.9,0.0,0.2,0.0,0.7000000000000001,0.35714285714285615,0.32142857142857145
2016-06-06,42.0,23.7,34.0,0.0,8.7,24,6,158,3,34.0,32.5,31.8,32.7,32.76666666666666,32.42857142857143,31.97142857142857,0.0,1.9,0.0,0.0,0.6333333333333334,0.35714285714285615,0.31428571428571433
2016-06-07,41.9,23.7,33.7,0.0,8.3,25,6,159,3,34.0,34.0,32.5,31.9,33.49999999999999,32.614285714285714,32.07857142857143,0.0,0.0,1.9,0.0,0.6333333333333334,0.35714285714285615,0.31428571428571433
2016-06-08,41.4,25.5,34.5,0.0,8.7,23,6,160,3,33.7,34.0,34.0,32.6,33.89999999999999,32.871428571428574,32.392857142857146,0.0,0.0,0.0,0.4,0.0,0.35714285714285615,0.21428571428571427
2016-06-09,41.1,26.9,34.9,0.0,8.7,26,6,161,3,34.5,33.7,34.0,31.5,34.066666666666656,33.142857142857146,32.74285714285714,0.0,0.0,0.0,0.2,0.0,0.299999999999999,0.21428571428571427
2016-06-10,41.8,26.0,34.9,0.0,7.4,26,6,162,3,34.9,34.5,33.7,31.8,34.36666666666665,33.628571428571426,33.01428571428571,0.0,0.0,0.0,0.0,0.0,0.2714285714285704,0.21428571428571427
2016-06-11,39.1,28.0,33.8,0.0,10.1,37,6,163,3,34.9,34.9,34.5,32.5,34.76666666666666,34.07142857142857,33.214285714285715,0.0,0.0,0.0,1.9,0.0,0.2714285714285704,0.17857142857142858
2016-06-12,39.7,27.5,33.5,0.1,12.0,38,6,164,3,33.8,34.9,34.9,34.0,34.533333333333324,34.25714285714285,33.25,0.0,0.0,0.0,0.0,0.0,0.0,0.17857142857142858
2016-06-13,39.5,25.4,33.4,0.0,8.8,47,6,165,3,33.5,33.8,34.9,34.0,34.066666666666656,34.18571428571429,33.30714285714286,0.1,0.0,0.0,0.0,0.03333333333333341,0.014285714285713272,0.18571428571428572
2016-06-14,42.2,29.1,35.9,0.0,8.6,35,6,166,3,33.4,33.5,33.8,33.7,33.566666666666656,34.1,33.357142857142854,0.0,0.1,0.0,0.0,0.03333333333333341,0.014285714285713272,0.18571428571428575
2016-06-15,41.4,28.7,34.4,3.0,14.6,42,6,167,3,35.9,33.4,33.5,34.5,34.26666666666666,34.41428571428571,33.642857142857146,0.0,0.0,0.1,0.0,0.03333333333333341,0.014285714285713272,0.18571428571428575
2016-06-16,34.2,24.3,29.1,22.5,8.2,69,6,168,3,34.4,35.9,33.4,34.9,34.566666666666656,34.4,33.77142857142857,3.0,0.0,0.0,0.0,1.0,0.44285714285714184,0.37142857142857144
2016-06-17,36.7,25.9,31.3,0.0,8.4,58,6,169,3,29.1,34.4,35.9,34.9,33.13333333333332,33.57142857142857,33.6,22.5,3.0,0.0,0.0,8.5,3.657142857142856,1.9642857142857142
2016-06-18,38.8,27.7,33.4,0.0,6.6,50,6,170,3,31.3,29.1,34.4,33.8,31.59999999999999,33.05714285714286,33.56428571428571,0.0,22.5,3.0,0.0,8.5,3.657142857142856,1.9642857142857142
2016-06-19,39.7,29.4,34.5,0.0,8.3,45,6,171,3,33.4,31.3,29.1,33.5,31.266666666666662,33.0,33.628571428571426,0.0,0.0,22.5,0.1,7.5,3.657142857142856,1.8285714285714287
2016-06-20,39.8,29.7,34.5,0.0,10.5,48,6,172,3,34.5,33.4,31.3,33.4,33.06666666666666,33.142857142857146,33.66428571428571,0.0,0.0,0.0,0.0,0.0,3.642857142857142,1.8285714285714287
2016-06-21,38.0,26.2,32.3,1.7,12.1,57,6,173,3,34.5,34.5,33.4,35.9,34.133333333333326,33.3,33.699999999999996,0.0,0.0,0.0,0.0,0.0,3.642857142857142,1.8285714285714287
2016-06-22,34.5,23.7,28.9,15.4,13.4,72,6,174,3,32.3,34.5,34.5,34.4,33.76666666666666,32.785714285714285,33.6,1.7,0.0,0.0,3.0,0.5666666666666667,3.885714285714285,1.95
2016-06-23,36.9,25.3,31.1,3.4,8.3,57,6,175,3,28.9,32.3,34.5,29.1,31.89999999999999,32.0,33.2,15.4,1.7,0.0,22.5,5.7,5.657142857142857,3.0500000000000003
2016-06-24,38.2,26.5,32.5,0.1,10.5,48,6,176,3,31.1,28.9,32.3,31.3,30.766666666666662,32.285714285714285,32.92857142857143,3.4,15.4,1.7,0.0,6.833333333333333,2.9285714285714275,3.292857142857143
2016-06-25,39.7,27.4,33.8,0.0,10.1,45,6,177,3,32.5,31.1,28.9,33.4,30.833333333333325,32.457142857142856,32.75714285714285,0.1,3.4,15.4,0.0,6.3,2.9428571428571417,3.3000000000000003
2016-06-26,38.6,28.9,34.0,1.1,11.2,49,6,178,3,33.8,32.5,31.1,34.5,32.46666666666666,32.51428571428571,32.75714285714285,0.0,0.1,3.4,0.0,1.1666666666666667,2.9428571428571417,3.3000000000000003
2016-06-27,38.6,28.8,33.4,0.1,9.2,52,6,179,3,34.0,33.8,32.5,34.5,33.43333333333333,32.44285714285714,32.792857142857144,1.1,0.0,0.1,0.0,0.4000000000000001,3.0999999999999988,3.3714285714285714
2016-06-28,35.4,27.7,31.6,3.2,10.9,64,6,180,3,33.4,34.0,33.8,32.3,33.73333333333333,32.285714285714285,32.79285714285714,0.1,1.1,0.0,1.7,0.4000000000000001,3.1142857142857134,3.3785714285714286
2016-06-29,38.5,28.9,33.7,0.0,8.4,54,6,181,3,31.6,33.4,34.0,28.9,32.99999999999999,32.18571428571428,32.48571428571429,3.2,0.1,1.1,15.4,1.4666666666666668,3.328571428571428,3.607142857142857
2016-06-30,40.8,30.3,35.4,0.0,10.1,49,6,182,3,33.7,31.6,33.4,31.1,32.89999999999999,32.871428571428574,32.43571428571428,0.0,3.2,0.1,3.4,1.1,1.1285714285714277,3.392857142857143
2016-07-01,42.7,31.6,36.7,0.0,12.5,44,7,183,3,35.4,33.7,31.6,32.5,33.56666666666666,33.48571428571428,32.885714285714286,0.0,0.0,3.2,0.1,1.0666666666666667,0.6428571428571418,1.7857142857142858
2016-07-02,38.6,26.2,32.3,10.8,17.6,68,7,184,3,36.7,35.4,33.7,33.8,35.26666666666666,34.08571428571428,33.27142857142857,0.0,0.0,0.0,0.0,0.0,0.6285714285714276,1.7857142857142858
2016-07-03,29.8,25.4,27.5,13.8,10.9,82,7,185,3,32.3,36.7,35.4,34.0,34.79999999999999,33.871428571428574,33.19285714285714,10.8,0.0,0.0,1.1,3.6,2.1714285714285704,2.557142857142857
2016-07-04,34.6,24.9,29.3,5.4,9.4,74,7,186,3,27.5,32.3,36.7,33.4,32.16666666666666,32.94285714285714,32.69285714285714,13.8,10.8,0.0,0.1,8.200000000000001,3.985714285714285,3.542857142857143
2016-07-05,36.6,26.7,31.5,0.9,10.4,65,7,187,3,29.3,27.5,32.3,31.6,29.699999999999992,32.357142857142854,32.32142857142857,5.4,13.8,10.8,3.2,10.0,4.742857142857142,3.9285714285714284
2016-07-06,34.1,25.0,29.5,2.7,8.9,69,7,188,3,31.5,29.3,27.5,33.7,29.433333333333326,32.34285714285714,32.26428571428571,0.9,5.4,13.8,0.0,6.7,4.414285714285714,3.871428571428571
2016-07-07,35.6,25.6,30.7,2.1,11.3,63,7,189,3,29.5,31.5,29.3,35.4,30.099999999999994,31.74285714285714,32.30714285714286,2.7,0.9,5.4,0.0,3.0,4.799999999999999,2.9642857142857144
2016-07-08,38.6,27.1,32.6,0.0,12.8,56,7,190,3,30.7,29.5,31.5,36.7,30.566666666666663,31.071428571428573,32.27857142857143,2.1,2.7,0.9,0.0,1.9000000000000001,5.1,2.8714285714285714
2016-07-09,36.7,28.1,31.2,4.0,19.3,64,7,191,3,32.6,30.7,29.5,32.3,30.933333333333326,30.485714285714284,32.285714285714285,0.0,2.1,2.7,10.8,1.5999999999999999,5.1,2.8642857142857143
2016-07-10,37.1,27.0,32.0,0.0,11.0,61,7,192,3,31.2,32.6,30.7,27.5,31.499999999999996,30.32857142857143,32.1,4.0,0.0,2.1,13.8,2.033333333333333,4.128571428571428,3.15
2016-07-11,36.8,27.6,31.9,2.9,13.0,64,7,193,3,32.0,31.2,32.6,29.3,31.933333333333326,30.97142857142857,31.957142857142856,0.0,4.0,0.0,5.4,1.3333333333333333,2.157142857142856,3.0714285714285716
2016-07-12,35.4,25.4,30.2,4.2,13.2,74,7,194,3,31.9,32.0,31.2,31.5,31.699999999999992,31.342857142857145,31.85,2.9,0.0,4.0,0.9,2.3000000000000003,1.799999999999999,3.271428571428572
2016-07-13,35.1,25.9,29.8,9.7,13.0,77,7,195,3,30.2,31.9,32.0,29.5,31.366666666666656,31.157142857142855,31.75,4.2,2.9,0.0,2.7,2.3666666666666667,2.2714285714285705,3.342857142857143
2016-07-14,36.0,26.8,31.5,1.7,12.0,69,7,196,3,29.8,30.2,31.9,30.7,30.633333333333326,31.2,31.47142857142857,9.7,4.2,2.9,2.1,5.599999999999999,3.27142857142857,4.035714285714286
2016-07-15,36.9,26.8,31.8,0.9,10.5,68,7,197,3,31.5,29.8,30.2,32.6,30.499999999999996,31.314285714285717,31.192857142857143,1.7,9.7,4.2,0.0,5.199999999999999,3.214285714285713,4.1571428571428575
2016-07-16,35.7,26.6,31.0,3.4,14.4,69,7,198,3,31.8,31.5,29.8,31.2,31.033333333333328,31.2,30.842857142857145,0.9,1.7,9.7,4.0,4.1,3.3428571428571416,4.2214285714285715
2016-07-17,31.6,24.2,27.6,15.5,12.7,78,7,199,3,31.0,31.8,31.5,32.0,31.433333333333326,31.17142857142857,30.75,3.4,0.9,1.7,0.0,2.0,3.257142857142856,3.6928571428571426
2016-07-18,32.1,23.8,27.1,12.6,9.7,79,7,200,3,27.6,31.0,31.8,31.9,30.133333333333326,30.542857142857144,30.757142857142856,15.5,3.4,0.9,2.9,6.6000000000000005,5.47142857142857,3.814285714285714
2016-07-19,35.0,24.9,29.8,0.1,11.7,65,7,201,3,27.1,27.6,31.0,30.2,28.566666666666663,29.857142857142858,30.6,12.6,15.5,3.4,4.2,10.5,6.857142857142856,4.328571428571428
2016-07-20,37.4,26.2,31.9,0.0,12.3,59,7,202,3,29.8,27.1,27.6,29.8,28.16666666666666,29.8,30.47857142857143,0.1,12.6,15.5,9.7,9.4,6.2714285714285705,4.271428571428571
2016-07-21,37.4,28.3,32.6,0.0,11.0,62,7,203,3,31.9,29.8,27.1,31.5,29.599999999999994,30.099999999999998,30.650000000000002,0.0,0.1,12.6,1.7,4.233333333333333,4.885714285714285,4.078571428571428
2016-07-22,35.8,27.4,31.9,1.1,12.5,64,7,204,3,32.6,31.9,29.8,31.8,31.433333333333326,30.25714285714286,30.785714285714285,0.0,0.0,0.1,0.9,0.03333333333333333,4.6428571428571415,3.9285714285714284
2016-07-23,35.9,26.4,30.6,1.9,12.7,71,7,205,3,31.9,32.6,31.9,31.0,32.133333333333326,30.271428571428572,30.735714285714288,1.1,0.0,0.0,3.4,0.3666666666666667,4.671428571428571,4.007142857142857
2016-07-24,33.6,24.3,29.0,5.1,10.0,75,7,206,3,30.6,31.9,32.6,27.6,31.69999999999999,30.214285714285715,30.692857142857147,1.9,1.1,0.0,15.5,1.0,4.457142857142856,3.857142857142857
2016-07-25,35.2,26.9,30.9,2.4,11.5,69,7,207,3,29.0,30.6,31.9,27.1,30.49999999999999,30.41428571428571,30.47857142857143,5.1,1.9,1.1,12.6,2.6999999999999997,2.97142857142857,4.221428571428571
2016-07-26,35.6,25.6,30.6,1.4,12.7,71,7,208,3,30.9,29.0,30.6,29.8,30.166666666666657,30.957142857142856,30.407142857142855,2.4,5.1,1.9,0.1,3.1333333333333333,1.5142857142857131,4.185714285714286
2016-07-27,29.4,24.4,25.9,13.7,9.4,91,7,209,3,30.6,30.9,29.0,31.9,30.166666666666657,31.071428571428573,30.435714285714287,1.4,2.4,5.1,0.0,2.9666666666666663,1.6999999999999988,3.9857142857142853
2016-07-28,32.5,24.2,28.3,0.0,9.9,72,7,210,3,25.9,30.6,30.9,32.6,29.133333333333326,30.214285714285715,30.157142857142855,13.7,1.4,2.4,0.0,5.833333333333333,3.6571428571428557,4.271428571428571
2016-07-29,34.7,26.6,30.2,0.1,10.9,67,7,211,3,28.3,25.9,30.6,31.9,28.266666666666662,29.599999999999998,29.928571428571427,0.0,13.7,1.4,1.1,5.033333333333332,3.6571428571428557,4.1499999999999995
2016-07-30,30.5,24.3,27.8,4.9,11.0,77,7,212,3,30.2,28.3,25.9,30.6,28.133333333333326,29.357142857142858,29.814285714285713,0.1,0.0,13.7,1.9,4.6,3.514285714285713,4.0928571428571425
2016-07-31,32.8,24.7,28.7,4.5,8.4,73,7,213,3,27.8,30.2,28.3,29.0,28.766666666666662,28.957142857142856,29.585714285714285,4.9,0.1,0.0,5.1,1.6666666666666667,3.9428571428571417,4.2
2016-08-01,35.7,25.7,30.5,0.0,11.3,68,8,214,3,28.7,27.8,30.2,30.9,28.899999999999995,28.91428571428571,29.664285714285715,4.5,4.9,0.1,2.4,3.1666666666666665,3.8571428571428563,3.414285714285714
2016-08-02,31.7,25.9,28.1,1.2,9.7,78,8,215,3,30.5,28.7,27.8,30.6,28.99999999999999,28.857142857142858,29.907142857142855,0.0,4.5,4.9,1.4,3.1333333333333333,3.514285714285713,2.5142857142857147
2016-08-03,32.6,25.0,28.6,5.6,7.4,73,8,216,3,28.1,30.5,28.7,25.9,29.099999999999994,28.5,29.785714285714285,1.2,0.0,4.5,13.7,1.9000000000000001,3.4857142857142844,2.5928571428571425
2016-08-04,36.3,25.5,31.3,2.0,6.9,63,8,217,3,28.6,28.1,30.5,28.3,29.066666666666663,28.88571428571429,29.55,5.6,1.2,0.0,0.0,2.2666666666666666,2.328571428571428,2.992857142857143
2016-08-05,37.2,27.3,32.4,0.0,7.6,59,8,218,3,31.3,28.6,28.1,30.2,29.33333333333333,29.314285714285713,29.457142857142856,2.0,5.6,1.2,0.1,2.9333333333333336,2.6142857142857134,3.1357142857142857
2016-08-06,37.8,28.5,32.3,0.9,12.4,60,8,219,3,32.4,31.3,28.6,27.8,30.766666666666662,29.62857142857143,29.49285714285714,0.0,2.0,5.6,4.9,2.533333333333333,2.5999999999999988,3.057142857142857
2016-08-07,33.5,25.2,27.8,6.1,15.1,83,8,220,3,32.3,32.4,31.3,28.7,31.99999999999999,30.27142857142857,29.61428571428571,0.9,0.0,2.0,4.5,0.9666666666666667,2.0285714285714276,2.9857142857142853
2016-08-08,30.5,24.5,27.0,3.7,8.1,86,8,221,3,27.8,32.3,32.4,30.5,30.833333333333325,30.142857142857142,29.52857142857143,6.1,0.9,0.0,0.0,2.3333333333333335,2.2571428571428562,3.0571428571428574
2016-08-09,33.7,25.5,29.3,1.4,12.2,75,8,222,3,27.0,27.8,32.3,28.1,29.03333333333332,29.642857142857142,29.25,3.7,6.1,0.9,1.2,3.5666666666666664,2.7857142857142847,3.1499999999999995
2016-08-10,32.2,25.1,28.6,4.6,13.3,78,8,223,3,29.3,27.0,27.8,28.6,28.03333333333332,29.814285714285713,29.157142857142855,1.4,3.7,6.1,5.6,3.733333333333333,2.814285714285713,3.15
2016-08-11,33.5,25.3,28.9,0.9,10.2,75,8,224,3,28.6,29.3,27.0,31.3,28.299999999999994,29.814285714285713,29.349999999999998,4.6,1.4,3.7,2.0,3.233333333333333,2.6714285714285704,2.5
2016-08-12,34.1,24.5,28.8,3.2,10.2,72,8,225,3,28.9,28.6,29.3,32.4,28.933333333333326,29.47142857142857,29.392857142857142,0.9,4.6,1.4,0.0,2.3,2.514285714285713,2.564285714285714
2016-08-13,36.7,26.7,31.2,0.1,10.0,62,8,226,3,28.8,28.9,28.6,32.3,28.766666666666655,28.957142857142856,29.292857142857144,3.2,0.9,4.6,0.9,2.9,2.9714285714285706,2.7857142857142856
2016-08-14,36.3,27.8,31.1,2.6,11.9,62,8,227,3,31.2,28.8,28.9,27.8,29.633333333333326,28.8,29.535714285714285,0.1,3.2,0.9,6.1,1.4000000000000001,2.8571428571428563,2.442857142857143
2016-08-15,34.9,25.7,30.1,2.6,7.6,62,8,228,3,31.1,31.2,28.8,27.0,30.366666666666656,29.271428571428572,29.707142857142856,2.6,0.1,3.2,3.7,1.9666666666666668,2.3571428571428563,2.307142857142857
2016-08-16,37.8,26.1,31.9,0.0,11.3,44,8,229,3,30.1,31.1,31.2,29.3,30.799999999999994,29.714285714285715,29.678571428571427,2.6,2.6,0.1,1.4,1.7666666666666668,2.199999999999999,2.492857142857143
2016-08-17,36.2,26.5,31.1,0.6,11.9,52,8,230,3,31.9,30.1,31.1,28.6,31.03333333333332,30.085714285714285,29.949999999999996,0.0,2.6,2.6,4.6,1.7333333333333336,1.999999999999999,2.407142857142857
2016-08-18,36.6,26.2,30.8,0.2,10.7,58,8,231,3,31.1,31.9,30.1,28.9,31.03333333333332,30.442857142857143,30.12857142857143,0.6,0.0,2.6,0.9,1.0666666666666667,1.4285714285714275,2.05
2016-08-19,39.3,24.3,32.3,0.1,10.5,43,8,232,3,30.8,31.1,31.9,28.8,31.266666666666655,30.714285714285715,30.092857142857145,0.2,0.6,0.0,3.2,0.26666666666666666,1.3285714285714276,1.9214285714285713
2016-08-20,39.3,27.8,33.7,0.0,9.7,41,8,233,3,32.3,30.8,31.1,31.2,31.399999999999988,31.214285714285715,30.085714285714285,0.1,0.2,0.6,0.1,0.3,0.8857142857142849,1.9285714285714286
2016-08-21,38.4,28.5,33.0,0.0,11.4,44,8,234,3,33.7,32.3,30.8,31.1,32.26666666666666,31.571428571428573,30.185714285714287,0.0,0.1,0.2,2.6,0.10000000000000002,0.8714285714285704,1.8642857142857143
2016-08-22,38.8,27.1,32.8,0.1,7.9,48,8,235,3,33.0,33.7,32.3,30.1,32.99999999999999,31.842857142857145,30.557142857142857,0.0,0.0,0.1,2.6,0.03333333333333333,0.499999999999999,1.4285714285714286
2016-08-23,39.4,28.3,33.5,0.0,10.7,41,8,236,3,32.8,33.0,33.7,31.9,33.16666666666666,32.228571428571435,30.97142857142857,0.1,0.0,0.0,0.0,0.03333333333333333,0.14285714285714185,1.1714285714285713
2016-08-24,39.1,28.9,33.2,0.7,12.3,43,8,237,3,33.5,32.8,33.0,31.1,33.09999999999999,32.457142857142856,31.271428571428572,0.0,0.1,0.0,0.6,0.03333333333333333,0.14285714285714185,1.0714285714285714
2016-08-25,36.5,25.1,30.5,1.0,12.0,62,8,238,3,33.2,33.5,32.8,30.8,33.16666666666666,32.75714285714286,31.6,0.7,0.0,0.1,0.2,0.26666666666666666,0.15714285714285614,0.7928571428571428
2016-08-26,37.3,28.2,31.9,2.2,13.0,58,8,239,3,30.5,33.2,33.5,32.3,32.39999999999999,32.714285714285715,31.714285714285715,1.0,0.7,0.0,0.1,0.5666666666666667,0.2714285714285704,0.7999999999999999
2016-08-27,35.4,25.7,29.5,11.2,13.9,68,8,240,3,31.9,30.5,33.2,33.7,31.866666666666656,32.65714285714286,31.935714285714283,2.2,1.0,0.7,0.0,1.3,0.5714285714285704,0.7285714285714286
2016-08-28,34.8,24.6,28.9,0.2,15.6,68,8,241,3,29.5,31.9,30.5,33.0,30.633333333333326,32.05714285714286,31.814285714285713,11.2,2.2,1.0,0.0,4.8,2.1714285714285704,1.5214285714285716
2016-08-29,36.6,24.6,30.8,0.2,11.5,56,8,242,3,28.9,29.5,31.9,32.8,30.09999999999999,31.47142857142857,31.657142857142855,0.2,11.2,2.2,0.1,4.533333333333332,2.199999999999999,1.3499999999999999
2016-08-30,33.9,24.6,28.6,2.0,10.1,65,8,243,3,30.8,28.9,29.5,33.5,29.733333333333324,31.185714285714283,31.70714285714286,0.2,0.2,11.2,0.0,3.8666666666666667,2.214285714285713,1.1785714285714284
2016-08-31,34.9,22.7,28.6,3.1,8.8,60,8,244,3,28.6,30.8,28.9,33.2,29.433333333333323,30.485714285714288,31.471428571428568,2.0,0.2,0.2,0.7,0.7999999999999999,2.499999999999999,1.3214285714285714
2016-09-01,33.8,24.2,29.0,0.4,9.8,45,9,245,4,28.6,28.6,30.8,30.5,29.333333333333325,29.82857142857143,31.292857142857144,3.1,2.0,0.2,1.0,1.7666666666666666,2.8428571428571416,1.5
2016-09-02,35.3,22.1,29.1,0.0,7.7,42,9,246,4,29.0,28.6,28.6,31.9,28.733333333333324,29.614285714285717,31.164285714285715,0.4,3.1,2.0,2.2,1.8333333333333333,2.7571428571428562,1.5142857142857142
2016-09-03,38.0,22.2,30.6,0.0,9.4,36,9,247,4,29.1,29.0,28.6,29.5,28.89999999999999,29.214285714285715,30.935714285714283,0.0,0.4,3.1,11.2,1.1666666666666667,2.442857142857142,1.507142857142857
2016-09-04,38.2,25.5,31.7,0.0,10.2,39,9,248,4,30.6,29.1,29.0,28.9,29.56666666666666,29.37142857142857,30.714285714285715,0.0,0.0,0.4,0.2,0.13333333333333333,0.8428571428571419,1.507142857142857
2016-09-05,38.6,27.5,32.6,0.0,12.5,42,9,249,4,31.7,30.6,29.1,30.8,30.466666666666658,29.77142857142857,30.62142857142857,0.0,0.0,0.0,0.2,0.0,0.8142857142857133,1.507142857142857
2016-09-06,37.1,25.1,30.9,0.0,13.0,53,9,250,4,32.6,31.7,30.6,28.6,31.633333333333326,30.028571428571432,30.607142857142858,0.0,0.0,0.0,2.0,0.0,0.7857142857142847,1.5
2016-09-07,38.2,27.4,32.2,0.0,10.8,47,9,251,4,30.9,32.6,31.7,28.6,31.733333333333324,30.357142857142858,30.42142857142857,0.0,0.0,0.0,3.1,0.0,0.499999999999999,1.5
2016-09-08,39.5,27.6,33.2,0.0,11.0,42,9,252,4,32.2,30.9,32.6,29.0,31.89999999999999,30.87142857142857,30.349999999999998,0.0,0.0,0.0,0.4,0.0,0.05714285714285613,1.4499999999999997
2016-09-09,40.1,27.3,33.8,0.1,12.9,42,9,253,4,33.2,32.2,30.9,29.1,32.099999999999994,31.47142857142857,30.542857142857144,0.0,0.0,0.0,0.0,0.0,0.0,1.3785714285714283
2016-09-10,38.7,28.6,32.7,0.1,12.4,51,9,254,4,33.8,33.2,32.2,30.6,33.066666666666656,32.142857142857146,30.678571428571427,0.1,0.0,0.0,0.0,0.03333333333333333,0.014285714285713272,1.2285714285714284
2016-09-11,36.4,27.0,30.6,2.1,11.7,57,9,255,4,32.7,33.8,33.2,31.7,33.23333333333333,32.44285714285714,30.907142857142862,0.1,0.1,0.0,0.0,0.06666666666666667,0.028571428571427557,0.43571428571428567
2016-09-12,34.2,23.9,28.6,2.3,10.8,63,9,256,4,30.6,32.7,33.8,32.6,32.36666666666665,32.28571428571429,31.02857142857143,2.1,0.1,0.1,0.0,0.7666666666666667,0.32857142857142757,0.5714285714285714
2016-09-13,33.7,23.4,28.3,10.8,12.1,61,9,257,4,28.6,30.6,32.7,30.9,30.633333333333326,31.714285714285715,30.87142857142857,2.3,2.1,0.1,0.0,1.5,0.657142857142856,0.7214285714285714
2016-09-14,32.0,23.8,27.6,4.2,6.9,63,9,258,4,28.3,28.6,30.6,32.2,29.166666666666657,31.34285714285715,30.85,10.8,2.3,2.1,0.0,5.066666666666667,2.199999999999999,1.3499999999999999
2016-09-15,34.2,25.3,29.4,0.3,7.4,55,9,259,4,27.6,28.3,28.6,33.2,28.166666666666657,30.685714285714287,30.77857142857143,4.2,10.8,2.3,0.0,5.766666666666667,2.7999999999999994,1.4285714285714286
2016-09-16,36.4,24.7,30.1,0.0,6.4,47,9,260,4,29.4,27.6,28.3,33.8,28.433333333333323,30.142857142857146,30.807142857142857,0.3,4.2,10.8,0.1,5.1000000000000005,2.842857142857142,1.4214285714285715
2016-09-17,38.0,21.6,30.1,0.0,11.1,41,9,261,4,30.1,29.4,27.6,32.7,29.033333333333328,29.614285714285717,30.87857142857143,0.0,0.3,4.2,0.1,1.5,2.828571428571428,1.4214285714285715
2016-09-18,37.4,26.8,31.7,0.0,6.6,45,9,262,4,30.1,30.1,29.4,30.6,29.866666666666656,29.242857142857144,30.842857142857145,0.0,0.0,0.3,2.1,0.09999999999999999,2.8142857142857136,1.4214285714285715
2016-09-19,37.7,26.0,31.6,0.0,9.2,46,9,263,4,31.7,30.1,30.1,28.6,30.633333333333326,29.400000000000002,30.842857142857145,0.0,0.0,0.0,2.3,0.0,2.5142857142857133,1.4214285714285715
2016-09-20,37.7,26.9,31.8,0.0,8.9,49,9,264,4,31.6,31.7,30.1,28.3,31.133333333333326,29.82857142857143,30.771428571428572,0.0,0.0,0.0,10.8,0.0,2.1857142857142846,1.4214285714285715
2016-09-21,33.3,26.9,29.7,2.7,13.0,58,9,265,4,31.8,31.6,31.7,27.6,31.699999999999992,30.328571428571426,30.83571428571429,0.0,0.0,0.0,4.2,0.0,0.6428571428571418,1.4214285714285715
2016-09-22,34.3,25.5,29.2,1.6,7.4,60,9,266,4,29.7,31.8,31.6,29.4,31.03333333333332,30.62857142857143,30.657142857142855,2.7,0.0,0.0,0.3,0.9,0.42857142857142755,1.6142857142857143
2016-09-23,32.6,25.3,28.3,2.0,13.3,62,9,267,4,29.2,29.7,31.8,30.1,30.233333333333324,30.599999999999998,30.37142857142857,1.6,2.7,0.0,0.0,1.4333333333333336,0.6142857142857133,1.7285714285714289
2016-09-24,33.1,24.6,28.5,0.2,9.5,61,9,268,4,28.3,29.2,29.7,30.1,29.06666666666666,30.342857142857145,29.978571428571428,2.0,1.6,2.7,0.0,2.1,0.8999999999999991,1.8642857142857143
2016-09-25,33.8,25.8,29.4,0.1,8.9,58,9,269,4,28.5,28.3,29.2,31.7,28.666666666666657,30.114285714285717,29.678571428571427,0.2,2.0,1.6,0.0,1.2666666666666668,0.9285714285714276,1.8714285714285714
2016-09-26,36.2,24.1,30.1,0.0,10.1,53,9,270,4,29.4,28.5,28.3,31.6,28.73333333333332,29.785714285714285,29.592857142857145,0.1,0.2,2.0,0.0,0.7666666666666666,0.942857142857142,1.7285714285714289
2016-09-27,36.5,25.5,30.5,0.0,10.2,50,9,271,4,30.1,29.4,28.5,31.8,29.333333333333325,29.571428571428573,29.7,0.0,0.1,0.2,0.0,0.10000000000000002,0.942857142857142,1.5642857142857145
2016-09-28,37.1,25.1,30.7,0.0,10.4,47,9,272,4,30.5,30.1,29.4,29.7,29.99999999999999,29.38571428571429,29.857142857142858,0.0,0.0,0.1,2.7,0.03333333333333333,0.942857142857142,0.7928571428571428
2016-09-29,34.9,26.7,30.3,0.3,10.0,54,9,273,4,30.7,30.5,30.1,29.2,30.433333333333323,29.52857142857143,30.07857142857143,0.0,0.0,0.0,1.6,0.0,0.5571428571428562,0.4928571428571429
2016-09-30,35.5,24.9,30.6,0.5,8.7,51,9,274,4,30.3,30.7,30.5,28.3,30.49999999999999,29.685714285714287,30.142857142857142,0.3,0.0,0.0,2.0,0.09999999999999999,0.37142857142857044,0.4928571428571429
2016-10-01,37.0,27.2,31.6,0.0,5.2,47,10,275,4,30.6,30.3,30.7,28.5,30.53333333333332,30.014285714285712,30.178571428571427,0.5,0.3,0.0,0.2,0.26666666666666666,0.15714285714285614,0.5285714285714286
2016-10-02,36.5,26.1,31.5,0.0,11.5,44,10,276,4,31.6,30.6,30.3,29.4,30.833333333333325,30.457142857142856,30.285714285714285,0.0,0.5,0.3,0.1,0.26666666666666666,0.12857142857142756,0.5285714285714286
2016-10-03,36.8,25.2,30.8,0.0,6.6,42,10,277,4,31.5,31.6,30.6,30.1,31.233333333333324,30.75714285714286,30.271428571428572,0.0,0.0,0.5,0.0,0.16666666666666666,0.11428571428571326,0.5285714285714286
2016-10-04,36.2,24.2,30.0,1.5,11.5,43,10,278,4,30.8,31.5,31.6,30.5,31.299999999999994,30.857142857142858,30.214285714285715,0.0,0.0,0.0,0.0,0.0,0.11428571428571326,0.5285714285714286
2016-10-05,33.0,24.5,28.5,0.3,7.7,50,10,279,4,30.0,30.8,31.5,30.7,30.766666666666655,30.785714285714285,30.085714285714285,1.5,0.0,0.0,0.0,0.5,0.3285714285714275,0.6357142857142858
2016-10-06,32.9,22.3,27.1,1.2,10.0,51,10,280,4,28.5,30.0,30.8,30.3,29.766666666666655,30.47142857142857,30.0,0.3,1.5,0.0,0.3,0.6,0.3714285714285704,0.4642857142857143
2016-10-07,33.2,21.2,26.7,0.0,7.9,49,10,281,4,27.1,28.5,30.0,30.6,28.533333333333328,30.014285714285712,29.85,1.2,0.3,1.5,0.5,1.0,0.499999999999999,0.4357142857142858
2016-10-08,32.2,19.6,25.2,0.8,11.8,49,10,282,4,26.7,27.1,28.5,31.6,27.433333333333326,29.457142857142856,29.735714285714288,0.0,1.2,0.3,0.0,0.5,0.42857142857142755,0.2928571428571428
2016-10-09,32.7,19.1,25.4,0.5,8.0,43,10,283,4,25.2,26.7,27.1,31.5,26.333333333333325,28.542857142857144,29.5,0.8,0.0,1.2,0.0,0.6666666666666666,0.5428571428571418,0.33571428571428574
2016-10-10,33.6,17.1,25.2,0.0,6.9,40,10,284,4,25.4,25.2,26.7,30.8,25.766666666666655,27.671428571428574,29.214285714285715,0.5,0.8,0.0,0.0,0.43333333333333335,0.6142857142857132,0.3642857142857143
2016-10-11,34.3,17.2,26.1,0.0,8.7,34,10,285,4,25.2,25.4,25.2,30.0,25.266666666666655,26.87142857142857,28.864285714285717,0.0,0.5,0.8,1.5,0.43333333333333335,0.6142857142857132,0.3642857142857143
2016-10-12,33.1,19.5,26.2,0.0,6.5,36,10,286,4,26.1,25.2,25.4,28.5,25.566666666666652,26.314285714285713,28.55,0.0,0.0,0.5,0.3,0.16666666666666666,0.39999999999999897,0.3642857142857143
2016-10-13,33.9,17.9,26.2,0.0,9.7,35,10,287,4,26.2,26.1,25.2,27.1,25.833333333333325,25.985714285714288,28.228571428571428,0.0,0.0,0.0,1.2,0.0,0.35714285714285615,0.3642857142857143
2016-10-14,33.5,17.8,26.5,0.0,7.4,33,10,288,4,26.2,26.2,26.1,26.7,26.166666666666657,25.857142857142858,27.935714285714287,0.0,0.0,0.0,0.0,0.0,0.1857142857142847,0.3428571428571429
2016-10-15,34.6,17.7,26.3,0.0,8.1,32,10,289,4,26.5,26.2,26.2,25.2,26.299999999999994,25.82857142857143,27.642857142857142,0.0,0.0,0.0,0.8,0.0,0.1857142857142847,0.3071428571428572
2016-10-16,33.8,18.3,26.4,0.0,10.7,35,10,290,4,26.3,26.5,26.2,25.4,26.333333333333325,25.985714285714288,27.264285714285712,0.0,0.0,0.0,0.5,0.0,0.07142857142857041,0.3071428571428572
2016-10-17,34.1,18.1,26.2,0.0,9.7,37,10,291,4,26.4,26.3,26.5,25.2,26.39999999999999,26.128571428571426,26.900000000000002,0.0,0.0,0.0,0.0,0.0,0.0,0.3071428571428572
2016-10-18,33.6,17.8,26.1,0.0,11.3,38,10,292,4,26.2,26.4,26.3,26.1,26.299999999999994,26.271428571428572,26.571428571428573,0.0,0.0,0.0,0.0,0.0,0.0,0.3071428571428572
2016-10-19,32.8,18.4,26.0,0.0,7.8,34,10,293,4,26.1,26.2,26.4,26.2,26.233333333333324,26.271428571428572,26.292857142857144,0.0,0.0,0.0,0.0,0.0,0.0,0.19999999999999998
2016-10-20,32.4,17.3,24.6,0.4,11.0,34,10,294,4,26.0,26.1,26.2,26.2,26.09999999999999,26.24285714285714,26.114285714285717,0.0,0.0,0.0,0.0,0.0,0.0,0.17857142857142858
2016-10-21,30.5,17.6,24.1,0.0,7.3,35,10,295,4,24.6,26.0,26.1,26.5,25.56666666666666,26.014285714285712,25.935714285714283,0.4,0.0,0.0,0.0,0.13333333333333333,0.05714285714285613,0.12142857142857144
2016-10-22,31.5,17.0,24.3,0.0,8.7,31,10,296,4,24.1,24.6,26.0,26.3,24.89999999999999,25.67142857142857,25.75,0.0,0.4,0.0,0.0,0.13333333333333333,0.05714285714285613,0.12142857142857144
2016-10-23,30.6,14.9,23.6,0.0,7.7,31,10,297,4,24.3,24.1,24.6,26.4,24.333333333333325,25.385714285714283,25.685714285714287,0.0,0.0,0.4,0.0,0.13333333333333333,0.05714285714285613,0.0642857142857143
2016-10-24,30.4,15.6,23.2,0.0,9.2,36,10,298,4,23.6,24.3,24.1,26.2,23.99999999999999,24.985714285714288,25.557142857142857,0.0,0.0,0.0,0.0,0.0,0.05714285714285613,0.028571428571428574
2016-10-25,30.1,15.4,22.2,0.0,8.1,46,10,299,4,23.2,23.6,24.3,26.1,23.69999999999999,24.557142857142857,25.414285714285715,0.0,0.0,0.0,0.0,0.0,0.05714285714285613,0.028571428571428574
2016-10-26,30.6,14.0,22.3,0.0,14.5,29,10,300,4,22.2,23.2,23.6,26.0,22.99999999999999,24.0,25.13571428571429,0.0,0.0,0.0,0.0,0.0,0.05714285714285613,0.028571428571428574
2016-10-27,30.7,11.9,21.5,0.0,8.3,24,10,301,4,22.3,22.2,23.2,24.6,22.566666666666652,23.47142857142857,24.857142857142858,0.0,0.0,0.0,0.4,0.0,0.05714285714285613,0.028571428571428574
2016-10-28,31.6,12.3,21.6,0.0,11.7,26,10,302,4,21.5,22.3,22.2,24.1,21.99999999999999,23.028571428571432,24.52142857142857,0.0,0.0,0.0,0.0,0.0,0.0,0.028571428571428574
2016-10-29,29.9,13.7,21.8,0.0,10.4,28,10,303,4,21.6,21.5,22.3,24.3,21.799999999999994,22.671428571428574,24.17142857142857,0.0,0.0,0.0,0.0,0.0,0.0,0.028571428571428574
2016-10-30,28.8,14.4,21.8,0.0,7.8,42,10,304,4,21.8,21.6,21.5,23.6,21.633333333333326,22.314285714285717,23.85,0.0,0.0,0.0,0.0,0.0,0.0,0.028571428571428574
2016-10-31,29.3,14.9,22.4,0.0,7.0,47,10,305,4,21.8,21.8,21.6,23.2,21.733333333333324,22.057142857142857,23.521428571428572,0.0,0.0,0.0,0.0,0.0,0.0,0.028571428571428574
2016-11-01,30.4,14.2,22.5,0.0,7.9,46,11,306,4,22.4,21.8,21.8,22.2,21.99999999999999,21.942857142857143,23.25,0.0,0.0,0.0,0.0,0.0,0.0,0.028571428571428574
2016-11-02,29.2,14.5,22.4,0.0,12.0,49,11,307,4,22.5,22.4,21.8,22.3,22.233333333333324,21.985714285714288,22.99285714285714,0.0,0.0,0.0,0.0,0.0,0.0,0.028571428571428574
2016-11-03,27.9,16.3,21.9,4.1,5.4,63,11,308,4,22.4,22.5,22.4,21.5,22.433333333333323,22.0,22.735714285714284,0.0,0.0,0.0,0.0,0.0,0.0,0.028571428571428574
2016-11-04,25.8,14.5,19.6,18.1,11.0,66,11,309,4,21.9,22.4,22.5,21.6,22.266666666666655,22.057142857142853,22.542857142857144,4.1,0.0,0.0,0.0,1.3666666666666665,0.5857142857142846,0.2928571428571428
2016-11-05,26.7,11.0,18.5,0.0,7.9,47,11,310,4,19.6,21.9,22.4,21.8,21.29999999999999,21.771428571428572,22.221428571428568,18.1,4.1,0.0,0.0,7.400000000000001,3.171428571428571,1.5857142857142859
2016-11-06,27.4,11.6,18.5,0.0,8.1,44,11,311,4,18.5,19.6,21.9,21.8,19.99999999999999,21.3,21.807142857142853,0.0,18.1,4.1,0.0,7.400000000000001,3.171428571428571,1.5857142857142859
2016-11-07,27.4,8.9,17.2,0.0,9.0,40,11,312,4,18.5,18.5,19.6,22.4,18.866666666666656,20.82857142857143,21.442857142857143,0.0,0.0,18.1,0.0,6.033333333333334,3.171428571428571,1.5857142857142859
2016-11-08,28.4,9.4,18.1,0.0,7.9,39,11,313,4,17.2,18.5,18.5,22.5,18.06666666666666,20.085714285714285,21.014285714285716,0.0,0.0,0.0,0.0,0.0,3.171428571428571,1.5857142857142859
2016-11-09,27.6,11.0,18.9,0.0,7.9,42,11,314,4,18.1,17.2,18.5,22.4,17.933333333333323,19.457142857142856,20.721428571428568,0.0,0.0,0.0,0.0,0.0,3.171428571428571,1.5857142857142859
2016-11-10,26.9,10.7,18.8,0.0,9.7,42,11,315,4,18.9,18.1,17.2,21.9,18.06666666666666,18.957142857142856,20.47857142857143,0.0,0.0,0.0,4.1,0.0,3.171428571428571,1.5857142857142859
2016-11-11,25.2,10.7,17.8,0.3,11.2,50,11,316,4,18.8,18.9,18.1,19.6,18.59999999999999,18.514285714285712,20.285714285714285,0.0,0.0,0.0,18.1,0.0,2.585714285714285,1.5857142857142859
2016-11-12,26.2,12.4,18.4,0.0,10.5,44,11,317,4,17.8,18.8,18.9,18.5,18.49999999999999,18.25714285714286,20.014285714285712,0.3,0.0,0.0,0.0,0.09999999999999999,0.04285714285714184,1.6071428571428574
2016-11-13,25.6,9.0,16.7,0.0,7.4,43,11,318,4,18.4,17.8,18.8,18.5,18.333333333333325,18.242857142857144,19.771428571428572,0.0,0.3,0.0,0.0,0.09999999999999999,0.04285714285714184,1.6071428571428574
2016-11-14,25.8,8.8,17.0,0.0,7.2,43,11,319,4,16.7,18.4,17.8,17.2,17.633333333333322,17.985714285714284,19.407142857142855,0.0,0.0,0.3,0.0,0.09999999999999999,0.04285714285714184,1.6071428571428574
2016-11-15,25.2,9.3,17.3,0.0,8.2,46,11,320,4,17.0,16.7,18.4,18.1,17.366666666666656,17.95714285714286,19.021428571428572,0.0,0.0,0.0,0.0,0.0,0.04285714285714184,1.6071428571428574
2016-11-16,25.2,9.7,17.2,0.0,7.2,48,11,321,4,17.3,17.0,16.7,18.9,16.99999999999999,17.84285714285714,18.650000000000002,0.0,0.0,0.0,0.0,0.0,0.04285714285714184,1.6071428571428574
2016-11-17,26.3,9.8,17.3,0.0,7.2,48,11,322,4,17.2,17.3,17.0,18.8,17.166666666666657,17.6,18.27857142857143,0.0,0.0,0.0,0.0,0.0,0.04285714285714184,1.6071428571428574
2016-11-18,27.5,10.2,18.1,0.0,7.6,48,11,323,4,17.3,17.2,17.3,17.8,17.266666666666655,17.385714285714286,17.95,0.0,0.0,0.0,0.3,0.0,0.04285714285714184,1.3142857142857147
2016-11-19,27.1,10.1,18.5,0.0,6.9,41,11,324,4,18.1,17.3,17.2,18.4,17.533333333333328,17.428571428571427,17.84285714285714,0.0,0.0,0.0,0.0,0.0,0.0,0.021428571428571682
2016-11-20,21.4,14.0,17.6,0.0,8.0,56,11,325,4,18.5,18.1,17.3,16.7,17.966666666666658,17.442857142857143,17.84285714285714,0.0,0.0,0.0,0.0,0.0,0.0,0.021428571428571682
2016-11-21,22.3,13.4,17.3,1.7,10.4,66,11,326,4,17.6,18.5,18.1,17.0,18.06666666666666,17.571428571428573,17.77857142857143,0.0,0.0,0.0,0.0,0.0,0.0,0.021428571428571682
2016-11-22,21.8,13.2,16.9,0.0,10.1,64,11,327,4,17.3,17.6,18.5,17.3,17.79999999999999,17.614285714285717,17.785714285714285,1.7,0.0,0.0,0.0,0.5666666666666667,0.24285714285714183,0.1428571428571431
2016-11-23,23.8,10.1,17.3,0.0,8.3,53,11,328,4,16.9,17.3,17.6,17.2,17.26666666666666,17.557142857142857,17.7,0.0,1.7,0.0,0.0,0.5666666666666667,0.24285714285714183,0.1428571428571431
2016-11-24,23.1,10.3,16.3,0.0,8.3,52,11,329,4,17.3,16.9,17.3,17.3,17.166666666666657,17.571428571428573,17.585714285714285,0.0,0.0,1.7,0.0,0.5666666666666667,0.24285714285714183,0.1428571428571431
2016-11-25,23.0,10.7,15.9,0.0,10.0,50,11,330,4,16.3,17.3,16.9,18.1,16.833333333333325,17.428571428571427,17.407142857142855,0.0,0.0,0.0,0.0,0.0,0.24285714285714183,0.1428571428571431
2016-11-26,23.9,10.2,16.0,0.0,9.4,54,11,331,4,15.9,16.3,17.3,18.5,16.49999999999999,17.114285714285714,17.271428571428572,0.0,0.0,0.0,0.0,0.0,0.24285714285714183,0.12142857142857168
2016-11-27,25.3,9.1,16.0,0.0,9.5,41,11,332,4,16.0,15.9,16.3,17.6,16.06666666666666,16.757142857142856,17.1,0.0,0.0,0.0,0.0,0.0,0.24285714285714183,0.12142857142857168
2016-11-28,26.2,8.4,16.1,0.0,9.1,35,11,333,4,16.0,16.0,15.9,17.3,15.966666666666656,16.52857142857143,17.05,0.0,0.0,0.0,1.7,0.0,0.24285714285714183,0.12142857142857168
2016-11-29,24.3,10.7,16.9,0.0,7.6,37,11,334,4,16.1,16.0,16.0,16.9,16.033333333333324,16.357142857142858,16.985714285714284,0.0,0.0,0.0,0.0,0.0,0.0,0.12142857142857168
2016-11-30,24.0,12.3,17.4,0.0,7.6,44,11,335,4,16.9,16.1,16.0,17.3,16.333333333333325,16.357142857142858,16.95714285714286,0.0,0.0,0.0,0.0,0.0,0.0,0.12142857142857168
2016-12-01,24.9,9.4,16.1,0.0,9.0,50,12,336,1,17.4,16.9,16.1,16.3,16.79999999999999,16.37142857142857,16.97142857142857,0.0,0.0,0.0,0.0,0.0,0.0,0.12142857142857168
2016-12-02,25.5,8.2,15.6,0.0,9.5,41,12,337,1,16.1,17.4,16.9,15.9,16.79999999999999,16.34285714285714,16.885714285714286,0.0,0.0,0.0,0.0,0.0,0.0,0.12142857142857168
2016-12-03,25.7,7.7,16.5,0.0,8.0,38,12,338,1,15.6,16.1,17.4,16.0,16.366666666666656,16.3,16.70714285714286,0.0,0.0,0.0,0.0,0.0,0.0,0.12142857142857168
2016-12-04,23.8,9.9,16.5,0.0,6.2,47,12,339,1,16.5,15.6,16.1,16.0,16.06666666666666,16.37142857142857,16.564285714285713,0.0,0.0,0.0,0.0,0.0,0.0,0.12142857142857168
2016-12-05,25.8,10.7,17.2,0.0,6.5,51,12,340,1,16.5,16.5,15.6,16.1,16.199999999999992,16.442857142857143,16.485714285714284,0.0,0.0,0.0,0.0,0.0,0.0,0.12142857142857168
2016-12-06,25.7,12.0,18.0,0.0,6.6,48,12,341,1,17.2,16.5,16.5,16.9,16.733333333333324,16.6,16.47857142857143,0.0,0.0,0.0,0.0,0.0,0.0,0.0
2016-12-07,26.6,11.8,18.8,0.0,6.8,46,12,342,1,18.0,17.2,16.5,17.4,17.233333333333324,16.757142857142856,16.557142857142857,0.0,0.0,0.0,0.0,0.0,0.0,0.0
2016-12-08,22.8,12.0,17.2,0.0,5.4,53,12,343,1,18.8,18.0,17.2,16.1,17.99999999999999,16.95714285714286,16.664285714285715,0.0,0.0,0.0,0.0,0.0,0.0,0.0
2016-12-09,22.0,10.4,16.0,0.0,8.7,63,12,344,1,17.2,18.8,18.0,15.6,17.99999999999999,17.114285714285714,16.72857142857143,0.0,0.0,0.0,0.0,0.0,0.0,0.0
2016-12-10,18.5,10.9,14.0,6.3,7.9,80,12,345,1,16.0,17.2,18.8,16.5,17.333333333333325,17.17142857142857,16.735714285714288,0.0,0.0,0.0,0.0,0.0,0.0,0.0
2016-12-11,19.7,11.8,14.9,0.1,9.4,74,12,346,1,14.0,16.0,17.2,16.5,15.733333333333325,16.814285714285713,16.592857142857145,6.3,0.0,0.0,0.0,2.1,0.8999999999999989,0.45000000000000023
2016-12-12,19.7,8.7,13.7,0.0,9.5,62,12,347,1,14.9,14.0,16.0,17.2,14.966666666666656,16.585714285714285,16.514285714285712,0.1,6.3,0.0,0.0,2.1333333333333333,0.9142857142857131,0.45714285714285735
2016-12-13,20.8,8.8,13.6,0.0,10.7,59,12,348,1,13.7,14.9,14.0,18.0,14.19999999999999,16.085714285714285,16.342857142857145,0.0,0.1,6.3,0.0,2.1333333333333333,0.9142857142857131,0.45714285714285735
2016-12-14,21.8,5.9,13.1,0.0,8.7,48,12,349,1,13.6,13.7,14.9,18.8,14.066666666666658,15.457142857142857,16.107142857142858,0.0,0.0,0.1,0.0,0.03333333333333333,0.9142857142857131,0.45714285714285735
2016-12-15,22.4,9.2,15.0,0.0,6.8,46,12,350,1,13.1,13.6,13.7,17.2,13.466666666666656,14.642857142857142,15.799999999999999,0.0,0.0,0.0,0.0,0.0,0.9142857142857131,0.45714285714285735
2016-12-16,21.4,7.1,14.3,0.0,7.3,47,12,351,1,15.0,13.1,13.6,16.0,13.89999999999999,14.328571428571427,15.721428571428572,0.0,0.0,0.0,0.0,0.0,0.9142857142857131,0.45714285714285735
2016-12-17,21.5,7.3,13.7,0.0,7.2,48,12,352,1,14.3,15.0,13.1,14.0,14.133333333333324,14.085714285714287,15.62857142857143,0.0,0.0,0.0,6.3,0.0,0.9142857142857131,0.45714285714285735
2016-12-18,22.2,7.2,13.6,0.0,7.6,49,12,353,1,13.7,14.3,15.0,14.9,14.333333333333323,14.042857142857143,15.428571428571429,0.0,0.0,0.0,0.1,0.0,0.014285714285713272,0.45714285714285735
2016-12-19,21.8,7.3,13.7,0.0,7.5,49,12,354,1,13.6,13.7,14.3,13.7,13.866666666666655,13.857142857142858,15.221428571428572,0.0,0.0,0.0,0.0,0.0,0.0,0.45714285714285735
2016-12-20,23.4,7.4,14.4,0.0,10.9,47,12,355,1,13.7,13.6,13.7,13.6,13.666666666666657,13.857142857142858,14.971428571428572,0.0,0.0,0.0,0.0,0.0,0.0,0.45714285714285735
2016-12-21,24.5,7.0,14.9,0.0,9.0,44,12,356,1,14.4,13.7,13.6,13.1,13.89999999999999,13.971428571428572,14.714285714285714,0.0,0.0,0.0,0.0,0.0,0.0,0.45714285714285735
2016-12-22,24.2,9.0,15.3,0.0,8.1,40,12,357,1,14.9,14.4,13.7,15.0,14.333333333333323,14.22857142857143,14.435714285714285,0.0,0.0,0.0,0.0,0.0,0.0,0.45714285714285735
2016-12-23,22.6,8.3,14.2,0.0,8.4,45,12,358,1,15.3,14.9,14.4,14.3,14.866666666666658,14.271428571428572,14.299999999999999,0.0,0.0,0.0,0.0,0.0,0.0,0.45714285714285735
2016-12-24,19.5,5.2,11.9,0.0,18.2,33,12,359,1,14.2,15.3,14.9,13.7,14.799999999999992,14.257142857142856,14.171428571428569,0.0,0.0,0.0,0.0,0.0,0.0,0.45714285714285735
2016-12-25,20.3,4.4,11.8,0.0,11.7,23,12,360,1,11.9,14.2,15.3,13.6,13.79999999999999,14.0,14.02142857142857,0.0,0.0,0.0,0.0,0.0,0.0,0.007142857142857397
2016-12-26,21.6,4.0,12.3,0.0,8.6,30,12,361,1,11.8,11.9,14.2,13.7,12.633333333333324,13.742857142857144,13.8,0.0,0.0,0.0,0.0,0.0,0.0,0.0
2016-12-27,21.8,9.1,14.9,0.0,6.5,33,12,362,1,12.3,11.8,11.9,14.4,11.999999999999991,13.542857142857143,13.7,0.0,0.0,0.0,0.0,0.0,0.0,0.0
2016-12-28,23.9,9.0,15.4,0.0,7.3,41,12,363,1,14.9,12.3,11.8,14.9,12.999999999999991,13.614285714285716,13.792857142857143,0.0,0.0,0.0,0.0,0.0,0.0,0.0
2016-12-29,23.6,11.4,16.6,0.0,6.5,43,12,364,1,15.4,14.9,12.3,15.3,14.19999999999999,13.685714285714285,13.957142857142857,0.0,0.0,0.0,0.0,0.0,0.0,0.0
2016-12-30,20.4,11.0,15.0,0.0,7.2,52,12,365,1,16.6,15.4,14.9,14.2,15.633333333333326,13.87142857142857,14.071428571428571,0.0,0.0,0.0,0.0,0.0,0.0,0.0
2016-12-31,20.8,7.5,13.6,0.0,6.8,60,12,366,1,15.0,16.6,15.4,11.9,15.666666666666657,13.985714285714286,14.12142857142857,0.0,0.0,0.0,0.0,0.0,0.0,0.0
2017-01-01,21.1,7.4,13.2,0.0,7.6,62,1,1,1,13.6,15.0,16.6,11.8,15.066666666666658,14.22857142857143,14.114285714285714,0.0,0.0,0.0,0.0,0.0,0.0,0.0
2017-01-02,21.1,8.0,14.0,0.0,12.1,64,1,2,1,13.2,13.6,15.0,12.3,13.933333333333325,14.428571428571429,14.085714285714287,0.0,0.0,0.0,0.0,0.0,0.0,0.0
2017-01-03,14.4,11.6,12.9,3.6,14.9,69,1,3,1,14.0,13.2,13.6,14.9,13.599999999999993,14.671428571428573,14.107142857142858,0.0,0.0,0.0,0.0,0.0,0.0,0.0
2017-01-04,12.8,10.8,11.6,11.9,9.4,82,1,4,1,12.9,14.0,13.2,15.4,13.366666666666658,14.385714285714286,14.0,3.6,0.0,0.0,0.0,1.2,0.5142857142857132,0.2571428571428574
2017-01-05,17.0,9.1,12.6,3.3,9.2,73,1,5,1,11.6,12.9,14.0,16.6,12.833333333333327,13.842857142857143,13.764285714285716,11.9,3.6,0.0,0.0,5.166666666666667,2.214285714285713,1.1071428571428574
2017-01-06,13.1,7.4,10.2,6.4,15.2,78,1,6,1,12.6,11.6,12.9,15.0,12.36666666666666,13.271428571428572,13.571428571428571,3.3,11.9,3.6,0.0,6.266666666666667,2.6857142857142846,1.3428571428571432
2017-01-07,15.8,3.8,8.9,0.0,10.0,72,1,7,1,10.2,12.6,11.6,13.6,11.46666666666666,12.585714285714287,13.285714285714286,6.4,3.3,11.9,0.0,7.2,3.5999999999999988,1.8000000000000003
2017-01-08,14.7,4.1,8.3,0.0,12.9,59,1,8,1,8.9,10.2,12.6,13.2,10.566666666666658,11.914285714285713,13.071428571428571,0.0,6.4,3.3,0.0,3.233333333333333,3.5999999999999988,1.8000000000000003
2017-01-09,14.7,1.7,7.5,0.0,20.2,35,1,9,1,8.3,8.9,10.2,14.0,9.133333333333326,11.214285714285714,12.821428571428571,0.0,0.0,6.4,0.0,2.1333333333333333,3.5999999999999988,1.8000000000000003
2017-01-10,16.7,0.6,8.2,0.0,10.4,32,1,10,1,7.5,8.3,8.9,12.9,8.233333333333325,10.285714285714286,12.47857142857143,0.0,0.0,0.0,3.6,0.0,3.5999999999999988,1.8000000000000003
2017-01-11,16.0,0.9,7.0,0.0,8.8,40,1,11,1,8.2,7.5,8.3,11.6,7.999999999999992,9.614285714285714,12.0,0.0,0.0,0.0,11.9,0.0,3.0857142857142845,1.8000000000000003
2017-01-12,15.2,2.2,8.2,0.0,7.9,54,1,12,1,7.0,8.2,7.5,12.6,7.566666666666658,8.957142857142857,11.4,0.0,0.0,0.0,3.3,0.0,1.3857142857142846,1.8000000000000003
2017-01-13,15.0,4.1,8.4,0.3,10.1,53,1,13,1,8.2,7.0,8.2,10.2,7.799999999999991,8.328571428571427,10.8,0.0,0.0,0.0,6.4,0.0,0.9142857142857134,1.8000000000000003
2017-01-14,13.0,5.7,8.8,0.5,14.5,57,1,14,1,8.4,8.2,7.0,8.9,7.866666666666657,8.071428571428571,10.328571428571427,0.3,0.0,0.0,0.0,0.09999999999999999,0.04285714285714184,1.8214285714285716
2017-01-15,14.2,5.3,8.9,1.2,15.5,70,1,15,1,8.8,8.4,8.2,8.3,8.46666666666666,8.057142857142857,9.985714285714286,0.5,0.3,0.0,0.0,0.26666666666666666,0.11428571428571328,1.8571428571428574
2017-01-16,14.4,5.3,9.4,1.4,12.3,75,1,16,1,8.9,8.8,8.4,7.5,8.699999999999992,8.142857142857142,9.678571428571429,1.2,0.5,0.3,0.0,0.6666666666666666,0.2857142857142847,1.942857142857143
2017-01-17,16.5,5.9,10.3,2.2,11.7,70,1,17,1,9.4,8.9,8.8,8.2,9.033333333333324,8.414285714285715,9.35,1.4,1.2,0.5,0.0,1.0333333333333332,0.4857142857142847,2.042857142857143
2017-01-18,8.9,5.2,7.9,20.7,17.6,86,1,18,1,10.3,9.4,8.9,7.0,9.533333333333326,8.714285714285714,9.164285714285715,2.2,1.4,1.2,0.0,1.5999999999999999,0.7999999999999989,1.942857142857143
2017-01-19,15.8,4.3,9.2,0.0,14.2,64,1,19,1,7.9,10.3,9.4,8.2,9.199999999999992,8.842857142857143,8.9,20.7,2.2,1.4,0.0,8.1,3.757142857142856,2.5714285714285716
2017-01-20,17.7,3.2,11.1,0.0,14.8,40,1,20,1,9.2,7.9,10.3,8.4,9.133333333333324,8.985714285714286,8.657142857142857,0.0,20.7,2.2,0.3,7.633333333333334,3.7571428571428562,2.335714285714286
2017-01-21,20.2,5.0,12.4,0.0,15.3,38,1,21,1,11.1,9.2,7.9,8.8,9.399999999999991,9.37142857142857,8.721428571428572,0.0,0.0,20.7,0.5,6.900000000000001,3.714285714285713,1.8785714285714288
2017-01-22,20.5,10.6,14.4,0.0,12.4,41,1,22,1,12.4,11.1,9.2,8.9,10.899999999999991,9.885714285714286,8.971428571428572,0.0,0.0,0.0,1.2,0.0,3.642857142857142,1.8785714285714288
2017-01-23,17.8,7.3,12.1,2.0,11.7,62,1,23,1,14.4,12.4,11.1,9.4,12.633333333333326,10.671428571428573,9.407142857142857,0.0,0.0,0.0,1.4,0.0,3.4714285714285706,1.8785714285714288
2017-01-24,14.5,8.8,11.0,0.6,12.4,79,1,24,1,12.1,14.4,12.4,10.3,12.96666666666666,11.057142857142855,9.735714285714284,2.0,0.0,0.0,2.2,0.6666666666666666,3.5571428571428565,2.021428571428572
2017-01-25,11.8,9.5,10.7,10.9,8.8,89,1,25,1,11.0,12.1,14.4,7.9,12.499999999999991,11.157142857142857,9.935714285714285,0.6,2.0,0.0,20.7,0.8666666666666667,3.328571428571428,2.0642857142857145
2017-01-26,17.1,7.7,11.7,4.2,12.0,75,1,26,1,10.7,11.0,12.1,9.2,11.266666666666659,11.557142857142855,10.200000000000001,10.9,0.6,2.0,0.0,4.5,1.9285714285714275,2.842857142857143
2017-01-27,18.2,5.6,11.2,0.0,8.0,72,1,27,1,11.7,10.7,11.0,11.1,11.133333333333326,11.914285714285715,10.45,4.2,10.9,0.6,0.0,5.233333333333333,2.5285714285714276,3.1428571428571432
2017-01-28,17.3,8.4,11.9,0.3,14.1,58,1,28,1,11.2,11.7,10.7,12.4,11.19999999999999,11.928571428571429,10.650000000000002,0.0,4.2,10.9,0.0,5.033333333333334,2.5285714285714276,3.1214285714285714
2017-01-29,20.4,8.2,13.2,0.3,9.0,60,1,29,1,11.9,11.2,11.7,14.4,11.599999999999993,11.857142857142858,10.87142857142857,0.3,0.0,4.2,0.0,1.5,2.5714285714285703,3.107142857142857
2017-01-30,15.8,7.4,11.6,2.6,7.8,75,1,30,1,13.2,11.9,11.2,12.1,12.099999999999993,11.685714285714285,11.178571428571429,0.3,0.3,0.0,2.0,0.19999999999999998,2.6142857142857134,3.042857142857143
2017-01-31,19.4,7.7,13.4,0.6,10.6,71,1,31,1,11.6,13.2,11.9,11.0,12.233333333333325,11.614285714285714,11.335714285714285,2.6,0.3,0.3,0.6,1.0666666666666667,2.699999999999999,3.128571428571429
2017-02-01,20.8,7.3,12.9,0.0,8.7,58,2,32,1,13.4,11.6,13.2,10.7,12.733333333333325,11.957142857142857,11.557142857142859,0.6,2.6,0.3,10.9,1.1666666666666667,2.699999999999999,3.0142857142857147
2017-02-02,19.8,8.7,13.6,0.0,5.3,67,2,33,1,12.9,13.4,11.6,11.7,12.633333333333326,12.271428571428572,11.914285714285715,0.0,0.6,2.6,4.2,1.0666666666666667,1.142857142857142,1.535714285714286
2017-02-03,17.8,9.0,12.7,0.1,8.7,67,2,34,1,13.6,12.9,13.4,11.2,13.299999999999992,12.542857142857143,12.22857142857143,0.0,0.0,0.6,0.0,0.19999999999999998,0.5428571428571419,1.535714285714286
2017-02-04,12.8,8.9,10.4,15.2,12.5,86,2,35,1,12.7,13.6,12.9,11.9,13.066666666666658,12.757142857142856,12.342857142857142,0.1,0.0,0.0,0.3,0.03333333333333333,0.5571428571428562,1.5428571428571431
2017-02-05,16.4,5.1,11.0,5.1,19.2,69,2,36,1,10.4,12.7,13.6,13.2,12.233333333333325,12.542857142857143,12.200000000000001,15.2,0.1,0.0,0.3,5.1,2.6857142857142846,2.628571428571429
2017-02-06,18.5,4.9,11.0,0.0,14.1,57,2,37,1,11.0,10.4,12.7,11.6,11.366666666666658,12.228571428571428,11.957142857142857,5.1,15.2,0.1,2.6,6.8,3.3714285714285706,2.9928571428571433
2017-02-07,19.3,5.4,12.7,0.0,15.8,46,2,38,1,11.0,11.0,10.4,13.4,10.799999999999992,12.142857142857142,11.87857142857143,0.0,5.1,15.2,0.6,6.766666666666666,2.999999999999999,2.8500000000000005
2017-02-08,18.2,8.7,13.8,0.0,22.2,41,2,39,1,12.7,11.0,11.0,12.9,11.566666666666658,12.042857142857143,12.0,0.0,0.0,5.1,0.0,1.7,2.9142857142857133,2.807142857142857
2017-02-09,20.0,6.1,11.8,0.0,12.1,48,2,40,1,13.8,12.7,11.0,13.6,12.499999999999991,12.171428571428569,12.221428571428572,0.0,0.0,0.0,0.0,0.0,2.9142857142857133,2.028571428571429
2017-02-10,20.7,3.9,12.3,0.0,6.3,45,2,41,1,11.8,13.8,12.7,12.7,12.766666666666659,11.914285714285715,12.22857142857143,0.0,0.0,0.0,0.1,0.0,2.9142857142857133,1.7285714285714289
2017-02-11,21.1,5.4,12.6,0.0,6.5,43,2,42,1,12.3,11.8,13.8,10.4,12.633333333333326,11.857142857142858,12.307142857142855,0.0,0.0,0.0,15.2,0.0,2.8999999999999986,1.7285714285714289
2017-02-12,22.0,6.9,13.5,0.0,11.4,43,2,43,1,12.6,12.3,11.8,11.0,12.233333333333325,12.171428571428573,12.357142857142858,0.0,0.0,0.0,5.1,0.0,0.7285714285714278,1.7071428571428573
2017-02-13,23.4,7.8,15.6,0.0,15.8,38,2,44,1,13.5,12.6,12.3,11.0,12.799999999999992,12.528571428571428,12.378571428571428,0.0,0.0,0.0,0.0,0.0,0.0,1.6857142857142857
2017-02-14,22.6,7.9,15.1,0.0,13.7,46,2,45,1,15.6,13.5,12.6,12.7,13.899999999999991,13.185714285714287,12.664285714285715,0.0,0.0,0.0,0.0,0.0,0.0,1.5
2017-02-15,21.5,10.6,15.7,0.0,18.6,49,2,46,1,15.1,15.6,13.5,13.8,14.733333333333325,13.528571428571428,12.785714285714286,0.0,0.0,0.0,0.0,0.0,0.0,1.4571428571428573
2017-02-16,23.0,9.2,15.4,0.0,16.8,55,2,47,1,15.7,15.1,15.6,11.8,15.466666666666656,13.8,12.985714285714284,0.0,0.0,0.0,0.0,0.0,0.0,1.4571428571428573
2017-02-17,24.1,10.7,17.8,0.0,13.5,56,2,48,1,15.4,15.7,15.1,12.3,15.399999999999991,14.314285714285713,13.114285714285714,0.0,0.0,0.0,0.0,0.0,0.0,1.4571428571428573
2017-02-18,22.0,13.6,17.3,2.6,11.0,66,2,49,1,17.8,15.4,15.7,12.6,16.299999999999994,15.099999999999998,13.478571428571428,0.0,0.0,0.0,0.0,0.0,0.0,1.45
2017-02-19,18.8,13.0,15.4,3.7,15.8,83,2,50,1,17.3,17.8,15.4,13.5,16.833333333333325,15.771428571428572,13.971428571428572,2.6,0.0,0.0,0.0,0.8666666666666667,0.37142857142857066,0.5500000000000002
2017-02-20,22.2,9.1,15.5,0.0,24.5,41,2,51,1,15.4,17.3,17.8,15.6,16.833333333333325,16.04285714285714,14.285714285714286,3.7,2.6,0.0,0.0,2.1,0.8999999999999994,0.4500000000000003
2017-02-21,22.0,6.0,13.6,0.0,10.7,40,2,52,1,15.5,15.4,17.3,15.1,16.06666666666666,16.02857142857143,14.607142857142858,0.0,3.7,2.6,0.0,2.1,0.8999999999999994,0.4500000000000003
2017-02-22,21.0,5.5,13.5,0.0,10.3,49,2,53,1,13.6,15.5,15.4,15.7,14.833333333333323,15.814285714285715,14.671428571428573,0.0,0.0,3.7,0.0,1.2333333333333334,0.8999999999999994,0.4500000000000003
2017-02-23,22.5,5.7,13.8,0.0,16.0,36,2,54,1,13.5,13.6,15.5,15.4,14.199999999999994,15.5,14.65,0.0,0.0,0.0,0.0,0.0,0.8999999999999994,0.4500000000000003
2017-02-24,23.5,6.4,14.2,0.1,8.4,31,2,55,1,13.8,13.5,13.6,17.8,13.633333333333326,15.271428571428572,14.792857142857143,0.0,0.0,0.0,0.0,0.0,0.8999999999999994,0.4500000000000003
2017-02-25,24.9,8.1,15.8,1.2,18.2,37,2,56,1,14.2,13.8,13.5,17.3,13.833333333333323,14.757142857142856,14.928571428571429,0.1,0.0,0.0,2.6,0.03333333333333333,0.9142857142857136,0.4571428571428574
2017-02-26,25.9,8.1,16.8,0.0,11.9,33,2,57,1,15.8,14.2,13.8,15.4,14.599999999999993,14.542857142857143,15.157142857142858,1.2,0.1,0.0,3.7,0.43333333333333335,0.7142857142857135,0.5428571428571431
2017-02-27,26.2,11.9,18.1,0.0,8.4,34,2,58,1,16.8,15.8,14.2,15.5,15.599999999999993,14.742857142857144,15.392857142857142,0.0,1.2,0.1,0.0,0.43333333333333335,0.18571428571428497,0.5428571428571431
2017-02-28,20.0,10.9,15.9,2.6,20.3,58,2,59,1,18.1,16.8,15.8,13.6,16.899999999999995,15.114285714285716,15.571428571428571,0.0,0.0,1.2,0.0,0.39999999999999997,0.18571428571428497,0.5428571428571431
2017-03-01,20.8,10.6,15.3,1.3,14.9,59,3,60,2,15.9,18.1,16.8,13.5,16.933333333333326,15.442857142857141,15.628571428571428,2.6,0.0,0.0,0.0,0.8666666666666667,0.5571428571428564,0.7285714285714288
2017-03-02,21.9,8.7,14.6,0.0,9.4,65,3,61,2,15.3,15.9,18.1,13.8,16.433333333333326,15.700000000000001,15.6,1.3,2.6,0.0,0.0,1.3,0.7428571428571421,0.8214285714285717
2017-03-03,22.8,8.3,15.2,0.0,14.1,53,3,62,2,14.6,15.3,15.9,14.2,15.266666666666659,15.814285714285715,15.542857142857143,0.0,1.3,2.6,0.1,1.3,0.7428571428571421,0.8214285714285717
2017-03-04,23.1,8.3,15.6,0.0,13.8,43,3,63,2,15.2,14.6,15.3,15.8,15.033333333333326,15.957142857142857,15.35714285714286,0.0,0.0,1.3,1.2,0.43333333333333335,0.7285714285714279,0.8214285714285717
2017-03-05,24.1,6.8,15.8,0.0,12.9,29,3,64,2,15.6,15.2,14.6,16.8,15.133333333333324,15.928571428571429,15.235714285714286,0.0,0.0,0.0,0.0,0.0,0.5571428571428564,0.635714285714286
2017-03-06,25.0,8.9,16.9,0.0,10.5,30,3,65,2,15.8,15.6,15.2,18.1,15.533333333333324,15.785714285714286,15.264285714285714,0.0,0.0,0.0,0.0,0.0,0.5571428571428564,0.3714285714285716
2017-03-07,22.2,10.3,16.0,0.5,11.9,46,3,66,2,16.9,15.8,15.6,15.9,16.09999999999999,15.614285714285714,15.364285714285714,0.0,0.0,0.0,2.6,0.0,0.5571428571428564,0.3714285714285716
2017-03-08,21.5,9.7,14.4,2.1,12.8,68,3,67,2,16.0,16.9,15.8,15.3,16.233333333333324,15.62857142857143,15.535714285714286,0.5,0.0,0.0,1.3,0.16666666666666666,0.25714285714285634,0.40714285714285736
2017-03-09,17.6,8.4,12.3,2.7,9.1,77,3,68,2,14.4,16.0,16.9,14.6,15.766666666666659,15.5,15.6,2.1,0.5,0.0,0.0,0.8666666666666667,0.3714285714285706,0.5571428571428574
2017-03-10,19.5,7.7,12.8,1.8,11.8,64,3,69,2,12.3,14.4,16.0,15.2,14.233333333333325,15.171428571428573,15.492857142857144,2.7,2.1,0.5,0.0,1.7666666666666668,0.7571428571428563,0.7500000000000002
2017-03-11,19.4,5.9,12.5,0.0,15.6,57,3,70,2,12.8,12.3,14.4,15.6,13.166666666666659,14.828571428571427,15.392857142857142,1.8,2.7,2.1,0.0,2.2,1.0142857142857136,0.8714285714285718
2017-03-12,20.5,6.6,13.1,0.0,11.7,29,3,71,2,12.5,12.8,12.3,15.8,12.533333333333326,14.385714285714286,15.157142857142857,0.0,1.8,2.7,0.0,1.5,1.0142857142857136,0.7857142857142859
2017-03-13,21.9,8.1,14.9,0.0,14.2,41,3,72,2,13.1,12.5,12.8,16.9,12.799999999999992,14.0,14.892857142857142,0.0,0.0,1.8,0.0,0.6,1.0142857142857136,0.7857142857142859
2017-03-14,22.6,7.5,15.6,0.0,9.4,47,3,73,2,14.9,13.1,12.5,16.0,13.499999999999993,13.714285714285714,14.664285714285713,0.0,0.0,0.0,0.5,0.0,1.0142857142857136,0.7857142857142859
2017-03-15,21.8,13.8,16.7,0.0,20.9,46,3,74,2,15.6,14.9,13.1,14.4,14.533333333333326,13.657142857142857,14.642857142857142,0.0,0.0,0.0,2.1,0.0,0.9428571428571421,0.6000000000000003
2017-03-16,24.4,10.3,17.2,0.5,14.5,46,3,75,2,16.7,15.6,14.9,12.3,15.733333333333325,13.985714285714284,14.742857142857144,0.0,0.0,0.0,2.7,0.0,0.6428571428571421,0.5071428571428575
2017-03-17,24.6,10.3,17.2,0.0,12.9,57,3,76,2,17.2,16.7,15.6,12.8,16.49999999999999,14.685714285714285,14.928571428571429,0.5,0.0,0.0,1.8,0.16666666666666666,0.3285714285714278,0.5428571428571431
2017-03-18,26.4,11.0,18.7,0.0,11.4,50,3,77,2,17.2,17.2,16.7,12.5,17.033333333333324,15.314285714285715,15.071428571428571,0.0,0.5,0.0,0.0,0.16666666666666666,0.0714285714285706,0.5428571428571431
2017-03-19,29.7,12.2,20.5,0.0,21.1,40,3,78,2,18.7,17.2,17.2,13.1,17.699999999999992,16.2,15.292857142857143,0.0,0.0,0.5,0.0,0.16666666666666666,0.0714285714285706,0.5428571428571431
2017-03-20,29.6,13.6,21.6,0.0,9.4,37,3,79,2,20.5,18.7,17.2,14.9,18.799999999999994,17.25714285714286,15.62857142857143,0.0,0.0,0.0,0.0,0.0,0.0714285714285706,0.5428571428571431
2017-03-21,21.6,16.3,18.3,2.2,16.1,58,3,80,2,21.6,20.5,18.7,15.6,20.266666666666655,18.214285714285715,15.964285714285714,0.0,0.0,0.0,0.0,0.0,0.0714285714285706,0.5428571428571431
2017-03-22,18.5,14.3,16.3,14.3,14.8,76,3,81,2,18.3,21.6,20.5,16.7,20.133333333333326,18.6,16.12857142857143,2.2,0.0,0.0,0.0,0.7333333333333334,0.3857142857142849,0.6642857142857146
2017-03-23,27.7,11.8,19.5,0.0,17.8,58,3,82,2,16.3,18.3,21.6,17.2,18.733333333333324,18.542857142857144,16.264285714285712,14.3,2.2,0.0,0.5,5.5,2.428571428571428,1.535714285714286
2017-03-24,31.3,12.2,21.8,0.0,12.2,43,3,83,2,19.5,16.3,18.3,17.2,18.033333333333328,18.87142857142857,16.77857142857143,0.0,14.3,2.2,0.0,5.5,2.3571428571428563,1.3428571428571432
2017-03-25,31.4,15.2,22.7,0.0,12.9,39,3,84,2,21.8,19.5,16.3,18.7,19.199999999999992,19.52857142857143,17.42142857142857,0.0,0.0,14.3,0.0,4.766666666666667,2.3571428571428563,1.2142857142857146
2017-03-26,33.2,15.2,24.3,0.0,9.3,38,3,85,2,22.7,21.8,19.5,20.5,21.333333333333325,20.1,18.150000000000002,0.0,0.0,0.0,0.0,0.0,2.3571428571428563,1.2142857142857146
2017-03-27,32.9,17.7,25.1,0.0,12.6,42,3,86,2,24.3,22.7,21.8,21.6,22.933333333333326,20.642857142857142,18.95,0.0,0.0,0.0,0.0,0.0,2.3571428571428563,1.2142857142857146
2017-03-28,30.8,21.4,25.4,0.0,20.3,43,3,87,2,25.1,24.3,22.7,18.3,24.033333333333328,21.142857142857142,19.678571428571427,0.0,0.0,0.0,2.2,0.0,2.3571428571428563,1.2142857142857146
2017-03-29,32.7,18.3,25.6,0.0,10.9,45,3,88,2,25.4,25.1,24.3,16.3,24.933333333333326,22.157142857142855,20.37857142857143,0.0,0.0,0.0,14.3,0.0,2.0428571428571423,1.2142857142857146
2017-03-30,34.1,18.4,26.0,0.4,13.0,40,3,89,2,25.6,25.4,25.1,19.5,25.36666666666666,23.485714285714288,21.014285714285712,0.0,0.0,0.0,0.0,0.0,0.0,1.2142857142857146
2017-03-31,32.2,20.0,26.1,0.0,18.7,35,3,90,2,26.0,25.6,25.4,21.8,25.666666666666657,24.414285714285715,21.642857142857142,0.4,0.0,0.0,0.0,0.13333333333333333,0.057142857142856385,1.2071428571428573
2017-04-01,34.2,18.2,26.0,0.0,17.7,35,4,91,2,26.1,26.0,25.6,22.7,25.899999999999995,25.02857142857143,22.278571428571432,0.0,0.4,0.0,0.0,0.13333333333333333,0.057142857142856385,1.2071428571428573
2017-04-02,33.7,19.8,25.9,0.4,12.5,32,4,92,2,26.0,26.1,26.0,24.3,26.03333333333332,25.5,22.800000000000004,0.0,0.0,0.4,0.0,0.13333333333333333,0.057142857142856385,1.2071428571428573
2017-04-03,33.5,18.4,25.9,0.0,18.2,32,4,93,2,25.9,26.0,26.1,25.1,25.99999999999999,25.728571428571428,23.185714285714287,0.4,0.0,0.0,0.0,0.13333333333333333,0.11428571428571353,1.235714285714286
2017-04-04,28.1,17.2,22.7,0.5,15.0,47,4,94,2,25.9,25.9,26.0,25.4,25.933333333333326,25.842857142857145,23.492857142857144,0.0,0.4,0.0,0.0,0.13333333333333333,0.11428571428571353,1.235714285714286
2017-04-05,24.9,15.7,19.9,1.8,18.5,68,4,95,2,22.7,25.9,25.9,25.6,24.833333333333325,25.457142857142856,23.807142857142857,0.5,0.0,0.4,0.0,0.3,0.18571428571428497,1.1142857142857145
2017-04-06,26.1,13.8,19.6,0.0,17.3,50,4,96,2,19.9,22.7,25.9,26.0,22.833333333333325,24.642857142857142,24.064285714285713,1.8,0.5,0.0,0.4,0.7666666666666666,0.4428571428571421,0.2214285714285717
2017-04-07,22.9,13.0,17.4,1.3,13.9,44,4,97,2,19.6,19.9,22.7,26.1,20.733333333333324,23.728571428571428,24.071428571428573,0.0,1.8,0.5,0.0,0.7666666666666666,0.38571428571428495,0.2214285714285717
2017-04-08,26.4,11.6,18.8,0.0,12.1,41,4,98,2,17.4,19.6,19.9,26.0,18.966666666666658,22.485714285714288,23.757142857142856,1.3,0.0,1.8,0.0,1.0333333333333334,0.5714285714285706,0.31428571428571456
2017-04-09,29.1,14.5,21.4,0.0,14.7,28,4,99,2,18.8,17.4,19.6,25.9,18.59999999999999,21.45714285714286,23.478571428571428,0.0,1.3,0.0,0.4,0.43333333333333335,0.5714285714285706,0.31428571428571456
2017-04-10,32.3,13.5,23.1,0.0,16.5,28,4,100,2,21.4,18.8,17.4,25.9,19.199999999999992,20.814285714285713,23.27142857142857,0.0,0.0,1.3,0.0,0.43333333333333335,0.5142857142857135,0.31428571428571456
2017-04-11,36.1,16.4,26.3,0.0,17.9,25,4,101,2,23.1,21.4,18.8,22.7,21.09999999999999,20.414285714285715,23.12857142857143,0.0,0.0,0.0,0.5,0.0,0.5142857142857135,0.31428571428571456
2017-04-12,37.9,18.4,28.3,0.0,21.7,24,4,102,2,26.3,23.1,21.4,19.9,23.59999999999999,20.928571428571427,23.192857142857143,0.0,0.0,0.0,1.8,0.0,0.44285714285714206,0.31428571428571456
2017-04-13,37.4,17.7,28.0,0.0,17.8,28,4,103,2,28.3,26.3,23.1,19.6,25.899999999999995,22.12857142857143,23.38571428571429,0.0,0.0,0.0,0.0,0.0,0.18571428571428497,0.31428571428571456
2017-04-14,38.7,18.7,29.5,0.0,16.2,23,4,104,2,28.0,28.3,26.3,17.4,27.53333333333332,23.32857142857143,23.528571428571432,0.0,0.0,0.0,1.3,0.0,0.18571428571428497,0.285714285714286
2017-04-15,39.4,21.5,30.3,0.0,14.2,23,4,105,2,29.5,28.0,28.3,18.8,28.599999999999994,25.057142857142857,23.771428571428572,0.0,0.0,0.0,0.0,0.0,0.0,0.285714285714286
2017-04-16,41.3,21.1,31.1,0.0,15.4,19,4,106,2,30.3,29.5,28.0,21.4,29.266666666666662,26.699999999999996,24.078571428571426,0.0,0.0,0.0,0.0,0.0,0.0,0.285714285714286
2017-04-17,40.9,22.6,31.6,0.0,13.8,26,4,107,2,31.1,30.3,29.5,23.1,30.299999999999994,28.08571428571429,24.45,0.0,0.0,0.0,0.0,0.0,0.0,0.25714285714285745
2017-04-18,41.4,22.8,32.2,0.0,15.0,27,4,108,2,31.6,31.1,30.3,26.3,30.999999999999996,29.3,24.857142857142858,0.0,0.0,0.0,0.0,0.0,0.0,0.25714285714285745
2017-04-19,40.9,23.7,32.2,0.3,20.8,30,4,109,2,32.2,31.6,31.1,28.3,31.633333333333326,30.142857142857142,25.535714285714285,0.0,0.0,0.0,0.0,0.0,0.0,0.22142857142857172
2017-04-20,38.4,24.9,31.8,0.0,17.1,33,4,110,2,32.2,32.2,31.6,28.0,31.999999999999996,30.7,26.414285714285715,0.3,0.0,0.0,0.0,0.09999999999999999,0.042857142857142094,0.11428571428571455
2017-04-21,37.6,23.1,30.3,0.0,19.0,31,4,111,2,31.8,32.2,32.2,29.5,32.066666666666656,31.242857142857144,27.285714285714285,0.0,0.3,0.0,0.0,0.09999999999999999,0.042857142857142094,0.11428571428571455
2017-04-22,33.1,21.2,26.8,0.9,22.7,45,4,112,2,30.3,31.8,32.2,30.3,31.433333333333326,31.357142857142858,28.20714285714286,0.0,0.0,0.3,0.0,0.09999999999999999,0.042857142857142094,0.021428571428571682
2017-04-23,30.5,18.4,24.4,0.9,25.6,50,4,113,2,26.8,30.3,31.8,31.1,29.633333333333326,30.857142857142858,28.778571428571432,0.9,0.0,0.0,0.0,0.3,0.17142857142857065,0.08571428571428596
2017-04-24,28.1,16.7,22.0,3.4,14.3,58,4,114,2,24.4,26.8,30.3,31.6,27.16666666666666,29.900000000000002,28.992857142857144,0.9,0.9,0.0,0.0,0.6,0.29999999999999927,0.15000000000000027
2017-04-25,34.7,17.8,26.2,0.0,17.3,33,4,115,2,22.0,24.4,26.8,32.2,24.39999999999999,28.528571428571432,28.914285714285715,3.4,0.9,0.9,0.0,1.7333333333333334,0.7857142857142849,0.3928571428571431
2017-04-26,33.8,17.8,25.7,0.0,19.1,36,4,116,2,26.2,22.0,24.4,32.2,24.199999999999992,27.67142857142857,28.907142857142855,0.0,3.4,0.9,0.3,1.433333333333333,0.7857142857142849,0.3928571428571431
2017-04-27,35.0,18.9,26.8,0.0,20.9,37,4,117,2,25.7,26.2,22.0,31.8,24.633333333333326,26.74285714285714,28.721428571428568,0.0,0.0,3.4,0.0,1.1333333333333333,0.7428571428571421,0.3928571428571431
2017-04-28,34.8,18.0,27.0,0.3,18.8,36,4,118,2,26.8,25.7,26.2,30.3,26.233333333333324,26.02857142857143,28.635714285714283,0.0,0.0,0.0,0.0,0.0,0.7428571428571421,0.3928571428571431
2017-04-29,32.9,19.6,26.5,0.2,17.7,34,4,119,2,27.0,26.8,25.7,26.8,26.49999999999999,25.557142857142857,28.457142857142856,0.3,0.0,0.0,0.9,0.09999999999999985,0.7857142857142849,0.41428571428571453
2017-04-30,35.1,18.6,26.5,0.0,23.5,28,4,120,2,26.5,27.0,26.8,24.4,26.766666666666662,25.514285714285712,28.185714285714287,0.2,0.3,0.0,0.9,0.16666666666666652,0.6857142857142849,0.4285714285714288
2017-05-01,35.3,17.9,26.7,0.0,14.1,25,5,121,2,26.5,26.5,27.0,22.0,26.666666666666657,25.814285714285713,27.857142857142858,0.0,0.2,0.3,3.4,0.16666666666666652,0.5571428571428564,0.4285714285714288
2017-05-02,34.7,19.4,26.2,0.1,15.6,32,5,122,2,26.7,26.5,26.5,26.2,26.56666666666666,26.485714285714284,27.507142857142856,0.0,0.0,0.2,0.0,0.06666666666666653,0.07142857142857066,0.4285714285714288
2017-05-03,30.9,21.5,25.3,0.6,14.3,41,5,123,2,26.2,26.7,26.5,25.7,26.466666666666658,26.485714285714288,27.07857142857143,0.1,0.0,0.0,0.0,0.03333333333333319,0.08571428571428495,0.43571428571428594
2017-05-04,34.0,17.9,26.4,0.0,11.9,43,5,124,2,25.3,26.2,26.7,26.8,26.06666666666666,26.428571428571427,26.585714285714285,0.6,0.1,0.0,0.0,0.23333333333333317,0.17142857142857065,0.4571428571428574
2017-05-05,36.7,22.0,29.7,0.0,12.1,33,5,125,2,26.4,25.3,26.2,27.0,25.966666666666658,26.37142857142857,26.2,0.0,0.6,0.1,0.3,0.23333333333333317,0.17142857142857065,0.4571428571428574
2017-05-06,38.2,21.9,30.7,0.1,13.4,33,5,126,2,29.7,26.4,25.3,26.5,27.133333333333326,26.75714285714286,26.157142857142855,0.0,0.0,0.6,0.2,0.19999999999999984,0.1285714285714278,0.4571428571428574
2017-05-07,38.8,25.6,31.2,0.0,14.3,32,5,127,2,30.7,29.7,26.4,26.5,28.933333333333326,27.357142857142858,26.435714285714283,0.1,0.0,0.0,0.0,0.03333333333333319,0.11428571428571352,0.40000000000000024
2017-05-08,38.2,24.6,31.1,7.3,16.4,34,5,128,2,31.2,30.7,29.7,26.7,30.53333333333332,28.02857142857143,26.92142857142857,0.0,0.1,0.0,0.0,0.03333333333333319,0.11428571428571352,0.33571428571428596
2017-05-09,39.0,23.1,31.4,0.7,19.5,33,5,129,2,31.1,31.2,30.7,26.2,30.99999999999999,28.657142857142862,27.571428571428573,7.3,0.0,0.1,0.1,2.4666666666666663,1.1571428571428564,0.6142857142857145
2017-05-10,37.9,23.2,30.6,0.0,20.1,32,5,130,2,31.4,31.1,31.2,25.3,31.233333333333324,29.4,27.942857142857143,0.7,7.3,0.0,0.6,2.6666666666666665,1.242857142857142,0.6642857142857145
2017-05-11,37.2,23.4,29.9,0.0,12.3,35,5,131,2,30.6,31.4,31.1,26.4,31.033333333333328,30.157142857142862,28.292857142857144,0.0,0.7,7.3,0.0,2.6666666666666665,1.1571428571428564,0.6642857142857145
2017-05-12,37.4,24.9,30.9,0.9,13.0,34,5,132,2,29.9,30.6,31.4,29.7,30.633333333333326,30.657142857142855,28.514285714285712,0.0,0.0,0.7,0.0,0.2333333333333333,1.1571428571428564,0.6642857142857145
2017-05-13,38.4,25.4,31.2,0.1,14.3,36,5,133,2,30.9,29.9,30.6,30.7,30.466666666666658,30.828571428571426,28.792857142857144,0.9,0.0,0.0,0.1,0.3,1.285714285714285,0.7071428571428573
2017-05-14,38.4,24.1,31.0,0.7,23.0,39,5,134,2,31.2,30.9,29.9,31.2,30.666666666666657,30.9,29.12857142857143,0.1,0.9,0.0,0.0,0.3333333333333333,1.2857142857142847,0.7000000000000002
2017-05-15,35.2,24.6,29.9,0.1,26.1,42,5,135,2,31.0,31.2,30.9,31.1,31.033333333333328,30.87142857142857,29.45,0.7,0.1,0.9,7.3,0.5666666666666667,1.3857142857142848,0.7500000000000002
2017-05-16,34.1,23.0,28.3,5.3,15.0,48,5,136,2,29.9,31.0,31.2,31.4,30.699999999999992,30.7,29.678571428571427,0.1,0.7,0.1,0.7,0.3,0.3571428571428564,0.7571428571428573
2017-05-17,32.3,22.1,27.1,1.0,9.7,61,5,137,2,28.3,29.9,31.0,30.6,29.733333333333324,30.25714285714286,29.828571428571426,5.3,0.1,0.7,0.0,2.033333333333333,1.0142857142857136,1.1285714285714288
2017-05-18,37.9,23.1,30.1,0.0,13.4,43,5,138,2,27.1,28.3,29.9,29.9,28.433333333333326,29.757142857142856,29.95714285714286,1.0,5.3,0.1,0.0,2.1333333333333333,1.1571428571428564,1.1571428571428573
2017-05-19,38.9,22.2,30.9,0.0,18.2,39,5,139,2,30.1,27.1,28.3,30.9,28.499999999999996,29.785714285714285,30.221428571428568,0.0,1.0,5.3,0.9,2.1,1.1571428571428564,1.1571428571428573
2017-05-20,37.2,22.5,30.1,1.6,19.4,41,5,140,2,30.9,30.1,27.1,31.2,29.36666666666666,29.785714285714285,30.307142857142857,0.0,0.0,1.0,0.1,0.3333333333333333,1.0285714285714278,1.1571428571428573
2017-05-21,37.6,22.2,28.8,2.1,21.4,44,5,141,2,30.1,30.9,30.1,31.0,30.36666666666666,29.62857142857143,30.264285714285712,1.6,0.0,0.0,0.7,0.5333333333333333,1.242857142857142,1.2642857142857145
2017-05-22,33.2,23.6,28.1,7.1,10.8,52,5,142,2,28.8,30.1,30.9,29.9,29.933333333333326,29.314285714285717,30.092857142857145,2.1,1.6,0.0,0.1,1.2333333333333334,1.442857142857142,1.4142857142857146
2017-05-23,38.0,22.1,30.2,0.0,14.1,42,5,143,2,28.1,28.8,30.1,28.3,28.999999999999996,29.057142857142857,29.87857142857143,7.1,2.1,1.6,5.3,3.6,2.442857142857142,1.4000000000000001
2017-05-24,38.4,23.5,31.2,0.0,21.4,40,5,144,2,30.2,28.1,28.8,27.1,29.033333333333328,29.32857142857143,29.792857142857144,0.0,7.1,2.1,1.0,3.0666666666666664,1.6857142857142848,1.3500000000000003
2017-05-25,41.3,22.9,32.7,0.0,16.1,34,5,145,2,31.2,30.2,28.1,30.1,29.83333333333333,29.914285714285715,29.835714285714285,0.0,0.0,7.1,0.0,2.3666666666666667,1.542857142857142,1.3500000000000003
2017-05-26,44.4,25.8,34.8,0.0,17.5,20,5,146,2,32.7,31.2,30.2,30.9,31.36666666666666,30.285714285714285,30.035714285714285,0.0,0.0,0.0,0.0,0.0,1.542857142857142,1.3500000000000003
2017-05-27,45.3,29.3,37.6,0.0,28.4,10,5,147,2,34.8,32.7,31.2,30.1,32.9,30.842857142857145,30.314285714285713,0.0,0.0,0.0,1.6,0.0,1.542857142857142,1.2857142857142858
2017-05-28,42.7,24.0,33.8,0.0,21.4,19,5,148,2,37.6,34.8,32.7,28.8,35.033333333333324,31.914285714285715,30.771428571428572,0.0,0.0,0.0,2.1,0.0,1.3142857142857134,1.278571428571429
2017-05-29,43.3,23.7,33.7,0.0,19.1,27,5,149,2,33.8,37.6,34.8,28.1,35.39999999999999,32.628571428571426,30.971428571428568,0.0,0.0,0.0,7.1,0.0,1.0142857142857136,1.2285714285714289
2017-05-30,40.7,24.0,32.4,0.0,22.4,31,5,150,2,33.7,33.8,37.6,30.2,35.033333333333324,33.42857142857143,31.242857142857144,0.0,0.0,0.0,0.0,0.0,0.0,1.2214285714285715
2017-05-31,37.5,26.9,32.6,0.4,30.3,19,5,151,2,32.4,33.7,33.8,31.2,33.29999999999999,33.74285714285715,31.535714285714285,0.0,0.0,0.0,0.0,0.0,0.0,0.8428571428571431
2017-06-01,38.2,23.5,30.6,0.0,14.9,41,6,152,3,32.6,32.4,33.7,32.7,32.9,33.94285714285714,31.928571428571427,0.4,0.0,0.0,0.0,0.13333333333333333,0.057142857142856385,0.8000000000000004
2017-06-02,41.2,24.2,32.8,0.0,11.4,28,6,153,3,30.6,32.6,32.4,34.8,31.866666666666656,33.642857142857146,31.964285714285715,0.0,0.4,0.0,0.0,0.13333333333333333,0.057142857142856385,0.8000000000000002
2017-06-03,44.6,26.6,35.2,0.0,11.1,23,6,154,3,32.8,30.6,32.6,37.6,31.99999999999999,33.357142857142854,32.1,0.0,0.0,0.4,0.0,0.13333333333333333,0.057142857142856385,0.8000000000000002
2017-06-04,46.9,26.2,36.9,0.0,12.0,21,6,155,3,35.2,32.8,30.6,33.8,32.86666666666666,33.01428571428572,32.464285714285715,0.0,0.0,0.0,0.0,0.0,0.057142857142856385,0.6857142857142859
2017-06-05,44.4,28.3,36.8,1.1,15.0,21,6,156,3,36.9,35.2,32.8,33.7,34.96666666666666,33.457142857142856,33.042857142857144,0.0,0.0,0.0,0.0,0.0,0.057142857142856385,0.5357142857142859
2017-06-06,39.8,26.3,33.8,0.2,16.5,28,6,157,3,36.8,36.9,35.2,32.4,36.29999999999999,33.9,33.66428571428571,1.1,0.0,0.0,0.0,0.3666666666666667,0.21428571428571352,0.1071428571428574
2017-06-07,39.1,24.6,32.5,0.0,15.3,31,6,158,3,33.8,36.8,36.9,32.6,35.83333333333332,34.1,33.92142857142857,0.2,1.1,0.0,0.4,0.43333333333333335,0.24285714285714208,0.12142857142857168
2017-06-08,37.5,24.5,31.0,0.0,17.4,46,6,159,3,32.5,33.8,36.8,30.6,34.36666666666665,34.08571428571428,34.01428571428571,0.0,0.2,1.1,0.0,0.43333333333333335,0.18571428571428492,0.12142857142857168
2017-06-09,37.4,23.6,30.0,0.0,16.3,46,6,160,3,31.0,32.5,33.8,32.8,32.43333333333333,34.142857142857146,33.892857142857146,0.0,0.0,0.2,0.0,0.06666666666666667,0.18571428571428492,0.12142857142857168
2017-06-10,34.5,23.8,28.8,1.4,27.0,48,6,161,3,30.0,31.0,32.5,35.2,31.166666666666657,33.74285714285714,33.55,0.0,0.0,0.0,0.0,0.0,0.18571428571428492,0.12142857142857168
2017-06-11,37.1,22.7,30.0,0.0,11.9,43,6,162,3,28.8,30.0,31.0,36.9,29.933333333333326,32.82857142857143,32.92142857142857,1.4,0.0,0.0,0.0,0.4666666666666666,0.3857142857142849,0.22142857142857167
2017-06-12,38.3,22.9,31.0,0.1,15.4,36,6,163,3,30.0,28.8,30.0,36.8,29.599999999999994,31.842857142857145,32.65,0.0,1.4,0.0,1.1,0.4666666666666666,0.3857142857142849,0.22142857142857167
2017-06-13,40.0,25.5,32.4,0.0,23.4,33,6,164,3,31.0,30.0,28.8,33.8,29.933333333333326,31.014285714285712,32.457142857142856,0.1,0.0,1.4,0.2,0.5,0.24285714285714205,0.22857142857142881
2017-06-14,41.2,23.8,33.2,0.0,24.8,31,6,165,3,32.4,31.0,30.0,32.5,31.133333333333326,30.814285714285713,32.457142857142856,0.0,0.1,0.0,0.0,0.03333333333333333,0.2142857142857135,0.22857142857142881
2017-06-15,40.9,24.8,33.1,0.0,25.7,33,6,166,3,33.2,32.4,31.0,31.0,32.199999999999996,30.914285714285715,32.5,0.0,0.0,0.1,0.0,0.03333333333333333,0.2142857142857135,0.20000000000000023
2017-06-16,41.2,25.3,33.1,0.0,14.0,37,6,167,3,33.1,33.2,32.4,30.0,32.9,31.214285714285715,32.67857142857143,0.0,0.0,0.0,0.0,0.0,0.2142857142857135,0.20000000000000023
2017-06-17,40.3,26.9,33.4,0.0,14.4,42,6,168,3,33.1,33.1,33.2,28.8,33.133333333333326,31.657142857142862,32.7,0.0,0.0,0.0,1.4,0.0,0.2142857142857135,0.20000000000000023
2017-06-18,40.4,27.0,33.3,0.0,12.2,48,6,169,3,33.4,33.1,33.1,30.0,33.19999999999999,32.31428571428571,32.57142857142857,0.0,0.0,0.0,0.0,0.0,0.014285714285713494,0.20000000000000023
2017-06-19,39.9,27.1,33.3,0.1,20.8,45,6,170,3,33.3,33.4,33.1,31.0,33.26666666666666,32.785714285714285,32.31428571428571,0.0,0.0,0.0,0.1,0.0,0.014285714285713494,0.20000000000000023
2017-06-20,35.6,27.2,30.4,3.0,20.7,58,6,171,3,33.3,33.3,33.4,32.4,33.33333333333332,33.114285714285714,32.06428571428572,0.1,0.0,0.0,0.0,0.03333333333333333,0.014285714285713494,0.1285714285714288
2017-06-21,29.9,21.7,25.7,11.0,31.2,73,6,172,3,30.4,33.3,33.3,33.2,32.33333333333332,32.82857142857143,31.821428571428573,3.0,0.1,0.0,0.0,1.0333333333333334,0.44285714285714206,0.3285714285714288
2017-06-22,35.3,23.7,29.3,0.0,12.2,57,6,173,3,25.7,30.4,33.3,33.1,29.799999999999986,31.757142857142856,31.335714285714285,11.0,3.0,0.1,0.0,4.7,2.0142857142857133,1.1142857142857145
2017-06-23,38.2,24.7,31.6,0.0,12.3,50,6,174,3,29.3,25.7,30.4,33.1,28.466666666666658,31.214285714285715,31.214285714285715,0.0,11.0,3.0,0.0,4.666666666666667,2.0142857142857133,1.1142857142857145
2017-06-24,40.8,26.5,33.5,0.0,12.5,49,6,175,3,31.6,29.3,25.7,33.4,28.866666666666656,30.999999999999996,31.32857142857143,0.0,0.0,11.0,0.0,3.6666666666666665,2.0142857142857133,1.1142857142857145
2017-06-25,38.3,27.8,33.4,3.0,13.3,51,6,176,3,33.5,31.6,29.3,33.3,31.466666666666658,31.014285714285712,31.664285714285715,0.0,0.0,0.0,0.0,0.0,2.0142857142857133,1.0142857142857145
2017-06-26,35.7,26.5,31.2,3.1,14.4,59,6,177,3,33.4,33.5,31.6,33.3,32.83333333333332,31.02857142857143,31.907142857142855,3.0,0.0,0.0,0.1,1.0,2.442857142857142,1.2285714285714289
2017-06-27,38.3,28.6,32.5,0.0,14.0,58,6,178,3,31.2,33.4,33.5,30.4,32.699999999999996,30.728571428571428,31.92142857142857,3.1,3.0,0.0,3.0,2.033333333333333,2.8714285714285706,1.4428571428571433
2017-06-28,33.5,24.3,27.9,27.5,17.7,78,6,179,3,32.5,31.2,33.4,25.7,32.36666666666665,31.02857142857143,31.928571428571427,0.0,3.1,3.0,11.0,2.033333333333333,2.442857142857142,1.4428571428571433
2017-06-29,35.6,23.3,29.4,13.4,12.2,63,6,180,3,27.9,32.5,31.2,29.3,30.53333333333332,31.342857142857145,31.55,27.5,0.0,3.1,0.0,10.200000000000001,4.799999999999999,3.4071428571428575
2017-06-30,34.6,25.2,29.8,0.0,11.8,65,6,181,3,29.4,27.9,32.5,31.6,29.933333333333323,31.357142857142858,31.285714285714285,13.4,27.5,0.0,0.0,13.633333333333333,6.7142857142857135,4.364285714285715
2017-07-01,37.4,26.0,31.5,0.0,12.2,61,7,182,3,29.8,29.4,27.9,33.5,29.03333333333332,31.1,31.05,0.0,13.4,27.5,0.0,13.633333333333333,6.7142857142857135,4.364285714285715
2017-07-02,38.1,27.9,32.7,1.8,15.0,55,7,183,3,31.5,29.8,29.4,33.4,30.233333333333324,30.814285714285717,30.914285714285715,0.0,0.0,13.4,3.0,4.466666666666667,6.7142857142857135,4.364285714285715
2017-07-03,38.1,26.9,32.4,0.3,16.8,56,7,184,3,32.7,31.5,29.8,31.2,31.333333333333325,30.714285714285715,30.87142857142857,1.8,0.0,0.0,3.1,0.6,6.542857142857143,4.492857142857143
2017-07-04,38.5,27.6,32.6,0.0,13.1,56,7,185,3,32.4,32.7,31.5,32.5,32.199999999999996,30.88571428571429,30.807142857142853,0.3,1.8,0.0,0.0,0.7000000000000001,6.1428571428571415,4.507142857142858
2017-07-05,36.3,24.1,31.2,0.3,10.5,59,7,186,3,32.6,32.4,32.7,27.9,32.56666666666666,30.9,30.964285714285715,0.0,0.3,1.8,27.5,0.7000000000000001,6.1428571428571415,4.292857142857144
2017-07-06,36.6,26.5,31.8,1.5,12.1,54,7,187,3,31.2,32.6,32.4,29.4,32.066666666666656,31.37142857142857,31.357142857142858,0.3,0.0,0.3,13.4,0.19999999999999998,2.2571428571428562,3.528571428571429
2017-07-07,37.0,27.1,31.3,0.9,14.9,60,7,188,3,31.8,31.2,32.6,29.8,31.86666666666666,31.714285714285715,31.535714285714285,1.5,0.3,0.0,0.0,0.6,0.5571428571428562,3.635714285714286
2017-07-08,39.0,26.9,32.9,0.1,14.9,55,7,189,3,31.3,31.8,31.2,31.5,31.433333333333326,31.928571428571427,31.514285714285712,0.9,1.5,0.3,0.0,0.9,0.6857142857142847,3.7
2017-07-09,39.5,28.4,34.0,0.2,13.6,53,7,190,3,32.9,31.3,31.8,32.7,31.99999999999999,32.128571428571426,31.471428571428568,0.1,0.9,1.5,1.8,0.8333333333333335,0.6999999999999991,3.7071428571428577
2017-07-10,40.1,27.8,34.4,0.7,23.0,54,7,191,3,34.0,32.9,31.3,32.4,32.73333333333333,32.31428571428571,31.514285714285712,0.2,0.1,0.9,0.3,0.39999999999999997,0.4714285714285705,3.5071428571428576
2017-07-11,35.8,26.9,30.2,3.6,14.9,69,7,192,3,34.4,34.0,32.9,32.6,33.76666666666666,32.6,31.742857142857144,0.7,0.2,0.1,0.0,0.3333333333333333,0.5285714285714275,3.335714285714286
2017-07-12,32.5,25.7,28.4,7.6,12.5,80,7,193,3,30.2,34.4,34.0,31.2,32.86666666666665,32.25714285714286,31.57857142857143,3.6,0.7,0.2,0.3,1.5,1.0428571428571418,3.592857142857143
2017-07-13,32.0,24.9,27.9,29.3,10.2,80,7,194,3,28.4,30.2,34.4,31.8,30.99999999999999,31.857142857142858,31.61428571428571,7.6,3.6,0.7,1.5,3.9666666666666663,2.0857142857142845,2.1714285714285717
2017-07-14,34.8,25.7,29.8,2.6,7.9,73,7,195,3,27.9,28.4,30.2,31.3,28.833333333333325,31.3,31.50714285714286,29.3,7.6,3.6,0.9,13.5,6.057142857142856,3.3071428571428574
2017-07-15,34.4,24.5,29.6,7.1,10.6,73,7,196,3,29.8,27.9,28.4,32.9,28.69999999999999,31.085714285714285,31.507142857142856,2.6,29.3,7.6,0.1,13.166666666666666,6.299999999999999,3.4928571428571433
2017-07-16,34.8,24.1,29.8,13.5,16.6,75,7,197,3,29.6,29.8,27.9,34.0,29.099999999999994,30.61428571428571,31.37142857142857,7.1,2.6,29.3,0.2,13.0,7.299999999999999,4.0
2017-07-17,34.2,24.9,29.0,14.1,14.5,77,7,198,3,29.8,29.6,29.8,34.4,29.733333333333324,30.014285714285716,31.164285714285715,13.5,7.1,2.6,0.7,7.733333333333333,9.2,4.835714285714286
2017-07-18,32.9,24.3,28.1,21.4,13.0,81,7,199,3,29.0,29.8,29.6,30.2,29.466666666666658,29.242857142857144,30.921428571428574,14.1,13.5,7.1,3.6,11.566666666666665,11.114285714285714,5.821428571428571
2017-07-19,33.5,24.6,28.3,12.7,11.2,81,7,200,3,28.1,29.0,29.8,28.4,28.966666666666658,28.942857142857143,30.599999999999998,21.4,14.1,13.5,7.6,16.333333333333332,13.657142857142857,7.3500000000000005
2017-07-20,34.3,26.6,30.2,5.3,13.5,76,7,201,3,28.3,28.1,29.0,27.9,28.466666666666658,28.928571428571427,30.392857142857142,12.7,21.4,14.1,29.3,16.066666666666666,14.385714285714284,8.235714285714286
2017-07-21,31.9,24.5,27.9,7.3,14.4,82,7,202,3,30.2,28.3,28.1,29.8,28.86666666666666,29.25714285714286,30.27857142857143,5.3,12.7,21.4,2.6,13.133333333333331,10.957142857142856,8.507142857142856
2017-07-22,34.1,25.2,28.6,2.8,14.6,80,7,203,3,27.9,30.2,28.3,29.6,28.799999999999986,28.985714285714288,30.035714285714285,7.3,5.3,12.7,7.1,8.433333333333332,11.62857142857143,8.964285714285714
2017-07-23,32.2,24.2,27.4,8.1,9.4,81,7,204,3,28.6,27.9,30.2,29.8,28.89999999999999,28.842857142857145,29.728571428571428,2.8,7.3,5.3,13.5,5.133333333333332,11.014285714285714,9.157142857142857
2017-07-24,34.6,25.6,29.8,4.0,13.0,74,7,205,3,27.4,28.6,27.9,29.0,27.966666666666654,28.5,29.25714285714286,8.1,2.8,7.3,14.1,6.0666666666666655,10.242857142857142,9.721428571428572
2017-07-25,32.8,24.7,28.2,3.2,15.6,78,7,206,3,29.8,27.4,28.6,28.1,28.599999999999994,28.61428571428571,28.928571428571427,4.0,8.1,2.8,21.4,4.966666666666666,8.799999999999999,9.957142857142857
2017-07-26,31.0,24.6,27.6,4.6,18.2,82,7,207,3,28.2,29.8,27.4,28.3,28.466666666666654,28.62857142857143,28.785714285714285,3.2,4.0,8.1,12.7,5.099999999999999,6.2,9.928571428571429
2017-07-27,31.3,24.4,27.1,13.9,11.9,85,7,208,3,27.6,28.2,29.8,30.2,28.533333333333328,28.528571428571432,28.728571428571428,4.6,3.2,4.0,5.3,3.9333333333333322,5.042857142857143,9.714285714285714
2017-07-28,32.8,25.2,28.4,4.9,10.3,83,7,209,3,27.1,27.6,28.2,27.9,27.633333333333326,28.085714285714285,28.67142857142857,13.9,4.6,3.2,7.3,7.233333333333332,6.271428571428571,8.614285714285714
2017-07-29,33.1,25.1,27.8,9.2,11.9,86,7,210,3,28.4,27.1,27.6,28.6,27.69999999999999,28.157142857142855,28.571428571428573,4.9,13.9,4.6,2.8,7.8,5.928571428571429,8.778571428571428
2017-07-30,32.2,25.3,28.1,12.4,13.2,86,7,211,3,27.8,28.4,27.1,27.4,27.766666666666662,28.042857142857144,28.442857142857143,9.2,4.9,13.9,8.1,9.33333333333333,6.8428571428571425,8.928571428571427
2017-07-31,32.2,25.4,28.3,4.6,12.9,86,7,212,3,28.1,27.8,28.4,29.8,28.09999999999999,28.142857142857142,28.321428571428573,12.4,9.2,4.9,4.0,8.833333333333332,7.457142857142856,8.85
2017-08-01,32.1,26.0,28.3,4.5,13.3,86,8,213,3,28.3,28.1,27.8,28.2,28.06666666666666,27.928571428571427,28.271428571428572,4.6,12.4,9.2,3.2,8.733333333333333,7.542857142857144,8.17142857142857
2017-08-02,30.2,25.1,27.1,7.2,17.6,88,8,214,3,28.3,28.3,28.1,27.6,28.233333333333324,27.942857142857143,28.285714285714285,4.5,4.6,12.4,4.6,7.166666666666667,7.728571428571429,6.964285714285714
2017-08-03,32.4,25.0,28.1,8.9,13.5,82,8,215,3,27.1,28.3,28.3,27.1,27.89999999999999,27.87142857142857,28.2,7.2,4.5,4.6,13.9,5.433333333333333,8.1,6.571428571428571
2017-08-04,35.3,25.1,29.3,6.4,18.9,76,8,216,3,28.1,27.1,28.3,28.4,27.833333333333325,28.014285714285716,28.050000000000004,8.9,7.2,4.5,4.9,6.8666666666666645,7.385714285714286,6.828571428571429
2017-08-05,34.7,24.1,29.7,5.6,11.5,78,8,217,3,29.3,28.1,27.1,27.8,28.166666666666657,28.142857142857142,28.150000000000002,6.4,8.9,7.2,9.2,7.499999999999999,7.6000000000000005,6.764285714285713
2017-08-06,35.0,26.2,30.3,6.4,16.9,78,8,218,3,29.7,29.3,28.1,28.1,29.03333333333332,28.41428571428571,28.22857142857143,5.6,6.4,8.9,12.4,6.966666666666666,7.0857142857142845,6.964285714285714
2017-08-07,34.2,25.5,29.0,8.3,16.6,82,8,219,3,30.3,29.7,29.3,28.3,29.766666666666655,28.728571428571428,28.435714285714287,6.4,5.6,6.4,4.6,6.133333333333332,6.228571428571429,6.8428571428571425
2017-08-08,32.9,24.9,28.8,7.1,12.6,80,8,220,3,29.0,30.3,29.7,28.3,29.666666666666657,28.82857142857143,28.37857142857143,8.3,6.4,5.6,4.5,6.766666666666666,6.757142857142857,7.15
2017-08-09,33.2,25.1,28.6,9.7,13.8,82,8,221,3,28.8,29.0,30.3,27.1,29.366666666666656,28.900000000000002,28.42142857142857,7.1,8.3,6.4,7.2,7.266666666666666,7.128571428571428,7.428571428571429
2017-08-10,32.7,24.7,28.3,9.9,13.9,80,8,222,3,28.6,28.8,29.0,28.1,28.799999999999994,29.114285714285717,28.492857142857144,9.7,7.1,8.3,8.9,8.366666666666665,7.485714285714287,7.792857142857144
2017-08-11,34.3,24.9,28.7,9.3,20.3,78,8,223,3,28.3,28.6,28.8,29.3,28.56666666666666,29.142857142857142,28.57857142857143,9.9,9.7,7.1,6.4,8.899999999999999,7.628571428571428,7.507142857142857
2017-08-12,35.8,24.6,29.7,0.8,11.6,73,8,224,3,28.7,28.3,28.6,29.7,28.53333333333332,29.057142857142857,28.6,9.3,9.9,9.7,5.6,9.633333333333331,8.042857142857143,7.821428571428571
2017-08-13,33.2,24.7,27.6,20.3,13.1,80,8,225,3,29.7,28.7,28.3,30.3,28.89999999999999,29.057142857142853,28.735714285714288,0.8,9.3,9.9,6.4,6.666666666666665,7.3571428571428585,7.221428571428572
2017-08-14,31.2,22.8,27.0,2.8,13.3,72,8,226,3,27.6,29.7,28.7,29.0,28.666666666666657,28.671428571428574,28.7,20.3,0.8,9.3,8.3,10.133333333333331,9.342857142857143,7.785714285714286
2017-08-15,34.7,23.8,28.7,0.0,8.2,67,8,227,3,27.0,27.6,29.7,28.8,28.09999999999999,28.38571428571429,28.607142857142858,2.8,20.3,0.8,7.1,7.966666666666665,8.557142857142857,7.6571428571428575
2017-08-16,34.5,23.8,28.9,0.4,11.0,72,8,228,3,28.7,27.0,27.6,28.6,27.766666666666655,28.37142857142857,28.63571428571429,0.0,2.8,20.3,9.7,7.699999999999998,7.542857142857143,7.335714285714286
2017-08-17,35.5,26.2,30.4,0.0,11.5,70,8,229,3,28.9,28.7,27.0,28.3,28.19999999999999,28.414285714285715,28.764285714285712,0.4,0.0,2.8,9.9,1.0666666666666642,6.214285714285714,6.8500000000000005
2017-08-18,35.8,26.5,30.7,0.1,7.2,70,8,230,3,30.4,28.9,28.7,28.7,29.333333333333325,28.714285714285715,28.928571428571427,0.0,0.4,0.0,9.3,0.13333333333333097,4.8,6.214285714285714
2017-08-19,34.4,27.1,30.0,2.8,11.7,74,8,231,3,30.7,30.4,28.9,29.7,29.99999999999999,29.0,29.02857142857143,0.1,0.0,0.4,0.8,0.1666666666666643,3.485714285714286,5.764285714285714
2017-08-20,32.9,22.9,27.7,13.5,16.3,76,8,232,3,30.0,30.7,30.4,27.6,30.366666666666656,29.042857142857144,29.05,2.8,0.1,0.0,20.3,0.9666666666666642,3.7714285714285714,5.564285714285714
2017-08-21,32.5,24.4,28.1,2.1,11.0,77,8,233,3,27.7,30.0,30.7,27.0,29.466666666666658,29.057142857142853,28.86428571428571,13.5,2.8,0.1,2.8,5.466666666666664,2.8000000000000003,6.071428571428571
2017-08-22,32.1,24.5,27.9,6.1,15.1,77,8,234,3,28.1,27.7,30.0,28.7,28.59999999999999,29.214285714285715,28.8,2.1,13.5,2.8,0.0,6.13333333333333,2.6999999999999997,5.628571428571428
2017-08-23,32.5,23.9,28.0,9.0,12.3,77,8,235,3,27.9,28.1,27.7,28.9,27.899999999999988,29.099999999999998,28.735714285714288,6.1,2.1,13.5,0.4,7.233333333333331,3.5714285714285716,5.557142857142857
2017-08-24,29.2,23.9,26.0,14.0,13.4,85,8,236,3,28.0,27.9,28.1,30.4,27.99999999999999,28.971428571428568,28.692857142857143,9.0,6.1,2.1,0.0,5.733333333333331,4.8,5.507142857142857
2017-08-25,29.2,22.5,25.4,12.1,10.9,82,8,237,3,26.0,28.0,27.9,30.7,27.299999999999994,28.342857142857138,28.52857142857143,14.0,9.0,6.1,0.1,9.699999999999998,6.8,5.8
2017-08-26,31.5,23.2,27.1,0.2,9.2,76,8,238,3,25.4,26.0,28.0,30.0,26.466666666666658,27.585714285714285,28.292857142857144,12.1,14.0,9.0,2.8,11.699999999999998,8.514285714285714,6.0
2017-08-27,34.2,23.7,28.5,0.0,7.7,71,8,239,3,27.1,25.4,26.0,27.7,26.166666666666657,27.17142857142857,28.107142857142858,0.2,12.1,14.0,13.5,8.766666666666664,8.142857142857142,5.957142857142856
2017-08-28,32.9,23.3,28.1,0.0,9.6,75,8,240,3,28.5,27.1,25.4,28.1,26.99999999999999,27.285714285714285,28.17142857142857,0.0,0.2,12.1,2.1,4.099999999999997,6.214285714285714,4.507142857142857
2017-08-29,32.8,23.6,28.0,3.8,10.6,75,8,241,3,28.1,28.5,27.1,27.9,27.89999999999999,27.285714285714285,28.25,0.0,0.0,0.2,6.1,0.0666666666666643,5.914285714285714,4.307142857142858
2017-08-30,33.9,24.3,28.5,0.6,10.5,76,8,242,3,28.0,28.1,28.5,28.0,28.19999999999999,27.300000000000004,28.2,3.8,0.0,0.0,9.0,1.2666666666666642,5.5857142857142845,4.578571428571428
2017-08-31,32.0,25.1,28.4,2.5,8.1,80,8,243,3,28.5,28.0,28.1,26.0,28.19999999999999,27.371428571428574,28.171428571428574,0.6,3.8,0.0,14.0,1.4666666666666641,4.385714285714285,4.5928571428571425
2017-09-01,31.8,22.7,27.7,6.9,16.3,77,9,244,4,28.4,28.5,28.0,25.4,28.299999999999994,27.714285714285715,28.02857142857143,2.5,0.6,3.8,12.1,2.2999999999999976,2.7428571428571433,4.771428571428571
2017-09-02,31.4,22.1,26.0,1.6,12.5,77,9,245,4,27.7,28.4,28.5,27.1,28.19999999999999,28.042857142857144,27.814285714285713,6.9,2.5,0.6,0.2,3.333333333333331,2.0,5.257142857142857
2017-09-03,32.1,23.2,26.7,4.2,12.4,79,9,246,4,26.0,27.7,28.4,28.5,27.366666666666656,27.88571428571429,27.52857142857143,1.6,6.9,2.5,0.0,3.6666666666666647,2.2,5.171428571428572
2017-09-04,32.1,22.8,27.1,3.5,10.0,77,9,247,4,26.7,26.0,27.7,28.1,26.799999999999994,27.62857142857143,27.457142857142856,4.2,1.6,6.9,0.0,4.233333333333332,2.8000000000000003,4.507142857142857
2017-09-05,33.2,24.4,27.8,1.8,13.5,78,9,248,4,27.1,26.7,26.0,28.0,26.59999999999999,27.485714285714288,27.385714285714283,3.5,4.2,1.6,3.8,3.099999999999998,3.3000000000000003,4.607142857142857
2017-09-06,31.2,23.2,26.9,7.6,9.8,79,9,249,4,27.8,27.1,26.7,28.5,27.19999999999999,27.457142857142856,27.37857142857143,1.8,3.5,4.2,0.6,3.1666666666666647,3.0142857142857147,4.3
2017-09-07,30.8,22.2,26.1,13.1,12.0,78,9,250,4,26.9,27.8,27.1,28.4,27.266666666666655,27.228571428571428,27.3,7.6,1.8,3.5,2.5,4.299999999999997,4.014285714285714,4.2
2017-09-08,33.7,24.0,28.4,0.0,9.3,73,9,251,4,26.1,26.9,27.8,27.7,26.933333333333323,26.900000000000002,27.307142857142857,13.1,7.6,1.8,6.9,7.499999999999997,5.528571428571429,4.135714285714286
2017-09-09,33.3,24.4,28.7,0.0,10.8,74,9,252,4,28.4,26.1,26.9,26.0,27.133333333333326,27.0,27.52142857142857,0.0,13.1,7.6,1.6,6.899999999999998,4.542857142857143,3.2714285714285714
2017-09-10,28.0,22.7,25.4,10.7,14.3,83,9,253,4,28.7,28.4,26.1,26.7,27.73333333333332,27.385714285714283,27.635714285714283,0.0,0.0,13.1,4.2,4.3666666666666645,4.314285714285714,3.2571428571428567
2017-09-11,31.1,21.3,25.9,4.7,10.3,76,9,254,4,25.4,28.7,28.4,27.1,27.49999999999999,27.2,27.414285714285715,10.7,0.0,0.0,3.5,3.566666666666664,5.242857142857143,4.021428571428571
2017-09-12,33.0,22.5,27.5,0.0,8.2,71,9,255,4,25.9,25.4,28.7,27.8,26.666666666666657,27.02857142857143,27.257142857142856,4.7,10.7,0.0,1.8,5.13333333333333,5.414285714285714,4.357142857142857
2017-09-13,32.1,22.4,26.9,0.8,7.6,72,9,256,4,27.5,25.9,25.4,26.9,26.266666666666655,26.985714285714284,27.221428571428568,0.0,4.7,10.7,7.6,5.13333333333333,5.1571428571428575,4.085714285714286
2017-09-14,30.5,22.6,25.5,2.3,14.1,77,9,257,4,26.9,27.5,25.9,26.1,26.766666666666655,26.985714285714284,27.107142857142858,0.8,0.0,4.7,13.1,1.833333333333331,4.185714285714286,4.1
2017-09-15,33.5,21.0,26.6,0.0,6.9,57,9,258,4,25.5,26.9,27.5,28.4,26.633333333333326,26.9,26.900000000000002,2.3,0.8,0.0,0.0,1.0333333333333308,2.642857142857143,4.085714285714285
2017-09-16,33.1,20.3,26.4,0.0,7.6,54,9,259,4,26.6,25.5,26.9,28.7,26.333333333333325,26.642857142857142,26.821428571428573,0.0,2.3,0.8,0.0,1.0333333333333308,2.642857142857143,3.5928571428571425
2017-09-17,34.6,19.3,26.9,0.0,8.7,52,9,260,4,26.4,26.6,25.5,25.4,26.166666666666657,26.314285714285713,26.85,0.0,0.0,2.3,10.7,0.7666666666666643,2.642857142857143,3.478571428571428
2017-09-18,34.9,19.6,26.5,0.0,10.2,61,9,261,4,26.9,26.4,26.6,25.9,26.633333333333326,26.52857142857143,26.864285714285717,0.0,0.0,0.0,4.7,0.0,1.1142857142857143,3.1785714285714284
2017-09-19,34.3,19.5,26.5,0.0,8.4,66,9,262,4,26.5,26.9,26.4,27.5,26.59999999999999,26.614285714285717,26.821428571428573,0.0,0.0,0.0,0.0,0.0,0.4428571428571428,2.9285714285714284
2017-09-20,33.6,21.0,27.0,0.0,7.1,70,9,263,4,26.5,26.5,26.9,26.9,26.633333333333326,26.47142857142857,26.728571428571428,0.0,0.0,0.0,0.8,0.0,0.4428571428571428,2.8
2017-09-21,32.7,21.5,27.0,1.7,8.7,69,9,264,4,27.0,26.5,26.5,25.5,26.666666666666657,26.485714285714288,26.735714285714288,0.0,0.0,0.0,2.3,0.0,0.32857142857142857,2.257142857142857
2017-09-22,32.8,20.8,27.1,0.0,12.0,67,9,265,4,27.0,27.0,26.5,26.6,26.833333333333325,26.7,26.8,1.7,0.0,0.0,0.0,0.5666666666666643,0.24285714285714285,1.4428571428571428
2017-09-23,33.5,21.8,27.0,0.0,9.2,66,9,266,4,27.1,27.0,27.0,26.4,27.03333333333332,26.771428571428572,26.70714285714286,0.0,1.7,0.0,0.0,0.5666666666666643,0.24285714285714285,1.4428571428571428
2017-09-24,32.6,22.1,26.8,0.3,14.0,69,9,267,4,27.0,27.1,27.0,26.9,27.03333333333332,26.857142857142858,26.58571428571429,0.0,0.0,1.7,0.0,0.5666666666666643,0.24285714285714285,1.4428571428571428
2017-09-25,33.4,23.4,27.5,0.0,10.4,66,9,268,4,26.8,27.0,27.1,26.5,26.966666666666658,26.842857142857145,26.685714285714283,0.3,0.0,0.0,0.0,0.09999999999999763,0.2857142857142857,0.7
2017-09-26,34.3,22.3,27.6,0.0,8.3,63,9,269,4,27.5,26.8,27.0,26.5,27.09999999999999,26.985714285714288,26.8,0.0,0.3,0.0,0.0,0.09999999999999763,0.2857142857142857,0.36428571428571427
2017-09-27,34.8,21.8,27.4,0.0,9.0,65,9,270,4,27.6,27.5,26.8,27.0,27.299999999999994,27.142857142857142,26.807142857142857,0.0,0.0,0.3,0.0,0.09999999999999763,0.2857142857142857,0.36428571428571427
2017-09-28,34.2,21.5,27.4,0.0,7.3,67,9,271,4,27.4,27.6,27.5,27.0,27.49999999999999,27.2,26.842857142857138,0.0,0.0,0.0,1.7,0.0,0.2857142857142857,0.3071428571428571
2017-09-29,34.4,22.2,27.7,0.1,10.5,66,9,272,4,27.4,27.4,27.6,27.1,27.466666666666658,27.25714285714286,26.978571428571428,0.0,0.0,0.0,0.0,0.0,0.04285714285714286,0.14285714285714285
2017-09-30,34.6,22.4,27.8,0.0,7.8,59,9,273,4,27.7,27.4,27.4,27.0,27.49999999999999,27.342857142857145,27.057142857142857,0.1,0.0,0.0,0.0,0.03333333333333097,0.05714285714285715,0.15
2017-10-01,34.0,22.0,27.9,1.3,8.4,56,10,274,4,27.8,27.7,27.4,26.8,27.633333333333326,27.45714285714286,27.157142857142855,0.0,0.1,0.0,0.3,0.03333333333333097,0.05714285714285715,0.15
2017-10-02,35.3,23.4,28.2,0.0,9.5,51,10,275,4,27.9,27.8,27.7,27.5,27.799999999999986,27.61428571428571,27.228571428571428,1.3,0.0,0.1,0.0,0.46666666666666434,0.2,0.24285714285714285
2017-10-03,34.6,22.1,27.7,0.0,14.0,53,10,276,4,28.2,27.9,27.8,27.6,27.966666666666658,27.714285714285715,27.349999999999998,0.0,1.3,0.0,0.0,0.43333333333333096,0.2,0.24285714285714285
2017-10-04,33.9,21.2,27.6,0.0,10.1,57,10,277,4,27.7,28.2,27.9,27.4,27.933333333333323,27.728571428571428,27.435714285714287,0.0,0.0,1.3,0.0,0.43333333333333096,0.2,0.24285714285714285
2017-10-05,32.9,23.8,27.5,0.0,16.6,48,10,278,4,27.6,27.7,28.2,27.4,27.833333333333325,27.757142857142856,27.478571428571428,0.0,0.0,0.0,0.0,0.0,0.2,0.24285714285714285
2017-10-06,33.1,23.3,27.6,0.0,22.5,45,10,279,4,27.5,27.6,27.7,27.7,27.59999999999999,27.77142857142857,27.514285714285712,0.0,0.0,0.0,0.1,0.0,0.2,0.12142857142857143
2017-10-07,34.1,22.0,27.4,0.0,10.0,46,10,280,4,27.6,27.5,27.6,27.8,27.56666666666666,27.75714285714286,27.55,0.0,0.0,0.0,0.0,0.0,0.18571428571428572,0.12142857142857143
2017-10-08,33.7,20.8,26.4,1.6,9.2,49,10,281,4,27.4,27.6,27.5,27.9,27.49999999999999,27.699999999999996,27.578571428571426,0.0,0.0,0.0,1.3,0.0,0.18571428571428572,0.12142857142857143
2017-10-09,33.7,20.2,25.9,0.0,8.5,52,10,282,4,26.4,27.4,27.6,28.2,27.133333333333326,27.485714285714288,27.550000000000004,1.6,0.0,0.0,0.0,0.533333333333331,0.2285714285714286,0.21428571428571427
2017-10-10,33.6,18.8,25.5,0.0,9.3,58,10,283,4,25.9,26.4,27.4,27.7,26.566666666666652,27.157142857142855,27.435714285714287,0.0,1.6,0.0,0.0,0.533333333333331,0.2285714285714286,0.21428571428571427
2017-10-11,33.1,19.3,25.2,0.0,11.4,58,10,284,4,25.5,25.9,26.4,27.6,25.933333333333323,26.842857142857145,27.285714285714285,0.0,0.0,1.6,0.0,0.533333333333331,0.2285714285714286,0.21428571428571427
2017-10-12,33.7,20.2,25.6,0.0,9.2,52,10,285,4,25.2,25.5,25.9,27.5,25.53333333333332,26.5,27.12857142857143,0.0,0.0,0.0,0.0,0.0,0.2285714285714286,0.21428571428571427
2017-10-13,33.5,19.0,25.3,0.0,15.1,45,10,286,4,25.6,25.2,25.5,27.6,25.433333333333326,26.22857142857143,27.0,0.0,0.0,0.0,0.0,0.0,0.2285714285714286,0.21428571428571427
2017-10-14,32.7,18.8,24.9,0.0,10.0,46,10,287,4,25.3,25.6,25.2,27.4,25.36666666666666,25.9,26.82857142857143,0.0,0.0,0.0,0.0,0.0,0.2285714285714286,0.20714285714285713
2017-10-15,32.1,18.8,24.7,0.0,8.0,45,10,288,4,24.9,25.3,25.6,26.4,25.266666666666655,25.542857142857144,26.62142857142857,0.0,0.0,0.0,1.6,0.0,0.2285714285714286,0.20714285714285713
2017-10-16,33.2,19.3,25.2,0.0,8.7,42,10,289,4,24.7,24.9,25.3,25.9,24.966666666666658,25.3,26.392857142857142,0.0,0.0,0.0,0.0,0.0,0.0,0.1142857142857143
2017-10-17,33.7,18.4,25.3,0.0,10.2,43,10,290,4,25.2,24.7,24.9,25.5,24.933333333333323,25.2,26.178571428571427,0.0,0.0,0.0,0.0,0.0,0.0,0.1142857142857143
2017-10-18,33.8,18.5,25.2,0.0,8.3,47,10,291,4,25.3,25.2,24.7,25.2,25.066666666666652,25.17142857142857,26.007142857142856,0.0,0.0,0.0,0.0,0.0,0.0,0.1142857142857143
2017-10-19,32.3,19.2,25.1,0.0,10.1,49,10,292,4,25.2,25.3,25.2,25.6,25.233333333333324,25.171428571428574,25.835714285714285,0.0,0.0,0.0,0.0,0.0,0.0,0.1142857142857143
2017-10-20,33.3,18.7,25.2,0.0,9.4,46,10,293,4,25.1,25.2,25.3,25.3,25.19999999999999,25.1,25.664285714285715,0.0,0.0,0.0,0.0,0.0,0.0,0.1142857142857143
2017-10-21,32.8,17.7,24.3,0.0,7.7,46,10,294,4,25.2,25.1,25.2,24.9,25.166666666666657,25.085714285714285,25.49285714285714,0.0,0.0,0.0,0.0,0.0,0.0,0.1142857142857143
2017-10-22,29.8,16.0,22.6,4.8,14.9,58,10,295,4,24.3,25.2,25.1,24.7,24.866666666666656,25.0,25.271428571428572,0.0,0.0,0.0,0.0,0.0,0.0,0.1142857142857143
2017-10-23,29.2,16.6,22.6,0.1,7.0,52,10,296,4,22.6,24.3,25.2,25.2,24.033333333333328,24.7,25.0,4.8,0.0,0.0,0.0,1.5999999999999976,0.6857142857142857,0.34285714285714286
2017-10-24,32.6,15.9,23.2,0.0,22.6,35,10,297,4,22.6,22.6,24.3,25.3,23.166666666666657,24.328571428571426,24.764285714285712,0.1,4.8,0.0,0.0,1.6333333333333309,0.7,0.35
2017-10-25,32.4,14.6,21.9,0.0,10.1,43,10,298,4,23.2,22.6,22.6,25.2,22.799999999999994,24.028571428571432,24.599999999999998,0.0,0.1,4.8,0.0,1.6333333333333309,0.7,0.35
2017-10-26,29.4,13.6,20.9,0.0,8.7,50,10,299,4,21.9,23.2,22.6,25.1,22.566666666666652,23.557142857142853,24.364285714285717,0.0,0.0,0.1,0.0,0.03333333333333097,0.7,0.35
2017-10-27,29.7,15.1,21.3,0.0,9.9,53,10,300,4,20.9,21.9,23.2,25.2,21.99999999999999,22.957142857142856,24.02857142857143,0.0,0.0,0.0,0.0,0.0,0.7,0.35
2017-10-28,29.7,15.6,21.2,0.0,9.4,58,10,301,4,21.3,20.9,21.9,24.3,21.366666666666656,22.400000000000002,23.74285714285714,0.0,0.0,0.0,0.0,0.0,0.7,0.35
2017-10-29,28.7,15.0,21.0,0.0,11.4,58,10,302,4,21.2,21.3,20.9,22.6,21.133333333333322,21.957142857142856,23.478571428571428,0.0,0.0,0.0,4.8,0.0,0.7,0.35
2017-10-30,28.7,14.7,20.9,0.0,8.4,61,10,303,4,21.0,21.2,21.3,22.6,21.166666666666657,21.728571428571428,23.214285714285715,0.0,0.0,0.0,0.1,0.0,0.014285714285714287,0.35
2017-10-31,27.8,14.4,20.9,0.0,12.1,62,10,304,4,20.9,21.0,21.2,23.2,21.033333333333324,21.485714285714288,22.907142857142862,0.0,0.0,0.0,0.0,0.0,0.0,0.35
2017-11-01,28.3,15.5,21.1,0.0,11.4,65,11,305,4,20.9,20.9,21.0,21.9,20.933333333333323,21.157142857142855,22.592857142857145,0.0,0.0,0.0,0.0,0.0,0.0,0.35
2017-11-02,28.4,16.2,21.3,0.0,12.1,70,11,306,4,21.1,20.9,20.9,20.9,20.966666666666658,21.042857142857144,22.300000000000004,0.0,0.0,0.0,0.0,0.0,0.0,0.35
2017-11-03,27.6,14.9,20.8,0.0,13.7,75,11,307,4,21.3,21.1,20.9,21.3,21.09999999999999,21.099999999999998,22.02857142857143,0.0,0.0,0.0,0.0,0.0,0.0,0.35
2017-11-04,28.6,16.2,21.5,0.0,11.0,73,11,308,4,20.8,21.3,21.1,21.2,21.06666666666666,21.02857142857143,21.714285714285715,0.0,0.0,0.0,0.0,0.0,0.0,0.35
2017-11-05,29.7,17.1,21.8,0.0,9.4,70,11,309,4,21.5,20.8,21.3,21.0,21.199999999999992,21.071428571428573,21.514285714285712,0.0,0.0,0.0,0.0,0.0,0.0,0.35
2017-11-06,28.6,15.6,21.1,0.0,10.1,74,11,310,4,21.8,21.5,20.8,20.9,21.366666666666656,21.185714285714287,21.457142857142856,0.0,0.0,0.0,0.0,0.0,0.0,0.0071428571428571435
2017-11-07,27.1,14.8,20.1,0.0,9.9,79,11,311,4,21.1,21.8,21.5,20.9,21.466666666666658,21.214285714285715,21.35,0.0,0.0,0.0,0.0,0.0,0.0,0.0
2017-11-08,26.8,16.4,20.8,0.0,5.9,75,11,312,4,20.1,21.1,21.8,21.1,20.99999999999999,21.099999999999998,21.12857142857143,0.0,0.0,0.0,0.0,0.0,0.0,0.0
2017-11-09,27.9,14.9,20.0,0.0,7.6,71,11,313,4,20.8,20.1,21.1,21.3,20.66666666666666,21.057142857142857,21.05,0.0,0.0,0.0,0.0,0.0,0.0,0.0
2017-11-10,26.6,13.9,19.0,0.0,9.2,72,11,314,4,20.0,20.8,20.1,20.8,20.299999999999994,20.871428571428574,20.985714285714288,0.0,0.0,0.0,0.0,0.0,0.0,0.0
2017-11-11,27.1,13.5,19.1,0.0,8.7,71,11,315,4,19.0,20.0,20.8,21.5,19.933333333333323,20.614285714285717,20.821428571428573,0.0,0.0,0.0,0.0,0.0,0.0,0.0
2017-11-12,26.0,13.0,18.3,0.0,9.4,73,11,316,4,19.1,19.0,20.0,21.8,19.366666666666656,20.271428571428572,20.671428571428574,0.0,0.0,0.0,0.0,0.0,0.0,0.0
2017-11-13,24.8,12.1,17.9,0.0,9.0,73,11,317,4,18.3,19.1,19.0,21.1,18.799999999999994,19.771428571428572,20.478571428571428,0.0,0.0,0.0,0.0,0.0,0.0,0.0
2017-11-14,16.1,13.1,14.3,27.9,13.5,90,11,318,4,17.9,18.3,19.1,20.1,18.433333333333323,19.314285714285717,20.264285714285712,0.0,0.0,0.0,0.0,0.0,0.0,0.0
2017-11-15,14.6,11.7,13.0,21.6,14.2,80,11,319,4,14.3,17.9,18.3,20.8,16.833333333333325,18.485714285714288,19.792857142857144,27.9,0.0,0.0,0.0,9.299999999999997,3.9857142857142853,1.9928571428571427
2017-11-16,19.7,10.6,14.5,0.3,18.4,64,11,320,4,13.0,14.3,17.9,20.0,15.066666666666658,17.37142857142857,19.214285714285715,21.6,27.9,0.0,0.0,16.499999999999996,7.071428571428571,3.5357142857142856
2017-11-17,18.8,9.3,13.6,1.5,17.9,66,11,321,4,14.5,13.0,14.3,19.0,13.933333333333323,16.585714285714285,18.728571428571428,0.3,21.6,27.9,0.0,16.599999999999998,7.114285714285714,3.557142857142857
2017-11-18,21.9,9.1,14.7,0.4,10.3,57,11,322,4,13.6,14.5,13.0,19.1,13.69999999999999,15.814285714285715,18.214285714285715,1.5,0.3,21.6,0.0,7.799999999999998,7.328571428571428,3.664285714285714
2017-11-19,22.4,8.0,14.4,0.0,10.6,46,11,323,4,14.7,13.6,14.5,18.3,14.266666666666657,15.185714285714285,17.72857142857143,0.4,1.5,0.3,0.0,0.7333333333333311,7.385714285714286,3.692857142857143
2017-11-20,22.0,9.6,14.5,0.0,10.2,43,11,324,4,14.4,14.7,13.6,17.9,14.233333333333325,14.628571428571428,17.2,0.0,0.4,1.5,0.0,0.633333333333331,7.385714285714286,3.692857142857143
2017-11-21,22.6,8.2,13.8,0.0,10.1,42,11,325,4,14.5,14.4,14.7,14.3,14.533333333333323,14.142857142857142,16.72857142857143,0.0,0.0,0.4,27.9,0.13333333333333097,7.385714285714286,3.692857142857143
2017-11-22,22.4,9.0,13.9,0.0,10.0,41,11,326,4,13.8,14.5,14.4,13.0,14.233333333333325,14.071428571428571,16.27857142857143,0.0,0.0,0.0,21.6,0.0,3.4,3.692857142857143
2017-11-23,22.1,9.2,13.8,0.0,8.2,47,11,327,4,13.9,13.8,14.5,14.5,14.066666666666658,14.2,15.785714285714286,0.0,0.0,0.0,0.3,0.0,0.31428571428571433,3.692857142857143
2017-11-24,21.3,8.4,13.9,0.1,7.9,61,11,328,4,13.8,13.9,13.8,13.6,13.833333333333323,14.1,15.342857142857143,0.0,0.0,0.0,1.5,0.0,0.2714285714285714,3.692857142857143
2017-11-25,24.4,9.8,16.0,0.0,10.3,51,11,329,4,13.9,13.8,13.9,14.7,13.866666666666658,14.142857142857142,14.978571428571428,0.1,0.0,0.0,0.4,0.03333333333333097,0.07142857142857142,3.6999999999999997
2017-11-26,22.2,10.9,15.8,0.0,9.4,61,11,330,4,16.0,13.9,13.8,14.4,14.566666666666658,14.328571428571427,14.757142857142858,0.0,0.1,0.0,0.0,0.03333333333333097,0.014285714285714287,3.6999999999999997
2017-11-27,23.2,11.3,15.4,0.0,9.2,59,11,331,4,15.8,16.0,13.9,14.5,15.233333333333325,14.528571428571428,14.578571428571427,0.0,0.0,0.1,0.0,0.03333333333333097,0.014285714285714287,3.6999999999999997
2017-11-28,20.8,8.0,14.5,0.0,5.4,63,11,332,4,15.4,15.8,16.0,13.8,15.733333333333325,14.657142857142858,14.4,0.0,0.0,0.0,0.0,0.0,0.014285714285714287,3.6999999999999997
2017-11-29,23.1,8.5,15.1,0.0,8.7,47,11,333,4,14.5,15.4,15.8,13.9,15.233333333333325,14.757142857142858,14.414285714285715,0.0,0.0,0.0,0.0,0.0,0.014285714285714287,1.7071428571428573
2017-11-30,23.2,8.6,14.7,0.0,10.2,45,11,334,4,15.1,14.5,15.4,13.8,14.999999999999991,14.928571428571429,14.564285714285715,0.0,0.0,0.0,0.0,0.0,0.014285714285714287,0.1642857142857143
2017-12-01,21.9,9.4,14.2,0.0,9.2,49,12,335,1,14.7,15.1,14.5,13.9,14.766666666666657,15.057142857142859,14.578571428571431,0.0,0.0,0.0,0.1,0.0,0.014285714285714287,0.14285714285714288
2017-12-02,21.1,9.5,14.2,0.0,4.4,62,12,336,1,14.2,14.7,15.1,16.0,14.666666666666657,15.1,14.621428571428572,0.0,0.0,0.0,0.0,0.0,0.0,0.03571428571428571
2017-12-03,19.3,6.0,12.5,0.0,8.3,70,12,337,1,14.2,14.2,14.7,15.8,14.366666666666655,14.842857142857143,14.585714285714285,0.0,0.0,0.0,0.0,0.0,0.0,0.0071428571428571435
2017-12-04,19.5,6.7,12.3,0.0,8.7,67,12,338,1,12.5,14.2,14.2,15.4,13.633333333333324,14.37142857142857,14.45,0.0,0.0,0.0,0.0,0.0,0.0,0.0071428571428571435
2017-12-05,18.9,8.2,13.2,0.0,21.8,34,12,339,1,12.3,12.5,14.2,14.5,12.999999999999991,13.928571428571429,14.292857142857143,0.0,0.0,0.0,0.0,0.0,0.0,0.0071428571428571435
2017-12-06,21.2,4.1,12.0,0.0,10.3,35,12,340,1,13.2,12.3,12.5,15.1,12.666666666666657,13.742857142857142,14.25,0.0,0.0,0.0,0.0,0.0,0.0,0.0071428571428571435
2017-12-07,22.6,5.1,13.4,0.0,13.5,29,12,341,1,12.0,13.2,12.3,14.7,12.499999999999991,13.299999999999999,14.114285714285714,0.0,0.0,0.0,0.0,0.0,0.0,0.0071428571428571435
2017-12-08,22.8,10.0,14.9,0.0,9.7,34,12,342,1,13.4,12.0,13.2,14.2,12.866666666666658,13.114285714285714,14.085714285714285,0.0,0.0,0.0,0.0,0.0,0.0,0.0071428571428571435
2017-12-09,19.3,7.8,12.7,0.0,6.7,51,12,343,1,14.9,13.4,12.0,14.2,13.433333333333323,13.214285714285714,14.157142857142858,0.0,0.0,0.0,0.0,0.0,0.0,0.0
2017-12-10,20.6,8.4,12.9,0.0,9.6,55,12,344,1,12.7,14.9,13.4,12.5,13.666666666666657,13.0,13.921428571428569,0.0,0.0,0.0,0.0,0.0,0.0,0.0
2017-12-11,13.6,6.4,10.5,7.8,7.2,83,12,345,1,12.9,12.7,14.9,12.3,13.499999999999991,13.057142857142859,13.714285714285714,0.0,0.0,0.0,0.0,0.0,0.0,0.0
2017-12-12,14.6,8.4,10.7,2.9,6.6,88,12,346,1,10.5,12.9,12.7,13.2,12.033333333333324,12.799999999999999,13.364285714285714,7.8,0.0,0.0,0.0,2.5999999999999974,1.1142857142857143,0.5571428571428572
2017-12-13,13.8,7.3,10.0,2.2,15.5,82,12,347,1,10.7,10.5,12.9,12.0,11.366666666666658,12.442857142857145,13.092857142857142,2.9,7.8,0.0,0.0,3.566666666666664,1.5285714285714285,0.7642857142857142
2017-12-14,14.8,5.0,9.5,0.0,13.5,70,12,348,1,10.0,10.7,10.5,13.4,10.399999999999991,12.157142857142857,12.728571428571428,2.2,2.9,7.8,0.0,4.299999999999998,1.842857142857143,0.9214285714285715
2017-12-15,16.0,5.1,10.3,0.1,15.5,53,12,349,1,9.5,10.0,10.7,14.9,10.066666666666658,11.6,12.357142857142858,0.0,2.2,2.9,0.0,1.6999999999999975,1.842857142857143,0.9214285714285715
2017-12-16,17.4,7.1,11.3,0.0,19.6,38,12,350,1,10.3,9.5,10.0,12.7,9.933333333333323,10.942857142857141,12.078571428571427,0.1,0.0,2.2,0.0,0.7666666666666644,1.8571428571428572,0.9285714285714286
2017-12-17,19.5,5.0,11.3,0.0,10.5,42,12,351,1,11.3,10.3,9.5,12.9,10.366666666666658,10.742857142857144,11.871428571428572,0.0,0.1,0.0,0.0,0.03333333333333097,1.8571428571428572,0.9285714285714286
2017-12-18,20.9,6.6,13.3,0.0,9.4,40,12,352,1,11.3,11.3,10.3,10.5,10.966666666666656,10.514285714285716,11.785714285714286,0.0,0.0,0.1,7.8,0.03333333333333097,1.8571428571428572,0.9285714285714286
2017-12-19,22.3,7.4,14.2,0.0,6.8,44,12,353,1,13.3,11.3,11.3,10.7,11.96666666666666,10.914285714285715,11.857142857142858,0.0,0.0,0.0,2.9,0.0,0.7428571428571429,0.9285714285714286
2017-12-20,20.9,9.2,14.5,0.0,7.2,52,12,354,1,14.2,13.3,11.3,10.0,12.933333333333323,11.414285714285715,11.928571428571429,0.0,0.0,0.0,2.2,0.0,0.3285714285714286,0.9285714285714286
2017-12-21,20.6,9.6,13.8,0.0,6.7,50,12,355,1,14.5,14.2,13.3,9.5,13.999999999999991,12.057142857142859,12.107142857142858,0.0,0.0,0.0,0.0,0.0,0.014285714285714287,0.9285714285714286
2017-12-22,21.1,6.1,13.1,0.0,10.1,46,12,356,1,13.8,14.5,14.2,10.3,14.166666666666657,12.671428571428573,12.135714285714286,0.0,0.0,0.0,0.1,0.0,0.014285714285714287,0.9285714285714286
2017-12-23,21.7,9.7,13.8,0.0,9.3,44,12,357,1,13.1,13.8,14.5,11.3,13.799999999999992,13.071428571428571,12.007142857142856,0.0,0.0,0.0,0.0,0.0,0.0,0.9285714285714286
2017-12-24,20.3,8.4,12.7,0.0,9.1,56,12,358,1,13.8,13.1,13.8,11.3,13.566666666666658,13.428571428571429,12.085714285714287,0.0,0.0,0.0,0.0,0.0,0.0,0.9285714285714286
2017-12-25,21.3,7.4,13.5,0.0,7.4,49,12,359,1,12.7,13.8,13.1,13.3,13.199999999999989,13.628571428571428,12.071428571428571,0.0,0.0,0.0,0.0,0.0,0.0,0.9285714285714286
2017-12-26,19.2,6.7,12.7,0.0,8.4,56,12,360,1,13.5,12.7,13.8,14.2,13.333333333333323,13.657142857142857,12.285714285714286,0.0,0.0,0.0,0.0,0.0,0.0,0.37142857142857144
2017-12-27,22.2,5.4,12.1,0.0,9.7,63,12,361,1,12.7,13.5,12.7,14.5,12.966666666666656,13.442857142857141,12.428571428571429,0.0,0.0,0.0,0.0,0.0,0.0,0.1642857142857143
2017-12-28,20.8,4.7,12.7,0.0,18.9,34,12,362,1,12.1,12.7,13.5,13.8,12.766666666666657,13.099999999999998,12.578571428571431,0.0,0.0,0.0,0.0,0.0,0.0,0.0071428571428571435
2017-12-29,20.6,7.4,13.2,0.0,10.2,28,12,363,1,12.7,12.1,12.7,13.1,12.499999999999991,12.942857142857141,12.807142857142859,0.0,0.0,0.0,0.0,0.0,0.0,0.0071428571428571435
2017-12-30,21.0,7.2,13.1,0.0,13.7,28,12,364,1,13.2,12.7,12.1,13.8,12.666666666666657,12.957142857142857,13.014285714285714,0.0,0.0,0.0,0.0,0.0,0.0,0.0
2017-12-31,20.6,6.2,12.4,0.0,8.7,37,12,365,1,13.1,13.2,12.7,12.7,12.999999999999991,12.857142857142858,13.142857142857142,0.0,0.0,0.0,0.0,0.0,0.0,0.0
2018-01-01,19.5,7.1,11.3,0.0,9.1,45,1,1,1,12.4,13.1,13.2,13.5,12.899999999999991,12.814285714285715,13.221428571428572,0.0,0.0,0.0,0.0,0.0,0.0,0.0
2018-01-02,17.7,4.4,10.2,0.0,7.4,67,1,2,1,11.3,12.4,13.1,12.7,12.266666666666657,12.5,13.078571428571427,0.0,0.0,0.0,0.0,0.0,0.0,0.0
2018-01-03,18.8,6.8,11.3,0.0,7.9,57,1,3,1,10.2,11.3,12.4,12.1,11.29999999999999,12.142857142857142,12.792857142857143,0.0,0.0,0.0,0.0,0.0,0.0,0.0
2018-01-04,13.6,4.5,8.7,0.7,7.9,76,1,4,1,11.3,10.2,11.3,12.7,10.933333333333325,12.028571428571428,12.564285714285715,0.0,0.0,0.0,0.0,0.0,0.0,0.0
2018-01-05,15.4,4.8,10.1,0.0,7.6,68,1,5,1,8.7,11.3,10.2,13.2,10.066666666666656,11.457142857142857,12.2,0.7,0.0,0.0,0.0,0.23333333333333095,0.09999999999999999,0.049999999999999996
2018-01-06,18.0,3.1,10.2,0.0,9.0,62,1,6,1,10.1,8.7,11.3,13.1,10.033333333333324,11.014285714285714,11.985714285714286,0.0,0.7,0.0,0.0,0.23333333333333095,0.09999999999999999,0.049999999999999996
2018-01-07,18.3,4.9,10.1,0.0,7.6,57,1,7,1,10.2,10.1,8.7,12.4,9.666666666666655,10.6,11.728571428571428,0.0,0.0,0.7,0.0,0.23333333333333095,0.09999999999999999,0.049999999999999996
2018-01-08,18.2,5.0,10.5,0.0,9.7,63,1,8,1,10.1,10.2,10.1,11.3,10.133333333333324,10.27142857142857,11.542857142857143,0.0,0.0,0.0,0.0,0.0,0.09999999999999999,0.049999999999999996
2018-01-09,20.4,6.4,11.7,0.0,5.9,56,1,9,1,10.5,10.1,10.2,10.2,10.266666666666657,10.157142857142857,11.328571428571427,0.0,0.0,0.0,0.0,0.0,0.09999999999999999,0.049999999999999996
2018-01-10,21.1,6.7,12.6,0.0,8.4,44,1,10,1,11.7,10.5,10.1,11.3,10.766666666666657,10.37142857142857,11.257142857142856,0.0,0.0,0.0,0.0,0.0,0.09999999999999999,0.049999999999999996
2018-01-11,19.4,7.0,12.4,0.0,7.9,50,1,11,1,12.6,11.7,10.5,8.7,11.599999999999989,10.557142857142859,11.292857142857143,0.0,0.0,0.0,0.7,0.0,0.09999999999999999,0.049999999999999996
2018-01-12,20.5,8.0,12.5,0.0,8.4,54,1,12,1,12.4,12.6,11.7,10.1,12.233333333333322,11.085714285714285,11.271428571428572,0.0,0.0,0.0,0.0,0.0,0.0,0.049999999999999996
2018-01-13,19.4,4.7,11.1,0.0,8.0,65,1,13,1,12.5,12.4,12.6,10.2,12.499999999999991,11.428571428571429,11.221428571428573,0.0,0.0,0.0,0.0,0.0,0.0,0.049999999999999996
2018-01-14,19.3,4.6,11.2,0.0,8.3,65,1,14,1,11.1,12.5,12.4,10.1,11.999999999999991,11.557142857142859,11.078571428571427,0.0,0.0,0.0,0.0,0.0,0.0,0.049999999999999996
2018-01-15,20.9,6.6,11.6,0.0,6.8,52,1,15,1,11.2,11.1,12.5,10.5,11.599999999999989,11.714285714285714,10.992857142857144,0.0,0.0,0.0,0.0,0.0,0.0,0.049999999999999996
2018-01-16,19.4,5.9,11.6,0.0,8.0,53,1,16,1,11.6,11.2,11.1,11.7,11.29999999999999,11.871428571428572,11.014285714285714,0.0,0.0,0.0,0.0,0.0,0.0,0.049999999999999996
2018-01-17,16.1,4.1,10.0,1.2,11.6,64,1,17,1,11.6,11.6,11.2,12.6,11.466666666666656,11.857142857142858,11.114285714285716,0.0,0.0,0.0,0.0,0.0,0.0,0.049999999999999996
2018-01-18,20.7,7.1,12.3,0.0,14.8,48,1,18,1,10.0,11.6,11.6,12.4,11.066666666666658,11.485714285714286,11.021428571428572,1.2,0.0,0.0,0.0,0.39999999999999764,0.17142857142857143,0.1357142857142857
2018-01-19,22.3,7.9,13.3,0.0,8.1,36,1,19,1,12.3,10.0,11.6,12.5,11.29999999999999,11.471428571428572,11.278571428571428,0.0,1.2,0.0,0.0,0.39999999999999764,0.17142857142857143,0.08571428571428572
2018-01-20,23.8,4.0,14.1,0.0,11.2,35,1,20,1,13.3,12.3,10.0,11.1,11.866666666666658,11.585714285714285,11.507142857142856,0.0,0.0,1.2,0.0,0.39999999999999764,0.17142857142857143,0.08571428571428572
2018-01-21,20.1,5.8,12.5,0.0,9.7,44,1,21,1,14.1,13.3,12.3,11.2,13.233333333333325,12.014285714285716,11.785714285714286,0.0,0.0,0.0,0.0,0.0,0.17142857142857143,0.08571428571428572
2018-01-22,19.4,4.9,11.7,0.0,9.5,62,1,22,1,12.5,14.1,13.3,11.6,13.29999999999999,12.200000000000001,11.957142857142857,0.0,0.0,0.0,0.0,0.0,0.17142857142857143,0.08571428571428572
2018-01-23,20.3,4.9,10.7,0.0,10.0,69,1,23,1,11.7,12.5,14.1,11.6,12.766666666666657,12.214285714285714,12.042857142857143,0.0,0.0,0.0,0.0,0.0,0.17142857142857143,0.08571428571428572
2018-01-24,16.8,3.2,9.5,0.0,8.3,78,1,24,1,10.7,11.7,12.5,10.0,11.633333333333324,12.085714285714285,11.971428571428572,0.0,0.0,0.0,1.2,0.0,0.17142857142857143,0.08571428571428572
2018-01-25,18.5,6.0,11.3,0.0,9.0,68,1,25,1,9.5,10.7,11.7,12.3,10.633333333333324,12.014285714285714,11.75,0.0,0.0,0.0,0.0,0.0,0.0,0.08571428571428572
2018-01-26,18.6,5.4,10.4,0.0,8.6,78,1,26,1,11.3,9.5,10.7,13.3,10.499999999999991,11.871428571428572,11.671428571428569,0.0,0.0,0.0,0.0,0.0,0.0,0.08571428571428572
2018-01-27,18.5,5.1,10.6,0.0,9.5,77,1,27,1,10.4,11.3,9.5,14.1,10.39999999999999,11.457142857142857,11.52142857142857,0.0,0.0,0.0,0.0,0.0,0.0,0.08571428571428572
2018-01-28,19.2,4.7,11.3,0.0,11.2,73,1,28,1,10.6,10.4,11.3,12.5,10.766666666666659,10.957142857142857,11.485714285714284,0.0,0.0,0.0,0.0,0.0,0.0,0.08571428571428572
2018-01-29,17.4,7.3,11.6,1.2,15.5,70,1,29,1,11.3,10.6,10.4,11.7,10.766666666666657,10.785714285714286,11.492857142857144,0.0,0.0,0.0,0.0,0.0,0.0,0.08571428571428572
2018-01-30,18.5,9.7,13.3,0.3,13.5,61,1,30,1,11.6,11.3,10.6,10.7,11.166666666666657,10.771428571428572,11.492857142857144,1.2,0.0,0.0,0.0,0.39999999999999764,0.17142857142857143,0.17142857142857143
2018-01-31,18.2,7.1,12.3,0.0,10.6,52,1,31,1,13.3,11.6,11.3,9.5,12.066666666666658,11.142857142857142,11.614285714285716,0.3,1.2,0.0,0.0,0.4999999999999976,0.21428571428571427,0.19285714285714284
2018-02-01,20.1,6.4,12.6,0.0,14.1,54,2,32,1,12.3,13.3,11.6,11.3,12.399999999999991,11.542857142857143,11.778571428571428,0.0,0.3,1.2,0.0,0.4999999999999976,0.21428571428571427,0.10714285714285714
2018-02-02,21.8,6.4,14.2,0.0,15.0,35,2,33,1,12.6,12.3,13.3,10.4,12.733333333333325,11.72857142857143,11.8,0.0,0.0,0.3,0.0,0.09999999999999763,0.21428571428571427,0.10714285714285714
2018-02-03,21.0,7.5,12.8,0.0,13.0,33,2,34,1,14.2,12.6,12.3,10.6,13.033333333333324,12.27142857142857,11.864285714285714,0.0,0.0,0.0,0.0,0.0,0.21428571428571427,0.10714285714285714
2018-02-04,21.0,5.2,12.4,0.0,13.4,19,2,35,1,12.8,14.2,12.6,11.3,13.19999999999999,12.585714285714287,11.771428571428572,0.0,0.0,0.0,0.0,0.0,0.21428571428571427,0.10714285714285714
2018-02-05,20.3,7.6,13.0,0.0,8.1,27,2,36,1,12.4,12.8,14.2,11.6,13.133333333333324,12.742857142857144,11.764285714285714,0.0,0.0,0.0,1.2,0.0,0.21428571428571427,0.10714285714285714
2018-02-06,20.8,5.9,12.9,0.0,8.6,43,2,37,1,13.0,12.4,12.8,13.3,12.733333333333325,12.942857142857141,11.857142857142858,0.0,0.0,0.0,0.3,0.0,0.04285714285714286,0.10714285714285714
2018-02-07,21.4,8.4,13.8,0.0,12.8,25,2,38,1,12.9,13.0,12.4,12.3,12.766666666666657,12.885714285714286,12.014285714285714,0.0,0.0,0.0,0.0,0.0,0.0,0.10714285714285714
2018-02-08,21.4,5.7,12.6,0.0,11.7,33,2,39,1,13.8,12.9,13.0,12.6,13.233333333333325,13.1,12.321428571428571,0.0,0.0,0.0,0.0,0.0,0.0,0.10714285714285714
2018-02-09,20.6,6.7,13.1,0.0,6.0,32,2,40,1,12.6,13.8,12.9,14.2,13.099999999999989,13.099999999999998,12.414285714285715,0.0,0.0,0.0,0.0,0.0,0.0,0.10714285714285714
2018-02-10,16.9,8.5,11.7,2.0,14.2,54,2,41,1,13.1,12.6,13.8,12.8,13.166666666666657,12.942857142857145,12.607142857142858,0.0,0.0,0.0,0.0,0.0,0.0,0.10714285714285714
2018-02-11,18.3,7.8,12.6,0.8,15.1,57,2,42,1,11.7,13.1,12.6,12.4,12.466666666666656,12.785714285714286,12.685714285714287,2.0,0.0,0.0,0.0,0.6666666666666643,0.2857142857142857,0.25
2018-02-12,11.2,8.6,9.7,26.6,19.1,85,2,43,1,12.6,11.7,13.1,13.0,12.466666666666656,12.814285714285715,12.778571428571428,0.8,2.0,0.0,0.0,0.9333333333333309,0.39999999999999997,0.3071428571428571
2018-02-13,13.9,6.8,10.0,1.4,11.7,77,2,44,1,9.7,12.6,11.7,12.9,11.333333333333323,12.342857142857143,12.642857142857142,26.6,0.8,2.0,0.0,9.799999999999999,4.2,2.1214285714285714
2018-02-14,18.4,7.0,12.3,0.0,16.6,55,2,45,1,10.0,9.7,12.6,13.8,10.766666666666657,11.928571428571429,12.407142857142857,1.4,26.6,0.8,0.0,9.599999999999998,4.4,2.2
2018-02-15,21.6,7.9,14.0,0.0,15.1,53,2,46,1,12.3,10.0,9.7,12.6,10.666666666666657,11.714285714285714,12.407142857142858,0.0,1.4,26.6,0.0,9.33333333333333,4.4,2.2
2018-02-16,23.5,8.6,15.0,0.0,7.5,54,2,47,1,14.0,12.3,10.0,13.1,12.099999999999989,11.914285714285715,12.507142857142856,0.0,0.0,1.4,0.0,0.4666666666666643,4.4,2.2
2018-02-17,23.9,9.2,15.1,0.0,19.9,45,2,48,1,15.0,14.0,12.3,11.7,13.766666666666657,12.185714285714285,12.564285714285715,0.0,0.0,0.0,2.0,0.0,4.4,2.2
2018-02-18,23.7,7.4,14.4,0.0,9.4,41,2,49,1,15.1,15.0,14.0,12.6,14.69999999999999,12.671428571428569,12.728571428571428,0.0,0.0,0.0,0.8,0.0,4.114285714285715,2.2
2018-02-19,24.1,9.3,15.6,0.0,6.2,47,2,50,1,14.4,15.1,15.0,9.7,14.833333333333323,12.928571428571429,12.871428571428572,0.0,0.0,0.0,26.6,0.0,4.0,2.2
2018-02-20,23.9,11.1,15.9,0.2,16.8,50,2,51,1,15.6,14.4,15.1,10.0,15.033333333333324,13.77142857142857,13.057142857142859,0.0,0.0,0.0,1.4,0.0,0.19999999999999998,2.2
2018-02-21,22.7,10.6,16.7,0.0,15.3,49,2,52,1,15.9,15.6,14.4,12.3,15.29999999999999,14.614285714285714,13.271428571428572,0.2,0.0,0.0,0.0,0.0666666666666643,0.028571428571428574,2.2142857142857144
2018-02-22,24.5,8.6,16.3,0.0,9.4,53,2,53,1,16.7,15.9,15.6,14.0,16.06666666666666,15.242857142857144,13.478571428571428,0.0,0.2,0.0,0.0,0.0666666666666643,0.028571428571428574,2.2142857142857144
2018-02-23,24.7,10.5,16.7,0.0,7.7,45,2,54,1,16.3,16.7,15.9,15.0,16.29999999999999,15.571428571428571,13.742857142857144,0.0,0.0,0.2,0.0,0.0666666666666643,0.028571428571428574,2.2142857142857144
2018-02-24,15.7,11.3,13.8,4.8,17.0,72,2,55,1,16.7,16.3,16.7,15.1,16.56666666666666,15.814285714285715,14.0,0.0,0.0,0.0,0.0,0.0,0.028571428571428574,2.2142857142857144
2018-02-25,22.8,8.5,14.9,0.0,10.5,65,2,56,1,13.8,16.7,16.3,14.4,15.599999999999989,15.62857142857143,14.15,4.8,0.0,0.0,0.0,1.5999999999999976,0.7142857142857143,2.4142857142857146
2018-02-26,25.2,11.1,17.7,0.0,14.0,54,2,57,1,14.9,13.8,16.7,15.6,15.133333333333324,15.700000000000001,14.314285714285715,0.0,4.8,0.0,0.0,1.5999999999999976,0.7142857142857143,2.3571428571428577
2018-02-27,24.5,12.5,17.8,0.6,16.6,55,2,58,1,17.7,14.9,13.8,15.9,15.46666666666666,16.0,14.885714285714286,0.0,0.0,4.8,0.2,1.5999999999999976,0.7142857142857143,0.45714285714285713
2018-02-28,25.7,12.5,18.7,0.0,8.6,53,2,59,1,17.8,17.7,14.9,16.7,16.799999999999994,16.271428571428572,15.442857142857145,0.6,0.0,0.0,0.0,0.19999999999999762,0.7714285714285714,0.39999999999999997
2018-03-01,21.1,14.1,17.1,7.7,17.5,69,3,60,2,18.7,17.8,17.7,16.3,18.06666666666666,16.557142857142857,15.9,0.0,0.6,0.0,0.0,0.19999999999999762,0.7714285714285714,0.39999999999999997
2018-03-02,19.1,13.9,15.8,24.1,12.8,84,3,61,2,17.1,18.7,17.8,16.7,17.86666666666666,16.67142857142857,16.12142857142857,7.7,0.0,0.6,0.0,2.7666666666666644,1.8714285714285714,0.9500000000000001
2018-03-03,21.7,13.0,16.1,0.7,13.7,78,3,62,2,15.8,17.1,18.7,13.8,17.199999999999992,16.54285714285714,16.178571428571427,24.1,7.7,0.0,4.8,10.6,5.314285714285715,2.6714285714285717
2018-03-04,22.2,11.8,16.5,0.0,8.2,72,3,63,2,16.1,15.8,17.1,14.9,16.333333333333325,16.871428571428574,16.25,0.7,24.1,7.7,0.0,10.833333333333334,4.7285714285714295,2.7214285714285715
2018-03-05,24.1,10.2,16.9,0.0,9.0,63,3,64,2,16.5,16.1,15.8,17.7,16.133333333333326,17.1,16.4,0.0,0.7,24.1,0.0,8.266666666666666,4.7285714285714295,2.7214285714285715
2018-03-06,26.0,11.1,18.2,0.0,13.7,49,3,65,2,16.9,16.5,16.1,17.8,16.499999999999993,16.985714285714284,16.492857142857144,0.0,0.0,0.7,0.6,0.23333333333333214,4.7285714285714295,2.7214285714285715
2018-03-07,26.9,12.4,18.4,0.0,10.1,44,3,66,2,18.2,16.9,16.5,18.7,17.199999999999992,17.04285714285714,16.657142857142855,0.0,0.0,0.0,0.0,0.0,4.642857142857144,2.707142857142857
2018-03-08,26.5,12.1,18.4,0.5,14.7,53,3,67,2,18.4,18.2,16.9,17.1,17.833333333333325,17.0,16.77857142857143,0.0,0.0,0.0,7.7,0.0,4.642857142857144,2.707142857142857
2018-03-09,24.1,12.2,18.2,0.1,11.7,57,3,68,2,18.4,18.4,18.2,15.8,18.333333333333325,17.185714285714287,16.928571428571427,0.5,0.0,0.0,24.1,0.1666666666666655,3.6142857142857143,2.742857142857143
2018-03-10,27.5,12.4,19.8,0.0,14.8,49,3,69,2,18.2,18.4,18.4,16.1,18.333333333333325,17.52857142857143,17.035714285714285,0.1,0.5,0.0,0.7,0.19999999999999882,0.18571428571428572,2.75
2018-03-11,28.8,14.3,20.5,0.0,13.2,48,3,70,2,19.8,18.2,18.4,16.5,18.799999999999994,18.057142857142857,17.464285714285715,0.0,0.1,0.5,0.0,0.19999999999999882,0.08571428571428572,2.4071428571428575
2018-03-12,26.5,14.9,20.6,0.8,10.3,51,3,71,2,20.5,19.8,18.2,16.9,19.49999999999999,18.628571428571426,17.864285714285714,0.0,0.0,0.1,0.0,0.03333333333333215,0.08571428571428572,2.4071428571428575
2018-03-13,21.2,14.6,17.2,8.3,11.2,80,3,72,2,20.6,20.5,19.8,18.2,20.299999999999994,19.157142857142855,18.071428571428573,0.8,0.0,0.0,0.0,0.2666666666666655,0.19999999999999998,2.4642857142857144
2018-03-14,22.4,13.4,17.4,0.6,14.7,71,3,73,2,17.2,20.6,20.5,18.4,19.433333333333326,19.014285714285712,18.02857142857143,8.3,0.8,0.0,0.0,3.0333333333333328,1.385714285714286,3.0142857142857147
2018-03-15,23.2,10.9,17.0,1.9,10.8,68,3,74,2,17.4,17.2,20.6,18.4,18.39999999999999,18.87142857142857,17.935714285714287,0.6,8.3,0.8,0.5,3.2333333333333325,1.4714285714285715,3.0571428571428574
2018-03-16,26.2,12.2,18.5,0.0,11.8,54,3,75,2,17.0,17.4,17.2,18.2,17.199999999999992,18.67142857142857,17.928571428571427,1.9,0.6,8.3,0.1,3.599999999999999,1.6714285714285715,2.6428571428571432
2018-03-17,27.9,12.3,19.5,0.0,10.8,38,3,76,2,18.5,17.0,17.4,19.8,17.633333333333326,18.714285714285715,18.12142857142857,0.0,1.9,0.6,0.0,0.8333333333333321,1.6571428571428573,0.9214285714285715
2018-03-18,28.6,13.2,20.3,0.0,8.9,37,3,77,2,19.5,18.5,17.0,20.5,18.333333333333325,18.67142857142857,18.364285714285717,0.0,0.0,1.9,0.0,0.6333333333333321,1.6571428571428573,0.8714285714285716
2018-03-19,27.4,17.0,21.7,0.0,17.8,39,3,78,2,20.3,19.5,18.5,20.6,19.433333333333323,18.642857142857142,18.635714285714283,0.0,0.0,0.0,0.8,0.0,1.6571428571428573,0.8714285714285716
2018-03-20,28.5,16.4,21.3,1.2,11.6,43,3,79,2,21.7,20.3,19.5,17.2,20.49999999999999,18.8,18.978571428571428,0.0,0.0,0.0,8.3,0.0,1.542857142857143,0.8714285714285716
2018-03-21,28.1,16.3,20.3,1.4,13.8,54,3,80,2,21.3,21.7,20.3,17.4,21.09999999999999,19.385714285714283,19.2,1.2,0.0,0.0,0.6,0.3999999999999988,0.5285714285714286,0.9571428571428572
2018-03-22,26.5,13.0,19.5,0.0,10.7,63,3,81,2,20.3,21.3,21.7,17.0,21.09999999999999,19.8,19.335714285714285,1.4,1.2,0.0,1.9,0.8666666666666654,0.6428571428571429,1.0571428571428572
2018-03-23,27.6,14.4,20.5,0.0,12.2,61,3,82,2,19.5,20.3,21.3,18.5,20.36666666666666,20.157142857142855,19.414285714285715,0.0,1.4,1.2,0.0,0.8666666666666654,0.3714285714285714,1.0214285714285716
2018-03-24,30.8,15.0,22.0,0.0,14.8,53,3,83,2,20.5,19.5,20.3,19.5,20.09999999999999,20.442857142857143,19.57857142857143,0.0,0.0,1.4,0.0,0.46666666666666545,0.3714285714285714,1.0142857142857142
2018-03-25,32.6,13.7,23.5,0.0,7.6,32,3,84,2,22.0,20.5,19.5,20.3,20.666666666666657,20.8,19.735714285714288,0.0,0.0,0.0,0.0,0.0,0.3714285714285714,1.0142857142857142
2018-03-26,34.4,16.7,24.0,0.0,11.6,41,3,85,2,23.5,22.0,20.5,21.7,21.99999999999999,21.25714285714286,19.95,0.0,0.0,0.0,0.0,0.0,0.3714285714285714,1.0142857142857142
2018-03-27,31.9,14.2,23.1,0.0,10.4,58,3,86,2,24.0,23.5,22.0,21.3,23.166666666666657,21.585714285714285,20.192857142857147,0.0,0.0,0.0,1.2,0.0,0.3714285714285714,0.9571428571428572
2018-03-28,33.0,16.5,24.0,0.0,16.0,45,3,87,2,23.1,24.0,23.5,20.3,23.53333333333332,21.842857142857145,20.61428571428571,0.0,0.0,0.0,1.4,0.0,0.19999999999999998,0.36428571428571427
2018-03-29,35.3,17.3,27.0,0.0,31.7,21,3,88,2,24.0,23.1,24.0,19.5,23.69999999999999,22.37142857142857,21.085714285714285,0.0,0.0,0.0,0.0,0.0,0.0,0.32142857142857145
2018-03-30,36.4,18.3,28.1,0.0,18.5,15,3,89,2,27.0,24.0,23.1,20.5,24.69999999999999,23.442857142857143,21.8,0.0,0.0,0.0,0.0,0.0,0.0,0.1857142857142857
2018-03-31,36.8,17.6,27.2,0.0,15.0,21,3,90,2,28.1,27.0,24.0,22.0,26.36666666666666,24.528571428571432,22.485714285714288,0.0,0.0,0.0,0.0,0.0,0.0,0.1857142857142857
2018-04-01,34.3,16.8,25.2,0.0,15.5,48,4,91,2,27.2,28.1,27.0,23.5,27.433333333333326,25.271428571428572,23.035714285714285,0.0,0.0,0.0,0.0,0.0,0.0,0.1857142857142857
2018-04-02,33.5,19.3,25.4,1.0,21.7,56,4,92,2,25.2,27.2,28.1,24.0,26.833333333333325,25.514285714285712,23.385714285714283,0.0,0.0,0.0,0.0,0.0,0.0,0.1857142857142857
2018-04-03,30.3,19.0,24.0,2.4,9.1,62,4,93,2,25.4,25.2,27.2,23.1,25.933333333333323,25.714285714285715,23.650000000000002,1.0,0.0,0.0,0.0,0.33333333333333215,0.14285714285714285,0.2571428571428571
2018-04-04,32.0,18.9,25.1,0.0,11.2,54,4,94,2,24.0,25.4,25.2,24.0,24.866666666666656,25.842857142857145,23.842857142857145,2.4,1.0,0.0,0.0,1.1333333333333322,0.4857142857142857,0.34285714285714286
2018-04-05,33.0,17.9,24.9,1.4,12.1,54,4,95,2,25.1,24.0,25.4,27.0,24.833333333333325,26.0,24.185714285714283,0.0,2.4,1.0,0.0,1.1333333333333322,0.4857142857142857,0.24285714285714288
2018-04-06,32.9,17.0,24.6,1.7,16.6,57,4,96,2,24.9,25.1,24.0,28.1,24.666666666666657,25.7,24.571428571428573,1.4,0.0,2.4,0.0,1.2666666666666655,0.6857142857142857,0.3428571428571429
2018-04-07,33.0,17.5,25.1,0.0,13.4,54,4,97,2,24.6,24.9,25.1,27.2,24.86666666666666,25.199999999999996,24.86428571428571,1.7,1.4,0.0,0.0,1.033333333333332,0.9285714285714286,0.4642857142857143
2018-04-08,26.4,19.0,22.0,6.4,14.9,74,4,98,2,25.1,24.6,24.9,25.2,24.866666666666656,24.900000000000002,25.085714285714285,0.0,1.7,1.4,0.0,1.033333333333332,0.9285714285714286,0.4642857142857143
2018-04-09,26.0,18.0,20.7,13.4,20.5,82,4,99,2,22.0,25.1,24.6,25.4,23.899999999999995,24.442857142857147,24.978571428571428,6.4,0.0,1.7,1.0,2.699999999999999,1.842857142857143,0.9214285714285715
2018-04-10,26.5,17.5,21.5,8.6,11.7,74,4,100,2,20.7,22.0,25.1,24.0,22.59999999999999,23.771428571428572,24.74285714285714,13.4,6.4,0.0,2.4,6.599999999999999,3.6142857142857143,1.8785714285714286
2018-04-11,26.9,15.8,20.3,0.5,21.0,64,4,101,2,21.5,20.7,22.0,25.1,21.39999999999999,23.414285714285715,24.62857142857143,8.6,13.4,6.4,0.0,9.466666666666665,4.5,2.492857142857143
2018-04-12,28.5,13.8,21.2,0.0,8.6,53,4,102,2,20.3,21.5,20.7,24.9,20.833333333333325,22.72857142857143,24.364285714285717,0.5,8.6,13.4,1.4,7.499999999999997,4.571428571428571,2.5285714285714285
2018-04-13,30.2,16.3,22.9,0.0,6.9,48,4,103,2,21.2,20.3,21.5,24.6,20.99999999999999,22.2,23.95,0.0,0.5,8.6,1.7,3.0333333333333314,4.371428571428572,2.5285714285714285
2018-04-14,30.2,17.1,23.9,0.8,6.8,47,4,104,2,22.9,21.2,20.3,25.1,21.466666666666658,21.95714285714286,23.57857142857143,0.0,0.0,0.5,0.0,0.16666666666666488,4.128571428571428,2.5285714285714285
2018-04-15,32.6,17.3,24.9,0.0,22.8,44,4,105,2,23.9,22.9,21.2,22.0,22.666666666666657,21.785714285714285,23.342857142857145,0.8,0.0,0.0,6.4,0.2666666666666649,4.242857142857143,2.585714285714286
2018-04-16,24.2,17.4,19.9,10.1,21.9,72,4,106,2,24.9,23.9,22.9,20.7,23.89999999999999,22.199999999999996,23.321428571428573,0.0,0.8,0.0,13.4,0.2666666666666649,3.3285714285714283,2.585714285714286
2018-04-17,25.6,16.1,20.6,0.5,11.8,71,4,107,2,19.9,24.9,23.9,21.5,22.89999999999999,22.085714285714285,22.928571428571427,10.1,0.0,0.8,8.6,3.6333333333333315,2.857142857142857,3.2357142857142853
2018-04-18,27.5,16.0,21.0,3.3,19.4,67,4,108,2,20.6,19.9,24.9,20.3,21.799999999999994,21.957142857142856,22.685714285714283,0.5,10.1,0.0,0.5,3.5333333333333314,1.7,3.1000000000000005
2018-04-19,26.6,15.2,20.3,5.8,25.3,70,4,109,2,21.0,20.6,19.9,21.2,20.49999999999999,22.057142857142853,22.392857142857142,3.3,0.5,10.1,0.0,4.633333333333332,2.1,3.335714285714286
2018-04-20,17.3,11.9,15.1,36.3,19.9,86,4,110,2,20.3,21.0,20.6,22.9,20.633333333333326,21.928571428571427,22.064285714285713,5.8,3.3,0.5,0.0,3.199999999999998,2.9285714285714284,3.65
2018-04-21,25.7,10.8,18.3,0.0,14.8,62,4,111,2,15.1,20.3,21.0,23.9,18.799999999999994,20.814285714285713,21.38571428571429,36.3,5.8,3.3,0.8,15.133333333333331,8.114285714285714,6.121428571428571
2018-04-22,30.2,13.3,21.9,0.0,10.0,48,4,112,2,18.3,15.1,20.3,24.9,17.89999999999999,20.014285714285712,20.900000000000002,0.0,36.3,5.8,0.0,14.033333333333331,8.0,6.121428571428571
2018-04-23,33.4,16.0,24.4,0.0,10.1,44,4,113,2,21.9,18.3,15.1,19.9,18.433333333333326,19.585714285714285,20.892857142857142,0.0,0.0,36.3,10.1,12.099999999999996,8.0,5.664285714285713
2018-04-24,33.2,17.9,25.4,0.0,9.4,53,4,114,2,24.4,21.9,18.3,20.6,21.53333333333332,20.228571428571428,21.157142857142855,0.0,0.0,0.0,0.5,0.0,6.557142857142857,4.707142857142857
2018-04-25,34.9,18.7,26.8,0.0,17.1,47,4,115,2,25.4,24.4,21.9,21.0,23.899999999999988,20.914285714285715,21.435714285714287,0.0,0.0,0.0,3.3,0.0,6.485714285714286,4.0928571428571425
2018-04-26,35.5,19.6,27.6,0.0,14.3,37,4,116,2,26.8,25.4,24.4,20.3,25.53333333333332,21.742857142857144,21.9,0.0,0.0,0.0,5.8,0.0,6.014285714285713,4.057142857142857
2018-04-27,36.6,20.3,28.4,0.0,10.2,36,4,117,2,27.6,26.8,25.4,15.1,26.59999999999999,22.785714285714285,22.357142857142858,0.0,0.0,0.0,36.3,0.0,5.185714285714285,4.057142857142857
2018-04-28,35.6,19.8,28.2,0.3,11.5,41,4,118,2,28.4,27.6,26.8,18.3,27.59999999999999,24.685714285714287,22.75,0.0,0.0,0.0,0.0,0.0,0.0,4.057142857142857
2018-04-29,36.9,21.9,29.4,0.0,10.7,35,4,119,2,28.2,28.4,27.6,21.9,28.06666666666666,26.099999999999998,23.057142857142857,0.3,0.0,0.0,0.0,0.09999999999999763,0.04285714285714286,4.0214285714285705
2018-04-30,38.2,19.2,29.3,0.0,12.6,33,4,120,2,29.4,28.2,28.4,24.4,28.666666666666657,27.171428571428574,23.37857142857143,0.0,0.3,0.0,0.0,0.09999999999999763,0.04285714285714286,4.0214285714285705
2018-05-01,37.8,21.5,29.9,0.0,19.4,34,5,121,2,29.3,29.4,28.2,25.4,28.966666666666658,27.87142857142857,24.05,0.0,0.0,0.3,0.0,0.09999999999999763,0.04285714285714286,3.2999999999999994
2018-05-02,34.9,21.3,27.7,2.3,16.8,46,5,122,2,29.9,29.3,29.4,26.8,29.53333333333332,28.514285714285712,24.714285714285715,0.0,0.0,0.0,0.0,0.0,0.04285714285714286,3.2642857142857133
2018-05-03,30.4,20.3,25.5,2.0,19.9,53,5,123,2,27.7,29.9,29.3,27.6,28.966666666666658,28.642857142857142,25.192857142857143,2.3,0.0,0.0,0.0,0.7666666666666643,0.3714285714285714,3.1928571428571426
2018-05-04,32.9,20.6,26.9,0.0,9.4,47,5,124,2,25.5,27.7,29.9,28.4,27.69999999999999,28.342857142857138,25.564285714285713,2.0,2.3,0.0,0.0,1.433333333333331,0.6571428571428571,2.9214285714285713
2018-05-05,32.7,21.6,27.1,0.1,12.4,42,5,125,2,26.9,25.5,27.7,28.2,26.69999999999999,28.128571428571426,26.407142857142855,0.0,2.0,2.3,0.3,1.433333333333331,0.6571428571428571,0.32857142857142857
2018-05-06,31.5,19.6,24.3,0.1,11.6,58,5,126,2,27.1,26.9,25.5,29.4,26.49999999999999,27.97142857142857,27.03571428571428,0.1,0.0,2.0,0.0,0.6999999999999976,0.6285714285714284,0.3357142857142857
2018-05-07,26.2,18.0,21.4,3.2,15.1,75,5,127,2,24.3,27.1,26.9,29.3,26.09999999999999,27.24285714285714,27.207142857142856,0.1,0.1,0.0,0.0,0.0666666666666643,0.6428571428571429,0.34285714285714286
2018-05-08,31.2,18.1,24.4,0.0,13.6,59,5,128,2,21.4,24.3,27.1,29.9,24.266666666666655,26.114285714285717,26.992857142857144,3.2,0.1,0.1,0.0,1.133333333333331,1.1,0.5714285714285714
2018-05-09,32.7,20.0,26.0,0.0,10.5,52,5,129,2,24.4,21.4,24.3,27.7,23.366666666666656,25.32857142857143,26.92142857142857,0.0,3.2,0.1,2.3,1.0999999999999976,1.1,0.5714285714285714
2018-05-10,36.2,21.1,28.3,0.0,11.8,48,5,130,2,26.0,24.4,21.4,25.5,23.933333333333323,25.08571428571429,26.864285714285717,0.0,0.0,3.2,2.0,1.0666666666666644,0.7714285714285715,0.5714285714285714
2018-05-11,38.4,22.7,29.8,3.3,23.0,52,5,131,2,28.3,26.0,24.4,26.9,26.23333333333332,25.485714285714288,26.914285714285715,0.0,0.0,0.0,0.0,0.0,0.48571428571428577,0.5714285714285714
2018-05-12,35.1,21.4,27.5,7.3,20.1,57,5,132,2,29.8,28.3,26.0,27.1,28.033333333333328,25.900000000000002,27.014285714285716,3.3,0.0,0.0,0.1,1.0999999999999976,0.9571428571428572,0.8071428571428572
2018-05-13,32.3,20.5,26.4,0.0,15.4,51,5,133,2,27.5,29.8,28.3,24.3,28.533333333333328,25.957142857142856,26.964285714285715,7.3,3.3,0.0,0.1,3.533333333333331,1.9857142857142858,1.307142857142857
2018-05-14,28.7,20.9,25.3,0.7,16.4,56,5,134,2,26.4,27.5,29.8,21.4,27.89999999999999,26.25714285714286,26.75,0.0,7.3,3.3,3.2,3.533333333333331,1.9714285714285715,1.307142857142857
2018-05-15,30.8,19.7,23.6,3.0,12.7,70,5,135,2,25.3,26.4,27.5,24.4,26.39999999999999,26.814285714285713,26.464285714285715,0.7,0.0,7.3,0.0,2.6666666666666643,1.614285714285714,1.3571428571428572
2018-05-16,32.8,19.8,26.3,0.6,14.8,51,5,136,2,23.6,25.3,26.4,26.0,25.099999999999994,26.699999999999996,26.014285714285712,3.0,0.7,0.0,0.0,1.233333333333331,2.042857142857143,1.5714285714285714
2018-05-17,33.7,20.4,27.3,2.4,20.3,45,5,137,2,26.3,23.6,25.3,28.3,25.06666666666666,26.74285714285714,25.914285714285715,0.6,3.0,0.7,0.0,1.433333333333331,2.1285714285714286,1.45
2018-05-18,30.9,20.9,26.1,1.4,22.7,44,5,138,2,27.3,26.3,23.6,29.8,25.733333333333324,26.6,26.042857142857144,2.4,0.6,3.0,3.3,1.9999999999999976,2.4714285714285715,1.4785714285714284
2018-05-19,31.7,20.0,26.2,0.2,18.3,39,5,139,2,26.1,27.3,26.3,27.5,26.56666666666666,26.071428571428573,25.985714285714288,1.4,2.4,0.6,7.3,1.4666666666666643,2.1999999999999997,1.5785714285714287
2018-05-20,32.5,20.3,26.8,0.0,23.5,32,5,140,2,26.2,26.1,27.3,26.4,26.533333333333328,25.885714285714283,25.921428571428574,0.2,1.4,2.4,0.0,1.333333333333331,1.1857142857142857,1.5857142857142856
2018-05-21,33.9,21.7,28.4,0.2,26.3,25,5,141,2,26.8,26.2,26.1,25.3,26.366666666666656,25.942857142857143,26.1,0.0,0.2,1.4,0.7,0.5333333333333309,1.1857142857142857,1.5785714285714285
2018-05-22,34.9,22.5,28.6,0.0,25.0,24,5,142,2,28.4,26.8,26.2,23.6,27.133333333333326,26.38571428571429,26.599999999999998,0.2,0.0,0.2,3.0,0.13333333333333097,1.1142857142857143,1.3642857142857143
2018-05-23,36.8,21.1,29.5,0.0,18.6,21,5,143,2,28.6,28.4,26.8,26.3,27.933333333333323,27.1,26.900000000000002,0.0,0.2,0.0,0.6,0.0666666666666643,0.6857142857142857,1.3642857142857143
2018-05-24,38.2,22.9,30.8,0.0,18.6,17,5,144,2,29.5,28.6,28.4,27.3,28.833333333333325,27.557142857142857,27.150000000000002,0.0,0.0,0.2,2.4,0.0666666666666643,0.6,1.3642857142857143
2018-05-25,38.9,23.3,31.5,0.4,22.2,21,5,145,2,30.8,29.5,28.6,26.1,29.633333333333326,28.057142857142857,27.328571428571426,0.0,0.0,0.0,1.4,0.0,0.2571428571428571,1.3642857142857143
2018-05-26,39.3,23.7,31.5,0.0,25.2,23,5,146,2,31.5,30.8,29.5,26.2,30.59999999999999,28.82857142857143,27.449999999999996,0.4,0.0,0.0,0.2,0.13333333333333097,0.1142857142857143,1.157142857142857
2018-05-27,40.4,24.2,32.1,0.1,23.3,27,5,147,2,31.5,31.5,30.8,26.8,31.266666666666655,29.58571428571429,27.735714285714284,0.0,0.4,0.0,0.0,0.13333333333333097,0.08571428571428573,0.6357142857142858
2018-05-28,41.0,24.6,33.3,0.0,30.7,17,5,148,2,32.1,31.5,31.5,28.4,31.699999999999992,30.342857142857145,28.142857142857142,0.1,0.0,0.4,0.2,0.1666666666666643,0.1,0.6428571428571429
2018-05-29,40.7,26.2,33.3,0.0,20.0,18,5,149,2,33.3,32.1,31.5,28.6,32.29999999999999,31.042857142857144,28.714285714285715,0.0,0.1,0.0,0.0,0.03333333333333097,0.07142857142857142,0.5928571428571429
2018-05-30,42.2,25.8,34.4,0.0,15.5,18,5,150,2,33.3,33.3,32.1,29.5,32.89999999999999,31.714285714285715,29.407142857142862,0.0,0.0,0.1,0.0,0.03333333333333097,0.07142857142857142,0.37857142857142856
2018-05-31,42.1,25.8,34.0,0.0,17.4,22,5,151,2,34.4,33.3,33.3,30.8,33.66666666666666,32.41428571428572,29.985714285714288,0.0,0.0,0.0,0.0,0.0,0.07142857142857142,0.33571428571428574
2018-06-01,42.2,26.5,34.1,0.0,17.1,30,6,152,3,34.0,34.4,33.3,31.5,33.899999999999984,32.871428571428574,30.464285714285715,0.0,0.0,0.0,0.4,0.0,0.07142857142857142,0.16428571428571428
2018-06-02,42.7,25.2,34.1,0.0,13.1,33,6,153,3,34.1,34.0,34.4,31.5,34.16666666666666,33.24285714285714,31.035714285714285,0.0,0.0,0.0,0.0,0.0,0.014285714285714287,0.0642857142857143
2018-06-03,43.3,26.1,34.5,0.0,12.8,37,6,154,3,34.1,34.1,34.0,32.1,34.066666666666656,33.614285714285714,31.599999999999998,0.0,0.0,0.0,0.1,0.0,0.014285714285714287,0.049999999999999996
2018-06-04,42.8,25.6,34.1,0.1,12.9,43,6,155,3,34.5,34.1,34.1,33.3,34.23333333333332,33.957142857142856,32.15,0.0,0.0,0.0,0.0,0.0,0.0,0.049999999999999996
2018-06-05,40.9,26.7,34.2,4.4,16.9,41,6,156,3,34.1,34.5,34.1,33.3,34.23333333333333,34.07142857142857,32.55714285714286,0.1,0.0,0.0,0.0,0.03333333333333097,0.014285714285714287,0.042857142857142864
2018-06-06,41.3,26.8,34.0,0.0,11.6,46,6,157,3,34.2,34.1,34.5,34.4,34.26666666666666,34.2,32.957142857142856,4.4,0.1,0.0,0.0,1.4999999999999976,0.6428571428571429,0.35714285714285715
2018-06-07,41.6,26.0,33.8,0.0,10.8,48,6,158,3,34.0,34.2,34.1,34.0,34.099999999999994,34.142857142857146,33.278571428571425,0.0,4.4,0.1,0.0,1.4999999999999976,0.6428571428571429,0.35714285714285715
2018-06-08,42.5,27.3,34.6,0.0,12.2,44,6,159,3,33.8,34.0,34.2,34.1,33.99999999999999,34.114285714285714,33.49285714285715,0.0,0.0,4.4,0.0,1.4666666666666643,0.6428571428571429,0.35714285714285715
2018-06-09,36.4,26.6,31.7,0.3,17.4,53,6,160,3,34.6,33.8,34.0,34.1,34.133333333333326,34.18571428571429,33.714285714285715,0.0,0.0,0.0,0.0,0.0,0.6428571428571429,0.32857142857142857
2018-06-10,35.9,26.6,30.8,1.8,11.4,56,6,161,3,31.7,34.6,33.8,34.5,33.36666666666665,33.84285714285714,33.728571428571435,0.3,0.0,0.0,0.0,0.09999999999999763,0.6857142857142857,0.35
2018-06-11,39.1,25.7,32.2,0.0,18.8,43,6,162,3,30.8,31.7,34.6,34.1,32.36666666666665,33.31428571428572,33.635714285714286,1.8,0.3,0.0,0.1,0.6999999999999976,0.9428571428571428,0.4714285714285714
2018-06-12,43.4,25.9,34.2,0.0,13.6,29,6,163,3,32.2,30.8,31.7,34.2,31.56666666666666,33.042857142857144,33.55714285714286,0.0,1.8,0.3,4.4,0.6999999999999976,0.9285714285714286,0.4714285714285714
2018-06-13,44.2,26.3,35.3,0.0,14.8,26,6,164,3,34.2,32.2,30.8,34.0,32.39999999999999,33.042857142857144,33.621428571428574,0.0,0.0,1.8,0.0,0.5999999999999976,0.3,0.4714285714285714
2018-06-14,45.0,27.3,36.2,0.0,15.0,25,6,165,3,35.3,34.2,32.2,33.8,33.89999999999999,33.22857142857143,33.68571428571429,0.0,0.0,0.0,0.0,0.0,0.3,0.4714285714285714
2018-06-15,37.6,26.3,32.3,0.0,20.7,44,6,166,3,36.2,35.3,34.2,34.6,35.23333333333333,33.57142857142858,33.84285714285714,0.0,0.0,0.0,0.0,0.0,0.3,0.4714285714285714
2018-06-16,36.6,24.1,31.2,1.2,16.5,51,6,167,3,32.3,36.2,35.3,31.7,34.59999999999999,33.24285714285714,33.714285714285715,0.0,0.0,0.0,0.3,0.0,0.3,0.4714285714285714
2018-06-17,33.1,21.5,26.9,12.1,12.0,68,6,168,3,31.2,32.3,36.2,30.8,33.23333333333333,33.17142857142857,33.50714285714286,1.2,0.0,0.0,1.8,0.39999999999999764,0.42857142857142855,0.5571428571428572
2018-06-18,35.4,23.4,28.9,0.1,13.7,60,6,169,3,26.9,31.2,32.3,32.2,30.133333333333322,32.614285714285714,32.964285714285715,12.1,1.2,0.0,0.0,4.433333333333331,1.9,1.4214285714285713
2018-06-19,37.5,24.9,31.2,0.0,10.4,52,6,170,3,28.9,26.9,31.2,34.2,28.99999999999999,32.142857142857146,32.59285714285714,0.1,12.1,1.2,0.0,4.466666666666664,1.9142857142857141,1.4214285714285713
2018-06-20,38.4,26.5,32.1,0.0,25.2,47,6,171,3,31.2,28.9,26.9,35.3,28.99999999999999,31.714285714285715,32.378571428571426,0.0,0.1,12.1,0.0,4.066666666666664,1.9142857142857141,1.1071428571428572
2018-06-21,36.4,26.2,31.6,0.2,8.8,52,6,172,3,32.1,31.2,28.9,36.2,30.733333333333324,31.25714285714286,32.24285714285714,0.0,0.0,0.1,0.0,0.03333333333333097,1.9142857142857141,1.1071428571428572
2018-06-22,34.2,27.1,30.7,1.0,15.5,48,6,173,3,31.6,32.1,31.2,32.3,31.633333333333326,30.599999999999998,32.08571428571428,0.2,0.0,0.0,0.0,0.0666666666666643,1.9428571428571428,1.1214285714285714
2018-06-23,38.8,26.4,32.1,0.0,12.6,44,6,174,3,30.7,31.6,32.1,31.2,31.466666666666658,30.37142857142857,31.807142857142857,1.0,0.2,0.0,1.2,0.39999999999999764,2.085714285714286,1.1928571428571428
2018-06-24,38.5,26.6,32.5,0.0,17.8,39,6,175,3,32.1,30.7,31.6,26.9,31.466666666666658,30.5,31.835714285714285,0.0,1.0,0.2,12.1,0.39999999999999764,1.9142857142857144,1.1714285714285713
2018-06-25,42.0,25.6,34.4,0.0,14.7,31,6,176,3,32.5,32.1,30.7,28.9,31.766666666666655,31.300000000000004,31.95714285714286,0.0,0.0,1.0,0.1,0.333333333333331,0.18571428571428572,1.042857142857143
2018-06-26,40.9,25.8,33.9,0.0,13.0,29,6,177,3,34.4,32.5,32.1,31.2,32.99999999999999,32.08571428571428,32.114285714285714,0.0,0.0,0.0,0.0,0.0,0.17142857142857143,1.042857142857143
2018-06-27,37.6,25.6,31.6,0.0,23.9,41,6,178,3,33.9,34.4,32.5,32.1,33.59999999999999,32.47142857142857,32.09285714285714,0.0,0.0,0.0,0.0,0.0,0.17142857142857143,1.042857142857143
2018-06-28,39.1,26.3,32.3,0.0,14.3,48,6,179,3,31.6,33.9,34.4,31.6,33.29999999999999,32.4,31.828571428571426,0.0,0.0,0.0,0.2,0.0,0.17142857142857143,1.042857142857143
2018-06-29,38.6,26.0,31.9,0.0,16.0,48,6,180,3,32.3,31.6,33.9,30.7,32.59999999999999,32.5,31.55,0.0,0.0,0.0,1.0,0.0,0.14285714285714285,1.042857142857143
2018-06-30,39.4,25.7,32.3,0.0,15.0,49,6,181,3,31.9,32.3,31.6,32.1,31.933333333333323,32.67142857142857,31.52142857142857,0.0,0.0,0.0,0.0,0.0,0.0,1.042857142857143
2018-07-01,40.8,27.2,34.4,0.0,14.6,47,7,182,3,32.3,31.9,32.3,32.5,32.16666666666665,32.699999999999996,31.599999999999998,0.0,0.0,0.0,0.0,0.0,0.0,0.9571428571428572
2018-07-02,42.1,29.4,35.8,0.0,16.5,41,7,183,3,34.4,32.3,31.9,34.4,32.86666666666665,32.97142857142857,32.135714285714286,0.0,0.0,0.0,0.0,0.0,0.0,0.09285714285714286
2018-07-03,35.7,22.8,29.2,16.2,20.8,71,7,184,3,35.8,34.4,32.3,33.9,34.16666666666666,33.17142857142857,32.628571428571426,0.0,0.0,0.0,0.0,0.0,0.0,0.08571428571428572
2018-07-04,34.0,22.0,27.5,8.4,16.9,69,7,185,3,29.2,35.8,34.4,31.6,33.13333333333332,32.5,32.48571428571428,16.2,0.0,0.0,0.0,5.399999999999998,2.314285714285714,1.2428571428571427
2018-07-05,32.6,21.6,27.3,1.9,16.9,70,7,186,3,27.5,29.2,35.8,32.3,30.833333333333325,31.914285714285715,32.15714285714286,8.4,16.2,0.0,0.0,8.199999999999998,3.5142857142857147,1.8428571428571427
2018-07-06,37.8,24.4,30.9,0.0,10.8,55,7,187,3,27.3,27.5,29.2,31.9,27.99999999999999,31.199999999999996,31.849999999999998,1.9,8.4,16.2,0.0,8.83333333333333,3.7857142857142856,1.9642857142857142
2018-07-07,39.3,24.9,31.8,0.0,12.0,54,7,188,3,30.9,27.3,27.5,32.3,28.566666666666652,31.057142857142857,31.864285714285717,0.0,1.9,8.4,0.0,3.4333333333333313,3.7857142857142856,1.8928571428571428
2018-07-08,40.5,25.3,32.9,0.0,14.5,56,7,189,3,31.8,30.9,27.3,34.4,29.99999999999999,30.985714285714288,31.842857142857138,0.0,0.0,1.9,0.0,0.633333333333331,3.7857142857142856,1.8928571428571428
2018-07-09,40.7,27.8,34.1,0.0,19.6,53,7,190,3,32.9,31.8,30.9,35.8,31.866666666666656,30.77142857142857,31.87142857142857,0.0,0.0,0.0,0.0,0.0,3.7857142857142856,1.8928571428571428
2018-07-10,40.4,29.0,34.2,0.0,20.4,54,7,191,3,34.1,32.9,31.8,29.2,32.933333333333316,30.528571428571432,31.849999999999998,0.0,0.0,0.0,16.2,0.0,3.7857142857142856,1.8928571428571428
2018-07-11,38.3,29.5,33.6,0.0,17.9,58,7,192,3,34.2,34.1,32.9,27.5,33.73333333333332,31.24285714285714,31.871428571428574,0.0,0.0,0.0,8.4,0.0,1.4714285714285715,1.8928571428571428
2018-07-12,35.7,25.4,30.9,1.8,20.6,70,7,193,3,33.6,34.2,34.1,27.3,33.96666666666666,32.114285714285714,32.01428571428571,0.0,0.0,0.0,1.9,0.0,0.2714285714285714,1.8928571428571428
2018-07-13,32.5,24.4,28.2,14.5,19.4,78,7,194,3,30.9,33.6,34.2,30.9,32.9,32.628571428571426,31.914285714285715,1.8,0.0,0.0,0.0,0.5999999999999976,0.2571428571428572,2.0214285714285714
2018-07-14,35.5,25.8,30.2,14.5,17.2,74,7,195,3,28.2,30.9,33.6,31.8,30.899999999999988,32.24285714285715,31.650000000000002,14.5,1.8,0.0,0.0,5.433333333333331,2.3285714285714287,3.057142857142857
2018-07-15,33.8,25.3,29.2,4.9,11.5,78,7,196,3,30.2,28.2,30.9,32.9,29.766666666666655,32.01428571428571,31.5,14.5,14.5,1.8,0.0,10.266666666666664,4.4,4.0928571428571425
2018-07-16,33.0,24.5,28.3,18.4,13.3,81,7,197,3,29.2,30.2,28.2,34.1,29.19999999999999,31.485714285714284,31.12857142857143,4.9,14.5,14.5,0.0,11.299999999999997,5.1000000000000005,4.442857142857143
2018-07-17,32.7,24.7,28.4,15.7,14.2,82,7,198,3,28.3,29.2,30.2,34.2,29.23333333333332,30.657142857142855,30.592857142857145,18.4,4.9,14.5,0.0,12.599999999999996,7.728571428571429,5.757142857142857
2018-07-18,32.3,24.4,28.0,15.7,11.4,80,7,199,3,28.4,28.3,29.2,33.6,28.633333333333326,29.82857142857143,30.535714285714285,15.7,18.4,4.9,0.0,12.999999999999995,9.971428571428572,5.721428571428571
2018-07-19,34.1,25.5,29.9,2.6,9.8,75,7,200,3,28.0,28.4,28.3,30.9,28.23333333333332,29.02857142857143,30.571428571428573,15.7,15.7,18.4,1.8,16.599999999999998,12.214285714285714,6.242857142857143
2018-07-20,34.1,24.9,29.2,12.4,9.4,78,7,201,3,29.9,28.0,28.4,28.2,28.766666666666655,28.885714285714283,30.75714285714286,2.6,15.7,15.7,14.5,11.33333333333333,12.328571428571427,6.292857142857143
2018-07-21,35.1,24.9,29.9,12.7,11.6,77,7,202,3,29.2,29.9,28.0,30.2,29.03333333333332,29.02857142857143,30.63571428571429,12.4,2.6,15.7,14.5,10.23333333333333,12.028571428571428,7.178571428571429
2018-07-22,33.4,25.7,28.7,18.4,12.5,83,7,203,3,29.9,29.2,29.9,29.2,29.666666666666657,28.985714285714288,30.5,12.7,12.4,2.6,4.9,9.23333333333333,11.771428571428572,8.085714285714285
2018-07-23,28.7,25.0,26.5,17.6,12.6,90,7,204,3,28.7,29.9,29.2,28.3,29.266666666666655,28.914285714285715,30.199999999999996,18.4,12.7,12.4,18.4,14.499999999999995,13.7,9.4
2018-07-24,33.8,25.4,29.4,0.4,9.7,77,7,205,3,26.5,28.7,29.9,28.4,28.366666666666656,28.657142857142855,29.657142857142862,17.6,18.4,12.7,15.7,16.23333333333333,13.585714285714287,10.657142857142857
2018-07-25,34.3,25.3,30.0,6.7,16.3,79,7,206,3,29.4,26.5,28.7,28.0,28.19999999999999,28.8,29.314285714285713,0.4,17.6,18.4,15.7,12.133333333333331,11.4,10.685714285714285
2018-07-26,31.6,24.9,27.6,8.7,11.4,85,7,207,3,30.0,29.4,26.5,29.9,28.633333333333326,29.085714285714285,29.057142857142857,6.7,0.4,17.6,2.6,8.233333333333333,10.114285714285714,11.164285714285713
2018-07-27,30.8,24.3,26.6,81.1,22.7,88,7,208,3,27.6,30.0,29.4,29.2,28.99999999999999,28.757142857142856,28.821428571428573,8.7,6.7,0.4,12.4,5.266666666666665,10.985714285714286,11.657142857142857
2018-07-28,31.7,23.0,27.2,13.1,8.0,81,7,209,3,26.6,27.6,30.0,29.9,28.06666666666666,28.385714285714283,28.707142857142856,81.1,8.7,6.7,12.7,32.166666666666664,20.8,16.414285714285715
2018-07-29,32.8,22.9,27.9,11.5,9.3,79,7,210,3,27.2,26.6,27.6,28.7,27.133333333333326,28.0,28.49285714285714,13.1,81.1,8.7,18.4,34.29999999999999,20.857142857142858,16.314285714285713
2018-07-30,34.7,25.5,29.7,1.3,7.6,73,7,211,3,27.9,27.2,26.6,26.5,27.233333333333324,27.885714285714283,28.400000000000002,11.5,13.1,81.1,17.6,35.23333333333333,19.87142857142857,16.785714285714285
2018-07-31,35.6,25.2,30.6,0.0,8.3,71,7,212,3,29.7,27.9,27.2,29.4,28.266666666666655,28.342857142857145,28.5,1.3,11.5,13.1,0.4,8.633333333333333,17.54285714285714,15.564285714285715
2018-08-01,34.3,26.5,29.9,0.5,15.6,73,8,213,3,30.6,29.7,27.9,30.0,29.399999999999988,28.514285714285712,28.657142857142862,0.0,1.3,11.5,6.7,4.266666666666667,17.485714285714288,14.442857142857141
2018-08-02,34.0,23.7,28.6,6.9,17.6,75,8,214,3,29.9,30.6,29.7,27.6,30.06666666666666,28.5,28.792857142857144,0.5,0.0,1.3,8.7,0.6,16.6,13.357142857142858
2018-08-03,35.7,26.5,30.7,0.1,10.8,73,8,215,3,28.6,29.9,30.6,26.6,29.69999999999999,28.642857142857142,28.699999999999996,6.9,0.5,0.0,81.1,2.466666666666667,16.34285714285714,13.664285714285715
2018-08-04,36.7,27.3,31.7,0.1,10.4,71,8,216,3,30.7,28.6,29.9,27.2,29.733333333333324,29.228571428571428,28.807142857142857,0.1,6.9,0.5,13.1,2.5,4.771428571428571,12.785714285714286
2018-08-05,36.7,28.4,32.4,0.0,15.0,68,8,217,3,31.7,30.7,28.6,27.9,30.333333333333325,29.87142857142857,28.935714285714287,0.1,0.1,6.9,11.5,2.3666666666666667,2.914285714285714,11.885714285714286
2018-08-06,36.9,28.3,32.1,0.0,16.6,68,8,218,3,32.4,31.7,30.7,29.7,31.59999999999999,30.514285714285716,29.199999999999996,0.0,0.1,0.1,1.3,0.06666666666666667,1.2714285714285716,10.571428571428571
2018-08-07,30.7,24.7,27.4,8.6,16.2,85,8,219,3,32.1,32.4,31.7,30.6,32.066666666666656,30.857142857142858,29.599999999999998,0.0,0.0,0.1,0.0,0.03333333333333333,1.0857142857142859,9.314285714285715
2018-08-08,31.3,24.2,27.2,12.4,11.8,81,8,220,3,27.4,32.1,32.4,29.9,30.633333333333326,30.400000000000002,29.457142857142856,8.6,0.0,0.0,0.5,2.8666666666666667,2.314285714285714,9.9
2018-08-09,34.0,25.2,29.4,0.1,9.7,73,8,221,3,27.2,27.4,32.1,28.6,28.89999999999999,30.014285714285712,29.257142857142856,12.4,8.6,0.0,6.9,7.0,4.014285714285714,10.307142857142859
2018-08-10,34.6,26.4,30.3,0.3,10.8,75,8,222,3,29.4,27.2,27.4,30.7,27.99999999999999,30.12857142857143,29.38571428571429,0.1,12.4,8.6,0.1,7.033333333333334,3.0428571428571436,9.692857142857141
2018-08-11,35.0,27.4,31.0,0.4,13.4,74,8,223,3,30.3,29.4,27.2,31.7,28.966666666666658,30.071428571428573,29.650000000000002,0.3,0.1,12.4,0.1,4.266666666666667,3.0714285714285716,3.9214285714285713
2018-08-12,36.0,27.2,31.1,1.7,24.1,75,8,224,3,31.0,30.3,29.4,32.4,30.23333333333332,29.971428571428568,29.921428571428574,0.4,0.3,0.1,0.0,0.26666666666666666,3.1142857142857143,3.014285714285714
2018-08-13,31.2,25.1,27.8,5.4,16.7,83,8,225,3,31.1,31.0,30.3,32.1,30.799999999999994,29.785714285714285,30.15,1.7,0.4,0.3,0.0,0.7999999999999999,3.357142857142857,2.314285714285714
2018-08-14,33.2,24.7,28.1,11.6,12.8,79,8,226,3,27.8,31.1,31.0,27.4,29.966666666666658,29.17142857142857,30.014285714285712,5.4,1.7,0.4,8.6,2.5,4.128571428571428,2.607142857142857
2018-08-15,34.2,25.7,29.8,0.1,10.6,75,8,227,3,28.1,27.8,31.1,27.2,28.99999999999999,29.271428571428572,29.83571428571429,11.6,5.4,1.7,12.4,6.233333333333333,4.557142857142858,3.435714285714286
2018-08-16,33.2,25.1,28.9,7.5,9.8,79,8,228,3,29.8,28.1,27.8,29.4,28.56666666666666,29.642857142857142,29.82857142857143,0.1,11.6,5.4,0.1,5.7,2.8000000000000003,3.4071428571428575
2018-08-17,34.1,26.2,29.9,0.0,10.6,77,8,229,3,28.9,29.8,28.1,30.3,28.933333333333326,29.571428571428573,29.849999999999998,7.5,0.1,11.6,0.3,6.3999999999999995,3.857142857142857,3.45
2018-08-18,31.8,24.3,27.6,6.5,14.5,81,8,230,3,29.9,28.9,29.8,31.0,29.53333333333332,29.514285714285716,29.79285714285714,0.0,7.5,0.1,0.4,2.5333333333333337,3.8142857142857145,3.442857142857143
2018-08-19,34.8,24.8,29.5,1.1,10.8,78,8,231,3,27.6,29.9,28.9,31.1,28.799999999999994,29.028571428571432,29.5,6.5,0.0,7.5,1.7,4.666666666666667,4.685714285714286,3.9
2018-08-20,35.6,26.9,30.8,0.5,8.2,77,8,232,3,29.5,27.6,29.9,27.8,28.99999999999999,28.800000000000004,29.292857142857144,1.1,6.5,0.0,5.4,2.5333333333333337,4.6000000000000005,3.9785714285714286
2018-08-21,33.8,27.4,29.7,4.2,14.1,80,8,233,3,30.8,29.5,27.6,28.1,29.299999999999994,29.228571428571428,29.2,0.5,1.1,6.5,11.6,2.7000000000000006,3.9,4.014285714285714
2018-08-22,33.1,25.4,28.9,11.9,14.0,82,8,234,3,29.7,30.8,29.5,29.8,29.99999999999999,29.45714285714286,29.364285714285717,4.2,0.5,1.1,0.1,1.9333333333333342,2.842857142857143,3.6999999999999997
2018-08-23,33.8,25.8,29.2,7.2,13.0,82,8,235,3,28.9,29.7,30.8,28.9,29.799999999999994,29.32857142857143,29.485714285714288,11.9,4.2,0.5,7.5,5.533333333333334,4.528571428571429,3.664285714285714
2018-08-24,34.5,25.0,29.5,7.5,16.6,78,8,236,3,29.2,28.9,29.7,29.9,29.266666666666655,29.37142857142857,29.471428571428568,7.2,11.9,4.2,0.0,7.766666666666668,4.485714285714286,4.171428571428572
2018-08-25,32.8,24.0,28.1,4.9,14.6,76,8,237,3,29.5,29.2,28.9,27.6,29.19999999999999,29.314285714285713,29.41428571428571,7.5,7.2,11.9,6.5,8.866666666666667,5.557142857142858,4.685714285714286
2018-08-26,31.6,22.9,27.4,7.2,10.5,79,8,238,3,28.1,29.5,29.2,29.5,28.933333333333323,29.385714285714283,29.207142857142856,4.9,7.5,7.2,1.1,6.533333333333334,5.328571428571429,5.007142857142857
2018-08-27,33.7,23.6,28.3,4.2,14.7,75,8,239,3,27.4,28.1,29.5,30.8,28.333333333333325,29.085714285714285,28.942857142857143,7.2,4.9,7.5,0.5,6.533333333333334,6.200000000000001,5.4
2018-08-28,34.9,25.1,29.6,0.0,10.6,71,8,240,3,28.3,27.4,28.1,29.7,27.933333333333323,28.72857142857143,28.978571428571428,4.2,7.2,4.9,4.2,5.4333333333333345,6.728571428571429,5.314285714285715
2018-08-29,35.0,25.6,30.1,0.0,9.0,71,8,241,3,29.6,28.3,27.4,28.9,28.433333333333326,28.714285714285715,29.085714285714285,0.0,4.2,7.2,11.9,3.8000000000000007,6.128571428571428,4.485714285714286
2018-08-30,34.8,26.5,30.2,0.1,10.8,71,8,242,3,30.1,29.6,28.3,29.2,29.333333333333325,28.88571428571429,29.107142857142858,0.0,0.0,4.2,7.2,1.4000000000000006,4.428571428571429,4.478571428571429
2018-08-31,35.3,26.8,30.6,0.2,10.0,69,8,243,3,30.2,30.1,29.6,29.5,29.966666666666658,29.02857142857143,29.2,0.1,0.0,0.0,7.5,0.03333333333333393,3.4142857142857146,3.9499999999999997
2018-09-01,33.7,24.9,29.0,5.7,13.7,75,9,244,4,30.6,30.2,30.1,28.1,30.299999999999994,29.185714285714287,29.25,0.2,0.1,0.0,4.9,0.1000000000000006,2.3714285714285723,3.9642857142857144
2018-09-02,33.4,23.3,28.2,4.7,11.3,71,9,245,4,29.0,30.6,30.2,27.4,29.933333333333323,29.314285714285717,29.349999999999998,5.7,0.2,0.1,7.2,2.0000000000000004,2.485714285714286,3.9071428571428575
2018-09-03,32.2,23.0,27.3,10.9,15.1,74,9,246,4,28.2,29.0,30.6,28.3,29.266666666666655,29.428571428571427,29.25714285714286,4.7,5.7,0.2,4.2,3.5333333333333337,2.128571428571429,4.164285714285714
2018-09-04,33.4,23.7,28.3,4.2,11.2,74,9,247,4,27.3,28.2,29.0,29.6,28.166666666666657,29.285714285714285,29.007142857142856,10.9,4.7,5.7,0.0,7.100000000000001,3.085714285714286,4.9071428571428575
2018-09-05,33.3,24.0,28.4,2.4,11.5,75,9,248,4,28.3,27.3,28.2,30.1,27.933333333333326,29.099999999999998,28.907142857142855,4.2,10.9,4.7,0.0,6.600000000000001,3.6857142857142864,4.9071428571428575
2018-09-06,35.8,25.5,30.0,0.0,9.7,69,9,249,4,28.4,28.3,27.3,30.2,27.99999999999999,28.857142857142858,28.871428571428574,2.4,4.2,10.9,0.1,5.833333333333335,4.028571428571429,4.228571428571429
2018-09-07,35.3,25.0,29.8,0.4,8.7,71,9,250,4,30.0,28.4,28.3,30.6,28.89999999999999,28.82857142857143,28.928571428571427,0.0,2.4,4.2,0.2,2.2000000000000006,4.014285714285714,3.7142857142857144
2018-09-08,34.5,25.3,29.6,0.0,10.5,70,9,251,4,29.8,30.0,28.4,29.0,29.39999999999999,28.714285714285715,28.95,0.4,0.0,2.4,5.7,0.9333333333333339,4.042857142857144,3.2071428571428577
2018-09-09,34.3,25.5,29.9,0.7,15.6,71,9,252,4,29.6,29.8,30.0,28.2,29.799999999999994,28.8,29.057142857142857,0.0,0.4,0.0,4.7,0.13333333333333394,3.228571428571429,2.8571428571428577
2018-09-10,34.1,24.8,29.3,1.9,17.0,72,9,253,4,29.9,29.6,29.8,27.3,29.766666666666655,29.042857142857144,29.235714285714288,0.7,0.0,0.4,10.9,0.3666666666666673,2.657142857142858,2.392857142857143
2018-09-11,34.3,23.5,28.6,1.6,14.9,73,9,254,4,29.3,29.9,29.6,28.3,29.599999999999994,29.328571428571426,29.307142857142857,1.9,0.7,0.0,4.2,0.8666666666666673,1.3714285714285717,2.2285714285714286
2018-09-12,35.4,25.1,29.7,0.0,14.8,67,9,255,4,28.6,29.3,29.9,28.4,29.266666666666655,29.371428571428574,29.235714285714288,1.6,1.9,0.7,2.4,1.4000000000000006,1.0000000000000002,2.342857142857143
2018-09-13,35.0,24.8,29.3,0.0,21.6,65,9,256,4,29.7,28.6,29.3,30.0,29.199999999999992,29.557142857142857,29.20714285714286,0.0,1.6,1.9,0.0,1.1666666666666672,0.6571428571428574,2.342857142857143
2018-09-14,31.4,22.5,26.3,5.5,14.1,65,9,257,4,29.3,29.7,28.6,29.8,29.19999999999999,29.457142857142856,29.142857142857142,0.0,0.0,1.6,0.4,0.533333333333334,0.6571428571428574,2.335714285714286
2018-09-15,29.3,20.3,23.4,9.5,13.0,72,9,258,4,26.3,29.3,29.7,29.6,28.433333333333323,28.957142857142856,28.83571428571429,5.5,0.0,0.0,0.0,1.833333333333334,1.3857142857142861,2.7142857142857144
2018-09-16,32.2,19.3,25.4,0.0,7.2,56,9,259,4,23.4,26.3,29.3,29.9,26.333333333333325,28.071428571428573,28.435714285714287,9.5,5.5,0.0,0.7,5.000000000000001,2.7428571428571433,2.9857142857142853
2018-09-17,33.6,19.8,25.9,0.0,8.2,56,9,260,4,25.4,23.4,26.3,29.3,25.03333333333332,27.428571428571427,28.235714285714284,0.0,9.5,5.5,1.9,5.000000000000001,2.6428571428571432,2.6499999999999995
2018-09-18,33.2,18.6,25.9,0.0,12.6,65,9,261,4,25.9,25.4,23.4,28.6,24.89999999999999,26.942857142857143,28.13571428571429,0.0,0.0,9.5,1.6,3.1666666666666674,2.3714285714285714,1.8714285714285714
2018-09-19,33.5,20.4,27.1,0.0,13.4,65,9,262,4,25.9,25.9,25.4,29.7,25.73333333333332,26.557142857142857,27.964285714285715,0.0,0.0,0.0,0.0,0.0,2.1428571428571432,1.5714285714285714
2018-09-20,34.2,21.9,27.8,0.0,8.9,65,9,263,4,27.1,25.9,25.9,29.3,26.299999999999994,26.185714285714283,27.871428571428574,0.0,0.0,0.0,0.0,0.0,2.1428571428571432,1.4
2018-09-21,31.6,22.9,26.7,2.6,21.6,70,9,264,4,27.8,27.1,25.9,26.3,26.933333333333323,25.97142857142857,27.714285714285715,0.0,0.0,0.0,5.5,0.0,2.1428571428571432,1.4
2018-09-22,33.4,23.3,27.7,0.0,14.3,61,9,265,4,26.7,27.8,27.1,23.4,27.199999999999992,26.02857142857143,27.492857142857144,2.6,0.0,0.0,9.5,0.8666666666666673,1.728571428571429,1.5571428571428572
2018-09-23,30.5,20.0,25.5,13.5,19.3,75,9,266,4,27.7,26.7,27.8,25.4,27.399999999999988,26.642857142857142,27.357142857142858,0.0,2.6,0.0,0.0,0.8666666666666673,0.37142857142857194,1.5571428571428572
2018-09-24,31.4,21.6,26.1,8.7,10.1,71,9,267,4,25.5,27.7,26.7,25.9,26.633333333333326,26.657142857142855,27.042857142857144,13.5,0.0,2.6,0.0,5.366666666666667,2.3000000000000007,2.4714285714285715
2018-09-25,31.1,20.9,25.9,0.0,13.4,72,9,268,4,26.1,25.5,27.7,25.9,26.433333333333323,26.685714285714287,26.814285714285713,8.7,13.5,0.0,0.0,7.400000000000001,3.5428571428571436,2.957142857142857
2018-09-26,31.6,22.7,26.4,1.7,8.6,71,9,269,4,25.9,26.1,25.5,27.1,25.833333333333325,26.685714285714287,26.62142857142857,0.0,8.7,13.5,0.0,7.400000000000001,3.5428571428571436,2.8428571428571425
2018-09-27,33.4,22.0,26.5,0.0,19.7,64,9,270,4,26.4,25.9,26.1,27.8,26.133333333333326,26.58571428571429,26.385714285714283,1.7,0.0,8.7,0.0,3.466666666666667,3.785714285714286,2.9642857142857144
2018-09-28,33.1,22.0,26.4,0.1,15.1,62,9,271,4,26.5,26.4,25.9,26.7,26.266666666666655,26.400000000000002,26.185714285714283,0.0,1.7,0.0,2.6,0.5666666666666672,3.785714285714286,2.9642857142857144
2018-09-29,31.6,20.2,25.2,0.0,11.2,70,9,272,4,26.4,26.5,26.4,27.7,26.433333333333323,26.357142857142858,26.192857142857143,0.1,0.0,1.7,0.0,0.6000000000000006,3.4285714285714284,2.5785714285714287
2018-09-30,32.1,20.9,25.8,0.1,10.7,63,9,273,4,25.2,26.4,26.5,25.5,26.03333333333332,26.0,26.321428571428573,0.0,0.1,0.0,13.5,0.03333333333333393,3.4285714285714284,1.9
2018-10-01,32.5,21.8,26.5,0.0,8.5,57,10,274,4,25.8,25.2,26.4,26.1,25.799999999999994,26.04285714285714,26.35,0.1,0.0,0.1,8.7,0.06666666666666726,1.5142857142857147,1.907142857142857
2018-10-02,33.3,20.3,26.1,0.0,16.2,56,10,275,4,26.5,25.8,25.2,25.9,25.833333333333325,26.099999999999998,26.392857142857142,0.0,0.1,0.0,0.0,0.03333333333333393,0.2714285714285719,1.907142857142857
2018-10-03,31.5,20.3,24.9,0.8,17.3,63,10,276,4,26.1,26.5,25.8,26.4,26.133333333333326,26.128571428571426,26.407142857142855,0.0,0.0,0.1,1.7,0.03333333333333393,0.2714285714285719,1.907142857142857
2018-10-04,27.1,19.5,22.7,1.2,18.4,62,10,277,4,24.9,26.1,26.5,26.5,25.833333333333325,25.914285714285715,26.25,0.8,0.0,0.0,0.0,0.2666666666666673,0.14285714285714338,1.9642857142857142
2018-10-05,30.4,17.7,23.6,0.5,14.8,54,10,278,4,22.7,24.9,26.1,26.4,24.56666666666666,25.37142857142857,25.88571428571429,1.2,0.8,0.0,0.1,0.6666666666666673,0.31428571428571483,2.05
2018-10-06,31.7,19.2,24.6,0.0,10.1,46,10,279,4,23.6,22.7,24.9,25.2,23.733333333333324,24.97142857142857,25.66428571428571,0.5,1.2,0.8,0.0,0.8333333333333339,0.3714285714285719,1.9
2018-10-07,32.3,19.3,24.7,0.0,10.2,49,10,280,4,24.6,23.6,22.7,25.8,23.633333333333326,24.885714285714283,25.442857142857143,0.0,0.5,1.2,0.1,0.5666666666666672,0.3714285714285719,1.9
2018-10-08,26.2,17.1,20.3,20.6,14.5,74,10,281,4,24.7,24.6,23.6,26.5,24.299999999999994,24.72857142857143,25.385714285714283,0.0,0.0,0.5,0.0,0.16666666666666727,0.35714285714285765,0.9357142857142857
2018-10-09,27.2,15.6,20.2,0.0,10.1,68,10,282,4,20.3,24.7,24.6,26.1,23.199999999999992,23.842857142857145,24.971428571428568,20.6,0.0,0.0,0.0,6.866666666666667,3.3000000000000007,1.7857142857142858
2018-10-10,29.2,16.1,21.9,0.0,9.2,50,10,283,4,20.2,20.3,24.7,24.9,21.73333333333332,23.0,24.564285714285713,0.0,20.6,0.0,0.8,6.866666666666667,3.3000000000000007,1.7857142857142858
2018-10-11,29.2,15.8,22.1,0.0,10.7,55,10,284,4,21.9,20.2,20.3,22.7,20.79999999999999,22.571428571428573,24.242857142857144,0.0,0.0,20.6,1.2,6.866666666666667,3.1857142857142864,1.6642857142857144
2018-10-12,28.3,16.7,21.6,0.0,17.7,53,10,285,4,22.1,21.9,20.2,23.6,21.399999999999988,22.485714285714284,23.928571428571427,0.0,0.0,0.0,0.5,0.0,3.014285714285715,1.6642857142857144
2018-10-13,29.1,15.3,21.9,0.0,7.6,50,10,286,4,21.6,22.1,21.9,24.6,21.866666666666656,22.2,23.585714285714285,0.0,0.0,0.0,0.0,0.0,2.9428571428571435,1.657142857142857
2018-10-14,29.7,16.9,22.6,0.0,10.8,48,10,287,4,21.9,21.6,22.1,24.7,21.866666666666656,21.814285714285713,23.349999999999998,0.0,0.0,0.0,0.0,0.0,2.9428571428571435,1.657142857142857
2018-10-15,27.0,15.5,20.7,7.3,20.6,61,10,288,4,22.6,21.9,21.6,20.3,22.03333333333332,21.514285714285712,23.12142857142857,0.0,0.0,0.0,20.6,0.0,2.9428571428571435,1.6500000000000001
2018-10-16,21.2,15.6,18.2,19.0,10.0,80,10,289,4,20.7,22.6,21.9,20.2,21.733333333333324,21.571428571428573,22.707142857142856,7.3,0.0,0.0,0.0,2.433333333333333,1.0428571428571434,2.1714285714285717
2018-10-17,25.6,15.0,19.5,0.0,8.8,67,10,290,4,18.2,20.7,22.6,21.9,20.49999999999999,21.285714285714285,22.142857142857142,19.0,7.3,0.0,0.0,8.766666666666667,3.7571428571428576,3.528571428571429
2018-10-18,28.0,16.0,20.9,0.0,12.2,52,10,291,4,19.5,18.2,20.7,22.1,19.466666666666658,20.942857142857143,21.757142857142856,0.0,19.0,7.3,0.0,8.766666666666667,3.7571428571428576,3.471428571428571
2018-10-19,28.3,15.4,21.2,0.0,9.8,47,10,292,4,20.9,19.5,18.2,21.6,19.533333333333324,20.771428571428572,21.62857142857143,0.0,0.0,19.0,0.0,6.333333333333333,3.7571428571428576,3.385714285714286
2018-10-20,28.9,15.6,21.6,0.0,9.4,46,10,293,4,21.2,20.9,19.5,21.9,20.53333333333332,20.714285714285715,21.45714285714286,0.0,0.0,0.0,0.0,0.0,3.7571428571428576,3.3500000000000005
2018-10-21,28.2,15.6,21.2,0.0,8.4,50,10,294,4,21.6,21.2,20.9,22.6,21.233333333333324,20.67142857142857,21.24285714285714,0.0,0.0,0.0,0.0,0.0,3.7571428571428576,3.3500000000000005
2018-10-22,28.2,15.3,20.6,0.0,9.9,52,10,295,4,21.2,21.6,21.2,20.7,21.333333333333325,20.47142857142857,20.992857142857144,0.0,0.0,0.0,7.3,0.0,3.7571428571428576,3.3500000000000005
2018-10-23,28.0,13.9,20.3,0.0,10.5,59,10,296,4,20.6,21.2,21.6,18.2,21.133333333333322,20.457142857142856,21.014285714285712,0.0,0.0,0.0,19.0,0.0,2.714285714285715,1.8785714285714286
2018-10-24,27.9,14.2,20.8,0.0,8.4,58,10,297,4,20.3,20.6,21.2,19.5,20.69999999999999,20.75714285714286,21.021428571428572,0.0,0.0,0.0,0.0,0.0,0.0,1.8785714285714286
2018-10-25,27.1,15.3,20.0,0.0,9.1,57,10,298,4,20.8,20.3,20.6,20.9,20.56666666666666,20.942857142857143,20.942857142857143,0.0,0.0,0.0,0.0,0.0,0.0,1.8785714285714286
2018-10-26,28.2,14.4,20.8,0.0,9.3,57,10,299,4,20.0,20.8,20.3,21.2,20.366666666666656,20.814285714285713,20.792857142857144,0.0,0.0,0.0,0.0,0.0,0.0,1.8785714285714286
2018-10-27,28.3,14.0,20.4,0.0,8.4,61,10,300,4,20.8,20.0,20.8,21.6,20.53333333333332,20.75714285714286,20.735714285714288,0.0,0.0,0.0,0.0,0.0,0.0,1.8785714285714286
2018-10-28,28.5,13.9,20.6,0.0,9.1,65,10,301,4,20.4,20.8,20.0,21.2,20.39999999999999,20.585714285714285,20.62857142857143,0.0,0.0,0.0,0.0,0.0,0.0,1.8785714285714286
2018-10-29,27.5,13.9,20.6,0.0,8.7,71,10,302,4,20.6,20.4,20.8,20.6,20.59999999999999,20.5,20.485714285714288,0.0,0.0,0.0,0.0,0.0,0.0,1.8785714285714286
2018-10-30,27.8,15.1,21.3,0.0,12.1,74,10,303,4,20.6,20.6,20.4,20.3,20.533333333333328,20.5,20.478571428571428,0.0,0.0,0.0,0.0,0.0,0.0,1.3571428571428572
2018-10-31,24.3,16.9,20.0,16.7,23.7,78,10,304,4,21.3,20.6,20.6,20.8,20.833333333333325,20.642857142857142,20.7,0.0,0.0,0.0,0.0,0.0,0.0,0.0
2018-11-01,19.9,15.8,17.5,33.0,12.4,90,11,305,4,20.0,21.3,20.6,20.0,20.633333333333326,20.52857142857143,20.735714285714288,16.7,0.0,0.0,0.0,5.566666666666666,2.385714285714286,1.1928571428571428
2018-11-02,22.8,14.2,18.0,0.0,7.8,75,11,306,4,17.5,20.0,21.3,20.8,19.59999999999999,20.17142857142857,20.49285714285714,33.0,16.7,0.0,0.0,16.566666666666666,7.1000000000000005,3.5500000000000003
2018-11-03,22.0,11.4,15.9,0.2,18.6,53,11,307,4,18.0,17.5,20.0,20.4,18.49999999999999,19.771428571428572,20.264285714285712,0.0,33.0,16.7,0.0,16.566666666666666,7.1000000000000005,3.5500000000000003
2018-11-04,22.5,9.7,15.3,0.0,7.6,46,11,308,4,15.9,18.0,17.5,20.6,17.133333333333322,19.12857142857143,19.85714285714286,0.2,0.0,33.0,0.0,11.066666666666668,7.128571428571429,3.5642857142857145
2018-11-05,23.9,10.1,15.6,0.0,12.0,41,11,309,4,15.3,15.9,18.0,20.6,16.39999999999999,18.37142857142857,19.435714285714283,0.0,0.2,0.0,0.0,0.06666666666666667,7.128571428571429,3.5642857142857145
2018-11-06,25.1,10.7,17.0,0.0,7.7,36,11,310,4,15.6,15.3,15.9,21.3,15.599999999999989,17.65714285714286,19.07857142857143,0.0,0.0,0.2,0.0,0.06666666666666667,7.128571428571429,3.5642857142857145
2018-11-07,24.5,12.0,16.8,0.0,8.9,46,11,311,4,17.0,15.6,15.3,20.0,15.96666666666666,17.042857142857144,18.842857142857145,0.0,0.0,0.0,16.7,0.0,7.128571428571429,3.5642857142857145
2018-11-08,24.1,11.7,16.8,0.0,8.4,63,11,312,4,16.8,17.0,15.6,17.5,16.466666666666658,16.585714285714285,18.557142857142857,0.0,0.0,0.0,33.0,0.0,4.742857142857143,3.5642857142857145
2018-11-09,24.2,12.9,17.2,0.0,7.8,63,11,313,4,16.8,16.8,17.0,18.0,16.866666666666656,16.485714285714284,18.32857142857143,0.0,0.0,0.0,0.0,0.0,0.028571428571428574,3.5642857142857145
2018-11-10,24.8,11.7,17.3,0.0,8.7,65,11,314,4,17.2,16.8,16.8,15.9,16.933333333333323,16.371428571428574,18.071428571428573,0.0,0.0,0.0,0.2,0.0,0.028571428571428574,3.5642857142857145
2018-11-11,24.7,12.6,17.7,0.3,8.9,66,11,315,4,17.3,17.2,16.8,15.3,17.09999999999999,16.571428571428573,17.85,0.0,0.0,0.0,0.0,0.0,0.0,3.5642857142857145
2018-11-12,23.0,14.7,18.0,0.6,9.8,63,11,316,4,17.7,17.3,17.2,15.6,17.39999999999999,16.914285714285715,17.642857142857142,0.3,0.0,0.0,0.0,0.09999999999999999,0.04285714285714286,3.585714285714286
2018-11-13,22.8,12.0,17.0,0.3,13.1,67,11,317,4,18.0,17.7,17.3,17.0,17.666666666666657,17.257142857142856,17.457142857142856,0.6,0.3,0.0,0.0,0.3,0.12857142857142856,3.628571428571429
2018-11-14,18.4,12.3,14.9,5.1,10.9,80,11,318,4,17.0,18.0,17.7,16.8,17.56666666666666,17.257142857142856,17.150000000000002,0.3,0.6,0.3,0.0,0.39999999999999997,0.17142857142857143,3.65
2018-11-15,21.4,10.0,15.5,0.0,8.2,68,11,319,4,14.9,17.0,18.0,16.8,16.633333333333322,16.985714285714288,16.785714285714285,5.1,0.3,0.6,0.0,2.0,0.9,2.821428571428572
2018-11-16,23.1,10.7,16.0,0.0,9.0,64,11,320,4,15.5,14.9,17.0,17.2,15.79999999999999,16.8,16.642857142857142,0.0,5.1,0.3,0.0,1.8,0.9,0.4642857142857148
2018-11-17,23.4,8.0,15.1,0.1,8.1,66,11,321,4,16.0,15.5,14.9,17.3,15.466666666666656,16.62857142857143,16.5,0.0,0.0,5.1,0.0,1.7000000000000002,0.9,0.4642857142857148
2018-11-18,23.8,11.1,16.4,0.0,8.4,63,11,322,4,15.1,16.0,15.5,17.7,15.533333333333324,16.314285714285713,16.442857142857143,0.1,0.0,0.0,0.3,0.03333333333333363,0.9142857142857143,0.45714285714285763
2018-11-19,23.4,12.1,17.3,0.0,10.0,58,11,323,4,16.4,15.1,16.0,18.0,15.833333333333323,16.12857142857143,16.52142857142857,0.0,0.1,0.0,0.6,0.03333333333333363,0.8714285714285713,0.45714285714285763
2018-11-20,25.2,11.7,17.6,0.0,9.0,53,11,324,4,17.3,16.4,15.1,17.0,16.266666666666655,16.02857142857143,16.642857142857142,0.0,0.0,0.1,0.3,0.03333333333333363,0.7857142857142857,0.45714285714285763
2018-11-21,25.1,12.1,17.8,0.0,7.4,47,11,325,4,17.6,17.3,16.4,14.9,17.09999999999999,16.114285714285714,16.685714285714287,0.0,0.0,0.0,5.1,0.0,0.7428571428571428,0.45714285714285763
2018-11-22,17.2,10.4,14.2,1.2,18.0,63,11,326,4,17.8,17.6,17.3,15.5,17.56666666666666,16.52857142857143,16.75714285714286,0.0,0.0,0.0,0.0,0.0,0.014285714285714287,0.45714285714285763
2018-11-23,24.2,12.8,17.8,0.0,19.4,40,11,327,4,14.2,17.8,17.6,16.0,16.533333333333328,16.34285714285714,16.571428571428573,1.2,0.0,0.0,0.0,0.4000000000000003,0.18571428571428572,0.5428571428571434
2018-11-24,26.5,9.0,16.9,0.0,10.6,45,11,328,4,17.8,14.2,17.8,15.1,16.59999999999999,16.599999999999998,16.614285714285717,0.0,1.2,0.0,0.1,0.4000000000000003,0.18571428571428572,0.5428571428571434
2018-11-25,24.5,10.7,16.3,0.0,8.4,60,11,329,4,16.9,17.8,14.2,16.4,16.29999999999999,16.857142857142858,16.585714285714285,0.0,0.0,1.2,0.0,0.4000000000000003,0.17142857142857143,0.5428571428571434
2018-11-26,24.7,11.7,16.2,0.0,8.0,72,11,330,4,16.3,16.9,17.8,17.3,16.99999999999999,16.84285714285714,16.485714285714288,0.0,0.0,0.0,0.0,0.0,0.17142857142857143,0.5214285714285719
2018-11-27,20.8,8.8,14.3,0.0,6.5,84,11,331,4,16.2,16.3,16.9,17.6,16.466666666666658,16.685714285714287,16.357142857142858,0.0,0.0,0.0,0.0,0.0,0.17142857142857143,0.4785714285714291
2018-11-28,21.8,11.3,16.2,0.0,19.3,66,11,332,4,14.3,16.2,16.3,17.8,15.599999999999989,16.214285714285715,16.164285714285715,0.0,0.0,0.0,0.0,0.0,0.17142857142857143,0.45714285714285763
2018-11-29,23.8,11.9,17.0,0.0,16.9,46,11,333,4,16.2,14.3,16.2,14.2,15.566666666666658,15.985714285714284,16.25714285714286,0.0,0.0,0.0,1.2,0.0,0.17142857142857143,0.09285714285714337
2018-11-30,24.6,7.5,15.2,0.0,10.8,44,11,334,4,17.0,16.2,14.3,17.8,15.833333333333323,16.385714285714286,16.364285714285717,0.0,0.0,0.0,0.0,0.0,0.0,0.09285714285714337
2018-12-01,22.1,8.8,13.6,0.0,8.1,52,12,335,1,15.2,17.0,16.2,16.9,16.133333333333326,16.014285714285716,16.307142857142857,0.0,0.0,0.0,0.0,0.0,0.0,0.09285714285714337
2018-12-02,20.9,6.2,13.4,0.0,8.0,69,12,336,1,13.6,15.2,17.0,16.3,15.266666666666657,15.542857142857143,16.2,0.0,0.0,0.0,0.0,0.0,0.0,0.08571428571428621
2018-12-03,21.8,9.1,13.8,0.0,9.0,67,12,337,1,13.4,13.6,15.2,16.2,14.066666666666658,15.12857142857143,15.985714285714286,0.0,0.0,0.0,0.0,0.0,0.0,0.08571428571428621
2018-12-04,21.2,6.7,12.8,0.0,7.2,74,12,338,1,13.8,13.4,13.6,14.3,13.599999999999989,14.785714285714286,15.735714285714286,0.0,0.0,0.0,0.0,0.0,0.0,0.08571428571428621
2018-12-05,20.0,9.0,13.1,0.0,8.6,71,12,339,1,12.8,13.8,13.4,16.2,13.333333333333323,14.571428571428571,15.392857142857142,0.0,0.0,0.0,0.0,0.0,0.0,0.08571428571428621
2018-12-06,20.6,8.0,13.4,0.0,7.9,66,12,340,1,13.1,12.8,13.8,17.0,13.233333333333325,14.12857142857143,15.057142857142855,0.0,0.0,0.0,0.0,0.0,0.0,0.08571428571428621
2018-12-07,20.6,8.0,13.1,0.0,9.3,62,12,341,1,13.4,13.1,12.8,15.2,13.099999999999989,13.614285714285714,15.0,0.0,0.0,0.0,0.0,0.0,0.0,0.0
2018-12-08,20.1,9.0,13.2,0.0,9.7,69,12,342,1,13.1,13.4,13.1,13.6,13.19999999999999,13.314285714285715,14.664285714285713,0.0,0.0,0.0,0.0,0.0,0.0,0.0
2018-12-09,19.4,8.5,13.2,2.1,9.2,72,12,343,1,13.2,13.1,13.4,13.4,13.233333333333322,13.257142857142856,14.4,0.0,0.0,0.0,0.0,0.0,0.0,0.0
2018-12-10,13.5,10.3,11.8,8.1,12.7,80,12,344,1,13.2,13.2,13.1,13.8,13.166666666666657,13.228571428571428,14.178571428571429,2.1,0.0,0.0,0.0,0.7000000000000003,0.3,0.15000000000000052
2018-12-11,17.4,7.7,11.6,0.0,10.6,75,12,345,1,11.8,13.2,13.2,12.8,12.733333333333322,12.942857142857141,13.864285714285716,8.1,2.1,0.0,0.0,3.4000000000000004,1.457142857142857,0.728571428571429
2018-12-12,18.6,5.0,11.0,0.0,10.2,67,12,346,1,11.6,11.8,13.2,13.1,12.19999999999999,12.771428571428572,13.671428571428573,0.0,8.1,2.1,0.0,3.4000000000000004,1.457142857142857,0.728571428571429
2018-12-13,16.9,5.0,10.2,0.0,8.7,77,12,347,1,11.0,11.6,11.8,13.4,11.466666666666656,12.471428571428572,13.299999999999999,0.0,0.0,8.1,0.0,2.7000000000000006,1.457142857142857,0.728571428571429
2018-12-14,17.9,6.2,10.5,0.0,7.7,55,12,348,1,10.2,11.0,11.6,13.1,10.933333333333323,12.014285714285714,12.814285714285713,0.0,0.0,0.0,0.0,0.0,1.457142857142857,0.728571428571429
2018-12-15,19.4,6.3,11.3,0.0,6.8,46,12,349,1,10.5,10.2,11.0,13.2,10.566666666666658,11.642857142857142,12.478571428571428,0.0,0.0,0.0,0.0,0.0,1.457142857142857,0.728571428571429
2018-12-16,20.2,6.8,11.6,0.0,7.6,49,12,350,1,11.3,10.5,10.2,13.2,10.666666666666657,11.371428571428572,12.314285714285715,0.0,0.0,0.0,2.1,0.0,1.457142857142857,0.728571428571429
2018-12-17,20.6,7.1,11.8,0.0,8.1,48,12,351,1,11.6,11.3,10.5,11.8,11.133333333333324,11.142857142857142,12.185714285714285,0.0,0.0,0.0,8.1,0.0,1.157142857142857,0.728571428571429
2018-12-18,21.3,6.9,12.4,0.0,8.7,49,12,352,1,11.8,11.6,11.3,11.6,11.566666666666658,11.142857142857142,12.042857142857144,0.0,0.0,0.0,0.0,0.0,0.0,0.728571428571429
2018-12-19,19.0,5.8,11.3,0.0,9.7,64,12,353,1,12.4,11.8,11.6,11.0,11.933333333333323,11.257142857142856,12.014285714285714,0.0,0.0,0.0,0.0,0.0,0.0,0.728571428571429
2018-12-20,18.9,6.4,11.4,0.0,8.8,61,12,354,1,11.3,12.4,11.8,10.2,11.833333333333323,11.299999999999999,11.885714285714286,0.0,0.0,0.0,0.0,0.0,0.0,0.728571428571429
2018-12-21,20.4,5.9,11.3,0.0,9.1,53,12,355,1,11.4,11.3,12.4,10.5,11.69999999999999,11.471428571428573,11.742857142857144,0.0,0.0,0.0,0.0,0.0,0.0,0.728571428571429
2018-12-22,18.6,6.6,10.7,0.0,9.0,54,12,356,1,11.3,11.4,11.3,11.3,11.333333333333323,11.585714285714287,11.614285714285716,0.0,0.0,0.0,0.0,0.0,0.0,0.728571428571429
2018-12-23,15.7,1.6,8.7,0.0,10.4,73,12,357,1,10.7,11.3,11.4,11.6,11.133333333333324,11.5,11.435714285714285,0.0,0.0,0.0,0.0,0.0,0.0,0.728571428571429
2018-12-24,19.1,5.4,10.4,0.0,11.8,51,12,358,1,8.7,10.7,11.3,11.8,10.233333333333325,11.085714285714287,11.114285714285714,0.0,0.0,0.0,0.0,0.0,0.0,0.5785714285714291
2018-12-25,18.7,3.0,9.4,0.0,9.7,53,12,359,1,10.4,8.7,10.7,12.4,9.933333333333323,10.885714285714286,11.014285714285714,0.0,0.0,0.0,0.0,0.0,0.0,0.0
2018-12-26,14.7,2.5,7.6,0.0,6.8,60,12,360,1,9.4,10.4,8.7,11.3,9.499999999999991,10.457142857142857,10.857142857142858,0.0,0.0,0.0,0.0,0.0,0.0,0.0
2018-12-27,15.8,2.4,7.9,0.0,8.7,65,12,361,1,7.6,9.4,10.4,11.4,9.133333333333324,9.928571428571429,10.614285714285714,0.0,0.0,0.0,0.0,0.0,0.0,0.0
2018-12-28,17.3,4.3,8.7,0.0,7.1,56,12,362,1,7.9,7.6,9.4,11.3,8.29999999999999,9.428571428571429,10.450000000000001,0.0,0.0,0.0,0.0,0.0,0.0,0.0
2018-12-29,17.4,2.4,8.7,0.0,8.7,67,12,363,1,8.7,7.9,7.6,10.7,8.066666666666658,9.057142857142857,10.321428571428571,0.0,0.0,0.0,0.0,0.0,0.0,0.0
2018-12-30,17.9,5.8,10.2,0.0,8.7,67,12,364,1,8.7,8.7,7.9,8.7,8.433333333333325,8.77142857142857,10.135714285714286,0.0,0.0,0.0,0.0,0.0,0.0,0.0
2018-12-31,19.3,5.0,10.4,0.0,9.9,65,12,365,1,10.2,8.7,8.7,10.4,9.19999999999999,8.985714285714286,10.035714285714286,0.0,0.0,0.0,0.0,0.0,0.0,0.0
2019-01-01,15.5,6.9,10.4,0.0,7.3,52,1,1,1,10.4,10.2,8.7,9.4,9.766666666666657,8.985714285714286,9.935714285714285,0.0,0.0,0.0,0.0,0.0,0.0,0.0
2019-01-02,16.8,5.7,10.1,0.0,11.2,74,1,2,1,10.4,10.4,10.2,7.6,10.333333333333323,9.128571428571428,9.792857142857143,0.0,0.0,0.0,0.0,0.0,0.0,0.0
2019-01-03,17.7,3.7,10.6,0.0,8.8,71,1,3,1,10.1,10.4,10.4,7.9,10.29999999999999,9.485714285714284,9.707142857142857,0.0,0.0,0.0,0.0,0.0,0.0,0.0
2019-01-04,14.5,7.4,10.0,1.0,15.5,68,1,4,1,10.6,10.1,10.4,8.7,10.366666666666658,9.87142857142857,9.65,0.0,0.0,0.0,0.0,0.0,0.0,0.0
2019-01-05,12.9,5.1,8.9,1.3,12.3,73,1,5,1,10.0,10.6,10.1,8.7,10.233333333333324,10.057142857142859,9.557142857142859,1.0,0.0,0.0,0.0,0.3333333333333339,0.14285714285714285,0.07142857142857194
2019-01-06,17.9,2.5,9.6,0.0,10.4,57,1,6,1,8.9,10.0,10.6,10.2,9.833333333333323,10.085714285714285,9.428571428571429,1.3,1.0,0.0,0.0,0.7666666666666672,0.32857142857142857,0.16428571428571478
2019-01-07,16.3,5.7,9.6,0.0,8.5,49,1,7,1,9.6,8.9,10.0,10.4,9.499999999999991,10.0,9.492857142857144,0.0,1.3,1.0,0.0,0.7666666666666672,0.32857142857142857,0.16428571428571478
2019-01-08,17.4,5.1,10.9,0.3,15.8,54,1,8,1,9.6,9.6,8.9,10.4,9.366666666666658,9.885714285714284,9.435714285714285,0.0,0.0,1.3,0.0,0.43333333333333396,0.32857142857142857,0.16428571428571478
2019-01-09,18.5,3.7,9.9,0.0,8.1,55,1,9,1,10.9,9.6,9.6,10.1,10.033333333333324,9.957142857142857,9.542857142857143,0.3,0.0,0.0,0.0,0.10000000000000059,0.37142857142857144,0.18571428571428622
2019-01-10,11.9,4.7,7.9,1.5,12.4,64,1,10,1,9.9,10.9,9.6,10.6,10.133333333333324,9.928571428571429,9.707142857142857,0.0,0.3,0.0,0.0,0.10000000000000059,0.37142857142857144,0.18571428571428622
2019-01-11,15.4,3.4,8.9,0.1,10.7,68,1,11,1,7.9,9.9,10.9,10.0,9.566666666666658,9.542857142857143,9.707142857142857,1.5,0.0,0.3,1.0,0.6000000000000006,0.5857142857142856,0.2928571428571433
2019-01-12,13.4,4.7,8.6,0.3,9.0,82,1,12,1,8.9,7.9,9.9,8.9,8.899999999999991,9.385714285714286,9.721428571428572,0.1,1.5,0.0,1.3,0.533333333333334,0.4571428571428572,0.30000000000000054
2019-01-13,13.1,4.0,7.6,0.0,10.8,80,1,13,1,8.6,8.9,7.9,9.6,8.466666666666658,9.342857142857142,9.714285714285714,0.3,0.1,1.5,0.0,0.6333333333333339,0.31428571428571433,0.32142857142857195
2019-01-14,18.5,1.1,8.6,0.0,10.5,43,1,14,1,7.6,8.6,8.9,9.6,8.366666666666658,9.057142857142859,9.528571428571428,0.0,0.3,0.1,0.0,0.13333333333333394,0.31428571428571433,0.32142857142857195
2019-01-15,18.3,5.1,9.9,0.0,8.9,40,1,15,1,8.6,7.6,8.6,10.9,8.266666666666657,8.914285714285715,9.4,0.0,0.0,0.3,0.3,0.1000000000000006,0.31428571428571433,0.32142857142857195
2019-01-16,16.1,3.8,9.2,0.0,9.2,60,1,16,1,9.9,8.6,7.6,9.9,8.69999999999999,8.771428571428572,9.364285714285714,0.0,0.0,0.0,0.0,0.0,0.2714285714285714,0.32142857142857195
2019-01-17,20.0,5.5,11.1,0.0,10.2,50,1,17,1,9.2,9.9,8.6,7.9,9.233333333333322,8.67142857142857,9.299999999999999,0.0,0.0,0.0,1.5,0.0,0.2714285714285714,0.32142857142857195
2019-01-18,14.3,7.0,10.5,0.3,17.6,46,1,18,1,11.1,9.2,9.9,8.9,10.066666666666658,9.128571428571428,9.335714285714285,0.0,0.0,0.0,0.1,0.0,0.05714285714285715,0.32142857142857195
2019-01-19,19.5,7.0,12.1,0.6,12.8,54,1,19,1,10.5,11.1,9.2,8.6,10.266666666666657,9.357142857142858,9.37142857142857,0.3,0.0,0.0,0.3,0.10000000000000059,0.08571428571428573,0.27142857142857196
2019-01-20,15.3,7.4,11.1,0.1,6.7,77,1,20,1,12.1,10.5,11.1,7.6,11.233333333333325,9.857142857142858,9.6,0.6,0.3,0.0,0.0,0.30000000000000054,0.12857142857142856,0.22142857142857192
2019-01-21,15.9,8.9,11.5,0.0,14.6,69,1,21,1,11.1,12.1,10.5,8.6,11.233333333333325,10.357142857142858,9.707142857142857,0.1,0.6,0.3,0.0,0.3333333333333339,0.14285714285714285,0.22857142857142906
2019-01-22,11.6,6.9,9.0,4.0,8.9,90,1,22,1,11.5,11.1,12.1,9.9,11.566666666666658,10.771428571428572,9.842857142857143,0.0,0.1,0.6,0.0,0.23333333333333392,0.14285714285714285,0.2285714285714291
2019-01-23,14.6,6.6,9.4,0.1,12.6,75,1,23,1,9.0,11.5,11.1,9.2,10.533333333333323,10.642857142857142,9.707142857142857,4.0,0.0,0.1,0.0,1.3666666666666671,0.7142857142857143,0.4928571428571434
2019-01-24,16.1,3.5,9.2,0.0,15.0,54,1,24,1,9.4,9.0,11.5,11.1,9.966666666666656,10.671428571428573,9.671428571428573,0.1,4.0,0.0,0.0,1.3666666666666674,0.7285714285714285,0.5000000000000006
2019-01-25,16.6,2.2,8.8,0.0,12.7,45,1,25,1,9.2,9.4,9.0,10.5,9.19999999999999,10.4,9.764285714285714,0.0,0.1,4.0,0.3,1.3666666666666674,0.7285714285714285,0.39285714285714335
2019-01-26,15.9,3.6,8.8,0.0,11.5,57,1,26,1,8.8,9.2,9.4,12.1,9.133333333333324,10.157142857142857,9.757142857142856,0.0,0.0,0.1,0.6,0.033333333333334075,0.6857142857142857,0.38571428571428623
2019-01-27,17.3,2.1,9.3,0.0,14.3,32,1,27,1,8.8,8.8,9.2,11.1,8.933333333333325,9.685714285714287,9.771428571428572,0.0,0.0,0.0,0.1,0.0,0.5999999999999999,0.36428571428571477
2019-01-28,18.1,2.8,9.5,0.0,9.2,35,1,28,1,9.3,8.8,8.8,11.5,8.966666666666656,9.428571428571429,9.892857142857142,0.0,0.0,0.0,0.0,0.0,0.5857142857142856,0.36428571428571477
2019-01-29,18.3,5.0,10.3,0.0,8.3,41,1,29,1,9.5,9.3,8.8,9.0,9.19999999999999,9.142857142857142,9.957142857142856,0.0,0.0,0.0,4.0,0.0,0.5857142857142856,0.36428571428571477
2019-01-30,14.2,8.2,11.0,1.0,12.9,53,1,30,1,10.3,9.5,9.3,9.4,9.69999999999999,9.328571428571431,9.985714285714286,0.0,0.0,0.0,0.1,0.0,0.014285714285714287,0.36428571428571477
2019-01-31,9.0,7.2,8.1,14.2,13.9,87,1,31,1,11.0,10.3,9.5,9.2,10.266666666666659,9.557142857142859,10.114285714285714,1.0,0.0,0.0,0.0,0.3333333333333341,0.14285714285714285,0.4357142857142862
2019-02-01,16.9,5.5,10.0,0.2,8.7,74,2,32,1,8.1,11.0,10.3,8.8,9.799999999999992,9.4,9.9,14.2,1.0,0.0,0.0,5.066666666666667,2.1714285714285713,1.4500000000000004
2019-02-02,19.2,6.1,11.5,0.0,14.3,56,2,33,1,10.0,8.1,11.0,8.8,9.69999999999999,9.571428571428571,9.864285714285714,0.2,14.2,1.0,0.0,5.133333333333334,2.1999999999999997,1.4428571428571433
2019-02-03,20.8,5.5,12.2,0.0,15.3,47,2,34,1,11.5,10.0,8.1,9.3,9.866666666666658,9.957142857142857,9.821428571428571,0.0,0.2,14.2,0.0,4.8,2.1999999999999997,1.4000000000000006
2019-02-04,20.7,8.1,13.9,0.0,14.4,44,2,35,1,12.2,11.5,10.0,9.5,11.233333333333325,10.371428571428572,9.9,0.0,0.0,0.2,0.0,0.06666666666666726,2.1999999999999997,1.3928571428571435
2019-02-05,17.6,9.7,13.1,2.2,12.3,60,2,36,1,13.9,12.2,11.5,10.3,12.533333333333324,11.0,10.071428571428571,0.0,0.0,0.0,0.0,0.0,2.1999999999999997,1.3928571428571435
2019-02-06,13.1,6.2,9.9,7.0,12.3,76,2,37,1,13.1,13.9,12.2,11.0,13.066666666666658,11.4,10.364285714285714,2.2,0.0,0.0,1.0,0.733333333333334,2.5142857142857147,1.2642857142857147
2019-02-07,16.3,4.1,9.8,0.1,16.5,51,2,38,1,9.9,13.1,13.9,8.1,12.29999999999999,11.242857142857144,10.4,7.0,2.2,0.0,14.2,3.0666666666666678,3.3714285714285714,1.7571428571428578
2019-02-08,13.1,5.4,8.5,7.3,17.3,73,2,39,1,9.8,9.9,13.1,10.0,10.933333333333325,11.485714285714286,10.442857142857141,0.1,7.0,2.2,0.2,3.100000000000001,1.3571428571428572,1.764285714285715
2019-02-09,18.9,2.6,10.0,0.0,8.1,53,2,40,1,8.5,9.8,9.9,11.5,9.399999999999991,11.271428571428572,10.421428571428569,7.3,0.1,7.0,0.0,4.800000000000001,2.3714285714285714,2.285714285714286
2019-02-10,20.6,6.7,12.6,0.0,8.0,42,2,41,1,10.0,8.5,9.8,12.2,9.433333333333325,11.057142857142859,10.507142857142858,0.0,7.3,0.1,0.0,2.4666666666666672,2.3714285714285714,2.285714285714286
2019-02-11,20.6,6.4,13.7,0.0,7.3,50,2,42,1,12.6,10.0,8.5,13.9,10.366666666666656,11.114285714285714,10.742857142857144,0.0,0.0,7.3,0.0,2.433333333333334,2.3714285714285714,2.285714285714286
2019-02-12,16.7,10.1,13.2,0.1,19.2,54,2,43,1,13.7,12.6,10.0,13.1,12.099999999999989,11.085714285714287,11.042857142857143,0.0,0.0,0.0,2.2,0.0,2.3714285714285714,2.285714285714286
2019-02-13,18.6,10.4,13.5,1.5,10.5,66,2,44,1,13.2,13.7,12.6,9.9,13.166666666666657,11.099999999999998,11.25,0.1,0.0,0.0,7.0,0.03333333333333393,2.0714285714285716,2.2928571428571436
2019-02-14,16.7,8.7,12.0,2.4,17.9,73,2,45,1,13.5,13.2,13.7,9.8,13.466666666666656,11.614285714285714,11.428571428571429,1.5,0.1,0.0,0.1,0.533333333333334,1.2857142857142858,2.328571428571429
2019-02-15,19.1,4.7,11.1,0.0,14.0,59,2,46,1,12.0,13.5,13.2,8.5,12.899999999999991,11.928571428571429,11.707142857142856,2.4,1.5,0.1,7.3,1.333333333333334,1.6142857142857143,1.485714285714286
2019-02-16,19.9,4.1,11.8,0.0,7.4,47,2,47,1,11.1,12.0,13.5,10.0,12.19999999999999,12.3,11.785714285714286,0.0,2.4,1.5,0.0,1.3000000000000005,0.5714285714285714,1.4714285714285718
2019-02-17,18.7,6.5,12.8,0.0,12.5,47,2,48,1,11.8,11.1,12.0,12.6,11.633333333333324,12.557142857142855,11.807142857142855,0.0,0.0,2.4,0.0,0.8000000000000006,0.5714285714285714,1.4714285714285718
2019-02-18,15.3,7.9,11.3,0.5,13.6,70,2,49,1,12.8,11.8,11.1,13.7,11.899999999999991,12.585714285714285,11.85,0.0,0.0,0.0,0.0,0.0,0.5714285714285714,1.4714285714285718
2019-02-19,16.0,5.4,10.4,6.5,7.4,82,2,50,1,11.3,12.8,11.8,13.2,11.966666666666656,12.242857142857142,11.664285714285715,0.5,0.0,0.0,0.1,0.16666666666666727,0.6428571428571429,1.5071428571428576
2019-02-20,13.2,8.6,10.4,13.1,14.2,79,2,51,1,10.4,11.3,12.8,13.5,11.499999999999991,11.842857142857143,11.471428571428572,6.5,0.5,0.0,1.5,2.333333333333334,1.5571428571428572,1.8142857142857147
2019-02-21,13.5,6.2,9.9,2.9,20.1,72,2,52,1,10.4,10.4,11.3,12.0,10.69999999999999,11.400000000000002,11.507142857142856,13.1,6.5,0.5,2.4,6.7,3.2142857142857144,2.2500000000000004
2019-02-22,19.1,3.8,10.6,0.0,10.8,57,2,53,1,9.9,10.4,10.4,11.1,10.233333333333325,11.1,11.514285714285716,2.9,13.1,6.5,0.0,7.5,3.2857142857142856,2.45
2019-02-23,20.4,3.5,11.6,0.0,13.2,45,2,54,1,10.6,9.9,10.4,11.8,10.29999999999999,11.028571428571428,11.664285714285713,0.0,2.9,13.1,0.0,5.333333333333333,3.2857142857142856,1.928571428571429
2019-02-24,20.3,5.2,11.9,0.0,11.5,49,2,55,1,11.6,10.6,9.9,12.8,10.69999999999999,11.0,11.778571428571428,0.0,0.0,2.9,0.0,0.9666666666666672,3.2857142857142856,1.928571428571429
2019-02-25,18.7,5.9,11.8,0.2,20.5,65,2,56,1,11.9,11.6,10.6,11.3,11.366666666666658,10.871428571428572,11.728571428571428,0.0,0.0,0.0,0.5,0.0,3.2857142857142856,1.928571428571429
2019-02-26,14.1,6.2,9.5,3.0,14.6,80,2,57,1,11.8,11.9,11.6,10.4,11.766666666666657,10.942857142857145,11.592857142857143,0.2,0.0,0.0,6.5,0.06666666666666726,3.2428571428571433,1.9428571428571435
2019-02-27,17.8,5.4,11.2,0.0,16.6,56,2,58,1,9.5,11.8,11.9,10.4,11.066666666666658,10.814285714285715,11.328571428571431,3.0,0.2,0.0,13.1,1.0666666666666673,2.7428571428571433,2.150000000000001
2019-02-28,18.3,5.0,12.0,0.0,12.2,48,2,59,1,11.2,9.5,11.8,9.9,10.833333333333323,10.928571428571429,11.164285714285715,0.0,3.0,0.2,2.9,1.0666666666666673,0.8714285714285713,2.0428571428571436
2019-03-01,13.9,9.2,11.2,1.1,16.0,62,3,60,2,12.0,11.2,9.5,10.6,10.89999999999999,11.22857142857143,11.164285714285715,0.0,0.0,3.0,0.0,1.0000000000000007,0.4571428571428572,1.871428571428572
2019-03-02,10.6,8.6,9.4,22.9,9.9,91,3,61,2,11.2,12.0,11.2,11.6,11.466666666666656,11.314285714285713,11.171428571428569,1.1,0.0,0.0,0.0,0.3666666666666673,0.6142857142857144,1.9500000000000006
2019-03-03,16.2,8.3,11.0,3.7,12.2,73,3,62,2,9.4,11.2,12.0,11.9,10.866666666666658,11.0,11.0,22.9,1.1,0.0,0.0,8.0,3.8857142857142857,3.585714285714286
2019-03-04,20.6,6.0,13.1,0.0,14.3,59,3,63,2,11.0,9.4,11.2,11.8,10.533333333333324,10.87142857142857,10.87142857142857,3.7,22.9,1.1,0.2,9.233333333333333,4.414285714285714,3.8500000000000005
2019-03-05,21.3,7.6,13.6,0.0,9.9,56,3,64,2,13.1,11.0,9.4,9.5,11.166666666666657,11.057142857142859,11.0,0.0,3.7,22.9,3.0,8.866666666666665,4.385714285714285,3.8142857142857145
2019-03-06,22.2,9.1,14.5,0.0,10.9,60,3,65,2,13.6,13.1,11.0,11.2,12.566666666666658,11.642857142857142,11.22857142857143,0.0,0.0,3.7,0.0,1.2333333333333334,3.957142857142857,3.3500000000000005
2019-03-07,17.7,9.0,12.6,2.1,12.3,70,3,66,2,14.5,13.6,13.1,12.0,13.733333333333325,12.114285714285714,11.521428571428572,0.0,0.0,0.0,0.0,0.0,3.957142857142857,2.4142857142857146
2019-03-08,20.0,7.3,13.9,0.0,12.2,54,3,67,2,12.6,14.5,13.6,11.2,13.566666666666656,12.2,11.714285714285714,2.1,0.0,0.0,1.1,0.7000000000000001,4.257142857142857,2.3571428571428577
2019-03-09,23.3,7.5,14.7,0.0,15.6,43,3,68,2,13.9,12.6,14.5,9.4,13.666666666666657,12.585714285714285,11.950000000000001,0.0,2.1,0.0,22.9,0.7000000000000001,4.1,2.3571428571428577
2019-03-10,23.9,6.1,15.1,0.0,10.3,45,3,69,2,14.7,13.9,12.6,11.0,13.733333333333325,13.342857142857143,12.171428571428573,0.0,0.0,2.1,3.7,0.7000000000000001,0.8285714285714286,2.3571428571428577
2019-03-11,12.7,10.5,11.7,17.7,16.2,80,3,70,2,15.1,14.7,13.9,13.1,14.566666666666656,13.928571428571429,12.4,0.0,0.0,0.0,0.0,0.0,0.3,2.3571428571428577
2019-03-12,19.9,9.4,14.1,0.0,19.1,57,3,71,2,11.7,15.1,14.7,13.6,13.833333333333323,13.72857142857143,12.392857142857142,17.7,0.0,0.0,0.0,5.8999999999999995,2.8285714285714287,3.607142857142857
2019-03-13,22.9,8.4,14.7,0.7,16.2,57,3,72,2,14.1,11.7,15.1,14.5,13.633333333333324,13.799999999999999,12.721428571428572,0.0,17.7,0.0,0.0,5.8999999999999995,2.8285714285714287,3.392857142857143
2019-03-14,20.8,9.1,14.0,0.1,14.8,69,3,73,2,14.7,14.1,11.7,12.6,13.499999999999991,13.828571428571427,12.971428571428572,0.7,0.0,17.7,2.1,6.133333333333333,2.9285714285714284,3.442857142857143
2019-03-15,22.1,7.7,14.5,0.0,9.4,59,3,74,2,14.0,14.7,14.1,13.9,14.266666666666657,14.028571428571428,13.114285714285714,0.1,0.7,0.0,0.0,0.26666666666666666,2.642857142857143,3.45
2019-03-16,24.6,9.4,16.5,0.0,11.8,45,3,75,2,14.5,14.0,14.7,14.7,14.399999999999991,14.114285714285714,13.349999999999998,0.0,0.1,0.7,0.0,0.26666666666666666,2.642857142857143,3.3714285714285714
2019-03-17,27.0,10.2,18.4,0.0,10.2,44,3,76,2,16.5,14.5,14.0,15.1,14.999999999999991,14.37142857142857,13.857142857142858,0.0,0.0,0.1,0.0,0.03333333333333333,2.642857142857143,1.7357142857142862
2019-03-18,25.5,9.8,18.2,0.0,9.8,51,3,77,2,18.4,16.5,14.5,11.7,16.466666666666658,14.842857142857143,14.385714285714286,0.0,0.0,0.0,17.7,0.0,2.642857142857143,1.471428571428572
2019-03-19,16.9,12.3,14.5,22.1,12.6,78,3,78,2,18.2,18.4,16.5,14.1,17.69999999999999,15.77142857142857,14.75,0.0,0.0,0.0,0.0,0.0,0.11428571428571428,1.471428571428572
2019-03-20,20.6,9.0,14.4,0.2,12.5,68,3,79,2,14.5,18.2,18.4,14.7,17.03333333333332,15.828571428571427,14.814285714285713,22.1,0.0,0.0,0.7,7.366666666666667,3.271428571428572,3.0500000000000007
2019-03-21,24.0,8.5,16.3,0.0,12.8,58,3,80,2,14.4,14.5,18.2,14.0,15.69999999999999,15.785714285714286,14.807142857142855,0.2,22.1,0.0,0.1,7.433333333333334,3.2,3.0642857142857154
2019-03-22,25.6,10.9,17.9,0.0,10.7,45,3,81,2,16.3,14.4,14.5,14.5,15.066666666666658,16.114285714285714,15.071428571428571,0.0,0.2,22.1,0.0,7.433333333333334,3.185714285714286,2.914285714285715
2019-03-23,24.1,14.1,18.3,0.0,17.4,46,3,82,2,17.9,16.3,14.4,16.5,16.19999999999999,16.599999999999998,15.357142857142858,0.0,0.0,0.2,0.0,0.06666666666666667,3.185714285714286,2.914285714285715
2019-03-24,26.0,11.6,18.1,0.0,15.3,48,3,83,2,18.3,17.9,16.3,18.4,17.49999999999999,16.857142857142858,15.614285714285714,0.0,0.0,0.0,0.0,0.0,3.185714285714286,2.914285714285715
2019-03-25,27.8,12.2,19.6,0.0,19.1,36,3,84,2,18.1,18.3,17.9,18.2,18.09999999999999,16.814285714285713,15.828571428571427,0.0,0.0,0.0,0.0,0.0,3.185714285714286,2.914285714285715
2019-03-26,29.7,11.0,20.1,0.0,10.7,37,3,85,2,19.6,18.1,18.3,14.5,18.666666666666657,17.014285714285716,16.392857142857142,0.0,0.0,0.0,22.1,0.0,3.185714285714286,1.6500000000000006
2019-03-27,30.2,14.1,21.4,0.0,11.8,50,3,86,2,20.1,19.6,18.1,14.4,19.26666666666666,17.814285714285713,16.821428571428573,0.0,0.0,0.0,0.2,0.0,0.028571428571428574,1.6500000000000006
2019-03-28,30.3,15.3,22.8,0.2,11.5,52,3,87,2,21.4,20.1,19.6,16.3,20.366666666666656,18.814285714285713,17.3,0.0,0.0,0.0,0.0,0.0,0.0,1.6000000000000008
2019-03-29,29.7,16.9,22.3,0.0,19.8,49,3,88,2,22.8,21.4,20.1,17.9,21.433333333333323,19.74285714285714,17.928571428571427,0.2,0.0,0.0,0.0,0.06666666666666667,0.028571428571428574,1.6071428571428577
2019-03-30,25.8,15.4,19.8,0.1,26.4,53,3,89,2,22.3,22.8,21.4,18.3,22.166666666666657,20.37142857142857,18.485714285714288,0.0,0.2,0.0,0.0,0.06666666666666667,0.028571428571428574,1.6071428571428577
2019-03-31,30.3,12.4,21.3,0.0,15.4,37,3,90,2,19.8,22.3,22.8,18.1,21.633333333333326,20.585714285714285,18.72142857142857,0.1,0.0,0.2,0.0,0.10000000000000002,0.042857142857142864,1.614285714285715
2019-04-01,33.3,13.4,23.2,0.0,18.1,29,4,91,2,21.3,19.8,22.3,19.6,21.133333333333322,21.042857142857144,18.928571428571427,0.0,0.1,0.0,0.0,0.03333333333333333,0.042857142857142864,1.614285714285715
2019-04-02,33.2,16.1,24.2,0.0,12.0,32,4,92,2,23.2,21.3,19.8,20.1,21.433333333333323,21.557142857142857,19.285714285714285,0.0,0.0,0.1,0.0,0.03333333333333333,0.042857142857142864,1.614285714285715
2019-04-03,35.2,17.3,25.2,0.0,14.5,39,4,93,2,24.2,23.2,21.3,21.4,22.899999999999988,22.142857142857142,19.978571428571428,0.0,0.0,0.0,0.0,0.0,0.042857142857142864,0.03571428571428622
2019-04-04,34.2,16.9,25.8,0.0,11.9,48,4,94,2,25.2,24.2,23.2,22.8,24.19999999999999,22.685714285714287,20.75,0.0,0.0,0.0,0.2,0.0,0.042857142857142864,0.02142857142857194
2019-04-05,35.4,19.5,27.3,0.0,13.0,40,4,95,2,25.8,25.2,24.2,22.3,25.066666666666652,23.11428571428571,21.428571428571427,0.0,0.0,0.0,0.0,0.0,0.014285714285714287,0.02142857142857194
2019-04-06,35.9,18.6,27.0,0.0,24.0,32,4,96,2,27.3,25.8,25.2,19.8,26.09999999999999,23.82857142857143,22.099999999999998,0.0,0.0,0.0,0.1,0.0,0.014285714285714287,0.02142857142857194
2019-04-07,34.3,16.8,25.7,0.0,10.9,38,4,97,2,27.0,27.3,25.8,21.3,26.69999999999999,24.857142857142858,22.721428571428568,0.0,0.0,0.0,0.0,0.0,0.0,0.02142857142857194
2019-04-08,33.3,17.3,25.6,0.0,13.8,44,4,98,2,25.7,27.0,27.3,23.2,26.666666666666657,25.485714285714288,23.264285714285712,0.0,0.0,0.0,0.0,0.0,0.0,0.02142857142857194
2019-04-09,33.3,18.3,24.9,2.7,15.0,51,4,99,2,25.6,25.7,27.0,24.2,26.09999999999999,25.828571428571426,23.692857142857143,0.0,0.0,0.0,0.0,0.0,0.0,0.02142857142857194
2019-04-10,31.7,18.5,24.8,0.0,16.1,50,4,100,2,24.9,25.6,25.7,25.2,25.399999999999988,25.928571428571427,24.035714285714285,2.7,0.0,0.0,0.0,0.9,0.38571428571428573,0.2142857142857148
2019-04-11,28.4,20.1,23.9,1.0,22.4,49,4,101,2,24.8,24.9,25.6,25.8,25.09999999999999,25.871428571428574,24.27857142857143,0.0,2.7,0.0,0.0,0.9,0.38571428571428573,0.2142857142857148
2019-04-12,30.9,17.7,24.5,0.0,14.5,49,4,102,2,23.9,24.8,24.9,27.3,24.53333333333332,25.599999999999998,24.357142857142858,1.0,0.0,2.7,0.0,1.2333333333333334,0.5285714285714286,0.2714285714285719
2019-04-13,27.6,19.1,23.5,9.7,13.1,56,4,103,2,24.5,23.9,24.8,27.0,24.399999999999988,25.199999999999996,24.514285714285716,0.0,1.0,0.0,0.0,0.3333333333333333,0.5285714285714286,0.2714285714285719
2019-04-14,31.2,20.0,24.9,0.0,17.1,46,4,104,2,23.5,24.5,23.9,25.7,23.966666666666654,24.699999999999996,24.778571428571432,9.7,0.0,1.0,0.0,3.5666666666666664,1.9142857142857141,0.9571428571428575
2019-04-15,31.9,20.4,24.9,0.3,17.3,49,4,105,2,24.9,23.5,24.5,25.6,24.299999999999986,24.585714285714285,25.035714285714285,0.0,9.7,0.0,0.0,3.233333333333333,1.9142857142857141,0.9571428571428575
2019-04-16,21.0,17.5,19.0,24.5,14.2,82,4,106,2,24.9,24.9,23.5,24.9,24.433333333333323,24.485714285714288,25.157142857142855,0.3,0.0,9.7,2.7,3.3333333333333335,1.957142857142857,0.978571428571429
2019-04-17,20.8,15.6,17.7,15.1,15.1,79,4,107,2,19.0,24.9,24.9,24.8,22.933333333333323,23.642857142857142,24.785714285714285,24.5,0.3,0.0,0.0,8.266666666666667,5.071428571428571,2.7285714285714286
2019-04-18,26.7,16.1,20.6,1.8,9.5,65,4,108,2,17.7,19.0,24.9,23.9,20.53333333333332,22.628571428571426,24.25,15.1,24.5,0.3,1.0,13.299999999999999,7.228571428571429,3.8071428571428574
2019-04-19,29.3,15.8,22.2,0.0,13.9,60,4,109,2,20.6,17.7,19.0,24.5,19.09999999999999,22.157142857142862,23.87857142857143,1.8,15.1,24.5,0.0,13.800000000000002,7.3428571428571425,3.9357142857142864
2019-04-20,30.7,18.1,23.0,0.2,17.6,65,4,110,2,22.2,20.6,17.7,23.5,20.166666666666657,21.82857142857143,23.514285714285712,0.0,1.8,15.1,9.7,5.633333333333333,7.3428571428571425,3.9357142857142864
2019-04-21,32.5,19.1,25.3,0.4,9.0,59,4,111,2,23.0,22.2,20.6,24.9,21.933333333333323,21.75714285714286,23.228571428571428,0.2,0.0,1.8,0.0,0.6666666666666666,5.985714285714287,3.95
2019-04-22,34.3,20.1,26.9,0.0,12.4,53,4,112,2,25.3,23.0,22.2,24.9,23.49999999999999,21.814285714285717,23.2,0.4,0.2,0.0,0.3,0.20000000000000004,6.042857142857144,3.9785714285714286
2019-04-23,33.0,21.1,25.7,0.0,24.9,59,4,113,2,26.9,25.3,23.0,19.0,25.066666666666652,22.099999999999998,23.292857142857144,0.0,0.4,0.2,24.5,0.20000000000000004,6.0,3.9785714285714286
2019-04-24,27.2,18.7,22.9,0.3,18.7,69,4,114,2,25.7,26.9,25.3,17.7,25.966666666666654,23.057142857142857,23.35,0.0,0.0,0.4,15.1,0.13333333333333333,2.5,3.7857142857142856
2019-04-25,29.9,19.1,23.5,0.0,18.3,58,4,115,2,22.9,25.7,26.9,20.6,25.166666666666657,23.800000000000004,23.214285714285715,0.3,0.0,0.0,1.8,0.09999999999999999,0.38571428571428573,3.8071428571428574
2019-04-26,30.2,17.1,24.0,0.0,19.6,55,4,116,2,23.5,22.9,25.7,22.2,24.03333333333332,24.214285714285715,23.185714285714283,0.0,0.3,0.0,0.0,0.09999999999999999,0.1285714285714286,3.735714285714286
2019-04-27,32.6,18.8,26.0,0.0,15.5,42,4,117,2,24.0,23.5,22.9,23.0,23.466666666666654,24.47142857142857,23.15,0.0,0.0,0.3,0.2,0.09999999999999999,0.1285714285714286,3.735714285714286
2019-04-28,34.7,19.3,27.0,0.0,12.0,35,4,118,2,26.0,24.0,23.5,25.3,24.49999999999999,24.900000000000002,23.328571428571426,0.0,0.0,0.0,0.4,0.0,0.09999999999999999,3.0428571428571436
2019-04-29,34.5,17.8,27.0,0.0,14.6,33,4,119,2,27.0,26.0,24.0,26.9,25.666666666666657,25.142857142857142,23.478571428571428,0.0,0.0,0.0,0.0,0.0,0.04285714285714286,3.0428571428571436
2019-04-30,31.3,20.6,26.0,0.0,17.9,36,4,120,2,27.0,27.0,26.0,25.7,26.666666666666657,25.157142857142862,23.62857142857143,0.0,0.0,0.0,0.0,0.0,0.04285714285714286,3.0214285714285722
2019-05-01,33.8,17.5,26.3,0.0,15.5,33,5,121,2,26.0,27.0,27.0,22.9,26.666666666666657,25.199999999999996,24.12857142857143,0.0,0.0,0.0,0.3,0.0,0.04285714285714286,1.271428571428572
2019-05-02,31.7,19.2,25.6,0.0,14.2,31,5,122,2,26.3,26.0,27.0,23.5,26.433333333333323,25.685714285714287,24.74285714285714,0.0,0.0,0.0,0.0,0.0,0.0,0.19285714285714337
2019-05-03,32.4,18.4,25.6,0.0,17.4,33,5,123,2,25.6,26.3,26.0,24.0,25.966666666666658,25.985714285714288,25.1,0.0,0.0,0.0,0.0,0.0,0.0,0.06428571428571479
2019-05-04,35.1,18.6,26.9,0.0,14.9,32,5,124,2,25.6,25.6,26.3,26.0,25.833333333333325,26.214285714285715,25.342857142857145,0.0,0.0,0.0,0.0,0.0,0.0,0.06428571428571479
2019-05-05,37.2,18.5,28.1,0.0,15.8,25,5,125,2,26.9,25.6,25.6,27.0,26.03333333333332,26.342857142857138,25.621428571428574,0.0,0.0,0.0,0.0,0.0,0.0,0.0500000000000005
2019-05-06,36.9,20.6,28.7,0.0,13.1,22,5,126,2,28.1,26.9,25.6,27.0,26.866666666666656,26.5,25.821428571428573,0.0,0.0,0.0,0.0,0.0,0.0,0.021428571428571935
2019-05-07,38.1,20.9,29.6,0.0,13.6,25,5,127,2,28.7,28.1,26.9,26.0,27.89999999999999,26.74285714285714,25.949999999999996,0.0,0.0,0.0,0.0,0.0,0.0,0.021428571428571935
2019-05-08,38.3,19.7,29.6,0.0,14.6,30,5,128,2,29.6,28.7,28.1,26.3,28.799999999999986,27.257142857142856,26.228571428571428,0.0,0.0,0.0,0.0,0.0,0.0,0.021428571428571935
2019-05-09,38.0,23.3,30.8,0.0,16.3,28,5,129,2,29.6,29.6,28.7,25.6,29.299999999999994,27.72857142857143,26.70714285714286,0.0,0.0,0.0,0.0,0.0,0.0,0.0
2019-05-10,36.0,23.4,29.8,0.0,19.4,30,5,130,2,30.8,29.6,29.6,25.6,29.99999999999999,28.47142857142857,27.228571428571428,0.0,0.0,0.0,0.0,0.0,0.0,0.0
2019-05-11,35.1,22.2,28.6,0.0,13.2,38,5,131,2,29.8,30.8,29.6,26.9,30.06666666666666,29.071428571428573,27.642857142857142,0.0,0.0,0.0,0.0,0.0,0.0,0.0
2019-05-12,35.9,22.2,29.3,0.0,15.5,36,5,132,2,28.6,29.8,30.8,28.1,29.733333333333324,29.314285714285717,27.82857142857143,0.0,0.0,0.0,0.0,0.0,0.0,0.0
2019-05-13,35.8,22.6,28.7,0.0,17.9,40,5,133,2,29.3,28.6,29.8,28.7,29.233333333333324,29.485714285714288,27.992857142857144,0.0,0.0,0.0,0.0,0.0,0.0,0.0
2019-05-14,35.2,20.6,28.3,0.0,21.6,44,5,134,2,28.7,29.3,28.6,29.6,28.866666666666656,29.485714285714288,28.114285714285717,0.0,0.0,0.0,0.0,0.0,0.0,0.0
2019-05-15,34.7,21.4,27.0,0.0,20.2,49,5,135,2,28.3,28.7,29.3,29.6,28.766666666666655,29.300000000000004,28.278571428571432,0.0,0.0,0.0,0.0,0.0,0.0,0.0
2019-05-16,30.1,19.9,25.2,0.9,14.9,58,5,136,2,27.0,28.3,28.7,30.8,27.99999999999999,28.928571428571427,28.32857142857143,0.0,0.0,0.0,0.0,0.0,0.0,0.0
2019-05-17,29.8,20.9,25.3,3.2,13.6,56,5,137,2,25.2,27.0,28.3,29.8,26.833333333333325,28.12857142857143,28.3,0.9,0.0,0.0,0.0,0.3,0.1285714285714286,0.06428571428571479
2019-05-18,31.8,18.4,25.1,2.4,16.3,60,5,138,2,25.3,25.2,27.0,28.6,25.833333333333325,27.485714285714288,28.278571428571432,3.2,0.9,0.0,0.0,1.366666666666667,0.5857142857142857,0.2928571428571434
2019-05-19,32.9,21.0,27.0,0.3,17.5,45,5,139,2,25.1,25.3,25.2,29.3,25.19999999999999,26.985714285714288,28.15,2.4,3.2,0.9,0.0,2.1666666666666665,0.9285714285714286,0.4642857142857148
2019-05-20,35.8,18.6,28.0,0.0,12.2,42,5,140,2,27.0,25.1,25.3,28.7,25.799999999999994,26.657142857142855,28.071428571428573,0.3,2.4,3.2,0.0,1.9666666666666666,0.9714285714285714,0.4857142857142862
2019-05-21,38.6,22.3,30.4,0.0,12.6,32,5,141,2,28.0,27.0,25.1,28.3,26.69999999999999,26.557142857142857,28.021428571428572,0.0,0.3,2.4,0.0,0.8999999999999999,0.9714285714285714,0.4857142857142862
2019-05-22,38.7,23.1,31.1,0.0,17.5,30,5,142,2,30.4,28.0,27.0,27.0,28.466666666666654,26.857142857142858,28.07857142857143,0.0,0.0,0.3,0.0,0.09999999999999999,0.9714285714285714,0.4857142857142862
2019-05-23,28.9,21.4,26.2,1.1,21.7,46,5,143,2,31.1,30.4,28.0,25.2,29.833333333333325,27.442857142857143,28.185714285714283,0.0,0.0,0.0,0.9,0.0,0.9714285714285714,0.4857142857142862
2019-05-24,29.5,19.6,23.7,4.0,15.9,64,5,144,2,26.2,31.1,30.4,25.3,29.23333333333332,27.585714285714285,27.857142857142858,1.1,0.0,0.0,3.2,0.3666666666666667,1.0,0.5642857142857148
2019-05-25,35.3,18.7,26.7,0.0,14.4,53,5,145,2,23.7,26.2,31.1,25.1,26.99999999999999,27.357142857142858,27.421428571428574,4.0,1.1,0.0,2.4,1.7,1.1142857142857143,0.8500000000000005
2019-05-26,38.1,22.0,29.4,0.0,18.6,35,5,146,2,26.7,23.7,26.2,27.0,25.53333333333332,27.585714285714285,27.285714285714285,0.0,4.0,1.1,0.3,1.7,0.7714285714285715,0.8500000000000005
2019-05-27,38.6,20.6,29.7,0.0,16.6,31,5,147,2,29.4,26.7,23.7,28.0,26.59999999999999,27.928571428571427,27.29285714285714,0.0,0.0,4.0,0.0,1.3333333333333333,0.7285714285714286,0.8500000000000005
2019-05-28,39.8,22.4,31.0,0.0,15.5,27,5,148,2,29.7,29.4,26.7,30.4,28.599999999999984,28.17142857142857,27.36428571428571,0.0,0.0,0.0,0.0,0.0,0.7285714285714286,0.8500000000000005
2019-05-29,41.0,22.4,32.2,0.0,14.7,25,5,149,2,31.0,29.7,29.4,31.1,30.03333333333332,28.257142857142856,27.557142857142853,0.0,0.0,0.0,0.0,0.0,0.7285714285714286,0.8500000000000005
2019-05-30,41.9,22.2,33.1,0.0,19.5,21,5,150,2,32.2,31.0,29.7,26.2,30.966666666666658,28.41428571428571,27.928571428571427,0.0,0.0,0.0,1.1,0.0,0.7285714285714286,0.8500000000000005
2019-05-31,42.7,26.0,34.5,0.0,18.2,21,5,151,2,33.1,32.2,31.0,23.7,32.09999999999999,29.400000000000002,28.49285714285714,0.0,0.0,0.0,4.0,0.0,0.5714285714285715,0.7857142857142863
2019-06-01,42.8,27.1,34.5,0.0,25.4,23,6,152,3,34.5,33.1,32.2,26.7,33.26666666666666,30.942857142857143,29.15,0.0,0.0,0.0,0.0,0.0,0.0,0.5571428571428577
2019-06-02,42.5,27.6,34.8,0.0,19.3,24,6,153,3,34.5,34.5,33.1,29.4,34.033333333333324,32.05714285714286,29.821428571428573,0.0,0.0,0.0,0.0,0.0,0.0,0.38571428571428623
2019-06-03,39.7,28.1,33.9,0.0,25.8,22,6,154,3,34.8,34.5,34.5,29.7,34.59999999999999,32.82857142857143,30.37857142857143,0.0,0.0,0.0,0.0,0.0,0.0,0.3642857142857148
2019-06-04,38.5,25.1,31.7,0.0,17.8,30,6,155,3,33.9,34.8,34.5,31.0,34.399999999999984,33.42857142857143,30.800000000000004,0.0,0.0,0.0,0.0,0.0,0.0,0.3642857142857148
2019-06-05,37.2,25.7,31.4,0.0,22.2,27,6,156,3,31.7,33.9,34.8,32.2,33.46666666666665,33.528571428571425,30.892857142857142,0.0,0.0,0.0,0.0,0.0,0.0,0.3642857142857148
2019-06-06,39.7,25.1,32.1,0.0,22.8,26,6,157,3,31.4,31.7,33.9,33.1,32.33333333333332,33.41428571428572,30.914285714285715,0.0,0.0,0.0,0.0,0.0,0.0,0.3642857142857148
2019-06-07,39.6,24.3,32.0,0.0,13.0,30,6,158,3,32.1,31.4,31.7,34.5,31.73333333333332,33.271428571428565,31.33571428571429,0.0,0.0,0.0,0.0,0.0,0.0,0.2857142857142862
2019-06-08,39.8,24.7,32.7,0.0,20.2,31,6,159,3,32.0,32.1,31.4,34.5,31.833333333333318,32.91428571428571,31.928571428571427,0.0,0.0,0.0,0.0,0.0,0.0,0.0
2019-06-09,41.9,26.0,34.0,0.0,16.5,20,6,160,3,32.7,32.0,32.1,34.8,32.26666666666666,32.65714285714286,32.357142857142854,0.0,0.0,0.0,0.0,0.0,0.0,0.0
2019-06-10,42.8,25.8,34.1,0.0,13.2,24,6,161,3,34.0,32.7,32.0,33.9,32.899999999999984,32.542857142857144,32.68571428571429,0.0,0.0,0.0,0.0,0.0,0.0,0.0
2019-06-11,35.0,27.4,31.2,0.0,21.2,31,6,162,3,34.1,34.0,32.7,31.7,33.59999999999999,32.57142857142857,33.00000000000001,0.0,0.0,0.0,0.0,0.0,0.0,0.0
2019-06-12,36.9,21.2,29.9,0.1,19.4,33,6,163,3,31.2,34.1,34.0,31.4,33.09999999999999,32.50000000000001,33.01428571428572,0.0,0.0,0.0,0.0,0.0,0.0,0.0
2019-06-13,39.5,23.4,31.6,0.0,12.8,23,6,164,3,29.9,31.2,34.1,32.1,31.73333333333332,32.285714285714285,32.85,0.1,0.0,0.0,0.0,0.03333333333333333,0.014285714285714414,0.007142857142857651
2019-06-14,40.5,23.5,32.7,0.0,15.7,21,6,165,3,31.6,29.9,31.2,32.0,30.899999999999988,32.214285714285715,32.74285714285715,0.0,0.1,0.0,0.0,0.03333333333333333,0.014285714285714414,0.007142857142857651
2019-06-15,40.9,26.2,33.8,0.0,16.1,22,6,166,3,32.7,31.6,29.9,32.7,31.399999999999988,32.31428571428571,32.614285714285714,0.0,0.0,0.1,0.0,0.03333333333333333,0.014285714285714414,0.007142857142857651
2019-06-16,42.0,24.4,33.2,0.0,18.1,22,6,167,3,33.8,32.7,31.6,34.0,32.69999999999999,32.471428571428575,32.56428571428572,0.0,0.0,0.0,0.0,0.0,0.014285714285714414,0.007142857142857651
2019-06-17,40.3,24.6,32.3,0.0,18.8,30,6,168,3,33.2,33.8,32.7,34.1,33.23333333333332,32.357142857142854,32.45,0.0,0.0,0.0,0.0,0.0,0.014285714285714414,0.007142857142857651
2019-06-18,36.9,23.9,30.9,0.0,27.8,40,6,169,3,32.3,33.2,33.8,31.2,33.09999999999999,32.1,32.33571428571428,0.0,0.0,0.0,0.0,0.0,0.014285714285714414,0.007142857142857651
2019-06-19,37.8,25.7,31.9,0.2,15.3,41,6,170,3,30.9,32.3,33.2,29.9,32.13333333333332,32.05714285714286,32.278571428571425,0.0,0.0,0.0,0.1,0.0,0.014285714285714414,0.007142857142857651
2019-06-20,36.8,24.8,31.0,0.1,23.7,39,6,171,3,31.9,30.9,32.3,31.6,31.699999999999985,32.34285714285714,32.31428571428571,0.2,0.0,0.0,0.0,0.06666666666666667,0.0285714285714287,0.02142857142857194
2019-06-21,36.3,25.0,31.3,0.9,11.0,40,6,172,3,31.0,31.9,30.9,32.7,31.26666666666665,32.25714285714285,32.23571428571428,0.1,0.2,0.0,0.0,0.10000000000000002,0.04285714285714299,0.02857142857142908
2019-06-22,40.1,25.8,33.1,0.0,23.0,34,6,173,3,31.3,31.0,31.9,33.8,31.399999999999988,32.05714285714286,32.18571428571428,0.9,0.1,0.2,0.0,0.4000000000000001,0.17142857142857157,0.09285714285714337
2019-06-23,38.8,26.6,33.1,0.0,14.1,33,6,174,3,33.1,31.3,31.0,33.2,31.799999999999983,31.95714285714286,32.214285714285715,0.0,0.9,0.1,0.0,0.3333333333333333,0.17142857142857157,0.09285714285714337
2019-06-24,35.6,27.3,31.1,0.3,19.0,41,6,175,3,33.1,33.1,31.3,32.3,32.499999999999986,31.942857142857143,32.15,0.0,0.0,0.9,0.0,0.3,0.17142857142857157,0.09285714285714337
2019-06-25,39.2,25.7,32.5,0.0,23.1,35,6,176,3,31.1,33.1,33.1,30.9,32.433333333333316,31.771428571428576,31.935714285714283,0.3,0.0,0.0,0.0,0.09999999999999999,0.2142857142857144,0.1142857142857148
2019-06-26,41.4,26.3,33.7,0.0,15.1,28,6,177,3,32.5,31.1,33.1,31.9,32.23333333333332,32.0,32.028571428571425,0.0,0.3,0.0,0.2,0.09999999999999999,0.2142857142857144,0.1142857142857148
2019-06-27,41.2,25.6,33.1,0.0,22.0,31,6,178,3,33.7,32.5,31.1,31.0,32.433333333333316,32.25714285714286,32.300000000000004,0.0,0.0,0.3,0.1,0.09999999999999999,0.18571428571428586,0.10714285714285765
2019-06-28,41.8,25.8,34.5,0.0,19.1,28,6,179,3,33.1,33.7,32.5,31.3,33.09999999999999,32.55714285714286,32.40714285714286,0.0,0.0,0.0,0.9,0.0,0.17142857142857154,0.10714285714285765
2019-06-29,41.3,26.9,34.5,0.0,16.1,30,6,180,3,34.5,33.1,33.7,33.1,33.76666666666665,33.01428571428571,32.535714285714285,0.0,0.0,0.0,0.0,0.0,0.04285714285714298,0.10714285714285765
2019-06-30,40.2,27.6,34.0,0.0,14.9,29,6,181,3,34.5,34.5,33.1,33.1,34.03333333333331,33.214285714285715,32.58571428571428,0.0,0.0,0.0,0.0,0.0,0.04285714285714298,0.10714285714285765
2019-07-01,43.1,29.6,36.1,0.0,22.2,23,7,182,3,34.0,34.5,34.5,31.1,34.333333333333314,33.34285714285714,32.642857142857146,0.0,0.0,0.0,0.3,0.0,0.04285714285714298,0.10714285714285765
2019-07-02,44.0,27.3,35.3,0.0,9.3,32,7,183,3,36.1,34.0,34.5,32.5,34.86666666666665,34.057142857142864,32.91428571428572,0.0,0.0,0.0,0.0,0.0,0.0,0.10714285714285765
2019-07-03,43.6,28.0,36.1,0.0,12.6,36,7,184,3,35.3,36.1,34.0,33.7,35.13333333333332,34.45714285714286,33.228571428571435,0.0,0.0,0.0,0.0,0.0,0.0,0.10714285714285765
2019-07-04,43.9,30.1,36.9,0.0,14.8,35,7,185,3,36.1,35.3,36.1,33.1,35.833333333333314,34.8,33.52857142857143,0.0,0.0,0.0,0.0,0.0,0.0,0.09285714285714337
2019-07-05,39.6,29.4,34.8,0.1,19.2,49,7,186,3,36.9,36.1,35.3,34.5,36.09999999999999,35.34285714285714,33.949999999999996,0.0,0.0,0.0,0.0,0.0,0.0,0.08571428571428623
2019-07-06,38.8,25.6,33.0,6.7,16.9,57,7,187,3,34.8,36.9,36.1,34.5,35.933333333333316,35.385714285714286,34.2,0.1,0.0,0.0,0.0,0.03333333333333333,0.014285714285714414,0.02857142857142908
2019-07-07,40.4,28.0,34.3,6.5,15.3,53,7,188,3,33.0,34.8,36.9,34.0,34.899999999999984,35.17142857142857,34.19285714285714,6.7,0.1,0.0,0.0,2.2666666666666666,0.9714285714285715,0.5071428571428577
2019-07-08,42.2,29.7,36.3,0.1,17.7,46,7,189,3,34.3,33.0,34.8,36.1,34.03333333333332,35.214285714285715,34.278571428571425,6.5,6.7,0.1,0.0,4.433333333333334,1.9000000000000001,0.9714285714285721
2019-07-09,43.3,26.3,35.1,9.6,20.2,54,7,190,3,36.3,34.3,33.0,35.3,34.53333333333332,35.24285714285714,34.65,0.1,6.5,6.7,0.0,4.433333333333334,1.9142857142857144,0.9571428571428576
2019-07-10,36.0,25.9,30.4,10.3,14.8,75,7,191,3,35.1,36.3,34.3,36.1,35.23333333333331,35.214285714285715,34.83571428571428,9.6,0.1,6.5,0.0,5.3999999999999995,3.2857142857142856,1.6428571428571435
2019-07-11,37.1,26.4,31.7,9.1,21.2,69,7,192,3,30.4,35.1,36.3,36.9,33.933333333333316,34.4,34.6,10.3,9.6,0.1,0.0,6.666666666666667,4.757142857142857,2.3785714285714294
2019-07-12,36.1,25.3,29.9,10.6,18.1,76,7,193,3,31.7,30.4,35.1,34.8,32.399999999999984,33.65714285714286,34.5,9.1,10.3,9.6,0.1,9.666666666666666,6.057142857142857,3.028571428571429
2019-07-13,34.5,23.8,29.2,16.5,20.6,76,7,194,3,29.9,31.7,30.4,33.0,30.666666666666647,32.95714285714286,34.17142857142857,10.6,9.1,10.3,6.7,10.0,7.557142857142857,3.785714285714286
2019-07-14,34.0,24.3,28.8,9.0,16.3,76,7,195,3,29.2,29.9,31.7,34.3,30.26666666666665,32.41428571428571,33.792857142857144,16.5,10.6,9.1,6.5,12.066666666666668,8.957142857142857,4.964285714285714
2019-07-15,33.4,24.9,28.3,5.3,17.3,79,7,196,3,28.8,29.2,29.9,36.3,29.299999999999983,31.62857142857143,33.42142857142857,9.0,16.5,10.6,0.1,12.033333333333331,9.314285714285715,5.607142857142857
2019-07-16,33.9,24.5,29.0,5.7,13.5,74,7,197,3,28.3,28.8,29.2,35.1,28.76666666666665,30.485714285714288,32.864285714285714,5.3,9.0,16.5,9.6,10.266666666666667,10.057142857142855,5.985714285714287
2019-07-17,34.2,24.6,28.9,3.0,14.3,77,7,198,3,29.0,28.3,28.8,30.4,28.699999999999985,29.61428571428571,32.41428571428571,5.7,5.3,9.0,10.3,6.666666666666667,9.5,6.392857142857143
2019-07-18,31.5,24.8,27.7,7.3,12.4,80,7,199,3,28.9,29.0,28.3,31.7,28.73333333333332,29.4,31.900000000000002,3.0,5.7,5.3,9.1,4.666666666666667,8.457142857142857,6.607142857142857
2019-07-19,33.8,25.5,29.7,0.2,12.6,70,7,200,3,27.7,28.9,29.0,29.9,28.533333333333317,28.828571428571426,31.242857142857144,7.3,3.0,5.7,10.6,5.333333333333333,8.2,7.128571428571429
2019-07-20,35.4,25.7,30.2,1.8,12.3,70,7,201,3,29.7,27.7,28.9,29.2,28.76666666666665,28.8,30.87857142857143,0.2,7.3,3.0,16.5,3.5,6.714285714285714,7.135714285714286
2019-07-21,35.0,27.2,31.0,0.1,11.9,69,7,202,3,30.2,29.7,27.7,28.8,29.199999999999985,28.942857142857143,30.678571428571427,1.8,0.2,7.3,9.0,3.1,4.614285714285714,6.7857142857142865
2019-07-22,34.6,27.8,30.8,1.3,10.4,70,7,203,3,31.0,30.2,29.7,28.3,30.299999999999983,29.257142857142856,30.442857142857143,0.1,1.8,0.2,5.3,0.7000000000000001,3.3428571428571425,6.328571428571429
2019-07-23,36.0,28.1,31.7,0.3,10.6,68,7,204,3,30.8,31.0,30.2,29.0,30.666666666666647,29.614285714285717,30.05,1.3,0.1,1.8,5.7,1.0666666666666667,2.7714285714285714,6.414285714285714
2019-07-24,38.2,28.3,33.1,0.0,11.3,64,7,205,3,31.7,30.8,31.0,28.9,31.166666666666647,30.0,29.807142857142857,0.3,1.3,0.1,3.0,0.5666666666666668,2.0,5.75
2019-07-25,33.5,26.0,29.2,8.1,22.1,79,7,206,3,33.1,31.7,30.8,27.7,31.86666666666665,30.599999999999998,30.0,0.0,0.3,1.3,7.3,0.5333333333333333,1.5714285714285714,5.014285714285714
2019-07-26,32.7,25.0,28.2,5.8,8.9,79,7,207,3,29.2,33.1,31.7,29.7,31.333333333333318,30.814285714285717,29.821428571428573,8.1,0.0,0.3,0.2,2.8000000000000003,1.6857142857142857,4.942857142857143
2019-07-27,32.0,24.6,27.4,18.0,10.0,85,7,208,3,28.2,29.2,33.1,30.2,30.166666666666647,30.599999999999998,29.7,5.8,8.1,0.0,1.8,4.633333333333333,2.4857142857142853,4.6000000000000005
2019-07-28,32.7,24.5,28.2,10.3,9.4,79,7,209,3,27.4,28.2,29.2,31.0,28.26666666666665,30.2,29.571428571428573,18.0,5.8,8.1,0.1,10.633333333333333,4.799999999999999,4.707142857142857
2019-07-29,34.4,25.7,29.9,0.1,7.4,75,7,210,3,28.2,27.4,28.2,30.8,27.93333333333332,29.8,29.528571428571432,10.3,18.0,5.8,1.3,11.366666666666665,6.257142857142857,4.8
2019-07-30,35.7,26.5,31.0,0.0,10.0,72,7,211,3,29.9,28.2,27.4,31.7,28.499999999999986,29.67142857142857,29.642857142857142,0.1,10.3,18.0,0.3,9.466666666666667,6.085714285714286,4.428571428571429
2019-07-31,34.9,27.8,31.2,0.5,15.5,71,7,212,3,31.0,29.9,28.2,33.1,29.699999999999985,29.571428571428573,29.785714285714285,0.0,0.1,10.3,0.0,3.466666666666667,6.042857142857143,4.021428571428571
2019-08-01,30.4,25.0,27.5,6.5,14.7,83,8,213,3,31.2,31.0,29.9,29.2,30.699999999999985,29.299999999999994,29.95,0.5,0.0,0.1,8.1,0.19999999999999998,6.114285714285714,3.842857142857143
2019-08-02,34.4,25.5,29.5,0.7,13.0,74,8,214,3,27.5,31.2,31.0,28.2,29.899999999999988,29.057142857142853,29.935714285714283,6.5,0.5,0.0,5.8,2.3333333333333335,5.885714285714286,3.785714285714286
2019-08-03,33.7,24.5,28.4,3.0,20.2,76,8,215,3,29.5,27.5,31.2,27.4,29.399999999999988,29.24285714285714,29.92142857142857,0.7,6.5,0.5,18.0,2.566666666666667,5.157142857142857,3.821428571428572
2019-08-04,36.1,26.2,30.6,2.5,9.4,70,8,216,3,28.4,29.5,27.5,28.2,28.46666666666665,29.385714285714283,29.792857142857144,3.0,0.7,6.5,10.3,3.4,3.0142857142857147,3.907142857142858
2019-08-05,37.0,27.1,31.9,0.0,12.8,66,8,217,3,30.6,28.4,29.5,29.9,29.499999999999986,29.72857142857143,29.764285714285712,2.5,3.0,0.7,0.1,2.066666666666667,1.9000000000000001,4.078571428571429
2019-08-06,38.1,28.2,33.0,0.3,12.1,64,8,218,3,31.9,30.6,28.4,31.0,30.299999999999983,30.014285714285712,29.842857142857145,0.0,2.5,3.0,0.0,1.8333333333333333,1.8857142857142857,3.985714285714286
2019-08-07,30.8,26.7,28.2,3.4,18.8,84,8,219,3,33.0,31.9,30.6,31.2,31.833333333333318,30.3,29.935714285714287,0.3,0.0,2.5,0.5,0.9333333333333332,1.9285714285714286,3.985714285714286
2019-08-08,36.8,25.9,31.4,0.0,10.0,66,8,220,3,28.2,33.0,31.9,27.5,31.033333333333317,29.87142857142857,29.585714285714285,3.4,0.3,0.0,6.5,1.2333333333333332,2.3428571428571425,4.228571428571429
2019-08-09,34.5,26.4,30.2,8.7,18.3,75,8,221,3,31.4,28.2,33.0,29.5,30.86666666666665,30.428571428571427,29.74285714285714,0.0,3.4,0.3,0.7,1.2333333333333332,1.4142857142857144,3.65
2019-08-10,28.7,24.7,26.4,17.5,14.1,88,8,222,3,30.2,31.4,28.2,28.4,29.93333333333332,30.528571428571432,29.885714285714283,8.7,0.0,3.4,3.0,4.033333333333333,2.557142857142857,3.8571428571428577
2019-08-11,34.5,24.7,29.5,0.0,8.7,74,8,223,3,26.4,30.2,31.4,30.6,29.333333333333314,30.24285714285714,29.814285714285717,17.5,8.7,0.0,2.5,8.733333333333333,4.628571428571428,3.821428571428572
2019-08-12,35.5,26.4,31.1,0.0,10.8,71,8,224,3,29.5,26.4,30.2,31.9,28.69999999999999,30.085714285714282,29.907142857142855,0.0,17.5,8.7,0.0,8.733333333333333,4.271428571428571,3.085714285714286
2019-08-13,34.3,25.8,30.1,8.4,18.2,78,8,225,3,31.1,29.5,26.4,33.0,28.999999999999986,29.97142857142857,29.99285714285714,0.0,0.0,17.5,0.3,5.833333333333333,4.271428571428571,3.078571428571429
2019-08-14,29.0,24.5,26.4,15.4,11.4,87,8,226,3,30.1,31.1,29.5,28.2,30.23333333333332,29.557142857142857,29.928571428571427,8.4,0.0,0.0,3.4,2.8000000000000003,5.428571428571429,3.6785714285714293
2019-08-15,34.8,23.8,29.4,9.4,12.3,71,8,227,3,26.4,30.1,31.1,31.4,29.19999999999999,29.3,29.585714285714285,15.4,8.4,0.0,0.0,7.933333333333334,7.142857142857143,4.742857142857143
2019-08-16,33.6,24.4,28.5,10.7,11.9,75,8,228,3,29.4,26.4,30.1,30.2,28.633333333333315,29.014285714285716,29.72142857142857,9.4,15.4,8.4,8.7,11.066666666666668,8.485714285714286,4.950000000000001
2019-08-17,32.7,23.6,27.0,43.3,9.0,78,8,229,3,28.5,29.4,26.4,26.4,28.099999999999984,28.77142857142857,29.650000000000002,10.7,9.4,15.4,17.5,11.833333333333334,8.77142857142857,5.6642857142857155
2019-08-18,32.1,24.0,28.1,0.6,8.0,74,8,230,3,27.0,28.5,29.4,29.5,28.299999999999983,28.857142857142858,29.55,43.3,10.7,9.4,0.0,21.13333333333333,12.457142857142856,8.542857142857143
2019-08-19,33.1,21.5,26.7,3.9,14.3,76,8,231,3,28.1,27.0,28.5,31.1,27.866666666666656,28.657142857142862,29.37142857142857,0.6,43.3,10.7,0.0,18.2,12.542857142857143,8.407142857142857
2019-08-20,33.8,23.5,28.1,0.0,17.5,70,8,232,3,26.7,28.1,27.0,30.1,27.26666666666665,28.02857142857143,29.0,3.9,0.6,43.3,8.4,15.93333333333333,13.099999999999998,8.685714285714285
2019-08-21,35.2,23.1,29.1,0.0,10.4,64,8,233,3,28.1,26.7,28.1,26.4,27.633333333333322,27.74285714285714,28.65,0.0,3.9,0.6,15.4,1.4999999999999976,11.899999999999997,8.664285714285715
2019-08-22,35.2,24.2,29.8,0.0,9.8,65,8,234,3,29.1,28.1,26.7,29.4,27.966666666666654,28.12857142857143,28.714285714285715,0.0,0.0,3.9,9.4,1.2999999999999976,9.700000000000001,8.421428571428573
2019-08-23,34.4,25.2,29.9,0.1,10.1,69,8,235,3,29.8,29.1,28.1,28.5,28.999999999999986,28.185714285714283,28.6,0.0,0.0,0.0,10.7,0.0,8.357142857142856,8.421428571428573
2019-08-24,35.7,25.4,30.7,0.0,7.9,66,8,236,3,29.9,29.8,29.1,27.0,29.599999999999984,28.38571428571429,28.57857142857143,0.1,0.0,0.0,43.3,0.03333333333333097,6.8428571428571425,7.807142857142858
2019-08-25,35.6,26.4,30.8,0.3,9.0,66,8,237,3,30.7,29.9,29.8,28.1,30.133333333333315,28.91428571428571,28.885714285714283,0.0,0.1,0.0,0.6,0.03333333333333097,0.6571428571428571,6.557142857142858
2019-08-26,33.2,24.9,28.6,7.5,14.0,74,8,238,3,30.8,30.7,29.9,26.7,30.46666666666665,29.3,28.978571428571428,0.3,0.0,0.1,3.9,0.13333333333333097,0.6142857142857142,6.578571428571429
2019-08-27,36.3,26.0,30.7,0.0,10.1,67,8,239,3,28.6,30.8,30.7,28.1,30.03333333333332,29.571428571428573,28.800000000000004,7.5,0.3,0.0,0.0,2.5999999999999974,1.1285714285714286,7.114285714285714
2019-08-28,37.0,26.3,31.3,0.0,8.3,64,8,240,3,30.7,28.6,30.8,29.1,30.033333333333317,29.942857142857147,28.842857142857145,0.0,7.5,0.3,0.0,2.5999999999999974,1.1285714285714286,6.514285714285714
2019-08-29,38.3,26.2,32.1,0.0,11.8,62,8,241,3,31.3,30.7,28.6,29.8,30.19999999999999,30.257142857142856,29.192857142857147,0.0,0.0,7.5,0.0,2.499999999999998,1.1285714285714286,5.414285714285714
2019-08-30,36.0,27.4,30.8,0.3,10.2,68,8,242,3,32.1,31.3,30.7,29.9,31.366666666666656,30.58571428571429,29.385714285714283,0.0,0.0,0.0,0.1,0.0,1.1285714285714286,4.742857142857143
2019-08-31,35.0,25.2,30.1,2.2,9.8,72,8,243,3,30.8,32.1,31.3,30.7,31.399999999999988,30.714285714285715,29.55,0.3,0.0,0.0,0.0,0.09999999999999763,1.1571428571428573,4.000000000000001
2019-09-01,36.1,26.6,30.9,1.0,9.3,69,9,244,4,30.1,30.8,32.1,30.8,30.999999999999986,30.62857142857143,29.771428571428572,2.2,0.3,0.0,0.3,0.8333333333333309,1.4714285714285715,1.0642857142857147
2019-09-02,35.3,24.8,30.0,10.3,11.6,69,9,245,4,30.9,30.1,30.8,28.6,30.599999999999984,30.642857142857142,29.97142857142857,1.0,2.2,0.3,7.5,1.1666666666666643,1.5714285714285714,1.0928571428571434
2019-09-03,36.8,26.7,31.6,0.0,11.6,62,9,246,4,30.0,30.9,30.1,30.7,30.333333333333318,30.842857142857145,30.207142857142856,10.3,1.0,2.2,0.0,4.499999999999997,1.9714285714285715,1.5500000000000007
2019-09-04,36.9,25.9,31.1,2.9,16.3,63,9,247,4,31.6,30.0,30.9,31.3,30.833333333333318,30.971428571428568,30.45714285714286,0.0,10.3,1.0,0.0,3.7666666666666644,1.9714285714285715,1.5500000000000007
2019-09-05,36.7,27.4,31.3,1.4,11.1,65,9,248,4,31.1,31.6,30.0,32.1,30.899999999999988,30.942857142857147,30.599999999999998,2.9,0.0,10.3,0.0,4.399999999999998,2.3857142857142857,1.7571428571428578
2019-09-06,35.3,26.8,30.3,3.3,10.8,69,9,249,4,31.3,31.1,31.6,30.8,31.333333333333325,30.828571428571426,30.707142857142856,1.4,2.9,0.0,0.3,1.433333333333331,2.585714285714286,1.8571428571428577
2019-09-07,34.4,25.7,29.2,2.4,14.0,69,9,250,4,30.3,31.3,31.1,30.1,30.899999999999988,30.75714285714286,30.735714285714288,3.3,1.4,2.9,2.2,2.533333333333331,3.0142857142857147,2.0857142857142863
2019-09-08,36.0,24.2,29.9,2.3,10.0,62,9,251,4,29.2,30.3,31.3,30.9,30.26666666666665,30.62857142857143,30.62857142857143,2.4,3.3,1.4,1.0,2.366666666666664,3.042857142857143,2.2571428571428576
2019-09-09,38.3,25.4,31.3,0.0,9.7,56,9,252,4,29.9,29.2,30.3,30.0,29.799999999999983,30.485714285714288,30.564285714285713,2.3,2.4,3.3,10.3,2.6666666666666643,3.2285714285714286,2.400000000000001
2019-09-10,38.5,26.5,31.6,0.0,12.8,60,9,253,4,31.3,29.9,29.2,31.6,30.133333333333322,30.671428571428574,30.757142857142856,0.0,2.3,2.4,0.0,1.566666666666664,1.757142857142857,1.864285714285715
2019-09-11,39.0,27.5,32.1,0.0,9.8,57,9,254,4,31.6,31.3,29.9,31.1,30.93333333333332,30.671428571428574,30.821428571428573,0.0,0.0,2.3,2.9,0.7666666666666643,1.757142857142857,1.864285714285715
2019-09-12,38.6,27.2,32.2,0.0,7.6,56,9,255,4,32.1,31.6,31.3,31.3,31.666666666666657,30.814285714285713,30.878571428571426,0.0,0.0,0.0,1.4,0.0,1.3428571428571427,1.864285714285715
2019-09-13,35.4,22.8,29.9,6.7,13.3,64,9,256,4,32.2,32.1,31.6,30.3,31.966666666666658,30.942857142857147,30.88571428571429,0.0,0.0,0.0,3.3,0.0,1.1428571428571428,1.864285714285715
2019-09-14,36.9,24.9,30.6,2.1,11.6,61,9,257,4,29.9,32.2,32.1,29.2,31.399999999999988,30.885714285714283,30.821428571428573,6.7,0.0,0.0,2.4,2.233333333333331,1.6285714285714283,2.321428571428572
2019-09-15,36.2,26.1,30.7,0.0,16.0,59,9,258,4,30.6,29.9,32.2,29.9,30.899999999999988,31.08571428571429,30.857142857142858,2.1,6.7,0.0,2.3,2.9333333333333313,1.5857142857142856,2.3142857142857145
2019-09-16,35.7,23.3,28.8,0.6,14.8,61,9,259,4,30.7,30.6,29.9,31.3,30.399999999999988,31.2,30.842857142857145,0.0,2.1,6.7,0.0,2.9333333333333313,1.2571428571428573,2.2428571428571433
2019-09-17,36.0,23.7,29.2,0.0,11.2,58,9,260,4,28.8,30.7,30.6,31.6,30.03333333333332,30.842857142857138,30.75714285714286,0.6,0.0,2.1,0.0,0.8999999999999977,1.342857142857143,1.5500000000000007
2019-09-18,36.9,23.9,30.0,0.0,13.6,60,9,261,4,29.2,28.8,30.7,32.1,29.566666666666652,30.5,30.585714285714285,0.0,0.6,0.0,0.0,0.19999999999999762,1.342857142857143,1.5500000000000007
2019-09-19,35.5,24.1,29.0,3.5,15.8,67,9,262,4,30.0,29.2,28.8,32.2,29.333333333333318,30.2,30.50714285714286,0.0,0.0,0.6,0.0,0.19999999999999762,1.342857142857143,1.3428571428571434
2019-09-20,30.9,21.9,25.4,6.3,10.1,76,9,263,4,29.0,30.0,29.2,29.9,29.399999999999988,29.74285714285714,30.342857142857145,3.5,0.0,0.0,6.7,1.1666666666666643,1.842857142857143,1.4928571428571435
2019-09-21,34.0,21.9,27.5,0.0,9.8,65,9,264,4,25.4,29.0,30.0,30.6,28.133333333333322,29.1,29.99285714285714,6.3,3.5,0.0,2.1,3.2666666666666644,1.7857142857142858,1.7071428571428575
2019-09-22,34.8,22.7,28.3,0.0,8.9,63,9,265,4,27.5,25.4,29.0,30.7,27.299999999999986,28.657142857142862,29.87142857142857,0.0,6.3,3.5,0.0,3.2666666666666644,1.4857142857142855,1.5357142857142863
2019-09-23,34.2,23.5,28.4,0.3,9.8,67,9,266,4,28.3,27.5,25.4,28.8,27.066666666666652,28.314285714285713,29.757142857142856,0.0,0.0,6.3,0.6,2.0999999999999974,1.4857142857142855,1.371428571428572
2019-09-24,34.5,24.5,29.0,0.4,12.9,67,9,267,4,28.4,28.3,27.5,29.2,28.066666666666652,28.257142857142856,29.550000000000004,0.3,0.0,0.0,0.0,0.09999999999999763,1.4428571428571428,1.3928571428571435
2019-09-25,33.8,24.3,28.3,1.4,10.7,70,9,268,4,29.0,28.4,28.3,30.0,28.566666666666652,28.228571428571428,29.364285714285717,0.4,0.3,0.0,0.0,0.23333333333333095,1.5,1.4214285714285722
2019-09-26,33.1,25.1,28.5,1.1,12.6,67,9,269,4,28.3,29.0,28.4,29.0,28.566666666666652,27.985714285714288,29.092857142857138,1.4,0.4,0.3,3.5,0.6999999999999975,1.7,1.521428571428572
2019-09-27,32.8,24.2,27.9,0.1,14.1,68,9,270,4,28.5,28.3,29.0,25.4,28.59999999999999,27.914285714285715,28.828571428571426,1.1,1.4,0.4,6.3,0.9666666666666642,1.357142857142857,1.6000000000000008
2019-09-28,31.2,22.7,26.1,1.7,16.6,74,9,271,4,27.9,28.5,28.3,27.5,28.23333333333332,28.27142857142857,28.685714285714287,0.1,1.1,1.4,0.0,0.8666666666666644,0.47142857142857125,1.1285714285714292
2019-09-29,27.8,21.1,23.9,10.8,12.5,82,9,272,4,26.1,27.9,28.5,28.3,27.49999999999999,28.071428571428573,28.36428571428571,1.7,0.1,1.1,0.0,0.9666666666666645,0.7142857142857142,1.1000000000000005
2019-09-30,29.9,20.5,24.1,19.7,15.0,79,9,273,4,23.9,26.1,27.9,28.4,25.966666666666654,27.442857142857143,27.87857142857143,10.8,1.7,0.1,0.3,4.199999999999998,2.257142857142857,1.871428571428572
2019-10-01,28.8,20.7,23.5,1.5,11.8,75,10,274,4,24.1,23.9,26.1,29.0,24.69999999999999,26.82857142857143,27.54285714285714,19.7,10.8,1.7,0.4,10.733333333333333,5.028571428571429,3.235714285714286
2019-10-02,29.2,20.7,24.7,0.5,15.2,68,10,275,4,23.5,24.1,23.9,28.3,23.833333333333325,26.042857142857144,27.135714285714283,1.5,19.7,10.8,1.4,10.666666666666664,5.185714285714285,3.342857142857143
2019-10-03,29.7,21.0,24.2,3.5,20.8,65,10,276,4,24.7,23.5,24.1,28.5,24.099999999999984,25.52857142857143,26.75714285714286,0.5,1.5,19.7,1.1,7.23333333333333,5.057142857142858,3.378571428571429
2019-10-04,27.5,18.8,23.0,1.0,12.9,59,10,277,4,24.2,24.7,23.5,27.9,24.133333333333322,24.91428571428571,26.414285714285715,3.5,0.5,1.5,0.1,1.833333333333331,5.3999999999999995,3.378571428571429
2019-10-05,28.3,18.5,22.7,0.2,16.1,57,10,278,4,23.0,24.2,24.7,26.1,23.966666666666654,24.214285714285715,26.242857142857144,1.0,3.5,0.5,1.7,1.6666666666666643,5.528571428571429,3.0000000000000004
2019-10-06,26.8,20.5,23.4,0.0,22.2,49,10,279,4,22.7,23.0,24.2,23.9,23.299999999999986,23.728571428571428,25.900000000000002,0.2,1.0,3.5,10.8,1.5666666666666644,5.314285714285714,3.014285714285715
2019-10-07,30.3,19.0,24.3,0.0,14.6,46,10,280,4,23.4,22.7,23.0,24.1,23.03333333333332,23.657142857142862,25.55,0.0,0.2,1.0,19.7,0.39999999999999764,3.7714285714285714,3.014285714285715
2019-10-08,33.3,16.7,24.4,0.0,11.6,44,10,281,4,24.3,23.4,22.7,23.5,23.466666666666654,23.685714285714283,25.257142857142856,0.0,0.0,0.2,1.5,0.0666666666666643,0.9571428571428572,2.9928571428571433
2019-10-09,32.4,16.8,23.9,0.0,11.7,47,10,282,4,24.4,24.3,23.4,24.7,24.03333333333332,23.814285714285713,24.928571428571427,0.0,0.0,0.0,0.5,0.0,0.7428571428571429,2.964285714285715
2019-10-10,31.4,18.5,24.0,0.0,8.3,58,10,283,4,23.9,24.4,24.3,24.2,24.19999999999999,23.7,24.614285714285717,0.0,0.0,0.0,3.5,0.0,0.6714285714285715,2.8642857142857148
2019-10-11,32.6,19.4,25.1,0.0,9.7,55,10,284,4,24.0,23.9,24.4,23.0,24.09999999999999,23.671428571428574,24.292857142857144,0.0,0.0,0.0,1.0,0.0,0.17142857142857143,2.785714285714286
2019-10-12,32.9,18.5,25.1,0.0,12.9,60,10,285,4,25.1,24.0,23.9,22.7,24.333333333333318,23.97142857142857,24.092857142857138,0.0,0.0,0.0,0.2,0.0,0.028571428571428574,2.778571428571429
2019-10-13,33.2,20.2,25.8,0.0,11.0,59,10,286,4,25.1,25.1,24.0,23.4,24.733333333333324,24.314285714285713,24.021428571428572,0.0,0.0,0.0,0.0,0.0,0.0,2.657142857142858
2019-10-14,33.3,20.0,25.9,0.0,10.5,60,10,287,4,25.8,25.1,25.1,24.3,25.333333333333325,24.657142857142862,24.157142857142855,0.0,0.0,0.0,0.0,0.0,0.0,1.885714285714286
2019-10-15,34.1,20.6,26.3,0.0,12.0,58,10,288,4,25.9,25.8,25.1,24.4,25.599999999999984,24.885714285714283,24.285714285714285,0.0,0.0,0.0,0.0,0.0,0.0,0.4785714285714291
2019-10-16,33.3,20.1,25.8,0.0,11.3,64,10,289,4,26.3,25.9,25.8,23.9,25.99999999999999,25.157142857142855,24.485714285714288,0.0,0.0,0.0,0.0,0.0,0.0,0.37142857142857194
2019-10-17,28.8,19.0,22.6,3.0,22.8,70,10,290,4,25.8,26.3,25.9,24.0,25.99999999999999,25.428571428571427,24.564285714285717,0.0,0.0,0.0,0.0,0.0,0.0,0.33571428571428624
2019-10-18,25.8,17.2,20.6,1.6,17.9,70,10,291,4,22.6,25.8,26.3,25.1,24.899999999999988,25.228571428571428,24.449999999999996,3.0,0.0,0.0,0.0,0.9999999999999977,0.42857142857142855,0.30000000000000054
2019-10-19,28.3,17.4,22.3,0.2,12.1,50,10,292,4,20.6,22.6,25.8,25.1,22.99999999999999,24.585714285714285,24.27857142857143,1.6,3.0,0.0,0.0,1.5333333333333308,0.6571428571428571,0.3428571428571434
2019-10-20,30.7,16.7,22.8,0.0,9.7,44,10,293,4,22.3,20.6,22.6,25.8,21.833333333333325,24.185714285714287,24.25,0.2,1.6,3.0,0.0,1.5999999999999976,0.6857142857142857,0.34285714285714336
2019-10-21,29.7,15.1,22.1,0.0,8.5,49,10,294,4,22.8,22.3,20.6,25.9,21.899999999999988,23.75714285714286,24.20714285714286,0.0,0.2,1.6,0.0,0.5999999999999976,0.6857142857142857,0.34285714285714336
2019-10-22,30.3,16.2,23.2,0.0,15.4,46,10,295,4,22.1,22.8,22.3,26.3,22.399999999999988,23.21428571428572,24.05,0.0,0.0,0.2,0.0,0.0666666666666643,0.6857142857142857,0.34285714285714336
2019-10-23,29.9,16.5,22.5,0.0,12.9,43,10,296,4,23.2,22.1,22.8,25.8,22.69999999999999,22.771428571428572,23.96428571428572,0.0,0.0,0.0,0.0,0.0,0.6857142857142857,0.34285714285714336
2019-10-24,29.9,17.3,22.7,0.0,8.6,43,10,297,4,22.5,23.2,22.1,22.6,22.59999999999999,22.3,23.864285714285717,0.0,0.0,0.0,3.0,0.0,0.6857142857142857,0.34285714285714336
2019-10-25,29.9,16.6,22.8,0.0,9.2,41,10,298,4,22.7,22.5,23.2,20.6,22.799999999999986,22.314285714285713,23.771428571428572,0.0,0.0,0.0,1.6,0.0,0.2571428571428572,0.34285714285714336
2019-10-26,29.8,16.1,22.6,0.0,8.7,41,10,299,4,22.8,22.7,22.5,22.3,22.666666666666654,22.62857142857143,23.60714285714286,0.0,0.0,0.0,0.2,0.0,0.028571428571428574,0.34285714285714336
2019-10-27,30.8,16.3,22.9,0.0,15.5,40,10,300,4,22.6,22.8,22.7,22.8,22.69999999999999,22.67142857142857,23.428571428571427,0.0,0.0,0.0,0.0,0.0,0.0,0.34285714285714336
2019-10-28,31.4,17.7,23.3,0.0,7.5,45,10,301,4,22.9,22.6,22.8,22.1,22.766666666666655,22.685714285714283,23.22142857142857,0.0,0.0,0.0,0.0,0.0,0.0,0.34285714285714336
2019-10-29,31.5,16.7,22.8,0.0,9.1,57,10,302,4,23.3,22.9,22.6,23.2,22.933333333333323,22.857142857142858,23.035714285714285,0.0,0.0,0.0,0.0,0.0,0.0,0.34285714285714336
2019-10-30,28.5,17.2,22.1,0.0,12.6,56,10,303,4,22.8,23.3,22.9,22.5,22.999999999999986,22.8,22.785714285714285,0.0,0.0,0.0,0.0,0.0,0.0,0.34285714285714336
2019-10-31,29.6,16.1,22.5,0.0,11.1,52,10,304,4,22.1,22.8,23.3,22.7,22.733333333333324,22.742857142857144,22.521428571428572,0.0,0.0,0.0,0.0,0.0,0.0,0.34285714285714336
2019-11-01,23.3,16.2,20.5,5.0,16.6,56,11,305,4,22.5,22.1,22.8,22.8,22.466666666666654,22.714285714285715,22.514285714285716,0.0,0.0,0.0,0.0,0.0,0.0,0.12857142857142909
2019-11-02,26.1,14.8,20.0,0.4,15.3,59,11,306,4,20.5,22.5,22.1,22.6,21.69999999999999,22.38571428571429,22.50714285714286,5.0,0.0,0.0,0.0,1.6666666666666643,0.7142857142857143,0.37142857142857194
2019-11-03,28.3,14.8,20.6,0.0,12.8,54,11,307,4,20.0,20.5,22.5,22.9,20.999999999999986,22.014285714285716,22.342857142857145,0.4,5.0,0.0,0.0,1.7999999999999978,0.7714285714285715,0.38571428571428623
2019-11-04,27.4,14.4,20.4,0.0,6.4,60,11,308,4,20.6,20.0,20.5,23.3,20.366666666666656,21.685714285714287,22.185714285714283,0.0,0.4,5.0,0.0,1.7999999999999978,0.7714285714285715,0.38571428571428623
2019-11-05,27.6,14.5,21.1,0.0,9.7,50,11,309,4,20.4,20.6,20.0,22.8,20.333333333333318,21.271428571428572,22.064285714285717,0.0,0.0,0.4,0.0,0.13333333333333097,0.7714285714285715,0.38571428571428623
2019-11-06,21.9,13.4,17.7,7.4,11.5,70,11,310,4,21.1,20.4,20.6,22.1,20.69999999999999,21.02857142857143,21.91428571428571,0.0,0.0,0.0,0.0,0.0,0.7714285714285715,0.38571428571428623
2019-11-07,18.8,12.6,15.4,1.1,18.6,63,11,311,4,17.7,21.1,20.4,22.5,19.733333333333324,20.400000000000002,21.571428571428573,7.4,0.0,0.0,0.0,2.4666666666666646,1.8285714285714287,0.9142857142857148
2019-11-08,22.5,9.8,16.3,0.4,15.0,62,11,312,4,15.4,17.7,21.1,20.5,18.066666666666656,19.38571428571429,21.05,1.1,7.4,0.0,5.0,2.833333333333331,1.9857142857142858,0.9928571428571434
2019-11-09,25.9,10.3,17.9,0.0,18.8,39,11,313,4,16.3,15.4,17.7,20.0,16.466666666666658,18.785714285714285,20.585714285714285,0.4,1.1,7.4,0.4,2.9666666666666646,1.3285714285714287,1.021428571428572
2019-11-10,27.3,11.8,18.8,0.0,15.3,32,11,314,4,17.9,16.3,15.4,20.6,16.53333333333332,18.485714285714288,20.25,0.0,0.4,1.1,0.0,0.4999999999999976,1.2714285714285716,1.021428571428572
2019-11-11,26.9,11.3,19.1,0.0,13.5,30,11,315,4,18.8,17.9,16.3,20.4,17.666666666666657,18.228571428571428,19.957142857142856,0.0,0.0,0.4,0.0,0.13333333333333097,1.2714285714285716,1.021428571428572
2019-11-12,25.7,11.0,18.3,0.0,9.2,39,11,316,4,19.1,18.8,17.9,21.1,18.59999999999999,18.042857142857144,19.657142857142862,0.0,0.0,0.0,0.0,0.0,1.2714285714285716,1.021428571428572
2019-11-13,24.9,11.8,17.4,0.1,7.4,44,11,317,4,18.3,19.1,18.8,17.7,18.733333333333324,17.642857142857142,19.33571428571429,0.0,0.0,0.0,7.4,0.0,1.2714285714285716,1.021428571428572
2019-11-14,24.4,13.0,18.6,0.0,12.6,55,11,318,4,17.4,18.3,19.1,15.4,18.266666666666655,17.6,19.0,0.1,0.0,0.0,1.1,0.03333333333333097,0.2285714285714286,1.0285714285714291
2019-11-15,20.6,14.3,16.5,4.7,9.8,78,11,319,4,18.6,17.4,18.3,16.3,18.099999999999987,18.057142857142857,18.72142857142857,0.0,0.1,0.0,0.4,0.03333333333333097,0.07142857142857142,1.0285714285714291
2019-11-16,18.5,13.2,15.1,13.7,9.2,84,11,320,4,16.5,18.6,17.4,17.9,17.49999999999999,18.085714285714285,18.435714285714287,4.7,0.0,0.1,0.0,1.5999999999999976,0.6857142857142857,1.0071428571428578
2019-11-17,24.8,10.9,17.8,0.0,20.5,56,11,321,4,15.1,16.5,18.6,18.8,16.733333333333324,17.685714285714287,18.085714285714285,13.7,4.7,0.0,0.0,6.13333333333333,2.642857142857143,1.9571428571428575
2019-11-18,26.0,10.5,17.8,0.0,10.9,42,11,322,4,17.8,15.1,16.5,19.1,16.466666666666654,17.542857142857144,17.885714285714286,0.0,13.7,4.7,0.0,6.13333333333333,2.642857142857143,1.9571428571428575
2019-11-19,23.1,11.1,16.3,0.0,6.8,46,11,323,4,17.8,17.8,15.1,18.3,16.899999999999988,17.357142857142858,17.7,0.0,0.0,13.7,0.0,4.566666666666664,2.642857142857143,1.9571428571428575
2019-11-20,20.9,10.0,15.5,0.0,7.1,60,11,324,4,16.3,17.8,17.8,17.4,17.299999999999986,17.071428571428573,17.357142857142858,0.0,0.0,0.0,0.1,0.0,2.642857142857143,1.9571428571428575
2019-11-21,16.1,12.9,14.4,4.8,12.8,79,11,325,4,15.5,16.3,17.8,18.6,16.53333333333332,16.8,17.2,0.0,0.0,0.0,0.0,0.0,2.6285714285714286,1.428571428571429
2019-11-22,14.2,12.6,13.4,8.0,12.0,78,11,326,4,14.4,15.5,16.3,16.5,15.39999999999999,16.2,17.12857142857143,4.8,0.0,0.0,4.7,1.5999999999999976,3.314285714285714,1.6928571428571433
2019-11-23,21.5,11.6,15.5,0.0,15.5,55,11,327,4,13.4,14.4,15.5,15.1,14.433333333333323,15.757142857142856,16.92142857142857,8.0,4.8,0.0,13.7,4.266666666666665,3.7857142857142856,2.235714285714286
2019-11-24,22.9,10.1,15.4,0.0,11.8,53,11,328,4,15.5,13.4,14.4,17.8,14.433333333333323,15.814285714285715,16.75,0.0,8.0,4.8,0.0,4.266666666666665,1.8285714285714287,2.235714285714286
2019-11-25,22.4,11.1,15.7,0.0,10.0,49,11,329,4,15.4,15.5,13.4,17.8,14.766666666666657,15.471428571428573,16.507142857142856,0.0,0.0,8.0,0.0,2.6666666666666647,1.8285714285714287,2.235714285714286
2019-11-26,20.3,9.6,14.2,0.2,10.8,61,11,330,4,15.7,15.4,15.5,16.3,15.533333333333323,15.171428571428573,16.264285714285716,0.0,0.0,0.0,0.0,0.0,1.8285714285714287,2.235714285714286
2019-11-27,18.9,9.8,13.8,0.0,7.9,67,11,331,4,14.2,15.7,15.4,15.5,15.099999999999987,14.87142857142857,15.971428571428572,0.2,0.0,0.0,0.0,0.0666666666666646,1.8571428571428572,2.2500000000000004
2019-11-28,19.5,8.7,13.0,0.0,8.2,69,11,332,4,13.8,14.2,15.7,14.4,14.566666666666656,14.62857142857143,15.714285714285714,0.0,0.2,0.0,4.8,0.0666666666666646,1.8571428571428572,2.2428571428571433
2019-11-29,20.9,6.1,13.0,0.0,12.5,43,11,333,4,13.0,13.8,14.2,13.4,13.666666666666655,14.428571428571429,15.314285714285715,0.0,0.0,0.2,8.0,0.0666666666666646,1.1714285714285713,2.2428571428571433
2019-11-30,21.0,7.2,13.0,0.0,14.8,37,11,334,4,13.0,13.0,13.8,15.5,13.266666666666657,14.371428571428572,15.064285714285715,0.0,0.0,0.0,0.0,0.0,0.028571428571428574,1.9071428571428573
2019-12-01,22.2,7.4,12.9,0.0,11.5,38,12,335,1,13.0,13.0,13.0,15.4,13.0,14.014285714285716,14.914285714285715,0.0,0.0,0.0,0.0,0.0,0.028571428571428574,0.9285714285714289
2019-12-02,22.7,8.9,14.1,0.0,8.4,43,12,336,1,12.9,13.0,13.0,15.7,12.966666666666654,13.657142857142857,14.564285714285715,0.0,0.0,0.0,0.0,0.0,0.028571428571428574,0.9285714285714289
2019-12-03,23.1,8.7,14.2,0.0,9.3,47,12,337,1,14.1,12.9,13.0,14.2,13.333333333333321,13.428571428571429,14.3,0.0,0.0,0.0,0.2,0.0,0.028571428571428574,0.9285714285714289
2019-12-04,21.8,8.7,13.7,0.0,8.0,55,12,338,1,14.2,14.1,12.9,13.8,13.73333333333332,13.428571428571429,14.15,0.0,0.0,0.0,0.0,0.0,0.0,0.9285714285714289
2019-12-05,21.0,7.3,13.1,0.0,7.4,68,12,339,1,13.7,14.2,14.1,13.0,13.999999999999988,13.414285714285713,14.021428571428572,0.0,0.0,0.0,0.0,0.0,0.0,0.9285714285714289
2019-12-06,22.1,7.2,13.1,0.0,10.1,61,12,340,1,13.1,13.7,14.2,13.0,13.666666666666652,13.428571428571429,13.928571428571429,0.0,0.0,0.0,0.0,0.0,0.0,0.5857142857142862
2019-12-07,23.0,7.7,13.6,0.0,9.4,45,12,341,1,13.1,13.1,13.7,13.0,13.299999999999988,13.442857142857141,13.907142857142857,0.0,0.0,0.0,0.0,0.0,0.0,0.014285714285714794
2019-12-08,21.4,7.9,13.1,0.0,6.1,47,12,342,1,13.6,13.1,13.1,12.9,13.266666666666653,13.528571428571427,13.77142857142857,0.0,0.0,0.0,0.0,0.0,0.0,0.014285714285714794
2019-12-09,20.0,5.2,11.8,0.0,6.5,67,12,343,1,13.1,13.6,13.1,14.1,13.266666666666653,13.557142857142859,13.607142857142858,0.0,0.0,0.0,0.0,0.0,0.0,0.014285714285714794
2019-12-10,19.8,6.1,12.2,0.7,9.3,70,12,344,1,11.8,13.1,13.6,14.2,12.833333333333321,13.228571428571428,13.328571428571427,0.0,0.0,0.0,0.0,0.0,0.0,0.014285714285714794
2019-12-11,17.8,9.0,13.1,0.3,10.8,66,12,345,1,12.2,11.8,13.1,13.7,12.366666666666655,12.942857142857145,13.185714285714285,0.7,0.0,0.0,0.0,0.23333333333333126,0.09999999999999999,0.0500000000000005
2019-12-12,16.8,7.6,11.5,1.2,10.2,71,12,346,1,13.1,12.2,11.8,13.1,12.366666666666655,12.857142857142858,13.135714285714284,0.3,0.7,0.0,0.0,0.33333333333333126,0.14285714285714285,0.07142857142857194
2019-12-13,16.3,7.6,11.2,1.1,8.3,81,12,347,1,11.5,13.1,12.2,13.1,12.266666666666657,12.62857142857143,13.028571428571427,1.2,0.3,0.7,0.0,0.7333333333333313,0.31428571428571433,0.15714285714285767
2019-12-14,13.9,7.0,10.0,8.8,8.1,91,12,348,1,11.2,11.5,13.1,13.6,11.933333333333321,12.357142857142858,12.9,1.1,1.2,0.3,0.0,0.8666666666666646,0.4714285714285714,0.2357142857142862
2019-12-15,17.0,6.2,10.7,0.2,11.8,69,12,349,1,10.0,11.2,11.5,13.1,10.899999999999986,11.842857142857143,12.685714285714285,8.8,1.1,1.2,0.0,3.699999999999998,1.7285714285714289,0.8642857142857149
2019-12-16,18.8,5.3,11.2,0.0,15.8,46,12,350,1,10.7,10.0,11.2,11.8,10.63333333333332,11.5,12.528571428571427,0.2,8.8,1.1,0.0,3.366666666666665,1.7571428571428573,0.8785714285714291
2019-12-17,19.8,6.6,11.7,0.0,8.8,39,12,351,1,11.2,10.7,10.0,12.2,10.63333333333332,11.414285714285713,12.321428571428571,0.0,0.2,8.8,0.7,2.999999999999998,1.7571428571428573,0.8785714285714291
2019-12-18,18.2,7.2,11.0,0.0,7.1,47,12,352,1,11.7,11.2,10.7,13.1,11.199999999999989,11.342857142857142,12.142857142857142,0.0,0.0,0.2,0.3,0.0666666666666643,1.6571428571428573,0.8785714285714291
2019-12-19,16.8,4.1,9.6,0.0,8.6,72,12,353,1,11.0,11.7,11.2,11.5,11.299999999999988,11.042857142857143,11.95,0.0,0.0,0.0,1.2,0.0,1.6142857142857143,0.8785714285714291
2019-12-20,19.2,5.1,10.4,0.0,10.6,72,12,354,1,9.6,11.0,11.7,11.2,10.766666666666653,10.77142857142857,11.7,0.0,0.0,0.0,1.1,0.0,1.442857142857143,0.8785714285714291
2019-12-21,16.8,5.0,10.1,0.0,7.2,79,12,355,1,10.4,9.6,11.0,10.0,10.333333333333321,10.657142857142857,11.507142857142856,0.0,0.0,0.0,8.8,0.0,1.2857142857142858,0.8785714285714291
2019-12-22,19.5,7.1,11.6,0.0,8.7,52,12,356,1,10.1,10.4,9.6,10.7,10.033333333333323,10.671428571428569,11.257142857142856,0.0,0.0,0.0,0.2,0.0,0.028571428571428574,0.8785714285714291
2019-12-23,19.6,5.3,10.5,0.0,9.3,51,12,357,1,11.6,10.1,10.4,11.2,10.699999999999989,10.799999999999999,11.15,0.0,0.0,0.0,0.0,0.0,0.0,0.8785714285714291
2019-12-24,16.6,3.4,9.6,0.0,6.4,71,12,358,1,10.5,11.6,10.1,11.7,10.73333333333332,10.7,11.057142857142855,0.0,0.0,0.0,0.0,0.0,0.0,0.8785714285714291
2019-12-25,17.6,3.6,9.4,0.0,8.2,60,12,359,1,9.6,10.5,11.6,11.0,10.566666666666654,10.4,10.871428571428572,0.0,0.0,0.0,0.0,0.0,0.0,0.8285714285714292
2019-12-26,19.0,0.7,8.3,0.0,9.8,58,12,360,1,9.4,9.6,10.5,9.6,9.833333333333321,10.171428571428573,10.607142857142858,0.0,0.0,0.0,0.0,0.0,0.0,0.8071428571428577
2019-12-27,16.5,2.0,7.6,0.0,10.4,72,12,361,1,8.3,9.4,9.6,10.4,9.099999999999989,9.985714285714286,10.37857142857143,0.0,0.0,0.0,0.0,0.0,0.0,0.7214285714285721
2019-12-28,16.3,1.4,7.7,0.0,9.1,77,12,362,1,7.6,8.3,9.4,10.1,8.433333333333323,9.585714285714285,10.12142857142857,0.0,0.0,0.0,0.0,0.0,0.0,0.6428571428571433
2019-12-29,15.0,1.3,6.4,0.0,8.7,85,12,363,1,7.7,7.6,8.3,11.6,7.866666666666656,9.242857142857144,9.957142857142857,0.0,0.0,0.0,0.0,0.0,0.0,0.014285714285714794
2019-12-30,13.6,2.4,6.4,0.0,10.5,84,12,364,1,6.4,7.7,7.6,10.5,7.233333333333321,8.500000000000002,9.65,0.0,0.0,0.0,0.0,0.0,0.0,0.0
2019-12-31,15.5,4.0,8.0,0.0,10.2,79,12,365,1,6.4,6.4,7.7,9.6,6.8333333333333215,7.914285714285714,9.307142857142859,0.0,0.0,0.0,0.0,0.0,0.0,0.0
2020-01-01,16.3,5.9,10.3,0.0,15.1,57,1,1,1,8.0,6.4,6.4,9.4,6.933333333333322,7.685714285714286,9.042857142857143,0.0,0.0,0.0,0.0,0.0,0.0,0.0
2020-01-02,13.6,7.8,10.6,0.0,17.8,56,1,2,1,10.3,8.0,6.4,8.3,8.233333333333322,7.814285714285715,8.992857142857144,0.0,0.0,0.0,0.0,0.0,0.0,0.0
2020-01-03,16.4,6.7,10.3,0.0,12.2,63,1,3,1,10.6,10.3,8.0,7.6,9.63333333333332,8.142857142857142,9.064285714285715,0.0,0.0,0.0,0.0,0.0,0.0,0.0
2020-01-04,14.1,4.1,9.0,0.1,8.9,74,1,4,1,10.3,10.6,10.3,7.7,10.39999999999999,8.528571428571428,9.057142857142857,0.0,0.0,0.0,0.0,0.0,0.0,0.0
2020-01-05,12.8,5.8,8.9,1.6,12.0,76,1,5,1,9.0,10.3,10.6,6.4,9.966666666666654,8.714285714285715,8.97857142857143,0.1,0.0,0.0,0.0,0.03333333333333097,0.014285714285714287,0.007142857142857651
2020-01-06,8.7,6.5,7.4,4.5,8.5,84,1,6,1,8.9,9.0,10.3,6.4,9.399999999999988,9.071428571428571,8.785714285714286,1.6,0.1,0.0,0.0,0.5666666666666643,0.24285714285714288,0.12142857142857195
2020-01-07,12.8,5.5,8.1,0.0,9.2,76,1,7,1,7.4,8.9,9.0,8.0,8.433333333333321,9.214285714285714,8.564285714285715,4.5,1.6,0.1,0.0,2.066666666666664,0.8857142857142858,0.4428571428571434
2020-01-08,15.4,3.0,8.3,0.0,6.5,59,1,8,1,8.1,7.4,8.9,10.3,8.13333333333332,9.228571428571428,8.457142857142857,0.0,4.5,1.6,0.0,2.033333333333331,0.8857142857142858,0.4428571428571434
2020-01-09,15.1,1.8,7.6,0.0,8.5,48,1,9,1,8.3,8.1,7.4,10.6,7.933333333333322,8.942857142857145,8.378571428571428,0.0,0.0,4.5,0.0,1.4999999999999976,0.8857142857142858,0.4428571428571434
2020-01-10,17.5,2.9,9.0,0.0,8.4,41,1,10,1,7.6,8.3,8.1,10.3,7.9999999999999885,8.514285714285714,8.32857142857143,0.0,0.0,0.0,0.0,0.0,0.8857142857142858,0.4428571428571434
2020-01-11,13.5,3.4,9.1,0.0,10.1,40,1,11,1,9.0,7.6,8.3,9.0,8.299999999999988,8.328571428571427,8.428571428571429,0.0,0.0,0.0,0.1,0.0,0.8857142857142858,0.4428571428571434
2020-01-12,12.1,6.1,8.9,2.0,11.1,68,1,12,1,9.1,9.0,7.6,8.9,8.566666666666654,8.342857142857143,8.528571428571428,0.0,0.0,0.0,1.6,0.0,0.8714285714285716,0.4428571428571434
2020-01-13,9.4,7.5,8.3,17.1,14.0,87,1,13,1,8.9,9.1,9.0,7.4,8.999999999999988,8.342857142857143,8.707142857142857,2.0,0.0,0.0,4.5,0.6666666666666643,0.9285714285714286,0.5857142857142862
2020-01-14,13.9,5.4,8.9,6.2,15.5,76,1,14,1,8.3,8.9,9.1,8.1,8.766666666666657,8.471428571428572,8.842857142857143,17.1,2.0,0.0,0.0,6.3666666666666645,2.7285714285714286,1.8071428571428576
2020-01-15,16.7,3.9,8.7,0.0,12.2,61,1,15,1,8.9,8.3,8.9,8.3,8.699999999999989,8.585714285714285,8.907142857142858,6.2,17.1,2.0,0.0,8.433333333333332,3.6142857142857143,2.2500000000000004
2020-01-16,17.9,2.5,9.4,0.0,12.6,48,1,16,1,8.7,8.9,8.3,7.6,8.633333333333322,8.642857142857142,8.792857142857143,0.0,6.2,17.1,0.0,7.766666666666665,3.6142857142857143,2.2500000000000004
2020-01-17,16.4,6.1,10.0,0.0,8.7,43,1,17,1,9.4,8.7,8.9,9.0,8.999999999999988,8.9,8.707142857142857,0.0,0.0,6.2,0.0,2.066666666666664,3.6142857142857143,2.2500000000000004
2020-01-18,16.9,3.1,8.9,0.0,9.2,45,1,18,1,10.0,9.4,8.7,9.1,9.366666666666655,9.042857142857143,8.685714285714287,0.0,0.0,0.0,0.0,0.0,3.6142857142857143,2.2500000000000004
2020-01-19,17.2,1.6,9.3,0.0,9.1,46,1,19,1,8.9,10.0,9.4,8.9,9.433333333333321,9.014285714285714,8.678571428571429,0.0,0.0,0.0,2.0,0.0,3.6142857142857143,2.2428571428571433
2020-01-20,17.4,4.8,10.5,0.0,9.8,53,1,20,1,9.3,8.9,10.0,8.3,9.399999999999988,9.071428571428571,8.707142857142857,0.0,0.0,0.0,17.1,0.0,3.3285714285714287,2.128571428571429
2020-01-21,11.5,8.3,9.4,0.4,7.8,74,1,21,1,10.5,9.3,8.9,8.9,9.566666666666656,9.385714285714286,8.928571428571429,0.0,0.0,0.0,6.2,0.0,0.8857142857142858,1.8071428571428576
2020-01-22,14.8,5.0,9.4,0.0,13.5,69,1,22,1,9.4,10.5,9.3,8.7,9.733333333333322,9.457142857142857,9.02142857142857,0.4,0.0,0.0,0.0,0.13333333333333097,0.05714285714285715,1.8357142857142865
2020-01-23,18.1,4.1,9.7,0.0,14.5,42,1,23,1,9.4,9.4,10.5,9.4,9.766666666666655,9.557142857142859,9.1,0.0,0.4,0.0,0.0,0.13333333333333097,0.05714285714285715,1.8357142857142865
2020-01-24,18.5,4.7,10.8,0.0,6.9,42,1,24,1,9.7,9.4,9.4,10.0,9.499999999999988,9.6,9.25,0.0,0.0,0.4,0.0,0.13333333333333097,0.05714285714285715,1.8357142857142865
2020-01-25,17.3,5.5,10.3,0.0,9.7,55,1,25,1,10.8,9.7,9.4,8.9,9.966666666666656,9.714285714285714,9.37857142857143,0.0,0.0,0.0,0.0,0.0,0.05714285714285715,1.8357142857142865
2020-01-26,17.7,5.0,10.7,0.0,7.0,67,1,26,1,10.3,10.8,9.7,9.3,10.266666666666655,9.914285714285715,9.464285714285714,0.0,0.0,0.0,0.0,0.0,0.05714285714285715,1.8357142857142865
2020-01-27,17.3,5.0,10.4,0.0,9.9,61,1,27,1,10.7,10.3,10.8,10.5,10.599999999999989,10.114285714285716,9.592857142857143,0.0,0.0,0.0,0.0,0.0,0.05714285714285715,1.6928571428571435
2020-01-28,14.6,5.9,9.7,2.0,10.8,72,1,28,1,10.4,10.7,10.3,9.4,10.466666666666654,10.1,9.742857142857144,0.0,0.0,0.0,0.4,0.0,0.05714285714285715,0.471428571428572
2020-01-29,9.3,7.5,8.4,18.8,20.3,85,1,29,1,9.7,10.4,10.7,9.4,10.266666666666653,10.142857142857142,9.799999999999999,2.0,0.0,0.0,0.0,0.6666666666666643,0.2857142857142857,0.17142857142857193
2020-01-30,17.1,2.4,9.2,0.0,8.9,70,1,30,1,8.4,9.7,10.4,9.7,9.499999999999988,10.0,9.778571428571428,18.8,2.0,0.0,0.0,6.933333333333331,2.9714285714285715,1.5142857142857147
2020-01-31,16.8,5.9,10.2,0.0,9.7,64,1,31,1,9.2,8.4,9.7,10.8,9.099999999999989,9.928571428571429,9.764285714285714,0.0,18.8,2.0,0.0,6.933333333333331,2.9714285714285715,1.5142857142857147
2020-02-01,16.8,5.6,10.9,0.0,4.8,69,2,32,1,10.2,9.2,8.4,10.3,9.266666666666655,9.842857142857143,9.778571428571428,0.0,0.0,18.8,0.0,6.266666666666665,2.9714285714285715,1.5142857142857147
2020-02-02,19.2,5.8,11.5,0.0,9.1,50,2,33,1,10.9,10.2,9.2,10.7,10.099999999999987,9.928571428571429,9.921428571428573,0.0,0.0,0.0,0.0,0.0,2.9714285714285715,1.5142857142857147
2020-02-03,17.3,5.2,10.9,0.0,8.0,47,2,34,1,11.5,10.9,10.2,10.4,10.866666666666655,10.042857142857143,10.078571428571431,0.0,0.0,0.0,0.0,0.0,2.9714285714285715,1.5142857142857147
2020-02-04,12.9,6.9,9.6,0.5,13.9,65,2,35,1,10.9,11.5,10.9,9.7,11.099999999999989,10.114285714285714,10.107142857142858,0.0,0.0,0.0,2.0,0.0,2.9714285714285715,1.5142857142857147
2020-02-05,17.9,2.9,9.9,0.0,16.9,57,2,36,1,9.6,10.9,11.5,8.4,10.666666666666655,10.1,10.121428571428572,0.5,0.0,0.0,18.8,0.1666666666666643,2.757142857142857,1.521428571428572
2020-02-06,17.7,4.3,10.3,0.0,8.6,42,2,37,1,9.9,9.6,10.9,9.2,10.133333333333322,10.314285714285715,10.157142857142857,0.0,0.5,0.0,0.0,0.1666666666666643,0.07142857142857142,1.521428571428572
2020-02-07,19.0,4.4,11.2,0.0,8.6,46,2,38,1,10.3,9.9,9.6,10.2,9.933333333333321,10.471428571428572,10.200000000000001,0.0,0.0,0.5,0.0,0.1666666666666643,0.07142857142857142,1.521428571428572
2020-02-08,20.8,4.3,10.9,0.0,12.0,49,2,39,1,11.2,10.3,9.9,10.9,10.466666666666656,10.614285714285714,10.228571428571428,0.0,0.0,0.0,0.0,0.0,0.07142857142857142,1.521428571428572
2020-02-09,20.1,5.2,12.2,0.0,9.1,59,2,40,1,10.9,11.2,10.3,11.5,10.799999999999988,10.614285714285714,10.27142857142857,0.0,0.0,0.0,0.0,0.0,0.07142857142857142,1.521428571428572
2020-02-10,21.4,6.0,13.3,0.0,11.6,55,2,41,1,12.2,10.9,11.2,10.9,11.433333333333321,10.714285714285714,10.37857142857143,0.0,0.0,0.0,0.0,0.0,0.07142857142857142,1.521428571428572
2020-02-11,16.8,11.0,13.6,1.7,14.0,60,2,42,1,13.3,12.2,10.9,9.6,12.13333333333332,11.057142857142855,10.585714285714285,0.0,0.0,0.0,0.5,0.0,0.07142857142857142,1.521428571428572
2020-02-12,18.7,9.8,13.5,0.6,16.9,66,2,43,1,13.6,13.3,12.2,9.9,13.033333333333323,11.62857142857143,10.864285714285714,1.7,0.0,0.0,0.0,0.5666666666666643,0.24285714285714285,1.5000000000000004
2020-02-13,18.6,9.1,12.9,1.3,17.7,76,2,44,1,13.5,13.6,13.3,10.3,13.466666666666654,12.142857142857142,11.228571428571428,0.6,1.7,0.0,0.0,0.7666666666666643,0.32857142857142857,0.20000000000000048
2020-02-14,24.4,5.6,13.7,0.0,16.4,50,2,45,1,12.9,13.5,13.6,11.2,13.333333333333321,12.514285714285714,11.492857142857144,1.3,0.6,1.7,0.0,1.1999999999999977,0.5142857142857143,0.2928571428571433
2020-02-15,25.1,6.3,15.0,0.0,8.6,32,2,46,1,13.7,12.9,13.5,10.9,13.366666666666655,12.87142857142857,11.742857142857144,0.0,1.3,0.6,0.0,0.633333333333331,0.5142857142857143,0.2928571428571433
2020-02-16,24.5,7.1,15.6,0.0,21.2,30,2,47,1,15.0,13.7,12.9,12.2,13.866666666666655,13.457142857142857,12.035714285714286,0.0,0.0,1.3,0.0,0.43333333333333107,0.5142857142857143,0.2928571428571433
2020-02-17,26.1,6.4,16.3,0.0,13.8,23,2,48,1,15.6,15.0,13.7,13.3,14.766666666666657,13.942857142857141,12.328571428571427,0.0,0.0,0.0,0.0,0.0,0.5142857142857143,0.2928571428571433
2020-02-18,26.4,9.3,16.2,0.0,9.1,30,2,49,1,16.3,15.6,15.0,13.6,15.63333333333332,14.371428571428572,12.714285714285714,0.0,0.0,0.0,1.7,0.0,0.5142857142857143,0.2928571428571433
2020-02-19,15.7,7.4,11.9,7.2,24.5,70,2,50,1,16.2,16.3,15.6,13.5,16.03333333333332,14.742857142857142,13.185714285714285,0.0,0.0,0.0,0.6,0.0,0.27142857142857146,0.2571428571428577
2020-02-20,18.3,9.8,13.0,8.2,25.0,62,2,51,1,11.9,16.2,16.3,12.9,14.79999999999999,14.514285714285714,13.328571428571431,7.2,0.0,0.0,1.3,2.3999999999999977,1.2142857142857142,0.771428571428572
2020-02-21,23.0,6.7,14.6,0.0,15.6,56,2,52,1,13.0,11.9,16.2,13.7,13.699999999999989,14.528571428571428,13.521428571428572,8.2,7.2,0.0,0.0,5.13333333333333,2.1999999999999997,1.3571428571428577
2020-02-22,23.8,10.7,16.4,0.0,9.2,60,2,53,1,14.6,13.0,11.9,15.0,13.166666666666655,14.657142857142857,13.764285714285716,0.0,8.2,7.2,0.0,5.13333333333333,2.1999999999999997,1.3571428571428577
2020-02-23,25.4,10.2,16.9,0.0,9.1,54,2,54,1,16.4,14.6,13.0,15.6,14.666666666666655,14.857142857142858,14.157142857142857,0.0,0.0,8.2,0.0,2.7333333333333307,2.1999999999999997,1.3571428571428577
2020-02-24,25.6,11.1,17.3,0.0,10.2,50,2,55,1,16.9,16.4,14.6,16.3,15.966666666666654,15.042857142857144,14.492857142857142,0.0,0.0,0.0,0.0,0.0,2.1999999999999997,1.3571428571428577
2020-02-25,26.0,11.6,17.7,0.0,10.7,53,2,56,1,17.3,16.9,16.4,16.2,16.866666666666656,15.185714285714285,14.778571428571428,0.0,0.0,0.0,0.0,0.0,2.1999999999999997,1.3571428571428577
2020-02-26,27.0,10.8,18.5,0.0,8.9,47,2,57,1,17.7,17.3,16.9,11.9,17.299999999999986,15.399999999999997,15.071428571428571,0.0,0.0,0.0,7.2,0.0,2.1999999999999997,1.2357142857142862
2020-02-27,23.4,11.7,16.9,3.6,17.3,72,2,58,1,18.5,17.7,17.3,13.0,17.83333333333332,16.342857142857145,15.428571428571429,0.0,0.0,0.0,8.2,0.0,1.1714285714285713,1.1928571428571433
2020-02-28,17.8,12.7,14.8,14.3,11.5,79,2,59,1,16.9,18.5,17.7,14.6,17.699999999999985,16.9,15.714285714285714,3.6,0.0,0.0,0.0,1.1999999999999977,0.5142857142857143,1.3571428571428577
2020-02-29,14.6,11.6,13.0,16.9,24.2,81,2,60,1,14.8,16.9,18.5,16.4,16.73333333333332,16.928571428571427,15.792857142857143,14.3,3.6,0.0,0.0,5.966666666666665,2.5571428571428574,2.3785714285714294
2020-03-01,23.5,9.8,16.1,0.1,9.4,62,3,61,2,13.0,14.8,16.9,16.9,14.899999999999986,16.442857142857143,15.65,16.9,14.3,3.6,0.0,11.6,4.971428571428571,3.585714285714286
2020-03-02,25.0,10.7,16.9,0.0,8.5,60,3,62,2,16.1,13.0,14.8,17.3,14.63333333333332,16.32857142857143,15.685714285714285,0.1,16.9,14.3,0.0,10.433333333333332,4.985714285714286,3.592857142857143
2020-03-03,25.6,12.6,17.7,0.0,9.4,61,3,63,2,16.9,16.1,13.0,17.7,15.333333333333321,16.27142857142857,15.72857142857143,0.0,0.1,16.9,0.0,5.666666666666664,4.985714285714286,3.592857142857143
2020-03-04,19.8,11.6,14.9,14.1,10.5,80,3,64,2,17.7,16.9,16.1,18.5,16.899999999999988,16.27142857142857,15.835714285714285,0.0,0.0,0.1,0.0,0.03333333333333097,4.985714285714286,3.592857142857143
2020-03-05,15.6,11.3,13.1,23.0,16.0,78,3,65,2,14.9,17.7,16.9,16.9,16.49999999999999,15.757142857142858,16.05,14.1,0.0,0.0,3.6,4.6999999999999975,7.0,4.085714285714286
2020-03-06,17.1,10.9,13.1,3.8,10.3,78,3,66,2,13.1,14.9,17.7,14.8,15.23333333333332,15.214285714285714,16.057142857142857,23.0,14.1,0.0,14.3,12.366666666666665,9.771428571428572,5.142857142857143
2020-03-07,13.9,9.7,11.8,16.1,14.8,89,3,67,2,13.1,13.1,14.9,13.0,13.699999999999989,14.971428571428572,15.95,3.8,23.0,14.1,16.9,13.633333333333331,8.27142857142857,5.4142857142857155
2020-03-08,15.8,8.2,11.6,10.6,15.0,78,3,68,2,11.8,13.1,13.1,16.1,12.666666666666655,14.8,15.62142857142857,16.1,3.8,23.0,0.1,14.299999999999997,8.157142857142858,6.564285714285715
2020-03-09,20.6,7.7,13.7,0.0,15.3,58,3,69,2,11.6,11.8,13.1,16.9,12.166666666666655,14.157142857142857,15.242857142857144,10.6,16.1,3.8,0.0,10.166666666666664,9.657142857142858,7.321428571428572
2020-03-10,22.0,8.6,15.1,0.0,14.2,53,3,70,2,13.7,11.6,11.8,17.7,12.366666666666655,13.700000000000001,14.985714285714284,0.0,10.6,16.1,0.0,8.899999999999999,9.657142857142858,7.321428571428572
2020-03-11,21.3,11.1,15.6,3.0,9.4,59,3,71,2,15.1,13.7,11.6,14.9,13.466666666666654,13.328571428571427,14.8,0.0,0.0,10.6,14.1,3.533333333333331,9.657142857142858,7.321428571428572
2020-03-12,14.4,9.7,12.8,28.7,19.4,84,3,72,2,15.6,15.1,13.7,13.1,14.799999999999988,13.428571428571429,14.592857142857143,3.0,0.0,0.0,23.0,0.9999999999999977,8.071428571428573,7.5357142857142865
2020-03-13,20.3,6.8,12.9,0.0,8.5,70,3,73,2,12.8,15.6,15.1,13.1,14.499999999999988,13.385714285714286,14.299999999999999,28.7,3.0,0.0,3.8,10.566666666666665,8.885714285714286,9.328571428571427
2020-03-14,21.3,7.3,14.2,0.0,9.7,74,3,74,2,12.9,12.8,15.6,11.8,13.766666666666653,13.357142857142858,14.164285714285713,0.0,28.7,3.0,16.1,10.566666666666665,8.342857142857143,8.307142857142859
2020-03-15,23.1,9.5,16.0,0.0,9.2,72,3,75,2,14.2,12.9,12.8,11.6,13.299999999999988,13.7,14.25,0.0,0.0,28.7,10.6,9.566666666666665,6.042857142857144,7.1000000000000005
2020-03-16,23.9,12.0,17.0,0.0,9.2,67,3,76,2,16.0,14.2,12.9,13.7,14.366666666666655,14.328571428571427,14.242857142857144,0.0,0.0,0.0,0.0,0.0,4.528571428571429,7.092857142857143
2020-03-17,25.4,13.1,18.5,0.0,8.3,64,3,77,2,17.0,16.0,14.2,15.1,15.73333333333332,14.799999999999999,14.25,0.0,0.0,0.0,0.0,0.0,4.528571428571429,7.092857142857143
2020-03-18,27.6,13.4,19.2,0.0,9.5,66,3,78,2,18.5,17.0,16.0,15.6,17.166666666666654,15.285714285714286,14.307142857142859,0.0,0.0,0.0,3.0,0.0,4.528571428571429,7.092857142857143
2020-03-19,25.9,13.3,19.0,0.4,8.0,68,3,79,2,19.2,18.5,17.0,12.8,18.23333333333332,15.8,14.614285714285714,0.0,0.0,0.0,28.7,0.0,4.1000000000000005,6.085714285714287
2020-03-20,25.1,14.7,18.7,3.5,12.8,75,3,80,2,19.0,19.2,18.5,12.9,18.899999999999988,16.685714285714287,15.035714285714286,0.4,0.0,0.0,0.0,0.13333333333333097,0.05714285714285816,4.471428571428572
2020-03-21,20.3,15.3,16.7,12.4,13.9,78,3,81,2,18.7,19.0,19.2,14.2,18.966666666666654,17.514285714285712,15.435714285714285,3.5,0.4,0.0,0.0,1.2999999999999976,0.5571428571428582,4.450000000000001
2020-03-22,25.6,11.9,18.2,0.0,9.2,65,3,82,2,16.7,18.7,19.0,16.0,18.13333333333332,17.87142857142857,15.785714285714286,12.4,3.5,0.4,0.0,5.433333333333331,2.3285714285714296,4.185714285714286
2020-03-23,26.3,13.0,19.0,4.7,8.7,65,3,83,2,18.2,16.7,18.7,17.0,17.866666666666656,18.185714285714287,16.257142857142856,0.0,12.4,3.5,0.0,5.299999999999998,2.3285714285714296,3.4285714285714297
2020-03-24,19.9,13.7,17.0,12.5,15.9,68,3,84,2,19.0,18.2,16.7,18.5,17.966666666666654,18.47142857142857,16.635714285714286,4.7,0.0,12.4,0.0,5.699999999999998,3.000000000000001,3.764285714285715
2020-03-25,23.0,14.2,17.6,0.6,16.2,73,3,85,2,17.0,19.0,18.2,19.2,18.066666666666652,18.257142857142856,16.77142857142857,12.5,4.7,0.0,0.0,5.733333333333332,4.7857142857142865,4.657142857142858
2020-03-26,24.2,13.0,18.5,0.2,18.4,63,3,86,2,17.6,17.0,19.0,19.0,17.866666666666656,18.02857142857143,16.914285714285715,0.6,12.5,4.7,0.4,5.933333333333331,4.871428571428573,4.485714285714287
2020-03-27,18.2,12.1,15.8,11.0,13.0,77,3,87,2,18.5,17.6,17.0,18.7,17.69999999999999,17.957142857142856,17.321428571428573,0.2,0.6,12.5,3.5,4.433333333333332,4.842857142857143,2.45
2020-03-28,18.8,11.3,14.7,13.6,10.6,84,3,88,2,15.8,18.5,17.6,16.7,17.299999999999986,17.542857142857144,17.52857142857143,11.0,0.2,0.6,12.4,3.933333333333332,5.9142857142857155,3.2357142857142867
2020-03-29,24.5,10.1,17.6,0.0,13.5,65,3,89,2,14.7,15.8,18.5,18.2,16.333333333333318,17.25714285714286,17.564285714285713,13.6,11.0,0.2,0.0,8.266666666666666,6.085714285714287,4.207142857142857
2020-03-30,21.6,14.1,17.3,0.4,22.5,59,3,90,2,17.6,14.7,15.8,19.0,16.03333333333332,17.17142857142857,17.678571428571427,0.0,13.6,11.0,4.7,8.199999999999998,6.085714285714287,4.207142857142857
2020-03-31,18.4,13.4,15.0,21.7,11.7,77,3,91,2,17.3,17.6,14.7,17.0,16.53333333333332,16.928571428571427,17.7,0.4,0.0,13.6,12.5,4.666666666666665,5.471428571428572,4.235714285714286
2020-04-01,21.7,10.8,15.8,0.6,17.4,69,4,92,2,15.0,17.3,17.6,17.6,16.633333333333322,16.642857142857142,17.45,21.7,0.4,0.0,0.6,7.3666666666666645,6.7857142857142865,5.785714285714286
2020-04-02,23.8,11.0,17.0,1.2,10.7,70,4,93,2,15.8,15.0,17.3,18.5,16.03333333333332,16.38571428571429,17.20714285714286,0.6,21.7,0.4,0.2,7.5666666666666655,6.7857142857142865,5.828571428571429
2020-04-03,26.8,11.9,18.9,0.0,9.2,61,4,94,2,17.0,15.8,15.0,15.8,15.933333333333321,16.171428571428574,17.064285714285713,1.2,0.6,21.7,11.0,7.833333333333332,6.92857142857143,5.885714285714286
2020-04-04,27.7,14.1,20.0,0.0,9.4,63,4,95,2,18.9,17.0,15.8,14.7,17.23333333333332,16.614285714285714,17.07857142857143,0.0,1.2,0.6,13.6,0.5999999999999988,5.357142857142857,5.635714285714286
2020-04-05,26.8,14.1,19.2,0.3,16.5,70,4,96,2,20.0,18.9,17.0,17.6,18.633333333333322,17.37142857142857,17.314285714285713,0.0,0.0,1.2,0.0,0.39999999999999875,3.4142857142857155,4.750000000000001
2020-04-06,25.8,14.0,19.6,0.2,8.6,65,4,97,2,19.2,20.0,18.9,17.3,19.366666666666656,17.6,17.385714285714286,0.3,0.0,0.0,0.4,0.09999999999999881,3.457142857142858,4.771428571428572
2020-04-07,24.7,15.8,19.3,1.2,20.3,57,4,98,2,19.6,19.2,20.0,15.0,19.599999999999984,17.928571428571427,17.428571428571427,0.2,0.3,0.0,21.7,0.1666666666666655,3.4285714285714297,4.45
2020-04-08,27.9,12.6,20.5,0.0,8.0,57,4,99,2,19.3,19.6,19.2,15.8,19.366666666666653,18.542857142857144,17.592857142857145,1.2,0.2,0.3,0.6,0.5666666666666654,0.500000000000001,3.6428571428571432
2020-04-09,26.3,16.6,20.9,0.7,19.4,61,4,100,2,20.5,19.3,19.6,17.0,19.799999999999986,19.214285714285715,17.8,0.0,1.2,0.2,1.2,0.46666666666666545,0.4142857142857152,3.6000000000000005
2020-04-10,28.4,14.3,21.0,0.0,13.9,63,4,101,2,20.9,20.5,19.3,18.9,20.23333333333332,19.77142857142857,17.97142857142857,0.7,0.0,1.2,0.0,0.6333333333333321,0.34285714285714386,3.6357142857142866
2020-04-11,31.8,16.8,24.0,0.0,7.4,48,4,102,2,21.0,20.9,20.5,20.0,20.799999999999986,20.071428571428573,18.342857142857145,0.0,0.7,0.0,0.0,0.23333333333333214,0.34285714285714386,2.8500000000000005
2020-04-12,33.7,16.6,24.9,0.0,9.9,52,4,103,2,24.0,21.0,20.9,19.2,21.966666666666654,20.642857142857142,19.00714285714286,0.0,0.0,0.7,0.3,0.23333333333333214,0.34285714285714386,1.8785714285714292
2020-04-13,32.8,18.9,26.0,0.0,16.4,50,4,104,2,24.9,24.0,21.0,19.6,23.299999999999983,21.457142857142856,19.52857142857143,0.0,0.0,0.0,0.2,0.0,0.30000000000000104,1.8785714285714288
2020-04-14,23.0,18.4,20.7,20.5,18.4,73,4,105,2,26.0,24.9,24.0,19.3,24.96666666666665,22.37142857142857,20.15,0.0,0.0,0.0,1.2,0.0,0.2714285714285724,1.8500000000000003
2020-04-15,27.8,17.4,22.1,0.2,17.7,62,4,106,2,20.7,26.0,24.9,20.5,23.86666666666665,22.571428571428573,20.557142857142853,20.5,0.0,0.0,0.0,6.833333333333332,3.0285714285714294,1.7642857142857147
2020-04-16,30.5,15.8,23.5,0.0,15.9,45,4,107,2,22.1,20.7,26.0,20.9,22.933333333333323,22.8,21.00714285714286,0.2,20.5,0.0,0.7,6.899999999999999,3.057142857142858,1.735714285714286
2020-04-17,23.2,15.9,19.4,8.9,18.1,63,4,108,2,23.5,22.1,20.7,21.0,22.09999999999999,23.17142857142857,21.47142857142857,0.0,0.2,20.5,0.0,6.899999999999999,2.957142857142858,1.6500000000000004
2020-04-18,24.2,14.0,18.9,1.3,13.2,70,4,109,2,19.4,23.5,22.1,24.0,21.666666666666654,22.942857142857143,21.507142857142856,8.9,0.0,0.2,0.0,3.033333333333332,4.2285714285714295,2.285714285714286
2020-04-19,27.1,13.2,20.4,0.1,13.9,65,4,110,2,18.9,19.4,23.5,24.9,20.599999999999984,22.214285714285715,21.428571428571427,1.3,8.9,0.0,0.0,3.399999999999999,4.4142857142857155,2.378571428571429
2020-04-20,27.9,15.1,21.5,1.0,13.8,55,4,111,2,20.4,18.9,19.4,26.0,19.566666666666652,21.571428571428573,21.514285714285712,0.1,1.3,8.9,0.0,3.4333333333333322,4.42857142857143,2.3642857142857148
2020-04-21,28.9,15.4,22.1,0.0,11.6,57,4,112,2,21.5,20.4,18.9,20.7,20.26666666666665,20.928571428571427,21.65,1.0,0.1,1.3,20.5,0.7999999999999988,4.571428571428572,2.4214285714285717
2020-04-22,30.8,16.6,23.6,0.0,7.7,59,4,113,2,22.1,21.5,20.4,22.1,21.333333333333318,21.12857142857143,21.85,0.0,1.0,0.1,0.2,0.36666666666666553,1.642857142857144,2.3357142857142863
2020-04-23,32.6,18.6,25.1,0.0,10.6,53,4,114,2,23.6,22.1,21.5,23.5,22.399999999999988,21.342857142857145,22.071428571428573,0.0,0.0,1.0,0.0,0.33333333333333215,1.6142857142857154,2.3357142857142863
2020-04-24,32.8,18.2,25.6,0.0,9.4,55,4,115,2,25.1,23.6,22.1,19.4,23.59999999999999,21.571428571428573,22.37142857142857,0.0,0.0,0.0,8.9,0.0,1.6142857142857154,2.285714285714286
2020-04-25,33.2,19.9,25.8,0.0,14.8,53,4,116,2,25.6,25.1,23.6,18.9,24.766666666666655,22.457142857142856,22.7,0.0,0.0,0.0,1.3,0.0,0.34285714285714386,2.285714285714286
2020-04-26,31.4,18.9,25.4,0.0,15.2,63,4,117,2,25.8,25.6,25.1,20.4,25.49999999999999,23.442857142857147,22.828571428571426,0.0,0.0,0.0,0.1,0.0,0.15714285714285817,2.285714285714286
2020-04-27,30.1,19.3,24.0,4.0,14.5,70,4,118,2,25.4,25.8,25.6,21.5,25.599999999999984,24.157142857142862,22.864285714285717,0.0,0.0,0.0,1.0,0.0,0.14285714285714388,2.285714285714286
2020-04-28,26.9,19.4,22.4,4.2,13.2,76,4,119,2,24.0,25.4,25.8,22.1,25.066666666666652,24.514285714285716,22.72142857142857,4.0,0.0,0.0,0.0,1.3333333333333321,0.5714285714285724,2.571428571428572
2020-04-29,33.6,19.6,25.5,0.0,26.7,59,4,120,2,22.4,24.0,25.4,23.6,23.93333333333332,24.557142857142857,22.842857142857145,4.2,4.0,0.0,0.0,2.733333333333332,1.1714285714285724,1.4071428571428577
2020-04-30,35.2,19.7,27.0,0.0,12.7,47,4,121,2,25.5,22.4,24.0,25.1,23.96666666666665,24.828571428571426,23.085714285714285,0.0,4.2,4.0,0.0,2.733333333333332,1.1714285714285724,1.3928571428571435
2020-05-01,34.3,20.0,27.1,0.5,11.2,52,5,122,2,27.0,25.5,22.4,25.6,24.96666666666665,25.099999999999998,23.335714285714285,0.0,0.0,4.2,0.0,1.3999999999999988,1.1714285714285724,1.3928571428571435
2020-05-02,33.1,21.2,26.1,0.7,19.1,54,5,123,2,27.1,27.0,25.5,25.8,26.53333333333332,25.314285714285713,23.88571428571429,0.5,0.0,0.0,0.0,0.1666666666666655,1.2428571428571438,0.7928571428571434
2020-05-03,28.8,18.8,23.6,0.4,8.8,68,5,124,2,26.1,27.1,27.0,25.4,26.73333333333332,25.357142857142858,24.4,0.7,0.5,0.0,0.0,0.3999999999999988,1.3428571428571439,0.7500000000000003
2020-05-04,32.4,18.8,24.9,0.0,21.7,55,5,125,2,23.6,26.1,27.1,24.0,25.59999999999999,25.1,24.62857142857143,0.4,0.7,0.5,4.0,0.5333333333333322,1.400000000000001,0.7714285714285719
2020-05-05,33.7,18.6,25.8,0.0,18.0,47,5,126,2,24.9,23.6,26.1,22.4,24.866666666666656,25.228571428571428,24.87142857142857,0.0,0.4,0.7,4.2,0.36666666666666553,0.8285714285714295,0.7000000000000004
2020-05-06,33.3,18.2,26.2,0.0,18.6,41,5,127,2,25.8,24.9,23.6,25.5,24.766666666666655,25.714285714285715,25.135714285714283,0.0,0.0,0.4,0.0,0.13333333333333217,0.2285714285714296,0.7000000000000004
2020-05-07,34.3,18.3,26.7,0.0,14.1,41,5,128,2,26.2,25.8,24.9,27.0,25.633333333333315,25.814285714285717,25.321428571428573,0.0,0.0,0.0,0.0,0.0,0.2285714285714296,0.7000000000000004
2020-05-08,37.2,22.2,29.8,0.0,16.6,35,5,129,2,26.7,26.2,25.8,27.1,26.23333333333332,25.771428571428572,25.435714285714287,0.0,0.0,0.0,0.5,0.0,0.2285714285714296,0.7000000000000004
2020-05-09,36.9,21.8,29.5,0.0,12.6,38,5,130,2,29.8,26.7,26.2,26.1,27.566666666666652,26.157142857142862,25.735714285714284,0.0,0.0,0.0,0.7,0.0,0.15714285714285817,0.7000000000000004
2020-05-10,36.0,22.6,29.6,0.0,12.1,37,5,131,2,29.5,29.8,26.7,23.6,28.666666666666654,26.642857142857142,26.0,0.0,0.0,0.0,0.4,0.0,0.05714285714285816,0.7000000000000004
2020-05-11,31.9,21.3,26.3,0.6,13.5,55,5,132,2,29.6,29.5,29.8,24.9,29.633333333333322,27.5,26.3,0.0,0.0,0.0,0.0,0.0,0.0,0.7000000000000004
2020-05-12,35.4,19.7,27.6,0.1,11.4,53,5,133,2,26.3,29.6,29.5,25.8,28.466666666666654,27.7,26.464285714285715,0.6,0.0,0.0,0.0,0.19999999999999882,0.08571428571428673,0.45714285714285763
2020-05-13,34.2,22.5,28.1,0.8,22.5,46,5,134,2,27.6,26.3,29.6,26.2,27.833333333333325,27.95714285714286,26.835714285714285,0.1,0.6,0.0,0.0,0.23333333333333214,0.100000000000001,0.16428571428571478
2020-05-14,26.8,18.5,22.4,10.3,20.1,74,5,135,2,28.1,27.6,26.3,26.7,27.333333333333318,28.228571428571428,27.021428571428572,0.8,0.1,0.6,0.0,0.49999999999999883,0.2142857142857153,0.22142857142857195
2020-05-15,32.6,17.1,25.0,0.0,16.6,58,5,136,2,22.4,28.1,27.6,29.8,26.03333333333332,27.614285714285717,26.692857142857143,10.3,0.8,0.1,0.0,3.7333333333333325,1.6857142857142868,0.9571428571428576
2020-05-16,33.2,21.3,27.0,0.0,22.4,38,5,137,2,25.0,22.4,28.1,29.5,25.166666666666654,26.928571428571427,26.54285714285714,0.0,10.3,0.8,0.0,3.6999999999999993,1.6857142857142868,0.9214285714285719
2020-05-17,33.6,20.1,26.9,0.0,22.7,36,5,138,2,27.0,25.0,22.4,29.6,24.799999999999986,26.571428571428573,26.607142857142858,0.0,0.0,10.3,0.0,3.4333333333333322,1.6857142857142868,0.871428571428572
2020-05-18,35.3,21.5,28.2,0.0,20.9,29,5,139,2,26.9,27.0,25.0,26.3,26.299999999999986,26.185714285714287,26.842857142857145,0.0,0.0,0.0,0.6,0.0,1.6857142857142868,0.8428571428571434
2020-05-19,33.9,22.5,27.9,0.0,16.4,30,5,140,2,28.2,26.9,27.0,27.6,27.366666666666656,26.457142857142856,27.07857142857143,0.0,0.0,0.0,0.1,0.0,1.6000000000000012,0.8428571428571434
2020-05-20,39.3,21.7,29.7,0.0,18.5,29,5,141,2,27.9,28.2,26.9,28.1,27.666666666666654,26.5,27.228571428571428,0.0,0.0,0.0,0.8,0.0,1.585714285714287,0.8428571428571434
2020-05-21,41.4,22.3,31.8,0.0,14.1,29,5,142,2,29.7,27.9,28.2,22.4,28.599999999999984,26.728571428571428,27.47857142857143,0.0,0.0,0.0,10.3,0.0,1.4714285714285726,0.8428571428571434
2020-05-22,41.4,21.5,32.4,0.0,19.8,26,5,143,2,31.8,29.7,27.9,25.0,29.799999999999983,28.071428571428573,27.842857142857138,0.0,0.0,0.0,0.0,0.0,0.0,0.8428571428571434
2020-05-23,39.2,24.5,31.6,0.0,17.8,30,5,144,2,32.4,31.8,29.7,27.0,31.299999999999986,29.128571428571426,28.028571428571432,0.0,0.0,0.0,0.0,0.0,0.0,0.8428571428571434
2020-05-24,39.7,23.3,31.8,0.0,12.1,30,5,145,2,31.6,32.4,31.8,26.9,31.93333333333332,29.785714285714285,28.178571428571427,0.0,0.0,0.0,0.0,0.0,0.0,0.8428571428571434
2020-05-25,43.5,26.2,34.2,0.0,20.9,27,5,146,2,31.8,31.6,32.4,28.2,31.933333333333323,30.485714285714284,28.335714285714285,0.0,0.0,0.0,0.0,0.0,0.0,0.8428571428571434
2020-05-26,43.8,24.3,35.2,0.0,21.2,23,5,147,2,34.2,31.8,31.6,27.9,32.533333333333324,31.342857142857145,28.900000000000002,0.0,0.0,0.0,0.0,0.0,0.0,0.8000000000000006
2020-05-27,44.0,23.6,35.1,0.0,24.0,21,5,148,2,35.2,34.2,31.8,29.7,33.73333333333333,32.385714285714286,29.442857142857147,0.0,0.0,0.0,0.0,0.0,0.0,0.7928571428571434
2020-05-28,41.0,25.8,32.9,0.1,21.4,26,5,149,2,35.1,35.2,34.2,31.8,34.83333333333332,33.15714285714286,29.942857142857143,0.0,0.0,0.0,0.0,0.0,0.0,0.7357142857142863
2020-05-29,33.2,23.5,28.5,10.7,18.6,50,5,150,2,32.9,35.1,35.2,32.4,34.399999999999984,33.31428571428571,30.692857142857147,0.1,0.0,0.0,0.0,0.03333333333333215,0.014285714285715302,0.007142857142857651
2020-05-30,34.3,23.5,27.8,0.7,14.6,51,5,151,2,28.5,32.9,35.1,31.6,32.16666666666665,32.75714285714286,30.942857142857147,10.7,0.1,0.0,0.0,3.5999999999999983,1.5428571428571438,0.7714285714285719
2020-05-31,33.3,21.6,27.4,0.2,15.6,54,5,152,2,27.8,28.5,32.9,31.8,29.73333333333332,32.214285714285715,31.000000000000004,0.7,10.7,0.1,0.0,3.8333333333333317,1.6428571428571437,0.8214285714285718
2020-06-01,32.7,21.8,26.4,0.8,15.8,60,6,153,3,27.4,27.8,28.5,34.2,27.899999999999988,31.58571428571429,31.035714285714285,0.2,0.7,10.7,0.0,3.8666666666666654,1.6714285714285724,0.8357142857142862
2020-06-02,31.6,21.3,25.8,2.3,12.1,66,6,154,3,26.4,27.4,27.8,35.2,27.199999999999985,30.47142857142857,30.907142857142855,0.8,0.2,0.7,0.0,0.5666666666666654,1.7857142857142865,0.8928571428571432
2020-06-03,34.7,21.4,27.9,0.0,11.2,52,6,155,3,25.8,26.4,27.4,35.1,26.53333333333332,29.12857142857143,30.75714285714286,2.3,0.8,0.2,0.0,1.0999999999999988,2.114285714285715,1.0571428571428576
2020-06-04,36.4,22.4,29.9,0.0,15.3,42,6,156,3,27.9,25.8,26.4,32.9,26.699999999999985,28.099999999999998,30.628571428571426,0.0,2.3,0.8,0.1,1.033333333333332,2.114285714285715,1.0571428571428576
2020-06-05,38.1,23.1,30.6,0.0,15.5,42,6,157,3,29.9,27.9,25.8,28.5,27.866666666666656,27.671428571428574,30.492857142857144,0.0,0.0,2.3,10.7,0.7666666666666654,2.100000000000001,1.0571428571428576
2020-06-06,37.2,24.3,30.7,0.0,17.8,49,6,158,3,30.6,29.9,27.9,27.8,29.46666666666665,27.971428571428568,30.364285714285717,0.0,0.0,0.0,0.7,0.0,0.5714285714285724,1.0571428571428576
2020-06-07,37.1,24.7,30.8,0.0,15.5,50,6,159,3,30.7,30.6,29.9,27.4,30.399999999999988,28.385714285714283,30.300000000000004,0.0,0.0,0.0,0.2,0.0,0.4714285714285724,1.0571428571428576
2020-06-08,38.0,25.3,30.9,0.1,17.6,54,6,160,3,30.8,30.7,30.6,26.4,30.69999999999999,28.87142857142857,30.22857142857143,0.0,0.0,0.0,0.8,0.0,0.4428571428571439,1.0571428571428576
2020-06-09,36.0,26.3,30.5,1.0,11.7,56,6,161,3,30.9,30.8,30.7,25.8,30.799999999999983,29.514285714285712,29.99285714285714,0.1,0.0,0.0,2.3,0.03333333333333215,0.34285714285714386,1.0642857142857147
2020-06-10,38.8,26.9,32.4,0.0,15.9,48,6,162,3,30.5,30.9,30.8,27.9,30.73333333333332,30.185714285714287,29.657142857142855,1.0,0.1,0.0,0.0,0.36666666666666553,0.15714285714285817,1.1357142857142861
2020-06-11,35.2,27.0,31.2,1.3,10.8,51,6,163,3,32.4,30.5,30.9,29.9,31.26666666666665,30.82857142857143,29.464285714285715,0.0,1.0,0.1,0.0,0.36666666666666553,0.15714285714285817,1.1357142857142861
2020-06-12,36.1,25.0,30.0,0.1,19.7,48,6,164,3,31.2,32.4,30.5,30.6,31.36666666666665,31.014285714285712,29.342857142857138,1.3,0.0,1.0,0.0,0.7666666666666656,0.34285714285714386,1.2214285714285718
2020-06-13,35.6,25.1,30.4,0.1,18.2,42,6,165,3,30.0,31.2,32.4,30.7,31.199999999999985,30.928571428571427,29.449999999999996,0.1,1.3,0.0,0.0,0.4666666666666655,0.35714285714285815,0.4642857142857148
2020-06-14,40.1,26.1,32.8,0.0,13.3,32,6,166,3,30.4,30.0,31.2,30.8,30.533333333333317,30.88571428571429,29.635714285714283,0.1,0.1,1.3,0.0,0.49999999999999883,0.37142857142857244,0.421428571428572
2020-06-15,42.0,25.8,33.4,0.0,12.9,26,6,167,3,32.8,30.4,30.0,30.9,31.06666666666665,31.17142857142857,30.02142857142857,0.0,0.1,0.1,0.1,0.06666666666666549,0.37142857142857244,0.40714285714285764
2020-06-16,42.4,24.2,33.4,0.0,13.0,23,6,168,3,33.4,32.8,30.4,30.5,32.19999999999998,31.52857142857143,30.521428571428572,0.0,0.0,0.1,1.0,0.03333333333333215,0.35714285714285815,0.35000000000000053
2020-06-17,42.4,22.8,33.2,0.0,12.3,28,6,169,3,33.4,33.4,32.8,32.4,33.19999999999998,31.94285714285714,31.064285714285713,0.0,0.0,0.0,0.0,0.0,0.21428571428571527,0.18571428571428622
2020-06-18,42.3,24.8,33.6,0.0,14.4,29,6,170,3,33.2,33.4,33.4,31.2,33.33333333333332,32.05714285714286,31.442857142857147,0.0,0.0,0.0,1.3,0.0,0.2142857142857153,0.18571428571428622
2020-06-19,40.3,26.1,33.4,0.0,9.8,38,6,171,3,33.6,33.2,33.4,30.0,33.399999999999984,32.4,31.707142857142856,0.0,0.0,0.0,0.1,0.0,0.028571428571429556,0.18571428571428622
2020-06-20,40.1,27.6,33.6,0.0,11.2,36,6,172,3,33.4,33.6,33.2,30.4,33.399999999999984,32.885714285714286,31.90714285714285,0.0,0.0,0.0,0.1,0.0,0.01428571428571527,0.18571428571428622
2020-06-21,42.3,26.3,34.2,0.0,10.5,39,6,173,3,33.6,33.4,33.6,32.8,33.533333333333324,33.34285714285714,32.114285714285714,0.0,0.0,0.0,0.0,0.0,0.0,0.18571428571428622
2020-06-22,41.8,26.8,34.2,0.0,16.3,44,6,174,3,34.2,33.6,33.4,33.4,33.73333333333332,33.542857142857144,32.357142857142854,0.0,0.0,0.0,0.0,0.0,0.0,0.18571428571428622
2020-06-23,39.4,28.7,32.9,1.3,16.6,55,6,175,3,34.2,34.2,33.6,33.4,33.99999999999999,33.65714285714286,32.59285714285714,0.0,0.0,0.0,0.0,0.0,0.0,0.17857142857142907
2020-06-24,33.8,25.1,28.5,18.9,11.3,73,6,176,3,32.9,34.2,34.2,33.2,33.76666666666666,33.58571428571428,32.76428571428571,1.3,0.0,0.0,0.0,0.4333333333333322,0.1857142857142867,0.20000000000000048
2020-06-25,35.9,24.8,30.4,5.7,9.2,65,6,177,3,28.5,32.9,34.2,33.6,31.866666666666656,32.91428571428572,32.48571428571429,18.9,1.3,0.0,0.0,6.733333333333332,2.8857142857142866,1.5500000000000005
2020-06-26,36.0,27.2,31.5,0.2,13.1,61,6,178,3,30.4,28.5,32.9,33.4,30.599999999999984,32.45714285714286,32.42857142857143,5.7,18.9,1.3,0.0,8.633333333333331,3.7000000000000006,1.8642857142857145
2020-06-27,40.0,27.1,33.3,0.0,14.0,52,6,179,3,31.5,30.4,28.5,33.6,30.133333333333315,32.18571428571429,32.535714285714285,0.2,5.7,18.9,0.0,8.266666666666664,3.728571428571429,1.8714285714285719
2020-06-28,36.4,27.6,31.3,0.0,28.0,56,6,180,3,33.3,31.5,30.4,34.2,31.73333333333332,32.142857142857146,32.74285714285714,0.0,0.2,5.7,0.0,1.9666666666666657,3.728571428571429,1.8642857142857145
2020-06-29,37.2,26.0,31.9,0.2,12.0,55,6,181,3,31.3,33.3,31.5,34.2,32.03333333333332,31.728571428571428,32.635714285714286,0.0,0.0,0.2,0.0,0.06666666666666549,3.728571428571429,1.8642857142857145
2020-06-30,39.4,26.9,33.3,0.0,13.4,44,6,182,3,31.9,31.3,33.3,32.9,32.16666666666665,31.400000000000002,32.528571428571425,0.2,0.0,0.0,1.3,0.06666666666666549,3.7571428571428584,1.8785714285714292
2020-07-01,40.7,27.3,34.2,0.0,16.9,40,7,183,3,33.3,31.9,31.3,28.5,32.16666666666665,31.457142857142856,32.52142857142857,0.0,0.2,0.0,18.9,0.06666666666666549,3.5714285714285725,1.8785714285714292
2020-07-02,43.0,28.0,35.1,0.0,12.6,39,7,184,3,34.2,33.3,31.9,30.4,33.13333333333332,32.271428571428565,32.59285714285714,0.0,0.0,0.2,5.7,0.06666666666666549,0.8714285714285726,1.8785714285714292
2020-07-03,45.7,26.1,36.0,0.0,15.3,33,7,185,3,35.1,34.2,33.3,31.5,34.19999999999998,32.94285714285714,32.7,0.0,0.0,0.0,0.2,0.0,0.05714285714285816,1.8785714285714292
2020-07-04,37.9,28.0,32.6,0.6,19.8,51,7,186,3,36.0,35.1,34.2,33.3,35.09999999999999,33.58571428571428,32.885714285714286,0.0,0.0,0.0,0.0,0.0,0.028571428571429587,1.8785714285714292
2020-07-05,35.7,24.0,30.4,10.3,14.2,54,7,187,3,32.6,36.0,35.1,31.3,34.566666666666656,33.48571428571429,32.81428571428571,0.6,0.0,0.0,0.0,0.19999999999999882,0.11428571428571531,1.921428571428572
2020-07-06,39.1,25.6,32.3,0.0,18.6,47,7,188,3,30.4,32.6,36.0,31.9,32.999999999999986,33.357142857142854,32.542857142857144,10.3,0.6,0.0,0.2,3.6333333333333324,1.585714285714287,2.6571428571428575
2020-07-07,41.0,26.5,33.7,0.0,13.7,45,7,189,3,32.3,30.4,32.6,33.3,31.76666666666665,33.41428571428571,32.40714285714286,0.0,10.3,0.6,0.0,3.6333333333333324,1.5571428571428585,2.6571428571428575
2020-07-08,40.9,27.3,34.0,0.0,14.9,47,7,190,3,33.7,32.3,30.4,34.2,32.13333333333332,33.471428571428575,32.464285714285715,0.0,0.0,10.3,0.0,3.4333333333333322,1.5571428571428585,2.5642857142857145
2020-07-09,39.0,28.9,33.7,0.6,16.2,52,7,191,3,34.0,33.7,32.3,35.1,33.333333333333314,33.44285714285714,32.857142857142854,0.0,0.0,0.0,0.0,0.0,1.5571428571428585,1.2142857142857149
2020-07-10,41.6,30.3,35.4,0.0,17.2,41,7,192,3,33.7,34.0,33.7,36.0,33.79999999999999,33.24285714285714,33.09285714285714,0.6,0.0,0.0,0.0,0.19999999999999882,1.6428571428571441,0.8500000000000005
2020-07-11,43.2,28.8,35.5,0.0,20.9,41,7,193,3,35.4,33.7,34.0,32.6,34.36666666666665,33.15714285714286,33.371428571428574,0.0,0.6,0.0,0.6,0.19999999999999882,1.6428571428571441,0.8357142857142862
2020-07-12,37.9,24.8,31.8,9.0,20.9,50,7,194,3,35.5,35.4,33.7,30.4,34.86666666666665,33.57142857142857,33.528571428571425,0.0,0.0,0.6,10.3,0.19999999999999882,1.5571428571428583,0.8357142857142862
2020-07-13,39.5,27.6,33.8,0.0,14.3,39,7,195,3,31.8,35.5,35.4,32.3,34.23333333333331,33.77142857142857,33.56428571428571,9.0,0.0,0.0,0.0,2.9999999999999987,1.3714285714285723,1.478571428571429
2020-07-14,42.1,27.8,35.6,0.0,18.9,32,7,196,3,33.8,31.8,35.5,33.7,33.69999999999998,33.98571428571429,33.7,0.0,9.0,0.0,0.0,2.9999999999999987,1.3714285714285723,1.4642857142857149
2020-07-15,40.3,29.4,34.2,1.4,16.6,43,7,197,3,35.6,33.8,31.8,34.0,33.73333333333332,34.25714285714285,33.864285714285714,0.0,0.0,9.0,0.0,2.9999999999999987,1.3714285714285723,1.4642857142857149
2020-07-16,37.4,28.1,32.3,0.3,15.5,58,7,198,3,34.2,35.6,33.8,33.7,34.533333333333324,34.285714285714285,33.864285714285714,1.4,0.0,0.0,0.6,0.46666666666666545,1.5714285714285725,1.5642857142857147
2020-07-17,36.7,28.3,32.1,1.6,11.3,60,7,199,3,32.3,34.2,35.6,35.4,34.033333333333324,34.08571428571428,33.66428571428572,0.3,1.4,0.0,0.0,0.5666666666666654,1.5285714285714296,1.585714285714286
2020-07-18,39.6,28.3,33.8,0.0,11.9,55,7,200,3,32.1,32.3,34.2,35.5,32.86666666666665,33.614285714285714,33.385714285714286,1.6,0.3,1.4,0.0,1.0999999999999988,1.7571428571428582,1.7000000000000006
2020-07-19,41.0,29.1,34.7,0.0,18.4,48,7,201,3,33.8,32.1,32.3,31.8,32.73333333333331,33.371428571428574,33.47142857142857,0.0,1.6,0.3,9.0,0.6333333333333322,1.7571428571428582,1.6571428571428577
2020-07-20,40.0,25.5,33.1,6.1,26.4,56,7,202,3,34.7,33.8,32.1,33.8,33.53333333333332,33.785714285714285,33.778571428571425,0.0,0.0,1.6,0.0,0.5333333333333322,0.4714285714285724,0.9214285714285718
2020-07-21,32.1,24.1,27.6,11.0,18.1,68,7,203,3,33.1,34.7,33.8,35.6,33.86666666666665,33.68571428571429,33.83571428571428,6.1,0.0,0.0,0.0,2.033333333333332,1.3428571428571436,1.3571428571428574
2020-07-22,35.6,22.6,29.0,4.4,12.6,62,7,204,3,27.6,33.1,34.7,34.2,31.799999999999986,32.542857142857144,33.4,11.0,6.1,0.0,1.4,5.699999999999998,2.914285714285715,2.1428571428571432
2020-07-23,39.0,25.3,31.9,0.0,16.5,53,7,205,3,29.0,27.6,33.1,32.3,29.899999999999988,31.8,33.042857142857144,4.4,11.0,6.1,0.3,7.166666666666665,3.342857142857144,2.4571428571428577
2020-07-24,36.1,25.9,30.9,2.3,22.7,64,7,206,3,31.9,29.0,27.6,32.1,29.499999999999986,31.742857142857144,32.91428571428572,0.0,4.4,11.0,1.6,5.133333333333332,3.300000000000001,2.4142857142857146
2020-07-25,36.7,24.9,30.8,7.4,18.5,67,7,207,3,30.9,31.9,29.0,33.8,30.599999999999984,31.571428571428573,32.59285714285714,2.3,0.0,4.4,0.0,2.233333333333332,3.400000000000001,2.5785714285714287
2020-07-26,35.0,25.7,30.0,1.5,15.2,71,7,208,3,30.8,30.9,31.9,34.7,31.199999999999985,31.142857142857142,32.25714285714285,7.4,2.3,0.0,0.0,3.233333333333332,4.457142857142858,3.107142857142857
2020-07-27,37.4,25.7,32.1,1.2,18.3,62,7,209,3,30.0,30.8,30.9,33.1,30.566666666666652,30.47142857142857,32.128571428571426,1.5,7.4,2.3,6.1,3.733333333333332,4.671428571428572,2.5714285714285716
2020-07-28,39.3,28.0,33.9,0.0,17.6,55,7,210,3,32.1,30.0,30.8,27.6,30.96666666666665,30.32857142857143,32.00714285714286,1.2,1.5,7.4,11.0,3.3666666666666654,3.9714285714285724,2.6571428571428575
2020-07-29,41.3,29.3,34.7,0.0,18.7,52,7,211,3,33.9,32.1,30.0,29.0,31.999999999999986,31.228571428571428,31.885714285714283,0.0,1.2,1.5,4.4,0.8999999999999989,2.4000000000000012,2.6571428571428575
2020-07-30,37.8,26.1,30.4,4.0,25.1,69,7,212,3,34.7,33.9,32.1,31.9,33.566666666666656,32.042857142857144,31.92142857142857,0.0,0.0,1.2,0.0,0.3999999999999988,1.7714285714285725,2.5571428571428574
2020-07-31,34.8,24.7,28.9,18.5,15.2,77,7,213,3,30.4,34.7,33.9,30.9,32.99999999999998,31.82857142857143,31.785714285714285,4.0,0.0,0.0,2.3,1.3333333333333321,2.342857142857144,2.821428571428572
2020-08-01,33.9,24.1,28.7,6.3,11.3,75,8,214,3,28.9,30.4,34.7,30.8,31.333333333333314,31.542857142857144,31.557142857142857,18.5,4.0,0.0,7.4,7.499999999999999,4.657142857142858,4.028571428571429
2020-08-02,37.4,25.5,32.0,4.5,12.2,62,8,215,3,28.7,28.9,30.4,30.0,29.333333333333314,31.242857142857144,31.192857142857143,6.3,18.5,4.0,1.5,9.6,4.500000000000001,4.478571428571429
2020-08-03,36.3,28.1,31.5,2.7,14.8,69,8,216,3,32.0,28.7,28.9,32.1,29.866666666666646,31.528571428571432,31.0,4.5,6.3,18.5,1.2,9.766666666666666,4.92857142857143,4.8
2020-08-04,35.8,24.9,30.4,14.9,16.4,69,8,217,3,31.5,32.0,28.7,33.9,30.733333333333317,31.442857142857147,30.885714285714283,2.7,4.5,6.3,0.0,4.499999999999999,5.142857142857143,4.557142857142858
2020-08-05,38.4,26.5,32.0,1.6,13.8,63,8,218,3,30.4,31.5,32.0,34.7,31.299999999999983,30.942857142857143,31.085714285714285,14.9,2.7,4.5,0.0,7.366666666666666,7.271428571428572,4.835714285714286
2020-08-06,38.3,27.2,32.3,1.1,16.8,63,8,219,3,32.0,30.4,31.5,30.4,31.299999999999983,30.557142857142853,31.300000000000004,1.6,14.9,2.7,4.0,6.399999999999999,7.500000000000001,4.635714285714286
2020-08-07,39.4,28.2,33.6,0.0,10.2,60,8,220,3,32.3,32.0,30.4,28.9,31.566666666666645,30.82857142857143,31.328571428571426,1.1,1.6,14.9,18.5,5.866666666666666,7.085714285714286,4.714285714285714
2020-08-08,37.0,29.2,32.9,0.0,10.8,63,8,221,3,33.6,32.3,32.0,28.7,32.63333333333332,31.5,31.521428571428572,0.0,1.1,1.6,6.3,0.8999999999999982,4.442857142857144,4.55
2020-08-09,35.4,27.6,31.1,6.8,16.8,70,8,222,3,32.9,33.6,32.3,32.0,32.933333333333316,32.1,31.67142857142857,0.0,0.0,1.1,4.5,0.3666666666666649,3.5428571428571436,4.021428571428571
2020-08-10,35.8,25.6,30.6,7.2,15.3,71,8,223,3,31.1,32.9,33.6,31.5,32.53333333333332,31.971428571428568,31.75,6.8,0.0,0.0,2.7,2.266666666666665,3.8714285714285714,4.4
2020-08-11,36.5,26.4,30.9,2.7,14.1,71,8,224,3,30.6,31.1,32.9,30.4,31.533333333333317,31.842857142857138,31.642857142857142,7.2,6.8,0.0,14.9,4.666666666666665,4.514285714285715,4.828571428571429
2020-08-12,37.8,27.5,32.6,0.6,16.5,67,8,225,3,30.9,30.6,31.1,32.0,30.86666666666665,31.914285714285715,31.428571428571427,2.7,7.2,6.8,1.6,5.5666666666666655,2.771428571428572,5.021428571428572
2020-08-13,36.9,27.4,32.1,3.1,15.1,70,8,226,3,32.6,30.9,30.6,32.3,31.36666666666665,32.0,31.278571428571432,0.6,2.7,7.2,1.1,3.4999999999999982,2.6285714285714294,5.064285714285715
2020-08-14,34.5,25.6,29.9,11.7,17.1,77,8,227,3,32.1,32.6,30.9,33.6,31.86666666666665,31.97142857142857,31.4,3.1,0.6,2.7,0.0,2.1333333333333315,2.9142857142857146,5.000000000000001
2020-08-15,33.9,26.4,29.8,4.9,16.1,79,8,228,3,29.9,32.1,32.6,32.9,31.53333333333332,31.442857142857147,31.47142857142857,11.7,3.1,0.6,0.0,5.133333333333332,4.585714285714286,4.514285714285714
2020-08-16,36.2,27.3,31.0,4.1,14.8,76,8,229,3,29.8,29.9,32.1,31.1,30.599999999999984,31.0,31.55,4.9,11.7,3.1,6.8,6.5666666666666655,5.285714285714286,4.414285714285715
2020-08-17,37.0,28.1,32.2,1.8,19.6,72,8,230,3,31.0,29.8,29.9,30.6,30.233333333333317,30.985714285714288,31.478571428571428,4.1,4.9,11.7,7.2,6.899999999999999,4.9,4.385714285714286
2020-08-18,33.5,25.7,29.0,12.8,16.8,81,8,231,3,32.2,31.0,29.8,30.9,30.999999999999982,31.214285714285715,31.528571428571432,1.8,4.1,4.9,2.7,3.5999999999999983,4.128571428571429,4.321428571428571
2020-08-19,33.0,24.7,28.7,3.6,13.0,80,8,232,3,29.0,32.2,31.0,32.6,30.73333333333332,30.942857142857147,31.428571428571427,12.8,1.8,4.1,0.6,6.233333333333332,5.571428571428571,4.171428571428572
2020-08-20,27.3,24.6,25.5,42.4,12.2,91,8,233,3,28.7,29.0,32.2,32.1,29.96666666666665,30.385714285714283,31.192857142857143,3.6,12.8,1.8,3.1,6.0666666666666655,6.0,4.314285714285714
2020-08-21,33.7,23.8,28.2,0.5,11.8,76,8,234,3,25.5,28.7,29.0,29.9,27.733333333333317,29.442857142857143,30.70714285714286,42.4,3.6,12.8,11.7,19.599999999999998,11.614285714285714,7.264285714285714
2020-08-22,33.9,24.4,28.8,1.8,12.8,74,8,235,3,28.2,25.5,28.7,29.8,27.46666666666665,29.199999999999996,30.321428571428573,0.5,42.4,3.6,4.9,15.499999999999998,10.014285714285714,7.3
2020-08-23,34.7,25.6,29.9,0.2,11.2,72,8,236,3,28.8,28.2,25.5,31.0,27.499999999999982,29.057142857142857,30.028571428571432,1.8,0.5,42.4,4.1,14.899999999999997,9.571428571428571,7.428571428571429
2020-08-24,34.9,26.9,30.3,0.6,11.8,75,8,237,3,29.9,28.8,28.2,32.2,28.96666666666665,28.900000000000002,29.942857142857143,0.2,1.8,0.5,1.8,0.8333333333333309,9.014285714285714,6.957142857142857
2020-08-25,34.4,26.3,29.8,9.7,17.1,78,8,238,3,30.3,29.9,28.8,29.0,29.666666666666647,28.62857142857143,29.92142857142857,0.6,0.2,1.8,12.8,0.8666666666666644,8.842857142857143,6.485714285714286
2020-08-26,32.6,24.6,27.7,10.3,11.3,79,8,239,3,29.8,30.3,29.9,28.7,29.999999999999986,28.74285714285714,29.842857142857145,9.7,0.6,0.2,3.6,3.499999999999998,8.4,6.985714285714286
2020-08-27,30.7,25.0,27.1,6.4,12.6,81,8,240,3,27.7,29.8,30.3,25.5,29.26666666666665,28.599999999999998,29.49285714285714,10.3,9.7,0.6,42.4,6.8666666666666645,9.357142857142858,7.678571428571429
2020-08-28,31.0,23.3,26.3,8.4,9.7,80,8,241,3,27.1,27.7,29.8,28.2,28.199999999999985,28.82857142857143,29.13571428571429,6.4,10.3,9.7,0.5,8.799999999999997,4.214285714285714,7.914285714285714
2020-08-29,33.8,24.1,28.8,0.0,5.8,69,8,242,3,26.3,27.1,27.7,28.8,27.033333333333317,28.557142857142857,28.87857142857143,8.4,6.4,10.3,1.8,8.366666666666665,5.3428571428571425,7.678571428571429
2020-08-30,35.1,25.5,29.9,1.2,8.7,65,8,243,3,28.8,26.3,27.1,29.9,27.399999999999988,28.557142857142857,28.807142857142857,0.0,8.4,6.4,0.2,4.933333333333331,5.085714285714286,7.328571428571429
2020-08-31,31.3,24.8,27.0,13.6,16.8,80,8,244,3,29.9,28.8,26.3,30.3,28.333333333333314,28.557142857142853,28.72857142857143,1.2,0.0,8.4,0.6,3.1999999999999975,5.228571428571429,7.121428571428571
2020-09-01,24.6,21.9,23.0,95.7,10.8,88,9,245,4,27.0,29.9,28.8,29.8,28.566666666666652,28.08571428571429,28.357142857142858,13.6,1.2,0.0,9.7,4.933333333333331,7.0857142857142845,7.964285714285714
2020-09-02,28.2,21.1,23.5,23.5,7.9,86,9,246,4,23.0,27.0,29.9,27.7,26.633333333333315,27.114285714285717,27.928571428571427,95.7,13.6,1.2,10.3,36.833333333333336,19.37142857142857,13.885714285714286
2020-09-03,28.2,21.5,24.6,11.8,6.9,82,9,247,4,23.5,23.0,27.0,27.1,24.499999999999982,26.514285714285716,27.557142857142857,23.5,95.7,13.6,6.4,44.26666666666667,21.25714285714286,15.307142857142859
2020-09-04,33.0,22.0,27.0,0.5,9.8,76,9,248,4,24.6,23.5,23.0,26.3,23.699999999999985,26.157142857142855,27.49285714285714,11.8,23.5,95.7,8.4,43.666666666666664,22.028571428571432,13.121428571428572
2020-09-05,33.9,23.1,28.2,0.0,8.6,74,9,249,4,27.0,24.6,23.5,28.8,25.033333333333317,26.25714285714286,27.407142857142855,0.5,11.8,23.5,0.0,11.933333333333332,20.900000000000002,13.121428571428572
2020-09-06,33.1,23.9,28.4,4.1,10.2,73,9,250,4,28.2,27.0,24.6,29.9,26.599999999999984,26.17142857142857,27.364285714285717,0.0,0.5,11.8,1.2,4.1000000000000005,20.900000000000002,12.992857142857144
2020-09-07,33.7,22.3,28.1,1.6,12.1,71,9,251,4,28.4,28.2,27.0,27.0,27.86666666666665,25.95714285714286,27.25714285714286,4.1,0.0,0.5,13.6,1.5333333333333332,21.314285714285717,13.271428571428572
2020-09-08,34.1,23.6,28.8,0.0,10.8,67,9,252,4,28.1,28.4,28.2,23.0,28.233333333333317,26.11428571428571,27.1,1.6,4.1,0.0,95.7,1.8999999999999997,19.6,13.342857142857143
2020-09-09,34.8,23.7,29.1,0.0,8.2,67,9,253,4,28.8,28.1,28.4,23.5,28.43333333333332,26.942857142857147,27.02857142857143,0.0,1.6,4.1,23.5,1.8999999999999997,5.928571428571429,12.65
2020-09-10,35.6,23.2,29.1,0.0,12.4,66,9,254,4,29.1,28.8,28.1,24.6,28.666666666666654,27.742857142857144,27.12857142857143,0.0,0.0,1.6,11.8,0.5333333333333333,2.5714285714285716,11.914285714285715
2020-09-11,34.9,24.4,29.3,0.0,7.9,64,9,255,4,29.1,29.1,28.8,27.0,28.999999999999982,28.385714285714283,27.271428571428572,0.0,0.0,0.0,0.5,0.0,0.8857142857142856,11.457142857142857
2020-09-12,36.1,25.2,30.2,0.2,9.0,61,9,256,4,29.3,29.1,29.1,28.2,29.166666666666654,28.714285714285715,27.485714285714284,0.0,0.0,0.0,0.0,0.0,0.8142857142857142,10.857142857142858
2020-09-13,35.8,24.4,30.1,0.1,9.2,61,9,257,4,30.2,29.3,29.1,28.4,29.533333333333317,29.0,27.58571428571429,0.2,0.0,0.0,4.1,0.06666666666666667,0.8428571428571427,10.87142857142857
2020-09-14,35.6,24.4,29.8,0.1,9.4,62,9,258,4,30.1,30.2,29.3,28.1,29.86666666666665,29.24285714285714,27.599999999999998,0.1,0.2,0.0,1.6,0.10000000000000002,0.27142857142857146,10.792857142857144
2020-09-15,36.7,24.9,30.5,0.0,9.7,55,9,259,4,29.8,30.1,30.2,28.8,30.033333333333317,29.485714285714288,27.8,0.1,0.1,0.2,0.0,0.13333333333333333,0.05714285714285715,9.828571428571431
2020-09-16,37.6,25.2,30.8,0.0,8.3,49,9,260,4,30.5,29.8,30.1,29.1,30.133333333333315,29.728571428571428,28.335714285714285,0.0,0.1,0.1,0.0,0.06666666666666667,0.05714285714285715,2.992857142857143
2020-09-17,38.8,24.8,30.8,0.0,8.4,44,9,261,4,30.8,30.5,29.8,29.1,30.36666666666665,29.97142857142857,28.857142857142858,0.0,0.0,0.1,0.0,0.03333333333333333,0.05714285714285715,1.3142857142857145
2020-09-18,38.9,23.6,30.2,0.0,11.6,46,9,262,4,30.8,30.8,30.5,29.3,30.699999999999985,30.214285714285715,29.300000000000004,0.0,0.0,0.0,0.0,0.0,0.05714285714285715,0.4714285714285714
2020-09-19,38.4,23.3,30.3,0.0,11.9,44,9,263,4,30.2,30.8,30.8,30.2,30.599999999999984,30.342857142857145,29.528571428571432,0.0,0.0,0.0,0.2,0.0,0.05714285714285715,0.43571428571428567
2020-09-20,38.5,22.9,30.1,0.0,12.1,43,9,264,4,30.3,30.2,30.8,30.1,30.43333333333332,30.357142857142858,29.678571428571427,0.0,0.0,0.0,0.1,0.0,0.028571428571428574,0.43571428571428567
2020-09-21,37.6,20.5,29.0,0.0,10.5,42,9,265,4,30.1,30.3,30.2,29.8,30.199999999999985,30.357142857142858,29.8,0.0,0.0,0.0,0.1,0.0,0.014285714285714287,0.14285714285714285
2020-09-22,37.6,20.9,29.2,0.0,9.7,47,9,266,4,29.0,30.1,30.3,30.5,29.799999999999983,30.242857142857144,29.86428571428571,0.0,0.0,0.0,0.0,0.0,0.0,0.028571428571428574
2020-09-23,37.5,22.1,29.2,0.0,11.5,51,9,267,4,29.2,29.0,30.1,30.8,29.43333333333332,30.057142857142857,29.892857142857142,0.0,0.0,0.0,0.0,0.0,0.0,0.028571428571428574
2020-09-24,38.6,22.2,29.5,0.0,12.7,52,9,268,4,29.2,29.2,29.0,30.8,29.133333333333315,29.828571428571426,29.900000000000002,0.0,0.0,0.0,0.0,0.0,0.0,0.028571428571428574
2020-09-25,35.6,22.5,28.5,0.1,20.2,57,9,269,4,29.5,29.2,29.2,30.2,29.299999999999983,29.642857142857142,29.928571428571427,0.0,0.0,0.0,0.0,0.0,0.0,0.028571428571428574
2020-09-26,32.2,21.8,26.7,0.4,12.4,57,9,270,4,28.5,29.5,29.2,30.3,29.06666666666665,29.4,29.871428571428574,0.1,0.0,0.0,0.0,0.03333333333333333,0.014285714285714287,0.03571428571428571
2020-09-27,31.7,21.4,26.6,0.4,21.9,47,9,271,4,26.7,28.5,29.5,30.1,28.233333333333317,28.88571428571429,29.62142857142857,0.4,0.1,0.0,0.0,0.16666666666666666,0.07142857142857142,0.049999999999999996
2020-09-28,34.2,22.0,28.1,0.0,16.4,38,9,272,4,26.6,26.7,28.5,29.0,27.26666666666665,28.385714285714283,29.371428571428574,0.4,0.4,0.1,0.0,0.3,0.1285714285714286,0.07142857142857142
2020-09-29,33.4,23.0,27.7,0.0,16.3,36,9,273,4,28.1,26.6,26.7,29.2,27.133333333333315,28.257142857142856,29.25,0.0,0.4,0.4,0.0,0.26666666666666666,0.1285714285714286,0.06428571428571428
2020-09-30,33.4,21.3,27.3,0.0,18.9,36,9,274,4,27.7,28.1,26.6,29.2,27.46666666666665,28.042857142857144,29.05,0.0,0.0,0.4,0.0,0.13333333333333333,0.1285714285714286,0.06428571428571428
2020-10-01,34.6,22.9,28.4,0.0,16.9,29,10,275,4,27.3,27.7,28.1,29.5,27.699999999999985,27.771428571428572,28.8,0.0,0.0,0.0,0.0,0.0,0.1285714285714286,0.06428571428571428
2020-10-02,35.3,20.7,27.1,0.0,10.8,35,10,276,4,28.4,27.3,27.7,28.5,27.799999999999983,27.614285714285717,28.628571428571426,0.0,0.0,0.0,0.1,0.0,0.1285714285714286,0.06428571428571428
2020-10-03,35.1,19.8,26.7,0.0,9.5,43,10,277,4,27.1,28.4,27.3,26.7,27.599999999999984,27.414285714285715,28.407142857142855,0.0,0.0,0.0,0.4,0.0,0.1142857142857143,0.06428571428571428
2020-10-04,34.7,19.3,26.5,0.0,9.9,44,10,278,4,26.7,27.1,28.4,26.6,27.39999999999998,27.414285714285715,28.15,0.0,0.0,0.0,0.4,0.0,0.05714285714285715,0.06428571428571428
2020-10-05,35.6,20.0,26.8,0.0,8.6,36,10,279,4,26.5,26.7,27.1,28.1,26.76666666666665,27.400000000000002,27.892857142857142,0.0,0.0,0.0,0.0,0.0,0.0,0.06428571428571428
2020-10-06,34.8,18.9,26.5,0.0,7.8,39,10,280,4,26.8,26.5,26.7,27.7,26.666666666666647,27.214285714285715,27.735714285714288,0.0,0.0,0.0,0.0,0.0,0.0,0.06428571428571428
2020-10-07,34.5,18.6,26.5,0.0,8.9,48,10,281,4,26.5,26.8,26.5,27.3,26.599999999999984,27.04285714285714,27.542857142857144,0.0,0.0,0.0,0.0,0.0,0.0,0.06428571428571428
2020-10-08,34.8,19.1,26.6,0.0,10.4,50,10,282,4,26.5,26.5,26.8,28.4,26.599999999999984,26.928571428571427,27.349999999999998,0.0,0.0,0.0,0.0,0.0,0.0,0.06428571428571428
2020-10-09,34.6,20.3,27.0,0.0,11.3,47,10,283,4,26.6,26.5,26.5,27.1,26.533333333333317,26.67142857142857,27.142857142857142,0.0,0.0,0.0,0.0,0.0,0.0,0.06428571428571428
2020-10-10,34.5,21.0,26.7,0.0,11.2,45,10,284,4,27.0,26.6,26.5,26.7,26.699999999999985,26.657142857142862,27.035714285714285,0.0,0.0,0.0,0.0,0.0,0.0,0.05714285714285715
2020-10-11,33.5,20.4,26.2,0.0,10.7,41,10,285,4,26.7,27.0,26.6,26.5,26.76666666666665,26.657142857142855,27.035714285714285,0.0,0.0,0.0,0.0,0.0,0.0,0.02857142857142857
2020-10-12,32.9,20.0,25.4,0.0,11.1,39,10,286,4,26.2,26.7,27.0,26.8,26.633333333333315,26.61428571428571,27.007142857142856,0.0,0.0,0.0,0.0,0.0,0.0,0.0
2020-10-13,30.9,20.1,25.0,0.0,18.0,34,10,287,4,25.4,26.2,26.7,26.5,26.099999999999984,26.414285714285715,26.814285714285713,0.0,0.0,0.0,0.0,0.0,0.0,0.0
2020-10-14,33.0,16.7,24.7,0.0,11.8,33,10,288,4,25.0,25.4,26.2,26.5,25.533333333333314,26.2,26.621428571428574,0.0,0.0,0.0,0.0,0.0,0.0,0.0
2020-10-15,32.5,17.0,24.9,0.0,7.7,33,10,289,4,24.7,25.0,25.4,26.6,25.033333333333317,25.942857142857143,26.435714285714287,0.0,0.0,0.0,0.0,0.0,0.0,0.0
2020-10-16,32.7,17.2,24.5,0.0,8.5,41,10,290,4,24.9,24.7,25.0,27.0,24.86666666666665,25.7,26.185714285714287,0.0,0.0,0.0,0.0,0.0,0.0,0.0
2020-10-17,32.1,16.0,23.6,0.0,9.4,55,10,291,4,24.5,24.9,24.7,26.7,24.699999999999985,25.342857142857138,26.0,0.0,0.0,0.0,0.0,0.0,0.0,0.0
2020-10-18,32.3,17.7,23.9,0.0,8.5,51,10,292,4,23.6,24.5,24.9,26.2,24.333333333333314,24.9,25.778571428571432,0.0,0.0,0.0,0.0,0.0,0.0,0.0
2020-10-19,31.6,16.2,22.9,0.0,8.0,53,10,293,4,23.9,23.6,24.5,25.4,23.999999999999986,24.571428571428573,25.592857142857145,0.0,0.0,0.0,0.0,0.0,0.0,0.0
2020-10-20,30.1,14.8,22.6,0.0,9.4,56,10,294,4,22.9,23.9,23.6,25.0,23.46666666666665,24.214285714285715,25.314285714285713,0.0,0.0,0.0,0.0,0.0,0.0,0.0
2020-10-21,30.4,16.0,23.0,0.0,8.3,53,10,295,4,22.6,22.9,23.9,24.7,23.133333333333315,23.87142857142857,25.035714285714285,0.0,0.0,0.0,0.0,0.0,0.0,0.0
2020-10-22,30.1,15.0,21.8,0.0,9.2,56,10,296,4,23.0,22.6,22.9,24.9,22.833333333333318,23.62857142857143,24.785714285714285,0.0,0.0,0.0,0.0,0.0,0.0,0.0
2020-10-23,29.3,14.3,21.8,0.0,9.4,58,10,297,4,21.8,23.0,22.6,24.5,22.46666666666665,23.185714285714287,24.442857142857143,0.0,0.0,0.0,0.0,0.0,0.0,0.0
2020-10-24,29.9,16.2,22.1,0.0,7.8,50,10,298,4,21.8,21.8,23.0,23.6,22.199999999999985,22.8,24.071428571428573,0.0,0.0,0.0,0.0,0.0,0.0,0.0
2020-10-25,21.1,16.4,18.8,1.1,18.4,55,10,299,4,22.1,21.8,21.8,23.9,21.899999999999988,22.58571428571429,23.74285714285714,0.0,0.0,0.0,0.0,0.0,0.0,0.0
2020-10-26,29.2,13.2,20.9,0.0,13.6,36,10,300,4,18.8,22.1,21.8,22.9,20.899999999999984,21.857142857142858,23.214285714285715,1.1,0.0,0.0,0.0,0.3666666666666667,0.15714285714285717,0.07857142857142858
2020-10-27,29.5,13.9,20.1,0.0,9.8,36,10,301,4,20.9,18.8,22.1,22.6,20.599999999999984,21.571428571428573,22.892857142857142,0.0,1.1,0.0,0.0,0.3666666666666667,0.15714285714285717,0.07857142857142858
2020-10-28,28.5,13.4,20.1,0.0,10.1,57,10,302,4,20.1,20.9,18.8,23.0,19.933333333333316,21.214285714285715,22.542857142857144,0.0,0.0,1.1,0.0,0.3666666666666667,0.15714285714285717,0.07857142857142858
2020-10-29,28.7,14.9,20.9,0.0,10.0,54,10,303,4,20.1,20.1,20.9,21.8,20.36666666666665,20.800000000000004,22.214285714285715,0.0,0.0,0.0,0.0,0.0,0.15714285714285717,0.07857142857142858
2020-10-30,28.7,14.9,20.7,0.0,12.7,35,10,304,4,20.9,20.1,20.1,21.8,20.36666666666665,20.67142857142857,21.928571428571427,0.0,0.0,0.0,0.0,0.0,0.15714285714285717,0.07857142857142858
2020-10-31,28.6,12.9,19.5,0.0,12.1,23,10,305,4,20.7,20.9,20.1,22.1,20.56666666666665,20.514285714285712,21.657142857142855,0.0,0.0,0.0,0.0,0.0,0.15714285714285717,0.07857142857142858
2020-11-01,29.4,13.4,20.5,0.0,11.8,22,11,306,4,19.5,20.7,20.9,18.8,20.36666666666665,20.142857142857142,21.36428571428571,0.0,0.0,0.0,1.1,0.0,0.15714285714285717,0.07857142857142858
2020-11-02,29.4,12.8,20.1,0.0,9.0,30,11,307,4,20.5,19.5,20.7,20.9,20.233333333333317,20.385714285714283,21.12142857142857,0.0,0.0,0.0,0.0,0.0,0.0,0.07857142857142858
2020-11-03,27.7,12.2,19.0,0.0,7.3,48,11,308,4,20.1,20.5,19.5,20.1,20.033333333333317,20.271428571428572,20.921428571428574,0.0,0.0,0.0,0.0,0.0,0.0,0.07857142857142858
2020-11-04,27.2,12.7,18.7,0.0,7.9,53,11,309,4,19.0,20.1,20.5,20.1,19.86666666666665,20.114285714285717,20.664285714285715,0.0,0.0,0.0,0.0,0.0,0.0,0.07857142857142858
2020-11-05,27.8,12.7,18.8,0.0,9.7,53,11,310,4,18.7,19.0,20.1,20.9,19.266666666666648,19.914285714285715,20.357142857142858,0.0,0.0,0.0,0.0,0.0,0.0,0.07857142857142858
2020-11-06,28.4,12.9,19.0,0.0,10.1,51,11,311,4,18.8,18.7,19.0,20.7,18.833333333333314,19.61428571428571,20.142857142857142,0.0,0.0,0.0,0.0,0.0,0.0,0.07857142857142858
2020-11-07,29.2,13.0,19.1,0.0,10.0,48,11,312,4,19.0,18.8,18.7,19.5,18.833333333333314,19.37142857142857,19.942857142857143,0.0,0.0,0.0,0.0,0.0,0.0,0.07857142857142858
2020-11-08,26.8,11.0,17.7,0.0,10.4,63,11,313,4,19.1,19.0,18.8,20.5,18.96666666666665,19.314285714285717,19.72857142857143,0.0,0.0,0.0,0.0,0.0,0.0,0.07857142857142858
2020-11-09,26.4,12.1,18.1,0.0,9.6,65,11,314,4,17.7,19.1,19.0,20.1,18.599999999999984,18.914285714285715,19.650000000000002,0.0,0.0,0.0,0.0,0.0,0.0,0.0
2020-11-10,26.3,12.7,18.5,0.0,10.5,61,11,315,4,18.1,17.7,19.1,19.0,18.299999999999986,18.62857142857143,19.45,0.0,0.0,0.0,0.0,0.0,0.0,0.0
2020-11-11,26.0,12.8,18.5,0.0,10.3,56,11,316,4,18.5,18.1,17.7,18.7,18.099999999999984,18.557142857142857,19.335714285714285,0.0,0.0,0.0,0.0,0.0,0.0,0.0
2020-11-12,27.1,11.7,18.0,0.0,8.9,63,11,317,4,18.5,18.5,18.1,18.8,18.36666666666665,18.528571428571432,19.221428571428568,0.0,0.0,0.0,0.0,0.0,0.0,0.0
2020-11-13,24.8,10.9,17.3,1.2,11.0,69,11,318,4,18.0,18.5,18.5,19.0,18.333333333333318,18.414285714285715,19.014285714285712,0.0,0.0,0.0,0.0,0.0,0.0,0.0
2020-11-14,19.7,13.4,15.5,29.7,8.9,76,11,319,4,17.3,18.0,18.5,19.1,17.93333333333332,18.17142857142857,18.771428571428572,1.2,0.0,0.0,0.0,0.39999999999999997,0.17142857142857143,0.08571428571428572
2020-11-15,14.5,11.1,13.4,12.0,9.2,81,11,320,4,15.5,17.3,18.0,17.7,16.93333333333332,17.65714285714286,18.485714285714288,29.7,1.2,0.0,0.0,10.299999999999999,4.414285714285714,2.207142857142857
2020-11-16,18.5,8.1,12.5,0.0,7.3,76,11,321,4,13.4,15.5,17.3,18.1,15.399999999999984,17.04285714285714,17.978571428571428,12.0,29.7,1.2,0.0,14.299999999999999,6.128571428571428,3.064285714285714
2020-11-17,20.9,7.4,13.6,0.0,13.5,50,11,322,4,12.5,13.4,15.5,18.5,13.799999999999983,16.24285714285714,17.435714285714287,0.0,12.0,29.7,0.0,13.899999999999999,6.128571428571428,3.064285714285714
2020-11-18,21.0,7.7,14.1,0.0,9.2,44,11,323,4,13.6,12.5,13.4,18.5,13.16666666666665,15.542857142857143,17.05,0.0,0.0,12.0,0.0,4.0,6.128571428571428,3.064285714285714
2020-11-19,18.1,8.1,12.8,0.0,8.8,68,11,324,4,14.1,13.6,12.5,18.0,13.399999999999984,14.914285714285715,16.72142857142857,0.0,0.0,0.0,0.0,0.0,6.128571428571428,3.064285714285714
2020-11-20,18.8,7.7,12.2,0.0,11.8,63,11,325,4,12.8,14.1,13.6,17.3,13.499999999999984,14.171428571428573,16.29285714285714,0.0,0.0,0.0,1.2,0.0,6.128571428571428,3.064285714285714
2020-11-21,20.2,4.8,11.7,0.0,9.7,46,11,326,4,12.2,12.8,14.1,15.5,13.033333333333317,13.442857142857141,15.807142857142859,0.0,0.0,0.0,29.7,0.0,5.957142857142856,3.064285714285714
2020-11-22,18.4,6.8,12.2,0.0,10.9,44,11,327,4,11.7,12.2,12.8,13.4,12.233333333333315,12.9,15.278571428571428,0.0,0.0,0.0,12.0,0.0,1.7142857142857142,3.064285714285714
2020-11-23,14.2,9.6,11.7,1.3,8.9,65,11,328,4,12.2,11.7,12.2,12.5,12.033333333333317,12.72857142857143,14.885714285714284,0.0,0.0,0.0,0.0,0.0,0.0,3.064285714285714
2020-11-24,14.4,7.4,10.7,0.0,10.2,71,11,329,4,11.7,12.2,11.7,13.6,11.866666666666648,12.614285714285714,14.428571428571429,1.3,0.0,0.0,0.0,0.43333333333333335,0.18571428571428572,3.157142857142857
2020-11-25,12.7,8.6,10.8,8.4,7.8,84,11,330,4,10.7,11.7,12.2,14.1,11.533333333333317,12.2,13.87142857142857,0.0,1.3,0.0,0.0,0.43333333333333335,0.18571428571428572,3.157142857142857
2020-11-26,18.6,5.4,11.5,0.0,11.5,67,11,331,4,10.8,10.7,11.7,12.8,11.066666666666649,11.728571428571428,13.321428571428571,8.4,0.0,1.3,0.0,3.233333333333334,1.385714285714286,3.757142857142857
2020-11-27,21.0,7.2,12.9,0.0,7.3,53,11,332,4,11.5,10.8,10.7,12.2,10.999999999999984,11.542857142857143,12.857142857142858,0.0,8.4,0.0,0.0,2.8000000000000003,1.385714285714286,3.757142857142857
2020-11-28,22.3,8.5,14.1,0.0,8.7,46,11,333,4,12.9,11.5,10.8,11.7,11.733333333333315,11.642857142857142,12.542857142857144,0.0,0.0,8.4,0.0,2.8000000000000003,1.385714285714286,3.6714285714285713
2020-11-29,22.9,9.7,14.6,0.0,7.0,52,11,334,4,14.1,12.9,11.5,12.2,12.833333333333316,11.985714285714284,12.442857142857145,0.0,0.0,0.0,0.0,0.0,1.385714285714286,1.5500000000000003
2020-11-30,22.9,9.3,14.6,0.0,9.2,63,11,335,4,14.6,14.1,12.9,11.7,13.866666666666651,12.328571428571427,12.528571428571428,0.0,0.0,0.0,1.3,0.0,1.385714285714286,0.692857142857143
2020-12-01,23.7,9.8,15.4,0.0,5.5,67,12,336,1,14.6,14.6,14.1,10.7,14.433333333333316,12.742857142857144,12.678571428571429,0.0,0.0,0.0,0.0,0.0,1.2,0.692857142857143
2020-12-02,24.9,11.8,16.5,0.0,7.4,63,12,337,1,15.4,14.6,14.6,10.8,14.866666666666651,13.414285714285715,12.807142857142859,0.0,0.0,0.0,8.4,0.0,1.2,0.692857142857143
2020-12-03,24.4,11.4,16.1,0.0,8.8,59,12,338,1,16.5,15.4,14.6,11.5,15.499999999999984,14.22857142857143,12.978571428571428,0.0,0.0,0.0,0.0,0.0,0.0,0.692857142857143
2020-12-04,21.7,10.2,15.4,0.1,5.2,71,12,339,1,16.1,16.5,15.4,12.9,15.999999999999984,14.885714285714286,13.214285714285714,0.0,0.0,0.0,0.0,0.0,0.0,0.692857142857143
2020-12-05,21.1,11.6,15.7,0.0,8.0,59,12,340,1,15.4,16.1,16.5,14.1,15.999999999999984,15.242857142857144,13.442857142857141,0.1,0.0,0.0,0.0,0.03333333333333333,0.014285714285714287,0.7000000000000001
2020-12-06,21.8,10.4,15.3,0.0,11.9,59,12,341,1,15.7,15.4,16.1,14.6,15.733333333333318,15.471428571428573,13.728571428571428,0.0,0.1,0.0,0.0,0.03333333333333333,0.014285714285714287,0.7000000000000001
2020-12-07,18.0,12.6,14.8,0.1,16.1,59,12,342,1,15.3,15.7,15.4,14.6,15.466666666666649,15.571428571428571,13.950000000000001,0.0,0.0,0.1,0.0,0.03333333333333333,0.014285714285714287,0.7000000000000001
2020-12-08,17.6,11.1,13.2,2.0,9.0,80,12,343,1,14.8,15.3,15.7,15.4,15.266666666666652,15.6,14.171428571428573,0.1,0.0,0.0,0.0,0.03333333333333333,0.028571428571428574,0.6142857142857142
2020-12-09,18.9,9.0,13.6,0.0,15.0,68,12,344,1,13.2,14.8,15.3,16.5,14.433333333333316,15.285714285714286,14.35,2.0,0.1,0.0,0.0,0.7000000000000001,0.31428571428571433,0.7571428571428572
2020-12-10,21.0,7.9,13.3,0.0,12.0,54,12,345,1,13.6,13.2,14.8,16.1,13.866666666666651,14.87142857142857,14.549999999999999,0.0,2.0,0.1,0.0,0.7000000000000001,0.31428571428571433,0.15714285714285717
2020-12-11,20.2,8.1,13.4,1.0,8.2,53,12,346,1,13.3,13.6,13.2,15.4,13.366666666666651,14.471428571428573,14.678571428571429,0.0,0.0,2.0,0.1,0.6666666666666666,0.31428571428571433,0.15714285714285717
2020-12-12,13.9,8.4,11.0,2.9,8.8,85,12,347,1,13.4,13.3,13.6,15.7,13.433333333333318,14.185714285714285,14.714285714285717,1.0,0.0,0.0,0.0,0.3333333333333333,0.4428571428571429,0.2285714285714286
2020-12-13,17.4,7.5,11.6,0.4,13.3,68,12,348,1,11.0,13.4,13.3,15.3,12.56666666666665,13.514285714285714,14.492857142857144,2.9,1.0,0.0,0.0,1.3,0.8571428571428571,0.43571428571428567
2020-12-14,14.9,7.9,10.4,2.9,9.9,72,12,349,1,11.6,11.0,13.4,14.8,11.999999999999984,12.985714285714286,14.278571428571428,0.4,2.9,1.0,0.1,1.4333333333333333,0.9142857142857144,0.4642857142857143
2020-12-15,14.9,4.6,9.0,0.2,11.8,67,12,350,1,10.4,11.6,11.0,13.2,10.999999999999984,12.357142857142858,13.97857142857143,2.9,0.4,2.9,2.0,2.0666666666666664,1.3142857142857143,0.6714285714285715
2020-12-16,16.3,2.4,8.3,0.0,8.6,47,12,351,1,9.0,10.4,11.6,13.6,10.333333333333316,11.757142857142856,13.521428571428572,0.2,2.9,0.4,0.0,1.1666666666666667,1.0571428571428572,0.6857142857142857
2020-12-17,17.1,1.1,8.0,0.0,9.7,43,12,352,1,8.3,9.0,10.4,13.3,9.233333333333318,11.0,12.935714285714285,0.0,0.2,2.9,0.0,1.0333333333333334,1.0571428571428572,0.6857142857142857
2020-12-18,18.5,5.0,10.0,0.0,9.2,43,12,353,1,8.0,8.3,9.0,13.4,8.433333333333318,10.242857142857144,12.357142857142858,0.0,0.0,0.2,1.0,0.06666666666666667,1.0571428571428572,0.6857142857142857
2020-12-19,18.8,5.5,10.8,0.0,8.1,49,12,354,1,10.0,8.0,8.3,11.0,8.766666666666652,9.757142857142856,11.971428571428572,0.0,0.0,0.0,2.9,0.0,0.9142857142857144,0.6785714285714286
2020-12-20,19.7,7.3,11.9,0.0,9.1,54,12,355,1,10.8,10.0,8.0,11.6,9.599999999999982,9.72857142857143,11.621428571428572,0.0,0.0,0.0,0.4,0.0,0.5,0.6785714285714286
2020-12-21,20.0,7.5,13.4,0.0,20.2,44,12,356,1,11.9,10.8,10.0,10.4,10.899999999999983,9.771428571428572,11.37857142857143,0.0,0.0,0.0,2.9,0.0,0.4428571428571429,0.6785714285714286
2020-12-22,21.1,7.5,13.5,0.0,14.3,45,12,357,1,13.4,11.9,10.8,9.0,12.033333333333317,10.200000000000001,11.278571428571427,0.0,0.0,0.0,0.2,0.0,0.028571428571428574,0.6714285714285715
2020-12-23,19.3,7.1,12.2,0.0,8.1,49,12,358,1,13.5,13.4,11.9,8.3,12.933333333333318,10.842857142857143,11.299999999999999,0.0,0.0,0.0,0.0,0.0,0.0,0.5285714285714286
2020-12-24,20.6,8.1,12.2,0.0,9.0,48,12,359,1,12.2,13.5,13.4,8.0,13.033333333333317,11.400000000000002,11.200000000000001,0.0,0.0,0.0,0.0,0.0,0.0,0.5285714285714286
2020-12-25,17.5,7.0,11.3,0.0,7.6,57,12,360,1,12.2,12.2,13.5,10.0,12.633333333333317,12.0,11.12142857142857,0.0,0.0,0.0,0.0,0.0,0.0,0.5285714285714286
2020-12-26,17.7,4.7,11.3,0.0,9.2,60,12,361,1,11.3,12.2,12.2,10.8,11.899999999999984,12.185714285714287,10.971428571428572,0.0,0.0,0.0,0.0,0.0,0.0,0.45714285714285713
2020-12-27,12.0,5.4,7.3,40.7,22.4,81,12,362,1,11.3,11.3,12.2,11.9,11.599999999999982,12.257142857142856,10.992857142857142,0.0,0.0,0.0,0.0,0.0,0.0,0.25
2020-12-28,12.1,1.9,6.7,0.1,9.3,76,12,363,1,7.3,11.3,11.3,13.4,9.96666666666665,11.6,10.685714285714285,40.7,0.0,0.0,0.0,13.566666666666668,5.814285714285715,3.128571428571429
2020-12-29,15.0,1.3,7.8,0.0,8.2,50,12,364,1,6.7,7.3,11.3,13.5,8.433333333333318,10.642857142857142,10.421428571428569,0.1,40.7,0.0,0.0,13.600000000000001,5.828571428571429,2.9285714285714293
2020-12-30,16.9,0.6,7.5,0.0,6.1,43,12,365,1,7.8,6.7,7.3,12.2,7.266666666666651,9.828571428571427,10.335714285714285,0.0,0.1,40.7,0.0,13.600000000000001,5.828571428571429,2.9142857142857146
2020-12-31,18.3,2.3,9.7,0.0,10.0,34,12,366,1,7.5,7.8,6.7,12.2,7.333333333333317,9.157142857142858,10.278571428571428,0.0,0.0,0.1,0.0,0.03333333333333333,5.828571428571429,2.9142857142857146
2021-01-01,19.1,2.3,10.0,0.0,9.7,41,1,1,1,9.7,7.5,7.8,11.3,8.333333333333316,8.799999999999999,10.4,0.0,0.0,0.0,0.0,0.0,5.828571428571429,2.9142857142857146
2021-01-02,16.8,2.3,9.0,0.0,8.2,48,1,2,1,10.0,9.7,7.5,11.3,9.06666666666665,8.614285714285714,10.4,0.0,0.0,0.0,0.0,0.0,5.828571428571429,2.9142857142857146
2021-01-03,17.2,5.5,10.0,0.9,9.7,45,1,3,1,9.0,10.0,9.7,7.3,9.56666666666665,8.285714285714286,10.27142857142857,0.0,0.0,0.0,40.7,0.0,5.828571428571429,2.9142857142857146
2021-01-04,15.6,5.2,10.5,3.3,15.7,60,1,4,1,10.0,9.0,10.0,6.7,9.66666666666665,8.671428571428573,10.135714285714284,0.9,0.0,0.0,0.1,0.3,0.14285714285714285,2.9785714285714286
2021-01-05,16.4,6.0,10.4,1.1,10.8,73,1,5,1,10.5,10.0,9.0,7.8,9.833333333333316,9.214285714285714,9.928571428571429,3.3,0.9,0.0,0.0,1.4000000000000001,0.6,3.2142857142857144
2021-01-06,16.6,6.0,10.9,0.0,7.1,75,1,6,1,10.4,10.5,10.0,7.5,10.299999999999983,9.585714285714285,9.707142857142857,1.1,3.3,0.9,0.0,1.7666666666666666,0.7571428571428571,3.292857142857143
2021-01-07,18.9,3.7,10.8,0.0,10.2,65,1,7,1,10.9,10.4,10.5,9.7,10.599999999999984,10.071428571428571,9.614285714285714,0.0,1.1,3.3,0.0,1.4666666666666666,0.7571428571428571,3.292857142857143
2021-01-08,16.9,7.0,10.9,0.2,14.1,58,1,8,1,10.8,10.9,10.4,10.0,10.699999999999983,10.228571428571428,9.514285714285716,0.0,0.0,1.1,0.0,0.3666666666666667,0.7571428571428571,3.292857142857143
2021-01-09,18.0,2.7,9.8,0.0,10.6,54,1,9,1,10.9,10.8,10.9,9.0,10.866666666666651,10.357142857142858,9.485714285714284,0.2,0.0,0.0,0.0,0.06666666666666667,0.7857142857142857,3.3071428571428574
2021-01-10,19.1,2.5,9.1,0.0,12.2,49,1,10,1,9.8,10.9,10.8,10.0,10.499999999999984,10.471428571428572,9.37857142857143,0.0,0.2,0.0,0.9,0.06666666666666667,0.7857142857142857,3.3071428571428574
2021-01-11,18.4,4.3,10.2,0.0,10.9,47,1,11,1,9.1,9.8,10.9,10.5,9.933333333333318,10.342857142857143,9.507142857142856,0.0,0.0,0.2,3.3,0.06666666666666667,0.6571428571428571,0.39999999999999997
2021-01-12,18.3,4.2,9.7,0.0,8.8,49,1,12,1,10.2,9.1,9.8,10.4,9.699999999999983,10.299999999999999,9.757142857142856,0.0,0.0,0.0,1.1,0.0,0.18571428571428572,0.39285714285714285
2021-01-13,18.1,2.6,8.9,0.0,7.9,67,1,13,1,9.7,10.2,9.1,10.9,9.666666666666648,10.200000000000001,9.892857142857142,0.0,0.0,0.0,0.0,0.0,0.028571428571428574,0.39285714285714285
2021-01-14,16.4,1.3,9.2,0.0,6.8,74,1,14,1,8.9,9.7,10.2,10.8,9.599999999999982,9.914285714285715,9.992857142857142,0.0,0.0,0.0,0.0,0.0,0.028571428571428574,0.39285714285714285
2021-01-15,17.7,1.7,9.5,0.0,10.5,79,1,15,1,9.2,8.9,9.7,10.9,9.26666666666665,9.685714285714285,9.957142857142857,0.0,0.0,0.0,0.2,0.0,0.028571428571428574,0.39285714285714285
2021-01-16,18.7,2.6,9.0,0.0,7.7,80,1,16,1,9.5,9.2,8.9,9.8,9.199999999999983,9.485714285714284,9.921428571428573,0.0,0.0,0.0,0.0,0.0,0.0,0.39285714285714285
2021-01-17,16.6,3.1,9.2,0.0,10.3,86,1,17,1,9.0,9.5,9.2,9.1,9.233333333333318,9.37142857142857,9.921428571428573,0.0,0.0,0.0,0.0,0.0,0.0,0.39285714285714285
2021-01-18,18.1,6.0,10.3,0.0,8.1,80,1,18,1,9.2,9.0,9.5,10.2,9.233333333333315,9.385714285714286,9.864285714285714,0.0,0.0,0.0,0.0,0.0,0.0,0.32857142857142857
2021-01-19,20.1,6.3,11.7,0.0,8.1,58,1,19,1,10.3,9.2,9.0,9.7,9.499999999999984,9.4,9.85,0.0,0.0,0.0,0.0,0.0,0.0,0.09285714285714286
2021-01-20,22.3,7.7,13.0,0.0,7.9,50,1,20,1,11.7,10.3,9.2,8.9,10.399999999999983,9.685714285714285,9.942857142857145,0.0,0.0,0.0,0.0,0.0,0.0,0.014285714285714287
2021-01-21,20.4,7.0,11.8,0.0,8.7,48,1,21,1,13.0,11.7,10.3,9.2,11.66666666666665,10.271428571428572,10.092857142857143,0.0,0.0,0.0,0.0,0.0,0.0,0.014285714285714287
2021-01-22,16.1,3.2,10.2,0.9,17.1,67,1,22,1,11.8,13.0,11.7,9.5,12.16666666666665,10.642857142857142,10.164285714285713,0.0,0.0,0.0,0.0,0.0,0.0,0.014285714285714287
2021-01-23,17.3,5.1,11.6,0.1,27.9,40,1,23,1,10.2,11.8,13.0,9.0,11.66666666666665,10.742857142857144,10.114285714285716,0.9,0.0,0.0,0.0,0.3,0.1285714285714286,0.0642857142857143
2021-01-24,17.5,1.8,9.9,0.0,7.8,32,1,24,1,11.6,10.2,11.8,9.2,11.199999999999983,11.114285714285714,10.242857142857144,0.1,0.9,0.0,0.0,0.3333333333333333,0.14285714285714285,0.07142857142857142
2021-01-25,19.9,5.0,11.2,0.0,9.4,37,1,25,1,9.9,11.6,10.2,10.3,10.566666666666649,11.214285714285714,10.3,0.0,0.1,0.9,0.0,0.3333333333333333,0.14285714285714285,0.07142857142857142
2021-01-26,19.8,6.0,11.1,0.0,9.4,40,1,26,1,11.2,9.9,11.6,11.7,10.899999999999984,11.342857142857142,10.37142857142857,0.0,0.0,0.1,0.0,0.03333333333333333,0.14285714285714285,0.07142857142857142
2021-01-27,20.0,5.3,11.4,0.0,14.5,32,1,27,1,11.1,11.2,9.9,13.0,10.733333333333315,11.257142857142856,10.471428571428572,0.0,0.0,0.0,0.0,0.0,0.14285714285714285,0.07142857142857142
2021-01-28,20.0,5.0,11.1,0.0,9.3,35,1,28,1,11.4,11.1,11.2,11.8,11.233333333333318,11.028571428571427,10.65,0.0,0.0,0.0,0.0,0.0,0.14285714285714285,0.07142857142857142
2021-01-29,19.9,4.9,11.1,0.0,8.2,45,1,29,1,11.1,11.4,11.1,10.2,11.199999999999983,10.928571428571429,10.785714285714286,0.0,0.0,0.0,0.9,0.0,0.14285714285714285,0.07142857142857142
2021-01-30,20.0,6.1,11.5,0.0,7.9,45,1,30,1,11.1,11.1,11.4,11.6,11.199999999999983,11.057142857142855,10.9,0.0,0.0,0.0,0.1,0.0,0.014285714285714287,0.07142857142857142
2021-01-31,19.0,2.8,11.5,0.0,9.5,54,1,31,1,11.5,11.1,11.1,9.9,11.233333333333318,11.042857142857143,11.078571428571427,0.0,0.0,0.0,0.0,0.0,0.0,0.07142857142857142
2021-02-01,21.6,6.5,13.3,0.0,13.4,43,2,32,1,11.5,11.5,11.1,11.2,11.366666666666651,11.27142857142857,11.242857142857142,0.0,0.0,0.0,0.0,0.0,0.0,0.07142857142857142
2021-02-02,19.4,9.6,13.1,0.0,9.7,47,2,33,1,13.3,11.5,11.5,11.1,12.099999999999982,11.571428571428571,11.457142857142857,0.0,0.0,0.0,0.0,0.0,0.0,0.07142857142857142
2021-02-03,19.3,7.8,12.7,0.1,10.2,55,2,34,1,13.1,13.3,11.5,11.4,12.633333333333317,11.857142857142858,11.557142857142855,0.0,0.0,0.0,0.0,0.0,0.0,0.07142857142857142
2021-02-04,19.4,6.7,12.6,0.0,6.3,59,2,35,1,12.7,13.1,13.3,11.1,13.033333333333317,12.042857142857144,11.535714285714286,0.1,0.0,0.0,0.0,0.03333333333333333,0.014285714285714287,0.07857142857142858
2021-02-05,19.2,4.4,11.8,0.0,9.8,70,2,36,1,12.6,12.7,13.1,11.1,12.799999999999983,12.257142857142856,11.592857142857143,0.0,0.1,0.0,0.0,0.03333333333333333,0.014285714285714287,0.07857142857142858
2021-02-06,21.1,6.5,13.3,0.0,10.0,62,2,37,1,11.8,12.6,12.7,11.5,12.366666666666651,12.357142857142858,11.707142857142856,0.0,0.0,0.1,0.0,0.03333333333333333,0.014285714285714287,0.014285714285714287
2021-02-07,23.3,8.5,14.1,0.0,10.5,60,2,38,1,13.3,11.8,12.6,11.5,12.56666666666665,12.614285714285714,11.828571428571427,0.0,0.0,0.0,0.0,0.0,0.014285714285714287,0.0071428571428571435
2021-02-08,22.9,7.7,14.6,0.0,8.7,65,2,39,1,14.1,13.3,11.8,13.3,13.066666666666649,12.985714285714286,12.128571428571428,0.0,0.0,0.0,0.0,0.0,0.014285714285714287,0.0071428571428571435
2021-02-09,25.4,9.1,16.1,0.0,15.2,60,2,40,1,14.6,14.1,13.3,13.1,13.999999999999984,13.171428571428573,12.37142857142857,0.0,0.0,0.0,0.0,0.0,0.014285714285714287,0.0071428571428571435
2021-02-10,24.6,8.0,16.2,0.0,5.9,52,2,41,1,16.1,14.6,14.1,12.7,14.933333333333316,13.599999999999998,12.728571428571428,0.0,0.0,0.0,0.1,0.0,0.014285714285714287,0.0071428571428571435
2021-02-11,25.2,9.7,16.2,0.0,11.8,51,2,42,1,16.2,16.1,14.6,12.6,15.633333333333317,14.1,13.071428571428571,0.0,0.0,0.0,0.0,0.0,0.0,0.0071428571428571435
2021-02-12,26.7,10.3,17.1,0.0,7.1,47,2,43,1,16.2,16.2,16.1,11.8,16.166666666666647,14.614285714285714,13.435714285714285,0.0,0.0,0.0,0.0,0.0,0.0,0.0071428571428571435
2021-02-13,25.6,9.1,16.7,0.0,11.8,54,2,44,1,17.1,16.2,16.2,13.3,16.499999999999982,15.37142857142857,13.864285714285716,0.0,0.0,0.0,0.0,0.0,0.0,0.0071428571428571435
2021-02-14,26.0,9.7,16.8,0.0,9.4,56,2,45,1,16.7,17.1,16.2,14.1,16.666666666666647,15.857142857142858,14.235714285714286,0.0,0.0,0.0,0.0,0.0,0.0,0.0071428571428571435
2021-02-15,26.7,11.0,17.3,0.0,9.1,48,2,46,1,16.8,16.7,17.1,14.6,16.86666666666665,16.24285714285714,14.614285714285716,0.0,0.0,0.0,0.0,0.0,0.0,0.0071428571428571435
2021-02-16,26.9,10.8,17.0,0.0,10.8,47,2,47,1,17.3,16.8,16.7,16.1,16.933333333333316,16.62857142857143,14.9,0.0,0.0,0.0,0.0,0.0,0.0,0.0071428571428571435
2021-02-17,25.9,11.1,17.3,0.0,8.5,41,2,48,1,17.0,17.3,16.8,16.2,17.033333333333317,16.75714285714286,15.178571428571429,0.0,0.0,0.0,0.0,0.0,0.0,0.0071428571428571435
2021-02-18,26.1,8.8,16.8,0.0,8.2,54,2,49,1,17.3,17.0,17.3,16.2,17.199999999999985,16.914285714285715,15.507142857142858,0.0,0.0,0.0,0.0,0.0,0.0,0.0
2021-02-19,25.2,9.0,16.9,0.0,10.7,57,2,50,1,16.8,17.3,17.0,17.1,17.033333333333317,17.0,15.807142857142855,0.0,0.0,0.0,0.0,0.0,0.0,0.0
2021-02-20,25.2,10.4,17.2,0.0,9.8,62,2,51,1,16.9,16.8,17.3,16.7,16.999999999999982,16.97142857142857,16.17142857142857,0.0,0.0,0.0,0.0,0.0,0.0,0.0
2021-02-21,26.6,10.7,18.4,0.0,7.3,61,2,52,1,17.2,16.9,16.8,16.8,16.96666666666665,17.042857142857144,16.45,0.0,0.0,0.0,0.0,0.0,0.0,0.0
2021-02-22,22.4,14.6,18.4,0.5,15.9,58,2,53,1,18.4,17.2,16.9,17.3,17.499999999999982,17.27142857142857,16.757142857142856,0.0,0.0,0.0,0.0,0.0,0.0,0.0
2021-02-23,22.9,12.9,17.3,2.3,9.4,70,2,54,1,18.4,18.4,17.2,17.0,17.999999999999982,17.428571428571427,17.02857142857143,0.5,0.0,0.0,0.0,0.16666666666666666,0.07142857142857142,0.03571428571428571
2021-02-24,23.3,11.5,17.8,0.1,11.2,58,2,55,1,17.3,18.4,18.4,17.3,18.033333333333314,17.47142857142857,17.114285714285717,2.3,0.5,0.0,0.0,0.9333333333333332,0.39999999999999997,0.19999999999999998
2021-02-25,23.4,12.5,17.8,0.0,13.2,62,2,56,1,17.8,17.3,18.4,16.8,17.833333333333314,17.54285714285714,17.228571428571428,0.1,2.3,0.5,0.0,0.9666666666666667,0.41428571428571426,0.20714285714285713
2021-02-26,21.1,13.8,16.1,5.2,12.2,82,2,57,1,17.8,17.8,17.3,16.9,17.633333333333315,17.685714285714287,17.342857142857145,0.0,0.1,2.3,0.0,0.7999999999999999,0.41428571428571426,0.20714285714285713
2021-02-27,23.5,12.5,17.1,0.0,11.5,65,2,58,1,16.1,17.8,17.8,17.2,17.233333333333317,17.571428571428573,17.27142857142857,5.2,0.0,0.1,0.0,1.7666666666666668,1.157142857142857,0.5785714285714285
2021-02-28,24.5,7.9,16.6,0.0,7.9,39,2,59,1,17.1,16.1,17.8,18.4,16.999999999999982,17.557142857142857,17.3,0.0,5.2,0.0,0.0,1.7333333333333334,1.1571428571428573,0.5785714285714286
2021-03-01,26.4,9.1,17.5,0.0,9.4,37,3,60,2,16.6,17.1,16.1,18.4,16.599999999999984,17.3,17.285714285714285,0.0,0.0,5.2,0.5,1.7333333333333334,1.1571428571428573,0.5785714285714286
2021-03-02,26.7,11.1,17.8,0.0,9.2,43,3,61,2,17.5,16.6,17.1,17.3,17.06666666666665,17.171428571428574,17.3,0.0,0.0,0.0,2.3,0.0,1.0857142857142859,0.5785714285714286
2021-03-03,26.8,12.4,18.8,0.0,10.6,41,3,62,2,17.8,17.5,16.6,17.8,17.299999999999983,17.242857142857144,17.357142857142858,0.0,0.0,0.0,0.1,0.0,0.7571428571428572,0.5785714285714286
2021-03-04,26.8,12.3,19.1,0.0,9.6,45,3,63,2,18.8,17.8,17.5,17.8,18.033333333333314,17.385714285714286,17.464285714285715,0.0,0.0,0.0,0.0,0.0,0.742857142857143,0.5785714285714286
2021-03-05,28.6,13.7,19.8,0.0,10.3,41,3,64,2,19.1,18.8,17.8,16.1,18.566666666666652,17.571428571428573,17.62857142857143,0.0,0.0,0.0,5.2,0.0,0.742857142857143,0.5785714285714286
2021-03-06,25.8,12.5,18.7,0.0,13.8,49,3,65,2,19.8,19.1,18.8,17.1,19.233333333333317,18.1,17.835714285714285,0.0,0.0,0.0,0.0,0.0,0.0,0.5785714285714286
2021-03-07,23.8,13.3,18.6,1.3,14.3,51,3,66,2,18.7,19.8,19.1,16.6,19.199999999999985,18.32857142857143,17.942857142857143,0.0,0.0,0.0,0.0,0.0,0.0,0.5785714285714286
2021-03-08,25.8,12.9,19.2,0.1,9.8,51,3,67,2,18.6,18.7,19.8,17.5,19.033333333333314,18.614285714285717,17.95714285714286,1.3,0.0,0.0,0.0,0.43333333333333335,0.18571428571428586,0.6714285714285715
2021-03-09,27.6,14.1,20.8,0.0,16.1,42,3,68,2,19.2,18.6,18.7,17.8,18.833333333333314,18.857142857142858,18.014285714285716,0.1,1.3,0.0,0.0,0.46666666666666673,0.20000000000000015,0.6428571428571429
2021-03-10,24.2,15.5,20.1,0.8,16.4,44,3,69,2,20.8,19.2,18.6,18.8,19.533333333333314,19.285714285714285,18.264285714285712,0.0,0.1,1.3,0.0,0.46666666666666673,0.20000000000000015,0.47857142857142865
2021-03-11,18.9,14.2,16.7,5.6,13.9,71,3,70,2,20.1,20.8,19.2,19.1,20.033333333333314,19.47142857142857,18.428571428571427,0.8,0.0,0.1,0.0,0.3,0.31428571428571445,0.5285714285714287
2021-03-12,22.6,13.7,17.6,1.8,13.0,67,3,71,2,16.7,20.1,20.8,19.8,19.199999999999985,19.12857142857143,18.349999999999998,5.6,0.8,0.0,0.0,2.1333333333333333,1.1142857142857143,0.9285714285714286
2021-03-13,26.4,14.2,19.8,0.1,14.3,55,3,72,2,17.6,16.7,20.1,18.7,18.133333333333315,18.814285714285713,18.45714285714286,1.8,5.6,0.8,0.0,2.733333333333333,1.3714285714285717,0.6857142857142858
2021-03-14,20.6,13.9,17.0,3.6,13.3,66,3,73,2,19.8,17.6,16.7,18.6,18.033333333333314,18.97142857142857,18.650000000000002,0.1,1.8,5.6,1.3,2.5,1.385714285714286,0.692857142857143
2021-03-15,25.7,11.9,18.7,0.0,13.1,57,3,74,2,17.0,19.8,17.6,19.2,18.133333333333315,18.742857142857144,18.678571428571427,3.6,0.1,1.8,0.1,1.8333333333333333,1.7142857142857142,0.9500000000000001
2021-03-16,27.1,11.9,19.6,0.0,12.5,54,3,75,2,18.7,17.0,19.8,20.8,18.499999999999982,18.67142857142857,18.764285714285712,0.0,3.6,0.1,0.0,1.2333333333333334,1.7,0.9500000000000001
2021-03-17,27.9,13.8,20.5,0.0,8.6,53,3,76,2,19.6,18.7,17.0,20.1,18.43333333333332,18.5,18.892857142857142,0.0,0.0,3.6,0.8,1.2,1.7,0.9500000000000001
2021-03-18,28.6,15.6,21.2,0.0,8.5,47,3,77,2,20.5,19.6,18.7,16.7,19.599999999999984,18.557142857142857,19.014285714285712,0.0,0.0,0.0,5.6,0.0,1.5857142857142859,0.9500000000000001
2021-03-19,30.0,13.9,22.1,0.0,15.1,41,3,78,2,21.2,20.5,19.6,17.6,20.433333333333316,19.2,19.164285714285715,0.0,0.0,0.0,1.8,0.0,0.7857142857142858,0.9500000000000001
2021-03-20,30.0,16.6,23.5,0.0,14.2,36,3,79,2,22.1,21.2,20.5,19.8,21.266666666666648,19.842857142857145,19.32857142857143,0.0,0.0,0.0,0.1,0.0,0.5285714285714287,0.9500000000000001
2021-03-21,21.4,15.6,18.1,12.1,20.9,72,3,80,2,23.5,22.1,21.2,17.0,22.26666666666665,20.37142857142857,19.671428571428574,0.0,0.0,0.0,3.6,0.0,0.5142857142857145,0.9500000000000001
2021-03-22,19.4,14.2,16.0,29.9,13.9,85,3,81,2,18.1,23.5,22.1,18.7,21.233333333333317,20.528571428571432,19.635714285714283,12.1,0.0,0.0,0.0,4.033333333333333,1.7285714285714289,1.7214285714285715
2021-03-23,14.6,12.3,13.3,53.8,24.2,85,3,82,2,16.0,18.1,23.5,19.6,19.199999999999985,20.142857142857142,19.407142857142855,29.9,12.1,0.0,0.0,14.0,6.0,3.8500000000000005
2021-03-24,22.0,9.9,15.7,0.3,14.2,70,3,83,2,13.3,16.0,18.1,20.5,15.799999999999983,19.242857142857144,18.871428571428574,53.8,29.9,12.1,0.0,31.933333333333334,13.685714285714285,7.692857142857143
2021-03-25,25.8,10.7,18.4,0.0,10.9,62,3,84,2,15.7,13.3,16.0,21.2,14.99999999999998,18.557142857142857,18.557142857142857,0.3,53.8,29.9,0.0,28.0,13.728571428571428,7.6571428571428575
2021-03-26,28.1,14.6,20.7,0.0,8.4,61,3,85,2,18.4,15.7,13.3,22.1,15.799999999999983,18.15714285714286,18.678571428571427,0.0,0.3,53.8,0.0,18.03333333333333,13.728571428571428,7.257142857142857
2021-03-27,27.6,15.0,20.9,0.0,9.7,66,3,86,2,20.7,18.4,15.7,23.5,18.266666666666648,17.957142857142856,18.900000000000002,0.0,0.0,0.3,0.0,0.09999999999999999,13.728571428571428,7.128571428571428
2021-03-28,27.8,14.9,21.3,5.6,22.8,65,3,87,2,20.9,20.7,18.4,18.1,19.999999999999982,17.585714285714285,18.978571428571428,0.0,0.0,0.0,12.1,0.0,13.728571428571428,7.121428571428572
2021-03-29,27.6,17.1,21.0,4.9,11.4,71,3,88,2,21.3,20.9,20.7,16.0,20.96666666666665,18.04285714285714,19.285714285714285,5.6,0.0,0.0,29.9,1.8666666666666665,12.8,7.264285714285714
2021-03-30,28.6,15.2,21.9,0.0,28.6,39,3,89,2,21.0,21.3,20.9,13.3,21.06666666666665,18.75714285714286,19.45,4.9,5.6,0.0,53.8,3.5,9.228571428571428,7.614285714285714
2021-03-31,28.3,19.1,23.5,0.0,36.5,12,3,90,2,21.9,21.0,21.3,15.7,21.39999999999998,19.985714285714284,19.61428571428571,0.0,4.9,5.6,0.3,3.5,1.542857142857143,7.614285714285714
2021-04-01,27.0,20.2,23.1,0.0,36.0,11,4,91,2,23.5,21.9,21.0,18.4,22.133333333333315,21.099999999999998,19.828571428571426,0.0,0.0,4.9,0.0,1.6333333333333335,1.5,7.614285714285714
2021-04-02,27.8,16.2,21.8,0.0,34.9,15,4,92,2,23.1,23.5,21.9,20.7,22.833333333333314,21.771428571428572,19.964285714285715,0.0,0.0,0.0,0.0,0.0,1.5,7.614285714285714
2021-04-03,28.0,12.3,20.2,0.0,13.5,28,4,93,2,21.8,23.1,23.5,20.9,22.799999999999983,21.928571428571427,19.942857142857143,0.0,0.0,0.0,0.0,0.0,1.5,7.614285714285714
2021-04-04,24.7,15.3,20.6,0.1,19.7,37,4,94,2,20.2,21.8,23.1,21.3,21.699999999999985,21.82857142857143,19.707142857142856,0.0,0.0,0.0,5.6,0.0,1.5,7.614285714285714
2021-04-05,26.9,15.6,20.9,0.0,13.6,45,4,95,2,20.6,20.2,21.8,21.0,20.86666666666665,21.728571428571428,19.885714285714283,0.1,0.0,0.0,4.9,0.03333333333333333,0.7142857142857143,6.757142857142858
2021-04-06,24.5,14.6,18.9,3.7,11.1,64,4,96,2,20.9,20.6,20.2,21.9,20.56666666666665,21.714285714285715,20.235714285714284,0.0,0.1,0.0,0.0,0.03333333333333333,0.014285714285714287,4.621428571428573
2021-04-07,25.0,11.6,18.4,0.2,9.3,65,4,97,2,18.9,20.9,20.6,23.5,20.133333333333315,21.285714285714285,20.63571428571429,3.7,0.0,0.1,0.0,1.2666666666666668,0.5428571428571429,1.0428571428571434
2021-04-08,29.2,13.0,21.0,0.0,13.5,42,4,98,2,18.4,18.9,20.9,23.1,19.39999999999998,20.557142857142857,20.828571428571426,0.2,3.7,0.0,0.0,1.3,0.5714285714285714,1.0357142857142863
2021-04-09,29.7,13.4,22.0,0.0,11.7,38,4,99,2,21.0,18.4,18.9,21.8,19.433333333333312,20.25714285714286,21.014285714285712,0.0,0.2,3.7,0.0,1.3,0.5714285714285714,1.0357142857142863
2021-04-10,31.0,18.0,24.1,0.0,16.8,33,4,100,2,22.0,21.0,18.4,20.2,20.46666666666665,20.285714285714285,21.107142857142858,0.0,0.0,0.2,0.0,0.06666666666666667,0.5714285714285714,1.0357142857142863
2021-04-11,28.9,17.6,23.3,0.0,11.8,43,4,101,2,24.1,22.0,21.0,20.6,22.36666666666665,20.842857142857145,21.335714285714285,0.0,0.0,0.0,0.1,0.0,0.5714285714285714,1.0357142857142863
2021-04-12,31.4,16.5,24.6,0.0,10.2,43,4,102,2,23.3,24.1,22.0,20.9,23.133333333333315,21.228571428571428,21.47857142857143,0.0,0.0,0.0,0.0,0.0,0.5571428571428572,0.6357142857142863
2021-04-13,31.4,19.8,25.7,0.0,20.6,39,4,103,2,24.6,23.3,24.1,18.9,23.999999999999982,21.75714285714286,21.735714285714288,0.0,0.0,0.0,3.7,0.0,0.5571428571428572,0.2857142857142862
2021-04-14,32.5,18.3,25.4,0.0,19.0,42,4,104,2,25.7,24.6,23.3,18.4,24.533333333333317,22.728571428571428,22.007142857142856,0.0,0.0,0.0,0.2,0.0,0.028571428571428574,0.2857142857142862
2021-04-15,25.8,17.5,21.4,2.1,22.7,58,4,105,2,25.4,25.7,24.6,21.0,25.233333333333317,23.728571428571428,22.142857142857142,0.0,0.0,0.0,0.0,0.0,0.0,0.2857142857142862
2021-04-16,27.1,16.6,21.1,3.7,18.2,63,4,106,2,21.4,25.4,25.7,22.0,24.166666666666647,23.785714285714285,22.021428571428572,2.1,0.0,0.0,0.0,0.7000000000000001,0.3,0.4357142857142863
2021-04-17,23.2,16.4,19.1,5.7,11.3,74,4,107,2,21.1,21.4,25.4,24.1,22.633333333333315,23.657142857142855,21.97142857142857,3.7,2.1,0.0,0.0,1.9333333333333336,0.8285714285714286,0.7000000000000005
2021-04-18,23.9,14.8,18.9,0.6,14.5,74,4,108,2,19.1,21.1,21.4,23.3,20.533333333333317,22.942857142857143,21.892857142857142,5.7,3.7,2.1,0.0,3.8333333333333335,1.6428571428571428,1.1071428571428577
2021-04-19,29.5,15.3,21.8,0.0,7.6,54,4,109,2,18.9,19.1,21.1,24.6,19.699999999999985,22.314285714285717,21.771428571428572,0.6,5.7,3.7,0.0,3.3333333333333335,1.7285714285714284,1.1428571428571435
2021-04-20,28.5,15.4,22.3,0.0,9.3,45,4,110,2,21.8,18.9,19.1,25.7,19.933333333333316,21.91428571428571,21.83571428571429,0.0,0.6,5.7,0.0,2.0999999999999996,1.7285714285714284,1.1428571428571435
2021-04-21,28.8,14.4,21.6,0.0,15.0,59,4,111,2,22.3,21.8,18.9,25.4,20.999999999999982,21.428571428571427,22.078571428571426,0.0,0.0,0.6,0.0,0.19999999999999998,1.7285714285714284,0.8785714285714291
2021-04-22,26.8,15.9,20.3,0.8,22.2,64,4,112,2,21.6,22.3,21.8,21.4,21.89999999999998,20.885714285714283,22.307142857142857,0.0,0.0,0.0,2.1,0.0,1.7285714285714284,0.8642857142857149
2021-04-23,29.7,12.9,20.9,0.0,14.2,53,4,113,2,20.3,21.6,22.3,21.1,21.399999999999988,20.72857142857143,22.25714285714286,0.8,0.0,0.0,3.7,0.26666666666666666,1.542857142857143,0.9214285714285719
2021-04-24,31.8,14.2,22.9,0.0,11.2,46,4,114,2,20.9,20.3,21.6,19.1,20.933333333333316,20.7,22.178571428571427,0.0,0.8,0.0,5.7,0.26666666666666666,1.0142857142857142,0.9214285714285719
2021-04-25,35.3,18.2,26.0,0.0,11.3,37,4,115,2,22.9,20.9,20.3,18.9,21.366666666666646,21.24285714285714,22.092857142857145,0.0,0.0,0.8,0.6,0.26666666666666666,0.19999999999999998,0.9214285714285719
2021-04-26,36.4,17.6,26.8,0.0,10.1,42,4,116,2,26.0,22.9,20.9,21.8,23.26666666666665,22.25714285714286,22.285714285714285,0.0,0.0,0.0,0.0,0.0,0.1142857142857143,0.9214285714285719
2021-04-27,37.0,20.4,28.8,0.0,12.6,37,4,117,2,26.8,26.0,22.9,22.3,25.233333333333317,22.971428571428568,22.442857142857143,0.0,0.0,0.0,0.0,0.0,0.1142857142857143,0.9214285714285719
2021-04-28,38.2,22.9,30.3,0.0,16.1,30,4,118,2,28.8,26.8,26.0,21.6,27.199999999999985,23.900000000000002,22.664285714285715,0.0,0.0,0.0,0.0,0.0,0.1142857142857143,0.9214285714285719
2021-04-29,37.6,22.9,30.3,0.0,13.4,28,4,119,2,30.3,28.8,26.8,20.3,28.633333333333315,25.142857142857142,23.014285714285712,0.0,0.0,0.0,0.8,0.0,0.1142857142857143,0.9214285714285719
2021-04-30,37.5,22.5,29.8,0.0,13.8,32,4,120,2,30.3,30.3,28.8,20.9,29.799999999999983,26.571428571428573,23.650000000000002,0.0,0.0,0.0,0.0,0.0,0.0,0.771428571428572
2021-05-01,38.3,22.0,30.3,0.0,12.6,32,5,121,2,29.8,30.3,30.3,22.9,30.133333333333315,27.842857142857145,24.271428571428572,0.0,0.0,0.0,0.0,0.0,0.0,0.5071428571428577
2021-05-02,37.8,25.5,31.4,0.0,15.8,27,5,122,2,30.3,29.8,30.3,26.0,30.133333333333315,28.9,25.071428571428573,0.0,0.0,0.0,0.0,0.0,0.0,0.1000000000000005
2021-05-03,38.5,23.6,31.3,0.0,18.9,28,5,123,2,31.4,30.3,29.8,26.8,30.499999999999982,29.671428571428574,25.964285714285715,0.0,0.0,0.0,0.0,0.0,0.0,0.057142857142857655
2021-05-04,33.8,21.9,27.0,2.1,15.5,53,5,124,2,31.3,31.4,30.3,28.8,30.999999999999982,30.314285714285717,26.642857142857142,0.0,0.0,0.0,0.0,0.0,0.0,0.057142857142857655
2021-05-05,29.7,20.2,24.8,1.2,15.8,63,5,125,2,27.0,31.3,31.4,30.3,29.89999999999998,30.057142857142857,26.97857142857143,2.1,0.0,0.0,0.0,0.7000000000000001,0.3,0.20714285714285768
2021-05-06,32.9,21.6,26.5,0.0,16.8,45,5,126,2,24.8,27.0,31.3,30.3,27.699999999999978,29.271428571428572,27.207142857142856,1.2,2.1,0.0,0.0,1.0999999999999999,0.4714285714285714,0.2928571428571433
2021-05-07,33.9,20.4,27.0,0.0,18.1,45,5,127,2,26.5,24.8,27.0,29.8,26.099999999999984,28.728571428571428,27.650000000000002,0.0,1.2,2.1,0.0,1.0999999999999999,0.4714285714285714,0.2357142857142862
2021-05-08,34.1,20.8,27.4,0.0,11.6,48,5,128,2,27.0,26.5,24.8,30.3,26.099999999999984,28.328571428571426,28.08571428571429,0.0,0.0,1.2,0.0,0.39999999999999997,0.4714285714285714,0.2357142857142862
2021-05-09,34.6,20.4,28.0,0.0,16.9,47,5,129,2,27.4,27.0,26.5,31.4,26.96666666666665,27.914285714285715,28.407142857142855,0.0,0.0,0.0,0.0,0.0,0.4714285714285714,0.2357142857142862
2021-05-10,34.9,21.9,27.7,4.9,16.7,52,5,130,2,28.0,27.4,27.0,31.3,27.46666666666665,27.428571428571427,28.55,0.0,0.0,0.0,0.0,0.0,0.4714285714285714,0.2357142857142862
2021-05-11,30.6,21.5,26.4,1.6,23.0,54,5,131,2,27.7,28.0,27.4,27.0,27.699999999999985,26.91428571428571,28.614285714285717,4.9,0.0,0.0,2.1,1.6333333333333335,1.1714285714285713,0.5857142857142862
2021-05-12,33.6,20.1,27.2,0.0,13.8,47,5,132,2,26.4,27.7,28.0,24.8,27.366666666666646,26.828571428571426,28.442857142857143,1.6,4.9,0.0,1.2,2.1666666666666665,1.1,0.7000000000000005
2021-05-13,32.2,20.0,26.1,0.0,16.9,51,5,133,2,27.2,26.4,27.7,26.5,27.09999999999998,27.17142857142857,28.22142857142857,0.0,1.6,4.9,0.0,2.1666666666666665,0.9285714285714286,0.7000000000000005
2021-05-14,32.6,20.1,26.5,0.0,14.8,49,5,134,2,26.1,27.2,26.4,27.0,26.56666666666665,27.114285714285717,27.92142857142857,0.0,0.0,1.6,0.0,0.5333333333333333,0.9285714285714286,0.7000000000000005
2021-05-15,31.3,21.2,25.9,0.0,12.6,50,5,135,2,26.5,26.1,27.2,27.4,26.599999999999984,27.042857142857144,27.685714285714283,0.0,0.0,0.0,0.0,0.0,0.9285714285714286,0.7000000000000005
2021-05-16,34.6,21.0,26.9,0.5,10.8,45,5,136,2,25.9,26.5,26.1,28.0,26.166666666666647,26.82857142857143,27.37142857142857,0.0,0.0,0.0,0.0,0.0,0.9285714285714286,0.7000000000000005
2021-05-17,36.1,20.6,28.6,0.0,11.8,36,5,137,2,26.9,25.9,26.5,27.7,26.43333333333332,26.67142857142857,27.05,0.5,0.0,0.0,4.9,0.16666666666666666,1.0,0.7357142857142863
2021-05-18,37.4,22.9,30.5,0.0,14.9,27,5,138,2,28.6,26.9,25.9,26.4,27.133333333333315,26.800000000000004,26.857142857142858,0.0,0.5,0.0,1.6,0.16666666666666666,0.3,0.7357142857142863
2021-05-19,37.3,23.0,30.1,0.0,14.8,30,5,139,2,30.5,28.6,26.9,27.2,28.666666666666647,27.385714285714283,27.107142857142858,0.0,0.0,0.5,0.0,0.16666666666666666,0.07142857142857142,0.5857142857142862
2021-05-20,37.0,23.2,29.5,0.1,16.4,34,5,140,2,30.1,30.5,28.6,26.1,29.73333333333332,27.800000000000004,27.485714285714288,0.0,0.0,0.0,0.0,0.0,0.07142857142857142,0.5000000000000006
2021-05-21,36.9,19.0,29.3,0.0,17.4,29,5,141,2,29.5,30.1,30.5,26.5,30.033333333333314,28.285714285714285,27.699999999999996,0.1,0.0,0.0,0.0,0.03333333333333333,0.08571428571428572,0.5071428571428577
2021-05-22,34.7,22.4,28.7,0.0,20.2,31,5,142,2,29.3,29.5,30.1,25.9,29.633333333333315,28.685714285714283,27.86428571428571,0.0,0.1,0.0,0.0,0.03333333333333333,0.08571428571428572,0.5071428571428577
2021-05-23,30.5,22.1,26.7,0.7,20.6,38,5,143,2,28.7,29.3,29.5,26.9,29.166666666666647,29.085714285714285,27.957142857142856,0.0,0.0,0.1,0.5,0.03333333333333333,0.08571428571428572,0.5071428571428577
2021-05-24,34.7,20.7,27.6,0.0,17.6,35,5,144,2,26.7,28.7,29.3,28.6,28.233333333333317,29.057142857142857,27.86428571428571,0.7,0.0,0.0,0.0,0.2333333333333333,0.11428571428571428,0.5571428571428576
2021-05-25,37.9,20.2,29.3,0.0,13.3,27,5,145,2,27.6,26.7,28.7,30.5,27.666666666666647,28.914285714285715,27.857142857142858,0.0,0.7,0.0,0.0,0.2333333333333333,0.11428571428571428,0.20714285714285757
2021-05-26,39.7,22.4,30.8,0.0,14.8,25,5,146,2,29.3,27.6,26.7,30.1,27.866666666666646,28.74285714285714,28.064285714285717,0.0,0.0,0.7,0.0,0.2333333333333333,0.11428571428571428,0.09285714285714329
2021-05-27,40.3,23.5,32.1,0.0,11.7,24,5,147,2,30.8,29.3,27.6,29.5,29.233333333333317,28.842857142857145,28.321428571428573,0.0,0.0,0.0,0.1,0.0,0.11428571428571428,0.09285714285714329
2021-05-28,41.8,24.6,33.4,0.0,22.6,24,5,148,2,32.1,30.8,29.3,29.3,30.73333333333332,29.214285714285715,28.75,0.0,0.0,0.0,0.0,0.0,0.09999999999999999,0.09285714285714329
2021-05-29,41.8,26.0,33.9,0.0,22.0,25,5,149,2,33.4,32.1,30.8,28.7,32.09999999999999,29.800000000000004,29.242857142857144,0.0,0.0,0.0,0.0,0.0,0.09999999999999999,0.09285714285714329
2021-05-30,40.6,25.1,33.3,0.0,17.0,31,5,150,2,33.9,33.4,32.1,26.7,33.13333333333332,30.542857142857144,29.814285714285713,0.0,0.0,0.0,0.7,0.0,0.09999999999999999,0.09285714285714329
2021-05-31,39.9,25.2,32.4,0.0,27.8,36,5,151,2,33.3,33.9,33.4,27.6,33.53333333333331,31.485714285714288,30.271428571428572,0.0,0.0,0.0,0.0,0.0,0.0,0.057142857142857585
2021-06-01,36.5,23.5,30.2,0.0,19.4,44,6,152,3,32.4,33.3,33.9,29.3,33.19999999999998,32.17142857142857,30.54285714285714,0.0,0.0,0.0,0.0,0.0,0.0,0.057142857142857585
2021-06-02,37.9,24.1,31.1,0.0,14.8,41,6,153,3,30.2,32.4,33.3,30.8,31.96666666666665,32.3,30.52142857142857,0.0,0.0,0.0,0.0,0.0,0.0,0.057142857142857585
2021-06-03,38.7,24.8,31.6,0.0,18.7,40,6,154,3,31.1,30.2,32.4,32.1,31.233333333333317,32.34285714285714,30.592857142857145,0.0,0.0,0.0,0.0,0.0,0.0,0.057142857142857585
2021-06-04,38.5,25.1,31.6,0.0,12.8,46,6,155,3,31.6,31.1,30.2,33.4,30.96666666666665,32.27142857142857,30.742857142857144,0.0,0.0,0.0,0.0,0.0,0.0,0.05000000000000044
2021-06-05,40.5,25.5,32.8,0.0,20.7,41,6,156,3,31.6,31.6,31.1,33.9,31.43333333333332,32.01428571428571,30.907142857142855,0.0,0.0,0.0,0.0,0.0,0.0,0.05000000000000044
2021-06-06,40.8,25.5,33.3,0.0,14.0,40,6,157,3,32.8,31.6,31.6,33.3,31.999999999999986,31.857142857142858,31.2,0.0,0.0,0.0,0.0,0.0,0.0,0.05000000000000044
2021-06-07,43.0,27.1,34.8,0.0,12.4,36,6,158,3,33.3,32.8,31.6,32.4,32.56666666666665,31.857142857142858,31.671428571428574,0.0,0.0,0.0,0.0,0.0,0.0,0.0
2021-06-08,44.6,27.9,36.5,0.0,13.5,35,6,159,3,34.8,33.3,32.8,30.2,33.63333333333332,32.199999999999996,32.18571428571429,0.0,0.0,0.0,0.0,0.0,0.0,0.0
2021-06-09,47.8,27.5,38.0,0.0,14.2,23,6,160,3,36.5,34.8,33.3,31.1,34.86666666666665,33.1,32.699999999999996,0.0,0.0,0.0,0.0,0.0,0.0,0.0
2021-06-10,45.3,27.7,36.9,0.0,14.7,28,6,161,3,38.0,36.5,34.8,31.6,36.433333333333316,34.08571428571429,33.214285714285715,0.0,0.0,0.0,0.0,0.0,0.0,0.0
2021-06-11,42.0,27.2,34.7,0.1,22.5,41,6,162,3,36.9,38.0,36.5,31.6,37.13333333333332,34.84285714285714,33.55714285714286,0.0,0.0,0.0,0.0,0.0,0.0,0.0
2021-06-12,43.4,27.6,35.6,0.0,17.3,34,6,163,3,34.7,36.9,38.0,32.8,36.533333333333324,35.285714285714285,33.65,0.1,0.0,0.0,0.0,0.03333333333333333,0.014285714285714287,0.007142857142857588
2021-06-13,40.3,27.6,33.2,0.0,27.4,40,6,164,3,35.6,34.7,36.9,33.3,35.73333333333332,35.68571428571428,33.77142857142857,0.0,0.1,0.0,0.0,0.03333333333333333,0.014285714285714287,0.007142857142857588
2021-06-14,38.3,24.5,31.1,0.0,20.2,48,6,165,3,33.2,35.6,34.7,34.8,34.499999999999986,35.67142857142857,33.76428571428571,0.0,0.0,0.1,0.0,0.03333333333333333,0.014285714285714287,0.007142857142857588
2021-06-15,38.0,25.8,31.8,0.0,14.4,39,6,166,3,31.1,33.2,35.6,36.5,33.29999999999998,35.142857142857146,33.67142857142857,0.0,0.0,0.0,0.0,0.0,0.014285714285714287,0.007142857142857588
2021-06-16,38.8,24.2,31.6,0.0,24.5,33,6,167,3,31.8,31.1,33.2,38.0,32.033333333333324,34.47142857142857,33.785714285714285,0.0,0.0,0.0,0.0,0.0,0.014285714285714287,0.007142857142857588
2021-06-17,36.8,22.3,30.1,0.0,16.9,43,6,168,3,31.6,31.8,31.1,36.9,31.499999999999986,33.557142857142864,33.82142857142857,0.0,0.0,0.0,0.0,0.0,0.014285714285714287,0.007142857142857588
2021-06-18,40.0,26.0,32.8,0.0,14.6,27,6,169,3,30.1,31.6,31.8,34.7,31.166666666666654,32.58571428571429,33.714285714285715,0.0,0.0,0.0,0.1,0.0,0.014285714285714287,0.007142857142857588
2021-06-19,40.9,26.2,33.2,0.0,12.1,28,6,170,3,32.8,30.1,31.6,35.6,31.499999999999986,32.31428571428571,33.800000000000004,0.0,0.0,0.0,0.0,0.0,0.0,0.007142857142857588
2021-06-20,38.7,24.8,31.7,0.0,21.8,37,6,171,3,33.2,32.8,30.1,33.2,32.03333333333332,31.97142857142857,33.82857142857143,0.0,0.0,0.0,0.0,0.0,0.0,0.007142857142857588
2021-06-21,38.1,24.2,31.6,0.0,15.3,38,6,172,3,31.7,33.2,32.8,31.1,32.566666666666656,31.75714285714286,33.714285714285715,0.0,0.0,0.0,0.0,0.0,0.0,0.007142857142857588
2021-06-22,42.0,25.1,33.6,0.0,18.2,29,6,173,3,31.6,31.7,33.2,31.8,32.16666666666665,31.82857142857143,33.48571428571429,0.0,0.0,0.0,0.0,0.0,0.0,0.007142857142857588
2021-06-23,41.5,25.3,33.6,0.0,22.8,29,6,174,3,33.6,31.6,31.7,31.6,32.29999999999999,32.08571428571429,33.27857142857143,0.0,0.0,0.0,0.0,0.0,0.0,0.007142857142857588
2021-06-24,42.1,26.9,34.6,0.0,17.3,24,6,175,3,33.6,33.6,31.6,30.1,32.933333333333316,32.371428571428574,32.964285714285715,0.0,0.0,0.0,0.0,0.0,0.0,0.007142857142857588
2021-06-25,38.3,26.5,32.2,0.0,16.2,37,6,176,3,34.6,33.6,33.6,32.8,33.93333333333332,33.01428571428572,32.800000000000004,0.0,0.0,0.0,0.0,0.0,0.0,0.007142857142857588
2021-06-26,37.7,24.6,32.1,0.0,17.9,38,6,177,3,32.2,34.6,33.6,33.2,33.466666666666654,32.92857142857143,32.621428571428574,0.0,0.0,0.0,0.0,0.0,0.0,0.0
2021-06-27,39.5,26.4,33.5,0.0,11.8,33,6,178,3,32.1,32.2,34.6,31.7,32.96666666666665,32.77142857142857,32.371428571428574,0.0,0.0,0.0,0.0,0.0,0.0,0.0
2021-06-28,42.0,27.3,34.8,0.0,11.8,28,6,179,3,33.5,32.1,32.2,31.6,32.59999999999999,33.02857142857143,32.392857142857146,0.0,0.0,0.0,0.0,0.0,0.0,0.0
2021-06-29,43.6,27.2,35.7,0.0,11.3,29,6,180,3,34.8,33.5,32.1,33.6,33.46666666666665,33.48571428571429,32.65714285714286,0.0,0.0,0.0,0.0,0.0,0.0,0.0
2021-06-30,44.7,28.6,36.6,0.0,15.6,28,6,181,3,35.7,34.8,33.5,33.6,34.66666666666666,33.785714285714285,32.93571428571429,0.0,0.0,0.0,0.0,0.0,0.0,0.0
2021-07-01,45.4,29.3,37.2,0.0,26.9,22,7,182,3,36.6,35.7,34.8,34.6,35.69999999999999,34.214285714285715,33.292857142857144,0.0,0.0,0.0,0.0,0.0,0.0,0.0
2021-07-02,41.9,27.6,34.7,0.0,25.7,33,7,183,3,37.2,36.6,35.7,32.2,36.499999999999986,34.58571428571428,33.8,0.0,0.0,0.0,0.0,0.0,0.0,0.0
2021-07-03,39.4,26.8,33.8,0.0,20.5,38,7,184,3,34.7,37.2,36.6,32.1,36.16666666666665,34.94285714285714,33.93571428571429,0.0,0.0,0.0,0.0,0.0,0.0,0.0
2021-07-04,39.4,27.6,33.6,0.1,15.3,38,7,185,3,33.8,34.7,37.2,33.5,35.23333333333332,35.18571428571429,33.97857142857143,0.0,0.0,0.0,0.0,0.0,0.0,0.0
2021-07-05,40.2,26.8,33.9,0.0,17.7,36,7,186,3,33.6,33.8,34.7,34.8,34.033333333333324,35.2,34.114285714285714,0.1,0.0,0.0,0.0,0.03333333333333333,0.014285714285714287,0.007142857142857588
2021-07-06,42.1,28.3,34.9,0.0,15.2,32,7,187,3,33.9,33.6,33.8,35.7,33.76666666666665,35.07142857142857,34.278571428571425,0.0,0.1,0.0,0.0,0.03333333333333333,0.014285714285714287,0.007142857142857588
2021-07-07,43.1,28.7,35.8,0.0,22.6,34,7,188,3,34.9,33.9,33.6,36.6,34.13333333333332,34.95714285714286,34.371428571428574,0.0,0.0,0.1,0.0,0.03333333333333333,0.014285714285714287,0.007142857142857588
2021-07-08,43.6,28.5,36.2,0.0,13.4,36,7,189,3,35.8,34.9,33.9,37.2,34.86666666666665,34.84285714285714,34.528571428571425,0.0,0.0,0.0,0.0,0.0,0.014285714285714287,0.007142857142857588
2021-07-09,43.8,29.8,37.0,0.0,17.6,37,7,190,3,36.2,35.8,34.9,34.7,35.63333333333332,34.7,34.642857142857146,0.0,0.0,0.0,0.0,0.0,0.014285714285714287,0.007142857142857588
2021-07-10,40.3,32.0,35.7,0.1,15.1,47,7,191,3,37.0,36.2,35.8,33.8,36.333333333333314,35.028571428571425,34.98571428571429,0.0,0.0,0.0,0.0,0.0,0.014285714285714287,0.007142857142857588
2021-07-11,39.4,29.0,34.4,1.5,18.5,55,7,192,3,35.7,37.0,36.2,33.6,36.29999999999999,35.3,35.24285714285715,0.1,0.0,0.0,0.1,0.03333333333333333,0.028571428571428574,0.014285714285714731
2021-07-12,34.1,25.7,28.7,20.1,22.1,78,7,193,3,34.4,35.7,37.0,33.9,35.69999999999998,35.41428571428572,35.30714285714286,1.5,0.1,0.0,0.0,0.5333333333333333,0.2285714285714286,0.12142857142857187
2021-07-13,31.8,24.0,27.6,14.8,13.6,72,7,194,3,28.7,34.4,35.7,34.9,32.93333333333332,34.67142857142857,34.871428571428574,20.1,1.5,0.1,0.0,7.233333333333334,3.1000000000000005,1.5571428571428576
2021-07-14,30.7,24.7,27.4,1.8,9.7,73,7,195,3,27.6,28.7,34.4,35.8,30.23333333333332,33.628571428571426,34.292857142857144,14.8,20.1,1.5,0.0,12.133333333333335,5.214285714285714,2.6142857142857148
2021-07-15,36.5,24.7,30.4,0.0,10.4,64,7,196,3,27.4,27.6,28.7,36.2,27.899999999999988,32.42857142857143,33.635714285714286,1.8,14.8,20.1,0.0,12.233333333333334,5.471428571428572,2.7428571428571433
2021-07-16,38.0,26.2,32.6,0.0,10.2,58,7,197,3,30.4,27.4,27.6,37.0,28.46666666666665,31.599999999999998,33.15,0.0,1.8,14.8,0.0,5.533333333333334,5.471428571428572,2.7428571428571433
2021-07-17,39.9,28.6,34.1,0.0,13.0,58,7,198,3,32.6,30.4,27.4,35.7,30.133333333333322,30.97142857142857,33.0,0.0,0.0,1.8,0.1,0.6,5.471428571428572,2.7428571428571433
2021-07-18,41.1,30.1,35.5,0.0,13.0,55,7,199,3,34.1,32.6,30.4,34.4,32.36666666666665,30.742857142857144,33.02142857142857,0.0,0.0,0.0,1.5,0.0,5.457142857142857,2.7428571428571433
2021-07-19,33.3,25.2,29.2,9.3,21.3,73,7,200,3,35.5,34.1,32.6,28.7,34.066666666666656,30.900000000000002,33.15714285714286,0.0,0.0,0.0,20.1,0.0,5.242857142857143,2.735714285714286
2021-07-20,30.2,24.1,26.5,33.6,11.7,83,7,201,3,29.2,35.5,34.1,27.6,32.933333333333316,30.97142857142857,32.82142857142857,9.3,0.0,0.0,14.8,3.1,3.7,3.400000000000001
2021-07-21,31.6,24.1,27.4,7.4,7.1,77,7,202,3,26.5,29.2,35.5,27.4,30.399999999999988,30.814285714285713,32.22142857142857,33.6,9.3,0.0,1.8,14.300000000000002,6.385714285714286,5.800000000000002
2021-07-22,35.1,24.1,29.4,0.0,7.0,69,7,203,3,27.4,26.5,29.2,30.4,27.699999999999985,30.814285714285717,31.621428571428574,7.4,33.6,9.3,0.0,16.766666666666666,7.185714285714286,6.328571428571429
2021-07-23,36.0,24.5,30.4,0.0,7.6,68,7,204,3,29.4,27.4,26.5,32.6,27.76666666666665,30.671428571428574,31.135714285714283,0.0,7.4,33.6,0.0,13.666666666666666,7.185714285714286,6.328571428571429
2021-07-24,37.2,26.4,31.6,0.0,11.1,68,7,205,3,30.4,29.4,27.4,34.1,29.06666666666665,30.357142857142858,30.66428571428571,0.0,0.0,7.4,0.0,2.4666666666666646,7.185714285714286,6.328571428571429
2021-07-25,37.4,27.5,32.3,0.1,13.4,67,7,206,3,31.6,30.4,29.4,35.5,30.466666666666654,30.0,30.37142857142857,0.0,0.0,0.0,0.0,0.0,7.185714285714286,6.321428571428572
2021-07-26,37.8,29.0,33.0,0.1,12.0,67,7,207,3,32.3,31.6,30.4,29.2,31.43333333333332,29.54285714285714,30.22142857142857,0.1,0.0,0.0,9.3,0.03333333333333097,7.200000000000001,6.221428571428573
2021-07-27,33.8,27.9,30.3,3.2,15.1,81,7,208,3,33.0,32.3,31.6,26.5,32.29999999999999,30.085714285714285,30.528571428571432,0.1,0.1,0.0,33.6,0.0666666666666643,5.885714285714286,4.792857142857144
2021-07-28,31.4,25.9,28.0,10.4,16.7,89,7,209,3,30.3,33.0,32.3,27.4,31.86666666666665,30.62857142857143,30.72142857142857,3.2,0.1,0.1,7.4,1.133333333333331,1.542857142857143,3.9642857142857153
2021-07-29,33.1,25.0,28.8,10.7,11.5,79,7,210,3,28.0,30.3,33.0,29.4,30.43333333333332,30.714285714285715,30.764285714285716,10.4,3.2,0.1,0.0,4.566666666666665,1.9714285714285715,4.578571428571429
2021-07-30,34.1,25.9,29.7,3.8,13.0,73,7,211,3,28.8,28.0,30.3,30.4,29.03333333333332,30.628571428571426,30.65,10.7,10.4,3.2,0.0,8.099999999999998,3.5,5.342857142857143
2021-07-31,33.2,24.9,28.3,11.1,10.5,78,7,212,3,29.7,28.8,28.0,31.6,28.833333333333318,30.528571428571432,30.442857142857147,3.8,10.7,10.4,0.0,8.299999999999999,4.042857142857143,5.614285714285715
2021-08-01,34.0,25.7,29.4,6.0,12.7,75,8,213,3,28.3,29.7,28.8,32.3,28.93333333333332,30.057142857142853,30.02857142857143,11.1,3.8,10.7,0.1,8.53333333333333,5.628571428571428,6.407142857142858
2021-08-02,34.2,24.0,29.2,7.5,12.7,74,8,214,3,29.4,28.3,29.7,33.0,29.133333333333315,29.642857142857142,29.592857142857145,6.0,11.1,3.8,0.1,6.966666666666664,6.471428571428571,6.835714285714287
2021-08-03,34.3,25.1,29.9,8.6,17.3,74,8,215,3,29.2,29.4,28.3,30.3,28.96666666666665,29.099999999999998,29.592857142857145,7.5,6.0,11.1,3.2,8.199999999999998,7.528571428571428,6.707142857142857
2021-08-04,33.2,25.1,28.8,6.4,11.5,75,8,216,3,29.9,29.2,29.4,28.0,29.499999999999986,29.04285714285714,29.835714285714285,8.6,7.5,6.0,10.4,7.3666666666666645,8.3,4.921428571428572
2021-08-05,34.2,24.0,28.8,11.9,13.3,76,8,217,3,28.8,29.9,29.2,28.8,29.299999999999983,29.157142857142855,29.935714285714283,6.4,8.6,7.5,10.7,7.499999999999997,7.728571428571429,4.8500000000000005
2021-08-06,33.6,23.2,28.6,10.3,11.6,76,8,218,3,28.8,28.8,29.9,29.7,29.166666666666654,29.157142857142855,29.892857142857142,11.9,6.4,8.6,3.8,8.966666666666663,7.8999999999999995,5.700000000000001
2021-08-07,34.6,25.8,30.3,0.3,8.9,72,8,219,3,28.6,28.8,28.8,28.3,28.73333333333332,29.0,29.764285714285716,10.3,11.9,6.4,11.1,9.533333333333331,8.82857142857143,6.435714285714286
2021-08-08,34.2,27.1,30.3,3.2,12.5,72,8,220,3,30.3,28.6,28.8,29.4,29.23333333333332,29.285714285714285,29.67142857142857,0.3,10.3,11.9,6.0,7.499999999999997,7.285714285714286,6.457142857142857
2021-08-09,33.6,23.7,28.7,10.3,16.8,74,8,221,3,30.3,30.3,28.6,29.2,29.73333333333332,29.414285714285715,29.52857142857143,3.2,0.3,10.3,7.5,4.599999999999998,6.885714285714286,6.678571428571429
2021-08-10,35.0,25.9,30.4,0.1,10.4,71,8,222,3,28.7,30.3,30.3,29.9,29.76666666666665,29.342857142857145,29.221428571428568,10.3,3.2,0.3,8.6,4.599999999999998,7.285714285714286,7.4071428571428575
2021-08-11,35.9,26.6,31.0,0.0,12.4,68,8,223,3,30.4,28.7,30.3,28.8,29.799999999999983,29.414285714285715,29.228571428571428,0.1,10.3,3.2,6.4,4.5333333333333306,6.071428571428571,7.185714285714286
2021-08-12,35.9,26.3,30.8,2.2,15.8,71,8,224,3,31.0,30.4,28.7,28.8,30.03333333333332,29.728571428571428,29.442857142857143,0.0,0.1,10.3,11.9,3.4666666666666646,5.1571428571428575,6.442857142857144
2021-08-13,34.8,25.7,30.3,2.9,17.0,70,8,225,3,30.8,31.0,30.4,28.6,30.73333333333332,30.014285714285716,29.58571428571429,2.2,0.0,0.1,10.3,0.7666666666666644,3.771428571428572,5.835714285714287
2021-08-14,32.7,23.7,28.0,2.5,9.8,71,8,226,3,30.3,30.8,31.0,30.3,30.69999999999999,30.257142857142856,29.628571428571426,2.9,2.2,0.0,0.3,1.6999999999999975,2.714285714285715,5.771428571428572
2021-08-15,30.9,22.9,26.1,9.9,15.5,75,8,227,3,28.0,30.3,30.8,30.3,29.69999999999999,29.928571428571427,29.607142857142858,2.5,2.9,2.2,3.2,2.533333333333331,3.028571428571429,5.1571428571428575
2021-08-16,35.1,24.4,29.5,0.0,10.9,57,8,228,3,26.1,28.0,30.3,28.7,28.133333333333322,29.32857142857143,29.37142857142857,9.9,2.5,2.9,10.3,5.099999999999998,3.9857142857142853,5.435714285714286
2021-08-17,36.4,23.6,30.2,0.0,10.3,56,8,229,3,29.5,26.1,28.0,30.4,27.866666666666656,29.442857142857147,29.392857142857142,0.0,9.9,2.5,0.1,4.13333333333333,2.5142857142857147,4.9
2021-08-18,36.1,24.4,30.1,0.0,9.3,62,8,230,3,30.2,29.5,26.1,31.0,28.599999999999984,29.414285714285715,29.414285714285715,0.0,0.0,9.9,0.0,3.299999999999997,2.5,4.2857142857142865
2021-08-19,37.0,25.4,30.9,0.0,11.3,63,8,231,3,30.1,30.2,29.5,30.8,29.93333333333332,29.285714285714285,29.50714285714286,0.0,0.0,0.0,2.2,0.0,2.5,3.828571428571429
2021-08-20,36.6,25.7,30.7,0.0,13.7,61,8,232,3,30.9,30.1,30.2,30.3,30.399999999999988,29.3,29.657142857142855,0.0,0.0,0.0,2.9,0.0,2.1857142857142855,2.9785714285714286
2021-08-21,36.9,24.9,30.7,0.0,11.0,59,8,233,3,30.7,30.9,30.1,28.0,30.566666666666652,29.357142857142858,29.807142857142853,0.0,0.0,0.0,2.5,0.0,1.7714285714285711,2.2428571428571433
2021-08-22,37.1,26.2,31.2,0.0,12.6,59,8,234,3,30.7,30.7,30.9,26.1,30.76666666666665,29.742857142857144,29.83571428571429,0.0,0.0,0.0,9.9,0.0,1.4142857142857141,2.221428571428572
2021-08-23,36.6,26.6,31.2,0.0,13.0,63,8,235,3,31.2,30.7,30.7,29.5,30.86666666666665,30.47142857142857,29.900000000000002,0.0,0.0,0.0,0.0,0.0,0.0,1.9928571428571433
2021-08-24,38.4,27.2,32.4,0.0,15.7,61,8,236,3,31.2,31.2,30.7,30.2,31.033333333333317,30.714285714285715,30.07857142857143,0.0,0.0,0.0,0.0,0.0,0.0,1.2571428571428578
2021-08-25,38.3,28.4,32.9,0.0,14.5,58,8,237,3,32.4,31.2,31.2,30.1,31.599999999999984,31.02857142857143,30.221428571428568,0.0,0.0,0.0,0.0,0.0,0.0,1.2500000000000004
2021-08-26,39.3,28.9,33.5,0.0,14.3,54,8,238,3,32.9,32.4,31.2,30.9,32.16666666666665,31.428571428571427,30.357142857142858,0.0,0.0,0.0,0.0,0.0,0.0,1.2500000000000004
2021-08-27,37.3,28.8,32.4,0.7,18.6,58,8,239,3,33.5,32.9,32.4,30.7,32.933333333333316,31.8,30.55,0.0,0.0,0.0,0.0,0.0,0.0,1.0928571428571432
2021-08-28,34.2,23.8,28.6,9.6,13.4,71,8,240,3,32.4,33.5,32.9,30.7,32.933333333333316,32.042857142857144,30.7,0.7,0.0,0.0,0.0,0.23333333333333037,0.09999999999999999,0.935714285714286
2021-08-29,33.1,22.3,27.6,13.2,15.0,69,8,241,3,28.6,32.4,33.5,31.2,31.499999999999986,31.74285714285714,30.742857142857144,9.6,0.7,0.0,0.0,3.43333333333333,1.4714285714285713,1.442857142857143
2021-08-30,32.3,23.4,27.5,10.0,17.1,69,8,242,3,27.6,28.6,32.4,31.2,29.53333333333332,31.228571428571428,30.849999999999998,13.2,9.6,0.7,0.0,7.8333333333333295,3.357142857142857,1.678571428571429
2021-08-31,31.4,22.9,27.0,3.1,8.5,70,8,243,3,27.5,27.6,28.6,32.4,27.899999999999988,30.7,30.707142857142856,10.0,13.2,9.6,0.0,10.93333333333333,4.785714285714286,2.3928571428571432
2021-09-01,34.0,23.3,28.5,0.0,11.5,56,9,244,4,27.0,27.5,27.6,32.9,27.366666666666656,29.928571428571427,30.478571428571428,3.1,10.0,13.2,0.0,8.766666666666664,5.228571428571429,2.6142857142857148
2021-09-02,36.0,24.0,29.7,0.0,8.8,56,9,245,4,28.5,27.0,27.5,33.5,27.666666666666657,29.3,30.36428571428571,0.0,3.1,10.0,0.0,4.366666666666664,5.228571428571429,2.6142857142857148
2021-09-03,36.9,24.5,30.4,0.0,13.6,58,9,246,4,29.7,28.5,27.0,32.4,28.399999999999988,28.757142857142856,30.27857142857143,0.0,0.0,3.1,0.7,1.0333333333333303,5.228571428571429,2.6142857142857148
2021-09-04,36.2,25.6,30.3,0.1,12.6,66,9,247,4,30.4,29.7,28.5,28.6,29.53333333333332,28.471428571428568,30.25714285714286,0.0,0.0,0.0,9.6,0.0,5.128571428571428,2.6142857142857148
2021-09-05,36.9,25.9,31.0,0.0,13.4,63,9,248,4,30.3,30.4,29.7,27.6,30.133333333333322,28.714285714285715,30.228571428571428,0.1,0.0,0.0,13.2,0.03333333333333038,3.771428571428572,2.6214285714285714
2021-09-06,37.2,26.4,31.6,0.0,13.7,62,9,249,4,31.0,30.3,30.4,27.5,30.566666666666652,29.2,30.214285714285715,0.0,0.1,0.0,10.0,0.03333333333333038,1.8857142857142857,2.6214285714285714
2021-09-07,36.3,27.4,32.0,0.0,12.2,62,9,250,4,31.6,31.0,30.3,27.0,30.966666666666658,29.785714285714285,30.24285714285714,0.0,0.0,0.1,3.1,0.03333333333333038,0.4571428571428572,2.6214285714285714
2021-09-08,31.0,24.8,27.5,5.5,18.0,80,9,251,4,32.0,31.6,31.0,28.5,31.53333333333332,30.5,30.214285714285715,0.0,0.0,0.0,0.0,0.0,0.014285714285714287,2.6214285714285714
2021-09-09,34.3,24.8,29.1,0.2,12.1,68,9,252,4,27.5,32.0,31.6,29.7,30.366666666666656,30.357142857142858,29.828571428571426,5.5,0.0,0.0,0.0,1.8333333333333304,0.7999999999999999,3.0142857142857147
2021-09-10,33.3,23.8,28.0,12.5,14.2,74,9,253,4,29.1,27.5,32.0,30.4,29.53333333333332,30.271428571428572,29.514285714285712,0.2,5.5,0.0,0.0,1.899999999999997,0.8285714285714285,3.028571428571429
2021-09-11,31.3,23.2,26.4,15.4,12.4,78,9,254,4,28.0,29.1,27.5,30.3,28.19999999999999,29.928571428571427,29.2,12.5,0.2,5.5,0.1,6.066666666666664,2.6142857142857143,3.8714285714285714
2021-09-12,32.7,23.3,27.3,1.8,9.2,70,9,255,4,26.4,28.0,29.1,31.0,27.833333333333325,29.37142857142857,29.04285714285714,15.4,12.5,0.2,0.0,9.366666666666665,4.8,4.2857142857142865
2021-09-13,35.2,24.4,29.2,0.1,9.4,61,9,256,4,27.3,26.4,28.0,31.6,27.23333333333332,28.842857142857145,29.021428571428572,1.8,15.4,12.5,0.0,9.899999999999997,5.057142857142857,3.471428571428572
2021-09-14,35.7,24.3,29.6,0.8,9.4,64,9,257,4,29.2,27.3,26.4,32.0,27.633333333333322,28.5,29.142857142857142,0.1,1.8,15.4,0.0,5.766666666666665,5.071428571428571,2.7642857142857147
2021-09-15,35.2,25.1,29.8,0.3,9.3,63,9,258,4,29.6,29.2,27.3,27.5,28.69999999999999,28.157142857142855,29.32857142857143,0.8,0.1,1.8,5.5,0.8999999999999977,5.185714285714285,2.6000000000000005
2021-09-16,37.0,25.6,30.8,0.0,10.0,58,9,259,4,29.8,29.6,29.2,29.1,29.53333333333332,28.485714285714288,29.421428571428574,0.3,0.8,0.1,0.2,0.39999999999999764,4.442857142857143,2.6214285714285714
2021-09-17,36.9,25.8,30.9,0.0,13.5,60,9,260,4,30.8,29.8,29.6,28.0,30.066666666666652,28.72857142857143,29.5,0.0,0.3,0.8,12.5,0.36666666666666425,4.414285714285715,2.6214285714285714
2021-09-18,35.8,26.3,30.6,0.0,11.0,65,9,261,4,30.9,30.8,29.8,26.4,30.49999999999999,29.142857142857142,29.535714285714285,0.0,0.0,0.3,15.4,0.09999999999999763,2.6285714285714294,2.6214285714285714
2021-09-19,35.7,26.5,31.0,0.2,11.8,65,9,262,4,30.6,30.9,30.8,27.3,30.766666666666655,29.74285714285714,29.557142857142853,0.0,0.0,0.0,1.8,0.0,0.4285714285714288,2.6142857142857148
2021-09-20,34.4,24.7,29.3,2.6,20.4,69,9,263,4,31.0,30.6,30.9,29.2,30.833333333333325,30.27142857142857,29.557142857142853,0.2,0.0,0.0,0.1,0.0666666666666643,0.20000000000000023,2.6285714285714294
2021-09-21,32.0,22.8,26.6,10.0,18.0,74,9,264,4,29.3,31.0,30.6,29.6,30.299999999999986,30.285714285714285,29.392857142857142,2.6,0.2,0.0,0.8,0.933333333333331,0.5571428571428574,2.8142857142857154
2021-09-22,32.1,21.2,26.7,11.8,10.9,71,9,265,4,26.6,29.3,31.0,29.8,28.966666666666654,29.857142857142858,29.00714285714286,10.0,2.6,0.2,0.3,4.266666666666665,1.8714285714285717,3.5285714285714294
2021-09-23,32.1,21.7,26.3,3.6,11.2,73,9,266,4,26.7,26.6,29.3,30.8,27.53333333333332,29.414285714285715,28.95,11.8,10.0,2.6,0.0,8.133333333333331,3.5142857142857147,3.978571428571429
2021-09-24,32.2,21.7,26.5,9.2,10.8,72,9,267,4,26.3,26.7,26.6,30.9,26.53333333333332,28.771428571428572,28.75,3.6,11.8,10.0,0.0,8.466666666666665,4.028571428571429,4.221428571428572
2021-09-25,35.1,23.5,28.5,0.0,9.0,64,9,268,4,26.5,26.3,26.7,30.6,26.499999999999986,28.142857142857142,28.642857142857142,9.2,3.6,11.8,0.0,8.199999999999998,5.3428571428571425,3.9857142857142867
2021-09-26,34.9,23.1,28.4,0.0,10.2,65,9,269,4,28.5,26.5,26.3,31.0,27.09999999999999,27.842857142857138,28.792857142857144,0.0,9.2,3.6,0.2,4.266666666666664,5.3428571428571425,2.885714285714286
2021-09-27,34.7,23.2,28.9,0.0,7.6,65,9,270,4,28.4,28.5,26.5,29.3,27.799999999999986,27.471428571428568,28.87142857142857,0.0,0.0,9.2,2.6,3.066666666666664,5.314285714285714,2.7571428571428576
2021-09-28,35.7,24.3,29.7,0.0,10.3,61,9,271,4,28.9,28.4,28.5,26.6,28.59999999999999,27.414285714285715,28.85,0.0,0.0,0.0,10.0,0.0,4.942857142857143,2.750000000000001
2021-09-29,34.0,25.3,29.2,0.2,9.2,67,9,272,4,29.7,28.9,28.4,26.7,28.99999999999999,27.857142857142858,28.857142857142858,0.0,0.0,0.0,11.8,0.0,3.5142857142857147,2.692857142857143
2021-09-30,34.0,25.5,29.6,0.2,11.7,66,9,273,4,29.2,29.7,28.9,26.3,29.26666666666665,28.214285714285715,28.814285714285713,0.2,0.0,0.0,3.6,0.0666666666666643,1.8571428571428572,2.6857142857142864
2021-10-01,33.2,24.3,28.1,6.6,16.6,68,10,274,4,29.6,29.2,29.7,26.5,29.49999999999999,28.685714285714287,28.72857142857143,0.2,0.2,0.0,9.2,0.13333333333333097,1.3714285714285717,2.7000000000000006
2021-10-02,29.9,22.4,25.6,12.9,13.1,77,10,275,4,28.1,29.6,29.2,28.5,28.966666666666654,28.914285714285715,28.52857142857143,6.6,0.2,0.2,0.0,2.333333333333331,1.0000000000000002,3.1714285714285717
2021-10-03,30.2,21.8,25.5,4.7,15.3,76,10,276,4,25.6,28.1,29.6,28.4,27.766666666666655,28.5,28.17142857142857,12.9,6.6,0.2,0.0,6.566666666666664,2.842857142857143,4.092857142857143
2021-10-04,31.6,21.3,26.0,2.5,6.8,71,10,277,4,25.5,25.6,28.1,28.9,26.39999999999999,28.085714285714285,27.77857142857143,4.7,12.9,6.6,0.0,8.066666666666665,3.5142857142857147,4.414285714285715
2021-10-05,30.0,21.3,25.1,8.4,11.2,70,10,278,4,26.0,25.5,25.6,29.7,25.69999999999999,27.67142857142857,27.542857142857144,2.5,4.7,12.9,0.0,6.699999999999998,3.8714285714285714,4.4071428571428575
2021-10-06,33.2,21.5,26.6,0.0,7.1,61,10,279,4,25.1,26.0,25.5,29.2,25.53333333333332,27.014285714285716,27.435714285714287,8.4,2.5,4.7,0.2,5.199999999999998,5.071428571428571,4.292857142857144
2021-10-07,33.6,21.2,26.6,0.0,10.6,58,10,280,4,26.6,25.1,26.0,29.6,25.89999999999999,26.642857142857142,27.428571428571427,0.0,8.4,2.5,0.2,3.6333333333333315,5.042857142857143,3.4500000000000006
2021-10-08,34.2,22.1,26.9,0.0,11.4,59,10,281,4,26.6,26.6,25.1,28.1,26.09999999999999,26.214285714285715,27.45,0.0,0.0,8.4,6.6,2.7999999999999985,5.014285714285715,3.192857142857143
2021-10-09,33.2,21.6,26.8,0.0,8.7,57,10,282,4,26.9,26.6,26.6,25.6,26.69999999999999,26.042857142857144,27.478571428571428,0.0,0.0,0.0,12.9,0.0,4.071428571428572,2.5357142857142856
2021-10-10,23.5,19.9,21.6,10.3,19.9,73,10,283,4,26.8,26.9,26.6,25.5,26.766666666666655,26.214285714285715,27.357142857142858,0.0,0.0,0.0,4.7,0.0,2.228571428571429,2.5357142857142856
2021-10-11,29.8,17.9,22.7,0.1,13.4,65,10,284,4,21.6,26.8,26.9,26.0,25.099999999999984,25.657142857142862,26.871428571428574,10.3,0.0,0.0,2.5,3.4333333333333313,3.028571428571429,3.271428571428572
2021-10-12,31.3,17.7,24.1,0.0,15.5,44,10,285,4,22.7,21.6,26.8,25.1,23.69999999999999,25.185714285714287,26.428571428571427,0.1,10.3,0.0,8.4,3.4666666666666646,2.6857142857142864,3.2785714285714294
2021-10-13,33.9,18.9,24.9,0.0,10.5,34,10,286,4,24.1,22.7,21.6,26.6,22.799999999999986,25.04285714285714,26.02857142857143,0.0,0.1,10.3,0.0,3.4666666666666646,1.4857142857142862,3.278571428571429
2021-10-14,34.4,18.8,25.4,0.0,10.5,29,10,287,4,24.9,24.1,22.7,26.6,23.899999999999988,24.8,25.72142857142857,0.0,0.0,0.1,0.0,0.03333333333333097,1.4857142857142862,3.264285714285715
2021-10-15,35.0,18.6,24.7,0.0,9.4,28,10,288,4,25.4,24.9,24.1,26.9,24.799999999999986,24.62857142857143,25.42142857142857,0.0,0.0,0.0,0.0,0.0,1.4857142857142862,3.2500000000000004
2021-10-16,33.9,16.0,24.3,0.0,8.3,46,10,289,4,24.7,25.4,24.9,26.8,24.99999999999999,24.314285714285713,25.178571428571427,0.0,0.0,0.0,0.0,0.0,1.4857142857142862,2.778571428571429
2021-10-17,27.5,17.3,23.4,0.9,15.7,48,10,290,4,24.3,24.7,25.4,21.6,24.799999999999986,23.957142857142856,25.085714285714285,0.0,0.0,0.0,10.3,0.0,1.4857142857142862,1.8571428571428577
2021-10-18,30.5,17.2,22.9,0.5,10.5,60,10,291,4,23.4,24.3,24.7,22.7,24.133333333333322,24.214285714285715,24.935714285714287,0.9,0.0,0.0,0.1,0.29999999999999766,0.14285714285714338,1.585714285714286
2021-10-19,32.6,18.1,24.1,0.0,9.9,53,10,292,4,22.9,23.4,24.3,24.1,23.53333333333332,24.24285714285714,24.714285714285715,0.5,0.9,0.0,0.0,0.4666666666666643,0.20000000000000048,1.4428571428571433
2021-10-20,32.3,17.4,23.7,0.0,8.8,56,10,293,4,24.1,22.9,23.4,24.9,23.466666666666654,24.242857142857144,24.642857142857142,0.0,0.5,0.9,0.0,0.4666666666666643,0.20000000000000048,0.8428571428571434
2021-10-21,32.6,16.2,23.8,0.0,7.7,56,10,294,4,23.7,24.1,22.9,25.4,23.566666666666652,24.071428571428573,24.435714285714287,0.0,0.0,0.5,0.0,0.1666666666666643,0.20000000000000048,0.8428571428571434
2021-10-22,27.1,15.7,20.8,0.0,19.4,64,10,295,4,23.8,23.7,24.1,24.7,23.866666666666656,23.842857142857145,24.235714285714288,0.0,0.0,0.0,0.0,0.0,0.20000000000000048,0.8428571428571434
2021-10-23,27.3,12.3,20.0,0.0,14.5,56,10,296,4,20.8,23.8,23.7,24.3,22.76666666666665,23.285714285714285,23.8,0.0,0.0,0.0,0.0,0.0,0.20000000000000048,0.8428571428571434
2021-10-24,20.5,12.1,16.5,9.4,28.7,70,10,297,4,20.0,20.8,23.8,23.4,21.53333333333332,22.67142857142857,23.314285714285713,0.0,0.0,0.0,0.9,0.0,0.20000000000000048,0.8428571428571434
2021-10-25,25.0,11.6,17.7,0.0,8.1,51,10,298,4,16.5,20.0,20.8,22.9,19.09999999999999,21.685714285714283,22.949999999999996,9.4,0.0,0.0,0.5,3.133333333333331,1.4142857142857148,0.7785714285714291
2021-10-26,26.4,13.9,19.3,0.0,16.1,43,10,299,4,17.7,16.5,20.0,24.1,18.066666666666652,20.942857142857147,22.592857142857145,0.0,9.4,0.0,0.0,3.133333333333331,1.3428571428571434,0.771428571428572
2021-10-27,28.1,13.8,20.0,0.0,10.1,43,10,300,4,19.3,17.7,16.5,23.7,17.83333333333332,20.25714285714286,22.25,0.0,0.0,9.4,0.0,3.133333333333331,1.3428571428571434,0.771428571428572
2021-10-28,26.9,13.2,19.5,0.0,7.8,47,10,301,4,20.0,19.3,17.7,23.8,18.99999999999999,19.728571428571428,21.9,0.0,0.0,0.0,0.0,0.0,1.3428571428571434,0.771428571428572
2021-10-29,27.4,12.9,19.5,0.0,8.2,50,10,302,4,19.5,20.0,19.3,20.8,19.59999999999999,19.114285714285717,21.478571428571428,0.0,0.0,0.0,0.0,0.0,1.3428571428571434,0.771428571428572
2021-10-30,28.7,13.8,20.1,0.0,16.7,37,10,303,4,19.5,19.5,20.0,20.0,19.666666666666654,18.928571428571427,21.107142857142858,0.0,0.0,0.0,0.0,0.0,1.3428571428571434,0.771428571428572
2021-10-31,27.6,11.9,19.0,0.0,7.6,38,10,304,4,20.1,19.5,19.5,16.5,19.69999999999999,18.942857142857143,20.807142857142857,0.0,0.0,0.0,9.4,0.0,1.3428571428571434,0.771428571428572
2021-11-01,26.3,13.2,18.2,0.0,11.2,56,11,305,4,19.0,20.1,19.5,17.7,19.53333333333332,19.3,20.49285714285714,0.0,0.0,0.0,0.0,0.0,0.0,0.7071428571428576
2021-11-02,27.7,12.5,18.7,0.0,10.8,52,11,306,4,18.2,19.0,20.1,19.3,19.09999999999999,19.37142857142857,20.157142857142855,0.0,0.0,0.0,0.0,0.0,0.0,0.6714285714285719
2021-11-03,25.7,12.2,18.2,0.0,7.9,59,11,307,4,18.7,18.2,19.0,20.0,18.633333333333322,19.285714285714285,19.77142857142857,0.0,0.0,0.0,0.0,0.0,0.0,0.6714285714285719
2021-11-04,25.1,13.7,18.5,0.0,8.7,57,11,308,4,18.2,18.7,18.2,19.5,18.366666666666656,19.02857142857143,19.37857142857143,0.0,0.0,0.0,0.0,0.0,0.0,0.6714285714285719
2021-11-05,22.4,13.6,17.7,0.0,7.9,65,11,309,4,18.5,18.2,18.7,19.5,18.466666666666654,18.885714285714283,19.0,0.0,0.0,0.0,0.0,0.0,0.0,0.6714285714285719
2021-11-06,25.6,12.6,18.3,0.0,14.3,54,11,310,4,17.7,18.5,18.2,20.1,18.133333333333322,18.628571428571426,18.77857142857143,0.0,0.0,0.0,0.0,0.0,0.0,0.6714285714285719
2021-11-07,26.9,12.7,18.4,0.0,9.4,44,11,311,4,18.3,17.7,18.5,19.0,18.166666666666654,18.37142857142857,18.657142857142855,0.0,0.0,0.0,0.0,0.0,0.0,0.6714285714285719
2021-11-08,27.6,13.1,19.2,0.0,9.4,40,11,312,4,18.4,18.3,17.7,18.2,18.133333333333322,18.285714285714285,18.79285714285714,0.0,0.0,0.0,0.0,0.0,0.0,0.0
2021-11-09,26.2,13.9,18.5,0.0,9.4,48,11,313,4,19.2,18.4,18.3,18.7,18.633333333333322,18.428571428571427,18.900000000000002,0.0,0.0,0.0,0.0,0.0,0.0,0.0
2021-11-10,26.2,11.1,18.4,0.0,7.3,57,11,314,4,18.5,19.2,18.4,18.2,18.69999999999999,18.400000000000002,18.842857142857145,0.0,0.0,0.0,0.0,0.0,0.0,0.0
2021-11-11,27.3,13.4,19.0,0.0,11.3,43,11,315,4,18.4,18.5,19.2,18.5,18.699999999999985,18.428571428571427,18.728571428571428,0.0,0.0,0.0,0.0,0.0,0.0,0.0
2021-11-12,26.5,13.8,18.2,0.0,9.2,41,11,316,4,19.0,18.4,18.5,17.7,18.633333333333322,18.5,18.692857142857143,0.0,0.0,0.0,0.0,0.0,0.0,0.0
2021-11-13,24.4,12.1,17.1,0.0,5.1,44,11,317,4,18.2,19.0,18.4,18.3,18.53333333333332,18.571428571428573,18.599999999999998,0.0,0.0,0.0,0.0,0.0,0.0,0.0
2021-11-14,22.4,7.5,14.9,0.0,8.8,60,11,318,4,17.1,18.2,19.0,18.4,18.09999999999999,18.400000000000002,18.385714285714283,0.0,0.0,0.0,0.0,0.0,0.0,0.0
2021-11-15,24.0,11.1,15.8,0.0,9.7,46,11,319,4,14.9,17.1,18.2,19.2,16.733333333333324,17.9,18.09285714285714,0.0,0.0,0.0,0.0,0.0,0.0,0.0
2021-11-16,23.0,10.0,15.6,0.0,7.4,46,11,320,4,15.8,14.9,17.1,18.5,15.933333333333323,17.414285714285715,17.92142857142857,0.0,0.0,0.0,0.0,0.0,0.0,0.0
2021-11-17,21.9,9.6,14.5,0.0,8.7,67,11,321,4,15.6,15.8,14.9,18.4,15.433333333333323,17.0,17.7,0.0,0.0,0.0,0.0,0.0,0.0,0.0
2021-11-18,22.7,12.0,16.2,0.0,8.2,54,11,322,4,14.5,15.6,15.8,19.0,15.299999999999988,16.442857142857143,17.435714285714287,0.0,0.0,0.0,0.0,0.0,0.0,0.0
2021-11-19,22.4,9.2,14.6,0.0,10.8,54,11,323,4,16.2,14.5,15.6,18.2,15.433333333333321,16.04285714285714,17.271428571428572,0.0,0.0,0.0,0.0,0.0,0.0,0.0
2021-11-20,22.1,7.3,14.1,0.0,7.6,67,11,324,4,14.6,16.2,14.5,17.1,15.099999999999987,15.528571428571428,17.05,0.0,0.0,0.0,0.0,0.0,0.0,0.0
2021-11-21,22.3,9.5,14.3,0.0,10.7,64,11,325,4,14.1,14.6,16.2,14.9,14.966666666666654,15.1,16.75,0.0,0.0,0.0,0.0,0.0,0.0,0.0
2021-11-22,22.2,9.2,13.8,0.0,7.7,53,11,326,4,14.3,14.1,14.6,15.8,14.333333333333321,15.014285714285714,16.45714285714286,0.0,0.0,0.0,0.0,0.0,0.0,0.0
2021-11-23,21.8,7.0,13.6,0.0,7.3,67,11,327,4,13.8,14.3,14.1,15.6,14.066666666666654,14.728571428571428,16.071428571428573,0.0,0.0,0.0,0.0,0.0,0.0,0.0
2021-11-24,21.4,8.6,14.5,0.0,7.9,72,11,328,4,13.6,13.8,14.3,14.5,13.89999999999999,14.442857142857145,15.721428571428572,0.0,0.0,0.0,0.0,0.0,0.0,0.0
2021-11-25,23.4,10.7,15.7,0.0,9.0,66,11,329,4,14.5,13.6,13.8,16.2,13.966666666666654,14.442857142857141,15.442857142857141,0.0,0.0,0.0,0.0,0.0,0.0,0.0
2021-11-26,21.9,10.0,14.8,0.0,7.9,65,11,330,4,15.7,14.5,13.6,14.6,14.599999999999987,14.371428571428572,15.207142857142857,0.0,0.0,0.0,0.0,0.0,0.0,0.0
2021-11-27,21.6,9.3,14.8,0.0,5.6,72,11,331,4,14.8,15.7,14.5,14.1,14.999999999999988,14.4,14.964285714285714,0.0,0.0,0.0,0.0,0.0,0.0,0.0
2021-11-28,22.1,9.8,15.2,0.0,12.7,71,11,332,4,14.8,14.8,15.7,14.3,15.099999999999987,14.5,14.799999999999999,0.0,0.0,0.0,0.0,0.0,0.0,0.0
2021-11-29,22.3,8.7,14.8,0.0,9.0,62,11,333,4,15.2,14.8,14.8,13.8,14.933333333333323,14.62857142857143,14.821428571428571,0.0,0.0,0.0,0.0,0.0,0.0,0.0
2021-11-30,22.3,9.5,14.5,0.0,9.3,52,11,334,4,14.8,15.2,14.8,13.6,14.933333333333321,14.77142857142857,14.75,0.0,0.0,0.0,0.0,0.0,0.0,0.0
2021-12-01,20.2,8.6,13.2,0.0,8.6,68,12,335,1,14.5,14.8,15.2,14.5,14.833333333333321,14.9,14.671428571428573,0.0,0.0,0.0,0.0,0.0,0.0,0.0
2021-12-02,20.2,8.2,13.4,0.0,7.7,62,12,336,1,13.2,14.5,14.8,15.7,14.166666666666655,14.714285714285714,14.578571428571427,0.0,0.0,0.0,0.0,0.0,0.0,0.0
2021-12-03,20.4,6.1,12.6,0.0,9.5,65,12,337,1,13.4,13.2,14.5,14.8,13.699999999999989,14.385714285714284,14.378571428571428,0.0,0.0,0.0,0.0,0.0,0.0,0.0
2021-12-04,21.7,10.5,14.4,0.0,8.3,67,12,338,1,12.6,13.4,13.2,14.8,13.066666666666656,14.071428571428571,14.235714285714284,0.0,0.0,0.0,0.0,0.0,0.0,0.0
2021-12-05,16.9,8.7,12.5,8.2,9.0,86,12,339,1,14.4,12.6,13.4,15.2,13.466666666666654,14.014285714285714,14.257142857142856,0.0,0.0,0.0,0.0,0.0,0.0,0.0
2021-12-06,20.2,8.2,13.2,0.0,10.8,77,12,340,1,12.5,14.4,12.6,14.8,13.166666666666655,13.62857142857143,14.128571428571428,8.2,0.0,0.0,0.0,2.7333333333333307,1.171428571428572,0.5857142857142862
2021-12-07,19.2,8.0,13.3,0.0,5.0,56,12,341,1,13.2,12.5,14.4,14.5,13.366666666666655,13.4,14.085714285714287,0.0,8.2,0.0,0.0,2.7333333333333307,1.171428571428572,0.5857142857142862
2021-12-08,19.7,8.2,12.4,0.0,8.4,62,12,342,1,13.3,13.2,12.5,13.2,12.999999999999988,13.228571428571428,14.064285714285715,0.0,0.0,8.2,0.0,2.7333333333333307,1.171428571428572,0.5857142857142862
2021-12-09,20.6,6.0,12.3,0.0,7.7,70,12,343,1,12.4,13.3,13.2,13.4,12.966666666666654,13.114285714285714,13.914285714285715,0.0,0.0,0.0,0.0,0.0,1.171428571428572,0.5857142857142862
2021-12-10,20.2,5.9,12.4,0.0,10.9,41,12,344,1,12.3,12.4,13.3,12.6,12.666666666666655,12.957142857142857,13.671428571428573,0.0,0.0,0.0,0.0,0.0,1.171428571428572,0.5857142857142862
2021-12-11,18.3,5.3,11.5,0.0,8.2,50,12,345,1,12.4,12.3,12.4,14.4,12.366666666666655,12.928571428571429,13.5,0.0,0.0,0.0,0.0,0.0,1.171428571428572,0.5857142857142862
2021-12-12,17.6,7.1,11.1,0.0,9.3,66,12,346,1,11.5,12.4,12.3,12.5,12.066666666666656,12.514285714285714,13.264285714285714,0.0,0.0,0.0,8.2,0.0,1.171428571428572,0.5857142857142862
2021-12-13,16.7,3.6,9.6,0.0,6.6,74,12,347,1,11.1,11.5,12.4,13.2,11.666666666666655,12.314285714285713,12.971428571428573,0.0,0.0,0.0,0.0,0.0,0.0,0.5857142857142862
2021-12-14,14.3,5.6,9.2,0.0,16.0,73,12,348,1,9.6,11.1,11.5,13.3,10.73333333333332,11.8,12.6,0.0,0.0,0.0,0.0,0.0,0.0,0.5857142857142862
2021-12-15,15.0,5.1,9.6,0.2,17.8,70,12,349,1,9.2,9.6,11.1,12.4,9.966666666666654,11.214285714285714,12.221428571428572,0.0,0.0,0.0,0.0,0.0,0.0,0.5857142857142862
2021-12-16,14.6,2.4,9.0,0.0,11.5,61,12,350,1,9.6,9.2,9.6,12.3,9.466666666666654,10.814285714285715,11.964285714285714,0.2,0.0,0.0,0.0,0.0666666666666643,0.02857142857142908,0.6000000000000004
2021-12-17,14.6,3.8,8.0,0.0,8.2,59,12,351,1,9.0,9.6,9.2,12.4,9.266666666666653,10.342857142857142,11.65,0.0,0.2,0.0,0.0,0.0666666666666643,0.02857142857142908,0.6000000000000004
2021-12-18,14.9,2.9,8.0,0.0,7.9,53,12,352,1,8.0,9.0,9.6,11.5,8.866666666666655,9.714285714285714,11.321428571428571,0.0,0.0,0.2,0.0,0.0666666666666643,0.02857142857142908,0.6000000000000004
2021-12-19,15.4,1.0,7.4,0.0,6.9,69,12,353,1,8.0,8.0,9.0,11.1,8.333333333333321,9.214285714285714,10.864285714285714,0.0,0.0,0.0,0.0,0.0,0.02857142857142908,0.6000000000000004
2021-12-20,15.2,3.8,8.3,0.0,9.7,70,12,354,1,7.4,8.0,8.0,9.6,7.799999999999987,8.685714285714285,10.5,0.0,0.0,0.0,0.0,0.0,0.02857142857142908,0.014285714285714794
2021-12-21,17.0,2.9,8.7,0.0,7.6,76,12,355,1,8.3,7.4,8.0,9.2,7.899999999999989,8.5,10.15,0.0,0.0,0.0,0.0,0.0,0.02857142857142908,0.014285714285714794
2021-12-22,17.5,4.1,10.0,0.0,6.8,74,12,356,1,8.7,8.3,7.4,9.6,8.13333333333332,8.428571428571429,9.821428571428571,0.0,0.0,0.0,0.2,0.0,0.02857142857142908,0.014285714285714794
2021-12-23,19.4,6.2,11.9,0.0,7.7,67,12,357,1,10.0,8.7,8.3,9.0,8.999999999999988,8.485714285714286,9.65,0.0,0.0,0.0,0.0,0.0,0.0,0.014285714285714794
2021-12-24,20.1,7.0,12.3,0.0,10.2,56,12,358,1,11.9,10.0,8.7,8.0,10.199999999999987,8.9,9.621428571428572,0.0,0.0,0.0,0.0,0.0,0.0,0.014285714285714794
2021-12-25,18.2,6.9,11.7,0.0,6.3,63,12,359,1,12.3,11.9,10.0,8.0,11.399999999999986,9.514285714285714,9.614285714285714,0.0,0.0,0.0,0.0,0.0,0.0,0.014285714285714794
2021-12-26,14.0,7.8,10.1,1.0,12.0,79,12,360,1,11.7,12.3,11.9,7.4,11.966666666666654,10.042857142857143,9.62857142857143,0.0,0.0,0.0,0.0,0.0,0.0,0.014285714285714794
2021-12-27,13.8,6.5,9.4,4.1,8.1,84,12,361,1,10.1,11.7,12.3,8.3,11.366666666666655,10.428571428571429,9.557142857142859,1.0,0.0,0.0,0.0,0.333333333333331,0.14285714285714338,0.08571428571428621
2021-12-28,16.9,4.1,9.8,0.0,17.1,60,12,362,1,9.4,10.1,11.7,8.7,10.399999999999988,10.585714285714287,9.542857142857143,4.1,1.0,0.0,0.0,1.6999999999999975,0.728571428571429,0.37857142857142906
2021-12-29,17.1,5.2,9.5,0.0,8.8,46,12,363,1,9.8,9.4,10.1,10.0,9.766666666666655,10.742857142857144,9.585714285714287,0.0,4.1,1.0,0.0,1.6999999999999975,0.728571428571429,0.37857142857142906
2021-12-30,16.7,5.0,9.8,0.0,7.9,50,12,364,1,9.5,9.8,9.4,11.9,9.566666666666656,10.671428571428573,9.578571428571427,0.0,0.0,4.1,0.0,1.3666666666666643,0.728571428571429,0.36428571428571477
2021-12-31,17.9,6.4,10.7,0.0,9.0,56,12,365,1,9.8,9.5,9.8,12.3,9.699999999999989,10.371428571428572,9.635714285714286,0.0,0.0,0.0,0.0,0.0,0.728571428571429,0.36428571428571477
2022-01-01,16.2,5.3,9.3,0.0,6.8,64,1,1,1,10.7,9.8,9.5,11.7,9.999999999999988,10.142857142857142,9.828571428571427,0.0,0.0,0.0,0.0,0.0,0.728571428571429,0.36428571428571477
2022-01-02,18.6,6.6,11.4,0.0,10.0,56,1,2,1,9.3,10.7,9.8,10.1,9.933333333333321,9.8,9.921428571428573,0.0,0.0,0.0,1.0,0.0,0.728571428571429,0.36428571428571477
2022-01-03,13.3,5.3,9.8,2.8,7.4,69,1,3,1,11.4,9.3,10.7,9.4,10.466666666666654,9.985714285714286,10.207142857142857,0.0,0.0,0.0,4.1,0.0,0.5857142857142862,0.36428571428571477
2022-01-04,10.2,7.9,9.2,13.2,9.4,91,1,4,1,9.8,11.4,9.3,9.8,10.166666666666655,10.042857142857144,10.314285714285715,2.8,0.0,0.0,0.0,0.9333333333333309,0.40000000000000047,0.5642857142857147
2022-01-05,9.6,4.7,8.3,18.5,13.2,89,1,5,1,9.2,9.8,11.4,9.5,10.13333333333332,9.957142857142857,10.35,13.2,2.8,0.0,0.0,5.333333333333331,2.285714285714286,1.5071428571428576
2022-01-06,14.8,5.0,9.2,2.7,10.2,77,1,6,1,8.3,9.2,9.8,9.8,9.099999999999989,9.785714285714286,10.228571428571428,18.5,13.2,2.8,0.0,11.499999999999998,4.928571428571429,2.828571428571429
2022-01-07,12.2,8.3,9.8,18.0,12.7,81,1,7,1,9.2,8.3,9.2,10.7,8.899999999999986,9.700000000000001,10.035714285714286,2.7,18.5,13.2,0.0,11.466666666666663,5.314285714285715,3.021428571428572
2022-01-08,10.8,8.1,9.4,22.4,17.2,83,1,8,1,9.8,9.2,8.3,9.3,9.099999999999989,9.571428571428571,9.857142857142858,18.0,2.7,18.5,0.0,13.066666666666663,7.885714285714286,4.307142857142858
2022-01-09,15.2,3.8,8.8,0.2,9.2,81,1,9,1,9.4,9.8,9.2,11.4,9.466666666666654,9.585714285714287,9.692857142857145,22.4,18.0,2.7,0.0,14.366666666666665,11.085714285714285,5.9071428571428575
2022-01-10,15.0,2.5,8.1,0.0,7.0,79,1,10,1,8.8,9.4,9.8,9.8,9.333333333333323,9.214285714285714,9.6,0.2,22.4,18.0,2.8,13.53333333333333,11.114285714285714,5.8500000000000005
2022-01-11,17.2,3.1,9.5,0.0,9.3,62,1,11,1,8.1,8.8,9.4,9.2,8.766666666666657,8.971428571428572,9.507142857142856,0.0,0.2,22.4,13.2,7.5333333333333306,10.714285714285714,5.557142857142858
2022-01-12,16.3,3.5,9.4,0.0,7.7,52,1,12,1,9.5,8.1,8.8,8.3,8.799999999999988,9.014285714285714,9.485714285714286,0.0,0.0,0.2,18.5,0.0666666666666643,8.82857142857143,5.557142857142858
2022-01-13,17.5,3.8,9.3,0.0,7.9,53,1,13,1,9.4,9.5,8.1,9.2,8.999999999999988,9.171428571428573,9.47857142857143,0.0,0.0,0.0,2.7,0.0,6.185714285714286,5.557142857142858
2022-01-14,18.2,4.5,10.4,0.0,10.2,44,1,14,1,9.3,9.4,9.5,9.8,9.399999999999988,9.185714285714285,9.442857142857141,0.0,0.0,0.0,18.0,0.0,5.8,5.557142857142858
2022-01-15,15.9,3.4,9.9,0.0,7.4,54,1,15,1,10.4,9.3,9.4,9.4,9.699999999999989,9.271428571428572,9.421428571428573,0.0,0.0,0.0,22.4,0.0,3.2285714285714286,5.557142857142858
2022-01-16,17.9,5.3,10.8,0.0,7.3,55,1,16,1,9.9,10.4,9.3,8.8,9.866666666666655,9.342857142857143,9.464285714285714,0.0,0.0,0.0,0.2,0.0,0.02857142857142908,5.557142857142858
2022-01-17,13.4,7.3,9.9,0.2,8.5,73,1,17,1,10.8,9.9,10.4,8.1,10.366666666666655,9.62857142857143,9.421428571428573,0.0,0.0,0.0,0.0,0.0,0.0,5.557142857142858
2022-01-18,19.2,4.1,10.6,0.0,9.9,77,1,18,1,9.9,10.8,9.9,9.5,10.199999999999989,9.885714285714286,9.428571428571429,0.2,0.0,0.0,0.0,0.0666666666666643,0.02857142857142908,5.371428571428572
2022-01-19,13.8,7.5,10.3,7.4,8.7,90,1,19,1,10.6,9.9,10.8,9.4,10.433333333333321,10.042857142857144,9.528571428571428,0.0,0.2,0.0,0.0,0.0666666666666643,0.02857142857142908,4.428571428571429
2022-01-20,17.5,6.8,10.3,0.0,11.5,79,1,20,1,10.3,10.6,9.9,9.3,10.266666666666655,10.171428571428573,9.671428571428573,7.4,0.0,0.2,0.0,2.533333333333331,1.0857142857142863,3.635714285714286
2022-01-21,12.3,5.2,8.7,6.9,8.4,91,1,21,1,10.3,10.3,10.6,10.4,10.399999999999988,10.314285714285715,9.75,0.0,7.4,0.0,0.0,2.4666666666666646,1.0857142857142863,3.442857142857143
2022-01-22,9.8,8.2,8.8,16.8,15.7,89,1,22,1,8.7,10.3,10.3,9.9,9.766666666666655,10.071428571428571,9.671428571428573,6.9,0.0,7.4,0.0,4.766666666666665,2.071428571428572,2.650000000000001
2022-01-23,12.8,6.3,9.4,0.0,9.5,82,1,23,1,8.8,8.7,10.3,10.8,9.266666666666655,9.914285714285715,9.62857142857143,16.8,6.9,0.0,0.0,7.899999999999999,4.471428571428572,2.2500000000000004
2022-01-24,16.1,3.0,9.3,0.0,6.9,73,1,24,1,9.4,8.8,8.7,9.9,8.966666666666654,9.714285714285714,9.671428571428573,0.0,16.8,6.9,0.2,7.899999999999998,4.471428571428572,2.235714285714286
2022-01-25,16.4,4.9,9.6,0.0,6.1,68,1,25,1,9.3,9.4,8.8,10.6,9.166666666666655,9.62857142857143,9.757142857142856,0.0,0.0,16.8,0.0,5.599999999999997,4.442857142857144,2.235714285714286
2022-01-26,16.9,3.2,9.0,0.0,9.1,57,1,26,1,9.6,9.3,9.4,10.3,9.433333333333321,9.485714285714286,9.764285714285714,0.0,0.0,0.0,7.4,0.0,4.442857142857144,2.235714285714286
2022-01-27,16.8,4.4,9.8,0.0,7.2,60,1,27,1,9.0,9.6,9.3,10.3,9.299999999999988,9.299999999999999,9.735714285714286,0.0,0.0,0.0,0.0,0.0,3.385714285714286,2.235714285714286
2022-01-28,17.7,4.6,10.2,0.0,5.8,59,1,28,1,9.8,9.0,9.6,8.7,9.466666666666656,9.22857142857143,9.771428571428572,0.0,0.0,0.0,6.9,0.0,3.385714285714286,2.235714285714286
2022-01-29,18.2,6.3,10.6,0.0,10.3,66,1,29,1,10.2,9.8,9.0,8.8,9.666666666666655,9.442857142857141,9.757142857142856,0.0,0.0,0.0,16.8,0.0,2.400000000000001,2.235714285714286
2022-01-30,19.5,6.1,11.6,0.0,9.3,58,1,30,1,10.6,10.2,9.8,9.4,10.199999999999989,9.700000000000001,9.807142857142859,0.0,0.0,0.0,0.0,0.0,0.0,2.235714285714286
2022-01-31,17.8,6.0,11.6,0.0,8.3,60,1,31,1,11.6,10.6,10.2,9.3,10.799999999999988,10.014285714285714,9.864285714285714,0.0,0.0,0.0,0.0,0.0,0.0,2.235714285714286
2022-02-01,18.4,5.6,10.9,0.0,9.2,70,2,32,1,11.6,11.6,10.6,9.6,11.266666666666653,10.342857142857143,9.985714285714286,0.0,0.0,0.0,0.0,0.0,0.0,2.221428571428572
2022-02-02,15.6,3.9,9.8,0.0,8.5,66,2,33,1,10.9,11.6,11.6,9.0,11.366666666666655,10.528571428571428,10.007142857142856,0.0,0.0,0.0,0.0,0.0,0.0,2.221428571428572
2022-02-03,17.0,4.3,9.6,0.0,11.3,76,2,34,1,9.8,10.9,11.6,9.8,10.766666666666657,10.642857142857142,9.971428571428572,0.0,0.0,0.0,0.0,0.0,0.0,1.6928571428571433
2022-02-04,16.1,3.8,8.1,0.0,11.8,81,2,35,1,9.6,9.8,10.9,10.2,10.099999999999987,10.614285714285714,9.921428571428573,0.0,0.0,0.0,0.0,0.0,0.0,1.6928571428571433
2022-02-05,17.3,4.4,9.9,0.0,9.4,79,2,36,1,8.1,9.6,9.8,10.6,9.166666666666655,10.314285714285715,9.878571428571428,0.0,0.0,0.0,0.0,0.0,0.0,1.2000000000000004
2022-02-06,14.4,8.2,10.9,2.5,7.6,83,2,37,1,9.9,8.1,9.6,11.6,9.199999999999989,10.214285714285714,9.957142857142857,0.0,0.0,0.0,0.0,0.0,0.0,0.0
2022-02-07,17.7,8.7,12.0,1.9,10.7,72,2,38,1,10.9,9.9,8.1,11.6,9.63333333333332,10.114285714285714,10.064285714285715,2.5,0.0,0.0,0.0,0.8333333333333309,0.35714285714285765,0.17857142857142907
2022-02-08,18.9,5.9,11.3,0.0,15.2,59,2,39,1,12.0,10.9,9.9,10.9,10.933333333333323,10.171428571428573,10.257142857142856,1.9,2.5,0.0,0.0,1.4666666666666643,0.6285714285714291,0.31428571428571483
2022-02-09,18.3,4.8,10.5,0.0,10.0,62,2,40,1,11.3,12.0,10.9,9.8,11.39999999999999,10.22857142857143,10.37857142857143,0.0,1.9,2.5,0.0,1.4666666666666643,0.6285714285714291,0.31428571428571483
2022-02-10,19.4,6.9,11.6,0.0,12.5,45,2,41,1,10.5,11.3,12.0,9.6,11.266666666666657,10.328571428571427,10.485714285714286,0.0,0.0,1.9,0.0,0.633333333333331,0.6285714285714291,0.31428571428571483
2022-02-11,21.0,6.2,12.2,0.0,9.4,43,2,42,1,11.6,10.5,11.3,8.1,11.13333333333332,10.614285714285716,10.614285714285714,0.0,0.0,0.0,0.0,0.0,0.6285714285714291,0.31428571428571483
2022-02-12,20.5,6.2,12.7,0.0,6.5,51,2,43,1,12.2,11.6,10.5,9.9,11.433333333333321,11.2,10.757142857142856,0.0,0.0,0.0,0.0,0.0,0.6285714285714291,0.31428571428571483
2022-02-13,21.1,7.3,13.6,0.0,6.6,63,2,44,1,12.7,12.2,11.6,10.9,12.166666666666655,11.6,10.907142857142857,0.0,0.0,0.0,2.5,0.0,0.6285714285714291,0.31428571428571483
2022-02-14,19.6,9.7,14.6,0.0,19.3,57,2,45,1,13.6,12.7,12.2,12.0,12.83333333333332,11.985714285714284,11.05,0.0,0.0,0.0,1.9,0.0,0.2714285714285719,0.31428571428571483
2022-02-15,20.9,9.9,14.2,0.0,10.7,58,2,46,1,14.6,13.6,12.7,11.3,13.63333333333332,12.357142857142858,11.264285714285716,0.0,0.0,0.0,0.0,0.0,0.0,0.31428571428571483
2022-02-16,21.1,8.0,13.9,0.0,13.8,60,2,47,1,14.2,14.6,13.6,10.5,14.13333333333332,12.771428571428572,11.5,0.0,0.0,0.0,0.0,0.0,0.0,0.31428571428571483
2022-02-17,19.1,7.5,12.3,0.0,10.7,71,2,48,1,13.9,14.2,14.6,11.6,14.23333333333332,13.257142857142856,11.792857142857143,0.0,0.0,0.0,0.0,0.0,0.0,0.31428571428571483
2022-02-18,21.0,7.6,13.1,0.0,13.8,60,2,49,1,12.3,13.9,14.2,12.2,13.466666666666654,13.357142857142856,11.985714285714286,0.0,0.0,0.0,0.0,0.0,0.0,0.31428571428571483
2022-02-19,22.4,7.4,13.9,0.0,10.1,44,2,50,1,13.1,12.3,13.9,12.7,13.099999999999989,13.485714285714286,12.342857142857143,0.0,0.0,0.0,0.0,0.0,0.0,0.31428571428571483
2022-02-20,25.1,6.3,16.4,0.0,28.7,30,2,51,1,13.9,13.1,12.3,13.6,13.099999999999989,13.657142857142857,12.62857142857143,0.0,0.0,0.0,0.0,0.0,0.0,0.31428571428571483
2022-02-21,24.1,8.6,16.4,0.0,17.6,36,2,52,1,16.4,13.9,13.1,14.6,14.466666666666654,14.057142857142859,13.021428571428572,0.0,0.0,0.0,0.0,0.0,0.0,0.1357142857142862
2022-02-22,19.0,11.8,14.5,4.4,22.7,60,2,53,1,16.4,16.4,13.9,14.2,15.566666666666654,14.314285714285713,13.335714285714285,0.0,0.0,0.0,0.0,0.0,0.0,0.0
2022-02-23,16.4,9.5,13.3,0.5,19.9,72,2,54,1,14.5,16.4,16.4,13.9,15.766666666666653,14.357142857142858,13.564285714285713,4.4,0.0,0.0,0.0,1.4666666666666643,0.6285714285714291,0.31428571428571483
2022-02-24,19.8,8.9,13.3,1.0,10.7,78,2,55,1,13.3,14.5,16.4,12.3,14.73333333333332,14.271428571428572,13.764285714285714,0.5,4.4,0.0,0.0,1.633333333333331,0.7000000000000005,0.35000000000000053
2022-02-25,16.8,7.1,11.3,4.2,11.0,80,2,56,1,13.3,13.3,14.5,13.1,13.699999999999989,14.414285714285715,13.885714285714284,1.0,0.5,4.4,0.0,1.9666666666666643,0.8428571428571434,0.421428571428572
2022-02-26,17.4,4.4,11.0,0.0,9.4,73,2,57,1,11.3,13.3,13.3,13.9,12.63333333333332,14.157142857142857,13.821428571428571,4.2,1.0,0.5,0.0,1.8999999999999977,1.4428571428571435,0.7214285714285721
2022-02-27,20.7,6.8,12.9,0.0,8.5,62,2,58,1,11.0,11.3,13.3,16.4,11.866666666666655,13.742857142857144,13.700000000000001,0.0,4.2,1.0,0.0,1.733333333333331,1.4428571428571435,0.7214285714285721
2022-02-28,22.5,8.1,14.0,0.0,10.5,53,2,59,1,12.9,11.0,11.3,16.4,11.733333333333322,13.242857142857144,13.65,0.0,0.0,4.2,0.0,1.3999999999999977,1.4428571428571435,0.7214285714285721
2022-03-01,22.9,8.3,15.4,0.0,10.0,57,3,60,2,14.0,12.9,11.0,14.5,12.63333333333332,12.900000000000002,13.607142857142858,0.0,0.0,0.0,4.4,0.0,1.4428571428571435,0.7214285714285721
2022-03-02,23.9,9.9,16.6,0.0,13.7,51,3,61,2,15.4,14.0,12.9,13.3,14.099999999999989,13.02857142857143,13.692857142857145,0.0,0.0,0.0,0.5,0.0,0.8142857142857148,0.7214285714285721
2022-03-03,23.1,10.7,16.6,0.0,16.5,52,3,62,2,16.6,15.4,14.0,13.3,15.333333333333323,13.5,13.885714285714286,0.0,0.0,0.0,1.0,0.0,0.7428571428571434,0.7214285714285721
2022-03-04,22.8,8.6,15.6,0.0,7.5,63,3,63,2,16.6,16.6,15.4,11.3,16.19999999999999,13.971428571428573,14.192857142857141,0.0,0.0,0.0,4.2,0.0,0.6000000000000005,0.7214285714285721
2022-03-05,25.2,12.1,17.6,0.0,6.9,54,3,64,2,15.6,16.6,16.6,11.0,16.266666666666655,14.585714285714287,14.37142857142857,0.0,0.0,0.0,0.0,0.0,0.0,0.7214285714285721
2022-03-06,20.0,13.0,16.2,0.3,16.8,58,3,65,2,17.6,15.6,16.6,12.9,16.599999999999987,15.52857142857143,14.635714285714286,0.0,0.0,0.0,0.0,0.0,0.0,0.7214285714285721
2022-03-07,20.7,12.2,15.6,9.7,8.6,74,3,66,2,16.2,17.6,15.6,14.0,16.466666666666654,16.0,14.62142857142857,0.3,0.0,0.0,0.0,0.09999999999999763,0.042857142857143364,0.7428571428571434
2022-03-08,21.7,11.0,16.0,0.0,20.8,61,3,67,2,15.6,16.2,17.6,15.4,16.466666666666654,16.22857142857143,14.564285714285715,9.7,0.3,0.0,0.0,3.333333333333331,1.428571428571429,1.4357142857142864
2022-03-09,24.0,13.0,17.6,13.6,15.5,58,3,68,2,16.0,15.6,16.2,16.6,15.933333333333321,16.314285714285717,14.671428571428573,0.0,9.7,0.3,0.0,3.333333333333331,1.428571428571429,1.1214285714285719
2022-03-10,26.3,12.2,18.7,0.0,19.1,49,3,69,2,17.6,16.0,15.6,16.6,16.399999999999988,16.45714285714286,14.978571428571428,13.6,0.0,9.7,0.0,7.766666666666663,3.3714285714285714,2.0571428571428574
2022-03-11,29.2,13.5,20.8,0.0,10.0,41,3,70,2,18.7,17.6,16.0,15.6,17.43333333333332,16.757142857142856,15.364285714285714,0.0,13.6,0.0,0.0,4.5333333333333306,3.3714285714285714,1.985714285714286
2022-03-12,29.9,15.9,21.7,0.0,10.7,45,3,71,2,20.8,18.7,17.6,17.6,19.03333333333332,17.5,16.042857142857144,0.0,0.0,13.6,0.0,4.5333333333333306,3.3714285714285714,1.6857142857142864
2022-03-13,32.5,14.3,23.0,0.0,10.7,47,3,72,2,21.7,20.8,18.7,16.2,20.399999999999988,18.085714285714285,16.807142857142857,0.0,0.0,0.0,0.3,0.0,3.3714285714285714,1.6857142857142864
2022-03-14,33.7,17.0,24.4,0.0,9.4,45,3,73,2,23.0,21.7,20.8,15.6,21.833333333333318,19.057142857142857,17.52857142857143,0.0,0.0,0.0,9.7,0.0,3.328571428571429,1.6857142857142864
2022-03-15,31.7,17.0,24.1,0.0,11.0,47,3,74,2,24.4,23.0,21.7,16.0,23.03333333333332,20.314285714285713,18.271428571428572,0.0,0.0,0.0,0.0,0.0,1.9428571428571433,1.6857142857142864
2022-03-16,34.8,17.7,25.6,0.0,11.4,40,3,75,2,24.1,24.4,23.0,17.6,23.833333333333318,21.471428571428568,18.892857142857142,0.0,0.0,0.0,13.6,0.0,1.9428571428571433,1.6857142857142864
2022-03-17,36.3,19.1,26.9,0.0,11.8,36,3,76,2,25.6,24.1,24.4,18.7,24.69999999999999,22.614285714285717,19.535714285714285,0.0,0.0,0.0,0.0,0.0,0.0,1.6857142857142864
2022-03-18,31.6,16.2,22.2,4.1,21.0,69,3,77,2,26.9,25.6,24.1,20.8,25.53333333333332,23.785714285714285,20.27142857142857,0.0,0.0,0.0,0.0,0.0,0.0,1.6857142857142864
2022-03-19,28.4,16.8,22.3,0.4,13.2,64,3,78,2,22.2,26.9,25.6,21.7,24.899999999999988,23.985714285714288,20.742857142857144,4.1,0.0,0.0,0.0,1.3666666666666643,0.5857142857142862,1.978571428571429
2022-03-20,30.9,17.4,23.6,0.0,11.2,51,3,79,2,22.3,22.2,26.9,23.0,23.799999999999986,24.071428571428573,21.078571428571426,0.4,4.1,0.0,0.0,1.4999999999999976,0.6428571428571433,2.0071428571428576
2022-03-21,32.1,16.3,23.9,0.0,12.7,42,3,80,2,23.6,22.3,22.2,24.4,22.69999999999999,24.157142857142862,21.607142857142858,0.0,0.4,4.1,0.0,1.4999999999999976,0.6428571428571433,1.985714285714286
2022-03-22,32.9,17.6,24.6,0.0,8.4,35,3,81,2,23.9,23.6,22.3,24.1,23.26666666666665,24.085714285714285,22.199999999999996,0.0,0.0,0.4,0.0,0.13333333333333097,0.6428571428571433,1.2928571428571431
2022-03-23,30.9,16.0,23.2,0.0,12.1,40,3,82,2,24.6,23.9,23.6,25.6,24.03333333333332,24.157142857142862,22.814285714285713,0.0,0.0,0.0,0.0,0.0,0.6428571428571433,1.2928571428571431
2022-03-24,31.1,15.9,23.1,0.0,11.3,44,3,83,2,23.2,24.6,23.9,26.9,23.899999999999988,23.814285714285713,23.214285714285715,0.0,0.0,0.0,0.0,0.0,0.6428571428571433,0.32142857142857195
2022-03-25,32.4,17.0,23.8,0.0,12.7,37,3,84,2,23.1,23.2,24.6,22.2,23.633333333333322,23.271428571428572,23.528571428571432,0.0,0.0,0.0,4.1,0.0,0.6428571428571433,0.32142857142857195
2022-03-26,33.8,15.9,24.6,0.0,8.9,34,3,85,2,23.8,23.1,23.2,22.3,23.366666666666656,23.5,23.742857142857144,0.0,0.0,0.0,0.4,0.0,0.057142857142857655,0.32142857142857195
2022-03-27,33.5,14.3,24.4,0.0,13.4,39,3,86,2,24.6,23.8,23.1,23.6,23.833333333333325,23.82857142857143,23.95,0.0,0.0,0.0,0.0,0.0,0.0,0.32142857142857195
2022-03-28,33.9,16.7,25.2,0.0,9.9,38,3,87,2,24.4,24.6,23.8,23.9,24.26666666666665,23.942857142857143,24.050000000000004,0.0,0.0,0.0,0.0,0.0,0.0,0.32142857142857195
2022-03-29,33.7,17.4,26.0,0.0,16.6,34,3,88,2,25.2,24.4,24.6,24.6,24.73333333333332,24.12857142857143,24.107142857142858,0.0,0.0,0.0,0.0,0.0,0.0,0.32142857142857195
2022-03-30,33.8,19.7,26.7,0.0,22.3,14,3,89,2,26.0,25.2,24.4,23.2,25.199999999999985,24.328571428571426,24.242857142857144,0.0,0.0,0.0,0.0,0.0,0.0,0.32142857142857195
2022-03-31,34.5,16.8,25.5,0.0,16.8,17,3,90,2,26.7,26.0,25.2,23.1,25.966666666666654,24.82857142857143,24.321428571428573,0.0,0.0,0.0,0.0,0.0,0.0,0.32142857142857195
2022-04-01,36.4,16.4,25.8,0.0,11.1,18,4,91,2,25.5,26.7,26.0,23.8,26.066666666666652,25.171428571428574,24.22142857142857,0.0,0.0,0.0,0.0,0.0,0.0,0.32142857142857195
2022-04-02,34.4,15.8,24.9,0.0,13.8,41,4,92,2,25.8,25.5,26.7,24.6,25.999999999999986,25.457142857142856,24.478571428571428,0.0,0.0,0.0,0.0,0.0,0.0,0.02857142857142908
2022-04-03,34.0,17.8,26.0,0.0,18.9,25,4,93,2,24.9,25.8,25.5,24.4,25.399999999999988,25.5,24.664285714285715,0.0,0.0,0.0,0.0,0.0,0.0,0.0
2022-04-04,35.3,17.8,26.8,0.0,13.4,22,4,94,2,26.0,24.9,25.8,25.2,25.566666666666652,25.728571428571428,24.835714285714285,0.0,0.0,0.0,0.0,0.0,0.0,0.0
2022-04-05,36.3,19.8,27.2,0.0,9.4,25,4,95,2,26.8,26.0,24.9,26.0,25.899999999999988,25.95714285714286,25.042857142857144,0.0,0.0,0.0,0.0,0.0,0.0,0.0
2022-04-06,36.8,20.4,27.7,0.0,11.2,28,4,96,2,27.2,26.8,26.0,26.7,26.666666666666654,26.12857142857143,25.228571428571428,0.0,0.0,0.0,0.0,0.0,0.0,0.0
2022-04-07,37.8,20.2,28.2,0.0,11.3,30,4,97,2,27.7,27.2,26.8,25.5,27.23333333333332,26.27142857142857,25.55,0.0,0.0,0.0,0.0,0.0,0.0,0.0
2022-04-08,38.3,21.0,28.7,0.0,11.6,29,4,98,2,28.2,27.7,27.2,25.8,27.69999999999999,26.657142857142855,25.914285714285715,0.0,0.0,0.0,0.0,0.0,0.0,0.0
2022-04-09,37.0,21.7,29.0,0.0,15.1,28,4,99,2,28.7,28.2,27.7,24.9,28.19999999999999,27.071428571428573,26.264285714285712,0.0,0.0,0.0,0.0,0.0,0.0,0.0
2022-04-10,38.9,21.7,29.6,0.0,10.1,31,4,100,2,29.0,28.7,28.2,26.0,28.633333333333315,27.657142857142855,26.57857142857143,0.0,0.0,0.0,0.0,0.0,0.0,0.0
2022-04-11,39.6,21.7,30.0,0.0,12.3,32,4,101,2,29.6,29.0,28.7,26.8,29.099999999999984,28.17142857142857,26.949999999999996,0.0,0.0,0.0,0.0,0.0,0.0,0.0
2022-04-12,38.3,21.1,29.5,0.0,21.6,30,4,102,2,30.0,29.6,29.0,27.2,29.53333333333332,28.628571428571426,27.29285714285714,0.0,0.0,0.0,0.0,0.0,0.0,0.0
2022-04-13,33.8,20.7,26.8,0.0,20.2,38,4,103,2,29.5,30.0,29.6,27.7,29.69999999999999,28.957142857142856,27.54285714285714,0.0,0.0,0.0,0.0,0.0,0.0,0.0
2022-04-14,33.0,19.7,26.7,0.0,9.3,34,4,104,2,26.8,29.5,30.0,28.2,28.766666666666655,28.82857142857143,27.55,0.0,0.0,0.0,0.0,0.0,0.0,0.0
2022-04-15,36.3,21.3,28.1,0.0,12.8,28,4,105,2,26.7,26.8,29.5,28.7,27.666666666666657,28.61428571428571,27.635714285714283,0.0,0.0,0.0,0.0,0.0,0.0,0.0
2022-04-16,37.4,20.7,28.5,0.0,10.2,29,4,106,2,28.1,26.7,26.8,29.0,27.19999999999999,28.528571428571432,27.8,0.0,0.0,0.0,0.0,0.0,0.0,0.0
2022-04-17,38.0,19.5,28.5,0.0,13.2,35,4,107,2,28.5,28.1,26.7,29.6,27.76666666666665,28.45714285714286,28.057142857142857,0.0,0.0,0.0,0.0,0.0,0.0,0.0
2022-04-18,37.3,21.7,29.7,0.0,24.2,30,4,108,2,28.5,28.5,28.1,30.0,28.366666666666656,28.300000000000004,28.235714285714288,0.0,0.0,0.0,0.0,0.0,0.0,0.0
2022-04-19,33.5,23.6,28.4,0.0,23.5,35,4,109,2,29.7,28.5,28.5,29.5,28.899999999999988,28.25714285714286,28.442857142857143,0.0,0.0,0.0,0.0,0.0,0.0,0.0
2022-04-20,36.1,22.3,28.3,0.0,21.4,32,4,110,2,28.4,29.7,28.5,26.8,28.866666666666656,28.1,28.528571428571432,0.0,0.0,0.0,0.0,0.0,0.0,0.0
2022-04-21,31.7,22.1,26.3,0.3,20.9,35,4,111,2,28.3,28.4,29.7,26.7,28.799999999999986,28.314285714285713,28.571428571428573,0.0,0.0,0.0,0.0,0.0,0.0,0.0
2022-04-22,31.8,18.7,25.1,1.5,17.3,41,4,112,2,26.3,28.3,28.4,28.1,27.666666666666654,28.25714285714286,28.435714285714283,0.3,0.0,0.0,0.0,0.09999999999999763,0.042857142857143364,0.021428571428571935
2022-04-23,34.5,18.3,26.3,0.0,15.5,35,4,113,2,25.1,26.3,28.3,28.5,26.566666666666652,27.828571428571426,28.178571428571427,1.5,0.3,0.0,0.0,0.5999999999999976,0.2571428571428577,0.12857142857142909
2022-04-24,35.1,19.9,27.8,0.0,14.2,30,4,114,2,26.3,25.1,26.3,28.5,25.899999999999988,27.514285714285712,27.985714285714288,0.0,1.5,0.3,0.0,0.5999999999999976,0.2571428571428577,0.12857142857142909
2022-04-25,36.9,21.1,28.7,0.0,15.6,29,4,115,2,27.8,26.3,25.1,29.7,26.399999999999988,27.41428571428571,27.857142857142858,0.0,0.0,1.5,0.0,0.4999999999999976,0.2571428571428577,0.12857142857142909
2022-04-26,38.0,20.7,29.2,0.0,13.0,32,4,116,2,28.7,27.8,26.3,28.4,27.599999999999984,27.271428571428572,27.764285714285716,0.0,0.0,0.0,0.0,0.0,0.2571428571428577,0.12857142857142909
2022-04-27,39.5,22.6,30.6,0.0,18.1,29,4,117,2,29.2,28.7,27.8,28.3,28.566666666666652,27.385714285714283,27.742857142857144,0.0,0.0,0.0,0.0,0.0,0.2571428571428577,0.12857142857142909
2022-04-28,39.6,22.9,31.7,0.0,12.6,30,4,118,2,30.6,29.2,28.7,26.3,29.499999999999986,27.714285714285715,28.014285714285716,0.0,0.0,0.0,0.3,0.0,0.2571428571428577,0.12857142857142909
2022-04-29,39.4,23.4,31.4,0.0,10.3,28,4,119,2,31.7,30.6,29.2,25.1,30.499999999999986,28.485714285714288,28.371428571428574,0.0,0.0,0.0,1.5,0.0,0.2142857142857148,0.12857142857142909
2022-04-30,41.3,24.7,32.6,0.0,17.1,22,4,120,2,31.4,31.7,30.6,26.3,31.23333333333332,29.38571428571429,28.607142857142858,0.0,0.0,0.0,0.0,0.0,0.0,0.12857142857142909
2022-05-01,41.2,22.2,31.6,0.0,14.3,30,5,121,2,32.6,31.4,31.7,27.8,31.899999999999988,30.285714285714285,28.900000000000002,0.0,0.0,0.0,0.0,0.0,0.0,0.12857142857142909
2022-05-02,39.8,22.7,31.3,0.0,25.4,32,5,122,2,31.6,32.6,31.4,28.7,31.866666666666656,30.828571428571426,29.12142857142857,0.0,0.0,0.0,0.0,0.0,0.0,0.12857142857142909
2022-05-03,37.3,25.0,30.2,3.2,27.1,35,5,123,2,31.3,31.6,32.6,29.2,31.833333333333325,31.2,29.235714285714288,0.0,0.0,0.0,0.0,0.0,0.0,0.12857142857142909
2022-05-04,29.7,20.8,24.5,5.4,22.5,54,5,124,2,30.2,31.3,31.6,30.6,31.03333333333332,31.342857142857145,29.36428571428571,3.2,0.0,0.0,0.0,1.0666666666666644,0.4571428571428577,0.35714285714285765
2022-05-05,34.1,19.0,26.8,0.0,12.5,45,5,125,2,24.5,30.2,31.3,31.7,28.666666666666654,30.47142857142857,29.092857142857145,5.4,3.2,0.0,0.0,2.866666666666665,1.2285714285714293,0.7428571428571434
2022-05-06,36.9,20.1,28.2,0.0,14.0,40,5,126,2,26.8,24.5,30.2,31.4,27.166666666666654,29.771428571428572,29.12857142857143,0.0,5.4,3.2,0.0,2.866666666666665,1.2285714285714293,0.7214285714285719
2022-05-07,38.2,21.5,29.5,0.0,11.3,35,5,127,2,28.2,26.8,24.5,32.6,26.499999999999986,29.314285714285713,29.349999999999998,0.0,0.0,5.4,0.0,1.7999999999999978,1.2285714285714293,0.6142857142857148
2022-05-08,40.2,22.1,30.9,0.0,13.4,35,5,128,2,29.5,28.2,26.8,31.6,28.166666666666654,28.87142857142857,29.578571428571426,0.0,0.0,0.0,0.0,0.0,1.2285714285714293,0.6142857142857148
2022-05-09,38.7,23.8,30.7,0.1,16.0,39,5,129,2,30.9,29.5,28.2,31.3,29.53333333333332,28.771428571428572,29.8,0.0,0.0,0.0,0.0,0.0,1.2285714285714293,0.6142857142857148
2022-05-10,39.4,23.6,31.6,0.0,10.2,35,5,130,2,30.7,30.9,29.5,30.2,30.36666666666665,28.685714285714283,29.942857142857143,0.1,0.0,0.0,3.2,0.03333333333333097,1.2428571428571435,0.6214285714285719
2022-05-11,40.8,24.4,32.9,0.0,11.6,30,5,131,2,31.6,30.7,30.9,24.5,31.066666666666652,28.88571428571429,30.114285714285717,0.0,0.1,0.0,5.4,0.03333333333333097,0.7857142857142863,0.6214285714285719
2022-05-12,41.1,24.4,32.7,0.0,9.0,30,5,132,2,32.9,31.6,30.7,26.8,31.73333333333332,30.08571428571429,30.27857142857143,0.0,0.0,0.1,0.0,0.03333333333333097,0.014285714285714794,0.6214285714285719
2022-05-13,42.7,25.5,34.7,0.0,23.5,16,5,133,2,32.7,32.9,31.6,28.2,32.399999999999984,30.928571428571427,30.349999999999998,0.0,0.0,0.0,0.0,0.0,0.014285714285714794,0.6214285714285719
2022-05-14,43.3,23.9,33.9,0.0,15.8,15,5,134,2,34.7,32.7,32.9,29.5,33.433333333333316,31.857142857142858,30.58571428571429,0.0,0.0,0.0,0.0,0.0,0.014285714285714794,0.6214285714285719
2022-05-15,42.8,27.7,35.4,0.0,24.5,14,5,135,2,33.9,34.7,32.7,30.9,33.76666666666665,32.48571428571429,30.678571428571427,0.0,0.0,0.0,0.0,0.0,0.014285714285714794,0.6214285714285719
2022-05-16,41.7,26.0,33.9,0.0,15.1,20,5,136,2,35.4,33.9,34.7,30.7,34.66666666666665,33.128571428571426,30.95,0.0,0.0,0.0,0.1,0.0,0.014285714285714794,0.6214285714285719
2022-05-17,38.5,25.0,32.3,0.0,17.8,25,5,137,2,33.9,35.4,33.9,31.6,34.399999999999984,33.58571428571429,31.13571428571429,0.0,0.0,0.0,0.0,0.0,0.0,0.6214285714285719
2022-05-18,40.6,23.4,32.6,0.0,15.3,29,5,138,2,32.3,33.9,35.4,32.9,33.86666666666665,33.68571428571428,31.285714285714285,0.0,0.0,0.0,0.0,0.0,0.0,0.39285714285714335
2022-05-19,40.3,25.7,33.2,0.0,24.4,27,5,139,2,32.6,32.3,33.9,32.7,32.933333333333316,33.642857142857146,31.864285714285717,0.0,0.0,0.0,0.0,0.0,0.0,0.007142857142857651
2022-05-20,35.9,23.2,30.0,1.0,27.5,35,5,140,2,33.2,32.6,32.3,34.7,32.69999999999998,33.714285714285715,32.32142857142857,0.0,0.0,0.0,0.0,0.0,0.0,0.007142857142857651
2022-05-21,38.3,23.8,31.2,0.0,13.4,28,5,141,2,30.0,33.2,32.6,33.9,31.93333333333332,33.042857142857144,32.45,1.0,0.0,0.0,0.0,0.333333333333331,0.14285714285714338,0.07857142857142908
2022-05-22,39.6,22.1,31.7,0.0,32.5,20,5,142,2,31.2,30.0,33.2,35.4,31.46666666666665,32.65714285714286,32.57142857142857,0.0,1.0,0.0,0.0,0.333333333333331,0.14285714285714338,0.07857142857142908
2022-05-23,33.9,24.3,29.7,0.0,31.6,17,5,143,2,31.7,31.2,30.0,33.9,30.96666666666665,32.128571428571426,32.628571428571426,0.0,0.0,1.0,0.0,0.333333333333331,0.14285714285714338,0.07857142857142908
2022-05-24,35.4,20.6,28.0,0.0,12.4,35,5,144,2,29.7,31.7,31.2,32.3,30.86666666666665,31.52857142857143,32.55714285714286,0.0,0.0,0.0,0.0,0.0,0.14285714285714338,0.07142857142857194
2022-05-25,37.5,21.6,29.4,0.0,18.6,39,5,145,2,28.0,29.7,31.7,32.6,29.799999999999983,30.914285714285715,32.3,0.0,0.0,0.0,0.0,0.0,0.14285714285714338,0.07142857142857194
2022-05-26,39.8,23.9,31.7,0.0,20.2,37,5,146,2,29.4,28.0,29.7,33.2,29.033333333333317,30.45714285714286,32.05,0.0,0.0,0.0,0.0,0.0,0.14285714285714338,0.07142857142857194
2022-05-27,39.5,24.6,32.2,0.0,17.6,36,5,147,2,31.7,29.4,28.0,30.0,29.699999999999978,30.24285714285714,31.978571428571428,0.0,0.0,0.0,1.0,0.0,0.14285714285714338,0.07142857142857194
2022-05-28,41.0,24.5,32.8,0.8,16.6,31,5,148,2,32.2,31.7,29.4,31.2,31.099999999999984,30.557142857142857,31.800000000000004,0.0,0.0,0.0,0.0,0.0,0.0,0.07142857142857194
2022-05-29,40.4,25.0,32.8,0.0,21.1,27,5,149,2,32.8,32.2,31.7,31.7,32.23333333333332,30.785714285714285,31.721428571428568,0.8,0.0,0.0,0.0,0.26666666666666433,0.1142857142857148,0.12857142857142909
2022-05-30,39.3,24.2,31.8,0.0,21.8,31,5,150,2,32.8,32.8,32.2,29.7,32.59999999999999,30.942857142857143,31.535714285714285,0.0,0.8,0.0,0.0,0.26666666666666433,0.1142857142857148,0.12857142857142909
2022-05-31,37.8,23.9,30.9,0.0,17.3,31,5,151,2,31.8,32.8,32.8,28.0,32.46666666666665,31.24285714285714,31.385714285714283,0.0,0.0,0.8,0.0,0.26666666666666433,0.1142857142857148,0.12857142857142909
2022-06-01,37.3,24.0,31.0,0.0,10.2,30,6,152,3,30.9,31.8,32.8,29.4,31.833333333333314,31.657142857142855,31.285714285714285,0.0,0.0,0.0,0.0,0.0,0.1142857142857148,0.12857142857142909
2022-06-02,40.7,24.8,32.5,0.0,14.5,24,6,153,3,31.0,30.9,31.8,31.7,31.233333333333317,31.885714285714283,31.17142857142857,0.0,0.0,0.0,0.0,0.0,0.1142857142857148,0.12857142857142909
2022-06-03,42.4,24.9,33.6,0.0,15.0,20,6,154,3,32.5,31.0,30.9,32.2,31.46666666666665,32.0,31.12142857142857,0.0,0.0,0.0,0.0,0.0,0.1142857142857148,0.12857142857142909
2022-06-04,42.0,24.3,33.4,0.0,19.6,19,6,155,3,33.6,32.5,31.0,32.8,32.366666666666646,32.199999999999996,31.37857142857143,0.0,0.0,0.0,0.8,0.0,0.1142857142857148,0.05714285714285766
2022-06-05,42.3,25.1,33.8,0.0,15.6,20,6,156,3,33.4,33.6,32.5,32.8,33.16666666666665,32.285714285714285,31.535714285714285,0.0,0.0,0.0,0.0,0.0,0.0,0.05714285714285766
2022-06-06,44.0,27.1,35.0,0.0,10.0,18,6,157,3,33.8,33.4,33.6,31.8,33.59999999999998,32.42857142857143,31.685714285714283,0.0,0.0,0.0,0.0,0.0,0.0,0.05714285714285766
2022-06-07,43.9,25.9,35.2,0.0,15.2,19,6,158,3,35.0,33.8,33.4,30.9,34.06666666666664,32.885714285714286,32.06428571428571,0.0,0.0,0.0,0.0,0.0,0.0,0.05714285714285766
2022-06-08,43.1,29.2,35.5,0.0,12.8,18,6,159,3,35.2,35.0,33.8,31.0,34.66666666666665,33.5,32.57857142857143,0.0,0.0,0.0,0.0,0.0,0.0,0.05714285714285766
2022-06-09,42.6,28.2,35.2,0.0,15.9,21,6,160,3,35.5,35.2,35.0,32.5,35.23333333333331,34.142857142857146,33.01428571428571,0.0,0.0,0.0,0.0,0.0,0.0,0.05714285714285766
2022-06-10,41.9,26.7,34.7,0.0,11.3,22,6,161,3,35.2,35.5,35.2,33.6,35.29999999999998,34.528571428571425,33.26428571428572,0.0,0.0,0.0,0.0,0.0,0.0,0.05714285714285766
2022-06-11,42.1,26.3,34.8,0.0,22.7,22,6,162,3,34.7,35.2,35.5,33.4,35.13333333333332,34.68571428571429,33.44285714285714,0.0,0.0,0.0,0.0,0.0,0.0,0.05714285714285766
2022-06-12,41.6,27.6,34.4,0.0,19.8,25,6,163,3,34.8,34.7,35.2,33.8,34.899999999999984,34.885714285714286,33.58571428571429,0.0,0.0,0.0,0.0,0.0,0.0,0.0
2022-06-13,40.9,27.2,33.8,0.0,11.3,27,6,164,3,34.4,34.8,34.7,35.0,34.63333333333332,34.97142857142857,33.7,0.0,0.0,0.0,0.0,0.0,0.0,0.0
2022-06-14,43.9,28.2,36.4,0.0,16.6,21,6,165,3,33.8,34.4,34.8,35.2,34.333333333333314,34.800000000000004,33.84285714285714,0.0,0.0,0.0,0.0,0.0,0.0,0.0
2022-06-15,45.0,27.8,36.5,0.0,17.0,23,6,166,3,36.4,33.8,34.4,35.5,34.866666666666646,34.971428571428575,34.23571428571429,0.0,0.0,0.0,0.0,0.0,0.0,0.0
2022-06-16,42.8,28.1,35.2,0.0,20.2,27,6,167,3,36.5,36.4,33.8,35.2,35.56666666666664,35.114285714285714,34.628571428571426,0.0,0.0,0.0,0.0,0.0,0.0,0.0
2022-06-17,35.2,24.2,30.9,3.5,15.5,44,6,168,3,35.2,36.5,36.4,34.7,36.03333333333332,35.114285714285714,34.82142857142857,0.0,0.0,0.0,0.0,0.0,0.0,0.0
2022-06-18,34.8,24.7,29.6,0.4,18.1,48,6,169,3,30.9,35.2,36.5,34.8,34.19999999999998,34.57142857142857,34.628571428571426,3.5,0.0,0.0,0.0,1.1666666666666643,0.5000000000000006,0.2500000000000005
2022-06-19,35.1,21.9,28.9,0.0,15.0,49,6,170,3,29.6,30.9,35.2,34.4,31.89999999999998,33.82857142857143,34.357142857142854,0.4,3.5,0.0,0.0,1.2999999999999976,0.5571428571428576,0.2785714285714291
2022-06-20,33.1,21.9,27.9,0.0,15.3,49,6,171,3,28.9,29.6,30.9,33.8,29.799999999999983,33.042857142857144,34.00714285714286,0.0,0.4,3.5,0.0,1.2999999999999976,0.5571428571428576,0.2785714285714291
2022-06-21,27.5,19.4,22.5,31.7,16.0,72,6,172,3,27.9,28.9,29.6,36.4,28.799999999999983,32.199999999999996,33.5,0.0,0.0,0.4,0.0,0.13333333333333097,0.5571428571428576,0.2785714285714291
2022-06-22,27.7,18.8,22.0,32.6,18.5,71,6,173,3,22.5,27.9,28.9,36.5,26.433333333333312,30.214285714285715,32.59285714285714,31.7,0.0,0.0,0.0,10.566666666666665,5.085714285714286,2.5428571428571436
2022-06-23,34.2,21.5,27.3,0.0,16.3,45,6,174,3,22.0,22.5,27.9,35.2,24.133333333333315,28.142857142857142,31.62857142857143,32.6,31.7,0.0,0.0,21.433333333333334,9.742857142857144,4.871428571428572
2022-06-24,36.7,22.3,29.5,0.0,4.5,46,6,175,3,27.3,22.0,22.5,30.9,23.933333333333312,27.014285714285712,31.064285714285717,0.0,32.6,31.7,3.5,21.433333333333326,9.742857142857144,4.871428571428572
2022-06-25,37.1,22.5,30.5,0.0,7.3,52,6,176,3,29.5,27.3,22.0,29.6,26.266666666666648,26.814285714285713,30.692857142857143,0.0,0.0,32.6,0.4,10.866666666666662,9.242857142857144,4.871428571428572
2022-06-26,38.8,24.8,31.9,0.0,8.0,53,6,177,3,30.5,29.5,27.3,28.9,29.09999999999998,26.942857142857143,30.385714285714283,0.0,0.0,0.0,0.0,0.0,9.185714285714285,4.871428571428572
2022-06-27,39.7,25.6,32.7,0.0,8.9,51,6,178,3,31.9,30.5,29.5,27.9,30.633333333333315,27.37142857142857,30.207142857142856,0.0,0.0,0.0,0.0,0.0,9.185714285714285,4.871428571428572
2022-06-28,41.0,26.6,33.7,0.0,9.0,49,6,179,3,32.7,31.9,30.5,22.5,31.699999999999985,28.057142857142853,30.128571428571426,0.0,0.0,0.0,31.7,0.0,9.185714285714285,4.871428571428572
2022-06-29,41.8,27.3,34.3,0.0,9.5,50,6,180,3,33.7,32.7,31.9,22.0,32.76666666666665,29.657142857142855,29.935714285714287,0.0,0.0,0.0,32.6,0.0,4.657142857142858,4.871428571428572
2022-06-30,41.5,29.3,34.9,0.1,24.7,55,6,181,3,34.3,33.7,32.7,27.3,33.56666666666665,31.414285714285718,29.77857142857143,0.0,0.0,0.0,0.0,0.0,0.0,4.871428571428572
2022-07-01,32.8,25.8,29.9,1.9,16.9,70,7,182,3,34.9,34.3,33.7,29.5,34.29999999999998,32.5,29.75714285714286,0.1,0.0,0.0,0.0,0.03333333333333097,0.014285714285714287,4.878571428571428
2022-07-02,37.3,27.6,31.6,0.0,13.0,61,7,183,3,29.9,34.9,34.3,30.5,33.03333333333331,32.55714285714286,29.685714285714283,1.9,0.1,0.0,0.0,0.6666666666666643,0.2857142857142857,4.764285714285714
2022-07-03,37.9,28.2,32.6,0.7,13.0,61,7,184,3,31.6,29.9,34.9,31.9,32.13333333333332,32.714285714285715,29.82857142857143,0.0,1.9,0.1,0.0,0.6666666666666643,0.2857142857142857,4.735714285714286
2022-07-04,37.0,26.6,31.5,2.5,17.5,68,7,185,3,32.6,31.6,29.9,32.7,31.366666666666646,32.81428571428571,30.092857142857138,0.7,0.0,1.9,0.0,0.8666666666666641,0.38571428571428573,4.785714285714286
2022-07-05,36.5,26.6,31.0,1.7,9.8,70,7,186,3,31.5,32.6,31.6,33.7,31.899999999999977,32.642857142857146,30.349999999999998,2.5,0.7,0.0,0.0,1.0666666666666642,0.7428571428571429,4.964285714285714
2022-07-06,35.8,26.7,30.2,19.2,13.4,75,7,187,3,31.0,31.5,32.6,34.3,31.699999999999978,32.25714285714286,30.957142857142856,1.7,2.5,0.7,0.0,1.6333333333333309,0.9857142857142858,2.821428571428572
2022-07-07,35.4,26.8,30.5,4.5,12.4,74,7,188,3,30.2,31.0,31.5,34.9,30.89999999999998,31.67142857142857,31.542857142857144,19.2,1.7,2.5,0.1,7.799999999999997,3.7285714285714286,1.864285714285714
2022-07-08,36.8,27.7,31.8,0.0,13.3,68,7,189,3,30.5,30.2,31.0,29.9,30.56666666666665,31.042857142857144,31.771428571428572,4.5,19.2,1.7,1.9,8.466666666666663,4.357142857142857,2.1857142857142855
2022-07-09,36.2,25.6,30.2,4.4,20.2,73,7,190,3,31.8,30.5,30.2,31.6,30.833333333333314,31.314285714285713,31.935714285714287,0.0,4.5,19.2,0.0,7.899999999999998,4.085714285714285,2.1857142857142855
2022-07-10,32.6,23.8,27.7,15.6,15.5,80,7,191,3,30.2,31.8,30.5,32.6,30.833333333333314,31.114285714285717,31.914285714285715,4.4,0.0,4.5,0.7,2.9666666666666646,4.714285714285714,2.5
2022-07-11,31.2,24.0,26.7,33.9,12.3,82,7,192,3,27.7,30.2,31.8,31.5,29.899999999999977,30.41428571428571,31.614285714285717,15.6,4.4,0.0,2.5,6.666666666666664,6.842857142857142,3.614285714285714
2022-07-12,33.4,25.1,28.6,2.9,13.3,76,7,193,3,26.7,27.7,30.2,31.0,28.199999999999978,29.728571428571428,31.185714285714283,33.9,15.6,4.4,1.7,17.966666666666665,11.328571428571427,6.035714285714286
2022-07-13,31.0,24.0,27.3,11.1,15.8,80,7,194,3,28.6,26.7,27.7,30.2,27.666666666666647,29.38571428571429,30.821428571428573,2.9,33.9,15.6,19.2,17.466666666666665,11.5,6.242857142857143
2022-07-14,31.0,23.3,26.6,5.0,12.8,81,7,195,3,27.3,28.6,26.7,30.5,27.533333333333314,28.97142857142857,30.321428571428573,11.1,2.9,33.9,4.5,15.966666666666663,10.342857142857143,7.035714285714286
2022-07-15,34.2,22.1,28.0,5.1,11.3,74,7,196,3,26.6,27.3,28.6,31.8,27.499999999999982,28.414285714285715,29.728571428571428,5.0,11.1,2.9,0.0,6.333333333333331,10.414285714285715,7.385714285714286
2022-07-16,36.4,25.2,30.3,0.0,9.4,67,7,197,3,28.0,26.6,27.3,30.2,27.299999999999983,27.871428571428574,29.592857142857145,5.1,5.0,11.1,4.4,7.0666666666666655,11.142857142857142,7.614285714285714
2022-07-17,37.0,26.0,31.4,0.0,9.3,60,7,198,3,30.3,28.0,26.6,27.7,28.299999999999983,27.885714285714283,29.5,0.0,5.1,5.0,15.6,3.366666666666664,10.514285714285714,7.614285714285714
2022-07-18,37.1,25.9,31.3,0.0,9.4,64,7,199,3,31.4,30.3,28.0,26.7,29.89999999999998,28.414285714285715,29.41428571428571,0.0,0.0,5.1,33.9,1.6999999999999975,8.285714285714286,7.564285714285714
2022-07-19,38.1,26.8,32.3,0.0,11.0,61,7,200,3,31.3,31.4,30.3,28.6,30.999999999999982,29.071428571428573,29.4,0.0,0.0,0.0,2.9,0.0,3.442857142857143,7.385714285714285
2022-07-20,36.9,26.7,31.9,0.0,12.9,66,7,201,3,32.3,31.3,31.4,27.3,31.666666666666647,29.599999999999998,29.492857142857144,0.0,0.0,0.0,11.1,0.0,3.028571428571429,7.264285714285713
2022-07-21,30.0,25.0,26.8,12.9,16.4,87,7,202,3,31.9,32.3,31.3,26.6,31.833333333333314,30.257142857142856,29.61428571428571,0.0,0.0,0.0,5.0,0.0,1.4428571428571428,5.892857142857143
2022-07-22,32.2,24.6,27.4,0.5,6.5,78,7,203,3,26.8,31.9,32.3,28.0,30.333333333333314,30.285714285714285,29.349999999999998,12.9,0.0,0.0,5.1,4.299999999999998,2.5714285714285716,6.492857142857143
2022-07-23,33.9,24.8,29.1,10.5,13.6,74,7,204,3,27.4,26.8,31.9,30.3,28.699999999999978,30.199999999999996,29.035714285714285,0.5,12.9,0.0,0.0,4.466666666666664,1.9142857142857144,6.528571428571429
2022-07-24,27.7,24.3,26.0,32.1,8.8,90,7,205,3,29.1,27.4,26.8,31.4,27.766666666666648,30.028571428571432,28.957142857142856,10.5,0.5,12.9,0.0,7.966666666666664,3.414285714285714,6.964285714285714
2022-07-25,33.1,23.8,28.0,0.0,9.7,82,7,206,3,26.0,29.1,27.4,31.3,27.499999999999982,29.25714285714286,28.835714285714285,32.1,10.5,0.5,0.0,14.366666666666665,8.0,8.142857142857142
2022-07-26,33.2,24.6,28.7,3.4,9.4,81,7,207,3,28.0,26.0,29.1,32.3,27.699999999999978,28.785714285714285,28.928571428571427,0.0,32.1,10.5,0.0,14.199999999999998,8.0,5.721428571428571
2022-07-27,31.7,24.4,27.6,19.3,13.2,85,7,208,3,28.7,28.0,26.0,31.9,27.56666666666665,28.271428571428572,28.935714285714283,3.4,0.0,32.1,0.0,11.83333333333333,8.485714285714286,5.757142857142857
2022-07-28,31.2,24.4,27.1,36.8,12.1,87,7,209,3,27.6,28.7,28.0,26.8,28.099999999999984,27.657142857142855,28.957142857142856,19.3,3.4,0.0,12.9,7.566666666666664,11.242857142857144,6.3428571428571425
2022-07-29,30.4,24.5,26.9,18.5,10.7,86,7,210,3,27.1,27.6,28.7,27.4,27.799999999999983,27.699999999999996,28.99285714285714,36.8,19.3,3.4,0.5,19.83333333333333,14.657142857142857,8.614285714285714
2022-07-30,32.8,25.0,28.1,4.6,12.2,82,7,211,3,26.9,27.1,27.6,29.1,27.199999999999978,27.62857142857143,28.914285714285715,18.5,36.8,19.3,10.5,24.866666666666664,17.228571428571428,9.571428571428571
2022-07-31,30.9,22.7,26.3,20.5,16.3,85,7,212,3,28.1,26.9,27.1,26.0,27.366666666666646,27.485714285714284,28.75714285714286,4.6,18.5,36.8,32.1,19.966666666666665,16.385714285714283,9.9
2022-08-01,32.8,22.4,26.5,4.3,9.9,78,8,213,3,26.3,28.1,26.9,28.0,27.09999999999998,27.52857142857143,28.392857142857142,20.5,4.6,18.5,0.0,14.533333333333331,14.728571428571428,11.364285714285714
2022-08-02,33.9,24.1,28.8,0.0,8.5,71,8,214,3,26.5,26.3,28.1,28.7,26.96666666666665,27.314285714285713,28.05,4.3,20.5,4.6,3.4,9.799999999999999,15.342857142857143,11.671428571428573
2022-08-03,34.6,25.4,29.8,0.0,9.8,67,8,215,3,28.8,26.5,26.3,27.6,27.199999999999978,27.32857142857143,27.8,0.0,4.3,20.5,19.3,8.266666666666666,14.857142857142858,11.671428571428573
2022-08-04,35.9,25.0,30.3,0.0,7.2,68,8,216,3,29.8,28.8,26.5,27.1,28.36666666666665,27.642857142857142,27.650000000000002,0.0,0.0,4.3,36.8,1.433333333333332,12.1,11.671428571428573
2022-08-05,33.4,25.9,29.3,1.1,17.1,75,8,217,3,30.3,29.8,28.8,26.9,29.633333333333315,28.099999999999998,27.900000000000002,0.0,0.0,0.0,18.5,0.0,6.8428571428571425,10.75
2022-08-06,33.2,23.7,28.7,3.5,11.3,76,8,218,3,29.3,30.3,29.8,28.1,29.799999999999983,28.442857142857147,28.03571428571429,1.1,0.0,0.0,4.6,0.36666666666666553,4.357142857142857,10.792857142857143
2022-08-07,35.0,25.6,29.6,0.7,15.6,75,8,219,3,28.7,29.3,30.3,26.3,29.43333333333332,28.52857142857143,28.00714285714286,3.5,1.1,0.0,20.5,1.533333333333332,4.2,10.292857142857143
2022-08-08,33.0,25.6,28.8,2.8,14.1,77,8,220,3,29.6,28.7,29.3,26.5,29.199999999999978,29.0,28.264285714285712,0.7,3.5,1.1,4.3,1.7666666666666655,1.3714285714285714,8.05
2022-08-09,33.9,24.4,29.0,13.5,12.2,76,8,221,3,28.8,29.6,28.7,28.8,29.033333333333317,29.32857142857143,28.321428571428573,2.8,0.7,3.5,0.0,2.3333333333333317,1.157142857142857,8.249999999999998
2022-08-10,36.3,26.5,31.0,0.0,8.0,71,8,222,3,29.0,28.8,29.6,29.8,29.133333333333315,29.357142857142858,28.342857142857145,13.5,2.8,0.7,0.0,5.666666666666665,3.085714285714286,8.971428571428572
2022-08-11,33.7,25.4,28.9,17.6,14.9,80,8,223,3,31.0,29.0,28.8,30.3,29.59999999999998,29.528571428571432,28.585714285714285,0.0,13.5,2.8,0.0,5.433333333333333,3.085714285714286,7.5928571428571425
2022-08-12,33.0,24.0,27.6,24.3,12.3,80,8,224,3,28.9,31.0,29.0,29.3,29.633333333333315,29.32857142857143,28.71428571428572,17.6,0.0,13.5,1.1,10.366666666666665,5.6000000000000005,6.221428571428571
2022-08-13,36.5,25.6,30.7,0.0,9.1,71,8,225,3,27.6,28.9,31.0,28.7,29.166666666666647,29.085714285714285,28.764285714285712,24.3,17.6,0.0,3.5,13.966666666666667,8.914285714285715,6.635714285714286
2022-08-14,35.6,27.3,31.0,0.0,12.1,71,8,226,3,30.7,27.6,28.9,29.6,29.06666666666665,29.37142857142857,28.95,0.0,24.3,17.6,0.7,13.966666666666667,8.414285714285715,6.307142857142858
2022-08-15,29.7,24.4,26.7,17.8,26.0,86,8,227,3,31.0,30.7,27.6,28.8,29.766666666666648,29.571428571428573,29.285714285714285,0.0,0.0,24.3,2.8,8.1,8.314285714285715,4.842857142857143
2022-08-16,32.2,24.5,27.9,1.9,9.7,80,8,228,3,26.7,31.0,30.7,29.0,29.46666666666665,29.271428571428572,29.300000000000004,17.8,0.0,0.0,13.5,5.933333333333333,10.457142857142857,5.807142857142858
2022-08-17,27.0,24.3,25.8,7.4,10.9,88,8,229,3,27.9,26.7,31.0,31.0,28.533333333333314,29.11428571428571,29.235714285714288,1.9,17.8,0.0,0.0,6.5666666666666655,8.8,5.942857142857143
2022-08-18,32.0,23.3,26.4,0.6,6.8,80,8,230,3,25.8,27.9,26.7,28.9,26.799999999999983,28.37142857142857,28.95,7.4,1.9,17.8,17.6,9.033333333333333,9.857142857142858,6.471428571428572
2022-08-19,34.1,23.3,28.5,0.0,8.7,74,8,231,3,26.4,25.8,27.9,27.6,26.699999999999978,28.014285714285712,28.67142857142857,0.6,7.4,1.9,24.3,3.299999999999999,7.428571428571429,6.514285714285714
2022-08-20,32.3,24.0,27.3,6.9,18.0,81,8,232,3,28.5,26.4,25.8,30.7,26.89999999999998,28.142857142857142,28.61428571428571,0.0,0.6,7.4,0.0,2.6666666666666656,3.9571428571428577,6.435714285714285
2022-08-21,28.2,23.0,25.6,17.4,12.5,84,8,233,3,27.3,28.5,26.4,31.0,27.39999999999998,27.657142857142855,28.514285714285712,6.9,0.0,0.6,0.0,2.4999999999999987,4.942857142857143,6.678571428571429
2022-08-22,33.2,24.6,28.0,0.0,8.0,72,8,234,3,25.6,27.3,28.5,26.7,27.133333333333315,26.88571428571429,28.22857142857143,17.4,6.9,0.0,17.8,8.1,7.428571428571429,7.871428571428572
2022-08-23,35.0,23.5,28.9,0.0,9.7,63,8,235,3,28.0,25.6,27.3,27.9,26.96666666666665,27.071428571428573,28.171428571428574,0.0,17.4,6.9,1.9,8.1,4.885714285714286,7.671428571428571
2022-08-24,29.9,24.4,26.9,1.2,12.7,75,8,236,3,28.9,28.0,25.6,25.8,27.499999999999982,27.214285714285715,28.164285714285715,0.0,0.0,17.4,7.4,5.8,4.614285714285714,6.707142857142857
2022-08-25,29.1,23.1,25.8,1.2,15.1,75,8,237,3,26.9,28.9,28.0,26.4,27.933333333333312,27.37142857142857,27.87142857142857,1.2,0.0,0.0,0.6,0.39999999999999997,3.728571428571428,6.792857142857144
2022-08-26,26.3,22.9,24.5,16.5,6.6,87,8,238,3,25.8,26.9,28.9,28.5,27.199999999999978,27.285714285714285,27.65,1.2,1.2,0.0,0.0,0.7999999999999999,3.8142857142857136,5.621428571428572
2022-08-27,28.8,22.1,25.3,1.0,15.5,80,8,239,3,24.5,25.8,26.9,27.3,25.733333333333317,26.714285714285715,27.428571428571427,16.5,1.2,1.2,6.9,6.3,6.171428571428571,5.064285714285715
2022-08-28,33.7,22.2,27.6,0.0,7.1,70,8,240,3,25.3,24.5,25.8,25.6,25.199999999999978,26.428571428571427,27.042857142857144,1.0,16.5,1.2,17.4,6.233333333333333,5.328571428571428,5.135714285714286
2022-08-29,33.7,24.2,28.4,0.0,7.4,72,8,241,3,27.6,25.3,24.5,28.0,25.799999999999983,26.714285714285715,26.800000000000004,0.0,1.0,16.5,0.0,5.833333333333333,2.8428571428571425,5.135714285714286
2022-08-30,34.5,24.5,29.1,0.0,11.4,70,8,242,3,28.4,27.6,25.3,28.9,27.09999999999998,26.77142857142857,26.92142857142857,0.0,0.0,1.0,0.0,0.3333333333333333,2.8428571428571425,3.864285714285714
2022-08-31,35.2,25.5,29.8,0.1,7.1,69,8,243,3,29.1,28.4,27.6,26.9,28.36666666666665,26.800000000000004,27.00714285714286,0.0,0.0,0.0,1.2,0.0,2.8428571428571425,3.7285714285714286
2022-09-01,34.9,25.8,30.0,0.0,8.6,70,9,244,4,29.8,29.1,28.4,25.8,29.09999999999998,27.214285714285715,27.29285714285714,0.1,0.0,0.0,1.2,0.03333333333333333,2.685714285714286,3.2071428571428564
2022-09-02,35.2,26.1,30.3,0.0,9.9,70,9,245,4,30.0,29.8,29.1,24.5,29.633333333333315,27.814285714285713,27.55,0.0,0.1,0.0,16.5,0.03333333333333333,2.5142857142857147,3.164285714285714
2022-09-03,34.9,25.6,29.7,0.1,9.1,71,9,246,4,30.3,30.0,29.8,25.3,30.033333333333314,28.642857142857142,27.678571428571427,0.0,0.0,0.1,1.0,0.03333333333333333,0.15714285714285717,3.164285714285714
2022-09-04,33.3,25.1,28.5,3.7,14.3,73,9,247,4,29.7,30.3,30.0,27.6,29.999999999999982,29.271428571428572,27.849999999999998,0.1,0.0,0.0,0.0,0.03333333333333333,0.028571428571428574,2.678571428571428
2022-09-05,30.0,23.0,26.0,2.5,11.3,79,9,248,4,28.5,29.7,30.3,28.4,29.499999999999982,29.4,28.057142857142853,3.7,0.1,0.0,0.0,1.2666666666666668,0.5571428571428572,1.6999999999999997
2022-09-06,33.4,23.4,28.1,0.0,11.0,72,9,249,4,26.0,28.5,29.7,29.1,28.06666666666665,29.057142857142857,27.91428571428571,2.5,3.7,0.1,0.0,2.1,0.9142857142857144,1.8785714285714283
2022-09-07,34.6,24.6,29.1,0.0,8.1,68,9,250,4,28.1,26.0,28.5,29.8,27.533333333333314,28.91428571428571,27.857142857142858,0.0,2.5,3.7,0.1,2.066666666666667,0.9142857142857144,1.8785714285714283
2022-09-08,35.2,24.8,29.7,0.0,11.2,70,9,251,4,29.1,28.1,26.0,30.0,27.733333333333317,28.814285714285717,28.014285714285716,0.0,0.0,2.5,0.0,0.8333333333333334,0.9000000000000001,1.792857142857143
2022-09-09,33.4,24.4,28.5,5.5,14.0,75,9,252,4,29.7,29.1,28.1,30.3,28.96666666666665,28.771428571428572,28.292857142857144,0.0,0.0,0.0,0.0,0.0,0.9000000000000001,1.707142857142857
2022-09-10,32.5,23.7,27.7,2.0,20.2,75,9,253,4,28.5,29.7,29.1,29.7,29.09999999999998,28.514285714285712,28.57857142857143,5.5,0.0,0.0,0.1,1.8333333333333333,1.6857142857142857,0.9214285714285715
2022-09-11,30.2,22.6,26.1,3.9,19.2,81,9,254,4,27.7,28.5,29.7,28.5,28.633333333333315,28.22857142857143,28.75,2.0,5.5,0.0,3.7,2.5,1.9571428571428573,0.9928571428571429
2022-09-12,30.8,21.1,25.4,9.5,10.1,79,9,255,4,26.1,27.7,28.5,26.0,27.433333333333312,27.88571428571429,28.642857142857142,3.9,2.0,5.5,2.5,3.8000000000000003,1.9857142857142858,1.2714285714285716
2022-09-13,34.4,22.1,28.0,0.0,8.7,65,9,256,4,25.4,26.1,27.7,28.1,26.399999999999977,27.800000000000004,28.428571428571427,9.5,3.9,2.0,0.0,5.133333333333334,2.9857142857142853,1.95
2022-09-14,34.2,22.6,27.9,0.0,7.4,62,9,257,4,28.0,25.4,26.1,29.1,26.499999999999982,27.785714285714285,28.349999999999998,0.0,9.5,3.9,0.0,4.466666666666667,2.9857142857142853,1.95
2022-09-15,34.2,22.0,27.9,0.0,11.4,70,9,258,4,27.9,28.0,25.4,29.7,27.09999999999998,27.61428571428571,28.214285714285715,0.0,0.0,9.5,0.0,3.1666666666666665,2.9857142857142853,1.9428571428571428
2022-09-16,34.4,23.3,28.2,0.0,11.8,70,9,259,4,27.9,27.9,28.0,28.5,27.933333333333312,27.357142857142858,28.064285714285717,0.0,0.0,0.0,5.5,0.0,2.9857142857142853,1.9428571428571428
2022-09-17,31.8,21.1,26.6,1.4,15.5,70,9,260,4,28.2,27.9,27.9,27.7,27.999999999999982,27.314285714285713,27.914285714285715,0.0,0.0,0.0,2.0,0.0,2.2,1.9428571428571428
2022-09-18,34.9,23.4,28.0,0.0,8.1,60,9,261,4,26.6,28.2,27.9,26.1,27.56666666666665,27.157142857142862,27.692857142857147,1.4,0.0,0.0,3.9,0.4666666666666666,2.1142857142857143,2.0357142857142856
2022-09-19,33.9,21.2,27.2,0.0,8.6,69,9,262,4,28.0,26.6,28.2,25.4,27.59999999999998,27.428571428571427,27.657142857142862,0.0,1.4,0.0,9.5,0.4666666666666666,1.5571428571428572,1.7714285714285711
2022-09-20,33.7,22.1,27.8,0.6,9.5,69,9,263,4,27.2,28.0,26.6,28.0,27.266666666666648,27.685714285714287,27.742857142857144,0.0,0.0,1.4,0.0,0.4666666666666666,0.19999999999999998,1.5928571428571427
2022-09-21,33.9,23.2,28.2,1.2,7.1,65,9,264,4,27.8,27.2,28.0,27.9,27.666666666666647,27.657142857142862,27.72142857142857,0.6,0.0,0.0,0.0,0.19999999999999998,0.2857142857142857,1.6357142857142857
2022-09-22,35.0,22.6,28.1,0.0,10.7,68,9,265,4,28.2,27.8,27.2,27.9,27.733333333333317,27.7,27.657142857142855,1.2,0.6,0.0,0.0,0.6,0.45714285714285713,1.7214285714285713
2022-09-23,35.0,22.7,28.5,0.0,12.7,67,9,266,4,28.1,28.2,27.8,28.2,28.033333333333314,27.728571428571428,27.54285714285714,0.0,1.2,0.6,0.0,0.6,0.45714285714285713,1.7214285714285715
2022-09-24,34.7,23.5,28.4,0.5,15.0,60,9,267,4,28.5,28.1,28.2,26.6,28.26666666666665,27.771428571428572,27.54285714285714,0.0,0.0,1.2,1.4,0.4000000000000001,0.45714285714285713,1.3285714285714287
2022-09-25,33.3,21.3,26.9,2.7,16.9,65,9,268,4,28.4,28.5,28.1,28.0,28.333333333333314,28.02857142857143,27.592857142857145,0.5,0.0,0.0,0.0,0.16666666666666666,0.32857142857142857,1.2214285714285715
2022-09-26,32.8,21.1,26.2,8.0,10.8,68,9,269,4,26.9,28.4,28.5,27.2,27.933333333333312,27.87142857142857,27.65,2.7,0.5,0.0,0.0,1.0666666666666667,0.7142857142857143,1.1357142857142857
2022-09-27,32.9,21.8,26.9,0.0,11.8,69,9,270,4,26.2,26.9,28.4,27.8,27.166666666666647,27.728571428571428,27.707142857142856,8.0,2.7,0.5,0.6,3.733333333333333,1.8571428571428572,1.0285714285714287
2022-09-28,33.3,22.7,27.5,0.6,10.4,65,9,271,4,26.9,26.2,26.9,28.2,26.666666666666647,27.599999999999998,27.62857142857143,0.0,8.0,2.7,1.2,3.5666666666666664,1.7714285714285716,1.0285714285714287
2022-09-29,33.5,22.7,27.6,0.0,9.5,61,9,272,4,27.5,26.9,26.2,28.1,26.866666666666646,27.5,27.6,0.6,0.0,8.0,0.0,2.8666666666666667,1.6857142857142855,1.0714285714285714
2022-09-30,34.2,22.7,27.9,0.0,9.4,61,9,273,4,27.6,27.5,26.9,28.5,27.333333333333314,27.428571428571427,27.578571428571426,0.0,0.6,0.0,0.0,0.19999999999999998,1.6857142857142857,1.0714285714285714
2022-10-01,33.4,22.6,27.7,0.0,10.9,59,10,274,4,27.9,27.6,27.5,28.4,27.666666666666647,27.342857142857145,27.557142857142857,0.0,0.0,0.6,0.5,0.19999999999999998,1.6857142857142857,1.0714285714285714
2022-10-02,32.0,20.6,25.9,0.0,9.4,53,10,275,4,27.7,27.9,27.6,26.9,27.733333333333317,27.24285714285714,27.635714285714283,0.0,0.0,0.0,2.7,0.0,1.6142857142857143,0.9714285714285714
2022-10-03,33.6,22.4,26.9,0.0,21.2,46,10,276,4,25.9,27.7,27.9,26.2,27.166666666666647,27.099999999999998,27.485714285714284,0.0,0.0,0.0,8.0,0.0,1.2285714285714284,0.9714285714285714
2022-10-04,34.5,20.0,27.0,0.0,12.1,42,10,277,4,26.9,25.9,27.7,26.9,26.833333333333314,27.2,27.464285714285715,0.0,0.0,0.0,0.0,0.0,0.08571428571428572,0.9714285714285714
2022-10-05,34.4,19.6,26.3,0.0,10.5,46,10,278,4,27.0,26.9,25.9,27.5,26.59999999999998,27.214285714285715,27.407142857142855,0.0,0.0,0.0,0.6,0.0,0.08571428571428572,0.9285714285714286
2022-10-06,26.1,18.9,22.4,1.2,13.7,61,10,279,4,26.3,27.0,26.9,27.6,26.733333333333317,27.04285714285714,27.27142857142857,0.0,0.0,0.0,0.0,0.0,0.0,0.8428571428571429
2022-10-07,30.9,18.8,24.5,0.0,9.1,51,10,280,4,22.4,26.3,27.0,27.9,25.233333333333317,26.3,26.864285714285717,1.2,0.0,0.0,0.0,0.39999999999999997,0.17142857142857143,0.9285714285714286
2022-10-08,33.2,19.8,25.4,0.0,9.4,39,10,281,4,24.5,22.4,26.3,27.7,24.39999999999998,25.814285714285713,26.57857142857143,0.0,1.2,0.0,0.0,0.39999999999999997,0.17142857142857143,0.9285714285714286
2022-10-09,31.0,17.5,23.2,0.0,9.2,53,10,282,4,25.4,24.5,22.4,25.9,24.09999999999998,25.485714285714288,26.36428571428571,0.0,0.0,1.2,0.0,0.39999999999999997,0.17142857142857143,0.8928571428571429
2022-10-10,31.5,17.7,23.9,0.0,13.9,65,10,283,4,23.2,25.4,24.5,26.9,24.366666666666646,25.099999999999998,26.099999999999998,0.0,0.0,0.0,0.0,0.0,0.17142857142857143,0.7000000000000001
2022-10-11,30.7,17.7,23.5,0.0,8.6,65,10,284,4,23.9,23.2,25.4,27.0,24.166666666666647,24.67142857142857,25.935714285714287,0.0,0.0,0.0,0.0,0.0,0.17142857142857143,0.12857142857142856
2022-10-12,28.6,18.0,22.6,0.0,11.3,66,10,285,4,23.5,23.9,23.2,26.3,23.533333333333314,24.17142857142857,25.692857142857143,0.0,0.0,0.0,0.0,0.0,0.17142857142857143,0.12857142857142856
2022-10-13,30.5,18.5,23.4,0.0,10.0,62,10,286,4,22.6,23.5,23.9,22.4,23.333333333333314,23.642857142857142,25.342857142857138,0.0,0.0,0.0,1.2,0.0,0.17142857142857143,0.0857142857142857
2022-10-14,31.8,18.6,23.9,0.0,8.3,55,10,287,4,23.4,22.6,23.5,24.5,23.166666666666647,23.785714285714285,25.042857142857144,0.0,0.0,0.0,0.0,0.0,0.0,0.0857142857142857
2022-10-15,31.8,18.2,23.5,0.0,7.6,57,10,288,4,23.9,23.4,22.6,25.4,23.299999999999983,23.7,24.757142857142856,0.0,0.0,0.0,0.0,0.0,0.0,0.0857142857142857
2022-10-16,31.5,17.6,23.3,0.0,10.2,68,10,289,4,23.5,23.9,23.4,23.2,23.59999999999998,23.428571428571427,24.457142857142856,0.0,0.0,0.0,0.0,0.0,0.0,0.0857142857142857
2022-10-17,31.4,18.1,23.7,0.0,12.4,63,10,290,4,23.3,23.5,23.9,23.9,23.56666666666665,23.442857142857143,24.271428571428572,0.0,0.0,0.0,0.0,0.0,0.0,0.0857142857142857
2022-10-18,30.4,17.6,23.2,0.0,13.5,56,10,291,4,23.7,23.3,23.5,23.5,23.499999999999982,23.414285714285715,24.04285714285714,0.0,0.0,0.0,0.0,0.0,0.0,0.0857142857142857
2022-10-19,28.6,16.3,21.5,6.9,15.6,62,10,292,4,23.2,23.7,23.3,22.6,23.39999999999998,23.37142857142857,23.77142857142857,0.0,0.0,0.0,0.0,0.0,0.0,0.0857142857142857
2022-10-20,24.8,14.2,18.9,0.0,7.4,69,10,293,4,21.5,23.2,23.7,23.4,22.799999999999983,23.214285714285715,23.428571428571427,6.9,0.0,0.0,0.0,2.3000000000000003,0.9857142857142858,0.5785714285714285
2022-10-21,28.3,13.6,20.4,0.0,8.5,55,10,294,4,18.9,21.5,23.2,23.9,21.199999999999978,22.571428571428573,23.178571428571427,0.0,6.9,0.0,0.0,2.3000000000000003,0.9857142857142858,0.4928571428571429
2022-10-22,28.0,13.7,20.3,0.0,8.2,50,10,295,4,20.4,18.9,21.5,23.5,20.266666666666648,22.071428571428573,22.885714285714283,0.0,0.0,6.9,0.0,2.3000000000000003,0.9857142857142858,0.4928571428571429
2022-10-23,27.6,14.8,20.4,0.0,7.7,53,10,296,4,20.3,20.4,18.9,23.3,19.866666666666646,21.61428571428571,22.521428571428572,0.0,0.0,0.0,0.0,0.0,0.9857142857142858,0.4928571428571429
2022-10-24,28.7,15.7,21.1,0.0,8.4,54,10,297,4,20.4,20.3,20.4,23.7,20.36666666666665,21.199999999999996,22.321428571428573,0.0,0.0,0.0,0.0,0.0,0.9857142857142858,0.4928571428571429
2022-10-25,30.0,16.0,21.4,0.0,9.5,55,10,298,4,21.1,20.4,20.3,23.2,20.599999999999984,20.82857142857143,22.12142857142857,0.0,0.0,0.0,0.0,0.0,0.9857142857142858,0.4928571428571429
2022-10-26,28.8,15.9,21.3,0.0,9.0,59,10,299,4,21.4,21.1,20.4,21.5,20.966666666666647,20.571428571428573,21.971428571428568,0.0,0.0,0.0,6.9,0.0,0.9857142857142858,0.4928571428571429
2022-10-27,30.0,16.5,21.9,0.0,10.0,54,10,300,4,21.3,21.4,21.1,18.9,21.266666666666648,20.542857142857144,21.87857142857143,0.0,0.0,0.0,0.0,0.0,0.0,0.4928571428571429
2022-10-28,29.3,15.8,21.4,0.0,8.0,53,10,301,4,21.9,21.3,21.4,20.4,21.533333333333314,20.971428571428568,21.77142857142857,0.0,0.0,0.0,0.0,0.0,0.0,0.4928571428571429
2022-10-29,29.2,15.7,21.1,0.0,8.4,60,10,302,4,21.4,21.9,21.3,20.3,21.533333333333314,21.114285714285717,21.592857142857145,0.0,0.0,0.0,0.0,0.0,0.0,0.4928571428571429
2022-10-30,29.2,15.6,21.2,0.0,8.9,65,10,303,4,21.1,21.4,21.9,20.4,21.46666666666665,21.228571428571428,21.42142857142857,0.0,0.0,0.0,0.0,0.0,0.0,0.4928571428571429
2022-10-31,26.8,16.3,20.7,0.1,11.2,64,10,304,4,21.2,21.1,21.4,21.1,21.233333333333313,21.342857142857138,21.271428571428572,0.0,0.0,0.0,0.0,0.0,0.0,0.4928571428571429
2022-11-01,26.0,16.0,20.5,0.0,11.6,60,11,305,4,20.7,21.2,21.1,21.4,20.999999999999982,21.285714285714285,21.057142857142857,0.1,0.0,0.0,0.0,0.03333333333333333,0.014285714285714287,0.5
2022-11-02,28.2,15.3,21.4,0.0,9.2,54,11,306,4,20.5,20.7,21.2,21.3,20.799999999999983,21.157142857142855,20.864285714285717,0.0,0.1,0.0,0.0,0.03333333333333333,0.014285714285714287,0.5
2022-11-03,29.2,15.4,21.6,0.0,12.0,52,11,307,4,21.4,20.5,20.7,21.9,20.866666666666646,21.17142857142857,20.857142857142858,0.0,0.0,0.1,0.0,0.03333333333333333,0.014285714285714287,0.0071428571428571435
2022-11-04,28.4,16.4,21.6,0.0,6.6,56,11,308,4,21.6,21.4,20.5,21.4,21.166666666666647,21.12857142857143,21.05,0.0,0.0,0.0,0.0,0.0,0.014285714285714287,0.0071428571428571435
2022-11-05,24.2,14.9,19.7,5.0,16.0,65,11,309,4,21.6,21.6,21.4,21.1,21.533333333333314,21.157142857142855,21.135714285714283,0.0,0.0,0.0,0.0,0.0,0.014285714285714287,0.0071428571428571435
2022-11-06,20.3,13.7,17.1,5.1,8.7,78,11,310,4,19.7,21.6,21.6,21.2,20.96666666666665,20.957142857142856,21.092857142857145,5.0,0.0,0.0,0.0,1.6666666666666667,0.7285714285714285,0.36428571428571427
2022-11-07,23.7,12.6,17.3,0.1,9.2,73,11,311,4,17.1,19.7,21.6,20.7,19.466666666666647,20.371428571428574,20.857142857142858,5.1,5.0,0.0,0.1,3.3666666666666667,1.457142857142857,0.7285714285714285
2022-11-08,24.8,12.9,17.7,0.0,13.0,61,11,312,4,17.3,17.1,19.7,20.5,18.033333333333314,19.88571428571429,20.585714285714285,0.1,5.1,5.0,0.0,3.4,1.457142857142857,0.7357142857142857
2022-11-09,20.6,12.5,15.9,0.5,12.1,75,11,313,4,17.7,17.3,17.1,21.4,17.36666666666665,19.485714285714288,20.321428571428573,0.0,0.1,5.1,0.0,1.7333333333333332,1.457142857142857,0.7357142857142857
2022-11-10,22.9,10.1,16.0,0.0,8.9,70,11,314,4,15.9,17.7,17.3,21.6,16.966666666666647,18.7,19.935714285714287,0.5,0.0,0.1,0.0,0.19999999999999998,1.5285714285714285,0.7714285714285714
2022-11-11,24.6,11.1,16.9,0.0,7.6,58,11,315,4,16.0,15.9,17.7,21.6,16.533333333333314,17.900000000000002,19.514285714285716,0.0,0.5,0.0,0.0,0.16666666666666666,1.5285714285714285,0.7714285714285714
2022-11-12,24.4,11.9,16.9,0.0,5.1,52,11,316,4,16.9,16.0,15.9,19.7,16.266666666666648,17.228571428571428,19.192857142857143,0.0,0.0,0.5,5.0,0.16666666666666666,1.5285714285714285,0.7714285714285714
2022-11-13,18.7,11.0,14.8,1.0,15.3,67,11,317,4,16.9,16.9,16.0,17.1,16.59999999999998,16.82857142857143,18.892857142857142,0.0,0.0,0.0,5.1,0.0,0.8142857142857142,0.7714285714285714
2022-11-14,17.2,10.8,13.9,0.1,16.8,65,11,318,4,14.8,16.9,16.9,17.3,16.199999999999978,16.5,18.435714285714287,1.0,0.0,0.0,0.1,0.3333333333333333,0.2285714285714286,0.8428571428571427
2022-11-15,22.7,8.7,15.1,0.0,9.2,61,11,319,4,13.9,14.8,16.9,17.7,15.199999999999982,16.014285714285712,17.95,0.1,1.0,0.0,0.0,0.3666666666666667,0.2285714285714286,0.8428571428571427
2022-11-16,23.1,10.6,15.5,0.0,9.4,57,11,320,4,15.1,13.9,14.8,15.9,14.59999999999998,15.642857142857142,17.564285714285713,0.0,0.1,1.0,0.5,0.3666666666666667,0.2285714285714286,0.8428571428571427
2022-11-17,23.9,9.2,15.5,0.0,10.4,49,11,321,4,15.5,15.1,13.9,16.0,14.833333333333314,15.585714285714285,17.142857142857142,0.0,0.0,0.1,0.0,0.03333333333333333,0.15714285714285717,0.8428571428571427
2022-11-18,22.1,11.0,15.2,0.0,5.5,49,11,322,4,15.5,15.5,15.1,16.9,15.366666666666648,15.514285714285714,16.707142857142856,0.0,0.0,0.0,0.0,0.0,0.15714285714285717,0.8428571428571427
2022-11-19,20.5,11.3,14.2,0.3,11.3,67,11,323,4,15.2,15.5,15.5,16.9,15.399999999999983,15.271428571428572,16.25,0.0,0.0,0.0,0.0,0.0,0.15714285714285717,0.8428571428571427
2022-11-20,23.2,11.0,15.6,0.0,11.1,48,11,324,4,14.2,15.2,15.5,14.8,14.966666666666647,14.885714285714284,15.857142857142858,0.3,0.0,0.0,1.0,0.09999999999999999,0.19999999999999998,0.5071428571428571
2022-11-21,23.9,10.5,15.4,0.0,9.4,45,11,325,4,15.6,14.2,15.2,13.9,14.99999999999998,15.0,15.749999999999998,0.0,0.3,0.0,0.1,0.09999999999999999,0.05714285714285716,0.14285714285714285
2022-11-22,24.1,8.8,14.8,0.0,12.3,45,11,326,4,15.4,15.6,14.2,15.1,15.066666666666649,15.214285714285714,15.614285714285714,0.0,0.0,0.3,0.0,0.09999999999999999,0.04285714285714288,0.1357142857142857
2022-11-23,23.6,9.4,15.8,0.0,9.8,40,11,327,4,14.8,15.4,15.6,15.5,15.266666666666646,15.171428571428569,15.407142857142857,0.0,0.0,0.0,0.0,0.0,0.04285714285714288,0.1357142857142857
2022-11-24,23.8,10.2,15.9,0.0,9.4,51,11,328,4,15.8,14.8,15.4,15.5,15.333333333333314,15.214285714285714,15.4,0.0,0.0,0.0,0.0,0.0,0.04285714285714288,0.09999999999999999
2022-11-25,23.1,8.5,14.6,0.0,7.9,76,11,329,4,15.9,15.8,14.8,15.2,15.49999999999998,15.27142857142857,15.392857142857142,0.0,0.0,0.0,0.0,0.0,0.04285714285714288,0.09999999999999999
2022-11-26,22.8,9.8,14.9,0.0,8.7,70,11,330,4,14.6,15.9,15.8,14.2,15.433333333333314,15.185714285714285,15.228571428571428,0.0,0.0,0.0,0.3,0.0,0.04285714285714288,0.09999999999999999
2022-11-27,22.6,7.9,14.7,0.0,7.2,70,11,331,4,14.9,14.6,15.9,15.6,15.133333333333313,15.285714285714286,15.085714285714285,0.0,0.0,0.0,0.0,0.0,0.0,0.09999999999999999
2022-11-28,22.1,9.7,14.1,0.0,8.6,76,11,332,4,14.7,14.9,14.6,15.4,14.733333333333315,15.157142857142857,15.078571428571431,0.0,0.0,0.0,0.0,0.0,0.0,0.02857142857142858
2022-11-29,22.4,8.3,13.7,0.0,6.8,77,11,333,4,14.1,14.7,14.9,14.8,14.566666666666649,14.971428571428573,15.092857142857143,0.0,0.0,0.0,0.0,0.0,0.0,0.02142857142857144
2022-11-30,22.2,5.9,13.5,0.0,6.5,70,11,334,4,13.7,14.1,14.7,15.8,14.166666666666648,14.814285714285713,14.992857142857144,0.0,0.0,0.0,0.0,0.0,0.0,0.02142857142857144
2022-12-01,22.1,8.6,13.3,0.0,8.0,70,12,335,1,13.5,13.7,14.1,15.9,13.766666666666646,14.485714285714284,14.85,0.0,0.0,0.0,0.0,0.0,0.0,0.02142857142857144
2022-12-02,21.6,8.5,13.9,0.0,9.0,65,12,336,1,13.3,13.5,13.7,14.6,13.49999999999998,14.114285714285716,14.692857142857145,0.0,0.0,0.0,0.0,0.0,0.0,0.02142857142857144
2022-12-03,21.3,9.5,14.5,0.0,5.2,58,12,337,1,13.9,13.3,13.5,14.9,13.566666666666649,14.014285714285714,14.6,0.0,0.0,0.0,0.0,0.0,0.0,0.02142857142857144
2022-12-04,22.6,10.0,14.8,0.0,8.9,54,12,338,1,14.5,13.9,13.3,14.7,13.899999999999983,13.957142857142857,14.621428571428572,0.0,0.0,0.0,0.0,0.0,0.0,0.0
2022-12-05,20.4,7.4,13.4,0.0,4.3,59,12,339,1,14.8,14.5,13.9,14.1,14.399999999999983,13.971428571428572,14.564285714285715,0.0,0.0,0.0,0.0,0.0,0.0,0.0
2022-12-06,22.0,9.4,14.0,0.0,8.8,57,12,340,1,13.4,14.8,14.5,13.7,14.233333333333315,13.87142857142857,14.421428571428573,0.0,0.0,0.0,0.0,0.0,0.0,0.0
2022-12-07,21.9,9.2,14.5,0.0,6.4,49,12,341,1,14.0,13.4,14.8,13.5,14.066666666666649,13.914285714285715,14.364285714285714,0.0,0.0,0.0,0.0,0.0,0.0,0.0
2022-12-08,18.7,9.4,12.9,0.0,6.8,60,12,342,1,14.5,14.0,13.4,13.3,13.966666666666647,14.057142857142859,14.271428571428572,0.0,0.0,0.0,0.0,0.0,0.0,0.0
2022-12-09,20.4,8.1,13.4,0.0,8.4,60,12,343,1,12.9,14.5,14.0,13.9,13.799999999999981,14.0,14.057142857142859,0.0,0.0,0.0,0.0,0.0,0.0,0.0
2022-12-10,18.8,7.8,13.2,0.0,6.2,65,12,344,1,13.4,12.9,14.5,14.5,13.59999999999998,13.928571428571429,13.971428571428573,0.0,0.0,0.0,0.0,0.0,0.0,0.0
2022-12-11,20.7,6.4,13.6,0.0,9.0,55,12,345,1,13.2,13.4,12.9,14.8,13.166666666666648,13.742857142857144,13.85,0.0,0.0,0.0,0.0,0.0,0.0,0.0
2022-12-12,17.9,8.2,13.4,0.6,12.7,53,12,346,1,13.6,13.2,13.4,13.4,13.399999999999983,13.571428571428571,13.77142857142857,0.0,0.0,0.0,0.0,0.0,0.0,0.0
2022-12-13,20.8,7.7,14.4,0.0,15.9,41,12,347,1,13.4,13.6,13.2,14.0,13.399999999999983,13.571428571428571,13.721428571428572,0.6,0.0,0.0,0.0,0.19999999999999998,0.08571428571428573,0.042857142857142864
2022-12-14,22.0,7.2,14.3,0.0,11.8,36,12,348,1,14.4,13.4,13.6,14.5,13.799999999999981,13.62857142857143,13.771428571428572,0.0,0.6,0.0,0.0,0.19999999999999998,0.08571428571428573,0.042857142857142864
2022-12-15,21.2,7.4,13.1,0.0,8.7,46,12,349,1,14.3,14.4,13.4,12.9,14.033333333333315,13.6,13.828571428571427,0.0,0.0,0.6,0.0,0.19999999999999998,0.08571428571428573,0.042857142857142864
2022-12-16,20.8,7.2,12.1,0.0,8.7,62,12,350,1,13.1,14.3,14.4,13.4,13.933333333333314,13.628571428571428,13.814285714285715,0.0,0.0,0.0,0.0,0.0,0.08571428571428573,0.042857142857142864
2022-12-17,20.9,7.6,12.2,0.0,7.9,74,12,351,1,12.1,13.1,14.3,13.2,13.166666666666648,13.442857142857145,13.685714285714285,0.0,0.0,0.0,0.0,0.0,0.08571428571428573,0.042857142857142864
2022-12-18,20.1,6.0,12.1,0.0,5.7,75,12,352,1,12.2,12.1,13.1,13.6,12.466666666666647,13.299999999999999,13.52142857142857,0.0,0.0,0.0,0.0,0.0,0.08571428571428573,0.042857142857142864
2022-12-19,19.8,8.3,12.5,0.0,8.1,67,12,353,1,12.1,12.2,12.1,13.4,12.133333333333313,13.085714285714287,13.328571428571427,0.0,0.0,0.0,0.6,0.0,0.08571428571428573,0.042857142857142864
2022-12-20,19.7,7.0,12.1,0.0,7.5,65,12,354,1,12.5,12.1,12.2,14.4,12.266666666666646,12.957142857142857,13.264285714285714,0.0,0.0,0.0,0.0,0.0,0.0,0.042857142857142864
2022-12-21,18.8,4.9,11.0,0.0,6.1,67,12,355,1,12.1,12.5,12.1,14.3,12.233333333333315,12.628571428571428,13.12857142857143,0.0,0.0,0.0,0.0,0.0,0.0,0.042857142857142864
2022-12-22,17.7,4.1,9.9,0.0,5.2,70,12,356,1,11.0,12.1,12.5,13.1,11.866666666666648,12.157142857142857,12.87857142857143,0.0,0.0,0.0,0.0,0.0,0.0,0.042857142857142864
2022-12-23,15.7,3.3,8.4,0.0,5.5,74,12,357,1,9.9,11.0,12.1,12.1,10.99999999999998,11.700000000000001,12.664285714285713,0.0,0.0,0.0,0.0,0.0,0.0,0.042857142857142864
2022-12-24,16.6,4.4,9.1,0.0,9.0,76,12,358,1,8.4,9.9,11.0,12.2,9.766666666666646,11.171428571428569,12.307142857142855,0.0,0.0,0.0,0.0,0.0,0.0,0.042857142857142864
2022-12-25,16.3,6.0,9.8,0.0,4.5,57,12,359,1,9.1,8.4,9.9,12.1,9.133333333333313,10.72857142857143,12.014285714285714,0.0,0.0,0.0,0.0,0.0,0.0,0.042857142857142864
2022-12-26,18.1,3.2,9.2,0.0,7.3,64,12,360,1,9.8,9.1,8.4,12.5,9.099999999999982,10.4,11.742857142857144,0.0,0.0,0.0,0.0,0.0,0.0,0.042857142857142864
2022-12-27,18.6,6.0,10.9,0.0,9.9,52,12,361,1,9.2,9.8,9.1,12.1,9.366666666666648,9.928571428571429,11.442857142857141,0.0,0.0,0.0,0.0,0.0,0.0,0.0
2022-12-28,17.5,4.3,10.2,0.0,6.6,55,12,362,1,10.9,9.2,9.8,11.0,9.966666666666647,9.757142857142856,11.192857142857141,0.0,0.0,0.0,0.0,0.0,0.0,0.0
2022-12-29,10.5,5.7,8.1,7.5,11.9,80,12,363,1,10.2,10.9,9.2,9.9,10.09999999999998,9.642857142857142,10.900000000000002,0.0,0.0,0.0,0.0,0.0,0.0,0.0
2022-12-30,16.3,3.6,9.4,0.0,8.7,70,12,364,1,8.1,10.2,10.9,8.4,9.733333333333315,9.385714285714284,10.542857142857143,7.5,0.0,0.0,0.0,2.5,1.0714285714285714,0.5357142857142857
2022-12-31,17.4,3.1,9.2,0.0,9.7,54,12,365,1,9.4,8.1,10.2,9.1,9.233333333333313,9.528571428571428,10.35,0.0,7.5,0.0,0.0,2.5,1.0714285714285714,0.5357142857142857
2023-01-01,16.9,4.0,9.0,0.0,10.0,60,1,1,1,9.2,9.4,8.1,9.8,8.899999999999983,9.542857142857143,10.135714285714286,0.0,0.0,7.5,0.0,2.5,1.0714285714285714,0.5357142857142857
2023-01-02,16.7,5.2,9.8,0.0,6.5,53,1,2,1,9.0,9.2,9.4,9.2,9.199999999999982,9.428571428571429,9.914285714285715,0.0,0.0,0.0,0.0,0.0,1.0714285714285714,0.5357142857142857
2023-01-03,16.3,2.5,9.2,0.0,7.8,51,1,3,1,9.8,9.0,9.2,10.9,9.333333333333314,9.514285714285714,9.721428571428572,0.0,0.0,0.0,0.0,0.0,1.0714285714285714,0.5357142857142857
2023-01-04,16.9,4.9,9.3,0.0,7.1,47,1,4,1,9.2,9.8,9.0,10.2,9.333333333333314,9.27142857142857,9.514285714285714,0.0,0.0,0.0,0.0,0.0,1.0714285714285714,0.5357142857142857
2023-01-05,16.6,3.0,8.5,0.0,8.0,65,1,5,1,9.3,9.2,9.8,8.1,9.433333333333314,9.142857142857142,9.392857142857142,0.0,0.0,0.0,7.5,0.0,1.0714285714285714,0.5357142857142857
2023-01-06,15.0,1.3,7.9,0.0,7.6,78,1,6,1,8.5,9.3,9.2,9.4,8.99999999999998,9.200000000000001,9.292857142857143,0.0,0.0,0.0,0.0,0.0,0.0,0.5357142857142857
2023-01-07,15.2,5.8,10.1,0.0,14.8,69,1,7,1,7.9,8.5,9.3,9.2,8.566666666666647,8.985714285714286,9.257142857142856,0.0,0.0,0.0,0.0,0.0,0.0,0.5357142857142857
2023-01-08,14.0,5.7,10.4,0.2,13.8,63,1,8,1,10.1,7.9,8.5,9.0,8.833333333333314,9.114285714285714,9.328571428571427,0.0,0.0,0.0,0.0,0.0,0.0,0.5357142857142857
2023-01-09,19.1,4.7,11.3,0.0,14.5,63,1,9,1,10.4,10.1,7.9,9.8,9.466666666666647,9.314285714285715,9.37142857142857,0.2,0.0,0.0,0.0,0.06666666666666667,0.028571428571428574,0.55
2023-01-10,20.0,6.8,13.3,0.0,5.5,54,1,10,1,11.3,10.4,10.1,9.2,10.599999999999982,9.528571428571428,9.521428571428572,0.0,0.2,0.0,0.0,0.06666666666666667,0.028571428571428574,0.55
2023-01-11,13.1,9.2,10.3,9.3,17.1,81,1,11,1,13.3,11.3,10.4,9.3,11.666666666666648,10.114285714285714,9.692857142857145,0.0,0.0,0.2,0.0,0.06666666666666667,0.028571428571428574,0.55
2023-01-12,12.0,6.9,9.2,0.3,6.0,84,1,12,1,10.3,13.3,11.3,8.5,11.633333333333317,10.257142857142858,9.700000000000001,9.3,0.0,0.0,0.0,3.1,1.3571428571428572,1.2142857142857142
2023-01-13,12.7,2.2,8.1,0.0,16.6,32,1,13,1,9.2,10.3,13.3,7.9,10.933333333333314,10.357142857142858,9.778571428571428,0.3,9.3,0.0,0.0,3.2000000000000006,1.4000000000000001,0.7000000000000001
2023-01-14,15.0,-1.4,6.6,0.0,8.4,35,1,14,1,8.1,9.2,10.3,10.1,9.199999999999982,10.385714285714286,9.685714285714285,0.0,0.3,9.3,0.0,3.2000000000000006,1.4000000000000001,0.7000000000000001
2023-01-15,16.2,3.9,9.1,0.0,23.2,26,1,15,1,6.6,8.1,9.2,10.4,7.966666666666647,9.885714285714286,9.5,0.0,0.0,0.3,0.2,0.09999999999999999,1.4000000000000001,0.7000000000000001
2023-01-16,15.3,0.7,7.5,0.0,12.4,29,1,16,1,9.1,6.6,8.1,11.3,7.933333333333313,9.7,9.507142857142856,0.0,0.0,0.0,0.0,0.0,1.3714285714285717,0.7000000000000001
2023-01-17,16.3,2.9,7.9,0.0,7.1,42,1,17,1,7.5,9.1,6.6,13.3,7.733333333333314,9.157142857142857,9.342857142857143,0.0,0.0,0.0,0.0,0.0,1.3714285714285717,0.7000000000000001
2023-01-18,14.5,3.0,7.9,0.0,7.2,45,1,18,1,7.9,7.5,9.1,10.3,8.166666666666648,8.385714285714286,9.25,0.0,0.0,0.0,9.3,0.0,1.3714285714285717,0.7000000000000001
2023-01-19,16.0,2.7,9.0,0.0,7.4,55,1,19,1,7.9,7.9,7.5,9.2,7.766666666666648,8.042857142857143,9.15,0.0,0.0,0.0,0.3,0.0,0.04285714285714286,0.7000000000000001
2023-01-20,16.5,5.9,9.8,0.0,11.5,55,1,20,1,9.0,7.9,7.9,8.1,8.266666666666648,8.014285714285714,9.185714285714285,0.0,0.0,0.0,0.0,0.0,0.0,0.7000000000000001
2023-01-21,15.9,3.3,8.9,0.0,10.6,69,1,21,1,9.8,9.0,7.9,6.6,8.89999999999998,8.257142857142858,9.321428571428571,0.0,0.0,0.0,0.0,0.0,0.0,0.7000000000000001
2023-01-22,14.2,4.0,8.6,0.0,13.8,63,1,22,1,8.9,9.8,9.0,9.1,9.233333333333315,8.585714285714285,9.235714285714286,0.0,0.0,0.0,0.0,0.0,0.0,0.7000000000000001
2023-01-23,14.9,4.1,8.8,0.0,16.4,53,1,23,1,8.6,8.9,9.8,7.5,9.099999999999982,8.514285714285714,9.107142857142858,0.0,0.0,0.0,0.0,0.0,0.0,0.6857142857142858
2023-01-24,15.6,1.7,8.3,0.0,14.2,54,1,24,1,8.8,8.6,8.9,7.9,8.766666666666648,8.7,8.928571428571429,0.0,0.0,0.0,0.0,0.0,0.0,0.6857142857142858
2023-01-25,15.3,3.1,8.3,0.1,11.2,55,1,25,1,8.3,8.8,8.6,7.9,8.566666666666647,8.757142857142858,8.571428571428571,0.0,0.0,0.0,0.0,0.0,0.0,0.6857142857142858
2023-01-26,17.0,1.7,9.1,0.0,18.7,35,1,26,1,8.3,8.3,8.8,9.0,8.466666666666649,8.814285714285715,8.428571428571429,0.1,0.0,0.0,0.0,0.03333333333333333,0.014285714285714287,0.028571428571428574
2023-01-27,19.0,1.6,10.3,0.0,15.8,38,1,27,1,9.1,8.3,8.3,9.8,8.566666666666649,8.82857142857143,8.421428571428573,0.0,0.1,0.0,0.0,0.03333333333333333,0.014285714285714287,0.0071428571428571435
2023-01-28,16.3,4.2,10.0,0.0,14.9,44,1,28,1,10.3,9.1,8.3,8.9,9.233333333333315,8.9,8.578571428571427,0.0,0.0,0.1,0.0,0.03333333333333333,0.014285714285714287,0.0071428571428571435
2023-01-29,15.3,8.6,11.7,0.4,14.1,54,1,29,1,10.0,10.3,9.1,8.6,9.799999999999981,9.057142857142859,8.821428571428571,0.0,0.0,0.0,0.0,0.0,0.014285714285714287,0.0071428571428571435
2023-01-30,16.3,6.9,10.6,0.7,17.1,77,1,30,1,11.7,10.0,10.3,8.8,10.666666666666648,9.5,9.007142857142858,0.4,0.0,0.0,0.0,0.13333333333333333,0.07142857142857142,0.03571428571428571
2023-01-31,18.6,5.6,10.9,0.0,12.4,61,1,31,1,10.6,11.7,10.0,8.3,10.766666666666646,9.757142857142856,9.22857142857143,0.7,0.4,0.0,0.0,0.3666666666666667,0.17142857142857143,0.08571428571428572
2023-02-01,20.4,4.6,12.7,0.0,14.5,40,2,32,1,10.9,10.6,11.7,8.3,11.066666666666649,10.12857142857143,9.442857142857141,0.0,0.7,0.4,0.1,0.3666666666666667,0.17142857142857143,0.08571428571428572
2023-02-02,21.5,8.9,14.5,0.0,18.1,43,2,33,1,12.7,10.9,10.6,9.1,11.399999999999979,10.757142857142856,9.785714285714286,0.0,0.0,0.7,0.0,0.2333333333333333,0.1571428571428571,0.08571428571428572
2023-02-03,17.7,9.0,12.7,0.3,13.5,61,2,34,1,14.5,12.7,10.9,10.3,12.699999999999982,11.528571428571427,10.178571428571429,0.0,0.0,0.0,0.0,0.0,0.1571428571428571,0.08571428571428572
2023-02-04,21.7,6.4,13.0,0.0,15.5,57,2,35,1,12.7,14.5,12.7,10.0,13.299999999999981,11.87142857142857,10.385714285714286,0.3,0.0,0.0,0.0,0.09999999999999999,0.19999999999999998,0.10714285714285714
2023-02-05,21.7,7.0,13.9,1.4,12.4,53,2,36,1,13.0,12.7,14.5,11.7,13.399999999999979,12.299999999999999,10.678571428571429,0.0,0.3,0.0,0.4,0.09999999999999999,0.19999999999999998,0.10714285714285714
2023-02-06,18.6,9.0,13.1,4.9,9.7,71,2,37,1,13.9,13.0,12.7,10.6,13.19999999999998,12.614285714285716,11.057142857142859,1.4,0.0,0.3,0.7,0.5666666666666667,0.34285714285714286,0.20714285714285713
2023-02-07,21.7,5.8,13.1,0.0,6.6,52,2,38,1,13.1,13.9,13.0,10.9,13.333333333333314,12.971428571428572,11.364285714285714,4.9,1.4,0.0,0.0,2.1,0.942857142857143,0.5571428571428572
2023-02-08,18.4,6.5,12.4,0.0,9.0,51,2,39,1,13.1,13.1,13.9,12.7,13.366666666666648,13.285714285714286,11.707142857142856,0.0,4.9,1.4,0.0,2.1,0.942857142857143,0.5571428571428572
2023-02-09,13.6,8.0,10.4,10.2,10.1,72,2,40,1,12.4,13.1,13.1,14.5,12.866666666666648,13.242857142857144,12.0,0.0,0.0,4.9,0.0,1.6333333333333335,0.942857142857143,0.55
2023-02-10,16.3,5.8,10.5,1.3,9.0,75,2,41,1,10.4,12.4,13.1,12.7,11.966666666666647,12.657142857142858,12.092857142857142,10.2,0.0,0.0,0.3,3.4,2.4,1.2785714285714285
2023-02-11,17.3,3.9,9.8,0.0,18.6,48,2,42,1,10.5,10.4,12.4,13.0,11.09999999999998,12.342857142857143,12.107142857142858,1.3,10.2,0.0,0.0,3.8333333333333335,2.542857142857143,1.3714285714285714
2023-02-12,19.4,4.4,11.0,0.0,10.5,27,2,43,1,9.8,10.5,10.4,13.9,10.233333333333315,11.885714285714286,12.092857142857143,0.0,1.3,10.2,1.4,3.8333333333333335,2.542857142857143,1.3714285714285714
2023-02-13,20.7,3.9,11.1,0.0,9.7,38,2,44,1,11.0,9.8,10.5,13.1,10.433333333333314,11.471428571428572,12.042857142857144,0.0,0.0,1.3,4.9,0.43333333333333335,2.342857142857143,1.3428571428571427
2023-02-14,23.7,6.9,14.6,0.0,8.0,45,2,45,1,11.1,11.0,9.8,13.1,10.633333333333313,11.185714285714285,12.078571428571427,0.0,0.0,0.0,0.0,0.0,1.6428571428571428,1.2928571428571427
2023-02-15,26.4,9.4,17.0,0.0,10.5,48,2,46,1,14.6,11.1,11.0,12.4,12.233333333333315,11.400000000000002,12.342857142857142,0.0,0.0,0.0,0.0,0.0,1.6428571428571428,1.2928571428571427
2023-02-16,27.4,12.2,18.5,0.0,9.6,46,2,47,1,17.0,14.6,11.1,10.4,14.233333333333315,12.057142857142859,12.65,0.0,0.0,0.0,10.2,0.0,1.6428571428571428,1.2928571428571427
2023-02-17,27.7,13.0,18.7,0.0,7.1,51,2,48,1,18.5,17.0,14.6,10.5,16.699999999999978,13.214285714285714,12.935714285714285,0.0,0.0,0.0,1.3,0.0,0.18571428571428572,1.2928571428571427
2023-02-18,26.7,12.5,18.6,0.0,9.0,57,2,49,1,18.7,18.5,17.0,9.8,18.06666666666665,14.385714285714284,13.364285714285714,0.0,0.0,0.0,0.0,0.0,0.0,1.2714285714285716
2023-02-19,25.4,13.4,18.1,0.0,10.7,54,2,50,1,18.6,18.7,18.5,11.0,18.599999999999984,15.642857142857142,13.764285714285716,0.0,0.0,0.0,0.0,0.0,0.0,1.2714285714285716
2023-02-20,22.5,12.5,16.4,0.1,13.0,62,2,51,1,18.1,18.6,18.7,11.1,18.466666666666647,16.657142857142855,14.064285714285715,0.0,0.0,0.0,0.0,0.0,0.0,1.1714285714285713
2023-02-21,25.4,10.8,17.6,0.0,12.1,52,2,52,1,16.4,18.1,18.6,14.6,17.69999999999998,17.414285714285715,14.3,0.1,0.0,0.0,0.0,0.03333333333333333,0.014285714285714287,0.8285714285714285
2023-02-22,25.0,12.7,17.7,0.0,10.7,36,2,53,1,17.6,16.4,18.1,17.0,17.36666666666665,17.84285714285714,14.621428571428572,0.0,0.1,0.0,0.0,0.03333333333333333,0.014285714285714287,0.8285714285714285
2023-02-23,26.7,10.2,18.3,0.0,17.7,32,2,54,1,17.7,17.6,16.4,18.5,17.233333333333317,17.942857142857143,15.0,0.0,0.0,0.1,0.0,0.03333333333333333,0.014285714285714287,0.8285714285714285
2023-02-24,27.7,13.9,19.7,0.0,9.2,27,2,55,1,18.3,17.7,17.6,18.7,17.86666666666665,17.914285714285715,15.564285714285715,0.0,0.0,0.0,0.0,0.0,0.014285714285714287,0.1
2023-02-25,23.7,12.0,16.6,3.0,21.3,52,2,56,1,19.7,18.3,17.7,18.6,18.56666666666665,18.057142857142857,16.22142857142857,0.0,0.0,0.0,0.0,0.0,0.014285714285714287,0.0071428571428571435
2023-02-26,25.3,10.2,17.3,0.1,13.3,58,2,57,1,16.6,19.7,18.3,18.1,18.199999999999978,17.771428571428572,16.707142857142856,3.0,0.0,0.0,0.0,1.0,0.4428571428571429,0.22142857142857145
2023-02-27,26.5,13.2,18.7,0.0,8.6,44,2,58,1,17.3,16.6,19.7,16.4,17.86666666666665,17.65714285714286,17.157142857142855,0.1,3.0,0.0,0.1,1.0333333333333334,0.4571428571428572,0.2285714285714286
2023-02-28,24.5,13.8,18.3,0.0,13.3,47,2,59,1,18.7,17.3,16.6,17.6,17.533333333333317,17.985714285714288,17.7,0.0,0.1,3.0,0.0,1.0333333333333334,0.4428571428571429,0.2285714285714286
2023-03-01,23.7,11.4,16.8,0.6,12.9,51,3,60,2,18.3,18.7,17.3,17.7,18.09999999999998,18.085714285714285,17.964285714285715,0.0,0.0,0.1,0.0,0.03333333333333333,0.4428571428571429,0.2285714285714286
2023-03-02,19.9,11.8,15.5,0.0,10.4,70,3,61,2,16.8,18.3,18.7,18.3,17.933333333333312,17.95714285714286,17.95,0.6,0.0,0.0,0.0,0.19999999999999998,0.5285714285714286,0.2714285714285714
2023-03-03,25.1,11.2,17.6,0.0,11.9,58,3,62,2,15.5,16.8,18.3,19.7,16.866666666666646,17.557142857142857,17.735714285714288,0.0,0.6,0.0,0.0,0.19999999999999998,0.5285714285714286,0.2714285714285714
2023-03-04,28.0,13.7,19.8,0.0,12.1,42,3,63,2,17.6,15.5,16.8,16.6,16.633333333333315,17.25714285714286,17.65714285714286,0.0,0.0,0.6,3.0,0.19999999999999998,0.5285714285714286,0.2714285714285714
2023-03-05,28.1,13.2,20.6,0.0,14.5,36,3,64,2,19.8,17.6,15.5,17.3,17.633333333333315,17.714285714285715,17.742857142857144,0.0,0.0,0.0,0.1,0.0,0.09999999999999999,0.2714285714285714
2023-03-06,29.1,14.7,20.8,0.0,10.2,31,3,65,2,20.6,19.8,17.6,18.7,19.333333333333318,18.185714285714287,17.92142857142857,0.0,0.0,0.0,0.0,0.0,0.08571428571428572,0.2714285714285714
2023-03-07,29.9,14.0,21.3,0.0,12.1,28,3,66,2,20.8,20.6,19.8,18.3,20.39999999999998,18.485714285714288,18.235714285714288,0.0,0.0,0.0,0.0,0.0,0.08571428571428572,0.2642857142857143
2023-03-08,30.0,14.8,21.5,0.0,12.2,24,3,67,2,21.3,20.8,20.6,16.8,20.89999999999998,18.914285714285715,18.5,0.0,0.0,0.0,0.6,0.0,0.08571428571428572,0.2642857142857143
2023-03-09,29.0,11.3,20.0,0.0,9.7,44,3,68,2,21.5,21.3,20.8,15.5,21.19999999999998,19.585714285714285,18.771428571428572,0.0,0.0,0.0,0.0,0.0,0.0,0.2642857142857143
2023-03-10,30.3,14.2,21.6,0.0,13.4,48,3,69,2,20.0,21.5,21.3,17.6,20.933333333333312,20.228571428571428,18.892857142857142,0.0,0.0,0.0,0.0,0.0,0.0,0.2642857142857143
2023-03-11,31.7,15.1,22.5,0.0,11.2,46,3,70,2,21.6,20.0,21.5,19.8,21.033333333333314,20.800000000000004,19.028571428571432,0.0,0.0,0.0,0.0,0.0,0.0,0.2642857142857143
2023-03-12,25.3,16.8,20.5,2.2,14.1,55,3,71,2,22.5,21.6,20.0,20.6,21.366666666666646,21.185714285714287,19.45,0.0,0.0,0.0,0.0,0.0,0.0,0.049999999999999996
2023-03-13,30.8,14.4,22.3,0.0,14.5,44,3,72,2,20.5,22.5,21.6,20.8,21.533333333333314,21.171428571428574,19.678571428571427,2.2,0.0,0.0,0.0,0.7333333333333334,0.31428571428571433,0.2
2023-03-14,31.5,16.4,23.1,0.0,10.4,34,3,73,2,22.3,20.5,22.5,21.3,21.766666666666648,21.385714285714283,19.935714285714287,0.0,2.2,0.0,0.0,0.7333333333333334,0.31428571428571433,0.2
2023-03-15,31.3,14.5,22.7,0.0,11.6,40,3,74,2,23.1,22.3,20.5,21.5,21.96666666666665,21.642857142857142,20.278571428571432,0.0,0.0,2.2,0.0,0.7333333333333334,0.31428571428571433,0.2
2023-03-16,26.4,15.4,20.0,0.0,13.8,61,3,75,2,22.7,23.1,22.3,20.0,22.699999999999978,21.814285714285717,20.7,0.0,0.0,0.0,0.0,0.0,0.31428571428571433,0.15714285714285717
2023-03-17,23.1,13.9,17.5,7.1,19.1,78,3,76,2,20.0,22.7,23.1,21.6,21.93333333333332,21.814285714285717,21.021428571428572,0.0,0.0,0.0,0.0,0.0,0.31428571428571433,0.15714285714285717
2023-03-18,26.5,11.1,18.2,0.7,6.6,70,3,77,2,17.5,20.0,22.7,22.5,20.066666666666645,21.228571428571428,21.014285714285716,7.1,0.0,0.0,0.0,2.3666666666666667,1.3285714285714287,0.6642857142857144
2023-03-19,26.0,14.1,19.5,0.0,9.0,61,3,78,2,18.2,17.5,20.0,20.5,18.56666666666665,20.614285714285717,20.900000000000002,0.7,7.1,0.0,2.2,2.6,1.4285714285714286,0.7142857142857143
2023-03-20,25.8,13.1,19.2,0.2,8.6,60,3,79,2,19.5,18.2,17.5,22.3,18.39999999999998,20.47142857142857,20.821428571428573,0.0,0.7,7.1,0.0,2.6,1.1142857142857143,0.7142857142857143
2023-03-21,24.2,13.1,18.3,1.7,12.0,68,3,80,2,19.2,19.5,18.2,23.1,18.966666666666647,20.02857142857143,20.707142857142856,0.2,0.0,0.7,0.0,0.3,1.1428571428571428,0.7285714285714285
2023-03-22,25.5,12.5,18.1,3.8,19.5,71,3,81,2,18.3,19.2,19.5,22.7,18.999999999999982,19.342857142857145,20.49285714285714,1.7,0.2,0.0,0.0,0.6333333333333333,1.3857142857142857,0.85
2023-03-23,22.4,14.6,17.5,5.2,10.0,69,3,82,2,18.1,18.3,19.2,20.0,18.533333333333317,18.685714285714287,20.25,3.8,1.7,0.2,0.0,1.8999999999999997,1.9285714285714286,1.1214285714285714
2023-03-24,22.0,13.0,16.0,16.8,14.4,75,3,83,2,17.5,18.1,18.3,17.5,17.96666666666665,18.32857142857143,20.071428571428573,5.2,3.8,1.7,7.1,3.5666666666666664,2.6714285714285713,1.4928571428571427
2023-03-25,19.9,12.9,15.4,13.3,11.5,74,3,84,2,16.0,17.5,18.1,18.2,17.199999999999985,18.114285714285714,19.671428571428574,16.8,5.2,3.8,0.7,8.6,4.057142857142857,2.692857142857143
2023-03-26,25.0,9.5,17.3,0.0,9.0,60,3,85,2,15.4,16.0,17.5,19.5,16.29999999999998,17.714285714285715,19.164285714285715,13.3,16.8,5.2,0.0,11.766666666666666,5.857142857142857,3.642857142857143
2023-03-27,26.7,13.1,19.2,0.0,8.8,57,3,86,2,17.3,15.4,16.0,19.2,16.233333333333317,17.4,18.935714285714287,0.0,13.3,16.8,0.2,10.033333333333333,5.857142857142857,3.4857142857142853
2023-03-28,26.7,15.0,20.0,0.1,7.7,59,3,87,2,19.2,17.3,15.4,18.3,17.29999999999998,17.400000000000002,18.714285714285715,0.0,0.0,13.3,1.7,4.433333333333334,5.828571428571428,3.4857142857142853
2023-03-29,24.0,15.8,18.6,6.4,9.4,70,3,88,2,20.0,19.2,17.3,18.1,18.833333333333314,17.642857142857142,18.492857142857144,0.1,0.0,0.0,3.8,0.03333333333333333,5.6000000000000005,3.492857142857143
2023-03-30,21.2,16.0,18.0,17.8,19.1,69,3,89,2,18.6,20.0,19.2,17.5,19.266666666666648,17.714285714285715,18.2,6.4,0.1,0.0,5.2,2.1666666666666665,5.971428571428571,3.9499999999999997
2023-03-31,22.6,15.1,18.5,2.1,11.4,66,3,90,2,18.0,18.6,20.0,16.0,18.866666666666646,17.785714285714285,18.057142857142857,17.8,6.4,0.1,16.8,8.1,7.771428571428572,5.221428571428571
2023-04-01,22.3,14.2,17.4,7.8,13.0,81,4,91,2,18.5,18.0,18.6,15.4,18.366666666666646,18.142857142857142,18.128571428571426,2.1,17.8,6.4,13.3,8.766666666666667,5.671428571428572,4.864285714285715
2023-04-02,22.0,14.3,17.7,4.5,8.0,81,4,92,2,17.4,18.5,18.0,17.3,17.966666666666647,18.428571428571427,18.071428571428573,7.8,2.1,17.8,0.0,9.233333333333334,4.885714285714286,5.371428571428572
2023-04-03,20.2,14.2,16.7,4.6,17.7,83,4,93,2,17.7,17.4,18.5,19.2,17.866666666666646,18.485714285714288,17.942857142857143,4.5,7.8,2.1,0.0,4.8,5.528571428571429,5.692857142857143
2023-04-04,22.2,13.0,17.2,1.4,11.5,77,4,94,2,16.7,17.7,17.4,20.0,17.266666666666644,18.128571428571426,17.764285714285716,4.6,4.5,7.8,0.1,5.633333333333333,6.185714285714285,6.007142857142857
2023-04-05,22.6,13.5,17.7,8.5,19.1,67,4,95,2,17.2,16.7,17.7,18.6,17.199999999999978,17.728571428571428,17.685714285714287,1.4,4.6,4.5,6.4,3.5,6.371428571428572,5.985714285714286
2023-04-06,23.9,12.1,17.6,0.4,8.3,65,4,96,2,17.7,17.2,16.7,18.0,17.199999999999978,17.6,17.65714285714286,8.5,1.4,4.6,17.8,4.833333333333333,6.671428571428572,6.321428571428571
2023-04-07,28.0,12.3,19.6,0.0,15.3,54,4,97,2,17.6,17.7,17.2,18.5,17.49999999999998,17.54285714285714,17.664285714285715,0.4,8.5,1.4,2.1,3.4333333333333336,4.185714285714286,5.978571428571428
2023-04-08,30.8,15.7,22.4,0.0,11.5,45,4,98,2,19.6,17.6,17.7,17.4,18.29999999999998,17.7,17.92142857142857,0.0,0.4,8.5,7.8,2.966666666666667,3.8857142857142857,4.778571428571428
2023-04-09,31.3,15.6,23.0,0.0,7.2,43,4,99,2,22.4,19.6,17.6,17.7,19.86666666666665,18.414285714285715,18.42142857142857,0.0,0.0,0.4,4.5,0.13333333333333333,2.7714285714285714,3.8285714285714287
2023-04-10,32.1,16.0,23.9,0.0,9.0,44,4,100,2,23.0,22.4,19.6,16.7,21.666666666666647,19.171428571428574,18.828571428571426,0.0,0.0,0.0,4.6,0.0,2.1285714285714286,3.8285714285714287
2023-04-11,32.3,18.5,24.6,0.0,11.3,40,4,101,2,23.9,23.0,22.4,17.2,23.099999999999977,20.2,19.164285714285715,0.0,0.0,0.0,1.4,0.0,1.4714285714285715,3.8285714285714287
2023-04-12,33.8,17.2,25.4,0.0,10.5,42,4,102,2,24.6,23.9,23.0,17.7,23.833333333333314,21.25714285714286,19.49285714285714,0.0,0.0,0.0,8.5,0.0,1.2714285714285716,3.8214285714285716
2023-04-13,35.9,19.0,26.8,0.0,10.9,36,4,103,2,25.4,24.6,23.9,17.6,24.633333333333315,22.357142857142858,19.978571428571428,0.0,0.0,0.0,0.4,0.0,0.05714285714285715,3.3642857142857143
2023-04-14,36.0,17.5,26.9,0.0,11.9,38,4,104,2,26.8,25.4,24.6,19.6,25.59999999999998,23.67142857142857,20.607142857142858,0.0,0.0,0.0,0.0,0.0,0.0,2.092857142857143
2023-04-15,35.8,17.8,27.0,0.0,15.0,40,4,105,2,26.9,26.8,25.4,22.4,26.366666666666646,24.714285714285715,21.207142857142856,0.0,0.0,0.0,0.0,0.0,0.0,1.9428571428571428
2023-04-16,29.6,22.1,25.4,0.1,19.6,46,4,106,2,27.0,26.9,26.8,23.0,26.899999999999977,25.37142857142857,21.892857142857142,0.0,0.0,0.0,0.0,0.0,0.0,1.3857142857142857
2023-04-17,32.7,21.3,25.9,2.1,18.9,45,4,107,2,25.4,27.0,26.9,23.9,26.433333333333312,25.714285714285715,22.442857142857143,0.1,0.0,0.0,0.0,0.03333333333333333,0.014285714285714287,1.0714285714285714
2023-04-18,26.9,18.6,21.6,3.1,15.7,74,4,108,2,25.9,25.4,27.0,24.6,26.09999999999998,26.0,23.099999999999998,2.1,0.1,0.0,0.0,0.7333333333333334,0.31428571428571433,0.8928571428571429
2023-04-19,25.2,15.6,20.0,6.6,14.0,77,4,109,2,21.6,25.9,25.4,25.4,24.29999999999998,25.571428571428573,23.414285714285715,3.1,2.1,0.1,0.0,1.7666666666666668,0.7571428571428572,1.0142857142857142
2023-04-20,23.7,14.5,18.3,3.7,9.2,77,4,110,2,20.0,21.6,25.9,26.8,22.499999999999982,24.800000000000004,23.57857142857143,6.6,3.1,2.1,0.0,3.9333333333333336,1.7,0.8785714285714287
2023-04-21,25.7,13.3,19.8,0.1,12.4,61,4,111,2,18.3,20.0,21.6,26.9,19.966666666666647,23.585714285714285,23.62857142857143,3.7,6.6,3.1,0.0,4.466666666666666,2.2285714285714286,1.1142857142857143
2023-04-22,28.8,14.7,21.4,0.0,10.7,47,4,112,2,19.8,18.3,20.0,27.0,19.366666666666646,22.571428571428573,23.642857142857142,0.1,3.7,6.6,0.0,3.466666666666667,2.242857142857143,1.1214285714285714
2023-04-23,32.4,15.0,23.2,0.0,8.9,44,4,113,2,21.4,19.8,18.3,25.4,19.833333333333314,21.77142857142857,23.571428571428573,0.0,0.1,3.7,0.1,1.2666666666666668,2.242857142857143,1.1214285714285714
2023-04-24,33.2,15.7,24.7,0.0,10.0,48,4,114,2,23.2,21.4,19.8,25.9,21.46666666666665,21.457142857142856,23.585714285714285,0.0,0.0,0.1,2.1,0.03333333333333333,2.2285714285714286,1.1214285714285714
2023-04-25,32.4,18.3,25.1,0.2,12.6,48,4,115,2,24.7,23.2,21.4,21.6,23.09999999999998,21.285714285714285,23.642857142857142,0.0,0.0,0.0,3.1,0.0,1.9285714285714286,1.1214285714285714
2023-04-26,31.8,18.6,25.1,0.0,16.1,45,4,116,2,25.1,24.7,23.2,20.0,24.333333333333314,21.785714285714285,23.678571428571427,0.2,0.0,0.0,6.6,0.06666666666666667,1.5142857142857142,1.1357142857142857
2023-04-27,30.6,17.0,23.9,0.3,18.7,49,4,117,2,25.1,25.1,24.7,18.3,24.966666666666644,22.514285714285712,23.657142857142862,0.0,0.2,0.0,3.7,0.06666666666666667,0.5714285714285714,1.1357142857142857
2023-04-28,30.9,18.5,24.4,0.6,11.7,47,4,118,2,23.9,25.1,25.1,19.8,24.699999999999978,23.314285714285713,23.45,0.3,0.0,0.2,0.1,0.16666666666666666,0.08571428571428572,1.157142857142857
2023-04-29,33.7,17.7,26.3,0.0,10.8,40,4,119,2,24.4,23.9,25.1,21.4,24.466666666666644,23.97142857142857,23.27142857142857,0.6,0.3,0.0,0.0,0.3,0.15714285714285717,1.2
2023-04-30,34.1,20.2,26.9,0.0,21.5,36,4,120,2,26.3,24.4,23.9,23.2,24.866666666666646,24.67142857142857,23.221428571428568,0.0,0.6,0.3,0.0,0.3,0.15714285714285717,1.2
2023-05-01,27.3,18.2,22.1,9.2,14.9,65,5,121,2,26.9,26.3,24.4,24.7,25.866666666666646,25.2,23.328571428571426,0.0,0.0,0.6,0.0,0.20000000000000004,0.15714285714285717,1.1928571428571428
2023-05-02,24.3,17.3,20.3,21.9,9.0,80,5,122,2,22.1,26.9,26.3,25.1,25.09999999999998,24.828571428571426,23.057142857142857,9.2,0.0,0.0,0.2,3.0666666666666664,1.4714285714285713,1.6999999999999997
2023-05-03,27.0,16.1,21.6,2.1,10.2,73,5,123,2,20.3,22.1,26.9,25.1,23.09999999999998,24.142857142857142,22.964285714285715,21.9,9.2,0.0,0.0,10.366666666666665,4.571428571428571,3.0428571428571423
2023-05-04,25.1,16.3,20.5,4.0,16.1,75,5,124,2,21.6,20.3,22.1,23.9,21.333333333333314,23.642857142857142,23.07857142857143,2.1,21.9,9.2,0.3,11.066666666666665,4.871428571428572,2.721428571428571
2023-05-05,29.0,16.0,23.2,2.7,7.6,64,5,125,2,20.5,21.6,20.3,24.4,20.799999999999983,23.157142857142855,23.235714285714284,4.0,2.1,21.9,0.6,9.333333333333334,5.3999999999999995,2.742857142857143
2023-05-06,26.3,17.9,22.2,8.7,13.7,64,5,126,2,23.2,20.5,21.6,26.3,21.766666666666648,22.985714285714288,23.47857142857143,2.7,4.0,2.1,0.0,2.9333333333333336,5.7,2.928571428571428
2023-05-07,24.4,16.6,20.2,5.1,11.2,71,5,127,2,22.2,23.2,20.5,26.9,21.966666666666644,22.400000000000002,23.535714285714285,8.7,2.7,4.0,0.0,5.133333333333334,6.942857142857143,3.55
2023-05-08,28.2,14.9,21.6,1.5,20.1,60,5,128,2,20.2,22.2,23.2,22.1,21.866666666666646,21.442857142857143,23.321428571428573,5.1,8.7,2.7,9.2,5.5,7.671428571428572,3.914285714285714
2023-05-09,31.1,16.3,23.2,0.0,10.1,48,5,129,2,21.6,20.2,22.2,20.3,21.33333333333331,21.37142857142857,23.1,1.5,5.1,8.7,21.9,5.1000000000000005,6.571428571428571,4.021428571428571
2023-05-10,35.0,17.5,25.8,0.0,9.4,37,5,130,2,23.2,21.6,20.2,21.6,21.666666666666647,21.785714285714285,22.964285714285715,0.0,1.5,5.1,2.1,2.2000000000000006,3.442857142857143,4.007142857142857
2023-05-11,35.4,19.4,27.7,0.0,8.2,33,5,131,2,25.8,23.2,21.6,20.5,23.533333333333314,22.385714285714283,23.014285714285712,0.0,0.0,1.5,4.0,0.5000000000000006,3.142857142857143,4.007142857142857
2023-05-12,37.3,19.7,29.2,0.0,12.4,36,5,132,2,27.7,25.8,23.2,23.2,25.56666666666665,23.41428571428571,23.285714285714285,0.0,0.0,0.0,2.7,0.0,2.5714285714285716,3.9857142857142853
2023-05-13,35.3,21.3,27.9,0.0,20.9,38,5,133,2,29.2,27.7,25.8,22.2,27.566666666666645,24.271428571428572,23.62857142857143,0.0,0.0,0.0,8.7,0.0,2.1857142857142855,3.9428571428571426
2023-05-14,35.2,20.5,28.1,0.0,20.0,34,5,134,2,27.9,29.2,27.7,20.2,28.266666666666648,25.085714285714285,23.74285714285714,0.0,0.0,0.0,5.1,0.0,0.9428571428571428,3.9428571428571426
2023-05-15,36.8,21.8,29.1,0.0,11.8,32,5,135,2,28.1,27.9,29.2,21.6,28.399999999999977,26.214285714285715,23.82857142857143,0.0,0.0,0.0,1.5,0.0,0.21428571428571427,3.9428571428571426
2023-05-16,34.2,23.7,29.6,0.0,17.4,32,5,136,2,29.1,28.1,27.9,23.2,28.366666666666646,27.285714285714285,24.32857142857143,0.0,0.0,0.0,0.0,0.0,0.0,3.2857142857142856
2023-05-17,36.2,22.1,29.2,0.0,15.3,40,5,137,2,29.6,29.1,28.1,25.8,28.93333333333332,28.2,24.99285714285714,0.0,0.0,0.0,0.0,0.0,0.0,1.7214285714285715
2023-05-18,31.5,23.3,27.5,0.0,20.2,40,5,138,2,29.2,29.6,29.1,27.7,29.29999999999998,28.685714285714287,25.535714285714285,0.0,0.0,0.0,0.0,0.0,0.0,1.5714285714285714
2023-05-19,38.2,21.2,29.1,0.0,20.4,38,5,139,2,27.5,29.2,29.6,29.2,28.766666666666648,28.657142857142862,26.035714285714285,0.0,0.0,0.0,0.0,0.0,0.0,1.2857142857142858
2023-05-20,40.7,20.0,31.0,0.0,22.1,29,5,140,2,29.1,27.5,29.2,27.9,28.59999999999998,28.642857142857142,26.457142857142856,0.0,0.0,0.0,0.0,0.0,0.0,1.0928571428571427
2023-05-21,41.6,22.9,32.9,0.0,19.7,21,5,141,2,31.0,29.1,27.5,28.1,29.199999999999978,29.085714285714285,27.085714285714285,0.0,0.0,0.0,0.0,0.0,0.0,0.4714285714285714
2023-05-22,41.8,26.0,33.9,0.0,13.5,23,5,142,2,32.9,31.0,29.1,29.1,30.999999999999982,29.771428571428572,27.99285714285714,0.0,0.0,0.0,0.0,0.0,0.0,0.10714285714285714
2023-05-23,37.4,24.9,30.7,1.8,24.3,37,5,143,2,33.9,32.9,31.0,29.6,32.59999999999998,30.457142857142856,28.87142857142857,0.0,0.0,0.0,0.0,0.0,0.0,0.0
2023-05-24,36.4,22.8,28.9,0.0,27.5,48,5,144,2,30.7,33.9,32.9,29.2,32.49999999999998,30.614285714285717,29.407142857142855,1.8,0.0,0.0,0.0,0.6000000000000006,0.2571428571428572,0.1285714285714286
2023-05-25,34.9,22.3,28.6,0.0,25.2,45,5,145,2,28.9,30.7,33.9,27.5,31.166666666666643,30.571428571428573,29.628571428571426,0.0,1.8,0.0,0.0,0.6000000000000006,0.2571428571428572,0.1285714285714286
2023-05-26,29.6,20.7,25.0,0.1,19.5,54,5,146,2,28.6,28.9,30.7,29.1,29.39999999999998,30.728571428571428,29.692857142857143,0.0,0.0,1.8,0.0,0.6000000000000006,0.2571428571428572,0.1285714285714286
2023-05-27,35.3,20.3,27.8,0.0,16.1,41,5,147,2,25.0,28.6,28.9,31.0,27.499999999999982,30.142857142857142,29.392857142857142,0.1,0.0,0.0,0.0,0.03333333333333393,0.27142857142857146,0.13571428571428573
2023-05-28,36.5,21.0,29.2,0.0,17.6,36,5,148,2,27.8,25.0,28.6,32.9,27.133333333333315,29.685714285714287,29.38571428571429,0.0,0.1,0.0,0.0,0.03333333333333393,0.27142857142857146,0.13571428571428573
2023-05-29,33.2,24.1,27.9,0.2,15.1,40,5,149,2,29.2,27.8,25.0,33.9,27.333333333333314,29.157142857142855,29.464285714285715,0.0,0.0,0.1,0.0,0.03333333333333393,0.27142857142857146,0.13571428571428573
2023-05-30,30.3,20.0,24.4,7.3,7.7,59,5,150,2,27.9,29.2,27.8,30.7,28.29999999999998,28.3,29.378571428571426,0.2,0.0,0.0,1.8,0.06666666666666726,0.3,0.15
2023-05-31,28.4,20.0,23.7,3.7,20.2,61,5,151,2,24.4,27.9,29.2,28.9,27.166666666666647,27.4,29.00714285714286,7.3,0.2,0.0,0.0,2.5000000000000004,1.0857142857142856,0.6714285714285715
2023-06-01,24.5,19.0,20.8,5.8,10.9,82,6,152,3,23.7,24.4,27.9,28.6,25.333333333333314,26.657142857142855,28.61428571428571,3.7,7.3,0.2,0.0,3.7333333333333343,1.6142857142857143,0.9357142857142857
2023-06-02,33.8,17.3,25.3,0.0,13.8,57,6,153,3,20.8,23.7,24.4,25.0,22.96666666666665,25.54285714285714,28.13571428571429,5.8,3.7,7.3,0.1,5.600000000000001,2.442857142857143,1.3499999999999999
2023-06-03,34.3,19.9,27.2,0.0,17.7,52,6,154,3,25.3,20.8,23.7,27.8,23.266666666666648,25.585714285714285,27.864285714285717,0.0,5.8,3.7,0.0,3.1666666666666674,2.4285714285714284,1.3499999999999999
2023-06-04,35.0,23.4,29.4,0.0,13.0,43,6,155,3,27.2,25.3,20.8,29.2,24.433333333333312,25.5,27.592857142857145,0.0,0.0,5.8,0.0,1.9333333333333338,2.4285714285714284,1.3499999999999999
2023-06-05,37.6,21.5,29.2,0.0,28.5,41,6,156,3,29.4,27.2,25.3,27.9,27.299999999999983,25.52857142857143,27.342857142857138,0.0,0.0,0.0,0.2,0.0,2.4285714285714284,1.3499999999999999
2023-06-06,37.6,23.1,29.9,0.0,20.0,39,6,157,3,29.2,29.4,27.2,24.4,28.59999999999998,25.714285714285715,27.007142857142856,0.0,0.0,0.0,7.3,0.0,2.3999999999999995,1.3499999999999999
2023-06-07,38.4,22.9,30.3,0.0,23.5,42,6,158,3,29.9,29.2,29.4,23.7,29.499999999999982,26.5,26.95,0.0,0.0,0.0,3.7,0.0,1.3571428571428572,1.2214285714285713
2023-06-08,40.2,24.1,31.8,0.0,18.8,44,6,159,3,30.3,29.9,29.2,20.8,29.799999999999983,27.442857142857143,27.050000000000004,0.0,0.0,0.0,5.8,0.0,0.8285714285714285,1.2214285714285713
2023-06-09,41.4,25.8,33.3,0.0,15.5,41,6,160,3,31.8,30.3,29.9,25.3,30.666666666666647,29.014285714285716,27.27857142857143,0.0,0.0,0.0,0.0,0.0,0.0,1.2214285714285713
2023-06-10,41.7,25.5,33.3,0.0,24.2,40,6,161,3,33.3,31.8,30.3,27.2,31.799999999999983,30.157142857142855,27.87142857142857,0.0,0.0,0.0,0.0,0.0,0.0,1.2142857142857142
2023-06-11,39.8,24.7,32.6,0.0,12.7,42,6,162,3,33.3,33.3,31.8,29.4,32.79999999999998,31.02857142857143,28.264285714285712,0.0,0.0,0.0,0.0,0.0,0.0,1.2142857142857142
2023-06-12,39.0,26.1,32.7,0.0,18.7,41,6,163,3,32.6,33.3,33.3,29.2,33.06666666666664,31.485714285714288,28.50714285714286,0.0,0.0,0.0,0.0,0.0,0.0,1.2142857142857142
2023-06-13,40.6,27.1,33.9,0.0,14.5,37,6,164,3,32.7,32.6,33.3,29.9,32.86666666666665,31.985714285714284,28.85,0.0,0.0,0.0,0.0,0.0,0.0,1.1999999999999997
2023-06-14,40.8,26.4,33.6,0.0,19.0,38,6,165,3,33.9,32.7,32.6,30.3,33.066666666666656,32.55714285714286,29.52857142857143,0.0,0.0,0.0,0.0,0.0,0.0,0.6785714285714286
2023-06-15,37.2,26.8,31.5,0.1,18.2,44,6,166,3,33.6,33.9,32.7,31.8,33.399999999999984,33.028571428571425,30.235714285714288,0.0,0.0,0.0,0.0,0.0,0.0,0.41428571428571426
2023-06-16,38.7,24.9,31.7,0.0,9.8,50,6,167,3,31.5,33.6,33.9,33.3,32.99999999999998,32.98571428571428,31.0,0.1,0.0,0.0,0.0,0.03333333333333393,0.014285714285714287,0.0071428571428571435
2023-06-17,40.3,26.9,33.4,0.0,13.5,44,6,168,3,31.7,31.5,33.6,33.3,32.266666666666644,32.75714285714286,31.457142857142856,0.0,0.1,0.0,0.0,0.03333333333333393,0.014285714285714287,0.0071428571428571435
2023-06-18,39.4,27.2,33.5,1.4,12.3,44,6,169,3,33.4,31.7,31.5,32.6,32.19999999999998,32.771428571428565,31.9,0.0,0.0,0.1,0.0,0.03333333333333393,0.014285714285714287,0.0071428571428571435
2023-06-19,40.6,26.1,33.0,0.0,16.5,50,6,170,3,33.5,33.4,31.7,32.7,32.866666666666646,32.9,32.19285714285714,1.4,0.0,0.0,0.0,0.46666666666666723,0.21428571428571427,0.10714285714285714
2023-06-20,41.9,27.8,34.5,0.0,13.0,47,6,171,3,33.0,33.5,33.4,33.9,33.299999999999976,32.94285714285714,32.464285714285715,0.0,1.4,0.0,0.0,0.46666666666666723,0.21428571428571427,0.10714285714285714
2023-06-21,42.7,28.3,35.0,0.0,15.2,46,6,172,3,34.5,33.0,33.5,33.6,33.66666666666665,33.028571428571425,32.79285714285714,0.0,0.0,1.4,0.0,0.46666666666666723,0.21428571428571427,0.10714285714285714
2023-06-22,43.7,28.6,35.9,0.0,16.5,46,6,173,3,35.0,34.5,33.0,31.5,34.16666666666665,33.228571428571435,33.128571428571426,0.0,0.0,0.0,0.1,0.0,0.21428571428571427,0.10714285714285714
2023-06-23,43.9,29.8,36.7,0.0,16.5,47,6,174,3,35.9,35.0,34.5,31.7,35.13333333333332,33.857142857142854,33.42142857142857,0.0,0.0,0.0,0.0,0.0,0.19999999999999998,0.10714285714285714
2023-06-24,43.2,31.6,36.6,0.0,19.6,47,6,175,3,36.7,35.9,35.0,33.4,35.866666666666646,34.57142857142857,33.66428571428572,0.0,0.0,0.0,0.0,0.0,0.19999999999999998,0.10714285714285714
2023-06-25,42.0,29.4,35.5,0.0,18.3,48,6,176,3,36.6,36.7,35.9,33.5,36.399999999999984,35.02857142857143,33.9,0.0,0.0,0.0,1.4,0.0,0.19999999999999998,0.10714285714285714
2023-06-26,31.0,24.7,27.8,11.0,24.3,76,6,177,3,35.5,36.6,36.7,33.0,36.26666666666665,35.31428571428571,34.107142857142854,0.0,0.0,0.0,0.0,0.0,0.0,0.10714285714285714
2023-06-27,35.6,24.3,30.5,3.3,14.8,63,6,178,3,27.8,35.5,36.6,34.5,33.299999999999976,34.57142857142857,33.75714285714285,11.0,0.0,0.0,0.0,3.6666666666666674,1.5714285714285714,0.8928571428571429
2023-06-28,35.6,23.7,29.0,5.6,23.8,67,6,179,3,30.5,27.8,35.5,35.0,31.266666666666648,34.0,33.51428571428571,3.3,11.0,0.0,0.0,4.766666666666667,2.042857142857143,1.1285714285714286
2023-06-29,36.8,25.6,31.0,0.0,16.7,60,6,180,3,29.0,30.5,27.8,35.9,29.09999999999998,33.142857142857146,33.18571428571428,5.6,3.3,11.0,0.0,6.633333333333334,2.8428571428571425,1.5285714285714285
2023-06-30,35.8,22.6,29.7,1.5,15.5,64,6,181,3,31.0,29.0,30.5,36.7,30.166666666666647,32.44285714285714,33.15,0.0,5.6,3.3,0.0,2.9666666666666672,2.8428571428571425,1.5214285714285711
2023-07-01,36.4,24.0,30.6,3.8,15.1,63,7,182,3,29.7,31.0,29.0,36.6,29.89999999999998,31.442857142857143,33.00714285714286,1.5,0.0,5.6,0.0,2.366666666666667,3.057142857142857,1.6285714285714283
2023-07-02,38.9,27.1,32.5,0.3,12.6,58,7,183,3,30.6,29.7,31.0,35.5,30.43333333333332,30.585714285714285,32.80714285714286,3.8,1.5,0.0,0.0,1.7666666666666673,3.6,1.9
2023-07-03,40.1,27.6,34.1,0.0,17.1,57,7,184,3,32.5,30.6,29.7,27.8,30.93333333333332,30.157142857142855,32.73571428571429,0.3,3.8,1.5,11.0,1.8666666666666671,3.642857142857143,1.8214285714285714
2023-07-04,36.3,25.8,30.4,2.3,23.6,64,7,185,3,34.1,32.5,30.6,30.5,32.399999999999984,31.057142857142853,32.81428571428572,0.0,0.3,3.8,3.3,1.3666666666666671,2.0714285714285716,1.8214285714285714
2023-07-05,35.5,24.1,29.3,1.1,17.0,64,7,186,3,30.4,34.1,32.5,29.0,32.333333333333314,31.04285714285714,32.52142857142857,2.3,0.0,0.3,5.6,0.8666666666666671,1.9285714285714284,1.9857142857142855
2023-07-06,34.7,23.9,29.2,0.0,13.2,62,7,187,3,29.3,30.4,34.1,31.0,31.266666666666648,31.085714285714285,32.114285714285714,1.1,2.3,0.0,0.0,1.133333333333334,1.2857142857142858,2.064285714285714
2023-07-07,32.1,22.5,27.8,12.1,10.9,68,7,188,3,29.2,29.3,30.4,29.7,29.633333333333315,30.828571428571426,31.635714285714283,0.0,1.1,2.3,1.5,1.133333333333334,1.2857142857142858,2.064285714285714
2023-07-08,36.0,23.8,29.8,2.2,18.1,57,7,189,3,27.8,29.2,29.3,30.6,28.766666666666648,30.557142857142857,31.0,12.1,0.0,1.1,3.8,4.4,2.8000000000000003,2.9285714285714284
2023-07-09,37.3,24.4,30.4,0.0,13.7,58,7,190,3,29.8,27.8,29.2,32.5,28.93333333333332,30.442857142857147,30.514285714285712,2.2,12.1,0.0,0.3,4.766666666666667,2.5714285714285716,3.0857142857142854
2023-07-10,36.9,23.1,29.7,3.9,15.5,59,7,191,3,30.4,29.8,27.8,34.1,29.333333333333314,30.142857142857142,30.150000000000002,0.0,2.2,12.1,0.0,4.766666666666667,2.5285714285714285,3.0857142857142854
2023-07-11,39.9,25.0,31.9,0.0,14.8,51,7,192,3,29.7,30.4,29.8,30.4,29.96666666666665,29.514285714285712,30.285714285714285,3.9,0.0,2.2,2.3,2.0333333333333337,3.0857142857142854,2.5785714285714287
2023-07-12,40.4,26.6,33.3,0.0,14.0,51,7,193,3,31.9,29.7,30.4,29.3,30.666666666666647,29.728571428571428,30.38571428571429,0.0,3.9,0.0,1.1,1.3000000000000005,2.757142857142857,2.342857142857143
2023-07-13,39.4,27.5,33.0,0.0,19.0,57,7,194,3,33.3,31.9,29.7,29.2,31.633333333333315,30.3,30.692857142857147,0.0,0.0,3.9,0.0,1.3000000000000005,2.6,1.9428571428571428
2023-07-14,38.0,25.1,31.5,2.4,18.3,63,7,195,3,33.0,33.3,31.9,27.8,32.73333333333331,30.842857142857145,30.83571428571429,0.0,0.0,0.0,12.1,0.0,2.6,1.9428571428571428
2023-07-15,36.8,25.1,30.2,5.9,17.1,68,7,196,3,31.5,33.0,33.3,29.8,32.59999999999999,31.37142857142857,30.964285714285715,2.4,0.0,0.0,2.2,0.8000000000000006,1.2142857142857142,2.007142857142857
2023-07-16,36.0,27.6,30.6,10.4,13.6,69,7,197,3,30.2,31.5,33.0,30.4,31.56666666666665,31.428571428571427,30.935714285714287,5.9,2.4,0.0,0.0,2.7666666666666675,1.7428571428571427,2.157142857142857
2023-07-17,37.6,23.6,31.2,5.6,9.2,68,7,198,3,30.6,30.2,31.5,29.7,30.76666666666665,31.45714285714286,30.8,10.4,5.9,2.4,3.9,6.233333333333334,3.2285714285714286,2.8785714285714286
2023-07-18,39.2,28.3,33.5,0.1,12.6,60,7,199,3,31.2,30.6,30.2,31.9,30.666666666666647,31.67142857142857,30.592857142857138,5.6,10.4,5.9,0.0,7.300000000000002,3.471428571428572,3.2785714285714285
2023-07-19,33.3,26.3,29.1,3.3,21.4,77,7,200,3,33.5,31.2,30.6,33.3,31.76666666666665,31.900000000000002,30.814285714285713,0.1,5.6,10.4,0.0,5.366666666666667,3.485714285714286,3.1214285714285714
2023-07-20,35.4,24.5,29.8,9.8,9.9,72,7,201,3,29.1,33.5,31.2,33.0,31.26666666666665,31.3,30.8,3.3,0.1,5.6,0.0,3.0000000000000004,3.9571428571428577,3.2785714285714285
2023-07-21,36.5,27.0,31.4,0.1,11.5,69,7,202,3,29.8,29.1,33.5,31.5,30.799999999999983,30.842857142857145,30.842857142857145,9.8,3.3,0.1,2.4,4.400000000000001,5.357142857142857,3.9785714285714286
2023-07-22,34.1,25.4,29.0,22.0,14.1,79,7,203,3,31.4,29.8,29.1,30.2,30.099999999999984,30.82857142857143,31.099999999999998,0.1,9.8,3.3,5.9,4.400000000000001,5.028571428571429,3.1214285714285714
2023-07-23,33.3,24.3,28.2,10.9,8.6,78,7,204,3,29.0,31.4,29.8,30.6,30.06666666666665,30.657142857142862,31.04285714285714,22.0,0.1,9.8,10.4,10.633333333333335,7.328571428571429,4.535714285714286
2023-07-24,35.1,25.7,30.4,0.4,9.2,68,7,205,3,28.2,29.0,31.4,31.2,29.533333333333317,30.314285714285713,30.885714285714283,10.9,22.0,0.1,5.6,11.0,7.4,5.314285714285715
2023-07-25,34.2,24.8,29.6,9.8,12.5,75,7,206,3,30.4,28.2,29.0,33.5,29.199999999999978,30.2,30.935714285714287,0.4,10.9,22.0,0.1,11.1,6.6571428571428575,5.064285714285714
2023-07-26,34.9,24.9,29.9,12.9,11.5,76,7,207,3,29.6,30.4,28.2,29.1,29.39999999999998,29.642857142857142,30.77142857142857,9.8,0.4,10.9,3.3,7.033333333333334,8.042857142857143,5.764285714285714
2023-07-27,33.2,24.8,28.9,12.4,13.9,77,7,208,3,29.9,29.6,30.4,29.8,29.96666666666665,29.75714285714286,30.528571428571432,12.9,9.8,0.4,9.8,7.7,9.414285714285715,6.685714285714285
2023-07-28,31.9,24.1,27.5,17.5,11.9,80,7,209,3,28.9,29.9,29.6,31.4,29.46666666666665,29.628571428571426,30.235714285714284,12.4,12.9,9.8,0.1,11.700000000000001,9.785714285714286,7.571428571428571
2023-07-29,32.5,22.8,27.3,13.1,10.8,79,7,210,3,27.5,28.9,29.9,29.0,28.76666666666665,29.071428571428573,29.949999999999996,17.5,12.4,12.9,22.0,14.266666666666666,12.271428571428572,8.65
2023-07-30,35.2,25.7,30.2,0.0,8.7,69,7,211,3,27.3,27.5,28.9,28.2,27.89999999999998,28.828571428571426,29.74285714285714,13.1,17.5,12.4,10.9,14.333333333333334,11.0,9.164285714285715
2023-07-31,34.3,25.3,29.3,10.1,15.2,74,7,212,3,30.2,27.3,27.5,30.4,28.333333333333314,29.114285714285717,29.714285714285715,0.0,13.1,17.5,0.4,10.200000000000001,9.442857142857141,8.42142857142857
2023-08-01,36.5,26.0,31.3,0.0,10.1,69,8,213,3,29.3,30.2,27.3,29.6,28.93333333333332,28.957142857142856,29.578571428571426,10.1,0.0,13.1,9.8,7.733333333333333,10.828571428571431,8.742857142857144
2023-08-02,37.9,27.8,32.5,0.0,20.7,66,8,214,3,31.3,29.3,30.2,29.9,30.26666666666665,29.2,29.421428571428574,0.0,10.1,0.0,12.9,3.3666666666666667,9.428571428571429,8.735714285714286
2023-08-03,35.7,25.2,30.4,1.7,19.5,67,8,215,3,32.5,31.3,29.3,28.9,31.033333333333317,29.571428571428573,29.664285714285715,0.0,0.0,10.1,12.4,3.3666666666666667,7.585714285714286,8.5
2023-08-04,36.0,25.1,30.7,15.5,14.7,72,8,216,3,30.4,32.5,31.3,27.5,31.399999999999988,29.785714285714285,29.707142857142856,1.7,0.0,0.0,17.5,0.5666666666666667,6.057142857142858,7.921428571428572
2023-08-05,35.0,24.0,29.8,9.7,13.6,75,8,217,3,30.7,30.4,32.5,27.3,31.199999999999985,30.242857142857144,29.657142857142855,15.5,1.7,0.0,13.1,5.733333333333333,5.771428571428571,9.021428571428572
2023-08-06,35.7,24.9,30.1,3.3,18.3,74,8,218,3,29.8,30.7,30.4,30.2,30.299999999999983,30.599999999999998,29.714285714285715,9.7,15.5,1.7,0.0,8.966666666666667,5.285714285714286,8.142857142857142
2023-08-07,32.9,23.9,28.3,2.5,11.3,75,8,219,3,30.1,29.8,30.7,29.3,30.199999999999985,30.58571428571429,29.849999999999998,3.3,9.7,15.5,10.1,9.5,5.757142857142857,7.6
2023-08-08,36.1,23.9,29.7,0.8,14.4,68,8,220,3,28.3,30.1,29.8,31.3,29.39999999999998,30.442857142857143,29.7,2.5,3.3,9.7,0.0,5.166666666666667,4.671428571428571,7.75
2023-08-09,37.3,26.5,31.6,0.6,12.1,65,8,221,3,29.7,28.3,30.1,32.5,29.36666666666665,30.214285714285715,29.70714285714286,0.8,2.5,3.3,0.0,2.1999999999999997,4.785714285714286,7.107142857142857
2023-08-10,37.0,28.2,31.7,1.9,15.3,66,8,222,3,31.6,29.7,28.3,30.4,29.86666666666665,30.085714285714285,29.82857142857143,0.6,0.8,2.5,1.7,1.3,4.871428571428572,6.228571428571429
2023-08-11,36.3,25.7,30.8,0.4,14.6,69,8,223,3,31.7,31.6,29.7,30.7,30.999999999999986,30.27142857142857,30.028571428571432,1.9,0.6,0.8,15.5,1.0999999999999999,4.8999999999999995,5.478571428571429
2023-08-12,37.8,27.9,32.4,0.4,15.3,64,8,224,3,30.8,31.7,31.6,29.8,31.36666666666665,30.285714285714285,30.264285714285716,0.4,1.9,0.6,9.7,0.9666666666666667,2.742857142857143,4.257142857142857
2023-08-13,39.5,28.8,33.5,0.0,20.3,58,8,225,3,32.4,30.8,31.7,30.1,31.633333333333315,30.657142857142855,30.62857142857143,0.4,0.4,1.9,3.3,0.9,1.4142857142857144,3.35
2023-08-14,34.4,23.9,29.3,9.2,20.7,72,8,226,3,33.5,32.4,30.8,28.3,32.23333333333331,31.142857142857142,30.864285714285717,0.0,0.4,0.4,2.5,0.26666666666666666,0.9428571428571428,3.35
2023-08-15,34.6,23.6,28.5,6.5,15.5,72,8,227,3,29.3,33.5,32.4,29.7,31.733333333333317,31.285714285714285,30.864285714285717,9.2,0.0,0.4,0.8,3.1999999999999997,1.9,3.285714285714285
2023-08-16,36.0,26.1,30.6,0.6,14.0,67,8,228,3,28.5,29.3,33.5,31.6,30.43333333333332,31.11428571428571,30.664285714285715,6.5,9.2,0.0,0.6,5.233333333333333,2.7142857142857144,3.75
2023-08-17,36.3,26.6,31.0,0.6,12.2,66,8,229,3,30.6,28.5,29.3,31.7,29.46666666666665,30.97142857142857,30.52857142857143,0.6,6.5,9.2,1.9,5.433333333333334,2.7142857142857144,3.792857142857143
2023-08-18,36.1,25.4,31.2,0.4,14.0,66,8,230,3,31.0,30.6,28.5,30.8,30.033333333333317,30.871428571428574,30.571428571428573,0.6,0.6,6.5,0.4,2.566666666666667,2.5285714285714285,3.7142857142857144
2023-08-19,37.5,25.6,31.5,4.1,9.8,65,8,231,3,31.2,31.0,30.6,32.4,30.93333333333332,30.928571428571427,30.607142857142858,0.4,0.6,0.6,0.4,0.5333333333333333,2.5285714285714285,2.6357142857142857
2023-08-20,38.8,27.5,32.3,0.0,13.0,64,8,232,3,31.5,31.2,31.0,33.5,31.233333333333317,30.8,30.72857142857143,4.1,0.4,0.6,0.0,1.7,3.057142857142857,2.2357142857142853
2023-08-21,39.2,28.1,33.1,0.0,14.2,63,8,233,3,32.3,31.5,31.2,29.3,31.666666666666647,30.628571428571426,30.885714285714283,0.0,4.1,0.4,9.2,1.5,3.057142857142857,2.0
2023-08-22,39.7,28.6,33.7,0.0,14.2,59,8,234,3,33.1,32.3,31.5,28.5,32.29999999999998,31.171428571428574,31.228571428571428,0.0,0.0,4.1,6.5,1.3666666666666665,1.7428571428571427,1.8214285714285714
2023-08-23,39.0,27.0,32.9,0.0,29.8,59,8,235,3,33.7,33.1,32.3,30.6,33.03333333333332,31.914285714285715,31.514285714285712,0.0,0.0,0.0,0.6,0.0,0.8142857142857142,1.764285714285714
2023-08-24,35.1,25.1,29.6,0.3,17.4,63,8,236,3,32.9,33.7,33.1,31.0,33.23333333333332,32.24285714285714,31.607142857142858,0.0,0.0,0.0,0.6,0.0,0.7285714285714285,1.7214285714285715
2023-08-25,34.4,23.7,29.0,3.4,12.9,66,8,237,3,29.6,32.9,33.7,31.2,32.066666666666656,32.04285714285714,31.457142857142856,0.3,0.0,0.0,0.4,0.09999999999999999,0.6857142857142856,1.6071428571428572
2023-08-26,35.0,22.9,29.2,4.7,14.7,63,8,238,3,29.0,29.6,32.9,31.5,30.499999999999982,31.728571428571428,31.32857142857143,3.4,0.3,0.0,4.1,1.2333333333333332,1.114285714285714,1.8214285714285714
2023-08-27,37.1,25.4,30.5,0.0,17.4,58,8,239,3,29.2,29.0,29.6,32.3,29.26666666666665,31.400000000000002,31.099999999999998,4.7,3.4,0.3,0.0,2.8000000000000003,1.2,2.1285714285714286
2023-08-28,36.4,24.6,29.8,0.0,19.4,55,8,240,3,30.5,29.2,29.0,33.1,29.56666666666665,31.142857142857142,30.885714285714283,0.0,4.7,3.4,0.0,2.6999999999999993,1.2,2.1285714285714286
2023-08-29,35.6,24.1,29.4,1.8,15.0,59,8,241,3,29.8,30.5,29.2,33.7,29.833333333333314,30.67142857142857,30.92142857142857,0.0,0.0,4.7,0.0,1.5666666666666667,1.2,1.4714285714285715
2023-08-30,38.7,24.4,30.9,0.0,19.7,56,8,242,3,29.4,29.8,30.5,32.9,29.89999999999998,30.057142857142857,30.985714285714284,1.8,0.0,0.0,0.0,0.5999999999999998,1.4571428571428573,1.1357142857142857
2023-08-31,38.6,25.4,31.8,0.0,18.0,54,8,243,3,30.9,29.4,29.8,29.6,30.033333333333314,29.771428571428572,31.00714285714286,0.0,1.8,0.0,0.3,0.5999999999999998,1.4571428571428573,1.092857142857143
2023-09-01,39.0,27.5,32.9,0.4,12.4,57,9,244,4,31.8,30.9,29.4,29.0,30.699999999999985,30.085714285714285,31.064285714285717,0.0,0.0,1.8,3.4,0.5999999999999998,1.4142857142857144,1.05
2023-09-02,37.8,27.9,31.7,3.0,13.4,59,9,245,4,32.9,31.8,30.9,29.2,31.866666666666646,30.642857142857142,31.185714285714287,0.4,0.0,0.0,4.7,0.13333333333333305,0.9857142857142859,1.05
2023-09-03,37.1,26.5,31.4,0.9,12.4,57,9,246,4,31.7,32.9,31.8,30.5,32.13333333333331,30.999999999999996,31.2,3.0,0.4,0.0,0.0,1.133333333333333,0.7428571428571429,0.9714285714285715
2023-09-04,39.0,26.9,32.3,0.0,14.8,52,9,247,4,31.4,31.7,32.9,29.8,31.999999999999982,31.128571428571426,31.13571428571429,0.9,3.0,0.4,0.0,1.433333333333333,0.8714285714285716,1.0357142857142858
2023-09-05,36.3,25.1,30.5,0.0,12.0,55,9,248,4,32.3,31.4,31.7,29.4,31.799999999999983,31.485714285714284,31.078571428571426,0.0,0.9,3.0,1.8,1.2999999999999996,0.8714285714285716,1.0357142857142858
2023-09-06,36.7,25.5,30.9,0.0,13.0,53,9,249,4,30.5,32.3,31.4,30.9,31.39999999999998,31.642857142857142,30.849999999999998,0.0,0.0,0.9,0.0,0.2999999999999997,0.6142857142857144,1.0357142857142858
2023-09-07,39.1,26.1,32.0,0.0,12.1,47,9,250,4,30.9,30.5,32.3,31.8,31.23333333333332,31.64285714285714,30.70714285714286,0.0,0.0,0.0,0.0,0.0,0.6142857142857144,1.0357142857142858
2023-09-08,39.9,25.5,32.1,0.0,10.0,49,9,251,4,32.0,30.9,30.5,32.9,31.133333333333315,31.67142857142857,30.87857142857143,0.0,0.0,0.0,0.4,0.0,0.6142857142857144,1.0142857142857142
2023-09-09,39.3,25.9,31.9,0.0,11.2,53,9,252,4,32.1,32.0,30.9,31.7,31.666666666666654,31.557142857142853,31.099999999999998,0.0,0.0,0.0,3.0,0.0,0.5571428571428572,0.7714285714285715
2023-09-10,39.5,26.1,31.9,0.0,12.3,56,9,253,4,31.9,32.1,32.0,31.4,31.99999999999999,31.585714285714285,31.292857142857144,0.0,0.0,0.0,0.9,0.0,0.1285714285714286,0.4357142857142858
2023-09-11,38.9,26.7,32.2,0.0,13.8,57,9,254,4,31.9,31.9,32.1,32.3,31.96666666666665,31.657142857142855,31.392857142857142,0.0,0.0,0.0,0.0,0.0,0.0,0.4357142857142858
2023-09-12,39.5,27.5,32.5,0.0,15.0,58,9,255,4,32.2,31.9,31.9,30.5,31.999999999999986,31.642857142857142,31.564285714285713,0.0,0.0,0.0,0.0,0.0,0.0,0.4357142857142858
2023-09-13,39.7,28.1,32.9,0.0,10.9,57,9,256,4,32.5,32.2,31.9,30.9,32.19999999999999,31.928571428571427,31.785714285714285,0.0,0.0,0.0,0.0,0.0,0.0,0.3071428571428572
2023-09-14,39.1,27.9,32.8,0.0,13.0,56,9,257,4,32.9,32.5,32.2,32.0,32.533333333333324,32.214285714285715,31.928571428571427,0.0,0.0,0.0,0.0,0.0,0.0,0.3071428571428572
2023-09-15,37.9,27.6,32.1,0.6,23.6,58,9,258,4,32.8,32.9,32.5,32.1,32.73333333333332,32.32857142857143,31.999999999999996,0.0,0.0,0.0,0.0,0.0,0.0,0.3071428571428572
2023-09-16,35.3,25.0,29.1,2.4,18.4,67,9,259,4,32.1,32.8,32.9,31.9,32.59999999999999,32.32857142857143,31.942857142857143,0.6,0.0,0.0,0.0,0.1999999999999997,0.08571428571428572,0.32142857142857145
2023-09-17,34.7,23.0,28.3,9.4,13.4,71,9,260,4,29.1,32.1,32.8,31.9,31.333333333333314,31.928571428571427,31.75714285714286,2.4,0.6,0.0,0.0,0.9999999999999997,0.42857142857142855,0.2785714285714286
2023-09-18,32.7,22.8,27.4,6.1,12.6,74,9,261,4,28.3,29.1,32.1,32.2,29.833333333333318,31.414285714285715,31.53571428571428,9.4,2.4,0.6,0.0,4.133333333333333,1.7714285714285716,0.8857142857142858
2023-09-19,35.4,24.5,29.6,0.0,13.7,64,9,262,4,27.4,28.3,29.1,32.5,28.26666666666665,30.728571428571428,31.185714285714287,6.1,9.4,2.4,0.0,5.966666666666666,2.642857142857143,1.3214285714285714
2023-09-20,35.9,25.3,30.0,0.0,12.6,61,9,263,4,29.6,27.4,28.3,32.9,28.43333333333332,30.314285714285717,31.12142857142857,0.0,6.1,9.4,0.0,5.166666666666667,2.642857142857143,1.3214285714285714
2023-09-21,33.8,23.6,28.5,3.5,14.2,64,9,264,4,30.0,29.6,27.4,32.8,28.999999999999986,29.900000000000002,31.057142857142853,0.0,0.0,6.1,0.0,2.033333333333333,2.642857142857143,1.3214285714285714
2023-09-22,32.7,23.5,28.1,4.7,13.3,67,9,265,4,28.5,30.0,29.6,32.1,29.36666666666665,29.285714285714285,30.807142857142853,3.5,0.0,0.0,0.6,1.1666666666666667,3.142857142857143,1.5714285714285714
2023-09-23,33.3,23.5,27.3,0.8,10.9,69,9,266,4,28.1,28.5,30.0,29.1,28.866666666666656,28.714285714285715,30.521428571428572,4.7,3.5,0.0,2.4,2.733333333333333,3.728571428571428,1.907142857142857
2023-09-24,33.5,21.1,27.1,5.3,22.3,59,9,267,4,27.3,28.1,28.5,28.3,27.966666666666654,28.45714285714286,30.192857142857143,0.8,4.7,3.5,9.4,3.0,3.5,1.9642857142857142
2023-09-25,31.8,19.6,25.6,0.0,11.6,55,9,268,4,27.1,27.3,28.1,27.4,27.49999999999999,28.285714285714285,29.849999999999998,5.3,0.8,4.7,6.1,3.6,2.914285714285714,2.3428571428571425
2023-09-26,35.1,18.8,26.8,0.0,8.7,43,9,269,4,25.6,27.1,27.3,29.6,26.666666666666654,28.02857142857143,29.37857142857143,0.0,5.3,0.8,0.0,2.033333333333333,2.042857142857143,2.3428571428571425
2023-09-27,34.9,20.5,26.7,0.0,7.8,46,9,270,4,26.8,25.6,27.1,30.0,26.499999999999986,27.62857142857143,28.97142857142857,0.0,0.0,5.3,0.0,1.7666666666666666,2.042857142857143,2.3428571428571425
2023-09-28,34.6,20.3,26.6,1.0,12.2,54,9,271,4,26.7,26.8,25.6,28.5,26.366666666666656,27.157142857142855,28.52857142857143,0.0,0.0,0.0,3.5,0.0,2.042857142857143,2.3428571428571425
2023-09-29,29.4,20.0,23.7,0.7,18.4,54,9,272,4,26.6,26.7,26.8,28.1,26.69999999999999,26.885714285714283,28.08571428571429,1.0,0.0,0.0,4.7,0.3333333333333333,1.6857142857142857,2.414285714285714
2023-09-30,33.3,19.4,25.9,0.0,17.3,36,9,273,4,23.7,26.6,26.7,27.3,25.666666666666654,26.25714285714286,27.485714285714288,0.7,1.0,0.0,0.8,0.5666666666666667,1.1142857142857143,2.4214285714285713
2023-10-01,35.2,17.4,25.4,0.0,9.7,32,10,274,4,25.9,23.7,26.6,27.1,25.399999999999988,26.057142857142857,27.257142857142856,0.0,0.7,1.0,5.3,0.5666666666666667,1.0,2.25
2023-10-02,33.8,18.5,25.9,0.0,11.3,39,10,275,4,25.4,25.9,23.7,25.6,24.999999999999986,25.814285714285713,27.050000000000004,0.0,0.0,0.7,0.0,0.2333333333333333,0.24285714285714285,1.5785714285714287
2023-10-03,34.8,19.5,26.5,0.0,9.7,37,10,276,4,25.9,25.4,25.9,26.8,25.733333333333317,25.857142857142858,26.942857142857143,0.0,0.0,0.0,0.0,0.0,0.24285714285714285,1.1428571428571428
2023-10-04,35.1,19.4,26.3,0.0,7.4,38,10,277,4,26.5,25.9,25.4,26.7,25.93333333333332,25.814285714285713,26.72142857142857,0.0,0.0,0.0,0.0,0.0,0.24285714285714285,1.1428571428571428
2023-10-05,36.6,18.2,26.4,0.0,9.2,37,10,278,4,26.3,26.5,25.9,26.6,26.23333333333332,25.75714285714286,26.45714285714286,0.0,0.0,0.0,1.0,0.0,0.24285714285714285,1.1428571428571428
2023-10-06,34.6,18.7,26.5,0.0,7.6,50,10,279,4,26.4,26.3,26.5,23.7,26.399999999999988,25.728571428571424,26.307142857142857,0.0,0.0,0.0,0.7,0.0,0.09999999999999999,0.8928571428571429
2023-10-07,34.8,20.0,27.0,0.0,9.6,54,10,280,4,26.5,26.4,26.3,25.9,26.399999999999988,26.128571428571426,26.192857142857143,0.0,0.0,0.0,0.0,0.0,0.0,0.5571428571428572
2023-10-08,35.1,21.0,27.5,0.0,11.3,45,10,281,4,27.0,26.5,26.4,25.4,26.633333333333315,26.285714285714285,26.17142857142857,0.0,0.0,0.0,0.0,0.0,0.0,0.5
2023-10-09,30.2,20.9,25.2,1.0,20.3,48,10,282,4,27.5,27.0,26.5,25.9,26.999999999999986,26.58571428571429,26.199999999999996,0.0,0.0,0.0,0.0,0.0,0.0,0.12142857142857143
2023-10-10,31.3,17.6,23.5,0.0,10.3,53,10,283,4,25.2,27.5,27.0,26.5,26.566666666666652,26.485714285714288,26.17142857142857,1.0,0.0,0.0,0.0,0.3333333333333333,0.14285714285714285,0.19285714285714287
2023-10-11,33.8,15.5,24.2,0.0,11.3,47,10,284,4,23.5,25.2,27.5,26.3,25.399999999999988,26.057142857142857,25.935714285714283,0.0,1.0,0.0,0.0,0.3333333333333333,0.14285714285714285,0.19285714285714287
2023-10-12,33.2,18.8,25.1,0.0,12.8,54,10,285,4,24.2,23.5,25.2,26.4,24.299999999999983,25.757142857142856,25.75714285714286,0.0,0.0,1.0,0.0,0.3333333333333333,0.14285714285714285,0.19285714285714287
2023-10-13,32.8,18.7,25.0,6.9,25.0,61,10,286,4,25.1,24.2,23.5,26.5,24.26666666666665,25.571428571428573,25.65,0.0,0.0,0.0,0.0,0.0,0.14285714285714285,0.12142857142857143
2023-10-14,25.3,19.1,21.8,1.8,9.1,78,10,287,4,25.0,25.1,24.2,27.0,24.76666666666665,25.357142857142858,25.74285714285714,6.9,0.0,0.0,0.0,2.3000000000000003,1.1285714285714286,0.5642857142857143
2023-10-15,28.0,17.6,21.9,10.1,14.3,68,10,288,4,21.8,25.0,25.1,27.5,23.966666666666654,24.61428571428571,25.45,1.8,6.9,0.0,0.0,2.9000000000000004,1.385714285714286,0.692857142857143
2023-10-16,23.9,15.9,18.9,22.1,10.9,78,10,289,4,21.9,21.8,25.0,25.2,22.899999999999988,23.814285714285717,25.199999999999996,10.1,1.8,6.9,1.0,6.266666666666667,2.8285714285714287,1.4142857142857144
2023-10-17,21.6,14.3,17.4,11.8,11.3,80,10,290,4,18.9,21.9,21.8,23.5,20.86666666666665,22.914285714285715,24.7,22.1,10.1,1.8,0.0,11.333333333333334,5.842857142857143,2.9928571428571433
2023-10-18,25.9,13.0,18.8,0.0,6.1,66,10,291,4,17.4,18.9,21.9,24.2,19.399999999999988,22.04285714285714,24.05,11.8,22.1,10.1,0.0,14.666666666666666,7.528571428571429,3.835714285714286
2023-10-19,27.5,14.0,20.2,0.0,6.5,61,10,292,4,18.8,17.4,18.9,25.1,18.36666666666665,21.271428571428572,23.514285714285712,0.0,11.8,22.1,0.0,11.300000000000002,7.528571428571429,3.835714285714286
2023-10-20,28.2,14.6,21.1,0.0,7.1,59,10,293,4,20.2,18.8,17.4,25.0,18.799999999999986,20.571428571428573,23.071428571428573,0.0,0.0,11.8,6.9,3.9333333333333336,7.528571428571429,3.835714285714286
2023-10-21,28.1,14.9,21.5,0.0,7.3,59,10,294,4,21.1,20.2,18.8,21.8,20.033333333333317,20.014285714285712,22.685714285714287,0.0,0.0,0.0,1.8,0.0,6.542857142857144,3.835714285714286
2023-10-22,26.4,16.3,20.3,0.4,10.9,64,10,295,4,21.5,21.1,20.2,21.9,20.93333333333332,19.97142857142857,22.292857142857144,0.0,0.0,0.0,10.1,0.0,6.285714285714286,3.835714285714286
2023-10-23,28.6,13.6,20.7,0.0,6.6,56,10,296,4,20.3,21.5,21.1,18.9,20.96666666666665,19.74285714285714,21.778571428571432,0.4,0.0,0.0,22.1,0.13333333333333333,4.9,3.8642857142857143
2023-10-24,28.5,14.8,21.1,0.0,8.7,57,10,297,4,20.7,20.3,21.5,17.4,20.833333333333318,20.0,21.45714285714286,0.0,0.4,0.0,11.8,0.13333333333333333,1.742857142857143,3.792857142857143
2023-10-25,29.8,14.1,21.3,0.0,8.7,54,10,298,4,21.1,20.7,20.3,18.8,20.699999999999985,20.52857142857143,21.285714285714285,0.0,0.0,0.4,0.0,0.13333333333333333,0.05714285714285715,3.792857142857143
2023-10-26,28.6,14.7,21.1,0.0,8.8,55,10,299,4,21.3,21.1,20.7,20.2,21.03333333333332,20.885714285714283,21.078571428571426,0.0,0.0,0.0,0.0,0.0,0.05714285714285715,3.792857142857143
2023-10-27,29.1,15.8,21.4,0.0,9.2,59,10,300,4,21.1,21.3,21.1,21.1,21.166666666666654,21.014285714285712,20.792857142857144,0.0,0.0,0.0,0.0,0.0,0.05714285714285715,3.792857142857143
2023-10-28,29.5,15.9,21.7,0.0,7.7,59,10,301,4,21.4,21.1,21.3,21.5,21.266666666666655,21.057142857142857,20.535714285714285,0.0,0.0,0.0,0.0,0.0,0.05714285714285715,3.3000000000000003
2023-10-29,29.0,17.5,21.9,0.0,8.9,63,10,302,4,21.7,21.4,21.1,20.3,21.399999999999988,21.085714285714285,20.52857142857143,0.0,0.0,0.0,0.4,0.0,0.05714285714285715,3.1714285714285713
2023-10-30,29.0,17.1,22.2,0.0,7.9,68,10,303,4,21.9,21.7,21.4,20.7,21.666666666666654,21.314285714285713,20.528571428571432,0.0,0.0,0.0,0.0,0.0,0.0,2.4499999999999997
2023-10-31,29.2,17.4,22.4,0.0,7.6,70,10,304,4,22.2,21.9,21.7,21.1,21.93333333333332,21.52857142857143,20.764285714285712,0.0,0.0,0.0,0.0,0.0,0.0,0.8714285714285716
2023-11-01,26.3,17.2,21.5,5.9,14.8,68,11,305,4,22.4,22.2,21.9,21.3,22.166666666666647,21.714285714285715,21.12142857142857,0.0,0.0,0.0,0.0,0.0,0.0,0.028571428571428574
2023-11-02,28.7,15.6,21.4,0.0,7.9,56,11,306,4,21.5,22.4,22.2,21.1,22.03333333333332,21.74285714285714,21.314285714285713,5.9,0.0,0.0,0.0,1.9666666666666668,0.8428571428571429,0.45000000000000007
2023-11-03,29.3,13.6,20.5,0.0,9.4,51,11,307,4,21.4,21.5,22.4,21.4,21.76666666666665,21.785714285714285,21.400000000000002,0.0,5.9,0.0,0.0,1.9666666666666668,0.8428571428571429,0.45000000000000007
2023-11-04,27.9,15.3,20.7,0.0,7.4,49,11,308,4,20.5,21.4,21.5,21.7,21.13333333333332,21.657142857142855,21.357142857142858,0.0,0.0,5.9,0.0,1.9666666666666668,0.8428571428571429,0.45000000000000007
2023-11-05,27.9,15.2,20.2,0.0,8.2,56,11,309,4,20.7,20.5,21.4,21.9,20.86666666666665,21.514285714285712,21.3,0.0,0.0,0.0,0.0,0.0,0.8428571428571429,0.45000000000000007
2023-11-06,26.7,14.1,19.8,0.0,8.4,70,11,310,4,20.2,20.7,20.5,22.2,20.46666666666665,21.271428571428572,21.29285714285714,0.0,0.0,0.0,0.0,0.0,0.8428571428571429,0.42142857142857143
2023-11-07,26.7,15.5,19.7,0.0,16.4,72,11,311,4,19.8,20.2,20.7,22.4,20.23333333333332,20.928571428571427,21.228571428571428,0.0,0.0,0.0,0.0,0.0,0.8428571428571429,0.42142857142857143
2023-11-08,26.2,13.9,19.2,0.0,8.3,76,11,312,4,19.7,19.8,20.2,21.5,19.899999999999984,20.54285714285714,21.12857142857143,0.0,0.0,0.0,5.9,0.0,0.8428571428571429,0.42142857142857143
2023-11-09,23.6,15.1,18.3,14.8,15.2,75,11,313,4,19.2,19.7,19.8,21.4,19.566666666666652,20.214285714285715,20.978571428571428,0.0,0.0,0.0,0.0,0.0,0.0,0.42142857142857143
2023-11-10,23.3,12.5,16.9,0.0,7.7,75,11,314,4,18.3,19.2,19.7,20.5,19.066666666666652,19.771428571428572,20.77857142857143,14.8,0.0,0.0,0.0,4.933333333333334,2.1142857142857143,1.4785714285714289
2023-11-11,23.9,11.2,16.8,0.0,8.6,68,11,315,4,16.9,18.3,19.2,20.7,18.13333333333332,19.25714285714286,20.457142857142856,0.0,14.8,0.0,0.0,4.933333333333334,2.1142857142857143,1.4785714285714289
2023-11-12,24.3,12.2,17.2,0.0,8.2,67,11,316,4,16.8,16.9,18.3,20.2,17.333333333333318,18.7,20.107142857142858,0.0,0.0,14.8,0.0,4.933333333333334,2.1142857142857143,1.4785714285714289
2023-11-13,24.7,11.6,17.2,0.0,8.3,71,11,317,4,17.2,16.8,16.9,19.8,16.96666666666665,18.271428571428572,19.77142857142857,0.0,0.0,0.0,0.0,0.0,2.1142857142857143,1.4785714285714289
2023-11-14,25.3,13.4,17.8,0.0,9.4,63,11,318,4,17.2,17.2,16.8,19.7,17.066666666666652,17.9,19.414285714285715,0.0,0.0,0.0,0.0,0.0,2.1142857142857143,1.4785714285714289
2023-11-15,26.8,9.1,17.6,0.0,7.8,41,11,319,4,17.8,17.2,17.2,19.2,17.399999999999988,17.628571428571426,19.085714285714285,0.0,0.0,0.0,0.0,0.0,2.1142857142857143,1.4785714285714289
2023-11-16,25.1,10.2,17.4,0.0,4.9,42,11,320,4,17.6,17.8,17.2,18.3,17.53333333333332,17.400000000000002,18.807142857142857,0.0,0.0,0.0,14.8,0.0,2.1142857142857143,1.0571428571428572
2023-11-17,24.8,11.3,17.2,0.0,7.2,54,11,321,4,17.4,17.6,17.8,16.9,17.599999999999987,17.27142857142857,18.521428571428572,0.0,0.0,0.0,0.0,0.0,0.0,1.0571428571428572
2023-11-18,21.8,11.2,15.7,0.0,9.0,66,11,322,4,17.2,17.4,17.6,16.8,17.399999999999988,17.314285714285713,18.285714285714285,0.0,0.0,0.0,0.0,0.0,0.0,1.0571428571428572
2023-11-19,22.7,11.6,16.0,0.0,8.2,66,11,323,4,15.7,17.2,17.4,17.2,16.76666666666665,17.157142857142855,17.928571428571427,0.0,0.0,0.0,0.0,0.0,0.0,1.0571428571428572
2023-11-20,23.4,11.1,16.6,0.0,5.9,58,11,324,4,16.0,15.7,17.2,17.2,16.299999999999986,16.985714285714288,17.62857142857143,0.0,0.0,0.0,0.0,0.0,0.0,1.0571428571428572
2023-11-21,23.5,11.2,16.3,0.0,5.5,61,11,325,4,16.6,16.0,15.7,17.8,16.099999999999984,16.9,17.4,0.0,0.0,0.0,0.0,0.0,0.0,1.0571428571428572
2023-11-22,24.1,11.0,15.8,0.0,9.9,62,11,326,4,16.3,16.6,16.0,17.6,16.299999999999986,16.685714285714287,17.15714285714286,0.0,0.0,0.0,0.0,0.0,0.0,1.0571428571428572
2023-11-23,21.5,9.5,14.6,0.0,9.3,80,11,327,4,15.8,16.3,16.6,17.4,16.23333333333332,16.428571428571427,16.914285714285715,0.0,0.0,0.0,0.0,0.0,0.0,1.0571428571428572
2023-11-24,24.4,8.1,15.8,0.0,7.1,62,11,328,4,14.6,15.8,16.3,17.2,15.56666666666665,16.02857142857143,16.65,0.0,0.0,0.0,0.0,0.0,0.0,0.0
2023-11-25,23.8,9.5,16.3,0.0,8.0,49,11,329,4,15.8,14.6,15.8,15.7,15.399999999999986,15.828571428571427,16.571428571428573,0.0,0.0,0.0,0.0,0.0,0.0,0.0
2023-11-26,21.1,9.9,14.7,0.0,9.5,61,11,330,4,16.3,15.8,14.6,16.0,15.566666666666654,15.914285714285715,16.535714285714285,0.0,0.0,0.0,0.0,0.0,0.0,0.0
2023-11-27,19.5,10.2,14.0,0.0,9.8,65,11,331,4,14.7,16.3,15.8,16.6,15.599999999999985,15.728571428571428,16.357142857142858,0.0,0.0,0.0,0.0,0.0,0.0,0.0
2023-11-28,24.0,9.5,15.5,0.0,10.2,60,11,332,4,14.0,14.7,16.3,16.3,14.999999999999986,15.357142857142858,16.12857142857143,0.0,0.0,0.0,0.0,0.0,0.0,0.0
2023-11-29,23.5,11.4,16.3,0.0,12.2,64,11,333,4,15.5,14.0,14.7,15.8,14.733333333333318,15.242857142857144,15.964285714285714,0.0,0.0,0.0,0.0,0.0,0.0,0.0
2023-11-30,20.3,12.0,15.1,3.2,11.1,77,11,334,4,16.3,15.5,14.0,14.6,15.266666666666652,15.314285714285717,15.871428571428572,0.0,0.0,0.0,0.0,0.0,0.0,0.0
2023-12-01,21.1,9.9,14.8,0.0,10.5,74,12,335,1,15.1,16.3,15.5,15.8,15.633333333333319,15.385714285714286,15.707142857142857,3.2,0.0,0.0,0.0,1.0666666666666667,0.4571428571428572,0.2285714285714286
2023-12-02,23.4,8.3,14.9,0.0,9.4,61,12,336,1,14.8,15.1,16.3,16.3,15.399999999999984,15.242857142857144,15.535714285714288,0.0,3.2,0.0,0.0,1.0666666666666667,0.4571428571428572,0.2285714285714286
2023-12-03,21.7,10.0,14.9,0.0,6.8,54,12,337,1,14.9,14.8,15.1,14.7,14.933333333333318,15.042857142857144,15.478571428571428,0.0,0.0,3.2,0.0,1.0666666666666667,0.4571428571428572,0.2285714285714286
2023-12-04,21.7,9.0,14.2,0.0,7.5,55,12,338,1,14.9,14.9,14.8,14.0,14.866666666666651,15.071428571428571,15.4,0.0,0.0,0.0,0.0,0.0,0.4571428571428572,0.2285714285714286
2023-12-05,19.4,8.1,12.9,0.0,6.9,69,12,339,1,14.2,14.9,14.9,15.5,14.666666666666652,15.1,15.22857142857143,0.0,0.0,0.0,0.0,0.0,0.4571428571428572,0.2285714285714286
2023-12-06,20.7,8.8,13.7,0.0,7.4,65,12,340,1,12.9,14.2,14.9,16.3,13.999999999999986,14.72857142857143,14.985714285714284,0.0,0.0,0.0,0.0,0.0,0.4571428571428572,0.2285714285714286
2023-12-07,21.4,9.1,13.7,0.0,7.0,59,12,341,1,13.7,12.9,14.2,15.1,13.599999999999985,14.357142857142858,14.835714285714287,0.0,0.0,0.0,3.2,0.0,0.4571428571428572,0.2285714285714286
2023-12-08,19.7,7.2,13.0,0.0,7.2,69,12,342,1,13.7,13.7,12.9,14.8,13.433333333333318,14.157142857142857,14.771428571428572,0.0,0.0,0.0,0.0,0.0,0.0,0.2285714285714286
2023-12-09,20.6,8.5,13.2,0.0,7.6,61,12,343,1,13.0,13.7,13.7,14.9,13.466666666666649,13.9,14.571428571428571,0.0,0.0,0.0,0.0,0.0,0.0,0.2285714285714286
2023-12-10,20.3,6.3,12.9,0.0,8.0,54,12,344,1,13.2,13.0,13.7,14.9,13.299999999999983,13.657142857142857,14.349999999999998,0.0,0.0,0.0,0.0,0.0,0.0,0.2285714285714286
2023-12-11,18.4,5.8,11.2,0.0,8.4,66,12,345,1,12.9,13.2,13.0,14.2,13.033333333333317,13.371428571428572,14.221428571428572,0.0,0.0,0.0,0.0,0.0,0.0,0.2285714285714286
2023-12-12,18.8,5.0,11.5,0.0,9.4,66,12,346,1,11.2,12.9,13.2,12.9,12.433333333333318,12.942857142857141,14.021428571428572,0.0,0.0,0.0,0.0,0.0,0.0,0.2285714285714286
2023-12-13,18.8,7.9,12.0,0.0,6.7,63,12,347,1,11.5,11.2,12.9,13.7,11.866666666666651,12.742857142857142,13.735714285714286,0.0,0.0,0.0,0.0,0.0,0.0,0.2285714285714286
2023-12-14,19.6,4.7,11.9,0.0,5.8,64,12,348,1,12.0,11.5,11.2,13.7,11.56666666666665,12.5,13.428571428571429,0.0,0.0,0.0,0.0,0.0,0.0,0.2285714285714286
2023-12-15,17.5,6.6,11.0,0.0,7.4,66,12,349,1,11.9,12.0,11.5,13.0,11.799999999999983,12.242857142857144,13.200000000000001,0.0,0.0,0.0,0.0,0.0,0.0,0.0
2023-12-16,17.6,6.2,11.3,0.0,8.4,68,12,350,1,11.0,11.9,12.0,13.2,11.633333333333317,11.957142857142857,12.928571428571429,0.0,0.0,0.0,0.0,0.0,0.0,0.0
2023-12-17,18.9,6.0,11.1,0.0,10.0,67,12,351,1,11.3,11.0,11.9,12.9,11.399999999999984,11.685714285714285,12.671428571428573,0.0,0.0,0.0,0.0,0.0,0.0,0.0
2023-12-18,19.7,4.0,10.6,0.0,7.4,55,12,352,1,11.1,11.3,11.0,11.2,11.133333333333319,11.428571428571429,12.4,0.0,0.0,0.0,0.0,0.0,0.0,0.0
2023-12-19,19.5,5.0,11.7,0.0,8.3,48,12,353,1,10.6,11.1,11.3,11.5,10.999999999999986,11.342857142857143,12.142857142857142,0.0,0.0,0.0,0.0,0.0,0.0,0.0
2023-12-20,20.5,6.8,13.4,0.0,7.2,44,12,354,1,11.7,10.6,11.1,12.0,11.133333333333317,11.371428571428572,12.057142857142859,0.0,0.0,0.0,0.0,0.0,0.0,0.0
2023-12-21,20.2,6.0,12.9,0.0,7.9,48,12,355,1,13.4,11.7,10.6,11.9,11.899999999999984,11.571428571428571,12.035714285714286,0.0,0.0,0.0,0.0,0.0,0.0,0.0
2023-12-22,19.1,5.6,11.9,0.1,12.9,63,12,356,1,12.9,13.4,11.7,11.0,12.666666666666652,11.714285714285714,11.978571428571428,0.0,0.0,0.0,0.0,0.0,0.0,0.0
2023-12-23,21.3,8.2,13.7,0.2,9.3,70,12,357,1,11.9,12.9,13.4,11.3,12.733333333333318,11.842857142857143,11.9,0.1,0.0,0.0,0.0,0.03333333333333333,0.014285714285714287,0.0071428571428571435
2023-12-24,19.0,8.2,12.8,0.0,7.9,65,12,358,1,13.7,11.9,12.9,11.1,12.83333333333332,12.185714285714285,11.935714285714285,0.2,0.1,0.0,0.0,0.10000000000000002,0.042857142857142864,0.021428571428571432
2023-12-25,21.9,7.5,13.6,0.0,8.6,59,12,359,1,12.8,13.7,11.9,10.6,12.799999999999985,12.428571428571429,11.928571428571429,0.0,0.2,0.1,0.0,0.10000000000000002,0.042857142857142864,0.021428571428571432
2023-12-26,20.5,9.1,13.4,0.0,6.4,65,12,360,1,13.6,12.8,13.7,11.7,13.366666666666651,12.857142857142858,12.099999999999998,0.0,0.0,0.2,0.0,0.06666666666666667,0.042857142857142864,0.021428571428571432
2023-12-27,22.2,8.1,14.2,0.0,9.8,61,12,361,1,13.4,13.6,12.8,13.4,13.266666666666652,13.1,12.235714285714284,0.0,0.0,0.0,0.0,0.0,0.042857142857142864,0.021428571428571432
2023-12-28,22.1,6.1,13.0,0.0,10.1,56,12,362,1,14.2,13.4,13.6,12.9,13.733333333333318,13.214285714285714,12.392857142857142,0.0,0.0,0.0,0.0,0.0,0.042857142857142864,0.021428571428571432
2023-12-29,17.9,5.5,11.3,0.0,8.0,80,12,363,1,13.0,14.2,13.4,11.9,13.533333333333317,13.228571428571428,12.471428571428573,0.0,0.0,0.0,0.1,0.0,0.042857142857142864,0.021428571428571432
2023-12-30,19.4,6.4,12.5,0.0,8.7,75,12,364,1,11.3,13.0,14.2,13.7,12.83333333333332,13.142857142857142,12.492857142857144,0.0,0.0,0.0,0.2,0.0,0.028571428571428574,0.021428571428571432
2023-12-31,19.4,6.3,11.3,0.0,7.6,74,12,365,1,12.5,11.3,13.0,12.8,12.266666666666652,12.971428571428573,12.578571428571427,0.0,0.0,0.0,0.0,0.0,0.0,0.021428571428571432
2024-01-01,18.8,5.8,11.1,0.0,5.8,70,1,1,1,11.3,12.5,11.3,13.6,11.699999999999983,12.757142857142856,12.592857142857143,0.0,0.0,0.0,0.0,0.0,0.0,0.021428571428571432
2024-01-02,17.0,3.9,9.6,0.0,10.5,77,1,2,1,11.1,11.3,12.5,13.4,11.633333333333319,12.4,12.628571428571428,0.0,0.0,0.0,0.0,0.0,0.0,0.021428571428571432
2024-01-03,15.5,3.7,8.3,0.0,8.2,90,1,3,1,9.6,11.1,11.3,14.2,10.666666666666652,11.857142857142858,12.478571428571428,0.0,0.0,0.0,0.0,0.0,0.0,0.021428571428571432
2024-01-04,17.3,3.8,8.8,0.0,9.2,85,1,4,1,8.3,9.6,11.1,13.0,9.66666666666665,11.014285714285716,12.114285714285714,0.0,0.0,0.0,0.0,0.0,0.0,0.021428571428571432
2024-01-05,16.9,5.2,9.7,0.0,9.7,85,1,5,1,8.8,8.3,9.6,11.3,8.899999999999984,10.414285714285715,11.821428571428571,0.0,0.0,0.0,0.0,0.0,0.0,0.021428571428571432
2024-01-06,17.8,4.7,9.5,0.0,8.9,84,1,6,1,9.7,8.8,8.3,12.5,8.933333333333318,10.185714285714285,11.664285714285715,0.0,0.0,0.0,0.0,0.0,0.0,0.014285714285714287
2024-01-07,16.2,2.8,8.0,0.0,7.6,81,1,7,1,9.5,9.7,8.8,11.3,9.33333333333332,9.757142857142856,11.364285714285714,0.0,0.0,0.0,0.0,0.0,0.0,0.0
2024-01-08,14.6,1.3,7.3,0.0,7.4,86,1,8,1,8.0,9.5,9.7,11.1,9.06666666666665,9.285714285714286,11.021428571428572,0.0,0.0,0.0,0.0,0.0,0.0,0.0
2024-01-09,18.1,2.6,9.6,0.0,6.1,64,1,9,1,7.3,8.0,9.5,9.6,8.266666666666652,8.742857142857144,10.571428571428571,0.0,0.0,0.0,0.0,0.0,0.0,0.0
2024-01-10,17.4,3.4,9.1,0.0,6.4,72,1,10,1,9.6,7.3,8.0,8.3,8.299999999999985,8.742857142857144,10.3,0.0,0.0,0.0,0.0,0.0,0.0,0.0
2024-01-11,17.3,3.8,9.3,0.0,10.2,71,1,11,1,9.1,9.6,7.3,8.8,8.666666666666652,8.857142857142858,9.935714285714285,0.0,0.0,0.0,0.0,0.0,0.0,0.0
2024-01-12,16.9,5.8,10.4,0.0,8.6,67,1,12,1,9.3,9.1,9.6,9.7,9.333333333333318,8.928571428571429,9.671428571428573,0.0,0.0,0.0,0.0,0.0,0.0,0.0
2024-01-13,17.6,4.1,10.4,0.0,9.7,76,1,13,1,10.4,9.3,9.1,9.5,9.599999999999985,9.028571428571428,9.607142857142858,0.0,0.0,0.0,0.0,0.0,0.0,0.0
2024-01-14,18.7,4.7,10.4,0.0,7.1,75,1,14,1,10.4,10.4,9.3,8.0,10.033333333333319,9.157142857142857,9.457142857142857,0.0,0.0,0.0,0.0,0.0,0.0,0.0
2024-01-15,18.1,3.8,9.8,0.0,7.0,77,1,15,1,10.4,10.4,10.4,7.3,10.4,9.5,9.392857142857142,0.0,0.0,0.0,0.0,0.0,0.0,0.0
2024-01-16,16.7,3.4,8.7,0.0,8.1,81,1,16,1,9.8,10.4,10.4,9.6,10.199999999999987,9.857142857142858,9.3,0.0,0.0,0.0,0.0,0.0,0.0,0.0
2024-01-17,18.7,6.4,11.2,0.0,7.2,72,1,17,1,8.7,9.8,10.4,9.1,9.633333333333319,9.728571428571428,9.235714285714286,0.0,0.0,0.0,0.0,0.0,0.0,0.0
2024-01-18,19.2,5.8,11.3,0.0,8.9,71,1,18,1,11.2,8.7,9.8,9.3,9.899999999999984,10.028571428571428,9.442857142857141,0.0,0.0,0.0,0.0,0.0,0.0,0.0
2024-01-19,19.1,6.6,10.8,0.0,10.4,72,1,19,1,11.3,11.2,8.7,10.4,10.399999999999984,10.314285714285715,9.62142857142857,0.0,0.0,0.0,0.0,0.0,0.0,0.0
2024-01-20,16.9,3.4,8.9,0.0,9.8,87,1,20,1,10.8,11.3,11.2,10.4,11.099999999999985,10.37142857142857,9.700000000000001,0.0,0.0,0.0,0.0,0.0,0.0,0.0
2024-01-21,17.1,5.1,8.9,0.0,10.3,87,1,21,1,8.9,10.8,11.3,10.4,10.33333333333332,10.157142857142857,9.657142857142857,0.0,0.0,0.0,0.0,0.0,0.0,0.0
2024-01-22,15.1,4.4,8.1,0.0,9.7,90,1,22,1,8.9,8.9,10.8,9.8,9.533333333333319,9.942857142857141,9.721428571428572,0.0,0.0,0.0,0.0,0.0,0.0,0.0
2024-01-23,16.7,4.6,9.5,0.0,10.3,85,1,23,1,8.1,8.9,8.9,8.7,8.633333333333319,9.700000000000001,9.778571428571427,0.0,0.0,0.0,0.0,0.0,0.0,0.0
2024-01-24,16.5,3.8,8.5,0.0,8.7,86,1,24,1,9.5,8.1,8.9,11.2,8.83333333333332,9.814285714285715,9.77142857142857,0.0,0.0,0.0,0.0,0.0,0.0,0.0
2024-01-25,16.6,5.2,10.0,0.0,8.3,80,1,25,1,8.5,9.5,8.1,11.3,8.699999999999985,9.428571428571429,9.728571428571428,0.0,0.0,0.0,0.0,0.0,0.0,0.0
2024-01-26,18.5,7.3,11.6,0.0,7.9,67,1,26,1,10.0,8.5,9.5,10.8,9.33333333333332,9.242857142857144,9.778571428571428,0.0,0.0,0.0,0.0,0.0,0.0,0.0
2024-01-27,19.4,3.7,11.5,0.1,10.7,60,1,27,1,11.6,10.0,8.5,8.9,10.033333333333319,9.357142857142858,9.864285714285714,0.0,0.0,0.0,0.0,0.0,0.0,0.0
2024-01-28,14.5,7.9,11.1,1.7,8.2,80,1,28,1,11.5,11.6,10.0,8.9,11.033333333333319,9.728571428571428,9.942857142857145,0.1,0.0,0.0,0.0,0.03333333333333333,0.014285714285714287,0.0071428571428571435
2024-01-29,17.2,8.6,12.1,0.0,9.6,77,1,29,1,11.1,11.5,11.6,8.1,11.399999999999986,10.042857142857143,9.992857142857144,1.7,0.1,0.0,0.0,0.6,0.2571428571428572,0.1285714285714286
2024-01-30,18.1,6.0,11.3,3.0,12.4,75,1,30,1,12.1,11.1,11.5,9.5,11.56666666666665,10.614285714285714,10.157142857142857,0.0,1.7,0.1,0.0,0.6,0.2571428571428572,0.1285714285714286
2024-01-31,13.9,9.0,10.9,5.6,8.9,87,1,31,1,11.3,12.1,11.1,8.5,11.499999999999986,10.87142857142857,10.342857142857143,3.0,0.0,1.7,0.0,1.5666666666666667,0.6857142857142857,0.34285714285714286
2024-02-01,16.5,5.7,10.1,0.0,10.4,70,2,32,1,10.9,11.3,12.1,10.0,11.433333333333318,11.214285714285714,10.321428571428571,5.6,3.0,0.0,0.0,2.8666666666666667,1.4857142857142855,0.7428571428571428
2024-02-02,15.7,4.3,9.7,0.0,7.4,69,2,33,1,10.1,10.9,11.3,11.6,10.766666666666652,11.228571428571428,10.235714285714286,0.0,5.6,3.0,0.0,2.8666666666666667,1.4857142857142855,0.7428571428571428
2024-02-03,10.9,8.1,9.3,1.2,7.9,79,2,34,1,9.7,10.1,10.9,11.5,10.233333333333318,10.957142857142857,10.157142857142857,0.0,0.0,5.6,0.1,1.8666666666666665,1.4857142857142855,0.7428571428571428
2024-02-04,15.3,6.2,10.3,0.0,9.3,67,2,35,1,9.3,9.7,10.1,11.1,9.699999999999987,10.642857142857142,10.185714285714287,1.2,0.0,0.0,1.7,0.39999999999999997,1.6428571428571428,0.8285714285714285
2024-02-05,17.3,4.1,10.4,0.0,9.8,61,2,36,1,10.3,9.3,9.7,12.1,9.766666666666652,10.528571428571428,10.285714285714286,0.0,1.2,0.0,0.0,0.39999999999999997,1.4,0.8285714285714285
2024-02-06,17.7,3.3,10.5,0.0,8.9,45,2,37,1,10.4,10.3,9.3,11.3,9.999999999999986,10.285714285714286,10.450000000000001,0.0,0.0,1.2,3.0,0.39999999999999997,1.4,0.8285714285714285
2024-02-07,18.6,1.9,9.8,0.0,17.8,43,2,38,1,10.5,10.4,10.3,10.9,10.399999999999986,10.171428571428573,10.521428571428572,0.0,0.0,0.0,5.6,0.0,0.9714285714285714,0.8285714285714285
2024-02-08,20.8,1.6,10.1,0.0,14.0,43,2,39,1,9.8,10.5,10.4,10.1,10.233333333333318,10.014285714285714,10.614285714285716,0.0,0.0,0.0,0.0,0.0,0.17142857142857143,0.8285714285714285
2024-02-09,21.1,5.7,12.6,0.0,7.9,41,2,40,1,10.1,9.8,10.5,9.7,10.133333333333319,10.014285714285716,10.621428571428572,0.0,0.0,0.0,0.0,0.0,0.17142857142857143,0.8285714285714285
2024-02-10,23.0,4.9,14.1,0.0,10.2,37,2,41,1,12.6,10.1,9.8,9.3,10.83333333333332,10.428571428571429,10.692857142857141,0.0,0.0,0.0,1.2,0.0,0.17142857142857143,0.8285714285714285
2024-02-11,22.9,4.8,13.3,0.0,8.4,38,2,42,1,14.1,12.6,10.1,10.3,12.266666666666652,11.114285714285716,10.878571428571428,0.0,0.0,0.0,0.0,0.0,0.0,0.8214285714285714
2024-02-12,22.6,5.4,13.5,0.0,9.7,42,2,43,1,13.3,14.1,12.6,10.4,13.33333333333332,11.542857142857143,11.035714285714286,0.0,0.0,0.0,0.0,0.0,0.0,0.7
2024-02-13,23.6,4.5,13.7,0.0,15.5,35,2,44,1,13.5,13.3,14.1,10.5,13.633333333333319,11.985714285714286,11.135714285714286,0.0,0.0,0.0,0.0,0.0,0.0,0.7
2024-02-14,24.3,4.5,14.1,0.0,14.2,29,2,45,1,13.7,13.5,13.3,9.8,13.499999999999986,12.442857142857141,11.307142857142855,0.0,0.0,0.0,0.0,0.0,0.0,0.4857142857142857
2024-02-15,23.9,5.5,14.5,0.0,9.7,40,2,46,1,14.1,13.7,13.5,10.1,13.766666666666652,13.057142857142859,11.535714285714286,0.0,0.0,0.0,0.0,0.0,0.0,0.08571428571428572
2024-02-16,24.7,7.9,15.3,0.0,10.2,57,2,47,1,14.5,14.1,13.7,12.6,14.099999999999985,13.685714285714285,11.849999999999998,0.0,0.0,0.0,0.0,0.0,0.0,0.08571428571428572
2024-02-17,24.5,9.4,16.2,0.0,9.0,56,2,48,1,15.3,14.5,14.1,14.1,14.633333333333319,14.071428571428571,12.25,0.0,0.0,0.0,0.0,0.0,0.0,0.08571428571428572
2024-02-18,14.9,11.4,13.4,9.8,11.1,81,2,49,1,16.2,15.3,14.5,13.3,15.33333333333332,14.371428571428572,12.742857142857142,0.0,0.0,0.0,0.0,0.0,0.0,0.0
2024-02-19,12.8,7.2,10.5,28.9,17.3,85,2,50,1,13.4,16.2,15.3,13.5,14.966666666666653,14.385714285714286,12.964285714285714,9.8,0.0,0.0,0.0,3.266666666666667,1.4000000000000001,0.7000000000000001
2024-02-20,18.2,4.7,10.5,0.0,17.2,68,2,51,1,10.5,13.4,16.2,13.7,13.366666666666653,13.957142857142857,12.971428571428572,28.9,9.8,0.0,0.0,12.9,5.528571428571429,2.7642857142857147
2024-02-21,18.3,5.2,10.8,0.1,12.2,67,2,52,1,10.5,10.5,13.4,14.1,11.466666666666653,13.5,12.971428571428572,0.0,28.9,9.8,0.0,12.9,5.528571428571429,2.7642857142857147
2024-02-22,18.5,3.8,10.7,0.0,17.3,51,2,53,1,10.8,10.5,10.5,14.5,10.599999999999985,13.028571428571428,13.042857142857143,0.1,0.0,28.9,0.0,9.666666666666666,5.542857142857143,2.7714285714285714
2024-02-23,19.1,2.3,10.2,0.0,11.7,46,2,54,1,10.7,10.8,10.5,15.3,10.666666666666652,12.485714285714286,13.085714285714285,0.0,0.1,0.0,0.0,0.03333333333333333,5.542857142857143,2.7714285714285714
2024-02-24,19.5,3.4,11.5,0.0,9.7,44,2,55,1,10.2,10.7,10.8,16.2,10.56666666666665,11.757142857142856,12.914285714285715,0.0,0.0,0.1,0.0,0.03333333333333333,5.542857142857143,2.7714285714285714
2024-02-25,18.6,4.9,11.9,0.0,10.0,53,2,56,1,11.5,10.2,10.7,13.4,10.799999999999983,11.085714285714285,12.72857142857143,0.0,0.0,0.0,9.8,0.0,5.542857142857143,2.7714285714285714
2024-02-26,16.2,8.5,11.7,0.0,9.7,62,2,57,1,11.9,11.5,10.2,10.5,11.199999999999983,10.87142857142857,12.62857142857143,0.0,0.0,0.0,28.9,0.0,4.142857142857143,2.7714285714285714
2024-02-27,17.2,5.7,11.0,0.2,13.0,65,2,58,1,11.7,11.9,11.5,10.5,11.699999999999983,11.042857142857143,12.5,0.0,0.0,0.0,0.0,0.0,0.014285714285714287,2.7714285714285714
2024-02-28,21.8,5.4,12.7,0.0,14.3,59,2,59,1,11.0,11.7,11.9,10.8,11.533333333333317,11.114285714285714,12.307142857142859,0.2,0.0,0.0,0.1,0.06666666666666667,0.042857142857142864,2.7857142857142856
2024-02-29,19.6,8.0,13.1,0.4,6.9,63,2,60,1,12.7,11.0,11.7,10.7,11.799999999999983,11.385714285714284,12.207142857142857,0.0,0.2,0.0,0.0,0.06666666666666667,0.028571428571428574,2.7857142857142856
2024-03-01,12.2,10.1,11.3,35.3,10.8,90,3,61,2,13.1,12.7,11.0,10.2,12.266666666666652,11.728571428571428,12.107142857142858,0.4,0.0,0.2,0.0,0.20000000000000004,0.08571428571428573,2.814285714285714
2024-03-02,14.2,9.3,10.8,29.6,8.9,85,3,62,2,11.3,13.1,12.7,11.5,12.366666666666651,11.885714285714286,11.821428571428571,35.3,0.4,0.0,0.0,11.899999999999999,5.128571428571428,5.3357142857142845
2024-03-03,13.5,4.2,8.3,8.3,19.2,74,3,63,2,10.8,11.3,13.1,11.9,11.733333333333318,11.785714285714286,11.435714285714287,29.6,35.3,0.4,0.0,21.766666666666666,9.357142857142858,7.45
2024-03-04,15.9,2.7,8.7,0.0,12.2,65,3,64,2,8.3,10.8,11.3,11.7,10.133333333333319,11.271428571428572,11.071428571428571,8.3,29.6,35.3,0.0,24.399999999999995,10.542857142857143,7.3428571428571425
2024-03-05,18.8,4.1,10.7,0.0,16.8,44,3,65,2,8.7,8.3,10.8,11.0,9.266666666666652,10.842857142857142,10.942857142857145,0.0,8.3,29.6,0.2,12.633333333333335,10.542857142857143,5.278571428571428
2024-03-06,21.0,6.0,13.7,0.0,10.7,43,3,66,2,10.7,8.7,8.3,12.7,9.233333333333318,10.799999999999999,10.957142857142857,0.0,0.0,8.3,0.0,2.766666666666667,10.514285714285714,5.278571428571428
2024-03-07,20.5,8.3,14.3,0.0,9.0,51,3,67,2,13.7,10.7,8.7,13.1,11.033333333333317,10.942857142857141,11.164285714285713,0.0,0.0,0.0,0.4,0.0,10.514285714285714,5.271428571428571
2024-03-08,21.6,5.7,13.4,0.0,16.1,52,3,68,2,14.3,13.7,10.7,11.3,12.899999999999984,11.114285714285714,11.421428571428573,0.0,0.0,0.0,35.3,0.0,10.457142857142857,5.271428571428571
2024-03-09,23.9,6.2,13.6,0.0,15.8,52,3,69,2,13.4,14.3,13.7,10.8,13.799999999999985,11.414285714285715,11.65,0.0,0.0,0.0,29.6,0.0,5.4142857142857155,5.271428571428571
2024-03-10,25.9,8.1,16.7,0.0,10.4,44,3,70,2,13.6,13.4,14.3,8.3,13.766666666666652,11.814285714285715,11.799999999999999,0.0,0.0,0.0,8.3,0.0,1.1857142857142857,5.271428571428571
2024-03-11,25.6,12.6,18.2,0.0,11.0,43,3,71,2,16.7,13.6,13.4,8.7,14.56666666666665,13.014285714285714,12.142857142857142,0.0,0.0,0.0,0.0,0.0,0.0,5.271428571428571
2024-03-12,25.9,9.4,17.8,0.0,12.2,46,3,72,2,18.2,16.7,13.6,10.7,16.16666666666665,14.371428571428572,12.607142857142858,0.0,0.0,0.0,0.0,0.0,0.0,5.271428571428571
2024-03-13,17.4,10.9,14.1,6.8,11.3,76,3,73,2,17.8,18.2,16.7,13.7,17.56666666666665,15.385714285714286,13.092857142857143,0.0,0.0,0.0,0.0,0.0,0.0,5.257142857142857
2024-03-14,21.7,8.3,14.2,0.0,7.5,69,3,74,2,14.1,17.8,18.2,14.3,16.699999999999985,15.442857142857141,13.192857142857145,6.8,0.0,0.0,0.0,2.2666666666666666,0.9714285714285714,5.742857142857142
2024-03-15,24.8,6.2,15.4,0.0,15.2,44,3,75,2,14.2,14.1,17.8,13.4,15.366666666666651,15.428571428571429,13.271428571428572,0.0,6.8,0.0,0.0,2.2666666666666666,0.9714285714285714,5.7142857142857135
2024-03-16,26.2,9.2,17.7,0.0,10.6,36,3,76,2,15.4,14.2,14.1,13.6,14.56666666666665,15.714285714285714,13.564285714285715,0.0,0.0,6.8,0.0,2.2666666666666666,0.9714285714285714,3.192857142857143
2024-03-17,27.3,9.1,19.1,0.0,14.7,33,3,77,2,17.7,15.4,14.2,16.7,15.766666666666652,16.3,14.057142857142855,0.0,0.0,0.0,0.0,0.0,0.9714285714285714,1.0785714285714287
2024-03-18,29.2,11.8,20.4,0.0,16.5,35,3,78,2,19.1,17.7,15.4,18.2,17.399999999999988,16.642857142857142,14.828571428571431,0.0,0.0,0.0,0.0,0.0,0.9714285714285714,0.4857142857142857
2024-03-19,30.2,11.0,20.7,0.0,15.0,35,3,79,2,20.4,19.1,17.7,17.8,19.06666666666665,16.957142857142856,15.664285714285713,0.0,0.0,0.0,0.0,0.0,0.9714285714285714,0.4857142857142857
2024-03-20,29.6,13.8,21.9,0.0,9.8,36,3,80,2,20.7,20.4,19.1,14.1,20.066666666666652,17.37142857142857,16.37857142857143,0.0,0.0,0.0,6.8,0.0,0.9714285714285714,0.4857142857142857
2024-03-21,24.8,15.9,20.8,0.0,21.0,47,3,81,2,21.9,20.7,20.4,14.2,20.999999999999982,18.485714285714288,16.964285714285715,0.0,0.0,0.0,0.0,0.0,0.0,0.4857142857142857
2024-03-22,25.5,12.8,19.2,2.2,10.5,63,3,82,2,20.8,21.9,20.7,15.4,21.133333333333315,19.428571428571427,17.428571428571427,0.0,0.0,0.0,0.0,0.0,0.0,0.4857142857142857
2024-03-23,28.8,13.5,21.1,1.4,11.6,51,3,83,2,19.2,20.8,21.9,17.7,20.633333333333315,19.971428571428568,17.84285714285714,2.2,0.0,0.0,0.0,0.7333333333333334,0.31428571428571433,0.6428571428571429
2024-03-24,30.2,14.9,22.1,0.8,14.5,49,3,84,2,21.1,19.2,20.8,19.1,20.366666666666653,20.45714285714286,18.37857142857143,1.4,2.2,0.0,0.0,1.2,0.5142857142857143,0.7428571428571429
2024-03-25,32.1,14.0,23.8,0.0,13.4,31,3,85,2,22.1,21.1,19.2,20.4,20.799999999999986,20.885714285714283,18.764285714285712,0.8,1.4,2.2,0.0,1.4666666666666668,0.6285714285714287,0.7999999999999999
2024-03-26,30.9,17.0,23.3,0.0,24.7,37,3,86,2,23.8,22.1,21.1,20.7,22.333333333333318,21.37142857142857,19.164285714285715,0.0,0.8,1.4,0.0,0.7333333333333334,0.6285714285714287,0.7999999999999999
2024-03-27,26.3,16.8,20.1,0.3,16.3,59,3,87,2,23.3,23.8,22.1,21.9,23.066666666666652,21.742857142857144,19.557142857142857,0.0,0.0,0.8,0.0,0.26666666666666666,0.6285714285714287,0.7999999999999999
2024-03-28,28.8,15.5,21.4,0.4,10.8,61,3,88,2,20.1,23.3,23.8,20.8,22.399999999999988,21.485714285714288,19.985714285714288,0.3,0.0,0.0,0.0,0.09999999999999999,0.6714285714285715,0.33571428571428574
2024-03-29,26.9,15.4,19.8,13.1,18.1,72,3,89,2,21.4,20.1,23.3,19.2,21.599999999999984,21.571428571428577,20.5,0.4,0.3,0.0,2.2,0.2333333333333333,0.7285714285714286,0.3642857142857143
2024-03-30,22.2,14.4,17.1,15.4,12.0,86,3,90,2,19.8,21.4,20.1,21.1,20.43333333333332,21.657142857142855,20.814285714285713,13.1,0.4,0.3,1.4,4.6,2.2857142857142856,1.3
2024-03-31,25.1,12.4,17.9,0.0,10.5,67,3,91,2,17.1,19.8,21.4,22.1,19.43333333333332,21.08571428571429,20.771428571428572,15.4,13.1,0.4,0.8,9.633333333333333,4.285714285714286,2.4
2024-04-01,28.6,9.6,18.9,0.0,14.0,48,4,92,2,17.9,17.1,19.8,23.8,18.26666666666665,20.485714285714288,20.685714285714283,0.0,15.4,13.1,0.0,9.5,4.171428571428572,2.4
2024-04-02,29.6,12.5,21.3,0.0,15.2,42,4,93,2,18.9,17.9,17.1,23.3,17.96666666666665,19.785714285714285,20.57857142857143,0.0,0.0,15.4,0.0,5.133333333333334,4.171428571428572,2.4
2024-04-03,24.1,13.3,19.2,3.0,18.4,60,4,94,2,21.3,18.9,17.9,20.1,19.36666666666665,19.5,20.621428571428574,0.0,0.0,0.0,0.3,0.0,4.171428571428572,2.4
2024-04-04,28.1,11.9,20.1,0.0,17.1,51,4,95,2,19.2,21.3,18.9,21.4,19.799999999999983,19.37142857142857,20.428571428571427,3.0,0.0,0.0,0.4,1.0,4.557142857142858,2.6142857142857143
2024-04-05,29.5,13.5,22.0,0.0,21.6,36,4,96,2,20.1,19.2,21.3,19.8,20.199999999999985,19.185714285714287,20.37857142857143,0.0,3.0,0.0,13.1,1.0,4.5,2.6142857142857143
2024-04-06,31.4,13.5,22.7,0.0,12.9,28,4,97,2,22.0,20.1,19.2,17.1,20.43333333333332,19.5,20.578571428571426,0.0,0.0,3.0,15.4,1.0,2.6285714285714286,2.457142857142857
2024-04-07,32.5,13.6,23.7,0.0,18.2,26,4,98,2,22.7,22.0,20.1,17.9,21.599999999999984,20.3,20.692857142857147,0.0,0.0,0.0,0.0,0.0,0.42857142857142855,2.357142857142857
2024-04-08,32.9,15.4,24.6,0.0,10.8,22,4,99,2,23.7,22.7,22.0,18.9,22.799999999999983,21.128571428571426,20.807142857142857,0.0,0.0,0.0,0.0,0.0,0.42857142857142855,2.3000000000000003
2024-04-09,33.9,18.1,25.6,0.0,9.8,25,4,100,2,24.6,23.7,22.7,21.3,23.666666666666654,21.942857142857147,20.86428571428571,0.0,0.0,0.0,0.0,0.0,0.42857142857142855,2.3000000000000003
2024-04-10,30.7,16.8,24.7,0.0,23.4,36,4,101,2,25.6,24.6,23.7,19.2,24.633333333333315,22.557142857142857,21.02857142857143,0.0,0.0,0.0,3.0,0.0,0.42857142857142855,2.3000000000000003
2024-04-11,31.3,16.9,24.5,0.2,15.3,40,4,102,2,24.7,25.6,24.6,20.1,24.96666666666665,23.342857142857138,21.357142857142858,0.0,0.0,0.0,0.0,0.0,0.0,2.278571428571429
2024-04-12,30.5,17.9,23.6,0.5,13.9,49,4,103,2,24.5,24.7,25.6,22.0,24.93333333333332,23.971428571428568,21.578571428571426,0.2,0.0,0.0,0.0,0.06666666666666667,0.028571428571428574,2.2642857142857142
2024-04-13,19.9,16.0,18.1,23.9,17.1,75,4,104,2,23.6,24.5,24.7,22.7,24.26666666666665,24.2,21.85,0.5,0.2,0.0,0.0,0.2333333333333333,0.09999999999999999,1.3642857142857143
2024-04-14,21.8,15.1,18.3,18.1,10.9,75,4,105,2,18.1,23.6,24.5,23.7,22.066666666666652,23.542857142857144,21.92142857142857,23.9,0.5,0.2,0.0,8.2,3.514285714285714,1.9714285714285715
2024-04-15,19.5,13.7,17.1,24.7,10.2,88,4,106,2,18.3,18.1,23.6,24.6,19.999999999999986,22.771428571428576,21.95,18.1,23.9,0.5,0.0,14.166666666666666,6.1000000000000005,3.2642857142857147
2024-04-16,26.9,12.9,19.3,0.0,12.5,66,4,107,2,17.1,18.3,18.1,25.6,17.833333333333318,21.7,21.821428571428573,24.7,18.1,23.9,0.0,22.233333333333334,9.62857142857143,5.028571428571429
2024-04-17,29.2,13.9,21.5,0.0,10.0,59,4,108,2,19.3,17.1,18.3,24.7,18.233333333333317,20.8,21.678571428571427,0.0,24.7,18.1,0.0,14.266666666666666,9.62857142857143,5.028571428571429
2024-04-18,24.3,17.6,20.4,8.5,11.5,75,4,109,2,21.5,19.3,17.1,24.5,19.299999999999986,20.342857142857145,21.842857142857145,0.0,0.0,24.7,0.2,8.233333333333333,9.62857142857143,4.814285714285715
2024-04-19,18.2,15.6,17.1,40.3,13.5,88,4,110,2,20.4,21.5,19.3,23.6,20.399999999999984,19.75714285714286,21.864285714285717,8.5,0.0,0.0,0.5,2.8333333333333335,10.814285714285713,5.421428571428572
2024-04-20,24.6,15.3,19.2,8.4,20.7,69,4,111,2,17.1,20.4,21.5,18.1,19.66666666666665,18.82857142857143,21.514285714285716,40.3,8.5,0.0,23.9,16.266666666666666,16.5,8.3
2024-04-21,28.8,14.0,20.8,0.3,16.9,62,4,112,2,19.2,17.1,20.4,18.3,18.899999999999988,18.985714285714288,21.264285714285712,8.4,40.3,8.5,18.1,19.066666666666666,14.285714285714286,8.9
2024-04-22,30.0,15.1,22.2,0.0,12.6,60,4,113,2,20.8,19.2,17.1,17.1,19.033333333333317,19.342857142857145,21.057142857142857,0.3,8.4,40.3,24.7,16.333333333333332,11.742857142857142,8.921428571428573
2024-04-23,30.6,17.4,23.9,0.0,13.8,53,4,114,2,22.2,20.8,19.2,19.3,20.73333333333332,20.071428571428573,20.88571428571429,0.0,0.3,8.4,0.0,2.9000000000000004,8.214285714285714,8.921428571428573
2024-04-24,31.1,17.1,23.8,0.0,13.7,56,4,115,2,23.9,22.2,20.8,21.5,22.299999999999983,20.728571428571428,20.764285714285712,0.0,0.0,0.3,0.0,0.09999999999999999,8.214285714285714,8.921428571428573
2024-04-25,30.7,18.4,24.2,0.0,10.8,58,4,116,2,23.8,23.9,22.2,20.4,23.299999999999983,21.057142857142857,20.7,0.0,0.0,0.0,8.5,0.0,8.214285714285714,8.921428571428573
2024-04-26,29.2,18.9,22.3,1.7,17.3,65,4,117,2,24.2,23.8,23.9,17.1,23.96666666666665,21.599999999999998,20.678571428571427,0.0,0.0,0.0,40.3,0.0,7.0,8.907142857142857
2024-04-27,22.0,16.6,18.9,6.9,13.4,79,4,118,2,22.3,24.2,23.8,19.2,23.43333333333332,22.342857142857145,20.585714285714285,1.7,0.0,0.0,8.4,0.5666666666666667,1.4857142857142858,8.992857142857144
2024-04-28,20.2,15.5,17.6,20.8,11.9,80,4,119,2,18.9,22.3,24.2,20.8,21.799999999999983,22.3,20.642857142857142,6.9,1.7,0.0,0.3,2.8666666666666667,1.2714285714285716,7.778571428571429
2024-04-29,20.6,14.2,16.8,4.1,18.0,79,4,120,2,17.6,18.9,22.3,22.2,19.599999999999984,21.842857142857145,20.592857142857145,20.8,6.9,1.7,0.0,9.799999999999999,4.2,7.971428571428571
2024-04-30,22.2,11.9,17.2,0.0,28.2,63,4,121,2,16.8,17.6,18.9,23.9,17.76666666666665,21.071428571428573,20.571428571428573,4.1,20.8,6.9,0.0,10.600000000000001,4.785714285714286,6.500000000000001
2024-05-01,28.2,10.5,19.8,0.0,7.9,54,5,122,2,17.2,16.8,17.6,23.8,17.199999999999985,20.114285714285717,20.42142857142857,0.0,4.1,20.8,0.0,8.299999999999999,4.785714285714286,6.5
2024-05-02,30.4,16.0,23.2,0.0,7.2,54,5,123,2,19.8,17.2,16.8,24.2,17.93333333333332,19.542857142857144,20.3,0.0,0.0,4.1,0.0,1.3666666666666665,4.785714285714286,6.5
2024-05-03,26.5,18.4,22.2,0.0,13.7,57,5,124,2,23.2,19.8,17.2,22.3,20.066666666666652,19.400000000000002,20.5,0.0,0.0,0.0,1.7,0.0,4.785714285714286,5.892857142857143
2024-05-04,28.0,17.4,22.4,0.0,15.3,58,5,125,2,22.2,23.2,19.8,18.9,21.73333333333332,19.385714285714283,20.86428571428571,0.0,0.0,0.0,6.9,0.0,4.542857142857144,3.014285714285715
2024-05-05,32.1,16.5,24.2,0.0,15.8,56,5,126,2,22.4,22.2,23.2,17.6,22.599999999999984,19.885714285714283,21.092857142857145,0.0,0.0,0.0,20.8,0.0,3.557142857142858,2.414285714285715
2024-05-06,34.7,17.1,26.4,0.0,12.8,48,5,127,2,24.2,22.4,22.2,16.8,22.93333333333332,20.82857142857143,21.335714285714285,0.0,0.0,0.0,4.1,0.0,0.5857142857142856,2.3928571428571432
2024-05-07,35.9,17.1,27.7,0.0,14.7,40,5,128,2,26.4,24.2,22.4,17.2,24.333333333333314,22.199999999999996,21.635714285714283,0.0,0.0,0.0,0.0,0.0,0.0,2.3928571428571432
2024-05-08,36.1,19.1,28.0,0.0,8.1,43,5,129,2,27.7,26.4,24.2,19.8,26.099999999999984,23.7,21.907142857142855,0.0,0.0,0.0,0.0,0.0,0.0,2.3928571428571432
2024-05-09,36.4,21.3,28.9,0.0,10.1,41,5,130,2,28.0,27.7,26.4,23.2,27.36666666666665,24.87142857142857,22.207142857142856,0.0,0.0,0.0,0.0,0.0,0.0,2.3928571428571432
2024-05-10,35.1,22.1,29.0,0.1,20.2,38,5,131,2,28.9,28.0,27.7,22.2,28.199999999999985,25.685714285714287,22.542857142857144,0.0,0.0,0.0,0.0,0.0,0.0,2.3928571428571432
2024-05-11,34.7,21.2,27.6,0.1,27.1,45,5,132,2,29.0,28.9,28.0,22.4,28.633333333333315,26.657142857142862,23.021428571428572,0.1,0.0,0.0,0.0,0.03333333333333333,0.014285714285714287,2.2785714285714294
2024-05-12,32.1,19.5,25.0,0.3,26.8,52,5,133,2,27.6,29.0,28.9,24.2,28.499999999999986,27.400000000000002,23.642857142857142,0.1,0.1,0.0,0.0,0.06666666666666667,0.028571428571428574,1.7928571428571434
2024-05-13,33.7,18.0,26.3,0.0,9.8,44,5,134,2,25.0,27.6,29.0,26.4,27.199999999999985,27.514285714285712,24.17142857142857,0.3,0.1,0.1,0.0,0.16666666666666666,0.07142857142857142,0.32857142857142907
2024-05-14,36.3,20.6,29.0,0.0,9.7,36,5,135,2,26.3,25.0,27.6,27.7,26.299999999999983,27.5,24.849999999999998,0.0,0.3,0.1,0.0,0.13333333333333333,0.07142857142857142,0.03571428571428622
2024-05-15,37.5,21.6,30.2,0.0,7.6,36,5,136,2,29.0,26.3,25.0,28.0,26.76666666666665,27.685714285714283,25.692857142857143,0.0,0.0,0.3,0.0,0.09999999999999999,0.07142857142857142,0.03571428571428622
2024-05-16,36.7,23.0,30.4,0.1,14.2,36,5,137,2,30.2,29.0,26.3,28.9,28.499999999999986,28.0,26.435714285714283,0.0,0.0,0.0,0.0,0.0,0.07142857142857142,0.03571428571428622
2024-05-17,38.8,22.1,31.6,0.0,18.2,33,5,138,2,30.4,30.2,29.0,29.0,29.86666666666665,28.214285714285715,26.95,0.1,0.0,0.0,0.1,0.03333333333333333,0.08571428571428572,0.042857142857143364
2024-05-18,37.2,25.5,31.2,0.5,20.9,33,5,139,2,31.6,30.4,30.2,27.6,30.73333333333332,28.58571428571429,27.62142857142857,0.0,0.1,0.0,0.1,0.03333333333333333,0.07142857142857142,0.042857142857143364
2024-05-19,38.8,22.2,31.0,0.0,16.9,33,5,140,2,31.2,31.6,30.4,25.0,31.066666666666652,29.099999999999998,28.25,0.5,0.0,0.1,0.3,0.19999999999999998,0.12857142857142856,0.07857142857142908
2024-05-20,38.9,24.1,31.4,0.0,17.7,30,5,141,2,31.0,31.2,31.6,26.3,31.26666666666665,29.957142857142856,28.735714285714288,0.0,0.5,0.0,0.0,0.16666666666666666,0.0857142857142857,0.07857142857142908
2024-05-21,40.9,23.4,32.3,0.0,18.7,26,5,142,2,31.4,31.0,31.2,29.0,31.199999999999985,30.685714285714287,29.092857142857145,0.0,0.0,0.5,0.0,0.16666666666666666,0.0857142857142857,0.07857142857142908
2024-05-22,41.9,23.8,33.3,0.0,14.1,22,5,143,2,32.3,31.4,31.0,30.2,31.56666666666665,31.157142857142862,29.421428571428574,0.0,0.0,0.0,0.0,0.0,0.0857142857142857,0.07857142857142908
2024-05-23,42.0,25.0,33.3,0.0,18.1,24,5,144,2,33.3,32.3,31.4,30.4,32.333333333333314,31.599999999999998,29.800000000000004,0.0,0.0,0.0,0.1,0.0,0.0857142857142857,0.07857142857142908
2024-05-24,40.1,23.7,32.7,0.0,12.0,27,5,145,2,33.3,33.3,32.3,31.6,32.96666666666665,32.01428571428572,30.11428571428571,0.0,0.0,0.0,0.0,0.0,0.07142857142857142,0.07857142857142908
2024-05-25,42.3,25.9,33.9,0.0,11.3,25,5,146,2,32.7,33.3,33.3,31.2,33.09999999999999,32.17142857142857,30.378571428571426,0.0,0.0,0.0,0.5,0.0,0.07142857142857142,0.07142857142857194
2024-05-26,42.5,26.2,35.3,0.0,27.5,16,5,147,2,33.9,32.7,33.3,31.0,33.29999999999998,32.55714285714286,30.82857142857143,0.0,0.0,0.0,0.0,0.0,0.0,0.06428571428571479
2024-05-27,43.4,28.1,36.6,0.0,28.5,11,5,148,2,35.3,33.9,32.7,31.4,33.96666666666665,33.17142857142857,31.564285714285717,0.0,0.0,0.0,0.0,0.0,0.0,0.042857142857143364
2024-05-28,42.5,31.9,37.0,0.0,39.8,9,5,149,2,36.6,35.3,33.9,32.3,35.26666666666665,33.91428571428571,32.3,0.0,0.0,0.0,0.0,0.0,0.0,0.042857142857143364
2024-05-29,41.8,29.1,35.3,0.0,40.1,10,5,150,2,37.0,36.6,35.3,33.3,36.29999999999998,34.58571428571428,32.871428571428574,0.0,0.0,0.0,0.0,0.0,0.0,0.042857142857143364
2024-05-30,41.5,30.1,35.1,0.0,26.3,10,5,151,2,35.3,37.0,36.6,33.3,36.29999999999999,34.871428571428574,33.23571428571429,0.0,0.0,0.0,0.0,0.0,0.0,0.042857142857143364
2024-05-31,41.4,26.0,34.0,0.0,23.5,13,5,152,2,35.1,35.3,37.0,32.7,35.79999999999998,35.128571428571426,33.57142857142857,0.0,0.0,0.0,0.0,0.0,0.0,0.03571428571428622
2024-06-01,41.8,25.6,34.0,0.0,20.4,15,6,153,3,34.0,35.1,35.3,33.9,34.79999999999998,35.31428571428571,33.74285714285715,0.0,0.0,0.0,0.0,0.0,0.0,0.03571428571428622
2024-06-02,42.7,24.1,33.8,0.0,12.6,16,6,154,3,34.0,34.0,35.1,35.3,34.36666666666665,35.32857142857143,33.94285714285714,0.0,0.0,0.0,0.0,0.0,0.0,0.0
2024-06-03,43.4,27.4,34.9,0.0,16.0,20,6,155,3,33.8,34.0,34.0,36.6,33.933333333333316,35.114285714285714,34.14285714285714,0.0,0.0,0.0,0.0,0.0,0.0,0.0
2024-06-04,41.0,26.4,33.4,0.0,27.8,28,6,156,3,34.9,33.8,34.0,37.0,34.23333333333332,34.87142857142857,34.392857142857146,0.0,0.0,0.0,0.0,0.0,0.0,0.0
2024-06-05,37.0,25.6,31.0,0.0,12.2,33,6,157,3,33.4,34.9,33.8,35.3,34.033333333333324,34.357142857142854,34.47142857142857,0.0,0.0,0.0,0.0,0.0,0.0,0.0
2024-06-06,34.9,22.9,28.0,0.4,15.1,46,6,158,3,31.0,33.4,34.9,35.1,33.09999999999999,33.74285714285714,34.30714285714286,0.0,0.0,0.0,0.0,0.0,0.0,0.0
2024-06-07,35.5,21.9,29.0,0.0,10.1,39,6,159,3,28.0,31.0,33.4,34.0,30.799999999999983,32.72857142857143,33.92857142857143,0.4,0.0,0.0,0.0,0.13333333333333333,0.05714285714285715,0.02857142857142908
2024-06-08,37.7,22.9,30.3,0.0,19.2,29,6,160,3,29.0,28.0,31.0,34.0,29.333333333333318,32.01428571428571,33.66428571428571,0.0,0.4,0.0,0.0,0.13333333333333333,0.05714285714285715,0.02857142857142908
2024-06-09,39.4,22.7,31.2,0.0,14.7,26,6,161,3,30.3,29.0,28.0,33.8,29.099999999999984,31.485714285714288,33.40714285714286,0.0,0.0,0.4,0.0,0.13333333333333333,0.05714285714285715,0.02857142857142908
2024-06-10,40.9,24.3,32.6,0.0,19.8,23,6,162,3,31.2,30.3,29.0,34.9,30.166666666666654,31.11428571428571,33.114285714285714,0.0,0.0,0.0,0.0,0.0,0.05714285714285715,0.02857142857142908
2024-06-11,41.6,26.3,33.5,0.0,10.4,25,6,163,3,32.6,31.2,30.3,33.4,31.366666666666656,30.785714285714285,32.82857142857143,0.0,0.0,0.0,0.0,0.0,0.05714285714285715,0.02857142857142908
2024-06-12,42.1,25.8,34.1,0.0,11.6,27,6,164,3,33.5,32.6,31.2,31.0,32.433333333333316,30.800000000000004,32.57857142857143,0.0,0.0,0.0,0.0,0.0,0.05714285714285715,0.02857142857142908
2024-06-13,42.6,25.1,34.4,0.0,15.1,28,6,165,3,34.1,33.5,32.6,28.0,33.399999999999984,31.242857142857144,32.49285714285714,0.0,0.0,0.0,0.4,0.0,0.05714285714285715,0.02857142857142908
2024-06-14,40.6,25.8,33.8,0.0,16.6,30,6,166,3,34.4,34.1,33.5,29.0,33.99999999999999,32.15714285714286,32.44285714285714,0.0,0.0,0.0,0.0,0.0,0.0,0.02857142857142908
2024-06-15,41.9,26.4,34.4,0.0,8.4,28,6,167,3,33.8,34.4,34.1,30.3,34.09999999999999,32.84285714285714,32.42857142857143,0.0,0.0,0.0,0.0,0.0,0.0,0.02857142857142908
2024-06-16,44.2,28.2,35.6,0.0,11.5,26,6,168,3,34.4,33.8,34.4,31.2,34.19999999999998,33.42857142857143,32.457142857142856,0.0,0.0,0.0,0.0,0.0,0.0,0.02857142857142908
2024-06-17,43.6,28.2,35.9,0.0,12.1,25,6,169,3,35.6,34.4,33.8,32.6,34.59999999999999,34.05714285714286,32.58571428571429,0.0,0.0,0.0,0.0,0.0,0.0,0.02857142857142908
2024-06-18,43.7,27.7,36.0,0.0,11.5,21,6,170,3,35.9,35.6,34.4,33.5,35.29999999999998,34.52857142857143,32.65714285714286,0.0,0.0,0.0,0.0,0.0,0.0,0.02857142857142908
2024-06-19,43.4,29.2,36.4,0.0,22.4,18,6,171,3,36.0,35.9,35.6,34.1,35.83333333333332,34.885714285714286,32.84285714285714,0.0,0.0,0.0,0.0,0.0,0.0,0.02857142857142908
2024-06-20,39.3,27.3,33.6,0.0,18.2,29,6,172,3,36.4,36.0,35.9,34.4,36.09999999999999,35.214285714285715,33.22857142857143,0.0,0.0,0.0,0.0,0.0,0.0,0.02857142857142908
2024-06-21,35.1,25.0,30.0,2.3,18.9,48,6,173,3,33.6,36.4,36.0,33.8,35.33333333333332,35.1,33.628571428571426,0.0,0.0,0.0,0.0,0.0,0.0,0.0
2024-06-22,39.6,26.4,32.6,0.0,16.3,38,6,174,3,30.0,33.6,36.4,34.4,33.33333333333332,34.55714285714286,33.7,2.3,0.0,0.0,0.0,0.7666666666666666,0.32857142857142857,0.16428571428571478
2024-06-23,39.0,27.7,33.8,0.0,12.8,31,6,175,3,32.6,30.0,33.6,35.6,32.066666666666656,34.3,33.864285714285714,0.0,2.3,0.0,0.0,0.7666666666666666,0.32857142857142857,0.16428571428571478
2024-06-24,42.4,28.4,34.8,0.0,10.4,29,6,176,3,33.8,32.6,30.0,35.9,32.13333333333332,34.042857142857144,34.05,0.0,0.0,2.3,0.0,0.7666666666666666,0.32857142857142857,0.16428571428571478
2024-06-25,42.7,28.6,35.1,0.0,16.0,27,6,177,3,34.8,33.8,32.6,36.0,33.73333333333332,33.885714285714286,34.207142857142856,0.0,0.0,0.0,0.0,0.0,0.32857142857142857,0.16428571428571478
2024-06-26,43.8,28.5,36.6,0.0,10.4,26,6,178,3,35.1,34.8,33.8,36.4,34.566666666666656,33.75714285714285,34.32142857142857,0.0,0.0,0.0,0.0,0.0,0.32857142857142857,0.16428571428571478
2024-06-27,43.7,28.5,35.9,0.0,12.6,33,6,179,3,36.6,35.1,34.8,33.6,35.49999999999998,33.785714285714285,34.5,0.0,0.0,0.0,0.0,0.0,0.32857142857142857,0.16428571428571478
2024-06-28,41.1,28.7,34.3,0.0,15.0,48,6,180,3,35.9,36.6,35.1,30.0,35.86666666666665,34.114285714285714,34.607142857142854,0.0,0.0,0.0,2.3,0.0,0.32857142857142857,0.16428571428571478
2024-06-29,41.7,29.8,35.0,0.0,20.8,46,6,181,3,34.3,35.9,36.6,32.6,35.59999999999999,34.72857142857143,34.642857142857146,0.0,0.0,0.0,0.0,0.0,0.0,0.16428571428571478
2024-06-30,42.1,30.2,35.4,0.0,18.7,47,6,182,3,35.0,34.3,35.9,33.8,35.066666666666656,35.07142857142857,34.68571428571428,0.0,0.0,0.0,0.0,0.0,0.0,0.16428571428571478
2024-07-01,43.4,29.8,36.1,0.0,13.0,46,7,183,3,35.4,35.0,34.3,34.8,34.899999999999984,35.3,34.67142857142857,0.0,0.0,0.0,0.0,0.0,0.0,0.16428571428571478
2024-07-02,41.6,28.0,35.0,0.0,19.5,51,7,184,3,36.1,35.4,35.0,35.1,35.499999999999986,35.48571428571429,34.68571428571428,0.0,0.0,0.0,0.0,0.0,0.0,0.16428571428571478
2024-07-03,43.1,28.7,36.1,0.3,20.3,52,7,185,3,35.0,36.1,35.4,36.6,35.499999999999986,35.471428571428575,34.614285714285714,0.0,0.0,0.0,0.0,0.0,0.0,0.16428571428571478
2024-07-04,38.4,26.8,33.0,4.1,19.4,63,7,186,3,36.1,35.0,36.1,35.9,35.73333333333332,35.4,34.59285714285714,0.3,0.0,0.0,0.0,0.09999999999999999,0.04285714285714286,0.1857142857142862
2024-07-05,35.6,25.4,29.8,3.7,22.1,70,7,187,3,33.0,36.1,35.0,34.3,34.69999999999999,34.98571428571429,34.55,4.1,0.3,0.0,0.0,1.4666666666666666,0.6285714285714284,0.47857142857142904
2024-07-06,36.3,24.8,30.1,0.5,18.5,64,7,188,3,29.8,33.0,36.1,35.0,32.966666666666654,34.34285714285714,34.535714285714285,3.7,4.1,0.3,0.0,2.6999999999999997,1.157142857142857,0.5785714285714291
2024-07-07,35.4,22.5,28.9,11.0,20.8,66,7,189,3,30.1,29.8,33.0,35.4,30.966666666666654,33.642857142857146,34.357142857142854,0.5,3.7,4.1,0.0,2.766666666666667,1.2285714285714284,0.6142857142857148
2024-07-08,38.6,24.6,31.8,0.0,12.2,57,7,190,3,28.9,30.1,29.8,36.1,29.599999999999984,32.714285714285715,34.00714285714286,11.0,0.5,3.7,0.0,5.066666666666667,2.8000000000000003,1.4000000000000006
2024-07-09,38.5,27.1,32.2,0.0,19.2,58,7,191,3,31.8,28.9,30.1,35.0,30.26666666666665,32.1,33.792857142857144,0.0,11.0,0.5,0.0,3.8333333333333335,2.8000000000000003,1.4000000000000006
2024-07-10,36.5,27.4,31.8,14.5,12.2,63,7,192,3,32.2,31.8,28.9,36.1,30.96666666666665,31.7,33.58571428571428,0.0,0.0,11.0,0.3,3.6666666666666665,2.8000000000000003,1.4000000000000006
2024-07-11,39.0,28.4,33.6,0.0,18.9,56,7,193,3,31.8,32.2,31.8,33.0,31.933333333333323,31.085714285714285,33.24285714285715,14.5,0.0,0.0,4.1,4.833333333333333,4.828571428571428,2.4357142857142864
2024-07-12,37.5,28.8,32.2,6.0,26.2,58,7,194,3,33.6,31.8,32.2,29.8,32.533333333333324,31.17142857142857,33.07857142857143,0.0,14.5,0.0,3.7,4.833333333333333,4.242857142857143,2.4357142857142864
2024-07-13,35.9,24.3,30.3,13.1,18.4,59,7,195,3,32.2,33.6,31.8,30.1,32.533333333333324,31.514285714285712,32.92857142857143,6.0,0.0,14.5,0.5,6.833333333333333,4.571428571428571,2.8642857142857148
2024-07-14,37.6,23.7,31.3,2.5,15.0,52,7,196,3,30.3,32.2,33.6,28.9,32.033333333333324,31.542857142857144,32.59285714285714,13.1,6.0,0.0,11.0,6.366666666666667,6.371428571428571,3.8000000000000003
2024-07-15,39.2,26.7,32.5,0.0,27.5,49,7,197,3,31.3,30.3,32.2,31.8,31.26666666666665,31.885714285714283,32.3,2.5,13.1,6.0,0.0,7.2,5.157142857142857,3.9785714285714286
2024-07-16,40.4,28.8,34.1,0.6,10.1,44,7,198,3,32.5,31.3,30.3,32.2,31.36666666666665,31.985714285714288,32.042857142857144,0.0,2.5,13.1,0.0,5.2,5.157142857142857,3.9785714285714286
2024-07-17,39.4,27.9,34.0,0.0,20.4,48,7,199,3,34.1,32.5,31.3,31.8,32.63333333333332,32.25714285714286,31.97857142857143,0.6,0.0,2.5,14.5,1.0333333333333334,5.242857142857142,4.021428571428571
2024-07-18,37.9,25.9,32.5,1.8,15.5,54,7,200,3,34.0,34.1,32.5,33.6,33.53333333333331,32.57142857142857,31.82857142857143,0.0,0.6,0.0,0.0,0.19999999999999998,3.1714285714285713,4.000000000000001
2024-07-19,40.4,28.7,34.0,1.0,9.8,50,7,201,3,32.5,34.0,34.1,32.2,33.53333333333331,32.41428571428571,31.792857142857144,1.8,0.0,0.6,6.0,0.7999999999999999,3.4285714285714284,3.8357142857142863
2024-07-20,40.8,29.2,34.3,1.0,14.3,49,7,202,3,34.0,32.5,34.0,30.3,33.49999999999998,32.67142857142857,32.09285714285714,1.0,1.8,0.0,13.1,0.9333333333333332,2.7142857142857144,3.6428571428571432
2024-07-21,43.3,29.2,35.7,0.0,17.3,46,7,203,3,34.3,34.0,32.5,31.3,33.59999999999999,33.24285714285714,32.392857142857146,1.0,1.0,1.8,2.5,1.2666666666666666,0.9857142857142858,3.6785714285714293
2024-07-22,40.8,30.2,35.1,1.2,16.6,51,7,204,3,35.7,34.3,34.0,32.5,34.66666666666665,33.871428571428574,32.878571428571426,0.0,1.0,1.0,0.0,0.6666666666666666,0.6285714285714287,2.8928571428571432
2024-07-23,36.9,28.1,32.2,2.0,18.9,63,7,205,3,35.1,35.7,34.3,34.1,35.03333333333332,34.24285714285715,33.114285714285714,1.2,0.0,1.0,0.6,0.7333333333333334,0.7999999999999999,2.9785714285714286
2024-07-24,39.8,28.1,33.5,0.1,13.2,58,7,206,3,32.2,35.1,35.7,34.0,34.33333333333332,33.971428571428575,33.114285714285714,2.0,1.2,0.0,0.0,1.0666666666666667,1.0,3.1214285714285714
2024-07-25,41.1,27.2,34.6,0.0,15.3,53,7,207,3,33.5,32.2,35.1,32.5,33.59999999999999,33.9,33.23571428571429,0.1,2.0,1.2,1.8,1.1,1.0142857142857142,2.092857142857143
2024-07-26,41.3,28.2,35.1,0.0,16.0,55,7,208,3,34.6,33.5,32.2,34.0,33.433333333333316,34.2,33.30714285714286,0.0,0.1,2.0,1.0,0.7000000000000002,0.757142857142857,2.092857142857143
2024-07-27,42.6,30.3,36.0,0.0,11.5,53,7,209,3,35.1,34.6,33.5,34.3,34.399999999999984,34.35714285714286,33.51428571428572,0.0,0.0,0.1,1.0,0.033333333333333486,0.6142857142857141,1.6642857142857146
2024-07-28,35.4,27.1,30.6,3.9,21.5,76,7,210,3,36.0,35.1,34.6,35.7,35.23333333333332,34.6,33.92142857142857,0.0,0.0,0.0,0.0,0.0,0.4714285714285714,0.728571428571429
2024-07-29,34.9,27.4,30.6,1.6,10.7,77,7,211,3,30.6,36.0,35.1,35.1,33.899999999999984,33.871428571428574,33.871428571428574,3.9,0.0,0.0,1.2,1.3,1.0285714285714285,0.8285714285714291
2024-07-30,31.8,26.2,28.8,13.4,10.8,83,7,212,3,30.6,30.6,36.0,32.2,32.399999999999984,33.22857142857143,33.73571428571429,1.6,3.9,0.0,2.0,1.8333333333333333,1.0857142857142856,0.9428571428571433
2024-07-31,37.3,26.0,31.5,0.0,10.5,70,7,213,3,28.8,30.6,30.6,33.5,29.999999999999986,32.74285714285715,33.357142857142854,13.4,1.6,3.9,0.1,6.3,2.7142857142857144,1.8571428571428577
2024-08-01,33.8,26.8,29.9,5.5,14.5,77,8,214,3,31.5,28.8,30.6,34.6,30.299999999999983,32.45714285714286,33.17857142857143,0.0,13.4,1.6,0.0,5.0,2.6999999999999997,1.8571428571428577
2024-08-02,35.1,25.6,30.4,0.4,8.4,72,8,215,3,29.9,31.5,28.8,35.1,30.06666666666665,31.78571428571429,32.99285714285714,5.5,0.0,13.4,0.0,6.3,3.4857142857142853,2.121428571428572
2024-08-03,33.8,25.6,29.0,48.1,15.8,81,8,216,3,30.4,29.9,31.5,36.0,30.599999999999984,31.11428571428571,32.73571428571429,0.4,5.5,0.0,0.0,1.9666666666666668,3.5428571428571423,2.0785714285714287
2024-08-04,32.2,25.0,27.5,39.9,9.3,85,8,217,3,29.0,30.4,29.9,30.6,29.76666666666665,30.11428571428571,32.357142857142854,48.1,0.4,5.5,3.9,18.0,10.414285714285715,5.442857142857143
2024-08-05,33.9,25.4,29.5,6.2,7.3,82,8,218,3,27.5,29.0,30.4,30.6,28.96666666666665,29.67142857142857,31.771428571428572,39.9,48.1,0.4,1.6,29.46666666666667,15.557142857142859,8.292857142857143
2024-08-06,33.6,25.4,29.1,4.6,16.1,82,8,219,3,29.5,27.5,29.0,28.8,28.666666666666654,29.514285714285712,31.371428571428574,6.2,39.9,48.1,13.4,31.399999999999995,16.214285714285715,8.65
2024-08-07,32.4,24.6,27.7,10.0,14.2,83,8,220,3,29.1,29.5,27.5,31.5,28.699999999999985,29.557142857142857,31.15,4.6,6.2,39.9,0.0,16.9,14.957142857142856,8.835714285714285
2024-08-08,32.9,23.8,27.8,24.5,10.7,82,8,221,3,27.7,29.1,29.5,29.9,28.76666666666665,29.014285714285712,30.735714285714284,10.0,4.6,6.2,5.5,6.933333333333334,16.385714285714283,9.542857142857144
2024-08-09,33.3,24.2,28.9,2.0,11.4,80,8,222,3,27.8,27.7,29.1,30.4,28.199999999999985,28.714285714285715,30.25,24.5,10.0,4.6,0.4,13.033333333333333,19.099999999999998,11.292857142857144
2024-08-10,34.4,25.0,29.3,12.5,22.6,82,8,223,3,28.9,27.8,27.7,29.0,28.133333333333315,28.5,29.807142857142857,2.0,24.5,10.0,48.1,12.166666666666666,19.328571428571426,11.435714285714287
2024-08-11,32.1,24.0,27.4,5.3,12.3,83,8,224,3,29.3,28.9,27.8,27.5,28.666666666666647,28.542857142857144,29.32857142857143,12.5,2.0,24.5,39.9,13.0,14.242857142857142,12.328571428571431
2024-08-12,33.0,25.1,28.4,5.8,7.3,82,8,225,3,27.4,29.3,28.9,29.5,28.533333333333317,28.528571428571432,29.099999999999998,5.3,12.5,2.0,6.2,6.6000000000000005,9.299999999999999,12.428571428571429
2024-08-13,34.9,25.6,30.2,0.2,7.2,76,8,226,3,28.4,27.4,29.3,29.1,28.366666666666646,28.371428571428574,28.942857142857143,5.8,5.3,12.5,4.6,7.866666666666667,9.242857142857144,12.72857142857143
2024-08-14,34.9,26.9,30.6,1.0,11.5,78,8,227,3,30.2,28.4,27.4,27.7,28.666666666666647,28.52857142857143,29.04285714285714,0.2,5.8,5.3,10.0,3.766666666666666,8.614285714285716,11.785714285714286
2024-08-15,30.0,25.1,27.3,17.5,18.1,86,8,228,3,30.6,30.2,28.4,27.8,29.733333333333317,28.942857142857143,28.978571428571428,1.0,0.2,5.8,24.5,2.3333333333333335,7.328571428571428,11.857142857142858
2024-08-16,33.8,24.9,28.9,1.8,9.0,80,8,229,3,27.3,30.6,30.2,28.9,29.36666666666665,28.87142857142857,28.792857142857144,17.5,1.0,0.2,2.0,6.233333333333333,6.328571428571428,12.714285714285714
2024-08-17,31.2,24.5,26.5,56.0,10.9,88,8,230,3,28.9,27.3,30.6,29.3,28.93333333333332,28.871428571428574,28.685714285714283,1.8,17.5,1.0,12.5,6.766666666666667,6.3,12.814285714285715
2024-08-18,34.9,24.0,28.8,0.1,13.8,79,8,231,3,26.5,28.9,27.3,27.4,27.566666666666652,28.47142857142857,28.507142857142856,56.0,1.8,17.5,5.3,25.099999999999998,12.514285714285714,13.37857142857143
2024-08-19,33.0,25.2,28.9,2.4,12.8,81,8,232,3,28.8,26.5,28.9,28.4,28.06666666666665,28.67142857142857,28.599999999999998,0.1,56.0,1.8,5.8,19.3,11.771428571428572,10.535714285714286
2024-08-20,30.7,23.5,26.5,25.5,15.8,83,8,233,3,28.9,28.8,26.5,30.2,28.06666666666665,28.742857142857144,28.557142857142853,2.4,0.1,56.0,0.2,19.5,11.285714285714286,10.264285714285716
2024-08-21,31.8,23.9,27.3,19.1,8.3,77,8,234,3,26.5,28.9,28.8,30.6,28.06666666666665,28.214285714285715,28.37142857142857,25.5,2.4,0.1,1.0,9.333333333333334,14.900000000000002,11.757142857142858
2024-08-22,34.6,23.6,28.8,0.0,7.3,72,8,235,3,27.3,26.5,28.9,27.3,27.566666666666652,27.74285714285714,28.342857142857145,19.1,25.5,2.4,17.5,15.666666666666666,17.485714285714288,12.407142857142858
2024-08-23,34.7,24.5,29.2,0.0,14.0,71,8,236,3,28.8,27.3,26.5,28.9,27.533333333333317,27.957142857142856,28.414285714285715,0.0,19.1,25.5,1.8,14.866666666666667,14.985714285714286,10.657142857142858
2024-08-24,34.7,25.0,29.6,0.1,11.2,71,8,237,3,29.2,28.8,27.3,26.5,28.43333333333332,28.0,28.435714285714283,0.0,0.0,19.1,56.0,6.366666666666667,14.72857142857143,10.514285714285716
2024-08-25,33.6,24.1,29.1,5.9,16.2,75,8,238,3,29.6,29.2,28.8,28.8,29.199999999999985,28.442857142857147,28.457142857142856,0.1,0.0,0.0,0.1,0.03333333333333333,6.742857142857143,9.62857142857143
2024-08-26,34.0,24.6,29.2,0.0,9.7,74,8,239,3,29.1,29.6,29.2,28.9,29.299999999999983,28.485714285714288,28.57857142857143,5.9,0.1,0.0,2.4,2.0,7.571428571428571,9.671428571428573
2024-08-27,31.4,23.9,26.9,8.9,11.4,78,8,240,3,29.2,29.1,29.6,26.5,29.299999999999983,28.52857142857143,28.63571428571429,0.0,5.9,0.1,25.5,2.0,7.228571428571429,9.257142857142856
2024-08-28,31.7,23.3,26.4,0.2,14.5,79,8,241,3,26.9,29.2,29.1,27.3,28.39999999999998,28.585714285714285,28.400000000000002,8.9,0.0,5.9,19.1,4.933333333333334,4.857142857142857,9.87857142857143
2024-08-29,30.5,22.9,26.7,3.2,13.3,77,8,242,3,26.4,26.9,29.2,28.8,27.499999999999982,28.45714285714286,28.099999999999998,0.2,8.9,0.0,0.0,3.033333333333333,2.157142857142857,9.821428571428571
2024-08-30,27.1,23.2,24.8,29.6,8.8,87,8,243,3,26.7,26.4,26.9,29.2,26.666666666666647,28.157142857142855,28.057142857142857,3.2,0.2,8.9,0.0,4.1000000000000005,2.6142857142857143,8.8
2024-08-31,35.0,22.7,28.2,0.0,11.0,69,8,244,3,24.8,26.7,26.4,29.6,25.96666666666665,27.52857142857143,27.764285714285712,29.6,3.2,0.2,0.1,11.0,6.842857142857143,10.785714285714286
2024-09-01,34.9,24.2,29.2,0.0,7.0,72,9,245,4,28.2,24.8,26.7,29.1,26.56666666666665,27.328571428571426,27.88571428571429,0.0,29.6,3.2,5.9,10.933333333333332,6.828571428571428,6.7857142857142865
2024-09-02,30.9,24.3,27.4,23.4,13.1,82,9,246,4,29.2,28.2,24.8,29.2,27.39999999999998,27.342857142857145,27.914285714285715,0.0,0.0,29.6,0.0,9.866666666666667,5.985714285714287,6.77857142857143
2024-09-03,30.8,22.9,26.2,21.8,10.4,81,9,247,4,27.4,29.2,28.2,26.9,28.26666666666665,27.085714285714285,27.807142857142857,23.4,0.0,0.0,8.9,7.8,9.328571428571427,8.278571428571428
2024-09-04,33.5,24.0,28.1,0.0,8.9,75,9,248,4,26.2,27.4,29.2,26.4,27.599999999999984,26.985714285714288,27.785714285714285,21.8,23.4,0.0,0.2,15.066666666666668,11.171428571428573,8.014285714285716
2024-09-05,33.0,23.6,28.0,0.6,8.0,78,9,249,4,28.1,26.2,27.4,26.7,27.233333333333317,27.228571428571428,27.842857142857145,0.0,21.8,23.4,3.2,15.066666666666668,11.142857142857142,6.650000000000001
2024-09-06,31.1,22.7,26.7,11.0,15.1,81,9,250,4,28.0,28.1,26.2,24.8,27.43333333333332,27.414285714285715,27.785714285714285,0.6,0.0,21.8,29.6,7.466666666666668,10.77142857142857,6.692857142857144
2024-09-07,32.2,22.2,26.8,5.4,8.3,80,9,251,4,26.7,28.0,28.1,28.2,27.599999999999984,27.685714285714283,27.607142857142858,11.0,0.6,0.0,0.0,3.8666666666666667,8.114285714285716,7.4785714285714295
2024-09-08,33.5,22.8,27.8,3.1,8.2,77,9,252,4,26.8,26.7,28.0,29.2,27.166666666666647,27.485714285714288,27.407142857142855,5.4,11.0,0.6,0.0,5.666666666666667,8.885714285714284,7.857142857142857
2024-09-09,34.2,23.5,28.6,0.0,6.1,74,9,253,4,27.8,26.8,26.7,27.4,27.099999999999984,27.285714285714285,27.314285714285717,3.1,5.4,11.0,23.4,6.5,9.328571428571427,7.6571428571428575
2024-09-10,33.5,24.1,28.0,0.9,11.2,73,9,254,4,28.6,27.8,26.8,26.2,27.733333333333317,27.45714285714286,27.27142857142857,0.0,3.1,5.4,21.8,2.8333333333333335,5.985714285714286,7.657142857142858
2024-09-11,34.1,23.6,28.4,2.3,16.7,69,9,255,4,28.0,28.6,27.8,28.1,28.133333333333315,27.714285714285715,27.349999999999998,0.9,0.0,3.1,0.0,1.3333333333333333,3.0,7.085714285714287
2024-09-12,35.8,24.2,29.3,0.0,11.3,65,9,256,4,28.4,28.0,28.6,28.0,28.333333333333318,27.75714285714286,27.492857142857144,2.3,0.9,0.0,0.6,1.0666666666666667,3.3285714285714287,7.235714285714287
2024-09-13,34.0,24.6,28.8,0.0,11.9,67,9,257,4,29.3,28.4,28.0,26.7,28.56666666666665,27.942857142857143,27.678571428571427,0.0,2.3,0.9,11.0,1.0666666666666667,3.242857142857143,7.007142857142858
2024-09-14,30.4,21.6,25.1,16.3,30.1,76,9,258,4,28.8,29.3,28.4,26.8,28.833333333333314,28.242857142857144,27.964285714285715,0.0,0.0,2.3,5.4,0.7666666666666666,1.6714285714285713,4.892857142857144
2024-09-15,33.7,20.5,26.8,2.4,13.5,64,9,259,4,25.1,28.8,29.3,27.8,27.73333333333332,28.0,27.74285714285714,16.3,0.0,0.0,3.1,5.433333333333334,3.2285714285714286,6.057142857142858
2024-09-16,34.0,21.0,27.5,0.0,7.4,66,9,260,4,26.8,25.1,28.8,28.6,26.899999999999988,27.857142857142858,27.571428571428573,2.4,16.3,0.0,0.0,6.233333333333333,3.1285714285714277,6.2285714285714295
2024-09-17,34.8,22.9,28.4,0.0,10.4,57,9,261,4,27.5,26.8,25.1,28.0,26.46666666666665,27.7,27.57857142857143,0.0,2.4,16.3,0.9,6.233333333333333,3.1285714285714277,4.557142857142858
2024-09-18,34.8,23.0,27.9,0.0,7.7,55,9,262,4,28.4,27.5,26.8,28.4,27.56666666666665,27.75714285714286,27.735714285714288,0.0,0.0,2.4,2.3,0.7999999999999999,2.9999999999999996,3.0000000000000004
2024-09-19,35.9,22.8,28.4,0.0,8.6,59,9,263,4,27.9,28.4,27.5,29.3,27.93333333333332,27.685714285714283,27.72142857142857,0.0,0.0,0.0,0.0,0.0,2.671428571428571,3.0000000000000004
2024-09-20,35.9,21.8,28.5,0.0,7.9,56,9,264,4,28.4,27.9,28.4,28.8,28.233333333333317,27.557142857142857,27.75,0.0,0.0,0.0,0.0,0.0,2.671428571428571,2.9571428571428577
2024-09-21,34.9,22.0,28.4,0.0,10.5,67,9,265,4,28.5,28.4,27.9,25.1,28.26666666666665,27.514285714285712,27.87857142857143,0.0,0.0,0.0,16.3,0.0,2.671428571428571,2.1714285714285717
2024-09-22,35.4,23.9,29.4,0.0,15.0,68,9,266,4,28.4,28.5,28.4,26.8,28.43333333333332,27.985714285714288,27.99285714285714,0.0,0.0,0.0,2.4,0.0,0.34285714285714236,1.7857142857142863
2024-09-23,35.9,25.2,30.3,0.0,13.1,66,9,267,4,29.4,28.4,28.5,27.5,28.76666666666665,28.357142857142858,28.107142857142858,0.0,0.0,0.0,0.0,0.0,0.0,1.5642857142857147
2024-09-24,36.6,25.9,30.7,0.0,11.1,67,9,268,4,30.3,29.4,28.4,28.4,29.36666666666665,28.757142857142856,28.22857142857143,0.0,0.0,0.0,0.0,0.0,0.0,1.5642857142857147
2024-09-25,36.4,25.6,30.7,0.0,13.6,66,9,269,4,30.7,30.3,29.4,27.9,30.133333333333315,29.085714285714282,28.421428571428574,0.0,0.0,0.0,0.0,0.0,0.0,1.5000000000000004
2024-09-26,34.2,25.4,28.8,2.1,16.6,71,9,270,4,30.7,30.7,30.3,28.4,30.56666666666665,29.485714285714288,28.585714285714285,0.0,0.0,0.0,0.0,0.0,0.0,1.335714285714286
2024-09-27,27.9,21.3,24.3,16.6,11.5,79,9,271,4,28.8,30.7,30.7,28.5,30.066666666666652,29.542857142857144,28.55,2.1,0.0,0.0,0.0,0.7000000000000001,0.2999999999999995,1.4857142857142862
2024-09-28,30.8,21.2,26.2,0.0,11.5,67,9,272,4,24.3,28.8,30.7,28.4,27.93333333333332,28.942857142857143,28.22857142857143,16.6,2.1,0.0,0.0,6.233333333333334,2.6714285714285713,2.6714285714285717
2024-09-29,33.4,22.2,27.5,0.0,8.6,61,9,273,4,26.2,24.3,28.8,29.4,26.43333333333332,28.628571428571426,28.307142857142857,0.0,16.6,2.1,0.0,6.233333333333334,2.6714285714285713,1.5071428571428578
2024-09-30,35.2,23.0,27.8,0.0,7.3,59,9,274,4,27.5,26.2,24.3,30.3,25.999999999999982,28.357142857142858,28.357142857142858,0.0,0.0,16.6,0.0,5.533333333333334,2.6714285714285713,1.3357142857142865
2024-10-01,34.9,21.5,27.0,0.0,11.2,61,10,275,4,27.8,27.5,26.2,30.7,27.166666666666654,28.0,28.37857142857143,0.0,0.0,0.0,0.0,0.0,2.6714285714285713,1.3357142857142865
2024-10-02,35.3,21.3,27.4,0.0,10.3,59,10,276,4,27.0,27.8,27.5,30.7,27.43333333333332,27.47142857142857,28.278571428571432,0.0,0.0,0.0,0.0,0.0,2.6714285714285713,1.3357142857142865
2024-10-03,35.2,21.0,27.3,0.0,9.7,55,10,277,4,27.4,27.0,27.8,28.8,27.39999999999998,27.0,28.24285714285714,0.0,0.0,0.0,2.1,0.0,2.6714285714285713,1.3357142857142865
2024-10-04,34.1,21.2,27.2,0.0,14.7,66,10,278,4,27.3,27.4,27.0,24.3,27.23333333333332,26.785714285714285,28.164285714285715,0.0,0.0,0.0,16.6,0.0,2.371428571428571,1.3357142857142865
2024-10-05,31.8,22.0,25.5,7.0,12.6,74,10,279,4,27.2,27.3,27.4,26.2,27.299999999999983,27.2,28.071428571428573,0.0,0.0,0.0,0.0,0.0,0.0,1.3357142857142865
2024-10-06,32.1,20.5,25.6,0.0,8.3,62,10,280,4,25.5,27.2,27.3,27.5,26.666666666666647,27.099999999999998,27.864285714285717,7.0,0.0,0.0,0.0,2.3333333333333335,0.9999999999999994,1.8357142857142865
2024-10-07,33.3,21.0,25.5,1.8,22.3,54,10,281,4,25.6,25.5,27.2,27.8,26.099999999999984,26.828571428571426,27.592857142857145,0.0,7.0,0.0,0.0,2.3333333333333335,0.9999999999999994,1.8357142857142865
2024-10-08,29.3,19.1,23.3,1.8,14.2,60,10,282,4,25.5,25.6,25.5,27.0,25.533333333333317,26.5,27.25,1.8,0.0,7.0,0.0,2.9333333333333336,1.2571428571428567,1.964285714285715
2024-10-09,31.6,17.7,24.2,0.1,12.5,47,10,283,4,23.3,25.5,25.6,27.4,24.799999999999983,25.97142857142857,26.721428571428568,1.8,1.8,0.0,0.0,1.2,1.5142857142857138,2.092857142857144
2024-10-10,32.0,17.6,24.6,0.0,7.3,46,10,284,4,24.2,23.3,25.5,27.3,24.333333333333318,25.514285714285712,26.25714285714286,0.1,1.8,1.8,0.0,1.2333333333333334,1.528571428571428,2.1000000000000005
2024-10-11,33.5,18.2,24.7,0.0,11.1,48,10,285,4,24.6,24.2,23.3,27.2,24.033333333333317,25.12857142857143,25.957142857142856,0.0,0.1,1.8,0.0,0.6333333333333334,1.528571428571428,1.9500000000000006
2024-10-12,32.3,18.7,24.1,0.0,9.3,58,10,286,4,24.7,24.6,24.2,25.5,24.499999999999982,24.771428571428572,25.985714285714284,0.0,0.0,0.1,7.0,0.03333333333333333,1.528571428571428,0.7642857142857148
2024-10-13,32.0,17.8,24.6,0.0,10.9,62,10,287,4,24.1,24.7,24.6,25.6,24.46666666666665,24.571428571428573,25.835714285714285,0.0,0.0,0.0,0.0,0.0,0.5285714285714281,0.7642857142857148
2024-10-14,31.1,18.6,24.7,0.1,8.4,62,10,288,4,24.6,24.1,24.7,25.5,24.46666666666665,24.428571428571427,25.62857142857143,0.0,0.0,0.0,1.8,0.0,0.5285714285714281,0.7642857142857148
2024-10-15,32.4,19.4,25.0,0.0,7.5,52,10,289,4,24.7,24.6,24.1,23.3,24.46666666666665,24.314285714285717,25.407142857142855,0.1,0.0,0.0,1.8,0.03333333333333333,0.2857142857142852,0.771428571428572
2024-10-16,32.2,17.7,24.7,0.0,10.3,57,10,290,4,25.0,24.7,24.6,24.2,24.76666666666665,24.557142857142857,25.264285714285712,0.0,0.1,0.0,0.1,0.03333333333333333,0.028571428571428064,0.771428571428572
2024-10-17,31.9,19.3,24.7,0.0,7.2,56,10,291,4,24.7,25.0,24.7,24.6,24.799999999999983,24.62857142857143,25.071428571428573,0.0,0.0,0.1,0.0,0.03333333333333333,0.014285714285713779,0.771428571428572
2024-10-18,32.5,18.3,24.7,0.0,8.4,53,10,292,4,24.7,24.7,25.0,24.7,24.799999999999983,24.642857142857142,24.885714285714283,0.0,0.0,0.0,0.0,0.0,0.014285714285713779,0.771428571428572
2024-10-19,32.7,18.9,24.5,0.0,10.0,55,10,293,4,24.7,24.7,24.7,24.1,24.7,24.642857142857142,24.707142857142856,0.0,0.0,0.0,0.0,0.0,0.014285714285713779,0.771428571428572
2024-10-20,30.8,18.1,24.0,0.0,9.6,66,10,294,4,24.5,24.7,24.7,24.6,24.633333333333315,24.7,24.635714285714283,0.0,0.0,0.0,0.0,0.0,0.014285714285713779,0.27142857142857196
2024-10-21,31.2,19.3,24.8,0.0,9.1,63,10,295,4,24.0,24.5,24.7,24.7,24.39999999999998,24.614285714285717,24.52142857142857,0.0,0.0,0.0,0.1,0.0,0.014285714285713779,0.27142857142857196
2024-10-22,28.8,18.5,23.4,1.8,11.2,72,10,296,4,24.8,24.0,24.5,25.0,24.43333333333332,24.628571428571426,24.471428571428568,0.0,0.0,0.0,0.0,0.0,0.0,0.14285714285714338
2024-10-23,28.2,18.2,22.8,0.1,9.4,67,10,297,4,23.4,24.8,24.0,24.7,24.06666666666665,24.4,24.47857142857143,1.8,0.0,0.0,0.0,0.6,0.2571428571428566,0.14285714285714338
2024-10-24,30.5,16.9,23.7,4.2,14.7,58,10,298,4,22.8,23.4,24.8,24.7,23.666666666666647,24.12857142857143,24.378571428571426,0.1,1.8,0.0,0.0,0.6333333333333334,0.27142857142857096,0.14285714285714338
2024-10-25,31.7,15.5,24.1,0.0,8.4,46,10,299,4,23.7,22.8,23.4,24.7,23.299999999999983,23.985714285714288,24.314285714285717,4.2,0.1,1.8,0.0,2.0333333333333337,0.871428571428571,0.4428571428571434
2024-10-26,33.5,16.9,24.0,0.0,7.4,47,10,300,4,24.1,23.7,22.8,24.5,23.533333333333317,23.9,24.271428571428572,0.0,4.2,0.1,0.0,1.4333333333333336,0.871428571428571,0.4428571428571434
2024-10-27,31.7,18.5,23.9,0.0,7.5,55,10,301,4,24.0,24.1,23.7,24.0,23.93333333333332,23.828571428571426,24.264285714285712,0.0,0.0,4.2,0.0,1.4000000000000001,0.871428571428571,0.4428571428571434
2024-10-28,28.2,18.2,22.9,6.1,22.2,66,10,302,4,23.9,24.0,24.1,24.8,23.999999999999982,23.814285714285713,24.214285714285715,0.0,0.0,0.0,0.0,0.0,0.871428571428571,0.4428571428571434
2024-10-29,25.7,17.8,21.3,0.5,9.6,78,10,303,4,22.9,23.9,24.0,23.4,23.599999999999984,23.542857142857144,24.085714285714285,6.1,0.0,0.0,1.8,2.033333333333333,1.7428571428571422,0.8714285714285719
2024-10-30,29.2,17.3,22.4,0.0,9.9,64,10,304,4,21.3,22.9,23.9,22.8,22.699999999999985,23.24285714285714,23.821428571428573,0.5,6.1,0.0,0.1,2.1999999999999997,1.5571428571428565,0.9071428571428576
2024-10-31,31.1,14.5,22.4,0.0,12.7,49,10,305,4,22.4,21.3,22.9,23.7,22.199999999999978,23.185714285714283,23.657142857142855,0.0,0.5,6.1,4.2,2.1999999999999997,1.5428571428571425,0.9071428571428576
2024-11-01,30.7,13.8,21.3,0.0,7.2,50,11,306,4,22.4,22.4,21.3,24.1,22.033333333333317,23.0,23.49285714285714,0.0,0.0,0.5,0.0,0.16666666666666666,0.9428571428571423,0.9071428571428576
2024-11-02,29.2,16.1,21.0,0.0,8.0,68,11,307,4,21.3,22.4,22.4,24.0,22.033333333333317,22.6,23.25,0.0,0.0,0.0,0.0,0.0,0.9428571428571423,0.9071428571428576
2024-11-03,28.9,16.5,21.2,0.0,8.3,67,11,308,4,21.0,21.3,22.4,23.9,21.56666666666665,22.171428571428574,23.0,0.0,0.0,0.0,0.0,0.0,0.9428571428571423,0.9071428571428576
2024-11-04,29.5,15.1,21.4,0.0,7.9,63,11,309,4,21.2,21.0,21.3,22.9,21.16666666666665,21.785714285714285,22.800000000000004,0.0,0.0,0.0,6.1,0.0,0.9428571428571423,0.9071428571428576
2024-11-05,28.4,15.8,21.5,0.0,7.1,68,11,310,4,21.4,21.2,21.0,21.3,21.19999999999998,21.571428571428573,22.557142857142857,0.0,0.0,0.0,0.5,0.0,0.07142857142857093,0.9071428571428576
2024-11-06,30.2,18.8,22.9,0.0,8.1,66,11,311,4,21.5,21.4,21.2,22.4,21.36666666666665,21.599999999999998,22.42142857142857,0.0,0.0,0.0,0.0,0.0,0.0,0.778571428571429
2024-11-07,28.6,16.5,22.0,0.0,7.8,73,11,312,4,22.9,21.5,21.4,22.4,21.93333333333332,21.67142857142857,22.428571428571427,0.0,0.0,0.0,0.0,0.0,0.0,0.771428571428572
2024-11-08,29.2,17.6,22.3,0.0,7.2,73,11,313,4,22.0,22.9,21.5,21.3,22.133333333333315,21.614285714285717,22.307142857142853,0.0,0.0,0.0,0.0,0.0,0.0,0.4714285714285719
2024-11-09,29.0,17.6,22.1,0.0,9.0,70,11,314,4,22.3,22.0,22.9,21.0,22.39999999999998,21.757142857142856,22.178571428571427,0.0,0.0,0.0,0.0,0.0,0.0,0.4714285714285719
2024-11-10,27.6,17.8,21.4,0.0,10.9,74,11,315,4,22.1,22.3,22.0,21.2,22.133333333333315,21.91428571428571,22.042857142857144,0.0,0.0,0.0,0.0,0.0,0.0,0.4714285714285719
2024-11-11,23.1,15.8,18.5,10.8,10.1,82,11,316,4,21.4,22.1,22.3,21.4,21.93333333333332,21.942857142857143,21.86428571428571,0.0,0.0,0.0,0.0,0.0,0.0,0.4714285714285719
2024-11-12,26.3,13.3,18.7,0.0,9.3,72,11,317,4,18.5,21.4,22.1,21.5,20.666666666666654,21.52857142857143,21.55,10.8,0.0,0.0,0.0,3.6,1.5428571428571425,0.8071428571428577
2024-11-13,24.3,11.8,17.4,0.0,4.1,74,11,318,4,18.7,18.5,21.4,22.9,19.533333333333314,21.128571428571426,21.36428571428571,0.0,10.8,0.0,0.0,3.6,1.5428571428571425,0.771428571428572
2024-11-14,22.0,12.4,16.9,0.0,8.8,73,11,319,4,17.4,18.7,18.5,22.0,18.19999999999998,20.342857142857145,21.00714285714286,0.0,0.0,10.8,0.0,3.6,1.5428571428571425,0.771428571428572
2024-11-15,20.4,13.0,16.3,0.6,9.3,79,11,320,4,16.9,17.4,18.7,22.3,17.66666666666665,19.614285714285717,20.614285714285717,0.0,0.0,0.0,0.0,0.0,1.5428571428571425,0.771428571428572
2024-11-16,22.5,12.3,16.1,0.0,3.4,80,11,321,4,16.3,16.9,17.4,22.1,16.86666666666665,18.75714285714286,20.25714285714286,0.6,0.0,0.0,0.0,0.19999999999999998,1.6285714285714281,0.8142857142857148
2024-11-17,23.6,9.4,15.4,0.0,6.1,72,11,322,4,16.1,16.3,16.9,21.4,16.43333333333332,17.9,19.907142857142855,0.0,0.6,0.0,0.0,0.19999999999999998,1.6285714285714281,0.8142857142857148
2024-11-18,22.7,8.6,14.8,0.0,4.8,64,11,323,4,15.4,16.1,16.3,18.5,15.933333333333318,17.04285714285714,19.492857142857144,0.0,0.0,0.6,10.8,0.19999999999999998,1.6285714285714281,0.8142857142857148
2024-11-19,22.0,8.3,14.5,0.0,2.4,65,11,324,4,14.8,15.4,16.1,18.7,15.433333333333318,16.514285714285716,19.021428571428572,0.0,0.0,0.0,0.0,0.0,0.0857142857142852,0.8142857142857148
2024-11-20,22.1,8.5,14.5,0.0,2.7,65,11,325,4,14.5,14.8,15.4,17.4,14.899999999999984,15.914285714285715,18.521428571428572,0.0,0.0,0.0,0.0,0.0,0.0857142857142852,0.8142857142857148
2024-11-21,22.6,9.8,15.2,0.0,3.3,70,11,326,4,14.5,14.5,14.8,16.9,14.599999999999985,15.5,17.92142857142857,0.0,0.0,0.0,0.0,0.0,0.0857142857142852,0.8142857142857148
2024-11-22,22.0,10.3,15.1,0.0,3.8,70,11,327,4,15.2,14.5,14.5,16.3,14.733333333333315,15.257142857142856,17.435714285714287,0.0,0.0,0.0,0.6,0.0,0.0857142857142852,0.8142857142857148
2024-11-23,20.3,10.0,15.2,0.0,4.2,76,11,328,4,15.1,15.2,14.5,16.1,14.933333333333316,15.085714285714287,16.92142857142857,0.0,0.0,0.0,0.0,0.0,0.0,0.8142857142857148
2024-11-24,21.2,11.1,15.2,0.0,9.9,78,11,329,4,15.2,15.1,15.2,15.4,15.166666666666648,14.957142857142856,16.428571428571427,0.0,0.0,0.0,0.0,0.0,0.0,0.8142857142857148
2024-11-25,22.2,8.3,14.2,0.0,5.0,71,11,330,4,15.2,15.2,15.1,14.8,15.16666666666665,14.928571428571429,15.985714285714286,0.0,0.0,0.0,0.0,0.0,0.0,0.8142857142857148
2024-11-26,21.6,7.5,13.8,0.0,3.5,64,11,331,4,14.2,15.2,15.2,14.5,14.866666666666651,14.842857142857142,15.678571428571429,0.0,0.0,0.0,0.0,0.0,0.0,0.042857142857143364
2024-11-27,21.4,6.6,13.6,0.0,4.2,64,11,332,4,13.8,14.2,15.2,14.5,14.399999999999983,14.742857142857142,15.328571428571431,0.0,0.0,0.0,0.0,0.0,0.0,0.042857142857143364
2024-11-28,21.0,7.6,13.7,0.0,3.8,68,11,333,4,13.6,13.8,14.2,15.2,13.866666666666651,14.614285714285714,15.057142857142859,0.0,0.0,0.0,0.0,0.0,0.0,0.042857142857143364
2024-11-29,16.9,10.2,13.1,0.0,7.1,68,11,334,4,13.7,13.6,13.8,15.1,13.699999999999983,14.4,14.828571428571427,0.0,0.0,0.0,0.0,0.0,0.0,0.042857142857143364
2024-11-30,21.2,8.1,13.5,0.0,5.6,68,11,335,4,13.1,13.7,13.6,15.2,13.466666666666649,14.114285714285714,14.599999999999998,0.0,0.0,0.0,0.0,0.0,0.0,0.0
2024-12-01,21.6,6.8,13.5,0.0,10.7,66,12,336,1,13.5,13.1,13.7,15.2,13.433333333333316,13.87142857142857,14.414285714285713,0.0,0.0,0.0,0.0,0.0,0.0,0.0
2024-12-02,19.5,7.9,12.8,0.3,11.3,72,12,337,1,13.5,13.5,13.1,14.2,13.366666666666651,13.62857142857143,14.278571428571427,0.0,0.0,0.0,0.0,0.0,0.0,0.0
2024-12-03,21.9,7.6,13.2,0.0,5.6,63,12,338,1,12.8,13.5,13.5,13.8,13.266666666666652,13.428571428571429,14.135714285714286,0.3,0.0,0.0,0.0,0.09999999999999999,0.04285714285714235,0.021428571428571935
2024-12-04,22.1,5.7,11.8,0.0,7.1,55,12,339,1,13.2,12.8,13.5,13.6,13.16666666666665,13.342857142857143,14.042857142857143,0.0,0.3,0.0,0.0,0.09999999999999999,0.04285714285714235,0.021428571428571935
2024-12-05,19.5,4.8,11.4,0.0,3.3,48,12,340,1,11.8,13.2,12.8,13.7,12.599999999999985,13.085714285714285,13.85,0.0,0.0,0.3,0.0,0.09999999999999999,0.04285714285714235,0.021428571428571935
2024-12-06,19.2,4.2,11.0,0.0,7.0,50,12,341,1,11.4,11.8,13.2,13.1,12.133333333333317,12.757142857142858,13.578571428571427,0.0,0.0,0.0,0.0,0.0,0.04285714285714235,0.021428571428571935
2024-12-07,17.9,3.4,10.3,0.0,2.5,54,12,342,1,11.0,11.4,11.8,13.5,11.399999999999984,12.457142857142857,13.285714285714286,0.0,0.0,0.0,0.0,0.0,0.04285714285714235,0.021428571428571935
2024-12-08,19.0,5.7,10.9,0.0,12.2,52,12,343,1,10.3,11.0,11.4,13.5,10.899999999999984,12.0,12.935714285714285,0.0,0.0,0.0,0.0,0.0,0.04285714285714235,0.021428571428571935
2024-12-09,17.2,4.7,9.3,0.0,6.3,41,12,344,1,10.9,10.3,11.0,12.8,10.733333333333318,11.62857142857143,12.628571428571428,0.0,0.0,0.0,0.3,0.0,0.04285714285714235,0.021428571428571935
2024-12-10,16.7,3.8,9.1,0.0,4.7,58,12,345,1,9.3,10.9,10.3,13.2,10.166666666666652,11.12857142857143,12.278571428571428,0.0,0.0,0.0,0.0,0.0,0.0,0.021428571428571935
2024-12-11,16.7,2.2,8.8,0.0,5.1,55,12,346,1,9.1,9.3,10.9,11.8,9.766666666666652,10.542857142857143,11.942857142857141,0.0,0.0,0.0,0.0,0.0,0.0,0.021428571428571935
2024-12-12,16.5,3.1,9.0,0.0,5.0,56,12,347,1,8.8,9.1,9.3,11.4,9.06666666666665,10.114285714285714,11.6,0.0,0.0,0.0,0.0,0.0,0.0,0.021428571428571935
2024-12-13,19.1,2.0,9.3,0.0,9.0,54,12,348,1,9.0,8.8,9.1,11.0,8.966666666666649,9.771428571428572,11.264285714285716,0.0,0.0,0.0,0.0,0.0,0.0,0.021428571428571935
2024-12-14,18.7,3.3,9.5,0.0,5.1,48,12,349,1,9.3,9.0,8.8,10.3,9.033333333333317,9.528571428571428,10.992857142857144,0.0,0.0,0.0,0.0,0.0,0.0,0.021428571428571935
2024-12-15,17.7,2.7,9.2,0.0,3.6,58,12,350,1,9.5,9.3,9.0,10.9,9.266666666666652,9.414285714285715,10.707142857142857,0.0,0.0,0.0,0.0,0.0,0.0,0.021428571428571935
2024-12-16,18.1,1.8,9.5,0.0,3.3,58,12,351,1,9.2,9.5,9.3,9.3,9.333333333333316,9.171428571428573,10.400000000000002,0.0,0.0,0.0,0.0,0.0,0.0,0.021428571428571935
2024-12-17,17.6,3.7,9.5,0.0,3.7,56,12,352,1,9.5,9.2,9.5,9.1,9.399999999999983,9.200000000000001,10.164285714285715,0.0,0.0,0.0,0.0,0.0,0.0,0.0
2024-12-18,16.1,4.8,9.4,0.0,3.6,58,12,353,1,9.5,9.5,9.2,8.8,9.399999999999983,9.257142857142856,9.900000000000002,0.0,0.0,0.0,0.0,0.0,0.0,0.0
2024-12-19,16.6,1.5,8.0,0.0,5.1,55,12,354,1,9.4,9.5,9.5,9.0,9.46666666666665,9.342857142857143,9.728571428571428,0.0,0.0,0.0,0.0,0.0,0.0,0.0
2024-12-20,16.6,2.1,8.6,0.0,4.2,54,12,355,1,8.0,9.4,9.5,9.3,8.966666666666649,9.200000000000001,9.485714285714286,0.0,0.0,0.0,0.0,0.0,0.0,0.0
2024-12-21,15.9,0.8,7.8,0.0,3.4,56,12,356,1,8.6,8.0,9.4,9.5,8.66666666666665,9.1,9.314285714285715,0.0,0.0,0.0,0.0,0.0,0.0,0.0
2024-12-22,15.6,3.0,9.0,0.0,4.3,59,12,357,1,7.8,8.6,8.0,9.2,8.133333333333317,8.857142857142858,9.135714285714286,0.0,0.0,0.0,0.0,0.0,0.0,0.0
2024-12-23,16.1,4.4,9.7,0.0,5.7,63,12,358,1,9.0,7.8,8.6,9.5,8.466666666666649,8.828571428571427,9.0,0.0,0.0,0.0,0.0,0.0,0.0,0.0
2024-12-24,16.8,3.9,9.2,0.0,2.1,68,12,359,1,9.7,9.0,7.8,9.5,8.833333333333316,8.857142857142858,9.028571428571428,0.0,0.0,0.0,0.0,0.0,0.0,0.0
2024-12-25,16.6,2.1,8.5,0.0,3.4,55,12,360,1,9.2,9.7,9.0,9.4,9.299999999999983,8.814285714285713,9.035714285714286,0.0,0.0,0.0,0.0,0.0,0.0,0.0
2024-12-26,17.8,1.5,8.3,0.0,3.8,55,12,361,1,8.5,9.2,9.7,8.0,9.133333333333317,8.685714285714285,9.014285714285714,0.0,0.0,0.0,0.0,0.0,0.0,0.0
2024-12-27,15.3,2.6,8.2,0.0,10.5,62,12,362,1,8.3,8.5,9.2,8.6,8.66666666666665,8.728571428571428,8.964285714285714,0.0,0.0,0.0,0.0,0.0,0.0,0.0
2024-12-28,15.6,2.5,8.2,0.0,4.4,77,12,363,1,8.2,8.3,8.5,7.8,8.333333333333316,8.67142857142857,8.885714285714284,0.0,0.0,0.0,0.0,0.0,0.0,0.0
2024-12-29,17.2,2.0,9.0,0.0,3.6,74,12,364,1,8.2,8.2,8.3,9.0,8.233333333333317,8.728571428571428,8.792857142857143,0.0,0.0,0.0,0.0,0.0,0.0,0.0
2024-12-30,17.3,2.6,8.8,0.0,3.7,67,12,365,1,9.0,8.2,8.2,9.7,8.466666666666649,8.728571428571428,8.778571428571428,0.0,0.0,0.0,0.0,0.0,0.0,0.0
2024-12-31,17.3,4.3,9.3,0.0,6.1,72,12,366,1,8.8,9.0,8.2,9.2,8.66666666666665,8.6,8.72857142857143,0.0,0.0,0.0,0.0,0.0,0.0,0.0
