date,temperature_2m_max,temperature_2m_min,temperature_2m_mean,precipitation_sum,windspeed_10m_max,relative_humidity_2m_mean,month,day_of_year,season,temperature_2m_mean_lag1,temperature_2m_mean_lag2,temperature_2m_mean_lag3,temperature_2m_mean_lag7,temperature_2m_mean_roll_mean3,temperature_2m_mean_roll_mean7,temperature_2m_mean_roll_mean14,precipitation_sum_lag1,precipitation_sum_lag2,precipitation_sum_lag3,precipitation_sum_lag7,precipitation_sum_roll_mean3,precipitation_sum_roll_mean7,precipitation_sum_roll_mean14
2015-01-15,13.0,2.0,6.8,0.0,8.6,35,1,15,1,4.8,7.5,13.9,12.2,8.733333333333333,11.014285714285714,10.15,0.0,0.8,0.1,0.0,0.3,0.1285714285714286,0.0642857142857143
2015-01-16,14.6,3.2,8.1,0.0,5.8,29,1,16,1,6.8,4.8,7.5,12.3,6.366666666666667,10.242857142857144,10.071428571428571,0.0,0.0,0.8,0.0,0.26666666666666666,0.1285714285714286,0.0642857142857143
2015-01-17,15.6,4.3,9.5,0.0,6.8,21,1,17,1,8.1,6.8,4.8,12.2,6.566666666666667,9.642857142857142,10.078571428571427,0.0,0.0,0.0,0.0,0.0,0.1285714285714286,0.0642857142857143
2015-01-18,16.2,4.5,10.0,0.0,9.6,28,1,18,1,9.5,8.1,6.8,14.2,8.133333333333333,9.257142857142856,10.200000000000001,0.0,0.0,0.0,0.0,0.0,0.1285714285714286,0.0642857142857143
2015-01-19,14.9,3.8,9.1,0.4,10.8,54,1,19,1,10.0,9.5,8.1,13.9,9.200000000000001,8.657142857142857,10.278571428571428,0.0,0.0,0.0,0.1,0.0,0.1285714285714286,0.0642857142857143
2015-01-20,9.5,2.4,5.6,6.9,17.4,76,1,20,1,9.1,10.0,9.5,7.5,9.533333333333333,7.971428571428572,10.214285714285714,0.4,0.0,0.0,0.8,0.13333333333333333,0.17142857142857146,0.09285714285714286
2015-01-21,4.4,1.1,2.7,7.0,8.3,94,1,21,1,5.6,9.1,10.0,4.8,8.233333333333334,7.699999999999998,9.77142857142857,6.9,0.4,0.0,0.0,2.4333333333333336,1.042857142857143,0.5857142857142857
2015-01-22,4.7,-0.2,2.0,0.0,6.6,87,1,22,1,2.7,5.6,9.1,6.8,5.800000000000001,7.3999999999999995,9.207142857142857,7.0,6.9,0.4,0.0,4.766666666666667,2.042857142857143,1.0857142857142856
2015-01-23,6.7,-1.6,2.1,0.0,4.2,75,1,23,1,2.0,2.7,5.6,8.1,3.4333333333333336,6.714285714285714,8.47857142857143,0.0,7.0,6.9,0.0,4.633333333333334,2.042857142857143,1.0857142857142856
2015-01-24,7.8,-2.2,2.8,0.0,10.3,72,1,24,1,2.1,2.0,2.7,9.5,2.2666666666666675,5.857142857142857,7.75,0.0,0.0,7.0,0.0,2.3333333333333335,2.042857142857143,1.0857142857142856
2015-01-25,5.8,-0.5,2.7,0.0,14.8,75,1,25,1,2.8,2.1,2.0,10.0,2.3000000000000007,4.8999999999999995,7.078571428571428,0.0,0.0,0.0,0.0,0.0,2.042857142857143,1.0857142857142856
2015-01-26,3.9,-3.4,0.0,0.0,10.5,64,1,26,1,2.7,2.8,2.1,9.1,2.5333333333333337,3.857142857142857,6.257142857142857,0.0,0.0,0.0,0.4,0.0,2.042857142857143,1.0857142857142856
2015-01-27,4.2,-4.3,-0.2,0.0,7.4,56,1,27,1,0.0,2.7,2.8,5.6,1.833333333333334,2.557142857142857,5.264285714285714,0.0,0.0,0.0,6.9,0.0,1.9857142857142858,1.0785714285714287
2015-01-28,9.6,-2.3,3.5,0.2,12.3,48,1,28,1,-0.2,0.0,2.7,2.7,0.8333333333333339,1.7285714285714284,4.714285714285714,0.0,0.0,0.0,7.0,0.0,1.0,1.0214285714285716
2015-01-29,10.8,2.4,6.5,0.0,9.2,45,1,29,1,3.5,-0.2,0.0,2.0,1.1000000000000005,1.8428571428571427,4.621428571428572,0.2,0.0,0.0,0.0,0.06666666666666667,0.028571428571428574,1.0357142857142858
2015-01-30,16.1,4.0,9.9,0.0,8.6,46,1,30,1,6.5,3.5,-0.2,2.1,3.266666666666667,2.4857142857142853,4.6000000000000005,0.0,0.2,0.0,0.0,0.06666666666666667,0.028571428571428574,1.0357142857142858
2015-01-31,18.8,9.2,13.4,0.0,13.6,45,1,31,1,9.9,6.5,3.5,2.8,6.633333333333334,3.6,4.728571428571429,0.0,0.0,0.2,0.0,0.06666666666666667,0.028571428571428574,1.0357142857142858
2015-02-01,16.3,9.4,12.7,1.5,14.7,37,2,32,1,13.4,9.9,6.5,2.7,9.933333333333335,5.114285714285714,5.007142857142857,0.0,0.0,0.0,0.0,0.0,0.028571428571428574,1.0357142857142858
2015-02-02,13.4,5.2,9.4,0.0,11.5,45,2,33,1,12.7,13.4,9.9,0.0,12.0,6.542857142857144,5.2,1.5,0.0,0.0,0.0,0.5,0.24285714285714285,1.1428571428571428
2015-02-03,11.9,4.5,8.1,0.0,14.1,32,2,34,1,9.4,12.7,13.4,-0.2,11.833333333333334,7.885714285714286,5.221428571428571,0.0,1.5,0.0,0.0,0.5,0.24285714285714285,1.1142857142857143
2015-02-04,14.5,3.9,9.0,0.0,6.9,30,2,35,1,8.1,9.4,12.7,3.5,10.066666666666668,9.071428571428571,5.4,0.0,0.0,1.5,0.2,0.5,0.24285714285714285,0.6214285714285713
2015-02-05,14.5,5.8,9.9,0.0,10.6,47,2,36,1,9.0,8.1,9.4,6.5,8.833333333333334,9.857142857142858,5.8500000000000005,0.0,0.0,0.0,0.0,0.0,0.21428571428571427,0.12142857142857143
2015-02-06,12.6,4.9,8.6,5.0,8.7,70,2,37,1,9.9,9.0,8.1,9.9,9.000000000000002,10.342857142857143,6.414285714285714,0.0,0.0,0.0,0.0,0.0,0.21428571428571427,0.12142857142857143
2015-02-07,11.5,6.1,8.2,0.4,12.4,72,2,38,1,8.6,9.9,9.0,13.4,9.16666666666667,10.157142857142857,6.878571428571429,5.0,0.0,0.0,0.0,1.6666666666666667,0.9285714285714286,0.4785714285714286
2015-02-08,12.1,4.2,8.2,0.0,8.2,53,2,39,1,8.2,8.6,9.9,12.7,8.9,9.414285714285715,7.264285714285713,0.4,5.0,0.0,1.5,1.8,0.9857142857142858,0.5071428571428572
2015-02-09,13.9,2.6,8.5,0.0,6.0,47,2,40,1,8.2,8.2,8.6,9.4,8.333333333333334,8.77142857142857,7.6571428571428575,0.0,0.4,5.0,0.0,1.8,0.7714285714285715,0.5071428571428572
2015-02-10,15.2,2.8,9.6,0.0,7.2,65,2,41,1,8.5,8.2,8.2,8.1,8.299999999999999,8.642857142857142,8.264285714285714,0.0,0.0,0.4,0.0,0.13333333333333333,0.7714285714285715,0.5071428571428572
2015-02-11,17.1,7.8,12.6,0.0,10.2,45,2,42,1,9.6,8.5,8.2,9.0,8.766666666666667,8.857142857142858,8.964285714285714,0.0,0.0,0.0,0.0,0.0,0.7714285714285715,0.5071428571428572
2015-02-12,20.4,10.0,15.2,0.0,10.8,39,2,43,1,12.6,9.6,8.5,9.9,10.233333333333334,9.37142857142857,9.614285714285714,0.0,0.0,0.0,0.0,0.0,0.7714285714285715,0.4928571428571429
2015-02-13,22.3,12.8,17.2,0.0,14.8,30,2,44,1,15.2,12.6,9.6,8.6,12.466666666666667,10.128571428571428,10.235714285714284,0.0,0.0,0.0,5.0,0.0,0.7714285714285715,0.4928571428571429
2015-02-14,21.9,13.8,17.9,0.0,12.0,25,2,45,1,17.2,15.2,12.6,8.2,15.0,11.357142857142858,10.757142857142856,0.0,0.0,0.0,0.4,0.0,0.05714285714285715,0.4928571428571429
2015-02-15,23.3,14.8,17.9,0.0,16.8,26,2,46,1,17.9,17.2,15.2,8.2,16.766666666666666,12.742857142857142,11.078571428571431,0.0,0.0,0.0,0.0,0.0,0.0,0.4928571428571429
2015-02-16,19.7,11.9,16.1,0.0,12.1,28,2,47,1,17.9,17.9,17.2,8.5,17.666666666666668,14.12857142857143,11.45,0.0,0.0,0.0,0.0,0.0,0.0,0.38571428571428573
2015-02-17,20.9,11.6,15.8,0.0,20.5,35,2,48,1,16.1,17.9,17.9,9.6,17.3,15.214285714285714,11.928571428571429,0.0,0.0,0.0,0.0,0.0,0.0,0.38571428571428573
2015-02-18,19.6,10.6,15.3,0.0,13.6,32,2,49,1,15.8,16.1,17.9,12.6,16.6,16.099999999999998,12.478571428571428,0.0,0.0,0.0,0.0,0.0,0.0,0.38571428571428573
2015-02-19,18.9,11.8,15.3,0.5,14.8,34,2,50,1,15.3,15.8,16.1,15.2,15.733333333333334,16.485714285714288,12.928571428571429,0.0,0.0,0.0,0.0,0.0,0.0,0.38571428571428573
2015-02-20,21.3,10.0,15.3,0.5,18.0,49,2,51,1,15.3,15.3,15.8,17.2,15.466666666666669,16.5,13.314285714285713,0.5,0.0,0.0,0.0,0.16666666666666666,0.07142857142857142,0.42142857142857143
2015-02-21,20.6,10.1,14.6,0.0,10.9,70,2,52,1,15.3,15.3,15.3,17.9,15.3,16.22857142857143,13.792857142857143,0.5,0.5,0.0,0.0,0.3333333333333333,0.14285714285714285,0.09999999999999999
2015-02-22,20.4,10.1,14.9,0.3,11.3,67,2,53,1,14.6,15.3,15.3,17.9,15.066666666666668,15.757142857142856,14.25,0.0,0.5,0.5,0.0,0.3333333333333333,0.14285714285714285,0.07142857142857142
2015-02-23,14.5,9.7,12.2,8.1,19.3,85,2,54,1,14.9,14.6,15.3,16.1,14.933333333333335,15.328571428571431,14.728571428571428,0.3,0.0,0.5,0.0,0.26666666666666666,0.18571428571428572,0.09285714285714286
2015-02-24,8.4,0.5,4.5,1.5,17.5,78,2,55,1,12.2,14.9,14.6,15.8,13.9,14.771428571428572,14.992857142857142,8.1,0.3,0.0,0.0,2.8000000000000003,1.342857142857143,0.6714285714285715
2015-02-25,4.6,-1.6,1.1,0.4,22.2,68,2,56,1,4.5,12.2,14.9,15.3,10.533333333333333,13.157142857142858,14.628571428571428,1.5,8.1,0.3,0.0,3.3000000000000003,1.5571428571428572,0.7785714285714286
2015-02-26,6.9,-2.8,2.0,0.0,8.4,60,2,57,1,1.1,4.5,12.2,15.3,5.9333333333333345,11.12857142857143,13.807142857142859,0.4,1.5,8.1,0.5,3.3333333333333335,1.6142857142857143,0.8071428571428572
2015-02-27,9.4,0.5,4.8,0.4,7.2,59,2,58,1,2.0,1.1,4.5,15.3,2.5333333333333345,9.228571428571428,12.864285714285716,0.0,0.4,1.5,0.5,0.6333333333333333,1.542857142857143,0.8071428571428572
2015-02-28,9.4,1.7,5.4,1.6,7.1,76,2,59,1,4.8,2.0,1.1,14.6,2.6333333333333346,7.728571428571429,11.978571428571428,0.4,0.0,0.4,0.0,0.26666666666666666,1.5285714285714287,0.8357142857142857
2015-03-01,9.4,3.5,6.3,1.6,11.3,75,3,60,2,5.4,4.8,2.0,14.9,4.066666666666668,6.414285714285714,11.085714285714287,1.6,0.4,0.0,0.3,0.6666666666666666,1.7571428571428573,0.9500000000000001
2015-03-02,10.2,2.7,5.9,0.0,14.6,69,3,61,2,6.3,5.4,4.8,12.2,5.500000000000001,5.185714285714285,10.257142857142858,1.6,1.6,0.4,8.1,1.2,1.9428571428571428,1.0642857142857143
2015-03-03,14.0,2.3,7.9,0.0,10.2,48,3,62,2,5.9,6.3,5.4,4.5,5.866666666666668,4.285714285714286,9.528571428571428,0.0,1.6,1.6,1.5,1.0666666666666667,0.7857142857142857,1.0642857142857143
2015-03-04,14.0,2.7,8.3,3.3,12.1,66,3,63,2,7.9,5.9,6.3,1.1,6.700000000000002,4.771428571428571,8.964285714285714,0.0,0.0,1.6,0.4,0.5333333333333333,0.5714285714285714,1.0642857142857143
2015-03-05,13.9,2.1,8.8,2.8,12.5,68,3,64,2,8.3,7.9,5.9,2.0,7.366666666666668,5.8,8.464285714285714,3.3,0.0,0.0,0.0,1.0999999999999999,0.9857142857142858,1.3
2015-03-06,14.7,4.6,9.4,5.4,10.8,76,3,65,2,8.8,8.3,7.9,4.8,8.333333333333336,6.771428571428572,8.0,2.8,3.3,0.0,0.4,2.033333333333333,1.3857142857142857,1.4642857142857142
2015-03-07,7.5,2.9,5.6,3.8,24.9,64,3,66,2,9.4,8.8,8.3,5.4,8.833333333333336,7.42857142857143,7.578571428571429,5.4,2.8,3.3,1.6,3.8333333333333335,2.1,1.8142857142857143
2015-03-08,7.1,-2.6,2.4,0.0,19.3,46,3,67,2,5.6,9.4,8.8,6.3,7.9333333333333345,7.457142857142857,6.935714285714286,3.8,5.4,2.8,1.6,4.0,2.414285714285714,2.085714285714286
2015-03-09,15.1,2.3,7.9,0.0,6.3,36,3,68,2,2.4,5.6,9.4,5.9,5.800000000000001,6.9,6.042857142857144,0.0,3.8,5.4,0.0,3.0666666666666664,2.185714285714286,2.064285714285714
2015-03-10,15.9,1.5,9.3,0.0,6.9,51,3,69,2,7.9,2.4,5.6,7.9,5.300000000000002,7.185714285714286,5.735714285714286,0.0,0.0,3.8,0.0,1.2666666666666666,2.185714285714286,1.4857142857142855
2015-03-11,16.0,5.0,10.4,0.0,7.9,67,3,70,2,9.3,7.9,2.4,8.3,6.533333333333335,7.385714285714286,6.078571428571428,0.0,0.0,0.0,3.3,0.0,2.185714285714286,1.3785714285714283
2015-03-12,16.2,7.1,11.4,0.0,11.0,47,3,71,2,10.4,9.3,7.9,8.8,9.200000000000003,7.685714285714286,6.742857142857143,0.0,0.0,0.0,2.8,0.0,1.7142857142857142,1.3499999999999999
2015-03-13,13.2,6.7,9.8,1.4,10.3,56,3,72,2,11.4,10.4,9.3,9.4,10.366666666666669,8.057142857142857,7.4142857142857155,0.0,0.0,0.0,5.4,0.0,1.3142857142857143,1.3499999999999999
2015-03-14,10.7,5.6,7.7,8.8,7.6,84,3,73,2,9.8,11.4,10.4,5.6,10.533333333333335,8.114285714285714,7.771428571428572,1.4,0.0,0.0,3.8,0.4666666666666666,0.7428571428571428,1.4214285714285715
2015-03-15,13.1,5.0,8.7,5.0,12.6,81,3,74,2,7.7,9.8,11.4,2.4,9.633333333333335,8.414285714285715,7.935714285714286,8.8,1.4,0.0,0.0,3.4000000000000004,1.457142857142857,1.9357142857142857
2015-03-16,13.4,6.9,10.0,0.2,14.4,72,3,75,2,8.7,7.7,9.8,7.9,8.733333333333334,9.314285714285715,8.107142857142858,5.0,8.8,1.4,0.0,5.066666666666667,2.1714285714285713,2.1785714285714284
2015-03-17,16.7,7.1,12.1,0.0,10.5,59,3,76,2,10.0,8.7,7.7,9.3,8.8,9.614285714285714,8.4,0.2,5.0,8.8,0.0,4.666666666666667,2.1999999999999997,2.1928571428571426
2015-03-18,18.2,9.6,14.0,0.0,12.6,51,3,77,2,12.1,10.0,8.7,10.4,10.266666666666667,10.014285714285716,8.700000000000001,0.0,0.2,5.0,0.0,1.7333333333333334,2.1999999999999997,2.1928571428571426
2015-03-19,15.9,10.8,13.5,4.6,9.2,66,3,78,2,14.0,12.1,10.0,11.4,12.033333333333333,10.528571428571428,9.107142857142858,0.0,0.0,0.2,0.0,0.06666666666666667,2.1999999999999997,1.9571428571428573
2015-03-20,18.8,10.5,14.7,0.3,14.1,70,3,79,2,13.5,14.0,12.1,9.8,13.200000000000001,10.828571428571427,9.442857142857141,4.6,0.0,0.0,1.4,1.5333333333333332,2.857142857142857,2.085714285714286
2015-03-21,20.5,12.2,16.5,1.0,13.0,63,3,80,2,14.7,13.5,14.0,7.7,14.066666666666668,11.528571428571428,9.821428571428571,0.3,4.6,0.0,8.8,1.633333333333333,2.7,1.7214285714285713
2015-03-22,21.4,13.5,17.5,0.0,18.4,52,3,81,2,16.5,14.7,13.5,8.7,14.9,12.785714285714286,10.6,1.0,0.3,4.6,5.0,1.9666666666666666,1.5857142857142854,1.5214285714285716
2015-03-23,24.9,14.6,19.6,0.0,17.1,39,3,82,2,17.5,16.5,14.7,10.0,16.233333333333334,14.042857142857143,11.678571428571429,0.0,1.0,0.3,0.2,0.43333333333333335,0.8714285714285711,1.5214285714285716
2015-03-24,23.0,16.5,19.1,0.4,18.8,39,3,83,2,19.6,17.5,16.5,12.1,17.86666666666667,15.414285714285715,12.514285714285714,0.0,0.0,1.0,0.0,0.3333333333333333,0.8428571428571425,1.5214285714285716
2015-03-25,23.6,12.1,18.0,0.0,7.9,37,3,84,2,19.1,19.6,17.5,14.0,18.733333333333338,16.414285714285715,13.214285714285714,0.4,0.0,0.0,0.0,0.13333333333333333,0.8999999999999997,1.55
2015-03-26,25.1,12.6,19.0,0.5,10.3,41,3,85,2,18.0,19.1,19.6,13.5,18.900000000000002,16.985714285714288,13.757142857142856,0.0,0.4,0.0,4.6,0.13333333333333333,0.8999999999999997,1.55
2015-03-27,24.2,11.4,17.9,4.7,13.2,62,3,86,2,19.0,18.0,19.1,14.7,18.700000000000003,17.771428571428572,14.299999999999999,0.5,0.0,0.4,0.3,0.3,0.31428571428571406,1.5857142857142856
2015-03-28,21.8,12.3,16.7,3.8,19.6,60,3,87,2,17.9,19.0,18.0,16.5,18.3,18.228571428571428,14.878571428571428,4.7,0.5,0.0,1.0,1.7333333333333334,0.9428571428571427,1.8214285714285714
2015-03-29,15.1,6.1,10.7,0.0,17.3,67,3,88,2,16.7,17.9,19.0,17.5,17.86666666666667,18.257142857142856,15.52142857142857,3.8,4.7,0.5,0.0,3.0,1.3428571428571427,1.4642857142857142
2015-03-30,19.4,8.5,14.1,0.0,11.7,45,3,89,2,10.7,16.7,17.9,19.6,15.100000000000001,17.285714285714285,15.664285714285715,0.0,3.8,4.7,0.0,2.8333333333333335,1.3428571428571427,1.1071428571428572
2015-03-31,24.5,12.2,18.0,0.1,11.2,32,3,90,2,14.1,10.7,16.7,19.1,13.833333333333336,16.5,15.957142857142857,0.0,0.0,3.8,0.4,1.2666666666666666,1.3428571428571427,1.092857142857143
2015-04-01,23.0,12.5,18.0,4.2,21.3,59,4,91,2,18.0,14.1,10.7,18.0,14.266666666666671,16.342857142857145,16.37857142857143,0.1,0.0,0.0,0.0,0.03333333333333333,1.2999999999999996,1.1
2015-04-02,18.0,12.2,15.9,14.8,13.0,61,4,92,2,18.0,18.0,14.1,19.0,16.700000000000003,16.342857142857145,16.664285714285715,4.2,0.1,0.0,0.5,1.4333333333333333,1.8999999999999997,1.4000000000000001
2015-04-03,16.9,10.3,13.3,0.0,12.8,75,4,93,2,15.9,18.0,18.0,17.9,17.300000000000004,15.9,16.835714285714285,14.8,4.2,0.1,4.7,6.366666666666667,3.9428571428571426,2.1285714285714286
2015-04-04,19.0,6.9,14.0,0.0,9.9,64,4,94,2,13.3,15.9,18.0,16.7,15.733333333333336,15.242857142857144,16.735714285714284,0.0,14.8,4.2,3.8,6.333333333333333,3.2714285714285714,2.107142857142857
2015-04-05,21.3,11.7,16.8,0.0,13.0,47,4,95,2,14.0,13.3,15.9,10.7,14.400000000000004,14.857142857142858,16.557142857142857,0.0,0.0,14.8,0.0,4.933333333333334,2.728571428571428,2.0357142857142856
2015-04-06,20.9,14.3,17.2,0.4,19.6,40,4,96,2,16.8,14.0,13.3,14.1,14.700000000000005,15.728571428571428,16.507142857142856,0.0,0.0,0.0,0.0,0.0,2.728571428571428,2.0357142857142856
2015-04-07,20.7,11.6,16.6,0.0,13.2,41,4,97,2,17.2,16.8,14.0,18.0,16.000000000000004,16.17142857142857,16.335714285714285,0.4,0.0,0.0,0.1,0.13333333333333333,2.785714285714285,2.064285714285714
2015-04-08,23.5,12.0,17.9,0.0,7.5,34,4,98,2,16.6,17.2,16.8,18.0,16.86666666666667,15.971428571428572,16.15714285714286,0.0,0.4,0.0,4.2,0.13333333333333333,2.771428571428571,2.0357142857142856
2015-04-09,25.6,11.6,19.0,0.0,13.8,37,4,99,2,17.9,16.6,17.2,15.9,17.233333333333338,15.957142857142857,16.15,0.0,0.0,0.4,14.8,0.13333333333333333,2.1714285714285713,2.0357142857142856
2015-04-10,24.7,15.9,19.9,0.4,12.9,30,4,100,2,19.0,17.9,16.6,13.3,17.83333333333334,16.4,16.15,0.0,0.0,0.0,0.0,0.0,0.05714285714285664,2.0
2015-04-11,22.7,15.0,18.8,1.4,15.6,36,4,101,2,19.9,19.0,17.9,14.0,18.933333333333337,17.342857142857145,16.29285714285714,0.4,0.0,0.0,0.0,0.13333333333333333,0.11428571428571378,1.692857142857143
2015-04-12,24.8,13.6,19.6,0.0,4.4,36,4,102,2,18.8,19.9,19.0,16.8,19.233333333333338,18.02857142857143,16.442857142857143,1.4,0.4,0.0,0.0,0.6,0.3142857142857138,1.5214285714285716
2015-04-13,26.8,12.6,20.3,0.0,5.8,48,4,103,2,19.6,18.8,19.9,17.2,19.43333333333334,18.428571428571427,17.07857142857143,0.0,1.4,0.4,0.4,0.6,0.3142857142857138,1.5214285714285716
2015-04-14,27.0,12.5,20.3,0.1,8.9,52,4,104,2,20.3,19.6,18.8,16.6,19.566666666666674,18.87142857142857,17.521428571428572,0.0,0.0,1.4,0.0,0.4666666666666666,0.2571428571428566,1.5214285714285716
2015-04-15,28.7,14.4,22.0,0.0,9.7,43,4,105,2,20.3,20.3,19.6,17.9,20.066666666666674,19.400000000000002,17.685714285714287,0.1,0.0,0.0,0.0,0.03333333333333333,0.2714285714285709,1.5214285714285716
2015-04-16,29.6,19.0,24.6,0.0,15.1,25,4,106,2,22.0,20.3,20.3,19.0,20.86666666666667,19.985714285714288,17.97142857142857,0.0,0.1,0.0,0.0,0.03333333333333333,0.2714285714285709,1.2214285714285715
2015-04-17,29.4,20.7,24.9,0.0,21.5,21,4,107,2,24.6,22.0,20.3,19.9,22.3,20.785714285714285,18.592857142857145,0.0,0.0,0.1,0.4,0.03333333333333333,0.2714285714285709,0.16428571428571428
2015-04-18,29.5,19.7,24.7,0.0,17.4,23,4,108,2,24.9,24.6,22.0,18.8,23.83333333333334,21.5,19.421428571428574,0.0,0.0,0.0,1.4,0.0,0.21428571428571377,0.16428571428571428
2015-04-19,29.8,18.2,23.5,0.0,24.5,27,4,109,2,24.7,24.9,24.6,19.6,24.733333333333338,22.342857142857138,20.185714285714287,0.0,0.0,0.0,0.0,0.0,0.014285714285713779,0.16428571428571428
2015-04-20,23.7,12.4,18.4,0.0,14.3,33,4,110,2,23.5,24.7,24.9,20.3,24.36666666666667,22.9,20.664285714285715,0.0,0.0,0.0,0.0,0.0,0.014285714285713779,0.16428571428571428
2015-04-21,25.9,15.2,20.7,0.0,12.4,14,4,111,2,18.4,23.5,24.7,20.3,22.200000000000003,22.62857142857143,20.75,0.0,0.0,0.0,0.1,0.0,0.014285714285713779,0.13571428571428573
2015-04-22,26.8,16.1,21.7,0.0,14.3,12,4,112,2,20.7,18.4,23.5,22.0,20.86666666666667,22.685714285714287,21.04285714285714,0.0,0.0,0.0,0.0,0.0,0.0,0.1357142857142857
2015-04-23,28.9,18.8,24.0,0.0,15.9,14,4,113,2,21.7,20.7,18.4,24.6,20.26666666666667,22.642857142857142,21.314285714285717,0.0,0.0,0.0,0.0,0.0,0.0,0.1357142857142857
2015-04-24,31.4,20.7,26.1,0.0,18.0,12,4,114,2,24.0,21.7,20.7,24.9,22.13333333333334,22.557142857142857,21.671428571428574,0.0,0.0,0.0,0.0,0.0,0.0,0.1357142857142857
2015-04-25,32.3,21.7,27.2,0.0,14.8,14,4,115,2,26.1,24.0,21.7,24.7,23.933333333333337,22.728571428571428,22.11428571428571,0.0,0.0,0.0,0.0,0.0,0.0,0.10714285714285714
2015-04-26,33.9,19.0,26.7,0.0,21.1,14,4,116,2,27.2,26.1,24.0,23.5,25.76666666666667,23.08571428571429,22.714285714285715,0.0,0.0,0.0,0.0,0.0,0.0,0.0071428571428571435
2015-04-27,25.4,15.0,20.5,0.0,18.7,9,4,117,2,26.7,27.2,26.1,18.4,26.66666666666667,23.542857142857144,23.22142857142857,0.0,0.0,0.0,0.0,0.0,0.0,0.0071428571428571435
2015-04-28,27.3,15.8,21.6,0.0,17.7,10,4,118,2,20.5,26.7,27.2,20.7,24.800000000000008,23.842857142857145,23.235714285714288,0.0,0.0,0.0,0.0,0.0,0.0,0.0071428571428571435
2015-04-29,30.1,19.3,24.8,0.0,19.8,11,4,119,2,21.6,20.5,26.7,21.7,22.933333333333337,23.971428571428568,23.328571428571426,0.0,0.0,0.0,0.0,0.0,0.0,0.0
2015-04-30,26.4,14.8,21.2,0.0,19.6,20,4,120,2,24.8,21.6,20.5,24.0,22.3,24.414285714285715,23.52857142857143,0.0,0.0,0.0,0.0,0.0,0.0,0.0
2015-05-01,27.2,17.5,22.2,0.0,17.1,16,5,121,2,21.2,24.8,21.6,26.1,22.533333333333335,24.014285714285712,23.285714285714285,0.0,0.0,0.0,0.0,0.0,0.0,0.0
2015-05-02,29.0,18.7,23.9,0.0,14.0,13,5,122,2,22.2,21.2,24.8,27.2,22.733333333333338,23.457142857142856,23.092857142857138,0.0,0.0,0.0,0.0,0.0,0.0,0.0
2015-05-03,29.8,19.7,25.0,0.0,5.2,13,5,123,2,23.9,22.2,21.2,26.7,22.433333333333337,22.985714285714288,23.035714285714285,0.0,0.0,0.0,0.0,0.0,0.0,0.0
2015-05-04,30.5,18.0,24.8,0.0,9.8,17,5,124,2,25.0,23.9,22.2,20.5,23.700000000000003,22.74285714285714,23.142857142857142,0.0,0.0,0.0,0.0,0.0,0.0,0.0
2015-05-05,31.3,19.2,25.6,0.0,8.6,16,5,125,2,24.8,25.0,23.9,21.6,24.566666666666674,23.357142857142858,23.6,0.0,0.0,0.0,0.0,0.0,0.0,0.0
2015-05-06,31.5,20.3,26.0,0.0,10.1,15,5,126,2,25.6,24.8,25.0,24.8,25.13333333333334,23.928571428571427,23.95,0.0,0.0,0.0,0.0,0.0,0.0,0.0
2015-05-07,31.3,20.4,26.1,0.0,9.0,19,5,127,2,26.0,25.6,24.8,21.2,25.466666666666672,24.099999999999998,24.257142857142856,0.0,0.0,0.0,0.0,0.0,0.0,0.0
2015-05-08,30.8,20.6,25.3,0.0,15.3,24,5,128,2,26.1,26.0,25.6,22.2,25.900000000000006,24.8,24.407142857142855,0.0,0.0,0.0,0.0,0.0,0.0,0.0
2015-05-09,27.6,18.7,23.6,0.0,7.2,37,5,129,2,25.3,26.1,26.0,23.9,25.8,25.24285714285714,24.35,0.0,0.0,0.0,0.0,0.0,0.0,0.0
2015-05-10,29.2,18.6,23.5,2.0,11.1,37,5,130,2,23.6,25.3,26.1,25.0,25.000000000000004,25.2,24.092857142857145,0.0,0.0,0.0,0.0,0.0,0.0,0.0
2015-05-11,24.2,16.9,20.7,0.6,16.2,55,5,131,2,23.5,23.6,25.3,24.8,24.13333333333334,24.985714285714288,23.86428571428571,2.0,0.0,0.0,0.0,0.6666666666666666,0.2857142857142852,0.14285714285714285
2015-05-12,26.0,16.4,21.4,0.0,15.3,46,5,132,2,20.7,23.5,23.6,25.6,22.600000000000005,24.400000000000002,23.878571428571426,0.6,2.0,0.0,0.0,0.8666666666666667,0.37142857142857094,0.18571428571428572
2015-05-13,29.0,18.4,24.0,0.0,14.1,30,5,133,2,21.4,20.7,23.5,26.0,21.86666666666667,23.8,23.864285714285717,0.0,0.6,2.0,0.0,0.8666666666666667,0.37142857142857094,0.18571428571428572
2015-05-14,30.7,16.3,24.7,0.0,10.9,25,5,134,2,24.0,21.4,20.7,26.1,22.033333333333335,23.514285714285712,23.807142857142857,0.0,0.0,0.6,0.0,0.19999999999999998,0.37142857142857094,0.18571428571428572
2015-05-15,32.5,19.4,26.7,0.0,12.4,12,5,135,2,24.7,24.0,21.4,25.3,23.36666666666667,23.314285714285717,24.057142857142857,0.0,0.0,0.0,0.0,0.0,0.37142857142857094,0.18571428571428572
2015-05-16,34.5,22.5,29.1,0.0,15.5,12,5,136,2,26.7,24.7,24.0,23.6,25.13333333333334,23.514285714285712,24.37857142857143,0.0,0.0,0.0,0.0,0.0,0.37142857142857094,0.18571428571428572
2015-05-17,33.7,24.7,29.3,0.0,16.7,15,5,137,2,29.1,26.7,24.7,23.5,26.83333333333334,24.3,24.75,0.0,0.0,0.0,2.0,0.0,0.37142857142857094,0.18571428571428572
2015-05-18,31.6,22.7,27.4,0.0,15.2,14,5,138,2,29.3,29.1,26.7,20.7,28.366666666666674,25.12857142857143,25.057142857142857,0.0,0.0,0.0,0.6,0.0,0.0857142857142852,0.18571428571428572
2015-05-19,30.5,22.2,26.4,0.0,18.6,12,5,139,2,27.4,29.3,29.1,21.4,28.600000000000005,26.085714285714285,25.24285714285714,0.0,0.0,0.0,0.0,0.0,0.0,0.18571428571428572
2015-05-20,30.5,21.5,26.2,0.0,17.4,9,5,140,2,26.4,27.4,29.3,24.0,27.700000000000006,26.800000000000004,25.3,0.0,0.0,0.0,0.0,0.0,0.0,0.18571428571428572
2015-05-21,31.3,21.7,26.7,0.0,14.8,9,5,141,2,26.2,26.4,27.4,24.7,26.66666666666667,27.114285714285717,25.314285714285717,0.0,0.0,0.0,0.0,0.0,0.0,0.18571428571428572
2015-05-22,31.8,22.7,27.6,0.0,18.8,11,5,142,2,26.7,26.2,26.4,26.7,26.433333333333337,27.4,25.357142857142858,0.0,0.0,0.0,0.0,0.0,0.0,0.18571428571428572
2015-05-23,31.6,23.3,27.3,0.0,23.0,14,5,143,2,27.6,26.7,26.2,29.1,26.83333333333334,27.52857142857143,25.52142857142857,0.0,0.0,0.0,0.0,0.0,0.0,0.18571428571428572
2015-05-24,30.6,19.6,25.2,0.0,22.6,16,5,144,2,27.3,27.6,26.7,29.3,27.200000000000003,27.271428571428572,25.785714285714285,0.0,0.0,0.0,0.0,0.0,0.0,0.18571428571428572
2015-05-25,30.5,19.9,25.2,0.0,21.6,15,5,145,2,25.2,27.3,27.6,27.4,26.700000000000006,26.685714285714287,25.907142857142855,0.0,0.0,0.0,0.0,0.0,0.0,0.04285714285714286
2015-05-26,31.6,21.7,26.7,0.0,16.4,8,5,146,2,25.2,25.2,27.3,26.4,25.900000000000006,26.37142857142857,26.22857142857143,0.0,0.0,0.0,0.0,0.0,0.0,0.0
2015-05-27,32.9,23.5,28.1,0.0,15.1,17,5,147,2,26.7,25.2,25.2,26.2,25.700000000000006,26.41428571428571,26.607142857142858,0.0,0.0,0.0,0.0,0.0,0.0,0.0
2015-05-28,29.3,19.3,24.7,6.9,8.0,40,5,148,2,28.1,26.7,25.2,26.7,26.66666666666667,26.685714285714287,26.9,0.0,0.0,0.0,0.0,0.0,0.0,0.0
2015-05-29,30.2,18.3,24.7,0.0,18.4,44,5,149,2,24.7,28.1,26.7,27.6,26.500000000000004,26.400000000000002,26.900000000000002,6.9,0.0,0.0,0.0,2.3000000000000003,0.9857142857142852,0.4928571428571429
2015-05-30,31.6,22.2,26.8,0.0,16.1,17,5,150,2,24.7,24.7,28.1,27.3,25.83333333333334,25.985714285714284,26.75714285714286,0.0,6.9,0.0,0.0,2.3000000000000003,0.9857142857142852,0.4928571428571429
2015-05-31,31.9,22.9,27.4,0.0,16.8,14,5,151,2,26.8,24.7,24.7,25.2,25.400000000000006,25.914285714285715,26.592857142857145,0.0,0.0,6.9,0.0,2.3000000000000003,0.9857142857142852,0.4928571428571429
2015-06-01,30.9,21.3,26.2,0.0,16.8,16,6,152,3,27.4,26.8,24.7,25.2,26.3,26.228571428571428,26.457142857142856,0.0,0.0,0.0,0.0,0.0,0.9857142857142852,0.4928571428571429
2015-06-02,30.2,19.0,25.3,0.0,7.5,21,6,153,3,26.2,27.4,26.8,26.7,26.8,26.37142857142857,26.37142857142857,0.0,0.0,0.0,0.0,0.0,0.9857142857142852,0.4928571428571429
2015-06-03,27.8,15.5,22.2,1.9,13.0,42,6,154,3,25.3,26.2,27.4,28.1,26.300000000000008,26.171428571428574,26.292857142857144,0.0,0.0,0.0,0.0,0.0,0.9857142857142852,0.4928571428571429
2015-06-04,26.3,15.2,21.7,1.7,8.4,55,6,155,3,22.2,25.3,26.2,24.7,24.566666666666674,25.32857142857143,26.007142857142856,1.9,0.0,0.0,6.9,0.6333333333333333,1.2571428571428567,0.6285714285714287
2015-06-05,29.6,15.7,23.4,0.0,8.7,51,6,156,3,21.7,22.2,25.3,24.7,23.066666666666674,24.9,25.65,1.7,1.9,0.0,0.0,1.2,0.5142857142857137,0.75
2015-06-06,31.6,16.8,25.4,0.0,12.0,37,6,157,3,23.4,21.7,22.2,26.8,22.433333333333337,24.714285714285715,25.35,0.0,1.7,1.9,0.0,1.2,0.5142857142857137,0.75
2015-06-07,33.4,20.0,27.3,0.0,9.6,22,6,158,3,25.4,23.4,21.7,27.4,23.500000000000004,24.514285714285712,25.214285714285715,0.0,0.0,1.7,0.0,0.5666666666666667,0.5142857142857137,0.75
2015-06-08,34.2,19.5,27.4,0.0,9.3,23,6,159,3,27.3,25.4,23.4,26.2,25.36666666666667,24.5,25.364285714285717,0.0,0.0,0.0,0.0,0.0,0.5142857142857137,0.75
2015-06-09,34.4,19.5,27.6,0.0,10.9,27,6,160,3,27.4,27.3,25.4,25.3,26.700000000000006,24.67142857142857,25.52142857142857,0.0,0.0,0.0,0.0,0.0,0.5142857142857137,0.75
2015-06-10,33.9,19.3,27.4,0.0,13.0,31,6,161,3,27.6,27.4,27.3,22.2,27.433333333333337,25.0,25.585714285714285,0.0,0.0,0.0,1.9,0.0,0.5142857142857137,0.75
2015-06-11,31.1,18.9,25.9,0.3,7.3,44,6,162,3,27.4,27.6,27.4,21.7,27.46666666666667,25.74285714285714,25.535714285714285,0.0,0.0,0.0,1.7,0.0,0.24285714285714236,0.75
2015-06-12,33.1,18.9,26.7,0.0,12.6,41,6,163,3,25.9,27.4,27.6,23.4,26.96666666666667,26.342857142857145,25.62142857142857,0.3,0.0,0.0,0.0,0.09999999999999999,0.04285714285714235,0.2785714285714286
2015-06-13,34.2,22.9,28.9,0.0,13.7,13,6,164,3,26.7,25.9,27.4,25.4,26.66666666666667,26.814285714285713,25.764285714285712,0.0,0.3,0.0,0.0,0.09999999999999999,0.04285714285714235,0.2785714285714286
2015-06-14,34.9,23.5,29.5,0.0,11.5,11,6,165,3,28.9,26.7,25.9,27.3,27.16666666666667,27.314285714285713,25.91428571428571,0.0,0.0,0.3,0.0,0.09999999999999999,0.04285714285714235,0.2785714285714286
2015-06-15,34.1,18.9,27.2,0.0,12.8,37,6,166,3,29.5,28.9,26.7,27.4,28.36666666666667,27.628571428571426,26.064285714285713,0.0,0.0,0.0,0.0,0.0,0.04285714285714235,0.2785714285714286
2015-06-16,30.4,19.2,24.7,1.4,10.8,64,6,167,3,27.2,29.5,28.9,27.6,28.533333333333335,27.599999999999998,26.135714285714283,0.0,0.0,0.0,0.0,0.0,0.04285714285714235,0.2785714285714286
2015-06-17,32.2,19.3,26.0,0.0,7.0,55,6,168,3,24.7,27.2,29.5,27.4,27.13333333333334,27.185714285714283,26.092857142857145,1.4,0.0,0.0,0.0,0.4666666666666666,0.24285714285714236,0.37857142857142856
2015-06-18,33.5,20.7,27.9,0.0,7.2,44,6,169,3,26.0,24.7,27.2,25.9,25.966666666666672,26.985714285714288,26.364285714285717,0.0,1.4,0.0,0.3,0.4666666666666666,0.24285714285714236,0.24285714285714285
2015-06-19,35.1,22.6,29.2,0.0,7.2,36,6,170,3,27.9,26.0,24.7,26.7,26.200000000000003,27.271428571428572,26.807142857142857,0.0,0.0,1.4,0.0,0.4666666666666666,0.19999999999999948,0.12142857142857143
2015-06-20,35.1,23.2,29.6,0.7,8.8,33,6,171,3,29.2,27.9,26.0,28.9,27.700000000000003,27.62857142857143,27.221428571428568,0.0,0.0,0.0,0.0,0.0,0.19999999999999948,0.12142857142857143
2015-06-21,33.0,22.0,27.7,1.6,13.3,47,6,172,3,29.6,29.2,27.9,29.5,28.900000000000006,27.728571428571428,27.521428571428572,0.7,0.0,0.0,0.0,0.2333333333333333,0.29999999999999943,0.17142857142857143
2015-06-22,31.6,20.8,26.6,3.1,9.7,57,6,173,3,27.7,29.6,29.2,27.2,28.83333333333334,27.47142857142857,27.55,1.6,0.7,0.0,0.0,0.7666666666666666,0.5285714285714281,0.2857142857142857
2015-06-23,30.9,20.1,26.2,6.6,11.3,59,6,174,3,26.6,27.7,29.6,24.7,27.966666666666672,27.38571428571429,27.492857142857144,3.1,1.6,0.7,1.4,1.8,0.9714285714285709,0.5071428571428571
2015-06-24,30.8,18.7,25.2,0.0,15.5,50,6,175,3,26.2,26.6,27.7,26.0,26.83333333333334,27.599999999999998,27.392857142857142,6.6,3.1,1.6,0.0,3.766666666666667,1.7142857142857137,0.9785714285714285
2015-06-25,31.9,17.5,25.7,0.0,15.9,37,6,176,3,25.2,26.2,26.6,27.9,26.000000000000004,27.485714285714288,27.235714285714288,0.0,6.6,3.1,0.0,3.233333333333333,1.7142857142857137,0.9785714285714285
2015-06-26,32.5,23.0,27.7,0.0,12.1,14,6,177,3,25.7,25.2,26.2,29.2,25.700000000000006,27.17142857142857,27.221428571428568,0.0,0.0,6.6,0.0,2.1999999999999997,1.7142857142857137,0.9571428571428571
2015-06-27,34.3,20.1,27.7,0.0,8.2,22,6,178,3,27.7,25.7,25.2,29.6,26.200000000000003,26.957142857142856,27.29285714285714,0.0,0.0,0.0,0.7,0.0,1.7142857142857137,0.9571428571428571
2015-06-28,33.8,19.0,27.3,0.0,8.0,54,6,179,3,27.7,27.7,25.7,27.7,27.033333333333335,26.685714285714287,27.207142857142856,0.0,0.0,0.0,1.6,0.0,1.6142857142857137,0.9571428571428571
2015-06-29,35.6,21.1,29.0,0.0,15.5,40,6,180,3,27.3,27.7,27.7,26.6,27.566666666666674,26.628571428571426,27.05,0.0,0.0,0.0,3.1,0.0,1.385714285714285,0.9571428571428571
2015-06-30,34.8,24.2,29.1,0.6,14.4,26,6,181,3,29.0,27.3,27.7,26.2,28.000000000000004,26.971428571428568,27.178571428571427,0.0,0.0,0.0,6.6,0.0,0.9428571428571423,0.9571428571428571
2015-07-01,30.9,20.7,25.6,2.3,11.1,64,7,182,3,29.1,29.0,27.3,25.2,28.466666666666672,27.38571428571429,27.49285714285714,0.6,0.0,0.0,0.0,0.19999999999999998,0.0857142857142852,0.9
2015-07-02,32.0,19.6,26.8,1.1,8.7,56,7,183,3,25.6,29.1,29.0,25.7,27.900000000000006,27.442857142857143,27.464285714285715,2.3,0.6,0.0,0.0,0.9666666666666667,0.41428571428571376,1.0642857142857143
2015-07-03,34.2,22.1,28.7,0.0,10.1,43,7,184,3,26.8,25.6,29.1,27.7,27.166666666666675,27.599999999999998,27.385714285714283,1.1,2.3,0.6,0.0,1.3333333333333333,0.571428571428571,1.1428571428571428
2015-07-04,36.1,24.3,30.3,0.0,13.4,28,7,185,3,28.7,26.8,25.6,27.7,27.033333333333335,27.742857142857144,27.35,0.0,1.1,2.3,0.0,1.1333333333333333,0.571428571428571,1.1428571428571428
2015-07-05,37.7,27.2,32.1,0.0,13.8,19,7,186,3,30.3,28.7,26.8,27.3,28.600000000000005,28.114285714285717,27.4,0.0,0.0,1.1,0.0,0.3666666666666667,0.571428571428571,1.0928571428571427
2015-07-06,37.8,27.5,32.7,0.0,14.6,16,7,187,3,32.1,30.3,28.7,29.0,30.366666666666674,28.800000000000004,27.714285714285715,0.0,0.0,0.0,0.0,0.0,0.571428571428571,0.9785714285714285
2015-07-07,33.1,21.2,27.1,11.1,12.8,62,7,188,3,32.7,32.1,30.3,29.1,31.700000000000006,29.32857142857143,28.15,0.0,0.0,0.0,0.6,0.0,0.571428571428571,0.7571428571428571
2015-07-08,32.5,21.5,27.0,0.2,7.4,52,7,189,3,27.1,32.7,32.1,25.6,30.63333333333334,29.042857142857144,28.214285714285715,11.1,0.0,0.0,2.3,3.6999999999999997,2.0714285714285707,1.0785714285714285
2015-07-09,34.3,24.2,29.1,0.0,11.5,25,7,190,3,27.0,27.1,32.7,26.8,28.933333333333337,29.24285714285714,28.342857142857145,0.2,11.1,0.0,1.1,3.766666666666666,1.7714285714285707,1.0928571428571427
2015-07-10,34.8,24.9,29.7,0.0,12.3,22,7,191,3,29.1,27.0,27.1,28.7,27.733333333333338,29.571428571428573,28.58571428571429,0.0,0.2,11.1,0.0,3.766666666666666,1.6142857142857137,1.0928571428571427
2015-07-11,29.5,19.6,24.9,1.1,11.8,68,7,192,3,29.7,29.1,27.0,30.3,28.600000000000005,29.714285714285715,28.72857142857143,0.0,0.0,0.2,0.0,0.06666666666666667,1.6142857142857137,1.0928571428571427
2015-07-12,31.5,20.0,26.1,0.1,9.8,56,7,193,3,24.9,29.7,29.1,32.1,27.900000000000006,28.942857142857143,28.52857142857143,1.1,0.0,0.0,0.0,0.3666666666666667,1.771428571428571,1.1714285714285713
2015-07-13,32.8,22.8,27.7,0.0,7.6,43,7,194,3,26.1,24.9,29.7,32.7,26.900000000000006,28.085714285714285,28.442857142857147,0.1,1.1,0.0,0.0,0.4000000000000001,1.7857142857142851,1.1785714285714286
2015-07-14,36.3,21.9,29.5,0.0,12.9,38,7,195,3,27.7,26.1,24.9,27.1,26.233333333333338,27.371428571428574,28.35,0.0,0.1,1.1,11.1,0.4000000000000001,1.7857142857142851,1.1785714285714286
2015-07-15,36.2,26.7,31.3,0.0,19.6,10,7,196,3,29.5,27.7,26.1,27.0,27.76666666666667,27.714285714285715,28.37857142857143,0.0,0.0,0.1,0.2,0.03333333333333333,0.1999999999999995,1.1357142857142857
2015-07-16,35.2,25.2,30.5,0.0,8.2,17,7,197,3,31.3,29.5,27.7,29.1,29.500000000000004,28.328571428571426,28.785714285714285,0.0,0.0,0.0,0.0,0.0,0.17142857142857096,0.9714285714285714
2015-07-17,32.0,20.2,27.0,0.3,13.2,56,7,198,3,30.5,31.3,29.5,29.7,30.433333333333337,28.52857142857143,29.050000000000004,0.0,0.0,0.0,0.0,0.0,0.17142857142857096,0.8928571428571429
2015-07-18,31.4,22.8,26.5,2.7,8.9,68,7,199,3,27.0,30.5,31.3,24.9,29.600000000000005,28.142857142857142,28.928571428571427,0.3,0.0,0.0,1.1,0.09999999999999999,0.21428571428571377,0.9142857142857143
2015-07-19,31.6,22.1,26.8,7.2,9.4,63,7,200,3,26.5,27.0,30.5,26.1,28.000000000000004,28.37142857142857,28.657142857142862,2.7,0.3,0.0,0.1,1.0,0.44285714285714234,1.1071428571428572
2015-07-20,31.6,22.0,26.8,0.1,7.2,61,7,201,3,26.8,26.5,27.0,27.7,26.76666666666667,28.47142857142857,28.27857142857143,7.2,2.7,0.3,0.0,3.4,1.4571428571428566,1.6214285714285714
2015-07-21,31.8,21.7,26.7,1.4,5.9,59,7,202,3,26.8,26.8,26.5,29.5,26.700000000000006,28.342857142857145,27.857142857142858,0.1,7.2,2.7,0.0,3.3333333333333335,1.471428571428571,1.6285714285714286
2015-07-22,32.8,21.4,27.2,0.0,7.4,58,7,203,3,26.7,26.8,26.8,31.3,26.76666666666667,27.942857142857143,27.82857142857143,1.4,0.1,7.2,0.0,2.9,1.6714285714285708,0.9357142857142858
2015-07-23,32.4,22.9,27.2,4.5,8.1,64,7,204,3,27.2,26.7,26.8,30.5,26.900000000000006,27.357142857142858,27.842857142857145,0.0,1.4,0.1,0.0,0.5,1.6714285714285708,0.9214285714285716
2015-07-24,31.5,22.9,27.4,0.9,7.5,61,7,205,3,27.2,27.2,26.7,27.0,27.033333333333342,26.885714285714283,27.70714285714286,4.5,0.0,1.4,0.3,1.9666666666666668,2.3142857142857136,1.242857142857143
2015-07-25,33.5,24.6,28.5,0.0,10.8,43,7,206,3,27.4,27.2,27.2,26.5,27.26666666666667,26.942857142857143,27.54285714285714,0.9,4.5,0.0,2.7,1.8,2.3999999999999995,1.3071428571428572
2015-07-26,29.3,21.3,25.3,1.2,10.1,71,7,207,3,28.5,27.4,27.2,26.8,27.700000000000003,27.228571428571428,27.8,0.0,0.9,4.5,7.2,1.8,2.014285714285714,1.2285714285714284
2015-07-27,28.5,21.3,24.3,15.9,9.8,76,7,208,3,25.3,28.5,27.4,26.8,27.066666666666674,27.014285714285712,27.74285714285714,1.2,0.0,0.9,0.1,0.7000000000000001,1.1571428571428566,1.3071428571428572
2015-07-28,27.4,20.8,23.8,7.9,7.6,77,7,209,3,24.3,25.3,28.5,26.7,26.033333333333342,26.657142857142862,27.5,15.9,1.2,0.0,1.4,5.7,3.414285714285714,2.442857142857143
2015-07-29,27.7,19.5,23.7,5.6,10.1,73,7,210,3,23.8,24.3,25.3,27.2,24.466666666666672,26.24285714285714,27.092857142857145,7.9,15.9,1.2,0.0,8.333333333333334,4.3428571428571425,3.007142857142857
2015-07-30,28.1,21.7,24.8,0.7,6.1,67,7,211,3,23.7,23.8,24.3,27.2,23.933333333333337,25.74285714285714,26.55,5.6,7.9,15.9,4.5,9.799999999999999,5.142857142857143,3.4071428571428575
2015-07-31,28.9,22.8,25.7,0.0,10.9,53,7,212,3,24.8,23.7,23.8,27.4,24.100000000000005,25.400000000000002,26.142857142857142,0.7,5.6,7.9,0.9,4.7333333333333325,4.6,3.4571428571428577
2015-08-01,30.7,24.7,27.2,0.0,15.1,28,8,213,3,25.7,24.8,23.7,28.5,24.733333333333338,25.157142857142862,26.05,0.0,0.7,5.6,0.0,2.099999999999999,4.471428571428571,3.435714285714286
2015-08-02,31.4,22.6,26.9,0.0,9.8,23,8,214,3,27.2,25.7,24.8,25.3,25.900000000000006,24.97142857142857,26.099999999999998,0.0,0.0,0.7,1.2,0.23333333333333273,4.471428571428571,3.2428571428571433
2015-08-03,32.3,20.8,26.7,0.0,9.7,37,8,215,3,26.9,27.2,25.7,24.3,26.600000000000005,25.2,26.107142857142858,0.0,0.0,0.0,15.9,0.0,4.3,2.7285714285714286
2015-08-04,33.7,24.0,28.8,0.0,11.8,19,8,216,3,26.7,26.9,27.2,23.8,26.933333333333337,25.542857142857144,26.1,0.0,0.0,0.0,7.9,0.0,2.028571428571428,2.7214285714285715
2015-08-05,34.2,24.5,29.5,0.0,11.6,18,8,217,3,28.8,26.7,26.9,23.7,27.46666666666667,26.25714285714286,26.25,0.0,0.0,0.0,5.6,0.0,0.8999999999999995,2.6214285714285714
2015-08-06,34.6,24.1,29.6,0.0,13.0,18,8,218,3,29.5,28.8,26.7,24.8,28.33333333333334,27.08571428571429,26.41428571428571,0.0,0.0,0.0,0.7,0.0,0.09999999999999949,2.6214285714285714
2015-08-07,34.8,24.5,29.5,0.0,13.4,23,8,219,3,29.6,29.5,28.8,25.7,29.300000000000008,27.771428571428572,26.585714285714285,0.0,0.0,0.0,0.0,0.0,0.0,2.3000000000000003
2015-08-08,35.5,24.6,30.2,0.0,10.7,17,8,220,3,29.5,29.6,29.5,27.2,29.533333333333342,28.314285714285713,26.735714285714288,0.0,0.0,0.0,0.0,0.0,0.0,2.2357142857142858
2015-08-09,34.7,24.9,29.7,0.0,8.8,22,8,221,3,30.2,29.5,29.6,26.9,29.76666666666667,28.74285714285714,26.857142857142858,0.0,0.0,0.0,0.0,0.0,0.0,2.2357142857142858
2015-08-10,33.6,21.7,28.2,0.3,6.6,33,8,222,3,29.7,30.2,29.5,26.7,29.8,29.142857142857142,27.17142857142857,0.0,0.0,0.0,0.0,0.0,0.0,2.15
2015-08-11,31.8,21.5,26.9,1.0,6.6,55,8,223,3,28.2,29.7,30.2,28.8,29.36666666666667,29.357142857142858,27.45,0.3,0.0,0.0,0.0,0.09999999999999941,0.04285714285714235,1.0357142857142858
2015-08-12,32.3,21.0,27.0,0.0,7.2,52,8,224,3,26.9,28.2,29.7,29.5,28.26666666666667,29.085714285714285,27.67142857142857,1.0,0.3,0.0,0.0,0.43333333333333274,0.18571428571428522,0.5428571428571428
2015-08-13,33.4,19.6,27.0,0.0,6.8,50,8,225,3,27.0,26.9,28.2,29.6,27.36666666666667,28.728571428571428,27.907142857142855,0.0,1.0,0.3,0.0,0.43333333333333274,0.18571428571428522,0.14285714285714285
2015-08-14,33.0,18.8,26.9,0.0,6.1,45,8,226,3,27.0,27.0,26.9,29.5,26.96666666666667,28.357142857142858,28.064285714285713,0.0,0.0,1.0,0.0,0.33333333333333276,0.18571428571428522,0.09285714285714286
2015-08-15,32.6,20.3,26.5,0.2,7.5,53,8,227,3,26.9,27.0,27.0,30.2,26.96666666666667,27.985714285714284,28.15,0.0,0.0,0.0,0.0,0.0,0.18571428571428522,0.09285714285714286
2015-08-16,32.6,20.3,26.6,0.0,7.9,46,8,228,3,26.5,26.9,27.0,29.7,26.8,27.457142857142856,28.099999999999998,0.2,0.0,0.0,0.0,0.06666666666666608,0.21428571428571377,0.10714285714285714
2015-08-17,33.5,22.5,28.0,0.0,9.8,17,8,229,3,26.6,26.5,26.9,28.2,26.66666666666667,27.014285714285712,28.07857142857143,0.0,0.2,0.0,0.3,0.06666666666666608,0.21428571428571377,0.10714285714285714
2015-08-18,34.1,20.2,27.8,0.0,6.8,36,8,230,3,28.0,26.6,26.5,26.9,27.033333333333342,26.985714285714288,28.17142857142857,0.0,0.0,0.2,1.0,0.06666666666666608,0.1714285714285709,0.10714285714285714
2015-08-19,35.2,24.7,29.8,0.0,11.8,11,8,231,3,27.8,28.0,26.6,27.0,27.466666666666672,27.11428571428571,28.1,0.0,0.0,0.0,0.0,0.0,0.028571428571428064,0.10714285714285714
2015-08-20,35.3,25.1,30.2,0.0,13.9,13,8,232,3,29.8,27.8,28.0,27.0,28.533333333333342,27.514285714285712,28.121428571428574,0.0,0.0,0.0,0.0,0.0,0.028571428571428064,0.10714285714285714
2015-08-21,35.3,25.1,29.8,0.0,11.2,17,8,233,3,30.2,29.8,27.8,26.9,29.26666666666667,27.971428571428568,28.164285714285715,0.0,0.0,0.0,0.0,0.0,0.028571428571428064,0.10714285714285714
2015-08-22,34.0,19.8,27.4,0.0,11.2,40,8,234,3,29.8,30.2,29.8,26.5,29.933333333333337,28.385714285714283,28.185714285714287,0.0,0.0,0.0,0.2,0.0,0.028571428571428064,0.10714285714285714
2015-08-23,32.9,20.4,26.7,1.0,7.3,46,8,235,3,27.4,29.8,30.2,26.6,29.133333333333336,28.514285714285712,27.985714285714288,0.0,0.0,0.0,0.0,0.0,0.0,0.10714285714285714
2015-08-24,32.2,18.6,26.0,0.0,10.8,52,8,236,3,26.7,27.4,29.8,28.0,27.96666666666667,28.52857142857143,27.771428571428572,1.0,0.0,0.0,0.0,0.33333333333333276,0.14285714285714235,0.17857142857142858
2015-08-25,33.9,18.5,26.7,0.0,12.7,49,8,237,3,26.0,26.7,27.4,27.8,26.700000000000003,28.24285714285714,27.61428571428571,0.0,1.0,0.0,0.0,0.33333333333333276,0.14285714285714235,0.15714285714285717
2015-08-26,34.9,24.0,29.3,0.0,13.6,25,8,238,3,26.7,26.0,26.7,29.8,26.46666666666667,28.08571428571429,27.599999999999998,0.0,0.0,1.0,0.0,0.33333333333333276,0.14285714285714235,0.08571428571428572
2015-08-27,34.7,24.1,29.3,0.0,16.6,22,8,239,3,29.3,26.7,26.0,30.2,27.33333333333334,28.014285714285712,27.764285714285712,0.0,0.0,0.0,0.0,0.0,0.14285714285714235,0.08571428571428572
2015-08-28,33.2,23.1,28.3,0.0,12.3,15,8,240,3,29.3,29.3,26.7,29.8,28.433333333333337,27.88571428571429,27.928571428571427,0.0,0.0,0.0,0.0,0.0,0.14285714285714235,0.08571428571428572
2015-08-29,31.5,21.9,26.6,0.0,12.3,21,8,241,3,28.3,29.3,29.3,27.4,28.966666666666672,27.67142857142857,28.028571428571432,0.0,0.0,0.0,0.0,0.0,0.14285714285714235,0.08571428571428572
2015-08-30,29.8,20.2,24.7,0.0,13.4,17,8,242,3,26.6,28.3,29.3,26.7,28.066666666666674,27.557142857142857,28.035714285714285,0.0,0.0,0.0,1.0,0.0,0.14285714285714235,0.07142857142857142
2015-08-31,29.8,18.7,24.1,0.0,9.2,16,8,243,3,24.7,26.6,28.3,26.0,26.533333333333342,27.271428571428572,27.900000000000002,0.0,0.0,0.0,0.0,0.0,0.0,0.07142857142857142
2015-09-01,30.6,19.1,24.9,0.0,11.4,13,9,244,4,24.1,24.7,26.6,26.7,25.13333333333334,27.0,27.62142857142857,0.0,0.0,0.0,0.0,0.0,0.0,0.07142857142857142
2015-09-02,30.8,19.7,25.4,0.0,11.0,10,9,245,4,24.9,24.1,24.7,29.3,24.566666666666674,26.742857142857144,27.414285714285715,0.0,0.0,0.0,0.0,0.0,0.0,0.07142857142857142
2015-09-03,31.5,20.9,26.0,0.0,14.5,17,9,246,4,25.4,24.9,24.1,29.3,24.8,26.185714285714287,27.099999999999998,0.0,0.0,0.0,0.0,0.0,0.0,0.07142857142857142
2015-09-04,29.1,16.6,23.4,0.0,7.2,54,9,247,4,26.0,25.4,24.9,28.3,25.433333333333337,25.714285714285715,26.8,0.0,0.0,0.0,0.0,0.0,0.0,0.07142857142857142
2015-09-05,29.8,19.2,24.3,0.0,14.1,30,9,248,4,23.4,26.0,25.4,26.6,24.933333333333337,25.014285714285716,26.342857142857138,0.0,0.0,0.0,0.0,0.0,0.0,0.07142857142857142
2015-09-06,29.4,19.2,24.4,0.0,11.9,15,9,249,4,24.3,23.4,26.0,24.7,24.566666666666674,24.685714285714283,26.12142857142857,0.0,0.0,0.0,0.0,0.0,0.0,0.07142857142857142
2015-09-07,29.3,18.7,24.1,0.0,8.1,16,9,250,4,24.4,24.3,23.4,24.1,24.033333333333335,24.642857142857142,25.95714285714286,0.0,0.0,0.0,0.0,0.0,0.0,0.0
2015-09-08,28.0,16.8,23.3,0.0,5.5,29,9,251,4,24.1,24.4,24.3,24.9,24.26666666666667,24.642857142857142,25.821428571428573,0.0,0.0,0.0,0.0,0.0,0.0,0.0
2015-09-09,30.3,18.7,24.6,0.0,13.2,29,9,252,4,23.3,24.1,24.4,25.4,23.933333333333337,24.414285714285715,25.57857142857143,0.0,0.0,0.0,0.0,0.0,0.0,0.0
2015-09-10,31.2,19.8,25.6,0.0,12.7,20,9,253,4,24.6,23.3,24.1,26.0,24.000000000000004,24.3,25.242857142857144,0.0,0.0,0.0,0.0,0.0,0.0,0.0
2015-09-11,31.6,20.5,26.1,0.0,11.2,11,9,254,4,25.6,24.6,23.3,23.4,24.50000000000001,24.24285714285714,24.978571428571428,0.0,0.0,0.0,0.0,0.0,0.0,0.0
2015-09-12,31.2,20.5,26.0,0.0,10.5,10,9,255,4,26.1,25.6,24.6,24.3,25.433333333333337,24.628571428571433,24.821428571428573,0.0,0.0,0.0,0.0,0.0,0.0,0.0
2015-09-13,31.0,20.8,26.0,0.0,11.4,13,9,256,4,26.0,26.1,25.6,24.4,25.900000000000006,24.871428571428574,24.778571428571432,0.0,0.0,0.0,0.0,0.0,0.0,0.0
2015-09-14,29.2,20.7,24.9,0.0,12.5,19,9,257,4,26.0,26.0,26.1,24.1,26.033333333333342,25.099999999999998,24.87142857142857,0.0,0.0,0.0,0.0,0.0,0.0,0.0
2015-09-15,30.0,19.1,24.5,0.0,6.8,21,9,258,4,24.9,26.0,26.0,23.3,25.633333333333336,25.214285714285715,24.928571428571427,0.0,0.0,0.0,0.0,0.0,0.0,0.0
2015-09-16,28.3,18.1,23.0,12.7,4.7,39,9,259,4,24.5,24.9,26.0,24.6,25.133333333333336,25.385714285714283,24.9,0.0,0.0,0.0,0.0,0.0,0.0,0.0
2015-09-17,27.9,18.2,23.2,0.0,6.2,37,9,260,4,23.0,24.5,24.9,25.6,24.133333333333336,25.157142857142855,24.728571428571428,12.7,0.0,0.0,0.0,4.2333333333333325,1.8142857142857136,0.9071428571428571
2015-09-18,28.7,18.7,23.7,0.0,5.4,38,9,261,4,23.2,23.0,24.5,26.1,23.566666666666674,24.814285714285717,24.52857142857143,0.0,12.7,0.0,0.0,4.2333333333333325,1.8142857142857136,0.9071428571428571
2015-09-19,29.3,19.9,24.3,0.0,13.0,23,9,262,4,23.7,23.2,23.0,26.0,23.3,24.47142857142857,24.550000000000004,0.0,0.0,12.7,0.0,4.2333333333333325,1.8142857142857136,0.9071428571428571
2015-09-20,25.1,18.5,21.6,0.0,13.1,27,9,263,4,24.3,23.7,23.2,26.0,23.733333333333338,24.22857142857143,24.55,0.0,0.0,0.0,0.0,0.0,1.8142857142857136,0.9071428571428571
2015-09-21,24.7,14.7,19.7,0.3,6.7,31,9,264,4,21.6,24.3,23.7,24.9,23.200000000000003,23.6,24.349999999999998,0.0,0.0,0.0,0.0,0.0,1.8142857142857136,0.9071428571428571
2015-09-22,24.0,15.2,19.5,0.0,12.9,23,9,265,4,19.7,21.6,24.3,24.5,21.866666666666674,22.857142857142858,24.035714285714285,0.3,0.0,0.0,0.0,0.09999999999999941,1.8571428571428565,0.9285714285714286
2015-09-23,26.0,15.4,20.8,0.0,7.5,23,9,266,4,19.5,19.7,21.6,23.0,20.266666666666673,22.142857142857142,23.764285714285712,0.0,0.3,0.0,12.7,0.09999999999999941,1.8571428571428565,0.9285714285714286
2015-09-24,27.7,17.3,22.3,0.0,11.4,27,9,267,4,20.8,19.5,19.7,23.2,20.000000000000004,21.82857142857143,23.49285714285714,0.0,0.0,0.3,0.0,0.09999999999999941,0.04285714285714235,0.9285714285714286
2015-09-25,26.3,17.6,21.8,0.0,12.5,23,9,268,4,22.3,20.8,19.5,23.7,20.86666666666667,21.699999999999996,23.25714285714286,0.0,0.0,0.0,0.0,0.0,0.04285714285714235,0.9285714285714286
2015-09-26,25.7,16.0,20.7,0.0,12.0,18,9,269,4,21.8,22.3,20.8,24.3,21.63333333333334,21.428571428571427,22.95,0.0,0.0,0.0,0.0,0.0,0.04285714285714235,0.9285714285714286
2015-09-27,25.7,15.4,20.4,0.0,10.2,18,9,270,4,20.7,21.8,22.3,21.6,21.600000000000005,20.914285714285715,22.571428571428573,0.0,0.0,0.0,0.0,0.0,0.04285714285714235,0.9285714285714286
2015-09-28,26.1,14.6,20.4,0.0,11.9,16,9,271,4,20.4,20.7,21.8,19.7,20.966666666666672,20.74285714285714,22.17142857142857,0.0,0.0,0.0,0.3,0.0,0.04285714285714235,0.9285714285714286
2015-09-29,26.8,16.4,21.5,0.0,11.5,17,9,272,4,20.4,20.4,20.7,19.5,20.500000000000004,20.842857142857145,21.85,0.0,0.0,0.0,0.0,0.0,0.0,0.9285714285714286
2015-09-30,27.3,16.1,21.8,0.0,13.5,24,9,273,4,21.5,20.4,20.4,20.8,20.76666666666667,21.12857142857143,21.63571428571429,0.0,0.0,0.0,0.0,0.0,0.0,0.9285714285714286
2015-10-01,27.2,18.1,22.6,0.0,13.3,18,10,274,4,21.8,21.5,20.4,22.3,21.233333333333338,21.271428571428572,21.55,0.0,0.0,0.0,0.0,0.0,0.0,0.02142857142857143
2015-10-02,28.6,18.1,23.3,0.0,12.4,17,10,275,4,22.6,21.8,21.5,21.8,21.966666666666672,21.314285714285713,21.50714285714286,0.0,0.0,0.0,0.0,0.0,0.0,0.02142857142857143
2015-10-03,28.1,19.3,23.7,0.0,14.4,19,10,276,4,23.3,22.6,21.8,20.7,22.566666666666674,21.52857142857143,21.478571428571428,0.0,0.0,0.0,0.0,0.0,0.0,0.02142857142857143
2015-10-04,28.3,18.6,23.4,0.0,8.9,20,10,277,4,23.7,23.3,22.6,20.4,23.200000000000006,21.95714285714286,21.435714285714287,0.0,0.0,0.0,0.0,0.0,0.0,0.02142857142857143
2015-10-05,27.5,16.4,22.2,0.0,7.1,29,10,278,4,23.4,23.7,23.3,20.4,23.46666666666667,22.38571428571429,21.564285714285713,0.0,0.0,0.0,0.0,0.0,0.0,0.02142857142857143
2015-10-06,27.3,15.8,21.7,0.0,12.2,34,10,279,4,22.2,23.4,23.7,21.5,23.100000000000005,22.642857142857142,21.742857142857144,0.0,0.0,0.0,0.0,0.0,0.0,0.0
2015-10-07,27.1,16.8,22.0,0.0,8.2,21,10,280,4,21.7,22.2,23.4,21.8,22.433333333333337,22.67142857142857,21.900000000000002,0.0,0.0,0.0,0.0,0.0,0.0,0.0
2015-10-08,28.3,17.4,22.7,0.0,10.6,18,10,281,4,22.0,21.7,22.2,22.6,21.966666666666672,22.699999999999996,21.985714285714288,0.0,0.0,0.0,0.0,0.0,0.0,0.0
2015-10-09,28.7,19.0,23.8,0.0,13.0,18,10,282,4,22.7,22.0,21.7,23.3,22.133333333333336,22.714285714285715,22.014285714285712,0.0,0.0,0.0,0.0,0.0,0.0,0.0
2015-10-10,29.6,19.8,24.6,0.0,13.4,17,10,283,4,23.8,22.7,22.0,23.7,22.83333333333334,22.78571428571428,22.157142857142855,0.0,0.0,0.0,0.0,0.0,0.0,0.0
2015-10-11,29.8,19.9,24.9,0.0,12.3,16,10,284,4,24.6,23.8,22.7,23.4,23.700000000000003,22.914285714285715,22.435714285714283,0.0,0.0,0.0,0.0,0.0,0.0,0.0
2015-10-12,29.7,20.1,24.8,0.0,12.2,16,10,285,4,24.9,24.6,23.8,22.2,24.433333333333337,23.128571428571426,22.75714285714286,0.0,0.0,0.0,0.0,0.0,0.0,0.0
2015-10-13,28.6,19.3,24.0,0.0,9.5,17,10,286,4,24.8,24.9,24.6,21.7,24.76666666666667,23.5,23.071428571428573,0.0,0.0,0.0,0.0,0.0,0.0,0.0
2015-10-14,28.7,18.6,23.5,0.0,10.8,21,10,287,4,24.0,24.8,24.9,22.0,24.566666666666674,23.82857142857143,23.25,0.0,0.0,0.0,0.0,0.0,0.0,0.0
2015-10-15,27.4,15.2,21.5,0.0,6.1,45,10,288,4,23.5,24.0,24.8,22.7,24.100000000000005,24.042857142857144,23.371428571428574,0.0,0.0,0.0,0.0,0.0,0.0,0.0
2015-10-16,26.0,17.2,21.5,0.5,10.2,46,10,289,4,21.5,23.5,24.0,23.8,23.000000000000004,23.87142857142857,23.292857142857144,0.0,0.0,0.0,0.0,0.0,0.0,0.0
2015-10-17,26.2,18.0,21.6,0.2,8.7,38,10,290,4,21.5,21.5,23.5,24.6,22.16666666666667,23.542857142857144,23.164285714285715,0.5,0.0,0.0,0.0,0.16666666666666607,0.07142857142857093,0.03571428571428571
2015-10-18,22.8,16.6,18.9,1.9,12.0,55,10,291,4,21.6,21.5,21.5,24.9,21.533333333333342,23.11428571428571,23.014285714285712,0.2,0.5,0.0,0.0,0.23333333333333273,0.09999999999999949,0.049999999999999996
2015-10-19,20.7,14.0,17.3,0.0,16.2,59,10,292,4,18.9,21.6,21.5,24.8,20.66666666666667,22.25714285714286,22.692857142857147,1.9,0.2,0.5,0.0,0.8666666666666659,0.3714285714285709,0.1857142857142857
2015-10-20,19.6,10.3,15.1,0.0,9.7,33,10,293,4,17.3,18.9,21.6,24.0,19.26666666666667,21.185714285714287,22.342857142857138,0.0,1.9,0.2,0.0,0.6999999999999993,0.3714285714285709,0.1857142857142857
2015-10-21,21.1,11.2,16.0,0.0,8.6,21,10,294,4,15.1,17.3,18.9,23.5,17.100000000000005,19.914285714285715,21.87142857142857,0.0,0.0,1.9,0.0,0.6333333333333327,0.3714285714285709,0.1857142857142857
2015-10-22,22.6,13.8,18.1,0.0,14.2,25,10,295,4,16.0,15.1,17.3,21.5,16.133333333333336,18.842857142857145,21.442857142857143,0.0,0.0,0.0,0.0,0.0,0.3714285714285709,0.1857142857142857
2015-10-23,23.4,15.1,19.2,0.0,10.8,30,10,296,4,18.1,16.0,15.1,21.5,16.400000000000006,18.357142857142858,21.114285714285717,0.0,0.0,0.0,0.5,0.0,0.3714285714285709,0.1857142857142857
2015-10-24,22.5,15.4,18.5,0.1,16.8,38,10,297,4,19.2,18.1,16.0,21.6,17.76666666666667,18.02857142857143,20.785714285714285,0.0,0.0,0.0,0.2,0.0,0.29999999999999943,0.1857142857142857
2015-10-25,18.2,11.8,14.9,0.4,13.0,48,10,298,4,18.5,19.2,18.1,18.9,18.600000000000005,17.585714285714285,20.35,0.1,0.0,0.0,1.9,0.03333333333333274,0.2857142857142852,0.19285714285714284
2015-10-26,19.2,10.0,14.5,0.0,12.3,33,10,299,4,14.9,18.5,19.2,17.3,17.533333333333335,17.014285714285712,19.635714285714283,0.4,0.1,0.0,0.0,0.16666666666666607,0.07142857142857093,0.2214285714285714
2015-10-27,18.4,9.2,13.9,0.0,11.1,20,10,300,4,14.5,14.9,18.5,15.1,15.966666666666669,16.614285714285714,18.900000000000002,0.0,0.4,0.1,0.0,0.16666666666666607,0.07142857142857093,0.2214285714285714
2015-10-28,21.3,9.4,15.4,0.0,5.5,17,10,301,4,13.9,14.5,14.9,16.0,14.433333333333337,16.442857142857143,18.178571428571427,0.0,0.0,0.4,0.0,0.13333333333333275,0.07142857142857093,0.2214285714285714
2015-10-29,22.2,11.5,16.7,0.0,6.9,21,10,302,4,15.4,13.9,14.5,18.1,14.600000000000003,16.357142857142858,17.6,0.0,0.0,0.0,0.0,0.0,0.07142857142857093,0.2214285714285714
2015-10-30,22.8,12.0,17.3,0.0,6.5,17,10,303,4,16.7,15.4,13.9,19.2,15.333333333333337,16.157142857142855,17.25714285714286,0.0,0.0,0.0,0.0,0.0,0.07142857142857093,0.2214285714285714
2015-10-31,22.7,12.2,16.9,0.0,5.8,19,10,304,4,17.3,16.7,15.4,18.5,16.46666666666667,15.885714285714286,16.95714285714286,0.0,0.0,0.0,0.1,0.0,0.07142857142857093,0.1857142857142857
2015-11-01,21.4,9.1,15.6,0.0,9.2,49,11,305,4,16.9,17.3,16.7,14.9,16.96666666666667,15.657142857142857,16.621428571428574,0.0,0.0,0.0,0.4,0.0,0.05714285714285664,0.1714285714285714
2015-11-02,19.9,11.0,15.1,0.3,9.7,58,11,306,4,15.6,16.9,17.3,14.5,16.600000000000005,15.757142857142858,16.385714285714286,0.0,0.0,0.0,0.0,0.0,0.0,0.03571428571428571
2015-11-03,19.7,11.7,15.2,0.2,15.2,59,11,307,4,15.1,15.6,16.9,13.9,15.866666666666672,15.842857142857143,16.228571428571428,0.3,0.0,0.0,0.0,0.09999999999999941,0.04285714285714235,0.05714285714285715
2015-11-04,16.2,9.6,12.7,0.0,17.2,61,11,308,4,15.2,15.1,15.6,15.4,15.300000000000004,16.02857142857143,16.235714285714288,0.2,0.3,0.0,0.0,0.16666666666666607,0.07142857142857093,0.07142857142857142
2015-11-05,14.1,5.8,9.9,0.0,13.0,44,11,309,4,12.7,15.2,15.1,16.7,14.333333333333337,15.642857142857142,16.0,0.0,0.2,0.3,0.0,0.16666666666666607,0.07142857142857093,0.07142857142857142
2015-11-06,17.3,6.3,11.4,0.0,8.7,26,11,310,4,9.9,12.7,15.2,17.3,12.600000000000003,14.671428571428573,15.414285714285715,0.0,0.0,0.2,0.0,0.06666666666666608,0.07142857142857093,0.07142857142857142
2015-11-07,18.9,8.1,13.4,0.0,9.2,26,11,311,4,11.4,9.9,12.7,16.9,11.333333333333337,13.828571428571427,14.857142857142858,0.0,0.0,0.0,0.0,0.0,0.07142857142857093,0.07142857142857142
2015-11-08,19.7,10.4,14.6,0.7,6.1,32,11,312,4,13.4,11.4,9.9,15.6,11.566666666666672,13.328571428571427,14.492857142857142,0.0,0.0,0.0,0.0,0.0,0.07142857142857093,0.0642857142857143
2015-11-09,18.6,9.4,13.4,2.5,10.7,61,11,313,4,14.6,13.4,11.4,15.1,13.13333333333334,13.185714285714285,14.471428571428573,0.7,0.0,0.0,0.3,0.23333333333333273,0.1714285714285709,0.08571428571428572
2015-11-10,19.0,8.4,13.8,0.1,9.0,70,11,314,4,13.4,14.6,13.4,15.2,13.800000000000004,12.942857142857141,14.392857142857142,2.5,0.7,0.0,0.2,1.0666666666666662,0.4857142857142852,0.2642857142857143
2015-11-11,17.6,10.7,13.7,13.2,8.7,86,11,315,4,13.8,13.4,14.6,12.7,13.933333333333339,12.742857142857144,14.385714285714286,0.1,2.5,0.7,0.0,1.0999999999999994,0.471428571428571,0.27142857142857146
2015-11-12,20.4,11.2,15.2,3.0,17.9,76,11,316,4,13.7,13.8,13.4,9.9,13.633333333333338,12.885714285714284,14.264285714285714,13.2,0.1,2.5,0.0,5.266666666666666,2.3571428571428568,1.2142857142857142
2015-11-13,16.3,11.4,14.0,2.9,9.6,77,11,317,4,15.2,13.7,13.8,11.4,14.23333333333334,13.642857142857142,14.157142857142858,3.0,13.2,0.1,0.0,5.433333333333333,2.785714285714285,1.4285714285714286
2015-11-14,16.7,8.8,12.3,0.0,6.2,59,11,318,4,14.0,15.2,13.7,13.4,14.300000000000004,14.014285714285714,13.921428571428573,2.9,3.0,13.2,0.0,6.3666666666666645,3.1999999999999993,1.6357142857142857
2015-11-15,15.7,8.4,11.7,0.0,12.5,56,11,319,4,12.3,14.0,15.2,14.6,13.833333333333337,13.857142857142858,13.592857142857142,0.0,2.9,3.0,0.7,1.9666666666666661,3.1999999999999993,1.6357142857142857
2015-11-16,15.1,5.9,10.2,0.0,6.0,52,11,320,4,11.7,12.3,14.0,13.4,12.666666666666671,13.442857142857141,13.314285714285715,0.0,0.0,2.9,2.5,0.966666666666666,3.099999999999999,1.6357142857142857
2015-11-17,16.3,7.1,11.1,0.0,6.2,44,11,321,4,10.2,11.7,12.3,13.8,11.400000000000004,12.985714285714286,12.964285714285714,0.0,0.0,0.0,0.1,0.0,2.7428571428571424,1.614285714285714
2015-11-18,20.7,8.8,13.8,0.0,6.3,41,11,322,4,11.1,10.2,11.7,13.7,11.000000000000005,12.599999999999998,12.671428571428569,0.0,0.0,0.0,13.2,0.0,2.7285714285714278,1.5999999999999999
2015-11-19,20.0,9.2,14.0,0.0,6.3,46,11,323,4,13.8,11.1,10.2,15.2,11.700000000000003,12.614285714285716,12.75,0.0,0.0,0.0,3.0,0.0,0.8428571428571426,1.5999999999999999
2015-11-20,18.9,8.3,13.0,0.0,6.1,56,11,324,4,14.0,13.8,11.1,14.0,12.966666666666674,12.442857142857141,13.042857142857143,0.0,0.0,0.0,2.9,0.0,0.41428571428571404,1.5999999999999999
2015-11-21,17.6,6.3,11.8,0.0,6.7,61,11,325,4,13.0,14.0,13.8,12.3,13.600000000000003,12.299999999999999,13.157142857142857,0.0,0.0,0.0,0.0,0.0,0.0,1.5999999999999999
2015-11-22,15.8,7.7,11.4,0.5,11.2,63,11,326,4,11.8,13.0,14.0,11.7,12.933333333333337,12.22857142857143,13.042857142857144,0.0,0.0,0.0,0.0,0.0,0.0,1.5999999999999999
2015-11-23,12.5,6.3,9.2,0.0,11.2,62,11,327,4,11.4,11.8,13.0,10.2,12.066666666666672,12.185714285714285,12.814285714285713,0.5,0.0,0.0,0.0,0.16666666666666607,0.07142857142857117,1.5857142857142856
2015-11-24,12.2,4.3,8.0,0.0,8.7,47,11,328,4,9.2,11.4,11.8,11.1,10.800000000000004,12.042857142857143,12.514285714285716,0.0,0.5,0.0,0.0,0.16666666666666607,0.07142857142857117,1.407142857142857
2015-11-25,11.0,4.1,7.2,0.0,12.1,54,11,329,4,8.0,9.2,11.4,13.8,9.533333333333339,11.6,12.1,0.0,0.0,0.5,0.0,0.16666666666666607,0.07142857142857117,1.4
2015-11-26,10.0,1.0,5.4,0.0,15.9,63,11,330,4,7.2,8.0,9.2,14.0,8.133333333333338,10.657142857142858,11.635714285714286,0.0,0.0,0.0,0.0,0.0,0.07142857142857117,0.4571428571428572
2015-11-27,13.2,2.8,7.5,0.0,6.8,41,11,331,4,5.4,7.2,8.0,13.0,6.866666666666672,9.428571428571429,10.935714285714285,0.0,0.0,0.0,0.0,0.0,0.07142857142857117,0.24285714285714285
2015-11-28,15.7,3.9,9.1,0.0,7.2,35,11,332,4,7.5,5.4,7.2,11.8,6.7000000000000055,8.642857142857142,10.471428571428572,0.0,0.0,0.0,0.0,0.0,0.07142857142857117,0.03571428571428571
2015-11-29,15.9,5.0,10.1,0.0,6.3,28,11,333,4,9.1,7.5,5.4,11.4,7.333333333333338,8.257142857142858,10.242857142857144,0.0,0.0,0.0,0.5,0.0,0.07142857142857117,0.03571428571428571
2015-11-30,16.2,6.6,11.3,0.0,7.0,31,11,334,4,10.1,9.1,7.5,9.2,8.900000000000004,8.071428571428571,10.128571428571428,0.0,0.0,0.0,0.0,0.0,0.0,0.03571428571428571
2015-12-01,14.4,7.2,10.4,0.0,12.4,32,12,335,1,11.3,10.1,9.1,8.0,10.166666666666671,8.371428571428572,10.207142857142857,0.0,0.0,0.0,0.0,0.0,0.0,0.03571428571428571
2015-12-02,16.5,5.2,10.6,0.0,5.6,33,12,336,1,10.4,11.3,10.1,7.2,10.600000000000005,8.714285714285714,10.157142857142858,0.0,0.0,0.0,0.0,0.0,0.0,0.03571428571428571
2015-12-03,21.3,8.9,14.6,0.0,6.5,27,12,337,1,10.6,10.4,11.3,5.4,10.766666666666673,9.200000000000001,9.928571428571429,0.0,0.0,0.0,0.0,0.0,0.0,0.03571428571428571
2015-12-04,22.6,11.7,16.5,0.0,7.6,21,12,338,1,14.6,10.6,10.4,7.5,11.866666666666669,10.514285714285714,9.971428571428572,0.0,0.0,0.0,0.0,0.0,0.0,0.03571428571428571
2015-12-05,22.9,11.3,16.5,0.0,7.0,20,12,339,1,16.5,14.6,10.6,9.1,13.900000000000006,11.799999999999999,10.221428571428572,0.0,0.0,0.0,0.0,0.0,0.0,0.03571428571428571
2015-12-06,19.7,11.3,14.9,0.0,8.4,23,12,340,1,16.5,16.5,14.6,10.1,15.866666666666669,12.857142857142858,10.557142857142855,0.0,0.0,0.0,0.0,0.0,0.0,0.03571428571428571
2015-12-07,19.8,9.1,13.6,0.0,6.4,34,12,341,1,14.9,16.5,16.5,11.3,15.966666666666674,13.542857142857143,10.807142857142859,0.0,0.0,0.0,0.0,0.0,0.0,0.0
2015-12-08,17.5,5.9,11.5,0.0,8.9,60,12,342,1,13.6,14.9,16.5,10.4,15.000000000000005,13.87142857142857,11.12142857142857,0.0,0.0,0.0,0.0,0.0,0.0,0.0
2015-12-09,9.5,1.5,4.9,3.6,14.7,74,12,343,1,11.5,13.6,14.9,10.6,13.333333333333337,14.028571428571427,11.37142857142857,0.0,0.0,0.0,0.0,0.0,0.0,0.0
2015-12-10,6.0,-0.4,2.4,0.0,19.8,66,12,344,1,4.9,11.5,13.6,14.6,10.000000000000005,13.214285714285714,11.207142857142857,3.6,0.0,0.0,0.0,1.1999999999999995,0.514285714285714,0.2571428571428572
2015-12-11,5.7,-3.6,0.7,0.0,10.0,49,12,345,1,2.4,4.9,11.5,16.5,6.266666666666672,11.471428571428573,10.992857142857144,0.0,3.6,0.0,0.0,1.1999999999999995,0.514285714285714,0.2571428571428572
2015-12-12,9.0,-0.1,3.5,0.0,7.7,33,12,346,1,0.7,2.4,4.9,16.5,2.6666666666666714,9.214285714285714,10.507142857142856,0.0,0.0,3.6,0.0,1.1999999999999995,0.514285714285714,0.2571428571428572
2015-12-13,8.5,0.1,3.7,0.0,8.0,34,12,347,1,3.5,0.7,2.4,14.9,2.2000000000000046,7.357142857142857,10.107142857142858,0.0,0.0,0.0,0.0,0.0,0.514285714285714,0.2571428571428572
2015-12-14,10.2,1.5,5.2,0.0,8.4,30,12,348,1,3.7,3.5,0.7,13.6,2.6333333333333377,5.757142857142858,9.650000000000002,0.0,0.0,0.0,0.0,0.0,0.514285714285714,0.2571428571428572
2015-12-15,14.1,2.9,7.7,0.0,5.5,24,12,349,1,5.2,3.7,3.5,11.5,4.133333333333338,4.557142857142857,9.214285714285714,0.0,0.0,0.0,0.0,0.0,0.514285714285714,0.2571428571428572
2015-12-16,10.8,3.2,6.4,0.0,15.5,30,12,350,1,7.7,5.2,3.7,4.9,5.5333333333333385,4.014285714285714,9.02142857142857,0.0,0.0,0.0,3.6,0.0,0.514285714285714,0.2571428571428572
2015-12-17,8.7,1.2,4.6,0.0,9.4,53,12,351,1,6.4,7.7,5.2,2.4,6.433333333333338,4.228571428571429,8.721428571428572,0.0,0.0,0.0,0.0,0.0,0.0,0.2571428571428572
2015-12-18,11.2,1.2,5.5,0.0,8.6,45,12,352,1,4.6,6.4,7.7,0.7,6.233333333333338,4.542857142857143,8.007142857142856,0.0,0.0,0.0,0.0,0.0,0.0,0.2571428571428572
2015-12-19,10.8,2.5,6.1,0.0,10.1,36,12,353,1,5.5,4.6,6.4,3.5,5.500000000000004,5.228571428571429,7.221428571428571,0.0,0.0,0.0,0.0,0.0,0.0,0.2571428571428572
2015-12-20,8.5,2.5,5.1,0.0,10.1,44,12,354,1,6.1,5.5,4.6,3.7,5.400000000000005,5.6000000000000005,6.478571428571428,0.0,0.0,0.0,0.0,0.0,0.0,0.2571428571428572
2015-12-21,11.1,0.5,5.7,0.0,10.1,42,12,355,1,5.1,6.1,5.5,5.2,5.566666666666671,5.799999999999999,5.778571428571429,0.0,0.0,0.0,0.0,0.0,0.0,0.2571428571428572
2015-12-22,8.7,2.0,6.1,0.0,15.8,46,12,356,1,5.7,5.1,6.1,7.7,5.633333333333337,5.871428571428572,5.214285714285714,0.0,0.0,0.0,0.0,0.0,0.0,0.2571428571428572
2015-12-23,5.9,-0.8,2.3,0.0,13.0,55,12,357,1,6.1,5.7,5.1,6.4,5.633333333333337,5.642857142857143,4.828571428571428,0.0,0.0,0.0,0.0,0.0,0.0,0.2571428571428572
2015-12-24,11.9,0.2,5.5,0.0,6.0,34,12,358,1,2.3,6.1,5.7,4.6,4.7000000000000055,5.057142857142857,4.642857142857143,0.0,0.0,0.0,0.0,0.0,0.0,0.0
2015-12-25,14.2,4.5,8.8,1.7,8.3,26,12,359,1,5.5,2.3,6.1,5.5,4.633333333333337,5.185714285714285,4.864285714285715,0.0,0.0,0.0,0.0,0.0,0.0,0.0
2015-12-26,10.6,6.0,8.3,4.6,8.0,76,12,360,1,8.8,5.5,2.3,6.1,5.5333333333333385,5.657142857142857,5.442857142857143,1.7,0.0,0.0,0.0,0.5666666666666661,0.2428571428571426,0.12142857142857143
2015-12-27,13.0,6.1,9.0,0.0,11.5,83,12,361,1,8.3,8.8,5.5,5.1,7.5333333333333385,5.971428571428571,5.785714285714286,4.6,1.7,0.0,0.0,2.099999999999999,0.8999999999999997,0.45
2015-12-28,11.3,3.8,7.1,0.0,6.6,75,12,362,1,9.0,8.3,8.8,5.7,8.700000000000005,6.528571428571429,6.164285714285714,0.0,4.6,1.7,0.0,2.099999999999999,0.8999999999999997,0.45
2015-12-29,11.6,3.9,7.0,0.0,8.8,56,12,363,1,7.1,9.0,8.3,6.1,8.133333333333338,6.728571428571429,6.299999999999999,0.0,0.0,4.6,0.0,1.5333333333333325,0.8999999999999997,0.45
2015-12-30,13.6,3.7,7.8,0.0,7.0,40,12,364,1,7.0,7.1,9.0,2.3,7.700000000000004,6.857142857142857,6.25,0.0,0.0,0.0,0.0,0.0,0.8999999999999997,0.45
2015-12-31,14.3,4.3,8.2,0.0,8.6,39,12,365,1,7.8,7.0,7.1,5.5,7.300000000000004,7.642857142857143,6.3500000000000005,0.0,0.0,0.0,0.0,0.0,0.8999999999999997,0.45
2016-01-01,17.4,5.3,11.2,0.0,13.8,50,1,1,1,8.2,7.8,7.0,8.8,7.666666666666671,8.028571428571428,6.607142857142857,0.0,0.0,0.0,1.7,0.0,0.8999999999999997,0.45
2016-01-02,18.8,8.2,13.4,0.0,12.2,47,1,2,1,11.2,8.2,7.8,8.3,9.06666666666667,8.371428571428572,7.014285714285714,0.0,0.0,0.0,4.6,0.0,0.6571428571428568,0.45
2016-01-03,18.4,10.2,13.2,3.1,11.9,50,1,3,1,13.4,11.2,8.2,9.0,10.933333333333337,9.1,7.535714285714286,0.0,0.0,0.0,0.0,0.0,0.0,0.45
2016-01-04,13.4,8.4,10.5,0.0,14.1,67,1,4,1,13.2,13.4,11.2,7.1,12.600000000000003,9.7,8.114285714285714,3.1,0.0,0.0,0.0,1.0333333333333328,0.4428571428571426,0.6714285714285715
2016-01-05,14.0,1.5,8.3,0.0,7.5,61,1,5,1,10.5,13.2,13.4,7.0,12.366666666666669,10.185714285714285,8.457142857142857,0.0,3.1,0.0,0.0,1.0333333333333328,0.4428571428571426,0.6714285714285715
2016-01-06,12.7,3.9,8.2,0.3,7.3,70,1,6,1,8.3,10.5,13.2,7.8,10.666666666666671,10.37142857142857,8.614285714285716,0.0,0.0,3.1,0.0,1.0333333333333328,0.4428571428571426,0.6714285714285715
2016-01-07,13.3,4.7,8.6,0.0,10.1,67,1,7,1,8.2,8.3,10.5,8.2,9.000000000000004,10.428571428571429,9.035714285714285,0.3,0.0,0.0,0.0,0.09999999999999941,0.48571428571428543,0.6928571428571428
2016-01-08,13.8,5.2,9.5,0.0,9.0,39,1,8,1,8.6,8.2,8.3,11.2,8.366666666666672,10.485714285714284,9.257142857142856,0.0,0.3,0.0,0.0,0.09999999999999941,0.48571428571428543,0.6928571428571428
2016-01-09,16.8,6.3,11.3,0.0,8.8,26,1,9,1,9.5,8.6,8.2,13.4,8.766666666666671,10.242857142857144,9.307142857142855,0.0,0.0,0.3,0.0,0.09999999999999941,0.48571428571428543,0.5714285714285714
2016-01-10,18.3,7.0,12.1,0.0,9.7,34,1,10,1,11.3,9.5,8.6,13.2,9.800000000000004,9.942857142857141,9.521428571428572,0.0,0.0,0.0,3.1,0.0,0.48571428571428543,0.24285714285714285
2016-01-11,14.9,5.2,8.9,0.0,15.8,76,1,11,1,12.1,11.3,9.5,10.5,10.96666666666667,9.785714285714286,9.742857142857144,0.0,0.0,0.0,0.0,0.0,0.0428571428571426,0.24285714285714285
2016-01-12,8.1,-0.9,3.9,0.0,10.0,52,1,12,1,8.9,12.1,11.3,8.3,10.766666666666671,9.557142857142859,9.87142857142857,0.0,0.0,0.0,0.0,0.0,0.0428571428571426,0.24285714285714285
2016-01-13,13.1,1.2,6.9,0.0,7.2,29,1,13,1,3.9,8.9,12.1,8.2,8.300000000000004,8.928571428571429,9.65,0.0,0.0,0.0,0.3,0.0,0.0428571428571426,0.24285714285714285
2016-01-14,11.7,3.8,7.6,0.0,11.2,26,1,14,1,6.9,3.9,8.9,8.6,6.566666666666671,8.742857142857144,9.585714285714285,0.0,0.0,0.0,0.0,0.0,0.0,0.24285714285714285
2016-01-15,12.9,3.5,7.8,0.0,8.1,25,1,15,1,7.6,6.9,3.9,9.5,6.133333333333337,8.6,9.542857142857143,0.0,0.0,0.0,0.0,0.0,0.0,0.24285714285714285
2016-01-16,12.4,4.1,7.8,0.0,11.3,31,1,16,1,7.8,7.6,6.9,11.3,7.433333333333337,8.357142857142858,9.299999999999999,0.0,0.0,0.0,0.0,0.0,0.0,0.24285714285714285
2016-01-17,11.8,3.9,7.4,0.0,10.5,38,1,17,1,7.8,7.8,7.6,12.1,7.733333333333337,7.857142857142857,8.9,0.0,0.0,0.0,0.0,0.0,0.0,0.24285714285714285
2016-01-18,9.6,2.3,5.6,0.0,11.4,52,1,18,1,7.4,7.8,7.8,8.9,7.666666666666671,7.185714285714285,8.485714285714286,0.0,0.0,0.0,0.0,0.0,0.0,0.02142857142857143
2016-01-19,11.4,0.8,5.7,0.0,7.3,49,1,19,1,5.6,7.4,7.8,3.9,6.933333333333337,6.714285714285714,8.135714285714286,0.0,0.0,0.0,0.0,0.0,0.0,0.02142857142857143
2016-01-20,13.6,2.5,7.5,0.0,9.6,33,1,20,1,5.7,5.6,7.4,6.9,6.233333333333338,6.971428571428572,7.95,0.0,0.0,0.0,0.0,0.0,0.0,0.02142857142857143
2016-01-21,13.7,4.1,8.2,0.0,9.8,23,1,21,1,7.5,5.7,5.6,7.6,6.26666666666667,7.057142857142858,7.9,0.0,0.0,0.0,0.0,0.0,0.0,0.0
2016-01-22,13.1,3.7,8.0,0.0,8.4,26,1,22,1,8.2,7.5,5.7,7.8,7.133333333333337,7.142857142857143,7.871428571428571,0.0,0.0,0.0,0.0,0.0,0.0,0.0
2016-01-23,14.5,4.3,8.9,0.0,9.5,28,1,23,1,8.0,8.2,7.5,7.8,7.900000000000003,7.171428571428571,7.764285714285713,0.0,0.0,0.0,0.0,0.0,0.0,0.0
2016-01-24,15.6,5.2,10.1,0.0,8.7,27,1,24,1,8.9,8.0,8.2,7.4,8.36666666666667,7.328571428571428,7.5928571428571425,0.0,0.0,0.0,0.0,0.0,0.0,0.0
2016-01-25,18.1,7.4,12.3,0.0,9.4,23,1,25,1,10.1,8.9,8.0,5.6,9.000000000000005,7.714285714285714,7.450000000000001,0.0,0.0,0.0,0.0,0.0,0.0,0.0
2016-01-26,17.6,10.6,13.5,0.0,13.9,44,1,26,1,12.3,10.1,8.9,5.7,10.433333333333337,8.671428571428573,7.692857142857143,0.0,0.0,0.0,0.0,0.0,0.0,0.0
2016-01-27,17.0,8.6,12.6,0.0,12.9,50,1,27,1,13.5,12.3,10.1,7.5,11.96666666666667,9.785714285714286,8.378571428571428,0.0,0.0,0.0,0.0,0.0,0.0,0.0
2016-01-28,14.1,8.7,11.1,18.9,15.3,72,1,28,1,12.6,13.5,12.3,8.2,12.800000000000004,10.514285714285714,8.785714285714286,0.0,0.0,0.0,0.0,0.0,0.0,0.0
2016-01-29,11.3,5.5,9.3,9.5,13.7,82,1,29,1,11.1,12.6,13.5,8.0,12.400000000000004,10.928571428571429,9.035714285714286,18.9,0.0,0.0,0.0,6.3,2.6999999999999997,1.3499999999999999
2016-01-30,8.4,2.0,5.4,0.0,11.0,62,1,30,1,9.3,11.1,12.6,8.9,11.000000000000005,11.114285714285716,9.142857142857142,9.5,18.9,0.0,0.0,9.466666666666667,4.057142857142857,2.0285714285714285
2016-01-31,7.2,1.4,4.1,0.0,13.4,47,1,31,1,5.4,9.3,11.1,10.1,8.600000000000003,10.614285714285714,8.971428571428572,0.0,9.5,18.9,0.0,9.466666666666667,4.057142857142857,2.0285714285714285
2016-02-01,7.6,0.1,3.5,0.0,8.9,47,2,32,1,4.1,5.4,9.3,12.3,6.26666666666667,9.757142857142856,8.735714285714286,0.0,0.0,9.5,0.0,3.1666666666666665,4.057142857142857,2.0285714285714285
2016-02-02,10.0,0.8,5.0,0.0,8.8,44,2,33,1,3.5,4.1,5.4,13.5,4.3333333333333375,8.5,8.585714285714285,0.0,0.0,0.0,0.0,0.0,4.057142857142857,2.0285714285714285
2016-02-03,13.6,3.3,7.8,0.0,5.5,37,2,34,1,5.0,3.5,4.1,12.6,4.200000000000004,7.285714285714286,8.535714285714286,0.0,0.0,0.0,0.0,0.0,4.057142857142857,2.0285714285714285
2016-02-04,14.2,4.0,8.8,0.0,7.8,39,2,35,1,7.8,5.0,3.5,11.1,5.433333333333337,6.6000000000000005,8.557142857142857,0.0,0.0,0.0,18.9,0.0,4.057142857142857,2.0285714285714285
2016-02-05,11.9,5.0,7.9,0.0,10.8,46,2,36,1,8.8,7.8,5.0,9.3,7.200000000000004,6.271428571428572,8.6,0.0,0.0,0.0,9.5,0.0,1.3571428571428572,2.0285714285714285
2016-02-06,11.4,2.8,6.8,0.0,13.0,59,2,37,1,7.9,8.8,7.8,5.4,8.166666666666671,6.071428571428572,8.592857142857143,0.0,0.0,0.0,0.0,0.0,0.0,2.0285714285714285
2016-02-07,15.2,3.0,8.9,0.0,5.4,42,2,38,1,6.8,7.9,8.8,4.1,7.833333333333337,6.271428571428571,8.442857142857143,0.0,0.0,0.0,0.0,0.0,0.0,2.0285714285714285
2016-02-08,16.5,3.5,9.8,0.0,8.1,39,2,39,1,8.9,6.8,7.9,3.5,7.866666666666671,6.957142857142857,8.357142857142858,0.0,0.0,0.0,0.0,0.0,0.0,2.0285714285714285
2016-02-09,15.9,2.3,9.1,0.0,10.2,53,2,40,1,9.8,8.9,6.8,5.0,8.500000000000005,7.857142857142857,8.178571428571429,0.0,0.0,0.0,0.0,0.0,0.0,2.0285714285714285
2016-02-10,8.5,-0.1,5.9,0.0,20.7,49,2,41,1,9.1,9.8,8.9,7.8,9.266666666666671,8.442857142857143,7.864285714285714,0.0,0.0,0.0,0.0,0.0,0.0,2.0285714285714285
2016-02-11,5.4,-4.6,0.3,0.0,12.4,45,2,42,1,5.9,9.1,9.8,8.8,8.266666666666671,8.171428571428573,7.385714285714286,0.0,0.0,0.0,0.0,0.0,0.0,2.0285714285714285
2016-02-12,7.7,-1.6,3.0,0.0,10.9,37,2,43,1,0.3,5.9,9.1,7.9,5.100000000000004,6.957142857142857,6.614285714285715,0.0,0.0,0.0,0.0,0.0,0.0,0.6785714285714286
2016-02-13,8.2,-0.7,3.5,0.0,9.5,42,2,44,1,3.0,0.3,5.9,6.8,3.0666666666666713,6.257142857142857,6.164285714285714,0.0,0.0,0.0,0.0,0.0,0.0,0.0
2016-02-14,9.2,0.4,4.5,0.0,9.4,38,2,45,1,3.5,3.0,0.3,8.9,2.2666666666666706,5.785714285714286,6.028571428571429,0.0,0.0,0.0,0.0,0.0,0.0,0.0
2016-02-15,11.9,1.2,6.2,0.0,7.5,30,2,46,1,4.5,3.5,3.0,9.8,3.666666666666671,5.1571428571428575,6.057142857142857,0.0,0.0,0.0,0.0,0.0,0.0,0.0
2016-02-16,12.9,2.8,7.7,0.0,5.9,28,2,47,1,6.2,4.5,3.5,9.1,4.733333333333338,4.642857142857143,6.25,0.0,0.0,0.0,0.0,0.0,0.0,0.0
2016-02-17,14.2,3.5,8.7,0.0,5.5,33,2,48,1,7.7,6.2,4.5,5.9,6.133333333333337,4.442857142857142,6.442857142857143,0.0,0.0,0.0,0.0,0.0,0.0,0.0
2016-02-18,15.1,4.5,9.7,0.0,7.2,33,2,49,1,8.7,7.7,6.2,0.3,7.533333333333338,4.8428571428571425,6.507142857142857,0.0,0.0,0.0,0.0,0.0,0.0,0.0
2016-02-19,15.5,4.8,10.0,0.0,12.4,33,2,50,1,9.7,8.7,7.7,3.0,8.700000000000005,6.185714285714285,6.571428571428571,0.0,0.0,0.0,0.0,0.0,0.0,0.0
2016-02-20,14.7,6.2,10.4,0.0,9.4,29,2,51,1,10.0,9.7,8.7,3.5,9.46666666666667,7.185714285714285,6.721428571428571,0.0,0.0,0.0,0.0,0.0,0.0,0.0
2016-02-21,17.6,6.0,11.6,0.0,9.0,24,2,52,1,10.4,10.0,9.7,4.5,10.033333333333337,8.171428571428573,6.978571428571429,0.0,0.0,0.0,0.0,0.0,0.0,0.0
2016-02-22,18.3,8.6,13.0,0.0,9.9,24,2,53,1,11.6,10.4,10.0,6.2,10.666666666666671,9.185714285714285,7.171428571428571,0.0,0.0,0.0,0.0,0.0,0.0,0.0
2016-02-23,18.3,7.9,12.9,0.0,9.8,29,2,54,1,13.0,11.6,10.4,7.7,11.666666666666671,10.157142857142857,7.3999999999999995,0.0,0.0,0.0,0.0,0.0,0.0,0.0
2016-02-24,20.8,8.6,14.2,0.0,6.6,28,2,55,1,12.9,13.0,11.6,8.7,12.500000000000005,10.9,7.671428571428572,0.0,0.0,0.0,0.0,0.0,0.0,0.0
2016-02-25,22.1,9.5,15.1,0.0,10.8,27,2,56,1,14.2,12.9,13.0,9.7,13.366666666666669,11.685714285714285,8.264285714285714,0.0,0.0,0.0,0.0,0.0,0.0,0.0
2016-02-26,22.7,8.0,15.5,0.0,7.2,27,2,57,1,15.1,14.2,12.9,10.0,14.06666666666667,12.457142857142857,9.321428571428571,0.0,0.0,0.0,0.0,0.0,0.0,0.0
2016-02-27,23.3,12.9,18.2,0.0,11.3,28,2,58,1,15.5,15.1,14.2,10.4,14.933333333333337,13.242857142857144,10.214285714285714,0.0,0.0,0.0,0.0,0.0,0.0,0.0
2016-02-28,19.2,13.7,16.2,2.0,7.6,39,2,59,1,18.2,15.5,15.1,11.6,16.26666666666667,14.357142857142858,11.264285714285714,0.0,0.0,0.0,0.0,0.0,0.0,0.0
2016-02-29,20.8,10.1,15.4,2.3,10.4,55,2,60,1,16.2,18.2,15.5,13.0,16.633333333333336,15.014285714285714,12.1,2.0,0.0,0.0,0.0,0.6666666666666666,0.2857142857142857,0.14285714285714285
2016-03-01,19.3,10.5,14.2,3.7,9.9,66,3,61,2,15.4,16.2,18.2,12.9,16.600000000000005,15.357142857142858,12.757142857142856,2.3,2.0,0.0,0.0,1.4333333333333333,0.6142857142857142,0.3071428571428571
2016-03-02,16.8,9.3,12.7,6.6,4.0,76,3,62,2,14.2,15.4,16.2,14.2,15.266666666666671,15.542857142857143,13.221428571428572,3.7,2.3,2.0,0.0,2.6666666666666665,1.1428571428571428,0.5714285714285714
2016-03-03,15.8,8.8,11.6,9.0,9.0,80,3,63,2,12.7,14.2,15.4,15.1,14.100000000000003,15.328571428571427,13.507142857142856,6.6,3.7,2.3,0.0,4.2,2.085714285714286,1.042857142857143
2016-03-04,12.8,6.1,9.4,3.7,10.6,86,3,64,2,11.6,12.7,14.2,15.5,12.833333333333337,14.828571428571427,13.642857142857142,9.0,6.6,3.7,0.0,6.433333333333334,3.3714285714285714,1.6857142857142857
2016-03-05,13.9,6.3,10.1,0.1,10.7,75,3,65,2,9.4,11.6,12.7,18.2,11.233333333333336,13.957142857142857,13.599999999999998,3.7,9.0,6.6,0.0,6.433333333333334,3.9,1.95
2016-03-06,15.9,7.2,11.7,0.0,5.9,68,3,66,2,10.1,9.4,11.6,16.2,10.366666666666672,12.799999999999999,13.578571428571431,0.1,3.7,9.0,2.0,4.266666666666667,3.914285714285714,1.957142857142857
2016-03-07,17.1,6.8,11.9,0.7,5.8,75,3,67,2,11.7,10.1,9.4,15.4,10.400000000000004,12.157142857142858,13.585714285714285,0.0,0.1,3.7,2.3,1.2666666666666668,3.6285714285714286,1.957142857142857
2016-03-08,16.4,9.4,12.4,6.1,5.0,73,3,68,2,11.9,11.7,10.1,14.2,11.233333333333336,11.657142857142857,13.507142857142856,0.7,0.0,0.1,3.7,0.26666666666666666,3.4,2.007142857142857
2016-03-09,16.4,9.3,12.7,1.4,10.7,72,3,69,2,12.4,11.9,11.7,12.7,12.000000000000005,11.4,13.471428571428573,6.1,0.7,0.0,6.6,2.2666666666666666,3.742857142857143,2.442857142857143
2016-03-10,12.8,8.3,10.6,15.6,7.3,87,3,70,2,12.7,12.4,11.9,11.6,12.333333333333337,11.4,13.364285714285714,1.4,6.1,0.7,9.0,2.733333333333333,3.0,2.542857142857143
2016-03-11,13.2,8.5,10.2,8.3,9.8,92,3,71,2,10.6,12.7,12.4,9.4,11.900000000000006,11.257142857142856,13.042857142857143,15.6,1.4,6.1,3.7,7.699999999999999,3.942857142857143,3.6571428571428575
2016-03-12,12.3,7.4,9.3,3.9,16.2,84,3,72,2,10.2,10.6,12.7,10.1,11.166666666666671,11.37142857142857,12.664285714285713,8.3,15.6,1.4,0.1,8.433333333333335,4.6000000000000005,4.25
2016-03-13,14.4,8.0,10.7,0.3,12.2,64,3,73,2,9.3,10.2,10.6,11.7,10.033333333333339,11.257142857142856,12.028571428571428,3.9,8.3,15.6,0.0,9.266666666666667,5.142857142857143,4.5285714285714285
2016-03-14,16.4,8.5,12.4,0.8,14.3,55,3,74,2,10.7,9.3,10.2,11.9,10.06666666666667,11.114285714285714,11.635714285714284,0.3,3.9,8.3,0.7,4.166666666666667,5.185714285714285,4.4071428571428575
2016-03-15,17.2,7.1,12.5,1.9,9.6,66,3,75,2,12.4,10.7,9.3,12.4,10.800000000000006,11.185714285714287,11.421428571428569,0.8,0.3,3.9,6.1,1.6666666666666667,5.2,4.3
2016-03-16,16.3,10.0,12.5,5.9,14.0,85,3,76,2,12.5,12.4,10.7,12.7,11.866666666666669,11.200000000000001,11.299999999999999,1.9,0.8,0.3,1.4,1.0,4.6000000000000005,4.171428571428572
2016-03-17,18.8,8.7,13.9,1.6,15.0,71,3,77,2,12.5,12.5,12.4,10.6,12.466666666666674,11.171428571428569,11.285714285714286,5.9,1.9,0.8,15.6,2.866666666666667,5.242857142857143,4.121428571428572
2016-03-18,18.9,9.3,14.3,0.1,16.6,59,3,78,2,13.9,12.5,12.5,10.2,12.96666666666667,11.642857142857142,11.45,1.6,5.9,1.9,8.3,3.1333333333333333,3.242857142857143,3.5928571428571425
2016-03-19,18.5,10.5,14.4,0.0,12.8,34,3,79,2,14.3,13.9,12.5,9.3,13.566666666666672,12.228571428571428,11.8,0.1,1.6,5.9,3.9,2.5333333333333337,2.0714285714285716,3.335714285714286
2016-03-20,16.9,11.4,13.7,0.0,14.3,32,3,80,2,14.4,14.3,13.9,10.7,14.200000000000005,12.957142857142857,12.107142857142858,0.0,0.1,1.6,0.3,0.5666666666666668,1.5142857142857142,3.3285714285714287
2016-03-21,18.9,8.6,13.8,0.0,7.9,24,3,81,2,13.7,14.4,14.3,12.4,14.13333333333334,13.385714285714286,12.25,0.0,0.0,0.1,0.8,0.03333333333333333,1.4714285714285715,3.3285714285714287
2016-03-22,22.5,10.8,16.8,0.0,8.0,24,3,82,2,13.8,13.7,14.4,12.5,13.96666666666667,13.585714285714287,12.385714285714284,0.0,0.0,0.0,1.9,0.0,1.3571428571428572,3.2785714285714285
2016-03-23,22.2,14.3,17.8,0.0,16.7,39,3,83,2,16.8,13.8,13.7,12.5,14.766666666666671,14.2,12.700000000000001,0.0,0.0,0.0,5.9,0.0,1.0857142857142859,2.8428571428571425
2016-03-24,17.7,12.5,15.0,3.5,14.3,62,3,84,2,17.8,16.8,13.8,13.9,16.13333333333334,14.957142857142859,13.064285714285715,0.0,0.0,0.0,1.6,0.0,0.24285714285714288,2.742857142857143
2016-03-25,16.3,8.5,12.7,0.0,14.3,42,3,85,2,15.0,17.8,16.8,14.3,16.533333333333342,15.114285714285716,13.37857142857143,3.5,0.0,0.0,0.1,1.1666666666666667,0.5142857142857143,1.8785714285714286
2016-03-26,18.1,7.5,13.0,0.0,11.1,33,3,86,2,12.7,15.0,17.8,14.4,15.166666666666671,14.885714285714286,13.557142857142859,0.0,3.5,0.0,0.0,1.1666666666666667,0.5,1.2857142857142858
2016-03-27,22.0,10.2,16.2,0.0,9.8,28,3,87,2,13.0,12.7,15.0,13.7,13.566666666666672,14.685714285714285,13.821428571428571,0.0,0.0,3.5,0.0,1.1666666666666667,0.5,1.0071428571428573
2016-03-28,23.9,12.0,17.5,0.0,10.1,37,3,88,2,16.2,13.0,12.7,13.8,13.96666666666667,15.042857142857143,14.214285714285714,0.0,0.0,0.0,0.0,0.0,0.5,0.9857142857142858
2016-03-29,24.6,11.0,18.1,1.5,9.8,51,3,89,2,17.5,16.2,13.0,16.8,15.566666666666672,15.571428571428571,14.578571428571431,0.0,0.0,0.0,0.0,0.0,0.5,0.9285714285714286
2016-03-30,24.7,12.4,18.8,2.3,13.6,55,3,90,2,18.1,17.5,16.2,17.8,17.26666666666667,15.757142857142858,14.97857142857143,1.5,0.0,0.0,0.0,0.5,0.7142857142857143,0.9000000000000001
2016-03-31,22.5,14.6,18.6,1.1,13.9,60,3,91,2,18.8,18.1,17.5,15.0,18.133333333333336,15.9,15.428571428571429,2.3,1.5,0.0,3.5,1.2666666666666666,1.042857142857143,0.6428571428571429
2016-04-01,24.1,14.0,19.1,3.9,17.0,59,4,92,2,18.6,18.8,18.1,12.7,18.500000000000007,16.414285714285715,15.764285714285716,1.1,2.3,1.5,0.0,1.6333333333333335,0.7000000000000001,0.6071428571428571
2016-04-02,22.3,13.0,17.2,0.5,14.6,69,4,93,2,19.1,18.6,18.8,13.0,18.83333333333334,17.32857142857143,16.107142857142858,3.9,1.1,2.3,0.0,2.433333333333333,1.2571428571428573,0.8785714285714287
2016-04-03,19.5,11.1,14.8,2.8,14.9,64,4,94,2,17.2,19.1,18.6,16.2,18.300000000000008,17.928571428571427,16.307142857142857,0.5,3.9,1.1,0.0,1.8333333333333333,1.3285714285714287,0.9142857142857144
2016-04-04,19.1,9.7,14.4,0.0,12.4,47,4,95,2,14.8,17.2,19.1,17.5,17.03333333333334,17.72857142857143,16.385714285714286,2.8,0.5,3.9,0.0,2.4,1.7285714285714284,1.1142857142857143
2016-04-05,20.8,11.6,16.1,0.0,6.9,33,4,96,2,14.4,14.8,17.2,18.1,15.46666666666667,17.285714285714285,16.42857142857143,0.0,2.8,0.5,1.5,1.0999999999999999,1.7285714285714284,1.1142857142857143
2016-04-06,22.4,12.3,17.2,0.0,11.8,37,4,97,2,16.1,14.4,14.8,18.8,15.100000000000003,17.000000000000004,16.37857142857143,0.0,0.0,2.8,2.3,0.9333333333333332,1.5142857142857142,1.1142857142857143
2016-04-07,22.4,11.4,17.2,0.0,6.3,33,4,98,2,17.2,16.1,14.4,18.6,15.900000000000006,16.771428571428572,16.335714285714285,0.0,0.0,0.0,1.1,0.0,1.1857142857142857,1.1142857142857143
2016-04-08,21.3,11.9,16.5,4.0,12.2,52,4,99,2,17.2,17.2,16.1,19.1,16.83333333333334,16.571428571428573,16.492857142857144,0.0,0.0,0.0,3.9,0.0,1.0285714285714285,0.8642857142857144
2016-04-09,21.2,12.0,16.5,1.0,12.3,47,4,100,2,16.5,17.2,17.2,17.2,16.966666666666672,16.2,16.764285714285716,4.0,0.0,0.0,0.5,1.3333333333333333,1.042857142857143,1.1500000000000001
2016-04-10,18.0,12.0,14.7,4.7,13.7,68,4,101,2,16.5,16.5,17.2,14.8,16.733333333333338,16.1,17.014285714285716,1.0,4.0,0.0,2.8,1.6666666666666667,1.1142857142857143,1.2214285714285715
2016-04-11,20.9,11.3,16.2,0.0,12.0,50,4,102,2,14.7,16.5,16.5,14.4,15.900000000000006,16.085714285714285,16.907142857142855,4.7,1.0,4.0,0.0,3.233333333333333,1.3857142857142857,1.5571428571428572
2016-04-12,24.3,13.9,19.4,0.0,11.8,34,4,103,2,16.2,14.7,16.5,16.1,15.800000000000004,16.342857142857145,16.814285714285713,0.0,4.7,1.0,0.0,1.9000000000000001,1.3857142857142857,1.5571428571428572
2016-04-13,26.7,17.3,22.1,0.0,12.6,25,4,104,2,19.4,16.2,14.7,17.2,16.76666666666667,16.814285714285713,16.907142857142855,0.0,0.0,4.7,0.0,1.5666666666666667,1.3857142857142857,1.45
2016-04-14,28.9,18.7,23.8,0.0,12.1,23,4,105,2,22.1,19.4,16.2,17.2,19.233333333333338,17.514285714285712,17.142857142857142,0.0,0.0,0.0,0.0,0.0,1.3857142857142857,1.2857142857142858
2016-04-15,30.3,20.5,25.3,0.0,11.5,24,4,106,2,23.8,22.1,19.4,16.5,21.76666666666667,18.45714285714286,17.514285714285712,0.0,0.0,0.0,4.0,0.0,1.3857142857142857,1.207142857142857
2016-04-16,28.2,19.1,23.2,0.7,15.0,35,4,107,2,25.3,23.8,22.1,16.5,23.733333333333338,19.714285714285715,17.95714285714286,0.0,0.0,0.0,1.0,0.0,0.8142857142857143,0.9285714285714286
2016-04-17,25.5,17.2,21.2,0.0,14.6,32,4,108,2,23.2,25.3,23.8,14.7,24.100000000000005,20.671428571428574,18.38571428571429,0.7,0.0,0.0,4.7,0.2333333333333333,0.7714285714285715,0.9428571428571428
2016-04-18,23.7,15.6,19.4,4.4,12.4,37,4,109,2,21.2,23.2,25.3,16.2,23.233333333333338,21.599999999999998,18.842857142857145,0.0,0.7,0.0,0.0,0.2333333333333333,0.09999999999999999,0.7428571428571428
2016-04-19,22.5,11.1,17.4,7.9,7.3,64,4,110,2,19.4,21.2,23.2,19.4,21.26666666666667,22.057142857142857,19.2,4.4,0.0,0.7,0.0,1.7000000000000002,0.7285714285714286,1.0571428571428572
2016-04-20,25.1,12.1,18.9,3.8,13.0,59,4,111,2,17.4,19.4,21.2,22.1,19.333333333333336,21.77142857142857,19.292857142857144,7.9,4.4,0.0,0.0,4.1000000000000005,1.8571428571428572,1.6214285714285714
2016-04-21,22.8,13.5,18.9,0.0,19.9,33,4,112,2,18.9,17.4,19.4,23.8,18.56666666666667,21.314285714285713,19.414285714285715,3.8,7.9,4.4,0.0,5.366666666666667,2.4,1.8928571428571428
2016-04-22,22.0,11.9,16.6,0.0,18.2,22,4,113,2,18.9,18.9,17.4,25.3,18.400000000000002,20.614285714285717,19.535714285714285,0.0,3.8,7.9,0.0,3.9,2.4,1.8928571428571428
2016-04-23,23.6,14.7,19.0,0.0,16.6,16,4,114,2,16.6,18.9,18.9,23.2,18.133333333333336,19.37142857142857,19.54285714285714,0.0,0.0,3.8,0.7,1.2666666666666666,2.4,1.6071428571428572
2016-04-24,23.9,15.2,19.8,0.0,12.6,14,4,115,2,19.0,16.6,18.9,21.2,18.16666666666667,18.771428571428572,19.721428571428568,0.0,0.0,0.0,0.0,0.0,2.3000000000000003,1.5357142857142858
2016-04-25,23.7,15.7,20.1,0.0,11.9,21,4,116,2,19.8,19.0,16.6,19.4,18.466666666666672,18.571428571428573,20.085714285714285,0.0,0.0,0.0,4.4,0.0,2.3000000000000003,1.2
2016-04-26,25.8,16.0,21.3,0.0,12.9,21,4,117,2,20.1,19.8,19.0,17.4,19.63333333333334,18.67142857142857,20.364285714285717,0.0,0.0,0.0,7.9,0.0,1.6714285714285713,1.2
2016-04-27,26.6,17.5,22.3,0.0,13.4,19,4,118,2,21.3,20.1,19.8,18.9,20.400000000000006,19.228571428571428,20.5,0.0,0.0,0.0,3.8,0.0,0.5428571428571428,1.2
2016-04-28,28.2,17.9,23.3,0.0,13.9,20,4,119,2,22.3,21.3,20.1,18.9,21.233333333333338,19.714285714285715,20.514285714285712,0.0,0.0,0.0,0.0,0.0,0.0,1.2
2016-04-29,29.2,18.3,24.0,0.0,8.2,15,4,120,2,23.3,22.3,21.3,16.6,22.3,20.342857142857145,20.478571428571428,0.0,0.0,0.0,0.0,0.0,0.0,1.2
2016-04-30,30.8,18.7,25.0,0.0,9.0,17,4,121,2,24.0,23.3,22.3,19.0,23.200000000000006,21.400000000000002,20.385714285714283,0.0,0.0,0.0,0.0,0.0,0.0,1.2
2016-05-01,30.8,19.3,25.3,0.0,11.0,20,5,122,2,25.0,24.0,23.3,19.8,24.100000000000005,22.25714285714286,20.514285714285712,0.0,0.0,0.0,0.0,0.0,0.0,1.1500000000000001
2016-05-02,27.6,19.8,23.3,1.1,10.1,31,5,123,2,25.3,25.0,24.0,20.1,24.76666666666667,23.042857142857144,20.807142857142857,0.0,0.0,0.0,0.0,0.0,0.0,1.1500000000000001
2016-05-03,26.7,17.5,22.0,0.5,15.0,38,5,124,2,23.3,25.3,25.0,21.3,24.533333333333342,23.5,21.085714285714285,1.1,0.0,0.0,0.0,0.3666666666666667,0.15714285714285717,0.9142857142857143
2016-05-04,24.8,18.0,21.2,0.0,11.2,38,5,125,2,22.0,23.3,25.3,22.3,23.533333333333342,23.599999999999998,21.414285714285715,0.5,1.1,0.0,0.0,0.5333333333333333,0.2285714285714286,0.38571428571428573
2016-05-05,27.7,16.4,22.2,0.0,7.9,36,5,126,2,21.2,22.0,23.3,23.3,22.16666666666667,23.442857142857147,21.57857142857143,0.0,0.5,1.1,0.0,0.5333333333333333,0.2285714285714286,0.1142857142857143
2016-05-06,31.3,18.7,25.5,0.0,11.6,21,5,127,2,22.2,21.2,22.0,24.0,21.8,23.285714285714285,21.814285714285713,0.0,0.0,0.5,0.0,0.16666666666666666,0.2285714285714286,0.1142857142857143
2016-05-07,32.9,21.6,27.6,0.0,11.0,16,5,128,2,25.5,22.2,21.2,25.0,22.96666666666667,23.5,22.45,0.0,0.0,0.0,0.0,0.0,0.2285714285714286,0.1142857142857143
2016-05-08,34.0,22.5,28.1,0.0,10.6,17,5,129,2,27.6,25.5,22.2,25.3,25.100000000000005,23.87142857142857,23.064285714285717,0.0,0.0,0.0,0.0,0.0,0.2285714285714286,0.1142857142857143
2016-05-09,33.6,23.4,28.5,0.0,8.0,17,5,130,2,28.1,27.6,25.5,23.3,27.066666666666674,24.27142857142857,23.657142857142862,0.0,0.0,0.0,1.1,0.0,0.2285714285714286,0.1142857142857143
2016-05-10,33.4,21.6,27.6,0.1,10.7,27,5,131,2,28.5,28.1,27.6,22.0,28.066666666666674,25.014285714285716,24.25714285714286,0.0,0.0,0.0,0.5,0.0,0.07142857142857142,0.1142857142857143
2016-05-11,31.0,19.1,25.6,1.9,13.3,39,5,132,2,27.6,28.5,28.1,21.2,28.066666666666674,25.814285714285717,24.707142857142856,0.1,0.0,0.0,0.0,0.03333333333333333,0.014285714285714287,0.12142857142857144
2016-05-12,30.1,19.8,25.2,0.0,17.4,36,5,133,2,25.6,27.6,28.5,22.2,27.233333333333338,26.442857142857143,24.942857142857147,1.9,0.1,0.0,0.0,0.6666666666666666,0.2857142857142857,0.2571428571428572
2016-05-13,30.4,21.8,26.1,0.0,16.1,22,5,134,2,25.2,25.6,27.6,25.5,26.13333333333334,26.87142857142857,25.07857142857143,0.0,1.9,0.1,0.0,0.6666666666666666,0.2857142857142857,0.2571428571428572
2016-05-14,30.2,22.7,26.5,0.0,16.3,19,5,135,2,26.1,25.2,25.6,27.6,25.63333333333334,26.95714285714286,25.22857142857143,0.0,0.0,1.9,0.0,0.6333333333333333,0.2857142857142857,0.2571428571428572
2016-05-15,31.9,20.0,26.5,0.0,13.7,17,5,136,2,26.5,26.1,25.2,28.1,25.933333333333337,26.800000000000004,25.33571428571429,0.0,0.0,0.0,0.0,0.0,0.2857142857142857,0.2571428571428572
2016-05-16,32.3,22.9,27.6,0.0,16.8,16,5,137,2,26.5,26.5,26.1,28.5,26.36666666666667,26.571428571428573,25.421428571428574,0.0,0.0,0.0,0.0,0.0,0.2857142857142857,0.2571428571428572
2016-05-17,34.1,23.3,29.1,0.0,13.8,15,5,138,2,27.6,26.5,26.5,27.6,26.866666666666674,26.442857142857143,25.728571428571428,0.0,0.0,0.0,0.1,0.0,0.2857142857142857,0.17857142857142858
2016-05-18,35.5,24.9,30.3,0.0,16.3,12,5,139,2,29.1,27.6,26.5,25.6,27.733333333333338,26.657142857142855,26.235714285714288,0.0,0.0,0.0,1.9,0.0,0.2714285714285714,0.14285714285714285
2016-05-19,34.5,24.5,29.9,0.0,13.6,10,5,140,2,30.3,29.1,27.6,25.2,29.00000000000001,27.32857142857143,26.88571428571429,0.0,0.0,0.0,0.0,0.0,0.0,0.14285714285714285
2016-05-20,34.6,23.9,29.5,0.0,13.9,11,5,141,2,29.9,30.3,29.1,26.1,29.76666666666667,28.0,27.435714285714287,0.0,0.0,0.0,0.0,0.0,0.0,0.14285714285714285
2016-05-21,34.3,25.1,29.8,0.0,16.1,14,5,142,2,29.5,29.9,30.3,26.5,29.900000000000006,28.485714285714284,27.72142857142857,0.0,0.0,0.0,0.0,0.0,0.0,0.14285714285714285
2016-05-22,34.2,25.3,29.8,0.0,17.2,15,5,143,2,29.8,29.5,29.9,26.5,29.733333333333338,28.957142857142856,27.87857142857143,0.0,0.0,0.0,0.0,0.0,0.0,0.14285714285714285
2016-05-23,30.4,22.4,26.7,0.0,21.9,19,5,144,2,29.8,29.8,29.5,27.6,29.700000000000006,29.428571428571427,28.000000000000004,0.0,0.0,0.0,0.0,0.0,0.0,0.14285714285714285
2016-05-24,31.1,20.8,26.0,0.0,21.0,19,5,145,2,26.7,29.8,29.8,29.1,28.76666666666667,29.3,27.87142857142857,0.0,0.0,0.0,0.0,0.0,0.0,0.14285714285714285
2016-05-25,32.6,23.1,27.8,0.0,21.4,17,5,146,2,26.0,26.7,29.8,30.3,27.500000000000004,28.857142857142858,27.75714285714286,0.0,0.0,0.0,0.0,0.0,0.0,0.1357142857142857
2016-05-26,35.2,24.7,29.6,0.0,17.2,17,5,147,2,27.8,26.0,26.7,29.9,26.83333333333334,28.5,27.914285714285715,0.0,0.0,0.0,0.0,0.0,0.0,0.0
2016-05-27,34.6,24.2,29.4,0.0,17.9,15,5,148,2,29.6,27.8,26.0,29.5,27.8,28.45714285714286,28.228571428571428,0.0,0.0,0.0,0.0,0.0,0.0,0.0
2016-05-28,32.7,24.1,28.1,0.0,21.1,9,5,149,2,29.4,29.6,27.8,29.8,28.933333333333337,28.442857142857143,28.464285714285715,0.0,0.0,0.0,0.0,0.0,0.0,0.0
2016-05-29,32.4,22.2,27.6,0.0,15.1,10,5,150,2,28.1,29.4,29.6,29.8,29.033333333333342,28.2,28.578571428571426,0.0,0.0,0.0,0.0,0.0,0.0,0.0
2016-05-30,33.3,22.9,28.3,0.0,12.4,10,5,151,2,27.6,28.1,29.4,26.7,28.366666666666674,27.885714285714283,28.657142857142855,0.0,0.0,0.0,0.0,0.0,0.0,0.0
2016-05-31,33.6,18.6,27.0,0.0,7.9,23,5,152,2,28.3,27.6,28.1,26.0,28.000000000000004,28.114285714285717,28.70714285714286,0.0,0.0,0.0,0.0,0.0,0.0,0.0
2016-06-01,32.2,19.3,25.9,2.6,15.1,45,6,153,3,27.0,28.3,27.6,27.8,27.63333333333334,28.25714285714286,28.557142857142857,0.0,0.0,0.0,0.0,0.0,0.0,0.0
2016-06-02,30.0,19.1,24.6,1.7,16.9,64,6,154,3,25.9,27.0,28.3,29.6,27.066666666666674,27.985714285714288,28.24285714285714,2.6,0.0,0.0,0.0,0.8666666666666667,0.37142857142857144,0.18571428571428572
2016-06-03,30.7,18.5,25.1,1.5,14.1,51,6,155,3,24.6,25.9,27.0,29.4,25.83333333333334,27.271428571428572,27.864285714285717,1.7,2.6,0.0,0.0,1.4333333333333333,0.6142857142857142,0.3071428571428571
2016-06-04,32.3,19.8,26.6,0.0,5.5,33,6,156,3,25.1,24.6,25.9,28.1,25.200000000000006,26.657142857142855,27.55,1.5,1.7,2.6,0.0,1.9333333333333333,0.8285714285714285,0.41428571428571426
2016-06-05,33.4,22.7,28.4,0.0,10.6,23,6,157,3,26.6,25.1,24.6,27.6,25.433333333333337,26.442857142857143,27.321428571428573,0.0,1.5,1.7,0.0,1.0666666666666667,0.8285714285714285,0.41428571428571426
2016-06-06,34.8,24.0,29.9,0.0,13.8,14,6,158,3,28.4,26.6,25.1,28.3,26.700000000000006,26.557142857142857,27.221428571428568,0.0,0.0,1.5,0.0,0.5,0.8285714285714285,0.41428571428571426
2016-06-07,35.9,24.5,30.7,0.0,12.5,8,6,159,3,29.9,28.4,26.6,27.0,28.3,26.785714285714285,27.45,0.0,0.0,0.0,0.0,0.0,0.8285714285714285,0.41428571428571426
2016-06-08,36.0,25.8,31.3,0.0,14.3,9,6,160,3,30.7,29.9,28.4,25.9,29.66666666666667,27.314285714285713,27.785714285714285,0.0,0.0,0.0,2.6,0.0,0.8285714285714285,0.41428571428571426
2016-06-09,35.8,26.1,31.4,0.0,16.7,13,6,161,3,31.3,30.7,29.9,24.6,30.633333333333336,28.085714285714285,28.035714285714285,0.0,0.0,0.0,1.7,0.0,0.4571428571428572,0.41428571428571426
2016-06-10,34.9,23.9,29.9,0.0,17.6,20,6,162,3,31.4,31.3,30.7,25.1,31.13333333333334,29.057142857142857,28.164285714285715,0.0,0.0,0.0,1.5,0.0,0.21428571428571427,0.41428571428571426
2016-06-11,34.1,25.1,29.8,0.0,15.1,16,6,163,3,29.9,31.4,31.3,26.6,30.86666666666667,29.74285714285714,28.199999999999996,0.0,0.0,0.0,0.0,0.0,0.0,0.41428571428571426
2016-06-12,35.1,24.0,30.1,0.0,13.3,16,6,164,3,29.8,29.9,31.4,28.4,30.366666666666674,30.2,28.321428571428573,0.0,0.0,0.0,0.0,0.0,0.0,0.41428571428571426
2016-06-13,36.0,22.1,29.6,0.0,11.3,25,6,165,3,30.1,29.8,29.9,29.9,29.933333333333337,30.442857142857143,28.5,0.0,0.0,0.0,0.0,0.0,0.0,0.41428571428571426
2016-06-14,36.7,21.5,30.0,0.0,15.1,24,6,166,3,29.6,30.1,29.8,30.7,29.833333333333343,30.400000000000002,28.592857142857138,0.0,0.0,0.0,0.0,0.0,0.0,0.41428571428571426
2016-06-15,31.3,23.5,27.5,0.0,19.8,18,6,167,3,30.0,29.6,30.1,31.3,29.900000000000006,30.300000000000004,28.807142857142853,0.0,0.0,0.0,0.0,0.0,0.0,0.41428571428571426
2016-06-16,30.5,19.2,24.8,0.0,14.3,19,6,168,3,27.5,30.0,29.6,31.4,29.033333333333342,29.75714285714286,28.92142857142857,0.0,0.0,0.0,0.0,0.0,0.0,0.2285714285714286
2016-06-17,32.2,20.7,26.6,0.0,9.7,10,6,169,3,24.8,27.5,30.0,29.9,27.433333333333337,28.814285714285713,28.935714285714283,0.0,0.0,0.0,0.0,0.0,0.0,0.10714285714285714
2016-06-18,33.8,22.3,28.4,0.0,6.4,10,6,170,3,26.6,24.8,27.5,29.8,26.300000000000008,28.342857142857145,29.042857142857144,0.0,0.0,0.0,0.0,0.0,0.0,0.0
2016-06-19,35.5,23.8,29.8,0.0,7.6,14,6,171,3,28.4,26.6,24.8,30.1,26.600000000000005,28.142857142857142,29.17142857142857,0.0,0.0,0.0,0.0,0.0,0.0,0.0
2016-06-20,36.2,23.3,30.2,0.0,9.2,18,6,172,3,29.8,28.4,26.6,29.6,28.26666666666667,28.1,29.271428571428572,0.0,0.0,0.0,0.0,0.0,0.0,0.0
2016-06-21,36.2,23.1,30.3,0.0,10.5,18,6,173,3,30.2,29.8,28.4,30.0,29.46666666666667,28.185714285714287,29.29285714285714,0.0,0.0,0.0,0.0,0.0,0.0,0.0
2016-06-22,34.6,22.8,29.1,0.0,7.6,26,6,174,3,30.3,30.2,29.8,27.5,30.100000000000005,28.22857142857143,29.264285714285712,0.0,0.0,0.0,0.0,0.0,0.0,0.0
2016-06-23,31.1,20.2,26.4,5.5,6.2,53,6,175,3,29.1,30.3,30.2,24.8,29.866666666666674,28.45714285714286,29.107142857142858,0.0,0.0,0.0,0.0,0.0,0.0,0.0
2016-06-24,33.0,22.1,27.7,0.5,5.1,38,6,176,3,26.4,29.1,30.3,26.6,28.600000000000005,28.685714285714287,28.75,5.5,0.0,0.0,0.0,1.8333333333333333,0.7857142857142857,0.39285714285714285
2016-06-25,32.6,20.9,27.5,0.6,8.7,45,6,177,3,27.7,26.4,29.1,28.4,27.733333333333338,28.842857142857145,28.592857142857145,0.5,5.5,0.0,0.0,2.0,0.8571428571428571,0.42857142857142855
2016-06-26,32.8,21.2,27.5,0.3,8.8,47,6,178,3,27.5,27.7,26.4,29.8,27.200000000000003,28.714285714285715,28.428571428571427,0.6,0.5,5.5,0.0,2.1999999999999997,0.9428571428571428,0.4714285714285714
2016-06-27,31.6,20.8,26.4,3.3,13.5,56,6,179,3,27.5,27.5,27.7,30.2,27.566666666666674,28.385714285714283,28.24285714285714,0.3,0.6,0.5,0.0,0.4666666666666666,0.9857142857142858,0.4928571428571429
2016-06-28,29.8,21.5,25.7,3.6,14.3,66,6,180,3,26.4,27.5,27.5,30.3,27.133333333333336,27.842857142857145,28.014285714285712,3.3,0.3,0.6,0.0,1.3999999999999997,1.457142857142857,0.7285714285714285
2016-06-29,30.9,20.7,26.0,4.9,10.3,68,6,181,3,25.7,26.4,27.5,29.1,26.533333333333335,27.185714285714283,27.70714285714286,3.6,3.3,0.3,0.0,2.4,1.9714285714285715,0.9857142857142858
2016-06-30,31.6,22.6,27.3,3.9,8.4,65,6,182,3,26.0,25.7,26.4,26.4,26.033333333333335,26.74285714285714,27.599999999999998,4.9,3.6,3.3,5.5,3.9333333333333336,2.6714285714285713,1.3357142857142856
2016-07-01,34.8,23.0,29.1,0.0,6.9,48,7,183,3,27.3,26.0,25.7,27.7,26.33333333333334,26.87142857142857,27.778571428571432,3.9,4.9,3.6,0.5,4.133333333333333,2.442857142857143,1.6142857142857143
2016-07-02,35.4,24.9,30.3,0.8,7.6,31,7,184,3,29.1,27.3,26.0,27.5,27.466666666666672,27.071428571428573,27.957142857142856,0.0,3.9,4.9,0.6,2.933333333333333,2.3714285714285714,1.6142857142857143
2016-07-03,32.4,20.3,27.2,2.3,9.0,57,7,185,3,30.3,29.1,27.3,27.5,28.900000000000006,27.47142857142857,28.092857142857145,0.8,0.0,3.9,0.3,1.5666666666666664,2.3999999999999995,1.6714285714285713
2016-07-04,35.1,20.7,28.3,0.0,9.4,53,7,186,3,27.2,30.3,29.1,26.4,28.866666666666674,27.428571428571427,27.907142857142855,2.3,0.8,0.0,3.3,1.033333333333333,2.685714285714286,1.8357142857142856
2016-07-05,37.0,22.1,30.0,0.0,10.8,43,7,187,3,28.3,27.2,30.3,25.7,28.600000000000005,27.7,27.771428571428572,0.0,2.3,0.8,3.6,1.033333333333333,2.2142857142857144,1.8357142857142856
2016-07-06,37.2,27.4,32.2,0.0,18.2,21,7,188,3,30.0,28.3,27.2,26.0,28.500000000000004,28.314285714285717,27.75,0.0,0.0,2.3,4.9,0.7666666666666663,1.6999999999999997,1.8357142857142856
2016-07-07,35.9,25.6,30.8,0.0,16.2,16,7,189,3,32.2,30.0,28.3,27.3,30.16666666666667,29.2,27.971428571428568,0.0,0.0,0.0,3.9,0.0,1.0,1.8357142857142856
2016-07-08,37.7,21.2,30.6,0.0,16.4,30,7,190,3,30.8,32.2,30.0,29.1,31.000000000000004,29.7,28.285714285714285,0.0,0.0,0.0,0.0,0.0,0.4428571428571429,1.4428571428571428
2016-07-09,37.6,24.8,31.8,0.0,18.2,24,7,191,3,30.6,30.8,32.2,30.3,31.200000000000006,29.914285714285715,28.492857142857144,0.0,0.0,0.0,0.8,0.0,0.4428571428571429,1.407142857142857
2016-07-10,33.5,21.8,28.0,0.0,8.0,45,7,192,3,31.8,30.6,30.8,27.2,31.066666666666674,30.12857142857143,28.800000000000004,0.0,0.0,0.0,2.3,0.0,0.32857142857142857,1.364285714285714
2016-07-11,36.0,21.1,28.9,0.0,9.3,43,7,193,3,28.0,31.8,30.6,28.3,30.13333333333334,30.242857142857144,28.83571428571429,0.0,0.0,0.0,0.0,0.0,0.0,1.342857142857143
2016-07-12,35.4,21.3,28.9,0.3,7.4,50,7,194,3,28.9,28.0,31.8,30.0,29.566666666666674,30.32857142857143,29.014285714285712,0.0,0.0,0.0,0.0,0.0,0.0,1.1071428571428572
2016-07-13,35.4,22.3,29.0,1.2,9.2,55,7,195,3,28.9,28.9,28.0,32.2,28.600000000000005,30.17142857142857,29.24285714285714,0.3,0.0,0.0,0.0,0.0999999999999997,0.04285714285714286,0.8714285714285713
2016-07-14,33.7,22.7,28.7,0.0,8.4,54,7,196,3,29.0,28.9,28.9,30.8,28.933333333333337,29.714285714285715,29.457142857142856,1.2,0.3,0.0,0.0,0.4999999999999997,0.21428571428571427,0.6071428571428571
2016-07-15,34.9,22.6,28.9,0.0,10.9,47,7,197,3,28.7,29.0,28.9,30.6,28.86666666666667,29.414285714285715,29.557142857142857,0.0,1.2,0.3,0.0,0.4999999999999997,0.21428571428571427,0.32857142857142857
2016-07-16,34.3,24.4,29.3,2.2,6.1,27,7,198,3,28.9,28.7,29.0,31.8,28.86666666666667,29.17142857142857,29.542857142857144,0.0,0.0,1.2,0.0,0.3999999999999997,0.21428571428571427,0.32857142857142857
2016-07-17,32.1,20.9,27.1,7.3,8.2,56,7,199,3,29.3,28.9,28.7,28.0,28.96666666666667,28.814285714285713,29.47142857142857,2.2,0.0,0.0,0.0,0.7333333333333331,0.5285714285714286,0.42857142857142855
2016-07-18,30.5,19.8,25.5,9.3,11.7,59,7,200,3,27.1,29.3,28.9,28.9,28.433333333333337,28.685714285714283,29.464285714285715,7.3,2.2,0.0,0.0,3.1666666666666665,1.5714285714285714,0.7857142857142857
2016-07-19,31.5,19.2,25.9,2.1,7.2,55,7,201,3,25.5,27.1,29.3,28.9,27.300000000000008,28.199999999999996,29.264285714285712,9.3,7.3,2.2,0.3,6.266666666666667,2.9,1.45
2016-07-20,33.9,21.8,28.0,0.0,10.6,41,7,202,3,25.9,25.5,27.1,29.0,26.16666666666667,27.771428571428572,28.97142857142857,2.1,9.3,7.3,1.2,6.233333333333334,3.1571428571428575,1.6
2016-07-21,35.4,25.2,30.1,0.0,10.4,14,7,203,3,28.0,25.9,25.5,28.7,26.46666666666667,27.62857142857143,28.671428571428574,0.0,2.1,9.3,0.0,3.8000000000000003,2.985714285714286,1.6
2016-07-22,35.8,24.5,30.3,0.0,8.2,17,7,204,3,30.1,28.0,25.9,28.9,28.000000000000004,27.828571428571426,28.62142857142857,0.0,0.0,2.1,0.0,0.7000000000000001,2.985714285714286,1.6
2016-07-23,31.5,21.0,26.0,1.8,11.2,70,7,205,3,30.3,30.1,28.0,29.3,29.466666666666672,28.028571428571432,28.599999999999998,0.0,0.0,0.0,2.2,0.0,2.985714285714286,1.6
2016-07-24,29.7,22.4,25.8,4.1,10.5,72,7,206,3,26.0,30.3,30.1,27.1,28.800000000000008,27.557142857142857,28.185714285714283,1.8,0.0,0.0,7.3,0.6,2.9285714285714284,1.7285714285714284
2016-07-25,33.4,21.9,27.3,0.2,7.7,62,7,207,3,25.8,26.0,30.3,25.5,27.366666666666674,27.371428571428574,28.02857142857143,4.1,1.8,0.0,9.3,1.9666666666666666,2.4714285714285715,2.0214285714285714
2016-07-26,33.3,21.0,28.0,0.2,5.7,57,7,208,3,27.3,25.8,26.0,25.9,26.366666666666674,27.62857142857143,27.914285714285715,0.2,4.1,1.8,2.1,2.033333333333333,1.1714285714285713,2.0357142857142856
2016-07-27,34.4,22.3,28.2,0.1,10.0,58,7,209,3,28.0,27.3,25.8,28.0,27.033333333333342,27.928571428571427,27.85,0.2,0.2,4.1,0.0,1.5,0.9000000000000001,2.0285714285714285
2016-07-28,32.4,21.9,27.0,0.2,8.2,61,7,210,3,28.2,28.0,27.3,30.1,27.83333333333334,27.957142857142856,27.792857142857144,0.1,0.2,0.2,0.0,0.16666666666666666,0.9142857142857144,1.95
2016-07-29,34.0,22.4,28.0,0.0,11.3,52,7,211,3,27.0,28.2,28.0,30.3,27.733333333333338,27.514285714285716,27.67142857142857,0.2,0.1,0.2,0.0,0.16666666666666666,0.942857142857143,1.9642857142857142
2016-07-30,33.7,20.7,27.8,0.1,7.3,54,7,212,3,28.0,27.0,28.2,26.0,27.733333333333338,27.185714285714287,27.607142857142858,0.0,0.2,0.1,1.8,0.10000000000000002,0.9428571428571428,1.9642857142857142
2016-07-31,34.8,21.9,28.6,0.1,16.9,45,7,213,3,27.8,28.0,27.0,25.8,27.600000000000005,27.442857142857143,27.5,0.1,0.0,0.2,4.1,0.10000000000000002,0.7,1.8142857142857145
2016-08-01,32.4,22.6,27.4,0.0,9.3,17,8,214,3,28.6,27.8,28.0,27.3,28.13333333333334,27.842857142857145,27.607142857142858,0.1,0.1,0.0,0.2,0.06666666666666667,0.1285714285714286,1.3
2016-08-02,31.9,20.7,26.7,0.2,8.0,33,8,215,3,27.4,28.6,27.8,28.0,27.933333333333337,27.857142857142858,27.742857142857144,0.0,0.1,0.1,0.2,0.06666666666666667,0.09999999999999999,0.6357142857142858
2016-08-03,31.6,21.5,26.0,0.5,9.4,62,8,216,3,26.7,27.4,28.6,28.2,27.566666666666674,27.67142857142857,27.8,0.2,0.0,0.1,0.1,0.10000000000000002,0.1,0.5
2016-08-04,31.3,20.7,25.8,1.0,7.1,61,8,217,3,26.0,26.7,27.4,27.0,26.700000000000003,27.357142857142858,27.657142857142855,0.5,0.2,0.0,0.2,0.23333333333333336,0.15714285714285717,0.5357142857142857
2016-08-05,30.0,21.0,25.6,2.3,8.2,67,8,218,3,25.8,26.0,26.7,28.0,26.16666666666667,27.185714285714287,27.35,1.0,0.5,0.2,0.0,0.5666666666666668,0.2714285714285714,0.6071428571428571
2016-08-06,28.1,22.0,25.3,10.3,8.0,69,8,219,3,25.6,25.8,26.0,27.8,25.800000000000008,26.842857142857145,27.014285714285712,2.3,1.0,0.5,0.1,1.2666666666666666,0.5999999999999999,0.7714285714285715
2016-08-07,31.0,20.9,26.2,2.3,7.4,66,8,220,3,25.3,25.6,25.8,28.6,25.566666666666674,26.485714285714288,26.964285714285715,10.3,2.3,1.0,0.1,4.533333333333334,2.0571428571428574,1.3785714285714286
2016-08-08,31.8,22.0,27.2,1.0,6.4,58,8,221,3,26.2,25.3,25.6,27.4,25.700000000000006,26.142857142857142,26.99285714285714,2.3,10.3,2.3,0.0,4.966666666666668,2.3714285714285714,1.25
2016-08-09,33.3,20.9,27.6,0.0,11.2,46,8,222,3,27.2,26.2,25.3,26.7,26.233333333333338,26.114285714285717,26.985714285714288,1.0,2.3,10.3,0.2,4.533333333333334,2.5142857142857147,1.3071428571428572
2016-08-10,32.5,23.5,27.8,0.6,8.8,26,8,223,3,27.6,27.2,26.2,26.0,27.000000000000004,26.242857142857144,26.957142857142856,0.0,1.0,2.3,0.5,1.0999999999999999,2.485714285714286,1.292857142857143
2016-08-11,31.4,19.4,25.5,0.5,7.4,56,8,224,3,27.8,27.6,27.2,25.8,27.533333333333335,26.5,26.928571428571427,0.6,0.0,1.0,1.0,0.5333333333333333,2.5,1.3285714285714287
2016-08-12,31.9,18.4,26.1,0.0,9.4,50,8,225,3,25.5,27.8,27.6,25.6,26.966666666666672,26.45714285714286,26.821428571428573,0.5,0.6,0.0,2.3,0.3666666666666667,2.4285714285714284,1.35
2016-08-13,33.1,19.7,27.2,0.0,9.8,36,8,226,3,26.1,25.5,27.8,25.3,26.466666666666672,26.528571428571432,26.685714285714287,0.0,0.5,0.6,10.3,0.3666666666666667,2.1,1.35
2016-08-14,32.2,19.9,26.0,0.0,10.7,38,8,227,3,27.2,26.1,25.5,26.2,26.26666666666667,26.8,26.642857142857142,0.0,0.0,0.5,2.3,0.16666666666666666,0.6285714285714284,1.342857142857143
2016-08-15,31.0,18.1,24.9,0.0,11.8,35,8,228,3,26.0,27.2,26.1,27.2,26.433333333333337,26.771428571428572,26.45714285714286,0.0,0.0,0.0,1.0,0.0,0.3,1.3357142857142859
2016-08-16,31.8,21.1,26.6,0.0,11.8,17,8,229,3,24.9,26.0,27.2,27.6,26.033333333333335,26.442857142857143,26.27857142857143,0.0,0.0,0.0,0.0,0.0,0.15714285714285717,1.3357142857142859
2016-08-17,31.4,21.1,26.2,0.0,6.1,25,8,230,3,26.6,24.9,26.0,27.8,25.83333333333334,26.3,26.271428571428572,0.0,0.0,0.0,0.6,0.0,0.15714285714285717,1.3214285714285714
2016-08-18,28.9,17.7,24.0,4.9,7.9,62,8,231,3,26.2,26.6,24.9,25.5,25.900000000000006,26.071428571428573,26.285714285714285,0.0,0.0,0.0,0.5,0.0,0.07142857142857142,1.2857142857142858
2016-08-19,31.4,18.3,25.3,0.0,7.9,48,8,232,3,24.0,26.2,26.6,26.1,25.600000000000005,25.857142857142858,26.157142857142855,4.9,0.0,0.0,0.0,1.6333333333333335,0.7000000000000001,1.5642857142857143
2016-08-20,32.4,22.6,27.4,0.0,7.0,17,8,233,3,25.3,24.0,26.2,27.2,25.16666666666667,25.74285714285714,26.13571428571429,0.0,4.9,0.0,0.0,1.6333333333333335,0.7000000000000001,1.4000000000000001
2016-08-21,31.2,19.1,25.7,0.0,8.8,38,8,234,3,27.4,25.3,24.0,26.0,25.566666666666674,25.771428571428572,26.285714285714285,0.0,0.0,4.9,0.0,1.6333333333333335,0.7000000000000001,0.6642857142857144
2016-08-22,31.9,18.2,25.7,0.0,6.6,41,8,235,3,25.7,27.4,25.3,24.9,26.133333333333336,25.728571428571428,26.25,0.0,0.0,0.0,0.0,0.0,0.7000000000000001,0.5
2016-08-23,31.4,18.9,25.9,0.0,5.8,31,8,236,3,25.7,25.7,27.4,26.6,26.26666666666667,25.842857142857145,26.142857142857142,0.0,0.0,0.0,0.0,0.0,0.7000000000000001,0.42857142857142855
2016-08-24,31.7,18.1,25.4,0.0,8.6,38,8,237,3,25.9,25.7,25.7,26.2,25.76666666666667,25.74285714285714,26.021428571428572,0.0,0.0,0.0,0.0,0.0,0.7000000000000001,0.42857142857142855
2016-08-25,31.1,19.2,25.5,0.0,9.8,31,8,238,3,25.4,25.9,25.7,24.0,25.666666666666668,25.628571428571426,25.849999999999998,0.0,0.0,0.0,4.9,0.0,0.7000000000000001,0.38571428571428573
2016-08-26,31.7,20.8,26.3,0.0,7.9,20,8,239,3,25.5,25.4,25.9,25.3,25.600000000000005,25.842857142857138,25.849999999999998,0.0,0.0,0.0,0.0,0.0,0.0,0.35000000000000003
2016-08-27,31.1,20.3,25.9,0.1,5.6,33,8,240,3,26.3,25.5,25.4,27.4,25.733333333333338,25.985714285714288,25.86428571428571,0.0,0.0,0.0,0.0,0.0,0.0,0.35000000000000003
2016-08-28,29.3,18.3,24.3,2.7,6.5,61,8,241,3,25.9,26.3,25.5,25.7,25.900000000000006,25.771428571428572,25.771428571428572,0.1,0.0,0.0,0.0,0.03333333333333333,0.014285714285714287,0.35714285714285715
2016-08-29,31.1,19.5,25.1,0.1,10.1,49,8,242,3,24.3,25.9,26.3,25.7,25.500000000000004,25.571428571428573,25.65,2.7,0.1,0.0,0.0,0.9333333333333335,0.4,0.55
2016-08-30,31.4,20.5,25.8,0.4,8.0,18,8,243,3,25.1,24.3,25.9,25.9,25.100000000000005,25.485714285714284,25.664285714285715,0.1,2.7,0.1,0.0,0.9666666666666668,0.4142857142857143,0.5571428571428572
2016-08-31,26.8,16.3,21.6,3.1,11.6,70,8,244,3,25.8,25.1,24.3,25.4,25.066666666666674,25.47142857142857,25.607142857142858,0.4,0.1,2.7,0.0,1.0666666666666667,0.4714285714285715,0.5857142857142857
2016-09-01,27.3,14.9,22.0,1.0,5.8,55,9,245,4,21.6,25.8,25.1,25.5,24.16666666666667,24.928571428571427,25.27857142857143,3.1,0.4,0.1,0.0,1.2,0.9142857142857144,0.8071428571428572
2016-09-02,29.8,16.6,23.7,0.0,8.7,41,9,246,4,22.0,21.6,25.8,26.3,23.13333333333334,24.428571428571427,25.135714285714283,1.0,3.1,0.4,0.0,1.5,1.0571428571428572,0.5285714285714286
2016-09-03,31.1,21.3,26.2,0.0,14.3,15,9,247,4,23.7,22.0,21.6,25.9,22.433333333333337,24.057142857142857,25.021428571428572,0.0,1.0,3.1,0.1,1.3666666666666665,1.0571428571428572,0.5285714285714286
2016-09-04,31.7,21.0,26.3,0.0,9.6,17,9,248,4,26.2,23.7,22.0,24.3,23.96666666666667,24.099999999999998,24.935714285714287,0.0,0.0,1.0,2.7,0.3333333333333333,1.042857142857143,0.5285714285714286
2016-09-05,32.0,19.0,25.6,0.0,7.1,34,9,249,4,26.3,26.2,23.7,25.1,25.400000000000006,24.38571428571429,24.97857142857143,0.0,0.0,0.0,0.1,0.0,0.6571428571428571,0.5285714285714286
2016-09-06,32.4,21.6,26.7,0.0,9.9,26,9,250,4,25.6,26.3,26.2,25.8,26.033333333333342,24.45714285714286,24.971428571428568,0.0,0.0,0.0,0.4,0.0,0.6428571428571429,0.5285714285714286
2016-09-07,32.0,18.1,25.2,0.0,5.4,44,9,251,4,26.7,25.6,26.3,21.6,26.200000000000003,24.585714285714285,25.02857142857143,0.0,0.0,0.0,3.1,0.0,0.5857142857142856,0.5285714285714286
2016-09-08,31.9,17.5,24.8,0.0,7.6,54,9,252,4,25.2,26.7,25.6,22.0,25.83333333333334,25.1,25.014285714285716,0.0,0.0,0.0,1.0,0.0,0.14285714285714285,0.5285714285714286
2016-09-09,32.4,19.3,26.2,0.0,8.6,46,9,253,4,24.8,25.2,26.7,23.7,25.566666666666674,25.5,24.964285714285715,0.0,0.0,0.0,0.0,0.0,0.0,0.5285714285714286
2016-09-10,33.1,21.0,27.1,0.0,11.6,35,9,254,4,26.2,24.8,25.2,26.2,25.400000000000006,25.857142857142858,24.95714285714286,0.0,0.0,0.0,0.0,0.0,0.0,0.5285714285714286
2016-09-11,32.5,23.0,27.5,0.0,14.9,19,9,255,4,27.1,26.2,24.8,26.3,26.033333333333342,25.985714285714288,25.04285714285714,0.0,0.0,0.0,0.0,0.0,0.0,0.5214285714285715
2016-09-12,30.0,16.8,23.4,1.1,8.2,53,9,256,4,27.5,27.1,26.2,25.6,26.933333333333337,26.157142857142855,25.271428571428572,0.0,0.0,0.0,0.0,0.0,0.0,0.32857142857142857
2016-09-13,28.3,16.6,22.9,0.6,5.8,59,9,257,4,23.4,27.5,27.1,26.7,26.000000000000004,25.842857142857145,25.150000000000002,1.1,0.0,0.0,0.0,0.3666666666666667,0.15714285714285717,0.39999999999999997
2016-09-14,27.8,15.9,22.3,4.1,6.0,58,9,258,4,22.9,23.4,27.5,25.2,24.600000000000005,25.300000000000004,24.942857142857143,0.6,1.1,0.0,0.0,0.5666666666666668,0.24285714285714288,0.41428571428571426
2016-09-15,29.4,16.2,23.0,0.1,8.5,50,9,259,4,22.3,22.9,23.4,24.8,22.86666666666667,24.885714285714283,24.992857142857144,4.1,0.6,1.1,0.0,1.9333333333333333,0.8285714285714285,0.4857142857142857
2016-09-16,31.0,19.1,25.0,0.0,9.2,19,9,260,4,23.0,22.3,22.9,26.2,22.733333333333338,24.62857142857143,25.064285714285717,0.1,4.1,0.6,0.0,1.5999999999999996,0.8428571428571427,0.4214285714285714
2016-09-17,32.0,20.3,26.0,0.0,8.5,16,9,261,4,25.0,23.0,22.3,27.1,23.433333333333337,24.457142857142856,25.157142857142855,0.0,0.1,4.1,0.0,1.3999999999999997,0.8428571428571427,0.4214285714285714
2016-09-18,31.5,18.4,25.0,0.0,5.5,30,9,262,4,26.0,25.0,23.0,27.5,24.66666666666667,24.3,25.142857142857142,0.0,0.0,0.1,0.0,0.03333333333333333,0.8428571428571427,0.4214285714285714
2016-09-19,31.7,18.0,25.1,0.0,10.1,43,9,263,4,25.0,26.0,25.0,23.4,25.33333333333334,23.942857142857143,25.05,0.0,0.0,0.0,1.1,0.0,0.8428571428571427,0.4214285714285714
2016-09-20,32.2,21.8,26.9,0.0,12.2,17,9,264,4,25.1,25.0,26.0,22.9,25.366666666666674,24.185714285714283,25.014285714285712,0.0,0.0,0.0,0.6,0.0,0.6857142857142856,0.4214285714285714
2016-09-21,33.0,21.1,27.2,0.0,10.5,16,9,265,4,26.9,25.1,25.0,22.3,25.66666666666667,24.757142857142856,25.028571428571432,0.0,0.0,0.0,4.1,0.0,0.5999999999999999,0.4214285714285714
2016-09-22,32.5,18.5,25.9,0.0,12.2,30,9,266,4,27.2,26.9,25.1,23.0,26.400000000000006,25.457142857142856,25.17142857142857,0.0,0.0,0.0,0.1,0.0,0.014285714285714287,0.4214285714285714
2016-09-23,31.3,16.4,24.8,0.0,11.5,39,9,267,4,25.9,27.2,26.9,25.0,26.666666666666668,25.87142857142857,25.25,0.0,0.0,0.0,0.0,0.0,0.0,0.4214285714285714
2016-09-24,31.1,18.4,25.1,0.0,5.7,20,9,268,4,24.8,25.9,27.2,26.0,25.966666666666672,25.842857142857145,25.15,0.0,0.0,0.0,0.0,0.0,0.0,0.4214285714285714
2016-09-25,31.3,17.1,24.6,0.0,5.6,36,9,269,4,25.1,24.8,25.9,25.0,25.26666666666667,25.714285714285715,25.00714285714286,0.0,0.0,0.0,0.0,0.0,0.0,0.4214285714285714
2016-09-26,31.4,19.4,25.4,0.0,11.2,20,9,270,4,24.6,25.1,24.8,25.1,24.83333333333334,25.657142857142855,24.8,0.0,0.0,0.0,0.0,0.0,0.0,0.4214285714285714
2016-09-27,32.2,20.5,26.6,0.0,12.5,12,9,271,4,25.4,24.6,25.1,26.9,25.033333333333342,25.7,24.942857142857143,0.0,0.0,0.0,0.0,0.0,0.0,0.3428571428571428
2016-09-28,31.4,22.2,26.8,0.0,15.8,12,9,272,4,26.6,25.4,24.6,27.2,25.533333333333335,25.657142857142855,25.207142857142856,0.0,0.0,0.0,0.0,0.0,0.0,0.29999999999999993
2016-09-29,30.2,19.3,25.1,0.0,8.0,13,9,273,4,26.8,26.6,25.4,25.9,26.26666666666667,25.599999999999998,25.52857142857143,0.0,0.0,0.0,0.0,0.0,0.0,0.0071428571428571435
2016-09-30,30.4,15.3,23.1,0.0,5.7,40,9,274,4,25.1,26.8,26.6,24.8,26.16666666666667,25.485714285714288,25.678571428571427,0.0,0.0,0.0,0.0,0.0,0.0,0.0
2016-10-01,29.9,15.4,22.9,0.0,5.8,57,10,275,4,23.1,25.1,26.8,25.1,25.00000000000001,25.24285714285714,25.542857142857144,0.0,0.0,0.0,0.0,0.0,0.0,0.0
2016-10-02,30.3,18.2,24.3,0.0,6.6,36,10,276,4,22.9,23.1,25.1,24.6,23.700000000000006,24.928571428571427,25.321428571428573,0.0,0.0,0.0,0.0,0.0,0.0,0.0
2016-10-03,29.6,19.6,24.5,0.0,11.3,23,10,277,4,24.3,22.9,23.1,25.4,23.433333333333337,24.88571428571429,25.271428571428572,0.0,0.0,0.0,0.0,0.0,0.0,0.0
2016-10-04,28.4,19.4,23.6,0.0,12.9,21,10,278,4,24.5,24.3,22.9,26.6,23.900000000000006,24.75714285714286,25.22857142857143,0.0,0.0,0.0,0.0,0.0,0.0,0.0
2016-10-05,27.3,18.6,22.9,0.0,13.7,23,10,279,4,23.6,24.5,24.3,26.8,24.13333333333334,24.32857142857143,24.99285714285714,0.0,0.0,0.0,0.0,0.0,0.0,0.0
2016-10-06,27.1,18.9,22.9,0.0,14.2,26,10,280,4,22.9,23.6,24.5,25.1,23.66666666666667,23.771428571428572,24.685714285714287,0.0,0.0,0.0,0.0,0.0,0.0,0.0
2016-10-07,26.3,18.0,22.1,0.0,13.9,23,10,281,4,22.9,22.9,23.6,23.1,23.13333333333334,23.45714285714286,24.47142857142857,0.0,0.0,0.0,0.0,0.0,0.0,0.0
2016-10-08,24.7,17.0,20.5,0.0,15.5,16,10,282,4,22.1,22.9,22.9,22.9,22.633333333333336,23.314285714285717,24.278571428571432,0.0,0.0,0.0,0.0,0.0,0.0,0.0
2016-10-09,22.1,13.2,17.7,0.0,10.7,17,10,283,4,20.5,22.1,22.9,24.3,21.83333333333334,22.97142857142857,23.95,0.0,0.0,0.0,0.0,0.0,0.0,0.0
2016-10-10,24.0,13.0,18.3,0.0,9.9,18,10,284,4,17.7,20.5,22.1,24.5,20.100000000000005,22.02857142857143,23.45714285714286,0.0,0.0,0.0,0.0,0.0,0.0,0.0
2016-10-11,23.8,13.6,18.5,0.0,10.9,15,10,285,4,18.3,17.7,20.5,23.6,18.83333333333334,21.142857142857142,22.95,0.0,0.0,0.0,0.0,0.0,0.0,0.0
2016-10-12,23.2,14.9,18.8,0.0,16.2,13,10,286,4,18.5,18.3,17.7,22.9,18.16666666666667,20.414285714285715,22.371428571428574,0.0,0.0,0.0,0.0,0.0,0.0,0.0
2016-10-13,24.5,13.7,19.0,0.0,7.7,13,10,287,4,18.8,18.5,18.3,22.9,18.53333333333334,19.82857142857143,21.800000000000004,0.0,0.0,0.0,0.0,0.0,0.0,0.0
2016-10-14,24.2,14.2,19.0,0.0,8.5,13,10,288,4,19.0,18.8,18.5,22.1,18.76666666666667,19.271428571428572,21.364285714285717,0.0,0.0,0.0,0.0,0.0,0.0,0.0
2016-10-15,25.1,14.4,19.5,0.0,4.1,14,10,289,4,19.0,19.0,18.8,20.5,18.933333333333337,18.82857142857143,21.071428571428573,0.0,0.0,0.0,0.0,0.0,0.0,0.0
2016-10-16,25.4,15.1,19.9,0.0,7.2,15,10,290,4,19.5,19.0,19.0,17.7,19.16666666666667,18.685714285714287,20.82857142857143,0.0,0.0,0.0,0.0,0.0,0.0,0.0
2016-10-17,25.5,15.1,20.1,0.0,6.6,12,10,291,4,19.9,19.5,19.0,18.3,19.466666666666672,19.0,20.514285714285712,0.0,0.0,0.0,0.0,0.0,0.0,0.0
2016-10-18,25.6,16.5,20.8,0.0,12.9,17,10,292,4,20.1,19.9,19.5,18.5,19.83333333333334,19.25714285714286,20.199999999999996,0.0,0.0,0.0,0.0,0.0,0.0,0.0
2016-10-19,24.3,16.8,20.3,0.0,15.5,20,10,293,4,20.8,20.1,19.9,18.8,20.26666666666667,19.585714285714285,20.0,0.0,0.0,0.0,0.0,0.0,0.0,0.0
2016-10-20,24.2,14.7,19.0,0.0,13.2,23,10,294,4,20.3,20.8,20.1,19.0,20.400000000000006,19.8,19.814285714285713,0.0,0.0,0.0,0.0,0.0,0.0,0.0
2016-10-21,22.5,14.7,18.1,0.0,14.9,25,10,295,4,19.0,20.3,20.8,19.0,20.03333333333334,19.8,19.535714285714285,0.0,0.0,0.0,0.0,0.0,0.0,0.0
2016-10-22,22.1,12.9,17.6,0.0,12.0,23,10,296,4,18.1,19.0,20.3,19.5,19.133333333333336,19.67142857142857,19.25,0.0,0.0,0.0,0.0,0.0,0.0,0.0
2016-10-23,23.0,14.3,18.4,0.0,12.4,22,10,297,4,17.6,18.1,19.0,19.9,18.233333333333338,19.400000000000002,19.042857142857144,0.0,0.0,0.0,0.0,0.0,0.0,0.0
2016-10-24,20.8,13.7,16.8,0.0,14.2,28,10,298,4,18.4,17.6,18.1,20.1,18.03333333333334,19.185714285714287,19.092857142857145,0.0,0.0,0.0,0.0,0.0,0.0,0.0
2016-10-25,18.9,9.5,14.1,0.0,12.2,26,10,299,4,16.8,18.4,17.6,20.8,17.600000000000005,18.714285714285715,18.985714285714288,0.0,0.0,0.0,0.0,0.0,0.0,0.0
2016-10-26,19.7,9.2,14.3,0.0,11.0,23,10,300,4,14.1,16.8,18.4,20.3,16.433333333333337,17.75714285714286,18.671428571428574,0.0,0.0,0.0,0.0,0.0,0.0,0.0
2016-10-27,21.9,10.7,15.8,0.0,9.2,21,10,301,4,14.3,14.1,16.8,19.0,15.066666666666672,16.9,18.349999999999998,0.0,0.0,0.0,0.0,0.0,0.0,0.0
2016-10-28,20.8,11.6,15.8,0.0,12.4,21,10,302,4,15.8,14.3,14.1,18.1,14.73333333333334,16.442857142857143,18.121428571428574,0.0,0.0,0.0,0.0,0.0,0.0,0.0
2016-10-29,23.5,12.1,17.4,0.0,6.7,22,10,303,4,15.8,15.8,14.3,17.6,15.300000000000004,16.114285714285714,17.892857142857142,0.0,0.0,0.0,0.0,0.0,0.0,0.0
2016-10-30,23.1,11.8,17.3,0.0,5.6,25,10,304,4,17.4,15.8,15.8,18.4,16.33333333333334,16.085714285714285,17.742857142857144,0.0,0.0,0.0,0.0,0.0,0.0,0.0
2016-10-31,23.5,11.5,17.3,0.0,5.5,31,10,305,4,17.3,17.4,15.8,16.8,16.83333333333334,15.928571428571429,17.557142857142857,0.0,0.0,0.0,0.0,0.0,0.0,0.0
2016-11-01,23.3,13.7,18.2,0.0,7.4,27,11,306,4,17.3,17.3,17.4,14.1,17.33333333333334,16.0,17.357142857142858,0.0,0.0,0.0,0.0,0.0,0.0,0.0
2016-11-02,23.2,14.3,18.1,0.0,4.6,26,11,307,4,18.2,17.3,17.3,14.3,17.600000000000005,16.585714285714285,17.17142857142857,0.0,0.0,0.0,0.0,0.0,0.0,0.0
2016-11-03,23.0,12.6,17.6,0.0,8.4,34,11,308,4,18.1,18.2,17.3,15.8,17.866666666666674,17.12857142857143,17.014285714285716,0.0,0.0,0.0,0.0,0.0,0.0,0.0
2016-11-04,20.8,13.3,16.7,0.0,16.4,28,11,309,4,17.6,18.1,18.2,15.8,17.966666666666672,17.385714285714286,16.914285714285715,0.0,0.0,0.0,0.0,0.0,0.0,0.0
2016-11-05,19.0,9.1,13.7,0.0,12.1,24,11,310,4,16.7,17.6,18.1,17.4,17.466666666666672,17.514285714285716,16.814285714285713,0.0,0.0,0.0,0.0,0.0,0.0,0.0
2016-11-06,18.0,9.9,13.5,0.0,15.1,21,11,311,4,13.7,16.7,17.6,17.3,16.000000000000004,16.985714285714288,16.535714285714285,0.0,0.0,0.0,0.0,0.0,0.0,0.0
2016-11-07,19.6,9.0,14.2,0.0,9.7,18,11,312,4,13.5,13.7,16.7,17.3,14.633333333333338,16.442857142857143,16.185714285714287,0.0,0.0,0.0,0.0,0.0,0.0,0.0
2016-11-08,22.5,11.3,16.5,0.0,7.3,15,11,313,4,14.2,13.5,13.7,18.2,13.800000000000004,16.0,16.0,0.0,0.0,0.0,0.0,0.0,0.0,0.0
2016-11-09,20.6,13.3,16.6,0.0,10.5,21,11,314,4,16.5,14.2,13.5,18.1,14.73333333333334,15.757142857142858,16.17142857142857,0.0,0.0,0.0,0.0,0.0,0.0,0.0
2016-11-10,18.2,11.2,14.2,0.0,13.2,28,11,315,4,16.6,16.5,14.2,17.6,15.766666666666671,15.542857142857143,16.335714285714285,0.0,0.0,0.0,0.0,0.0,0.0,0.0
2016-11-11,14.3,7.3,10.8,0.0,14.1,36,11,316,4,14.2,16.6,16.5,16.7,15.766666666666671,15.057142857142859,16.22142857142857,0.0,0.0,0.0,0.0,0.0,0.0,0.0
2016-11-12,17.8,6.9,12.1,0.0,9.6,31,11,317,4,10.8,14.2,16.6,13.7,13.866666666666672,14.214285714285714,15.864285714285716,0.0,0.0,0.0,0.0,0.0,0.0,0.0
2016-11-13,17.9,8.3,12.7,0.0,8.4,26,11,318,4,12.1,10.8,14.2,13.5,12.366666666666672,13.985714285714284,15.485714285714286,0.0,0.0,0.0,0.0,0.0,0.0,0.0
2016-11-14,17.1,7.1,11.9,0.0,8.6,23,11,319,4,12.7,12.1,10.8,14.2,11.866666666666672,13.87142857142857,15.157142857142857,0.0,0.0,0.0,0.0,0.0,0.0,0.0
2016-11-15,18.9,8.2,13.1,0.0,8.0,21,11,320,4,11.9,12.7,12.1,16.5,12.23333333333334,13.542857142857144,14.771428571428572,0.0,0.0,0.0,0.0,0.0,0.0,0.0
2016-11-16,20.2,8.6,14.0,0.0,5.6,23,11,321,4,13.1,11.9,12.7,16.6,12.56666666666667,13.057142857142859,14.407142857142857,0.0,0.0,0.0,0.0,0.0,0.0,0.0
2016-11-17,21.1,9.9,15.2,0.0,7.9,19,11,322,4,14.0,13.1,11.9,14.2,13.000000000000005,12.685714285714285,14.114285714285714,0.0,0.0,0.0,0.0,0.0,0.0,0.0
2016-11-18,21.3,11.9,16.1,0.0,9.4,16,11,323,4,15.2,14.0,13.1,10.8,14.100000000000003,12.828571428571427,13.942857142857141,0.0,0.0,0.0,0.0,0.0,0.0,0.0
2016-11-19,21.8,12.0,16.3,0.0,7.6,16,11,324,4,16.1,15.2,14.0,12.1,15.100000000000003,13.585714285714285,13.900000000000002,0.0,0.0,0.0,0.0,0.0,0.0,0.0
2016-11-20,21.1,11.9,15.4,0.0,10.6,19,11,325,4,16.3,16.1,15.2,12.7,15.866666666666669,14.185714285714287,14.085714285714285,0.0,0.0,0.0,0.0,0.0,0.0,0.0
2016-11-21,13.7,6.1,10.3,0.0,12.2,36,11,326,4,15.4,16.3,16.1,11.9,15.933333333333339,14.571428571428571,14.221428571428572,0.0,0.0,0.0,0.0,0.0,0.0,0.0
2016-11-22,12.2,3.3,7.3,0.0,9.7,43,11,327,4,10.3,15.4,16.3,13.1,14.000000000000005,14.342857142857143,13.942857142857145,0.0,0.0,0.0,0.0,0.0,0.0,0.0
2016-11-23,12.9,4.8,7.8,0.0,10.1,35,11,328,4,7.3,10.3,15.4,14.0,11.000000000000005,13.514285714285716,13.285714285714286,0.0,0.0,0.0,0.0,0.0,0.0,0.0
2016-11-24,12.9,3.9,8.0,0.0,8.3,33,11,329,4,7.8,7.3,10.3,15.2,8.466666666666672,12.62857142857143,12.657142857142857,0.0,0.0,0.0,0.0,0.0,0.0,0.0
2016-11-25,15.2,6.5,10.0,0.0,9.4,38,11,330,4,8.0,7.8,7.3,16.1,7.7000000000000055,11.6,12.214285714285714,0.0,0.0,0.0,0.0,0.0,0.0,0.0
2016-11-26,13.4,5.5,8.9,0.0,10.9,52,11,331,4,10.0,8.0,7.8,16.3,8.600000000000003,10.728571428571428,12.157142857142857,0.0,0.0,0.0,0.0,0.0,0.0,0.0
2016-11-27,16.5,6.7,11.0,0.0,9.0,46,11,332,4,8.9,10.0,8.0,15.4,8.966666666666672,9.671428571428573,11.928571428571429,0.0,0.0,0.0,0.0,0.0,0.0,0.0
2016-11-28,19.0,9.2,13.5,0.0,7.4,34,11,333,4,11.0,8.9,10.0,10.3,9.96666666666667,9.042857142857143,11.807142857142859,0.0,0.0,0.0,0.0,0.0,0.0,0.0
2016-11-29,18.2,9.7,13.6,0.0,7.7,34,11,334,4,13.5,11.0,8.9,7.3,11.133333333333338,9.5,11.921428571428573,0.0,0.0,0.0,0.0,0.0,0.0,0.0
2016-11-30,17.3,9.6,13.1,0.0,9.4,39,11,335,4,13.6,13.5,11.0,7.8,12.700000000000005,10.4,11.957142857142857,0.0,0.0,0.0,0.0,0.0,0.0,0.0
2016-12-01,17.4,8.4,12.7,0.0,5.9,35,12,336,1,13.1,13.6,13.5,8.0,13.400000000000006,11.157142857142857,11.892857142857142,0.0,0.0,0.0,0.0,0.0,0.0,0.0
2016-12-02,18.9,8.8,13.5,0.0,8.0,23,12,337,1,12.7,13.1,13.6,10.0,13.133333333333338,11.828571428571427,11.714285714285717,0.0,0.0,0.0,0.0,0.0,0.0,0.0
2016-12-03,21.6,10.7,15.5,0.0,6.7,21,12,338,1,13.5,12.7,13.1,8.9,13.100000000000003,12.328571428571427,11.528571428571428,0.0,0.0,0.0,0.0,0.0,0.0,0.0
2016-12-04,21.9,13.1,16.9,0.0,8.8,26,12,339,1,15.5,13.5,12.7,11.0,13.900000000000006,13.27142857142857,11.471428571428573,0.0,0.0,0.0,0.0,0.0,0.0,0.0
2016-12-05,20.7,12.2,16.1,0.0,8.3,27,12,340,1,16.9,15.5,13.5,13.5,15.300000000000004,14.114285714285712,11.578571428571427,0.0,0.0,0.0,0.0,0.0,0.0,0.0
2016-12-06,23.1,12.2,16.8,0.0,4.6,25,12,341,1,16.1,16.9,15.5,13.6,16.16666666666667,14.485714285714284,11.992857142857142,0.0,0.0,0.0,0.0,0.0,0.0,0.0
2016-12-07,22.4,12.8,16.7,0.0,7.4,21,12,342,1,16.8,16.1,16.9,13.1,16.600000000000005,14.942857142857141,12.671428571428573,0.0,0.0,0.0,0.0,0.0,0.0,0.0
2016-12-08,20.1,11.7,15.4,0.0,8.3,23,12,343,1,16.7,16.8,16.1,12.7,16.53333333333334,15.457142857142857,13.307142857142859,0.0,0.0,0.0,0.0,0.0,0.0,0.0
2016-12-09,19.9,9.2,13.7,0.0,11.4,31,12,344,1,15.4,16.7,16.8,13.5,16.300000000000004,15.842857142857143,13.835714285714285,0.0,0.0,0.0,0.0,0.0,0.0,0.0
2016-12-10,11.7,6.0,8.5,0.1,12.5,65,12,345,1,13.7,15.4,16.7,15.5,15.266666666666671,15.87142857142857,14.1,0.0,0.0,0.0,0.0,0.0,0.0,0.0
2016-12-11,14.4,3.0,8.1,0.0,8.7,31,12,346,1,8.5,13.7,15.4,16.9,12.533333333333339,14.87142857142857,14.071428571428571,0.1,0.0,0.0,0.0,0.03333333333333333,0.014285714285714287,0.0071428571428571435
2016-12-12,13.7,5.4,9.1,0.0,8.6,48,12,347,1,8.1,8.5,13.7,16.1,10.100000000000005,13.614285714285714,13.864285714285714,0.0,0.1,0.0,0.0,0.03333333333333333,0.014285714285714287,0.0071428571428571435
2016-12-13,12.2,4.5,8.5,0.0,6.8,46,12,348,1,9.1,8.1,8.5,16.8,8.566666666666672,12.614285714285714,13.549999999999999,0.0,0.0,0.1,0.0,0.03333333333333333,0.014285714285714287,0.0071428571428571435
2016-12-14,16.0,4.0,9.6,0.0,5.4,30,12,349,1,8.5,9.1,8.1,16.7,8.566666666666672,11.428571428571429,13.185714285714285,0.0,0.0,0.0,0.0,0.0,0.014285714285714287,0.0071428571428571435
2016-12-15,16.5,6.8,11.1,0.0,6.8,23,12,350,1,9.6,8.5,9.1,15.4,9.066666666666672,10.414285714285715,12.935714285714285,0.0,0.0,0.0,0.0,0.0,0.014285714285714287,0.0071428571428571435
2016-12-16,18.4,7.9,12.4,0.0,7.7,26,12,351,1,11.1,9.6,8.5,13.7,9.73333333333334,9.799999999999999,12.82142857142857,0.0,0.0,0.0,0.0,0.0,0.014285714285714287,0.0071428571428571435
2016-12-17,17.5,8.5,12.7,0.0,7.8,34,12,352,1,12.4,11.1,9.6,8.5,11.033333333333339,9.614285714285714,12.742857142857142,0.0,0.0,0.0,0.1,0.0,0.014285714285714287,0.0071428571428571435
2016-12-18,18.2,7.7,12.4,0.0,9.0,33,12,353,1,12.7,12.4,11.1,8.1,12.066666666666672,10.214285714285714,12.542857142857143,0.0,0.0,0.0,0.0,0.0,0.0,0.0071428571428571435
2016-12-19,16.4,8.4,11.8,0.0,9.1,37,12,354,1,12.4,12.7,12.4,9.1,12.500000000000005,10.828571428571427,12.221428571428572,0.0,0.0,0.0,0.0,0.0,0.0,0.0071428571428571435
2016-12-20,18.1,6.9,12.0,0.0,4.7,29,12,355,1,11.8,12.4,12.7,8.5,12.300000000000004,11.214285714285714,11.914285714285715,0.0,0.0,0.0,0.0,0.0,0.0,0.0071428571428571435
2016-12-21,19.5,9.1,13.6,0.0,12.1,19,12,356,1,12.0,11.8,12.4,9.6,12.066666666666672,11.714285714285714,11.571428571428571,0.0,0.0,0.0,0.0,0.0,0.0,0.0071428571428571435
2016-12-22,17.1,8.9,12.8,0.0,10.4,26,12,357,1,13.6,12.0,11.8,11.1,12.466666666666674,12.285714285714286,11.35,0.0,0.0,0.0,0.0,0.0,0.0,0.0071428571428571435
2016-12-23,15.1,7.6,11.1,0.0,13.7,32,12,358,1,12.8,13.6,12.0,12.4,12.800000000000004,12.528571428571428,11.164285714285715,0.0,0.0,0.0,0.0,0.0,0.0,0.0071428571428571435
2016-12-24,9.6,2.6,6.2,0.0,17.2,43,12,359,1,11.1,12.8,13.6,12.7,12.500000000000005,12.342857142857143,10.978571428571428,0.0,0.0,0.0,0.0,0.0,0.0,0.0071428571428571435
2016-12-25,13.6,1.7,6.9,0.0,7.6,32,12,360,1,6.2,11.1,12.8,12.4,10.033333333333339,11.414285714285713,10.814285714285713,0.0,0.0,0.0,0.0,0.0,0.0,0.0
2016-12-26,18.0,6.2,11.9,0.0,6.4,24,12,361,1,6.9,6.2,11.1,11.8,8.066666666666672,10.62857142857143,10.728571428571428,0.0,0.0,0.0,0.0,0.0,0.0,0.0
2016-12-27,20.3,11.0,15.1,0.0,7.4,26,12,362,1,11.9,6.9,6.2,12.0,8.333333333333337,10.642857142857142,10.928571428571429,0.0,0.0,0.0,0.0,0.0,0.0,0.0
2016-12-28,22.3,12.0,16.6,0.0,5.0,27,12,363,1,15.1,11.9,6.9,13.6,11.300000000000006,11.085714285714287,11.4,0.0,0.0,0.0,0.0,0.0,0.0,0.0
2016-12-29,20.8,12.7,16.1,0.0,10.1,25,12,364,1,16.6,15.1,11.9,12.8,14.533333333333339,11.514285714285714,11.900000000000002,0.0,0.0,0.0,0.0,0.0,0.0,0.0
2016-12-30,16.5,9.3,12.5,0.0,12.4,34,12,365,1,16.1,16.6,15.1,11.1,15.933333333333339,11.985714285714286,12.257142857142858,0.0,0.0,0.0,0.0,0.0,0.0,0.0
2016-12-31,16.3,7.8,11.6,0.0,11.1,34,12,366,1,12.5,16.1,16.6,6.2,15.066666666666672,12.185714285714287,12.264285714285716,0.0,0.0,0.0,0.0,0.0,0.0,0.0
2017-01-01,17.4,8.6,12.4,0.0,10.0,34,1,1,1,11.6,12.5,16.1,6.9,13.400000000000006,12.957142857142857,12.185714285714285,0.0,0.0,0.0,0.0,0.0,0.0,0.0
2017-01-02,19.1,6.2,12.6,0.0,7.8,35,1,2,1,12.4,11.6,12.5,11.9,12.166666666666671,13.742857142857142,12.185714285714287,0.0,0.0,0.0,0.0,0.0,0.0,0.0
2017-01-03,16.8,4.4,10.1,0.0,12.4,67,1,3,1,12.6,12.4,11.6,15.1,12.200000000000005,13.842857142857143,12.242857142857144,0.0,0.0,0.0,0.0,0.0,0.0,0.0
2017-01-04,15.6,4.0,10.3,1.2,13.1,61,1,4,1,10.1,12.6,12.4,16.6,11.700000000000003,13.128571428571428,12.107142857142858,0.0,0.0,0.0,0.0,0.0,0.0,0.0
2017-01-05,15.6,5.6,10.3,1.3,13.5,55,1,5,1,10.3,10.1,12.6,16.1,11.000000000000005,12.228571428571428,11.871428571428572,1.2,0.0,0.0,0.0,0.39999999999999997,0.17142857142857143,0.08571428571428572
2017-01-06,7.9,-0.2,5.4,0.2,24.0,37,1,6,1,10.3,10.3,10.1,12.5,10.233333333333338,11.400000000000002,11.692857142857141,1.3,1.2,0.0,0.0,0.8333333333333334,0.35714285714285715,0.17857142857142858
2017-01-07,5.3,-2.3,1.0,0.0,13.2,28,1,7,1,5.4,10.3,10.3,11.6,8.666666666666671,10.385714285714286,11.285714285714286,0.2,1.3,1.2,0.0,0.9,0.38571428571428573,0.19285714285714287
2017-01-08,8.1,-1.7,2.8,0.0,6.5,19,1,8,1,1.0,5.4,10.3,12.4,5.566666666666673,8.871428571428572,10.914285714285715,0.0,0.2,1.3,0.0,0.5,0.38571428571428573,0.19285714285714287
2017-01-09,8.1,0.3,3.5,0.0,13.0,16,1,9,1,2.8,1.0,5.4,12.6,3.0666666666666713,7.5,10.621428571428572,0.0,0.0,0.2,0.0,0.06666666666666667,0.38571428571428573,0.19285714285714287
2017-01-10,8.7,0.2,3.7,0.0,12.6,21,1,10,1,3.5,2.8,1.0,10.1,2.433333333333338,6.2,10.021428571428572,0.0,0.0,0.0,0.0,0.0,0.38571428571428573,0.19285714285714287
2017-01-11,9.3,1.5,4.7,0.0,12.7,21,1,11,1,3.7,3.5,2.8,10.3,3.333333333333338,5.285714285714286,9.207142857142857,0.0,0.0,0.0,1.2,0.0,0.38571428571428573,0.19285714285714287
2017-01-12,10.8,2.3,6.0,0.0,13.9,25,1,12,1,4.7,3.7,3.5,10.3,3.9666666666666717,4.485714285714286,8.357142857142858,0.0,0.0,0.0,1.3,0.0,0.21428571428571427,0.19285714285714287
2017-01-13,11.0,-0.3,4.8,4.6,16.0,47,1,13,1,6.0,4.7,3.7,5.4,4.800000000000005,3.8714285714285714,7.635714285714286,0.0,0.0,0.0,0.2,0.0,0.028571428571428574,0.19285714285714287
2017-01-14,3.4,0.7,1.7,20.9,19.5,83,1,14,1,4.8,6.0,4.7,1.0,5.166666666666671,3.7857142857142856,7.085714285714286,4.6,0.0,0.0,0.0,1.5333333333333332,0.6571428571428571,0.5214285714285715
2017-01-15,1.6,-1.5,0.6,17.9,22.6,85,1,15,1,1.7,4.8,6.0,2.8,4.166666666666671,3.885714285714286,6.378571428571428,20.9,4.6,0.0,0.0,8.5,3.642857142857143,2.0142857142857142
2017-01-16,1.4,-4.6,-1.3,0.0,4.7,75,1,16,1,0.6,1.7,4.8,3.5,2.366666666666671,3.5714285714285716,5.5357142857142865,17.9,20.9,4.6,0.0,14.466666666666667,6.2,3.2928571428571423
2017-01-17,3.1,-1.1,0.8,0.8,10.2,65,1,17,1,-1.3,0.6,1.7,3.7,0.3333333333333381,2.885714285714286,4.542857142857143,0.0,17.9,20.9,0.0,12.933333333333332,6.2,3.2928571428571423
2017-01-18,2.8,-1.8,0.3,0.0,6.2,81,1,18,1,0.8,-1.3,0.6,4.7,0.0333333333333381,2.471428571428571,3.8785714285714286,0.8,0.0,17.9,0.0,6.233333333333333,6.314285714285714,3.35
2017-01-19,2.5,-7.0,-2.0,0.0,10.7,65,1,19,1,0.3,0.8,-1.3,6.0,-0.06666666666666189,1.8428571428571427,3.1642857142857146,0.0,0.8,0.0,0.0,0.26666666666666666,6.314285714285714,3.264285714285714
2017-01-20,4.2,-6.4,-1.0,0.0,9.8,64,1,20,1,-2.0,0.3,0.8,4.8,-0.2999999999999952,0.7000000000000001,2.2857142857142856,0.0,0.0,0.8,4.6,0.26666666666666666,6.314285714285714,3.1714285714285713
2017-01-21,4.7,-0.1,1.9,0.8,7.8,70,1,21,1,-1.0,-2.0,0.3,1.7,-0.8999999999999954,-0.12857142857142856,1.8285714285714287,0.0,0.0,0.0,20.9,0.0,5.657142857142857,3.157142857142857
2017-01-22,8.4,-2.9,3.0,0.0,9.7,80,1,22,1,1.9,-1.0,-2.0,0.6,-0.36666666666666187,-0.09999999999999996,1.8928571428571428,0.8,0.0,0.0,17.9,0.26666666666666666,2.7857142857142856,3.214285714285714
2017-01-23,7.5,2.8,5.3,19.7,14.5,79,1,23,1,3.0,1.9,-1.0,-1.3,1.3000000000000047,0.24285714285714288,1.9071428571428573,0.0,0.8,0.0,0.0,0.26666666666666666,0.2285714285714286,3.214285714285714
2017-01-24,6.6,3.7,5.1,24.1,8.2,93,1,24,1,5.3,3.0,1.9,0.8,3.4000000000000044,1.1857142857142857,2.0357142857142856,19.7,0.0,0.8,0.8,6.833333333333333,3.042857142857143,4.621428571428571
2017-01-25,5.0,1.4,2.9,8.5,9.3,93,1,25,1,5.1,5.3,3.0,0.3,4.466666666666671,1.8,2.1357142857142857,24.1,19.7,0.0,0.0,14.6,6.371428571428572,6.3428571428571425
2017-01-26,5.1,-0.3,1.9,0.5,11.8,79,1,26,1,2.9,5.1,5.3,-2.0,4.433333333333338,2.1714285714285713,2.007142857142857,8.5,24.1,19.7,0.0,17.433333333333334,7.585714285714286,6.95
2017-01-27,13.4,-0.4,5.9,0.0,10.4,48,1,27,1,1.9,2.9,5.1,-1.0,3.3000000000000047,2.728571428571428,1.7142857142857142,0.5,8.5,24.1,0.0,11.033333333333331,7.6571428571428575,6.985714285714286
2017-01-28,14.4,2.2,7.9,0.0,11.5,58,1,28,1,5.9,1.9,2.9,1.9,3.5666666666666713,3.7142857142857144,1.792857142857143,0.0,0.5,8.5,0.8,3.0,7.6571428571428575,6.6571428571428575
2017-01-29,15.3,3.9,9.5,0.0,9.7,60,1,29,1,7.9,5.9,1.9,3.0,5.233333333333338,4.571428571428571,2.2357142857142853,0.0,0.0,0.5,0.0,0.16666666666666666,7.542857142857144,5.164285714285714
2017-01-30,11.6,3.0,8.2,7.0,17.1,75,1,30,1,9.5,7.9,5.9,5.3,7.766666666666672,5.5,2.8714285714285714,0.0,0.0,0.0,19.7,0.0,7.542857142857144,3.885714285714286
2017-01-31,10.9,1.8,5.6,0.0,6.2,53,1,31,1,8.2,9.5,7.9,5.1,8.533333333333337,5.9142857142857155,3.55,7.0,0.0,0.0,24.1,2.3333333333333335,5.728571428571429,4.385714285714286
2017-02-01,15.1,2.5,8.7,0.0,6.8,39,2,32,1,5.6,8.2,9.5,2.9,7.76666666666667,5.985714285714286,3.892857142857143,0.0,7.0,0.0,8.5,2.3333333333333335,2.2857142857142856,4.328571428571428
2017-02-02,15.7,4.4,8.5,0.0,13.4,63,2,33,1,8.7,5.6,8.2,1.9,7.500000000000004,6.814285714285715,4.492857142857142,0.0,0.0,7.0,0.5,2.3333333333333335,1.0714285714285714,4.328571428571428
2017-02-03,10.9,5.7,7.5,0.4,21.7,81,2,34,1,8.5,8.7,5.6,5.9,7.600000000000004,7.757142857142857,5.242857142857142,0.0,0.0,0.0,0.0,0.0,1.0,4.328571428571428
2017-02-04,6.7,-4.1,0.7,9.8,19.8,85,2,35,1,7.5,8.5,8.7,7.9,8.233333333333336,7.985714285714286,5.85,0.4,0.0,0.0,0.0,0.13333333333333333,1.0571428571428572,4.357142857142857
2017-02-05,1.8,-4.5,-1.9,0.3,14.2,77,2,36,1,0.7,7.5,8.5,9.5,5.566666666666673,6.957142857142856,5.764285714285714,9.8,0.4,0.0,0.0,3.4000000000000004,2.4571428571428577,5.0
2017-02-06,7.6,-2.9,2.4,0.0,8.4,61,2,37,1,-1.9,0.7,7.5,8.2,2.1000000000000045,5.328571428571428,5.414285714285714,0.3,9.8,0.4,7.0,3.5000000000000004,2.5,5.021428571428572
2017-02-07,10.3,4.4,6.7,0.0,6.3,48,2,38,1,2.4,-1.9,0.7,5.6,0.4000000000000048,4.5,5.207142857142856,0.0,0.3,9.8,0.0,3.366666666666667,1.5000000000000002,3.6142857142857143
2017-02-08,7.7,1.7,4.2,0.4,16.8,67,2,39,1,6.7,2.4,-1.9,8.7,2.400000000000005,4.657142857142857,5.321428571428571,0.0,0.0,0.3,0.0,0.09999999999999999,1.5000000000000002,1.8928571428571428
2017-02-09,8.8,-0.2,3.8,0.0,8.4,65,2,40,1,4.2,6.7,2.4,8.5,4.433333333333338,4.014285714285714,5.414285714285714,0.4,0.0,0.0,0.0,0.13333333333333333,1.5571428571428572,1.3142857142857145
2017-02-10,13.3,4.4,8.2,0.0,5.6,38,2,41,1,3.8,4.2,6.7,7.5,4.900000000000005,3.342857142857143,5.55,0.0,0.4,0.0,0.4,0.13333333333333333,1.5571428571428572,1.2785714285714287
2017-02-11,13.1,4.3,8.4,0.0,8.0,50,2,42,1,8.2,3.8,4.2,0.7,5.400000000000005,3.442857142857143,5.714285714285714,0.0,0.0,0.4,9.8,0.13333333333333333,1.5,1.2785714285714287
2017-02-12,14.3,3.4,8.7,0.0,13.2,59,2,43,1,8.4,8.2,3.8,-1.9,6.800000000000004,4.542857142857143,5.75,0.0,0.0,0.0,0.3,0.0,0.09999999999999999,1.2785714285714287
2017-02-13,15.1,3.5,9.2,0.0,13.1,62,2,44,1,8.7,8.4,8.2,2.4,8.433333333333337,6.057142857142858,5.692857142857143,0.0,0.0,0.0,0.0,0.0,0.05714285714285715,1.2785714285714287
2017-02-14,18.0,5.8,11.7,0.0,11.0,55,2,45,1,9.2,8.7,8.4,6.7,8.766666666666671,7.028571428571428,5.764285714285714,0.0,0.0,0.0,0.0,0.0,0.05714285714285715,0.7785714285714286
2017-02-15,17.3,6.6,12.1,0.0,10.5,56,2,46,1,11.7,9.2,8.7,4.2,9.866666666666672,7.742857142857143,6.199999999999998,0.0,0.0,0.0,0.4,0.0,0.05714285714285715,0.7785714285714286
2017-02-16,15.8,8.4,12.0,1.7,9.2,61,2,47,1,12.1,11.7,9.2,3.8,11.000000000000005,8.87142857142857,6.442857142857143,0.0,0.0,0.0,0.0,0.0,0.0,0.7785714285714286
2017-02-17,17.0,7.7,12.0,0.7,12.0,64,2,48,1,12.0,12.1,11.7,8.2,11.933333333333337,10.042857142857143,6.692857142857143,1.7,0.0,0.0,0.0,0.5666666666666667,0.24285714285714285,0.9000000000000001
2017-02-18,14.9,8.5,11.0,9.5,10.2,69,2,49,1,12.0,12.0,12.1,8.4,12.033333333333337,10.585714285714285,7.014285714285714,0.7,1.7,0.0,0.0,0.7999999999999999,0.34285714285714286,0.9214285714285715
2017-02-19,9.8,1.9,7.5,13.7,18.1,78,2,50,1,11.0,12.0,12.0,8.7,11.666666666666671,10.957142857142856,7.75,9.5,0.7,1.7,0.0,3.966666666666667,1.7,0.9
2017-02-20,7.2,-2.2,2.1,0.0,14.5,67,2,51,1,7.5,11.0,12.0,9.2,10.166666666666671,10.785714285714286,8.421428571428573,13.7,9.5,0.7,0.0,7.966666666666666,3.6571428571428575,1.8571428571428572
2017-02-21,9.0,-0.2,3.6,0.0,12.7,66,2,52,1,2.1,7.5,11.0,11.7,6.866666666666672,9.771428571428572,8.4,0.0,13.7,9.5,0.0,7.733333333333334,3.6571428571428575,1.8571428571428572
2017-02-22,11.3,1.5,6.0,0.0,9.5,54,2,53,1,3.6,2.1,7.5,12.1,4.400000000000005,8.614285714285714,8.178571428571429,0.0,0.0,13.7,0.0,4.566666666666666,3.6571428571428575,1.8571428571428572
2017-02-23,11.7,4.1,7.4,0.0,10.6,42,2,54,1,6.0,3.6,2.1,12.0,3.9000000000000044,7.742857142857143,8.307142857142857,0.0,0.0,0.0,1.7,0.0,3.6571428571428575,1.8285714285714287
2017-02-24,16.6,4.1,10.4,0.4,12.1,46,2,55,1,7.4,6.0,3.6,12.0,5.666666666666671,7.085714285714286,8.564285714285713,0.0,0.0,0.0,0.7,0.0,3.414285714285714,1.8285714285714287
2017-02-25,13.3,7.6,10.4,1.4,13.0,56,2,56,1,10.4,7.4,6.0,11.0,7.933333333333338,6.857142857142857,8.721428571428572,0.4,0.0,0.0,9.5,0.13333333333333333,3.3714285714285714,1.8571428571428572
2017-02-26,14.1,7.3,10.0,0.0,10.2,43,2,57,1,10.4,10.4,7.4,7.5,9.400000000000006,6.771428571428572,8.864285714285716,1.4,0.4,0.0,13.7,0.6,2.2142857142857144,1.957142857142857
2017-02-27,10.3,5.3,8.3,5.4,9.6,63,2,58,1,10.0,10.4,10.4,2.1,10.266666666666673,7.128571428571429,8.957142857142857,0.0,1.4,0.4,0.0,0.6,0.2571428571428571,1.957142857142857
2017-02-28,10.6,4.9,7.5,1.7,13.4,73,2,59,1,8.3,10.0,10.4,3.6,9.566666666666672,8.014285714285714,8.892857142857142,5.4,0.0,1.4,0.0,2.266666666666667,1.0285714285714287,2.3428571428571425
2017-03-01,11.0,3.3,7.0,0.0,11.5,62,3,60,2,7.5,8.3,10.0,6.0,8.600000000000007,8.571428571428571,8.592857142857143,1.7,5.4,0.0,0.0,2.3666666666666667,1.2714285714285716,2.4642857142857144
2017-03-02,11.8,4.2,7.8,0.0,14.3,50,3,61,2,7.0,7.5,8.3,7.4,7.600000000000005,8.714285714285714,8.22857142857143,0.0,1.7,5.4,0.0,2.366666666666667,1.2714285714285716,2.4642857142857144
2017-03-03,13.3,4.4,8.7,0.0,8.4,41,3,62,2,7.8,7.0,7.5,10.4,7.433333333333338,8.771428571428572,7.928571428571429,0.0,0.0,1.7,0.4,0.566666666666667,1.2714285714285716,2.3428571428571425
2017-03-04,14.0,5.8,9.9,0.0,14.5,38,3,63,2,8.7,7.8,7.0,10.4,7.833333333333338,8.528571428571428,7.692857142857143,0.0,0.0,0.0,1.4,0.0,1.2142857142857142,2.292857142857143
2017-03-05,15.5,3.5,9.7,1.0,12.3,50,3,64,2,9.9,8.7,7.8,10.0,8.800000000000004,8.457142857142857,7.614285714285714,0.0,0.0,0.0,0.0,0.0,1.0142857142857145,1.6142857142857143
2017-03-06,15.2,5.1,9.6,2.2,11.4,60,3,65,2,9.7,9.9,8.7,8.3,9.433333333333337,8.414285714285715,7.771428571428571,1.0,0.0,0.0,5.4,0.33333333333333365,1.157142857142857,0.7071428571428572
2017-03-07,13.3,4.3,9.0,1.6,13.3,63,3,66,2,9.6,9.7,9.9,7.5,9.733333333333338,8.6,8.307142857142859,2.2,1.0,0.0,1.7,1.066666666666667,0.7000000000000001,0.8642857142857144
2017-03-08,12.3,4.6,8.6,0.1,16.6,55,3,67,2,9.0,9.6,9.7,7.0,9.433333333333337,8.814285714285715,8.692857142857141,1.6,2.2,1.0,0.0,1.6000000000000003,0.6857142857142858,0.9785714285714286
2017-03-09,10.8,3.1,6.9,0.0,18.9,39,3,68,2,8.6,9.0,9.6,7.8,9.066666666666672,9.042857142857143,8.878571428571428,0.1,1.6,2.2,0.0,1.3000000000000005,0.7000000000000001,0.9857142857142858
2017-03-10,8.3,0.3,4.2,0.0,19.7,41,3,69,2,6.9,8.6,9.0,8.7,8.166666666666671,8.914285714285713,8.842857142857143,0.0,0.1,1.6,0.0,0.566666666666667,0.7000000000000001,0.9857142857142858
2017-03-11,9.5,1.0,4.6,0.0,18.9,27,3,70,2,4.2,6.9,8.6,9.9,6.566666666666671,8.27142857142857,8.4,0.0,0.0,0.1,0.0,0.03333333333333363,0.7000000000000001,0.9571428571428572
2017-03-12,13.1,0.5,7.2,0.0,8.6,25,3,71,2,4.6,4.2,6.9,9.7,5.233333333333338,7.514285714285714,7.985714285714286,0.0,0.0,0.0,1.0,0.0,0.7000000000000001,0.8571428571428571
2017-03-13,15.0,6.4,10.7,0.0,16.4,25,3,72,2,7.2,4.6,4.2,9.6,5.333333333333338,7.157142857142857,7.785714285714286,0.0,0.0,0.0,2.2,0.0,0.5571428571428572,0.8571428571428571
2017-03-14,16.9,3.6,10.4,0.6,17.9,39,3,73,2,10.7,7.2,4.6,9.0,7.500000000000004,7.314285714285715,7.957142857142856,0.0,0.0,0.0,1.6,0.0,0.24285714285714288,0.4714285714285715
2017-03-15,13.5,6.1,9.4,10.7,12.1,73,3,74,2,10.4,10.7,7.2,8.6,9.433333333333337,7.514285714285714,8.164285714285715,0.6,0.0,0.0,0.1,0.2000000000000003,0.09999999999999999,0.39285714285714285
2017-03-16,16.8,3.8,10.6,0.4,14.3,64,3,75,2,9.4,10.4,10.7,6.9,10.166666666666671,7.628571428571429,8.335714285714285,10.7,0.6,0.0,0.0,3.766666666666667,1.614285714285714,1.157142857142857
2017-03-17,17.8,7.9,13.0,0.4,14.0,51,3,76,2,10.6,9.4,10.4,4.2,10.133333333333338,8.157142857142857,8.535714285714286,0.4,10.7,0.6,0.0,3.9000000000000004,1.6714285714285713,1.1857142857142855
2017-03-18,17.4,8.5,12.8,0.1,17.9,49,3,77,2,13.0,10.6,9.4,4.6,11.000000000000005,9.414285714285715,8.842857142857143,0.4,0.4,10.7,0.0,3.833333333333334,1.7285714285714284,1.2142857142857142
2017-03-19,17.3,8.4,12.5,0.0,11.0,44,3,78,2,12.8,13.0,10.6,7.2,12.133333333333338,10.585714285714285,9.05,0.1,0.4,0.4,0.0,0.3000000000000006,1.7428571428571427,1.2214285714285713
2017-03-20,19.6,6.1,12.0,2.8,16.7,56,3,79,2,12.5,12.8,13.0,10.7,12.766666666666671,11.342857142857142,9.25,0.0,0.1,0.4,0.0,0.16666666666666727,1.7428571428571427,1.15
2017-03-21,22.7,8.7,15.4,0.7,15.1,55,3,80,2,12.0,12.5,12.8,10.4,12.433333333333337,11.528571428571427,9.421428571428573,2.8,0.0,0.1,0.6,0.9666666666666672,2.142857142857143,1.1928571428571428
2017-03-22,16.7,9.3,13.3,8.9,8.4,67,3,81,2,15.4,12.0,12.5,9.4,13.300000000000006,12.242857142857144,9.87857142857143,0.7,2.8,0.0,10.7,1.1666666666666672,2.157142857142857,1.1285714285714286
2017-03-23,19.4,8.9,14.3,0.0,6.6,51,3,82,2,13.3,15.4,12.0,10.6,13.566666666666672,12.799999999999999,10.214285714285714,8.9,0.7,2.8,0.4,4.133333333333334,1.9000000000000001,1.7571428571428573
2017-03-24,20.9,8.3,14.7,0.0,13.7,57,3,83,2,14.3,13.3,15.4,13.0,14.333333333333337,13.328571428571431,10.742857142857144,0.0,8.9,0.7,0.4,3.2000000000000006,1.842857142857143,1.7571428571428573
2017-03-25,22.7,11.1,16.8,0.1,11.9,57,3,84,2,14.7,14.3,13.3,12.8,14.100000000000003,13.571428571428571,11.492857142857142,0.0,0.0,8.9,0.1,2.9666666666666672,1.7857142857142858,1.7571428571428573
2017-03-26,25.0,11.6,18.1,2.4,15.0,47,3,85,2,16.8,14.7,14.3,12.5,15.266666666666671,14.142857142857142,12.364285714285714,0.1,0.0,0.0,0.0,0.03333333333333393,1.7857142857142858,1.7642857142857142
2017-03-27,24.4,12.0,18.5,0.0,8.7,44,3,86,2,18.1,16.8,14.7,12.0,16.53333333333334,14.942857142857145,13.142857142857142,2.4,0.1,0.0,2.8,0.8333333333333339,2.1285714285714286,1.9357142857142857
2017-03-28,24.6,12.1,18.9,0.0,13.0,47,3,87,2,18.5,18.1,16.8,15.4,17.800000000000008,15.871428571428572,13.7,0.0,2.4,0.1,0.7,0.8333333333333339,1.7285714285714289,1.9357142857142857
2017-03-29,25.3,13.1,19.0,0.0,13.5,45,3,88,2,18.9,18.5,18.1,13.3,18.500000000000004,16.37142857142857,14.307142857142859,0.0,0.0,2.4,8.9,0.8000000000000006,1.6285714285714286,1.8928571428571428
2017-03-30,26.1,13.2,19.6,0.0,13.0,45,3,89,2,19.0,18.9,18.5,14.3,18.800000000000004,17.185714285714287,14.992857142857144,0.0,0.0,0.0,0.0,0.0,0.35714285714285715,1.1285714285714286
2017-03-31,24.4,14.3,19.4,0.0,13.2,33,3,90,2,19.6,19.0,18.9,14.7,19.16666666666667,17.942857142857143,15.635714285714286,0.0,0.0,0.0,0.0,0.0,0.35714285714285715,1.1
2017-04-01,24.6,14.8,19.9,0.0,10.7,24,4,91,2,19.4,19.6,19.0,16.8,19.33333333333334,18.614285714285717,16.092857142857145,0.0,0.0,0.0,0.1,0.0,0.35714285714285715,1.0714285714285714
2017-04-02,26.0,13.7,20.3,0.0,14.9,28,4,92,2,19.9,19.4,19.6,18.1,19.633333333333336,19.057142857142853,16.6,0.0,0.0,0.0,2.4,0.0,0.34285714285714286,1.0642857142857143
2017-04-03,26.7,14.3,21.1,0.0,14.1,28,4,93,2,20.3,19.9,19.4,18.5,19.86666666666667,19.37142857142857,17.157142857142855,0.0,0.0,0.0,0.0,0.0,0.0,1.0642857142857143
2017-04-04,25.7,14.1,20.3,0.0,20.2,30,4,94,2,21.1,20.3,19.9,18.9,20.433333333333337,19.74285714285714,17.807142857142857,0.0,0.0,0.0,0.0,0.0,0.0,0.8642857142857144
2017-04-05,17.9,7.7,13.6,0.1,21.6,42,4,95,2,20.3,21.1,20.3,19.0,20.566666666666674,19.942857142857143,18.157142857142855,0.0,0.0,0.0,0.0,0.0,0.0,0.8142857142857143
2017-04-06,13.2,2.8,8.1,0.0,20.2,40,4,96,2,13.6,20.3,21.1,19.6,18.33333333333334,19.17142857142857,18.178571428571427,0.1,0.0,0.0,0.0,0.03333333333333393,0.014285714285714287,0.18571428571428572
2017-04-07,15.9,4.7,10.6,0.0,17.6,25,4,97,2,8.1,13.6,20.3,19.4,14.000000000000005,17.52857142857143,17.735714285714288,0.0,0.1,0.0,0.0,0.03333333333333393,0.014285714285714287,0.18571428571428572
2017-04-08,19.1,7.2,13.5,0.0,12.3,16,4,98,2,10.6,8.1,13.6,19.9,10.766666666666671,16.271428571428572,17.442857142857143,0.0,0.0,0.1,0.0,0.03333333333333393,0.014285714285714287,0.18571428571428572
2017-04-09,23.2,11.8,17.4,0.0,14.2,20,4,99,2,13.5,10.6,8.1,20.3,10.733333333333336,15.357142857142858,17.20714285714286,0.0,0.0,0.0,0.0,0.0,0.014285714285714287,0.17857142857142858
2017-04-10,25.3,14.2,19.7,0.0,14.4,21,4,100,2,17.4,13.5,10.6,21.1,13.833333333333337,14.942857142857141,17.15714285714286,0.0,0.0,0.0,0.0,0.0,0.014285714285714287,0.0071428571428571435
2017-04-11,27.4,13.7,21.6,0.0,15.7,16,4,101,2,19.7,17.4,13.5,20.3,16.86666666666667,14.742857142857142,17.242857142857144,0.0,0.0,0.0,0.0,0.0,0.014285714285714287,0.0071428571428571435
2017-04-12,28.1,16.6,22.4,0.0,19.2,17,4,102,2,21.6,19.7,17.4,13.6,19.56666666666667,14.928571428571429,17.435714285714287,0.0,0.0,0.0,0.1,0.0,0.014285714285714287,0.0071428571428571435
2017-04-13,29.0,18.1,23.1,0.0,20.7,21,4,103,2,22.4,21.6,19.7,8.1,21.233333333333338,16.185714285714287,17.678571428571427,0.0,0.0,0.0,0.0,0.0,0.0,0.0071428571428571435
2017-04-14,29.1,16.8,23.2,0.0,18.6,24,4,104,2,23.1,22.4,21.6,10.6,22.366666666666674,18.328571428571426,17.928571428571427,0.0,0.0,0.0,0.0,0.0,0.0,0.0071428571428571435
2017-04-15,29.4,17.7,24.1,0.0,12.6,20,4,105,2,23.2,23.1,22.4,13.5,22.900000000000002,20.12857142857143,18.2,0.0,0.0,0.0,0.0,0.0,0.0,0.0071428571428571435
2017-04-16,30.7,17.7,24.4,0.0,12.6,19,4,106,2,24.1,23.2,23.1,17.4,23.466666666666672,21.642857142857142,18.5,0.0,0.0,0.0,0.0,0.0,0.0,0.0071428571428571435
2017-04-17,32.0,18.0,25.5,0.0,13.3,16,4,107,2,24.4,24.1,23.2,19.7,23.900000000000002,22.642857142857142,18.79285714285714,0.0,0.0,0.0,0.0,0.0,0.0,0.0071428571428571435
2017-04-18,32.0,18.6,26.1,0.0,10.4,16,4,108,2,25.5,24.4,24.1,21.6,24.66666666666667,23.47142857142857,19.107142857142858,0.0,0.0,0.0,0.0,0.0,0.0,0.0071428571428571435
2017-04-19,31.9,21.9,26.7,0.0,16.5,17,4,109,2,26.1,25.5,24.4,22.4,25.33333333333334,24.114285714285717,19.521428571428572,0.0,0.0,0.0,0.0,0.0,0.0,0.0071428571428571435
2017-04-20,32.3,20.7,26.6,0.0,14.3,20,4,110,2,26.7,26.1,25.5,23.1,26.100000000000005,24.728571428571428,20.457142857142856,0.0,0.0,0.0,0.0,0.0,0.0,0.0
2017-04-21,28.8,19.7,24.3,0.1,13.4,23,4,111,2,26.6,26.7,26.1,23.2,26.46666666666667,25.22857142857143,21.778571428571432,0.0,0.0,0.0,0.0,0.0,0.0,0.0
2017-04-22,26.2,16.2,21.6,0.0,17.8,16,4,112,2,24.3,26.6,26.7,24.1,25.86666666666667,25.385714285714283,22.75714285714286,0.1,0.0,0.0,0.0,0.03333333333333393,0.014285714285714287,0.0071428571428571435
2017-04-23,24.2,13.7,19.6,0.0,17.2,11,4,113,2,21.6,24.3,26.6,24.4,24.16666666666667,25.02857142857143,23.335714285714285,0.0,0.1,0.0,0.0,0.03333333333333393,0.014285714285714287,0.0071428571428571435
2017-04-24,25.5,13.6,20.4,0.0,14.9,10,4,114,2,19.6,21.6,24.3,25.5,21.83333333333334,24.342857142857145,23.492857142857144,0.0,0.0,0.1,0.0,0.03333333333333393,0.014285714285714287,0.0071428571428571435
2017-04-25,27.1,12.9,20.7,0.0,19.3,9,4,115,2,20.4,19.6,21.6,26.1,20.533333333333335,23.614285714285717,23.54285714285714,0.0,0.0,0.0,0.0,0.0,0.014285714285714287,0.0071428571428571435
2017-04-26,28.2,14.2,22.3,0.0,16.1,10,4,116,2,20.7,20.4,19.6,26.7,20.233333333333338,22.842857142857145,23.478571428571428,0.0,0.0,0.0,0.0,0.0,0.014285714285714287,0.0071428571428571435
2017-04-27,27.3,17.4,22.3,0.7,18.3,19,4,117,2,22.3,20.7,20.4,26.6,21.133333333333336,22.214285714285715,23.471428571428568,0.0,0.0,0.0,0.0,0.0,0.014285714285714287,0.0071428571428571435
2017-04-28,24.0,14.8,19.2,0.0,17.9,25,4,118,2,22.3,22.3,20.7,24.3,21.76666666666667,21.599999999999998,23.414285714285715,0.7,0.0,0.0,0.1,0.23333333333333392,0.11428571428571428,0.05714285714285714
2017-04-29,23.6,12.4,18.0,0.0,18.2,22,4,119,2,19.2,22.3,22.3,21.6,21.26666666666667,20.871428571428574,23.12857142857143,0.0,0.7,0.0,0.0,0.23333333333333392,0.09999999999999999,0.05714285714285714
2017-04-30,25.9,14.2,20.2,0.0,15.0,16,4,120,2,18.0,19.2,22.3,19.6,19.83333333333334,20.357142857142858,22.692857142857143,0.0,0.0,0.7,0.0,0.23333333333333392,0.09999999999999999,0.05714285714285714
2017-05-01,26.9,14.8,21.6,0.0,13.4,13,5,121,2,20.2,18.0,19.2,20.4,19.133333333333336,20.442857142857143,22.392857142857142,0.0,0.0,0.0,0.0,0.0,0.09999999999999999,0.05714285714285714
2017-05-02,26.0,17.2,21.0,0.4,18.6,26,5,122,2,21.6,20.2,18.0,20.7,19.933333333333337,20.614285714285717,22.114285714285717,0.0,0.0,0.0,0.0,0.0,0.09999999999999999,0.05714285714285714
2017-05-03,25.7,13.9,20.1,0.0,20.3,32,5,123,2,21.0,21.6,20.2,22.3,20.933333333333337,20.657142857142855,21.75,0.4,0.0,0.0,0.0,0.13333333333333394,0.15714285714285717,0.08571428571428572
2017-05-04,28.2,16.3,22.4,0.0,12.8,21,5,124,2,20.1,21.0,21.6,22.3,20.900000000000002,20.342857142857145,21.278571428571432,0.0,0.4,0.0,0.7,0.13333333333333394,0.15714285714285717,0.08571428571428572
2017-05-05,30.0,16.9,24.4,0.0,13.0,21,5,125,2,22.4,20.1,21.0,19.2,21.166666666666668,20.357142857142858,20.978571428571428,0.0,0.0,0.4,0.0,0.13333333333333394,0.05714285714285715,0.08571428571428572
2017-05-06,30.6,18.2,25.1,0.1,15.9,21,5,126,2,24.4,22.4,20.1,18.0,22.3,21.099999999999998,20.985714285714284,0.0,0.0,0.0,0.0,0.0,0.05714285714285715,0.07857142857142856
2017-05-07,31.2,18.5,25.9,0.0,17.0,20,5,127,2,25.1,24.4,22.4,20.2,23.96666666666667,22.114285714285717,21.235714285714288,0.1,0.0,0.0,0.0,0.03333333333333393,0.07142857142857142,0.08571428571428572
2017-05-08,30.3,20.7,25.5,0.0,17.3,21,5,128,2,25.9,25.1,24.4,21.6,25.133333333333336,22.928571428571427,21.685714285714283,0.0,0.1,0.0,0.0,0.03333333333333393,0.07142857142857142,0.08571428571428572
2017-05-09,29.6,20.5,25.4,0.0,17.0,20,5,129,2,25.5,25.9,25.1,21.0,25.5,23.485714285714284,22.05,0.0,0.0,0.1,0.4,0.03333333333333393,0.07142857142857142,0.08571428571428572
2017-05-10,29.7,19.0,25.2,0.0,13.5,20,5,130,2,25.4,25.5,25.9,20.1,25.600000000000005,24.11428571428571,22.38571428571429,0.0,0.0,0.0,0.0,0.0,0.014285714285714287,0.08571428571428572
2017-05-11,28.8,16.1,23.5,0.1,16.6,26,5,131,2,25.2,25.4,25.5,22.4,25.36666666666667,24.842857142857138,22.592857142857145,0.0,0.0,0.0,0.0,0.0,0.014285714285714287,0.08571428571428572
2017-05-12,27.7,16.0,22.6,0.5,16.1,38,5,132,2,23.5,25.2,25.4,24.4,24.700000000000003,25.0,22.678571428571427,0.1,0.0,0.0,0.0,0.03333333333333393,0.028571428571428574,0.042857142857142864
2017-05-13,28.7,17.1,22.9,0.0,15.3,34,5,133,2,22.6,23.5,25.2,25.1,23.76666666666667,24.742857142857144,22.921428571428574,0.5,0.1,0.0,0.1,0.2000000000000006,0.09999999999999999,0.07857142857142858
2017-05-14,28.5,17.7,23.1,0.0,10.7,35,5,134,2,22.9,22.6,23.5,25.9,23.000000000000004,24.428571428571427,23.271428571428572,0.0,0.5,0.1,0.0,0.2000000000000006,0.08571428571428573,0.07857142857142858
2017-05-15,28.5,17.7,23.4,0.0,17.1,35,5,135,2,23.1,22.9,22.6,25.5,22.86666666666667,24.028571428571432,23.47857142857143,0.0,0.0,0.5,0.0,0.16666666666666727,0.08571428571428573,0.07857142857142858
2017-05-16,26.6,15.4,22.1,0.2,15.3,38,5,136,2,23.4,23.1,22.9,25.4,23.133333333333336,23.72857142857143,23.607142857142858,0.0,0.0,0.0,0.0,0.0,0.08571428571428573,0.07857142857142858
2017-05-17,30.2,17.4,24.4,0.0,16.3,28,5,137,2,22.1,23.4,23.1,25.2,22.86666666666667,23.25714285714286,23.685714285714287,0.2,0.0,0.0,0.0,0.06666666666666726,0.1142857142857143,0.0642857142857143
2017-05-18,32.7,18.1,26.6,0.1,18.1,16,5,138,2,24.4,22.1,23.4,23.5,23.3,23.142857142857142,23.99285714285714,0.0,0.2,0.0,0.1,0.06666666666666726,0.1142857142857143,0.0642857142857143
2017-05-19,32.2,22.6,27.3,0.0,19.8,13,5,139,2,26.6,24.4,22.1,22.6,24.36666666666667,23.58571428571429,24.292857142857144,0.1,0.0,0.2,0.5,0.1000000000000006,0.11428571428571428,0.07142857142857142
2017-05-20,30.5,18.8,25.5,0.1,18.7,18,5,140,2,27.3,26.6,24.4,22.9,26.100000000000005,24.257142857142856,24.5,0.0,0.1,0.0,0.0,0.03333333333333393,0.042857142857142864,0.07142857142857142
2017-05-21,30.7,16.3,24.7,0.0,16.1,10,5,141,2,25.5,27.3,26.6,23.1,26.46666666666667,24.628571428571426,24.52857142857143,0.1,0.0,0.1,0.0,0.06666666666666726,0.05714285714285715,0.07142857142857142
2017-05-22,31.4,16.9,24.5,0.0,20.0,34,5,142,2,24.7,25.5,27.3,23.4,25.83333333333334,24.857142857142858,24.442857142857147,0.0,0.1,0.0,0.0,0.03333333333333393,0.05714285714285715,0.07142857142857142
2017-05-23,30.7,17.9,25.1,1.5,14.0,37,5,143,2,24.5,24.7,25.5,22.1,24.900000000000006,25.014285714285716,24.371428571428574,0.0,0.0,0.1,0.2,0.03333333333333393,0.05714285714285715,0.07142857142857142
2017-05-24,32.2,17.8,26.5,0.0,17.4,21,5,144,2,25.1,24.5,24.7,24.4,24.76666666666667,25.442857142857143,24.349999999999998,1.5,0.0,0.0,0.0,0.5000000000000006,0.24285714285714285,0.17857142857142858
2017-05-25,34.0,20.7,28.3,0.0,14.5,10,5,145,2,26.5,25.1,24.5,26.6,25.36666666666667,25.74285714285714,24.442857142857143,0.0,1.5,0.0,0.1,0.5000000000000006,0.24285714285714285,0.17857142857142858
2017-05-26,35.7,24.2,30.3,0.0,21.4,9,5,146,2,28.3,26.5,25.1,27.3,26.633333333333336,25.985714285714288,24.785714285714285,0.0,0.0,1.5,0.0,0.5000000000000006,0.22857142857142856,0.17142857142857143
2017-05-27,36.2,25.0,30.2,0.0,22.0,8,5,147,2,30.3,28.3,26.5,25.5,28.36666666666667,26.414285714285715,25.335714285714285,0.0,0.0,0.0,0.1,0.0,0.22857142857142856,0.1357142857142857
2017-05-28,35.8,24.6,30.1,0.0,22.6,9,5,148,2,30.2,30.3,28.3,24.7,29.600000000000005,27.08571428571429,25.857142857142858,0.0,0.0,0.0,0.0,0.0,0.21428571428571427,0.1357142857142857
2017-05-29,34.8,21.8,29.1,0.0,17.6,8,5,149,2,30.1,30.2,30.3,24.5,30.200000000000006,27.857142857142858,26.357142857142858,0.0,0.0,0.0,0.0,0.0,0.21428571428571427,0.1357142857142857
2017-05-30,34.3,24.7,29.2,0.0,22.1,7,5,150,2,29.1,30.1,30.2,25.1,29.8,28.514285714285712,26.764285714285712,0.0,0.0,0.0,1.5,0.0,0.21428571428571427,0.1357142857142857
2017-05-31,31.2,21.8,27.5,0.0,16.3,11,5,151,2,29.2,29.1,30.1,26.5,29.46666666666667,29.099999999999998,27.27142857142857,0.0,0.0,0.0,0.0,0.0,0.0,0.12142857142857143
2017-06-01,32.9,18.1,26.6,0.0,10.0,13,6,152,3,27.5,29.2,29.1,28.3,28.600000000000005,29.24285714285714,27.49285714285714,0.0,0.0,0.0,0.0,0.0,0.0,0.12142857142857143
2017-06-02,33.9,17.2,26.7,0.0,12.3,29,6,153,3,26.6,27.5,29.2,30.3,27.76666666666667,29.0,27.49285714285714,0.0,0.0,0.0,0.0,0.0,0.0,0.11428571428571428
2017-06-03,35.3,19.9,28.4,0.0,11.6,28,6,154,3,26.7,26.6,27.5,30.2,26.933333333333337,28.485714285714288,27.45,0.0,0.0,0.0,0.0,0.0,0.0,0.11428571428571428
2017-06-04,36.0,23.3,30.2,0.0,13.0,18,6,155,3,28.4,26.7,26.6,30.1,27.233333333333338,28.228571428571428,27.657142857142862,0.0,0.0,0.0,0.0,0.0,0.0,0.10714285714285714
2017-06-05,35.2,26.6,30.5,0.0,18.7,13,6,156,3,30.2,28.4,26.7,29.1,28.433333333333337,28.24285714285714,28.05,0.0,0.0,0.0,0.0,0.0,0.0,0.10714285714285714
2017-06-06,31.9,24.2,27.6,0.0,15.7,12,6,157,3,30.5,30.2,28.4,29.2,29.700000000000003,28.442857142857143,28.478571428571428,0.0,0.0,0.0,0.0,0.0,0.0,0.10714285714285714
2017-06-07,33.2,20.8,27.1,0.0,16.6,16,6,158,3,27.6,30.5,30.2,27.5,29.433333333333337,28.214285714285715,28.657142857142862,0.0,0.0,0.0,0.0,0.0,0.0,0.0
2017-06-08,32.8,18.5,25.7,0.0,17.2,41,6,159,3,27.1,27.6,30.5,26.6,28.400000000000006,28.157142857142855,28.7,0.0,0.0,0.0,0.0,0.0,0.0,0.0
2017-06-09,32.5,17.1,25.5,0.0,10.9,32,6,160,3,25.7,27.1,27.6,26.7,26.8,28.02857142857143,28.514285714285712,0.0,0.0,0.0,0.0,0.0,0.0,0.0
2017-06-10,34.0,17.7,26.8,0.0,18.2,22,6,161,3,25.5,25.7,27.1,28.4,26.100000000000005,27.857142857142858,28.17142857142857,0.0,0.0,0.0,0.0,0.0,0.0,0.0
2017-06-11,34.2,18.7,27.2,0.0,15.7,22,6,162,3,26.8,25.5,25.7,30.2,26.000000000000004,27.62857142857143,27.928571428571427,0.0,0.0,0.0,0.0,0.0,0.0,0.0
2017-06-12,33.6,19.0,26.9,0.0,14.6,31,6,163,3,27.2,26.8,25.5,30.5,26.5,27.2,27.721428571428568,0.0,0.0,0.0,0.0,0.0,0.0,0.0
2017-06-13,34.7,19.1,28.1,0.0,14.2,19,6,164,3,26.9,27.2,26.8,27.6,26.96666666666667,26.685714285714287,27.564285714285717,0.0,0.0,0.0,0.0,0.0,0.0,0.0
2017-06-14,36.4,23.6,30.3,0.0,23.1,8,6,165,3,28.1,26.9,27.2,27.1,27.400000000000006,26.757142857142856,27.485714285714288,0.0,0.0,0.0,0.0,0.0,0.0,0.0
2017-06-15,36.8,24.9,31.1,0.0,20.1,10,6,166,3,30.3,28.1,26.9,25.7,28.433333333333337,27.214285714285715,27.685714285714283,0.0,0.0,0.0,0.0,0.0,0.0,0.0
2017-06-16,37.1,21.9,30.6,0.0,12.2,14,6,167,3,31.1,30.3,28.1,25.5,29.83333333333334,27.985714285714288,28.00714285714286,0.0,0.0,0.0,0.0,0.0,0.0,0.0
2017-06-17,37.4,21.1,29.3,0.0,16.6,41,6,168,3,30.6,31.1,30.3,26.8,30.66666666666667,28.714285714285715,28.285714285714285,0.0,0.0,0.0,0.0,0.0,0.0,0.0
2017-06-18,37.3,21.7,29.9,0.0,22.4,36,6,169,3,29.3,30.6,31.1,27.2,30.33333333333334,29.071428571428573,28.349999999999998,0.0,0.0,0.0,0.0,0.0,0.0,0.0
2017-06-19,36.4,20.0,29.6,0.0,23.2,35,6,170,3,29.9,29.3,30.6,26.9,29.933333333333337,29.45714285714286,28.32857142857143,0.0,0.0,0.0,0.0,0.0,0.0,0.0
2017-06-20,35.7,21.6,29.3,0.0,24.5,15,6,171,3,29.6,29.9,29.3,28.1,29.600000000000005,29.842857142857145,28.264285714285712,0.0,0.0,0.0,0.0,0.0,0.0,0.0
2017-06-21,34.4,19.3,26.8,0.0,15.2,46,6,172,3,29.3,29.6,29.9,30.3,29.600000000000005,30.014285714285716,28.38571428571429,0.0,0.0,0.0,0.0,0.0,0.0,0.0
2017-06-22,35.3,19.2,27.0,0.0,16.7,49,6,173,3,26.8,29.3,29.6,31.1,28.566666666666674,29.514285714285712,28.364285714285717,0.0,0.0,0.0,0.0,0.0,0.0,0.0
2017-06-23,36.9,19.9,27.5,0.0,20.5,54,6,174,3,27.0,26.8,29.3,30.6,27.700000000000006,28.928571428571427,28.45714285714286,0.0,0.0,0.0,0.0,0.0,0.0,0.0
2017-06-24,37.0,20.7,29.1,0.0,16.8,48,6,175,3,27.5,27.0,26.8,29.3,27.100000000000005,28.485714285714288,28.6,0.0,0.0,0.0,0.0,0.0,0.0,0.0
2017-06-25,36.5,22.0,29.7,0.0,14.5,40,6,176,3,29.1,27.5,27.0,29.9,27.866666666666674,28.457142857142856,28.764285714285712,0.0,0.0,0.0,0.0,0.0,0.0,0.0
2017-06-26,35.7,21.5,28.8,0.0,12.1,39,6,177,3,29.7,29.1,27.5,29.6,28.76666666666667,28.428571428571427,28.942857142857147,0.0,0.0,0.0,0.0,0.0,0.0,0.0
2017-06-27,34.3,21.3,28.0,0.0,14.6,44,6,178,3,28.8,29.7,29.1,29.3,29.200000000000006,28.314285714285713,29.078571428571426,0.0,0.0,0.0,0.0,0.0,0.0,0.0
2017-06-28,32.9,19.9,26.5,0.0,14.5,50,6,179,3,28.0,28.8,29.7,26.8,28.833333333333332,28.128571428571426,29.071428571428573,0.0,0.0,0.0,0.0,0.0,0.0,0.0
2017-06-29,32.6,21.0,27.3,0.0,17.6,40,6,180,3,26.5,28.0,28.8,27.0,27.76666666666667,28.085714285714285,28.8,0.0,0.0,0.0,0.0,0.0,0.0,0.0
2017-06-30,34.0,19.1,27.4,0.0,13.7,40,6,181,3,27.3,26.5,28.0,27.5,27.26666666666667,28.12857142857143,28.52857142857143,0.0,0.0,0.0,0.0,0.0,0.0,0.0
2017-07-01,34.4,19.2,27.9,0.0,13.3,38,7,182,3,27.4,27.3,26.5,29.1,27.066666666666674,28.114285714285717,28.300000000000004,0.0,0.0,0.0,0.0,0.0,0.0,0.0
2017-07-02,34.8,19.5,27.9,0.0,12.4,33,7,183,3,27.9,27.4,27.3,29.7,27.533333333333335,27.942857142857147,28.2,0.0,0.0,0.0,0.0,0.0,0.0,0.0
2017-07-03,35.2,20.4,28.7,0.0,11.1,24,7,184,3,27.9,27.9,27.4,28.8,27.733333333333334,27.685714285714283,28.057142857142853,0.0,0.0,0.0,0.0,0.0,0.0,0.0
2017-07-04,33.5,20.5,27.7,0.0,11.9,17,7,185,3,28.7,27.9,27.9,28.0,28.166666666666668,27.671428571428574,27.992857142857144,0.0,0.0,0.0,0.0,0.0,0.0,0.0
2017-07-05,33.7,20.1,27.7,0.0,11.5,15,7,186,3,27.7,28.7,27.9,26.5,28.100000000000005,27.62857142857143,27.87857142857143,0.0,0.0,0.0,0.0,0.0,0.0,0.0
2017-07-06,35.5,20.3,27.9,0.0,17.6,34,7,187,3,27.7,27.7,28.7,27.3,28.033333333333335,27.8,27.942857142857143,0.0,0.0,0.0,0.0,0.0,0.0,0.0
2017-07-07,30.8,21.5,26.0,0.0,18.9,50,7,188,3,27.9,27.7,27.7,27.4,27.76666666666667,27.885714285714283,28.007142857142856,0.0,0.0,0.0,0.0,0.0,0.0,0.0
2017-07-08,34.9,20.3,27.3,0.0,14.8,51,7,189,3,26.0,27.9,27.7,27.9,27.200000000000003,27.685714285714283,27.9,0.0,0.0,0.0,0.0,0.0,0.0,0.0
2017-07-09,36.9,21.0,28.8,0.0,15.5,44,7,190,3,27.3,26.0,27.9,27.9,27.066666666666666,27.599999999999998,27.771428571428572,0.0,0.0,0.0,0.0,0.0,0.0,0.0
2017-07-10,36.7,21.6,29.4,0.0,16.4,45,7,191,3,28.8,27.3,26.0,28.7,27.366666666666674,27.728571428571428,27.707142857142856,0.0,0.0,0.0,0.0,0.0,0.0,0.0
2017-07-11,36.5,23.0,29.6,0.0,15.0,43,7,192,3,29.4,28.8,27.3,27.7,28.500000000000004,27.828571428571426,27.75,0.0,0.0,0.0,0.0,0.0,0.0,0.0
2017-07-12,36.8,21.9,28.3,0.0,20.1,51,7,193,3,29.6,29.4,28.8,27.7,29.26666666666667,28.099999999999998,27.864285714285717,0.0,0.0,0.0,0.0,0.0,0.0,0.0
2017-07-13,32.5,21.8,26.7,0.0,18.6,58,7,194,3,28.3,29.6,29.4,27.9,29.100000000000005,28.185714285714287,27.992857142857144,0.0,0.0,0.0,0.0,0.0,0.0,0.0
2017-07-14,34.2,20.9,27.6,0.0,12.0,53,7,195,3,26.7,28.3,29.6,26.0,28.200000000000003,28.014285714285712,27.95,0.0,0.0,0.0,0.0,0.0,0.0,0.0
2017-07-15,35.1,22.1,28.0,0.0,17.6,52,7,196,3,27.6,26.7,28.3,27.3,27.533333333333342,28.242857142857144,27.964285714285715,0.0,0.0,0.0,0.0,0.0,0.0,0.0
2017-07-16,35.1,21.2,28.1,0.0,17.0,46,7,197,3,28.0,27.6,26.7,28.8,27.433333333333337,28.342857142857145,27.97142857142857,0.0,0.0,0.0,0.0,0.0,0.0,0.0
2017-07-17,34.7,21.4,27.3,0.0,10.5,51,7,198,3,28.1,28.0,27.6,29.4,27.900000000000006,28.242857142857144,27.985714285714288,0.0,0.0,0.0,0.0,0.0,0.0,0.0
2017-07-18,34.2,22.0,27.7,0.3,15.5,43,7,199,3,27.3,28.1,28.0,29.6,27.800000000000008,27.942857142857147,27.885714285714283,0.0,0.0,0.0,0.0,0.0,0.0,0.0
2017-07-19,32.3,22.6,27.4,0.0,15.3,43,7,200,3,27.7,27.3,28.1,28.3,27.700000000000006,27.671428571428574,27.885714285714283,0.3,0.0,0.0,0.0,0.10000000000000059,0.04285714285714286,0.02142857142857143
2017-07-20,34.2,24.5,29.2,0.0,15.1,23,7,201,3,27.4,27.7,27.3,26.7,27.46666666666667,27.542857142857144,27.864285714285717,0.0,0.3,0.0,0.0,0.10000000000000059,0.04285714285714286,0.02142857142857143
2017-07-21,35.1,22.6,29.0,0.0,16.6,27,7,202,3,29.2,27.4,27.7,27.6,28.100000000000005,27.900000000000002,27.95714285714286,0.0,0.0,0.3,0.0,0.10000000000000059,0.04285714285714286,0.02142857142857143
2017-07-22,35.1,22.8,28.4,0.0,14.9,33,7,203,3,29.0,29.2,27.4,28.0,28.533333333333335,28.099999999999998,28.171428571428574,0.0,0.0,0.0,0.0,0.0,0.04285714285714286,0.02142857142857143
2017-07-23,35.7,20.5,27.7,0.0,12.9,50,7,204,3,28.4,29.0,29.2,28.1,28.86666666666667,28.157142857142855,28.25,0.0,0.0,0.0,0.0,0.0,0.04285714285714286,0.02142857142857143
2017-07-24,34.5,20.4,28.1,0.0,16.9,41,7,205,3,27.7,28.4,29.0,27.3,28.36666666666667,28.099999999999998,28.17142857142857,0.0,0.0,0.0,0.0,0.0,0.04285714285714286,0.02142857142857143
2017-07-25,34.1,20.8,27.5,0.0,15.1,46,7,206,3,28.1,27.7,28.4,27.7,28.066666666666674,28.21428571428571,28.07857142857143,0.0,0.0,0.0,0.3,0.0,0.04285714285714286,0.02142857142857143
2017-07-26,33.9,20.7,27.3,0.0,16.9,51,7,207,3,27.5,28.1,27.7,27.4,27.76666666666667,28.185714285714283,27.928571428571427,0.0,0.0,0.0,0.0,0.0,0.0,0.02142857142857143
2017-07-27,34.8,21.2,27.6,0.0,17.7,46,7,208,3,27.3,27.5,28.1,29.2,27.633333333333336,28.17142857142857,27.857142857142858,0.0,0.0,0.0,0.0,0.0,0.0,0.02142857142857143
2017-07-28,35.0,21.2,27.9,0.0,16.9,50,7,209,3,27.6,27.3,27.5,29.0,27.466666666666672,27.942857142857143,27.92142857142857,0.0,0.0,0.0,0.0,0.0,0.0,0.02142857142857143
2017-07-29,35.3,21.4,27.4,0.0,18.5,51,7,210,3,27.9,27.6,27.3,28.4,27.600000000000005,27.785714285714285,27.942857142857143,0.0,0.0,0.0,0.0,0.0,0.0,0.02142857142857143
2017-07-30,34.6,22.5,28.6,0.0,12.6,44,7,211,3,27.4,27.9,27.6,27.7,27.633333333333336,27.642857142857142,27.9,0.0,0.0,0.0,0.0,0.0,0.0,0.02142857142857143
2017-07-31,34.5,24.5,29.7,0.0,15.4,22,7,212,3,28.6,27.4,27.9,28.1,27.96666666666667,27.771428571428572,27.935714285714287,0.0,0.0,0.0,0.0,0.0,0.0,0.02142857142857143
2017-08-01,33.6,23.9,29.0,0.0,13.9,15,8,213,3,29.7,28.6,27.4,27.5,28.566666666666674,28.0,28.107142857142858,0.0,0.0,0.0,0.0,0.0,0.0,0.02142857142857143
2017-08-02,33.1,20.7,27.3,0.0,13.9,28,8,214,3,29.0,29.7,28.6,27.3,29.100000000000005,28.214285714285715,28.2,0.0,0.0,0.0,0.0,0.0,0.0,0.0
2017-08-03,32.5,21.8,27.2,0.0,14.6,17,8,215,3,27.3,29.0,29.7,27.6,28.66666666666667,28.214285714285715,28.192857142857143,0.0,0.0,0.0,0.0,0.0,0.0,0.0
2017-08-04,33.5,22.2,28.1,0.0,13.1,18,8,216,3,27.2,27.3,29.0,27.9,27.833333333333332,28.157142857142855,28.05,0.0,0.0,0.0,0.0,0.0,0.0,0.0
2017-08-05,34.8,22.0,27.9,0.0,17.9,40,8,217,3,28.1,27.2,27.3,27.4,27.533333333333335,28.185714285714287,27.985714285714288,0.0,0.0,0.0,0.0,0.0,0.0,0.0
2017-08-06,35.9,21.3,28.4,0.0,16.1,46,8,218,3,27.9,28.1,27.2,28.6,27.733333333333338,28.257142857142856,27.95,0.0,0.0,0.0,0.0,0.0,0.0,0.0
2017-08-07,35.8,21.8,29.0,0.0,14.8,39,8,219,3,28.4,27.9,28.1,29.7,28.133333333333336,28.228571428571428,28.0,0.0,0.0,0.0,0.0,0.0,0.0,0.0
2017-08-08,35.4,20.7,28.1,0.0,14.5,47,8,220,3,29.0,28.4,27.9,29.0,28.433333333333337,28.12857142857143,28.064285714285713,0.0,0.0,0.0,0.0,0.0,0.0,0.0
2017-08-09,34.6,20.7,27.9,0.0,16.7,49,8,221,3,28.1,29.0,28.4,27.3,28.5,28.0,28.107142857142858,0.0,0.0,0.0,0.0,0.0,0.0,0.0
2017-08-10,35.2,21.4,28.0,0.0,12.5,46,8,222,3,27.9,28.1,29.0,27.2,28.33333333333334,28.085714285714285,28.15,0.0,0.0,0.0,0.0,0.0,0.0,0.0
2017-08-11,34.2,21.4,28.4,0.0,12.5,34,8,223,3,28.0,27.9,28.1,28.1,28.000000000000004,28.2,28.178571428571427,0.0,0.0,0.0,0.0,0.0,0.0,0.0
2017-08-12,33.7,22.8,28.5,0.0,12.4,20,8,224,3,28.4,28.0,27.9,27.9,28.100000000000005,28.24285714285714,28.214285714285715,0.0,0.0,0.0,0.0,0.0,0.0,0.0
2017-08-13,31.2,21.7,26.7,0.0,13.4,17,8,225,3,28.5,28.4,28.0,28.4,28.3,28.32857142857143,28.292857142857144,0.0,0.0,0.0,0.0,0.0,0.0,0.0
2017-08-14,31.2,19.5,25.0,0.0,15.5,23,8,226,3,26.7,28.5,28.4,29.0,27.86666666666667,28.085714285714285,28.157142857142855,0.0,0.0,0.0,0.0,0.0,0.0,0.0
2017-08-15,31.2,17.4,24.6,0.0,15.3,41,8,227,3,25.0,26.7,28.5,28.1,26.733333333333334,27.514285714285712,27.821428571428573,0.0,0.0,0.0,0.0,0.0,0.0,0.0
2017-08-16,31.0,18.6,25.4,0.0,12.7,14,8,228,3,24.6,25.0,26.7,27.9,25.433333333333337,27.014285714285716,27.50714285714286,0.0,0.0,0.0,0.0,0.0,0.0,0.0
2017-08-17,32.0,21.1,26.5,0.0,11.5,8,8,229,3,25.4,24.6,25.0,28.0,25.000000000000004,26.657142857142855,27.37142857142857,0.0,0.0,0.0,0.0,0.0,0.0,0.0
2017-08-18,33.4,20.4,26.5,0.0,15.9,16,8,230,3,26.5,25.4,24.6,28.4,25.500000000000004,26.442857142857143,27.321428571428573,0.0,0.0,0.0,0.0,0.0,0.0,0.0
2017-08-19,33.8,19.0,26.6,0.0,15.8,35,8,231,3,26.5,26.5,25.4,28.5,26.133333333333336,26.17142857142857,27.207142857142856,0.0,0.0,0.0,0.0,0.0,0.0,0.0
2017-08-20,33.7,19.3,27.0,0.0,13.6,34,8,232,3,26.6,26.5,26.5,26.7,26.533333333333335,25.900000000000002,27.114285714285717,0.0,0.0,0.0,0.0,0.0,0.0,0.0
2017-08-21,33.4,19.6,26.8,0.0,14.3,37,8,233,3,27.0,26.6,26.5,25.0,26.700000000000003,25.942857142857147,27.014285714285716,0.0,0.0,0.0,0.0,0.0,0.0,0.0
2017-08-22,33.4,19.6,27.0,0.0,12.3,40,8,234,3,26.8,27.0,26.6,24.6,26.8,26.2,26.857142857142858,0.0,0.0,0.0,0.0,0.0,0.0,0.0
2017-08-23,33.1,19.7,26.6,0.0,11.7,42,8,235,3,27.0,26.8,27.0,25.4,26.933333333333337,26.542857142857144,26.77857142857143,0.0,0.0,0.0,0.0,0.0,0.0,0.0
2017-08-24,32.6,20.0,26.7,0.0,13.2,33,8,236,3,26.6,27.0,26.8,26.5,26.8,26.714285714285715,26.685714285714287,0.0,0.0,0.0,0.0,0.0,0.0,0.0
2017-08-25,31.6,19.5,26.0,0.0,13.6,10,8,237,3,26.7,26.6,27.0,26.5,26.76666666666667,26.742857142857144,26.592857142857145,0.0,0.0,0.0,0.0,0.0,0.0,0.0
2017-08-26,31.3,16.9,24.4,0.0,12.7,21,8,238,3,26.0,26.7,26.6,26.6,26.433333333333337,26.671428571428574,26.42142857142857,0.0,0.0,0.0,0.0,0.0,0.0,0.0
2017-08-27,30.8,16.8,24.5,0.0,11.3,40,8,239,3,24.4,26.0,26.7,27.0,25.700000000000003,26.357142857142858,26.128571428571426,0.0,0.0,0.0,0.0,0.0,0.0,0.0
2017-08-28,31.4,17.8,24.8,0.0,11.6,29,8,240,3,24.5,24.4,26.0,26.8,24.96666666666667,26.0,25.97142857142857,0.0,0.0,0.0,0.0,0.0,0.0,0.0
2017-08-29,31.7,18.1,25.1,0.0,14.1,43,8,241,3,24.8,24.5,24.4,27.0,24.566666666666674,25.714285714285715,25.957142857142856,0.0,0.0,0.0,0.0,0.0,0.0,0.0
2017-08-30,32.6,19.2,25.5,0.0,19.1,49,8,242,3,25.1,24.8,24.5,26.6,24.8,25.442857142857143,25.99285714285714,0.0,0.0,0.0,0.0,0.0,0.0,0.0
2017-08-31,30.7,19.7,24.7,0.0,18.1,61,8,243,3,25.5,25.1,24.8,26.7,25.133333333333336,25.285714285714285,26.0,0.0,0.0,0.0,0.0,0.0,0.0,0.0
2017-09-01,32.8,20.1,25.8,0.0,16.4,53,9,244,4,24.7,25.5,25.1,26.0,25.100000000000005,25.0,25.87142857142857,0.0,0.0,0.0,0.0,0.0,0.0,0.0
2017-09-02,32.2,18.2,25.4,0.0,14.0,48,9,245,4,25.8,24.7,25.5,24.4,25.333333333333332,24.971428571428568,25.821428571428573,0.0,0.0,0.0,0.0,0.0,0.0,0.0
2017-09-03,31.4,17.9,25.0,0.0,14.5,35,9,246,4,25.4,25.8,24.7,24.5,25.3,25.11428571428571,25.735714285714284,0.0,0.0,0.0,0.0,0.0,0.0,0.0
2017-09-04,30.8,17.5,24.4,0.0,13.2,36,9,247,4,25.0,25.4,25.8,24.8,25.400000000000006,25.185714285714287,25.592857142857138,0.0,0.0,0.0,0.0,0.0,0.0,0.0
2017-09-05,30.0,19.1,24.6,0.0,13.2,13,9,248,4,24.4,25.0,25.4,25.1,24.933333333333337,25.12857142857143,25.421428571428574,0.0,0.0,0.0,0.0,0.0,0.0,0.0
2017-09-06,30.1,17.9,24.2,0.0,9.2,18,9,249,4,24.6,24.4,25.0,25.5,24.666666666666668,25.057142857142857,25.25,0.0,0.0,0.0,0.0,0.0,0.0,0.0
2017-09-07,31.5,17.3,24.2,0.0,16.0,37,9,250,4,24.2,24.6,24.4,24.7,24.400000000000002,24.871428571428574,25.07857142857143,0.0,0.0,0.0,0.0,0.0,0.0,0.0
2017-09-08,31.3,17.7,24.3,0.0,12.2,39,9,251,4,24.2,24.2,24.6,25.8,24.33333333333334,24.8,24.900000000000002,0.0,0.0,0.0,0.0,0.0,0.0,0.0
2017-09-09,31.9,17.5,25.4,0.0,11.2,38,9,252,4,24.3,24.2,24.2,25.4,24.233333333333334,24.58571428571429,24.77857142857143,0.0,0.0,0.0,0.0,0.0,0.0,0.0
2017-09-10,31.6,16.8,24.9,0.0,13.0,38,9,253,4,25.4,24.3,24.2,25.0,24.633333333333336,24.585714285714285,24.85,0.0,0.0,0.0,0.0,0.0,0.0,0.0
2017-09-11,31.5,17.4,24.3,0.0,12.9,44,9,254,4,24.9,25.4,24.3,24.4,24.86666666666667,24.571428571428573,24.878571428571426,0.0,0.0,0.0,0.0,0.0,0.0,0.0
2017-09-12,30.6,16.9,24.3,0.0,14.4,39,9,255,4,24.3,24.9,25.4,24.6,24.86666666666667,24.557142857142857,24.842857142857145,0.0,0.0,0.0,0.0,0.0,0.0,0.0
2017-09-13,30.4,16.2,23.7,0.0,12.2,37,9,256,4,24.3,24.3,24.9,24.2,24.500000000000004,24.514285714285712,24.785714285714285,0.0,0.0,0.0,0.0,0.0,0.0,0.0
2017-09-14,27.9,16.3,22.3,0.0,15.5,30,9,257,4,23.7,24.3,24.3,24.2,24.100000000000005,24.442857142857143,24.657142857142855,0.0,0.0,0.0,0.0,0.0,0.0,0.0
2017-09-15,27.6,15.3,21.5,0.0,12.0,33,9,258,4,22.3,23.7,24.3,24.3,23.433333333333337,24.17142857142857,24.485714285714288,0.0,0.0,0.0,0.0,0.0,0.0,0.0
2017-09-16,27.4,16.1,22.1,0.0,11.8,12,9,259,4,21.5,22.3,23.7,25.4,22.500000000000004,23.77142857142857,24.178571428571427,0.0,0.0,0.0,0.0,0.0,0.0,0.0
2017-09-17,28.0,16.4,22.5,0.0,13.9,12,9,260,4,22.1,21.5,22.3,24.9,21.96666666666667,23.300000000000004,23.942857142857147,0.0,0.0,0.0,0.0,0.0,0.0,0.0
2017-09-18,27.6,18.7,23.1,0.0,11.3,11,9,261,4,22.5,22.1,21.5,24.3,22.033333333333335,22.957142857142856,23.764285714285716,0.0,0.0,0.0,0.0,0.0,0.0,0.0
2017-09-19,26.7,17.7,22.2,0.0,11.9,11,9,262,4,23.1,22.5,22.1,24.3,22.566666666666674,22.785714285714285,23.67142857142857,0.0,0.0,0.0,0.0,0.0,0.0,0.0
2017-09-20,26.4,16.5,21.5,0.0,10.7,12,9,263,4,22.2,23.1,22.5,23.7,22.600000000000005,22.485714285714288,23.5,0.0,0.0,0.0,0.0,0.0,0.0,0.0
2017-09-21,27.3,17.4,22.0,0.0,10.8,13,9,264,4,21.5,22.2,23.1,22.3,22.26666666666667,22.17142857142857,23.307142857142853,0.0,0.0,0.0,0.0,0.0,0.0,0.0
2017-09-22,27.4,18.5,22.7,0.0,11.5,11,9,265,4,22.0,21.5,22.2,21.5,21.900000000000006,22.12857142857143,23.15,0.0,0.0,0.0,0.0,0.0,0.0,0.0
2017-09-23,27.3,17.1,22.6,0.0,10.8,13,9,266,4,22.7,22.0,21.5,22.1,22.066666666666666,22.300000000000004,23.035714285714285,0.0,0.0,0.0,0.0,0.0,0.0,0.0
2017-09-24,27.9,18.1,23.1,0.0,11.0,12,9,267,4,22.6,22.7,22.0,22.5,22.433333333333337,22.37142857142857,22.835714285714285,0.0,0.0,0.0,0.0,0.0,0.0,0.0
2017-09-25,27.7,17.9,23.1,0.0,11.8,12,9,268,4,23.1,22.6,22.7,23.1,22.8,22.45714285714286,22.70714285714286,0.0,0.0,0.0,0.0,0.0,0.0,0.0
2017-09-26,28.6,17.5,23.2,0.0,11.3,11,9,269,4,23.1,23.1,22.6,22.2,22.933333333333337,22.457142857142856,22.62142857142857,0.0,0.0,0.0,0.0,0.0,0.0,0.0
2017-09-27,28.4,18.4,23.7,0.0,9.7,10,9,270,4,23.2,23.1,23.1,21.5,23.133333333333336,22.6,22.542857142857144,0.0,0.0,0.0,0.0,0.0,0.0,0.0
2017-09-28,28.6,19.5,23.7,0.0,8.4,11,9,271,4,23.7,23.2,23.1,22.0,23.33333333333334,22.914285714285715,22.542857142857144,0.0,0.0,0.0,0.0,0.0,0.0,0.0
2017-09-29,28.9,19.2,23.7,0.0,11.2,13,9,272,4,23.7,23.7,23.2,22.7,23.533333333333335,23.157142857142855,22.642857142857142,0.0,0.0,0.0,0.0,0.0,0.0,0.0
2017-09-30,29.8,20.7,24.5,0.0,14.1,13,9,273,4,23.7,23.7,23.7,22.6,23.7,23.3,22.8,0.0,0.0,0.0,0.0,0.0,0.0,0.0
2017-10-01,26.6,17.6,21.7,0.0,17.6,17,10,274,4,24.5,23.7,23.7,23.1,23.96666666666667,23.571428571428573,22.97142857142857,0.0,0.0,0.0,0.0,0.0,0.0,0.0
2017-10-02,28.9,17.1,22.4,0.0,9.7,11,10,275,4,21.7,24.5,23.7,23.1,23.3,23.37142857142857,22.914285714285715,0.0,0.0,0.0,0.0,0.0,0.0,0.0
2017-10-03,29.0,15.4,22.3,0.0,7.9,15,10,276,4,22.4,21.7,24.5,23.2,22.86666666666667,23.271428571428572,22.864285714285717,0.0,0.0,0.0,0.0,0.0,0.0,0.0
2017-10-04,28.4,14.2,21.6,0.0,10.8,25,10,277,4,22.3,22.4,21.7,23.7,22.133333333333336,23.142857142857142,22.871428571428574,0.0,0.0,0.0,0.0,0.0,0.0,0.0
2017-10-05,29.0,14.6,21.9,0.0,10.2,37,10,278,4,21.6,22.3,22.4,23.7,22.100000000000005,22.842857142857145,22.87857142857143,0.0,0.0,0.0,0.0,0.0,0.0,0.0
2017-10-06,28.5,15.2,21.9,0.0,13.5,44,10,279,4,21.9,21.6,22.3,23.7,21.933333333333337,22.58571428571429,22.871428571428574,0.0,0.0,0.0,0.0,0.0,0.0,0.0
2017-10-07,26.9,16.0,21.6,0.0,15.3,38,10,280,4,21.9,21.9,21.6,24.5,21.8,22.328571428571426,22.814285714285713,0.0,0.0,0.0,0.0,0.0,0.0,0.0
2017-10-08,25.0,16.5,20.5,0.0,15.9,21,10,281,4,21.6,21.9,21.9,21.7,21.8,21.91428571428571,22.74285714285714,0.0,0.0,0.0,0.0,0.0,0.0,0.0
2017-10-09,25.8,15.5,20.5,0.0,11.9,12,10,282,4,20.5,21.6,21.9,22.4,21.33333333333334,21.74285714285714,22.557142857142853,0.0,0.0,0.0,0.0,0.0,0.0,0.0
2017-10-10,26.2,14.9,20.7,0.0,10.6,10,10,283,4,20.5,20.5,21.6,22.3,20.86666666666667,21.47142857142857,22.371428571428574,0.0,0.0,0.0,0.0,0.0,0.0,0.0
2017-10-11,26.6,17.3,21.5,0.0,11.8,10,10,284,4,20.7,20.5,20.5,21.6,20.56666666666667,21.24285714285714,22.192857142857143,0.0,0.0,0.0,0.0,0.0,0.0,0.0
2017-10-12,26.7,17.4,22.1,0.0,11.5,15,10,285,4,21.5,20.7,20.5,21.9,20.900000000000002,21.228571428571428,22.035714285714285,0.0,0.0,0.0,0.0,0.0,0.0,0.0
2017-10-13,25.6,15.8,20.5,0.0,15.8,16,10,286,4,22.1,21.5,20.7,21.9,21.433333333333337,21.25714285714286,21.92142857142857,0.0,0.0,0.0,0.0,0.0,0.0,0.0
2017-10-14,25.7,14.6,20.7,0.0,15.5,15,10,287,4,20.5,22.1,21.5,21.6,21.36666666666667,21.057142857142857,21.692857142857143,0.0,0.0,0.0,0.0,0.0,0.0,0.0
2017-10-15,24.7,15.9,19.9,0.0,19.3,16,10,288,4,20.7,20.5,22.1,20.5,21.100000000000005,20.928571428571427,21.42142857142857,0.0,0.0,0.0,0.0,0.0,0.0,0.0
2017-10-16,24.9,14.9,19.7,0.0,11.4,15,10,289,4,19.9,20.7,20.5,20.5,20.36666666666667,20.842857142857145,21.292857142857144,0.0,0.0,0.0,0.0,0.0,0.0,0.0
2017-10-17,27.8,14.7,21.5,0.0,10.4,12,10,290,4,19.7,19.9,20.7,20.7,20.100000000000005,20.728571428571428,21.099999999999998,0.0,0.0,0.0,0.0,0.0,0.0,0.0
2017-10-18,27.3,16.6,22.0,0.0,12.8,12,10,291,4,21.5,19.7,19.9,21.5,20.36666666666667,20.842857142857145,21.042857142857144,0.0,0.0,0.0,0.0,0.0,0.0,0.0
2017-10-19,24.4,15.2,19.5,0.0,16.8,17,10,292,4,22.0,21.5,19.7,22.1,21.06666666666667,20.914285714285715,21.071428571428573,0.0,0.0,0.0,0.0,0.0,0.0,0.0
2017-10-20,22.1,11.8,16.9,0.0,10.3,17,10,293,4,19.5,22.0,21.5,20.5,21.000000000000004,20.542857142857144,20.900000000000002,0.0,0.0,0.0,0.0,0.0,0.0,0.0
2017-10-21,23.0,11.8,17.0,0.0,13.3,16,10,294,4,16.9,19.5,22.0,20.7,19.466666666666672,20.02857142857143,20.54285714285714,0.0,0.0,0.0,0.0,0.0,0.0,0.0
2017-10-22,21.5,11.7,16.4,0.0,17.7,15,10,295,4,17.0,16.9,19.5,19.9,17.8,19.5,20.214285714285715,0.0,0.0,0.0,0.0,0.0,0.0,0.0
2017-10-23,22.7,13.2,17.8,0.0,14.0,17,10,296,4,16.4,17.0,16.9,19.7,16.76666666666667,19.0,19.921428571428574,0.0,0.0,0.0,0.0,0.0,0.0,0.0
2017-10-24,22.9,13.3,18.1,0.0,11.1,15,10,297,4,17.8,16.4,17.0,21.5,17.066666666666666,18.728571428571428,19.728571428571428,0.0,0.0,0.0,0.0,0.0,0.0,0.0
2017-10-25,22.6,12.3,17.8,0.0,12.6,12,10,298,4,18.1,17.8,16.4,22.0,17.433333333333337,18.242857142857144,19.542857142857144,0.0,0.0,0.0,0.0,0.0,0.0,0.0
2017-10-26,22.5,13.1,17.7,0.0,12.9,14,10,299,4,17.8,18.1,17.8,19.5,17.900000000000006,17.642857142857142,19.278571428571432,0.0,0.0,0.0,0.0,0.0,0.0,0.0
2017-10-27,22.8,13.1,17.7,0.0,8.9,16,10,300,4,17.7,17.8,18.1,16.9,17.86666666666667,17.385714285714286,18.964285714285715,0.0,0.0,0.0,0.0,0.0,0.0,0.0
2017-10-28,22.3,11.5,17.6,0.0,11.8,16,10,301,4,17.7,17.7,17.8,17.0,17.733333333333338,17.5,18.764285714285712,0.0,0.0,0.0,0.0,0.0,0.0,0.0
2017-10-29,23.9,13.6,18.7,0.0,9.6,17,10,302,4,17.6,17.7,17.7,16.4,17.666666666666668,17.585714285714285,18.542857142857144,0.0,0.0,0.0,0.0,0.0,0.0,0.0
2017-10-30,23.0,11.3,17.6,0.0,11.3,26,10,303,4,18.7,17.6,17.7,17.8,18.000000000000004,17.914285714285715,18.457142857142856,0.0,0.0,0.0,0.0,0.0,0.0,0.0
2017-10-31,23.1,13.9,18.6,0.0,9.0,18,10,304,4,17.6,18.7,17.6,18.1,17.96666666666667,17.885714285714283,18.307142857142857,0.0,0.0,0.0,0.0,0.0,0.0,0.0
2017-11-01,24.0,12.9,17.9,0.0,8.1,23,11,305,4,18.6,17.6,18.7,17.8,18.300000000000008,17.95714285714286,18.1,0.0,0.0,0.0,0.0,0.0,0.0,0.0
2017-11-02,23.2,10.9,17.7,0.0,9.7,31,11,306,4,17.9,18.6,17.6,17.7,18.033333333333335,17.97142857142857,17.807142857142857,0.0,0.0,0.0,0.0,0.0,0.0,0.0
2017-11-03,22.6,14.1,18.4,0.0,9.5,17,11,307,4,17.7,17.9,18.6,17.7,18.06666666666667,17.97142857142857,17.678571428571427,0.0,0.0,0.0,0.0,0.0,0.0,0.0
2017-11-04,23.1,12.6,17.8,0.0,7.0,19,11,308,4,18.4,17.7,17.9,17.6,18.000000000000004,18.071428571428573,17.785714285714285,0.0,0.0,0.0,0.0,0.0,0.0,0.0
2017-11-05,22.6,11.0,17.3,0.0,9.2,28,11,309,4,17.8,18.4,17.7,18.7,17.96666666666667,18.1,17.842857142857145,0.0,0.0,0.0,0.0,0.0,0.0,0.0
2017-11-06,22.4,12.9,17.5,0.0,9.2,18,11,310,4,17.3,17.8,18.4,17.6,17.833333333333336,17.9,17.907142857142855,0.0,0.0,0.0,0.0,0.0,0.0,0.0
2017-11-07,21.5,12.6,16.7,0.0,10.8,23,11,311,4,17.5,17.3,17.8,18.6,17.533333333333335,17.885714285714283,17.885714285714286,0.0,0.0,0.0,0.0,0.0,0.0,0.0
2017-11-08,19.7,10.3,15.1,0.0,9.2,29,11,312,4,16.7,17.5,17.3,17.9,17.16666666666667,17.614285714285714,17.785714285714285,0.0,0.0,0.0,0.0,0.0,0.0,0.0
2017-11-09,20.3,9.4,14.5,0.0,9.3,25,11,313,4,15.1,16.7,17.5,17.7,16.433333333333337,17.214285714285715,17.592857142857145,0.0,0.0,0.0,0.0,0.0,0.0,0.0
2017-11-10,20.6,9.8,15.2,0.0,9.9,22,11,314,4,14.5,15.1,16.7,18.4,15.433333333333337,16.757142857142856,17.364285714285717,0.0,0.0,0.0,0.0,0.0,0.0,0.0
2017-11-11,20.1,9.9,15.0,0.0,10.0,28,11,315,4,15.2,14.5,15.1,17.8,14.933333333333337,16.3,17.185714285714287,0.0,0.0,0.0,0.0,0.0,0.0,0.0
2017-11-12,19.8,9.9,14.8,0.0,8.2,42,11,316,4,15.0,15.2,14.5,17.3,14.900000000000004,15.9,17.0,0.0,0.0,0.0,0.0,0.0,0.0,0.0
2017-11-13,13.0,7.4,10.1,8.8,10.3,79,11,317,4,14.8,15.0,15.2,17.5,15.000000000000002,15.542857142857143,16.72142857142857,0.0,0.0,0.0,0.0,0.0,0.0,0.0
2017-11-14,12.3,5.7,8.7,0.1,14.9,68,11,318,4,10.1,14.8,15.0,16.7,13.300000000000004,14.485714285714286,16.185714285714287,8.8,0.0,0.0,0.0,2.933333333333334,1.2571428571428573,0.6285714285714287
2017-11-15,12.3,2.5,7.6,0.0,9.0,56,11,319,4,8.7,10.1,14.8,15.1,11.200000000000003,13.342857142857143,15.478571428571428,0.1,8.8,0.0,0.0,2.9666666666666672,1.2714285714285716,0.6357142857142858
2017-11-16,11.5,3.5,7.2,0.0,8.9,50,11,320,4,7.6,8.7,10.1,14.5,8.800000000000002,12.271428571428572,14.742857142857142,0.0,0.1,8.8,0.0,2.9666666666666672,1.2714285714285716,0.6357142857142858
2017-11-17,10.6,3.6,6.9,0.0,12.1,50,11,321,4,7.2,7.6,8.7,15.2,7.833333333333337,11.22857142857143,13.992857142857144,0.0,0.0,0.1,0.0,0.03333333333333393,1.2714285714285716,0.6357142857142858
2017-11-18,11.4,3.1,7.4,0.0,11.3,48,11,322,4,6.9,7.2,7.6,15.0,7.233333333333337,10.042857142857143,13.171428571428573,0.0,0.0,0.0,0.0,0.0,1.2714285714285716,0.6357142857142858
2017-11-19,11.9,2.9,7.6,0.0,10.8,44,11,323,4,7.4,6.9,7.2,14.8,7.1666666666666705,8.957142857142857,12.428571428571429,0.0,0.0,0.0,0.0,0.0,1.2714285714285716,0.6357142857142858
2017-11-20,12.2,4.0,8.1,0.0,7.1,34,11,324,4,7.6,7.4,6.9,10.1,7.300000000000004,7.928571428571429,11.735714285714286,0.0,0.0,0.0,8.8,0.0,1.2714285714285716,0.6357142857142858
2017-11-21,13.0,5.5,9.0,0.0,8.5,24,11,325,4,8.1,7.6,7.4,8.7,7.700000000000003,7.642857142857143,11.064285714285715,0.0,0.0,0.0,0.1,0.0,0.014285714285714287,0.6357142857142858
2017-11-22,15.8,4.8,10.4,0.0,6.6,23,11,326,4,9.0,8.1,7.6,7.6,8.233333333333336,7.685714285714285,10.514285714285714,0.0,0.0,0.0,0.0,0.0,0.0,0.6357142857142858
2017-11-23,17.1,7.4,12.2,0.0,8.3,24,11,327,4,10.4,9.0,8.1,7.2,9.16666666666667,8.085714285714285,10.178571428571429,0.0,0.0,0.0,0.0,0.0,0.0,0.6357142857142858
2017-11-24,19.0,7.9,12.9,0.0,8.3,30,11,328,4,12.2,10.4,9.0,6.9,10.533333333333337,8.8,10.014285714285714,0.0,0.0,0.0,0.0,0.0,0.0,0.6357142857142858
2017-11-25,16.9,6.4,11.7,0.0,15.6,45,11,329,4,12.9,12.2,10.4,7.4,11.833333333333337,9.657142857142857,9.85,0.0,0.0,0.0,0.0,0.0,0.0,0.6357142857142858
2017-11-26,15.1,5.9,11.0,0.0,10.0,37,11,330,4,11.7,12.9,12.2,7.6,12.266666666666671,10.271428571428572,9.614285714285714,0.0,0.0,0.0,0.0,0.0,0.0,0.6357142857142858
2017-11-27,14.7,6.4,10.1,0.0,11.2,23,11,331,4,11.0,11.7,12.9,8.1,11.866666666666669,10.757142857142858,9.342857142857143,0.0,0.0,0.0,0.0,0.0,0.0,0.6357142857142858
2017-11-28,14.4,8.4,10.7,0.0,11.5,26,11,332,4,10.1,11.0,11.7,9.0,10.933333333333337,11.042857142857143,9.342857142857142,0.0,0.0,0.0,0.0,0.0,0.0,0.0071428571428571435
2017-11-29,13.5,6.7,9.8,0.0,10.6,34,11,333,4,10.7,10.1,11.0,10.4,10.600000000000003,11.285714285714286,9.485714285714286,0.0,0.0,0.0,0.0,0.0,0.0,0.0
2017-11-30,13.4,5.6,9.4,0.0,9.2,34,11,334,4,9.8,10.7,10.1,12.2,10.200000000000003,11.200000000000001,9.642857142857142,0.0,0.0,0.0,0.0,0.0,0.0,0.0
2017-12-01,14.9,6.5,10.3,0.0,8.2,28,12,335,1,9.4,9.8,10.7,12.9,9.96666666666667,10.799999999999999,9.799999999999999,0.0,0.0,0.0,0.0,0.0,0.0,0.0
2017-12-02,14.4,6.6,9.8,0.0,11.9,28,12,336,1,10.3,9.4,9.8,11.7,9.833333333333337,10.428571428571429,10.042857142857143,0.0,0.0,0.0,0.0,0.0,0.0,0.0
2017-12-03,10.5,1.5,6.9,0.0,13.9,36,12,337,1,9.8,10.3,9.4,11.0,9.833333333333337,10.157142857142857,10.214285714285714,0.0,0.0,0.0,0.0,0.0,0.0,0.0
2017-12-04,5.2,-2.1,0.9,0.0,14.5,39,12,338,1,6.9,9.8,10.3,10.1,9.000000000000005,9.571428571428571,10.164285714285713,0.0,0.0,0.0,0.0,0.0,0.0,0.0
2017-12-05,7.3,-3.5,1.7,0.0,7.3,31,12,339,1,0.9,6.9,9.8,10.7,5.866666666666671,8.257142857142856,9.65,0.0,0.0,0.0,0.0,0.0,0.0,0.0
2017-12-06,11.0,2.2,6.4,0.0,6.8,24,12,340,1,1.7,0.9,6.9,9.8,3.16666666666667,6.971428571428572,9.128571428571428,0.0,0.0,0.0,0.0,0.0,0.0,0.0
2017-12-07,15.6,5.3,8.9,0.0,7.9,21,12,341,1,6.4,1.7,0.9,9.4,3.0000000000000036,6.485714285714286,8.842857142857143,0.0,0.0,0.0,0.0,0.0,0.0,0.0
2017-12-08,17.3,3.4,9.2,0.0,13.0,26,12,342,1,8.9,6.4,1.7,10.3,5.6666666666666705,6.4142857142857155,8.607142857142858,0.0,0.0,0.0,0.0,0.0,0.0,0.0
2017-12-09,14.2,5.7,9.5,0.0,10.1,23,12,343,1,9.2,8.9,6.4,9.8,8.16666666666667,6.257142857142858,8.342857142857143,0.0,0.0,0.0,0.0,0.0,0.0,0.0
2017-12-10,11.6,4.7,7.6,0.0,10.4,23,12,344,1,9.5,9.2,8.9,6.9,9.200000000000003,6.214285714285714,8.185714285714285,0.0,0.0,0.0,0.0,0.0,0.0,0.0
2017-12-11,8.1,1.7,4.4,0.0,11.0,34,12,345,1,7.6,9.5,9.2,0.9,8.766666666666671,6.314285714285715,7.942857142857142,0.0,0.0,0.0,0.0,0.0,0.0,0.0
2017-12-12,6.7,-0.9,2.7,0.0,10.8,38,12,346,1,4.4,7.6,9.5,1.7,7.1666666666666705,6.814285714285715,7.535714285714286,0.0,0.0,0.0,0.0,0.0,0.0,0.0
2017-12-13,6.6,-1.8,2.8,0.0,9.0,36,12,347,1,2.7,4.4,7.6,6.4,4.900000000000003,6.957142857142857,6.964285714285714,0.0,0.0,0.0,0.0,0.0,0.0,0.0
2017-12-14,6.9,-1.9,2.2,0.0,11.4,32,12,348,1,2.8,2.7,4.4,8.9,3.300000000000004,6.442857142857143,6.464285714285714,0.0,0.0,0.0,0.0,0.0,0.0,0.0
2017-12-15,7.7,-0.1,3.3,0.0,8.7,32,12,349,1,2.2,2.8,2.7,9.2,2.5666666666666704,5.485714285714287,5.95,0.0,0.0,0.0,0.0,0.0,0.0,0.0
2017-12-16,12.4,1.3,6.9,0.0,9.5,30,12,350,1,3.3,2.2,2.8,9.5,2.7666666666666706,4.642857142857143,5.45,0.0,0.0,0.0,0.0,0.0,0.0,0.0
2017-12-17,15.2,4.1,8.7,0.0,13.4,34,12,351,1,6.9,3.3,2.2,7.6,4.133333333333337,4.271428571428571,5.242857142857143,0.0,0.0,0.0,0.0,0.0,0.0,0.0
2017-12-18,14.5,2.2,8.0,0.0,12.9,31,12,352,1,8.7,6.9,3.3,4.4,6.300000000000003,4.428571428571429,5.371428571428571,0.0,0.0,0.0,0.0,0.0,0.0,0.0
2017-12-19,14.7,3.7,9.2,0.2,7.8,42,12,353,1,8.0,8.7,6.9,2.7,7.86666666666667,4.942857142857143,5.878571428571428,0.0,0.0,0.0,0.0,0.0,0.0,0.0
2017-12-20,12.3,6.5,8.7,0.0,9.4,56,12,354,1,9.2,8.0,8.7,2.8,8.633333333333338,5.871428571428572,6.414285714285714,0.2,0.0,0.0,0.0,0.06666666666666726,0.028571428571428574,0.014285714285714287
2017-12-21,13.2,4.7,8.5,0.0,11.8,53,12,355,1,8.7,9.2,8.0,2.2,8.633333333333335,6.7142857142857135,6.578571428571428,0.0,0.2,0.0,0.0,0.06666666666666726,0.028571428571428574,0.014285714285714287
2017-12-22,13.6,5.5,9.3,0.0,8.0,33,12,356,1,8.5,8.7,9.2,3.3,8.800000000000002,7.614285714285714,6.55,0.0,0.0,0.2,0.0,0.06666666666666726,0.028571428571428574,0.014285714285714287
2017-12-23,12.5,5.2,8.7,0.0,11.6,35,12,357,1,9.3,8.5,8.7,6.9,8.833333333333337,8.471428571428572,6.557142857142857,0.0,0.0,0.0,0.0,0.0,0.028571428571428574,0.014285714285714287
2017-12-24,13.6,5.5,9.2,0.0,11.8,42,12,358,1,8.7,9.3,8.5,8.7,8.833333333333336,8.728571428571428,6.5,0.0,0.0,0.0,0.0,0.0,0.028571428571428574,0.014285714285714287
2017-12-25,18.2,8.2,12.0,0.0,9.0,32,12,359,1,9.2,8.7,9.3,8.0,9.06666666666667,8.8,6.614285714285715,0.0,0.0,0.0,0.0,0.0,0.028571428571428574,0.014285714285714287
2017-12-26,20.6,7.5,13.7,0.0,7.3,28,12,360,1,12.0,9.2,8.7,9.2,9.96666666666667,9.37142857142857,7.1571428571428575,0.0,0.0,0.0,0.2,0.0,0.028571428571428574,0.014285714285714287
2017-12-27,16.6,8.0,12.1,0.0,11.4,35,12,361,1,13.7,12.0,9.2,8.7,11.633333333333335,10.014285714285714,7.942857142857142,0.0,0.0,0.0,0.0,0.0,0.0,0.014285714285714287
2017-12-28,13.0,5.7,8.7,0.0,8.4,40,12,362,1,12.1,13.7,12.0,8.5,12.600000000000003,10.5,8.607142857142858,0.0,0.0,0.0,0.0,0.0,0.0,0.014285714285714287
2017-12-29,10.8,3.1,6.6,0.0,8.6,32,12,363,1,8.7,12.1,13.7,9.3,11.500000000000005,10.528571428571428,9.071428571428571,0.0,0.0,0.0,0.0,0.0,0.0,0.014285714285714287
2017-12-30,11.8,3.9,7.3,0.0,9.3,25,12,364,1,6.6,8.7,12.1,8.7,9.133333333333335,10.142857142857142,9.307142857142855,0.0,0.0,0.0,0.0,0.0,0.0,0.014285714285714287
2017-12-31,10.8,3.9,7.0,0.0,6.0,24,12,365,1,7.3,6.6,8.7,9.2,7.533333333333336,9.942857142857141,9.335714285714285,0.0,0.0,0.0,0.0,0.0,0.0,0.014285714285714287
2018-01-01,11.2,3.6,7.0,0.0,5.8,25,1,1,1,7.0,7.3,6.6,12.0,6.9666666666666694,9.628571428571428,9.214285714285714,0.0,0.0,0.0,0.0,0.0,0.0,0.014285714285714287
2018-01-02,15.1,3.9,9.2,0.0,7.6,22,1,2,1,7.0,7.0,7.3,13.7,7.100000000000004,8.914285714285715,9.142857142857142,0.0,0.0,0.0,0.0,0.0,0.0,0.014285714285714287
2018-01-03,12.9,1.4,6.4,0.0,14.6,43,1,3,1,9.2,7.0,7.0,12.1,7.733333333333337,8.27142857142857,9.142857142857142,0.0,0.0,0.0,0.0,0.0,0.0,0.0
2018-01-04,10.2,2.0,5.6,5.2,11.7,54,1,4,1,6.4,9.2,7.0,8.7,7.533333333333336,7.457142857142856,8.978571428571428,0.0,0.0,0.0,0.0,0.0,0.0,0.0
2018-01-05,10.9,2.1,5.5,0.0,7.2,38,1,5,1,5.6,6.4,9.2,6.6,7.06666666666667,7.014285714285714,8.77142857142857,5.2,0.0,0.0,0.0,1.733333333333334,0.7428571428571429,0.37142857142857144
2018-01-06,11.4,1.8,6.4,0.0,10.7,33,1,6,1,5.5,5.6,6.4,7.3,5.833333333333337,6.857142857142857,8.5,0.0,5.2,0.0,0.0,1.733333333333334,0.7428571428571429,0.37142857142857144
2018-01-07,12.4,5.1,8.1,0.0,8.8,34,1,7,1,6.4,5.5,5.6,7.0,5.833333333333337,6.728571428571428,8.335714285714285,0.0,0.0,5.2,0.0,1.733333333333334,0.7428571428571429,0.37142857142857144
2018-01-08,12.2,4.5,8.5,0.0,9.2,40,1,8,1,8.1,6.4,5.5,7.0,6.6666666666666705,6.885714285714285,8.257142857142856,0.0,0.0,0.0,0.0,0.0,0.7428571428571429,0.37142857142857144
2018-01-09,12.4,2.5,7.2,0.0,10.1,49,1,9,1,8.5,8.1,6.4,9.2,7.6666666666666705,7.1,8.007142857142856,0.0,0.0,0.0,0.0,0.0,0.7428571428571429,0.37142857142857144
2018-01-10,11.0,2.0,6.3,0.0,10.9,52,1,10,1,7.2,8.5,8.1,6.4,7.933333333333336,6.814285714285715,7.542857142857144,0.0,0.0,0.0,0.0,0.0,0.7428571428571429,0.37142857142857144
2018-01-11,9.0,2.9,5.5,0.0,12.6,53,1,11,1,6.3,7.2,8.5,5.6,7.333333333333337,6.8,7.128571428571428,0.0,0.0,0.0,5.2,0.0,0.7428571428571429,0.37142857142857144
2018-01-12,10.1,0.7,5.4,0.0,8.5,46,1,12,1,5.5,6.3,7.2,5.5,6.333333333333337,6.785714285714286,6.8999999999999995,0.0,0.0,0.0,0.0,0.0,0.0,0.37142857142857144
2018-01-13,14.6,4.6,9.1,0.0,7.5,25,1,13,1,5.4,5.5,6.3,6.4,5.733333333333337,6.771428571428571,6.814285714285714,0.0,0.0,0.0,0.0,0.0,0.0,0.37142857142857144
2018-01-14,13.1,5.7,9.3,0.0,6.9,19,1,14,1,9.1,5.4,5.5,8.1,6.6666666666666705,7.1571428571428575,6.942857142857143,0.0,0.0,0.0,0.0,0.0,0.0,0.37142857142857144
2018-01-15,17.6,3.7,10.8,0.0,7.2,19,1,15,1,9.3,9.1,5.4,8.5,7.933333333333337,7.328571428571428,7.107142857142857,0.0,0.0,0.0,0.0,0.0,0.0,0.37142857142857144
2018-01-16,15.7,3.6,9.2,0.0,9.7,30,1,16,1,10.8,9.3,9.1,7.2,9.733333333333338,7.6571428571428575,7.378571428571428,0.0,0.0,0.0,0.0,0.0,0.0,0.37142857142857144
2018-01-17,9.7,1.8,6.2,0.0,10.7,31,1,17,1,9.2,10.8,9.3,6.3,9.766666666666671,7.942857142857142,7.378571428571428,0.0,0.0,0.0,0.0,0.0,0.0,0.37142857142857144
2018-01-18,12.8,1.9,6.7,0.0,16.3,35,1,18,1,6.2,9.2,10.8,5.5,8.733333333333336,7.928571428571429,7.364285714285715,0.0,0.0,0.0,0.0,0.0,0.0,0.37142857142857144
2018-01-19,12.9,2.2,7.8,0.0,8.0,36,1,19,1,6.7,6.2,9.2,5.4,7.36666666666667,8.1,7.442857142857143,0.0,0.0,0.0,0.0,0.0,0.0,0.0
2018-01-20,14.8,2.7,8.7,0.0,7.3,34,1,20,1,7.8,6.7,6.2,9.1,6.900000000000003,8.442857142857143,7.607142857142857,0.0,0.0,0.0,0.0,0.0,0.0,0.0
2018-01-21,15.2,4.6,9.7,0.0,9.1,33,1,21,1,8.7,7.8,6.7,9.3,7.733333333333337,8.385714285714286,7.771428571428572,0.0,0.0,0.0,0.0,0.0,0.0,0.0
2018-01-22,6.9,1.1,3.8,2.6,12.0,63,1,22,1,9.7,8.7,7.8,10.8,8.733333333333336,8.442857142857143,7.885714285714285,0.0,0.0,0.0,0.0,0.0,0.0,0.0
2018-01-23,9.4,-1.5,4.1,0.0,10.7,63,1,23,1,3.8,9.7,8.7,9.2,7.400000000000003,7.442857142857142,7.549999999999999,2.6,0.0,0.0,0.0,0.8666666666666673,0.37142857142857144,0.18571428571428572
2018-01-24,14.2,5.0,8.8,0.0,8.9,28,1,24,1,4.1,3.8,9.7,6.2,5.86666666666667,6.7142857142857135,7.328571428571428,0.0,2.6,0.0,0.0,0.8666666666666673,0.37142857142857144,0.18571428571428572
2018-01-25,12.4,3.6,7.6,0.0,12.7,36,1,25,1,8.8,4.1,3.8,6.7,5.56666666666667,7.0857142857142845,7.507142857142857,0.0,0.0,2.6,0.0,0.8666666666666673,0.37142857142857144,0.18571428571428572
2018-01-26,12.4,4.7,8.0,0.0,10.2,41,1,26,1,7.6,8.8,4.1,7.8,6.833333333333336,7.2142857142857135,7.657142857142857,0.0,0.0,0.0,0.0,0.0,0.37142857142857144,0.18571428571428572
2018-01-27,12.7,4.5,8.2,0.0,10.5,33,1,27,1,8.0,7.6,8.8,8.7,8.133333333333338,7.242857142857142,7.8428571428571425,0.0,0.0,0.0,0.0,0.0,0.37142857142857144,0.18571428571428572
2018-01-28,16.0,3.2,9.3,0.0,9.7,40,1,28,1,8.2,8.0,7.6,9.7,7.933333333333337,7.171428571428572,7.778571428571428,0.0,0.0,0.0,0.0,0.0,0.37142857142857144,0.18571428571428572
2018-01-29,13.8,4.0,8.3,3.5,10.6,67,1,29,1,9.3,8.2,8.0,3.8,8.500000000000002,7.114285714285714,7.778571428571428,0.0,0.0,0.0,2.6,0.0,0.37142857142857144,0.18571428571428572
2018-01-30,13.0,4.2,8.4,0.0,8.2,56,1,30,1,8.3,9.3,8.2,4.1,8.600000000000003,7.757142857142858,7.6000000000000005,3.5,0.0,0.0,0.0,1.1666666666666672,0.5,0.43571428571428567
2018-01-31,13.5,3.4,8.2,0.2,16.5,57,1,31,1,8.4,8.3,9.3,8.8,8.666666666666671,8.371428571428572,7.542857142857143,0.0,3.5,0.0,0.0,1.1666666666666672,0.5,0.43571428571428567
2018-02-01,8.9,1.5,5.1,0.0,8.7,35,2,32,1,8.2,8.4,8.3,7.6,8.300000000000002,8.285714285714286,7.685714285714285,0.2,0.0,3.5,0.0,1.233333333333334,0.5285714285714286,0.45
2018-02-02,9.5,2.7,5.4,0.0,12.4,29,2,33,1,5.1,8.2,8.4,8.0,7.233333333333337,7.928571428571429,7.57142857142857,0.0,0.2,0.0,0.0,0.06666666666666726,0.5285714285714286,0.45
2018-02-03,9.1,0.7,4.6,0.0,10.6,32,2,34,1,5.4,5.1,8.2,8.2,6.233333333333337,7.557142857142858,7.3999999999999995,0.0,0.0,0.2,0.0,0.06666666666666726,0.5285714285714286,0.45
2018-02-04,11.1,1.0,5.8,0.0,10.6,28,2,35,1,4.6,5.4,5.1,9.3,5.033333333333337,7.042857142857143,7.107142857142857,0.0,0.0,0.0,0.0,0.0,0.5285714285714286,0.45
2018-02-05,9.9,2.8,5.9,0.0,11.4,22,2,36,1,5.8,4.6,5.4,8.3,5.26666666666667,6.542857142857144,6.828571428571429,0.0,0.0,0.0,3.5,0.0,0.5285714285714286,0.45
2018-02-06,10.3,1.4,6.4,0.0,10.0,23,2,37,1,5.9,5.8,4.6,8.4,5.433333333333337,6.2,6.978571428571429,0.0,0.0,0.0,0.0,0.0,0.028571428571428574,0.2642857142857143
2018-02-07,10.9,1.5,6.4,0.0,17.1,31,2,38,1,6.4,5.9,5.8,8.2,6.033333333333338,5.914285714285714,7.142857142857143,0.0,0.0,0.0,0.2,0.0,0.028571428571428574,0.2642857142857143
2018-02-08,11.3,2.5,7.1,0.0,10.7,33,2,39,1,6.4,6.4,5.9,5.1,6.233333333333337,5.6571428571428575,6.971428571428571,0.0,0.0,0.0,0.0,0.0,0.0,0.2642857142857143
2018-02-09,9.6,2.3,5.3,3.1,8.7,50,2,40,1,7.1,6.4,6.4,5.4,6.633333333333337,5.942857142857143,6.935714285714286,0.0,0.0,0.0,0.0,0.0,0.0,0.2642857142857143
2018-02-10,11.0,1.7,6.0,1.6,12.1,57,2,41,1,5.3,7.1,6.4,4.6,6.26666666666667,5.928571428571429,6.742857142857143,3.1,0.0,0.0,0.0,1.0333333333333339,0.4428571428571429,0.48571428571428577
2018-02-11,7.6,2.9,5.0,4.9,12.2,74,2,42,1,6.0,5.3,7.1,5.8,6.133333333333337,6.128571428571429,6.585714285714286,1.6,3.1,0.0,0.0,1.5666666666666673,0.6714285714285715,0.6
2018-02-12,8.4,-0.4,4.1,0.6,17.5,65,2,43,1,5.0,6.0,5.3,5.9,5.433333333333337,6.014285714285713,6.278571428571429,4.9,1.6,3.1,0.0,3.2000000000000006,1.3714285714285717,0.9500000000000001
2018-02-13,13.4,1.6,7.1,0.0,13.0,59,2,44,1,4.1,5.0,6.0,6.4,5.033333333333337,5.757142857142857,5.978571428571428,0.6,4.9,1.6,0.0,2.3666666666666676,1.4571428571428573,0.7428571428571429
2018-02-14,15.7,3.5,8.7,0.0,13.7,78,2,45,1,7.1,4.1,5.0,6.4,5.400000000000003,5.857142857142857,5.885714285714286,0.0,0.6,4.9,0.0,1.833333333333334,1.4571428571428573,0.7428571428571429
2018-02-15,18.1,6.3,12.4,0.3,10.1,55,2,46,1,8.7,7.1,4.1,7.1,6.633333333333336,6.185714285714285,5.921428571428572,0.0,0.0,0.6,0.0,0.2000000000000006,1.4571428571428573,0.7285714285714286
2018-02-16,17.4,8.8,13.3,0.0,17.8,42,2,47,1,12.4,8.7,7.1,5.3,9.400000000000004,6.942857142857143,6.442857142857143,0.3,0.0,0.0,3.1,0.10000000000000059,1.5,0.7500000000000001
2018-02-17,17.3,8.2,12.3,0.0,19.9,34,2,48,1,13.3,12.4,8.7,6.0,11.466666666666669,8.085714285714285,7.007142857142857,0.0,0.3,0.0,1.6,0.10000000000000059,1.0571428571428574,0.7500000000000001
2018-02-18,18.6,8.0,13.3,0.0,16.9,31,2,49,1,12.3,13.3,12.4,5.0,12.666666666666671,8.985714285714286,7.557142857142858,0.0,0.0,0.3,4.9,0.10000000000000059,0.8285714285714286,0.7500000000000001
2018-02-19,21.6,8.5,14.7,0.0,12.6,35,2,50,1,13.3,12.3,13.3,4.1,12.96666666666667,10.171428571428573,8.092857142857143,0.0,0.0,0.0,0.6,0.0,0.12857142857142856,0.7500000000000001
2018-02-20,20.4,7.5,14.0,0.0,19.5,43,2,51,1,14.7,13.3,12.3,7.1,13.433333333333337,11.685714285714285,8.721428571428572,0.0,0.0,0.0,0.0,0.0,0.04285714285714286,0.7500000000000001
2018-02-21,18.1,8.5,13.7,0.0,10.2,31,2,52,1,14.0,14.7,13.3,8.7,14.000000000000005,12.671428571428573,9.264285714285714,0.0,0.0,0.0,0.0,0.0,0.04285714285714286,0.7500000000000001
2018-02-22,19.6,8.9,14.2,0.0,13.0,28,2,53,1,13.7,14.0,14.7,12.4,14.133333333333335,13.385714285714286,9.785714285714286,0.0,0.0,0.0,0.3,0.0,0.04285714285714286,0.7500000000000001
2018-02-23,14.6,9.1,11.7,3.6,14.5,69,2,54,1,14.2,13.7,14.0,13.3,13.966666666666669,13.642857142857142,10.292857142857144,0.0,0.0,0.0,0.0,0.0,0.0,0.7500000000000001
2018-02-24,16.0,5.9,10.8,0.4,12.9,63,2,55,1,11.7,14.2,13.7,12.3,13.200000000000003,13.414285714285713,10.75,3.6,0.0,0.0,0.0,1.2000000000000006,0.5142857142857143,0.7857142857142857
2018-02-25,18.1,6.3,12.1,0.2,15.9,62,2,56,1,10.8,11.7,14.2,13.3,12.233333333333336,13.2,11.092857142857143,0.4,3.6,0.0,0.0,1.333333333333334,0.5714285714285714,0.7000000000000001
2018-02-26,17.3,8.2,12.1,1.6,15.9,69,2,57,1,12.1,10.8,11.7,14.7,11.533333333333337,13.028571428571428,11.6,0.2,0.4,3.6,0.0,1.4000000000000006,0.6,0.36428571428571427
2018-02-27,18.0,6.3,12.1,0.1,7.5,63,2,58,1,12.1,12.1,10.8,14.0,11.666666666666671,12.657142857142857,12.171428571428573,1.6,0.2,0.4,0.0,0.733333333333334,0.8285714285714286,0.4357142857142858
2018-02-28,15.5,8.0,11.4,6.3,12.2,72,2,59,1,12.1,12.1,12.1,13.7,12.1,12.385714285714284,12.528571428571428,0.1,1.6,0.2,0.0,0.6333333333333341,0.8428571428571429,0.4428571428571429
2018-03-01,14.5,7.6,10.7,5.0,11.0,78,3,60,2,11.4,12.1,12.1,14.2,11.866666666666669,12.057142857142855,12.721428571428572,6.3,0.1,1.6,0.0,2.6666666666666674,1.7428571428571427,0.8928571428571429
2018-03-02,15.7,6.8,11.4,0.1,12.0,63,3,61,2,10.7,11.4,12.1,11.7,11.400000000000004,11.557142857142859,12.599999999999998,5.0,6.3,0.1,3.6,3.8000000000000007,2.457142857142857,1.2285714285714284
2018-03-03,13.9,7.4,11.0,1.4,15.3,58,3,62,2,11.4,10.7,11.4,10.8,11.16666666666667,11.514285714285714,12.464285714285714,0.1,5.0,6.3,0.4,3.8000000000000007,1.9571428571428573,1.2357142857142858
2018-03-04,14.5,4.1,9.9,0.0,11.0,51,3,63,2,11.0,11.4,10.7,12.1,11.033333333333337,11.542857142857144,12.37142857142857,1.4,0.1,5.0,0.2,2.1666666666666674,2.1,1.3357142857142856
2018-03-05,16.7,7.7,12.4,0.0,11.3,42,3,64,2,9.9,11.0,11.4,12.1,10.766666666666671,11.228571428571428,12.12857142857143,0.0,1.4,0.1,1.6,0.5000000000000006,2.0714285714285716,1.3357142857142856
2018-03-06,19.3,5.9,13.3,0.0,8.4,42,3,65,2,12.4,9.9,11.0,12.1,11.100000000000003,11.271428571428572,11.964285714285714,0.0,0.0,1.4,0.1,0.46666666666666723,1.8428571428571427,1.3357142857142856
2018-03-07,20.3,7.9,14.1,0.0,8.5,37,3,66,2,13.3,12.4,9.9,11.4,11.866666666666672,11.442857142857145,11.914285714285713,0.0,0.0,0.0,6.3,0.0,1.8285714285714287,1.3357142857142856
2018-03-08,20.1,7.5,13.7,0.0,14.3,41,3,67,2,14.1,13.3,12.4,10.7,13.266666666666671,11.828571428571427,11.942857142857145,0.0,0.0,0.0,5.0,0.0,0.9285714285714286,1.3357142857142856
2018-03-09,19.4,8.3,13.9,0.7,17.4,45,3,68,2,13.7,14.1,13.3,11.4,13.700000000000003,12.257142857142856,11.907142857142857,0.0,0.0,0.0,0.1,0.0,0.21428571428571427,1.3357142857142856
2018-03-10,20.0,8.1,14.5,0.1,15.6,44,3,69,2,13.9,13.7,14.1,11.0,13.900000000000004,12.614285714285716,12.064285714285715,0.7,0.0,0.0,1.4,0.23333333333333392,0.29999999999999993,1.1285714285714286
2018-03-11,22.8,8.9,15.8,0.1,12.9,43,3,70,2,14.5,13.9,13.7,9.9,14.033333333333337,13.114285714285716,12.328571428571427,0.1,0.7,0.0,0.0,0.2666666666666672,0.11428571428571428,1.1071428571428572
2018-03-12,24.9,9.0,16.3,1.1,14.7,40,3,71,2,15.8,14.5,13.9,12.4,14.733333333333336,13.957142857142857,12.592857142857142,0.1,0.1,0.7,0.0,0.30000000000000054,0.12857142857142856,1.1
2018-03-13,21.1,9.8,15.7,0.7,14.7,43,3,72,2,16.3,15.8,14.5,13.3,15.533333333333339,14.514285714285714,12.892857142857142,1.1,0.1,0.1,0.0,0.43333333333333396,0.2857142857142857,1.0642857142857143
2018-03-14,17.8,11.0,14.4,0.4,16.4,32,3,73,2,15.7,16.3,15.8,14.1,15.933333333333337,14.857142857142858,13.15,0.7,1.1,0.1,0.0,0.6333333333333339,0.38571428571428573,1.107142857142857
2018-03-15,18.6,8.6,13.8,0.0,18.4,25,3,74,2,14.4,15.7,16.3,13.7,15.46666666666667,14.900000000000002,13.364285714285714,0.4,0.7,1.1,0.0,0.733333333333334,0.4428571428571429,0.6857142857142857
2018-03-16,19.2,10.0,14.8,0.0,14.6,23,3,75,2,13.8,14.4,15.7,13.9,14.633333333333338,14.914285714285715,13.585714285714287,0.0,0.4,0.7,0.7,0.3666666666666673,0.4428571428571429,0.32857142857142857
2018-03-17,21.4,7.6,15.5,0.0,11.9,26,3,76,2,14.8,13.8,14.4,14.5,14.333333333333337,15.042857142857143,13.828571428571427,0.0,0.0,0.4,0.1,0.13333333333333394,0.3428571428571429,0.32142857142857145
2018-03-18,17.7,11.3,14.5,1.9,16.5,48,3,77,2,15.5,14.8,13.8,15.8,14.700000000000005,15.185714285714285,14.15,0.0,0.0,0.0,0.1,0.0,0.3285714285714286,0.22142857142857145
2018-03-19,18.8,9.2,13.6,2.8,22.1,49,3,78,2,14.5,15.5,14.8,16.3,14.933333333333337,15.0,14.478571428571428,1.9,0.0,0.0,1.1,0.6333333333333339,0.5857142857142856,0.35714285714285715
2018-03-20,10.8,6.0,8.6,6.6,14.0,78,3,79,2,13.6,14.5,15.5,15.7,14.533333333333339,14.614285714285716,14.564285714285715,2.8,1.9,0.0,0.7,1.566666666666667,0.8285714285714285,0.5571428571428572
2018-03-21,17.1,4.9,10.8,0.0,16.9,67,3,80,2,8.6,13.6,14.5,14.4,12.23333333333334,13.6,14.22857142857143,6.6,2.8,1.9,0.4,3.766666666666667,1.6714285714285713,1.0285714285714285
2018-03-22,18.7,8.8,13.7,0.0,8.9,51,3,81,2,10.8,8.6,13.6,13.8,11.000000000000005,13.085714285714285,13.992857142857142,0.0,6.6,2.8,0.0,3.1333333333333333,1.614285714285714,1.0285714285714285
2018-03-23,20.8,10.1,15.7,0.0,12.3,35,3,82,2,13.7,10.8,8.6,14.8,11.033333333333339,13.071428571428571,13.992857142857144,0.0,0.0,6.6,0.0,2.2000000000000006,1.614285714285714,1.0285714285714285
2018-03-24,22.9,13.1,17.5,0.0,15.5,27,3,83,2,15.7,13.7,10.8,15.5,13.400000000000004,13.200000000000001,14.12142857142857,0.0,0.0,0.0,0.0,0.0,1.614285714285714,0.9785714285714285
2018-03-25,24.1,13.1,18.7,0.0,8.4,20,3,84,2,17.5,15.7,13.7,14.5,15.633333333333338,13.485714285714286,14.335714285714285,0.0,0.0,0.0,1.9,0.0,1.614285714285714,0.9714285714285713
2018-03-26,24.7,14.1,19.7,0.0,11.0,18,3,85,2,18.7,17.5,15.7,13.6,17.3,14.085714285714285,14.542857142857144,0.0,0.0,0.0,2.8,0.0,1.3428571428571427,0.9642857142857143
2018-03-27,25.9,14.4,19.9,0.0,18.3,18,3,86,2,19.7,18.7,17.5,8.6,18.633333333333336,14.957142857142857,14.785714285714286,0.0,0.0,0.0,6.6,0.0,0.9428571428571428,0.8857142857142856
2018-03-28,26.2,15.5,20.7,0.0,16.5,16,3,87,2,19.9,19.7,18.7,10.8,19.433333333333337,16.571428571428573,15.085714285714287,0.0,0.0,0.0,0.0,0.0,0.0,0.8357142857142856
2018-03-29,26.7,14.7,21.1,0.0,17.7,14,3,88,2,20.7,19.9,19.7,13.7,20.100000000000005,17.985714285714284,15.535714285714286,0.0,0.0,0.0,0.0,0.0,0.0,0.8071428571428572
2018-03-30,28.0,17.4,22.5,0.0,18.2,16,3,89,2,21.1,20.7,19.9,15.7,20.566666666666674,19.04285714285714,16.057142857142857,0.0,0.0,0.0,0.0,0.0,0.0,0.8071428571428572
2018-03-31,28.8,15.9,23.0,0.0,9.4,19,3,90,2,22.5,21.1,20.7,17.5,21.433333333333337,20.014285714285712,16.607142857142858,0.0,0.0,0.0,0.0,0.0,0.0,0.8071428571428572
2018-04-01,29.3,14.0,22.2,0.0,16.6,22,4,91,2,23.0,22.5,21.1,18.7,22.200000000000003,20.8,17.142857142857142,0.0,0.0,0.0,0.0,0.0,0.0,0.8071428571428572
2018-04-02,25.0,14.9,20.4,0.8,18.8,31,4,92,2,22.2,23.0,22.5,19.7,22.566666666666674,21.3,17.692857142857143,0.0,0.0,0.0,0.0,0.0,0.0,0.6714285714285714
2018-04-03,26.1,13.0,19.8,0.8,13.0,39,4,93,2,20.4,22.2,23.0,19.9,21.866666666666674,21.4,18.178571428571427,0.8,0.0,0.0,0.0,0.2666666666666673,0.1142857142857143,0.5285714285714286
2018-04-04,26.7,14.3,20.4,0.0,12.7,36,4,94,2,19.8,20.4,22.2,20.7,20.800000000000008,21.38571428571429,18.978571428571428,0.8,0.8,0.0,0.0,0.533333333333334,0.2285714285714286,0.1142857142857143
2018-04-05,25.5,13.3,19.3,1.4,13.6,45,4,95,2,20.4,19.8,20.4,21.1,20.200000000000003,21.342857142857138,19.664285714285715,0.0,0.8,0.8,0.0,0.533333333333334,0.2285714285714286,0.1142857142857143
2018-04-06,26.7,13.5,20.2,0.0,14.2,41,4,96,2,19.3,20.4,19.8,22.5,19.83333333333334,21.085714285714285,20.064285714285717,1.4,0.0,0.8,0.0,0.733333333333334,0.42857142857142855,0.21428571428571427
2018-04-07,28.2,14.6,21.8,0.2,12.0,32,4,97,2,20.2,19.3,20.4,23.0,19.966666666666672,20.757142857142856,20.385714285714283,0.0,1.4,0.0,0.0,0.46666666666666723,0.42857142857142855,0.21428571428571427
2018-04-08,26.9,15.6,21.8,0.0,14.5,27,4,98,2,21.8,20.2,19.3,22.2,20.433333333333337,20.585714285714285,20.692857142857143,0.2,0.0,1.4,0.0,0.5333333333333339,0.4571428571428572,0.2285714285714286
2018-04-09,25.8,15.6,20.9,0.0,18.0,30,4,99,2,21.8,21.8,20.2,20.4,21.26666666666667,20.528571428571432,20.914285714285715,0.0,0.2,0.0,0.8,0.06666666666666726,0.4571428571428572,0.2285714285714286
2018-04-10,23.4,14.0,19.3,0.0,18.0,33,4,100,2,20.9,21.8,21.8,19.8,21.500000000000004,20.599999999999998,21.0,0.0,0.0,0.2,0.8,0.06666666666666726,0.3428571428571429,0.2285714285714286
2018-04-11,22.5,13.2,18.0,0.0,15.4,25,4,101,2,19.3,20.9,21.8,20.4,20.66666666666667,20.52857142857143,20.95714285714286,0.0,0.0,0.0,0.0,0.0,0.22857142857142856,0.2285714285714286
2018-04-12,23.5,13.2,18.6,0.0,11.3,13,4,102,2,18.0,19.3,20.9,19.3,19.400000000000006,20.185714285714287,20.764285714285712,0.0,0.0,0.0,1.4,0.0,0.22857142857142856,0.2285714285714286
2018-04-13,21.7,13.1,17.1,0.0,12.9,33,4,103,2,18.6,18.0,19.3,20.2,18.633333333333336,20.085714285714285,20.585714285714285,0.0,0.0,0.0,0.0,0.0,0.028571428571428574,0.2285714285714286
2018-04-14,25.4,11.6,18.2,1.1,15.8,45,4,104,2,17.1,18.6,18.0,21.8,17.900000000000006,19.642857142857142,20.2,0.0,0.0,0.0,0.2,0.0,0.028571428571428574,0.2285714285714286
2018-04-15,18.6,13.2,15.6,7.3,9.7,63,4,105,2,18.2,17.1,18.6,21.8,17.966666666666672,19.12857142857143,19.857142857142858,1.1,0.0,0.0,0.0,0.3666666666666673,0.15714285714285717,0.3071428571428571
2018-04-16,21.6,9.8,16.2,1.1,10.7,57,4,106,2,15.6,18.2,17.1,20.9,16.966666666666672,18.242857142857144,19.385714285714283,7.3,1.1,0.0,0.0,2.8000000000000007,1.2,0.8285714285714285
2018-04-17,23.5,11.7,17.7,0.1,13.3,45,4,107,2,16.2,15.6,18.2,19.3,16.66666666666667,17.571428571428573,19.08571428571429,1.1,7.3,1.1,0.0,3.1666666666666674,1.3571428571428572,0.8499999999999999
2018-04-18,18.9,12.2,15.7,0.9,18.9,52,4,108,2,17.7,16.2,15.6,18.0,16.500000000000004,17.342857142857145,18.935714285714287,0.1,1.1,7.3,0.0,2.833333333333334,1.3714285714285714,0.7999999999999999
2018-04-19,16.5,6.4,12.7,5.8,17.0,64,4,109,2,15.7,17.7,16.2,18.6,16.533333333333335,17.014285714285712,18.599999999999998,0.9,0.1,1.1,0.0,0.7000000000000003,1.5,0.8642857142857142
2018-04-20,14.1,4.0,9.4,0.0,18.0,50,4,110,2,12.7,15.7,17.7,17.1,15.366666666666672,16.17142857142857,18.128571428571426,5.8,0.9,0.1,0.0,2.266666666666667,2.3285714285714283,1.1785714285714286
2018-04-21,19.4,7.3,13.5,0.0,9.5,28,4,111,2,9.4,12.7,15.7,18.2,12.600000000000007,15.071428571428571,17.357142857142858,0.0,5.8,0.9,1.1,2.233333333333334,2.3285714285714283,1.1785714285714286
2018-04-22,22.8,10.6,17.2,0.0,9.5,22,4,112,2,13.5,9.4,12.7,15.6,11.866666666666672,14.4,16.764285714285712,0.0,0.0,5.8,7.3,1.9333333333333336,2.1714285714285713,1.1642857142857144
2018-04-23,26.3,14.7,20.9,0.0,12.1,19,4,113,2,17.2,13.5,9.4,16.2,13.366666666666674,14.62857142857143,16.435714285714287,0.0,0.0,0.0,1.1,0.0,1.1285714285714283,1.1642857142857144
2018-04-24,28.7,14.7,22.3,0.0,14.2,21,4,114,2,20.9,17.2,13.5,17.7,17.200000000000006,15.299999999999999,16.435714285714287,0.0,0.0,0.0,0.1,0.0,0.9714285714285713,1.1642857142857144
2018-04-25,28.5,17.7,23.2,0.0,24.2,19,4,115,2,22.3,20.9,17.2,15.7,20.13333333333334,15.957142857142856,16.650000000000002,0.0,0.0,0.0,0.9,0.0,0.957142857142857,1.1642857142857144
2018-04-26,28.3,18.1,23.3,0.0,16.7,21,4,116,2,23.2,22.3,20.9,12.7,22.13333333333334,17.02857142857143,17.021428571428572,0.0,0.0,0.0,5.8,0.0,0.8285714285714284,1.1642857142857144
2018-04-27,28.3,17.7,22.9,0.0,17.2,24,4,117,2,23.3,23.2,22.3,9.4,22.933333333333337,18.542857142857144,17.357142857142858,0.0,0.0,0.0,0.0,0.0,0.0,1.1642857142857144
2018-04-28,29.6,18.3,24.1,0.0,17.8,20,4,118,2,22.9,23.3,23.2,13.5,23.13333333333334,20.471428571428568,17.77142857142857,0.0,0.0,0.0,0.0,0.0,0.0,1.1642857142857144
2018-04-29,30.7,18.8,25.3,0.0,20.6,18,4,119,2,24.1,22.9,23.3,17.2,23.433333333333337,21.985714285714288,18.192857142857143,0.0,0.0,0.0,0.0,0.0,0.0,1.0857142857142856
2018-04-30,30.8,20.6,25.8,0.0,20.5,14,4,120,2,25.3,24.1,22.9,20.9,24.10000000000001,23.142857142857142,18.885714285714283,0.0,0.0,0.0,0.0,0.0,0.0,0.5642857142857143
2018-05-01,31.6,19.8,26.1,0.0,11.0,14,5,121,2,25.8,25.3,24.1,22.3,25.066666666666674,23.842857142857145,19.571428571428573,0.0,0.0,0.0,0.0,0.0,0.0,0.48571428571428577
2018-05-02,28.2,19.4,24.2,0.0,21.5,19,5,122,2,26.1,25.8,25.3,23.2,25.733333333333338,24.385714285714283,20.171428571428574,0.0,0.0,0.0,0.0,0.0,0.0,0.4785714285714286
2018-05-03,25.5,15.5,20.7,0.0,15.0,23,5,123,2,24.2,26.1,25.8,23.3,25.366666666666674,24.52857142857143,20.778571428571432,0.0,0.0,0.0,0.0,0.0,0.0,0.4142857142857143
2018-05-04,28.1,16.0,22.4,0.0,14.1,14,5,124,2,20.7,24.2,26.1,22.9,23.666666666666675,24.157142857142855,21.349999999999998,0.0,0.0,0.0,0.0,0.0,0.0,0.0
2018-05-05,30.1,17.0,23.6,1.8,15.0,20,5,125,2,22.4,20.7,24.2,24.1,22.433333333333337,24.08571428571429,22.27857142857143,0.0,0.0,0.0,0.0,0.0,0.0,0.0
2018-05-06,28.7,16.3,23.1,0.1,18.8,27,5,126,2,23.6,22.4,20.7,25.3,22.233333333333338,24.014285714285712,23.0,1.8,0.0,0.0,0.0,0.6000000000000003,0.2571428571428569,0.1285714285714286
2018-05-07,24.8,18.2,22.0,0.3,18.5,24,5,127,2,23.1,23.6,22.4,25.8,23.033333333333342,23.7,23.421428571428574,0.1,1.8,0.0,0.0,0.6333333333333336,0.2714285714285712,0.13571428571428573
2018-05-08,26.5,17.1,22.0,0.0,18.3,18,5,128,2,22.0,23.1,23.6,26.1,22.900000000000006,23.157142857142855,23.5,0.3,0.1,1.8,0.0,0.7333333333333337,0.31428571428571406,0.15714285714285717
2018-05-09,29.1,16.9,23.3,0.0,12.6,17,5,129,2,22.0,22.0,23.1,24.2,22.366666666666674,22.571428571428573,23.47857142857143,0.0,0.3,0.1,0.0,0.13333333333333364,0.31428571428571406,0.15714285714285717
2018-05-10,31.5,17.4,25.1,0.4,14.6,20,5,130,2,23.3,22.0,22.0,20.7,22.43333333333334,22.442857142857147,23.485714285714284,0.0,0.0,0.3,0.0,0.10000000000000031,0.31428571428571406,0.15714285714285717
2018-05-11,29.7,19.4,24.8,0.8,13.9,25,5,131,2,25.1,23.3,22.0,22.4,23.466666666666672,23.071428571428573,23.614285714285717,0.4,0.0,0.0,0.0,0.13333333333333364,0.37142857142857116,0.18571428571428572
2018-05-12,28.5,18.9,23.9,0.0,14.8,24,5,132,2,24.8,25.1,23.3,23.6,24.400000000000006,23.414285714285715,23.75,0.8,0.4,0.0,1.8,0.40000000000000036,0.4857142857142855,0.24285714285714288
2018-05-13,30.0,20.0,24.9,0.0,14.1,17,5,133,2,23.9,24.8,25.1,23.1,24.600000000000005,23.457142857142856,23.735714285714288,0.0,0.8,0.4,0.1,0.40000000000000036,0.22857142857142834,0.24285714285714288
2018-05-14,28.0,17.0,22.9,0.1,21.2,27,5,134,2,24.9,23.9,24.8,22.0,24.533333333333342,23.714285714285715,23.70714285714286,0.0,0.0,0.8,0.3,0.266666666666667,0.21428571428571402,0.24285714285714288
2018-05-15,28.7,17.3,23.5,0.4,17.9,26,5,135,2,22.9,24.9,23.9,22.0,23.900000000000006,23.842857142857145,23.5,0.1,0.0,0.0,0.0,0.03333333333333363,0.1857142857142855,0.25
2018-05-16,29.5,17.1,23.6,0.0,15.6,20,5,136,2,23.5,22.9,24.9,23.3,23.76666666666667,24.057142857142857,23.314285714285713,0.4,0.1,0.0,0.0,0.16666666666666696,0.24285714285714263,0.2785714285714286
2018-05-17,27.0,17.3,22.1,2.5,18.6,29,5,137,2,23.6,23.5,22.9,25.1,23.333333333333343,24.099999999999998,23.271428571428572,0.0,0.4,0.1,0.4,0.16666666666666696,0.24285714285714263,0.2785714285714286
2018-05-18,24.0,16.4,20.4,0.8,21.2,28,5,138,2,22.1,23.6,23.5,24.8,23.066666666666674,23.67142857142857,23.37142857142857,2.5,0.0,0.4,0.8,0.9666666666666669,0.5428571428571426,0.4571428571428572
2018-05-19,22.8,14.4,18.6,0.0,18.1,24,5,139,2,20.4,22.1,23.6,23.9,22.033333333333342,23.04285714285714,23.22857142857143,0.8,2.5,0.0,0.0,1.1000000000000003,0.5428571428571426,0.5142857142857143
2018-05-20,23.1,13.7,18.6,0.0,13.2,18,5,140,2,18.6,20.4,22.1,24.9,20.366666666666674,22.285714285714285,22.87142857142857,0.0,0.8,2.5,0.0,1.1000000000000003,0.5428571428571426,0.38571428571428573
2018-05-21,23.9,13.4,19.1,0.0,14.2,16,5,141,2,18.6,18.6,20.4,22.9,19.200000000000006,21.38571428571429,22.55,0.0,0.0,0.8,0.1,0.266666666666667,0.5428571428571426,0.37857142857142856
2018-05-22,25.7,14.2,20.2,0.0,12.6,14,5,142,2,19.1,18.6,18.6,23.5,18.766666666666673,20.842857142857145,22.342857142857138,0.0,0.0,0.0,0.4,0.0,0.5285714285714284,0.35714285714285715
2018-05-23,27.4,15.9,22.0,0.0,10.7,15,5,143,2,20.2,19.1,18.6,23.6,19.300000000000008,20.37142857142857,22.214285714285715,0.0,0.0,0.0,0.0,0.0,0.47142857142857114,0.35714285714285715
2018-05-24,28.3,16.3,22.9,0.0,14.2,18,5,144,2,22.0,20.2,19.1,22.1,20.43333333333334,20.142857142857142,22.121428571428574,0.0,0.0,0.0,2.5,0.0,0.47142857142857114,0.35714285714285715
2018-05-25,28.5,18.7,23.7,0.0,17.2,15,5,145,2,22.9,22.0,20.2,20.4,21.700000000000003,20.25714285714286,21.964285714285715,0.0,0.0,0.0,0.8,0.0,0.11428571428571398,0.32857142857142857
2018-05-26,29.0,17.6,23.8,0.0,20.9,14,5,146,2,23.7,22.9,22.0,18.6,22.866666666666674,20.728571428571428,21.885714285714283,0.0,0.0,0.0,0.0,0.0,0.0,0.2714285714285714
2018-05-27,30.9,18.2,25.1,0.0,11.5,10,5,147,2,23.8,23.7,22.9,18.6,23.466666666666672,21.47142857142857,21.87857142857143,0.0,0.0,0.0,0.0,0.0,0.0,0.2714285714285714
2018-05-28,32.2,21.0,26.6,0.0,21.3,10,5,148,2,25.1,23.8,23.7,19.1,24.200000000000006,22.400000000000002,21.892857142857142,0.0,0.0,0.0,0.0,0.0,0.0,0.2714285714285714
2018-05-29,29.2,18.9,24.5,0.0,22.1,17,5,149,2,26.6,25.1,23.8,20.2,25.16666666666667,23.47142857142857,22.157142857142855,0.0,0.0,0.0,0.0,0.0,0.0,0.2642857142857143
2018-05-30,32.2,18.6,26.2,0.0,12.9,15,5,150,2,24.5,26.6,25.1,22.0,25.400000000000006,24.085714285714285,22.228571428571428,0.0,0.0,0.0,0.0,0.0,0.0,0.2357142857142857
2018-05-31,32.6,21.8,27.3,0.0,12.9,9,5,151,2,26.2,24.5,26.6,22.9,25.76666666666667,24.685714285714283,22.41428571428571,0.0,0.0,0.0,0.0,0.0,0.0,0.2357142857142857
2018-06-01,34.2,21.8,28.7,0.0,13.2,10,6,152,3,27.3,26.2,24.5,23.7,26.000000000000004,25.314285714285713,22.785714285714285,0.0,0.0,0.0,0.0,0.0,0.0,0.05714285714285715
2018-06-02,35.3,23.4,29.6,0.0,9.5,11,6,153,3,28.7,27.3,26.2,23.8,27.400000000000006,26.02857142857143,23.378571428571426,0.0,0.0,0.0,0.0,0.0,0.0,0.0
2018-06-03,36.8,22.2,30.7,0.0,13.7,13,6,154,3,29.6,28.7,27.3,25.1,28.533333333333342,26.857142857142858,24.164285714285715,0.0,0.0,0.0,0.0,0.0,0.0,0.0
2018-06-04,37.0,26.9,32.1,0.0,16.1,12,6,155,3,30.7,29.6,28.7,26.6,29.66666666666667,27.657142857142855,25.02857142857143,0.0,0.0,0.0,0.0,0.0,0.0,0.0
2018-06-05,36.8,23.1,31.5,0.0,13.8,11,6,156,3,32.1,30.7,29.6,24.5,30.800000000000008,28.442857142857143,25.95714285714286,0.0,0.0,0.0,0.0,0.0,0.0,0.0
2018-06-06,36.6,21.0,29.8,0.0,11.7,14,6,157,3,31.5,32.1,30.7,26.2,31.43333333333334,29.442857142857143,26.764285714285712,0.0,0.0,0.0,0.0,0.0,0.0,0.0
2018-06-07,36.9,20.1,29.7,0.0,12.2,23,6,158,3,29.8,31.5,32.1,27.3,31.13333333333334,29.95714285714286,27.321428571428573,0.0,0.0,0.0,0.0,0.0,0.0,0.0
2018-06-08,35.5,21.2,29.6,0.0,12.4,24,6,159,3,29.7,29.8,31.5,28.7,30.333333333333343,30.3,27.807142857142857,0.0,0.0,0.0,0.0,0.0,0.0,0.0
2018-06-09,31.6,20.7,27.1,0.0,17.3,21,6,160,3,29.6,29.7,29.8,29.6,29.700000000000006,30.428571428571427,28.22857142857143,0.0,0.0,0.0,0.0,0.0,0.0,0.0
2018-06-10,32.2,20.1,27.3,0.0,20.0,13,6,161,3,27.1,29.6,29.7,30.7,28.80000000000001,30.071428571428573,28.464285714285715,0.0,0.0,0.0,0.0,0.0,0.0,0.0
2018-06-11,33.5,21.6,28.6,0.0,21.1,14,6,162,3,27.3,27.1,29.6,32.1,28.00000000000001,29.585714285714285,28.62142857142857,0.0,0.0,0.0,0.0,0.0,0.0,0.0
2018-06-12,34.7,24.2,29.8,0.0,22.4,13,6,163,3,28.6,27.3,27.1,31.5,27.666666666666675,29.08571428571429,28.764285714285716,0.0,0.0,0.0,0.0,0.0,0.0,0.0
2018-06-13,35.3,24.6,30.3,0.0,18.6,11,6,164,3,29.8,28.6,27.3,29.8,28.566666666666674,28.842857142857145,29.142857142857142,0.0,0.0,0.0,0.0,0.0,0.0,0.0
2018-06-14,36.2,25.5,30.9,0.0,22.5,12,6,165,3,30.3,29.8,28.6,29.7,29.566666666666677,28.914285714285715,29.435714285714287,0.0,0.0,0.0,0.0,0.0,0.0,0.0
2018-06-15,32.9,24.6,28.5,0.0,23.7,12,6,166,3,30.9,30.3,29.8,29.6,30.33333333333334,29.08571428571429,29.692857142857147,0.0,0.0,0.0,0.0,0.0,0.0,0.0
2018-06-16,32.2,22.0,27.3,0.0,18.7,13,6,167,3,28.5,30.9,30.3,27.1,29.900000000000006,28.928571428571427,29.678571428571434,0.0,0.0,0.0,0.0,0.0,0.0,0.0
2018-06-17,34.0,23.7,29.3,0.0,17.9,11,6,168,3,27.3,28.5,30.9,27.3,28.900000000000006,28.957142857142856,29.514285714285712,0.0,0.0,0.0,0.0,0.0,0.0,0.0
2018-06-18,33.5,20.0,26.9,0.0,16.6,42,6,169,3,29.3,27.3,28.5,28.6,28.366666666666674,29.242857142857144,29.414285714285715,0.0,0.0,0.0,0.0,0.0,0.0,0.0
2018-06-19,33.3,18.8,26.7,0.0,16.6,38,6,170,3,26.9,29.3,27.3,29.8,27.83333333333334,29.0,29.042857142857144,0.0,0.0,0.0,0.0,0.0,0.0,0.0
2018-06-20,33.6,19.3,27.7,0.0,13.4,18,6,171,3,26.7,26.9,29.3,30.3,27.63333333333334,28.557142857142857,28.7,0.0,0.0,0.0,0.0,0.0,0.0,0.0
2018-06-21,34.8,20.0,28.3,0.0,19.2,24,6,172,3,27.7,26.7,26.9,30.9,27.10000000000001,28.185714285714283,28.55,0.0,0.0,0.0,0.0,0.0,0.0,0.0
2018-06-22,32.6,19.0,27.2,0.0,14.8,25,6,173,3,28.3,27.7,26.7,28.5,27.566666666666674,27.814285714285713,28.45,0.0,0.0,0.0,0.0,0.0,0.0,0.0
2018-06-23,32.7,19.0,27.2,0.0,11.6,10,6,174,3,27.2,28.3,27.7,27.3,27.733333333333338,27.628571428571426,28.278571428571432,0.0,0.0,0.0,0.0,0.0,0.0,0.0
2018-06-24,34.5,18.3,27.6,0.0,19.6,26,6,175,3,27.2,27.2,28.3,29.3,27.566666666666674,27.614285714285717,28.285714285714285,0.0,0.0,0.0,0.0,0.0,0.0,0.0
2018-06-25,34.3,19.4,28.0,0.0,14.7,22,6,176,3,27.6,27.2,27.2,26.9,27.333333333333343,27.37142857142857,28.307142857142857,0.0,0.0,0.0,0.0,0.0,0.0,0.0
2018-06-26,33.3,19.5,26.9,0.0,17.1,31,6,177,3,28.0,27.6,27.2,26.7,27.600000000000005,27.52857142857143,28.264285714285712,0.0,0.0,0.0,0.0,0.0,0.0,0.0
2018-06-27,32.2,18.7,25.6,0.0,20.8,46,6,178,3,26.9,28.0,27.6,27.7,27.50000000000001,27.557142857142857,28.057142857142857,0.0,0.0,0.0,0.0,0.0,0.0,0.0
2018-06-28,30.4,19.0,25.1,0.0,19.2,50,6,179,3,25.6,26.9,28.0,28.3,26.833333333333343,27.25714285714286,27.72142857142857,0.0,0.0,0.0,0.0,0.0,0.0,0.0
2018-06-29,32.8,19.3,26.4,0.0,18.5,48,6,180,3,25.1,25.6,26.9,27.2,25.866666666666674,26.8,27.307142857142853,0.0,0.0,0.0,0.0,0.0,0.0,0.0
2018-06-30,34.3,20.3,27.2,0.0,16.9,50,6,181,3,26.4,25.1,25.6,27.2,25.700000000000006,26.685714285714287,27.157142857142855,0.0,0.0,0.0,0.0,0.0,0.0,0.0
2018-07-01,35.6,20.8,29.0,0.0,13.6,39,7,182,3,27.2,26.4,25.1,27.6,26.233333333333338,26.685714285714283,27.150000000000002,0.0,0.0,0.0,0.0,0.0,0.0,0.0
2018-07-02,34.9,20.7,28.8,0.0,15.0,29,7,183,3,29.0,27.2,26.4,28.0,27.533333333333342,26.885714285714283,27.12857142857143,0.0,0.0,0.0,0.0,0.0,0.0,0.0
2018-07-03,35.4,22.4,29.5,0.0,13.4,12,7,184,3,28.8,29.0,27.2,26.9,28.333333333333343,27.0,27.264285714285712,0.0,0.0,0.0,0.0,0.0,0.0,0.0
2018-07-04,33.9,20.1,27.6,0.0,15.4,32,7,185,3,29.5,28.8,29.0,25.6,29.100000000000005,27.37142857142857,27.464285714285715,0.0,0.0,0.0,0.0,0.0,0.0,0.0
2018-07-05,30.8,19.4,25.2,0.0,14.2,57,7,186,3,27.6,29.5,28.8,25.1,28.63333333333334,27.657142857142855,27.457142857142856,0.0,0.0,0.0,0.0,0.0,0.0,0.0
2018-07-06,32.7,17.9,26.0,0.0,18.6,46,7,187,3,25.2,27.6,29.5,26.4,27.43333333333334,27.671428571428574,27.235714285714288,0.0,0.0,0.0,0.0,0.0,0.0,0.0
2018-07-07,33.9,18.7,27.1,0.0,14.0,35,7,188,3,26.0,25.2,27.6,27.2,26.266666666666676,27.614285714285717,27.150000000000002,0.0,0.0,0.0,0.0,0.0,0.0,0.0
2018-07-08,35.2,20.2,28.7,0.0,11.4,26,7,189,3,27.1,26.0,25.2,29.0,26.10000000000001,27.6,27.142857142857142,0.0,0.0,0.0,0.0,0.0,0.0,0.0
2018-07-09,36.1,20.4,29.5,0.0,11.0,25,7,190,3,28.7,27.1,26.0,28.8,27.26666666666667,27.557142857142857,27.221428571428568,0.0,0.0,0.0,0.0,0.0,0.0,0.0
2018-07-10,36.8,20.9,29.8,0.0,14.5,35,7,191,3,29.5,28.7,27.1,29.5,28.433333333333337,27.657142857142855,27.328571428571426,0.0,0.0,0.0,0.0,0.0,0.0,0.0
2018-07-11,37.1,21.5,30.1,0.0,13.8,34,7,192,3,29.8,29.5,28.7,27.6,29.333333333333343,27.7,27.535714285714285,0.0,0.0,0.0,0.0,0.0,0.0,0.0
2018-07-12,36.6,20.8,29.5,0.0,14.4,38,7,193,3,30.1,29.8,29.5,25.2,29.800000000000008,28.057142857142857,27.857142857142858,0.0,0.0,0.0,0.0,0.0,0.0,0.0
2018-07-13,36.1,21.7,29.2,0.0,15.3,40,7,194,3,29.5,30.1,29.8,26.0,29.800000000000008,28.67142857142857,28.171428571428574,0.0,0.0,0.0,0.0,0.0,0.0,0.0
2018-07-14,35.8,22.1,29.5,0.0,17.0,38,7,195,3,29.2,29.5,30.1,27.1,29.60000000000001,29.128571428571426,28.37142857142857,0.0,0.0,0.0,0.0,0.0,0.0,0.0
2018-07-15,36.3,22.7,29.5,0.0,16.3,40,7,196,3,29.5,29.2,29.5,28.7,29.400000000000006,29.47142857142857,28.535714285714285,0.0,0.0,0.0,0.0,0.0,0.0,0.0
2018-07-16,35.8,22.4,28.3,0.0,22.2,53,7,197,3,29.5,29.5,29.2,29.5,29.400000000000006,29.58571428571429,28.571428571428573,0.0,0.0,0.0,0.0,0.0,0.0,0.0
2018-07-17,35.9,21.9,28.0,0.0,17.9,56,7,198,3,28.3,29.5,29.5,29.8,29.10000000000001,29.414285714285715,28.535714285714285,0.0,0.0,0.0,0.0,0.0,0.0,0.0
2018-07-18,36.1,22.0,28.0,0.0,22.0,57,7,199,3,28.0,28.3,29.5,30.1,28.60000000000001,29.157142857142855,28.428571428571427,0.0,0.0,0.0,0.0,0.0,0.0,0.0
2018-07-19,35.9,21.8,28.4,0.0,15.2,52,7,200,3,28.0,28.0,28.3,29.5,28.10000000000001,28.857142857142858,28.45714285714286,0.0,0.0,0.0,0.0,0.0,0.0,0.0
2018-07-20,36.5,21.5,28.4,0.0,17.3,50,7,201,3,28.4,28.0,28.0,29.2,28.13333333333334,28.7,28.685714285714283,0.0,0.0,0.0,0.0,0.0,0.0,0.0
2018-07-21,36.1,21.8,28.7,0.0,17.0,48,7,202,3,28.4,28.4,28.0,29.5,28.266666666666676,28.585714285714285,28.857142857142858,0.0,0.0,0.0,0.0,0.0,0.0,0.0
2018-07-22,36.4,21.3,29.2,0.0,13.8,42,7,203,3,28.7,28.4,28.4,29.5,28.50000000000001,28.47142857142857,28.97142857142857,0.0,0.0,0.0,0.0,0.0,0.0,0.0
2018-07-23,36.1,20.2,28.6,0.0,16.1,47,7,204,3,29.2,28.7,28.4,28.3,28.76666666666667,28.428571428571427,29.00714285714286,0.0,0.0,0.0,0.0,0.0,0.0,0.0
2018-07-24,36.0,21.9,28.3,0.0,19.9,55,7,205,3,28.6,29.2,28.7,28.0,28.833333333333343,28.47142857142857,28.942857142857147,0.0,0.0,0.0,0.0,0.0,0.0,0.0
2018-07-25,37.1,21.8,30.0,0.0,12.7,39,7,206,3,28.3,28.6,29.2,28.0,28.700000000000006,28.514285714285712,28.835714285714285,0.0,0.0,0.0,0.0,0.0,0.0,0.0
2018-07-26,35.5,23.4,29.8,0.0,14.1,31,7,207,3,30.0,28.3,28.6,28.4,28.966666666666672,28.8,28.828571428571426,0.0,0.0,0.0,0.0,0.0,0.0,0.0
2018-07-27,34.8,20.6,28.2,0.0,16.1,44,7,208,3,29.8,30.0,28.3,28.4,29.366666666666674,29.0,28.849999999999998,0.0,0.0,0.0,0.0,0.0,0.0,0.0
2018-07-28,33.6,21.1,27.5,0.0,12.4,41,7,209,3,28.2,29.8,30.0,28.7,29.333333333333343,28.971428571428568,28.77857142857143,0.0,0.0,0.0,0.0,0.0,0.0,0.0
2018-07-29,32.6,18.4,26.4,0.0,13.5,36,7,210,3,27.5,28.2,29.8,29.2,28.50000000000001,28.8,28.635714285714283,0.0,0.0,0.0,0.0,0.0,0.0,0.0
2018-07-30,32.3,17.5,26.0,0.0,10.6,38,7,211,3,26.4,27.5,28.2,28.6,27.366666666666674,28.400000000000002,28.414285714285715,0.0,0.0,0.0,0.0,0.0,0.0,0.0
2018-07-31,32.6,18.6,26.4,0.0,12.2,26,7,212,3,26.0,26.4,27.5,28.3,26.63333333333334,28.02857142857143,28.25,0.0,0.0,0.0,0.0,0.0,0.0,0.0
2018-08-01,33.7,20.4,27.6,0.0,10.9,12,8,213,3,26.4,26.0,26.4,30.0,26.26666666666667,27.75714285714286,28.135714285714283,0.0,0.0,0.0,0.0,0.0,0.0,0.0
2018-08-02,34.6,19.6,27.4,0.0,12.5,30,8,214,3,27.6,26.4,26.0,29.8,26.666666666666675,27.414285714285715,28.107142857142858,0.0,0.0,0.0,0.0,0.0,0.0,0.0
2018-08-03,34.4,19.9,28.2,0.0,11.1,33,8,215,3,27.4,27.6,26.4,28.2,27.13333333333334,27.071428571428573,28.035714285714285,0.0,0.0,0.0,0.0,0.0,0.0,0.0
2018-08-04,34.9,23.3,29.7,0.0,15.0,13,8,216,3,28.2,27.4,27.6,27.5,27.733333333333338,27.071428571428573,28.02142857142857,0.0,0.0,0.0,0.0,0.0,0.0,0.0
2018-08-05,35.5,24.8,30.1,0.0,13.4,12,8,217,3,29.7,28.2,27.4,26.4,28.433333333333337,27.385714285714283,28.092857142857138,0.0,0.0,0.0,0.0,0.0,0.0,0.0
2018-08-06,35.2,22.9,29.5,0.0,12.5,14,8,218,3,30.1,29.7,28.2,26.0,29.333333333333343,27.914285714285715,28.157142857142855,0.0,0.0,0.0,0.0,0.0,0.0,0.0
2018-08-07,36.8,20.4,28.2,0.0,17.4,41,8,219,3,29.5,30.1,29.7,26.4,29.76666666666667,28.414285714285715,28.221428571428568,0.0,0.0,0.0,0.0,0.0,0.0,0.0
2018-08-08,35.2,21.2,27.4,0.0,15.8,56,8,220,3,28.2,29.5,30.1,27.6,29.266666666666676,28.67142857142857,28.214285714285715,0.0,0.0,0.0,0.0,0.0,0.0,0.0
2018-08-09,33.6,21.5,26.6,0.0,18.1,61,8,221,3,27.4,28.2,29.5,27.4,28.366666666666674,28.642857142857142,28.028571428571432,0.0,0.0,0.0,0.0,0.0,0.0,0.0
2018-08-10,34.1,20.8,27.8,0.0,13.6,51,8,222,3,26.6,27.4,28.2,28.2,27.400000000000006,28.52857142857143,27.8,0.0,0.0,0.0,0.0,0.0,0.0,0.0
2018-08-11,34.9,24.0,29.7,0.0,15.6,28,8,223,3,27.8,26.6,27.4,29.7,27.26666666666667,28.47142857142857,27.771428571428572,0.0,0.0,0.0,0.0,0.0,0.0,0.0
2018-08-12,35.6,23.8,30.4,0.0,14.8,14,8,224,3,29.7,27.8,26.6,30.1,28.033333333333342,28.47142857142857,27.928571428571427,0.0,0.0,0.0,0.0,0.0,0.0,0.0
2018-08-13,34.5,22.9,28.9,0.0,13.6,18,8,225,3,30.4,29.7,27.8,29.5,29.300000000000008,28.514285714285712,28.214285714285715,0.0,0.0,0.0,0.0,0.0,0.0,0.0
2018-08-14,34.7,22.5,29.1,0.0,12.9,20,8,226,3,28.9,30.4,29.7,28.2,29.66666666666667,28.428571428571427,28.42142857142857,0.0,0.0,0.0,0.0,0.0,0.0,0.0
2018-08-15,34.5,21.4,28.5,0.0,12.7,23,8,227,3,29.1,28.9,30.4,27.4,29.466666666666672,28.557142857142857,28.614285714285717,0.0,0.0,0.0,0.0,0.0,0.0,0.0
2018-08-16,34.9,20.2,27.0,0.0,19.7,56,8,228,3,28.5,29.1,28.9,26.6,28.833333333333343,28.714285714285715,28.678571428571427,0.0,0.0,0.0,0.0,0.0,0.0,0.0
2018-08-17,35.0,19.1,27.0,0.0,13.1,52,8,229,3,27.0,28.5,29.1,27.8,28.200000000000006,28.771428571428572,28.650000000000002,0.0,0.0,0.0,0.0,0.0,0.0,0.0
2018-08-18,34.7,19.9,27.0,0.0,14.4,54,8,230,3,27.0,27.0,28.5,29.7,27.50000000000001,28.657142857142855,28.564285714285717,0.0,0.0,0.0,0.0,0.0,0.0,0.0
2018-08-19,34.4,20.0,27.4,0.0,12.1,53,8,231,3,27.0,27.0,27.0,30.4,27.0,28.271428571428572,28.371428571428574,0.0,0.0,0.0,0.0,0.0,0.0,0.0
2018-08-20,35.1,20.0,27.7,0.0,13.7,50,8,232,3,27.4,27.0,27.0,28.9,27.13333333333334,27.842857142857145,28.178571428571427,0.0,0.0,0.0,0.0,0.0,0.0,0.0
2018-08-21,35.5,20.1,28.2,0.0,15.9,43,8,233,3,27.7,27.4,27.0,29.1,27.366666666666674,27.67142857142857,28.05,0.0,0.0,0.0,0.0,0.0,0.0,0.0
2018-08-22,34.4,19.5,27.3,0.0,15.3,43,8,234,3,28.2,27.7,27.4,28.5,27.766666666666676,27.54285714285714,28.05,0.0,0.0,0.0,0.0,0.0,0.0,0.0
2018-08-23,33.1,20.5,27.0,0.0,12.7,18,8,235,3,27.3,28.2,27.7,27.0,27.733333333333338,27.37142857142857,28.04285714285714,0.0,0.0,0.0,0.0,0.0,0.0,0.0
2018-08-24,33.2,20.3,27.3,0.0,13.7,15,8,236,3,27.0,27.3,28.2,27.0,27.50000000000001,27.37142857142857,28.071428571428573,0.0,0.0,0.0,0.0,0.0,0.0,0.0
2018-08-25,32.5,21.8,27.1,0.0,12.5,12,8,237,3,27.3,27.0,27.3,27.0,27.200000000000006,27.414285714285715,28.035714285714285,0.0,0.0,0.0,0.0,0.0,0.0,0.0
2018-08-26,31.3,17.8,25.3,0.0,12.0,14,8,238,3,27.1,27.3,27.0,27.4,27.13333333333334,27.428571428571427,27.85,0.0,0.0,0.0,0.0,0.0,0.0,0.0
2018-08-27,30.7,17.1,24.2,0.0,21.0,54,8,239,3,25.3,27.1,27.3,27.7,26.566666666666674,27.128571428571426,27.485714285714284,0.0,0.0,0.0,0.0,0.0,0.0,0.0
2018-08-28,32.1,17.7,25.2,0.0,10.9,47,8,240,3,24.2,25.3,27.1,28.2,25.533333333333342,26.62857142857143,27.150000000000002,0.0,0.0,0.0,0.0,0.0,0.0,0.0
2018-08-29,33.6,18.8,26.5,0.0,12.7,40,8,241,3,25.2,24.2,25.3,27.3,24.900000000000006,26.2,26.87142857142857,0.0,0.0,0.0,0.0,0.0,0.0,0.0
2018-08-30,33.2,18.6,26.6,0.0,12.7,32,8,242,3,26.5,25.2,24.2,27.0,25.300000000000008,26.085714285714285,26.728571428571428,0.0,0.0,0.0,0.0,0.0,0.0,0.0
2018-08-31,32.0,21.3,26.9,0.0,10.7,13,8,243,3,26.6,26.5,25.2,27.3,26.100000000000005,26.02857142857143,26.699999999999996,0.0,0.0,0.0,0.0,0.0,0.0,0.0
2018-09-01,31.7,21.7,26.8,0.0,14.4,13,9,244,4,26.9,26.6,26.5,27.1,26.666666666666675,25.971428571428568,26.692857142857143,0.0,0.0,0.0,0.0,0.0,0.0,0.0
2018-09-02,30.0,20.1,25.3,0.0,13.9,12,9,245,4,26.8,26.9,26.6,25.3,26.766666666666676,25.928571428571427,26.678571428571427,0.0,0.0,0.0,0.0,0.0,0.0,0.0
2018-09-03,29.1,18.6,23.9,0.0,13.0,13,9,246,4,25.3,26.8,26.9,24.2,26.333333333333343,25.928571428571427,26.52857142857143,0.0,0.0,0.0,0.0,0.0,0.0,0.0
2018-09-04,29.1,18.0,23.6,0.0,12.8,14,9,247,4,23.9,25.3,26.8,25.2,25.333333333333343,25.885714285714283,26.25714285714286,0.0,0.0,0.0,0.0,0.0,0.0,0.0
2018-09-05,28.0,17.1,22.8,0.0,13.5,12,9,248,4,23.6,23.9,25.3,26.5,24.266666666666676,25.657142857142862,25.928571428571427,0.0,0.0,0.0,0.0,0.0,0.0,0.0
2018-09-06,28.3,18.1,23.2,0.0,10.3,10,9,249,4,22.8,23.6,23.9,26.6,23.43333333333334,25.12857142857143,25.607142857142858,0.0,0.0,0.0,0.0,0.0,0.0,0.0
2018-09-07,30.7,18.5,24.5,0.0,13.0,11,9,250,4,23.2,22.8,23.6,26.9,23.200000000000006,24.642857142857142,25.33571428571429,0.0,0.0,0.0,0.0,0.0,0.0,0.0
2018-09-08,31.6,19.3,25.3,0.0,12.9,24,9,251,4,24.5,23.2,22.8,26.8,23.50000000000001,24.300000000000004,25.135714285714283,0.0,0.0,0.0,0.0,0.0,0.0,0.0
2018-09-09,32.2,18.5,25.4,0.0,13.7,28,9,252,4,25.3,24.5,23.2,25.3,24.333333333333343,24.085714285714285,25.007142857142856,0.0,0.0,0.0,0.0,0.0,0.0,0.0
2018-09-10,33.0,16.9,25.8,0.0,12.4,33,9,253,4,25.4,25.3,24.5,23.9,25.066666666666674,24.1,25.014285714285712,0.0,0.0,0.0,0.0,0.0,0.0,0.0
2018-09-11,33.4,20.0,27.0,0.0,11.2,22,9,254,4,25.8,25.4,25.3,23.6,25.50000000000001,24.371428571428574,25.128571428571426,0.0,0.0,0.0,0.0,0.0,0.0,0.0
2018-09-12,33.4,19.5,27.4,0.0,12.1,9,9,255,4,27.0,25.8,25.4,22.8,26.066666666666674,24.857142857142858,25.25714285714286,0.0,0.0,0.0,0.0,0.0,0.0,0.0
2018-09-13,33.4,23.4,28.0,0.0,12.8,7,9,256,4,27.4,27.0,25.8,23.2,26.733333333333338,25.514285714285712,25.321428571428573,0.0,0.0,0.0,0.0,0.0,0.0,0.0
2018-09-14,31.4,19.4,26.1,0.0,14.1,11,9,257,4,28.0,27.4,27.0,24.5,27.466666666666672,26.199999999999996,25.42142857142857,0.0,0.0,0.0,0.0,0.0,0.0,0.0
2018-09-15,28.5,14.9,22.3,0.0,12.4,36,9,258,4,26.1,28.0,27.4,25.3,27.166666666666675,26.428571428571427,25.364285714285717,0.0,0.0,0.0,0.0,0.0,0.0,0.0
2018-09-16,28.0,14.0,21.7,0.0,14.8,36,9,259,4,22.3,26.1,28.0,25.4,25.466666666666672,26.0,25.04285714285714,0.0,0.0,0.0,0.0,0.0,0.0,0.0
2018-09-17,28.4,16.7,23.0,0.0,10.9,13,9,260,4,21.7,22.3,26.1,25.8,23.366666666666674,25.47142857142857,24.785714285714285,0.0,0.0,0.0,0.0,0.0,0.0,0.0
2018-09-18,29.1,16.3,23.2,0.0,9.7,21,9,261,4,23.0,21.7,22.3,27.0,22.333333333333343,25.071428571428573,24.72142857142857,0.0,0.0,0.0,0.0,0.0,0.0,0.0
2018-09-19,29.7,19.4,24.3,0.0,9.3,9,9,262,4,23.2,23.0,21.7,27.4,22.63333333333334,24.52857142857143,24.692857142857143,0.0,0.0,0.0,0.0,0.0,0.0,0.0
2018-09-20,30.1,18.0,24.3,0.0,11.7,10,9,263,4,24.3,23.2,23.0,28.0,23.50000000000001,24.08571428571429,24.800000000000004,0.0,0.0,0.0,0.0,0.0,0.0,0.0
2018-09-21,29.4,15.7,22.5,0.0,15.5,34,9,264,4,24.3,24.3,23.2,26.1,23.93333333333334,23.557142857142857,24.878571428571426,0.0,0.0,0.0,0.0,0.0,0.0,0.0
2018-09-22,27.8,15.0,21.9,0.0,12.8,21,9,265,4,22.5,24.3,24.3,22.3,23.700000000000006,23.042857142857144,24.735714285714284,0.0,0.0,0.0,0.0,0.0,0.0,0.0
2018-09-23,26.2,13.6,20.4,0.0,11.8,19,9,266,4,21.9,22.5,24.3,21.7,22.900000000000006,22.985714285714288,24.492857142857144,0.0,0.0,0.0,0.0,0.0,0.0,0.0
2018-09-24,26.6,13.5,20.7,0.0,10.4,18,9,267,4,20.4,21.9,22.5,23.0,21.60000000000001,22.8,24.135714285714283,0.0,0.0,0.0,0.0,0.0,0.0,0.0
2018-09-25,27.1,14.0,21.4,0.0,9.8,15,9,268,4,20.7,20.4,21.9,23.2,21.000000000000007,22.47142857142857,23.771428571428572,0.0,0.0,0.0,0.0,0.0,0.0,0.0
2018-09-26,27.7,16.9,22.6,0.0,12.8,16,9,269,4,21.4,20.7,20.4,24.3,20.83333333333334,22.214285714285715,23.37142857142857,0.0,0.0,0.0,0.0,0.0,0.0,0.0
2018-09-27,26.7,17.2,22.7,0.0,10.9,26,9,270,4,22.6,21.4,20.7,24.3,21.566666666666674,21.971428571428568,23.02857142857143,0.0,0.0,0.0,0.0,0.0,0.0,0.0
2018-09-28,26.8,17.1,22.2,0.0,16.2,19,9,271,4,22.7,22.6,21.4,22.5,22.233333333333338,21.74285714285714,22.65,0.0,0.0,0.0,0.0,0.0,0.0,0.0
2018-09-29,26.1,17.0,21.3,0.0,9.4,18,9,272,4,22.2,22.7,22.6,21.9,22.50000000000001,21.7,22.371428571428574,0.0,0.0,0.0,0.0,0.0,0.0,0.0
2018-09-30,25.3,16.4,21.0,0.0,11.8,19,9,273,4,21.3,22.2,22.7,20.4,22.066666666666674,21.61428571428571,22.3,0.0,0.0,0.0,0.0,0.0,0.0,0.0
2018-10-01,24.4,16.0,20.2,0.0,9.1,17,10,274,4,21.0,21.3,22.2,20.7,21.500000000000004,21.699999999999996,22.25,0.0,0.0,0.0,0.0,0.0,0.0,0.0
2018-10-02,24.8,14.9,20.1,0.0,9.8,17,10,275,4,20.2,21.0,21.3,21.4,20.83333333333334,21.62857142857143,22.050000000000004,0.0,0.0,0.0,0.0,0.0,0.0,0.0
2018-10-03,25.0,14.8,19.8,0.0,10.8,18,10,276,4,20.1,20.2,21.0,22.6,20.43333333333334,21.442857142857143,21.828571428571426,0.0,0.0,0.0,0.0,0.0,0.0,0.0
2018-10-04,24.6,11.9,19.1,0.0,16.9,25,10,277,4,19.8,20.1,20.2,22.7,20.033333333333342,21.042857142857144,21.507142857142856,0.0,0.0,0.0,0.0,0.0,0.0,0.0
2018-10-05,24.9,11.6,18.8,0.0,16.2,28,10,278,4,19.1,19.8,20.1,22.2,19.666666666666675,20.52857142857143,21.13571428571429,0.0,0.0,0.0,0.0,0.0,0.0,0.0
2018-10-06,25.4,13.7,19.9,0.0,17.1,23,10,279,4,18.8,19.1,19.8,21.3,19.23333333333334,20.042857142857144,20.871428571428574,0.0,0.0,0.0,0.0,0.0,0.0,0.0
2018-10-07,26.0,16.7,21.0,0.0,16.4,23,10,280,4,19.9,18.8,19.1,21.0,19.266666666666673,19.842857142857145,20.728571428571428,0.0,0.0,0.0,0.0,0.0,0.0,0.0
2018-10-08,20.9,12.3,17.2,0.0,17.7,36,10,281,4,21.0,19.9,18.8,20.2,19.900000000000006,19.842857142857145,20.771428571428572,0.0,0.0,0.0,0.0,0.0,0.0,0.0
2018-10-09,20.4,9.0,14.4,0.0,11.2,34,10,282,4,17.2,21.0,19.9,20.1,19.366666666666674,19.414285714285715,20.521428571428572,0.0,0.0,0.0,0.0,0.0,0.0,0.0
2018-10-10,19.9,9.2,14.3,0.0,11.5,29,10,283,4,14.4,17.2,21.0,19.8,17.533333333333342,18.599999999999998,20.02142857142857,0.0,0.0,0.0,0.0,0.0,0.0,0.0
2018-10-11,20.3,8.7,14.7,0.0,10.0,18,10,284,4,14.3,14.4,17.2,19.1,15.300000000000006,17.814285714285713,19.428571428571427,0.0,0.0,0.0,0.0,0.0,0.0,0.0
2018-10-12,22.1,10.4,16.2,0.0,7.6,19,10,285,4,14.7,14.3,14.4,18.8,14.466666666666674,17.185714285714287,18.857142857142858,0.0,0.0,0.0,0.0,0.0,0.0,0.0
2018-10-13,21.9,10.1,16.2,0.0,9.7,19,10,286,4,16.2,14.7,14.3,19.9,15.066666666666675,16.814285714285713,18.428571428571427,0.0,0.0,0.0,0.0,0.0,0.0,0.0
2018-10-14,20.7,12.9,16.4,0.0,15.0,23,10,287,4,16.2,16.2,14.7,21.0,15.700000000000008,16.285714285714285,18.064285714285713,0.0,0.0,0.0,0.0,0.0,0.0,0.0
2018-10-15,20.3,10.2,15.3,0.0,14.0,28,10,288,4,16.4,16.2,16.2,17.2,16.266666666666676,15.62857142857143,17.735714285714284,0.0,0.0,0.0,0.0,0.0,0.0,0.0
2018-10-16,20.5,11.6,15.9,0.0,18.8,36,10,289,4,15.3,16.4,16.2,14.4,15.966666666666674,15.357142857142858,17.385714285714286,0.0,0.0,0.0,0.0,0.0,0.0,0.0
2018-10-17,19.3,11.0,15.1,0.0,17.2,31,10,290,4,15.9,15.3,16.4,14.3,15.866666666666674,15.571428571428571,17.085714285714285,0.0,0.0,0.0,0.0,0.0,0.0,0.0
2018-10-18,18.9,10.5,14.4,0.0,13.2,29,10,291,4,15.1,15.9,15.3,14.7,15.433333333333342,15.685714285714285,16.75,0.0,0.0,0.0,0.0,0.0,0.0,0.0
2018-10-19,18.3,9.9,14.0,0.0,14.8,29,10,292,4,14.4,15.1,15.9,16.2,15.13333333333334,15.642857142857142,16.414285714285715,0.0,0.0,0.0,0.0,0.0,0.0,0.0
2018-10-20,18.2,10.1,14.0,0.0,10.0,25,10,293,4,14.0,14.4,15.1,16.2,14.500000000000007,15.328571428571431,16.071428571428573,0.0,0.0,0.0,0.0,0.0,0.0,0.0
2018-10-21,19.5,9.8,14.6,0.0,9.1,22,10,294,4,14.0,14.0,14.4,16.4,14.13333333333334,15.014285714285716,15.65,0.0,0.0,0.0,0.0,0.0,0.0,0.0
2018-10-22,21.4,11.9,16.3,0.0,18.4,25,10,295,4,14.6,14.0,14.0,15.3,14.200000000000008,14.757142857142856,15.192857142857141,0.0,0.0,0.0,0.0,0.0,0.0,0.0
2018-10-23,21.4,12.0,17.2,0.0,14.6,30,10,296,4,16.3,14.6,14.0,15.9,14.966666666666674,14.9,15.12857142857143,0.0,0.0,0.0,0.0,0.0,0.0,0.0
2018-10-24,21.6,12.4,17.2,0.1,12.4,35,10,297,4,17.2,16.3,14.6,15.1,16.033333333333342,15.085714285714285,15.328571428571427,0.0,0.0,0.0,0.0,0.0,0.0,0.0
2018-10-25,22.2,9.9,16.6,0.0,12.0,39,10,298,4,17.2,17.2,16.3,14.4,16.900000000000006,15.385714285714286,15.535714285714283,0.1,0.0,0.0,0.0,0.03333333333333363,0.01428571428571397,0.0071428571428571435
2018-10-26,23.1,10.3,16.6,0.2,15.4,51,10,299,4,16.6,17.2,17.2,14.0,17.00000000000001,15.7,15.671428571428573,0.0,0.1,0.0,0.0,0.03333333333333363,0.01428571428571397,0.0071428571428571435
2018-10-27,23.3,11.2,17.9,0.0,10.2,42,10,300,4,16.6,16.6,17.2,14.0,16.800000000000008,16.071428571428573,15.700000000000001,0.2,0.0,0.1,0.0,0.10000000000000031,0.042857142857142545,0.021428571428571432
2018-10-28,23.7,13.4,19.0,0.0,11.5,30,10,301,4,17.9,16.6,16.6,14.6,17.033333333333342,16.628571428571426,15.821428571428571,0.0,0.2,0.0,0.0,0.06666666666666697,0.042857142857142545,0.021428571428571432
2018-10-29,23.8,14.6,19.4,0.0,10.9,30,10,302,4,19.0,17.9,16.6,16.3,17.833333333333343,17.257142857142856,16.00714285714286,0.0,0.0,0.2,0.0,0.06666666666666697,0.042857142857142545,0.021428571428571432
2018-10-30,23.5,15.0,19.0,0.0,12.4,31,10,303,4,19.4,19.0,17.9,17.2,18.76666666666667,17.7,16.3,0.0,0.0,0.0,0.0,0.0,0.042857142857142545,0.021428571428571432
2018-10-31,23.6,11.6,17.3,0.1,12.9,45,10,304,4,19.0,19.4,19.0,17.2,19.13333333333334,17.95714285714286,16.52142857142857,0.0,0.0,0.0,0.1,0.0,0.042857142857142545,0.021428571428571432
2018-11-01,16.1,9.2,13.0,0.0,13.7,57,11,305,4,17.3,19.0,19.4,16.6,18.566666666666674,17.97142857142857,16.678571428571427,0.1,0.0,0.0,0.0,0.03333333333333363,0.042857142857142545,0.028571428571428574
2018-11-02,15.3,7.0,10.3,0.0,14.4,49,11,306,4,13.0,17.3,19.0,16.6,16.43333333333334,17.45714285714286,16.57857142857143,0.0,0.1,0.0,0.2,0.03333333333333363,0.042857142857142545,0.028571428571428574
2018-11-03,13.4,5.4,8.5,0.0,12.9,46,11,307,4,10.3,13.0,17.3,17.9,13.53333333333334,16.557142857142857,16.314285714285713,0.0,0.0,0.1,0.0,0.03333333333333363,0.01428571428571397,0.028571428571428574
2018-11-04,15.5,4.2,9.2,0.0,8.7,35,11,308,4,8.5,10.3,13.0,19.0,10.600000000000007,15.214285714285714,15.921428571428573,0.0,0.0,0.0,0.0,0.0,0.01428571428571397,0.028571428571428574
2018-11-05,16.1,6.1,11.0,0.0,9.0,21,11,309,4,9.2,8.5,10.3,19.4,9.333333333333341,13.814285714285715,15.535714285714286,0.0,0.0,0.0,0.0,0.0,0.01428571428571397,0.028571428571428574
2018-11-06,19.8,9.0,14.0,0.0,9.3,12,11,310,4,11.0,9.2,8.5,19.0,9.566666666666674,12.614285714285714,15.157142857142857,0.0,0.0,0.0,0.0,0.0,0.01428571428571397,0.028571428571428574
2018-11-07,20.4,11.3,15.7,0.0,10.2,8,11,311,4,14.0,11.0,9.2,17.3,11.400000000000006,11.9,14.928571428571429,0.0,0.0,0.0,0.1,0.0,0.01428571428571397,0.028571428571428574
2018-11-08,20.3,11.6,15.8,0.0,9.0,13,11,312,4,15.7,14.0,11.0,13.0,13.566666666666672,11.671428571428573,14.821428571428571,0.0,0.0,0.0,0.0,0.0,0.0,0.021428571428571432
2018-11-09,20.7,12.0,16.3,0.0,10.1,23,11,313,4,15.8,15.7,14.0,10.3,15.166666666666673,12.071428571428571,14.764285714285714,0.0,0.0,0.0,0.0,0.0,0.0,0.021428571428571432
2018-11-10,20.7,9.0,15.4,0.0,12.7,33,11,314,4,16.3,15.8,15.7,8.5,15.933333333333342,12.928571428571429,14.742857142857144,0.0,0.0,0.0,0.0,0.0,0.0,0.0071428571428571435
2018-11-11,19.9,11.3,15.6,0.0,11.8,34,11,315,4,15.4,16.3,15.8,9.2,15.833333333333341,13.914285714285715,14.564285714285713,0.0,0.0,0.0,0.0,0.0,0.0,0.0071428571428571435
2018-11-12,19.3,10.9,15.0,0.0,15.8,42,11,316,4,15.6,15.4,16.3,11.0,15.766666666666675,14.828571428571427,14.321428571428571,0.0,0.0,0.0,0.0,0.0,0.0,0.0071428571428571435
2018-11-13,16.0,10.0,13.2,0.1,16.9,48,11,317,4,15.0,15.6,15.4,14.0,15.333333333333341,15.4,14.007142857142858,0.0,0.0,0.0,0.0,0.0,0.0,0.0071428571428571435
2018-11-14,15.0,8.1,11.0,0.0,18.4,45,11,318,4,13.2,15.0,15.6,15.7,14.600000000000009,15.285714285714286,13.592857142857143,0.1,0.0,0.0,0.0,0.03333333333333363,0.01428571428571397,0.014285714285714287
2018-11-15,16.2,7.8,11.5,0.0,10.7,31,11,319,4,11.0,13.2,15.0,15.8,13.066666666666672,14.614285714285714,13.142857142857142,0.0,0.1,0.0,0.0,0.03333333333333363,0.01428571428571397,0.0071428571428571435
2018-11-16,18.0,8.8,13.0,0.0,16.1,31,11,320,4,11.5,11.0,13.2,16.3,11.900000000000006,14.0,13.035714285714286,0.0,0.0,0.1,0.0,0.03333333333333363,0.01428571428571397,0.0071428571428571435
2018-11-17,18.6,9.5,13.6,0.0,16.9,38,11,321,4,13.0,11.5,11.0,15.4,11.833333333333341,13.528571428571428,13.228571428571428,0.0,0.0,0.0,0.0,0.0,0.01428571428571397,0.0071428571428571435
2018-11-18,17.2,9.5,13.2,0.0,16.6,43,11,322,4,13.6,13.0,11.5,15.6,12.700000000000008,13.27142857142857,13.592857142857142,0.0,0.0,0.0,0.0,0.0,0.01428571428571397,0.0071428571428571435
2018-11-19,16.1,7.5,12.2,0.0,9.2,39,11,323,4,13.2,13.6,13.0,15.0,13.266666666666673,12.928571428571429,13.87857142857143,0.0,0.0,0.0,0.0,0.0,0.01428571428571397,0.0071428571428571435
2018-11-20,16.5,8.2,11.9,0.0,8.0,29,11,324,4,12.2,13.2,13.6,13.2,13.000000000000007,12.528571428571428,13.964285714285714,0.0,0.0,0.0,0.1,0.0,0.01428571428571397,0.0071428571428571435
2018-11-21,19.3,6.7,13.0,0.3,11.5,27,11,325,4,11.9,12.2,13.2,11.0,12.433333333333339,12.342857142857143,13.814285714285715,0.0,0.0,0.0,0.0,0.0,0.0,0.0071428571428571435
2018-11-22,14.0,8.9,11.3,8.0,12.7,65,11,326,4,13.0,11.9,12.2,11.5,12.366666666666674,12.62857142857143,13.621428571428572,0.3,0.0,0.0,0.0,0.1000000000000003,0.04285714285714254,0.028571428571428574
2018-11-23,17.7,6.1,11.8,0.0,12.1,57,11,327,4,11.3,13.0,11.9,13.0,12.066666666666672,12.6,13.299999999999999,8.0,0.3,0.0,0.0,2.766666666666667,1.1857142857142853,0.6
2018-11-24,17.9,7.7,13.2,0.0,10.2,45,11,328,4,11.8,11.3,13.0,13.6,12.03333333333334,12.428571428571429,12.978571428571428,0.0,8.0,0.3,0.0,2.766666666666667,1.1857142857142853,0.6
2018-11-25,17.8,9.9,13.3,0.0,6.0,36,11,329,4,13.2,11.8,11.3,13.2,12.100000000000009,12.371428571428572,12.821428571428571,0.0,0.0,8.0,0.0,2.6666666666666665,1.1857142857142853,0.6
2018-11-26,20.8,7.8,13.2,0.0,12.8,38,11,330,4,13.3,13.2,11.8,12.2,12.766666666666675,12.385714285714286,12.657142857142857,0.0,0.0,0.0,0.0,0.0,1.1857142857142853,0.6
2018-11-27,17.9,8.5,12.9,0.0,9.3,51,11,331,4,13.2,13.3,13.2,11.9,13.23333333333334,12.528571428571428,12.528571428571427,0.0,0.0,0.0,0.0,0.0,1.1857142857142853,0.6
2018-11-28,16.4,6.0,11.4,0.0,10.8,55,11,332,4,12.9,13.2,13.3,13.0,13.13333333333334,12.671428571428573,12.507142857142856,0.0,0.0,0.0,0.3,0.0,1.1857142857142853,0.5928571428571429
2018-11-29,16.5,8.1,11.8,0.0,10.2,41,11,333,4,11.4,12.9,13.2,11.3,12.500000000000007,12.442857142857141,12.535714285714286,0.0,0.0,0.0,8.0,0.0,1.1428571428571426,0.5928571428571429
2018-11-30,15.8,7.2,10.9,0.0,9.1,38,11,334,4,11.8,11.4,12.9,11.8,12.03333333333334,12.514285714285714,12.557142857142859,0.0,0.0,0.0,0.0,0.0,0.0,0.5928571428571429
2018-12-01,15.1,6.6,10.0,0.0,9.8,36,12,335,1,10.9,11.8,11.4,13.2,11.366666666666674,12.385714285714286,12.407142857142857,0.0,0.0,0.0,0.0,0.0,0.0,0.5928571428571429
2018-12-02,14.2,5.8,9.5,0.0,5.7,41,12,336,1,10.0,10.9,11.8,13.3,10.900000000000007,11.928571428571429,12.15,0.0,0.0,0.0,0.0,0.0,0.0,0.5928571428571429
2018-12-03,16.8,4.6,10.3,0.0,9.8,38,12,337,1,9.5,10.0,10.9,13.2,10.13333333333334,11.385714285714286,11.885714285714284,0.0,0.0,0.0,0.0,0.0,0.0,0.5928571428571429
2018-12-04,15.2,6.1,10.4,0.0,9.3,36,12,338,1,10.3,9.5,10.0,12.9,9.933333333333342,10.971428571428572,11.75,0.0,0.0,0.0,0.0,0.0,0.0,0.5928571428571429
2018-12-05,13.2,5.7,9.1,0.0,11.5,37,12,339,1,10.4,10.3,9.5,11.4,10.066666666666675,10.614285714285714,11.642857142857142,0.0,0.0,0.0,0.0,0.0,0.0,0.5928571428571429
2018-12-06,15.5,5.9,9.9,0.0,8.6,35,12,340,1,9.1,10.4,10.3,11.8,9.933333333333342,10.285714285714286,11.364285714285714,0.0,0.0,0.0,0.0,0.0,0.0,0.5714285714285714
2018-12-07,17.4,2.1,9.9,0.0,9.5,39,12,341,1,9.9,9.1,10.4,10.9,9.800000000000006,10.014285714285716,11.264285714285716,0.0,0.0,0.0,0.0,0.0,0.0,0.0
2018-12-08,16.5,5.1,10.6,0.8,10.9,56,12,342,1,9.9,9.9,9.1,10.0,9.63333333333334,9.87142857142857,11.12857142857143,0.0,0.0,0.0,0.0,0.0,0.0,0.0
2018-12-09,15.0,4.7,10.0,4.9,10.6,62,12,343,1,10.6,9.9,9.9,9.5,10.13333333333334,9.957142857142857,10.942857142857145,0.8,0.0,0.0,0.0,0.266666666666667,0.11428571428571403,0.05714285714285715
2018-12-10,11.2,5.5,8.1,0.0,15.6,47,12,344,1,10.0,10.6,9.9,10.3,10.166666666666673,10.028571428571428,10.707142857142857,4.9,0.8,0.0,0.0,1.9000000000000004,0.8142857142857141,0.40714285714285714
2018-12-11,10.1,2.3,6.3,0.0,12.1,46,12,345,1,8.1,10.0,10.6,10.4,9.566666666666675,9.714285714285714,10.342857142857143,0.0,4.9,0.8,0.0,1.9000000000000004,0.8142857142857141,0.40714285714285714
2018-12-12,9.4,0.6,5.8,0.0,12.4,45,12,346,1,6.3,8.1,10.0,9.1,8.13333333333334,9.128571428571428,9.871428571428572,0.0,0.0,4.9,0.0,1.6333333333333337,0.8142857142857141,0.40714285714285714
2018-12-13,10.5,1.0,6.2,0.0,7.1,38,12,347,1,5.8,6.3,8.1,9.9,6.7333333333333405,8.657142857142857,9.471428571428572,0.0,0.0,0.0,0.0,0.0,0.8142857142857141,0.40714285714285714
2018-12-14,12.3,3.0,7.6,0.0,8.0,30,12,348,1,6.2,5.8,6.3,9.9,6.100000000000008,8.12857142857143,9.071428571428571,0.0,0.0,0.0,0.0,0.0,0.8142857142857141,0.40714285714285714
2018-12-15,13.2,2.2,8.0,0.0,8.7,25,12,349,1,7.6,6.2,5.8,10.6,6.533333333333339,7.799999999999999,8.835714285714285,0.0,0.0,0.0,0.8,0.0,0.8142857142857141,0.40714285714285714
2018-12-16,14.3,2.2,9.3,0.0,8.3,21,12,350,1,8.0,7.6,6.2,10.0,7.266666666666673,7.428571428571429,8.692857142857143,0.0,0.0,0.0,4.9,0.0,0.6999999999999998,0.40714285714285714
2018-12-17,13.3,6.3,9.3,0.0,6.5,20,12,351,1,9.3,8.0,7.6,8.1,8.300000000000006,7.328571428571429,8.678571428571429,0.0,0.0,0.0,0.0,0.0,0.0,0.40714285714285714
2018-12-18,15.7,7.9,11.0,0.0,6.9,17,12,352,1,9.3,9.3,8.0,6.3,8.866666666666674,7.5,8.607142857142858,0.0,0.0,0.0,0.0,0.0,0.0,0.40714285714285714
2018-12-19,13.7,6.0,9.1,0.0,10.5,20,12,353,1,11.0,9.3,9.3,5.8,9.866666666666674,8.171428571428573,8.65,0.0,0.0,0.0,0.0,0.0,0.0,0.40714285714285714
2018-12-20,11.0,3.8,7.2,0.0,6.9,32,12,354,1,9.1,11.0,9.3,6.2,9.800000000000006,8.642857142857142,8.65,0.0,0.0,0.0,0.0,0.0,0.0,0.40714285714285714
2018-12-21,12.3,4.1,7.5,0.0,6.6,35,12,355,1,7.2,9.1,11.0,7.6,9.100000000000007,8.785714285714286,8.457142857142857,0.0,0.0,0.0,0.0,0.0,0.0,0.40714285714285714
2018-12-22,14.9,3.7,8.6,0.0,10.4,29,12,356,1,7.5,7.2,9.1,8.0,7.93333333333334,8.771428571428572,8.285714285714286,0.0,0.0,0.0,0.0,0.0,0.0,0.40714285714285714
2018-12-23,11.0,1.2,6.4,0.0,12.6,39,12,357,1,8.6,7.5,7.2,9.3,7.766666666666673,8.857142857142858,8.142857142857142,0.0,0.0,0.0,0.0,0.0,0.0,0.35000000000000003
2018-12-24,9.6,0.8,5.6,0.0,12.8,38,12,358,1,6.4,8.6,7.5,9.3,7.500000000000007,8.442857142857143,7.885714285714285,0.0,0.0,0.0,0.0,0.0,0.0,0.0
2018-12-25,10.1,3.5,6.1,0.0,10.2,30,12,359,1,5.6,6.4,8.6,11.0,6.866666666666674,7.914285714285713,7.707142857142857,0.0,0.0,0.0,0.0,0.0,0.0,0.0
2018-12-26,7.4,0.1,4.4,0.8,16.0,47,12,360,1,6.1,5.6,6.4,9.1,6.033333333333339,7.2142857142857135,7.692857142857143,0.0,0.0,0.0,0.0,0.0,0.0,0.0
2018-12-27,9.5,0.7,5.0,0.0,5.9,40,12,361,1,4.4,6.1,5.6,7.2,5.366666666666673,6.542857142857143,7.592857142857143,0.8,0.0,0.0,0.0,0.266666666666667,0.11428571428571403,0.05714285714285715
2018-12-28,14.3,5.6,9.1,0.0,8.0,24,12,362,1,5.0,4.4,6.1,7.5,5.166666666666673,6.228571428571428,7.507142857142858,0.0,0.8,0.0,0.0,0.266666666666667,0.11428571428571403,0.05714285714285715
2018-12-29,17.0,5.9,10.8,0.0,7.3,24,12,363,1,9.1,5.0,4.4,8.6,6.166666666666674,6.457142857142856,7.614285714285714,0.0,0.0,0.8,0.0,0.266666666666667,0.11428571428571403,0.05714285714285715
2018-12-30,16.1,6.2,11.1,0.0,6.6,30,12,364,1,10.8,9.1,5.0,6.4,8.300000000000006,6.771428571428571,7.814285714285714,0.0,0.0,0.0,0.0,0.0,0.11428571428571403,0.05714285714285715
2018-12-31,15.5,5.1,10.5,0.0,6.9,36,12,365,1,11.1,10.8,9.1,5.6,10.333333333333341,7.442857142857142,7.942857142857143,0.0,0.0,0.0,0.0,0.0,0.11428571428571403,0.05714285714285715
2019-01-01,11.1,4.8,8.3,4.0,15.5,60,1,1,1,10.5,11.1,10.8,6.1,10.800000000000006,8.142857142857142,8.028571428571428,0.0,0.0,0.0,0.0,0.0,0.11428571428571403,0.05714285714285715
2019-01-02,11.0,3.3,7.4,0.0,8.4,55,1,2,1,8.3,10.5,11.1,4.4,9.966666666666674,8.457142857142857,7.835714285714286,4.0,0.0,0.0,0.8,1.3333333333333337,0.6857142857142854,0.34285714285714286
2019-01-03,15.5,6.1,10.1,0.0,8.0,41,1,3,1,7.4,8.3,10.5,5.0,8.73333333333334,8.885714285714284,7.714285714285714,0.0,4.0,0.0,0.0,1.3333333333333337,0.5714285714285712,0.34285714285714286
2019-01-04,15.7,5.7,10.0,0.5,14.5,52,1,4,1,10.1,7.4,8.3,9.1,8.600000000000007,9.614285714285716,7.921428571428572,0.0,0.0,4.0,0.0,1.3333333333333337,0.5714285714285712,0.34285714285714286
2019-01-05,8.0,1.5,5.3,0.0,18.6,46,1,5,1,10.0,10.1,7.4,10.8,9.166666666666673,9.742857142857144,8.1,0.5,0.0,0.0,0.0,0.16666666666666696,0.6428571428571426,0.37857142857142856
2019-01-06,10.5,1.0,5.2,0.0,8.2,44,1,6,1,5.3,10.0,10.1,11.1,8.466666666666674,8.957142857142857,7.864285714285714,0.0,0.5,0.0,0.0,0.16666666666666696,0.6428571428571426,0.37857142857142856
2019-01-07,14.4,3.8,7.7,0.0,9.4,33,1,7,1,5.2,5.3,10.0,10.5,6.83333333333334,8.114285714285714,7.778571428571429,0.0,0.0,0.5,0.0,0.16666666666666696,0.6428571428571426,0.37857142857142856
2019-01-08,14.3,2.6,8.0,0.0,16.3,59,1,8,1,7.7,5.2,5.3,8.3,6.0666666666666735,7.714285714285714,7.928571428571429,0.0,0.0,0.0,4.0,0.0,0.6428571428571426,0.37857142857142856
2019-01-09,13.6,4.8,8.8,0.0,9.7,33,1,9,1,8.0,7.7,5.2,7.4,6.966666666666673,7.671428571428572,8.064285714285715,0.0,0.0,0.0,0.0,0.0,0.07142857142857117,0.37857142857142856
2019-01-10,16.0,4.4,9.6,1.5,19.7,54,1,10,1,8.8,8.0,7.7,10.1,8.166666666666673,7.871428571428572,8.378571428571428,0.0,0.0,0.0,0.0,0.0,0.07142857142857117,0.32142857142857145
2019-01-11,13.6,3.2,8.8,0.4,17.0,51,1,11,1,9.6,8.8,8.0,10.0,8.800000000000006,7.8,8.707142857142857,1.5,0.0,0.0,0.5,0.5000000000000003,0.2857142857142855,0.42857142857142855
2019-01-12,7.4,1.9,4.4,0.2,14.4,35,1,12,1,8.8,9.6,8.8,5.3,9.066666666666675,7.628571428571428,8.685714285714287,0.4,1.5,0.0,0.0,0.6333333333333336,0.2714285714285712,0.4571428571428572
2019-01-13,10.2,-0.9,4.3,0.0,6.4,23,1,13,1,4.4,8.8,9.6,5.2,7.600000000000008,7.5,8.22857142857143,0.2,0.4,1.5,0.0,0.7000000000000003,0.29999999999999977,0.4714285714285714
2019-01-14,14.6,3.1,8.6,0.0,7.4,15,1,14,1,4.3,4.4,8.8,7.7,5.83333333333334,7.371428571428572,7.742857142857142,0.0,0.2,0.4,0.0,0.20000000000000032,0.29999999999999977,0.4714285714285714
2019-01-15,18.0,6.3,11.4,0.0,7.6,27,1,15,1,8.6,4.3,4.4,8.0,5.766666666666674,7.5,7.607142857142857,0.0,0.0,0.2,0.0,0.06666666666666697,0.29999999999999977,0.4714285714285714
2019-01-16,15.8,9.0,12.0,0.0,11.2,36,1,16,1,11.4,8.6,4.3,8.8,8.100000000000007,7.985714285714286,7.828571428571428,0.0,0.0,0.0,0.0,0.0,0.29999999999999977,0.18571428571428572
2019-01-17,17.1,7.1,11.7,0.0,7.7,41,1,17,1,12.0,11.4,8.6,9.6,10.666666666666673,8.442857142857143,8.157142857142857,0.0,0.0,0.0,1.5,0.0,0.29999999999999977,0.18571428571428572
2019-01-18,15.3,6.0,10.8,0.8,15.2,48,1,18,1,11.7,12.0,11.4,8.8,11.700000000000008,8.742857142857142,8.27142857142857,0.0,0.0,0.0,0.4,0.0,0.08571428571428548,0.18571428571428572
2019-01-19,13.5,5.1,9.0,1.1,14.3,69,1,19,1,10.8,11.7,12.0,4.4,11.500000000000009,9.028571428571428,8.328571428571427,0.8,0.0,0.0,0.2,0.266666666666667,0.14285714285714263,0.20714285714285716
2019-01-20,8.4,4.4,6.3,11.0,14.1,72,1,20,1,9.0,10.8,11.7,4.3,10.500000000000009,9.685714285714285,8.592857142857143,1.1,0.8,0.0,0.0,0.6333333333333336,0.2714285714285712,0.2857142857142857
2019-01-21,4.7,-0.5,2.0,0.0,12.7,49,1,21,1,6.3,9.0,10.8,8.6,8.700000000000008,9.971428571428572,8.671428571428573,11.0,1.1,0.8,0.0,4.3,1.8428571428571427,1.0714285714285714
2019-01-22,4.4,-2.6,0.6,0.0,12.1,52,1,22,1,2.0,6.3,9.0,11.4,5.766666666666674,9.028571428571428,8.264285714285714,0.0,11.0,1.1,0.0,4.033333333333333,1.8428571428571427,1.0714285714285714
2019-01-23,6.0,-1.8,1.8,0.0,10.5,45,1,23,1,0.6,2.0,6.3,12.0,2.9666666666666743,7.485714285714286,7.735714285714286,0.0,0.0,11.0,0.0,3.6666666666666665,1.8428571428571427,1.0714285714285714
2019-01-24,6.6,-0.9,2.8,0.0,12.5,44,1,24,1,1.8,0.6,2.0,11.7,1.4666666666666746,6.028571428571428,7.235714285714286,0.0,0.0,0.0,0.0,0.0,1.8428571428571427,1.0714285714285714
2019-01-25,6.4,-0.8,2.7,0.0,12.3,42,1,25,1,2.8,1.8,0.6,10.8,1.7333333333333407,4.757142857142858,6.75,0.0,0.0,0.0,0.8,0.0,1.8428571428571427,0.9642857142857143
2019-01-26,9.0,-0.8,3.3,0.2,11.5,44,1,26,1,2.7,2.8,1.8,9.0,2.433333333333341,3.6,6.314285714285714,0.0,0.0,0.0,1.1,0.0,1.7285714285714282,0.9357142857142857
2019-01-27,9.3,-1.7,4.1,0.0,12.0,55,1,27,1,3.3,2.7,2.8,6.3,2.9333333333333407,2.7857142857142856,6.235714285714286,0.2,0.0,0.0,11.0,0.06666666666666667,1.5999999999999996,0.9357142857142857
2019-01-28,10.8,1.9,6.0,0.0,10.8,40,1,28,1,4.1,3.3,2.7,2.0,3.3666666666666742,2.4714285714285715,6.221428571428572,0.0,0.2,0.0,0.0,0.06666666666666667,0.02857142857142832,0.9357142857142857
2019-01-29,15.9,5.9,10.2,0.0,7.7,40,1,29,1,6.0,4.1,3.3,0.6,4.466666666666674,3.042857142857143,6.035714285714286,0.0,0.0,0.2,0.0,0.06666666666666667,0.02857142857142832,0.9357142857142857
2019-01-30,9.2,3.7,6.9,20.9,12.6,77,1,30,1,10.2,6.0,4.1,1.8,6.766666666666674,4.414285714285714,5.950000000000001,0.0,0.0,0.0,0.0,0.0,0.02857142857142832,0.9357142857142857
2019-01-31,6.9,1.0,3.8,0.7,13.3,73,1,31,1,6.9,10.2,6.0,2.8,7.700000000000007,5.142857142857143,5.585714285714286,20.9,0.0,0.0,0.0,6.966666666666666,3.014285714285714,2.4285714285714284
2019-02-01,9.7,-1.5,4.1,0.0,9.7,71,2,32,1,3.8,6.9,10.2,2.7,6.966666666666675,5.285714285714286,5.021428571428571,0.7,20.9,0.0,0.0,7.199999999999999,3.114285714285714,2.4785714285714286
2019-02-02,12.6,1.9,7.1,0.0,7.1,54,2,33,1,4.1,3.8,6.9,3.3,4.933333333333341,5.485714285714286,4.542857142857143,0.0,0.7,20.9,0.2,7.199999999999999,3.114285714285714,2.4214285714285717
2019-02-03,13.2,3.6,7.8,0.0,12.6,66,2,34,1,7.1,4.1,3.8,4.1,5.000000000000007,6.028571428571429,4.407142857142857,0.0,0.0,0.7,0.0,0.2333333333333333,3.0857142857142854,2.342857142857143
2019-02-04,9.6,3.8,6.6,0.5,15.3,63,2,35,1,7.8,7.1,4.1,6.0,6.33333333333334,6.557142857142857,4.514285714285714,0.0,0.0,0.0,0.0,0.0,3.0857142857142854,1.5571428571428572
2019-02-05,6.9,1.0,4.4,4.9,13.5,77,2,36,1,6.6,7.8,7.1,10.2,7.166666666666674,6.642857142857143,4.8428571428571425,0.5,0.0,0.0,0.0,0.16666666666666666,3.157142857142857,1.5928571428571427
2019-02-06,1.2,-3.1,-1.0,0.0,13.2,78,2,37,1,4.4,6.6,7.8,6.9,6.266666666666674,5.814285714285714,5.114285714285715,4.9,0.5,0.0,20.9,1.8,3.857142857142857,1.9428571428571428
2019-02-07,3.3,-2.5,-0.4,0.5,18.2,76,2,38,1,-1.0,4.4,6.6,3.8,3.333333333333341,4.685714285714285,4.914285714285714,0.0,4.9,0.5,0.7,1.8,0.8714285714285716,1.942857142857143
2019-02-08,7.8,-3.2,1.4,0.0,10.4,68,2,39,1,-0.4,-1.0,4.4,4.1,1.0000000000000078,4.085714285714286,4.685714285714285,0.5,0.0,4.9,0.0,1.8,0.8428571428571429,1.9785714285714289
2019-02-09,11.6,-0.6,6.1,0.0,10.2,43,2,40,1,1.4,-0.4,-1.0,7.1,7.697546304067751e-15,3.6999999999999997,4.5928571428571425,0.0,0.5,0.0,0.0,0.16666666666666666,0.8428571428571429,1.9785714285714289
2019-02-10,14.1,4.5,8.7,0.0,10.0,42,2,41,1,6.1,1.4,-0.4,7.8,2.3666666666666742,3.557142857142857,4.792857142857143,0.0,0.0,0.5,0.0,0.16666666666666666,0.8428571428571429,1.9642857142857142
2019-02-11,12.6,4.1,8.1,0.7,15.6,64,2,42,1,8.7,6.1,1.4,6.6,5.400000000000008,3.6857142857142855,5.121428571428572,0.0,0.0,0.0,0.5,0.0,0.8428571428571429,1.9642857142857142
2019-02-12,10.6,4.8,7.7,5.9,21.6,75,2,43,1,8.1,8.7,6.1,4.4,7.63333333333334,3.8999999999999995,5.271428571428571,0.7,0.0,0.0,4.9,0.2333333333333333,0.8714285714285716,2.0142857142857142
2019-02-13,7.0,2.4,5.6,11.7,22.6,84,2,44,1,7.7,8.1,8.7,-1.0,8.166666666666673,4.371428571428571,5.0928571428571425,5.9,0.7,0.0,0.0,2.2,1.0142857142857145,2.435714285714286
2019-02-14,6.8,0.2,3.1,0.0,14.4,78,2,45,1,5.6,7.7,8.1,-0.4,7.133333333333341,5.314285714285714,4.999999999999999,11.7,5.9,0.7,0.5,6.1000000000000005,2.685714285714286,1.7785714285714285
2019-02-15,8.2,-1.5,3.3,0.0,8.9,67,2,46,1,3.1,5.6,7.7,1.4,5.466666666666675,5.814285714285714,4.95,0.0,11.7,5.9,0.0,5.866666666666667,2.6142857142857143,1.7285714285714289
2019-02-16,14.9,2.7,7.5,1.5,10.7,52,2,47,1,3.3,3.1,5.6,6.1,4.000000000000008,6.085714285714286,4.892857142857143,0.0,0.0,11.7,0.0,3.9,2.6142857142857143,1.7285714285714289
2019-02-17,11.4,4.9,7.8,2.7,10.0,75,2,48,1,7.5,3.3,3.1,8.7,4.633333333333341,6.285714285714286,4.921428571428572,1.5,0.0,0.0,0.0,0.5,2.8285714285714287,1.8357142857142859
2019-02-18,7.4,1.6,5.2,14.1,10.0,82,2,49,1,7.8,7.5,3.3,8.1,6.200000000000007,6.1571428571428575,4.921428571428572,2.7,1.5,0.0,0.7,1.4000000000000001,3.2142857142857144,2.028571428571429
2019-02-19,10.7,-0.1,5.5,1.6,17.1,74,2,50,1,5.2,7.8,7.5,7.7,6.83333333333334,5.742857142857143,4.821428571428571,14.1,2.7,1.5,5.9,6.1000000000000005,5.128571428571429,3.0
2019-02-20,8.1,4.2,5.7,27.1,10.8,88,2,51,1,5.5,5.2,7.8,5.6,6.166666666666674,5.428571428571429,4.8999999999999995,1.6,14.1,2.7,11.7,6.133333333333333,4.514285714285714,2.7642857142857147
2019-02-21,4.4,-0.1,2.2,1.9,17.4,79,2,52,1,5.7,5.5,5.2,3.1,5.466666666666673,5.442857142857143,5.378571428571428,27.1,1.6,14.1,0.0,14.266666666666666,6.714285714285714,4.700000000000001
2019-02-22,9.5,-0.8,3.8,0.0,9.2,56,2,53,1,2.2,5.7,5.5,3.3,4.466666666666675,5.314285714285715,5.564285714285715,1.9,27.1,1.6,0.0,10.2,6.985714285714287,4.8
2019-02-23,11.7,3.1,7.5,0.0,13.5,46,2,54,1,3.8,2.2,5.7,7.5,3.9000000000000075,5.385714285714285,5.735714285714286,0.0,1.9,27.1,1.5,9.666666666666666,6.985714285714287,4.8
2019-02-24,9.7,3.1,6.1,0.0,16.3,51,2,55,1,7.5,3.8,2.2,7.8,4.500000000000007,5.385714285714286,5.835714285714286,0.0,0.0,1.9,2.7,0.6333333333333321,6.771428571428572,4.8
2019-02-25,8.9,2.7,5.7,0.0,15.7,46,2,56,1,6.1,7.5,3.8,5.2,5.800000000000008,5.142857142857143,5.6499999999999995,0.0,0.0,0.0,14.1,0.0,6.385714285714286,4.8
2019-02-26,8.2,2.1,4.8,0.0,13.9,42,2,57,1,5.7,6.1,7.5,5.5,6.433333333333341,5.214285714285714,5.478571428571429,0.0,0.0,0.0,1.6,0.0,4.371428571428572,4.75
2019-02-27,8.4,2.0,4.5,0.0,15.4,43,2,58,1,4.8,5.7,6.1,5.7,5.533333333333341,5.114285714285714,5.271428571428571,0.0,0.0,0.0,27.1,0.0,4.142857142857143,4.328571428571428
2019-02-28,10.6,-0.5,4.8,0.5,21.6,56,2,59,1,4.5,4.8,5.7,2.2,5.000000000000007,4.942857142857143,5.192857142857143,0.0,0.0,0.0,1.9,0.0,0.2714285714285714,3.492857142857143
2019-03-01,11.6,3.7,6.4,25.2,19.8,82,3,60,2,4.8,4.5,4.8,3.8,4.700000000000007,5.314285714285714,5.314285714285714,0.5,0.0,0.0,0.0,0.1666666666666655,0.07142857142857142,3.5285714285714285
2019-03-02,6.1,1.7,3.6,31.3,27.7,89,3,61,2,6.4,4.8,4.5,7.5,5.2333333333333405,5.685714285714285,5.535714285714286,25.2,0.5,0.0,0.0,8.566666666666665,3.6714285714285713,5.328571428571428
2019-03-03,8.7,-2.9,2.8,0.3,8.7,86,3,62,2,3.6,6.4,4.8,6.1,4.933333333333341,5.128571428571428,5.257142857142857,31.3,25.2,0.5,0.0,19.0,8.142857142857142,7.457142857142857
2019-03-04,10.1,1.6,5.6,0.0,12.5,71,3,63,2,2.8,3.6,6.4,5.7,4.266666666666674,4.6571428571428575,4.9,0.3,31.3,25.2,0.0,18.933333333333334,8.185714285714285,7.285714285714286
2019-03-05,10.9,1.3,6.1,0.0,8.2,61,3,64,2,5.6,2.8,3.6,4.8,4.000000000000007,4.642857142857143,4.928571428571429,0.0,0.3,31.3,0.0,10.533333333333333,8.185714285714285,6.278571428571429
2019-03-06,11.9,2.4,7.8,0.4,15.2,55,3,65,2,6.1,5.6,2.8,4.5,4.83333333333334,4.828571428571428,4.971428571428571,0.0,0.0,0.3,0.0,0.09999999999999881,8.185714285714285,6.1642857142857155
2019-03-07,12.0,0.7,6.3,1.5,10.8,66,3,66,2,7.8,6.1,5.6,4.8,6.500000000000007,5.3,5.121428571428572,0.4,0.0,0.0,0.5,0.13333333333333217,8.242857142857144,4.257142857142857
2019-03-08,11.7,2.6,7.2,0.0,13.2,69,3,67,2,6.3,7.8,6.1,6.4,6.7333333333333405,5.514285714285714,5.414285714285714,1.5,0.4,0.0,25.2,0.6333333333333321,8.385714285714286,4.228571428571429
2019-03-09,13.0,4.1,8.2,0.0,8.4,63,3,68,2,7.2,6.3,7.8,3.6,7.100000000000008,5.628571428571429,5.6571428571428575,0.0,1.5,0.4,31.3,0.6333333333333321,4.785714285714286,4.228571428571429
2019-03-10,9.0,3.7,5.6,10.4,10.0,85,3,69,2,8.2,7.2,6.3,2.8,7.2333333333333405,6.285714285714286,5.707142857142856,0.0,0.0,1.5,0.3,0.49999999999999883,0.31428571428571433,4.228571428571429
2019-03-11,7.0,2.0,4.1,0.6,14.1,80,3,70,2,5.6,8.2,7.2,5.6,7.000000000000007,6.685714285714285,5.671428571428572,10.4,0.0,0.0,0.0,3.4666666666666655,1.7571428571428573,4.971428571428571
2019-03-12,12.1,0.6,6.1,0.0,12.3,64,3,71,2,4.1,5.6,8.2,6.1,5.966666666666673,6.471428571428571,5.557142857142857,0.6,10.4,0.0,0.0,3.6666666666666656,1.842857142857143,5.014285714285714
2019-03-13,10.3,2.4,5.3,8.3,11.0,84,3,72,2,6.1,4.1,5.6,7.8,5.266666666666674,6.471428571428571,5.6499999999999995,0.0,0.6,10.4,0.4,3.6666666666666656,1.842857142857143,5.014285714285714
2019-03-14,11.3,3.8,7.3,0.0,10.1,62,3,73,2,5.3,6.1,4.1,6.3,5.166666666666674,6.114285714285714,5.707142857142857,8.3,0.0,0.6,1.5,2.9666666666666655,2.9714285714285715,5.607142857142857
2019-03-15,14.5,3.0,9.1,0.0,8.7,58,3,74,2,7.3,5.3,6.1,7.2,6.233333333333341,6.257142857142857,5.885714285714286,0.0,8.3,0.0,0.0,2.7666666666666657,2.757142857142857,5.571428571428571
2019-03-16,12.7,5.6,8.7,2.6,9.5,81,3,75,2,9.1,7.3,5.3,8.2,7.233333333333341,6.528571428571428,6.078571428571428,0.0,0.0,8.3,0.0,2.7666666666666657,2.757142857142857,3.7714285714285714
2019-03-17,16.6,4.8,10.9,0.0,8.6,65,3,76,2,8.7,9.1,7.3,5.6,8.366666666666674,6.6,6.442857142857143,2.6,0.0,0.0,10.4,0.8666666666666655,3.128571428571429,1.7214285714285715
2019-03-18,14.2,8.4,10.5,5.1,19.9,76,3,77,2,10.9,8.7,9.1,4.1,9.566666666666675,7.357142857142857,7.0214285714285705,0.0,2.6,0.0,0.6,0.8666666666666655,1.6428571428571428,1.7
2019-03-19,14.1,7.1,10.3,3.3,16.8,64,3,78,2,10.5,10.9,8.7,6.1,10.03333333333334,8.271428571428572,7.371428571428571,5.1,0.0,2.6,0.0,2.566666666666665,2.2857142857142856,2.064285714285714
2019-03-20,13.8,6.3,9.7,0.0,14.9,49,3,79,2,10.3,10.5,10.9,5.3,10.566666666666675,8.871428571428572,7.671428571428572,3.3,5.1,0.0,8.3,2.7999999999999985,2.757142857142857,2.3
2019-03-21,14.9,3.6,9.5,0.2,13.2,60,3,80,2,9.7,10.3,10.5,7.3,10.166666666666675,9.5,7.807142857142856,0.0,3.3,5.1,0.0,2.7999999999999985,1.5714285714285714,2.2714285714285714
2019-03-22,16.0,5.8,10.8,1.1,15.1,80,3,81,2,9.5,9.7,10.3,9.1,9.833333333333341,9.814285714285715,8.035714285714286,0.2,0.0,3.3,0.0,1.1666666666666654,1.5999999999999999,2.1785714285714284
2019-03-23,15.5,8.0,11.7,6.4,9.1,79,3,82,2,10.8,9.5,9.7,8.7,10.000000000000009,10.057142857142859,8.292857142857143,1.1,0.2,0.0,2.6,0.4333333333333322,1.757142857142857,2.257142857142857
2019-03-24,15.0,9.4,11.6,3.3,7.7,79,3,83,2,11.7,10.8,9.5,10.9,10.666666666666677,10.485714285714286,8.542857142857143,6.4,1.1,0.2,0.0,2.5666666666666655,2.3000000000000003,2.7142857142857144
2019-03-25,17.4,8.0,12.4,0.2,10.4,69,3,84,2,11.6,11.7,10.8,10.5,11.366666666666674,10.585714285714285,8.971428571428572,3.3,6.4,1.1,5.1,3.599999999999999,2.7714285714285714,2.2071428571428573
2019-03-26,21.8,10.7,16.2,0.0,5.8,52,3,85,2,12.4,11.6,11.7,10.3,11.900000000000006,10.857142857142858,9.564285714285715,0.2,3.3,6.4,3.3,3.299999999999999,2.0714285714285716,2.1785714285714284
2019-03-27,24.2,12.0,18.0,0.0,9.1,52,3,86,2,16.2,12.4,11.6,9.7,13.400000000000007,11.700000000000001,10.285714285714286,0.0,0.2,3.3,0.0,1.1666666666666654,1.5999999999999999,2.1785714285714284
2019-03-28,22.0,12.7,17.0,0.0,9.2,53,3,87,2,18.0,16.2,12.4,9.5,15.53333333333334,12.885714285714284,11.192857142857141,0.0,0.0,0.2,0.2,0.06666666666666549,1.5999999999999999,1.5857142857142856
2019-03-29,20.2,12.0,16.0,0.0,12.6,53,3,88,2,17.0,18.0,16.2,10.8,17.066666666666674,13.957142857142856,11.885714285714286,0.0,0.0,0.0,1.1,0.0,1.5714285714285714,1.5857142857142856
2019-03-30,18.6,8.8,14.0,0.0,11.2,37,3,89,2,16.0,17.0,18.0,11.7,17.000000000000007,14.700000000000001,12.378571428571428,0.0,0.0,0.0,6.4,0.0,1.4142857142857144,1.5857142857142856
2019-03-31,20.8,11.7,16.3,0.0,10.2,29,3,90,2,14.0,16.0,17.0,11.6,15.666666666666673,15.028571428571427,12.757142857142856,0.0,0.0,0.0,3.3,0.0,0.5,1.4
2019-04-01,22.9,12.8,17.8,0.0,14.5,32,4,91,2,16.3,14.0,16.0,12.4,15.433333333333342,15.700000000000001,13.142857142857142,0.0,0.0,0.0,0.2,0.0,0.028571428571428574,1.4
2019-04-02,25.1,15.7,19.8,0.0,13.7,31,4,92,2,17.8,16.3,14.0,16.2,16.033333333333342,16.47142857142857,13.664285714285713,0.0,0.0,0.0,0.0,0.0,0.0,1.0357142857142858
2019-04-03,26.9,13.6,20.9,0.0,13.0,33,4,93,2,19.8,17.8,16.3,18.0,17.966666666666672,16.985714285714284,14.342857142857143,0.0,0.0,0.0,0.0,0.0,0.0,0.7999999999999999
2019-04-04,27.2,14.1,21.0,0.0,10.7,34,4,94,2,20.9,19.8,17.8,17.0,19.50000000000001,17.400000000000002,15.142857142857142,0.0,0.0,0.0,0.0,0.0,0.0,0.7999999999999999
2019-04-05,25.7,15.3,20.7,0.0,15.0,31,4,95,2,21.0,20.9,19.8,16.0,20.566666666666674,17.97142857142857,15.964285714285714,0.0,0.0,0.0,0.0,0.0,0.0,0.7857142857142857
2019-04-06,25.8,15.0,20.6,0.0,13.1,31,4,96,2,20.7,21.0,20.9,14.0,20.866666666666674,18.642857142857142,16.67142857142857,0.0,0.0,0.0,0.0,0.0,0.0,0.7071428571428572
2019-04-07,24.7,14.9,20.6,0.0,16.9,30,4,97,2,20.6,20.7,21.0,16.3,20.766666666666673,19.58571428571429,17.307142857142857,0.0,0.0,0.0,0.0,0.0,0.0,0.25
2019-04-08,25.6,13.7,20.3,0.0,11.3,26,4,98,2,20.6,20.6,20.7,17.8,20.633333333333344,20.2,17.95,0.0,0.0,0.0,0.0,0.0,0.0,0.014285714285714287
2019-04-09,22.1,15.1,17.9,1.7,15.6,49,4,99,2,20.3,20.6,20.6,19.8,20.50000000000001,20.557142857142857,18.514285714285712,0.0,0.0,0.0,0.0,0.0,0.0,0.0
2019-04-10,26.3,12.3,18.9,0.6,17.6,46,4,100,2,17.9,20.3,20.6,20.9,19.60000000000001,20.285714285714285,18.635714285714283,1.7,0.0,0.0,0.0,0.5666666666666654,0.24285714285714285,0.12142857142857143
2019-04-11,23.3,14.8,18.6,0.7,12.7,51,4,101,2,18.9,17.9,20.3,21.0,19.033333333333342,20.0,18.7,0.6,1.7,0.0,0.0,0.7666666666666654,0.32857142857142857,0.16428571428571428
2019-04-12,20.6,12.4,15.8,9.8,13.8,70,4,102,2,18.6,18.9,17.9,20.7,18.466666666666672,19.657142857142855,18.814285714285713,0.7,0.6,1.7,0.0,0.9999999999999988,0.42857142857142855,0.21428571428571427
2019-04-13,20.7,10.6,15.2,7.3,8.8,72,4,103,2,15.8,18.6,18.9,20.6,17.766666666666673,18.95714285714286,18.8,9.8,0.7,0.6,0.0,3.6999999999999993,1.8285714285714287,0.9142857142857144
2019-04-14,18.4,11.8,15.2,7.5,11.5,75,4,104,2,15.2,15.8,18.6,20.6,16.533333333333342,18.185714285714287,18.885714285714283,7.3,9.8,0.7,0.0,5.933333333333333,2.8714285714285714,1.4357142857142857
2019-04-15,16.0,10.1,13.4,13.2,13.5,77,4,105,2,15.2,15.2,15.8,20.3,15.400000000000006,17.414285714285715,18.807142857142857,7.5,7.3,9.8,0.0,8.2,3.942857142857143,1.9714285714285715
2019-04-16,13.7,8.7,10.7,3.5,12.0,80,4,106,2,13.4,15.2,15.2,17.9,14.600000000000007,16.428571428571427,18.492857142857144,13.2,7.5,7.3,1.7,9.33333333333333,5.828571428571428,2.914285714285714
2019-04-17,16.6,10.3,13.0,1.6,13.0,74,4,107,2,10.7,13.4,15.2,18.9,13.100000000000007,15.4,17.842857142857145,3.5,13.2,7.5,0.6,8.066666666666665,6.0857142857142845,3.164285714285714
2019-04-18,19.6,8.7,14.6,0.0,9.2,66,4,108,2,13.0,10.7,13.4,18.6,12.366666666666674,14.557142857142855,17.27857142857143,1.6,3.5,13.2,0.7,6.099999999999998,6.228571428571429,3.2785714285714285
2019-04-19,22.3,11.8,17.6,0.0,11.1,50,4,109,2,14.6,13.0,10.7,15.8,12.766666666666675,13.985714285714286,16.821428571428573,0.0,1.6,3.5,9.8,1.6999999999999982,6.128571428571428,3.2785714285714285
2019-04-20,25.2,13.7,19.8,0.0,8.7,42,4,110,2,17.6,14.6,13.0,15.2,15.066666666666672,14.242857142857142,16.6,0.0,0.0,1.6,7.3,0.5333333333333315,4.728571428571428,3.2785714285714285
2019-04-21,26.3,13.2,19.8,0.0,9.3,50,4,111,2,19.8,17.6,14.6,15.2,17.33333333333334,14.900000000000002,16.542857142857144,0.0,0.0,0.0,7.5,0.0,3.685714285714286,3.2785714285714285
2019-04-22,28.3,13.0,20.5,0.0,11.7,50,4,112,2,19.8,19.8,17.6,13.4,19.066666666666674,15.557142857142859,16.485714285714284,0.0,0.0,0.0,13.2,0.0,2.6142857142857143,3.2785714285714285
2019-04-23,28.5,14.8,21.8,0.1,13.0,41,4,113,2,20.5,19.8,19.8,10.7,20.033333333333342,16.571428571428573,16.5,0.0,0.0,0.0,3.5,0.0,0.7285714285714285,3.2785714285714285
2019-04-24,27.4,16.0,21.2,0.1,14.3,45,4,114,2,21.8,20.5,19.8,13.0,20.700000000000006,18.15714285714286,16.77857142857143,0.1,0.0,0.0,1.6,0.033333333333331557,0.24285714285714288,3.164285714285714
2019-04-25,25.2,14.1,19.5,0.0,14.4,43,4,115,2,21.2,21.8,20.5,14.6,21.166666666666675,19.32857142857143,16.942857142857143,0.1,0.1,0.0,0.0,0.06666666666666489,0.028571428571428574,3.128571428571429
2019-04-26,24.2,13.2,19.1,0.0,9.6,24,4,116,2,19.5,21.2,21.8,17.6,20.833333333333343,20.02857142857143,17.007142857142856,0.0,0.1,0.1,0.0,0.06666666666666489,0.028571428571428574,3.0785714285714287
2019-04-27,25.4,14.7,20.2,0.0,11.4,21,4,117,2,19.1,19.5,21.2,19.8,19.93333333333334,20.242857142857144,17.24285714285714,0.0,0.0,0.1,0.0,0.033333333333331557,0.028571428571428574,2.3785714285714286
2019-04-28,24.3,14.6,19.7,0.0,16.6,22,4,118,2,20.2,19.1,19.5,19.8,19.600000000000005,20.3,17.6,0.0,0.0,0.0,0.0,0.0,0.028571428571428574,1.8571428571428572
2019-04-29,26.1,13.3,19.7,0.5,15.0,29,4,119,2,19.7,20.2,19.1,20.5,19.666666666666675,20.285714285714285,17.92142857142857,0.0,0.0,0.0,0.0,0.0,0.028571428571428574,1.3214285714285714
2019-04-30,22.7,12.8,17.9,0.0,12.4,30,4,120,2,19.7,19.7,20.2,21.8,19.86666666666667,20.17142857142857,18.37142857142857,0.5,0.0,0.0,0.1,0.16666666666666488,0.09999999999999999,0.41428571428571426
2019-05-01,23.8,13.0,18.9,0.0,14.9,23,5,121,2,17.9,19.7,19.7,21.2,19.100000000000005,19.614285714285717,18.885714285714283,0.0,0.5,0.0,0.1,0.16666666666666488,0.08571428571428573,0.1642857142857143
2019-05-02,23.0,14.8,18.7,0.0,15.6,21,5,122,2,18.9,17.9,19.7,19.5,18.83333333333334,19.285714285714285,19.307142857142857,0.0,0.0,0.5,0.0,0.16666666666666488,0.07142857142857142,0.049999999999999996
2019-05-03,24.1,13.7,19.4,0.0,10.3,19,5,123,2,18.7,18.9,17.9,19.1,18.500000000000004,19.17142857142857,19.599999999999998,0.0,0.0,0.0,0.0,0.0,0.07142857142857142,0.049999999999999996
2019-05-04,25.7,15.0,21.0,0.0,11.9,14,5,124,2,19.4,18.7,18.9,20.2,19.000000000000004,19.214285714285715,19.728571428571428,0.0,0.0,0.0,0.0,0.0,0.07142857142857142,0.049999999999999996
2019-05-05,27.1,15.4,22.0,0.0,10.7,13,5,125,2,21.0,19.4,18.7,19.7,19.700000000000006,19.328571428571426,19.814285714285717,0.0,0.0,0.0,0.0,0.0,0.07142857142857142,0.049999999999999996
2019-05-06,28.5,18.4,23.3,0.0,18.2,13,5,126,2,22.0,21.0,19.4,19.7,20.800000000000008,19.657142857142855,19.97142857142857,0.0,0.0,0.0,0.5,0.0,0.07142857142857142,0.049999999999999996
2019-05-07,28.1,18.2,23.5,0.0,17.4,15,5,127,2,23.3,22.0,21.0,17.9,22.10000000000001,20.17142857142857,20.17142857142857,0.0,0.0,0.0,0.0,0.0,0.0,0.049999999999999996
2019-05-08,28.6,15.5,22.9,0.0,15.5,21,5,128,2,23.5,23.3,22.0,18.9,22.93333333333334,20.97142857142857,20.29285714285714,0.0,0.0,0.0,0.0,0.0,0.0,0.042857142857142864
2019-05-09,28.4,16.6,23.3,0.0,15.9,23,5,129,2,22.9,23.5,23.3,18.7,23.233333333333338,21.54285714285714,20.414285714285715,0.0,0.0,0.0,0.0,0.0,0.0,0.03571428571428571
2019-05-10,29.2,18.4,24.3,0.0,19.7,21,5,130,2,23.3,22.9,23.5,19.4,23.233333333333338,22.2,20.685714285714287,0.0,0.0,0.0,0.0,0.0,0.0,0.03571428571428571
2019-05-11,29.6,16.4,24.3,0.0,15.9,24,5,131,2,24.3,23.3,22.9,21.0,23.50000000000001,22.900000000000002,21.057142857142853,0.0,0.0,0.0,0.0,0.0,0.0,0.03571428571428571
2019-05-12,28.8,17.6,24.3,0.0,11.6,25,5,132,2,24.3,24.3,23.3,22.0,23.966666666666672,23.37142857142857,21.349999999999998,0.0,0.0,0.0,0.0,0.0,0.0,0.03571428571428571
2019-05-13,29.0,16.1,23.5,0.0,14.9,27,5,133,2,24.3,24.3,24.3,23.3,24.3,23.7,21.678571428571427,0.0,0.0,0.0,0.0,0.0,0.0,0.03571428571428571
2019-05-14,28.9,17.9,24.0,0.1,14.8,21,5,134,2,23.5,24.3,24.3,23.5,24.033333333333342,23.72857142857143,21.95,0.0,0.0,0.0,0.0,0.0,0.0,0.0
2019-05-15,24.3,16.7,20.2,1.6,16.6,47,5,135,2,24.0,23.5,24.3,22.9,23.93333333333334,23.800000000000004,22.385714285714283,0.1,0.0,0.0,0.0,0.033333333333331557,0.014285714285714287,0.0071428571428571435
2019-05-16,22.3,14.4,18.8,1.2,13.3,60,5,136,2,20.2,24.0,23.5,23.3,22.566666666666674,23.414285714285715,22.478571428571428,1.6,0.1,0.0,0.0,0.566666666666665,0.24285714285714288,0.12142857142857144
2019-05-17,25.8,13.8,20.2,0.3,16.7,50,5,137,2,18.8,20.2,24.0,24.3,21.000000000000007,22.771428571428572,22.485714285714288,1.2,1.6,0.1,0.0,0.966666666666665,0.4142857142857143,0.20714285714285716
2019-05-18,26.8,15.8,21.4,0.0,13.3,30,5,138,2,20.2,18.8,20.2,24.3,19.733333333333338,22.185714285714287,22.54285714285714,0.3,1.2,1.6,0.0,1.0333333333333317,0.4571428571428572,0.2285714285714286
2019-05-19,26.4,15.2,21.0,0.2,19.2,38,5,139,2,21.4,20.2,18.8,24.3,20.13333333333334,21.771428571428572,22.571428571428573,0.0,0.3,1.2,0.0,0.4999999999999982,0.4571428571428572,0.2285714285714286
2019-05-20,27.1,16.3,22.1,0.0,12.7,38,5,140,2,21.0,21.4,20.2,23.5,20.866666666666674,21.3,22.5,0.2,0.0,0.3,0.0,0.16666666666666488,0.48571428571428577,0.24285714285714288
2019-05-21,24.1,17.3,20.3,1.9,12.3,50,5,141,2,22.1,21.0,21.4,24.0,21.500000000000004,21.099999999999998,22.414285714285715,0.0,0.2,0.0,0.1,0.06666666666666489,0.48571428571428577,0.24285714285714288
2019-05-22,25.6,16.1,19.9,3.8,15.0,56,5,142,2,20.3,22.1,21.0,20.2,21.133333333333344,20.571428571428573,22.185714285714287,1.9,0.0,0.2,1.6,0.6999999999999983,0.7428571428571429,0.37857142857142856
2019-05-23,24.7,15.3,19.5,0.5,15.0,57,5,143,2,19.9,20.3,22.1,18.8,20.766666666666673,20.52857142857143,21.971428571428568,3.8,1.9,0.0,1.2,1.8999999999999984,1.0571428571428572,0.65
2019-05-24,24.2,15.6,19.9,0.0,19.1,44,5,144,2,19.5,19.9,20.3,20.2,19.900000000000006,20.628571428571426,21.699999999999996,0.5,3.8,1.9,0.3,2.066666666666665,0.9571428571428571,0.6857142857142857
2019-05-25,27.6,15.5,21.9,0.0,13.9,26,5,145,2,19.9,19.5,19.9,21.4,19.766666666666673,20.585714285714285,21.38571428571429,0.0,0.5,3.8,0.0,1.4333333333333318,0.9142857142857144,0.6857142857142857
2019-05-26,29.3,18.7,24.2,0.0,11.3,21,5,146,2,21.9,19.9,19.5,21.0,20.43333333333334,20.657142857142855,21.214285714285715,0.0,0.0,0.5,0.2,0.16666666666666505,0.9142857142857144,0.6857142857142857
2019-05-27,30.1,18.1,25.0,0.0,9.2,18,5,147,2,24.2,21.9,19.9,22.1,22.000000000000004,21.11428571428571,21.207142857142856,0.0,0.0,0.0,0.0,0.0,0.8857142857142856,0.6857142857142857
2019-05-28,31.0,19.3,25.7,0.0,10.3,14,5,148,2,25.0,24.2,21.9,20.3,23.700000000000006,21.52857142857143,21.314285714285713,0.0,0.0,0.0,1.9,0.0,0.8857142857142856,0.6857142857142857
2019-05-29,31.4,20.2,26.0,0.0,15.9,17,5,149,2,25.7,25.0,24.2,19.9,24.966666666666672,22.3,21.435714285714287,0.0,0.0,0.0,3.8,0.0,0.6142857142857144,0.6785714285714286
2019-05-30,30.7,21.7,26.4,0.0,17.1,17,5,150,2,26.0,25.7,25.0,19.5,25.566666666666674,23.17142857142857,21.85,0.0,0.0,0.0,0.5,0.0,0.0714285714285715,0.5642857142857143
2019-05-31,30.9,20.8,26.2,0.0,18.0,19,5,151,2,26.4,26.0,25.7,19.9,26.033333333333342,24.15714285714285,22.392857142857142,0.0,0.0,0.0,0.0,0.0,0.0,0.47857142857142854
2019-06-01,32.2,20.6,26.7,0.0,16.8,19,6,152,3,26.2,26.4,26.0,21.9,26.200000000000006,25.057142857142857,22.821428571428573,0.0,0.0,0.0,0.0,0.0,0.0,0.45714285714285713
2019-06-02,33.6,22.6,27.6,0.0,20.2,19,6,153,3,26.7,26.2,26.4,24.2,26.433333333333337,25.74285714285714,23.199999999999996,0.0,0.0,0.0,0.0,0.0,0.0,0.45714285714285713
2019-06-03,30.5,21.2,26.0,0.0,18.7,21,6,154,3,27.6,26.7,26.2,25.0,26.833333333333343,26.22857142857143,23.67142857142857,0.0,0.0,0.0,0.0,0.0,0.0,0.4428571428571428
2019-06-04,28.7,20.3,24.0,0.0,18.8,20,6,155,3,26.0,27.6,26.7,25.7,26.76666666666667,26.371428571428574,23.95,0.0,0.0,0.0,0.0,0.0,0.0,0.4428571428571428
2019-06-05,27.6,18.9,23.2,0.0,16.5,21,6,156,3,24.0,26.0,27.6,26.0,25.866666666666674,26.128571428571426,24.214285714285715,0.0,0.0,0.0,0.0,0.0,0.0,0.3071428571428571
2019-06-06,29.8,17.4,24.7,0.0,10.7,22,6,157,3,23.2,24.0,26.0,26.4,24.400000000000006,25.728571428571428,24.45,0.0,0.0,0.0,0.0,0.0,0.0,0.03571428571428571
2019-06-07,31.4,18.7,25.8,0.0,7.3,19,6,158,3,24.7,23.2,24.0,26.2,23.966666666666672,25.485714285714284,24.821428571428573,0.0,0.0,0.0,0.0,0.0,0.0,0.0
2019-06-08,32.3,19.0,26.8,0.0,11.4,17,6,159,3,25.8,24.7,23.2,26.7,24.566666666666674,25.428571428571427,25.24285714285714,0.0,0.0,0.0,0.0,0.0,0.0,0.0
2019-06-09,33.4,22.6,28.5,0.0,10.8,14,6,160,3,26.8,25.8,24.7,27.6,25.76666666666667,25.442857142857147,25.592857142857145,0.0,0.0,0.0,0.0,0.0,0.0,0.0
2019-06-10,33.5,21.2,28.4,0.0,14.6,14,6,161,3,28.5,26.8,25.8,26.0,27.033333333333342,25.571428571428573,25.900000000000002,0.0,0.0,0.0,0.0,0.0,0.0,0.0
2019-06-11,29.4,22.3,25.9,0.0,17.1,19,6,162,3,28.4,28.5,26.8,24.0,27.900000000000006,25.91428571428571,26.142857142857142,0.0,0.0,0.0,0.0,0.0,0.0,0.0
2019-06-12,31.2,19.6,25.8,0.0,10.9,13,6,163,3,25.9,28.4,28.5,23.2,27.600000000000005,26.185714285714283,26.157142857142855,0.0,0.0,0.0,0.0,0.0,0.0,0.0
2019-06-13,31.7,19.9,26.2,0.0,10.8,7,6,164,3,25.8,25.9,28.4,24.7,26.700000000000006,26.557142857142857,26.142857142857142,0.0,0.0,0.0,0.0,0.0,0.0,0.0
2019-06-14,32.5,18.0,26.4,0.0,14.8,21,6,165,3,26.2,25.8,25.9,25.8,25.966666666666672,26.771428571428572,26.12857142857143,0.0,0.0,0.0,0.0,0.0,0.0,0.0
2019-06-15,32.7,18.5,26.8,0.0,22.7,13,6,166,3,26.4,26.2,25.8,26.8,26.13333333333334,26.857142857142858,26.142857142857142,0.0,0.0,0.0,0.0,0.0,0.0,0.0
2019-06-16,32.2,20.6,26.9,0.0,9.8,16,6,167,3,26.8,26.4,26.2,28.5,26.466666666666672,26.857142857142854,26.150000000000002,0.0,0.0,0.0,0.0,0.0,0.0,0.0
2019-06-17,32.8,17.9,26.5,0.0,13.9,29,6,168,3,26.9,26.8,26.4,28.4,26.700000000000006,26.62857142857143,26.099999999999998,0.0,0.0,0.0,0.0,0.0,0.0,0.0
2019-06-18,32.5,17.9,25.9,0.0,15.8,32,6,169,3,26.5,26.9,26.8,25.9,26.733333333333338,26.357142857142858,26.135714285714283,0.0,0.0,0.0,0.0,0.0,0.0,0.0
2019-06-19,33.0,18.6,26.0,0.0,14.9,40,6,170,3,25.9,26.5,26.9,25.8,26.43333333333334,26.357142857142858,26.271428571428572,0.0,0.0,0.0,0.0,0.0,0.0,0.0
2019-06-20,32.4,19.6,26.3,0.0,16.1,43,6,171,3,26.0,25.9,26.5,26.2,26.13333333333334,26.385714285714283,26.47142857142857,0.0,0.0,0.0,0.0,0.0,0.0,0.0
2019-06-21,34.1,20.8,26.8,0.0,19.7,41,6,172,3,26.3,26.0,25.9,26.4,26.066666666666674,26.400000000000002,26.585714285714285,0.0,0.0,0.0,0.0,0.0,0.0,0.0
2019-06-22,34.7,20.2,26.9,0.0,16.1,46,6,173,3,26.8,26.3,26.0,26.8,26.366666666666674,26.457142857142856,26.657142857142855,0.0,0.0,0.0,0.0,0.0,0.0,0.0
2019-06-23,33.9,21.3,27.4,0.0,16.5,41,6,174,3,26.9,26.8,26.3,26.9,26.666666666666675,26.47142857142857,26.664285714285715,0.0,0.0,0.0,0.0,0.0,0.0,0.0
2019-06-24,31.1,20.0,25.9,0.0,17.6,49,6,175,3,27.4,26.9,26.8,26.5,27.033333333333342,26.542857142857144,26.585714285714285,0.0,0.0,0.0,0.0,0.0,0.0,0.0
2019-06-25,32.7,19.5,26.4,0.0,14.6,48,6,176,3,25.9,27.4,26.9,25.9,26.733333333333338,26.457142857142856,26.407142857142855,0.0,0.0,0.0,0.0,0.0,0.0,0.0
2019-06-26,34.0,20.3,27.6,0.0,17.2,36,6,177,3,26.4,25.9,27.4,26.0,26.566666666666674,26.52857142857143,26.442857142857143,0.0,0.0,0.0,0.0,0.0,0.0,0.0
2019-06-27,33.8,20.0,27.7,0.0,15.0,29,6,178,3,27.6,26.4,25.9,26.3,26.63333333333334,26.757142857142856,26.571428571428566,0.0,0.0,0.0,0.0,0.0,0.0,0.0
2019-06-28,34.1,19.3,27.8,0.0,12.8,30,6,179,3,27.7,27.6,26.4,26.8,27.233333333333338,26.95714285714286,26.678571428571427,0.0,0.0,0.0,0.0,0.0,0.0,0.0
2019-06-29,34.5,19.6,28.1,0.0,17.0,28,6,180,3,27.8,27.7,27.6,26.9,27.700000000000006,27.099999999999998,26.77857142857143,0.0,0.0,0.0,0.0,0.0,0.0,0.0
2019-06-30,35.0,19.9,28.3,0.0,14.7,32,6,181,3,28.1,27.8,27.7,27.4,27.866666666666674,27.271428571428572,26.87142857142857,0.0,0.0,0.0,0.0,0.0,0.0,0.0
2019-07-01,34.1,21.3,27.9,0.0,17.1,46,7,182,3,28.3,28.1,27.8,25.9,28.066666666666674,27.4,26.97142857142857,0.0,0.0,0.0,0.0,0.0,0.0,0.0
2019-07-02,35.3,21.4,28.3,0.0,19.7,45,7,183,3,27.9,28.3,28.1,26.4,28.10000000000001,27.685714285714287,27.071428571428573,0.0,0.0,0.0,0.0,0.0,0.0,0.0
2019-07-03,36.2,22.2,29.8,0.0,16.9,34,7,184,3,28.3,27.9,28.3,27.6,28.16666666666667,27.95714285714286,27.24285714285714,0.0,0.0,0.0,0.0,0.0,0.0,0.0
2019-07-04,36.0,22.6,29.6,0.0,14.5,29,7,185,3,29.8,28.3,27.9,27.7,28.666666666666675,28.271428571428572,27.514285714285712,0.0,0.0,0.0,0.0,0.0,0.0,0.0
2019-07-05,35.7,21.7,29.1,0.0,13.5,16,7,186,3,29.6,29.8,28.3,27.8,29.233333333333338,28.542857142857144,27.75,0.0,0.0,0.0,0.0,0.0,0.0,0.0
2019-07-06,35.4,20.7,28.8,0.0,12.1,33,7,187,3,29.1,29.6,29.8,28.1,29.50000000000001,28.72857142857143,27.914285714285715,0.0,0.0,0.0,0.0,0.0,0.0,0.0
2019-07-07,35.1,21.1,28.7,0.0,12.6,40,7,188,3,28.8,29.1,29.6,28.3,29.166666666666675,28.828571428571426,28.05,0.0,0.0,0.0,0.0,0.0,0.0,0.0
2019-07-08,36.0,20.9,29.6,0.0,11.3,28,7,189,3,28.7,28.8,29.1,27.9,28.866666666666674,28.88571428571429,28.142857142857142,0.0,0.0,0.0,0.0,0.0,0.0,0.0
2019-07-09,36.1,24.0,30.8,0.0,12.5,12,7,190,3,29.6,28.7,28.8,28.3,29.033333333333342,29.12857142857143,28.407142857142862,0.0,0.0,0.0,0.0,0.0,0.0,0.0
2019-07-10,36.6,22.5,30.2,0.0,11.6,19,7,191,3,30.8,29.6,28.7,29.8,29.700000000000006,29.485714285714288,28.72142857142857,0.0,0.0,0.0,0.0,0.0,0.0,0.0
2019-07-11,36.9,22.6,30.3,0.0,14.3,33,7,192,3,30.2,30.8,29.6,29.6,30.200000000000006,29.542857142857144,28.907142857142862,0.0,0.0,0.0,0.0,0.0,0.0,0.0
2019-07-12,36.4,24.5,30.6,0.0,11.4,30,7,193,3,30.3,30.2,30.8,29.1,30.43333333333334,29.642857142857142,29.092857142857138,0.0,0.0,0.0,0.0,0.0,0.0,0.0
2019-07-13,35.9,24.0,30.3,0.0,13.3,30,7,194,3,30.6,30.3,30.2,28.8,30.366666666666674,29.857142857142858,29.292857142857144,0.0,0.0,0.0,0.0,0.0,0.0,0.0
2019-07-14,35.7,22.8,30.2,0.0,15.1,27,7,195,3,30.3,30.6,30.3,28.7,30.400000000000006,30.071428571428573,29.45,0.0,0.0,0.0,0.0,0.0,0.0,0.0
2019-07-15,36.8,23.0,29.5,0.0,18.1,38,7,196,3,30.2,30.3,30.6,29.6,30.366666666666674,30.285714285714285,29.585714285714285,0.0,0.0,0.0,0.0,0.0,0.0,0.0
2019-07-16,36.9,21.5,28.6,0.0,20.8,48,7,197,3,29.5,30.2,30.3,30.8,30.000000000000004,30.271428571428572,29.7,0.0,0.0,0.0,0.0,0.0,0.0,0.0
2019-07-17,35.7,21.6,28.1,0.0,16.6,52,7,198,3,28.6,29.5,30.2,30.2,29.43333333333334,29.957142857142856,29.72142857142857,0.0,0.0,0.0,0.0,0.0,0.0,0.0
2019-07-18,34.9,21.7,28.1,0.0,13.6,50,7,199,3,28.1,28.6,29.5,30.3,28.733333333333338,29.657142857142855,29.599999999999998,0.0,0.0,0.0,0.0,0.0,0.0,0.0
2019-07-19,34.1,22.0,27.3,0.0,19.0,57,7,200,3,28.1,28.1,28.6,30.6,28.266666666666676,29.342857142857145,29.492857142857144,0.0,0.0,0.0,0.0,0.0,0.0,0.0
2019-07-20,34.6,21.9,27.2,0.0,20.5,58,7,201,3,27.3,28.1,28.1,30.3,27.833333333333343,28.87142857142857,29.364285714285717,0.0,0.0,0.0,0.0,0.0,0.0,0.0
2019-07-21,32.7,21.6,26.9,0.0,15.7,57,7,202,3,27.2,27.3,28.1,30.2,27.533333333333342,28.428571428571434,29.25,0.0,0.0,0.0,0.0,0.0,0.0,0.0
2019-07-22,34.4,22.1,27.3,0.0,16.7,57,7,203,3,26.9,27.2,27.3,29.5,27.13333333333334,27.957142857142856,29.12142857142857,0.0,0.0,0.0,0.0,0.0,0.0,0.0
2019-07-23,33.3,23.7,28.5,0.0,12.5,52,7,204,3,27.3,26.9,27.2,28.6,27.13333333333334,27.642857142857142,28.957142857142856,0.0,0.0,0.0,0.0,0.0,0.0,0.0
2019-07-24,35.5,22.3,29.7,0.0,16.8,41,7,205,3,28.5,27.3,26.9,28.1,27.566666666666674,27.62857142857143,28.792857142857144,0.0,0.0,0.0,0.0,0.0,0.0,0.0
2019-07-25,35.8,27.0,31.3,0.0,16.2,14,7,206,3,29.7,28.5,27.3,28.1,28.50000000000001,27.857142857142858,28.757142857142856,0.0,0.0,0.0,0.0,0.0,0.0,0.0
2019-07-26,34.6,22.2,28.5,0.0,18.2,40,7,207,3,31.3,29.7,28.5,27.3,29.833333333333343,28.314285714285713,28.828571428571426,0.0,0.0,0.0,0.0,0.0,0.0,0.0
2019-07-27,33.6,22.0,28.0,0.0,14.5,45,7,208,3,28.5,31.3,29.7,27.2,29.833333333333343,28.485714285714288,28.678571428571427,0.0,0.0,0.0,0.0,0.0,0.0,0.0
2019-07-28,34.9,21.0,27.5,0.0,18.4,51,7,209,3,28.0,28.5,31.3,26.9,29.26666666666667,28.599999999999998,28.514285714285712,0.0,0.0,0.0,0.0,0.0,0.0,0.0
2019-07-29,33.3,22.3,27.0,0.0,20.5,59,7,210,3,27.5,28.0,28.5,27.3,28.00000000000001,28.685714285714287,28.321428571428573,0.0,0.0,0.0,0.0,0.0,0.0,0.0
2019-07-30,31.6,23.1,26.8,0.7,15.0,63,7,211,3,27.0,27.5,28.0,28.5,27.50000000000001,28.642857142857142,28.142857142857142,0.0,0.0,0.0,0.0,0.0,0.0,0.0
2019-07-31,36.0,22.3,28.6,0.0,15.5,54,7,212,3,26.8,27.0,27.5,29.7,27.10000000000001,28.400000000000002,28.014285714285712,0.7,0.0,0.0,0.0,0.2333333333333317,0.10000000000000006,0.049999999999999996
2019-08-01,36.8,23.2,29.1,0.0,16.8,53,8,213,3,28.6,26.8,27.0,31.3,27.466666666666672,28.242857142857144,28.050000000000004,0.0,0.7,0.0,0.0,0.2333333333333317,0.10000000000000006,0.049999999999999996
2019-08-02,34.9,22.5,28.0,0.0,18.0,57,8,214,3,29.1,28.6,26.8,28.5,28.166666666666675,27.928571428571427,28.12142857142857,0.0,0.0,0.7,0.0,0.2333333333333317,0.10000000000000006,0.049999999999999996
2019-08-03,34.5,21.7,27.8,0.0,17.2,58,8,215,3,28.0,29.1,28.6,28.0,28.566666666666677,27.857142857142858,28.17142857142857,0.0,0.0,0.0,0.0,0.0,0.10000000000000006,0.049999999999999996
2019-08-04,36.2,21.6,28.5,0.0,14.3,53,8,216,3,27.8,28.0,29.1,27.5,28.300000000000008,27.82857142857143,28.214285714285715,0.0,0.0,0.0,0.0,0.0,0.10000000000000006,0.049999999999999996
2019-08-05,36.8,21.1,29.0,0.0,14.6,50,8,217,3,28.5,27.8,28.0,27.0,28.10000000000001,27.97142857142857,28.32857142857143,0.0,0.0,0.0,0.0,0.0,0.10000000000000006,0.049999999999999996
2019-08-06,37.8,21.5,29.6,0.0,18.1,49,8,218,3,29.0,28.5,27.8,26.8,28.43333333333334,28.25714285714286,28.45,0.0,0.0,0.0,0.7,0.0,0.10000000000000006,0.049999999999999996
2019-08-07,36.1,22.2,28.5,0.0,20.7,56,8,219,3,29.6,29.0,28.5,28.6,29.033333333333342,28.657142857142855,28.528571428571432,0.0,0.0,0.0,0.0,0.0,0.0,0.049999999999999996
2019-08-08,34.1,22.2,27.2,0.4,20.1,56,8,220,3,28.5,29.6,29.0,29.1,29.033333333333342,28.642857142857142,28.442857142857147,0.0,0.0,0.0,0.0,0.0,0.0,0.049999999999999996
2019-08-09,31.9,23.2,26.9,1.0,19.2,60,8,221,3,27.2,28.5,29.6,28.0,28.43333333333334,28.37142857142857,28.150000000000002,0.4,0.0,0.0,0.0,0.13333333333333172,0.05714285714285721,0.07857142857142858
2019-08-10,34.1,21.1,27.1,0.0,15.8,56,8,222,3,26.9,27.2,28.5,27.8,27.533333333333342,28.214285714285715,28.035714285714285,1.0,0.4,0.0,0.0,0.466666666666665,0.20000000000000004,0.15
2019-08-11,30.9,21.9,25.9,0.3,16.7,63,8,223,3,27.1,26.9,27.2,28.5,27.066666666666674,28.11428571428571,27.97142857142857,0.0,1.0,0.4,0.0,0.466666666666665,0.20000000000000004,0.15
2019-08-12,31.3,22.2,26.2,0.4,14.5,65,8,224,3,25.9,27.1,26.9,29.0,26.63333333333334,27.74285714285714,27.857142857142858,0.3,0.0,1.0,0.0,0.43333333333333174,0.2428571428571429,0.17142857142857143
2019-08-13,34.2,22.7,27.9,0.0,14.3,56,8,225,3,26.2,25.9,27.1,29.6,26.400000000000006,27.342857142857138,27.8,0.4,0.3,0.0,0.0,0.2333333333333317,0.3000000000000001,0.19999999999999998
2019-08-14,33.8,22.4,28.4,0.0,16.1,41,8,226,3,27.9,26.2,25.9,28.5,26.66666666666667,27.099999999999998,27.87857142857143,0.0,0.4,0.3,0.0,0.2333333333333317,0.3000000000000001,0.14999999999999997
2019-08-15,33.9,20.4,27.5,0.0,13.5,35,8,227,3,28.4,27.9,26.2,27.2,27.50000000000001,27.085714285714285,27.86428571428571,0.0,0.0,0.4,0.4,0.13333333333333172,0.3000000000000001,0.14999999999999997
2019-08-16,32.4,22.9,27.5,0.0,12.4,21,8,228,3,27.5,28.4,27.9,26.9,27.933333333333337,27.12857142857143,27.75,0.0,0.0,0.0,1.0,0.0,0.24285714285714294,0.14999999999999997
2019-08-17,31.6,18.7,25.7,0.0,12.3,10,8,229,3,27.5,27.5,28.4,27.1,27.800000000000008,27.214285714285715,27.714285714285715,0.0,0.0,0.0,0.0,0.0,0.10000000000000009,0.14999999999999997
2019-08-18,31.5,17.1,25.3,0.0,10.7,30,8,230,3,25.7,27.5,27.5,25.9,26.900000000000006,27.014285714285712,27.564285714285713,0.0,0.0,0.0,0.3,0.0,0.10000000000000009,0.14999999999999997
2019-08-19,31.7,16.9,25.1,0.0,11.6,31,8,231,3,25.3,25.7,27.5,26.2,26.166666666666675,26.928571428571427,27.335714285714285,0.0,0.0,0.0,0.4,0.0,0.057142857142857224,0.14999999999999997
2019-08-20,32.4,17.7,25.4,0.0,11.2,41,8,232,3,25.1,25.3,25.7,27.9,25.366666666666674,26.771428571428572,27.057142857142857,0.0,0.0,0.0,0.0,0.0,0.0,0.14999999999999997
2019-08-21,31.6,18.9,25.7,0.0,11.5,26,8,233,3,25.4,25.1,25.3,28.4,25.26666666666667,26.414285714285715,26.757142857142856,0.0,0.0,0.0,0.0,0.0,0.0,0.14999999999999997
2019-08-22,32.4,18.3,25.8,0.0,13.0,34,8,234,3,25.7,25.4,25.1,27.5,25.400000000000006,26.02857142857143,26.557142857142853,0.0,0.0,0.0,0.0,0.0,0.0,0.14999999999999997
2019-08-23,31.7,17.9,26.0,0.0,11.3,32,8,235,3,25.8,25.7,25.4,27.5,25.63333333333334,25.785714285714285,26.457142857142856,0.0,0.0,0.0,0.0,0.0,0.0,0.12142857142857143
2019-08-24,31.4,18.3,25.7,0.0,12.1,32,8,236,3,26.0,25.8,25.7,25.7,25.833333333333343,25.571428571428573,26.392857142857142,0.0,0.0,0.0,0.0,0.0,0.0,0.049999999999999996
2019-08-25,31.4,19.9,26.1,0.0,14.0,16,8,237,3,25.7,26.0,25.8,25.3,25.83333333333334,25.571428571428573,26.29285714285714,0.0,0.0,0.0,0.0,0.0,0.0,0.049999999999999996
2019-08-26,31.8,20.5,26.4,0.0,13.2,18,8,238,3,26.1,25.7,26.0,25.1,25.93333333333334,25.685714285714287,26.307142857142857,0.0,0.0,0.0,0.0,0.0,0.0,0.028571428571428574
2019-08-27,32.1,18.4,26.3,0.0,13.4,30,8,239,3,26.4,26.1,25.7,25.4,26.066666666666674,25.87142857142857,26.321428571428573,0.0,0.0,0.0,0.0,0.0,0.0,0.0
2019-08-28,32.4,18.5,25.9,0.0,13.7,45,8,240,3,26.3,26.4,26.1,25.7,26.26666666666667,26.0,26.207142857142856,0.0,0.0,0.0,0.0,0.0,0.0,0.0
2019-08-29,31.9,21.7,25.8,0.0,18.1,55,8,241,3,25.9,26.3,26.4,25.8,26.200000000000006,26.028571428571432,26.028571428571432,0.0,0.0,0.0,0.0,0.0,0.0,0.0
2019-08-30,31.9,22.9,26.8,0.0,10.1,44,8,242,3,25.8,25.9,26.3,26.0,26.000000000000004,26.02857142857143,25.907142857142855,0.0,0.0,0.0,0.0,0.0,0.0,0.0
2019-08-31,31.9,20.9,25.6,0.0,13.2,46,8,243,3,26.8,25.8,25.9,25.7,26.166666666666675,26.142857142857142,25.857142857142858,0.0,0.0,0.0,0.0,0.0,0.0,0.0
2019-09-01,31.8,20.1,25.7,0.0,13.0,55,9,244,4,25.6,26.8,25.8,26.1,26.066666666666674,26.12857142857143,25.85,0.0,0.0,0.0,0.0,0.0,0.0,0.0
2019-09-02,31.7,19.8,25.8,0.0,14.1,57,9,245,4,25.7,25.6,26.8,26.4,26.033333333333342,26.071428571428573,25.87857142857143,0.0,0.0,0.0,0.0,0.0,0.0,0.0
2019-09-03,32.5,20.1,26.4,0.0,11.8,48,9,246,4,25.8,25.7,25.6,26.3,25.700000000000006,25.985714285714288,25.928571428571427,0.0,0.0,0.0,0.0,0.0,0.0,0.0
2019-09-04,33.1,19.5,26.7,0.0,13.6,40,9,247,4,26.4,25.8,25.7,25.9,25.966666666666672,26.0,26.0,0.0,0.0,0.0,0.0,0.0,0.0,0.0
2019-09-05,32.8,18.4,26.3,0.0,10.0,33,9,248,4,26.7,26.4,25.8,25.8,26.300000000000008,26.11428571428571,26.071428571428573,0.0,0.0,0.0,0.0,0.0,0.0,0.0
2019-09-06,32.4,18.3,25.5,0.0,12.1,27,9,249,4,26.3,26.7,26.4,26.8,26.466666666666672,26.185714285714287,26.107142857142858,0.0,0.0,0.0,0.0,0.0,0.0,0.0
2019-09-07,31.2,17.9,24.8,0.0,12.6,14,9,250,4,25.5,26.3,26.7,25.6,26.166666666666675,26.0,26.071428571428573,0.0,0.0,0.0,0.0,0.0,0.0,0.0
2019-09-08,32.4,18.1,25.9,0.0,8.8,24,9,251,4,24.8,25.5,26.3,25.7,25.533333333333342,25.88571428571429,26.00714285714286,0.0,0.0,0.0,0.0,0.0,0.0,0.0
2019-09-09,32.2,18.2,26.0,0.0,9.6,31,9,252,4,25.9,24.8,25.5,25.8,25.400000000000006,25.91428571428571,25.99285714285714,0.0,0.0,0.0,0.0,0.0,0.0,0.0
2019-09-10,33.6,23.5,28.1,0.0,14.8,12,9,253,4,26.0,25.9,24.8,26.4,25.566666666666674,25.942857142857143,25.964285714285715,0.0,0.0,0.0,0.0,0.0,0.0,0.0
2019-09-11,33.2,20.5,27.0,0.0,15.6,15,9,254,4,28.1,26.0,25.9,26.7,26.666666666666675,26.185714285714287,26.092857142857145,0.0,0.0,0.0,0.0,0.0,0.0,0.0
2019-09-12,32.1,22.0,27.0,0.0,14.8,14,9,255,4,27.0,28.1,26.0,26.3,27.033333333333342,26.22857142857143,26.17142857142857,0.0,0.0,0.0,0.0,0.0,0.0,0.0
2019-09-13,31.6,20.5,26.6,0.0,16.3,14,9,256,4,27.0,27.0,28.1,25.5,27.366666666666674,26.32857142857143,26.25714285714286,0.0,0.0,0.0,0.0,0.0,0.0,0.0
2019-09-14,32.8,20.8,27.5,0.0,13.2,12,9,257,4,26.6,27.0,27.0,24.8,26.866666666666674,26.485714285714288,26.242857142857144,0.0,0.0,0.0,0.0,0.0,0.0,0.0
2019-09-15,31.2,21.7,26.3,0.0,15.9,14,9,258,4,27.5,26.6,27.0,25.9,27.033333333333342,26.87142857142857,26.37857142857143,0.0,0.0,0.0,0.0,0.0,0.0,0.0
2019-09-16,30.4,19.3,24.3,0.0,12.4,13,9,259,4,26.3,27.5,26.6,26.0,26.80000000000001,26.928571428571427,26.42142857142857,0.0,0.0,0.0,0.0,0.0,0.0,0.0
2019-09-17,29.8,16.6,23.5,0.0,12.0,13,9,260,4,24.3,26.3,27.5,28.1,26.033333333333342,26.685714285714287,26.314285714285713,0.0,0.0,0.0,0.0,0.0,0.0,0.0
2019-09-18,32.0,17.9,25.0,0.0,6.7,17,9,261,4,23.5,24.3,26.3,27.0,24.700000000000006,26.02857142857143,26.107142857142858,0.0,0.0,0.0,0.0,0.0,0.0,0.0
2019-09-19,31.5,17.5,25.1,0.0,11.1,25,9,262,4,25.0,23.5,24.3,27.0,24.266666666666676,25.74285714285714,25.985714285714288,0.0,0.0,0.0,0.0,0.0,0.0,0.0
2019-09-20,31.0,15.5,23.7,0.0,12.0,45,9,263,4,25.1,25.0,23.5,26.6,24.533333333333342,25.471428571428568,25.900000000000002,0.0,0.0,0.0,0.0,0.0,0.0,0.0
2019-09-21,30.3,16.9,24.0,0.0,12.7,40,9,264,4,23.7,25.1,25.0,27.5,24.60000000000001,25.057142857142857,25.771428571428572,0.0,0.0,0.0,0.0,0.0,0.0,0.0
2019-09-22,31.0,16.5,24.2,0.0,11.6,46,9,265,4,24.0,23.7,25.1,26.3,24.266666666666676,24.557142857142857,25.714285714285715,0.0,0.0,0.0,0.0,0.0,0.0,0.0
2019-09-23,31.4,17.1,24.4,0.0,11.2,48,9,266,4,24.2,24.0,23.7,24.3,23.966666666666672,24.25714285714286,25.592857142857145,0.0,0.0,0.0,0.0,0.0,0.0,0.0
2019-09-24,31.3,16.9,24.1,0.0,12.2,51,9,267,4,24.4,24.2,24.0,23.5,24.200000000000006,24.271428571428572,25.47857142857143,0.0,0.0,0.0,0.0,0.0,0.0,0.0
2019-09-25,30.7,17.0,23.7,0.0,13.9,53,9,268,4,24.1,24.4,24.2,25.0,24.233333333333338,24.357142857142858,25.192857142857143,0.0,0.0,0.0,0.0,0.0,0.0,0.0
2019-09-26,31.1,17.2,24.0,0.0,12.9,51,9,269,4,23.7,24.1,24.4,25.1,24.066666666666674,24.17142857142857,24.957142857142856,0.0,0.0,0.0,0.0,0.0,0.0,0.0
2019-09-27,30.9,17.4,24.3,0.0,10.6,48,9,270,4,24.0,23.7,24.1,23.7,23.93333333333334,24.014285714285716,24.74285714285714,0.0,0.0,0.0,0.0,0.0,0.0,0.0
2019-09-28,30.9,16.6,24.3,0.0,12.9,46,9,271,4,24.3,24.0,23.7,24.0,24.000000000000004,24.099999999999998,24.578571428571426,0.0,0.0,0.0,0.0,0.0,0.0,0.0
2019-09-29,30.8,16.7,23.3,0.0,13.9,54,9,272,4,24.3,24.3,24.0,24.2,24.200000000000006,24.142857142857142,24.349999999999998,0.0,0.0,0.0,0.0,0.0,0.0,0.0
2019-09-30,29.8,16.2,23.2,0.0,13.7,44,9,273,4,23.3,24.3,24.3,24.4,23.966666666666672,24.014285714285712,24.13571428571429,0.0,0.0,0.0,0.0,0.0,0.0,0.0
2019-10-01,29.6,15.8,23.1,0.0,17.1,29,10,274,4,23.2,23.3,24.3,24.1,23.60000000000001,23.842857142857145,24.057142857142857,0.0,0.0,0.0,0.0,0.0,0.0,0.0
2019-10-02,28.6,15.6,21.9,0.0,14.9,53,10,275,4,23.1,23.2,23.3,23.7,23.200000000000006,23.7,24.028571428571432,0.0,0.0,0.0,0.0,0.0,0.0,0.0
2019-10-03,25.0,15.8,20.7,1.0,15.2,46,10,276,4,21.9,23.1,23.2,24.0,22.733333333333338,23.442857142857143,23.807142857142857,0.0,0.0,0.0,0.0,0.0,0.0,0.0
2019-10-04,25.4,13.3,19.5,0.0,15.4,44,10,277,4,20.7,21.9,23.1,24.3,21.900000000000006,22.97142857142857,23.49285714285714,1.0,0.0,0.0,0.0,0.3333333333333317,0.14285714285714293,0.07142857142857142
2019-10-05,22.0,13.6,17.6,2.4,12.9,64,10,278,4,19.5,20.7,21.9,24.3,20.700000000000006,22.285714285714285,23.192857142857143,0.0,1.0,0.0,0.0,0.3333333333333317,0.14285714285714293,0.07142857142857142
2019-10-06,19.2,12.8,15.8,6.4,9.2,71,10,279,4,17.6,19.5,20.7,23.3,19.266666666666676,21.328571428571426,22.735714285714288,2.4,0.0,1.0,0.0,1.1333333333333317,0.48571428571428577,0.24285714285714285
2019-10-07,21.2,11.3,16.6,0.0,11.2,61,10,280,4,15.8,17.6,19.5,23.2,17.63333333333334,20.25714285714286,22.13571428571429,6.4,2.4,0.0,0.0,2.933333333333332,1.4000000000000001,0.7000000000000001
2019-10-08,23.4,14.4,19.1,0.0,11.2,38,10,281,4,16.6,15.8,17.6,23.1,16.666666666666675,19.314285714285717,21.578571428571426,0.0,6.4,2.4,0.0,2.933333333333332,1.4000000000000001,0.7000000000000001
2019-10-09,24.7,14.6,19.9,0.0,9.2,31,10,282,4,19.1,16.6,15.8,21.9,17.166666666666675,18.74285714285714,21.22142857142857,0.0,0.0,6.4,0.0,2.1333333333333315,1.4000000000000001,0.7000000000000001
2019-10-10,24.6,13.5,18.9,0.0,10.5,39,10,283,4,19.9,19.1,16.6,20.7,18.533333333333342,18.457142857142856,20.95,0.0,0.0,0.0,1.0,0.0,1.4000000000000001,0.7000000000000001
2019-10-11,24.0,12.2,18.6,0.0,10.7,40,10,284,4,18.9,19.9,19.1,19.5,19.300000000000008,18.2,20.58571428571429,0.0,0.0,0.0,0.0,0.0,1.2571428571428573,0.7000000000000001
2019-10-12,24.2,13.2,18.5,0.0,12.2,37,10,285,4,18.6,18.9,19.9,17.6,19.13333333333334,18.071428571428573,20.178571428571427,0.0,0.0,0.0,2.4,0.0,1.2571428571428573,0.7000000000000001
2019-10-13,24.3,13.6,19.5,0.0,10.0,36,10,286,4,18.5,18.6,18.9,15.8,18.666666666666675,18.2,19.764285714285712,0.0,0.0,0.0,6.4,0.0,0.9142857142857144,0.7000000000000001
2019-10-14,24.8,15.7,20.2,0.0,13.0,25,10,287,4,19.5,18.5,18.6,16.6,18.866666666666674,18.728571428571428,19.49285714285714,0.0,0.0,0.0,0.0,0.0,0.0,0.7000000000000001
2019-10-15,24.8,15.0,19.4,0.0,9.8,26,10,288,4,20.2,19.5,18.5,19.1,19.400000000000006,19.242857142857144,19.27857142857143,0.0,0.0,0.0,0.0,0.0,0.0,0.7000000000000001
2019-10-16,24.4,14.7,19.1,0.0,9.8,27,10,289,4,19.4,20.2,19.5,19.9,19.700000000000006,19.285714285714285,19.014285714285712,0.0,0.0,0.0,0.0,0.0,0.0,0.7000000000000001
2019-10-17,22.5,12.6,17.8,0.0,12.5,26,10,290,4,19.1,19.4,20.2,18.9,19.566666666666674,19.17142857142857,18.814285714285713,0.0,0.0,0.0,0.0,0.0,0.0,0.7000000000000001
2019-10-18,21.2,12.2,16.9,0.0,10.2,22,10,291,4,17.8,19.1,19.4,18.6,18.766666666666673,19.014285714285712,18.607142857142858,0.0,0.0,0.0,0.0,0.0,0.0,0.6285714285714287
2019-10-19,22.1,11.1,16.6,0.0,8.8,28,10,292,4,16.9,17.8,19.1,18.5,17.93333333333334,18.771428571428572,18.421428571428574,0.0,0.0,0.0,0.0,0.0,0.0,0.6285714285714287
2019-10-20,22.1,10.4,16.7,0.0,10.1,38,10,293,4,16.6,16.9,17.8,19.5,17.100000000000005,18.5,18.349999999999998,0.0,0.0,0.0,0.0,0.0,0.0,0.4571428571428572
2019-10-21,22.5,11.5,17.3,0.0,10.9,22,10,294,4,16.7,16.6,16.9,20.2,16.733333333333338,18.1,18.414285714285715,0.0,0.0,0.0,0.0,0.0,0.0,0.0
2019-10-22,22.2,11.8,17.1,0.0,18.1,27,10,295,4,17.3,16.7,16.6,19.4,16.866666666666674,17.685714285714287,18.464285714285715,0.0,0.0,0.0,0.0,0.0,0.0,0.0
2019-10-23,20.3,12.5,16.2,0.0,14.7,28,10,296,4,17.1,17.3,16.7,19.1,17.033333333333342,17.357142857142858,18.321428571428573,0.0,0.0,0.0,0.0,0.0,0.0,0.0
2019-10-24,19.7,10.8,15.1,0.0,10.4,23,10,297,4,16.2,17.1,17.3,17.8,16.866666666666674,16.942857142857143,18.057142857142857,0.0,0.0,0.0,0.0,0.0,0.0,0.0
2019-10-25,20.2,9.3,15.2,0.0,9.8,22,10,298,4,15.1,16.2,17.1,16.9,16.13333333333334,16.557142857142857,17.785714285714285,0.0,0.0,0.0,0.0,0.0,0.0,0.0
2019-10-26,22.3,12.5,16.8,0.0,7.0,21,10,299,4,15.2,15.1,16.2,16.6,15.500000000000007,16.314285714285713,17.54285714285714,0.0,0.0,0.0,0.0,0.0,0.0,0.0
2019-10-27,24.0,10.8,17.4,0.0,13.8,30,10,300,4,16.8,15.2,15.1,16.7,15.700000000000008,16.34285714285714,17.42142857142857,0.0,0.0,0.0,0.0,0.0,0.0,0.0
2019-10-28,24.9,13.6,19.1,0.0,12.0,30,10,301,4,17.4,16.8,15.2,17.3,16.466666666666672,16.442857142857143,17.27142857142857,0.0,0.0,0.0,0.0,0.0,0.0,0.0
2019-10-29,24.5,11.3,18.1,0.0,9.9,34,10,302,4,19.1,17.4,16.8,17.1,17.766666666666676,16.7,17.192857142857143,0.0,0.0,0.0,0.0,0.0,0.0,0.0
2019-10-30,23.7,11.6,18.1,0.0,9.0,33,10,303,4,18.1,19.1,17.4,16.2,18.200000000000006,16.842857142857145,17.1,0.0,0.0,0.0,0.0,0.0,0.0,0.0
2019-10-31,22.7,11.2,17.1,2.0,10.4,42,10,304,4,18.1,18.1,19.1,15.1,18.43333333333334,17.114285714285714,17.02857142857143,0.0,0.0,0.0,0.0,0.0,0.0,0.0
2019-11-01,19.4,11.1,14.6,5.3,9.2,74,11,305,4,17.1,18.1,18.1,15.2,17.766666666666676,17.400000000000002,16.978571428571428,2.0,0.0,0.0,0.0,0.6666666666666649,0.2857142857142857,0.14285714285714285
2019-11-02,18.1,11.2,14.5,1.8,8.4,69,11,306,4,14.6,17.1,18.1,16.8,16.600000000000005,17.314285714285713,16.814285714285713,5.3,2.0,0.0,0.0,2.4333333333333313,1.042857142857143,0.5214285714285715
2019-11-03,18.8,10.1,14.4,0.0,11.5,57,11,307,4,14.5,14.6,17.1,17.4,15.400000000000006,16.985714285714288,16.664285714285715,1.8,5.3,2.0,0.0,3.0333333333333314,1.3,0.65
2019-11-04,19.2,9.8,14.3,0.0,12.0,44,11,308,4,14.4,14.5,14.6,19.1,14.500000000000005,16.557142857142857,16.5,0.0,1.8,5.3,0.0,2.366666666666665,1.3,0.65
2019-11-05,19.9,9.5,13.9,1.3,20.8,50,11,309,4,14.3,14.4,14.5,18.1,14.400000000000006,15.871428571428572,16.285714285714285,0.0,0.0,1.8,0.0,0.5999999999999982,1.3,0.65
2019-11-06,13.3,5.6,9.3,0.2,18.0,60,11,310,4,13.9,14.3,14.4,18.1,14.200000000000005,15.27142857142857,16.057142857142857,1.3,0.0,0.0,0.0,0.43333333333333157,1.4857142857142858,0.7428571428571429
2019-11-07,12.7,4.1,7.9,0.0,13.3,45,11,311,4,9.3,13.9,14.3,17.1,12.500000000000007,14.014285714285716,15.564285714285715,0.2,1.3,0.0,2.0,0.4999999999999982,1.5142857142857142,0.7571428571428571
2019-11-08,15.3,4.1,9.4,0.0,8.5,26,11,312,4,7.9,9.3,13.9,14.6,10.366666666666672,12.7,15.05,0.0,0.2,1.3,5.3,0.4999999999999982,1.2285714285714284,0.7571428571428571
2019-11-09,16.7,4.3,10.6,0.0,10.4,29,11,313,4,9.4,7.9,9.3,14.5,8.866666666666672,11.957142857142857,14.635714285714286,0.0,0.0,0.2,1.8,0.06666666666666489,0.4714285714285715,0.7571428571428571
2019-11-10,15.8,7.9,11.4,0.0,8.8,23,11,314,4,10.6,9.4,7.9,14.4,9.300000000000006,11.4,14.192857142857145,0.0,0.0,0.0,0.0,0.0,0.21428571428571427,0.7571428571428571
2019-11-11,12.2,8.2,9.6,2.0,9.3,48,11,315,4,11.4,10.6,9.4,14.3,10.466666666666674,10.971428571428573,13.764285714285716,0.0,0.0,0.0,0.0,0.0,0.21428571428571427,0.7571428571428571
2019-11-12,11.6,6.3,8.3,0.4,9.4,75,11,316,4,9.6,11.4,10.6,13.9,10.53333333333334,10.299999999999999,13.085714285714287,2.0,0.0,0.0,1.3,0.6666666666666649,0.5,0.9
2019-11-13,15.5,5.3,10.3,1.3,8.3,64,11,317,4,8.3,9.6,11.4,9.3,9.766666666666673,9.5,12.385714285714286,0.4,2.0,0.0,0.2,0.7999999999999982,0.37142857142857144,0.9285714285714286
2019-11-14,13.9,7.1,9.5,11.7,10.6,74,11,318,4,10.3,8.3,9.6,7.9,9.400000000000007,9.642857142857142,11.828571428571427,1.3,0.4,2.0,0.0,1.2333333333333316,0.5285714285714286,1.0214285714285716
2019-11-15,11.6,7.1,8.8,9.9,12.1,81,11,319,4,9.5,10.3,8.3,9.4,9.366666666666672,9.87142857142857,11.285714285714286,11.7,1.3,0.4,0.0,4.466666666666665,2.1999999999999997,1.7142857142857142
2019-11-16,12.0,3.7,8.6,0.0,8.2,73,11,320,4,8.8,9.5,10.3,10.6,9.53333333333334,9.785714285714286,10.871428571428572,9.9,11.7,1.3,0.0,7.633333333333332,3.614285714285714,2.042857142857143
2019-11-17,13.7,5.4,9.8,0.0,8.7,48,11,321,4,8.6,8.8,9.5,11.4,8.966666666666674,9.5,10.450000000000001,0.0,9.9,11.7,0.0,7.199999999999998,3.614285714285714,1.9142857142857141
2019-11-18,14.1,6.9,10.3,0.0,9.6,43,11,322,4,9.8,8.6,8.8,9.6,9.066666666666672,9.271428571428572,10.121428571428572,0.0,0.0,9.9,2.0,3.2999999999999985,3.614285714285714,1.9142857142857141
2019-11-19,14.3,7.3,10.2,0.0,6.6,36,11,323,4,10.3,9.8,8.6,8.3,9.566666666666672,9.371428571428572,9.835714285714285,0.0,0.0,0.0,0.4,0.0,3.3285714285714283,1.9142857142857141
2019-11-20,18.0,7.7,12.3,0.0,9.8,42,11,324,4,10.2,10.3,9.8,10.3,10.100000000000007,9.642857142857142,9.571428571428571,0.0,0.0,0.0,1.3,0.0,3.2714285714285714,1.8214285714285714
2019-11-21,13.9,8.8,10.9,2.4,13.3,73,11,325,4,12.3,10.2,10.3,9.5,10.933333333333339,9.928571428571429,9.785714285714286,0.0,0.0,0.0,11.7,0.0,3.085714285714286,1.807142857142857
2019-11-22,11.7,7.5,9.8,14.5,11.3,87,11,326,4,10.9,12.3,10.2,8.8,11.13333333333334,10.12857142857143,10.0,2.4,0.0,0.0,9.9,0.7999999999999982,1.7571428571428573,1.9785714285714284
2019-11-23,10.6,5.3,7.5,0.0,8.1,79,11,327,4,9.8,10.9,12.3,8.6,11.000000000000007,10.271428571428572,10.028571428571428,14.5,2.4,0.0,0.0,5.633333333333332,2.414285714285714,3.0142857142857147
2019-11-24,10.2,3.4,6.3,0.0,8.1,75,11,328,4,7.5,9.8,10.9,9.8,9.400000000000006,10.114285714285714,9.807142857142855,0.0,14.5,2.4,0.0,5.633333333333332,2.414285714285714,3.0142857142857147
2019-11-25,9.8,1.9,5.5,0.0,10.3,77,11,329,4,6.3,7.5,9.8,10.3,7.866666666666673,9.614285714285714,9.442857142857141,0.0,0.0,14.5,0.0,4.833333333333331,2.414285714285714,3.0142857142857147
2019-11-26,10.3,1.1,5.5,0.0,11.0,81,11,330,4,5.5,6.3,7.5,10.2,6.43333333333334,8.928571428571429,9.15,0.0,0.0,0.0,0.0,0.0,2.414285714285714,2.8714285714285714
2019-11-27,8.3,0.6,4.7,0.0,10.5,79,11,331,4,5.5,5.5,6.3,12.3,5.766666666666673,8.257142857142858,8.95,0.0,0.0,0.0,0.0,0.0,2.414285714285714,2.8428571428571425
2019-11-28,9.3,1.8,5.2,0.0,8.4,60,11,332,4,4.7,5.5,5.5,10.9,5.233333333333339,7.171428571428572,8.55,0.0,0.0,0.0,2.4,0.0,2.414285714285714,2.75
2019-11-29,10.5,3.1,6.5,0.0,5.6,50,11,333,4,5.2,4.7,5.5,9.8,5.133333333333339,6.357142857142857,8.242857142857144,0.0,0.0,0.0,14.5,0.0,2.0714285714285716,1.9142857142857144
2019-11-30,13.7,5.7,8.9,0.0,7.5,45,11,334,4,6.5,5.2,4.7,7.5,5.466666666666672,5.885714285714286,8.07857142857143,0.0,0.0,0.0,0.0,0.0,0.0,1.207142857142857
2019-12-01,13.4,6.1,9.2,0.0,9.9,46,12,335,1,8.9,6.5,5.2,6.3,6.866666666666673,6.085714285714287,8.1,0.0,0.0,0.0,0.0,0.0,0.0,1.207142857142857
2019-12-02,14.2,4.6,8.8,0.0,7.2,48,12,336,1,9.2,8.9,6.5,5.5,8.200000000000006,6.5,8.057142857142857,0.0,0.0,0.0,0.0,0.0,0.0,1.207142857142857
2019-12-03,15.8,2.8,8.8,0.0,8.1,48,12,337,1,8.8,9.2,8.9,5.5,8.966666666666674,6.971428571428571,7.95,0.0,0.0,0.0,0.0,0.0,0.0,1.207142857142857
2019-12-04,15.9,5.0,9.6,0.0,7.9,45,12,338,1,8.8,8.8,9.2,4.7,8.933333333333339,7.442857142857143,7.8500000000000005,0.0,0.0,0.0,0.0,0.0,0.0,1.207142857142857
2019-12-05,15.8,4.6,10.1,0.0,8.2,42,12,339,1,9.6,8.8,8.8,5.2,9.066666666666672,8.142857142857144,7.6571428571428575,0.0,0.0,0.0,0.0,0.0,0.0,1.207142857142857
2019-12-06,14.8,3.4,9.3,0.0,8.0,40,12,340,1,10.1,9.6,8.8,6.5,9.500000000000005,8.842857142857143,7.6000000000000005,0.0,0.0,0.0,0.0,0.0,0.0,1.0357142857142858
2019-12-07,14.6,5.0,9.3,0.0,8.9,37,12,341,1,9.3,10.1,9.6,8.9,9.666666666666673,9.242857142857144,7.564285714285715,0.0,0.0,0.0,0.0,0.0,0.0,0.0
2019-12-08,13.8,4.2,9.1,0.0,7.5,40,12,342,1,9.3,9.3,10.1,9.2,9.566666666666674,9.299999999999999,7.692857142857143,0.0,0.0,0.0,0.0,0.0,0.0,0.0
2019-12-09,15.9,7.3,11.0,0.0,8.7,54,12,343,1,9.1,9.3,9.3,8.8,9.23333333333334,9.285714285714286,7.892857142857143,0.0,0.0,0.0,0.0,0.0,0.0,0.0
2019-12-10,15.2,5.8,10.5,2.7,15.5,66,12,344,1,11.0,9.1,9.3,8.8,9.800000000000006,9.6,8.285714285714286,0.0,0.0,0.0,0.0,0.0,0.0,0.0
2019-12-11,11.5,5.8,8.4,3.1,9.1,72,12,345,1,10.5,11.0,9.1,9.6,10.200000000000005,9.842857142857143,8.642857142857142,2.7,0.0,0.0,0.0,0.8999999999999982,0.38571428571428573,0.19285714285714287
2019-12-12,10.2,4.4,6.7,5.3,12.1,74,12,346,1,8.4,10.5,11.0,10.1,9.966666666666672,9.671428571428573,8.907142857142857,3.1,2.7,0.0,0.0,1.9333333333333318,0.8285714285714286,0.4142857142857143
2019-12-13,6.5,2.0,3.8,1.3,15.0,76,12,347,1,6.7,8.4,10.5,9.3,8.53333333333334,9.185714285714287,9.014285714285714,5.3,3.1,2.7,0.0,3.699999999999998,1.5857142857142856,0.7928571428571428
2019-12-14,9.4,1.2,4.9,0.0,9.5,46,12,348,1,3.8,6.7,8.4,9.3,6.300000000000007,8.4,8.821428571428571,1.3,5.3,3.1,0.0,3.233333333333332,1.7714285714285716,0.8857142857142858
2019-12-15,10.3,1.4,5.7,0.0,10.0,47,12,349,1,4.9,3.8,6.7,9.1,5.133333333333339,7.771428571428572,8.535714285714286,0.0,1.3,5.3,0.0,2.199999999999998,1.7714285714285716,0.8857142857142858
2019-12-16,10.5,3.7,6.8,0.0,11.7,48,12,350,1,5.7,4.9,3.8,11.0,4.800000000000005,7.285714285714286,8.285714285714286,0.0,0.0,1.3,0.0,0.43333333333333157,1.7714285714285716,0.8857142857142858
2019-12-17,11.8,5.0,7.9,0.0,6.7,44,12,351,1,6.8,5.7,4.9,10.5,5.800000000000007,6.685714285714286,8.142857142857142,0.0,0.0,0.0,2.7,0.0,1.7714285714285716,0.8857142857142858
2019-12-18,12.9,6.1,9.2,0.0,9.2,41,12,352,1,7.9,6.8,5.7,8.4,6.800000000000007,6.314285714285715,8.078571428571427,0.0,0.0,0.0,3.1,0.0,1.3857142857142857,0.8857142857142858
2019-12-19,11.6,5.1,8.1,1.0,11.3,67,12,353,1,9.2,7.9,6.8,6.7,7.966666666666673,6.428571428571429,8.05,0.0,0.0,0.0,5.3,0.0,0.9428571428571427,0.8857142857142858
2019-12-20,7.1,1.5,4.6,0.0,15.1,74,12,354,1,8.1,9.2,7.9,3.8,8.400000000000006,6.628571428571428,7.9071428571428575,1.0,0.0,0.0,1.3,0.33333333333333154,0.32857142857142857,0.9571428571428572
2019-12-21,8.1,-0.4,3.7,0.0,8.4,64,12,355,1,4.6,8.1,9.2,4.9,7.300000000000007,6.742857142857142,7.571428571428571,0.0,1.0,0.0,0.0,0.33333333333333154,0.14285714285714285,0.9571428571428572
2019-12-22,9.7,1.8,5.5,0.0,6.5,48,12,356,1,3.7,4.6,8.1,5.7,5.466666666666672,6.571428571428571,7.171428571428571,0.0,0.0,1.0,0.0,0.33333333333333154,0.14285714285714285,0.9571428571428572
2019-12-23,10.1,1.5,5.8,0.0,6.8,39,12,357,1,5.5,3.7,4.6,6.8,4.600000000000006,6.542857142857144,6.914285714285714,0.0,0.0,0.0,0.0,0.0,0.14285714285714285,0.9571428571428572
2019-12-24,10.0,2.8,5.9,0.0,9.0,37,12,358,1,5.8,5.5,3.7,7.9,5.000000000000006,6.3999999999999995,6.542857142857143,0.0,0.0,0.0,0.0,0.0,0.14285714285714285,0.9571428571428572
2019-12-25,10.0,2.7,5.9,0.0,8.9,40,12,359,1,5.9,5.8,5.5,9.2,5.733333333333339,6.114285714285714,6.214285714285714,0.0,0.0,0.0,0.0,0.0,0.14285714285714285,0.7642857142857142
2019-12-26,12.2,3.8,7.4,0.0,6.3,35,12,360,1,5.9,5.9,5.8,8.1,5.866666666666673,5.642857142857143,6.035714285714286,0.0,0.0,0.0,1.0,0.0,0.14285714285714285,0.5428571428571428
2019-12-27,14.3,5.1,9.3,0.0,7.2,29,12,361,1,7.4,5.9,5.9,4.6,6.400000000000006,5.542857142857144,6.0857142857142845,0.0,0.0,0.0,0.0,0.0,0.0,0.16428571428571428
2019-12-28,14.7,5.2,9.2,0.0,6.8,25,12,362,1,9.3,7.4,5.9,3.7,7.533333333333339,6.214285714285714,6.478571428571429,0.0,0.0,0.0,0.0,0.0,0.0,0.07142857142857142
2019-12-29,12.8,6.5,9.1,0.0,7.6,29,12,363,1,9.2,9.3,7.4,5.5,8.633333333333338,7.0,6.785714285714286,0.0,0.0,0.0,0.0,0.0,0.0,0.07142857142857142
2019-12-30,11.3,4.3,7.4,0.0,9.4,39,12,364,1,9.1,9.2,9.3,5.8,9.200000000000005,7.514285714285713,7.028571428571429,0.0,0.0,0.0,0.0,0.0,0.0,0.07142857142857142
2019-12-31,11.3,2.9,6.7,0.0,6.9,40,12,365,1,7.4,9.1,9.2,5.9,8.566666666666672,7.742857142857143,7.071428571428571,0.0,0.0,0.0,0.0,0.0,0.0,0.07142857142857142
2020-01-01,9.3,0.4,4.2,0.0,17.4,70,1,1,1,6.7,7.4,9.1,5.9,7.733333333333339,7.857142857142857,6.985714285714286,0.0,0.0,0.0,0.0,0.0,0.0,0.07142857142857142
2020-01-02,8.4,2.3,4.9,2.7,14.2,58,1,2,1,4.2,6.7,7.4,7.4,6.100000000000006,7.614285714285714,6.628571428571428,0.0,0.0,0.0,0.0,0.0,0.0,0.07142857142857142
2020-01-03,10.8,2.0,6.0,3.4,11.4,72,1,3,1,4.9,4.2,6.7,9.3,5.266666666666673,7.257142857142857,6.4,2.7,0.0,0.0,0.0,0.8999999999999982,0.38571428571428573,0.19285714285714287
2020-01-04,9.7,3.8,6.5,0.4,9.5,71,1,4,1,6.0,4.9,4.2,9.2,5.033333333333339,6.785714285714286,6.5,3.4,2.7,0.0,0.0,2.0333333333333314,0.8714285714285713,0.43571428571428567
2020-01-05,9.6,5.8,7.7,15.0,10.7,81,1,5,1,6.5,6.0,4.9,9.1,5.800000000000007,6.3999999999999995,6.700000000000001,0.4,3.4,2.7,0.0,2.1666666666666647,0.9285714285714286,0.4642857142857143
2020-01-06,9.1,3.1,6.0,39.7,10.3,89,1,6,1,7.7,6.5,6.0,7.4,6.733333333333339,6.200000000000001,6.857142857142857,15.0,0.4,3.4,0.0,6.266666666666665,3.0714285714285716,1.5357142857142858
2020-01-07,6.4,0.0,3.7,0.7,17.4,79,1,7,1,6.0,7.7,6.5,6.7,6.733333333333339,6.0,6.871428571428571,39.7,15.0,0.4,0.0,18.366666666666664,8.742857142857144,4.371428571428572
2020-01-08,4.8,-2.0,1.0,0.0,12.5,77,1,8,1,3.7,6.0,7.7,4.2,5.800000000000007,5.571428571428571,6.714285714285714,0.7,39.7,15.0,0.0,18.466666666666665,8.842857142857143,4.421428571428572
2020-01-09,11.9,-1.7,4.2,0.0,9.8,44,1,9,1,1.0,3.7,6.0,4.9,3.566666666666673,5.114285714285714,6.364285714285714,0.0,0.7,39.7,2.7,13.466666666666667,8.842857142857143,4.421428571428572
2020-01-10,7.8,-2.9,2.5,0.0,9.2,64,1,10,1,4.2,1.0,3.7,6.0,2.9666666666666726,5.014285714285714,6.135714285714286,0.0,0.0,0.7,3.4,0.23333333333333095,8.457142857142857,4.421428571428572
2020-01-11,5.7,2.1,3.6,19.5,13.7,78,1,11,1,2.5,4.2,1.0,6.5,2.5666666666666726,4.514285714285714,5.6499999999999995,0.0,0.0,0.0,0.4,0.0,7.971428571428572,4.421428571428572
2020-01-12,3.5,-0.3,1.0,29.8,13.7,87,1,12,1,3.6,2.5,4.2,7.7,3.4333333333333393,4.1000000000000005,5.25,19.5,0.0,0.0,15.0,6.499999999999997,10.700000000000001,5.814285714285715
2020-01-13,0.8,-3.8,-1.7,2.5,14.7,91,1,13,1,1.0,3.6,2.5,6.0,2.3666666666666725,3.142857142857143,4.671428571428571,29.8,19.5,0.0,39.7,16.433333333333334,12.814285714285715,7.942857142857143
2020-01-14,0.2,-5.0,-2.9,0.0,5.9,86,1,14,1,-1.7,1.0,3.6,3.7,0.9666666666666727,2.0428571428571427,4.021428571428571,2.5,29.8,19.5,0.7,17.266666666666666,7.5,8.121428571428572
2020-01-15,0.2,-4.4,-2.2,0.0,5.9,82,1,15,1,-2.9,-1.7,1.0,1.0,-1.1999999999999942,1.1,3.335714285714286,0.0,2.5,29.8,0.0,10.766666666666666,7.3999999999999995,8.121428571428572
2020-01-16,0.7,-4.6,-2.1,0.0,4.8,84,1,16,1,-2.2,-2.9,-1.7,4.2,-2.266666666666661,0.6428571428571429,2.8785714285714286,0.0,0.0,2.5,0.0,0.8333333333333309,7.3999999999999995,8.121428571428572
2020-01-17,-0.9,-4.6,-3.0,0.0,7.9,87,1,17,1,-2.1,-2.2,-2.9,2.5,-2.3999999999999946,-0.2571428571428572,2.378571428571429,0.0,0.0,0.0,0.0,0.0,7.3999999999999995,7.928571428571429
2020-01-18,1.3,-4.9,-2.7,0.0,7.6,71,1,18,1,-3.0,-2.1,-2.2,3.6,-2.433333333333328,-1.042857142857143,1.7357142857142858,0.0,0.0,0.0,19.5,0.0,7.3999999999999995,7.685714285714286
2020-01-19,5.4,-2.1,2.0,0.0,9.2,50,1,19,1,-2.7,-3.0,-2.1,1.0,-2.5999999999999943,-1.942857142857143,1.0785714285714285,0.0,0.0,0.0,29.8,0.0,4.614285714285714,7.6571428571428575
2020-01-20,4.4,1.6,2.7,13.2,7.7,80,1,20,1,2.0,-2.7,-3.0,-1.7,-1.2333333333333276,-1.8000000000000003,0.6714285714285715,0.0,0.0,0.0,2.5,0.0,0.35714285714285715,6.585714285714286
2020-01-21,5.1,-0.4,2.6,1.5,8.0,92,1,21,1,2.7,2.0,-2.7,-2.9,0.6666666666666726,-1.1714285714285715,0.43571428571428567,13.2,0.0,0.0,0.0,4.399999999999998,1.8857142857142857,4.692857142857143
2020-01-22,7.9,-6.9,1.7,0.0,8.8,79,1,22,1,2.6,2.7,2.0,-2.2,2.4333333333333393,-0.3857142857142858,0.35714285714285715,1.5,13.2,0.0,0.0,4.899999999999998,2.1,4.75
2020-01-23,9.5,0.7,4.2,0.0,9.3,68,1,23,1,1.7,2.6,2.7,-2.1,2.3333333333333393,0.17142857142857135,0.40714285714285714,0.0,1.5,13.2,0.0,4.899999999999998,2.1,4.75
2020-01-24,9.8,1.1,5.5,5.8,10.2,78,1,24,1,4.2,1.7,2.6,-3.0,2.8333333333333393,1.0714285714285714,0.40714285714285714,0.0,0.0,1.5,0.0,0.4999999999999976,2.1,4.75
2020-01-25,9.7,3.1,6.0,5.4,11.7,87,1,25,1,5.5,4.2,1.7,-2.7,3.800000000000006,2.2857142857142856,0.6214285714285713,5.8,0.0,0.0,0.0,1.933333333333331,2.9285714285714284,5.164285714285714
2020-01-26,10.0,-0.5,4.3,3.4,10.0,82,1,26,1,6.0,5.5,4.2,2.0,5.233333333333339,3.5285714285714285,0.7928571428571429,5.4,5.8,0.0,0.0,3.7333333333333307,3.6999999999999997,4.157142857142857
2020-01-27,4.6,1.1,3.1,4.3,13.0,88,1,27,1,4.3,6.0,5.5,2.7,5.266666666666673,3.857142857142857,1.0285714285714287,3.4,5.4,5.8,13.2,4.8666666666666645,4.185714285714286,2.2714285714285714
2020-01-28,4.1,0.8,1.9,1.3,15.2,89,1,28,1,3.1,4.3,6.0,2.6,4.466666666666673,3.914285714285714,1.3714285714285717,4.3,3.4,5.4,1.5,4.3666666666666645,2.914285714285714,2.4
2020-01-29,4.7,-1.3,1.4,0.0,9.2,80,1,29,1,1.9,3.1,4.3,1.7,3.1000000000000063,3.814285714285714,1.7142857142857142,1.3,4.3,3.4,0.0,2.999999999999998,2.8857142857142857,2.492857142857143
2020-01-30,8.8,-3.1,2.5,0.0,9.3,64,1,30,1,1.4,1.9,3.1,4.2,2.1333333333333395,3.7714285714285714,1.9714285714285713,0.0,1.3,4.3,0.0,1.8666666666666643,2.8857142857142857,2.492857142857143
2020-01-31,6.2,-0.1,3.3,0.5,18.4,60,1,31,1,2.5,1.4,1.9,5.5,1.9333333333333391,3.5285714285714285,2.3000000000000003,0.0,0.0,1.3,5.8,0.4333333333333313,2.8857142857142857,2.492857142857143
2020-02-01,10.6,-1.2,3.8,0.0,9.4,61,2,32,1,3.3,2.5,1.4,6.0,2.4000000000000057,3.2142857142857144,2.75,0.5,0.0,0.0,5.4,0.1666666666666646,2.1285714285714286,2.5285714285714285
2020-02-02,9.7,-1.0,3.7,0.0,11.8,62,2,33,1,3.8,3.3,2.5,4.3,3.200000000000006,2.9,3.2142857142857144,0.0,0.5,0.0,3.4,0.1666666666666646,1.3571428571428572,2.5285714285714285
2020-02-03,7.7,1.3,4.1,8.8,11.5,79,2,34,1,3.7,3.8,3.3,3.1,3.6000000000000054,2.814285714285714,3.335714285714286,0.0,0.0,0.5,4.3,0.1666666666666646,0.8714285714285716,2.5285714285714285
2020-02-04,6.1,-1.0,2.6,0.3,8.6,75,2,35,1,4.1,3.7,3.8,1.9,3.8666666666666725,2.9571428571428564,3.435714285714286,8.8,0.0,0.0,1.3,2.9333333333333313,1.5142857142857145,2.2142857142857144
2020-02-05,10.1,-2.1,3.8,0.0,9.5,56,2,36,1,2.6,4.1,3.7,1.4,3.466666666666672,3.057142857142857,3.435714285714286,0.3,8.8,0.0,0.0,3.0333333333333314,1.3714285714285717,2.1285714285714286
2020-02-06,8.6,1.8,4.6,0.0,13.8,54,2,37,1,3.8,2.6,4.1,2.5,3.5000000000000058,3.4,3.585714285714286,0.0,0.3,8.8,0.0,3.0333333333333314,1.3714285714285717,2.1285714285714286
2020-02-07,11.7,1.8,6.1,0.0,9.0,47,2,38,1,4.6,3.8,2.6,3.3,3.6666666666666727,3.6999999999999997,3.6142857142857143,0.0,0.0,0.3,0.5,0.09999999999999763,1.3714285714285717,2.1285714285714286
2020-02-08,13.2,3.5,8.0,0.0,7.0,46,2,39,1,6.1,4.6,3.8,3.8,4.833333333333339,4.1,3.6571428571428575,0.0,0.0,0.0,0.0,0.0,1.3000000000000003,1.7142857142857142
2020-02-09,14.6,2.7,7.8,0.0,7.9,54,2,40,1,8.0,6.1,4.6,3.7,6.233333333333339,4.7,3.8000000000000003,0.0,0.0,0.0,0.0,0.0,1.3000000000000003,1.3285714285714287
2020-02-10,14.0,3.0,7.9,0.0,14.3,67,2,41,1,7.8,8.0,6.1,4.1,7.300000000000005,5.285714285714286,4.05,0.0,0.0,0.0,8.8,0.0,1.3000000000000003,1.0857142857142859
2020-02-11,10.9,4.7,7.9,7.6,10.2,79,2,42,1,7.9,7.8,8.0,2.6,7.900000000000006,5.828571428571428,4.392857142857143,0.0,0.0,0.0,0.3,0.0,0.04285714285714286,0.7785714285714287
2020-02-12,11.9,6.1,9.0,27.2,11.2,79,2,43,1,7.9,7.9,7.8,3.8,7.866666666666673,6.5857142857142845,4.821428571428571,7.6,0.0,0.0,0.0,2.533333333333331,1.0857142857142856,1.2285714285714284
2020-02-13,9.2,2.9,6.7,6.4,17.8,64,2,44,1,9.0,7.9,7.9,4.6,8.266666666666673,7.328571428571428,5.364285714285715,27.2,7.6,0.0,0.0,11.599999999999996,4.971428571428571,3.1714285714285713
2020-02-14,13.0,3.1,7.9,0.0,8.0,36,2,45,1,6.7,9.0,7.9,6.1,7.866666666666673,7.628571428571428,5.6642857142857155,6.4,27.2,7.6,0.0,13.733333333333333,5.885714285714286,3.6285714285714286
2020-02-15,14.8,7.6,10.3,0.0,12.2,33,2,46,1,7.9,6.7,9.0,8.0,7.866666666666673,7.885714285714285,5.992857142857142,0.0,6.4,27.2,0.0,11.199999999999998,5.885714285714286,3.5928571428571425
2020-02-16,12.4,5.5,8.7,0.0,8.2,38,2,47,1,10.3,7.9,6.7,7.8,8.300000000000006,8.214285714285715,6.457142857142857,0.0,0.0,6.4,0.0,2.1333333333333324,5.885714285714286,3.5928571428571425
2020-02-17,15.8,7.4,10.9,0.0,7.5,32,2,48,1,8.7,10.3,7.9,7.9,8.966666666666674,8.342857142857143,6.814285714285714,0.0,0.0,0.0,0.0,0.0,5.885714285714286,3.5928571428571425
2020-02-18,15.6,9.1,11.8,0.0,12.5,39,2,49,1,10.9,8.7,10.3,7.9,9.966666666666674,8.771428571428572,7.3,0.0,0.0,0.0,7.6,0.0,5.885714285714286,2.9642857142857144
2020-02-19,9.6,4.3,7.6,0.0,16.2,58,2,50,1,11.8,10.9,8.7,9.0,10.466666666666674,9.328571428571431,7.957142857142857,0.0,0.0,0.0,27.2,0.0,4.8,2.9428571428571426
2020-02-20,12.2,2.9,6.9,0.0,11.3,61,2,51,1,7.6,11.8,10.9,6.7,10.100000000000007,9.12857142857143,8.22857142857143,0.0,0.0,0.0,6.4,0.0,0.9142857142857148,2.9428571428571426
2020-02-21,15.7,2.7,9.0,0.0,12.9,53,2,52,1,6.9,7.6,11.8,7.9,8.766666666666673,9.157142857142858,8.392857142857142,0.0,0.0,0.0,0.0,0.0,0.0,2.9428571428571426
2020-02-22,16.8,4.3,10.2,0.2,10.0,57,2,53,1,9.0,6.9,7.6,10.3,7.833333333333339,9.314285714285715,8.6,0.0,0.0,0.0,0.0,0.0,0.0,2.9428571428571426
2020-02-23,17.5,4.8,10.7,0.0,9.4,61,2,54,1,10.2,9.0,6.9,8.7,8.700000000000005,9.299999999999999,8.757142857142858,0.2,0.0,0.0,0.0,0.06666666666666549,0.02857142857142908,2.957142857142857
2020-02-24,15.9,5.9,11.2,0.0,14.4,59,2,55,1,10.7,10.2,9.0,10.9,9.966666666666674,9.585714285714285,8.964285714285715,0.0,0.2,0.0,0.0,0.06666666666666549,0.02857142857142908,2.957142857142857
2020-02-25,16.2,8.0,12.1,0.0,11.9,45,2,56,1,11.2,10.7,10.2,11.8,10.700000000000005,9.628571428571428,9.200000000000001,0.0,0.0,0.2,0.0,0.06666666666666549,0.02857142857142908,2.957142857142857
2020-02-26,21.0,6.1,13.8,0.0,8.6,48,2,57,1,12.1,11.2,10.7,7.6,11.333333333333337,9.671428571428573,9.5,0.0,0.0,0.0,0.0,0.0,0.02857142857142908,2.414285714285714
2020-02-27,21.2,7.8,14.0,0.8,13.2,53,2,58,1,13.8,12.1,11.2,6.9,12.366666666666674,10.557142857142859,9.842857142857143,0.0,0.0,0.0,0.0,0.0,0.02857142857142908,0.4714285714285715
2020-02-28,12.9,7.4,9.8,0.0,11.7,61,2,59,1,14.0,13.8,12.1,9.0,13.300000000000006,11.571428571428571,10.364285714285716,0.8,0.0,0.0,0.0,0.2666666666666655,0.14285714285714338,0.07142857142857142
2020-02-29,14.1,5.7,9.4,0.0,7.8,52,2,60,1,9.8,14.0,13.8,10.2,12.53333333333334,11.685714285714285,10.5,0.0,0.8,0.0,0.2,0.2666666666666655,0.14285714285714338,0.07142857142857142
2020-03-01,16.7,2.8,10.1,0.0,10.5,61,3,61,2,9.4,9.8,14.0,10.7,11.066666666666672,11.571428571428571,10.435714285714285,0.0,0.0,0.8,0.0,0.2666666666666655,0.1142857142857148,0.07142857142857142
2020-03-02,18.1,4.7,11.4,0.0,7.8,60,3,62,2,10.1,9.4,9.8,11.2,9.766666666666673,11.485714285714286,10.535714285714286,0.0,0.0,0.0,0.0,0.0,0.1142857142857148,0.07142857142857142
2020-03-03,17.3,4.8,10.9,0.3,16.8,63,3,63,2,11.4,10.1,9.4,12.1,10.300000000000006,11.514285714285714,10.571428571428571,0.0,0.0,0.0,0.0,0.0,0.1142857142857148,0.07142857142857142
2020-03-04,16.2,5.9,10.9,0.8,15.0,56,3,64,2,10.9,11.4,10.1,13.8,10.800000000000006,11.342857142857143,10.507142857142856,0.3,0.0,0.0,0.0,0.09999999999999881,0.15714285714285767,0.09285714285714286
2020-03-05,8.2,2.1,4.7,6.9,14.7,72,3,65,2,10.9,10.9,11.4,14.0,11.066666666666672,10.928571428571429,10.742857142857144,0.8,0.3,0.0,0.8,0.36666666666666553,0.27142857142857196,0.15
2020-03-06,11.9,3.4,7.1,0.0,16.6,65,3,66,2,4.7,10.9,10.9,9.8,8.833333333333341,9.6,10.585714285714285,6.9,0.8,0.3,0.0,2.6666666666666656,1.1428571428571435,0.6428571428571429
2020-03-07,12.3,3.5,7.7,0.0,16.3,39,3,67,2,7.1,4.7,10.9,9.4,7.566666666666673,9.214285714285714,10.45,0.0,6.9,0.8,0.0,2.5666666666666655,1.1428571428571435,0.6428571428571429
2020-03-08,13.3,2.3,7.9,0.0,6.4,27,3,68,2,7.7,7.1,4.7,10.1,6.500000000000006,8.971428571428572,10.271428571428572,0.0,0.0,6.9,0.0,2.299999999999999,1.1428571428571435,0.6285714285714287
2020-03-09,15.8,2.0,8.0,0.2,15.3,49,3,69,2,7.9,7.7,7.1,11.4,7.566666666666673,8.657142857142858,10.071428571428571,0.0,0.0,0.0,0.0,0.0,1.1428571428571435,0.6285714285714287
2020-03-10,10.5,2.1,5.8,5.8,14.9,69,3,70,2,8.0,7.9,7.7,10.9,7.866666666666672,8.171428571428573,9.842857142857142,0.2,0.0,0.0,0.3,0.06666666666666549,1.171428571428572,0.6428571428571429
2020-03-11,6.8,1.3,3.5,0.8,15.8,75,3,71,2,5.8,8.0,7.9,10.9,7.233333333333339,7.442857142857143,9.392857142857142,5.8,0.2,0.0,0.8,1.999999999999999,1.9571428571428575,1.0571428571428572
2020-03-12,9.0,-0.3,4.8,0.0,16.4,54,3,72,2,3.5,5.8,8.0,4.7,5.766666666666673,6.385714285714286,8.657142857142857,0.8,5.8,0.2,6.9,2.2666666666666653,1.9571428571428575,1.1142857142857143
2020-03-13,13.4,3.7,8.4,0.0,12.9,60,3,73,2,4.8,3.5,5.8,7.1,4.7000000000000055,6.3999999999999995,8.0,0.0,0.8,5.8,0.0,2.199999999999999,0.9714285714285718,1.0571428571428572
2020-03-14,16.5,5.8,10.9,0.0,13.8,43,3,74,2,8.4,4.8,3.5,7.7,5.566666666666673,6.5857142857142845,7.9,0.0,0.0,0.8,0.0,0.2666666666666655,0.9714285714285718,1.0571428571428572
2020-03-15,17.2,6.9,11.7,0.0,11.6,47,3,75,2,10.9,8.4,4.8,7.9,8.03333333333334,7.042857142857144,8.007142857142856,0.0,0.0,0.0,0.0,0.0,0.9714285714285718,1.0571428571428572
2020-03-16,18.6,6.4,12.8,0.0,9.9,56,3,76,2,11.7,10.9,8.4,8.0,10.33333333333334,7.585714285714286,8.121428571428572,0.0,0.0,0.0,0.2,0.0,0.9714285714285718,1.0571428571428572
2020-03-17,18.6,7.7,13.4,0.2,14.6,54,3,77,2,12.8,11.7,10.9,5.8,11.800000000000006,8.27142857142857,8.221428571428572,0.0,0.0,0.0,5.8,0.0,0.9428571428571432,1.0571428571428572
2020-03-18,20.5,7.9,14.5,0.0,16.2,44,3,78,2,13.4,12.8,11.7,3.5,12.63333333333334,9.357142857142858,8.4,0.2,0.0,0.0,0.8,0.06666666666666549,0.14285714285714324,1.05
2020-03-19,21.6,9.4,15.8,0.0,14.7,36,3,79,2,14.5,13.4,12.8,4.8,13.566666666666672,10.928571428571429,8.657142857142857,0.0,0.2,0.0,0.0,0.06666666666666549,0.028571428571428952,0.9928571428571429
2020-03-20,20.7,9.2,14.4,1.6,18.9,52,3,80,2,15.8,14.5,13.4,8.4,14.566666666666672,12.5,9.450000000000001,0.0,0.0,0.2,0.0,0.06666666666666549,0.028571428571428952,0.5
2020-03-21,21.3,7.6,14.3,0.0,15.8,49,3,81,2,14.4,15.8,14.5,10.9,14.900000000000006,13.357142857142858,9.971428571428572,1.6,0.0,0.0,0.0,0.5333333333333322,0.2571428571428575,0.6142857142857142
2020-03-22,16.6,9.5,12.9,3.8,17.9,74,3,82,2,14.3,14.4,15.8,11.7,14.833333333333341,13.842857142857143,10.442857142857141,0.0,1.6,0.0,0.0,0.5333333333333322,0.2571428571428575,0.6142857142857142
2020-03-23,14.6,9.6,12.1,8.2,12.2,83,3,83,2,12.9,14.3,14.4,12.8,13.866666666666672,14.014285714285716,10.8,3.8,0.0,1.6,0.0,1.799999999999999,0.8000000000000004,0.8857142857142858
2020-03-24,17.3,8.2,12.0,0.1,11.5,67,3,84,2,12.1,12.9,14.3,13.4,13.100000000000007,13.914285714285715,11.092857142857143,8.2,3.8,0.0,0.2,3.9999999999999987,1.9714285714285715,1.457142857142857
2020-03-25,17.5,6.3,11.4,0.2,14.8,69,3,85,2,12.0,12.1,12.9,14.5,12.333333333333337,13.714285714285714,11.535714285714286,0.1,8.2,3.8,0.0,4.033333333333332,1.9571428571428573,1.05
2020-03-26,16.9,6.8,11.2,0.2,15.9,72,3,86,2,11.4,12.0,12.1,15.8,11.833333333333341,13.271428571428572,12.1,0.2,0.1,8.2,0.0,2.8333333333333326,1.985714285714286,1.0071428571428571
2020-03-27,15.3,6.4,11.1,0.3,17.2,69,3,87,2,11.2,11.4,12.0,14.4,11.533333333333339,12.614285714285716,12.557142857142855,0.2,0.2,0.1,1.6,0.16666666666666607,2.0142857142857147,1.0214285714285714
2020-03-28,15.0,9.0,11.8,0.1,16.7,50,3,88,2,11.1,11.2,11.4,14.3,11.23333333333334,12.142857142857142,12.75,0.3,0.2,0.2,0.0,0.23333333333333275,1.8285714285714287,1.042857142857143
2020-03-29,18.2,6.4,12.2,3.3,13.0,57,3,89,2,11.8,11.1,11.2,12.9,11.366666666666674,11.785714285714286,12.814285714285715,0.1,0.3,0.2,3.8,0.1999999999999994,1.842857142857143,1.05
2020-03-30,16.6,10.0,12.6,11.1,11.3,76,3,90,2,12.2,11.8,11.1,12.1,11.700000000000005,11.685714285714285,12.849999999999998,3.3,0.1,0.3,8.2,1.2333333333333327,1.7714285714285716,1.2857142857142858
2020-03-31,15.7,7.9,12.2,3.7,12.6,68,3,91,2,12.6,12.2,11.8,12.0,12.200000000000005,11.757142857142856,12.835714285714287,11.1,3.3,0.1,0.1,4.833333333333332,2.185714285714286,2.0785714285714283
2020-04-01,16.8,7.5,12.4,0.6,15.6,58,4,92,2,12.2,12.6,12.2,11.4,12.333333333333337,11.785714285714286,12.75,3.7,11.1,3.3,0.2,6.033333333333332,2.7,2.3285714285714287
2020-04-02,17.8,8.2,13.1,0.0,9.4,37,4,93,2,12.4,12.2,12.6,11.2,12.400000000000006,11.928571428571429,12.6,0.6,3.7,11.1,0.2,5.133333333333333,2.757142857142857,2.371428571428571
2020-04-03,19.6,11.1,15.2,0.0,12.7,37,4,94,2,13.1,12.4,12.2,11.1,12.566666666666672,12.200000000000001,12.407142857142857,0.0,0.6,3.7,0.3,1.4333333333333333,2.728571428571428,2.371428571428571
2020-04-04,19.5,10.1,14.1,2.8,13.2,61,4,95,2,15.2,13.1,12.4,11.8,13.566666666666672,12.785714285714286,12.464285714285714,0.0,0.0,0.6,0.1,0.19999999999999998,2.685714285714286,2.257142857142857
2020-04-05,20.7,11.0,15.6,0.0,11.5,45,4,96,2,14.1,15.2,13.1,12.2,14.13333333333334,13.114285714285714,12.450000000000001,2.8,0.0,0.0,3.3,0.9333333333333332,3.0714285714285716,2.457142857142857
2020-04-06,21.1,9.8,15.9,0.8,13.1,42,4,97,2,15.6,14.1,15.2,12.6,14.96666666666667,13.599999999999998,12.642857142857142,0.0,2.8,0.0,11.1,0.9333333333333332,2.6,2.185714285714286
2020-04-07,19.2,10.9,14.8,0.0,13.4,33,4,98,2,15.9,15.6,14.1,12.2,15.200000000000008,14.071428571428571,12.914285714285715,0.8,0.0,2.8,3.7,1.2,1.1285714285714288,1.6571428571428568
2020-04-08,22.4,10.9,16.5,0.0,9.0,31,4,99,2,14.8,15.9,15.6,12.4,15.433333333333339,14.442857142857141,13.114285714285714,0.0,0.8,0.0,0.6,0.26666666666666666,0.6000000000000003,1.65
2020-04-09,23.9,11.5,17.7,0.0,20.5,38,4,100,2,16.5,14.8,15.9,13.1,15.73333333333334,15.028571428571427,13.478571428571428,0.0,0.0,0.8,0.0,0.26666666666666666,0.5142857142857145,1.6357142857142857
2020-04-10,23.4,11.2,17.5,0.0,11.2,38,4,101,2,17.7,16.5,14.8,15.2,16.33333333333334,15.685714285714285,13.942857142857145,0.0,0.0,0.0,0.0,0.0,0.5142857142857145,1.6214285714285712
2020-04-11,26.6,13.9,20.3,1.1,12.3,36,4,102,2,17.5,17.7,16.5,14.1,17.233333333333338,16.014285714285712,14.400000000000002,0.0,0.0,0.0,2.8,0.0,0.5142857142857145,1.5999999999999999
2020-04-12,26.9,13.6,20.7,0.0,15.8,43,4,103,2,20.3,17.5,17.7,15.6,18.500000000000007,16.900000000000002,15.007142857142856,1.1,0.0,0.0,0.0,0.3666666666666667,0.2714285714285717,1.6714285714285713
2020-04-13,27.1,13.3,21.1,0.0,13.1,36,4,104,2,20.7,20.3,17.5,15.9,19.500000000000004,17.62857142857143,15.614285714285716,0.0,1.1,0.0,0.8,0.3666666666666667,0.2714285714285717,1.4357142857142855
2020-04-14,21.8,14.3,17.9,0.6,16.5,46,4,105,2,21.1,20.7,20.3,14.8,20.700000000000006,18.37142857142857,16.22142857142857,0.0,0.0,1.1,0.0,0.3666666666666667,0.15714285714285742,0.6428571428571429
2020-04-15,22.2,11.1,16.6,0.0,16.2,49,4,106,2,17.9,21.1,20.7,16.5,19.900000000000006,18.814285714285717,16.62857142857143,0.6,0.0,0.0,0.0,0.19999999999999998,0.24285714285714313,0.42142857142857143
2020-04-16,18.9,12.5,15.8,0.8,10.1,45,4,107,2,16.6,17.9,21.1,17.7,18.533333333333342,18.82857142857143,16.928571428571427,0.0,0.6,0.0,0.0,0.19999999999999998,0.24285714285714313,0.3785714285714286
2020-04-17,15.6,11.7,13.2,12.5,14.2,77,4,108,2,15.8,16.6,17.9,17.5,16.766666666666673,18.557142857142857,17.12142857142857,0.8,0.0,0.6,0.0,0.4666666666666666,0.3571428571428574,0.4357142857142858
2020-04-18,18.0,10.3,14.2,0.0,12.0,64,4,109,2,13.2,15.8,16.6,20.3,15.200000000000008,17.942857142857143,16.97857142857143,12.5,0.8,0.0,1.1,4.433333333333334,2.1428571428571432,1.3285714285714287
2020-04-19,20.5,10.2,15.7,1.7,9.7,53,4,110,2,14.2,13.2,15.8,20.7,14.400000000000006,17.071428571428573,16.985714285714284,0.0,12.5,0.8,0.0,4.433333333333334,1.985714285714286,1.1285714285714286
2020-04-20,20.1,11.2,16.2,0.2,14.2,51,4,111,2,15.7,14.2,13.2,21.1,14.366666666666672,16.357142857142858,16.992857142857144,1.7,0.0,12.5,0.0,4.733333333333333,2.2285714285714286,1.25
2020-04-21,23.7,12.2,18.5,0.0,14.7,37,4,112,2,16.2,15.7,14.2,17.9,15.366666666666672,15.657142857142857,17.014285714285712,0.2,1.7,0.0,0.6,0.6333333333333333,2.2571428571428576,1.207142857142857
2020-04-22,21.6,15.3,18.4,2.5,11.0,44,4,113,2,18.5,16.2,15.7,16.6,16.800000000000008,15.742857142857144,17.27857142857143,0.0,0.2,1.7,0.0,0.6333333333333333,2.1714285714285717,1.207142857142857
2020-04-23,22.4,12.3,18.1,0.2,11.2,54,4,114,2,18.4,18.5,16.2,15.8,17.700000000000003,16.0,17.414285714285715,2.5,0.0,0.2,0.8,0.9,2.528571428571429,1.3857142857142857
2020-04-24,25.4,12.6,19.7,0.5,15.9,44,4,115,2,18.1,18.4,18.5,13.2,18.33333333333334,16.32857142857143,17.442857142857143,0.2,2.5,0.0,12.5,0.9,2.442857142857143,1.4000000000000001
2020-04-25,26.9,14.0,21.7,0.1,17.2,33,4,116,2,19.7,18.1,18.4,14.2,18.733333333333338,17.257142857142856,17.599999999999998,0.5,0.2,2.5,0.0,1.0666666666666667,0.7285714285714288,1.4357142857142857
2020-04-26,28.5,16.4,23.2,0.0,15.9,21,4,117,2,21.7,19.7,18.1,15.7,19.83333333333334,18.328571428571426,17.7,0.1,0.5,0.2,1.7,0.26666666666666666,0.7428571428571431,1.3642857142857143
2020-04-27,29.1,15.7,22.8,0.4,13.5,25,4,118,2,23.2,21.7,19.7,16.2,21.533333333333342,19.400000000000002,17.878571428571426,0.0,0.1,0.5,0.2,0.20000000000000004,0.5000000000000002,1.3642857142857143
2020-04-28,28.9,15.8,22.0,0.6,16.2,37,4,119,2,22.8,23.2,21.7,18.5,22.566666666666674,20.342857142857145,18.0,0.4,0.0,0.1,0.0,0.1666666666666667,0.5285714285714288,1.392857142857143
2020-04-29,27.6,15.6,21.5,0.3,14.6,47,4,120,2,22.0,22.8,23.2,18.4,22.66666666666667,20.842857142857145,18.29285714285714,0.6,0.4,0.0,2.5,0.3333333333333333,0.6142857142857145,1.3928571428571428
2020-04-30,30.3,14.4,22.6,0.0,17.1,38,4,121,2,21.5,22.0,22.8,18.1,22.100000000000005,21.285714285714285,18.642857142857142,0.3,0.6,0.4,0.2,0.43333333333333335,0.30000000000000027,1.4142857142857144
2020-05-01,26.4,18.5,22.3,0.0,18.3,33,5,122,2,22.6,21.5,22.0,19.7,22.033333333333342,21.928571428571427,19.128571428571426,0.0,0.3,0.6,0.5,0.30000000000000004,0.2714285714285717,1.3571428571428572
2020-05-02,27.1,17.9,22.3,0.0,12.7,37,5,123,2,22.3,22.6,21.5,21.7,22.13333333333334,22.300000000000004,19.77857142857143,0.0,0.0,0.3,0.1,0.10000000000000003,0.20000000000000023,0.4642857142857144
2020-05-03,27.0,16.9,22.3,0.0,15.6,30,5,124,2,22.3,22.3,22.6,23.2,22.400000000000006,22.385714285714283,20.357142857142858,0.0,0.0,0.0,0.0,0.0,0.18571428571428594,0.4642857142857144
2020-05-04,26.9,16.2,21.3,0.0,15.8,31,5,125,2,22.3,22.3,22.3,22.8,22.3,22.25714285714286,20.82857142857143,0.0,0.0,0.0,0.4,0.0,0.18571428571428594,0.34285714285714297
2020-05-05,27.2,18.0,22.7,0.0,21.3,21,5,126,2,21.3,22.3,22.3,22.0,21.966666666666672,22.042857142857144,21.192857142857143,0.0,0.0,0.0,0.6,0.0,0.1285714285714288,0.3285714285714287
2020-05-06,28.1,16.8,22.7,0.0,17.6,16,5,127,2,22.7,21.3,22.3,21.5,22.100000000000005,22.142857142857142,21.492857142857144,0.0,0.0,0.0,0.3,0.0,0.04285714285714311,0.3285714285714287
2020-05-07,29.6,17.8,24.2,0.0,9.5,13,5,128,2,22.7,22.7,21.3,22.6,22.233333333333338,22.314285714285713,21.8,0.0,0.0,0.0,0.0,0.0,0.0,0.15000000000000013
2020-05-08,31.8,15.6,24.4,0.0,14.1,22,5,129,2,24.2,22.7,22.7,22.3,23.200000000000006,22.542857142857144,22.235714285714288,0.0,0.0,0.0,0.0,0.0,0.0,0.13571428571428584
2020-05-09,31.2,16.5,25.0,0.0,17.7,23,5,130,2,24.4,24.2,22.7,22.3,23.76666666666667,22.842857142857138,22.571428571428573,0.0,0.0,0.0,0.0,0.0,0.0,0.10000000000000013
2020-05-10,29.3,18.7,24.7,0.0,15.4,12,5,131,2,25.0,24.4,24.2,22.3,24.533333333333342,23.228571428571428,22.807142857142857,0.0,0.0,0.0,0.0,0.0,0.0,0.09285714285714299
2020-05-11,31.3,18.3,25.8,0.0,14.1,14,5,132,2,24.7,25.0,24.4,21.3,24.700000000000003,23.571428571428573,22.914285714285715,0.0,0.0,0.0,0.0,0.0,0.0,0.09285714285714299
2020-05-12,27.4,18.8,22.6,1.0,21.4,48,5,133,2,25.8,24.7,25.0,22.7,25.166666666666675,24.21428571428571,23.12857142857143,0.0,0.0,0.0,0.0,0.0,0.0,0.06428571428571442
2020-05-13,24.7,16.4,20.0,3.7,19.3,70,5,134,2,22.6,25.8,24.7,22.7,24.366666666666674,24.2,23.17142857142857,1.0,0.0,0.0,0.0,0.3333333333333333,0.1428571428571431,0.092857142857143
2020-05-14,24.2,14.1,19.3,0.6,14.7,55,5,135,2,20.0,22.6,25.8,24.2,22.800000000000008,23.814285714285717,23.064285714285713,3.7,1.0,0.0,0.0,1.5666666666666667,0.6714285714285717,0.33571428571428585
2020-05-15,25.0,14.4,20.3,0.0,14.8,26,5,136,2,19.3,20.0,22.6,24.4,20.63333333333334,23.11428571428571,22.828571428571426,0.6,3.7,1.0,0.0,1.7666666666666666,0.7571428571428573,0.37857142857142867
2020-05-16,25.0,15.0,20.3,0.0,20.8,20,5,137,2,20.3,19.3,20.0,25.0,19.86666666666667,22.528571428571432,22.685714285714287,0.0,0.6,3.7,0.0,1.4333333333333333,0.7571428571428573,0.37857142857142867
2020-05-17,25.7,16.2,21.1,0.0,21.6,17,5,138,2,20.3,20.3,19.3,24.7,19.966666666666672,21.857142857142858,22.542857142857144,0.0,0.0,0.6,0.0,0.19999999999999998,0.7571428571428573,0.37857142857142867
2020-05-18,27.6,16.0,22.1,0.0,17.1,12,5,139,2,21.1,20.3,20.3,25.8,20.566666666666674,21.342857142857145,22.457142857142856,0.0,0.0,0.0,0.0,0.0,0.7571428571428573,0.37857142857142867
2020-05-19,27.7,16.9,22.4,0.0,14.6,21,5,140,2,22.1,21.1,20.3,22.6,21.166666666666675,20.814285714285713,22.514285714285712,0.0,0.0,0.0,1.0,0.0,0.7571428571428573,0.37857142857142867
2020-05-20,28.2,17.6,23.3,0.0,17.0,16,5,141,2,22.4,22.1,21.1,20.0,21.866666666666674,20.785714285714285,22.49285714285714,0.0,0.0,0.0,3.7,0.0,0.6142857142857145,0.37857142857142867
2020-05-21,27.8,17.9,23.1,0.0,20.1,25,5,142,2,23.3,22.4,22.1,19.3,22.600000000000005,21.25714285714286,22.535714285714285,0.0,0.0,0.0,0.6,0.0,0.08571428571428596,0.37857142857142867
2020-05-22,27.4,17.8,22.6,0.0,18.5,24,5,143,2,23.1,23.3,22.4,20.3,22.933333333333337,21.8,22.45714285714286,0.0,0.0,0.0,0.0,0.0,0.0,0.37857142857142867
2020-05-23,29.3,19.4,24.7,0.0,10.6,18,5,144,2,22.6,23.1,23.3,20.3,23.00000000000001,22.12857142857143,22.328571428571426,0.0,0.0,0.0,0.0,0.0,0.0,0.37857142857142867
2020-05-24,31.9,19.0,25.9,0.0,16.5,16,5,145,2,24.7,22.6,23.1,21.1,23.466666666666672,22.75714285714286,22.307142857142857,0.0,0.0,0.0,0.0,0.0,0.0,0.37857142857142867
2020-05-25,31.6,20.2,26.5,0.0,16.7,10,5,146,2,25.9,24.7,22.6,22.1,24.400000000000006,23.442857142857147,22.392857142857142,0.0,0.0,0.0,0.0,0.0,0.0,0.37857142857142867
2020-05-26,31.7,21.1,26.9,0.0,19.0,12,5,147,2,26.5,25.9,24.7,22.4,25.700000000000006,24.071428571428573,22.442857142857143,0.0,0.0,0.0,0.0,0.0,0.0,0.37857142857142867
2020-05-27,30.7,21.8,26.3,0.0,15.2,17,5,148,2,26.9,26.5,25.9,23.3,26.433333333333337,24.714285714285715,22.75,0.0,0.0,0.0,0.0,0.0,0.0,0.3071428571428573
2020-05-28,30.5,20.9,25.8,0.0,13.5,20,5,149,2,26.3,26.9,26.5,23.1,26.566666666666674,25.142857142857142,23.2,0.0,0.0,0.0,0.0,0.0,0.0,0.04285714285714298
2020-05-29,29.7,19.9,25.5,0.0,9.2,21,5,150,2,25.8,26.3,26.9,22.6,26.33333333333334,25.52857142857143,23.664285714285715,0.0,0.0,0.0,0.0,0.0,0.0,0.0
2020-05-30,29.3,17.6,24.2,0.1,15.0,33,5,151,2,25.5,25.8,26.3,24.7,25.866666666666674,25.942857142857147,24.035714285714285,0.0,0.0,0.0,0.0,0.0,0.0,0.0
2020-05-31,30.6,17.6,24.8,0.0,12.7,32,5,152,2,24.2,25.5,25.8,25.9,25.166666666666675,25.87142857142857,24.314285714285713,0.1,0.0,0.0,0.0,0.03333333333333333,0.01428571428571454,0.00714285714285727
2020-06-01,32.2,17.0,24.5,0.0,18.4,38,6,153,3,24.8,24.2,25.5,26.5,24.83333333333334,25.714285714285715,24.57857142857143,0.0,0.1,0.0,0.0,0.03333333333333333,0.01428571428571454,0.00714285714285727
2020-06-02,32.7,18.2,24.4,0.0,18.7,41,6,154,3,24.5,24.8,24.2,26.9,24.500000000000004,25.428571428571427,24.75,0.0,0.0,0.1,0.0,0.03333333333333333,0.01428571428571454,0.00714285714285727
2020-06-03,31.4,17.9,23.8,0.0,21.3,44,6,155,3,24.4,24.5,24.8,26.3,24.566666666666674,25.071428571428573,24.892857142857142,0.0,0.0,0.0,0.0,0.0,0.01428571428571454,0.00714285714285727
2020-06-04,31.6,17.3,24.3,0.0,18.7,43,6,156,3,23.8,24.4,24.5,25.8,24.233333333333338,24.714285714285715,24.928571428571427,0.0,0.0,0.0,0.0,0.0,0.01428571428571454,0.00714285714285727
2020-06-05,31.3,18.1,25.3,0.0,14.5,40,6,157,3,24.3,23.8,24.4,25.5,24.16666666666667,24.5,25.014285714285712,0.0,0.0,0.0,0.0,0.0,0.01428571428571454,0.00714285714285727
2020-06-06,32.9,17.9,25.6,0.0,18.1,37,6,158,3,25.3,24.3,23.8,24.2,24.466666666666672,24.471428571428568,25.20714285714286,0.0,0.0,0.0,0.1,0.0,0.01428571428571454,0.00714285714285727
2020-06-07,33.4,18.8,25.9,0.0,18.2,43,6,159,3,25.6,25.3,24.3,24.8,25.066666666666674,24.67142857142857,25.27142857142857,0.0,0.0,0.0,0.0,0.0,0.0,0.00714285714285727
2020-06-08,33.7,18.4,27.2,0.0,15.6,36,6,160,3,25.9,25.6,25.3,24.5,25.600000000000005,24.828571428571426,25.271428571428572,0.0,0.0,0.0,0.0,0.0,0.0,0.00714285714285727
2020-06-09,32.4,20.1,27.0,0.0,19.0,29,6,161,3,27.2,25.9,25.6,24.4,26.233333333333338,25.214285714285715,25.321428571428573,0.0,0.0,0.0,0.0,0.0,0.0,0.00714285714285727
2020-06-10,32.5,19.7,27.0,0.0,15.3,13,6,162,3,27.0,27.2,25.9,23.8,26.700000000000003,25.58571428571429,25.32857142857143,0.0,0.0,0.0,0.0,0.0,0.0,0.00714285714285727
2020-06-11,31.6,20.1,26.9,0.0,14.6,10,6,163,3,27.0,27.0,27.2,24.3,27.066666666666674,26.042857142857144,25.37857142857143,0.0,0.0,0.0,0.0,0.0,0.0,0.00714285714285727
2020-06-12,31.8,17.4,25.4,0.0,16.5,10,6,164,3,26.9,27.0,27.0,25.3,26.966666666666672,26.41428571428571,25.457142857142856,0.0,0.0,0.0,0.0,0.0,0.0,0.00714285714285727
2020-06-13,31.4,17.2,25.6,0.0,14.8,11,6,165,3,25.4,26.9,27.0,25.6,26.433333333333337,26.428571428571427,25.45,0.0,0.0,0.0,0.0,0.0,0.0,0.00714285714285727
2020-06-14,33.9,17.6,26.9,0.0,16.8,14,6,166,3,25.6,25.4,26.9,25.9,25.966666666666672,26.428571428571427,25.55,0.0,0.0,0.0,0.0,0.0,0.0,0.0
2020-06-15,35.4,20.5,29.0,0.0,19.4,9,6,167,3,26.9,25.6,25.4,27.2,25.966666666666672,26.571428571428573,25.7,0.0,0.0,0.0,0.0,0.0,0.0,0.0
2020-06-16,36.1,25.2,30.6,0.0,22.9,8,6,168,3,29.0,26.9,25.6,27.0,27.16666666666667,26.82857142857143,26.021428571428572,0.0,0.0,0.0,0.0,0.0,0.0,0.0
2020-06-17,35.9,25.0,30.6,0.0,21.1,8,6,169,3,30.6,29.0,26.9,27.0,28.83333333333334,27.342857142857145,26.464285714285715,0.0,0.0,0.0,0.0,0.0,0.0,0.0
2020-06-18,34.4,24.1,30.0,0.0,17.7,9,6,170,3,30.6,30.6,29.0,26.9,30.066666666666674,27.857142857142858,26.95,0.0,0.0,0.0,0.0,0.0,0.0,0.0
2020-06-19,33.7,20.2,28.3,0.0,11.8,10,6,171,3,30.0,30.6,30.6,25.4,30.400000000000006,28.300000000000004,27.357142857142858,0.0,0.0,0.0,0.0,0.0,0.0,0.0
2020-06-20,35.1,20.5,28.4,0.0,16.1,20,6,172,3,28.3,30.0,30.6,25.6,29.63333333333334,28.714285714285715,27.571428571428573,0.0,0.0,0.0,0.0,0.0,0.0,0.0
2020-06-21,35.4,19.8,28.1,0.0,11.4,37,6,173,3,28.4,28.3,30.0,26.9,28.900000000000006,29.114285714285717,27.771428571428572,0.0,0.0,0.0,0.0,0.0,0.0,0.0
2020-06-22,36.2,20.0,28.3,0.0,16.3,43,6,174,3,28.1,28.4,28.3,29.0,28.26666666666667,29.285714285714285,27.928571428571427,0.0,0.0,0.0,0.0,0.0,0.0,0.0
2020-06-23,36.6,21.2,29.0,0.0,17.6,42,6,175,3,28.3,28.1,28.4,30.6,28.266666666666676,29.185714285714287,28.00714285714286,0.0,0.0,0.0,0.0,0.0,0.0,0.0
2020-06-24,36.3,23.3,29.3,0.0,18.6,36,6,176,3,29.0,28.3,28.1,30.6,28.466666666666672,28.95714285714286,28.150000000000002,0.0,0.0,0.0,0.0,0.0,0.0,0.0
2020-06-25,33.7,21.2,28.1,0.0,13.1,37,6,177,3,29.3,29.0,28.3,30.0,28.866666666666674,28.771428571428572,28.314285714285713,0.0,0.0,0.0,0.0,0.0,0.0,0.0
2020-06-26,34.3,21.0,28.8,0.0,11.7,32,6,178,3,28.1,29.3,29.0,28.3,28.800000000000008,28.5,28.400000000000002,0.0,0.0,0.0,0.0,0.0,0.0,0.0
2020-06-27,35.8,21.2,29.5,0.0,12.1,27,6,179,3,28.8,28.1,29.3,28.4,28.733333333333338,28.571428571428573,28.642857142857142,0.0,0.0,0.0,0.0,0.0,0.0,0.0
2020-06-28,35.3,21.3,29.4,0.0,19.3,17,6,180,3,29.5,28.8,28.1,28.1,28.800000000000008,28.728571428571428,28.921428571428574,0.0,0.0,0.0,0.0,0.0,0.0,0.0
2020-06-29,35.4,23.5,29.7,0.0,14.1,23,6,181,3,29.4,29.5,28.8,28.3,29.233333333333338,28.914285714285715,29.099999999999998,0.0,0.0,0.0,0.0,0.0,0.0,0.0
2020-06-30,32.1,22.9,26.9,1.9,18.5,56,6,182,3,29.7,29.4,29.5,29.0,29.533333333333342,29.11428571428571,29.15,0.0,0.0,0.0,0.0,0.0,0.0,0.0
2020-07-01,32.7,21.4,27.7,0.0,11.5,46,7,183,3,26.9,29.7,29.4,29.3,28.66666666666667,28.814285714285713,28.88571428571429,1.9,0.0,0.0,0.0,0.6333333333333333,0.2714285714285717,0.13571428571428584
2020-07-02,36.1,21.8,29.6,0.0,14.8,27,7,184,3,27.7,26.9,29.7,28.1,28.100000000000005,28.58571428571429,28.678571428571427,0.0,1.9,0.0,0.0,0.6333333333333333,0.2714285714285717,0.13571428571428584
2020-07-03,36.5,21.6,30.1,0.0,12.1,15,7,185,3,29.6,27.7,26.9,28.8,28.066666666666674,28.8,28.650000000000002,0.0,0.0,1.9,0.0,0.6333333333333333,0.2714285714285717,0.13571428571428584
2020-07-04,36.8,21.3,30.0,0.0,19.0,26,7,186,3,30.1,29.6,27.7,29.5,29.13333333333334,28.985714285714288,28.77857142857143,0.0,0.0,0.0,0.0,0.0,0.2714285714285717,0.13571428571428584
2020-07-05,32.8,21.5,27.8,0.0,13.3,16,7,187,3,30.0,30.1,29.6,29.4,29.900000000000006,29.057142857142857,28.892857142857142,0.0,0.0,0.0,0.0,0.0,0.2714285714285717,0.13571428571428584
2020-07-06,29.6,20.2,25.1,0.8,14.5,56,7,188,3,27.8,30.0,30.1,29.7,29.300000000000008,28.82857142857143,28.87142857142857,0.0,0.0,0.0,0.0,0.0,0.2714285714285717,0.13571428571428584
2020-07-07,33.0,19.8,26.7,0.0,14.2,47,7,189,3,25.1,27.8,30.0,26.9,27.63333333333334,28.171428571428574,28.642857142857142,0.8,0.0,0.0,1.9,0.26666666666666666,0.385714285714286,0.192857142857143
2020-07-08,33.9,21.4,27.9,0.0,18.2,39,7,190,3,26.7,25.1,27.8,27.7,26.533333333333342,28.142857142857142,28.478571428571428,0.0,0.8,0.0,0.0,0.26666666666666666,0.11428571428571455,0.192857142857143
2020-07-09,34.2,22.7,28.1,0.0,14.5,40,7,191,3,27.9,26.7,25.1,29.6,26.566666666666674,28.171428571428574,28.37857142857143,0.0,0.0,0.8,0.0,0.26666666666666666,0.11428571428571455,0.192857142857143
2020-07-10,33.8,20.0,27.7,0.0,11.9,33,7,192,3,28.1,27.9,26.7,30.1,27.566666666666674,27.957142857142856,28.37857142857143,0.0,0.0,0.0,0.0,0.0,0.11428571428571455,0.192857142857143
2020-07-11,34.0,19.9,28.0,0.0,10.2,31,7,193,3,27.7,28.1,27.9,30.0,27.900000000000006,27.614285714285717,28.3,0.0,0.0,0.0,0.0,0.0,0.11428571428571455,0.192857142857143
2020-07-12,34.0,20.9,27.7,0.0,15.5,37,7,194,3,28.0,27.7,28.1,27.8,27.933333333333337,27.32857142857143,28.192857142857143,0.0,0.0,0.0,0.0,0.0,0.11428571428571455,0.192857142857143
2020-07-13,33.5,20.7,26.6,0.0,16.6,50,7,195,3,27.7,28.0,27.7,25.1,27.800000000000008,27.314285714285713,28.071428571428573,0.0,0.0,0.0,0.8,0.0,0.11428571428571455,0.192857142857143
2020-07-14,33.6,19.5,27.2,0.0,14.7,45,7,196,3,26.6,27.7,28.0,26.7,27.433333333333337,27.52857142857143,27.85,0.0,0.0,0.0,0.0,0.0,0.0,0.192857142857143
2020-07-15,35.0,21.8,28.5,0.0,14.2,42,7,197,3,27.2,26.6,27.7,27.9,27.16666666666667,27.6,27.87142857142857,0.0,0.0,0.0,0.0,0.0,0.0,0.05714285714285727
2020-07-16,34.7,22.1,28.5,0.0,14.5,39,7,198,3,28.5,27.2,26.6,28.1,27.433333333333337,27.685714285714287,27.928571428571427,0.0,0.0,0.0,0.0,0.0,0.0,0.05714285714285727
2020-07-17,34.6,22.1,27.8,0.0,20.6,45,7,199,3,28.5,28.5,27.2,27.7,28.066666666666674,27.742857142857144,27.849999999999998,0.0,0.0,0.0,0.0,0.0,0.0,0.05714285714285727
2020-07-18,33.9,21.7,27.6,0.0,16.0,49,7,200,3,27.8,28.5,28.5,28.0,28.26666666666667,27.757142857142856,27.685714285714287,0.0,0.0,0.0,0.0,0.0,0.0,0.05714285714285727
2020-07-19,34.6,21.6,29.0,0.0,14.1,39,7,201,3,27.6,27.8,28.5,27.7,27.966666666666672,27.699999999999996,27.514285714285716,0.0,0.0,0.0,0.0,0.0,0.0,0.05714285714285727
2020-07-20,34.8,22.4,29.2,0.0,12.8,29,7,202,3,29.0,27.6,27.8,26.6,28.13333333333334,27.885714285714283,27.599999999999998,0.0,0.0,0.0,0.0,0.0,0.0,0.05714285714285727
2020-07-21,35.0,20.7,27.1,0.0,18.4,44,7,203,3,29.2,29.0,27.6,27.2,28.600000000000005,28.25714285714286,27.892857142857142,0.0,0.0,0.0,0.0,0.0,0.0,0.0
2020-07-22,32.5,20.1,25.8,0.0,15.7,59,7,204,3,27.1,29.2,29.0,28.5,28.433333333333337,28.24285714285714,27.92142857142857,0.0,0.0,0.0,0.0,0.0,0.0,0.0
2020-07-23,34.3,20.3,27.7,0.0,12.2,40,7,205,3,25.8,27.1,29.2,28.5,27.366666666666674,27.857142857142858,27.771428571428572,0.0,0.0,0.0,0.0,0.0,0.0,0.0
2020-07-24,35.6,20.9,28.0,0.0,16.6,45,7,206,3,27.7,25.8,27.1,27.8,26.866666666666674,27.74285714285714,27.74285714285714,0.0,0.0,0.0,0.0,0.0,0.0,0.0
2020-07-25,34.9,21.3,27.3,0.0,20.6,53,7,207,3,28.0,27.7,25.8,27.6,27.166666666666675,27.771428571428572,27.764285714285712,0.0,0.0,0.0,0.0,0.0,0.0,0.0
2020-07-26,34.0,20.9,27.0,0.0,17.5,55,7,208,3,27.3,28.0,27.7,29.0,27.66666666666667,27.72857142857143,27.714285714285715,0.0,0.0,0.0,0.0,0.0,0.0,0.0
2020-07-27,34.9,21.3,27.8,0.0,16.5,51,7,209,3,27.0,27.3,28.0,29.2,27.433333333333337,27.442857142857147,27.664285714285715,0.0,0.0,0.0,0.0,0.0,0.0,0.0
2020-07-28,35.2,21.7,29.0,0.0,12.3,38,7,210,3,27.8,27.0,27.3,27.1,27.366666666666674,27.24285714285714,27.75,0.0,0.0,0.0,0.0,0.0,0.0,0.0
2020-07-29,35.9,22.9,29.8,0.0,11.4,19,7,211,3,29.0,27.8,27.0,25.8,27.933333333333337,27.514285714285712,27.87857142857143,0.0,0.0,0.0,0.0,0.0,0.0,0.0
2020-07-30,35.8,21.3,28.6,0.0,18.2,48,7,212,3,29.8,29.0,27.8,27.7,28.866666666666674,28.085714285714285,27.97142857142857,0.0,0.0,0.0,0.0,0.0,0.0,0.0
2020-07-31,34.3,22.5,28.3,0.0,16.3,53,7,213,3,28.6,29.8,29.0,28.0,29.13333333333334,28.214285714285715,27.978571428571428,0.0,0.0,0.0,0.0,0.0,0.0,0.0
2020-08-01,34.6,21.5,28.3,0.0,17.6,46,8,214,3,28.3,28.6,29.8,27.3,28.900000000000006,28.25714285714286,28.014285714285712,0.0,0.0,0.0,0.0,0.0,0.0,0.0
2020-08-02,34.7,20.8,28.6,0.0,20.0,39,8,215,3,28.3,28.3,28.6,27.0,28.400000000000006,28.400000000000002,28.064285714285717,0.0,0.0,0.0,0.0,0.0,0.0,0.0
2020-08-03,33.1,20.5,27.6,0.0,14.8,29,8,216,3,28.6,28.3,28.3,27.8,28.400000000000006,28.62857142857143,28.035714285714285,0.0,0.0,0.0,0.0,0.0,0.0,0.0
2020-08-04,34.9,20.2,27.6,0.0,12.8,18,8,217,3,27.6,28.6,28.3,29.0,28.166666666666675,28.6,27.92142857142857,0.0,0.0,0.0,0.0,0.0,0.0,0.0
2020-08-05,35.2,20.6,28.5,0.0,12.7,36,8,218,3,27.6,27.6,28.6,29.8,27.93333333333334,28.400000000000002,27.95714285714286,0.0,0.0,0.0,0.0,0.0,0.0,0.0
2020-08-06,35.2,21.4,28.3,0.0,26.7,42,8,219,3,28.5,27.6,27.6,28.6,27.900000000000006,28.214285714285715,28.150000000000002,0.0,0.0,0.0,0.0,0.0,0.0,0.0
2020-08-07,32.0,22.4,26.9,0.4,16.4,52,8,220,3,28.3,28.5,27.6,28.3,28.13333333333334,28.171428571428574,28.192857142857147,0.0,0.0,0.0,0.0,0.0,0.0,0.0
2020-08-08,29.0,23.1,25.1,0.8,16.4,66,8,221,3,26.9,28.3,28.5,28.3,27.900000000000006,27.97142857142857,28.114285714285717,0.4,0.0,0.0,0.0,0.13333333333333333,0.0571428571428574,0.0285714285714287
2020-08-09,30.8,22.7,25.2,1.4,12.8,70,8,222,3,25.1,26.9,28.3,28.6,26.76666666666667,27.514285714285712,27.95714285714286,0.8,0.4,0.0,0.0,0.4000000000000001,0.1714285714285717,0.08571428571428585
2020-08-10,31.7,21.6,26.4,0.0,13.4,66,8,223,3,25.2,25.1,26.9,27.6,25.733333333333338,27.02857142857143,27.82857142857143,1.4,0.8,0.4,0.0,0.8666666666666667,0.3714285714285717,0.18571428571428586
2020-08-11,31.7,20.4,26.3,0.0,13.2,68,8,224,3,26.4,25.2,25.1,27.6,25.566666666666674,26.857142857142858,27.728571428571428,0.0,1.4,0.8,0.0,0.7333333333333334,0.3714285714285717,0.18571428571428586
2020-08-12,34.8,20.1,28.3,0.0,10.5,42,8,225,3,26.3,26.4,25.2,28.5,25.966666666666672,26.671428571428574,27.535714285714285,0.0,0.0,1.4,0.0,0.4666666666666666,0.3714285714285717,0.18571428571428586
2020-08-13,35.6,23.9,30.1,0.0,10.8,22,8,226,3,28.3,26.3,26.4,28.3,27.000000000000004,26.642857142857142,27.428571428571427,0.0,0.0,0.0,0.0,0.0,0.3714285714285717,0.18571428571428586
2020-08-14,36.3,21.0,28.5,0.0,13.3,50,8,227,3,30.1,28.3,26.3,26.9,28.233333333333338,26.900000000000002,27.535714285714285,0.0,0.0,0.0,0.4,0.0,0.3714285714285717,0.18571428571428586
2020-08-15,36.1,20.5,28.7,0.0,12.5,51,8,228,3,28.5,30.1,28.3,25.1,28.966666666666672,27.128571428571426,27.550000000000004,0.0,0.0,0.0,0.8,0.0,0.31428571428571456,0.18571428571428586
2020-08-16,36.9,21.2,28.6,0.0,13.0,56,8,229,3,28.7,28.5,30.1,25.2,29.100000000000005,27.642857142857142,27.57857142857143,0.0,0.0,0.0,1.4,0.0,0.20000000000000023,0.18571428571428586
2020-08-17,37.0,21.4,28.9,0.0,10.7,55,8,230,3,28.6,28.7,28.5,26.4,28.600000000000005,28.12857142857143,27.578571428571426,0.0,0.0,0.0,0.0,0.0,0.0,0.18571428571428586
2020-08-18,36.0,20.9,28.8,0.0,11.8,52,8,231,3,28.9,28.6,28.7,26.3,28.733333333333338,28.485714285714288,27.671428571428574,0.0,0.0,0.0,0.0,0.0,0.0,0.18571428571428586
2020-08-19,35.4,21.8,28.6,0.0,19.7,37,8,232,3,28.8,28.9,28.6,28.3,28.76666666666667,28.842857142857138,27.75714285714286,0.0,0.0,0.0,0.0,0.0,0.0,0.18571428571428586
2020-08-20,33.8,18.6,26.3,0.0,12.8,26,8,233,3,28.6,28.8,28.9,30.1,28.766666666666676,28.88571428571429,27.764285714285712,0.0,0.0,0.0,0.0,0.0,0.0,0.18571428571428586
2020-08-21,31.8,20.2,25.8,0.0,16.0,62,8,234,3,26.3,28.6,28.8,28.5,27.900000000000006,28.342857142857145,27.62142857142857,0.0,0.0,0.0,0.0,0.0,0.0,0.18571428571428586
2020-08-22,32.1,20.5,26.1,0.0,15.3,58,8,235,3,25.8,26.3,28.6,28.7,26.900000000000006,27.957142857142856,27.542857142857144,0.0,0.0,0.0,0.0,0.0,0.0,0.15714285714285728
2020-08-23,33.6,20.6,26.4,0.0,16.7,56,8,236,3,26.1,25.8,26.3,28.6,26.066666666666674,27.585714285714285,27.61428571428571,0.0,0.0,0.0,0.0,0.0,0.0,0.10000000000000012
2020-08-24,34.6,20.1,27.0,0.0,15.3,57,8,237,3,26.4,26.1,25.8,28.9,26.10000000000001,27.271428571428572,27.7,0.0,0.0,0.0,0.0,0.0,0.0,0.0
2020-08-25,33.1,21.1,26.4,0.4,19.5,62,8,238,3,27.0,26.4,26.1,28.8,26.500000000000004,27.0,27.742857142857144,0.0,0.0,0.0,0.0,0.0,0.0,0.0
2020-08-26,26.4,22.2,24.1,3.9,11.5,69,8,239,3,26.4,27.0,26.4,28.6,26.600000000000005,26.657142857142855,27.75,0.4,0.0,0.0,0.0,0.13333333333333333,0.0571428571428574,0.0285714285714287
2020-08-27,30.4,21.2,25.3,0.8,12.8,46,8,240,3,24.1,26.4,27.0,26.3,25.83333333333334,26.014285714285712,27.45,3.9,0.4,0.0,0.0,1.4333333333333333,0.6142857142857145,0.3071428571428573
2020-08-28,29.6,19.1,24.3,0.0,13.9,17,8,241,3,25.3,24.1,26.4,25.8,25.26666666666667,25.871428571428574,27.10714285714286,0.8,3.9,0.4,0.0,1.7,0.7285714285714288,0.3642857142857144
2020-08-29,29.7,18.1,24.0,0.0,8.6,20,8,242,3,24.3,25.3,24.1,26.1,24.566666666666674,25.657142857142855,26.807142857142853,0.0,0.8,3.9,0.0,1.5666666666666664,0.7285714285714288,0.3642857142857144
2020-08-30,30.2,18.2,24.7,0.0,9.4,37,8,243,3,24.0,24.3,25.3,26.4,24.533333333333342,25.357142857142858,26.471428571428568,0.0,0.0,0.8,0.0,0.26666666666666666,0.7285714285714288,0.3642857142857144
2020-08-31,30.0,17.8,24.6,0.0,15.0,29,8,244,3,24.7,24.0,24.3,27.0,24.333333333333343,25.114285714285717,26.192857142857147,0.0,0.0,0.0,0.0,0.0,0.7285714285714288,0.3642857142857144
2020-09-01,29.0,20.6,24.6,0.0,15.6,16,9,245,4,24.6,24.7,24.0,26.4,24.433333333333337,24.771428571428572,25.885714285714283,0.0,0.0,0.0,0.4,0.0,0.7285714285714288,0.3642857142857144
2020-09-02,28.5,16.9,23.3,0.0,12.9,18,9,246,4,24.6,24.6,24.7,24.1,24.63333333333334,24.514285714285712,25.58571428571429,0.0,0.0,0.0,3.9,0.0,0.6714285714285716,0.3642857142857144
2020-09-03,29.0,18.4,23.5,0.0,10.5,14,9,247,4,23.3,24.6,24.6,25.3,24.16666666666667,24.400000000000002,25.20714285714286,0.0,0.0,0.0,0.8,0.0,0.11428571428571455,0.3642857142857144
2020-09-04,30.8,18.9,25.0,0.0,12.0,14,9,248,4,23.5,23.3,24.6,24.3,23.800000000000008,24.142857142857142,25.00714285714286,0.0,0.0,0.0,0.0,0.0,0.0,0.3642857142857144
2020-09-05,30.2,16.3,24.4,0.0,11.4,34,9,249,4,25.0,23.5,23.3,24.0,23.933333333333337,24.242857142857144,24.95,0.0,0.0,0.0,0.0,0.0,0.0,0.3642857142857144
2020-09-06,29.4,18.1,24.9,0.0,13.1,11,9,250,4,24.4,25.0,23.5,24.7,24.300000000000008,24.300000000000004,24.82857142857143,0.0,0.0,0.0,0.0,0.0,0.0,0.3642857142857144
2020-09-07,29.4,18.0,24.5,0.0,12.2,14,9,251,4,24.9,24.4,25.0,24.6,24.76666666666667,24.328571428571426,24.721428571428568,0.0,0.0,0.0,0.0,0.0,0.0,0.3642857142857144
2020-09-08,30.2,17.7,24.3,0.0,12.8,16,9,252,4,24.5,24.9,24.4,24.6,24.600000000000005,24.314285714285713,24.54285714285714,0.0,0.0,0.0,0.0,0.0,0.0,0.3642857142857144
2020-09-09,30.3,20.3,24.9,0.0,13.7,16,9,253,4,24.3,24.5,24.9,23.3,24.566666666666674,24.271428571428572,24.392857142857142,0.0,0.0,0.0,0.0,0.0,0.0,0.3357142857142858
2020-09-10,29.4,18.8,24.0,0.0,11.6,11,9,254,4,24.9,24.3,24.5,23.5,24.566666666666674,24.5,24.45,0.0,0.0,0.0,0.0,0.0,0.0,0.05714285714285727
2020-09-11,28.9,17.9,23.5,0.0,11.0,12,9,255,4,24.0,24.9,24.3,25.0,24.400000000000006,24.571428571428573,24.357142857142858,0.0,0.0,0.0,0.0,0.0,0.0,0.0
2020-09-12,29.8,17.1,24.1,0.0,14.8,20,9,256,4,23.5,24.0,24.9,24.4,24.13333333333334,24.357142857142858,24.300000000000004,0.0,0.0,0.0,0.0,0.0,0.0,0.0
2020-09-13,30.1,17.4,24.3,0.0,13.8,23,9,257,4,24.1,23.5,24.0,24.9,23.866666666666674,24.314285714285717,24.307142857142857,0.0,0.0,0.0,0.0,0.0,0.0,0.0
2020-09-14,29.1,19.7,24.7,0.0,10.2,15,9,258,4,24.3,24.1,23.5,24.5,23.966666666666672,24.22857142857143,24.27857142857143,0.0,0.0,0.0,0.0,0.0,0.0,0.0
2020-09-15,27.3,19.5,23.5,0.0,7.4,26,9,259,4,24.7,24.3,24.1,24.3,24.366666666666674,24.25714285714286,24.285714285714285,0.0,0.0,0.0,0.0,0.0,0.0,0.0
2020-09-16,28.3,19.2,23.6,0.0,11.7,30,9,260,4,23.5,24.7,24.3,24.9,24.166666666666675,24.142857142857142,24.207142857142856,0.0,0.0,0.0,0.0,0.0,0.0,0.0
2020-09-17,27.9,17.7,23.0,0.0,12.6,12,9,261,4,23.6,23.5,24.7,24.0,23.933333333333337,23.957142857142856,24.228571428571428,0.0,0.0,0.0,0.0,0.0,0.0,0.0
2020-09-18,28.0,17.0,22.5,0.0,13.1,15,9,262,4,23.0,23.6,23.5,23.5,23.366666666666674,23.814285714285713,24.192857142857143,0.0,0.0,0.0,0.0,0.0,0.0,0.0
2020-09-19,29.5,17.8,23.2,0.0,12.0,18,9,263,4,22.5,23.0,23.6,24.1,23.033333333333342,23.67142857142857,24.014285714285712,0.0,0.0,0.0,0.0,0.0,0.0,0.0
2020-09-20,29.8,18.7,24.3,0.0,12.1,14,9,264,4,23.2,22.5,23.0,24.3,22.900000000000006,23.542857142857144,23.928571428571427,0.0,0.0,0.0,0.0,0.0,0.0,0.0
2020-09-21,29.9,18.8,24.6,0.0,11.5,11,9,265,4,24.3,23.2,22.5,24.7,23.333333333333343,23.54285714285714,23.88571428571429,0.0,0.0,0.0,0.0,0.0,0.0,0.0
2020-09-22,29.7,19.0,23.8,0.0,13.0,10,9,266,4,24.6,24.3,23.2,23.5,24.033333333333342,23.52857142857143,23.892857142857142,0.0,0.0,0.0,0.0,0.0,0.0,0.0
2020-09-23,27.3,16.0,21.3,0.0,11.5,16,9,267,4,23.8,24.6,24.3,23.6,24.233333333333338,23.571428571428573,23.857142857142858,0.0,0.0,0.0,0.0,0.0,0.0,0.0
2020-09-24,27.1,14.3,20.7,0.0,11.9,22,9,268,4,21.3,23.8,24.6,23.0,23.233333333333338,23.242857142857144,23.599999999999998,0.0,0.0,0.0,0.0,0.0,0.0,0.0
2020-09-25,26.2,14.2,20.6,0.0,15.5,20,9,269,4,20.7,21.3,23.8,22.5,21.933333333333337,22.914285714285715,23.36428571428571,0.0,0.0,0.0,0.0,0.0,0.0,0.0
2020-09-26,26.0,15.3,20.5,0.0,11.9,13,9,270,4,20.6,20.7,21.3,23.2,20.866666666666674,22.642857142857142,23.157142857142855,0.0,0.0,0.0,0.0,0.0,0.0,0.0
2020-09-27,26.9,13.4,20.2,0.0,8.2,11,9,271,4,20.5,20.6,20.7,24.3,20.60000000000001,22.25714285714286,22.900000000000002,0.0,0.0,0.0,0.0,0.0,0.0,0.0
2020-09-28,26.0,13.4,20.5,0.0,11.6,15,9,272,4,20.2,20.5,20.6,24.6,20.43333333333334,21.671428571428574,22.607142857142858,0.0,0.0,0.0,0.0,0.0,0.0,0.0
2020-09-29,26.2,15.0,20.6,0.0,14.5,19,9,273,4,20.5,20.2,20.5,23.8,20.400000000000006,21.085714285714285,22.307142857142857,0.0,0.0,0.0,0.0,0.0,0.0,0.0
2020-09-30,22.7,15.3,18.7,0.0,16.5,25,9,274,4,20.6,20.5,20.2,21.3,20.43333333333334,20.62857142857143,22.1,0.0,0.0,0.0,0.0,0.0,0.0,0.0
2020-10-01,23.6,13.8,18.3,0.0,17.8,18,10,275,4,18.7,20.6,20.5,20.7,19.93333333333334,20.25714285714286,21.75,0.0,0.0,0.0,0.0,0.0,0.0,0.0
2020-10-02,24.2,14.4,19.1,0.0,19.5,20,10,276,4,18.3,18.7,20.6,20.6,19.200000000000006,19.914285714285715,21.414285714285715,0.0,0.0,0.0,0.0,0.0,0.0,0.0
2020-10-03,25.0,13.9,19.9,0.0,9.5,21,10,277,4,19.1,18.3,18.7,20.5,18.700000000000006,19.7,21.17142857142857,0.0,0.0,0.0,0.0,0.0,0.0,0.0
2020-10-04,25.8,14.4,20.2,0.0,10.4,16,10,278,4,19.9,19.1,18.3,20.2,19.100000000000005,19.614285714285717,20.935714285714287,0.0,0.0,0.0,0.0,0.0,0.0,0.0
2020-10-05,25.8,14.5,20.6,0.0,9.3,16,10,279,4,20.2,19.9,19.1,20.5,19.733333333333338,19.614285714285717,20.642857142857142,0.0,0.0,0.0,0.0,0.0,0.0,0.0
2020-10-06,25.7,15.0,20.2,0.0,10.9,17,10,280,4,20.6,20.2,19.9,20.6,20.233333333333338,19.62857142857143,20.357142857142858,0.0,0.0,0.0,0.0,0.0,0.0,0.0
2020-10-07,25.8,15.8,20.9,0.0,14.3,19,10,281,4,20.2,20.6,20.2,18.7,20.33333333333334,19.571428571428573,20.1,0.0,0.0,0.0,0.0,0.0,0.0,0.0
2020-10-08,25.2,15.2,19.9,0.0,9.7,19,10,282,4,20.9,20.2,20.6,18.3,20.566666666666674,19.88571428571429,20.071428571428573,0.0,0.0,0.0,0.0,0.0,0.0,0.0
2020-10-09,25.1,14.1,19.7,0.0,10.4,18,10,283,4,19.9,20.9,20.2,19.1,20.33333333333334,20.11428571428571,20.014285714285712,0.0,0.0,0.0,0.0,0.0,0.0,0.0
2020-10-10,25.4,14.3,20.0,0.0,15.5,20,10,284,4,19.7,19.9,20.9,19.9,20.16666666666667,20.2,19.95,0.0,0.0,0.0,0.0,0.0,0.0,0.0
2020-10-11,21.9,13.0,17.2,0.0,15.5,24,10,285,4,20.0,19.7,19.9,20.2,19.866666666666674,20.214285714285715,19.914285714285715,0.0,0.0,0.0,0.0,0.0,0.0,0.0
2020-10-12,17.1,9.0,12.8,0.0,13.4,20,10,286,4,17.2,20.0,19.7,20.6,18.966666666666672,19.785714285714285,19.7,0.0,0.0,0.0,0.0,0.0,0.0,0.0
2020-10-13,19.3,6.6,12.5,0.0,10.6,20,10,287,4,12.8,17.2,20.0,20.2,16.66666666666667,18.67142857142857,19.150000000000002,0.0,0.0,0.0,0.0,0.0,0.0,0.0
2020-10-14,21.8,10.8,15.8,0.0,11.3,19,10,288,4,12.5,12.8,17.2,20.9,14.166666666666671,17.571428571428573,18.571428571428573,0.0,0.0,0.0,0.0,0.0,0.0,0.0
2020-10-15,21.7,11.2,15.9,0.0,10.2,18,10,289,4,15.8,12.5,12.8,19.9,13.700000000000008,16.842857142857145,18.36428571428571,0.0,0.0,0.0,0.0,0.0,0.0,0.0
2020-10-16,22.1,11.2,16.1,0.0,10.9,14,10,290,4,15.9,15.8,12.5,19.7,14.73333333333334,16.27142857142857,18.192857142857143,0.0,0.0,0.0,0.0,0.0,0.0,0.0
2020-10-17,20.6,10.9,15.4,0.0,9.7,14,10,291,4,16.1,15.9,15.8,20.0,15.933333333333339,15.757142857142856,17.978571428571428,0.0,0.0,0.0,0.0,0.0,0.0,0.0
2020-10-18,20.0,10.2,14.5,0.0,10.3,12,10,292,4,15.4,16.1,15.9,17.2,15.800000000000004,15.100000000000003,17.65714285714286,0.0,0.0,0.0,0.0,0.0,0.0,0.0
2020-10-19,19.7,9.9,14.4,0.0,11.0,15,10,293,4,14.5,15.4,16.1,12.8,15.333333333333337,14.714285714285717,17.25,0.0,0.0,0.0,0.0,0.0,0.0,0.0
2020-10-20,20.2,9.8,14.7,0.0,9.5,14,10,294,4,14.4,14.5,15.4,12.5,14.766666666666671,14.942857142857145,16.807142857142857,0.0,0.0,0.0,0.0,0.0,0.0,0.0
2020-10-21,21.3,9.4,15.5,0.0,10.9,14,10,295,4,14.7,14.4,14.5,15.8,14.533333333333339,15.257142857142856,16.414285714285715,0.0,0.0,0.0,0.0,0.0,0.0,0.0
2020-10-22,21.6,8.1,15.6,0.0,10.5,15,10,296,4,15.5,14.7,14.4,15.9,14.866666666666672,15.214285714285714,16.02857142857143,0.0,0.0,0.0,0.0,0.0,0.0,0.0
2020-10-23,18.9,8.1,13.4,0.0,11.7,23,10,297,4,15.6,15.5,14.7,16.1,15.266666666666671,15.171428571428573,15.721428571428572,0.0,0.0,0.0,0.0,0.0,0.0,0.0
2020-10-24,18.2,6.7,12.4,0.0,11.5,36,10,298,4,13.4,15.6,15.5,15.4,14.833333333333337,14.785714285714286,15.271428571428572,0.0,0.0,0.0,0.0,0.0,0.0,0.0
2020-10-25,18.4,8.0,12.9,0.0,10.4,29,10,299,4,12.4,13.4,15.6,14.5,13.800000000000004,14.357142857142858,14.72857142857143,0.0,0.0,0.0,0.0,0.0,0.0,0.0
2020-10-26,21.9,9.6,15.3,0.0,11.4,20,10,300,4,12.9,12.4,13.4,14.4,12.900000000000006,14.128571428571428,14.421428571428573,0.0,0.0,0.0,0.0,0.0,0.0,0.0
2020-10-27,21.2,11.2,15.8,0.0,10.0,13,10,301,4,15.3,12.9,12.4,14.7,13.533333333333339,14.257142857142858,14.6,0.0,0.0,0.0,0.0,0.0,0.0,0.0
2020-10-28,19.6,10.4,14.9,0.0,12.3,17,10,302,4,15.8,15.3,12.9,15.5,14.666666666666671,14.414285714285715,14.835714285714287,0.0,0.0,0.0,0.0,0.0,0.0,0.0
2020-10-29,19.3,10.1,14.2,0.0,11.0,22,10,303,4,14.9,15.8,15.3,15.6,15.333333333333337,14.328571428571427,14.771428571428572,0.0,0.0,0.0,0.0,0.0,0.0,0.0
2020-10-30,19.5,8.7,13.9,0.0,11.5,23,10,304,4,14.2,14.9,15.8,13.4,14.96666666666667,14.12857142857143,14.65,0.0,0.0,0.0,0.0,0.0,0.0,0.0
2020-10-31,18.7,9.8,13.9,0.0,9.7,19,10,305,4,13.9,14.2,14.9,12.4,14.333333333333337,14.200000000000001,14.492857142857144,0.0,0.0,0.0,0.0,0.0,0.0,0.0
2020-11-01,19.1,9.8,14.0,0.0,10.3,15,11,306,4,13.9,13.9,14.2,12.9,14.000000000000005,14.414285714285713,14.385714285714286,0.0,0.0,0.0,0.0,0.0,0.0,0.0
2020-11-02,19.2,9.6,13.7,0.0,9.2,10,11,307,4,14.0,13.9,13.9,15.3,13.933333333333337,14.571428571428571,14.35,0.0,0.0,0.0,0.0,0.0,0.0,0.0
2020-11-03,20.2,10.8,14.5,0.0,9.7,11,11,308,4,13.7,14.0,13.9,15.8,13.866666666666672,14.342857142857142,14.299999999999999,0.0,0.0,0.0,0.0,0.0,0.0,0.0
2020-11-04,20.4,9.8,14.6,0.0,10.0,15,11,309,4,14.5,13.7,14.0,14.9,14.066666666666672,14.157142857142857,14.285714285714286,0.0,0.0,0.0,0.0,0.0,0.0,0.0
2020-11-05,21.3,10.5,15.2,0.0,10.0,19,11,310,4,14.6,14.5,13.7,14.2,14.266666666666671,14.114285714285716,14.221428571428572,0.0,0.0,0.0,0.0,0.0,0.0,0.0
2020-11-06,21.4,9.5,15.6,0.0,9.8,18,11,311,4,15.2,14.6,14.5,13.9,14.766666666666671,14.257142857142856,14.192857142857145,0.0,0.0,0.0,0.0,0.0,0.0,0.0
2020-11-07,21.8,10.6,16.5,0.0,9.0,13,11,312,4,15.6,15.2,14.6,13.9,15.133333333333338,14.5,14.35,0.0,0.0,0.0,0.0,0.0,0.0,0.0
2020-11-08,21.9,12.4,16.6,0.0,10.7,11,11,313,4,16.5,15.6,15.2,14.0,15.766666666666671,14.87142857142857,14.642857142857142,0.0,0.0,0.0,0.0,0.0,0.0,0.0
2020-11-09,20.1,12.6,15.8,0.0,10.2,11,11,314,4,16.6,16.5,15.6,13.7,16.233333333333338,15.242857142857144,14.907142857142857,0.0,0.0,0.0,0.0,0.0,0.0,0.0
2020-11-10,19.0,10.5,14.7,0.0,11.4,21,11,315,4,15.8,16.6,16.5,14.5,16.300000000000008,15.542857142857143,14.942857142857145,0.0,0.0,0.0,0.0,0.0,0.0,0.0
2020-11-11,19.8,11.1,15.2,0.0,10.4,28,11,316,4,14.7,15.8,16.6,14.6,15.700000000000008,15.571428571428571,14.864285714285714,0.0,0.0,0.0,0.0,0.0,0.0,0.0
2020-11-12,20.9,9.7,15.2,0.0,7.9,31,11,317,4,15.2,14.7,15.8,15.2,15.23333333333334,15.657142857142858,14.885714285714284,0.0,0.0,0.0,0.0,0.0,0.0,0.0
2020-11-13,20.1,9.2,14.7,0.3,9.4,46,11,318,4,15.2,15.2,14.7,15.6,15.033333333333339,15.657142857142857,14.957142857142857,0.0,0.0,0.0,0.0,0.0,0.0,0.0
2020-11-14,12.7,7.4,10.6,10.2,9.7,71,11,319,4,14.7,15.2,15.2,16.5,15.033333333333339,15.528571428571427,15.014285714285714,0.3,0.0,0.0,0.0,0.09999999999999999,0.04285714285714311,0.021428571428571554
2020-11-15,8.8,3.1,5.7,0.0,14.3,79,11,320,4,10.6,14.7,15.2,16.6,13.500000000000005,14.685714285714285,14.778571428571427,10.2,0.3,0.0,0.0,3.5,1.5000000000000002,0.7500000000000001
2020-11-16,12.0,1.6,6.3,0.0,9.0,64,11,321,4,5.7,10.6,14.7,15.8,10.33333333333334,13.128571428571428,14.185714285714285,0.0,10.2,0.3,0.0,3.5,1.5000000000000002,0.7500000000000001
2020-11-17,10.6,3.2,6.5,0.0,11.3,54,11,322,4,6.3,5.7,10.6,14.7,7.5333333333333385,11.771428571428572,13.657142857142857,0.0,0.0,10.2,0.0,3.4,1.5000000000000002,0.7500000000000001
2020-11-18,11.5,3.6,7.0,0.0,9.7,50,11,323,4,6.5,6.3,5.7,15.2,6.166666666666672,10.6,13.085714285714285,0.0,0.0,0.0,0.0,0.0,1.5000000000000002,0.7500000000000001
2020-11-19,9.3,3.4,5.7,0.0,15.7,70,11,324,4,7.0,6.5,6.3,15.2,6.600000000000006,9.428571428571429,12.542857142857143,0.0,0.0,0.0,0.0,0.0,1.5000000000000002,0.7500000000000001
2020-11-20,9.5,2.4,5.3,0.0,11.7,56,11,325,4,5.7,7.0,6.5,14.7,6.400000000000006,8.071428571428571,11.864285714285714,0.0,0.0,0.0,0.3,0.0,1.5000000000000002,0.7500000000000001
2020-11-21,10.6,3.1,6.6,0.0,10.0,42,11,326,4,5.3,5.7,7.0,10.6,6.000000000000006,6.728571428571428,11.128571428571428,0.0,0.0,0.0,10.2,0.0,1.4571428571428573,0.7500000000000001
2020-11-22,15.6,5.3,10.5,0.0,7.1,40,11,327,4,6.6,5.3,5.7,5.7,5.866666666666672,6.1571428571428575,10.421428571428569,0.0,0.0,0.0,0.0,0.0,0.0,0.7500000000000001
2020-11-23,13.5,5.1,9.2,1.5,10.5,55,11,328,4,10.5,6.6,5.3,6.3,7.466666666666673,6.8428571428571425,9.985714285714286,0.0,0.0,0.0,0.0,0.0,0.0,0.7500000000000001
2020-11-24,11.9,6.2,8.5,4.8,10.2,71,11,329,4,9.2,10.5,6.6,6.5,8.766666666666673,7.257142857142857,9.514285714285714,1.5,0.0,0.0,0.0,0.5,0.21428571428571455,0.8571428571428573
2020-11-25,9.0,3.8,6.0,0.3,15.0,71,11,330,4,8.5,9.2,10.5,7.0,9.400000000000006,7.542857142857143,9.071428571428571,4.8,1.5,0.0,0.0,2.1,0.9000000000000002,1.2
2020-11-26,13.0,1.7,6.5,0.0,7.1,51,11,331,4,6.0,8.5,9.2,5.7,7.900000000000006,7.3999999999999995,8.414285714285715,0.3,4.8,1.5,0.0,2.1999999999999997,0.9428571428571431,1.2214285714285715
2020-11-27,17.1,2.4,9.5,0.0,9.4,37,11,332,4,6.5,6.0,8.5,5.3,7.000000000000006,7.514285714285713,7.792857142857143,0.0,0.3,4.8,0.0,1.7,0.9428571428571431,1.2214285714285715
2020-11-28,16.3,9.1,12.4,0.0,7.3,22,11,333,4,9.5,6.5,6.0,6.6,7.333333333333339,8.114285714285714,7.421428571428572,0.0,0.0,0.3,0.0,0.09999999999999999,0.9428571428571431,1.2
2020-11-29,18.6,10.0,14.0,0.0,6.5,29,11,334,4,12.4,9.5,6.5,10.5,9.466666666666674,8.942857142857143,7.549999999999999,0.0,0.0,0.0,0.0,0.0,0.9428571428571431,0.47142857142857153
2020-11-30,20.0,11.7,15.1,0.0,7.6,31,11,335,4,14.0,12.4,9.5,9.2,11.966666666666674,9.442857142857141,8.142857142857142,0.0,0.0,0.0,1.5,0.0,0.9428571428571431,0.47142857142857153
2020-12-01,19.9,11.4,15.0,0.0,8.6,25,12,336,1,15.1,14.0,12.4,8.5,13.833333333333337,10.285714285714286,8.77142857142857,0.0,0.0,0.0,4.8,0.0,0.7285714285714288,0.47142857142857153
2020-12-02,20.1,13.6,16.1,0.0,8.9,18,12,337,1,15.0,15.1,14.0,6.0,14.700000000000008,11.214285714285714,9.378571428571428,0.0,0.0,0.0,0.3,0.0,0.04285714285714311,0.47142857142857153
2020-12-03,18.7,9.9,14.4,0.0,10.2,21,12,338,1,16.1,15.0,15.1,6.5,15.400000000000006,12.657142857142857,10.028571428571428,0.0,0.0,0.0,0.0,0.0,0.0,0.47142857142857153
2020-12-04,16.8,9.6,12.7,0.0,11.1,27,12,339,1,14.4,16.1,15.0,9.5,15.166666666666673,13.785714285714286,10.65,0.0,0.0,0.0,0.0,0.0,0.0,0.47142857142857153
2020-12-05,14.6,7.2,11.0,0.0,10.5,44,12,340,1,12.7,14.4,16.1,12.4,14.400000000000006,14.242857142857144,11.178571428571429,0.0,0.0,0.0,0.0,0.0,0.0,0.47142857142857153
2020-12-06,16.5,8.0,12.2,0.0,8.7,48,12,341,1,11.0,12.7,14.4,14.0,12.700000000000005,14.042857142857144,11.492857142857144,0.0,0.0,0.0,0.0,0.0,0.0,0.47142857142857153
2020-12-07,18.8,6.2,12.6,0.8,13.6,50,12,342,1,12.2,11.0,12.7,15.1,11.966666666666674,13.785714285714286,11.614285714285714,0.0,0.0,0.0,0.0,0.0,0.0,0.47142857142857153
2020-12-08,12.9,7.9,10.5,5.3,9.5,79,12,343,1,12.6,12.2,11.0,15.0,11.933333333333337,13.428571428571429,11.857142857142858,0.8,0.0,0.0,0.0,0.26666666666666666,0.11428571428571455,0.4214285714285716
2020-12-09,10.5,5.4,7.8,0.0,9.2,73,12,344,1,10.5,12.6,12.2,16.1,11.766666666666671,12.785714285714286,12.0,5.3,0.8,0.0,0.0,2.033333333333333,0.8714285714285717,0.45714285714285724
2020-12-10,11.1,3.5,7.1,0.0,9.4,63,12,345,1,7.8,10.5,12.6,14.4,10.300000000000006,11.6,12.12857142857143,0.0,5.3,0.8,0.0,2.033333333333333,0.8714285714285717,0.43571428571428583
2020-12-11,6.7,2.7,4.3,2.2,14.3,76,12,346,1,7.1,7.8,10.5,12.7,8.466666666666672,10.557142857142855,12.171428571428573,0.0,0.0,5.3,0.0,1.7666666666666666,0.8714285714285717,0.43571428571428583
2020-12-12,7.0,-0.3,2.9,0.0,11.5,66,12,347,1,4.3,7.1,7.8,11.0,6.400000000000006,9.357142857142858,11.8,2.2,0.0,0.0,0.0,0.7333333333333334,1.1857142857142857,0.5928571428571429
2020-12-13,7.8,0.7,3.7,0.0,13.8,54,12,348,1,2.9,4.3,7.1,12.2,4.766666666666672,8.2,11.121428571428572,0.0,2.2,0.0,0.0,0.7333333333333334,1.1857142857142857,0.5928571428571429
2020-12-14,3.3,-3.3,-0.0,0.0,12.9,50,12,349,1,3.7,2.9,4.3,12.6,3.6333333333333395,6.985714285714286,10.385714285714286,0.0,0.0,2.2,0.8,0.7333333333333334,1.1857142857142857,0.5928571428571429
2020-12-15,4.2,-5.2,-1.0,0.0,8.4,40,12,350,1,-0.0,3.7,2.9,10.5,2.200000000000006,5.185714285714285,9.307142857142859,0.0,0.0,0.0,5.3,0.0,1.0714285714285716,0.5928571428571429
2020-12-16,6.4,-1.5,2.1,0.0,6.9,33,12,351,1,-1.0,-0.0,3.7,7.8,0.900000000000006,3.542857142857143,8.164285714285715,0.0,0.0,0.0,0.0,0.0,0.31428571428571456,0.5928571428571429
2020-12-17,10.2,2.5,6.0,0.0,8.2,26,12,352,1,2.1,-1.0,-0.0,7.1,0.36666666666667264,2.728571428571428,7.164285714285714,0.0,0.0,0.0,0.0,0.0,0.31428571428571456,0.5928571428571429
2020-12-18,12.6,4.9,8.1,0.0,7.9,36,12,353,1,6.0,2.1,-1.0,4.3,2.3666666666666725,2.5714285714285716,6.564285714285714,0.0,0.0,0.0,2.2,0.0,0.31428571428571456,0.5928571428571429
2020-12-19,14.8,6.2,10.2,0.0,7.1,40,12,354,1,8.1,6.0,2.1,2.9,5.400000000000006,3.1142857142857143,6.235714285714286,0.0,0.0,0.0,0.0,0.0,0.0,0.5928571428571429
2020-12-20,15.1,5.8,10.2,0.0,7.1,42,12,355,1,10.2,8.1,6.0,3.7,8.100000000000007,4.1571428571428575,6.178571428571429,0.0,0.0,0.0,0.0,0.0,0.0,0.5928571428571429
2020-12-21,10.2,3.9,6.9,0.0,13.1,48,12,356,1,10.2,10.2,8.1,-0.0,9.500000000000005,5.0857142857142845,6.035714285714286,0.0,0.0,0.0,0.0,0.0,0.0,0.5928571428571429
2020-12-22,9.0,2.7,5.4,0.0,10.0,55,12,357,1,6.9,10.2,10.2,-1.0,9.100000000000005,6.071428571428571,5.628571428571428,0.0,0.0,0.0,0.0,0.0,0.0,0.5357142857142858
2020-12-23,7.7,1.0,4.3,0.0,7.9,47,12,358,1,5.4,6.9,10.2,2.1,7.500000000000004,6.985714285714286,5.264285714285713,0.0,0.0,0.0,0.0,0.0,0.0,0.15714285714285728
2020-12-24,13.2,1.4,6.8,0.0,9.3,39,12,359,1,4.3,5.4,6.9,6.0,5.533333333333339,7.299999999999999,5.014285714285714,0.0,0.0,0.0,0.0,0.0,0.0,0.15714285714285728
2020-12-25,13.0,1.3,6.3,0.0,13.9,40,12,360,1,6.8,4.3,5.4,8.1,5.500000000000006,7.414285714285714,4.992857142857142,0.0,0.0,0.0,0.0,0.0,0.0,0.15714285714285728
2020-12-26,9.1,-1.1,4.2,0.0,16.9,48,12,361,1,6.3,6.8,4.3,10.2,5.800000000000005,7.157142857142857,5.135714285714286,0.0,0.0,0.0,0.0,0.0,0.0,0.0
2020-12-27,1.4,-5.2,-2.1,0.0,19.3,56,12,362,1,4.2,6.3,6.8,10.2,5.766666666666673,6.3,5.228571428571428,0.0,0.0,0.0,0.0,0.0,0.0,0.0
2020-12-28,5.4,-4.0,0.1,0.0,9.8,43,12,363,1,-2.1,4.2,6.3,6.9,2.800000000000006,4.542857142857144,4.814285714285715,0.0,0.0,0.0,0.0,0.0,0.0,0.0
2020-12-29,5.2,-3.9,0.9,0.0,6.6,36,12,364,1,0.1,-2.1,4.2,5.4,0.7333333333333393,3.5714285714285707,4.821428571428571,0.0,0.0,0.0,0.0,0.0,0.0,0.0
2020-12-30,8.2,-2.6,3.4,0.0,8.2,25,12,365,1,0.9,0.1,-2.1,4.3,-0.36666666666666076,2.9285714285714284,4.957142857142857,0.0,0.0,0.0,0.0,0.0,0.0,0.0
2020-12-31,10.5,-0.6,4.9,0.0,8.9,27,12,366,1,3.4,0.9,0.1,6.8,1.4666666666666728,2.8,5.05,0.0,0.0,0.0,0.0,0.0,0.0,0.0
2021-01-01,8.2,1.6,4.3,0.0,8.4,32,1,1,1,4.9,3.4,0.9,6.3,3.066666666666673,2.5285714285714285,4.971428571428571,0.0,0.0,0.0,0.0,0.0,0.0,0.0
2021-01-02,9.9,1.0,4.8,0.0,9.1,32,1,2,1,4.3,4.9,3.4,4.2,4.200000000000006,2.242857142857143,4.7,0.0,0.0,0.0,0.0,0.0,0.0,0.0
2021-01-03,9.5,0.1,4.2,0.0,8.5,34,1,3,1,4.8,4.3,4.9,-2.1,4.666666666666672,2.3285714285714287,4.314285714285714,0.0,0.0,0.0,0.0,0.0,0.0,0.0
2021-01-04,9.9,-0.6,4.8,0.0,8.4,42,1,4,1,4.2,4.8,4.3,0.1,4.43333333333334,3.2285714285714286,3.885714285714286,0.0,0.0,0.0,0.0,0.0,0.0,0.0
2021-01-05,7.7,1.0,3.7,0.0,12.0,48,1,5,1,4.8,4.2,4.8,0.9,4.600000000000006,3.9,3.7357142857142853,0.0,0.0,0.0,0.0,0.0,0.0,0.0
2021-01-06,7.2,0.1,2.9,0.0,9.5,42,1,6,1,3.7,4.8,4.2,3.4,4.233333333333339,4.3,3.6142857142857143,0.0,0.0,0.0,0.0,0.0,0.0,0.0
2021-01-07,3.0,-4.1,-0.2,0.0,13.4,40,1,7,1,2.9,3.7,4.8,4.9,3.800000000000006,4.228571428571429,3.5142857142857147,0.0,0.0,0.0,0.0,0.0,0.0,0.0
2021-01-08,4.0,-6.8,-2.0,0.0,11.0,45,1,8,1,-0.2,2.9,3.7,4.3,2.1333333333333395,3.5,3.014285714285714,0.0,0.0,0.0,0.0,0.0,0.0,0.0
2021-01-09,7.8,-2.7,2.0,0.0,8.4,41,1,9,1,-2.0,-0.2,2.9,4.8,0.23333333333333917,2.6,2.4214285714285713,0.0,0.0,0.0,0.0,0.0,0.0,0.0
2021-01-10,9.1,0.3,4.0,0.0,6.9,25,1,10,1,2.0,-2.0,-0.2,4.2,-0.06666666666666081,2.1999999999999997,2.2642857142857142,0.0,0.0,0.0,0.0,0.0,0.0,0.0
2021-01-11,10.3,1.9,5.7,0.0,7.2,19,1,11,1,4.0,2.0,-2.0,4.8,1.3333333333333393,2.1714285714285713,2.7,0.0,0.0,0.0,0.0,0.0,0.0,0.0
2021-01-12,12.7,3.7,7.7,0.0,8.1,15,1,12,1,5.7,4.0,2.0,3.7,3.9000000000000057,2.3000000000000003,3.1000000000000005,0.0,0.0,0.0,0.0,0.0,0.0,0.0
2021-01-13,13.2,4.8,8.7,0.0,6.9,16,1,13,1,7.7,5.7,4.0,2.9,5.800000000000007,2.8714285714285714,3.585714285714286,0.0,0.0,0.0,0.0,0.0,0.0,0.0
2021-01-14,16.4,5.4,10.4,0.0,8.0,17,1,14,1,8.7,7.7,5.7,-0.2,7.366666666666672,3.7,3.9642857142857144,0.0,0.0,0.0,0.0,0.0,0.0,0.0
2021-01-15,15.3,6.4,10.4,0.0,9.1,17,1,15,1,10.4,8.7,7.7,-2.0,8.933333333333339,5.214285714285714,4.357142857142857,0.0,0.0,0.0,0.0,0.0,0.0,0.0
2021-01-16,17.7,8.2,12.8,0.0,10.1,12,1,16,1,10.4,10.4,8.7,2.0,9.833333333333337,6.985714285714287,4.792857142857143,0.0,0.0,0.0,0.0,0.0,0.0,0.0
2021-01-17,16.0,6.1,11.0,0.0,7.3,16,1,17,1,12.8,10.4,10.4,4.0,11.200000000000008,8.528571428571428,5.364285714285714,0.0,0.0,0.0,0.0,0.0,0.0,0.0
2021-01-18,16.6,4.6,10.3,0.0,7.9,26,1,18,1,11.0,12.8,10.4,5.7,11.400000000000006,9.528571428571428,5.85,0.0,0.0,0.0,0.0,0.0,0.0,0.0
2021-01-19,16.1,5.5,10.9,0.0,9.4,38,1,19,1,10.3,11.0,12.8,7.7,11.366666666666674,10.185714285714285,6.242857142857143,0.0,0.0,0.0,0.0,0.0,0.0,0.0
2021-01-20,15.0,6.9,10.8,0.0,9.6,41,1,20,1,10.9,10.3,11.0,8.7,10.73333333333334,10.642857142857142,6.757142857142857,0.0,0.0,0.0,0.0,0.0,0.0,0.0
2021-01-21,19.4,3.6,11.4,0.0,8.3,30,1,21,1,10.8,10.9,10.3,10.4,10.666666666666671,10.942857142857145,7.321428571428571,0.0,0.0,0.0,0.0,0.0,0.0,0.0
2021-01-22,11.7,-0.0,7.6,0.0,20.3,37,1,22,1,11.4,10.8,10.9,10.4,11.03333333333334,11.085714285714285,8.15,0.0,0.0,0.0,0.0,0.0,0.0,0.0
2021-01-23,4.5,-5.3,-0.7,0.0,13.1,34,1,23,1,7.6,11.4,10.8,12.8,9.933333333333339,10.685714285714287,8.835714285714285,0.0,0.0,0.0,0.0,0.0,0.0,0.0
2021-01-24,9.0,-2.2,3.3,0.0,7.8,22,1,24,1,-0.7,7.6,11.4,11.0,6.100000000000006,8.757142857142858,8.642857142857144,0.0,0.0,0.0,0.0,0.0,0.0,0.0
2021-01-25,10.3,1.8,5.5,0.0,10.7,16,1,25,1,3.3,-0.7,7.6,10.3,3.4000000000000057,7.6571428571428575,8.592857142857143,0.0,0.0,0.0,0.0,0.0,0.0,0.0
2021-01-26,9.9,1.5,5.5,0.0,8.9,14,1,26,1,5.5,3.3,-0.7,10.9,2.700000000000006,6.971428571428571,8.57857142857143,0.0,0.0,0.0,0.0,0.0,0.0,0.0
2021-01-27,11.2,3.6,6.6,0.0,11.0,11,1,27,1,5.5,5.5,3.3,10.8,4.766666666666672,6.2,8.421428571428573,0.0,0.0,0.0,0.0,0.0,0.0,0.0
2021-01-28,10.5,2.2,6.0,0.0,8.7,14,1,28,1,6.6,5.5,5.5,11.4,5.866666666666672,5.6000000000000005,8.27142857142857,0.0,0.0,0.0,0.0,0.0,0.0,0.0
2021-01-29,13.2,3.6,7.6,0.0,8.4,14,1,29,1,6.0,6.6,5.5,7.6,6.0333333333333385,4.828571428571428,7.957142857142857,0.0,0.0,0.0,0.0,0.0,0.0,0.0
2021-01-30,17.2,6.0,11.2,0.0,9.5,12,1,30,1,7.6,6.0,6.6,-0.7,6.733333333333339,4.828571428571428,7.757142857142857,0.0,0.0,0.0,0.0,0.0,0.0,0.0
2021-01-31,17.6,5.4,11.9,0.1,16.2,29,1,31,1,11.2,7.6,6.0,3.3,8.266666666666673,6.528571428571429,7.642857142857143,0.0,0.0,0.0,0.0,0.0,0.0,0.0
2021-02-01,17.5,5.8,11.8,0.0,16.1,35,2,32,1,11.9,11.2,7.6,5.5,10.23333333333334,7.757142857142858,7.707142857142857,0.1,0.0,0.0,0.0,0.03333333333333333,0.01428571428571454,0.00714285714285727
2021-02-02,14.2,2.8,8.6,0.0,17.7,40,2,33,1,11.8,11.9,11.2,5.5,11.63333333333334,8.657142857142857,7.814285714285714,0.0,0.1,0.0,0.0,0.03333333333333333,0.01428571428571454,0.00714285714285727
2021-02-03,10.7,3.7,7.3,0.0,16.8,32,2,34,1,8.6,11.8,11.9,6.6,10.766666666666673,9.1,7.6499999999999995,0.0,0.0,0.1,0.0,0.03333333333333333,0.01428571428571454,0.00714285714285727
2021-02-04,11.6,2.5,6.7,0.0,11.2,30,2,35,1,7.3,8.6,11.8,6.0,9.23333333333334,9.200000000000001,7.4,0.0,0.0,0.0,0.0,0.0,0.01428571428571454,0.00714285714285727
2021-02-05,12.6,2.1,7.2,0.0,10.5,28,2,36,1,6.7,7.3,8.6,7.6,7.5333333333333385,9.299999999999999,7.064285714285715,0.0,0.0,0.0,0.0,0.0,0.01428571428571454,0.00714285714285727
2021-02-06,17.3,5.4,10.9,0.0,7.5,16,2,37,1,7.2,6.7,7.3,11.2,7.066666666666673,9.242857142857144,7.035714285714286,0.0,0.0,0.0,0.0,0.0,0.01428571428571454,0.00714285714285727
2021-02-07,22.4,10.9,15.4,0.0,9.6,15,2,38,1,10.9,7.2,6.7,11.9,8.266666666666673,9.200000000000001,7.864285714285714,0.0,0.0,0.0,0.1,0.0,0.01428571428571454,0.00714285714285727
2021-02-08,20.6,7.2,13.8,0.0,7.0,18,2,39,1,15.4,10.9,7.2,11.8,11.166666666666673,9.700000000000001,8.72857142857143,0.0,0.0,0.0,0.0,0.0,0.0,0.00714285714285727
2021-02-09,15.5,8.8,12.2,0.0,18.1,24,2,40,1,13.8,15.4,10.9,8.6,13.366666666666674,9.985714285714286,9.321428571428571,0.0,0.0,0.0,0.0,0.0,0.0,0.00714285714285727
2021-02-10,17.5,6.3,11.4,0.0,11.6,30,2,41,1,12.2,13.8,15.4,7.3,13.800000000000006,10.5,9.799999999999999,0.0,0.0,0.0,0.0,0.0,0.0,0.00714285714285727
2021-02-11,18.6,8.0,12.9,0.0,8.6,23,2,42,1,11.4,12.2,13.8,6.7,12.466666666666674,11.085714285714287,10.142857142857142,0.0,0.0,0.0,0.0,0.0,0.0,0.00714285714285727
2021-02-12,19.5,6.6,12.9,0.0,8.7,21,2,43,1,12.9,11.4,12.2,7.2,12.166666666666671,11.971428571428572,10.635714285714286,0.0,0.0,0.0,0.0,0.0,0.0,0.00714285714285727
2021-02-13,19.2,5.8,13.0,0.0,8.4,24,2,44,1,12.9,12.9,11.4,10.9,12.400000000000006,12.785714285714286,11.014285714285716,0.0,0.0,0.0,0.0,0.0,0.0,0.00714285714285727
2021-02-14,18.5,9.3,13.9,0.0,10.2,16,2,45,1,13.0,12.9,12.9,15.4,12.933333333333339,13.085714285714285,11.142857142857142,0.0,0.0,0.0,0.0,0.0,0.0,0.00714285714285727
2021-02-15,16.8,8.9,13.0,0.0,13.3,15,2,46,1,13.9,13.0,12.9,13.8,13.266666666666673,12.871428571428572,11.285714285714288,0.0,0.0,0.0,0.0,0.0,0.0,0.0
2021-02-16,17.4,8.0,12.8,0.0,9.2,14,2,47,1,13.0,13.9,13.0,12.2,13.300000000000006,12.757142857142858,11.371428571428572,0.0,0.0,0.0,0.0,0.0,0.0,0.0
2021-02-17,17.2,8.1,12.9,0.0,8.4,11,2,48,1,12.8,13.0,13.9,11.4,13.23333333333334,12.842857142857143,11.671428571428573,0.0,0.0,0.0,0.0,0.0,0.0,0.0
2021-02-18,19.3,8.6,13.3,0.0,12.2,12,2,49,1,12.9,12.8,13.0,12.9,12.900000000000006,13.057142857142859,12.071428571428571,0.0,0.0,0.0,0.0,0.0,0.0,0.0
2021-02-19,20.0,6.7,13.2,0.0,9.4,24,2,50,1,13.3,12.9,12.8,12.9,13.000000000000007,13.114285714285716,12.542857142857144,0.0,0.0,0.0,0.0,0.0,0.0,0.0
2021-02-20,20.5,6.3,13.6,0.0,9.1,35,2,51,1,13.2,13.3,12.9,13.0,13.13333333333334,13.157142857142857,12.971428571428572,0.0,0.0,0.0,0.0,0.0,0.0,0.0
2021-02-21,20.9,8.3,15.0,0.0,11.2,34,2,52,1,13.6,13.2,13.3,13.9,13.366666666666672,13.242857142857144,13.164285714285713,0.0,0.0,0.0,0.0,0.0,0.0,0.0
2021-02-22,19.7,9.8,15.0,0.0,15.1,40,2,53,1,15.0,13.6,13.2,13.0,13.933333333333339,13.4,13.135714285714286,0.0,0.0,0.0,0.0,0.0,0.0,0.0
2021-02-23,18.3,8.2,14.1,0.4,12.3,43,2,54,1,15.0,15.0,13.6,12.8,14.533333333333339,13.685714285714285,13.221428571428572,0.0,0.0,0.0,0.0,0.0,0.0,0.0
2021-02-24,20.9,7.3,14.5,0.0,11.8,35,2,55,1,14.1,15.0,15.0,12.9,14.700000000000005,13.87142857142857,13.357142857142858,0.4,0.0,0.0,0.0,0.13333333333333333,0.0571428571428574,0.0285714285714287
2021-02-25,21.7,8.4,15.1,0.0,15.4,38,2,56,1,14.5,14.1,15.0,13.3,14.533333333333339,14.099999999999998,13.578571428571427,0.0,0.4,0.0,0.0,0.13333333333333333,0.0571428571428574,0.0285714285714287
2021-02-26,14.4,4.5,8.5,0.0,14.9,53,2,57,1,15.1,14.5,14.1,13.2,14.566666666666672,14.357142857142858,13.735714285714286,0.0,0.0,0.4,0.0,0.13333333333333333,0.0571428571428574,0.0285714285714287
2021-02-27,10.5,0.8,5.6,0.0,20.3,48,2,58,1,8.5,15.1,14.5,13.6,12.700000000000005,13.685714285714287,13.421428571428573,0.0,0.0,0.0,0.0,0.0,0.0571428571428574,0.0285714285714287
2021-02-28,13.2,3.0,7.5,0.0,13.4,35,2,59,1,5.6,8.5,15.1,15.0,9.73333333333334,12.542857142857143,12.892857142857142,0.0,0.0,0.0,0.0,0.0,0.0571428571428574,0.0285714285714287
2021-03-01,16.9,5.8,10.9,0.0,8.9,22,3,60,2,7.5,5.6,8.5,15.0,7.2000000000000055,11.471428571428572,12.435714285714285,0.0,0.0,0.0,0.0,0.0,0.0571428571428574,0.0285714285714287
2021-03-02,20.2,7.6,13.7,0.0,13.8,21,3,61,2,10.9,7.5,5.6,14.1,8.000000000000005,10.885714285714286,12.285714285714286,0.0,0.0,0.0,0.4,0.0,0.0571428571428574,0.0285714285714287
2021-03-03,19.1,9.5,14.5,0.0,16.4,26,3,62,2,13.7,10.9,7.5,14.5,10.700000000000008,10.828571428571427,12.35,0.0,0.0,0.0,0.0,0.0,0.0,0.0285714285714287
2021-03-04,20.0,7.9,14.9,0.0,16.1,29,3,63,2,14.5,13.7,10.9,15.1,13.03333333333334,10.828571428571427,12.464285714285714,0.0,0.0,0.0,0.0,0.0,0.0,0.0285714285714287
2021-03-05,21.5,10.2,15.9,0.0,12.5,25,3,64,2,14.9,14.5,13.7,8.5,14.366666666666672,10.799999999999999,12.578571428571427,0.0,0.0,0.0,0.0,0.0,0.0,0.0285714285714287
2021-03-06,23.4,10.4,17.2,0.0,22.9,30,3,65,2,15.9,14.9,14.5,5.6,15.100000000000007,11.857142857142858,12.771428571428572,0.0,0.0,0.0,0.0,0.0,0.0,0.0285714285714287
2021-03-07,18.7,11.2,15.1,0.0,16.2,26,3,66,2,17.2,15.9,14.9,7.5,16.000000000000004,13.514285714285716,13.028571428571428,0.0,0.0,0.0,0.0,0.0,0.0,0.0285714285714287
2021-03-08,18.8,7.1,13.5,0.0,8.9,18,3,67,2,15.1,17.2,15.9,10.9,16.066666666666674,14.599999999999998,13.035714285714286,0.0,0.0,0.0,0.0,0.0,0.0,0.0285714285714287
2021-03-09,20.8,5.1,13.2,0.4,17.4,35,3,68,2,13.5,15.1,17.2,13.7,15.266666666666671,14.971428571428572,12.928571428571429,0.0,0.0,0.0,0.0,0.0,0.0,0.0285714285714287
2021-03-10,22.8,6.9,14.6,0.0,19.9,52,3,69,2,13.2,13.5,15.1,14.5,13.933333333333339,14.9,12.864285714285716,0.4,0.0,0.0,0.0,0.13333333333333333,0.0571428571428574,0.0285714285714287
2021-03-11,19.6,8.7,13.5,2.5,16.7,55,3,70,2,14.6,13.2,13.5,14.9,13.766666666666671,14.914285714285715,12.871428571428572,0.0,0.4,0.0,0.0,0.13333333333333333,0.0571428571428574,0.0285714285714287
2021-03-12,20.7,6.8,13.8,0.0,16.7,55,3,71,2,13.5,14.6,13.2,15.9,13.766666666666671,14.714285714285714,12.757142857142856,2.5,0.0,0.4,0.0,0.9666666666666667,0.41428571428571453,0.20714285714285727
2021-03-13,17.5,9.9,13.0,3.0,19.9,70,3,72,2,13.8,13.5,14.6,17.2,13.966666666666674,14.414285714285715,13.135714285714284,0.0,2.5,0.0,0.0,0.8333333333333334,0.41428571428571453,0.20714285714285727
2021-03-14,18.7,8.6,13.8,2.0,15.8,57,3,73,2,13.0,13.8,13.5,15.1,13.433333333333339,13.814285714285715,13.664285714285713,3.0,0.0,2.5,0.0,1.8333333333333333,0.8428571428571432,0.4214285714285716
2021-03-15,20.8,8.2,15.1,0.0,14.0,38,3,74,2,13.8,13.0,13.8,13.5,13.53333333333334,13.62857142857143,14.114285714285714,2.0,3.0,0.0,0.0,1.6666666666666667,1.1285714285714288,0.5642857142857144
2021-03-16,21.0,9.3,15.5,0.0,10.3,35,3,75,2,15.1,13.8,13.0,13.2,13.966666666666674,13.857142857142858,14.414285714285713,0.0,2.0,3.0,0.4,1.6666666666666667,1.1285714285714288,0.5642857142857144
2021-03-17,21.7,10.4,16.8,0.0,12.3,24,3,76,2,15.5,15.1,13.8,14.6,14.800000000000006,14.185714285714285,14.542857142857143,0.0,0.0,2.0,0.0,0.6666666666666666,1.0714285714285716,0.5642857142857144
2021-03-18,22.5,12.5,17.5,0.0,10.0,23,3,77,2,16.8,15.5,15.1,13.5,15.800000000000006,14.5,14.707142857142857,0.0,0.0,0.0,2.5,0.0,1.0714285714285716,0.5642857142857144
2021-03-19,24.0,10.4,16.8,0.0,17.0,41,3,78,2,17.5,16.8,15.5,13.8,16.600000000000005,15.071428571428571,14.892857142857142,0.0,0.0,0.0,0.0,0.0,0.7142857142857145,0.5642857142857144
2021-03-20,22.0,11.0,16.1,0.6,18.2,48,3,79,2,16.8,17.5,16.8,13.0,17.03333333333334,15.5,14.957142857142856,0.0,0.0,0.0,3.0,0.0,0.7142857142857145,0.5642857142857144
2021-03-21,21.1,10.3,15.8,0.4,12.6,47,3,80,2,16.1,16.8,17.5,13.8,16.800000000000008,15.942857142857141,14.87857142857143,0.6,0.0,0.0,2.0,0.19999999999999998,0.3714285714285717,0.6071428571428573
2021-03-22,15.1,9.0,11.7,10.6,16.0,71,3,81,2,15.8,16.1,16.8,15.1,16.233333333333338,16.228571428571428,14.928571428571429,0.4,0.6,0.0,0.0,0.3333333333333333,0.1428571428571431,0.6357142857142859
2021-03-23,16.3,6.3,11.6,0.0,16.0,53,3,82,2,11.7,15.8,16.1,15.5,14.53333333333334,15.742857142857144,14.8,10.6,0.4,0.6,0.0,3.8666666666666667,1.6571428571428573,1.3928571428571428
2021-03-24,20.0,8.1,13.9,0.0,7.6,38,3,83,2,11.6,11.7,15.8,16.8,13.033333333333339,15.185714285714287,14.685714285714285,0.0,10.6,0.4,0.0,3.6666666666666665,1.6571428571428573,1.3642857142857143
2021-03-25,23.7,9.5,16.8,0.0,12.9,42,3,84,2,13.9,11.6,11.7,17.5,12.400000000000006,14.77142857142857,14.635714285714286,0.0,0.0,10.6,0.0,3.533333333333333,1.6571428571428573,1.3642857142857143
2021-03-26,26.2,12.7,19.5,0.0,15.2,31,3,85,2,16.8,13.9,11.6,16.8,14.100000000000007,14.671428571428574,14.87142857142857,0.0,0.0,0.0,0.0,0.0,1.6571428571428573,1.1857142857142857
2021-03-27,28.1,13.9,21.1,0.0,12.7,26,3,86,2,19.5,16.8,13.9,16.1,16.733333333333338,15.057142857142859,15.278571428571428,0.0,0.0,0.0,0.6,0.0,1.6571428571428573,1.1857142857142857
2021-03-28,29.1,14.0,22.1,0.0,20.3,23,3,87,2,21.1,19.5,16.8,15.8,19.13333333333334,15.771428571428572,15.857142857142858,0.0,0.0,0.0,0.4,0.0,1.5714285714285716,0.9714285714285715
2021-03-29,23.6,14.7,20.0,0.0,21.7,16,3,88,2,22.1,21.1,19.5,11.7,20.90000000000001,16.67142857142857,16.45,0.0,0.0,0.0,10.6,0.0,1.5142857142857145,0.8285714285714286
2021-03-30,19.3,9.0,14.2,0.0,20.4,17,3,89,2,20.0,22.1,21.1,11.6,21.066666666666674,17.857142857142858,16.8,0.0,0.0,0.0,0.0,0.0,0.0,0.8285714285714286
2021-03-31,19.0,8.7,13.7,0.0,15.6,15,3,90,2,14.2,20.0,22.1,13.9,18.766666666666676,18.228571428571428,16.70714285714286,0.0,0.0,0.0,0.0,0.0,0.0,0.8285714285714286
2021-04-01,22.1,9.4,15.6,0.0,18.8,13,4,91,2,13.7,14.2,20.0,16.8,15.96666666666667,18.2,16.485714285714288,0.0,0.0,0.0,0.0,0.0,0.0,0.8285714285714286
2021-04-02,22.7,13.7,18.5,0.0,18.4,18,4,92,2,15.6,13.7,14.2,19.5,14.500000000000005,18.02857142857143,16.35,0.0,0.0,0.0,0.0,0.0,0.0,0.8285714285714286
2021-04-03,26.3,14.7,20.6,0.0,16.9,21,4,93,2,18.5,15.6,13.7,21.1,15.933333333333337,17.885714285714283,16.47142857142857,0.0,0.0,0.0,0.0,0.0,0.0,0.8285714285714286
2021-04-04,28.3,15.2,21.6,0.4,18.4,24,4,94,2,20.6,18.5,15.6,22.1,18.233333333333338,17.814285714285713,16.79285714285714,0.0,0.0,0.0,0.0,0.0,0.0,0.7857142857142858
2021-04-05,25.6,15.1,20.0,0.5,18.8,31,4,95,2,21.6,20.6,18.5,20.0,20.233333333333338,17.74285714285714,17.20714285714286,0.4,0.0,0.0,0.0,0.13333333333333333,0.0571428571428574,0.7857142857142858
2021-04-06,20.6,12.6,16.7,0.9,21.6,22,4,96,2,20.0,21.6,20.6,14.2,20.733333333333338,17.74285714285714,17.8,0.5,0.4,0.0,0.0,0.3,0.12857142857142884,0.06428571428571442
2021-04-07,21.7,9.8,15.9,0.0,11.4,13,4,97,2,16.7,20.0,21.6,13.7,19.43333333333334,18.1,18.164285714285715,0.9,0.5,0.4,0.0,0.6,0.2571428571428574,0.1285714285714287
2021-04-08,23.0,11.4,18.0,0.0,16.2,15,4,98,2,15.9,16.7,20.0,15.6,17.53333333333334,18.414285714285715,18.307142857142857,0.0,0.9,0.5,0.0,0.4666666666666666,0.2571428571428574,0.1285714285714287
2021-04-09,24.1,10.8,18.7,0.0,10.6,16,4,99,2,18.0,15.9,16.7,18.5,16.86666666666667,18.75714285714286,18.392857142857142,0.0,0.0,0.9,0.0,0.3,0.2571428571428574,0.1285714285714287
2021-04-10,25.4,11.0,19.1,0.0,11.3,20,4,100,2,18.7,18.0,15.9,20.6,17.533333333333342,18.785714285714285,18.335714285714285,0.0,0.0,0.0,0.0,0.0,0.2571428571428574,0.1285714285714287
2021-04-11,27.0,12.1,20.3,0.0,16.2,19,4,101,2,19.1,18.7,18.0,21.6,18.600000000000005,18.571428571428573,18.192857142857143,0.0,0.0,0.0,0.4,0.0,0.2571428571428574,0.1285714285714287
2021-04-12,27.5,15.3,21.6,0.0,9.4,15,4,102,2,20.3,19.1,18.7,20.0,19.36666666666667,18.38571428571429,18.064285714285713,0.0,0.0,0.0,0.5,0.0,0.20000000000000023,0.1285714285714287
2021-04-13,27.7,14.0,20.9,0.1,19.3,21,4,103,2,21.6,20.3,19.1,16.7,20.33333333333334,18.614285714285717,18.178571428571427,0.0,0.0,0.0,0.9,0.0,0.12857142857142884,0.1285714285714287
2021-04-14,26.3,13.7,20.1,0.2,17.1,28,4,104,2,20.9,21.6,20.3,15.9,20.93333333333334,19.214285714285715,18.657142857142855,0.1,0.0,0.0,0.0,0.03333333333333333,0.01428571428571454,0.13571428571428584
2021-04-15,23.0,12.7,17.3,3.9,18.4,47,4,105,2,20.1,20.9,21.6,18.0,20.86666666666667,19.814285714285713,19.114285714285717,0.2,0.1,0.0,0.0,0.10000000000000002,0.042857142857143114,0.15000000000000013
2021-04-16,21.2,10.8,16.0,0.6,19.4,57,4,106,2,17.3,20.1,20.9,18.7,19.433333333333337,19.714285714285715,19.235714285714288,3.9,0.2,0.1,0.0,1.4000000000000001,0.6000000000000003,0.4285714285714287
2021-04-17,24.1,14.5,19.1,0.0,18.7,26,4,107,2,16.0,17.3,20.1,19.1,17.800000000000008,19.32857142857143,19.057142857142857,0.6,3.9,0.2,0.0,1.5666666666666667,0.6857142857142859,0.47142857142857153
2021-04-18,25.0,15.3,20.4,0.0,19.9,19,4,108,2,19.1,16.0,17.3,20.3,17.466666666666672,19.32857142857143,18.95,0.0,0.6,3.9,0.0,1.5,0.6857142857142859,0.47142857142857153
2021-04-19,24.6,15.3,20.3,0.0,10.8,20,4,109,2,20.4,19.1,16.0,21.6,18.500000000000004,19.342857142857145,18.864285714285717,0.0,0.0,0.6,0.0,0.19999999999999998,0.6857142857142859,0.44285714285714295
2021-04-20,24.0,14.3,19.2,0.3,16.5,28,4,110,2,20.3,20.4,19.1,20.9,19.93333333333334,19.157142857142855,18.88571428571429,0.0,0.0,0.0,0.1,0.0,0.6857142857142859,0.4071428571428572
2021-04-21,25.4,10.1,18.8,0.0,16.1,37,4,111,2,19.2,20.3,20.4,20.1,19.966666666666672,18.914285714285715,19.064285714285713,0.3,0.0,0.0,0.2,0.09999999999999999,0.7142857142857145,0.36428571428571443
2021-04-22,27.0,16.9,22.1,0.0,18.8,14,4,112,2,18.8,19.2,20.3,17.3,19.433333333333337,18.728571428571428,19.271428571428572,0.0,0.3,0.0,3.9,0.09999999999999999,0.6857142857142859,0.36428571428571443
2021-04-23,27.2,17.5,22.2,0.0,12.4,15,4,113,2,22.1,18.8,19.2,16.0,20.03333333333334,19.414285714285715,19.564285714285717,0.0,0.0,0.3,0.6,0.09999999999999999,0.1285714285714288,0.36428571428571443
2021-04-24,27.9,11.6,20.4,0.0,11.9,31,4,114,2,22.2,22.1,18.8,19.1,21.033333333333342,20.3,19.814285714285713,0.0,0.0,0.0,0.0,0.0,0.04285714285714311,0.36428571428571443
2021-04-25,28.9,13.0,21.8,0.0,10.4,26,4,115,2,20.4,22.2,22.1,20.4,21.566666666666674,20.485714285714288,19.907142857142855,0.0,0.0,0.0,0.0,0.0,0.04285714285714311,0.36428571428571443
2021-04-26,29.5,15.1,23.5,0.0,12.4,20,4,116,2,21.8,20.4,22.2,20.3,21.46666666666667,20.685714285714287,20.014285714285716,0.0,0.0,0.0,0.0,0.0,0.04285714285714311,0.36428571428571443
2021-04-27,29.7,18.5,24.6,0.0,8.9,16,4,117,2,23.5,21.8,20.4,19.2,21.900000000000006,21.142857142857142,20.150000000000002,0.0,0.0,0.0,0.3,0.0,0.04285714285714311,0.36428571428571443
2021-04-28,30.0,17.4,23.0,1.2,20.9,25,4,118,2,24.6,23.5,21.8,18.8,23.300000000000008,21.914285714285715,20.414285714285715,0.0,0.0,0.0,0.0,0.0,0.0,0.35714285714285726
2021-04-29,27.0,15.8,22.2,0.1,14.1,31,4,119,2,23.0,24.6,23.5,22.1,23.700000000000006,22.514285714285712,20.62142857142857,1.2,0.0,0.0,0.0,0.39999999999999997,0.17142857142857168,0.4285714285714287
2021-04-30,27.3,15.1,21.8,0.3,22.2,29,4,120,2,22.2,23.0,24.6,22.2,23.26666666666667,22.52857142857143,20.971428571428568,0.1,1.2,0.0,0.0,0.43333333333333335,0.18571428571428597,0.15714285714285725
2021-05-01,26.1,15.9,21.7,0.1,12.1,34,5,121,2,21.8,22.2,23.0,20.4,22.33333333333334,22.47142857142857,21.385714285714283,0.3,0.1,1.2,0.0,0.5333333333333333,0.22857142857142884,0.13571428571428584
2021-05-02,25.2,15.2,20.2,0.4,16.3,46,5,122,2,21.7,21.8,22.2,21.8,21.900000000000006,22.657142857142855,21.571428571428573,0.1,0.3,0.1,0.0,0.16666666666666666,0.2428571428571431,0.142857142857143
2021-05-03,24.6,14.9,19.2,3.9,13.8,55,5,123,2,20.2,21.7,21.8,23.5,21.233333333333338,22.428571428571427,21.557142857142857,0.4,0.1,0.3,0.0,0.26666666666666666,0.30000000000000027,0.17142857142857154
2021-05-04,23.4,14.4,19.1,0.0,12.0,56,5,124,2,19.2,20.2,21.7,24.6,20.36666666666667,21.814285714285713,21.478571428571428,3.9,0.4,0.1,0.0,1.4666666666666668,0.8571428571428574,0.4500000000000001
2021-05-05,23.7,15.6,19.9,0.2,11.1,41,5,125,2,19.1,19.2,20.2,23.0,19.500000000000004,21.02857142857143,21.471428571428568,0.0,3.9,0.4,1.2,1.4333333333333336,0.8571428571428574,0.4285714285714287
2021-05-06,24.6,13.4,19.3,0.1,10.7,45,5,126,2,19.9,19.1,19.2,22.2,19.400000000000006,20.585714285714285,21.55,0.2,0.0,3.9,0.1,1.3666666666666665,0.7142857142857145,0.442857142857143
2021-05-07,27.0,15.2,21.1,0.0,16.3,36,5,127,2,19.3,19.9,19.1,21.8,19.433333333333337,20.17142857142857,21.35,0.1,0.2,0.0,0.3,0.10000000000000002,0.7142857142857145,0.4500000000000001
2021-05-08,28.1,15.6,22.6,0.0,10.2,21,5,128,2,21.1,19.3,19.9,21.7,20.100000000000005,20.071428571428573,21.271428571428572,0.0,0.1,0.2,0.1,0.10000000000000002,0.6714285714285717,0.4500000000000001
2021-05-09,29.3,16.4,24.0,0.0,9.2,17,5,129,2,22.6,21.1,19.3,20.2,21.000000000000007,20.2,21.428571428571427,0.0,0.0,0.1,0.4,0.03333333333333333,0.6571428571428574,0.4500000000000001
2021-05-10,29.9,17.2,23.9,0.0,15.1,22,5,130,2,24.0,22.6,21.1,19.2,22.566666666666674,20.742857142857144,21.585714285714285,0.0,0.0,0.0,3.9,0.0,0.6000000000000003,0.4500000000000001
2021-05-11,28.4,18.6,24.1,0.0,17.7,21,5,131,2,23.9,24.0,22.6,19.1,23.500000000000004,21.414285714285715,21.61428571428571,0.0,0.0,0.0,0.0,0.0,0.042857142857143114,0.4500000000000001
2021-05-12,27.6,16.6,23.1,0.0,15.5,18,5,132,2,24.1,23.9,24.0,19.9,24.000000000000004,22.12857142857143,21.57857142857143,0.0,0.0,0.0,0.2,0.0,0.042857142857143114,0.4500000000000001
2021-05-13,28.5,18.5,23.9,0.0,14.1,16,5,133,2,23.1,24.1,23.9,19.3,23.700000000000006,22.58571428571429,21.58571428571429,0.0,0.0,0.0,0.1,0.0,0.01428571428571454,0.3642857142857144
2021-05-14,29.4,15.2,22.7,0.1,12.4,35,5,134,2,23.9,23.1,24.1,21.1,23.700000000000006,23.24285714285714,21.70714285714286,0.0,0.0,0.0,0.0,0.0,0.0,0.35714285714285726
2021-05-15,29.0,14.9,22.6,0.0,15.7,29,5,135,2,22.7,23.9,23.1,22.6,23.233333333333338,23.47142857142857,21.771428571428572,0.1,0.0,0.0,0.0,0.03333333333333333,0.01428571428571454,0.342857142857143
2021-05-16,28.6,16.4,23.0,0.0,11.9,30,5,136,2,22.6,22.7,23.9,24.0,23.066666666666674,23.47142857142857,21.83571428571429,0.0,0.1,0.0,0.0,0.03333333333333333,0.01428571428571454,0.33571428571428585
2021-05-17,29.6,15.9,23.4,0.0,15.8,27,5,137,2,23.0,22.6,22.7,23.9,22.76666666666667,23.32857142857143,22.035714285714285,0.0,0.0,0.1,0.0,0.03333333333333333,0.01428571428571454,0.30714285714285733
2021-05-18,28.9,15.6,23.3,0.0,14.3,23,5,138,2,23.4,23.0,22.6,24.1,23.000000000000004,23.25714285714286,22.335714285714285,0.0,0.0,0.0,0.0,0.0,0.01428571428571454,0.0285714285714287
2021-05-19,29.5,14.6,23.6,0.0,10.4,16,5,139,2,23.3,23.4,23.0,23.1,23.233333333333338,23.142857142857142,22.63571428571429,0.0,0.0,0.0,0.0,0.0,0.01428571428571454,0.0285714285714287
2021-05-20,30.9,16.8,24.8,0.0,19.9,11,5,140,2,23.6,23.3,23.4,23.9,23.433333333333337,23.214285714285715,22.900000000000002,0.0,0.0,0.0,0.0,0.0,0.01428571428571454,0.014285714285714414
2021-05-21,30.0,20.1,25.3,0.0,15.3,10,5,141,2,24.8,23.6,23.3,22.7,23.900000000000006,23.342857142857145,23.29285714285714,0.0,0.0,0.0,0.1,0.0,0.01428571428571454,0.00714285714285727
2021-05-22,30.1,15.9,24.4,0.0,18.9,9,5,142,2,25.3,24.8,23.6,22.6,24.566666666666674,23.714285714285715,23.592857142857145,0.0,0.0,0.0,0.0,0.0,0.0,0.00714285714285727
2021-05-23,28.6,14.6,22.3,0.0,14.4,40,5,143,2,24.4,25.3,24.8,23.0,24.83333333333334,23.97142857142857,23.72142857142857,0.0,0.0,0.0,0.0,0.0,0.0,0.00714285714285727
2021-05-24,31.0,14.2,23.9,0.0,21.2,28,5,144,2,22.3,24.4,25.3,23.4,24.000000000000004,23.87142857142857,23.599999999999998,0.0,0.0,0.0,0.0,0.0,0.0,0.00714285714285727
2021-05-25,31.0,19.0,25.9,0.0,21.2,14,5,145,2,23.9,22.3,24.4,23.3,23.533333333333335,23.942857142857143,23.6,0.0,0.0,0.0,0.0,0.0,0.0,0.00714285714285727
2021-05-26,31.9,19.0,26.7,0.0,14.8,13,5,146,2,25.9,23.9,22.3,23.6,24.033333333333335,24.314285714285717,23.728571428571428,0.0,0.0,0.0,0.0,0.0,0.0,0.00714285714285727
2021-05-27,32.5,20.1,27.8,0.0,15.8,11,5,147,2,26.7,25.9,23.9,24.8,25.500000000000004,24.75714285714286,23.985714285714288,0.0,0.0,0.0,0.0,0.0,0.0,0.00714285714285727
2021-05-28,33.7,20.6,28.1,0.0,16.7,15,5,148,2,27.8,26.7,25.9,25.3,26.8,25.185714285714287,24.264285714285712,0.0,0.0,0.0,0.0,0.0,0.0,0.00714285714285727
2021-05-29,31.5,19.9,27.0,0.0,17.6,17,5,149,2,28.1,27.8,26.7,24.4,27.533333333333342,25.585714285714285,24.650000000000002,0.0,0.0,0.0,0.0,0.0,0.0,0.0
2021-05-30,32.5,20.4,27.9,0.0,11.0,15,5,150,2,27.0,28.1,27.8,22.3,27.63333333333334,25.957142857142856,24.964285714285715,0.0,0.0,0.0,0.0,0.0,0.0,0.0
2021-05-31,33.9,20.7,28.9,0.0,16.6,12,5,151,2,27.9,27.0,28.1,23.9,27.66666666666667,26.75714285714286,25.314285714285713,0.0,0.0,0.0,0.0,0.0,0.0,0.0
2021-06-01,34.2,24.1,29.2,0.0,11.9,10,6,152,3,28.9,27.9,27.0,25.9,27.933333333333337,27.471428571428568,25.707142857142856,0.0,0.0,0.0,0.0,0.0,0.0,0.0
2021-06-02,33.6,17.6,27.0,0.0,12.8,33,6,153,3,29.2,28.9,27.9,26.7,28.666666666666668,27.942857142857143,26.12857142857143,0.0,0.0,0.0,0.0,0.0,0.0,0.0
2021-06-03,34.2,19.1,27.2,0.0,18.3,39,6,154,3,27.0,29.2,28.9,27.8,28.366666666666674,27.985714285714288,26.371428571428574,0.0,0.0,0.0,0.0,0.0,0.0,0.0
2021-06-04,35.2,18.9,26.8,0.0,17.5,42,6,155,3,27.2,27.0,29.2,28.1,27.8,27.9,26.542857142857144,0.0,0.0,0.0,0.0,0.0,0.0,0.0
2021-06-05,35.2,19.6,27.3,0.0,18.8,38,6,156,3,26.8,27.2,27.0,27.0,27.000000000000004,27.714285714285715,26.650000000000002,0.0,0.0,0.0,0.0,0.0,0.0,0.0
2021-06-06,35.5,20.0,27.5,0.0,18.2,36,6,157,3,27.3,26.8,27.2,27.9,27.100000000000005,27.757142857142856,26.857142857142858,0.0,0.0,0.0,0.0,0.0,0.0,0.0
2021-06-07,36.2,19.8,28.9,0.0,11.0,32,6,158,3,27.5,27.3,26.8,28.9,27.200000000000003,27.699999999999996,27.228571428571428,0.0,0.0,0.0,0.0,0.0,0.0,0.0
2021-06-08,37.3,22.1,30.8,0.0,10.6,24,6,159,3,28.9,27.5,27.3,29.2,27.900000000000006,27.7,27.585714285714285,0.0,0.0,0.0,0.0,0.0,0.0,0.0
2021-06-09,37.7,25.4,32.3,0.0,10.2,10,6,160,3,30.8,28.9,27.5,27.0,29.066666666666674,27.928571428571427,27.935714285714287,0.0,0.0,0.0,0.0,0.0,0.0,0.0
2021-06-10,37.5,22.7,31.3,0.0,15.6,18,6,161,3,32.3,30.8,28.9,27.2,30.66666666666667,28.685714285714283,28.335714285714285,0.0,0.0,0.0,0.0,0.0,0.0,0.0
2021-06-11,37.5,21.2,30.5,0.0,11.5,7,6,162,3,31.3,32.3,30.8,26.8,31.46666666666667,29.271428571428572,28.585714285714285,0.0,0.0,0.0,0.0,0.0,0.0,0.0
2021-06-12,37.6,22.5,31.0,0.0,16.3,15,6,163,3,30.5,31.3,32.3,27.3,31.36666666666667,29.8,28.757142857142856,0.0,0.0,0.0,0.0,0.0,0.0,0.0
2021-06-13,37.2,21.2,29.9,0.0,16.7,28,6,164,3,31.0,30.5,31.3,27.5,30.933333333333337,30.32857142857143,29.04285714285714,0.0,0.0,0.0,0.0,0.0,0.0,0.0
2021-06-14,35.4,19.9,28.7,0.0,14.4,31,6,165,3,29.9,31.0,30.5,28.9,30.466666666666672,30.671428571428574,29.185714285714287,0.0,0.0,0.0,0.0,0.0,0.0,0.0
2021-06-15,32.6,24.8,28.4,0.0,24.1,9,6,166,3,28.7,29.9,31.0,30.8,29.866666666666674,30.642857142857142,29.171428571428574,0.0,0.0,0.0,0.0,0.0,0.0,0.0
2021-06-16,32.5,18.4,26.8,0.0,12.2,20,6,167,3,28.4,28.7,29.9,32.3,29.000000000000004,30.3,29.11428571428571,0.0,0.0,0.0,0.0,0.0,0.0,0.0
2021-06-17,31.0,18.1,24.4,0.0,15.3,52,6,168,3,26.8,28.4,28.7,31.3,27.96666666666667,29.514285714285712,29.099999999999998,0.0,0.0,0.0,0.0,0.0,0.0,0.0
2021-06-18,31.7,16.8,24.7,0.0,16.9,43,6,169,3,24.4,26.8,28.4,30.5,26.533333333333335,28.52857142857143,28.9,0.0,0.0,0.0,0.0,0.0,0.0,0.0
2021-06-19,32.0,17.2,25.7,0.0,11.6,35,6,170,3,24.7,24.4,26.8,31.0,25.3,27.699999999999996,28.75,0.0,0.0,0.0,0.0,0.0,0.0,0.0
2021-06-20,32.3,17.7,26.2,0.0,14.0,31,6,171,3,25.7,24.7,24.4,29.9,24.933333333333337,26.942857142857143,28.63571428571429,0.0,0.0,0.0,0.0,0.0,0.0,0.0
2021-06-21,32.2,19.7,26.1,0.0,21.3,32,6,172,3,26.2,25.7,24.7,28.7,25.533333333333335,26.41428571428571,28.542857142857144,0.0,0.0,0.0,0.0,0.0,0.0,0.0
2021-06-22,32.1,17.3,25.9,0.0,13.4,26,6,173,3,26.1,26.2,25.7,28.4,26.000000000000004,26.042857142857144,28.342857142857138,0.0,0.0,0.0,0.0,0.0,0.0,0.0
2021-06-23,33.1,21.6,27.9,0.0,12.9,8,6,174,3,25.9,26.1,26.2,26.8,26.066666666666674,25.685714285714283,27.99285714285714,0.0,0.0,0.0,0.0,0.0,0.0,0.0
2021-06-24,33.3,19.1,27.4,0.0,12.9,8,6,175,3,27.9,25.9,26.1,24.4,26.633333333333336,25.842857142857145,27.678571428571427,0.0,0.0,0.0,0.0,0.0,0.0,0.0
2021-06-25,32.9,19.0,26.9,0.0,14.0,9,6,176,3,27.4,27.9,25.9,24.7,27.066666666666674,26.271428571428572,27.400000000000002,0.0,0.0,0.0,0.0,0.0,0.0,0.0
2021-06-26,32.6,18.5,25.7,0.0,15.4,20,6,177,3,26.9,27.4,27.9,25.7,27.400000000000006,26.585714285714282,27.142857142857142,0.0,0.0,0.0,0.0,0.0,0.0,0.0
2021-06-27,31.6,18.9,26.2,0.0,16.6,36,6,178,3,25.7,26.9,27.4,26.2,26.66666666666667,26.585714285714285,26.764285714285712,0.0,0.0,0.0,0.0,0.0,0.0,0.0
2021-06-28,32.4,18.2,26.6,0.0,10.8,30,6,179,3,26.2,25.7,26.9,26.1,26.26666666666667,26.585714285714285,26.499999999999996,0.0,0.0,0.0,0.0,0.0,0.0,0.0
2021-06-29,32.9,18.6,27.2,0.0,14.1,18,6,180,3,26.6,26.2,25.7,25.9,26.16666666666667,26.657142857142862,26.349999999999998,0.0,0.0,0.0,0.0,0.0,0.0,0.0
2021-06-30,33.1,20.2,28.0,0.0,13.7,11,6,181,3,27.2,26.6,26.2,27.9,26.66666666666667,26.842857142857145,26.264285714285712,0.0,0.0,0.0,0.0,0.0,0.0,0.0
2021-07-01,34.2,21.2,28.9,0.0,13.4,13,7,182,3,28.0,27.2,26.6,27.4,27.26666666666667,26.857142857142858,26.349999999999998,0.0,0.0,0.0,0.0,0.0,0.0,0.0
2021-07-02,35.3,22.0,29.0,0.0,17.4,16,7,183,3,28.9,28.0,27.2,26.9,28.033333333333335,27.071428571428573,26.671428571428574,0.0,0.0,0.0,0.0,0.0,0.0,0.0
2021-07-03,35.0,20.1,27.6,0.0,22.3,39,7,184,3,29.0,28.9,28.0,25.7,28.633333333333336,27.371428571428574,26.97857142857143,0.0,0.0,0.0,0.0,0.0,0.0,0.0
2021-07-04,32.8,20.5,26.4,0.2,15.5,48,7,185,3,27.6,29.0,28.9,26.2,28.500000000000004,27.642857142857142,27.11428571428571,0.0,0.0,0.0,0.0,0.0,0.0,0.0
2021-07-05,32.3,19.9,25.8,0.2,15.9,47,7,186,3,26.4,27.6,29.0,26.6,27.66666666666667,27.671428571428574,27.12857142857143,0.2,0.0,0.0,0.0,0.06666666666666667,0.028571428571428827,0.014285714285714414
2021-07-06,32.4,19.5,26.9,0.0,9.9,39,7,187,3,25.8,26.4,27.6,27.2,26.600000000000005,27.557142857142857,27.107142857142858,0.2,0.2,0.0,0.0,0.13333333333333333,0.0571428571428574,0.0285714285714287
2021-07-07,35.6,20.5,29.1,0.0,12.8,34,7,188,3,26.9,25.8,26.4,28.0,26.36666666666667,27.514285714285712,27.178571428571427,0.0,0.2,0.2,0.0,0.13333333333333333,0.0571428571428574,0.0285714285714287
2021-07-08,37.2,21.2,30.0,0.0,15.3,30,7,189,3,29.1,26.9,25.8,28.9,27.26666666666667,27.67142857142857,27.264285714285712,0.0,0.0,0.2,0.0,0.06666666666666667,0.0571428571428574,0.0285714285714287
2021-07-09,35.9,21.1,28.8,0.0,19.0,42,7,190,3,30.0,29.1,26.9,29.0,28.66666666666667,27.828571428571426,27.449999999999996,0.0,0.0,0.0,0.0,0.0,0.0571428571428574,0.0285714285714287
2021-07-10,34.7,21.9,28.4,0.0,20.1,46,7,191,3,28.8,30.0,29.1,27.6,29.300000000000008,27.8,27.585714285714285,0.0,0.0,0.0,0.0,0.0,0.0571428571428574,0.0285714285714287
2021-07-11,35.0,22.3,28.7,0.0,16.4,48,7,192,3,28.4,28.8,30.0,26.4,29.066666666666674,27.914285714285715,27.778571428571432,0.0,0.0,0.0,0.2,0.0,0.0571428571428574,0.0285714285714287
2021-07-12,35.6,22.8,29.1,0.0,20.7,45,7,193,3,28.7,28.4,28.8,25.8,28.633333333333336,28.24285714285714,27.95714285714286,0.0,0.0,0.0,0.2,0.0,0.028571428571428827,0.0285714285714287
2021-07-13,34.4,22.1,27.7,0.0,17.3,56,7,194,3,29.1,28.7,28.4,26.9,28.733333333333338,28.714285714285715,28.135714285714283,0.0,0.0,0.0,0.0,0.0,0.0,0.0285714285714287
2021-07-14,34.9,21.4,26.9,0.0,18.7,59,7,195,3,27.7,29.1,28.7,29.1,28.500000000000004,28.82857142857143,28.171428571428574,0.0,0.0,0.0,0.0,0.0,0.0,0.0285714285714287
2021-07-15,31.9,21.2,25.8,0.1,16.4,64,7,196,3,26.9,27.7,29.1,30.0,27.900000000000006,28.514285714285712,28.092857142857145,0.0,0.0,0.0,0.0,0.0,0.0,0.0285714285714287
2021-07-16,31.0,21.7,26.4,0.1,16.5,59,7,197,3,25.8,26.9,27.7,28.8,26.8,27.914285714285715,27.87142857142857,0.1,0.0,0.0,0.0,0.03333333333333333,0.01428571428571454,0.035714285714285844
2021-07-17,33.5,21.2,28.0,0.0,13.4,49,7,198,3,26.4,25.8,26.9,28.4,26.36666666666667,27.571428571428573,27.685714285714283,0.1,0.1,0.0,0.0,0.06666666666666667,0.028571428571428827,0.04285714285714299
2021-07-18,35.5,24.5,30.5,0.0,13.2,42,7,199,3,28.0,26.4,25.8,28.7,26.733333333333338,27.514285714285712,27.714285714285715,0.0,0.1,0.1,0.0,0.06666666666666667,0.028571428571428827,0.04285714285714299
2021-07-19,35.8,26.5,31.3,0.0,17.5,23,7,200,3,30.5,28.0,26.4,29.1,28.3,27.771428571428572,28.007142857142856,0.0,0.0,0.1,0.0,0.03333333333333333,0.028571428571428827,0.0285714285714287
2021-07-20,32.7,20.5,27.5,0.0,14.4,37,7,201,3,31.3,30.5,28.0,27.7,29.933333333333337,28.085714285714285,28.400000000000002,0.0,0.0,0.0,0.0,0.0,0.028571428571428827,0.014285714285714414
2021-07-21,32.0,19.2,26.3,0.0,11.4,40,7,202,3,27.5,31.3,30.5,26.9,29.76666666666667,28.057142857142853,28.442857142857143,0.0,0.0,0.0,0.0,0.0,0.028571428571428827,0.014285714285714414
2021-07-22,32.8,19.3,26.1,0.0,15.8,45,7,203,3,26.3,27.5,31.3,25.8,28.366666666666674,27.97142857142857,28.242857142857144,0.0,0.0,0.0,0.1,0.0,0.028571428571428827,0.014285714285714414
2021-07-23,32.0,19.3,26.2,0.0,19.1,47,7,204,3,26.1,26.3,27.5,26.4,26.63333333333334,28.014285714285712,27.964285714285715,0.0,0.0,0.0,0.1,0.0,0.01428571428571454,0.014285714285714414
2021-07-24,32.6,21.1,27.5,0.0,14.2,44,7,205,3,26.2,26.1,26.3,28.0,26.200000000000006,27.985714285714288,27.778571428571432,0.0,0.0,0.0,0.0,0.0,0.0,0.014285714285714414
2021-07-25,35.8,22.0,29.7,0.0,13.5,36,7,206,3,27.5,26.2,26.1,30.5,26.600000000000005,27.914285714285715,27.714285714285715,0.0,0.0,0.0,0.0,0.0,0.0,0.014285714285714414
2021-07-26,37.9,23.5,31.0,0.0,15.8,32,7,207,3,29.7,27.5,26.2,31.3,27.8,27.8,27.785714285714285,0.0,0.0,0.0,0.0,0.0,0.0,0.014285714285714414
2021-07-27,37.8,23.7,31.2,0.0,12.1,32,7,208,3,31.0,29.7,27.5,27.5,29.400000000000006,27.75714285714286,27.921428571428574,0.0,0.0,0.0,0.0,0.0,0.0,0.014285714285714414
2021-07-28,36.7,23.9,30.7,0.0,14.8,31,7,209,3,31.2,31.0,29.7,26.3,30.633333333333336,28.285714285714285,28.17142857142857,0.0,0.0,0.0,0.0,0.0,0.0,0.014285714285714414
2021-07-29,34.9,25.5,30.0,0.0,17.3,12,7,210,3,30.7,31.2,31.0,26.1,30.96666666666667,28.914285714285715,28.442857142857143,0.0,0.0,0.0,0.0,0.0,0.0,0.014285714285714414
2021-07-30,34.1,24.9,29.6,0.0,15.4,12,7,211,3,30.0,30.7,31.2,26.2,30.633333333333336,29.47142857142857,28.74285714285714,0.0,0.0,0.0,0.0,0.0,0.0,0.00714285714285727
2021-07-31,33.1,20.1,27.7,0.0,15.9,36,7,212,3,29.6,30.0,30.7,27.5,30.100000000000005,29.957142857142856,28.97142857142857,0.0,0.0,0.0,0.0,0.0,0.0,0.0
2021-08-01,33.0,20.2,26.9,0.0,15.5,42,8,213,3,27.7,29.6,30.0,29.7,29.100000000000005,29.985714285714284,28.95,0.0,0.0,0.0,0.0,0.0,0.0,0.0
2021-08-02,34.0,21.3,27.7,0.0,13.0,23,8,214,3,26.9,27.7,29.6,31.0,28.066666666666674,29.585714285714285,28.692857142857143,0.0,0.0,0.0,0.0,0.0,0.0,0.0
2021-08-03,33.7,19.9,27.4,0.0,9.4,37,8,215,3,27.7,26.9,27.7,31.2,27.433333333333337,29.114285714285717,28.435714285714287,0.0,0.0,0.0,0.0,0.0,0.0,0.0
2021-08-04,34.4,18.9,27.2,0.0,14.3,30,8,216,3,27.4,27.7,26.9,30.7,27.333333333333332,28.571428571428573,28.428571428571427,0.0,0.0,0.0,0.0,0.0,0.0,0.0
2021-08-05,33.7,18.9,27.1,0.0,11.6,40,8,217,3,27.2,27.4,27.7,30.0,27.433333333333337,28.071428571428573,28.49285714285714,0.0,0.0,0.0,0.0,0.0,0.0,0.0
2021-08-06,34.0,19.0,27.0,0.0,15.0,44,8,218,3,27.1,27.2,27.4,29.6,27.233333333333338,27.657142857142855,28.564285714285717,0.0,0.0,0.0,0.0,0.0,0.0,0.0
2021-08-07,33.9,19.8,27.3,0.0,11.3,44,8,219,3,27.0,27.1,27.2,27.7,27.100000000000005,27.285714285714285,28.62142857142857,0.0,0.0,0.0,0.0,0.0,0.0,0.0
2021-08-08,33.9,19.3,27.2,0.0,13.2,36,8,220,3,27.3,27.0,27.1,26.9,27.133333333333336,27.22857142857143,28.607142857142858,0.0,0.0,0.0,0.0,0.0,0.0,0.0
2021-08-09,34.4,19.2,27.1,0.0,12.2,42,8,221,3,27.2,27.3,27.0,27.7,27.16666666666667,27.271428571428572,28.428571428571427,0.0,0.0,0.0,0.0,0.0,0.0,0.0
2021-08-10,34.5,18.8,27.3,0.0,13.3,41,8,222,3,27.1,27.2,27.3,27.4,27.200000000000006,27.185714285714283,28.15,0.0,0.0,0.0,0.0,0.0,0.0,0.0
2021-08-11,34.5,20.0,28.0,0.0,14.3,38,8,223,3,27.3,27.1,27.2,27.2,27.200000000000006,27.171428571428574,27.87142857142857,0.0,0.0,0.0,0.0,0.0,0.0,0.0
2021-08-12,34.1,20.5,28.2,0.0,13.2,28,8,224,3,28.0,27.3,27.1,27.1,27.46666666666667,27.285714285714285,27.678571428571427,0.0,0.0,0.0,0.0,0.0,0.0,0.0
2021-08-13,34.0,23.1,28.4,0.0,11.4,9,8,225,3,28.2,28.0,27.3,27.0,27.83333333333334,27.442857142857143,27.55,0.0,0.0,0.0,0.0,0.0,0.0,0.0
2021-08-14,33.8,20.6,27.4,0.0,11.2,13,8,226,3,28.4,28.2,28.0,27.3,28.200000000000003,27.642857142857142,27.464285714285715,0.0,0.0,0.0,0.0,0.0,0.0,0.0
2021-08-15,33.4,18.3,26.1,0.1,17.3,42,8,227,3,27.4,28.4,28.2,27.2,28.000000000000004,27.657142857142855,27.442857142857143,0.0,0.0,0.0,0.0,0.0,0.0,0.0
2021-08-16,29.7,19.2,24.6,0.2,13.2,58,8,228,3,26.1,27.4,28.4,27.1,27.3,27.5,27.38571428571429,0.1,0.0,0.0,0.0,0.03333333333333333,0.01428571428571454,0.00714285714285727
2021-08-17,32.1,17.7,25.5,0.0,14.8,48,8,229,3,24.6,26.1,27.4,27.3,26.033333333333342,27.142857142857142,27.164285714285715,0.2,0.1,0.0,0.0,0.10000000000000002,0.042857142857143114,0.021428571428571557
2021-08-18,32.2,18.0,25.7,0.0,10.6,35,8,230,3,25.5,24.6,26.1,28.0,25.400000000000006,26.885714285714283,27.02857142857143,0.0,0.2,0.1,0.0,0.10000000000000002,0.042857142857143114,0.021428571428571557
2021-08-19,32.2,17.6,26.0,0.0,13.6,35,8,231,3,25.7,25.5,24.6,28.2,25.26666666666667,26.557142857142853,26.92142857142857,0.0,0.0,0.2,0.0,0.06666666666666667,0.042857142857143114,0.021428571428571557
2021-08-20,33.0,19.5,26.6,0.0,18.2,17,8,232,3,26.0,25.7,25.5,28.4,25.733333333333338,26.24285714285714,26.842857142857138,0.0,0.0,0.0,0.0,0.0,0.042857142857143114,0.021428571428571557
2021-08-21,32.4,19.2,26.2,0.0,13.8,36,8,233,3,26.6,26.0,25.7,27.4,26.100000000000005,25.985714285714288,26.814285714285713,0.0,0.0,0.0,0.0,0.0,0.042857142857143114,0.021428571428571557
2021-08-22,31.9,18.6,26.1,0.0,13.7,37,8,234,3,26.2,26.6,26.0,26.1,26.26666666666667,25.814285714285713,26.735714285714288,0.0,0.0,0.0,0.1,0.0,0.042857142857143114,0.021428571428571557
2021-08-23,32.6,17.9,26.3,0.0,10.5,32,8,235,3,26.1,26.2,26.6,24.6,26.300000000000008,25.814285714285713,26.657142857142855,0.0,0.0,0.0,0.2,0.0,0.028571428571428827,0.021428571428571557
2021-08-24,31.7,19.2,25.9,0.0,13.1,12,8,236,3,26.3,26.1,26.2,25.5,26.200000000000006,26.057142857142857,26.6,0.0,0.0,0.0,0.0,0.0,0.0,0.021428571428571557
2021-08-25,31.4,19.4,25.6,0.0,11.6,14,8,237,3,25.9,26.3,26.1,25.7,26.100000000000005,26.114285714285717,26.5,0.0,0.0,0.0,0.0,0.0,0.0,0.021428571428571557
2021-08-26,32.1,20.9,26.3,0.0,11.5,13,8,238,3,25.6,25.9,26.3,26.0,25.933333333333337,26.1,26.32857142857143,0.0,0.0,0.0,0.0,0.0,0.0,0.021428571428571557
2021-08-27,33.2,21.1,26.8,0.0,11.6,18,8,239,3,26.3,25.6,25.9,26.6,25.933333333333337,26.142857142857142,26.192857142857147,0.0,0.0,0.0,0.0,0.0,0.0,0.021428571428571557
2021-08-28,33.0,17.7,25.5,0.0,15.1,44,8,240,3,26.8,26.3,25.6,26.2,26.233333333333338,26.17142857142857,26.078571428571426,0.0,0.0,0.0,0.0,0.0,0.0,0.021428571428571557
2021-08-29,31.4,17.9,24.5,0.0,18.9,56,8,241,3,25.5,26.8,26.3,26.1,26.200000000000006,26.071428571428573,25.942857142857143,0.0,0.0,0.0,0.0,0.0,0.0,0.021428571428571557
2021-08-30,29.1,18.5,24.5,0.0,15.0,51,8,242,3,24.5,25.5,26.8,26.3,25.600000000000005,25.842857142857145,25.828571428571426,0.0,0.0,0.0,0.0,0.0,0.0,0.014285714285714414
2021-08-31,29.3,19.1,24.9,0.0,16.8,42,8,243,3,24.5,24.5,25.5,25.9,24.83333333333334,25.585714285714285,25.821428571428573,0.0,0.0,0.0,0.0,0.0,0.0,0.0
2021-09-01,30.1,17.5,24.4,0.0,14.4,45,9,244,4,24.9,24.5,24.5,25.6,24.633333333333336,25.442857142857143,25.778571428571432,0.0,0.0,0.0,0.0,0.0,0.0,0.0
2021-09-02,30.6,17.3,24.5,0.0,14.3,41,9,245,4,24.4,24.9,24.5,26.3,24.600000000000005,25.271428571428572,25.685714285714287,0.0,0.0,0.0,0.0,0.0,0.0,0.0
2021-09-03,30.5,17.5,24.4,0.0,19.7,45,9,246,4,24.5,24.4,24.9,26.8,24.600000000000005,25.014285714285712,25.57857142857143,0.0,0.0,0.0,0.0,0.0,0.0,0.0
2021-09-04,31.3,18.6,25.2,0.0,14.1,48,9,247,4,24.4,24.5,24.4,25.5,24.433333333333337,24.67142857142857,25.42142857142857,0.0,0.0,0.0,0.0,0.0,0.0,0.0
2021-09-05,32.7,19.3,26.6,0.0,10.0,38,9,248,4,25.2,24.4,24.5,24.5,24.700000000000003,24.62857142857143,25.35,0.0,0.0,0.0,0.0,0.0,0.0,0.0
2021-09-06,33.9,19.0,27.0,0.0,13.1,39,9,249,4,26.6,25.2,24.4,24.5,25.400000000000006,24.928571428571427,25.385714285714283,0.0,0.0,0.0,0.0,0.0,0.0,0.0
2021-09-07,34.1,20.4,27.3,0.0,13.3,38,9,250,4,27.0,26.6,25.2,24.9,26.26666666666667,25.285714285714285,25.435714285714283,0.0,0.0,0.0,0.0,0.0,0.0,0.0
2021-09-08,34.0,19.9,27.2,0.0,14.2,38,9,251,4,27.3,27.0,26.6,24.4,26.96666666666667,25.62857142857143,25.535714285714285,0.0,0.0,0.0,0.0,0.0,0.0,0.0
2021-09-09,32.9,19.6,26.4,0.0,14.7,49,9,252,4,27.2,27.3,27.0,24.5,27.16666666666667,26.02857142857143,25.65,0.0,0.0,0.0,0.0,0.0,0.0,0.0
2021-09-10,31.7,17.8,25.6,0.0,14.3,44,9,253,4,26.4,27.2,27.3,24.4,26.966666666666672,26.3,25.657142857142855,0.0,0.0,0.0,0.0,0.0,0.0,0.0
2021-09-11,30.6,18.0,25.2,0.0,13.8,28,9,254,4,25.6,26.4,27.2,25.2,26.400000000000006,26.471428571428568,25.571428571428573,0.0,0.0,0.0,0.0,0.0,0.0,0.0
2021-09-12,30.2,16.1,24.1,0.0,10.7,34,9,255,4,25.2,25.6,26.4,26.6,25.733333333333338,26.47142857142857,25.550000000000004,0.0,0.0,0.0,0.0,0.0,0.0,0.0
2021-09-13,30.2,17.2,24.3,0.0,11.5,20,9,256,4,24.1,25.2,25.6,27.0,24.966666666666672,26.114285714285717,25.521428571428572,0.0,0.0,0.0,0.0,0.0,0.0,0.0
2021-09-14,31.1,16.8,24.2,0.0,12.9,43,9,257,4,24.3,24.1,25.2,27.3,24.533333333333335,25.728571428571428,25.50714285714286,0.0,0.0,0.0,0.0,0.0,0.0,0.0
2021-09-15,32.0,17.2,24.9,0.0,12.5,49,9,258,4,24.2,24.3,24.1,27.2,24.200000000000006,25.285714285714285,25.457142857142856,0.0,0.0,0.0,0.0,0.0,0.0,0.0
2021-09-16,32.3,17.3,25.6,0.0,11.4,37,9,259,4,24.9,24.2,24.3,26.4,24.46666666666667,24.957142857142856,25.49285714285714,0.0,0.0,0.0,0.0,0.0,0.0,0.0
2021-09-17,31.8,21.8,26.7,0.0,9.7,17,9,260,4,25.6,24.9,24.2,25.6,24.900000000000006,24.842857142857145,25.571428571428573,0.0,0.0,0.0,0.0,0.0,0.0,0.0
2021-09-18,32.8,17.0,25.6,0.0,9.2,41,9,261,4,26.7,25.6,24.9,25.2,25.733333333333338,25.0,25.735714285714288,0.0,0.0,0.0,0.0,0.0,0.0,0.0
2021-09-19,32.8,17.2,25.5,0.0,12.2,39,9,262,4,25.6,26.7,25.6,24.1,25.966666666666672,25.057142857142857,25.764285714285712,0.0,0.0,0.0,0.0,0.0,0.0,0.0
2021-09-20,31.2,17.9,25.1,0.0,13.5,32,9,263,4,25.5,25.6,26.7,24.3,25.933333333333337,25.257142857142856,25.685714285714287,0.0,0.0,0.0,0.0,0.0,0.0,0.0
2021-09-21,30.6,17.3,24.2,0.0,12.7,43,9,264,4,25.1,25.5,25.6,24.2,25.400000000000006,25.371428571428574,25.550000000000004,0.0,0.0,0.0,0.0,0.0,0.0,0.0
2021-09-22,30.0,16.8,23.5,0.0,13.8,51,9,265,4,24.2,25.1,25.5,24.9,24.933333333333337,25.37142857142857,25.32857142857143,0.0,0.0,0.0,0.0,0.0,0.0,0.0
2021-09-23,28.7,16.6,22.8,0.0,13.9,58,9,266,4,23.5,24.2,25.1,25.6,24.26666666666667,25.17142857142857,25.064285714285717,0.0,0.0,0.0,0.0,0.0,0.0,0.0
2021-09-24,28.1,16.6,22.8,0.0,15.8,58,9,267,4,22.8,23.5,24.2,26.7,23.500000000000004,24.771428571428572,24.807142857142857,0.0,0.0,0.0,0.0,0.0,0.0,0.0
2021-09-25,29.5,16.9,23.6,0.0,10.0,48,9,268,4,22.8,22.8,23.5,25.6,23.033333333333342,24.214285714285715,24.607142857142858,0.0,0.0,0.0,0.0,0.0,0.0,0.0
2021-09-26,30.8,17.9,24.4,0.0,12.8,40,9,269,4,23.6,22.8,22.8,25.5,23.066666666666674,23.928571428571427,24.49285714285714,0.0,0.0,0.0,0.0,0.0,0.0,0.0
2021-09-27,31.1,16.4,23.7,0.0,15.9,49,9,270,4,24.4,23.6,22.8,25.1,23.600000000000005,23.771428571428572,24.514285714285712,0.0,0.0,0.0,0.0,0.0,0.0,0.0
2021-09-28,28.7,17.1,23.3,0.0,16.4,56,9,271,4,23.7,24.4,23.6,24.2,23.900000000000006,23.571428571428573,24.47142857142857,0.0,0.0,0.0,0.0,0.0,0.0,0.0
2021-09-29,29.1,17.5,23.8,0.0,16.0,53,9,272,4,23.3,23.7,24.4,23.5,23.8,23.442857142857143,24.407142857142855,0.0,0.0,0.0,0.0,0.0,0.0,0.0
2021-09-30,29.3,18.0,23.8,0.0,13.7,51,9,273,4,23.8,23.3,23.7,22.8,23.600000000000005,23.485714285714288,24.328571428571426,0.0,0.0,0.0,0.0,0.0,0.0,0.0
2021-10-01,26.4,17.7,22.6,0.0,14.8,64,10,274,4,23.8,23.8,23.3,22.8,23.633333333333336,23.628571428571426,24.2,0.0,0.0,0.0,0.0,0.0,0.0,0.0
2021-10-02,27.2,18.7,22.8,0.0,13.1,54,10,275,4,22.6,23.8,23.8,23.6,23.400000000000006,23.6,23.907142857142862,0.0,0.0,0.0,0.0,0.0,0.0,0.0
2021-10-03,27.3,19.8,22.9,0.0,15.3,28,10,276,4,22.8,22.6,23.8,24.4,23.066666666666674,23.485714285714288,23.707142857142856,0.0,0.0,0.0,0.0,0.0,0.0,0.0
2021-10-04,25.4,14.0,19.8,0.0,11.8,23,10,277,4,22.9,22.8,22.6,23.7,22.76666666666667,23.271428571428572,23.521428571428572,0.0,0.0,0.0,0.0,0.0,0.0,0.0
2021-10-05,27.7,15.2,21.1,0.0,11.2,19,10,278,4,19.8,22.9,22.8,23.3,21.83333333333334,22.714285714285715,23.142857142857142,0.0,0.0,0.0,0.0,0.0,0.0,0.0
2021-10-06,27.4,12.9,21.1,0.0,11.4,27,10,279,4,21.1,19.8,22.9,23.8,21.266666666666673,22.400000000000002,22.92142857142857,0.0,0.0,0.0,0.0,0.0,0.0,0.0
2021-10-07,27.1,17.3,21.9,0.0,11.8,10,10,280,4,21.1,21.1,19.8,23.8,20.666666666666675,22.014285714285712,22.75,0.0,0.0,0.0,0.0,0.0,0.0,0.0
2021-10-08,28.6,18.0,22.9,0.0,19.2,14,10,281,4,21.9,21.1,21.1,22.6,21.366666666666674,21.742857142857144,22.685714285714283,0.0,0.0,0.0,0.0,0.0,0.0,0.0
2021-10-09,26.9,17.9,22.0,0.0,15.8,18,10,282,4,22.9,21.9,21.1,22.8,21.96666666666667,21.785714285714285,22.692857142857147,0.0,0.0,0.0,0.0,0.0,0.0,0.0
2021-10-10,21.9,12.0,17.5,0.0,18.5,22,10,283,4,22.0,22.9,21.9,22.9,22.26666666666667,21.671428571428574,22.57857142857143,0.0,0.0,0.0,0.0,0.0,0.0,0.0
2021-10-11,20.4,8.7,14.2,0.0,11.5,17,10,284,4,17.5,22.0,22.9,19.8,20.800000000000004,20.900000000000002,22.08571428571429,0.0,0.0,0.0,0.0,0.0,0.0,0.0
2021-10-12,21.5,10.3,15.2,0.0,11.7,13,10,285,4,14.2,17.5,22.0,21.1,17.900000000000006,20.099999999999998,21.407142857142855,0.0,0.0,0.0,0.0,0.0,0.0,0.0
2021-10-13,21.9,11.0,15.9,0.0,11.4,11,10,286,4,15.2,14.2,17.5,21.1,15.633333333333338,19.25714285714286,20.82857142857143,0.0,0.0,0.0,0.0,0.0,0.0,0.0
2021-10-14,23.7,12.6,17.6,0.0,10.6,10,10,287,4,15.9,15.2,14.2,21.9,15.100000000000003,18.514285714285712,20.264285714285712,0.0,0.0,0.0,0.0,0.0,0.0,0.0
2021-10-15,24.4,12.5,18.2,0.0,11.5,10,10,288,4,17.6,15.9,15.2,22.9,16.233333333333338,17.9,19.821428571428573,0.0,0.0,0.0,0.0,0.0,0.0,0.0
2021-10-16,24.4,12.4,18.2,0.0,12.9,12,10,289,4,18.2,17.6,15.9,22.0,17.233333333333338,17.22857142857143,19.50714285714286,0.0,0.0,0.0,0.0,0.0,0.0,0.0
2021-10-17,23.7,12.3,17.6,0.0,16.1,13,10,290,4,18.2,18.2,17.6,17.5,18.000000000000004,16.685714285714283,19.178571428571427,0.0,0.0,0.0,0.0,0.0,0.0,0.0
2021-10-18,21.3,11.4,16.1,0.0,11.8,13,10,291,4,17.6,18.2,18.2,14.2,18.000000000000004,16.7,18.8,0.0,0.0,0.0,0.0,0.0,0.0,0.0
2021-10-19,23.0,10.8,16.6,0.0,11.1,11,10,292,4,16.1,17.6,18.2,15.2,17.3,16.97142857142857,18.535714285714285,0.0,0.0,0.0,0.0,0.0,0.0,0.0
2021-10-20,25.9,15.4,20.1,0.0,10.6,15,10,293,4,16.6,16.1,17.6,15.9,16.76666666666667,17.17142857142857,18.214285714285715,0.0,0.0,0.0,0.0,0.0,0.0,0.0
2021-10-21,26.8,16.4,21.3,0.0,10.8,17,10,294,4,20.1,16.6,16.1,17.6,17.600000000000005,17.771428571428572,18.142857142857142,0.0,0.0,0.0,0.0,0.0,0.0,0.0
2021-10-22,20.4,9.8,17.1,0.0,17.5,25,10,295,4,21.3,20.1,16.6,18.2,19.33333333333334,18.3,18.1,0.0,0.0,0.0,0.0,0.0,0.0,0.0
2021-10-23,18.4,7.9,12.6,0.0,11.2,36,10,296,4,17.1,21.3,20.1,18.2,19.500000000000004,18.142857142857142,17.685714285714287,0.0,0.0,0.0,0.0,0.0,0.0,0.0
2021-10-24,20.5,8.6,13.9,0.0,10.0,24,10,297,4,12.6,17.1,21.3,17.6,17.000000000000004,17.342857142857145,17.014285714285716,0.0,0.0,0.0,0.0,0.0,0.0,0.0
2021-10-25,20.6,6.6,13.8,0.0,11.3,42,10,298,4,13.9,12.6,17.1,16.1,14.533333333333337,16.814285714285713,16.75714285714286,0.0,0.0,0.0,0.0,0.0,0.0,0.0
2021-10-26,20.2,9.4,15.1,0.0,16.5,37,10,299,4,13.8,13.9,12.6,16.6,13.433333333333337,16.485714285714288,16.728571428571428,0.0,0.0,0.0,0.0,0.0,0.0,0.0
2021-10-27,20.8,10.8,15.8,0.0,7.4,16,10,300,4,15.1,13.8,13.9,20.1,14.266666666666671,16.271428571428572,16.72142857142857,0.0,0.0,0.0,0.0,0.0,0.0,0.0
2021-10-28,20.0,8.0,14.6,0.0,10.9,16,10,301,4,15.8,15.1,13.8,21.3,14.900000000000004,15.657142857142858,16.714285714285715,0.0,0.0,0.0,0.0,0.0,0.0,0.0
2021-10-29,20.5,11.7,16.2,0.0,13.3,21,10,302,4,14.6,15.8,15.1,17.1,15.166666666666671,14.700000000000001,16.5,0.0,0.0,0.0,0.0,0.0,0.0,0.0
2021-10-30,20.8,11.5,15.7,0.0,16.0,26,10,303,4,16.2,14.6,15.8,12.6,15.533333333333337,14.571428571428571,16.357142857142858,0.0,0.0,0.0,0.0,0.0,0.0,0.0
2021-10-31,20.7,11.5,15.3,0.0,17.4,24,10,304,4,15.7,16.2,14.6,13.9,15.500000000000005,15.014285714285714,16.178571428571427,0.0,0.0,0.0,0.0,0.0,0.0,0.0
2021-11-01,18.6,10.6,14.4,0.0,15.8,28,11,305,4,15.3,15.7,16.2,13.8,15.733333333333336,15.214285714285714,16.014285714285716,0.0,0.0,0.0,0.0,0.0,0.0,0.0
2021-11-02,19.9,8.8,14.4,0.0,7.8,22,11,306,4,14.4,15.3,15.7,15.1,15.133333333333338,15.299999999999999,15.892857142857142,0.0,0.0,0.0,0.0,0.0,0.0,0.0
2021-11-03,19.3,7.0,13.5,0.0,9.9,32,11,307,4,14.4,14.4,15.3,15.8,14.700000000000003,15.200000000000001,15.735714285714284,0.0,0.0,0.0,0.0,0.0,0.0,0.0
2021-11-04,19.1,8.5,13.9,0.0,9.8,15,11,308,4,13.5,14.4,14.4,14.6,14.100000000000003,14.87142857142857,15.264285714285714,0.0,0.0,0.0,0.0,0.0,0.0,0.0
2021-11-05,19.8,9.6,14.8,0.0,13.0,23,11,309,4,13.9,13.5,14.4,16.2,13.933333333333337,14.771428571428572,14.735714285714286,0.0,0.0,0.0,0.0,0.0,0.0,0.0
2021-11-06,20.0,9.1,14.6,0.0,13.0,33,11,310,4,14.8,13.9,13.5,15.7,14.06666666666667,14.571428571428571,14.571428571428571,0.0,0.0,0.0,0.0,0.0,0.0,0.0
2021-11-07,20.2,10.8,15.2,0.0,14.3,33,11,311,4,14.6,14.8,13.9,15.3,14.433333333333337,14.414285714285715,14.714285714285714,0.0,0.0,0.0,0.0,0.0,0.0,0.0
2021-11-08,20.7,9.8,15.3,0.0,12.0,28,11,312,4,15.2,14.6,14.8,14.4,14.866666666666669,14.400000000000002,14.807142857142855,0.0,0.0,0.0,0.0,0.0,0.0,0.0
2021-11-09,19.2,12.0,15.2,0.0,11.7,25,11,313,4,15.3,15.2,14.6,14.4,15.033333333333337,14.528571428571428,14.914285714285715,0.0,0.0,0.0,0.0,0.0,0.0,0.0
2021-11-10,17.1,9.5,13.2,0.0,12.7,35,11,314,4,15.2,15.3,15.2,13.5,15.233333333333336,14.642857142857142,14.921428571428573,0.0,0.0,0.0,0.0,0.0,0.0,0.0
2021-11-11,16.3,9.0,12.2,0.0,10.3,40,11,315,4,13.2,15.2,15.3,13.9,14.56666666666667,14.6,14.735714285714286,0.0,0.0,0.0,0.0,0.0,0.0,0.0
2021-11-12,15.6,7.0,11.5,0.0,9.4,31,11,316,4,12.2,13.2,15.2,14.8,13.533333333333337,14.357142857142858,14.564285714285715,0.0,0.0,0.0,0.0,0.0,0.0,0.0
2021-11-13,17.3,7.8,11.7,0.0,9.0,19,11,317,4,11.5,12.2,13.2,14.6,12.300000000000002,13.885714285714286,14.228571428571428,0.0,0.0,0.0,0.0,0.0,0.0,0.0
2021-11-14,15.4,7.7,10.9,0.0,18.8,22,11,318,4,11.7,11.5,12.2,15.2,11.800000000000002,13.471428571428572,13.942857142857141,0.0,0.0,0.0,0.0,0.0,0.0,0.0
2021-11-15,15.7,6.6,10.7,0.0,9.3,30,11,319,4,10.9,11.7,11.5,15.3,11.366666666666669,12.857142857142856,13.628571428571428,0.0,0.0,0.0,0.0,0.0,0.0,0.0
2021-11-16,19.0,5.7,11.8,0.0,7.8,29,11,320,4,10.7,10.9,11.7,15.2,11.100000000000003,12.2,13.364285714285716,0.0,0.0,0.0,0.0,0.0,0.0,0.0
2021-11-17,18.4,6.4,12.1,0.0,8.4,22,11,321,4,11.8,10.7,10.9,13.2,11.133333333333338,11.714285714285712,13.178571428571429,0.0,0.0,0.0,0.0,0.0,0.0,0.0
2021-11-18,13.0,6.7,9.6,0.0,11.9,34,11,322,4,12.1,11.8,10.7,12.2,11.533333333333337,11.557142857142859,13.078571428571427,0.0,0.0,0.0,0.0,0.0,0.0,0.0
2021-11-19,12.9,3.3,7.3,0.0,10.1,49,11,323,4,9.6,12.1,11.8,11.5,11.16666666666667,11.185714285714285,12.771428571428572,0.0,0.0,0.0,0.0,0.0,0.0,0.0
2021-11-20,13.8,3.9,8.2,0.0,9.1,43,11,324,4,7.3,9.6,12.1,11.7,9.66666666666667,10.585714285714285,12.235714285714284,0.0,0.0,0.0,0.0,0.0,0.0,0.0
2021-11-21,14.5,5.1,9.5,0.0,9.4,34,11,325,4,8.2,7.3,9.6,10.9,8.366666666666669,10.085714285714285,11.778571428571427,0.0,0.0,0.0,0.0,0.0,0.0,0.0
2021-11-22,17.1,6.8,11.1,0.0,9.4,27,11,326,4,9.5,8.2,7.3,10.7,8.333333333333336,9.885714285714284,11.37142857142857,0.0,0.0,0.0,0.0,0.0,0.0,0.0
2021-11-23,18.8,9.3,13.2,0.0,10.5,26,11,327,4,11.1,9.5,8.2,11.8,9.600000000000003,9.942857142857141,11.071428571428571,0.0,0.0,0.0,0.0,0.0,0.0,0.0
2021-11-24,18.8,8.8,13.7,0.0,10.7,31,11,328,4,13.2,11.1,9.5,12.1,11.266666666666671,10.142857142857142,10.928571428571429,0.0,0.0,0.0,0.0,0.0,0.0,0.0
2021-11-25,16.3,7.6,12.4,0.0,10.7,35,11,329,4,13.7,13.2,11.1,9.6,12.66666666666667,10.37142857142857,10.964285714285712,0.0,0.0,0.0,0.0,0.0,0.0,0.0
2021-11-26,14.2,6.7,10.3,0.0,10.0,39,11,330,4,12.4,13.7,13.2,7.3,13.100000000000001,10.771428571428572,10.978571428571428,0.0,0.0,0.0,0.0,0.0,0.0,0.0
2021-11-27,14.2,5.8,9.7,0.0,9.7,39,11,331,4,10.3,12.4,13.7,8.2,12.133333333333338,11.200000000000001,10.892857142857142,0.0,0.0,0.0,0.0,0.0,0.0,0.0
2021-11-28,16.7,6.2,11.5,0.0,11.7,31,11,332,4,9.7,10.3,12.4,9.5,10.800000000000002,11.414285714285715,10.75,0.0,0.0,0.0,0.0,0.0,0.0,0.0
2021-11-29,17.5,4.9,11.8,0.0,11.6,33,11,333,4,11.5,9.7,10.3,11.1,10.500000000000002,11.700000000000001,10.792857142857143,0.0,0.0,0.0,0.0,0.0,0.0,0.0
2021-11-30,16.9,5.3,11.6,0.0,9.9,35,11,334,4,11.8,11.5,9.7,13.2,11.000000000000002,11.8,10.87142857142857,0.0,0.0,0.0,0.0,0.0,0.0,0.0
2021-12-01,15.7,7.5,12.1,0.0,10.0,31,12,335,1,11.6,11.8,11.5,13.7,11.633333333333335,11.571428571428571,10.857142857142858,0.0,0.0,0.0,0.0,0.0,0.0,0.0
2021-12-02,16.9,6.8,12.2,0.0,9.0,28,12,336,1,12.1,11.6,11.8,12.4,11.833333333333336,11.342857142857143,10.857142857142858,0.0,0.0,0.0,0.0,0.0,0.0,0.0
2021-12-03,17.3,6.2,11.2,0.0,10.8,28,12,337,1,12.2,12.1,11.6,10.3,11.966666666666669,11.314285714285713,11.042857142857143,0.0,0.0,0.0,0.0,0.0,0.0,0.0
2021-12-04,15.7,3.5,9.8,0.1,10.7,40,12,338,1,11.2,12.2,12.1,9.7,11.833333333333336,11.442857142857141,11.321428571428571,0.0,0.0,0.0,0.0,0.0,0.0,0.0
2021-12-05,12.0,5.4,7.9,0.0,12.3,59,12,339,1,9.8,11.2,12.2,11.5,11.06666666666667,11.457142857142857,11.435714285714287,0.1,0.0,0.0,0.0,0.03333333333333333,0.01428571428571454,0.00714285714285727
2021-12-06,12.8,2.1,7.5,0.0,6.4,47,12,340,1,7.9,9.8,11.2,11.8,9.633333333333336,10.942857142857141,11.321428571428571,0.0,0.1,0.0,0.0,0.03333333333333333,0.01428571428571454,0.00714285714285727
2021-12-07,14.9,2.4,8.7,0.0,10.4,30,12,341,1,7.5,7.9,9.8,11.6,8.400000000000004,10.328571428571427,11.064285714285713,0.0,0.0,0.1,0.0,0.03333333333333333,0.01428571428571454,0.00714285714285727
2021-12-08,13.2,6.0,9.0,0.0,9.5,30,12,342,1,8.7,7.5,7.9,12.1,8.033333333333337,9.914285714285715,10.742857142857144,0.0,0.0,0.0,0.0,0.0,0.01428571428571454,0.00714285714285727
2021-12-09,13.7,4.7,8.8,0.0,7.4,34,12,343,1,9.0,8.7,7.5,12.2,8.400000000000004,9.471428571428572,10.407142857142858,0.0,0.0,0.0,0.0,0.0,0.01428571428571454,0.00714285714285727
2021-12-10,15.4,4.5,9.8,0.0,8.6,23,12,344,1,8.8,9.0,8.7,11.2,8.833333333333337,8.985714285714286,10.15,0.0,0.0,0.0,0.0,0.0,0.01428571428571454,0.00714285714285727
2021-12-11,13.7,7.3,10.0,0.0,9.5,17,12,345,1,9.8,8.8,9.0,9.8,9.200000000000005,8.785714285714286,10.114285714285714,0.0,0.0,0.0,0.1,0.0,0.01428571428571454,0.00714285714285727
2021-12-12,12.4,5.8,8.5,0.0,7.6,21,12,346,1,10.0,9.8,8.8,7.9,9.533333333333337,8.814285714285715,10.135714285714286,0.0,0.0,0.0,0.0,0.0,0.0,0.00714285714285727
2021-12-13,9.7,2.6,5.9,0.0,14.5,33,12,347,1,8.5,10.0,9.8,7.5,9.433333333333337,8.9,9.921428571428573,0.0,0.0,0.0,0.0,0.0,0.0,0.00714285714285727
2021-12-14,7.4,0.1,3.6,0.0,9.7,37,12,348,1,5.9,8.5,10.0,8.7,8.133333333333335,8.671428571428573,9.5,0.0,0.0,0.0,0.0,0.0,0.0,0.00714285714285727
2021-12-15,5.7,-1.9,1.5,0.0,15.7,36,12,349,1,3.6,5.9,8.5,9.0,6.0000000000000036,7.942857142857143,8.928571428571429,0.0,0.0,0.0,0.0,0.0,0.0,0.00714285714285727
2021-12-16,6.6,-3.6,1.0,0.0,9.7,40,12,350,1,1.5,3.6,5.9,8.8,3.6666666666666696,6.871428571428572,8.171428571428573,0.0,0.0,0.0,0.0,0.0,0.0,0.00714285714285727
2021-12-17,10.1,1.0,5.0,0.0,6.3,20,12,351,1,1.0,1.5,3.6,9.8,2.0333333333333363,5.757142857142857,7.371428571428572,0.0,0.0,0.0,0.0,0.0,0.0,0.00714285714285727
2021-12-18,13.1,4.7,8.2,0.0,7.6,11,12,352,1,5.0,1.0,1.5,10.0,2.500000000000003,5.071428571428571,6.928571428571429,0.0,0.0,0.0,0.0,0.0,0.0,0.00714285714285727
2021-12-19,15.6,7.5,11.1,0.0,9.1,18,12,353,1,8.2,5.0,1.0,8.5,4.733333333333336,4.814285714285715,6.814285714285715,0.0,0.0,0.0,0.0,0.0,0.0,0.0
2021-12-20,16.7,7.5,12.4,0.0,12.2,26,12,354,1,11.1,8.2,5.0,5.9,8.100000000000003,5.185714285714285,7.042857142857143,0.0,0.0,0.0,0.0,0.0,0.0,0.0
2021-12-21,17.8,7.7,12.1,0.0,6.4,32,12,355,1,12.4,11.1,8.2,3.6,10.56666666666667,6.114285714285714,7.392857142857143,0.0,0.0,0.0,0.0,0.0,0.0,0.0
2021-12-22,20.2,6.8,13.5,0.0,7.1,32,12,356,1,12.1,12.4,11.1,1.5,11.866666666666669,7.328571428571428,7.635714285714285,0.0,0.0,0.0,0.0,0.0,0.0,0.0
2021-12-23,16.6,9.5,12.9,0.0,11.9,30,12,357,1,13.5,12.1,12.4,1.0,12.66666666666667,9.042857142857143,7.957142857142856,0.0,0.0,0.0,0.0,0.0,0.0,0.0
2021-12-24,13.8,6.7,10.2,0.0,9.5,25,12,358,1,12.9,13.5,12.1,5.0,12.833333333333336,10.742857142857144,8.25,0.0,0.0,0.0,0.0,0.0,0.0,0.0
2021-12-25,14.6,4.2,9.4,3.9,7.2,41,12,359,1,10.2,12.9,13.5,8.2,12.200000000000003,11.485714285714284,8.278571428571428,0.0,0.0,0.0,0.0,0.0,0.0,0.0
2021-12-26,12.0,6.2,8.8,5.8,14.1,65,12,360,1,9.4,10.2,12.9,11.1,10.833333333333336,11.657142857142857,8.235714285714286,3.9,0.0,0.0,0.0,1.3,0.5571428571428574,0.2785714285714287
2021-12-27,9.1,1.4,6.0,0.0,9.3,34,12,361,1,8.8,9.4,10.2,12.4,9.46666666666667,11.328571428571427,8.257142857142856,5.8,3.9,0.0,0.0,3.233333333333333,1.385714285714286,0.692857142857143
2021-12-28,8.5,0.9,4.7,0.0,8.0,35,12,362,1,6.0,8.8,9.4,12.1,8.06666666666667,10.414285714285713,8.264285714285714,0.0,5.8,3.9,0.0,3.233333333333333,1.3857142857142861,0.6928571428571431
2021-12-29,9.3,0.1,4.8,0.0,6.5,37,12,363,1,4.7,6.0,8.8,13.5,6.5000000000000036,9.357142857142858,8.342857142857143,0.0,0.0,5.8,0.0,1.9333333333333333,1.3857142857142861,0.6928571428571431
2021-12-30,11.2,2.6,6.8,0.0,10.0,44,12,364,1,4.8,4.7,6.0,12.9,5.16666666666667,8.114285714285714,8.578571428571427,0.0,0.0,0.0,0.0,0.0,1.3857142857142861,0.6928571428571431
2021-12-31,10.0,1.8,5.8,4.1,14.5,72,12,365,1,6.8,4.8,4.7,10.2,5.433333333333336,7.242857142857143,8.992857142857144,0.0,0.0,0.0,0.0,0.0,1.3857142857142861,0.6928571428571431
2022-01-01,11.3,5.0,7.5,2.6,7.8,79,1,1,1,5.8,6.8,4.8,9.4,5.800000000000003,6.614285714285714,9.05,4.1,0.0,0.0,3.9,1.366666666666667,1.9714285714285715,0.9857142857142858
2022-01-02,12.2,2.6,7.4,0.0,11.4,74,1,2,1,7.5,5.8,6.8,8.8,6.700000000000003,6.3428571428571425,9.0,2.6,4.1,0.0,5.8,2.233333333333334,1.785714285714286,1.1714285714285715
2022-01-03,7.8,6.2,6.9,7.6,13.6,75,1,3,1,7.4,7.5,5.8,6.0,6.900000000000003,6.142857142857143,8.735714285714286,0.0,2.6,4.1,0.0,2.233333333333334,0.9571428571428575,1.1714285714285715
2022-01-04,11.1,4.3,7.5,1.7,16.3,81,1,4,1,6.9,7.4,7.5,4.7,7.26666666666667,6.271428571428571,8.342857142857143,7.6,0.0,2.6,0.0,3.4000000000000004,2.042857142857143,1.7142857142857142
2022-01-05,8.2,0.7,5.3,6.5,9.7,80,1,5,1,7.5,6.9,7.4,4.8,7.26666666666667,6.671428571428572,8.014285714285714,1.7,7.6,0.0,0.0,3.1,2.285714285714286,1.8357142857142859
2022-01-06,7.3,-1.1,2.9,5.4,19.9,85,1,6,1,5.3,7.5,6.9,6.8,6.56666666666667,6.742857142857143,7.428571428571429,6.5,1.7,7.6,0.0,5.266666666666667,3.214285714285715,2.3000000000000003
2022-01-07,3.4,1.3,2.3,6.5,7.8,93,1,7,1,2.9,5.3,7.5,5.8,5.233333333333336,6.185714285714285,6.714285714285714,5.4,6.5,1.7,4.1,4.533333333333334,3.985714285714286,2.685714285714286
2022-01-08,4.3,0.7,2.1,0.6,10.2,90,1,8,1,2.3,2.9,5.3,7.5,3.500000000000003,5.685714285714286,6.1499999999999995,6.5,5.4,6.5,2.6,6.133333333333334,4.328571428571429,3.15
2022-01-09,4.1,-1.3,0.9,0.0,8.2,88,1,9,1,2.1,2.3,2.9,7.4,2.4333333333333362,4.9142857142857155,5.628571428571429,0.6,6.5,5.4,0.0,4.166666666666668,4.042857142857144,2.9142857142857146
2022-01-10,5.2,-2.4,1.2,0.0,7.0,85,1,10,1,0.9,2.1,2.3,6.9,1.76666666666667,3.9857142857142853,5.064285714285714,0.0,0.6,6.5,7.6,2.366666666666667,4.042857142857144,2.5
2022-01-11,6.5,-0.2,2.6,0.0,6.0,71,1,11,1,1.2,0.9,2.1,7.5,1.400000000000003,3.1714285714285717,4.721428571428572,0.0,0.0,0.6,1.7,0.2000000000000006,2.9571428571428577,2.5
2022-01-12,8.4,1.3,4.6,0.0,7.1,57,1,12,1,2.6,1.2,0.9,5.3,1.5666666666666698,2.4714285714285715,4.571428571428571,0.0,0.0,0.0,6.5,0.0,2.714285714285715,2.5
2022-01-13,9.2,2.6,5.2,0.0,9.3,56,1,13,1,4.6,2.6,1.2,2.9,2.800000000000003,2.371428571428571,4.557142857142857,0.0,0.0,0.0,5.4,0.0,1.7857142857142863,2.5
2022-01-14,11.0,1.7,5.8,0.0,7.5,62,1,14,1,5.2,4.6,2.6,2.3,4.133333333333336,2.6999999999999997,4.442857142857143,0.0,0.0,0.0,6.5,0.0,1.0142857142857147,2.5
2022-01-15,10.4,0.3,4.8,0.0,13.5,67,1,15,1,5.8,5.2,4.6,2.1,5.200000000000003,3.1999999999999997,4.442857142857142,0.0,0.0,0.0,0.6,0.0,0.08571428571428621,2.2071428571428577
2022-01-16,10.6,1.6,5.8,0.5,13.4,61,1,16,1,4.8,5.8,5.2,0.9,5.26666666666667,3.5857142857142854,4.25,0.0,0.0,0.0,0.0,0.0,0.0,2.021428571428572
2022-01-17,12.9,4.5,8.0,9.8,9.5,70,1,17,1,5.8,4.8,5.8,1.2,5.4666666666666694,4.285714285714286,4.135714285714285,0.5,0.0,0.0,0.0,0.16666666666666727,0.07142857142857194,2.0571428571428574
2022-01-18,15.1,5.3,10.2,5.1,8.7,79,1,18,1,8.0,5.8,4.8,2.6,6.200000000000003,5.257142857142857,4.214285714285714,9.8,0.5,0.0,0.0,3.433333333333334,1.471428571428572,2.2142857142857144
2022-01-19,11.9,6.3,9.5,14.9,15.8,86,1,19,1,10.2,8.0,5.8,4.6,8.000000000000002,6.3428571428571425,4.4071428571428575,5.1,9.8,0.5,0.0,5.133333333333334,2.2000000000000006,2.4571428571428577
2022-01-20,10.0,1.7,6.0,0.0,13.1,75,1,20,1,9.5,10.2,8.0,5.2,9.233333333333336,7.042857142857143,4.707142857142856,14.9,5.1,9.8,0.0,9.933333333333335,4.328571428571429,3.0571428571428574
2022-01-21,10.6,1.8,5.9,6.2,17.3,79,1,21,1,6.0,9.5,10.2,5.8,8.56666666666667,7.1571428571428575,4.928571428571429,0.0,14.9,5.1,0.0,6.666666666666667,4.328571428571429,2.6714285714285717
2022-01-22,1.7,-2.2,-0.9,2.2,17.1,88,1,22,1,5.9,6.0,9.5,4.8,7.133333333333336,7.171428571428571,5.185714285714285,6.2,0.0,14.9,0.0,7.033333333333334,5.214285714285715,2.650000000000001
2022-01-23,2.6,-3.4,-1.1,0.0,12.3,83,1,23,1,-0.9,5.9,6.0,5.8,3.6666666666666696,6.357142857142857,4.971428571428572,2.2,6.2,0.0,0.5,2.8000000000000007,5.528571428571429,2.7642857142857147
2022-01-24,5.1,-4.9,-0.4,0.0,8.2,78,1,24,1,-1.1,-0.9,5.9,8.0,1.3000000000000032,5.371428571428572,4.828571428571428,0.0,2.2,6.2,9.8,2.8000000000000007,5.457142857142857,2.7642857142857147
2022-01-25,6.7,-0.2,2.3,0.0,10.5,64,1,25,1,-0.4,-1.1,-0.9,10.2,-0.799999999999997,4.171428571428572,4.714285714285714,0.0,0.0,2.2,5.1,0.733333333333334,4.057142857142858,2.7642857142857147
2022-01-26,7.2,-0.1,2.8,0.0,8.7,59,1,26,1,2.3,-0.4,-1.1,9.5,0.26666666666666955,3.042857142857143,4.692857142857142,0.0,0.0,0.0,14.9,0.0,3.328571428571429,2.7642857142857147
2022-01-27,9.7,1.6,5.4,0.0,6.6,44,1,27,1,2.8,2.3,-0.4,6.0,1.5666666666666693,2.085714285714286,4.564285714285714,0.0,0.0,0.0,0.0,0.0,1.2000000000000006,2.7642857142857147
2022-01-28,16.0,5.7,9.6,0.0,7.0,39,1,28,1,5.4,2.8,2.3,5.9,3.500000000000003,2.0,4.578571428571428,0.0,0.0,0.0,6.2,0.0,1.2000000000000006,2.7642857142857147
2022-01-29,14.8,3.8,9.0,0.0,8.9,49,1,29,1,9.6,5.4,2.8,-0.9,5.933333333333336,2.5285714285714285,4.8500000000000005,0.0,0.0,0.0,2.2,0.0,0.31428571428571483,2.7642857142857147
2022-01-30,14.0,4.3,9.3,0.0,13.0,55,1,30,1,9.0,9.6,5.4,-1.1,8.000000000000002,3.9428571428571426,5.1499999999999995,0.0,0.0,0.0,0.0,0.0,0.0,2.7642857142857147
2022-01-31,11.7,5.5,8.0,0.0,14.9,57,1,31,1,9.3,9.0,9.6,-0.4,9.300000000000004,5.428571428571429,5.3999999999999995,0.0,0.0,0.0,0.0,0.0,0.0,2.7285714285714286
2022-02-01,14.0,4.2,8.3,0.0,7.1,46,2,32,1,8.0,9.3,9.0,2.3,8.766666666666671,6.628571428571428,5.3999999999999995,0.0,0.0,0.0,0.0,0.0,0.0,2.028571428571429
2022-02-02,10.8,3.3,7.8,0.3,22.2,54,2,33,1,8.3,8.0,9.3,2.8,8.533333333333337,7.485714285714287,5.264285714285714,0.0,0.0,0.0,0.0,0.0,0.0,1.6642857142857146
2022-02-03,8.1,-0.9,3.7,0.0,14.7,64,2,34,1,7.8,8.3,8.0,5.4,8.033333333333337,8.2,5.142857142857143,0.3,0.0,0.0,0.0,0.10000000000000059,0.042857142857143364,0.6214285714285718
2022-02-04,11.0,1.9,6.2,0.0,8.7,41,2,35,1,3.7,7.8,8.3,9.6,6.600000000000004,7.957142857142857,4.978571428571429,0.0,0.3,0.0,0.0,0.10000000000000059,0.042857142857143364,0.6214285714285718
2022-02-05,18.2,4.6,9.8,0.0,14.5,35,2,36,1,6.2,3.7,7.8,9.0,5.900000000000003,7.471428571428572,5.0,0.0,0.0,0.3,0.0,0.10000000000000059,0.042857142857143364,0.17857142857142883
2022-02-06,13.3,3.4,8.0,1.9,14.8,55,2,37,1,9.8,6.2,3.7,9.3,6.56666666666667,7.5857142857142845,5.764285714285714,0.0,0.0,0.0,0.0,0.0,0.042857142857143364,0.021428571428571682
2022-02-07,10.8,3.2,7.0,0.0,7.0,39,2,38,1,8.0,9.8,6.2,8.0,8.000000000000004,7.3999999999999995,6.414285714285714,1.9,0.0,0.0,0.0,0.6333333333333339,0.3142857142857148,0.1571428571428574
2022-02-08,10.8,2.2,5.4,6.6,14.7,61,2,39,1,7.0,8.0,9.8,8.3,8.266666666666671,7.257142857142857,6.942857142857143,0.0,1.9,0.0,0.0,0.6333333333333339,0.31428571428571483,0.15714285714285742
2022-02-09,9.6,1.3,5.6,0.0,12.3,47,2,40,1,5.4,7.0,8.0,7.8,6.800000000000004,6.842857142857143,7.1642857142857155,6.6,0.0,1.9,0.3,2.833333333333334,1.2571428571428578,0.6285714285714289
2022-02-10,11.4,2.9,6.9,0.0,9.6,33,2,41,1,5.6,5.4,7.0,3.7,6.0000000000000036,6.528571428571429,7.364285714285714,0.0,6.6,0.0,0.0,2.2000000000000006,1.2142857142857149,0.6285714285714289
2022-02-11,14.2,5.3,9.3,0.0,8.2,28,2,42,1,6.9,5.6,5.4,6.2,5.966666666666671,6.985714285714286,7.471428571428572,0.0,0.0,6.6,0.0,2.2000000000000006,1.2142857142857149,0.6285714285714289
2022-02-12,14.9,8.1,10.9,0.0,9.9,22,2,43,1,9.3,6.9,5.6,9.8,7.26666666666667,7.428571428571429,7.45,0.0,0.0,0.0,0.0,0.0,1.2142857142857149,0.6285714285714289
2022-02-13,14.9,6.0,10.8,0.0,8.9,26,2,44,1,10.9,9.3,6.9,8.0,9.033333333333337,7.585714285714287,7.585714285714286,0.0,0.0,0.0,1.9,0.0,1.2142857142857149,0.6285714285714289
2022-02-14,13.5,3.8,8.8,0.0,10.5,41,2,45,1,10.8,10.9,9.3,7.0,10.333333333333337,7.985714285714287,7.692857142857143,0.0,0.0,0.0,0.0,0.0,0.9428571428571433,0.6285714285714289
2022-02-15,12.5,4.6,8.4,0.0,8.7,46,2,46,1,8.8,10.8,10.9,5.4,10.166666666666671,8.242857142857144,7.75,0.0,0.0,0.0,6.6,0.0,0.9428571428571433,0.6285714285714289
2022-02-16,12.1,5.5,8.1,0.0,11.8,40,2,47,1,8.4,8.8,10.8,5.6,9.333333333333337,8.671428571428573,7.757142857142858,0.0,0.0,0.0,0.0,0.0,0.0,0.6285714285714289
2022-02-17,11.9,2.9,7.6,0.0,9.9,29,2,48,1,8.1,8.4,8.8,6.9,8.433333333333337,9.028571428571428,7.778571428571429,0.0,0.0,0.0,0.0,0.0,0.0,0.6071428571428574
2022-02-18,13.1,5.7,8.9,0.0,10.3,32,2,49,1,7.6,8.1,8.4,9.3,8.033333333333337,9.128571428571428,8.057142857142859,0.0,0.0,0.0,0.0,0.0,0.0,0.6071428571428574
2022-02-19,15.6,4.8,10.4,0.0,13.8,34,2,50,1,8.9,7.6,8.1,10.9,8.200000000000003,9.071428571428571,8.25,0.0,0.0,0.0,0.0,0.0,0.0,0.6071428571428574
2022-02-20,16.7,7.2,11.6,0.0,17.1,31,2,51,1,10.4,8.9,7.6,10.8,8.96666666666667,9.0,8.292857142857143,0.0,0.0,0.0,0.0,0.0,0.0,0.6071428571428574
2022-02-21,20.7,9.2,14.2,0.0,9.2,33,2,52,1,11.6,10.4,8.9,8.8,10.300000000000004,9.114285714285714,8.55,0.0,0.0,0.0,0.0,0.0,0.0,0.47142857142857164
2022-02-22,13.2,6.5,9.8,7.0,19.2,56,2,53,1,14.2,11.6,10.4,8.4,12.06666666666667,9.885714285714286,9.064285714285715,0.0,0.0,0.0,0.0,0.0,0.0,0.47142857142857164
2022-02-23,13.1,3.9,8.4,0.0,16.6,57,2,54,1,9.8,14.2,11.6,8.1,11.866666666666669,10.085714285714285,9.37857142857143,7.0,0.0,0.0,0.0,2.333333333333334,1.0000000000000004,0.5000000000000002
2022-02-24,15.8,6.2,11.0,0.0,13.2,39,2,55,1,8.4,9.8,14.2,7.6,10.800000000000002,10.12857142857143,9.578571428571427,0.0,7.0,0.0,0.0,2.333333333333334,1.0000000000000004,0.5000000000000002
2022-02-25,16.0,7.1,11.0,0.0,22.2,33,2,56,1,11.0,8.4,9.8,8.9,9.733333333333338,10.614285714285714,9.87142857142857,0.0,0.0,7.0,0.0,2.333333333333334,1.0000000000000004,0.5000000000000002
2022-02-26,14.3,4.4,9.4,0.0,7.9,26,2,57,1,11.0,11.0,8.4,10.4,10.133333333333338,10.914285714285713,9.992857142857142,0.0,0.0,0.0,0.0,0.0,1.0000000000000004,0.5000000000000002
2022-02-27,18.2,2.3,10.6,0.6,14.2,38,2,58,1,9.4,11.0,11.0,11.6,10.46666666666667,10.771428571428572,9.885714285714286,0.0,0.0,0.0,0.0,0.0,1.0000000000000004,0.5000000000000002
2022-02-28,14.1,4.5,9.7,26.0,11.6,72,2,59,1,10.6,9.4,11.0,14.2,10.333333333333337,10.628571428571428,9.87142857142857,0.6,0.0,0.0,0.0,0.2000000000000006,1.085714285714286,0.542857142857143
2022-03-01,15.2,5.4,10.1,2.6,11.1,61,3,60,2,9.7,10.6,9.4,9.8,9.900000000000004,9.985714285714286,9.935714285714285,26.0,0.6,0.0,7.0,8.866666666666667,4.8,2.4
2022-03-02,14.3,6.0,10.2,1.7,12.0,63,3,61,2,10.1,9.7,10.6,8.4,10.133333333333338,10.028571428571428,10.057142857142859,2.6,26.0,0.6,0.0,9.733333333333334,4.171428571428572,2.585714285714286
2022-03-03,15.2,5.9,10.7,0.0,11.0,48,3,62,2,10.2,10.1,9.7,11.0,10.000000000000002,10.285714285714286,10.207142857142856,1.7,2.6,26.0,0.0,10.1,4.414285714285715,2.707142857142857
2022-03-04,17.9,6.3,12.5,0.0,10.8,46,3,63,2,10.7,10.2,10.1,11.0,10.333333333333336,10.242857142857142,10.428571428571429,0.0,1.7,2.6,0.0,1.4333333333333333,4.414285714285715,2.707142857142857
2022-03-05,20.7,7.0,12.6,0.2,13.0,67,3,64,2,12.5,10.7,10.2,9.4,11.133333333333335,10.457142857142856,10.685714285714285,0.0,0.0,1.7,0.0,0.5666666666666667,4.414285714285715,2.707142857142857
2022-03-06,15.5,6.4,9.9,19.3,13.2,78,3,65,2,12.6,12.5,10.7,10.6,11.933333333333337,10.914285714285713,10.842857142857143,0.2,0.0,0.0,0.6,0.06666666666666667,4.442857142857143,2.7214285714285715
2022-03-07,17.4,5.8,11.5,0.2,15.6,62,3,66,2,9.9,12.6,12.5,9.7,11.66666666666667,10.814285714285715,10.721428571428572,19.3,0.2,0.0,26.0,6.5,7.114285714285714,4.1000000000000005
2022-03-08,16.9,7.4,11.2,1.2,15.9,75,3,67,2,11.5,9.9,12.6,10.1,11.333333333333336,11.071428571428571,10.528571428571428,0.2,19.3,0.2,2.6,6.566666666666666,3.4285714285714284,4.114285714285715
2022-03-09,18.5,6.5,12.2,0.6,10.5,72,3,68,2,11.2,11.5,9.9,10.2,10.866666666666669,11.22857142857143,10.628571428571428,1.2,0.2,19.3,1.7,6.8999999999999995,3.228571428571428,3.7
2022-03-10,19.2,7.9,13.5,0.1,9.7,66,3,69,2,12.2,11.2,11.5,10.7,11.633333333333338,11.514285714285714,10.900000000000002,0.6,1.2,0.2,0.0,0.6666666666666666,3.0714285714285716,3.742857142857143
2022-03-11,22.0,9.6,16.0,0.0,8.9,50,3,70,2,13.5,12.2,11.2,12.5,12.300000000000004,11.914285714285715,11.078571428571431,0.1,0.6,1.2,0.0,0.6333333333333333,3.085714285714286,3.75
2022-03-12,24.6,10.5,17.6,0.0,8.4,52,3,71,2,16.0,13.5,12.2,12.6,13.900000000000004,12.414285714285715,11.435714285714287,0.0,0.1,0.6,0.2,0.2333333333333333,3.085714285714286,3.75
2022-03-13,27.3,12.1,19.6,0.0,9.1,46,3,72,2,17.6,16.0,13.5,9.9,15.700000000000005,13.12857142857143,12.021428571428572,0.0,0.0,0.1,19.3,0.03333333333333333,3.0571428571428574,3.75
2022-03-14,27.6,13.7,21.0,0.0,11.5,34,3,73,2,19.6,17.6,16.0,11.5,17.733333333333338,14.514285714285714,12.664285714285715,0.0,0.0,0.0,0.2,0.0,0.3,3.707142857142857
2022-03-15,27.7,16.2,22.1,0.0,10.4,20,3,74,2,21.0,19.6,17.6,11.2,19.400000000000006,15.87142857142857,13.471428571428572,0.0,0.0,0.0,1.2,0.0,0.2714285714285714,1.85
2022-03-16,29.1,15.7,22.4,0.0,10.1,20,3,75,2,22.1,21.0,19.6,12.2,20.900000000000006,17.428571428571427,14.328571428571427,0.0,0.0,0.0,0.6,0.0,0.09999999999999999,1.6642857142857144
2022-03-17,30.2,14.9,22.3,0.0,12.1,22,3,76,2,22.4,22.1,21.0,13.5,21.83333333333334,18.88571428571429,15.200000000000001,0.0,0.0,0.0,0.1,0.0,0.014285714285714287,1.542857142857143
2022-03-18,25.2,14.7,20.1,0.0,13.4,26,3,77,2,22.3,22.4,22.1,16.0,22.26666666666667,20.142857142857142,16.02857142857143,0.0,0.0,0.0,0.0,0.0,0.0,1.542857142857143
2022-03-19,23.8,14.0,18.5,0.0,13.7,21,3,78,2,20.1,22.3,22.4,17.6,21.600000000000005,20.72857142857143,16.571428571428573,0.0,0.0,0.0,0.0,0.0,0.0,1.542857142857143
2022-03-20,22.2,11.8,17.1,0.0,12.1,14,3,79,2,18.5,20.1,22.3,19.6,20.300000000000008,20.857142857142858,16.992857142857144,0.0,0.0,0.0,0.0,0.0,0.0,1.5285714285714287
2022-03-21,25.7,12.6,18.7,0.0,11.5,12,3,80,2,17.1,18.5,20.1,21.0,18.566666666666674,20.5,17.507142857142856,0.0,0.0,0.0,0.0,0.0,0.0,0.15
2022-03-22,24.7,9.6,18.4,0.0,13.2,18,3,81,2,18.7,17.1,18.5,22.1,18.100000000000005,20.171428571428574,18.021428571428572,0.0,0.0,0.0,0.0,0.0,0.0,0.1357142857142857
2022-03-23,24.4,12.6,18.8,0.0,20.3,20,3,82,2,18.4,18.7,17.1,22.4,18.06666666666667,19.642857142857142,18.535714285714285,0.0,0.0,0.0,0.0,0.0,0.0,0.049999999999999996
2022-03-24,22.9,13.4,18.3,0.0,18.3,15,3,83,2,18.8,18.4,18.7,22.3,18.633333333333336,19.12857142857143,19.00714285714286,0.0,0.0,0.0,0.0,0.0,0.0,0.0071428571428571435
2022-03-25,23.5,13.2,18.7,0.0,11.3,14,3,84,2,18.3,18.8,18.4,20.1,18.500000000000004,18.557142857142857,19.35,0.0,0.0,0.0,0.0,0.0,0.0,0.0
2022-03-26,26.8,11.4,20.1,0.0,15.3,13,3,85,2,18.7,18.3,18.8,18.5,18.600000000000005,18.357142857142858,19.542857142857144,0.0,0.0,0.0,0.0,0.0,0.0,0.0
2022-03-27,26.7,14.2,20.6,0.0,15.9,17,3,86,2,20.1,18.7,18.3,17.1,19.033333333333342,18.585714285714285,19.72142857142857,0.0,0.0,0.0,0.0,0.0,0.0,0.0
2022-03-28,26.7,13.2,20.8,0.0,10.8,13,3,87,2,20.6,20.1,18.7,18.7,19.800000000000008,19.085714285714285,19.79285714285714,0.0,0.0,0.0,0.0,0.0,0.0,0.0
2022-03-29,24.0,14.4,19.1,0.0,19.5,10,3,88,2,20.8,20.6,20.1,18.4,20.500000000000004,19.38571428571429,19.778571428571432,0.0,0.0,0.0,0.0,0.0,0.0,0.0
2022-03-30,21.0,10.3,15.4,0.0,15.8,11,3,89,2,19.1,20.8,20.6,18.8,20.166666666666675,19.485714285714288,19.564285714285717,0.0,0.0,0.0,0.0,0.0,0.0,0.0
2022-03-31,24.1,10.7,17.3,0.0,11.8,12,3,90,2,15.4,19.1,20.8,18.3,18.43333333333334,19.0,19.064285714285717,0.0,0.0,0.0,0.0,0.0,0.0,0.0
2022-04-01,25.3,13.1,19.1,0.0,14.1,6,4,91,2,17.3,15.4,19.1,18.7,17.266666666666673,18.857142857142858,18.707142857142856,0.0,0.0,0.0,0.0,0.0,0.0,0.0
2022-04-02,25.2,14.7,19.7,0.0,21.5,10,4,92,2,19.1,17.3,15.4,20.1,17.266666666666673,18.914285714285715,18.635714285714283,0.0,0.0,0.0,0.0,0.0,0.0,0.0
2022-04-03,24.1,13.5,19.0,0.0,11.8,11,4,93,2,19.7,19.1,17.3,20.6,18.700000000000006,18.857142857142858,18.72142857142857,0.0,0.0,0.0,0.0,0.0,0.0,0.0
2022-04-04,26.4,15.3,20.7,0.0,14.6,9,4,94,2,19.0,19.7,19.1,20.8,19.26666666666667,18.62857142857143,18.857142857142858,0.0,0.0,0.0,0.0,0.0,0.0,0.0
2022-04-05,27.2,15.3,22.1,0.0,11.6,10,4,95,2,20.7,19.0,19.7,19.1,19.800000000000004,18.614285714285717,19.0,0.0,0.0,0.0,0.0,0.0,0.0,0.0
2022-04-06,29.4,15.8,23.4,0.0,12.6,9,4,96,2,22.1,20.7,19.0,15.4,20.600000000000005,19.042857142857144,19.264285714285716,0.0,0.0,0.0,0.0,0.0,0.0,0.0
2022-04-07,28.8,16.2,23.2,0.0,6.9,17,4,97,2,23.4,22.1,20.7,17.3,22.066666666666674,20.185714285714287,19.592857142857145,0.0,0.0,0.0,0.0,0.0,0.0,0.0
2022-04-08,29.6,17.3,24.3,0.0,9.9,14,4,98,2,23.2,23.4,22.1,19.1,22.900000000000006,21.02857142857143,19.942857142857143,0.0,0.0,0.0,0.0,0.0,0.0,0.0
2022-04-09,29.5,17.2,24.0,0.0,11.4,11,4,99,2,24.3,23.2,23.4,19.7,23.633333333333336,21.771428571428572,20.342857142857145,0.0,0.0,0.0,0.0,0.0,0.0,0.0
2022-04-10,31.6,16.9,25.5,0.0,11.3,8,4,100,2,24.0,24.3,23.2,19.0,23.83333333333334,22.385714285714283,20.62142857142857,0.0,0.0,0.0,0.0,0.0,0.0,0.0
2022-04-11,30.5,15.6,23.9,0.0,13.2,14,4,101,2,25.5,24.0,24.3,20.7,24.600000000000005,23.314285714285713,20.97142857142857,0.0,0.0,0.0,0.0,0.0,0.0,0.0
2022-04-12,29.3,17.4,23.9,0.0,15.0,12,4,102,2,23.9,25.5,24.0,22.1,24.46666666666667,23.771428571428572,21.192857142857143,0.0,0.0,0.0,0.0,0.0,0.0,0.0
2022-04-13,26.8,17.7,22.3,0.0,18.9,8,4,103,2,23.9,23.9,25.5,23.4,24.433333333333337,24.02857142857143,21.535714285714285,0.0,0.0,0.0,0.0,0.0,0.0,0.0
2022-04-14,26.9,15.5,21.4,0.0,20.2,9,4,104,2,22.3,23.9,23.9,23.2,23.36666666666667,23.87142857142857,22.02857142857143,0.0,0.0,0.0,0.0,0.0,0.0,0.0
2022-04-15,28.5,15.6,23.0,0.0,18.7,8,4,105,2,21.4,22.3,23.9,24.3,22.533333333333335,23.614285714285717,22.321428571428573,0.0,0.0,0.0,0.0,0.0,0.0,0.0
2022-04-16,29.6,17.7,24.4,0.0,14.1,8,4,106,2,23.0,21.4,22.3,24.0,22.233333333333338,23.428571428571427,22.599999999999998,0.0,0.0,0.0,0.0,0.0,0.0,0.0
2022-04-17,30.2,18.5,23.2,0.7,19.1,19,4,107,2,24.4,23.0,21.4,25.5,22.933333333333337,23.485714285714288,22.935714285714283,0.0,0.0,0.0,0.0,0.0,0.0,0.0
2022-04-18,28.1,16.7,22.5,0.9,16.2,29,4,108,2,23.2,24.4,23.0,23.9,23.533333333333335,23.157142857142855,23.235714285714284,0.7,0.0,0.0,0.0,0.2333333333333333,0.09999999999999999,0.049999999999999996
2022-04-19,26.2,14.5,21.0,0.0,15.9,30,4,109,2,22.5,23.2,24.4,23.9,23.36666666666667,22.957142857142856,23.36428571428571,0.9,0.7,0.0,0.0,0.5333333333333333,0.2285714285714286,0.1142857142857143
2022-04-20,24.1,14.7,19.5,0.0,16.1,27,4,110,2,21.0,22.5,23.2,22.3,22.233333333333338,22.542857142857144,23.285714285714285,0.0,0.9,0.7,0.0,0.5333333333333333,0.2285714285714286,0.1142857142857143
2022-04-21,24.2,12.9,19.5,0.0,16.4,17,4,111,2,19.5,21.0,22.5,21.4,21.000000000000004,22.142857142857142,23.007142857142856,0.0,0.0,0.9,0.0,0.3,0.2285714285714286,0.1142857142857143
2022-04-22,26.7,15.9,21.6,0.0,12.8,15,4,112,2,19.5,19.5,21.0,23.0,20.000000000000004,21.87142857142857,22.74285714285714,0.0,0.0,0.0,0.0,0.0,0.2285714285714286,0.1142857142857143
2022-04-23,28.4,13.7,22.3,0.0,9.4,17,4,113,2,21.6,19.5,19.5,24.4,20.200000000000006,21.67142857142857,22.55,0.0,0.0,0.0,0.0,0.0,0.2285714285714286,0.1142857142857143
2022-04-24,28.6,16.4,23.3,0.0,13.2,20,4,114,2,22.3,21.6,19.5,23.2,21.13333333333334,21.37142857142857,22.428571428571427,0.0,0.0,0.0,0.7,0.0,0.2285714285714286,0.1142857142857143
2022-04-25,28.4,18.3,24.1,0.0,19.9,14,4,115,2,23.3,22.3,21.6,22.5,22.400000000000006,21.385714285714283,22.271428571428572,0.0,0.0,0.0,0.9,0.0,0.1285714285714286,0.1142857142857143
2022-04-26,29.9,18.4,24.4,0.0,10.9,10,4,116,2,24.1,23.3,22.3,21.0,23.233333333333338,21.614285714285717,22.285714285714285,0.0,0.0,0.0,0.0,0.0,0.0,0.1142857142857143
2022-04-27,32.0,18.7,25.5,0.0,12.6,11,4,117,2,24.4,24.1,23.3,19.5,23.933333333333337,22.099999999999998,22.321428571428573,0.0,0.0,0.0,0.0,0.0,0.0,0.1142857142857143
2022-04-28,31.2,19.5,26.3,0.0,9.7,15,4,118,2,25.5,24.4,24.1,19.5,24.66666666666667,22.957142857142856,22.550000000000004,0.0,0.0,0.0,0.0,0.0,0.0,0.1142857142857143
2022-04-29,30.4,21.6,26.5,0.0,11.6,16,4,119,2,26.3,25.5,24.4,21.6,25.400000000000006,23.928571428571427,22.9,0.0,0.0,0.0,0.0,0.0,0.0,0.1142857142857143
2022-04-30,31.7,21.4,26.7,0.0,15.6,14,4,120,2,26.5,26.3,25.5,22.3,26.100000000000005,24.62857142857143,23.15,0.0,0.0,0.0,0.0,0.0,0.0,0.1142857142857143
2022-05-01,33.2,19.5,27.4,0.0,15.4,12,5,121,2,26.7,26.5,26.3,23.3,26.500000000000004,25.25714285714286,23.314285714285717,0.0,0.0,0.0,0.0,0.0,0.0,0.1142857142857143
2022-05-02,31.0,21.0,26.4,0.0,21.6,16,5,122,2,27.4,26.7,26.5,24.1,26.866666666666674,25.842857142857138,23.614285714285717,0.0,0.0,0.0,0.0,0.0,0.0,0.0642857142857143
2022-05-03,28.6,18.2,23.5,1.2,14.3,24,5,123,2,26.4,27.4,26.7,24.4,26.83333333333334,26.17142857142857,23.892857142857142,0.0,0.0,0.0,0.0,0.0,0.0,0.0
2022-05-04,27.5,15.8,22.6,0.0,15.3,31,5,124,2,23.5,26.4,27.4,25.5,25.76666666666667,26.042857142857144,24.071428571428573,1.2,0.0,0.0,0.0,0.39999999999999997,0.17142857142857143,0.08571428571428572
2022-05-05,28.5,18.3,23.5,0.0,18.1,20,5,125,2,22.6,23.5,26.4,26.3,24.16666666666667,25.62857142857143,24.292857142857144,0.0,1.2,0.0,0.0,0.39999999999999997,0.17142857142857143,0.08571428571428572
2022-05-06,29.6,19.0,24.6,0.0,14.8,14,5,126,2,23.5,22.6,23.5,26.5,23.200000000000006,25.228571428571428,24.57857142857143,0.0,0.0,1.2,0.0,0.39999999999999997,0.17142857142857143,0.08571428571428572
2022-05-07,31.2,20.0,26.0,0.0,14.1,12,5,127,2,24.6,23.5,22.6,26.7,23.566666666666674,24.957142857142856,24.792857142857144,0.0,0.0,0.0,0.0,0.0,0.17142857142857143,0.08571428571428572
2022-05-08,33.4,21.8,27.6,0.0,16.9,12,5,128,2,26.0,24.6,23.5,27.4,24.700000000000006,24.857142857142858,25.057142857142857,0.0,0.0,0.0,0.0,0.0,0.17142857142857143,0.08571428571428572
2022-05-09,34.4,22.3,28.2,0.0,13.1,11,5,129,2,27.6,26.0,24.6,26.4,26.066666666666674,24.88571428571429,25.36428571428571,0.0,0.0,0.0,0.0,0.0,0.17142857142857143,0.08571428571428572
2022-05-10,33.8,19.2,27.0,0.0,14.8,19,5,130,2,28.2,27.6,26.0,23.5,27.26666666666667,25.142857142857142,25.657142857142855,0.0,0.0,0.0,1.2,0.0,0.17142857142857143,0.08571428571428572
2022-05-11,32.6,19.3,26.5,0.0,15.3,22,5,131,2,27.0,28.2,27.6,22.6,27.600000000000005,25.642857142857142,25.842857142857138,0.0,0.0,0.0,0.0,0.0,0.0,0.08571428571428572
2022-05-12,32.0,21.9,27.1,0.0,21.7,9,5,132,2,26.5,27.0,28.2,23.5,27.233333333333338,26.2,25.91428571428571,0.0,0.0,0.0,0.0,0.0,0.0,0.08571428571428572
2022-05-13,33.4,20.4,27.3,0.0,17.5,8,5,133,2,27.1,26.5,27.0,24.6,26.86666666666667,26.714285714285715,25.97142857142857,0.0,0.0,0.0,0.0,0.0,0.0,0.08571428571428572
2022-05-14,33.5,19.5,27.3,0.0,16.1,11,5,134,2,27.3,27.1,26.5,26.0,26.96666666666667,27.099999999999998,26.028571428571432,0.0,0.0,0.0,0.0,0.0,0.0,0.08571428571428572
2022-05-15,27.7,19.3,23.5,0.0,16.6,22,5,135,2,27.3,27.3,27.1,27.6,27.233333333333338,27.285714285714285,26.071428571428573,0.0,0.0,0.0,0.0,0.0,0.0,0.08571428571428572
2022-05-16,30.5,17.1,23.5,0.0,15.0,19,5,136,2,23.5,27.3,27.3,28.2,26.033333333333342,26.7,25.792857142857144,0.0,0.0,0.0,0.0,0.0,0.0,0.08571428571428572
2022-05-17,31.2,19.7,25.7,0.0,13.3,14,5,137,2,23.5,23.5,27.3,27.0,24.76666666666667,26.028571428571432,25.58571428571429,0.0,0.0,0.0,0.0,0.0,0.0,0.08571428571428572
2022-05-18,33.3,20.1,27.2,0.0,17.0,8,5,138,2,25.7,23.5,23.5,26.5,24.233333333333338,25.842857142857145,25.742857142857144,0.0,0.0,0.0,0.0,0.0,0.0,0.0
2022-05-19,33.3,20.6,27.6,0.0,17.0,12,5,139,2,27.2,25.7,23.5,27.1,25.466666666666672,25.942857142857143,26.071428571428573,0.0,0.0,0.0,0.0,0.0,0.0,0.0
2022-05-20,29.9,21.7,26.0,0.0,25.7,11,5,140,2,27.6,27.2,25.7,27.3,26.83333333333334,26.014285714285716,26.364285714285717,0.0,0.0,0.0,0.0,0.0,0.0,0.0
2022-05-21,30.3,19.3,24.4,0.0,22.0,12,5,141,2,26.0,27.6,27.2,27.3,26.933333333333337,25.82857142857143,26.464285714285715,0.0,0.0,0.0,0.0,0.0,0.0,0.0
2022-05-22,33.4,20.9,26.1,0.0,28.1,10,5,142,2,24.4,26.0,27.6,23.5,26.000000000000004,25.41428571428571,26.349999999999998,0.0,0.0,0.0,0.0,0.0,0.0,0.0
2022-05-23,27.5,15.8,22.0,0.0,19.2,14,5,143,2,26.1,24.4,26.0,23.5,25.500000000000004,25.785714285714285,26.242857142857144,0.0,0.0,0.0,0.0,0.0,0.0,0.0
2022-05-24,30.3,16.3,23.7,0.0,11.6,14,5,144,2,22.0,26.1,24.4,25.7,24.16666666666667,25.571428571428573,25.800000000000004,0.0,0.0,0.0,0.0,0.0,0.0,0.0
2022-05-25,31.9,16.6,25.5,0.0,11.9,20,5,145,2,23.7,22.0,26.1,27.2,23.933333333333337,25.285714285714285,25.564285714285717,0.0,0.0,0.0,0.0,0.0,0.0,0.0
2022-05-26,35.7,19.0,27.9,0.0,21.2,16,5,146,2,25.5,23.7,22.0,27.6,23.733333333333338,25.042857142857144,25.492857142857144,0.0,0.0,0.0,0.0,0.0,0.0,0.0
2022-05-27,33.1,23.6,28.5,0.0,21.1,9,5,147,2,27.9,25.5,23.7,26.0,25.700000000000006,25.085714285714285,25.55,0.0,0.0,0.0,0.0,0.0,0.0,0.0
2022-05-28,30.7,21.7,26.1,0.0,24.5,10,5,148,2,28.5,27.9,25.5,24.4,27.3,25.442857142857143,25.635714285714283,0.0,0.0,0.0,0.0,0.0,0.0,0.0
2022-05-29,27.8,17.7,23.0,0.0,20.7,13,5,149,2,26.1,28.5,27.9,26.1,27.500000000000004,25.685714285714287,25.55,0.0,0.0,0.0,0.0,0.0,0.0,0.0
2022-05-30,28.0,18.5,23.5,0.0,18.9,11,5,150,2,23.0,26.1,28.5,22.0,25.866666666666674,25.24285714285714,25.514285714285712,0.0,0.0,0.0,0.0,0.0,0.0,0.0
2022-05-31,28.2,18.5,23.8,0.0,17.0,11,5,151,2,23.5,23.0,26.1,23.7,24.200000000000006,25.457142857142856,25.514285714285712,0.0,0.0,0.0,0.0,0.0,0.0,0.0
2022-06-01,28.1,18.0,23.6,0.0,15.8,10,6,152,3,23.8,23.5,23.0,25.5,23.433333333333337,25.47142857142857,25.37857142857143,0.0,0.0,0.0,0.0,0.0,0.0,0.0
2022-06-02,28.5,17.8,24.3,0.0,13.7,9,6,153,3,23.6,23.8,23.5,27.9,23.63333333333334,25.2,25.12142857142857,0.0,0.0,0.0,0.0,0.0,0.0,0.0
2022-06-03,31.0,17.3,25.4,0.0,12.2,10,6,154,3,24.3,23.6,23.8,28.5,23.900000000000006,24.685714285714287,24.885714285714283,0.0,0.0,0.0,0.0,0.0,0.0,0.0
2022-06-04,31.5,20.9,26.9,0.0,15.9,8,6,155,3,25.4,24.3,23.6,26.1,24.433333333333337,24.24285714285714,24.842857142857138,0.0,0.0,0.0,0.0,0.0,0.0,0.0
2022-06-05,32.4,21.5,26.8,0.0,13.8,9,6,156,3,26.9,25.4,24.3,23.0,25.533333333333335,24.357142857142858,25.021428571428572,0.0,0.0,0.0,0.0,0.0,0.0,0.0
2022-06-06,32.5,20.2,26.6,0.0,14.7,10,6,157,3,26.8,26.9,25.4,23.5,26.36666666666667,24.900000000000002,25.071428571428573,0.0,0.0,0.0,0.0,0.0,0.0,0.0
2022-06-07,32.8,20.9,27.2,0.0,14.3,9,6,158,3,26.6,26.8,26.9,23.8,26.76666666666667,25.342857142857145,25.4,0.0,0.0,0.0,0.0,0.0,0.0,0.0
2022-06-08,32.8,20.5,27.4,0.0,13.0,7,6,159,3,27.2,26.6,26.8,23.6,26.866666666666674,25.828571428571426,25.650000000000002,0.0,0.0,0.0,0.0,0.0,0.0,0.0
2022-06-09,33.9,20.6,28.6,0.0,12.4,8,6,160,3,27.4,27.2,26.6,24.3,27.066666666666674,26.37142857142857,25.785714285714285,0.0,0.0,0.0,0.0,0.0,0.0,0.0
2022-06-10,34.5,21.4,28.8,0.0,12.9,9,6,161,3,28.6,27.4,27.2,25.4,27.733333333333338,26.985714285714288,25.83571428571429,0.0,0.0,0.0,0.0,0.0,0.0,0.0
2022-06-11,35.7,19.8,28.7,0.0,15.4,22,6,162,3,28.8,28.6,27.4,26.9,28.26666666666667,27.47142857142857,25.857142857142858,0.0,0.0,0.0,0.0,0.0,0.0,0.0
2022-06-12,35.1,20.9,28.1,0.0,18.0,34,6,163,3,28.7,28.8,28.6,26.8,28.700000000000006,27.728571428571428,26.042857142857144,0.0,0.0,0.0,0.0,0.0,0.0,0.0
2022-06-13,35.3,20.4,27.8,0.0,19.4,28,6,164,3,28.1,28.7,28.8,26.6,28.533333333333342,27.91428571428571,26.407142857142855,0.0,0.0,0.0,0.0,0.0,0.0,0.0
2022-06-14,34.2,19.1,27.7,0.0,12.9,28,6,165,3,27.8,28.1,28.7,27.2,28.200000000000006,28.085714285714285,26.714285714285715,0.0,0.0,0.0,0.0,0.0,0.0,0.0
2022-06-15,36.2,19.7,29.1,0.0,16.7,27,6,166,3,27.7,27.8,28.1,27.4,27.866666666666674,28.157142857142862,26.99285714285714,0.0,0.0,0.0,0.0,0.0,0.0,0.0
2022-06-16,36.0,20.3,29.7,0.0,11.4,23,6,167,3,29.1,27.7,27.8,28.6,28.200000000000006,28.400000000000002,27.38571428571429,0.0,0.0,0.0,0.0,0.0,0.0,0.0
2022-06-17,34.9,19.7,28.5,0.0,21.4,28,6,168,3,29.7,29.1,27.7,28.8,28.83333333333334,28.557142857142857,27.771428571428572,0.0,0.0,0.0,0.0,0.0,0.0,0.0
2022-06-18,33.1,18.9,26.0,0.0,16.8,49,6,169,3,28.5,29.7,29.1,28.7,29.100000000000005,28.514285714285712,27.99285714285714,0.0,0.0,0.0,0.0,0.0,0.0,0.0
2022-06-19,32.8,18.3,26.3,0.0,17.7,38,6,170,3,26.0,28.5,29.7,28.1,28.066666666666674,28.12857142857143,27.928571428571427,0.0,0.0,0.0,0.0,0.0,0.0,0.0
2022-06-20,31.4,18.2,25.3,0.0,17.3,42,6,171,3,26.3,26.0,28.5,27.8,26.933333333333337,27.871428571428574,27.892857142857142,0.0,0.0,0.0,0.0,0.0,0.0,0.0
2022-06-21,27.9,18.5,23.5,0.0,23.5,20,6,172,3,25.3,26.3,26.0,27.7,25.86666666666667,27.514285714285712,27.800000000000004,0.0,0.0,0.0,0.0,0.0,0.0,0.0
2022-06-22,27.2,14.4,20.7,0.0,18.2,59,6,173,3,23.5,25.3,26.3,29.1,25.033333333333335,26.91428571428571,27.535714285714285,0.0,0.0,0.0,0.0,0.0,0.0,0.0
2022-06-23,30.9,16.8,24.0,0.0,16.4,47,6,174,3,20.7,23.5,25.3,29.7,23.16666666666667,25.714285714285715,27.057142857142857,0.0,0.0,0.0,0.0,0.0,0.0,0.0
2022-06-24,33.6,18.3,27.1,0.0,14.6,39,6,175,3,24.0,20.7,23.5,28.5,22.733333333333338,24.900000000000002,26.72857142857143,0.0,0.0,0.0,0.0,0.0,0.0,0.0
2022-06-25,36.0,21.4,29.0,0.0,21.6,30,6,176,3,27.1,24.0,20.7,26.0,23.933333333333337,24.7,26.607142857142858,0.0,0.0,0.0,0.0,0.0,0.0,0.0
2022-06-26,34.4,23.1,29.0,0.0,16.4,29,6,177,3,29.0,27.1,24.0,26.3,26.700000000000006,25.12857142857143,26.628571428571426,0.0,0.0,0.0,0.0,0.0,0.0,0.0
2022-06-27,35.6,22.0,29.3,0.0,19.4,30,6,178,3,29.0,29.0,27.1,25.3,28.366666666666674,25.514285714285712,26.692857142857143,0.0,0.0,0.0,0.0,0.0,0.0,0.0
2022-06-28,37.1,22.2,30.2,0.0,13.2,25,6,179,3,29.3,29.0,29.0,23.5,29.100000000000005,26.08571428571429,26.8,0.0,0.0,0.0,0.0,0.0,0.0,0.0
2022-06-29,37.4,22.6,31.3,0.0,10.2,23,6,180,3,30.2,29.3,29.0,20.7,29.500000000000004,27.042857142857144,26.978571428571428,0.0,0.0,0.0,0.0,0.0,0.0,0.0
2022-06-30,38.7,22.3,31.2,0.0,14.7,26,6,181,3,31.3,30.2,29.3,24.0,30.26666666666667,28.557142857142857,27.135714285714283,0.0,0.0,0.0,0.0,0.0,0.0,0.0
2022-07-01,38.5,22.7,30.1,0.0,21.8,42,7,182,3,31.2,31.3,30.2,27.1,30.900000000000006,29.585714285714285,27.24285714285714,0.0,0.0,0.0,0.0,0.0,0.0,0.0
2022-07-02,38.3,22.5,29.1,0.0,24.2,50,7,183,3,30.1,31.2,31.3,29.0,30.866666666666674,30.014285714285712,27.357142857142858,0.0,0.0,0.0,0.0,0.0,0.0,0.0
2022-07-03,33.1,22.7,27.5,0.0,21.7,60,7,184,3,29.1,30.1,31.2,29.0,30.13333333333334,30.02857142857143,27.57857142857143,0.0,0.0,0.0,0.0,0.0,0.0,0.0
2022-07-04,31.1,23.1,26.4,2.3,15.3,65,7,185,3,27.5,29.1,30.1,29.3,28.900000000000006,29.814285714285713,27.664285714285715,0.0,0.0,0.0,0.0,0.0,0.0,0.0
2022-07-05,29.9,23.0,26.2,4.9,13.4,69,7,186,3,26.4,27.5,29.1,30.2,27.66666666666667,29.4,27.74285714285714,2.3,0.0,0.0,0.0,0.7666666666666666,0.32857142857142857,0.16428571428571428
2022-07-06,32.0,21.9,26.5,0.9,16.7,63,7,187,3,26.2,26.4,27.5,31.3,26.700000000000003,28.82857142857143,27.935714285714283,4.9,2.3,0.0,0.0,2.4,1.0285714285714287,0.5142857142857143
2022-07-07,28.8,21.9,25.4,0.8,16.3,65,7,188,3,26.5,26.2,26.4,31.2,26.36666666666667,28.142857142857142,28.349999999999998,0.9,4.9,2.3,0.0,2.6999999999999997,1.157142857142857,0.5785714285714285
2022-07-08,32.1,20.5,26.5,0.9,14.0,59,7,189,3,25.4,26.5,26.2,30.1,26.033333333333335,27.314285714285713,28.45,0.8,0.9,4.9,0.0,2.2,1.2714285714285716,0.6357142857142858
2022-07-09,32.0,22.3,27.2,1.2,15.8,56,7,190,3,26.5,25.4,26.5,29.1,26.133333333333336,26.8,28.407142857142862,0.9,0.8,0.9,0.0,0.8666666666666667,1.4000000000000001,0.7000000000000001
2022-07-10,31.1,21.8,26.1,2.4,15.0,63,7,191,3,27.2,26.5,25.4,27.5,26.36666666666667,26.528571428571432,28.278571428571432,1.2,0.9,0.8,0.0,0.9666666666666668,1.5714285714285714,0.7857142857142857
2022-07-11,32.4,20.6,26.1,0.0,18.0,61,7,192,3,26.1,27.2,26.5,26.4,26.600000000000005,26.328571428571426,28.071428571428573,2.4,1.2,0.9,2.3,1.5,1.9142857142857144,0.9571428571428572
2022-07-12,33.1,21.0,27.0,0.0,15.2,58,7,193,3,26.1,26.1,27.2,26.2,26.466666666666672,26.285714285714285,27.842857142857145,0.0,2.4,1.2,4.9,1.2,1.5857142857142859,0.9571428571428572
2022-07-13,36.5,19.8,27.3,0.0,13.6,54,7,194,3,27.0,26.1,26.1,26.5,26.400000000000006,26.4,27.614285714285717,0.0,0.0,2.4,0.9,0.7999999999999998,0.8857142857142858,0.9571428571428572
2022-07-14,34.2,20.2,26.5,0.0,20.5,55,7,195,3,27.3,27.0,26.1,25.4,26.800000000000008,26.514285714285712,27.32857142857143,0.0,0.0,0.0,0.8,0.0,0.7571428571428571,0.9571428571428572
2022-07-15,29.4,20.8,24.7,1.1,14.7,61,7,196,3,26.5,27.3,27.0,26.5,26.933333333333337,26.671428571428574,26.992857142857144,0.0,0.0,0.0,0.9,0.0,0.6428571428571429,0.9571428571428572
2022-07-16,32.9,20.0,26.0,0.0,16.5,55,7,197,3,24.7,26.5,27.3,27.2,26.16666666666667,26.414285714285715,26.607142857142858,1.1,0.0,0.0,1.2,0.3666666666666667,0.6714285714285715,1.0357142857142858
2022-07-17,31.5,20.0,25.1,1.8,17.4,62,7,198,3,26.0,24.7,26.5,26.1,25.733333333333338,26.24285714285714,26.385714285714283,0.0,1.1,0.0,2.4,0.3666666666666667,0.5,1.0357142857142858
2022-07-18,31.2,19.6,25.3,1.1,15.1,62,7,199,3,25.1,26.0,24.7,26.1,25.26666666666667,26.099999999999998,26.214285714285715,1.8,0.0,1.1,0.0,0.9666666666666668,0.4142857142857143,1.1642857142857144
2022-07-19,34.9,21.8,27.7,4.9,19.1,55,7,200,3,25.3,25.1,26.0,27.0,25.466666666666672,25.985714285714288,26.135714285714283,1.1,1.8,0.0,0.0,0.9666666666666668,0.5714285714285715,1.0785714285714285
2022-07-20,36.2,22.4,29.5,0.0,13.5,48,7,201,3,27.7,25.3,25.1,27.3,26.033333333333342,26.08571428571429,26.242857142857144,4.9,1.1,1.8,0.0,2.6,1.2714285714285718,1.0785714285714285
2022-07-21,36.4,21.2,29.6,0.0,15.1,39,7,202,3,29.5,27.7,25.3,26.5,27.500000000000004,26.400000000000002,26.45714285714286,0.0,4.9,1.1,0.0,2.0000000000000004,1.2714285714285718,1.0142857142857145
2022-07-22,35.7,21.9,28.2,0.0,17.3,57,7,203,3,29.6,29.5,27.7,24.7,28.933333333333337,26.842857142857145,26.757142857142856,0.0,0.0,4.9,1.1,1.6333333333333335,1.2714285714285718,0.9571428571428572
2022-07-23,29.6,22.4,25.4,2.9,17.9,63,7,204,3,28.2,29.6,29.5,26.0,29.100000000000005,27.342857142857145,26.878571428571426,0.0,0.0,0.0,0.0,0.0,1.1142857142857145,0.8928571428571429
2022-07-24,29.6,21.3,24.3,8.4,13.4,70,7,205,3,25.4,28.2,29.6,25.1,27.733333333333338,27.25714285714286,26.75,2.9,0.0,0.0,1.8,0.9666666666666667,1.5285714285714287,1.0142857142857145
2022-07-25,26.3,20.1,23.2,4.5,12.1,77,7,206,3,24.3,25.4,28.2,25.3,25.96666666666667,27.142857142857142,26.621428571428574,8.4,2.9,0.0,1.1,3.766666666666667,2.471428571428572,1.442857142857143
2022-07-26,27.2,20.6,23.3,0.7,14.5,77,7,207,3,23.2,24.3,25.4,27.7,24.3,26.842857142857145,26.414285714285715,4.5,8.4,2.9,4.9,5.266666666666667,2.9571428571428577,1.7642857142857145
2022-07-27,29.2,18.7,23.5,1.2,9.4,76,7,208,3,23.3,23.2,24.3,29.5,23.600000000000005,26.214285714285715,26.150000000000002,0.7,4.5,8.4,0.0,4.533333333333333,2.3571428571428577,1.8142857142857145
2022-07-28,26.2,19.8,23.1,5.8,9.8,81,7,209,3,23.5,23.3,23.2,29.6,23.33333333333334,25.357142857142858,25.87857142857143,1.2,0.7,4.5,0.0,2.1333333333333333,2.528571428571429,1.9000000000000001
2022-07-29,27.5,19.7,23.4,3.4,11.6,81,7,210,3,23.1,23.5,23.3,28.2,23.3,24.428571428571427,25.635714285714283,5.8,1.2,0.7,0.0,2.5666666666666664,3.357142857142857,2.314285714285714
2022-07-30,29.7,20.6,24.8,0.1,8.7,73,7,211,3,23.4,23.1,23.5,25.4,23.33333333333334,23.74285714285714,25.542857142857144,3.4,5.8,1.2,2.9,3.4666666666666663,3.842857142857143,2.478571428571428
2022-07-31,30.3,19.6,25.1,0.0,11.8,67,7,212,3,24.8,23.4,23.1,24.3,23.76666666666667,23.657142857142855,25.457142857142856,0.1,3.4,5.8,8.4,3.0999999999999996,3.4428571428571426,2.4857142857142853
2022-08-01,30.6,17.3,24.7,0.0,10.7,60,8,213,3,25.1,24.8,23.4,23.2,24.433333333333337,23.771428571428572,25.457142857142856,0.0,0.1,3.4,4.5,1.1666666666666663,2.242857142857143,2.357142857142857
2022-08-02,33.7,17.9,25.5,0.0,18.8,58,8,214,3,24.7,25.1,24.8,23.3,24.866666666666674,23.985714285714288,25.414285714285715,0.0,0.0,0.1,0.7,0.03333333333333304,1.6,2.2785714285714285
2022-08-03,33.3,18.6,25.9,0.0,13.5,54,8,215,3,25.5,24.7,25.1,23.5,25.100000000000005,24.300000000000004,25.257142857142856,0.0,0.0,0.0,1.2,0.0,1.5000000000000002,1.9285714285714286
2022-08-04,34.1,18.2,26.2,0.0,18.5,51,8,216,3,25.9,25.5,24.7,23.1,25.36666666666667,24.642857142857142,25.0,0.0,0.0,0.0,5.8,0.0,1.3285714285714287,1.9285714285714286
2022-08-05,34.3,19.2,27.1,0.0,14.8,48,8,217,3,26.2,25.9,25.5,23.4,25.86666666666667,25.085714285714285,24.75714285714286,0.0,0.0,0.0,3.4,0.0,0.5000000000000002,1.9285714285714286
2022-08-06,34.1,17.8,25.9,0.0,18.6,56,8,218,3,27.1,26.2,25.9,24.8,26.400000000000006,25.61428571428571,24.678571428571427,0.0,0.0,0.0,0.1,0.0,0.01428571428571454,1.9285714285714286
2022-08-07,34.8,19.3,27.1,0.0,13.8,46,8,219,3,25.9,27.1,26.2,25.1,26.400000000000006,25.771428571428572,24.714285714285715,0.0,0.0,0.0,0.0,0.0,0.0,1.7214285714285713
2022-08-08,36.5,19.6,27.8,0.0,16.9,46,8,220,3,27.1,25.9,27.1,24.7,26.700000000000003,26.057142857142857,24.91428571428571,0.0,0.0,0.0,0.0,0.0,0.0,1.1214285714285714
2022-08-09,34.9,19.8,26.4,0.0,23.8,59,8,221,3,27.8,27.1,25.9,25.5,26.933333333333337,26.5,25.24285714285714,0.0,0.0,0.0,0.0,0.0,0.0,0.7999999999999999
2022-08-10,34.7,20.7,27.0,0.0,16.6,59,8,222,3,26.4,27.8,27.1,25.9,27.100000000000005,26.628571428571426,25.464285714285715,0.0,0.0,0.0,0.0,0.0,0.0,0.75
2022-08-11,33.1,21.0,26.9,0.0,17.7,58,8,223,3,27.0,26.4,27.8,26.2,27.066666666666674,26.785714285714285,25.714285714285715,0.0,0.0,0.0,0.0,0.0,0.0,0.6642857142857143
2022-08-12,29.4,21.4,25.8,0.6,18.2,59,8,224,3,26.9,27.0,26.4,27.1,26.76666666666667,26.885714285714283,25.985714285714288,0.0,0.0,0.0,0.0,0.0,0.0,0.25
2022-08-13,31.2,21.3,26.2,0.5,13.7,54,8,225,3,25.8,26.9,27.0,25.9,26.566666666666674,26.7,26.157142857142855,0.6,0.0,0.0,0.0,0.1999999999999997,0.08571428571428596,0.049999999999999996
2022-08-14,27.1,20.7,23.7,33.4,7.9,63,8,226,3,26.2,25.8,26.9,27.1,26.3,26.74285714285714,26.25714285714286,0.5,0.6,0.0,0.0,0.3666666666666664,0.15714285714285742,0.07857142857142858
2022-08-15,26.3,18.9,22.4,0.6,13.7,75,8,227,3,23.7,26.2,25.8,27.8,25.233333333333338,26.25714285714286,26.157142857142855,33.4,0.5,0.6,0.0,11.5,4.928571428571429,2.4642857142857144
2022-08-16,26.5,18.7,22.3,1.4,8.6,79,8,228,3,22.4,23.7,26.2,26.4,24.100000000000005,25.485714285714284,25.992857142857144,0.6,33.4,0.5,0.0,11.5,5.014285714285714,2.507142857142857
2022-08-17,25.0,19.5,22.1,0.7,9.1,79,8,229,3,22.3,22.4,23.7,27.0,22.8,24.900000000000002,25.764285714285712,1.4,0.6,33.4,0.0,11.799999999999999,5.214285714285714,2.607142857142857
2022-08-18,22.6,19.1,20.7,30.8,7.7,86,8,230,3,22.1,22.3,22.4,26.9,22.26666666666667,24.2,25.49285714285714,0.7,1.4,0.6,0.0,0.9,5.314285714285715,2.6571428571428575
2022-08-19,23.3,18.9,21.0,16.0,6.4,84,8,231,3,20.7,22.1,22.3,25.8,21.700000000000006,23.314285714285717,25.099999999999998,30.8,0.7,1.4,0.6,10.966666666666667,9.714285714285714,4.857142857142857
2022-08-20,25.1,18.2,20.6,15.3,6.8,83,8,232,3,21.0,20.7,22.1,26.2,21.26666666666667,22.62857142857143,24.664285714285715,16.0,30.8,0.7,0.5,15.833333333333334,11.914285714285715,6.0
2022-08-21,22.9,18.5,20.0,21.7,7.5,88,8,233,3,20.6,21.0,20.7,23.7,20.76666666666667,21.82857142857143,24.285714285714285,15.3,16.0,30.8,33.4,20.7,14.028571428571428,7.0928571428571425
2022-08-22,26.0,16.4,21.1,0.0,9.2,64,8,234,3,20.0,20.6,21.0,22.4,20.533333333333335,21.3,23.778571428571432,21.7,15.3,16.0,0.6,17.666666666666668,12.357142857142858,8.642857142857142
2022-08-23,25.7,18.1,21.8,1.6,8.9,61,8,235,3,21.1,20.0,20.6,22.3,20.566666666666674,21.114285714285717,23.3,0.0,21.7,15.3,1.4,12.333333333333334,12.271428571428572,8.642857142857142
2022-08-24,24.5,18.3,21.2,5.2,8.6,76,8,236,3,21.8,21.1,20.0,22.1,20.966666666666672,21.042857142857144,22.971428571428568,1.6,0.0,21.7,0.7,7.766666666666667,12.299999999999999,8.757142857142856
2022-08-25,21.4,18.9,20.1,37.5,5.0,88,8,237,3,21.2,21.8,21.1,20.7,21.366666666666674,20.914285714285715,22.557142857142853,5.2,1.6,0.0,30.8,2.266666666666667,12.942857142857141,9.128571428571428
2022-08-26,22.6,18.5,20.1,14.3,10.1,86,8,238,3,20.1,21.2,21.8,21.0,21.033333333333335,20.82857142857143,22.071428571428573,37.5,5.2,1.6,16.0,14.766666666666666,13.9,11.807142857142859
2022-08-27,24.6,16.4,20.7,2.4,13.0,83,8,239,3,20.1,20.1,21.2,20.6,20.466666666666672,20.7,21.664285714285715,14.3,37.5,5.2,15.3,19.0,13.657142857142857,12.785714285714286
2022-08-28,26.2,17.3,21.5,0.0,9.7,59,8,240,3,20.7,20.1,20.1,20.0,20.300000000000004,20.714285714285715,21.271428571428572,2.4,14.3,37.5,21.7,18.066666666666666,11.814285714285715,12.921428571428573
2022-08-29,27.0,17.4,22.5,0.0,10.3,42,8,241,3,21.5,20.7,20.1,21.1,20.76666666666667,20.928571428571427,21.114285714285717,0.0,2.4,14.3,0.0,5.566666666666664,8.714285714285714,10.535714285714286
2022-08-30,27.9,16.1,22.1,0.0,11.5,59,8,242,3,22.5,21.5,20.7,21.8,21.566666666666674,21.12857142857143,21.12142857142857,0.0,0.0,2.4,1.6,0.7999999999999976,8.714285714285714,10.492857142857144
2022-08-31,27.6,16.7,22.6,0.0,9.2,50,8,243,3,22.1,22.5,21.5,21.2,22.033333333333342,21.17142857142857,21.107142857142858,0.0,0.0,0.0,5.2,0.0,8.485714285714286,10.392857142857142
2022-09-01,27.5,18.4,23.0,0.0,9.7,33,9,244,4,22.6,22.1,22.5,20.1,22.400000000000006,21.371428571428574,21.142857142857142,0.0,0.0,0.0,37.5,0.0,7.742857142857143,10.342857142857143
2022-09-02,28.3,18.4,23.4,0.0,10.1,36,9,245,4,23.0,22.6,22.1,20.1,22.566666666666674,21.785714285714285,21.307142857142857,0.0,0.0,0.0,14.3,0.0,2.3857142857142857,8.142857142857142
2022-09-03,28.9,18.7,24.0,0.0,11.5,33,9,246,4,23.4,23.0,22.6,20.7,23.000000000000004,22.257142857142856,21.47857142857143,0.0,0.0,0.0,2.4,0.0,0.34285714285714286,7.0
2022-09-04,28.5,17.0,23.7,0.0,9.2,23,9,247,4,24.0,23.4,23.0,21.5,23.46666666666667,22.728571428571428,21.72142857142857,0.0,0.0,0.0,0.0,0.0,0.0,5.9071428571428575
2022-09-05,29.5,16.8,23.0,0.0,9.8,38,9,248,4,23.7,24.0,23.4,22.5,23.700000000000003,23.042857142857144,21.985714285714288,0.0,0.0,0.0,0.0,0.0,0.0,4.357142857142857
2022-09-06,28.6,15.0,21.7,0.0,10.7,59,9,249,4,23.0,23.7,24.0,22.1,23.566666666666674,23.114285714285717,22.121428571428574,0.0,0.0,0.0,0.0,0.0,0.0,4.357142857142857
2022-09-07,29.9,15.7,22.6,0.0,11.0,58,9,250,4,21.7,23.0,23.7,22.6,22.8,23.057142857142857,22.114285714285717,0.0,0.0,0.0,0.0,0.0,0.0,4.242857142857143
2022-09-08,31.3,16.0,23.5,0.0,11.4,57,9,251,4,22.6,21.7,23.0,23.0,22.433333333333337,23.057142857142857,22.214285714285715,0.0,0.0,0.0,0.0,0.0,0.0,3.8714285714285714
2022-09-09,32.3,17.9,24.5,0.0,11.6,51,9,252,4,23.5,22.6,21.7,23.4,22.600000000000005,23.128571428571426,22.457142857142856,0.0,0.0,0.0,0.0,0.0,0.0,1.1928571428571428
2022-09-10,31.9,17.1,25.5,0.0,12.3,38,9,253,4,24.5,23.5,22.6,24.0,23.533333333333342,23.285714285714285,22.77142857142857,0.0,0.0,0.0,0.0,0.0,0.0,0.17142857142857143
2022-09-11,32.6,16.7,25.0,0.0,14.4,42,9,254,4,25.5,24.5,23.5,23.7,24.500000000000004,23.5,23.114285714285717,0.0,0.0,0.0,0.0,0.0,0.0,0.0
2022-09-12,31.5,16.6,23.5,0.0,14.8,53,9,255,4,25.0,25.5,24.5,23.0,25.000000000000004,23.685714285714283,23.364285714285717,0.0,0.0,0.0,0.0,0.0,0.0,0.0
2022-09-13,29.9,16.3,23.6,0.0,12.6,43,9,256,4,23.5,25.0,25.5,21.7,24.66666666666667,23.757142857142856,23.435714285714287,0.0,0.0,0.0,0.0,0.0,0.0,0.0
2022-09-14,29.8,17.6,23.8,0.0,12.6,21,9,257,4,23.6,23.5,25.0,22.6,24.033333333333342,24.02857142857143,23.54285714285714,0.0,0.0,0.0,0.0,0.0,0.0,0.0
2022-09-15,29.2,18.0,23.5,0.0,9.4,14,9,258,4,23.8,23.6,23.5,23.5,23.63333333333334,24.2,23.62857142857143,0.0,0.0,0.0,0.0,0.0,0.0,0.0
2022-09-16,30.0,17.8,24.3,0.0,9.5,13,9,259,4,23.5,23.8,23.6,24.5,23.63333333333334,24.2,23.664285714285715,0.0,0.0,0.0,0.0,0.0,0.0,0.0
2022-09-17,30.1,15.8,23.7,0.0,12.9,18,9,260,4,24.3,23.5,23.8,25.5,23.866666666666674,24.171428571428574,23.728571428571428,0.0,0.0,0.0,0.0,0.0,0.0,0.0
2022-09-18,30.1,14.8,22.5,0.0,9.0,51,9,261,4,23.7,24.3,23.5,25.0,23.83333333333334,23.914285714285715,23.70714285714286,0.0,0.0,0.0,0.0,0.0,0.0,0.0
2022-09-19,29.3,15.5,23.2,0.0,13.5,38,9,262,4,22.5,23.7,24.3,23.5,23.500000000000004,23.557142857142857,23.62142857142857,0.0,0.0,0.0,0.0,0.0,0.0,0.0
2022-09-20,28.9,18.7,23.6,0.0,11.2,20,9,263,4,23.2,22.5,23.7,23.6,23.133333333333336,23.514285714285716,23.635714285714283,0.0,0.0,0.0,0.0,0.0,0.0,0.0
2022-09-21,29.1,15.4,23.1,0.0,11.6,34,9,264,4,23.6,23.2,22.5,23.8,23.100000000000005,23.514285714285712,23.771428571428572,0.0,0.0,0.0,0.0,0.0,0.0,0.0
2022-09-22,29.0,18.9,24.3,0.0,14.1,15,9,265,4,23.1,23.6,23.2,23.5,23.3,23.414285714285715,23.807142857142857,0.0,0.0,0.0,0.0,0.0,0.0,0.0
2022-09-23,28.1,19.2,23.4,0.0,9.6,16,9,266,4,24.3,23.1,23.6,24.3,23.66666666666667,23.528571428571432,23.86428571428571,0.0,0.0,0.0,0.0,0.0,0.0,0.0
2022-09-24,28.6,16.4,22.6,0.0,15.0,18,9,267,4,23.4,24.3,23.1,23.7,23.600000000000005,23.4,23.78571428571429,0.0,0.0,0.0,0.0,0.0,0.0,0.0
2022-09-25,28.4,16.0,22.1,0.0,9.4,26,9,268,4,22.6,23.4,24.3,22.5,23.433333333333337,23.242857142857144,23.578571428571426,0.0,0.0,0.0,0.0,0.0,0.0,0.0
2022-09-26,29.1,13.6,21.2,0.0,12.8,52,9,269,4,22.1,22.6,23.4,23.2,22.700000000000006,23.185714285714287,23.371428571428574,0.0,0.0,0.0,0.0,0.0,0.0,0.0
2022-09-27,28.0,14.2,21.6,0.0,9.0,39,9,270,4,21.2,22.1,22.6,23.6,21.96666666666667,22.900000000000002,23.20714285714286,0.0,0.0,0.0,0.0,0.0,0.0,0.0
2022-09-28,27.7,17.8,22.6,0.0,9.3,14,9,271,4,21.6,21.2,22.1,23.1,21.63333333333334,22.614285714285717,23.064285714285717,0.0,0.0,0.0,0.0,0.0,0.0,0.0
2022-09-29,28.8,14.4,21.5,0.0,8.5,36,9,272,4,22.6,21.6,21.2,24.3,21.8,22.542857142857144,22.978571428571428,0.0,0.0,0.0,0.0,0.0,0.0,0.0
2022-09-30,28.1,15.0,22.0,0.0,12.2,34,9,273,4,21.5,22.6,21.6,23.4,21.900000000000006,22.142857142857142,22.835714285714285,0.0,0.0,0.0,0.0,0.0,0.0,0.0
2022-10-01,28.4,16.7,22.6,0.0,8.9,24,10,274,4,22.0,21.5,22.6,22.6,22.033333333333342,21.942857142857147,22.67142857142857,0.0,0.0,0.0,0.0,0.0,0.0,0.0
2022-10-02,28.2,18.8,22.8,0.0,12.0,14,10,275,4,22.6,22.0,21.5,22.1,22.033333333333342,21.942857142857143,22.592857142857145,0.0,0.0,0.0,0.0,0.0,0.0,0.0
2022-10-03,25.9,13.4,19.9,0.0,13.4,30,10,276,4,22.8,22.6,22.0,21.2,22.466666666666672,22.042857142857144,22.614285714285717,0.0,0.0,0.0,0.0,0.0,0.0,0.0
2022-10-04,25.9,15.8,20.5,0.0,9.8,16,10,277,4,19.9,22.8,22.6,21.6,21.76666666666667,21.857142857142858,22.37857142857143,0.0,0.0,0.0,0.0,0.0,0.0,0.0
2022-10-05,26.4,14.2,20.4,0.0,9.1,15,10,278,4,20.5,19.9,22.8,22.6,21.066666666666674,21.699999999999996,22.157142857142855,0.0,0.0,0.0,0.0,0.0,0.0,0.0
2022-10-06,25.9,14.3,20.6,0.0,9.2,15,10,279,4,20.4,20.5,19.9,21.5,20.26666666666667,21.385714285714283,21.964285714285715,0.0,0.0,0.0,0.0,0.0,0.0,0.0
2022-10-07,26.2,15.1,20.7,0.0,14.3,13,10,280,4,20.6,20.4,20.5,22.0,20.500000000000004,21.257142857142856,21.7,0.0,0.0,0.0,0.0,0.0,0.0,0.0
2022-10-08,24.5,14.8,19.6,0.0,12.2,9,10,281,4,20.7,20.6,20.4,22.6,20.56666666666667,21.071428571428573,21.507142857142856,0.0,0.0,0.0,0.0,0.0,0.0,0.0
2022-10-09,23.6,14.9,18.5,0.0,11.5,10,10,282,4,19.6,20.7,20.6,22.8,20.300000000000004,20.642857142857142,21.292857142857144,0.0,0.0,0.0,0.0,0.0,0.0,0.0
2022-10-10,22.9,12.6,16.9,0.0,9.7,12,10,283,4,18.5,19.6,20.7,19.9,19.600000000000005,20.02857142857143,21.035714285714285,0.0,0.0,0.0,0.0,0.0,0.0,0.0
2022-10-11,21.3,11.4,15.8,0.0,9.0,14,10,284,4,16.9,18.5,19.6,20.5,18.33333333333334,19.599999999999998,20.728571428571428,0.0,0.0,0.0,0.0,0.0,0.0,0.0
2022-10-12,22.9,11.7,16.9,0.0,10.5,14,10,285,4,15.8,16.9,18.5,20.4,17.066666666666674,18.928571428571427,20.314285714285713,0.0,0.0,0.0,0.0,0.0,0.0,0.0
2022-10-13,23.5,12.4,18.0,0.0,10.5,13,10,286,4,16.9,15.8,16.9,20.6,16.533333333333335,18.428571428571427,19.907142857142855,0.0,0.0,0.0,0.0,0.0,0.0,0.0
2022-10-14,24.2,13.8,18.9,0.0,10.4,12,10,287,4,18.0,16.9,15.8,20.7,16.900000000000006,18.057142857142857,19.657142857142855,0.0,0.0,0.0,0.0,0.0,0.0,0.0
2022-10-15,23.9,14.6,19.0,0.0,8.9,12,10,288,4,18.9,18.0,16.9,19.6,17.933333333333337,17.8,19.435714285714287,0.0,0.0,0.0,0.0,0.0,0.0,0.0
2022-10-16,25.0,14.7,19.2,0.0,9.2,17,10,289,4,19.0,18.9,18.0,18.5,18.633333333333336,17.714285714285715,19.178571428571427,0.0,0.0,0.0,0.0,0.0,0.0,0.0
2022-10-17,24.6,14.5,19.3,0.0,11.3,20,10,290,4,19.2,19.0,18.9,16.9,19.033333333333335,17.814285714285713,18.92142857142857,0.0,0.0,0.0,0.0,0.0,0.0,0.0
2022-10-18,24.6,14.7,19.3,0.0,9.0,20,10,291,4,19.3,19.2,19.0,15.8,19.16666666666667,18.157142857142855,18.87857142857143,0.0,0.0,0.0,0.0,0.0,0.0,0.0
2022-10-19,24.1,12.1,18.6,0.0,16.3,23,10,292,4,19.3,19.3,19.2,16.9,19.266666666666673,18.657142857142855,18.792857142857144,0.0,0.0,0.0,0.0,0.0,0.0,0.0
2022-10-20,22.6,13.8,17.8,0.0,10.7,26,10,293,4,18.6,19.3,19.3,18.0,19.066666666666674,18.900000000000002,18.664285714285715,0.0,0.0,0.0,0.0,0.0,0.0,0.0
2022-10-21,23.7,9.9,16.9,0.0,8.4,35,10,294,4,17.8,18.6,19.3,18.9,18.566666666666674,18.87142857142857,18.464285714285715,0.0,0.0,0.0,0.0,0.0,0.0,0.0
2022-10-22,22.8,11.2,17.3,0.0,12.3,32,10,295,4,16.9,17.8,18.6,19.0,17.76666666666667,18.585714285714285,18.192857142857143,0.0,0.0,0.0,0.0,0.0,0.0,0.0
2022-10-23,22.4,14.0,17.6,0.0,9.5,17,10,296,4,17.3,16.9,17.8,19.2,17.33333333333334,18.342857142857145,18.02857142857143,0.0,0.0,0.0,0.0,0.0,0.0,0.0
2022-10-24,22.8,13.4,17.6,0.0,15.6,23,10,297,4,17.6,17.3,16.9,19.3,17.266666666666673,18.114285714285717,17.964285714285715,0.0,0.0,0.0,0.0,0.0,0.0,0.0
2022-10-25,23.6,13.4,18.3,0.0,18.4,27,10,298,4,17.6,17.6,17.3,19.3,17.500000000000007,17.87142857142857,18.014285714285716,0.0,0.0,0.0,0.0,0.0,0.0,0.0
2022-10-26,23.9,14.0,18.8,0.0,14.2,24,10,299,4,18.3,17.6,17.6,18.6,17.83333333333334,17.72857142857143,18.192857142857143,0.0,0.0,0.0,0.0,0.0,0.0,0.0
2022-10-27,22.3,12.1,17.0,0.0,10.0,27,10,300,4,18.8,18.3,17.6,17.8,18.233333333333338,17.757142857142856,18.32857142857143,0.0,0.0,0.0,0.0,0.0,0.0,0.0
2022-10-28,22.1,12.4,17.0,0.0,9.3,22,10,301,4,17.0,18.8,18.3,16.9,18.03333333333334,17.642857142857142,18.257142857142856,0.0,0.0,0.0,0.0,0.0,0.0,0.0
2022-10-29,23.8,13.7,18.3,0.0,7.6,20,10,302,4,17.0,17.0,18.8,17.3,17.600000000000005,17.65714285714286,18.12142857142857,0.0,0.0,0.0,0.0,0.0,0.0,0.0
2022-10-30,24.9,14.6,19.3,0.0,8.8,25,10,303,4,18.3,17.0,17.0,17.6,17.433333333333337,17.8,18.071428571428573,0.0,0.0,0.0,0.0,0.0,0.0,0.0
2022-10-31,23.2,12.4,17.7,0.0,15.1,32,10,304,4,19.3,18.3,17.0,17.6,18.200000000000006,18.042857142857144,18.07857142857143,0.0,0.0,0.0,0.0,0.0,0.0,0.0
2022-11-01,23.9,12.5,18.4,0.0,8.9,31,11,305,4,17.7,19.3,18.3,18.3,18.433333333333337,18.057142857142857,17.964285714285715,0.0,0.0,0.0,0.0,0.0,0.0,0.0
2022-11-02,25.4,11.0,18.3,0.0,12.7,34,11,306,4,18.4,17.7,19.3,18.8,18.466666666666672,18.071428571428573,17.900000000000002,0.0,0.0,0.0,0.0,0.0,0.0,0.0
2022-11-03,24.5,11.2,18.4,0.0,7.4,25,11,307,4,18.3,18.4,17.7,17.0,18.133333333333336,18.0,17.878571428571426,0.0,0.0,0.0,0.0,0.0,0.0,0.0
2022-11-04,23.9,11.4,17.5,0.0,10.2,26,11,308,4,18.4,18.3,18.4,17.0,18.36666666666667,18.2,17.92142857142857,0.0,0.0,0.0,0.0,0.0,0.0,0.0
2022-11-05,20.8,12.4,15.9,0.0,13.8,37,11,309,4,17.5,18.4,18.3,18.3,18.066666666666674,18.271428571428572,17.964285714285715,0.0,0.0,0.0,0.0,0.0,0.0,0.0
2022-11-06,19.3,9.1,13.4,3.5,15.9,60,11,310,4,15.9,17.5,18.4,19.3,17.26666666666667,17.928571428571427,17.864285714285714,0.0,0.0,0.0,0.0,0.0,0.0,0.0
2022-11-07,17.1,7.9,12.2,0.9,7.9,70,11,311,4,13.4,15.9,17.5,17.7,15.600000000000003,17.085714285714285,17.564285714285713,3.5,0.0,0.0,0.0,1.1666666666666643,0.5,0.25
2022-11-08,16.7,7.7,11.7,1.0,8.6,78,11,312,4,12.2,13.4,15.9,18.4,13.833333333333337,16.3,17.178571428571427,0.9,3.5,0.0,0.0,1.4666666666666643,0.6285714285714287,0.31428571428571433
2022-11-09,17.0,8.5,12.7,0.0,13.4,58,11,313,4,11.7,12.2,13.4,18.3,12.433333333333337,15.342857142857142,16.707142857142856,1.0,0.9,3.5,0.0,1.7999999999999978,0.7714285714285715,0.38571428571428573
2022-11-10,17.0,7.0,12.6,0.0,11.2,55,11,314,4,12.7,11.7,12.2,18.4,12.200000000000003,14.542857142857143,16.271428571428572,0.0,1.0,0.9,0.0,0.633333333333331,0.7714285714285715,0.38571428571428573
2022-11-11,17.5,9.3,13.0,0.0,15.1,49,11,315,4,12.6,12.7,11.7,17.5,12.333333333333337,13.714285714285714,15.957142857142857,0.0,0.0,1.0,0.0,0.333333333333331,0.7714285714285715,0.38571428571428573
2022-11-12,18.0,9.6,13.3,0.0,13.5,47,11,316,4,13.0,12.6,12.7,15.9,12.766666666666671,13.071428571428571,15.671428571428573,0.0,0.0,0.0,0.0,0.0,0.7714285714285715,0.38571428571428573
2022-11-13,15.9,7.3,11.5,1.7,15.0,59,11,317,4,13.3,13.0,12.6,13.4,12.96666666666667,12.700000000000001,15.314285714285715,0.0,0.0,0.0,3.5,0.0,0.7714285714285715,0.38571428571428573
2022-11-14,12.3,5.0,8.9,0.0,14.9,64,11,318,4,11.5,13.3,13.0,12.2,12.600000000000003,12.428571428571429,14.757142857142858,1.7,0.0,0.0,0.9,0.5666666666666643,0.5142857142857143,0.5071428571428571
2022-11-15,15.5,1.2,8.8,0.0,12.1,48,11,319,4,8.9,11.5,13.3,11.7,11.23333333333334,11.957142857142857,14.128571428571428,0.0,1.7,0.0,1.0,0.5666666666666643,0.38571428571428573,0.5071428571428571
2022-11-16,15.7,8.0,11.3,0.0,16.0,44,11,320,4,8.8,8.9,11.5,12.7,9.73333333333334,11.542857142857144,13.442857142857141,0.0,0.0,1.7,0.0,0.5666666666666643,0.24285714285714288,0.5071428571428571
2022-11-17,15.4,6.5,10.7,0.0,10.0,37,11,321,4,11.3,8.8,8.9,12.6,9.666666666666673,11.342857142857143,12.942857142857145,0.0,0.0,0.0,0.0,0.0,0.24285714285714288,0.5071428571428571
2022-11-18,19.7,9.2,13.6,0.0,8.3,29,11,322,4,10.7,11.3,8.8,13.0,10.266666666666671,11.071428571428571,12.392857142857142,0.0,0.0,0.0,0.0,0.0,0.24285714285714288,0.5071428571428571
2022-11-19,17.9,9.1,13.1,0.0,14.7,37,11,323,4,13.6,10.7,11.3,13.3,11.866666666666672,11.157142857142858,12.114285714285714,0.0,0.0,0.0,0.0,0.0,0.24285714285714288,0.5071428571428571
2022-11-20,15.3,8.3,11.1,0.0,10.5,43,11,324,4,13.1,13.6,10.7,11.5,12.46666666666667,11.128571428571428,11.914285714285713,0.0,0.0,0.0,1.7,0.0,0.24285714285714288,0.5071428571428571
2022-11-21,14.5,7.0,10.3,0.0,12.6,42,11,325,4,11.1,13.1,13.6,8.9,12.600000000000003,11.071428571428571,11.75,0.0,0.0,0.0,0.0,0.0,0.0,0.2571428571428572
2022-11-22,14.7,6.4,10.0,0.0,11.4,42,11,326,4,10.3,11.1,13.1,8.8,11.500000000000005,11.271428571428572,11.614285714285714,0.0,0.0,0.0,0.0,0.0,0.0,0.19285714285714287
2022-11-23,15.5,6.8,10.8,0.0,6.8,33,11,327,4,10.0,10.3,11.1,11.3,10.46666666666667,11.442857142857141,11.492857142857144,0.0,0.0,0.0,0.0,0.0,0.0,0.12142857142857144
2022-11-24,18.0,8.1,12.5,0.0,9.6,32,11,328,4,10.8,10.0,10.3,10.7,10.366666666666672,11.37142857142857,11.357142857142858,0.0,0.0,0.0,0.0,0.0,0.0,0.12142857142857144
2022-11-25,17.6,7.6,11.9,0.0,9.2,34,11,329,4,12.5,10.8,10.0,13.6,11.100000000000007,11.62857142857143,11.35,0.0,0.0,0.0,0.0,0.0,0.0,0.12142857142857144
2022-11-26,15.8,7.6,11.2,0.0,9.5,29,11,330,4,11.9,12.5,10.8,13.1,11.73333333333334,11.385714285714286,11.271428571428572,0.0,0.0,0.0,0.0,0.0,0.0,0.12142857142857144
2022-11-27,16.5,7.8,11.4,0.0,7.4,28,11,331,4,11.2,11.9,12.5,11.1,11.866666666666669,11.114285714285716,11.12142857142857,0.0,0.0,0.0,0.0,0.0,0.0,0.12142857142857144
2022-11-28,16.5,8.4,11.9,0.0,8.0,31,11,332,4,11.4,11.2,11.9,10.3,11.500000000000005,11.157142857142857,11.114285714285714,0.0,0.0,0.0,0.0,0.0,0.0,0.0
2022-11-29,16.6,8.3,11.8,0.0,8.2,33,11,333,4,11.9,11.4,11.2,10.0,11.500000000000005,11.385714285714286,11.328571428571431,0.0,0.0,0.0,0.0,0.0,0.0,0.0
2022-11-30,16.1,7.7,11.5,0.0,8.4,34,11,334,4,11.8,11.9,11.4,10.8,11.700000000000005,11.642857142857142,11.542857142857143,0.0,0.0,0.0,0.0,0.0,0.0,0.0
2022-12-01,16.3,8.9,11.8,0.0,10.0,33,12,335,1,11.5,11.8,11.9,12.5,11.73333333333334,11.742857142857144,11.557142857142855,0.0,0.0,0.0,0.0,0.0,0.0,0.0
2022-12-02,14.3,7.2,9.9,0.0,10.2,38,12,336,1,11.8,11.5,11.8,11.9,11.700000000000005,11.642857142857142,11.635714285714286,0.0,0.0,0.0,0.0,0.0,0.0,0.0
2022-12-03,13.8,5.2,8.9,0.0,8.9,44,12,337,1,9.9,11.8,11.5,11.2,11.066666666666672,11.357142857142858,11.371428571428572,0.0,0.0,0.0,0.0,0.0,0.0,0.0
2022-12-04,13.5,5.2,8.9,0.0,9.1,39,12,338,1,8.9,9.9,11.8,11.4,10.200000000000005,11.02857142857143,11.071428571428571,0.0,0.0,0.0,0.0,0.0,0.0,0.0
2022-12-05,14.1,6.2,9.5,0.0,9.8,37,12,339,1,8.9,8.9,9.9,11.9,9.23333333333334,10.671428571428573,10.914285714285713,0.0,0.0,0.0,0.0,0.0,0.0,0.0
2022-12-06,13.6,7.1,9.7,0.0,10.9,41,12,340,1,9.5,8.9,8.9,11.8,9.100000000000007,10.328571428571427,10.857142857142858,0.0,0.0,0.0,0.0,0.0,0.0,0.0
2022-12-07,15.6,7.0,10.5,0.0,11.9,44,12,341,1,9.7,9.5,8.9,11.5,9.366666666666672,10.028571428571428,10.835714285714287,0.0,0.0,0.0,0.0,0.0,0.0,0.0
2022-12-08,15.5,7.0,10.7,0.0,11.0,48,12,342,1,10.5,9.7,9.5,11.8,9.900000000000006,9.885714285714286,10.814285714285715,0.0,0.0,0.0,0.0,0.0,0.0,0.0
2022-12-09,12.4,6.2,8.8,0.0,11.9,56,12,343,1,10.7,10.5,9.7,9.9,10.300000000000004,9.72857142857143,10.685714285714285,0.0,0.0,0.0,0.0,0.0,0.0,0.0
2022-12-10,12.1,5.2,8.0,0.0,10.1,55,12,344,1,8.8,10.7,10.5,8.9,10.000000000000005,9.571428571428571,10.464285714285714,0.0,0.0,0.0,0.0,0.0,0.0,0.0
2022-12-11,13.1,4.2,8.5,0.4,10.0,53,12,345,1,8.0,8.8,10.7,8.9,9.166666666666671,9.442857142857141,10.235714285714286,0.0,0.0,0.0,0.0,0.0,0.0,0.0
2022-12-12,11.2,3.7,7.2,1.2,13.3,69,12,346,1,8.5,8.0,8.8,9.5,8.433333333333339,9.385714285714286,10.028571428571428,0.4,0.0,0.0,0.0,0.13333333333333097,0.057142857142857176,0.028571428571428588
2022-12-13,12.4,3.3,6.7,0.0,7.1,54,12,347,1,7.2,8.5,8.0,9.7,7.900000000000005,9.057142857142857,9.692857142857141,1.2,0.4,0.0,0.0,0.533333333333331,0.2285714285714286,0.1142857142857143
2022-12-14,12.7,5.5,8.6,0.0,8.7,31,12,348,1,6.7,7.2,8.5,10.5,7.466666666666671,8.628571428571428,9.328571428571431,0.0,1.2,0.4,0.0,0.5333333333333309,0.22857142857142862,0.11428571428571431
2022-12-15,13.7,5.9,9.1,0.0,7.7,27,12,349,1,8.6,6.7,7.2,10.7,7.500000000000004,8.357142857142858,9.121428571428572,0.0,0.0,1.2,0.0,0.3999999999999975,0.22857142857142862,0.11428571428571431
2022-12-16,13.8,6.4,9.7,0.0,8.0,30,12,350,1,9.1,8.6,6.7,8.8,8.133333333333338,8.12857142857143,8.928571428571429,0.0,0.0,0.0,0.0,0.0,0.22857142857142862,0.11428571428571431
2022-12-17,17.3,7.0,11.2,0.0,5.8,35,12,351,1,9.7,9.1,8.6,8.0,9.133333333333338,8.257142857142856,8.914285714285715,0.0,0.0,0.0,0.0,0.0,0.22857142857142862,0.11428571428571431
2022-12-18,13.0,6.3,8.7,0.0,11.5,42,12,352,1,11.2,9.7,9.1,8.5,10.000000000000005,8.714285714285714,9.078571428571427,0.0,0.0,0.0,0.4,0.0,0.22857142857142862,0.11428571428571431
2022-12-19,11.1,4.4,7.0,0.0,11.7,48,12,353,1,8.7,11.2,9.7,7.2,9.866666666666669,8.742857142857142,9.064285714285713,0.0,0.0,0.0,1.2,0.0,0.17142857142857146,0.11428571428571431
2022-12-20,9.7,3.4,6.0,0.0,10.9,54,12,354,1,7.0,8.7,11.2,6.7,8.96666666666667,8.714285714285714,8.885714285714284,0.0,0.0,0.0,0.0,0.0,0.0,0.11428571428571431
2022-12-21,10.0,2.5,5.8,0.0,9.2,49,12,355,1,6.0,7.0,8.7,8.6,7.233333333333338,8.614285714285714,8.621428571428572,0.0,0.0,0.0,0.0,0.0,0.0,0.11428571428571431
2022-12-22,9.8,2.9,5.5,0.0,10.8,48,12,356,1,5.8,6.0,7.0,9.1,6.266666666666672,8.214285714285714,8.285714285714286,0.0,0.0,0.0,0.0,0.0,0.0,0.11428571428571431
2022-12-23,7.8,0.8,3.8,0.0,12.5,50,12,357,1,5.5,5.8,6.0,9.7,5.766666666666672,7.699999999999998,7.914285714285714,0.0,0.0,0.0,0.0,0.0,0.0,0.11428571428571431
2022-12-24,9.7,0.8,4.6,0.0,6.5,45,12,358,1,3.8,5.5,5.8,11.2,5.033333333333338,6.857142857142857,7.557142857142857,0.0,0.0,0.0,0.0,0.0,0.0,0.11428571428571431
2022-12-25,12.9,1.5,7.2,0.0,8.4,36,12,359,1,4.6,3.8,5.5,8.7,4.633333333333338,5.914285714285713,7.314285714285715,0.0,0.0,0.0,0.0,0.0,0.0,0.11428571428571431
2022-12-26,13.2,3.6,8.2,0.0,8.5,40,12,360,1,7.2,4.6,3.8,7.0,5.200000000000004,5.7,7.221428571428572,0.0,0.0,0.0,0.0,0.0,0.0,0.08571428571428573
2022-12-27,11.7,4.3,7.7,1.5,9.7,68,12,361,1,8.2,7.2,4.6,6.0,6.666666666666671,5.871428571428571,7.292857142857143,0.0,0.0,0.0,0.0,0.0,0.0,0.0
2022-12-28,13.9,6.7,9.9,2.7,9.7,73,12,362,1,7.7,8.2,7.2,5.8,7.700000000000004,6.114285714285714,7.364285714285714,1.5,0.0,0.0,0.0,0.4999999999999976,0.21428571428571436,0.10714285714285718
2022-12-29,9.9,3.1,6.7,11.3,16.5,80,12,363,1,9.9,7.7,8.2,5.5,8.600000000000005,6.700000000000001,7.457142857142857,2.7,1.5,0.0,0.0,1.3999999999999977,0.6000000000000002,0.3000000000000001
2022-12-30,7.8,1.8,4.1,0.0,10.2,81,12,364,1,6.7,9.9,7.7,3.8,8.100000000000005,6.871428571428572,7.285714285714286,11.3,2.7,1.5,0.0,5.166666666666664,2.2142857142857144,1.1071428571428572
2022-12-31,9.0,2.3,4.6,0.0,10.1,69,12,365,1,4.1,6.7,9.9,4.6,6.900000000000006,6.914285714285714,6.885714285714286,0.0,11.3,2.7,0.0,4.666666666666664,2.2142857142857144,1.1071428571428572
2023-01-01,7.9,1.7,4.3,0.0,12.0,65,1,1,1,4.6,4.1,6.7,7.2,5.133333333333337,6.914285714285714,6.414285714285714,0.0,0.0,11.3,0.0,3.7666666666666644,2.2142857142857144,1.1071428571428572
2023-01-02,6.8,1.1,3.5,0.0,10.5,62,1,2,1,4.3,4.6,4.1,8.2,4.333333333333338,6.5,6.1000000000000005,0.0,0.0,0.0,0.0,0.0,2.2142857142857144,1.1071428571428572
2023-01-03,7.0,0.5,3.0,0.0,8.9,62,1,3,1,3.5,4.3,4.6,7.7,4.133333333333337,5.828571428571428,5.8500000000000005,0.0,0.0,0.0,1.5,0.0,2.2142857142857144,1.1071428571428572
2023-01-04,7.8,0.1,3.2,0.0,6.5,61,1,4,1,3.0,3.5,4.3,9.9,3.600000000000005,5.1571428571428575,5.635714285714286,0.0,0.0,0.0,2.7,0.0,2.0000000000000004,1.1071428571428572
2023-01-05,13.9,0.1,5.6,0.0,9.8,42,1,5,1,3.2,3.0,3.5,6.7,3.233333333333338,4.2,5.45,0.0,0.0,0.0,11.3,0.0,1.6142857142857143,1.1071428571428572
2023-01-06,13.4,2.0,7.0,0.0,9.0,40,1,6,1,5.6,3.2,3.0,4.1,3.9333333333333385,4.042857142857143,5.457142857142857,0.0,0.0,0.0,0.0,0.0,0.0,1.1071428571428572
2023-01-07,14.6,2.7,8.2,0.2,10.7,53,1,7,1,7.0,5.6,3.2,4.6,5.266666666666672,4.457142857142857,5.685714285714286,0.0,0.0,0.0,0.0,0.0,0.0,1.1071428571428572
2023-01-08,11.6,4.4,7.6,6.5,12.0,73,1,8,1,8.2,7.0,5.6,4.3,6.933333333333338,4.971428571428571,5.942857142857142,0.2,0.0,0.0,0.0,0.0666666666666643,0.028571428571428574,1.1214285714285714
2023-01-09,12.8,1.8,7.9,0.2,7.2,71,1,9,1,7.6,8.2,7.0,3.5,7.600000000000004,5.442857142857143,5.971428571428571,6.5,0.2,0.0,0.0,2.233333333333331,0.9571428571428572,1.5857142857142859
2023-01-10,14.4,1.9,7.9,0.3,13.1,61,1,10,1,7.9,7.6,8.2,3.0,7.900000000000005,6.071428571428571,5.950000000000001,0.2,6.5,0.2,0.0,2.2999999999999976,0.9857142857142858,1.6
2023-01-11,8.1,-2.3,4.3,19.5,16.2,84,1,11,1,7.9,7.9,7.6,3.2,7.800000000000004,6.771428571428571,5.964285714285714,0.3,0.2,6.5,0.0,2.333333333333331,1.0285714285714287,1.5142857142857145
2023-01-12,0.8,-7.0,-3.0,0.0,13.0,79,1,12,1,4.3,7.9,7.9,5.6,6.7000000000000055,6.928571428571429,5.564285714285714,19.5,0.3,0.2,0.0,6.666666666666664,3.814285714285714,2.7142857142857144
2023-01-13,-1.0,-9.0,-5.5,0.0,11.5,68,1,13,1,-3.0,4.3,7.9,7.0,3.0666666666666713,5.700000000000001,4.871428571428571,0.0,19.5,0.3,0.0,6.599999999999998,3.814285714285714,1.9071428571428573
2023-01-14,3.7,-6.2,-1.7,0.0,9.2,60,1,14,1,-5.5,-3.0,4.3,8.2,-1.3999999999999952,3.9142857142857146,4.185714285714286,0.0,0.0,19.5,0.2,6.499999999999997,3.814285714285714,1.9071428571428573
2023-01-15,4.1,-2.7,-0.2,0.0,9.5,54,1,15,1,-1.7,-5.5,-3.0,7.6,-3.399999999999995,2.5,3.7357142857142853,0.0,0.0,0.0,6.5,0.0,3.7857142857142856,1.9071428571428573
2023-01-16,7.3,-1.6,2.5,0.0,8.4,47,1,16,1,-0.2,-1.7,-5.5,7.9,-2.466666666666662,1.385714285714286,3.414285714285714,0.0,0.0,0.0,0.2,0.0,2.857142857142857,1.9071428571428573
2023-01-17,8.2,1.4,4.5,0.0,9.9,51,1,17,1,2.5,-0.2,-1.7,7.9,0.20000000000000476,0.6142857142857144,3.3428571428571425,0.0,0.0,0.0,0.3,0.0,2.8285714285714287,1.9071428571428573
2023-01-18,6.1,1.9,3.7,10.1,8.7,77,1,18,1,4.5,2.5,-0.2,4.3,2.2666666666666715,0.12857142857142861,3.4499999999999997,0.0,0.0,0.0,19.5,0.0,2.7857142857142856,1.9071428571428573
2023-01-19,5.9,1.8,3.8,4.6,7.6,90,1,19,1,3.7,4.5,2.5,-3.0,3.5666666666666713,0.04285714285714296,3.4857142857142853,10.1,0.0,0.0,0.0,3.366666666666664,1.4428571428571428,2.628571428571429
2023-01-20,3.5,0.1,1.4,0.7,12.8,89,1,20,1,3.8,3.7,4.5,-5.5,4.000000000000004,1.0142857142857145,3.357142857142857,4.6,10.1,0.0,0.0,4.899999999999998,2.1,2.9571428571428577
2023-01-21,2.6,-2.6,-0.0,0.0,8.0,78,1,21,1,1.4,3.8,3.7,-1.7,2.9666666666666717,2.0000000000000004,2.9571428571428577,0.7,4.6,10.1,0.0,5.13333333333333,2.1999999999999997,3.007142857142857
2023-01-22,2.4,-5.1,-1.6,0.0,10.7,72,1,22,1,-0.0,1.4,3.8,-0.2,1.7333333333333378,2.242857142857143,2.3714285714285714,0.0,0.7,4.6,0.0,1.7666666666666642,2.1999999999999997,2.992857142857143
2023-01-23,1.7,-4.9,-1.7,0.0,9.0,62,1,23,1,-1.6,-0.0,1.4,2.5,-0.06666666666666199,2.042857142857143,1.7142857142857142,0.0,0.0,0.7,0.0,0.23333333333333095,2.1999999999999997,2.5285714285714285
2023-01-24,1.3,-5.5,-2.2,0.0,14.5,61,1,24,1,-1.7,-1.6,-0.0,4.5,-1.0999999999999952,1.4428571428571428,1.0285714285714287,0.0,0.0,0.0,0.0,0.0,2.1999999999999997,2.5142857142857147
2023-01-25,1.7,-4.8,-1.9,0.0,11.2,72,1,25,1,-2.2,-1.7,-1.6,3.7,-1.8333333333333286,0.48571428571428565,0.3071428571428571,0.0,0.0,0.0,10.1,0.0,2.1999999999999997,2.492857142857143
2023-01-26,5.2,-3.6,0.1,0.0,8.1,56,1,26,1,-1.9,-2.2,-1.7,3.8,-1.9333333333333285,-0.3142857142857144,-0.1357142857142857,0.0,0.0,0.0,4.6,0.0,0.7571428571428571,1.1
2023-01-27,8.8,0.5,4.1,0.0,7.3,36,1,27,1,0.1,-1.9,-2.2,1.4,-1.3333333333333284,-0.8428571428571429,0.08571428571428573,0.0,0.0,0.0,0.7,0.0,0.09999999999999999,1.1
2023-01-28,8.2,1.9,4.6,1.4,7.6,66,1,28,1,4.1,0.1,-1.9,-0.0,0.7666666666666715,-0.4571428571428573,0.7714285714285715,0.0,0.0,0.0,0.0,0.0,0.0,1.1
2023-01-29,2.6,0.5,1.5,14.0,9.6,95,1,29,1,4.6,4.1,0.1,-1.6,2.9333333333333385,0.1999999999999998,1.2214285714285713,1.4,0.0,0.0,0.0,0.4666666666666643,0.19999999999999998,1.2000000000000004
2023-01-30,6.2,-2.1,1.5,0.0,6.9,73,1,30,1,1.5,4.6,4.1,-1.7,3.4000000000000044,0.6428571428571426,1.3428571428571427,14.0,1.4,0.0,0.0,5.133333333333331,2.2,2.2
2023-01-31,11.5,-0.3,5.0,0.0,8.2,53,1,31,1,1.5,1.5,4.6,-2.2,2.533333333333338,1.0999999999999999,1.2714285714285711,0.0,14.0,1.4,0.0,5.133333333333331,2.2,2.2
2023-02-01,13.8,1.5,7.0,0.0,10.9,58,2,32,1,5.0,1.5,1.5,-1.9,2.6666666666666714,2.1285714285714286,1.3071428571428572,0.0,0.0,14.0,0.0,4.666666666666664,2.2,2.2
2023-02-02,14.2,2.4,8.0,0.0,8.9,57,2,33,1,7.0,5.0,1.5,0.1,4.500000000000004,3.4,1.542857142857143,0.0,0.0,0.0,0.0,0.0,2.2,1.4785714285714289
2023-02-03,14.0,5.3,9.2,2.5,11.5,70,2,34,1,8.0,7.0,5.0,4.1,6.666666666666671,4.5285714285714285,1.842857142857143,0.0,0.0,0.0,0.0,0.0,2.2,1.1500000000000001
2023-02-04,14.3,5.7,9.9,0.0,8.4,65,2,35,1,9.2,8.0,7.0,4.6,8.066666666666672,5.257142857142857,2.4,2.5,0.0,0.0,1.4,0.8333333333333309,2.557142857142857,1.278571428571429
2023-02-05,15.0,4.0,9.2,3.2,15.0,67,2,36,1,9.9,9.2,8.0,1.5,9.033333333333339,6.014285714285714,3.107142857142857,0.0,2.5,0.0,14.0,0.8333333333333309,2.357142857142857,1.278571428571429
2023-02-06,11.2,5.4,7.8,0.0,13.0,49,2,37,1,9.2,9.9,9.2,1.5,9.433333333333337,7.114285714285714,3.878571428571429,3.2,0.0,2.5,0.0,1.8999999999999977,0.8142857142857143,1.5071428571428576
2023-02-07,14.0,6.3,9.3,0.0,7.9,37,2,38,1,7.8,9.2,9.9,5.0,8.96666666666667,8.014285714285714,4.557142857142857,0.0,3.2,0.0,0.0,1.0666666666666644,0.8142857142857143,1.5071428571428576
2023-02-08,16.3,5.7,10.5,0.5,9.0,50,2,39,1,9.3,7.8,9.2,7.0,8.766666666666671,8.628571428571428,5.378571428571428,0.0,0.0,3.2,0.0,1.0666666666666644,0.8142857142857143,1.5071428571428576
2023-02-09,15.3,7.1,10.4,0.7,19.7,56,2,40,1,10.5,9.3,7.8,8.0,9.200000000000005,9.128571428571428,6.264285714285714,0.5,0.0,0.0,0.0,0.1666666666666643,0.8857142857142858,1.5428571428571431
2023-02-10,10.4,2.2,6.1,0.0,13.9,41,2,41,1,10.4,10.5,9.3,9.2,10.066666666666672,9.471428571428572,7.0,0.7,0.5,0.0,2.5,0.39999999999999764,0.9857142857142858,1.5928571428571432
2023-02-11,6.8,0.2,3.3,0.0,16.8,50,2,42,1,6.1,10.4,10.5,9.9,9.000000000000005,9.028571428571428,7.142857142857143,0.0,0.7,0.5,0.0,0.39999999999999764,0.6285714285714287,1.5928571428571432
2023-02-12,10.6,-1.4,4.4,0.0,8.4,42,2,43,1,3.3,6.1,10.4,9.2,6.600000000000005,8.085714285714285,7.049999999999999,0.0,0.0,0.7,3.2,0.23333333333333095,0.6285714285714287,1.492857142857143
2023-02-13,17.3,4.1,11.2,0.0,11.9,35,2,44,1,4.4,3.3,6.1,7.8,4.600000000000005,7.4,7.257142857142857,0.0,0.0,0.0,0.0,0.0,0.17142857142857143,0.49285714285714316
2023-02-14,20.2,7.0,13.4,0.0,10.3,41,2,45,1,11.2,4.4,3.3,9.3,6.300000000000004,7.885714285714285,7.95,0.0,0.0,0.0,0.0,0.0,0.17142857142857143,0.49285714285714316
2023-02-15,23.3,7.4,15.3,0.0,11.5,34,2,46,1,13.4,11.2,4.4,10.5,9.666666666666671,8.471428571428572,8.549999999999999,0.0,0.0,0.0,0.5,0.0,0.17142857142857143,0.49285714285714316
2023-02-16,23.5,9.8,16.7,0.0,9.8,18,2,47,1,15.3,13.4,11.2,10.4,13.300000000000006,9.157142857142857,9.142857142857142,0.0,0.0,0.0,0.7,0.0,0.09999999999999999,0.49285714285714316
2023-02-17,22.7,9.4,16.5,0.0,9.5,21,2,48,1,16.7,15.3,13.4,6.1,15.13333333333334,10.057142857142859,9.764285714285714,0.0,0.0,0.0,0.0,0.0,0.0,0.49285714285714316
2023-02-18,21.8,9.6,15.6,0.0,13.7,25,2,49,1,16.5,16.7,15.3,3.3,16.16666666666667,11.542857142857144,10.285714285714286,0.0,0.0,0.0,0.0,0.0,0.0,0.31428571428571456
2023-02-19,20.1,9.6,14.8,0.0,10.6,30,2,50,1,15.6,16.5,16.7,4.4,16.26666666666667,13.299999999999999,10.692857142857141,0.0,0.0,0.0,0.0,0.0,0.0,0.31428571428571456
2023-02-20,16.8,8.9,12.8,0.0,16.6,34,2,51,1,14.8,15.6,16.5,11.2,15.63333333333334,14.785714285714286,11.092857142857143,0.0,0.0,0.0,0.0,0.0,0.0,0.08571428571428596
2023-02-21,17.5,5.8,11.6,0.0,9.4,19,2,52,1,12.8,14.8,15.6,13.4,14.400000000000006,15.014285714285714,11.450000000000001,0.0,0.0,0.0,0.0,0.0,0.0,0.08571428571428596
2023-02-22,19.9,6.7,12.9,0.0,15.0,21,2,53,1,11.6,12.8,14.8,15.3,13.066666666666672,14.757142857142856,11.614285714285714,0.0,0.0,0.0,0.0,0.0,0.0,0.08571428571428596
2023-02-23,19.3,5.3,13.2,0.0,13.7,29,2,54,1,12.9,11.6,12.8,16.7,12.433333333333339,14.414285714285713,11.785714285714286,0.0,0.0,0.0,0.0,0.0,0.0,0.05000000000000025
2023-02-24,20.3,5.5,13.2,0.1,12.2,47,2,55,1,13.2,12.9,11.6,16.5,12.566666666666672,13.914285714285713,11.985714285714286,0.0,0.0,0.0,0.0,0.0,0.0,0.0
2023-02-25,19.7,7.3,13.8,0.1,15.2,42,2,56,1,13.2,13.2,12.9,15.6,13.100000000000007,13.442857142857145,12.492857142857142,0.1,0.0,0.0,0.0,0.03333333333333097,0.014285714285714287,0.007142857142857397
2023-02-26,21.0,9.6,15.6,0.0,16.3,26,2,57,1,13.8,13.2,13.2,14.8,13.400000000000006,13.185714285714285,13.242857142857144,0.1,0.1,0.0,0.0,0.0666666666666643,0.028571428571428574,0.01428571428571454
2023-02-27,19.7,10.2,15.3,0.0,11.9,27,2,58,1,15.6,13.8,13.2,12.8,14.200000000000005,13.299999999999999,14.042857142857143,0.0,0.1,0.1,0.0,0.0666666666666643,0.028571428571428574,0.01428571428571454
2023-02-28,16.6,8.3,11.7,2.4,16.6,44,2,59,1,15.3,15.6,13.8,11.6,14.900000000000006,13.657142857142858,14.335714285714287,0.0,0.0,0.1,0.0,0.03333333333333097,0.028571428571428574,0.01428571428571454
2023-03-01,14.9,6.7,10.4,10.7,12.2,67,3,60,2,11.7,15.3,15.6,12.9,14.200000000000005,13.671428571428569,14.214285714285714,2.4,0.0,0.0,0.0,0.7999999999999976,0.37142857142857144,0.18571428571428597
2023-03-02,15.7,8.0,11.3,1.3,12.4,69,3,61,2,10.4,11.7,15.3,13.2,12.466666666666674,13.314285714285715,13.864285714285714,10.7,2.4,0.0,0.0,4.3666666666666645,1.9,0.9500000000000002
2023-03-03,13.9,7.5,10.7,8.0,7.6,80,3,62,2,11.3,10.4,11.7,13.2,11.13333333333334,13.042857142857143,13.47857142857143,1.3,10.7,2.4,0.1,4.799999999999998,2.085714285714286,1.0428571428571431
2023-03-04,14.4,5.8,9.9,3.3,12.0,79,3,63,2,10.7,11.3,10.4,13.8,10.800000000000006,12.685714285714285,13.064285714285715,8.0,1.3,10.7,0.1,6.666666666666664,3.2142857142857144,1.6142857142857143
2023-03-05,16.7,6.7,11.9,0.1,6.4,62,3,64,2,9.9,10.7,11.3,15.6,10.63333333333334,12.12857142857143,12.657142857142858,3.3,8.0,1.3,0.0,4.1999999999999975,3.671428571428571,1.85
2023-03-06,16.0,9.4,12.6,1.3,13.4,55,3,65,2,11.9,9.9,10.7,15.3,10.833333333333337,11.6,12.450000000000001,0.1,3.3,8.0,0.0,3.799999999999997,3.6857142857142855,1.8571428571428574
2023-03-07,17.6,8.3,13.5,0.0,8.2,48,3,66,2,12.6,11.9,9.9,11.7,11.466666666666674,11.214285714285714,12.435714285714285,1.3,0.1,3.3,2.4,1.5666666666666644,3.871428571428571,1.95
2023-03-08,19.7,8.1,14.4,0.0,10.8,44,3,67,2,13.5,12.6,11.9,10.4,12.666666666666671,11.471428571428573,12.571428571428571,0.0,1.3,0.1,10.7,0.46666666666666434,3.5285714285714285,1.95
2023-03-09,20.7,7.7,15.0,0.0,7.4,41,3,68,2,14.4,13.5,12.6,11.3,13.500000000000007,12.042857142857143,12.678571428571429,0.0,0.0,1.3,1.3,0.43333333333333096,2.0,1.95
2023-03-10,21.6,8.3,15.4,0.0,7.9,45,3,69,2,15.0,14.4,13.5,10.7,14.300000000000006,12.571428571428571,12.807142857142859,0.0,0.0,0.0,8.0,0.0,1.8142857142857143,1.95
2023-03-11,21.6,12.3,16.7,0.0,10.5,40,3,70,2,15.4,15.0,14.4,9.9,14.933333333333339,13.242857142857144,12.964285714285714,0.0,0.0,0.0,3.3,0.0,0.6714285714285715,1.9428571428571428
2023-03-12,20.8,10.3,15.1,0.8,16.2,52,3,71,2,16.7,15.4,15.0,11.9,15.700000000000008,14.214285714285714,13.171428571428573,0.0,0.0,0.0,0.1,0.0,0.2,1.9357142857142857
2023-03-13,21.8,8.8,16.0,0.0,9.7,42,3,72,2,15.1,16.7,15.4,12.6,15.73333333333334,14.671428571428573,13.135714285714286,0.8,0.0,0.0,1.3,0.26666666666666433,0.3,1.992857142857143
2023-03-14,22.6,9.5,16.6,0.0,10.2,35,3,73,2,16.0,15.1,16.7,13.5,15.933333333333337,15.157142857142857,13.185714285714285,0.0,0.8,0.0,0.0,0.26666666666666433,0.1142857142857143,1.992857142857143
2023-03-15,23.1,10.1,17.4,0.0,11.7,30,3,74,2,16.6,16.0,15.1,14.4,15.900000000000006,15.599999999999998,13.535714285714286,0.0,0.0,0.8,0.0,0.26666666666666433,0.1142857142857143,1.8214285714285714
2023-03-16,19.5,10.9,15.8,0.0,11.1,40,3,75,2,17.4,16.6,16.0,15.0,16.66666666666667,16.02857142857143,14.035714285714286,0.0,0.0,0.0,0.0,0.0,0.1142857142857143,1.0571428571428574
2023-03-17,19.4,8.3,13.8,0.6,15.3,59,3,76,2,15.8,17.4,16.6,15.4,16.600000000000005,16.142857142857142,14.357142857142858,0.0,0.0,0.0,0.0,0.0,0.1142857142857143,0.9642857142857145
2023-03-18,17.0,7.3,11.8,11.9,12.8,78,3,77,2,13.8,15.8,17.4,16.7,15.666666666666671,15.914285714285715,14.578571428571427,0.6,0.0,0.0,0.0,0.19999999999999762,0.19999999999999998,0.43571428571428594
2023-03-19,18.9,9.2,13.7,0.0,12.8,55,3,78,2,11.8,13.8,15.8,15.1,13.800000000000006,15.214285714285714,14.714285714285714,11.9,0.6,0.0,0.8,4.166666666666664,1.9000000000000001,1.0500000000000003
2023-03-20,19.5,10.0,14.7,0.0,9.3,36,3,79,2,13.7,11.8,13.8,16.0,13.100000000000003,15.014285714285714,14.842857142857142,0.0,11.9,0.6,0.0,4.166666666666664,1.7857142857142858,1.0428571428571431
2023-03-21,20.0,8.4,13.9,0.5,16.1,47,3,80,2,14.7,13.7,11.8,16.6,13.400000000000006,14.828571428571427,14.992857142857144,0.0,0.0,11.9,0.0,3.9666666666666646,1.7857142857142858,0.9500000000000003
2023-03-22,14.1,8.9,11.7,7.1,12.3,68,3,81,2,13.9,14.7,13.7,17.4,14.100000000000003,14.442857142857141,15.02142857142857,0.5,0.0,0.0,0.0,0.1666666666666643,1.8571428571428572,0.985714285714286
2023-03-23,15.1,6.7,10.6,16.9,15.5,78,3,82,2,11.7,13.9,14.7,15.8,13.433333333333337,13.62857142857143,14.828571428571427,7.1,0.5,0.0,0.0,2.533333333333331,2.8714285714285714,1.4928571428571433
2023-03-24,10.8,5.2,8.1,3.8,14.4,78,3,83,2,10.6,11.7,13.9,13.8,12.066666666666672,12.885714285714286,14.514285714285714,16.9,7.1,0.5,0.6,8.166666666666664,5.285714285714286,2.7
2023-03-25,13.6,5.4,9.4,0.0,11.6,72,3,84,2,8.1,10.6,11.7,11.8,10.133333333333338,12.071428571428571,13.992857142857144,3.8,16.9,7.1,11.9,9.266666666666664,5.742857142857142,2.9714285714285715
2023-03-26,16.7,5.8,11.5,0.2,10.6,63,3,85,2,9.4,8.1,10.6,13.7,9.36666666666667,11.728571428571428,13.471428571428572,0.0,3.8,16.9,0.0,6.899999999999999,4.042857142857143,2.9714285714285715
2023-03-27,18.6,7.7,13.5,0.0,11.5,49,3,86,2,11.5,9.4,8.1,14.7,9.666666666666671,11.414285714285715,13.214285714285714,0.2,0.0,3.8,0.0,1.3333333333333321,4.071428571428571,2.9285714285714293
2023-03-28,19.3,8.9,14.2,2.6,12.8,50,3,87,2,13.5,11.5,9.4,13.9,11.46666666666667,11.242857142857144,13.035714285714286,0.0,0.2,0.0,0.5,0.06666666666666549,4.071428571428571,2.9285714285714293
2023-03-29,14.3,9.1,11.2,17.9,9.9,80,3,88,2,14.2,13.5,11.5,11.7,13.066666666666672,11.285714285714286,12.864285714285714,2.6,0.0,0.2,7.1,0.9333333333333322,4.371428571428572,3.1142857142857148
2023-03-30,14.2,8.5,10.8,7.9,9.1,83,3,89,2,11.2,14.2,13.5,10.6,12.96666666666667,11.214285714285714,12.421428571428573,17.9,2.6,0.0,16.9,6.833333333333332,5.914285714285714,4.392857142857143
2023-03-31,16.0,6.6,11.6,2.4,14.4,80,3,90,2,10.8,11.2,14.2,8.1,12.066666666666672,11.242857142857144,12.064285714285713,7.9,17.9,2.6,3.8,9.466666666666667,4.628571428571428,4.957142857142857
2023-04-01,18.5,7.1,12.7,0.2,8.1,70,4,91,2,11.6,10.8,11.2,9.4,11.200000000000005,11.742857142857144,11.907142857142858,2.4,7.9,17.9,0.0,9.399999999999999,4.428571428571429,5.085714285714286
2023-04-02,20.3,8.3,13.3,1.0,16.1,73,4,92,2,12.7,11.6,10.8,11.5,11.700000000000005,12.214285714285714,11.971428571428572,0.2,2.4,7.9,0.2,3.4999999999999987,4.457142857142857,4.250000000000001
2023-04-03,19.1,7.1,13.4,1.0,13.6,57,4,93,2,13.3,12.7,11.6,13.5,12.533333333333339,12.471428571428572,11.942857142857145,1.0,0.2,2.4,0.0,1.1999999999999986,4.571428571428571,4.321428571428571
2023-04-04,18.7,9.0,13.8,0.0,10.5,38,4,94,2,13.4,13.3,12.7,14.2,13.133333333333338,12.457142857142857,11.849999999999998,1.0,1.0,0.2,2.6,0.7333333333333322,4.714285714285714,4.392857142857143
2023-04-05,17.9,7.7,12.9,0.2,12.2,58,4,95,2,13.8,13.4,13.3,11.2,13.500000000000005,12.4,11.842857142857143,0.0,1.0,1.0,17.9,0.6666666666666655,4.3428571428571425,4.357142857142857
2023-04-06,20.2,6.8,14.3,0.0,14.0,38,4,96,2,12.9,13.8,13.4,10.8,13.366666666666672,12.642857142857142,11.928571428571429,0.2,0.0,1.0,7.9,0.3999999999999988,1.8142857142857145,3.8642857142857148
2023-04-07,20.5,7.6,14.1,0.2,12.3,60,4,97,2,14.3,12.9,13.8,11.6,13.666666666666671,13.142857142857142,12.192857142857141,0.0,0.2,0.0,2.4,0.06666666666666549,0.6857142857142857,2.657142857142858
2023-04-08,21.9,9.3,15.9,0.0,8.2,46,4,98,2,14.1,14.3,12.9,12.7,13.766666666666671,13.5,12.621428571428572,0.2,0.0,0.2,0.2,0.13333333333333217,0.37142857142857144,2.400000000000001
2023-04-09,23.2,11.7,17.6,0.1,9.4,34,4,99,2,15.9,14.1,14.3,13.3,14.766666666666673,13.957142857142857,13.085714285714285,0.0,0.2,0.0,1.0,0.06666666666666549,0.34285714285714286,2.400000000000001
2023-04-10,23.1,12.3,18.1,0.0,9.3,33,4,100,2,17.6,15.9,14.1,13.4,15.866666666666672,14.571428571428571,13.521428571428572,0.1,0.0,0.2,1.0,0.09999999999999883,0.21428571428571427,2.3928571428571432
2023-04-11,25.2,12.3,18.7,0.0,19.5,32,4,101,2,18.1,17.6,15.9,13.8,17.200000000000006,15.242857142857144,13.85,0.0,0.1,0.0,0.0,0.03333333333333215,0.07142857142857142,2.3928571428571432
2023-04-12,25.6,13.5,19.9,0.0,9.3,27,4,102,2,18.7,18.1,17.6,12.9,18.13333333333334,15.942857142857145,14.171428571428573,0.0,0.0,0.1,0.2,0.03333333333333215,0.07142857142857142,2.2071428571428577
2023-04-13,27.1,14.4,21.2,0.0,11.0,21,4,103,2,19.9,18.7,18.1,14.3,18.900000000000006,16.942857142857143,14.792857142857143,0.0,0.0,0.0,0.0,0.0,0.042857142857142864,0.928571428571429
2023-04-14,28.2,14.3,22.1,0.0,14.2,18,4,104,2,21.2,19.9,18.7,14.1,19.933333333333337,17.928571428571427,15.535714285714286,0.0,0.0,0.0,0.2,0.0,0.042857142857142864,0.36428571428571477
2023-04-15,28.5,14.5,21.1,1.7,15.1,28,4,105,2,22.1,21.2,19.9,15.9,21.06666666666667,19.071428571428573,16.285714285714285,0.0,0.0,0.0,0.0,0.0,0.014285714285714287,0.19285714285714337
2023-04-16,26.9,13.3,20.7,0.5,11.8,42,4,106,2,21.1,22.1,21.2,17.6,21.46666666666667,19.814285714285713,16.885714285714286,1.7,0.0,0.0,0.1,0.5666666666666654,0.2571428571428572,0.30000000000000043
2023-04-17,22.5,15.8,18.6,4.4,17.8,52,4,107,2,20.7,21.1,22.1,18.1,21.300000000000008,20.25714285714286,17.414285714285715,0.5,1.7,0.0,0.0,0.7333333333333322,0.31428571428571433,0.2642857142857148
2023-04-18,21.3,12.6,16.7,0.0,14.2,50,4,108,2,18.6,20.7,21.1,18.7,20.13333333333334,20.32857142857143,17.78571428571429,4.4,0.5,1.7,0.0,2.199999999999999,0.942857142857143,0.5071428571428577
2023-04-19,19.8,10.7,15.4,0.0,19.4,36,4,109,2,16.7,18.6,20.7,19.9,18.66666666666667,20.042857142857144,17.992857142857144,0.0,4.4,0.5,0.0,1.6333333333333322,0.942857142857143,0.5071428571428577
2023-04-20,20.1,10.6,15.6,0.0,18.6,16,4,110,2,15.4,16.7,18.6,21.2,16.900000000000002,19.400000000000002,18.17142857142857,0.0,0.0,4.4,0.0,1.4666666666666657,0.942857142857143,0.4928571428571434
2023-04-21,22.7,9.5,16.9,0.0,14.2,12,4,111,2,15.6,15.4,16.7,22.1,15.900000000000004,18.599999999999998,18.264285714285716,0.0,0.0,0.0,0.0,0.0,0.942857142857143,0.4928571428571434
2023-04-22,24.7,13.3,18.8,0.0,17.7,11,4,112,2,16.9,15.6,15.4,21.1,15.96666666666667,17.857142857142858,18.464285714285715,0.0,0.0,0.0,1.7,0.0,0.942857142857143,0.4785714285714291
2023-04-23,26.7,13.3,21.0,0.0,14.2,8,4,113,2,18.8,16.9,15.6,20.7,17.100000000000005,17.52857142857143,18.671428571428574,0.0,0.0,0.0,0.5,0.0,0.7000000000000001,0.4785714285714291
2023-04-24,27.3,11.3,20.4,0.0,14.5,16,4,114,2,21.0,18.8,16.9,18.6,18.900000000000006,17.571428571428573,18.914285714285715,0.0,0.0,0.0,4.4,0.0,0.6285714285714287,0.471428571428572
2023-04-25,26.0,12.0,20.0,0.0,12.7,26,4,115,2,20.4,21.0,18.8,16.7,20.066666666666674,17.82857142857143,19.07857142857143,0.0,0.0,0.0,0.0,0.0,0.0,0.471428571428572
2023-04-26,23.4,15.4,19.9,0.0,17.9,27,4,116,2,20.0,20.4,21.0,15.4,20.466666666666672,18.3,19.171428571428574,0.0,0.0,0.0,0.0,0.0,0.0,0.471428571428572
2023-04-27,24.7,14.9,19.8,0.0,13.3,26,4,117,2,19.9,20.0,20.4,15.6,20.100000000000005,18.942857142857143,19.17142857142857,0.0,0.0,0.0,0.0,0.0,0.0,0.471428571428572
2023-04-28,23.6,12.5,18.4,0.7,16.4,40,4,118,2,19.8,19.9,20.0,16.9,19.900000000000002,19.542857142857144,19.071428571428573,0.0,0.0,0.0,0.0,0.0,0.0,0.471428571428572
2023-04-29,21.4,10.7,16.2,2.2,19.2,62,4,119,2,18.4,19.8,19.9,18.8,19.36666666666667,19.757142857142856,18.807142857142857,0.7,0.0,0.0,0.0,0.23333333333333214,0.09999999999999999,0.521428571428572
2023-04-30,23.2,11.3,17.2,0.0,11.8,60,4,120,2,16.2,18.4,19.8,21.0,18.13333333333334,19.385714285714283,18.457142857142856,2.2,0.7,0.0,0.0,0.9666666666666656,0.4142857142857143,0.5571428571428577
2023-05-01,23.7,12.3,17.5,2.1,17.8,60,5,121,2,17.2,16.2,18.4,20.4,17.26666666666667,18.842857142857138,18.20714285714286,0.0,2.2,0.7,0.0,0.9666666666666656,0.4142857142857143,0.521428571428572
2023-05-02,25.1,11.9,18.5,0.6,13.1,54,5,122,2,17.5,17.2,16.2,20.0,16.966666666666672,18.428571428571427,18.128571428571426,2.1,0.0,2.2,0.0,1.4333333333333325,0.7142857142857143,0.35714285714285765
2023-05-03,26.9,11.2,19.0,0.0,13.8,58,5,123,2,18.5,17.5,17.2,19.9,17.733333333333338,18.214285714285715,18.257142857142856,0.6,2.1,0.0,0.0,0.8999999999999989,0.8,0.4000000000000005
2023-05-04,26.6,12.2,19.6,0.0,10.8,53,5,124,2,19.0,18.5,17.5,19.8,18.33333333333334,18.085714285714285,18.514285714285712,0.0,0.6,2.1,0.0,0.8999999999999989,0.8,0.4000000000000005
2023-05-05,23.4,14.3,18.0,3.1,21.3,57,5,125,2,19.6,19.0,18.5,18.4,19.03333333333334,18.057142857142857,18.8,0.0,0.0,0.6,0.7,0.19999999999999882,0.8,0.4000000000000005
2023-05-06,23.5,12.5,17.8,0.0,17.4,44,5,126,2,18.0,19.6,19.0,16.2,18.86666666666667,18.0,18.87857142857143,3.1,0.0,0.0,2.2,1.033333333333332,1.1428571428571428,0.621428571428572
2023-05-07,23.5,13.0,18.2,0.0,22.6,20,5,127,2,17.8,18.0,19.6,17.2,18.466666666666672,18.22857142857143,18.807142857142857,0.0,3.1,0.0,0.0,1.033333333333332,0.8285714285714286,0.621428571428572
2023-05-08,24.7,13.4,18.9,0.0,17.2,21,5,128,2,18.2,17.8,18.0,17.5,18.000000000000004,18.37142857142857,18.607142857142858,0.0,0.0,3.1,2.1,1.033333333333332,0.8285714285714286,0.621428571428572
2023-05-09,27.6,14.9,21.5,0.0,11.5,14,5,129,2,18.9,18.2,17.8,18.5,18.300000000000004,18.571428571428573,18.5,0.0,0.0,0.0,0.6,0.0,0.5285714285714286,0.621428571428572
2023-05-10,30.3,16.6,24.0,0.0,10.0,12,5,130,2,21.5,18.9,18.2,19.0,19.533333333333335,19.0,18.607142857142858,0.0,0.0,0.0,0.0,0.0,0.4428571428571429,0.621428571428572
2023-05-11,31.4,18.2,25.2,0.0,15.3,11,5,131,2,24.0,21.5,18.9,19.6,21.46666666666667,19.714285714285715,18.900000000000002,0.0,0.0,0.0,0.0,0.0,0.4428571428571429,0.621428571428572
2023-05-12,31.9,19.4,26.3,0.0,17.7,11,5,132,2,25.2,24.0,21.5,18.0,23.566666666666674,20.514285714285712,19.285714285714285,0.0,0.0,0.0,3.1,0.0,0.4428571428571429,0.621428571428572
2023-05-13,30.2,21.3,25.8,0.0,20.8,13,5,133,2,26.3,25.2,24.0,17.8,25.16666666666667,21.7,19.849999999999998,0.0,0.0,0.0,0.0,0.0,0.0,0.5714285714285721
2023-05-14,29.6,18.7,24.7,0.0,18.7,11,5,134,2,25.8,26.3,25.2,18.2,25.76666666666667,22.842857142857145,20.535714285714285,0.0,0.0,0.0,0.0,0.0,0.0,0.41428571428571487
2023-05-15,29.5,17.5,23.6,0.1,12.6,19,5,135,2,24.7,25.8,26.3,18.9,25.600000000000005,23.771428571428572,21.071428571428573,0.0,0.0,0.0,0.0,0.0,0.0,0.41428571428571487
2023-05-16,31.3,15.8,24.2,0.0,13.2,25,5,136,2,23.6,24.7,25.8,21.5,24.700000000000006,24.442857142857143,21.507142857142856,0.1,0.0,0.0,0.0,0.03333333333333215,0.014285714285714287,0.27142857142857196
2023-05-17,30.9,16.7,23.1,0.7,20.1,35,5,137,2,24.2,23.6,24.7,24.0,24.16666666666667,24.82857142857143,21.914285714285715,0.0,0.1,0.0,0.0,0.03333333333333215,0.014285714285714287,0.2285714285714291
2023-05-18,29.0,17.4,23.4,0.0,11.8,17,5,138,2,23.1,24.2,23.6,25.2,23.63333333333334,24.7,22.207142857142856,0.7,0.0,0.1,0.0,0.26666666666666544,0.11428571428571428,0.2785714285714291
2023-05-19,30.7,17.3,24.7,0.0,20.7,12,5,139,2,23.4,23.1,24.2,26.3,23.566666666666674,24.442857142857147,22.478571428571428,0.0,0.7,0.0,0.0,0.23333333333333214,0.11428571428571428,0.2785714285714291
2023-05-20,32.4,18.7,26.5,0.0,15.8,15,5,140,2,24.7,23.4,23.1,25.8,23.733333333333338,24.214285714285715,22.957142857142856,0.0,0.0,0.7,0.0,0.23333333333333214,0.11428571428571428,0.05714285714285765
2023-05-21,33.8,19.8,28.0,0.0,12.1,15,5,141,2,26.5,24.7,23.4,24.7,24.866666666666674,24.314285714285713,23.57857142857143,0.0,0.0,0.0,0.0,0.0,0.11428571428571428,0.05714285714285765
2023-05-22,33.8,20.3,27.3,0.0,16.5,21,5,142,2,28.0,26.5,24.7,23.6,26.400000000000006,24.785714285714285,24.27857142857143,0.0,0.0,0.0,0.1,0.0,0.11428571428571428,0.05714285714285765
2023-05-23,31.7,20.6,26.9,0.0,17.1,26,5,143,2,27.3,28.0,26.5,24.2,27.26666666666667,25.314285714285717,24.87857142857143,0.0,0.0,0.0,0.0,0.0,0.09999999999999999,0.05714285714285765
2023-05-24,30.1,21.2,26.0,0.0,18.7,21,5,144,2,26.9,27.3,28.0,23.1,27.400000000000006,25.699999999999996,25.264285714285712,0.0,0.0,0.0,0.7,0.0,0.09999999999999999,0.05714285714285765
2023-05-25,31.2,21.7,26.4,0.0,18.8,14,5,145,2,26.0,26.9,27.3,23.4,26.733333333333338,26.11428571428571,25.407142857142862,0.0,0.0,0.0,0.0,0.0,0.0,0.05714285714285765
2023-05-26,31.1,22.2,26.6,0.0,18.8,11,5,146,2,26.4,26.0,26.9,24.7,26.433333333333337,26.54285714285714,25.49285714285714,0.0,0.0,0.0,0.0,0.0,0.0,0.05714285714285765
2023-05-27,31.4,18.1,26.2,0.0,14.3,13,5,147,2,26.6,26.4,26.0,26.5,26.33333333333334,26.814285714285713,25.514285714285716,0.0,0.0,0.0,0.0,0.0,0.0,0.05714285714285765
2023-05-28,31.1,18.9,25.1,0.2,22.1,34,5,148,2,26.2,26.6,26.4,28.0,26.400000000000006,26.771428571428572,25.542857142857144,0.0,0.0,0.0,0.0,0.0,0.0,0.05714285714285765
2023-05-29,30.1,16.6,23.0,0.0,18.0,46,5,149,2,25.1,26.2,26.6,27.3,25.966666666666672,26.357142857142858,25.571428571428573,0.2,0.0,0.0,0.0,0.06666666666666549,0.028571428571428574,0.07142857142857194
2023-05-30,26.9,15.3,20.8,0.0,15.8,54,5,150,2,23.0,25.1,26.2,26.9,24.76666666666667,25.74285714285714,25.52857142857143,0.0,0.2,0.0,0.0,0.06666666666666549,0.028571428571428574,0.06428571428571479
2023-05-31,30.1,14.2,22.3,0.0,20.2,45,5,151,2,20.8,23.0,25.1,26.0,22.966666666666672,24.871428571428574,25.285714285714285,0.0,0.0,0.2,0.0,0.06666666666666549,0.028571428571428574,0.06428571428571479
2023-06-01,30.0,14.4,22.6,0.0,14.9,44,6,152,3,22.3,20.8,23.0,26.4,22.033333333333342,24.342857142857145,25.228571428571428,0.0,0.0,0.0,0.0,0.0,0.028571428571428574,0.014285714285714794
2023-06-02,31.8,14.9,24.2,0.0,14.7,37,6,153,3,22.6,22.3,20.8,26.6,21.900000000000006,23.800000000000004,25.171428571428574,0.0,0.0,0.0,0.0,0.0,0.028571428571428574,0.014285714285714794
2023-06-03,34.0,15.2,24.8,0.0,22.0,37,6,154,3,24.2,22.6,22.3,26.2,23.033333333333342,23.45714285714286,25.13571428571429,0.0,0.0,0.0,0.0,0.0,0.028571428571428574,0.014285714285714794
2023-06-04,32.6,16.3,24.7,0.0,19.6,45,6,155,3,24.8,24.2,22.6,25.1,23.866666666666674,23.25714285714286,25.014285714285712,0.0,0.0,0.0,0.2,0.0,0.028571428571428574,0.014285714285714794
2023-06-05,31.9,16.9,25.2,0.0,15.0,39,6,156,3,24.7,24.8,24.2,23.0,24.566666666666674,23.2,24.778571428571432,0.0,0.0,0.0,0.0,0.0,0.0,0.014285714285714794
2023-06-06,33.1,17.3,26.3,0.0,19.3,28,6,157,3,25.2,24.7,24.8,20.8,24.900000000000006,23.514285714285712,24.62857142857143,0.0,0.0,0.0,0.0,0.0,0.0,0.014285714285714794
2023-06-07,33.6,16.7,26.4,0.0,13.2,33,6,158,3,26.3,25.2,24.7,22.3,25.400000000000006,24.3,24.585714285714285,0.0,0.0,0.0,0.0,0.0,0.0,0.014285714285714794
2023-06-08,34.4,17.9,27.3,0.0,13.5,33,6,159,3,26.4,26.3,25.2,22.6,25.96666666666667,24.88571428571429,24.61428571428571,0.0,0.0,0.0,0.0,0.0,0.0,0.014285714285714794
2023-06-09,34.8,19.2,28.3,0.0,15.5,24,6,160,3,27.3,26.4,26.3,24.2,26.66666666666667,25.557142857142857,24.678571428571427,0.0,0.0,0.0,0.0,0.0,0.0,0.014285714285714794
2023-06-10,33.3,23.6,29.0,0.0,18.4,17,6,161,3,28.3,27.3,26.4,24.8,27.33333333333334,26.142857142857142,24.8,0.0,0.0,0.0,0.0,0.0,0.0,0.014285714285714794
2023-06-11,31.8,22.2,27.5,0.0,15.0,19,6,162,3,29.0,28.3,27.3,24.7,28.200000000000003,26.74285714285714,25.0,0.0,0.0,0.0,0.0,0.0,0.0,0.014285714285714794
2023-06-12,33.4,19.5,27.2,0.0,10.9,17,6,163,3,27.5,29.0,28.3,25.2,28.26666666666667,27.142857142857142,25.17142857142857,0.0,0.0,0.0,0.0,0.0,0.0,0.0
2023-06-13,33.5,19.2,26.9,0.0,16.8,39,6,164,3,27.2,27.5,29.0,26.3,27.900000000000006,27.428571428571427,25.471428571428568,0.0,0.0,0.0,0.0,0.0,0.0,0.0
2023-06-14,33.9,19.6,26.6,0.0,17.7,43,6,165,3,26.9,27.2,27.5,26.4,27.200000000000006,27.514285714285712,25.907142857142862,0.0,0.0,0.0,0.0,0.0,0.0,0.0
2023-06-15,33.0,19.5,25.6,0.0,20.8,55,6,166,3,26.6,26.9,27.2,27.3,26.900000000000006,27.54285714285714,26.214285714285715,0.0,0.0,0.0,0.0,0.0,0.0,0.0
2023-06-16,33.7,19.3,26.0,0.0,17.1,48,6,167,3,25.6,26.6,26.9,28.3,26.366666666666674,27.300000000000004,26.428571428571427,0.0,0.0,0.0,0.0,0.0,0.0,0.0
2023-06-17,33.9,19.4,27.0,0.0,13.8,46,6,168,3,26.0,25.6,26.6,29.0,26.066666666666674,26.97142857142857,26.557142857142857,0.0,0.0,0.0,0.0,0.0,0.0,0.0
2023-06-18,35.7,20.5,28.9,0.0,14.3,34,6,169,3,27.0,26.0,25.6,27.5,26.200000000000006,26.685714285714287,26.714285714285715,0.0,0.0,0.0,0.0,0.0,0.0,0.0
2023-06-19,37.3,21.1,29.7,0.0,18.6,33,6,170,3,28.9,27.0,26.0,27.2,27.3,26.885714285714283,27.014285714285712,0.0,0.0,0.0,0.0,0.0,0.0,0.0
2023-06-20,37.1,21.3,30.0,0.0,14.2,37,6,171,3,29.7,28.9,27.0,26.9,28.533333333333335,27.242857142857144,27.335714285714285,0.0,0.0,0.0,0.0,0.0,0.0,0.0
2023-06-21,37.5,21.5,29.7,0.0,17.0,42,6,172,3,30.0,29.7,28.9,26.6,29.533333333333335,27.685714285714287,27.599999999999998,0.0,0.0,0.0,0.0,0.0,0.0,0.0
2023-06-22,39.5,22.3,30.6,0.0,19.2,44,6,173,3,29.7,30.0,29.7,25.6,29.8,28.12857142857143,27.83571428571429,0.0,0.0,0.0,0.0,0.0,0.0,0.0
2023-06-23,38.5,23.4,31.4,0.0,19.9,43,6,174,3,30.6,29.7,30.0,26.0,30.100000000000005,28.842857142857145,28.071428571428573,0.0,0.0,0.0,0.0,0.0,0.0,0.0
2023-06-24,38.7,23.8,31.1,0.0,19.7,45,6,175,3,31.4,30.6,29.7,27.0,30.566666666666674,29.61428571428571,28.292857142857144,0.0,0.0,0.0,0.0,0.0,0.0,0.0
2023-06-25,36.9,24.3,29.9,0.5,18.1,46,6,176,3,31.1,31.4,30.6,28.9,31.033333333333342,30.2,28.442857142857143,0.0,0.0,0.0,0.0,0.0,0.0,0.0
2023-06-26,32.9,22.3,27.7,2.2,15.8,55,6,177,3,29.9,31.1,31.4,29.7,30.8,30.342857142857145,28.614285714285717,0.5,0.0,0.0,0.0,0.1666666666666655,0.07142857142857142,0.03571428571428622
2023-06-27,35.2,21.3,27.9,0.0,16.1,52,6,178,3,27.7,29.9,31.1,30.0,29.566666666666674,30.057142857142853,28.650000000000002,2.2,0.5,0.0,0.0,0.8999999999999989,0.38571428571428573,0.19285714285714337
2023-06-28,35.1,20.3,28.2,0.0,14.6,45,6,179,3,27.9,27.7,29.9,29.7,28.500000000000004,29.757142857142856,28.72142857142857,0.0,2.2,0.5,0.0,0.8999999999999989,0.38571428571428573,0.19285714285714337
2023-06-29,35.8,21.3,28.1,0.0,19.3,46,6,180,3,28.2,27.9,27.7,30.6,27.933333333333337,29.542857142857144,28.835714285714285,0.0,0.0,2.2,0.0,0.7333333333333322,0.38571428571428573,0.19285714285714337
2023-06-30,35.9,20.4,28.4,0.0,14.8,42,6,181,3,28.1,28.2,27.9,31.4,28.066666666666674,29.185714285714287,29.014285714285712,0.0,0.0,0.0,0.0,0.0,0.38571428571428573,0.19285714285714337
2023-07-01,36.5,21.3,28.9,0.0,15.3,42,7,182,3,28.4,28.1,28.2,31.1,28.233333333333338,28.75714285714286,29.185714285714283,0.0,0.0,0.0,0.0,0.0,0.38571428571428573,0.19285714285714337
2023-07-02,38.3,21.3,29.4,0.0,27.1,46,7,183,3,28.9,28.4,28.1,29.9,28.46666666666667,28.442857142857143,29.321428571428573,0.0,0.0,0.0,0.5,0.0,0.38571428571428573,0.19285714285714337
2023-07-03,38.3,21.9,30.7,0.0,18.3,43,7,184,3,29.4,28.9,28.4,27.7,28.900000000000006,28.37142857142857,29.357142857142858,0.0,0.0,0.0,2.2,0.0,0.31428571428571433,0.19285714285714337
2023-07-04,39.0,22.2,30.8,0.0,30.9,34,7,185,3,30.7,29.4,28.9,27.9,29.66666666666667,28.8,29.428571428571427,0.0,0.0,0.0,0.0,0.0,0.0,0.19285714285714337
2023-07-05,33.4,22.1,28.3,0.0,14.1,17,7,186,3,30.8,30.7,29.4,28.2,30.3,29.214285714285715,29.485714285714288,0.0,0.0,0.0,0.0,0.0,0.0,0.19285714285714337
2023-07-06,33.1,21.0,26.5,0.0,20.2,54,7,187,3,28.3,30.8,30.7,28.1,29.933333333333337,29.22857142857143,29.38571428571429,0.0,0.0,0.0,0.0,0.0,0.0,0.19285714285714337
2023-07-07,32.2,19.7,25.5,0.0,19.6,55,7,188,3,26.5,28.3,30.8,28.4,28.533333333333335,29.0,29.092857142857145,0.0,0.0,0.0,0.0,0.0,0.0,0.19285714285714337
2023-07-08,32.1,19.8,25.4,0.0,16.8,51,7,189,3,25.5,26.5,28.3,28.9,26.76666666666667,28.58571428571429,28.67142857142857,0.0,0.0,0.0,0.0,0.0,0.0,0.19285714285714337
2023-07-09,33.6,19.0,26.8,0.0,19.7,36,7,190,3,25.4,25.5,26.5,29.4,25.800000000000008,28.085714285714285,28.264285714285712,0.0,0.0,0.0,0.0,0.0,0.0,0.19285714285714337
2023-07-10,32.4,19.4,26.5,0.0,18.3,44,7,191,3,26.8,25.4,25.5,30.7,25.900000000000006,27.714285714285715,28.04285714285714,0.0,0.0,0.0,0.0,0.0,0.0,0.15714285714285767
2023-07-11,34.4,20.0,27.5,0.0,18.1,42,7,192,3,26.5,26.8,25.4,30.8,26.233333333333338,27.114285714285717,27.957142857142856,0.0,0.0,0.0,0.0,0.0,0.0,0.0
2023-07-12,36.6,20.7,29.1,0.0,15.3,33,7,193,3,27.5,26.5,26.8,28.3,26.933333333333337,26.642857142857142,27.928571428571427,0.0,0.0,0.0,0.0,0.0,0.0,0.0
2023-07-13,36.8,20.7,29.1,0.0,14.5,40,7,194,3,29.1,27.5,26.5,26.5,27.700000000000006,26.757142857142856,27.992857142857144,0.0,0.0,0.0,0.0,0.0,0.0,0.0
2023-07-14,37.4,22.1,29.1,0.0,17.7,43,7,195,3,29.1,29.1,27.5,25.5,28.566666666666674,27.128571428571426,28.064285714285713,0.0,0.0,0.0,0.0,0.0,0.0,0.0
2023-07-15,36.2,20.9,29.1,0.0,14.0,39,7,196,3,29.1,29.1,29.1,25.4,29.1,27.642857142857142,28.114285714285717,0.0,0.0,0.0,0.0,0.0,0.0,0.0
2023-07-16,35.2,20.8,28.6,0.0,15.7,41,7,197,3,29.1,29.1,29.1,26.8,29.1,28.171428571428574,28.128571428571426,0.0,0.0,0.0,0.0,0.0,0.0,0.0
2023-07-17,37.0,21.0,28.6,0.0,18.9,46,7,198,3,28.6,29.1,29.1,26.5,28.933333333333337,28.428571428571427,28.071428571428573,0.0,0.0,0.0,0.0,0.0,0.0,0.0
2023-07-18,36.7,21.9,29.6,0.0,16.5,40,7,199,3,28.6,28.6,29.1,27.5,28.76666666666667,28.72857142857143,27.921428571428574,0.0,0.0,0.0,0.0,0.0,0.0,0.0
2023-07-19,37.3,22.5,29.9,0.0,17.4,46,7,200,3,29.6,28.6,28.6,29.1,28.933333333333337,29.028571428571432,27.835714285714285,0.0,0.0,0.0,0.0,0.0,0.0,0.0
2023-07-20,36.5,22.5,28.6,0.0,21.2,52,7,201,3,29.9,29.6,28.6,29.1,29.366666666666674,29.142857142857142,27.95,0.0,0.0,0.0,0.0,0.0,0.0,0.0
2023-07-21,35.9,22.0,28.0,0.0,22.1,57,7,202,3,28.6,29.9,29.6,29.1,29.366666666666674,29.071428571428573,28.099999999999998,0.0,0.0,0.0,0.0,0.0,0.0,0.0
2023-07-22,36.0,23.2,28.1,0.0,20.9,57,7,203,3,28.0,28.6,29.9,29.1,28.83333333333334,28.914285714285715,28.27857142857143,0.0,0.0,0.0,0.0,0.0,0.0,0.0
2023-07-23,31.5,22.3,26.3,0.3,22.1,60,7,204,3,28.1,28.0,28.6,28.6,28.233333333333338,28.771428571428572,28.47142857142857,0.0,0.0,0.0,0.0,0.0,0.0,0.0
2023-07-24,31.5,22.9,26.2,1.5,18.0,59,7,205,3,26.3,28.1,28.0,28.6,27.466666666666672,28.442857142857147,28.435714285714287,0.3,0.0,0.0,0.0,0.09999999999999881,0.04285714285714286,0.021428571428571935
2023-07-25,30.9,21.7,25.7,6.0,14.2,61,7,206,3,26.2,26.3,28.1,29.6,26.866666666666674,28.099999999999998,28.414285714285715,1.5,0.3,0.0,0.0,0.5999999999999989,0.2571428571428572,0.12857142857142909
2023-07-26,29.6,20.9,25.3,2.4,14.8,65,7,207,3,25.7,26.2,26.3,29.9,26.066666666666674,27.54285714285714,28.285714285714285,6.0,1.5,0.3,0.0,2.5999999999999988,1.1142857142857143,0.5571428571428576
2023-07-27,31.0,21.4,25.2,1.0,11.0,68,7,208,3,25.3,25.7,26.2,28.6,25.733333333333338,26.885714285714283,28.014285714285712,2.4,6.0,1.5,0.0,3.299999999999999,1.457142857142857,0.728571428571429
2023-07-28,33.5,21.0,27.2,0.0,18.7,52,7,209,3,25.2,25.3,25.7,28.0,25.400000000000006,26.4,27.735714285714288,1.0,2.4,6.0,0.0,3.1333333333333324,1.5999999999999999,0.8000000000000005
2023-07-29,34.1,20.8,26.9,0.1,18.1,52,7,210,3,27.2,25.2,25.3,28.1,25.900000000000006,26.285714285714285,27.599999999999998,0.0,1.0,2.4,0.0,1.1333333333333322,1.5999999999999999,0.8000000000000005
2023-07-30,32.5,20.0,25.8,0.0,16.4,59,7,211,3,26.9,27.2,25.2,26.3,26.433333333333337,26.114285714285717,27.442857142857143,0.1,0.0,1.0,0.3,0.36666666666666553,1.614285714285714,0.8071428571428576
2023-07-31,34.6,22.4,27.8,0.0,15.8,47,7,212,3,25.8,26.9,27.2,26.2,26.633333333333336,26.04285714285714,27.242857142857144,0.0,0.1,0.0,1.5,0.03333333333333215,1.5714285714285712,0.8071428571428576
2023-08-01,36.0,20.6,29.4,0.0,15.1,34,8,213,3,27.8,25.8,26.9,25.7,26.83333333333334,26.271428571428572,27.185714285714283,0.0,0.0,0.1,6.0,0.03333333333333215,1.357142857142857,0.8071428571428576
2023-08-02,36.7,22.1,30.3,0.0,16.9,18,8,214,3,29.4,27.8,25.8,25.3,27.66666666666667,26.800000000000004,27.171428571428574,0.0,0.0,0.0,2.4,0.0,0.5,0.8071428571428576
2023-08-03,36.2,22.2,29.9,0.0,15.1,25,8,215,3,30.3,29.4,27.8,25.2,29.16666666666667,27.514285714285712,27.2,0.0,0.0,0.0,1.0,0.0,0.15714285714285717,0.8071428571428576
2023-08-04,34.9,19.5,28.6,0.0,12.6,37,8,216,3,29.9,30.3,29.4,27.2,29.86666666666667,28.185714285714287,27.292857142857144,0.0,0.0,0.0,0.0,0.0,0.014285714285714287,0.8071428571428576
2023-08-05,36.0,19.9,29.0,0.0,16.6,35,8,217,3,28.6,29.9,30.3,26.9,29.600000000000005,28.385714285714283,27.33571428571429,0.0,0.0,0.0,0.1,0.0,0.014285714285714287,0.8071428571428576
2023-08-06,35.2,21.8,29.3,0.0,16.1,21,8,218,3,29.0,28.6,29.9,25.8,29.16666666666667,28.685714285714287,27.400000000000002,0.0,0.0,0.0,0.0,0.0,0.0,0.8071428571428576
2023-08-07,34.4,21.9,28.9,0.0,18.4,14,8,219,3,29.3,29.0,28.6,27.8,28.96666666666667,29.185714285714287,27.61428571428571,0.0,0.0,0.0,0.0,0.0,0.0,0.7857142857142861
2023-08-08,33.9,21.2,28.5,0.0,13.8,19,8,220,3,28.9,29.3,29.0,29.4,29.066666666666674,29.342857142857138,27.807142857142857,0.0,0.0,0.0,0.0,0.0,0.0,0.6785714285714289
2023-08-09,34.9,20.2,28.3,0.0,17.2,32,8,221,3,28.5,28.9,29.3,30.3,28.900000000000006,29.214285714285715,28.00714285714286,0.0,0.0,0.0,0.0,0.0,0.0,0.2500000000000005
2023-08-10,35.1,20.2,28.4,0.0,14.8,30,8,222,3,28.3,28.5,28.9,29.9,28.566666666666674,28.928571428571427,28.22142857142857,0.0,0.0,0.0,0.0,0.0,0.0,0.07857142857142908
2023-08-11,35.2,20.5,27.9,0.0,14.5,41,8,223,3,28.4,28.3,28.5,28.6,28.400000000000006,28.714285714285715,28.45,0.0,0.0,0.0,0.0,0.0,0.0,0.007142857142857651
2023-08-12,35.4,21.3,28.7,0.0,11.8,36,8,224,3,27.9,28.4,28.3,29.0,28.200000000000003,28.614285714285717,28.5,0.0,0.0,0.0,0.0,0.0,0.0,0.007142857142857651
2023-08-13,34.5,24.2,29.6,0.0,20.0,15,8,225,3,28.7,27.9,28.4,29.3,28.33333333333334,28.571428571428573,28.628571428571426,0.0,0.0,0.0,0.0,0.0,0.0,0.0
2023-08-14,33.9,23.5,28.3,0.0,13.8,15,8,226,3,29.6,28.7,27.9,28.9,28.733333333333338,28.61428571428571,28.9,0.0,0.0,0.0,0.0,0.0,0.0,0.0
2023-08-15,34.2,20.3,27.3,0.0,18.3,15,8,227,3,28.3,29.6,28.7,28.5,28.866666666666674,28.52857142857143,28.935714285714287,0.0,0.0,0.0,0.0,0.0,0.0,0.0
2023-08-16,32.4,19.5,26.1,0.0,14.7,30,8,228,3,27.3,28.3,29.6,28.3,28.400000000000006,28.357142857142858,28.785714285714285,0.0,0.0,0.0,0.0,0.0,0.0,0.0
2023-08-17,31.5,20.8,26.3,0.0,15.1,10,8,229,3,26.1,27.3,28.3,28.4,27.233333333333338,28.042857142857144,28.485714285714284,0.0,0.0,0.0,0.0,0.0,0.0,0.0
2023-08-18,33.3,21.1,26.8,0.0,19.4,10,8,230,3,26.3,26.1,27.3,27.9,26.566666666666674,27.74285714285714,28.228571428571428,0.0,0.0,0.0,0.0,0.0,0.0,0.0
2023-08-19,34.5,19.8,26.9,0.0,16.3,27,8,231,3,26.8,26.3,26.1,28.7,26.400000000000006,27.585714285714285,28.099999999999998,0.0,0.0,0.0,0.0,0.0,0.0,0.0
2023-08-20,34.0,19.4,26.8,0.0,20.9,38,8,232,3,26.9,26.8,26.3,29.6,26.66666666666667,27.32857142857143,27.949999999999996,0.0,0.0,0.0,0.0,0.0,0.0,0.0
2023-08-21,34.5,20.1,27.8,0.0,14.9,31,8,233,3,26.8,26.9,26.8,28.3,26.83333333333334,26.928571428571427,27.771428571428572,0.0,0.0,0.0,0.0,0.0,0.0,0.0
2023-08-22,34.0,21.8,27.8,0.0,14.9,28,8,234,3,27.8,26.8,26.9,27.3,27.16666666666667,26.857142857142858,27.692857142857143,0.0,0.0,0.0,0.0,0.0,0.0,0.0
2023-08-23,33.1,21.9,27.8,0.0,16.5,14,8,235,3,27.8,27.8,26.8,26.1,27.466666666666672,26.928571428571427,27.642857142857142,0.0,0.0,0.0,0.0,0.0,0.0,0.0
2023-08-24,33.7,20.1,27.1,0.0,16.6,18,8,236,3,27.8,27.8,27.8,26.3,27.8,27.17142857142857,27.607142857142858,0.0,0.0,0.0,0.0,0.0,0.0,0.0
2023-08-25,32.5,17.5,26.0,0.0,17.6,29,8,237,3,27.1,27.8,27.8,26.8,27.566666666666674,27.285714285714285,27.514285714285712,0.0,0.0,0.0,0.0,0.0,0.0,0.0
2023-08-26,32.2,17.4,25.4,0.0,17.1,42,8,238,3,26.0,27.1,27.8,26.9,26.966666666666672,27.17142857142857,27.37857142857143,0.0,0.0,0.0,0.0,0.0,0.0,0.0
2023-08-27,33.4,17.2,26.2,0.0,23.1,38,8,239,3,25.4,26.0,27.1,26.8,26.16666666666667,26.957142857142856,27.142857142857146,0.0,0.0,0.0,0.0,0.0,0.0,0.0
2023-08-28,33.2,22.9,28.1,0.0,23.3,18,8,240,3,26.2,25.4,26.0,27.8,25.86666666666667,26.871428571428574,26.900000000000002,0.0,0.0,0.0,0.0,0.0,0.0,0.0
2023-08-29,31.7,17.9,26.2,0.0,13.9,15,8,241,3,28.1,26.2,25.4,27.8,26.566666666666674,26.914285714285715,26.885714285714283,0.0,0.0,0.0,0.0,0.0,0.0,0.0
2023-08-30,33.4,16.7,25.7,0.0,13.8,46,8,242,3,26.2,28.1,26.2,27.8,26.83333333333334,26.685714285714283,26.807142857142857,0.0,0.0,0.0,0.0,0.0,0.0,0.0
2023-08-31,34.4,17.2,26.3,0.0,15.2,48,8,243,3,25.7,26.2,28.1,27.1,26.66666666666667,26.38571428571429,26.778571428571432,0.0,0.0,0.0,0.0,0.0,0.0,0.0
2023-09-01,35.1,18.9,27.3,0.0,14.1,48,9,244,4,26.3,25.7,26.2,26.0,26.066666666666674,26.271428571428572,26.778571428571432,0.0,0.0,0.0,0.0,0.0,0.0,0.0
2023-09-02,34.9,19.2,28.0,0.0,14.0,41,9,245,4,27.3,26.3,25.7,25.4,26.433333333333337,26.457142857142856,26.814285714285713,0.0,0.0,0.0,0.0,0.0,0.0,0.0
2023-09-03,34.0,20.5,27.7,0.0,13.9,27,9,246,4,28.0,27.3,26.3,26.2,27.200000000000003,26.82857142857143,26.892857142857142,0.0,0.0,0.0,0.0,0.0,0.0,0.0
2023-09-04,33.5,16.8,25.9,0.0,17.8,40,9,247,4,27.7,28.0,27.3,28.1,27.66666666666667,27.04285714285714,26.95714285714286,0.0,0.0,0.0,0.0,0.0,0.0,0.0
2023-09-05,33.4,17.8,25.7,0.0,18.3,41,9,248,4,25.9,27.7,28.0,26.2,27.200000000000006,26.728571428571428,26.821428571428573,0.0,0.0,0.0,0.0,0.0,0.0,0.0
2023-09-06,33.3,17.2,25.8,0.0,20.1,44,9,249,4,25.7,25.9,27.7,25.7,26.433333333333337,26.657142857142855,26.67142857142857,0.0,0.0,0.0,0.0,0.0,0.0,0.0
2023-09-07,34.3,17.4,26.2,0.0,13.1,41,9,250,4,25.8,25.7,25.9,26.3,25.8,26.67142857142857,26.52857142857143,0.0,0.0,0.0,0.0,0.0,0.0,0.0
2023-09-08,34.1,18.3,26.5,0.0,18.5,33,9,251,4,26.2,25.8,25.7,27.3,25.900000000000006,26.657142857142855,26.464285714285715,0.0,0.0,0.0,0.0,0.0,0.0,0.0
2023-09-09,33.7,19.2,26.8,0.0,14.4,22,9,252,4,26.5,26.2,25.8,28.0,26.16666666666667,26.54285714285714,26.5,0.0,0.0,0.0,0.0,0.0,0.0,0.0
2023-09-10,33.0,22.4,27.5,0.0,12.1,12,9,253,4,26.8,26.5,26.2,27.7,26.500000000000004,26.37142857142857,26.599999999999998,0.0,0.0,0.0,0.0,0.0,0.0,0.0
2023-09-11,33.8,21.6,27.8,0.0,10.4,9,9,254,4,27.5,26.8,26.5,25.9,26.933333333333337,26.342857142857145,26.692857142857143,0.0,0.0,0.0,0.0,0.0,0.0,0.0
2023-09-12,35.2,20.0,27.7,0.0,12.2,21,9,255,4,27.8,27.5,26.8,25.7,27.36666666666667,26.614285714285717,26.671428571428574,0.0,0.0,0.0,0.0,0.0,0.0,0.0
2023-09-13,34.9,19.9,27.1,0.0,14.7,31,9,256,4,27.7,27.8,27.5,25.8,27.66666666666667,26.900000000000002,26.77857142857143,0.0,0.0,0.0,0.0,0.0,0.0,0.0
2023-09-14,34.3,17.3,25.8,0.0,21.9,49,9,257,4,27.1,27.7,27.8,26.2,27.533333333333342,27.085714285714285,26.87857142857143,0.0,0.0,0.0,0.0,0.0,0.0,0.0
2023-09-15,33.6,18.7,25.7,0.0,22.6,55,9,258,4,25.8,27.1,27.7,26.5,26.866666666666674,27.028571428571432,26.842857142857138,0.0,0.0,0.0,0.0,0.0,0.0,0.0
2023-09-16,32.9,18.8,25.9,0.0,16.7,48,9,259,4,25.7,25.8,27.1,26.8,26.200000000000006,26.914285714285715,26.72857142857143,0.0,0.0,0.0,0.0,0.0,0.0,0.0
2023-09-17,32.2,18.3,25.7,0.0,11.3,43,9,260,4,25.9,25.7,25.8,27.5,25.8,26.785714285714285,26.57857142857143,0.0,0.0,0.0,0.0,0.0,0.0,0.0
2023-09-18,31.7,17.3,25.1,0.0,13.2,45,9,261,4,25.7,25.9,25.7,27.8,25.76666666666667,26.52857142857143,26.435714285714283,0.0,0.0,0.0,0.0,0.0,0.0,0.0
2023-09-19,31.4,17.4,25.0,0.0,13.7,41,9,262,4,25.1,25.7,25.9,27.7,25.566666666666674,26.142857142857142,26.37857142857143,0.0,0.0,0.0,0.0,0.0,0.0,0.0
2023-09-20,32.0,16.2,24.9,0.0,13.8,41,9,263,4,25.0,25.1,25.7,27.1,25.26666666666667,25.75714285714286,26.32857142857143,0.0,0.0,0.0,0.0,0.0,0.0,0.0
2023-09-21,31.1,16.7,24.3,0.0,12.7,39,9,264,4,24.9,25.0,25.1,25.8,25.000000000000004,25.442857142857143,26.264285714285712,0.0,0.0,0.0,0.0,0.0,0.0,0.0
2023-09-22,29.5,15.5,22.7,0.0,13.4,18,9,265,4,24.3,24.9,25.0,25.7,24.733333333333338,25.228571428571428,26.12857142857143,0.0,0.0,0.0,0.0,0.0,0.0,0.0
2023-09-23,27.5,15.0,21.3,0.0,14.3,16,9,266,4,22.7,24.3,24.9,25.9,23.966666666666672,24.8,25.857142857142858,0.0,0.0,0.0,0.0,0.0,0.0,0.0
2023-09-24,26.0,14.9,20.0,0.0,14.2,17,9,267,4,21.3,22.7,24.3,25.7,22.76666666666667,24.142857142857142,25.464285714285715,0.0,0.0,0.0,0.0,0.0,0.0,0.0
2023-09-25,26.4,13.8,20.0,0.0,12.3,17,9,268,4,20.0,21.3,22.7,25.1,21.33333333333334,23.32857142857143,24.928571428571427,0.0,0.0,0.0,0.0,0.0,0.0,0.0
2023-09-26,27.5,14.1,21.2,0.0,13.9,23,9,269,4,20.0,20.0,21.3,25.0,20.433333333333337,22.599999999999998,24.37142857142857,0.0,0.0,0.0,0.0,0.0,0.0,0.0
2023-09-27,25.7,15.6,20.8,0.0,13.5,12,9,270,4,21.2,20.0,20.0,24.9,20.400000000000006,22.057142857142853,23.907142857142855,0.0,0.0,0.0,0.0,0.0,0.0,0.0
2023-09-28,26.5,16.1,21.0,0.0,18.7,16,9,271,4,20.8,21.2,20.0,24.3,20.66666666666667,21.47142857142857,23.457142857142856,0.0,0.0,0.0,0.0,0.0,0.0,0.0
2023-09-29,22.2,14.8,18.7,0.0,21.2,20,9,272,4,21.0,20.8,21.2,22.7,21.000000000000004,21.0,23.114285714285717,0.0,0.0,0.0,0.0,0.0,0.0,0.0
2023-09-30,23.4,12.7,18.2,0.0,8.9,18,9,273,4,18.7,21.0,20.8,21.3,20.16666666666667,20.428571428571427,22.61428571428571,0.0,0.0,0.0,0.0,0.0,0.0,0.0
2023-10-01,23.7,11.9,18.6,0.0,14.7,17,10,274,4,18.2,18.7,21.0,20.0,19.300000000000004,19.985714285714288,22.064285714285713,0.0,0.0,0.0,0.0,0.0,0.0,0.0
2023-10-02,24.7,13.6,19.0,0.0,16.9,15,10,275,4,18.6,18.2,18.7,20.0,18.500000000000004,19.785714285714285,21.557142857142857,0.0,0.0,0.0,0.0,0.0,0.0,0.0
2023-10-03,26.9,15.1,21.0,0.0,15.3,14,10,276,4,19.0,18.6,18.2,21.2,18.600000000000005,19.642857142857142,21.12142857142857,0.0,0.0,0.0,0.0,0.0,0.0,0.0
2023-10-04,28.8,16.0,22.9,0.0,18.0,16,10,277,4,21.0,19.0,18.6,20.8,19.53333333333334,19.614285714285717,20.835714285714285,0.0,0.0,0.0,0.0,0.0,0.0,0.0
2023-10-05,29.5,18.2,24.0,0.0,13.7,21,10,278,4,22.9,21.0,19.0,21.0,20.966666666666672,19.914285714285715,20.692857142857143,0.0,0.0,0.0,0.0,0.0,0.0,0.0
2023-10-06,30.5,18.2,24.7,0.0,21.5,21,10,279,4,24.0,22.9,21.0,18.7,22.633333333333336,20.342857142857145,20.67142857142857,0.0,0.0,0.0,0.0,0.0,0.0,0.0
2023-10-07,25.8,19.2,22.0,0.0,17.0,22,10,280,4,24.7,24.0,22.9,18.2,23.86666666666667,21.2,20.814285714285717,0.0,0.0,0.0,0.0,0.0,0.0,0.0
2023-10-08,25.1,14.3,19.5,0.0,18.5,21,10,281,4,22.0,24.7,24.0,18.6,23.566666666666674,21.742857142857144,20.864285714285717,0.0,0.0,0.0,0.0,0.0,0.0,0.0
2023-10-09,24.6,13.9,19.2,0.0,23.0,16,10,282,4,19.5,22.0,24.7,19.0,22.066666666666674,21.871428571428574,20.82857142857143,0.0,0.0,0.0,0.0,0.0,0.0,0.0
2023-10-10,26.2,14.1,20.3,0.0,14.3,19,10,283,4,19.2,19.5,22.0,21.0,20.233333333333338,21.900000000000002,20.771428571428572,0.0,0.0,0.0,0.0,0.0,0.0,0.0
2023-10-11,27.9,16.0,22.2,0.0,14.3,18,10,284,4,20.3,19.2,19.5,22.9,19.66666666666667,21.800000000000004,20.70714285714286,0.0,0.0,0.0,0.0,0.0,0.0,0.0
2023-10-12,28.5,16.7,22.6,0.0,11.0,17,10,285,4,22.2,20.3,19.2,24.0,20.566666666666674,21.7,20.807142857142857,0.0,0.0,0.0,0.0,0.0,0.0,0.0
2023-10-13,28.6,16.6,22.7,0.0,21.2,20,10,286,4,22.6,22.2,20.3,24.7,21.700000000000006,21.5,20.92142857142857,0.0,0.0,0.0,0.0,0.0,0.0,0.0
2023-10-14,24.4,16.4,20.2,0.0,17.9,29,10,287,4,22.7,22.6,22.2,22.0,22.500000000000004,21.214285714285715,21.20714285714286,0.0,0.0,0.0,0.0,0.0,0.0,0.0
2023-10-15,24.3,13.5,17.5,0.4,23.9,38,10,288,4,20.2,22.7,22.6,19.5,21.83333333333334,20.957142857142856,21.35,0.0,0.0,0.0,0.0,0.0,0.0,0.0
2023-10-16,20.9,10.8,16.1,0.2,18.8,46,10,289,4,17.5,20.2,22.7,19.2,20.133333333333336,20.67142857142857,21.271428571428572,0.4,0.0,0.0,0.0,0.13333333333333217,0.05714285714285715,0.02857142857142908
2023-10-17,21.8,9.9,16.2,0.0,10.5,36,10,290,4,16.1,17.5,20.2,20.3,17.93333333333334,20.228571428571428,21.064285714285713,0.2,0.4,0.0,0.0,0.19999999999999885,0.08571428571428573,0.04285714285714337
2023-10-18,23.6,9.8,16.9,0.0,14.1,56,10,291,4,16.2,16.1,17.5,22.2,16.600000000000005,19.642857142857142,20.72142857142857,0.0,0.2,0.4,0.0,0.19999999999999885,0.08571428571428573,0.04285714285714337
2023-10-19,22.9,12.1,18.1,0.5,16.1,40,10,292,4,16.9,16.2,16.1,22.6,16.400000000000006,18.885714285714283,20.292857142857144,0.0,0.0,0.2,0.0,0.06666666666666549,0.08571428571428573,0.04285714285714337
2023-10-20,25.0,11.7,18.5,0.1,13.3,38,10,293,4,18.1,16.9,16.2,22.7,17.066666666666674,18.242857142857144,19.871428571428574,0.5,0.0,0.0,0.0,0.1666666666666655,0.15714285714285717,0.07857142857142908
2023-10-21,23.5,12.3,18.3,0.1,18.1,40,10,294,4,18.5,18.1,16.9,20.2,17.83333333333334,17.642857142857142,19.428571428571427,0.1,0.5,0.0,0.0,0.19999999999999882,0.17142857142857143,0.08571428571428621
2023-10-22,24.1,12.1,17.6,0.0,23.4,36,10,295,4,18.3,18.5,18.1,17.5,18.300000000000008,17.37142857142857,19.164285714285715,0.1,0.1,0.5,0.4,0.23333333333333214,0.18571428571428572,0.09285714285714337
2023-10-23,23.2,11.0,18.0,0.0,20.4,27,10,296,4,17.6,18.3,18.5,16.1,18.133333333333336,17.385714285714286,19.02857142857143,0.0,0.1,0.1,0.2,0.06666666666666549,0.1285714285714286,0.09285714285714337
2023-10-24,22.1,13.5,17.7,0.0,17.9,24,10,297,4,18.0,17.6,18.3,16.2,17.966666666666672,17.657142857142855,18.942857142857147,0.0,0.0,0.1,0.0,0.03333333333333215,0.09999999999999999,0.09285714285714337
2023-10-25,23.1,10.8,17.0,0.0,13.8,26,10,298,4,17.7,18.0,17.6,16.9,17.76666666666667,17.871428571428574,18.75714285714286,0.0,0.0,0.0,0.0,0.0,0.09999999999999999,0.09285714285714337
2023-10-26,24.0,14.0,18.9,0.0,13.3,22,10,299,4,17.0,17.7,18.0,18.1,17.566666666666674,17.885714285714286,18.38571428571429,0.0,0.0,0.0,0.5,0.0,0.09999999999999999,0.09285714285714337
2023-10-27,24.2,16.0,19.9,0.0,15.1,24,10,300,4,18.9,17.0,17.7,18.5,17.86666666666667,18.0,18.12142857142857,0.0,0.0,0.0,0.1,0.0,0.028571428571428574,0.09285714285714337
2023-10-28,23.7,13.0,18.5,0.0,9.7,42,10,301,4,19.9,18.9,17.0,18.3,18.600000000000005,18.2,17.92142857142857,0.0,0.0,0.0,0.1,0.0,0.014285714285714287,0.09285714285714337
2023-10-29,23.7,13.6,18.3,0.0,11.8,43,10,302,4,18.5,19.9,18.9,17.6,19.100000000000005,18.228571428571428,17.8,0.0,0.0,0.0,0.0,0.0,0.0,0.09285714285714337
2023-10-30,24.2,14.4,18.7,0.0,14.7,38,10,303,4,18.3,18.5,19.9,18.0,18.900000000000006,18.32857142857143,17.857142857142858,0.0,0.0,0.0,0.0,0.0,0.0,0.06428571428571479
2023-10-31,24.0,11.7,18.1,0.0,11.2,45,10,304,4,18.7,18.3,18.5,17.7,18.500000000000004,18.428571428571427,18.04285714285714,0.0,0.0,0.0,0.0,0.0,0.0,0.0500000000000005
2023-11-01,23.8,12.0,17.5,0.0,13.6,42,11,305,4,18.1,18.7,18.3,17.0,18.36666666666667,18.485714285714288,18.178571428571427,0.0,0.0,0.0,0.0,0.0,0.0,0.0500000000000005
2023-11-02,21.2,12.0,16.3,0.0,16.2,37,11,306,4,17.5,18.1,18.7,18.9,18.100000000000005,18.557142857142857,18.22142857142857,0.0,0.0,0.0,0.0,0.0,0.0,0.0500000000000005
2023-11-03,20.6,12.0,16.0,0.0,10.4,31,11,307,4,16.3,17.5,18.1,19.9,17.300000000000004,18.185714285714287,18.092857142857145,0.0,0.0,0.0,0.0,0.0,0.0,0.014285714285714794
2023-11-04,21.6,10.8,15.8,0.0,11.6,33,11,308,4,16.0,16.3,17.5,18.5,16.600000000000005,17.62857142857143,17.914285714285715,0.0,0.0,0.0,0.0,0.0,0.0,0.007142857142857651
2023-11-05,21.7,11.2,17.1,0.0,9.9,39,11,309,4,15.8,16.0,16.3,18.3,16.033333333333335,17.242857142857144,17.735714285714284,0.0,0.0,0.0,0.0,0.0,0.0,0.0
2023-11-06,21.3,11.2,15.5,2.4,12.9,60,11,310,4,17.1,15.8,16.0,18.7,16.300000000000008,17.071428571428573,17.7,0.0,0.0,0.0,0.0,0.0,0.0,0.0
2023-11-07,18.5,11.0,14.0,4.1,12.5,70,11,311,4,15.5,17.1,15.8,18.1,16.13333333333334,16.614285714285714,17.521428571428572,2.4,0.0,0.0,0.0,0.7999999999999988,0.34285714285714286,0.17142857142857193
2023-11-08,17.8,7.8,13.4,1.4,10.2,66,11,312,4,14.0,15.5,17.1,17.5,15.53333333333334,16.02857142857143,17.25714285714286,4.1,2.4,0.0,0.0,2.1666666666666656,0.9285714285714286,0.4642857142857148
2023-11-09,17.1,7.3,12.5,0.0,17.2,64,11,313,4,13.4,14.0,15.5,16.3,14.300000000000004,15.442857142857145,17.0,1.4,4.1,2.4,0.0,2.6333333333333324,1.1285714285714286,0.5642857142857148
2023-11-10,17.9,8.2,12.6,0.0,9.4,52,11,314,4,12.5,13.4,14.0,16.0,13.300000000000004,14.900000000000002,16.54285714285714,0.0,1.4,4.1,0.0,1.8333333333333321,1.1285714285714286,0.5642857142857148
2023-11-11,19.0,7.8,13.2,0.0,9.7,30,11,315,4,12.6,12.5,13.4,15.8,12.833333333333337,14.414285714285715,16.021428571428572,0.0,0.0,1.4,0.0,0.46666666666666545,1.1285714285714286,0.5642857142857148
2023-11-12,17.4,8.1,12.6,0.0,8.5,30,11,316,4,13.2,12.6,12.5,17.1,12.766666666666671,14.042857142857143,15.642857142857142,0.0,0.0,0.0,0.0,0.0,1.1285714285714286,0.5642857142857148
2023-11-13,17.4,9.0,13.0,0.0,8.2,37,11,317,4,12.6,13.2,12.6,15.5,12.800000000000004,13.4,15.235714285714284,0.0,0.0,0.0,2.4,0.0,1.1285714285714286,0.5642857142857148
2023-11-14,19.7,9.4,13.7,0.0,8.8,38,11,318,4,13.0,12.6,13.2,14.0,12.933333333333337,13.042857142857143,14.828571428571427,0.0,0.0,0.0,4.1,0.0,0.7857142857142857,0.5642857142857148
2023-11-15,19.9,7.3,13.5,0.0,8.6,40,11,319,4,13.7,13.0,12.6,13.4,13.100000000000003,13.0,14.514285714285716,0.0,0.0,0.0,1.4,0.0,0.19999999999999998,0.5642857142857148
2023-11-16,20.6,8.7,14.4,0.0,9.4,35,11,320,4,13.5,13.7,13.0,12.5,13.400000000000004,13.014285714285714,14.22857142857143,0.0,0.0,0.0,0.0,0.0,0.0,0.5642857142857148
2023-11-17,19.2,7.5,13.4,0.0,15.0,35,11,321,4,14.4,13.5,13.7,12.6,13.866666666666669,13.285714285714286,14.092857142857142,0.0,0.0,0.0,0.0,0.0,0.0,0.5642857142857148
2023-11-18,15.7,7.6,12.4,2.0,9.0,46,11,322,4,13.4,14.4,13.5,13.2,13.766666666666673,13.4,13.907142857142857,0.0,0.0,0.0,0.0,0.0,0.0,0.5642857142857148
2023-11-19,17.5,8.6,13.0,0.0,11.7,51,11,323,4,12.4,13.4,14.4,12.6,13.400000000000006,13.285714285714286,13.664285714285715,2.0,0.0,0.0,0.0,0.6666666666666655,0.2857142857142857,0.7071428571428576
2023-11-20,18.9,7.9,13.3,0.0,8.6,44,11,324,4,13.0,12.4,13.4,13.0,12.933333333333337,13.342857142857143,13.37142857142857,0.0,2.0,0.0,0.0,0.6666666666666655,0.2857142857142857,0.7071428571428576
2023-11-21,19.1,7.0,13.4,0.0,11.5,51,11,325,4,13.3,13.0,12.4,13.7,12.900000000000006,13.385714285714286,13.214285714285714,0.0,0.0,2.0,0.0,0.6666666666666655,0.2857142857142857,0.5357142857142863
2023-11-22,19.2,11.5,15.0,0.0,10.9,46,11,326,4,13.4,13.3,13.0,13.5,13.23333333333334,13.342857142857143,13.171428571428569,0.0,0.0,0.0,0.0,0.0,0.2857142857142857,0.24285714285714335
2023-11-23,15.3,7.5,12.3,0.0,10.2,30,11,327,4,15.0,13.4,13.3,14.4,13.900000000000006,13.557142857142859,13.285714285714286,0.0,0.0,0.0,0.0,0.0,0.2857142857142857,0.14285714285714338
2023-11-24,17.4,3.8,11.3,0.0,23.4,33,11,328,4,12.3,15.0,13.4,13.4,13.566666666666672,13.257142857142856,13.271428571428572,0.0,0.0,0.0,0.0,0.0,0.2857142857142857,0.14285714285714338
2023-11-25,16.4,7.2,12.1,0.0,15.3,52,11,329,4,11.3,12.3,15.0,12.4,12.866666666666672,12.957142857142857,13.178571428571429,0.0,0.0,0.0,2.0,0.0,0.2857142857142857,0.14285714285714338
2023-11-26,16.7,7.0,11.7,0.0,9.2,53,11,330,4,12.1,11.3,12.3,13.0,11.900000000000006,12.914285714285715,13.1,0.0,0.0,0.0,0.0,0.0,0.0,0.14285714285714338
2023-11-27,16.3,6.8,11.2,0.0,9.8,53,11,331,4,11.7,12.1,11.3,13.3,11.700000000000003,12.728571428571428,13.035714285714286,0.0,0.0,0.0,0.0,0.0,0.0,0.14285714285714338
2023-11-28,17.3,4.6,11.2,0.0,8.7,48,11,332,4,11.2,11.7,12.1,13.4,11.666666666666671,12.428571428571429,12.907142857142858,0.0,0.0,0.0,0.0,0.0,0.0,0.14285714285714338
2023-11-29,16.7,6.2,11.4,0.0,12.3,39,11,333,4,11.2,11.2,11.7,15.0,11.366666666666669,12.114285714285714,12.728571428571428,0.0,0.0,0.0,0.0,0.0,0.0,0.14285714285714338
2023-11-30,15.7,7.2,11.8,0.0,13.0,39,11,334,4,11.4,11.2,11.2,12.3,11.266666666666671,11.6,12.578571428571427,0.0,0.0,0.0,0.0,0.0,0.0,0.14285714285714338
2023-12-01,15.5,7.8,11.4,0.0,11.6,41,12,335,1,11.8,11.4,11.2,11.3,11.46666666666667,11.528571428571428,12.392857142857142,0.0,0.0,0.0,0.0,0.0,0.0,0.14285714285714338
2023-12-02,15.2,8.5,11.4,0.0,10.8,40,12,336,1,11.4,11.8,11.4,12.1,11.533333333333339,11.542857142857144,12.25,0.0,0.0,0.0,0.0,0.0,0.0,0.14285714285714338
2023-12-03,14.9,6.4,10.6,0.0,14.3,40,12,337,1,11.4,11.4,11.8,11.7,11.533333333333339,11.442857142857141,12.178571428571429,0.0,0.0,0.0,0.0,0.0,0.0,0.0
2023-12-04,15.1,6.3,10.3,0.0,12.3,42,12,338,1,10.6,11.4,11.4,11.2,11.133333333333338,11.285714285714286,12.007142857142856,0.0,0.0,0.0,0.0,0.0,0.0,0.0
2023-12-05,14.1,6.3,10.0,0.0,7.3,35,12,339,1,10.3,10.6,11.4,11.2,10.766666666666671,11.157142857142858,11.792857142857143,0.0,0.0,0.0,0.0,0.0,0.0,0.0
2023-12-06,15.4,7.5,10.6,0.0,8.8,28,12,340,1,10.0,10.3,10.6,11.4,10.300000000000006,10.985714285714286,11.55,0.0,0.0,0.0,0.0,0.0,0.0,0.0
2023-12-07,17.4,5.9,11.5,0.0,10.6,25,12,341,1,10.6,10.0,10.3,11.8,10.300000000000004,10.87142857142857,11.235714285714286,0.0,0.0,0.0,0.0,0.0,0.0,0.0
2023-12-08,15.2,8.2,10.8,0.0,13.1,19,12,342,1,11.5,10.6,10.0,11.4,10.700000000000005,10.828571428571427,11.178571428571429,0.0,0.0,0.0,0.0,0.0,0.0,0.0
2023-12-09,14.1,5.8,9.3,0.0,8.4,28,12,343,1,10.8,11.5,10.6,11.4,10.96666666666667,10.742857142857144,11.142857142857142,0.0,0.0,0.0,0.0,0.0,0.0,0.0
2023-12-10,15.1,5.8,9.8,0.0,7.2,29,12,344,1,9.3,10.8,11.5,10.6,10.533333333333339,10.442857142857145,10.942857142857141,0.0,0.0,0.0,0.0,0.0,0.0,0.0
2023-12-11,14.4,5.6,9.3,0.0,12.3,28,12,345,1,9.8,9.3,10.8,10.3,9.96666666666667,10.328571428571427,10.807142857142859,0.0,0.0,0.0,0.0,0.0,0.0,0.0
2023-12-12,13.9,5.3,9.1,0.0,10.3,35,12,346,1,9.3,9.8,9.3,10.0,9.466666666666674,10.185714285714287,10.671428571428573,0.0,0.0,0.0,0.0,0.0,0.0,0.0
2023-12-13,15.4,5.4,9.9,0.0,8.7,29,12,347,1,9.1,9.3,9.8,10.6,9.400000000000004,10.057142857142859,10.521428571428572,0.0,0.0,0.0,0.0,0.0,0.0,0.0
2023-12-14,18.0,5.0,10.8,0.0,9.7,28,12,348,1,9.9,9.1,9.3,11.5,9.433333333333337,9.957142857142857,10.414285714285715,0.0,0.0,0.0,0.0,0.0,0.0,0.0
2023-12-15,11.9,4.6,7.9,4.6,15.3,72,12,349,1,10.8,9.9,9.1,10.8,9.933333333333339,9.857142857142858,10.342857142857143,0.0,0.0,0.0,0.0,0.0,0.0,0.0
2023-12-16,9.2,2.4,5.7,1.5,19.7,80,12,350,1,7.9,10.8,9.9,9.3,9.533333333333339,9.442857142857141,10.092857142857143,4.6,0.0,0.0,0.0,1.533333333333332,0.6571428571428571,0.32857142857142907
2023-12-17,8.6,2.6,5.1,0.0,10.0,76,12,351,1,5.7,7.9,10.8,9.8,8.133333333333338,8.928571428571429,9.685714285714285,1.5,4.6,0.0,0.0,2.033333333333332,0.8714285714285713,0.4357142857142862
2023-12-18,14.2,2.5,7.7,0.0,7.2,54,12,352,1,5.1,5.7,7.9,9.3,6.233333333333338,8.257142857142856,9.292857142857144,0.0,1.5,4.6,0.0,2.033333333333332,0.8714285714285713,0.4357142857142862
2023-12-19,16.3,5.7,10.7,0.0,8.0,33,12,353,1,7.7,5.1,5.7,9.1,6.166666666666671,8.028571428571428,9.107142857142858,0.0,0.0,1.5,0.0,0.49999999999999883,0.8714285714285713,0.4357142857142862
2023-12-20,16.2,6.5,10.6,0.0,8.7,33,12,354,1,10.7,7.7,5.1,9.9,7.833333333333338,8.257142857142856,9.157142857142857,0.0,0.0,0.0,0.0,0.0,0.8714285714285713,0.4357142857142862
2023-12-21,16.8,8.1,11.4,0.0,10.4,35,12,355,1,10.6,10.7,7.7,10.8,9.666666666666671,8.357142857142858,9.157142857142858,0.0,0.0,0.0,0.0,0.0,0.8714285714285713,0.4357142857142862
2023-12-22,16.4,6.4,10.6,0.9,11.9,37,12,356,1,11.4,10.6,10.7,7.9,10.900000000000006,8.442857142857141,9.15,0.0,0.0,0.0,4.6,0.0,0.8714285714285713,0.4357142857142862
2023-12-23,16.1,5.9,9.9,0.0,16.6,44,12,357,1,10.6,11.4,10.6,5.7,10.866666666666672,8.828571428571427,9.135714285714286,0.9,0.0,0.0,1.5,0.2999999999999988,0.34285714285714286,0.5000000000000006
2023-12-24,16.8,4.4,10.1,0.0,12.4,37,12,358,1,9.9,10.6,11.4,5.1,10.633333333333338,9.428571428571429,9.178571428571429,0.0,0.9,0.0,0.0,0.2999999999999988,0.1285714285714286,0.5000000000000006
2023-12-25,17.9,4.4,11.0,0.0,11.3,37,12,359,1,10.1,9.9,10.6,7.7,10.200000000000005,10.142857142857142,9.200000000000001,0.0,0.0,0.9,0.0,0.2999999999999988,0.1285714285714286,0.5000000000000006
2023-12-26,16.2,9.5,12.5,0.0,10.2,35,12,360,1,11.0,10.1,9.9,10.7,10.333333333333337,10.614285714285714,9.321428571428571,0.0,0.0,0.0,0.0,0.0,0.1285714285714286,0.5000000000000006
2023-12-27,14.9,6.8,10.5,0.0,7.8,36,12,361,1,12.5,11.0,10.1,10.6,11.200000000000005,10.87142857142857,9.564285714285715,0.0,0.0,0.0,0.0,0.0,0.1285714285714286,0.5000000000000006
2023-12-28,16.1,6.7,10.9,0.0,7.2,37,12,362,1,10.5,12.5,11.0,11.4,11.333333333333337,10.857142857142858,9.607142857142858,0.0,0.0,0.0,0.0,0.0,0.1285714285714286,0.5000000000000006
2023-12-29,15.9,5.9,10.5,0.0,9.2,37,12,363,1,10.9,10.5,12.5,10.6,11.300000000000004,10.785714285714286,9.614285714285714,0.0,0.0,0.0,0.9,0.0,0.1285714285714286,0.5000000000000006
2023-12-30,14.0,6.4,9.8,0.0,12.8,41,12,364,1,10.5,10.9,10.5,9.9,10.633333333333338,10.771428571428572,9.799999999999999,0.0,0.0,0.0,0.0,0.0,0.0,0.17142857142857193
2023-12-31,13.1,5.6,9.0,0.0,8.0,50,12,365,1,9.8,10.5,10.9,10.1,10.400000000000004,10.757142857142856,10.092857142857143,0.0,0.0,0.0,0.0,0.0,0.0,0.06428571428571479
2024-01-01,12.7,5.0,8.5,0.0,7.5,44,1,1,1,9.0,9.8,10.5,11.0,9.766666666666671,10.6,10.37142857142857,0.0,0.0,0.0,0.0,0.0,0.0,0.06428571428571479
2024-01-02,13.2,7.1,9.6,0.0,11.4,36,1,2,1,8.5,9.0,9.8,12.5,9.100000000000005,10.242857142857144,10.428571428571429,0.0,0.0,0.0,0.0,0.0,0.0,0.06428571428571479
2024-01-03,13.2,5.0,8.5,0.0,8.4,50,1,3,1,9.6,8.5,9.0,10.5,9.033333333333339,9.828571428571427,10.35,0.0,0.0,0.0,0.0,0.0,0.0,0.06428571428571479
2024-01-04,14.6,3.0,8.3,2.2,9.2,58,1,4,1,8.5,9.6,8.5,10.9,8.866666666666672,9.542857142857143,10.2,0.0,0.0,0.0,0.0,0.0,0.0,0.06428571428571479
2024-01-05,10.0,4.4,7.1,8.5,8.7,83,1,5,1,8.3,8.5,9.6,10.5,8.800000000000004,9.171428571428573,9.97857142857143,2.2,0.0,0.0,0.0,0.7333333333333322,0.31428571428571433,0.22142857142857195
2024-01-06,13.0,2.6,7.1,0.0,9.5,73,1,6,1,7.1,8.3,8.5,9.8,7.966666666666671,8.685714285714285,9.728571428571428,8.5,2.2,0.0,0.0,3.566666666666665,1.5285714285714285,0.7642857142857148
2024-01-07,12.6,-0.8,6.7,0.1,10.7,71,1,7,1,7.1,7.1,8.3,9.0,7.500000000000004,8.3,9.528571428571428,0.0,8.5,2.2,0.0,3.566666666666665,1.5285714285714285,0.7642857142857148
2024-01-08,7.6,1.8,5.2,6.5,14.5,80,1,8,1,6.7,7.1,7.1,8.5,6.966666666666671,7.971428571428571,9.285714285714286,0.1,0.0,8.5,0.0,2.8666666666666654,1.5428571428571427,0.7714285714285719
2024-01-09,9.4,0.3,4.7,0.0,6.3,70,1,9,1,5.2,6.7,7.1,9.6,6.333333333333338,7.5,8.871428571428572,6.5,0.1,0.0,0.0,2.199999999999999,2.471428571428571,1.235714285714286
2024-01-10,11.9,4.6,7.8,0.0,5.4,52,1,10,1,4.7,5.2,6.7,8.5,5.5333333333333385,6.8,8.314285714285715,0.0,6.5,0.1,0.0,2.199999999999999,2.471428571428571,1.235714285714286
2024-01-11,16.5,7.4,11.2,0.0,6.3,39,1,11,1,7.8,4.7,5.2,8.3,5.900000000000006,6.7,8.121428571428572,0.0,0.0,6.5,2.2,2.1666666666666656,2.471428571428571,1.235714285714286
2024-01-12,16.7,6.7,11.3,0.0,11.5,41,1,12,1,11.2,7.8,4.7,7.1,7.900000000000005,7.114285714285714,8.142857142857142,0.0,0.0,0.0,8.5,0.0,2.157142857142857,1.235714285714286
2024-01-13,14.6,5.1,9.9,0.0,9.1,46,1,13,1,11.3,11.2,7.8,7.1,10.100000000000005,7.714285714285714,8.2,0.0,0.0,0.0,0.0,0.0,0.9428571428571428,1.235714285714286
2024-01-14,16.2,9.2,11.8,0.0,8.4,31,1,14,1,9.9,11.3,11.2,6.7,10.800000000000004,8.114285714285714,8.207142857142857,0.0,0.0,0.0,0.1,0.0,0.9428571428571428,1.235714285714286
2024-01-15,15.5,10.2,12.4,0.0,9.0,34,1,15,1,11.8,9.9,11.3,5.2,11.000000000000005,8.842857142857143,8.407142857142857,0.0,0.0,0.0,6.5,0.0,0.9285714285714286,1.235714285714286
2024-01-16,14.7,6.9,10.1,0.0,12.5,48,1,16,1,12.4,11.8,9.9,4.7,11.366666666666672,9.87142857142857,8.685714285714285,0.0,0.0,0.0,0.0,0.0,0.0,1.235714285714286
2024-01-17,12.8,5.9,8.7,0.0,15.1,48,1,17,1,10.1,12.4,11.8,7.8,11.433333333333339,10.642857142857142,8.721428571428572,0.0,0.0,0.0,0.0,0.0,0.0,1.235714285714286
2024-01-18,12.5,4.8,8.3,0.0,13.8,46,1,18,1,8.7,10.1,12.4,11.2,10.400000000000004,10.771428571428572,8.735714285714286,0.0,0.0,0.0,0.0,0.0,0.0,1.235714285714286
2024-01-19,13.0,6.2,8.9,0.0,12.9,43,1,19,1,8.3,8.7,10.1,11.3,9.033333333333339,10.357142857142858,8.735714285714286,0.0,0.0,0.0,0.0,0.0,0.0,1.078571428571429
2024-01-20,12.3,4.9,8.5,0.0,14.8,44,1,20,1,8.9,8.3,8.7,9.9,8.633333333333338,10.014285714285714,8.864285714285714,0.0,0.0,0.0,0.0,0.0,0.0,0.4714285714285719
2024-01-21,12.2,3.9,7.8,0.0,8.6,40,1,21,1,8.5,8.9,8.3,11.8,8.566666666666672,9.814285714285715,8.964285714285714,0.0,0.0,0.0,0.0,0.0,0.0,0.4714285714285719
2024-01-22,10.9,3.5,6.6,0.0,14.1,34,1,22,1,7.8,8.5,8.9,12.4,8.400000000000004,9.242857142857144,9.042857142857143,0.0,0.0,0.0,0.0,0.0,0.0,0.4642857142857148
2024-01-23,11.5,3.2,6.6,0.0,14.5,35,1,23,1,6.6,7.8,8.5,10.1,7.633333333333337,8.414285714285715,9.142857142857142,0.0,0.0,0.0,0.0,0.0,0.0,0.0
2024-01-24,14.6,3.3,8.6,0.0,7.0,34,1,24,1,6.6,6.6,7.8,8.7,7.000000000000004,7.914285714285714,9.278571428571428,0.0,0.0,0.0,0.0,0.0,0.0,0.0
2024-01-25,16.2,6.7,10.8,0.0,10.9,41,1,25,1,8.6,6.6,6.6,8.3,7.26666666666667,7.8999999999999995,9.335714285714285,0.0,0.0,0.0,0.0,0.0,0.0,0.0
2024-01-26,17.5,5.0,10.8,0.0,9.2,51,1,26,1,10.8,8.6,6.6,8.9,8.666666666666671,8.257142857142856,9.307142857142859,0.0,0.0,0.0,0.0,0.0,0.0,0.0
2024-01-27,17.8,4.9,11.1,0.0,11.2,58,1,27,1,10.8,10.8,8.6,8.5,10.066666666666672,8.528571428571428,9.271428571428572,0.0,0.0,0.0,0.0,0.0,0.0,0.0
2024-01-28,15.7,6.1,10.7,0.9,14.3,68,1,28,1,11.1,10.8,10.8,7.8,10.900000000000006,8.9,9.357142857142858,0.0,0.0,0.0,0.0,0.0,0.0,0.0
2024-01-29,17.3,6.1,11.5,0.6,9.8,66,1,29,1,10.7,11.1,10.8,6.6,10.866666666666672,9.314285714285715,9.278571428571428,0.9,0.0,0.0,0.0,0.2999999999999988,0.1285714285714286,0.06428571428571479
2024-01-30,15.4,7.1,10.9,1.0,16.3,62,1,30,1,11.5,10.7,11.1,6.6,11.100000000000003,10.014285714285714,9.214285714285714,0.6,0.9,0.0,0.0,0.49999999999999883,0.21428571428571427,0.10714285714285765
2024-01-31,12.0,5.3,8.3,0.0,17.6,41,1,31,1,10.9,11.5,10.7,8.6,11.033333333333337,10.62857142857143,9.271428571428572,1.0,0.6,0.9,0.0,0.8333333333333321,0.35714285714285715,0.17857142857142907
2024-02-01,9.8,0.0,5.2,0.0,14.5,35,2,32,1,8.3,10.9,11.5,10.8,10.23333333333334,10.585714285714287,9.242857142857144,0.0,1.0,0.6,0.0,0.5333333333333322,0.35714285714285715,0.17857142857142907
2024-02-02,13.2,2.9,7.5,8.7,20.1,41,2,33,1,5.2,8.3,10.9,10.8,8.133333333333338,9.785714285714286,9.02142857142857,0.0,0.0,1.0,0.0,0.33333333333333215,0.35714285714285715,0.17857142857142907
2024-02-03,12.1,5.4,8.0,21.4,20.9,79,2,34,1,7.5,5.2,8.3,11.1,7.000000000000004,9.314285714285715,8.921428571428573,8.7,0.0,0.0,0.0,2.8999999999999986,1.5999999999999999,0.8000000000000005
2024-02-04,7.5,0.6,5.2,0.0,16.6,56,2,35,1,8.0,7.5,5.2,10.7,6.900000000000005,8.871428571428572,8.885714285714286,21.4,8.7,0.0,0.9,10.033333333333331,4.657142857142857,2.328571428571429
2024-02-05,8.7,0.4,4.6,0.0,11.0,44,2,36,1,5.2,8.0,7.5,11.5,6.900000000000005,8.085714285714285,8.7,0.0,21.4,8.7,0.6,10.033333333333331,4.5285714285714285,2.328571428571429
2024-02-06,10.7,-0.2,4.7,1.7,12.8,66,2,37,1,4.6,5.2,8.0,10.9,5.933333333333338,7.1,8.557142857142857,0.0,0.0,21.4,1.0,7.133333333333332,4.442857142857142,2.328571428571429
2024-02-07,10.9,0.1,5.3,0.0,13.3,68,2,38,1,4.7,4.6,5.2,8.3,4.833333333333338,6.214285714285714,8.421428571428573,1.7,0.0,0.0,0.0,0.5666666666666654,4.542857142857143,2.45
2024-02-08,11.8,4.1,7.9,0.0,9.0,38,2,39,1,5.3,4.7,4.6,5.2,4.866666666666672,5.785714285714286,8.185714285714285,0.0,1.7,0.0,0.0,0.5666666666666654,4.542857142857143,2.45
2024-02-09,12.2,4.7,8.4,0.0,11.0,38,2,40,1,7.9,5.3,4.7,7.5,5.966666666666671,6.171428571428572,7.978571428571429,0.0,0.0,1.7,8.7,0.5666666666666654,4.542857142857143,2.45
2024-02-10,14.0,3.5,8.9,0.0,8.8,49,2,41,1,8.4,7.9,5.3,8.0,7.2000000000000055,6.3,7.807142857142858,0.0,0.0,0.0,21.4,0.0,3.3,2.45
2024-02-11,14.3,3.6,9.2,0.0,12.1,47,2,42,1,8.9,8.4,7.9,5.2,8.400000000000006,6.428571428571429,7.6499999999999995,0.0,0.0,0.0,0.0,0.0,0.24285714285714285,2.45
2024-02-12,14.0,6.5,10.4,0.0,10.8,42,2,43,1,9.2,8.9,8.4,4.6,8.833333333333337,7.0,7.542857142857144,0.0,0.0,0.0,0.0,0.0,0.24285714285714285,2.385714285714286
2024-02-13,14.8,7.6,10.8,0.0,10.0,41,2,44,1,10.4,9.2,8.9,4.7,9.500000000000005,7.828571428571429,7.464285714285714,0.0,0.0,0.0,1.7,0.0,0.24285714285714285,2.342857142857143
2024-02-14,15.7,7.8,11.3,0.0,10.5,36,2,45,1,10.8,10.4,9.2,5.3,10.133333333333338,8.700000000000001,7.457142857142857,0.0,0.0,0.0,0.0,0.0,0.0,2.271428571428572
2024-02-15,16.6,8.1,11.9,0.0,8.6,26,2,46,1,11.3,10.8,10.4,7.9,10.833333333333337,9.557142857142859,7.671428571428572,0.0,0.0,0.0,0.0,0.0,0.0,2.271428571428572
2024-02-16,19.6,8.7,13.8,0.0,9.3,23,2,47,1,11.9,11.3,10.8,8.4,11.333333333333337,10.12857142857143,8.15,0.0,0.0,0.0,0.0,0.0,0.0,2.271428571428572
2024-02-17,20.8,8.7,14.8,0.0,11.3,28,2,48,1,13.8,11.9,11.3,8.9,12.333333333333337,10.9,8.6,0.0,0.0,0.0,0.0,0.0,0.0,1.6500000000000004
2024-02-18,20.7,9.5,15.0,3.1,18.4,40,2,49,1,14.8,13.8,11.9,9.2,13.500000000000005,11.742857142857144,9.085714285714285,0.0,0.0,0.0,0.0,0.0,0.0,0.12142857142857193
2024-02-19,10.4,3.8,8.1,3.2,24.8,61,2,50,1,15.0,14.8,13.8,10.4,14.533333333333339,12.571428571428573,9.785714285714286,3.1,0.0,0.0,0.0,1.033333333333332,0.4428571428571429,0.34285714285714336
2024-02-20,10.2,-0.2,5.2,0.0,13.8,53,2,51,1,8.1,15.0,14.8,10.8,12.633333333333338,12.242857142857144,10.035714285714286,3.2,3.1,0.0,0.0,2.099999999999999,0.9000000000000001,0.571428571428572
2024-02-21,10.1,3.0,6.5,2.2,20.0,45,2,52,1,5.2,8.1,15.0,11.3,9.433333333333339,11.442857142857145,10.071428571428573,0.0,3.2,3.1,0.0,2.099999999999999,0.9000000000000001,0.45000000000000057
2024-02-22,9.1,0.8,4.7,0.0,17.7,42,2,53,1,6.5,5.2,8.1,11.9,6.600000000000005,10.757142857142858,10.157142857142858,2.2,0.0,3.2,0.0,1.799999999999999,1.2142857142857142,0.6071428571428577
2024-02-23,10.2,2.5,6.0,0.0,17.7,29,2,54,1,4.7,6.5,5.2,13.8,5.466666666666671,9.72857142857143,9.928571428571429,0.0,2.2,0.0,0.0,0.7333333333333322,1.2142857142857142,0.6071428571428577
2024-02-24,10.7,3.6,6.8,0.0,18.4,32,2,55,1,6.0,4.7,6.5,14.8,5.733333333333339,8.614285714285714,9.757142857142856,0.0,0.0,2.2,0.0,0.7333333333333322,1.2142857142857142,0.6071428571428577
2024-02-25,9.9,2.9,6.3,0.7,19.1,44,2,56,1,6.8,6.0,4.7,15.0,5.833333333333338,7.471428571428572,9.607142857142858,0.0,0.0,0.0,3.1,0.0,1.2142857142857142,0.6071428571428577
2024-02-26,6.4,3.1,4.3,24.2,23.5,83,2,57,1,6.3,6.8,6.0,8.1,6.366666666666672,6.228571428571429,9.4,0.7,0.0,0.0,3.2,0.23333333333333214,0.8714285714285716,0.6571428571428577
2024-02-27,9.9,2.0,5.5,4.6,9.6,86,2,58,1,4.3,6.3,6.8,5.2,5.800000000000004,5.685714285714285,8.964285714285714,24.2,0.7,0.0,0.0,8.299999999999999,3.871428571428571,2.385714285714286
2024-02-28,12.9,2.7,7.7,6.9,10.4,83,2,59,1,5.5,4.3,6.3,6.5,5.366666666666671,5.728571428571428,8.585714285714285,4.6,24.2,0.7,2.2,9.83333333333333,4.528571428571428,2.714285714285715
2024-02-29,13.1,3.8,9.1,21.8,14.7,83,2,60,1,7.7,5.5,4.3,4.7,5.833333333333338,5.8999999999999995,8.328571428571427,6.9,4.6,24.2,0.0,11.899999999999999,5.2,3.2071428571428577
2024-03-01,9.1,0.7,5.5,11.6,11.8,88,3,61,2,9.1,7.7,5.5,6.0,7.433333333333337,6.528571428571429,8.128571428571428,21.8,6.9,4.6,0.0,11.1,8.314285714285715,4.764285714285715
2024-03-02,-0.2,-4.7,-2.0,0.5,25.4,73,3,62,2,5.5,9.1,7.7,6.8,7.433333333333337,6.457142857142857,7.535714285714286,11.6,21.8,6.9,0.0,13.433333333333332,9.971428571428572,5.592857142857143
2024-03-03,2.9,-4.5,-1.2,0.0,17.1,71,3,63,2,-2.0,5.5,9.1,6.3,4.200000000000005,5.2,6.335714285714286,0.5,11.6,21.8,0.7,11.299999999999999,10.042857142857143,5.628571428571429
2024-03-04,8.5,-3.9,2.0,0.0,9.4,68,3,64,2,-1.2,-2.0,5.5,4.3,0.7666666666666714,4.128571428571428,5.178571428571429,0.0,0.5,11.6,24.2,4.033333333333332,9.942857142857141,5.407142857142858
2024-03-05,9.1,0.2,4.6,0.1,12.6,65,3,65,2,2.0,-1.2,-2.0,5.5,-0.3999999999999953,3.8,4.742857142857143,0.0,0.0,0.5,4.6,0.1666666666666655,6.485714285714286,5.17857142857143
2024-03-06,8.8,2.2,5.1,11.2,16.7,85,3,66,2,4.6,2.0,-1.2,7.7,1.8000000000000045,3.6714285714285713,4.7,0.1,0.0,0.0,6.9,0.03333333333333215,5.8428571428571425,5.185714285714286
2024-03-07,10.7,0.7,5.7,0.0,8.9,77,3,67,2,5.1,4.6,2.0,9.1,3.9000000000000044,3.3,4.6,11.2,0.1,0.0,21.8,3.7666666666666653,6.457142857142857,5.828571428571429
2024-03-08,13.1,4.6,8.4,0.0,9.7,49,3,68,2,5.7,5.1,4.6,5.5,5.133333333333337,2.814285714285714,4.671428571428572,0.0,11.2,0.1,11.6,3.7666666666666653,3.3428571428571425,5.828571428571429
2024-03-09,15.7,2.0,10.4,0.0,9.4,53,3,69,2,8.4,5.7,5.1,-2.0,6.400000000000006,3.2285714285714286,4.8428571428571425,0.0,0.0,11.2,0.5,3.733333333333332,1.6857142857142855,5.828571428571429
2024-03-10,14.8,6.9,9.9,13.2,14.5,75,3,70,2,10.4,8.4,5.7,-1.2,8.166666666666671,5.0,5.1,0.0,0.0,0.0,0.0,0.0,1.614285714285714,5.828571428571429
2024-03-11,13.2,4.5,9.0,6.1,12.2,81,3,71,2,9.9,10.4,8.4,2.0,9.566666666666672,6.585714285714286,5.357142857142857,13.2,0.0,0.0,0.0,4.399999999999999,3.5,6.721428571428572
2024-03-12,15.8,3.4,9.4,5.8,16.5,74,3,72,2,9.0,9.9,10.4,4.6,9.766666666666671,7.585714285714286,5.692857142857143,6.1,13.2,0.0,0.1,6.433333333333333,4.371428571428571,5.428571428571429
2024-03-13,8.8,3.5,6.3,0.9,17.7,83,3,73,2,9.4,9.0,9.9,5.1,9.433333333333337,8.271428571428572,5.971428571428572,5.8,6.1,13.2,11.2,8.366666666666665,5.185714285714285,5.514285714285714
2024-03-14,13.6,0.8,7.5,0.0,7.4,70,3,74,2,6.3,9.4,9.0,5.7,8.233333333333338,8.442857142857143,5.871428571428572,0.9,5.8,6.1,0.0,4.266666666666665,3.7142857142857144,5.085714285714287
2024-03-15,14.3,4.7,9.3,0.0,10.4,61,3,75,2,7.5,6.3,9.4,8.4,7.733333333333338,8.700000000000001,5.757142857142858,0.0,0.9,5.8,0.0,2.233333333333332,3.7142857142857144,3.528571428571429
2024-03-16,17.4,5.3,11.2,0.0,9.0,55,3,76,2,9.3,7.5,6.3,10.4,7.7000000000000055,8.828571428571427,6.028571428571429,0.0,0.0,0.9,0.0,0.2999999999999988,3.7142857142857144,2.7000000000000006
2024-03-17,18.5,5.6,12.2,0.0,11.6,51,3,77,2,11.2,9.3,7.5,9.9,9.333333333333337,8.942857142857143,6.971428571428572,0.0,0.0,0.0,13.2,0.0,3.7142857142857144,2.664285714285715
2024-03-18,19.4,9.3,14.9,0.0,15.6,43,3,78,2,12.2,11.2,9.3,9.0,10.900000000000004,9.271428571428572,7.928571428571429,0.0,0.0,0.0,6.1,0.0,1.8285714285714285,2.664285714285715
2024-03-19,20.3,8.2,14.5,0.0,7.8,45,3,79,2,14.9,12.2,11.2,9.4,12.766666666666671,10.114285714285714,8.85,0.0,0.0,0.0,5.8,0.0,0.9571428571428572,2.664285714285715
2024-03-20,21.1,8.6,15.3,0.0,10.3,50,3,80,2,14.5,14.9,12.2,6.3,13.866666666666669,10.842857142857142,9.557142857142859,0.0,0.0,0.0,0.9,0.0,0.1285714285714286,2.657142857142858
2024-03-21,19.9,12.5,16.1,0.4,12.7,56,3,81,2,15.3,14.5,14.9,7.5,14.900000000000006,12.12857142857143,10.285714285714286,0.0,0.0,0.0,0.0,0.0,0.0,1.8571428571428579
2024-03-22,20.1,10.8,15.3,0.0,7.1,52,3,82,2,16.1,15.3,14.5,9.3,15.300000000000006,13.357142857142858,11.028571428571427,0.4,0.0,0.0,0.0,0.13333333333333217,0.05714285714285715,1.8857142857142863
2024-03-23,23.8,10.0,16.5,0.3,15.2,44,3,83,2,15.3,16.1,15.3,11.2,15.566666666666672,14.214285714285714,11.521428571428572,0.0,0.4,0.0,0.0,0.13333333333333217,0.05714285714285715,1.8857142857142863
2024-03-24,20.7,11.0,16.4,0.0,11.4,49,3,84,2,16.5,15.3,16.1,12.2,15.96666666666667,14.971428571428572,11.957142857142857,0.3,0.0,0.4,0.0,0.23333333333333214,0.09999999999999999,1.907142857142858
2024-03-25,23.2,9.8,16.7,0.1,12.3,54,3,85,2,16.4,16.5,15.3,14.9,16.06666666666667,15.571428571428571,12.421428571428573,0.0,0.3,0.0,0.0,0.09999999999999881,0.09999999999999999,0.9642857142857151
2024-03-26,23.4,12.6,18.0,0.4,15.4,53,3,86,2,16.7,16.4,16.5,14.5,16.533333333333335,15.828571428571431,12.971428571428572,0.1,0.0,0.3,0.0,0.13333333333333217,0.1142857142857143,0.5357142857142865
2024-03-27,21.6,13.5,16.3,9.6,15.5,64,3,87,2,18.0,16.7,16.4,15.3,17.033333333333335,16.32857142857143,13.585714285714285,0.4,0.1,0.0,0.0,0.1666666666666655,0.17142857142857146,0.15000000000000077
2024-03-28,18.6,11.1,14.4,0.8,12.2,72,3,88,2,16.3,18.0,16.7,16.1,17.000000000000004,16.47142857142857,14.3,9.6,0.4,0.1,0.4,3.3666666666666654,1.542857142857143,0.7714285714285722
2024-03-29,18.3,9.4,13.5,0.0,19.1,74,3,89,2,14.4,16.3,18.0,15.3,16.233333333333338,16.228571428571428,14.792857142857144,0.8,9.6,0.4,0.0,3.599999999999999,1.5999999999999999,0.8285714285714293
2024-03-30,15.4,8.1,12.1,0.0,17.4,49,3,90,2,13.5,14.4,16.3,16.5,14.733333333333336,15.971428571428572,15.092857142857143,0.0,0.8,9.6,0.3,3.4666666666666655,1.5999999999999999,0.8285714285714293
2024-03-31,17.3,6.1,11.9,0.0,9.8,34,3,91,2,12.1,13.5,14.4,16.4,13.333333333333337,15.342857142857143,15.157142857142858,0.0,0.0,0.8,0.0,0.2666666666666655,1.5571428571428572,0.8285714285714293
2024-04-01,19.6,10.6,14.8,0.0,14.6,28,4,92,2,11.9,12.1,13.5,16.7,12.500000000000005,14.7,15.135714285714286,0.0,0.0,0.0,0.1,0.0,1.5571428571428572,0.8285714285714293
2024-04-02,21.6,12.0,16.1,0.0,19.2,26,4,93,2,14.8,11.9,12.1,18.0,12.933333333333337,14.428571428571429,15.128571428571428,0.0,0.0,0.0,0.4,0.0,1.5428571428571427,0.8285714285714293
2024-04-03,19.1,10.5,14.6,0.0,16.6,30,4,94,2,16.1,14.8,11.9,16.3,14.266666666666671,14.157142857142857,15.242857142857142,0.0,0.0,0.0,9.6,0.0,1.4857142857142858,0.8285714285714293
2024-04-04,21.5,10.2,16.1,0.0,13.6,22,4,95,2,14.6,16.1,14.8,14.4,15.166666666666671,13.914285714285713,15.192857142857145,0.0,0.0,0.0,0.8,0.0,0.1142857142857143,0.8285714285714293
2024-04-05,22.0,12.4,17.2,0.0,10.7,18,4,96,2,16.1,14.6,16.1,13.5,15.600000000000003,14.157142857142858,15.192857142857145,0.0,0.0,0.0,0.0,0.0,0.0,0.8000000000000007
2024-04-06,22.5,12.6,17.5,0.0,11.7,18,4,97,2,17.2,16.1,14.6,12.1,15.966666666666669,14.685714285714287,15.328571428571427,0.0,0.0,0.0,0.0,0.0,0.0,0.8000000000000007
2024-04-07,24.2,14.0,19.0,0.0,12.3,18,4,98,2,17.5,17.2,16.1,11.9,16.933333333333337,15.457142857142857,15.4,0.0,0.0,0.0,0.0,0.0,0.0,0.7785714285714294
2024-04-08,25.0,12.5,19.5,0.0,8.8,17,4,99,2,19.0,17.5,17.2,14.8,17.900000000000002,16.47142857142857,15.585714285714285,0.0,0.0,0.0,0.0,0.0,0.0,0.7785714285714294
2024-04-09,25.1,14.4,20.2,0.0,17.7,23,4,100,2,19.5,19.0,17.5,16.1,18.666666666666668,17.142857142857142,15.785714285714286,0.0,0.0,0.0,0.0,0.0,0.0,0.7714285714285721
2024-04-10,26.6,13.7,20.5,0.0,17.3,27,4,101,2,20.2,19.5,19.0,14.6,19.566666666666666,17.728571428571428,15.942857142857145,0.0,0.0,0.0,0.0,0.0,0.0,0.7428571428571435
2024-04-11,28.0,13.4,20.5,0.0,22.9,27,4,102,2,20.5,20.2,19.5,16.1,20.066666666666666,18.571428571428573,16.242857142857144,0.0,0.0,0.0,0.0,0.0,0.0,0.057142857142857904
2024-04-12,23.3,13.3,18.0,2.4,26.7,48,4,103,2,20.5,20.5,20.2,17.2,20.400000000000002,19.2,16.678571428571427,0.0,0.0,0.0,0.0,0.0,0.0,0.0
2024-04-13,20.8,11.8,15.3,5.8,12.1,72,4,104,2,18.0,20.5,20.5,17.5,19.666666666666668,19.314285714285713,17.0,2.4,0.0,0.0,0.0,0.7999999999999988,0.34285714285714286,0.17142857142857218
2024-04-14,18.7,10.2,14.3,19.9,19.0,81,4,105,2,15.3,18.0,20.5,19.0,17.933333333333337,19.0,17.228571428571428,5.8,2.4,0.0,0.0,2.733333333333332,1.1714285714285713,0.5857142857142864
2024-04-15,16.8,12.3,13.9,10.8,17.1,76,4,106,2,14.3,15.3,18.0,19.5,15.866666666666669,18.32857142857143,17.4,19.9,5.8,2.4,0.0,9.366666666666665,4.014285714285714,2.0071428571428576
2024-04-16,19.0,8.5,14.3,0.0,11.3,56,4,107,2,13.9,14.3,15.3,20.2,14.500000000000002,17.52857142857143,17.335714285714285,10.8,19.9,5.8,0.0,12.166666666666666,5.557142857142857,2.778571428571429
2024-04-17,15.9,11.0,13.6,9.1,8.4,73,4,108,2,14.3,13.9,14.3,20.5,14.16666666666667,16.685714285714287,17.20714285714286,0.0,10.8,19.9,0.0,10.233333333333333,5.557142857142857,2.778571428571429
2024-04-18,17.9,10.4,13.6,4.1,12.0,80,4,109,2,13.6,14.3,13.9,20.5,13.933333333333337,15.700000000000001,17.135714285714286,9.1,0.0,10.8,0.0,6.633333333333333,6.857142857142857,3.4285714285714293
2024-04-19,15.4,10.3,12.5,3.5,18.8,78,4,110,2,13.6,13.6,14.3,18.0,13.833333333333336,14.714285714285717,16.95714285714286,4.1,9.1,0.0,2.4,4.399999999999999,7.442857142857142,3.721428571428572
2024-04-20,17.5,7.5,12.8,0.1,13.2,63,4,111,2,12.5,13.6,13.6,15.3,13.233333333333334,13.928571428571429,16.621428571428574,3.5,4.1,9.1,5.8,5.5666666666666655,7.6000000000000005,3.971428571428572
2024-04-21,18.8,9.4,14.3,0.1,12.6,59,4,112,2,12.8,12.5,13.6,14.3,12.966666666666669,13.571428571428571,16.285714285714285,0.1,3.5,4.1,19.9,2.566666666666665,6.785714285714286,3.978571428571429
2024-04-22,20.7,9.7,15.7,0.0,15.9,53,4,113,2,14.3,12.8,12.5,13.9,13.200000000000003,13.571428571428571,15.950000000000001,0.1,0.1,3.5,10.8,1.2333333333333323,3.957142857142857,3.9857142857142867
2024-04-23,22.6,12.4,17.6,0.0,9.7,41,4,114,2,15.7,14.3,12.8,14.3,14.266666666666667,13.828571428571427,15.678571428571429,0.0,0.1,0.1,0.0,0.06666666666666549,2.414285714285714,3.9857142857142867
2024-04-24,24.4,12.0,18.4,0.1,14.6,43,4,115,2,17.6,15.7,14.3,13.6,15.866666666666669,14.299999999999999,15.492857142857144,0.0,0.0,0.1,9.1,0.03333333333333215,2.414285714285714,3.9857142857142867
2024-04-25,20.8,12.3,16.9,2.8,11.6,57,4,116,2,18.4,17.6,15.7,13.6,17.233333333333334,14.985714285714286,15.342857142857143,0.1,0.0,0.0,4.1,0.03333333333333215,1.1285714285714286,3.9928571428571433
2024-04-26,19.3,11.6,14.8,6.2,14.5,72,4,117,2,16.9,18.4,17.6,12.5,17.633333333333336,15.457142857142856,15.085714285714285,2.8,0.1,0.0,3.5,0.9666666666666655,0.9428571428571428,4.192857142857144
2024-04-27,16.5,10.2,13.4,2.2,17.7,78,4,118,2,14.8,16.9,18.4,12.8,16.700000000000003,15.785714285714286,14.857142857142858,6.2,2.8,0.1,0.1,3.033333333333332,1.3285714285714287,4.464285714285714
2024-04-28,16.9,10.6,13.5,0.0,19.1,57,4,119,2,13.4,14.8,16.9,14.3,15.033333333333337,15.87142857142857,14.721428571428573,2.2,6.2,2.8,0.1,3.7333333333333325,1.6285714285714286,4.207142857142857
2024-04-29,15.7,6.5,11.5,0.0,20.2,47,4,120,2,13.5,13.4,14.8,15.7,13.900000000000004,15.757142857142856,14.664285714285715,0.0,2.2,6.2,0.0,2.799999999999999,1.6142857142857143,2.785714285714287
2024-04-30,14.9,6.3,11.0,0.0,18.6,40,4,121,2,11.5,13.5,13.4,17.6,12.800000000000002,15.157142857142857,14.492857142857144,0.0,0.0,2.2,0.0,0.7333333333333325,1.6142857142857143,2.014285714285715
2024-05-01,19.5,8.5,13.7,0.0,16.2,42,5,122,2,11.0,11.5,13.5,18.4,12.000000000000002,14.214285714285714,14.257142857142858,0.0,0.0,0.0,0.1,0.0,1.6142857142857143,2.014285714285715
2024-05-02,24.3,12.1,18.3,0.0,9.6,32,5,123,2,13.7,11.0,11.5,16.9,12.06666666666667,13.542857142857143,14.264285714285714,0.0,0.0,0.0,2.8,0.0,1.5999999999999999,1.364285714285715
2024-05-03,23.1,14.1,17.9,1.6,15.0,54,5,124,2,18.3,13.7,11.0,14.8,14.333333333333336,13.742857142857146,14.6,0.0,0.0,0.0,6.2,0.0,1.2,1.0714285714285723
2024-05-04,26.3,13.2,19.0,0.0,14.2,51,5,125,2,17.9,18.3,13.7,13.4,16.633333333333336,14.185714285714285,14.985714285714286,1.6,0.0,0.0,2.2,0.5333333333333324,0.5428571428571429,0.9357142857142865
2024-05-05,25.3,13.4,20.1,0.2,13.5,49,5,126,2,19.0,17.9,18.3,13.5,18.400000000000002,14.985714285714286,15.428571428571429,0.0,1.6,0.0,0.0,0.5333333333333324,0.2285714285714286,0.9285714285714294
2024-05-06,28.3,15.6,22.1,0.0,15.6,32,5,127,2,20.1,19.0,17.9,11.5,19.000000000000004,15.928571428571429,15.842857142857143,0.2,0.0,1.6,0.0,0.5999999999999991,0.2571428571428572,0.9357142857142866
2024-05-07,29.5,17.0,23.7,0.0,9.5,24,5,128,2,22.1,20.1,19.0,11.0,20.400000000000002,17.442857142857143,16.3,0.0,0.2,0.0,0.0,0.06666666666666578,0.2571428571428572,0.9357142857142866
2024-05-08,31.1,20.1,25.7,0.0,14.5,19,5,129,2,23.7,22.1,20.1,13.7,21.96666666666667,19.25714285714286,16.735714285714284,0.0,0.0,0.2,0.0,0.06666666666666578,0.2571428571428572,0.9357142857142866
2024-05-09,31.5,17.7,24.7,0.5,14.9,27,5,130,2,25.7,23.7,22.1,18.3,23.833333333333332,20.97142857142857,17.257142857142856,0.0,0.0,0.0,0.0,0.0,0.2571428571428572,0.9285714285714294
2024-05-10,30.0,18.5,23.7,0.4,16.1,36,5,131,2,24.7,25.7,23.7,17.9,24.700000000000003,21.885714285714283,17.814285714285713,0.5,0.0,0.0,1.6,0.16666666666666577,0.32857142857142857,0.7642857142857151
2024-05-11,28.7,17.1,22.9,0.0,19.8,31,5,132,2,23.7,24.7,25.7,19.0,24.7,22.714285714285715,18.45,0.4,0.5,0.0,0.0,0.2999999999999991,0.15714285714285717,0.3500000000000008
2024-05-12,26.2,14.4,20.9,0.0,14.2,18,5,133,2,22.9,23.7,24.7,20.1,23.76666666666667,23.271428571428572,19.12857142857143,0.0,0.4,0.5,0.2,0.2999999999999991,0.15714285714285717,0.19285714285714364
2024-05-13,29.3,17.2,23.0,0.0,14.8,17,5,134,2,20.9,22.9,23.7,22.1,22.5,23.385714285714283,19.657142857142855,0.0,0.0,0.4,0.0,0.13333333333333244,0.1285714285714286,0.19285714285714364
2024-05-14,31.4,16.1,24.1,0.0,17.5,29,5,135,2,23.0,20.9,22.9,23.7,22.26666666666667,23.514285714285712,20.478571428571428,0.0,0.0,0.0,0.0,0.0,0.12857142857142856,0.19285714285714364
2024-05-15,31.5,17.9,24.2,0.1,24.0,33,5,136,2,24.1,23.0,20.9,25.7,22.666666666666668,23.571428571428573,21.414285714285715,0.0,0.0,0.0,0.0,0.0,0.12857142857142856,0.19285714285714364
2024-05-16,30.7,17.9,24.4,0.0,12.2,32,5,137,2,24.2,24.1,23.0,24.7,23.76666666666667,23.357142857142858,22.164285714285715,0.1,0.0,0.0,0.5,0.033333333333332445,0.14285714285714285,0.2000000000000008
2024-05-17,31.6,18.5,25.7,0.1,11.8,30,5,138,2,24.4,24.2,24.1,23.7,24.233333333333334,23.314285714285713,22.599999999999998,0.0,0.1,0.0,0.4,0.033333333333332445,0.07142857142857142,0.2000000000000008
2024-05-18,28.9,19.6,23.1,0.4,15.1,43,5,139,2,25.7,24.4,24.2,22.9,24.76666666666667,23.6,23.157142857142855,0.1,0.0,0.1,0.0,0.06666666666666578,0.028571428571428564,0.09285714285714362
2024-05-19,29.5,18.0,24.2,0.0,11.6,35,5,140,2,23.1,25.7,24.4,20.9,24.400000000000002,23.62857142857143,23.45,0.4,0.1,0.0,0.0,0.16666666666666577,0.08571428571428572,0.1214285714285722
2024-05-20,30.7,20.6,25.9,0.0,16.7,25,5,141,2,24.2,23.1,25.7,23.0,24.33333333333334,24.099999999999998,23.74285714285714,0.0,0.4,0.1,0.0,0.16666666666666577,0.08571428571428572,0.1071428571428579
2024-05-21,31.1,17.8,25.7,0.0,14.0,22,5,142,2,25.9,24.2,23.1,24.1,24.400000000000002,24.514285714285712,24.014285714285712,0.0,0.0,0.4,0.0,0.13333333333333244,0.08571428571428572,0.1071428571428579
2024-05-22,32.0,21.6,27.1,0.0,12.4,14,5,143,2,25.7,25.9,24.2,24.2,25.26666666666667,24.74285714285714,24.157142857142855,0.0,0.0,0.0,0.1,0.0,0.08571428571428572,0.1071428571428579
2024-05-23,34.3,21.4,28.5,0.0,20.3,13,5,144,2,27.1,25.7,25.9,24.4,26.233333333333334,25.157142857142855,24.257142857142856,0.0,0.0,0.0,0.0,0.0,0.07142857142857142,0.1071428571428579
2024-05-24,34.5,21.4,28.4,0.0,18.7,18,5,145,2,28.5,27.1,25.7,25.7,27.100000000000005,25.742857142857144,24.52857142857143,0.0,0.0,0.0,0.1,0.0,0.07142857142857142,0.07142857142857219
2024-05-25,35.0,20.5,28.6,0.0,24.7,20,5,146,2,28.4,28.5,27.1,23.1,28.0,26.128571428571426,24.864285714285717,0.0,0.0,0.0,0.4,0.0,0.05714285714285714,0.04285714285714363
2024-05-26,34.1,23.1,28.8,0.0,24.0,16,5,147,2,28.6,28.4,28.5,24.2,28.5,26.914285714285715,25.27142857142857,0.0,0.0,0.0,0.0,0.0,0.0,0.04285714285714363
2024-05-27,34.1,22.7,28.4,0.0,28.8,17,5,148,2,28.8,28.6,28.4,25.9,28.600000000000005,27.571428571428573,25.835714285714285,0.0,0.0,0.0,0.0,0.0,0.0,0.04285714285714363
2024-05-28,33.0,21.6,27.5,0.0,22.9,14,5,149,2,28.4,28.8,28.6,25.7,28.600000000000005,27.928571428571427,26.22142857142857,0.0,0.0,0.0,0.0,0.0,0.0,0.04285714285714363
2024-05-29,31.8,18.8,26.7,0.0,24.5,10,5,150,2,27.5,28.4,28.8,27.1,28.233333333333334,28.185714285714287,26.464285714285715,0.0,0.0,0.0,0.0,0.0,0.0,0.04285714285714363
2024-05-30,32.2,21.1,26.5,0.0,19.3,12,5,151,2,26.7,27.5,28.4,28.5,27.533333333333335,28.128571428571426,26.642857142857142,0.0,0.0,0.0,0.0,0.0,0.0,0.03571428571428648
2024-05-31,30.6,20.6,26.3,0.0,16.6,12,5,152,2,26.5,26.7,27.5,28.4,26.900000000000002,27.842857142857138,26.792857142857144,0.0,0.0,0.0,0.0,0.0,0.0,0.03571428571428648
2024-06-01,33.9,21.5,27.3,0.0,20.3,11,6,153,3,26.3,26.5,26.7,28.6,26.5,27.542857142857144,26.83571428571429,0.0,0.0,0.0,0.0,0.0,0.0,0.028571428571429337
2024-06-02,34.5,21.3,28.4,0.0,12.9,9,6,154,3,27.3,26.3,26.5,28.8,26.700000000000003,27.357142857142858,27.135714285714283,0.0,0.0,0.0,0.0,0.0,0.0,0.0
2024-06-03,34.7,19.4,27.7,0.0,17.4,15,6,155,3,28.4,27.3,26.3,28.4,27.333333333333332,27.300000000000004,27.435714285714287,0.0,0.0,0.0,0.0,0.0,0.0,0.0
2024-06-04,35.6,20.2,28.9,0.0,23.5,12,6,156,3,27.7,28.4,27.3,27.5,27.8,27.2,27.564285714285713,0.0,0.0,0.0,0.0,0.0,0.0,0.0
2024-06-05,31.9,20.9,27.5,0.0,22.6,17,6,157,3,28.9,27.7,28.4,26.7,28.333333333333332,27.400000000000002,27.79285714285714,0.0,0.0,0.0,0.0,0.0,0.0,0.0
2024-06-06,32.2,19.7,26.8,0.0,19.5,19,6,158,3,27.5,28.9,27.7,26.5,28.033333333333335,27.514285714285716,27.821428571428573,0.0,0.0,0.0,0.0,0.0,0.0,0.0
2024-06-07,30.0,18.7,25.4,0.0,21.1,24,6,159,3,26.8,27.5,28.9,26.3,27.733333333333334,27.557142857142857,27.7,0.0,0.0,0.0,0.0,0.0,0.0,0.0
2024-06-08,30.2,18.6,24.6,0.0,14.7,23,6,160,3,25.4,26.8,27.5,27.3,26.566666666666674,27.428571428571427,27.485714285714284,0.0,0.0,0.0,0.0,0.0,0.0,0.0
2024-06-09,31.9,16.5,25.1,0.0,15.7,25,6,161,3,24.6,25.4,26.8,28.4,25.600000000000005,27.04285714285714,27.2,0.0,0.0,0.0,0.0,0.0,0.0,0.0
2024-06-10,31.9,17.8,26.1,0.0,13.0,13,6,162,3,25.1,24.6,25.4,27.7,25.033333333333335,26.571428571428573,26.935714285714287,0.0,0.0,0.0,0.0,0.0,0.0,0.0
2024-06-11,33.2,20.3,27.5,0.0,12.2,10,6,163,3,26.1,25.1,24.6,28.9,25.26666666666667,26.342857142857145,26.77142857142857,0.0,0.0,0.0,0.0,0.0,0.0,0.0
2024-06-12,34.6,19.7,27.9,0.0,17.3,12,6,164,3,27.5,26.1,25.1,27.5,26.233333333333338,26.142857142857142,26.77142857142857,0.0,0.0,0.0,0.0,0.0,0.0,0.0
2024-06-13,34.5,19.5,27.9,0.0,20.2,18,6,165,3,27.9,27.5,26.1,26.8,27.166666666666668,26.199999999999996,26.857142857142858,0.0,0.0,0.0,0.0,0.0,0.0,0.0
2024-06-14,36.5,20.0,28.1,0.0,26.6,26,6,166,3,27.9,27.9,27.5,25.4,27.76666666666667,26.357142857142858,26.957142857142856,0.0,0.0,0.0,0.0,0.0,0.0,0.0
2024-06-15,35.4,20.5,28.1,0.0,21.3,30,6,167,3,28.1,27.9,27.9,24.6,27.96666666666667,26.74285714285714,27.085714285714285,0.0,0.0,0.0,0.0,0.0,0.0,0.0
2024-06-16,36.0,20.4,29.0,0.0,17.6,31,6,168,3,28.1,28.1,27.9,25.1,28.033333333333335,27.242857142857144,27.142857142857142,0.0,0.0,0.0,0.0,0.0,0.0,0.0
2024-06-17,35.0,25.1,30.4,0.0,18.1,14,6,169,3,29.0,28.1,28.1,26.1,28.400000000000006,27.800000000000004,27.185714285714283,0.0,0.0,0.0,0.0,0.0,0.0,0.0
2024-06-18,34.0,20.8,28.7,0.0,16.7,15,6,170,3,30.4,29.0,28.1,27.5,29.166666666666668,28.41428571428571,27.37857142857143,0.0,0.0,0.0,0.0,0.0,0.0,0.0
2024-06-19,34.4,22.0,29.0,0.0,17.3,16,6,171,3,28.7,30.4,29.0,27.9,29.36666666666667,28.585714285714285,27.364285714285717,0.0,0.0,0.0,0.0,0.0,0.0,0.0
2024-06-20,34.6,22.6,28.9,0.0,18.3,15,6,172,3,29.0,28.7,30.4,27.9,29.36666666666667,28.74285714285714,27.47142857142857,0.0,0.0,0.0,0.0,0.0,0.0,0.0
2024-06-21,31.4,19.8,25.5,0.1,20.8,46,6,173,3,28.9,29.0,28.7,28.1,28.86666666666667,28.88571428571429,27.62142857142857,0.0,0.0,0.0,0.0,0.0,0.0,0.0
2024-06-22,33.1,18.5,25.6,0.1,13.9,45,6,174,3,25.5,28.9,29.0,28.1,27.8,28.514285714285716,27.628571428571426,0.1,0.0,0.0,0.0,0.033333333333332445,0.014285714285714278,0.0071428571428579085
2024-06-23,34.2,19.6,27.5,0.0,16.9,33,6,175,3,25.6,25.5,28.9,29.0,26.666666666666668,28.157142857142855,27.7,0.1,0.1,0.0,0.0,0.06666666666666578,0.028571428571428564,0.014285714285715052
2024-06-24,34.3,20.5,28.2,0.0,17.3,28,6,176,3,27.5,25.6,25.5,30.4,26.200000000000003,27.942857142857143,27.87142857142857,0.0,0.1,0.1,0.0,0.06666666666666578,0.028571428571428564,0.014285714285715052
2024-06-25,35.9,21.1,28.4,0.0,13.0,26,6,177,3,28.2,27.5,25.6,28.7,27.100000000000005,27.628571428571426,28.021428571428572,0.0,0.0,0.1,0.0,0.033333333333332445,0.028571428571428564,0.014285714285715052
2024-06-26,35.8,21.8,29.0,0.0,19.7,26,6,178,3,28.4,28.2,27.5,29.0,28.03333333333333,27.585714285714285,28.08571428571429,0.0,0.0,0.0,0.0,0.0,0.028571428571428564,0.014285714285715052
2024-06-27,36.1,22.3,29.5,0.0,20.9,29,6,179,3,29.0,28.4,28.2,28.9,28.53333333333333,27.585714285714285,28.16428571428571,0.0,0.0,0.0,0.0,0.0,0.028571428571428564,0.014285714285715052
2024-06-28,34.5,22.5,28.5,0.0,17.3,43,6,180,3,29.5,29.0,28.4,25.5,28.96666666666667,27.67142857142857,28.27857142857143,0.0,0.0,0.0,0.1,0.0,0.028571428571428564,0.014285714285715052
2024-06-29,37.0,21.9,28.9,0.0,17.4,45,6,181,3,28.5,29.5,29.0,25.6,29.0,28.099999999999998,28.307142857142853,0.0,0.0,0.0,0.1,0.0,0.014285714285714278,0.014285714285715052
2024-06-30,38.3,22.2,30.4,0.0,17.1,39,6,182,3,28.9,28.5,29.5,27.5,28.96666666666667,28.571428571428573,28.364285714285717,0.0,0.0,0.0,0.0,0.0,0.0,0.014285714285715052
2024-07-01,37.7,22.2,30.5,0.0,18.1,39,7,183,3,30.4,28.9,28.5,28.2,29.26666666666667,28.985714285714284,28.464285714285715,0.0,0.0,0.0,0.0,0.0,0.0,0.014285714285715052
2024-07-02,36.6,22.0,30.3,0.0,14.0,39,7,184,3,30.5,30.4,28.9,28.4,29.933333333333337,29.314285714285713,28.471428571428568,0.0,0.0,0.0,0.0,0.0,0.0,0.014285714285715052
2024-07-03,39.0,21.8,30.6,0.0,17.4,41,7,185,3,30.3,30.5,30.4,29.0,30.400000000000002,29.585714285714285,28.585714285714285,0.0,0.0,0.0,0.0,0.0,0.0,0.014285714285715052
2024-07-04,39.7,23.2,31.3,0.0,18.2,48,7,186,3,30.6,30.3,30.5,29.5,30.46666666666667,29.814285714285713,28.7,0.0,0.0,0.0,0.0,0.0,0.0,0.014285714285715052
2024-07-05,38.7,23.8,32.0,0.0,16.9,40,7,187,3,31.3,30.6,30.3,28.5,30.733333333333338,30.071428571428573,28.871428571428574,0.0,0.0,0.0,0.0,0.0,0.0,0.014285714285715052
2024-07-06,35.2,22.5,29.5,0.0,18.1,35,7,188,3,32.0,31.3,30.6,28.9,31.3,30.571428571428573,29.33571428571429,0.0,0.0,0.0,0.0,0.0,0.0,0.0071428571428579085
2024-07-07,35.2,20.7,28.1,0.0,13.4,46,7,189,3,29.5,32.0,31.3,30.4,30.933333333333337,30.657142857142855,29.614285714285717,0.0,0.0,0.0,0.0,0.0,0.0,0.0
2024-07-08,34.3,20.6,27.4,0.0,16.3,51,7,190,3,28.1,29.5,32.0,30.5,29.86666666666667,30.328571428571426,29.657142857142855,0.0,0.0,0.0,0.0,0.0,0.0,0.0
2024-07-09,36.1,21.4,28.4,0.0,17.0,47,7,191,3,27.4,28.1,29.5,30.3,28.333333333333332,29.88571428571429,29.599999999999998,0.0,0.0,0.0,0.0,0.0,0.0,0.0
2024-07-10,36.9,21.2,29.4,0.0,15.6,44,7,192,3,28.4,27.4,28.1,30.6,27.96666666666667,29.614285714285717,29.6,0.0,0.0,0.0,0.0,0.0,0.0,0.0
2024-07-11,36.0,23.1,29.9,0.0,14.0,32,7,193,3,29.4,28.4,27.4,31.3,28.400000000000002,29.442857142857147,29.628571428571426,0.0,0.0,0.0,0.0,0.0,0.0,0.0
2024-07-12,35.5,21.0,29.0,0.0,17.8,35,7,194,3,29.9,29.4,28.4,32.0,29.233333333333334,29.24285714285714,29.657142857142855,0.0,0.0,0.0,0.0,0.0,0.0,0.0
2024-07-13,34.2,22.2,27.9,0.0,17.6,44,7,195,3,29.0,29.9,29.4,29.5,29.433333333333337,28.814285714285713,29.692857142857147,0.0,0.0,0.0,0.0,0.0,0.0,0.0
2024-07-14,32.9,20.7,27.0,0.0,12.1,46,7,196,3,27.9,29.0,29.9,28.1,28.933333333333337,28.585714285714285,29.62142857142857,0.0,0.0,0.0,0.0,0.0,0.0,0.0
2024-07-15,34.4,21.4,27.9,0.0,17.4,50,7,197,3,27.0,27.9,29.0,27.4,27.96666666666667,28.428571428571427,29.37857142857143,0.0,0.0,0.0,0.0,0.0,0.0,0.0
2024-07-16,36.5,22.0,29.4,0.0,16.6,42,7,198,3,27.9,27.0,27.9,28.4,27.600000000000005,28.5,29.192857142857143,0.0,0.0,0.0,0.0,0.0,0.0,0.0
2024-07-17,36.5,22.3,29.9,0.0,12.9,38,7,199,3,29.4,27.9,27.0,29.4,28.100000000000005,28.642857142857142,29.12857142857143,0.0,0.0,0.0,0.0,0.0,0.0,0.0
2024-07-18,35.1,22.2,29.0,0.0,15.9,35,7,200,3,29.9,29.4,27.9,29.9,29.066666666666666,28.714285714285715,29.078571428571426,0.0,0.0,0.0,0.0,0.0,0.0,0.0
2024-07-19,35.4,21.6,28.0,0.0,21.5,52,7,201,3,29.0,29.9,29.4,29.0,29.433333333333337,28.585714285714285,28.91428571428571,0.0,0.0,0.0,0.0,0.0,0.0,0.0
2024-07-20,35.0,21.8,27.9,0.0,19.4,53,7,202,3,28.0,29.0,29.9,27.9,28.96666666666667,28.442857142857143,28.628571428571426,0.0,0.0,0.0,0.0,0.0,0.0,0.0
2024-07-21,36.9,21.8,28.5,0.0,17.9,48,7,203,3,27.9,28.0,29.0,27.0,28.3,28.442857142857143,28.51428571428571,0.0,0.0,0.0,0.0,0.0,0.0,0.0
2024-07-22,37.3,21.4,29.4,0.0,13.4,44,7,204,3,28.5,27.9,28.0,27.9,28.133333333333336,28.657142857142855,28.542857142857144,0.0,0.0,0.0,0.0,0.0,0.0,0.0
2024-07-23,37.4,22.8,29.9,0.0,16.3,40,7,205,3,29.4,28.5,27.9,29.4,28.600000000000005,28.87142857142857,28.685714285714287,0.0,0.0,0.0,0.0,0.0,0.0,0.0
2024-07-24,36.2,22.0,29.1,0.0,15.5,43,7,206,3,29.9,29.4,28.5,29.9,29.26666666666667,28.94285714285714,28.79285714285714,0.0,0.0,0.0,0.0,0.0,0.0,0.0
2024-07-25,37.1,21.5,28.6,0.0,15.7,49,7,207,3,29.1,29.9,29.4,29.0,29.46666666666667,28.82857142857143,28.771428571428572,0.0,0.0,0.0,0.0,0.0,0.0,0.0
2024-07-26,37.0,21.8,29.3,0.0,18.7,46,7,208,3,28.6,29.1,29.9,28.0,29.200000000000003,28.771428571428572,28.678571428571427,0.0,0.0,0.0,0.0,0.0,0.0,0.0
2024-07-27,39.1,23.3,31.0,0.0,15.7,40,7,209,3,29.3,28.6,29.1,27.9,29.000000000000004,28.95714285714286,28.699999999999996,0.0,0.0,0.0,0.0,0.0,0.0,0.0
2024-07-28,39.3,23.6,30.5,0.0,21.3,51,7,210,3,31.0,29.3,28.6,28.5,29.633333333333336,29.400000000000002,28.92142857142857,0.0,0.0,0.0,0.0,0.0,0.0,0.0
2024-07-29,37.8,23.7,29.8,0.0,19.1,53,7,211,3,30.5,31.0,29.3,29.4,30.26666666666667,29.685714285714287,29.17142857142857,0.0,0.0,0.0,0.0,0.0,0.0,0.0
2024-07-30,32.3,24.2,28.4,0.4,17.8,59,7,212,3,29.8,30.5,31.0,29.9,30.433333333333337,29.74285714285714,29.307142857142857,0.0,0.0,0.0,0.0,0.0,0.0,0.0
2024-07-31,36.1,23.1,29.2,0.0,13.2,54,7,213,3,28.4,29.8,30.5,29.1,29.566666666666674,29.528571428571432,29.235714285714284,0.4,0.0,0.0,0.0,0.13333333333333244,0.05714285714285714,0.028571428571429337
2024-08-01,37.0,24.8,29.9,0.0,16.9,47,8,214,3,29.2,28.4,29.8,28.6,29.133333333333336,29.54285714285714,29.185714285714287,0.0,0.4,0.0,0.0,0.13333333333333244,0.05714285714285714,0.028571428571429337
2024-08-02,33.3,24.2,27.8,0.9,18.5,62,8,215,3,29.9,29.2,28.4,29.3,29.166666666666668,29.728571428571428,29.25,0.0,0.0,0.4,0.0,0.13333333333333244,0.05714285714285714,0.028571428571429337
2024-08-03,30.8,22.7,26.4,0.7,13.4,64,8,216,3,27.8,29.9,29.2,31.0,28.96666666666667,29.514285714285712,29.235714285714288,0.9,0.0,0.0,0.0,0.2999999999999991,0.18571428571428572,0.09285714285714362
2024-08-04,29.6,22.6,25.9,1.8,12.7,67,8,217,3,26.4,27.8,29.9,30.5,28.03333333333333,28.857142857142858,29.128571428571426,0.7,0.9,0.0,0.0,0.5333333333333324,0.2857142857142857,0.14285714285714363
2024-08-05,29.4,21.8,25.6,2.8,17.3,69,8,218,3,25.9,26.4,27.8,29.8,26.700000000000003,28.199999999999996,28.942857142857143,1.8,0.7,0.9,0.0,1.1333333333333324,0.5428571428571428,0.2714285714285722
2024-08-06,33.3,22.5,26.5,9.7,15.2,66,8,219,3,25.6,25.9,26.4,28.4,25.96666666666667,27.599999999999998,28.67142857142857,2.8,1.8,0.7,0.4,1.7666666666666657,0.9428571428571428,0.47142857142857214
2024-08-07,33.6,22.4,27.2,0.3,14.2,61,8,220,3,26.5,25.6,25.9,29.2,26.0,27.32857142857143,28.428571428571427,9.7,2.8,1.8,0.0,4.766666666666666,2.2714285714285714,1.164285714285715
2024-08-08,35.0,21.4,28.1,0.0,13.5,59,8,221,3,27.2,26.5,25.6,29.9,26.433333333333337,27.042857142857144,28.29285714285714,0.3,9.7,2.8,0.0,4.266666666666666,2.314285714285714,1.1857142857142864
2024-08-09,36.5,21.9,29.1,0.0,16.8,46,8,222,3,28.1,27.2,26.5,27.8,27.26666666666667,26.785714285714285,28.25714285714286,0.0,0.3,9.7,0.9,3.3333333333333326,2.314285714285714,1.1857142857142864
2024-08-10,36.1,22.1,29.6,0.0,16.6,39,8,223,3,29.1,28.1,27.2,26.4,28.133333333333336,26.971428571428568,28.242857142857144,0.0,0.0,0.3,0.7,0.09999999999999941,2.1857142857142855,1.1857142857142864
2024-08-11,36.8,24.4,30.2,0.0,17.6,33,8,224,3,29.6,29.1,28.1,25.9,28.933333333333337,27.428571428571427,28.142857142857142,0.0,0.0,0.0,1.8,0.0,2.085714285714286,1.1857142857142864
2024-08-12,34.0,22.9,27.5,0.1,25.8,63,8,225,3,30.2,29.6,29.1,25.6,29.633333333333336,28.042857142857144,28.121428571428574,0.0,0.0,0.0,2.8,0.0,1.8285714285714285,1.1857142857142864
2024-08-13,37.1,21.8,29.2,0.0,15.3,46,8,226,3,27.5,30.2,29.6,26.5,29.100000000000005,28.314285714285713,27.957142857142856,0.1,0.0,0.0,9.7,0.03333333333333274,1.4428571428571428,1.1928571428571435
2024-08-14,37.2,21.7,29.1,0.0,16.3,51,8,227,3,29.2,27.5,30.2,27.2,28.96666666666667,28.699999999999996,28.014285714285716,0.0,0.1,0.0,0.3,0.03333333333333274,0.05714285714285715,1.164285714285715
2024-08-15,37.8,22.4,29.2,0.0,17.1,53,8,228,3,29.1,29.2,27.5,28.1,28.600000000000005,28.97142857142857,28.007142857142856,0.0,0.0,0.1,0.0,0.03333333333333274,0.014285714285714287,1.164285714285715
2024-08-16,32.2,22.6,27.0,2.2,17.1,64,8,229,3,29.2,29.1,29.2,29.1,29.166666666666668,29.12857142857143,27.957142857142856,0.0,0.0,0.0,0.0,0.0,0.014285714285714287,1.164285714285715
2024-08-17,30.0,22.2,25.6,0.9,16.5,66,8,230,3,27.0,29.2,29.1,29.6,28.433333333333337,28.82857142857143,27.900000000000002,2.2,0.0,0.0,0.0,0.7333333333333328,0.3285714285714286,1.2571428571428578
2024-08-18,30.5,22.0,25.4,0.5,19.9,67,8,231,3,25.6,27.0,29.2,30.2,27.26666666666667,28.257142857142856,27.842857142857145,0.9,2.2,0.0,0.0,1.0333333333333328,0.4571428571428572,1.2714285714285722
2024-08-19,33.8,20.9,26.9,0.3,11.0,56,8,232,3,25.4,25.6,27.0,27.5,26.0,27.571428571428573,27.807142857142853,0.5,0.9,2.2,0.1,1.1999999999999995,0.5285714285714286,1.1785714285714293
2024-08-20,33.4,19.8,26.8,0.0,16.6,45,8,233,3,26.9,25.4,25.6,29.2,25.96666666666667,27.485714285714288,27.900000000000002,0.3,0.5,0.9,0.0,0.5666666666666661,0.5571428571428572,1.0000000000000007
2024-08-21,32.4,18.0,25.4,0.0,16.2,52,8,234,3,26.8,26.9,25.4,29.1,26.36666666666667,27.142857142857142,27.921428571428574,0.0,0.3,0.5,0.0,0.2666666666666661,0.5571428571428572,0.3071428571428579
2024-08-22,32.3,18.7,25.5,0.0,18.7,47,8,235,3,25.4,26.8,26.9,29.2,26.36666666666667,26.61428571428571,27.792857142857144,0.0,0.0,0.3,0.0,0.09999999999999941,0.5571428571428572,0.2857142857142865
2024-08-23,33.0,17.6,25.5,0.0,16.8,39,8,236,3,25.5,25.4,26.8,27.0,25.900000000000002,26.085714285714285,27.607142857142858,0.0,0.0,0.0,2.2,0.0,0.5571428571428572,0.2857142857142865
2024-08-24,33.0,18.0,25.5,0.0,15.2,46,8,237,3,25.5,25.5,25.4,25.6,25.46666666666667,25.87142857142857,27.349999999999998,0.0,0.0,0.0,0.9,0.0,0.24285714285714285,0.2857142857142865
2024-08-25,33.4,18.5,26.6,0.0,15.0,38,8,238,3,25.5,25.5,25.5,25.4,25.5,25.857142857142858,27.057142857142857,0.0,0.0,0.0,0.5,0.0,0.1142857142857143,0.2857142857142865
2024-08-26,34.1,18.4,26.6,0.0,15.5,41,8,239,3,26.6,25.5,25.5,26.9,25.86666666666667,26.02857142857143,26.800000000000004,0.0,0.0,0.0,0.3,0.0,0.04285714285714286,0.2857142857142865
2024-08-27,31.3,19.7,25.4,0.1,25.8,56,8,240,3,26.6,26.6,25.5,26.8,26.233333333333334,25.985714285714288,26.735714285714288,0.0,0.0,0.0,0.0,0.0,0.0,0.27857142857142936
2024-08-28,33.3,19.9,25.2,0.1,22.4,59,8,241,3,25.4,26.6,26.6,25.4,26.200000000000003,25.785714285714285,26.464285714285715,0.1,0.0,0.0,0.0,0.03333333333333274,0.014285714285714287,0.2857142857142865
2024-08-29,29.0,19.5,24.5,0.1,16.0,62,8,242,3,25.2,25.4,26.6,25.5,25.733333333333338,25.75714285714286,26.185714285714287,0.1,0.1,0.0,0.0,0.06666666666666608,0.028571428571428574,0.29285714285714365
2024-08-30,26.5,20.6,22.6,16.4,12.4,73,8,243,3,24.5,25.2,25.4,25.5,25.03333333333333,25.614285714285717,25.849999999999998,0.1,0.1,0.1,0.0,0.1,0.042857142857142864,0.30000000000000077
2024-08-31,26.1,19.7,22.4,3.7,14.2,77,8,244,3,22.6,24.5,25.2,25.5,24.100000000000005,25.2,25.535714285714285,16.4,0.1,0.1,0.0,5.533333333333332,2.3857142857142857,1.314285714285715
2024-09-01,28.5,18.5,23.0,0.5,10.3,74,9,245,4,22.4,22.6,24.5,26.6,23.166666666666668,24.75714285714286,25.307142857142857,3.7,16.4,0.1,0.0,6.733333333333332,2.914285714285714,1.514285714285715
2024-09-02,30.0,19.6,24.4,0.6,12.7,67,9,246,4,23.0,22.4,22.6,26.6,22.666666666666668,24.242857142857144,25.135714285714283,0.5,3.7,16.4,0.0,6.866666666666666,2.9857142857142853,1.514285714285715
2024-09-03,31.0,17.3,23.3,0.0,13.7,71,9,247,4,24.4,23.0,22.4,25.4,23.26666666666667,23.928571428571427,24.957142857142856,0.6,0.5,3.7,0.1,1.5999999999999999,3.0714285714285716,1.5357142857142865
2024-09-04,31.3,17.0,24.2,0.0,12.7,49,9,248,4,23.3,24.4,23.0,25.2,23.566666666666666,23.62857142857143,24.707142857142856,0.0,0.6,0.5,0.1,0.3666666666666667,3.057142857142857,1.5357142857142865
2024-09-05,32.1,19.2,26.0,0.0,14.2,17,9,249,4,24.2,23.3,24.4,24.5,23.96666666666667,23.485714285714284,24.62142857142857,0.0,0.0,0.6,0.1,0.19999999999999998,3.042857142857143,1.5357142857142865
2024-09-06,32.7,19.4,25.9,0.0,12.3,23,9,250,4,26.0,24.2,23.3,22.6,24.5,23.699999999999996,24.657142857142855,0.0,0.0,0.0,16.4,0.0,3.0285714285714285,1.5357142857142865
2024-09-07,33.1,18.2,26.2,0.0,13.0,29,9,251,4,25.9,26.0,24.2,22.4,25.36666666666667,24.17142857142857,24.685714285714287,0.0,0.0,0.0,3.7,0.0,0.6857142857142857,1.5357142857142865
2024-09-08,33.7,19.6,26.6,0.0,18.1,21,9,252,4,26.2,25.9,26.0,23.0,26.033333333333335,24.714285714285715,24.735714285714288,0.0,0.0,0.0,0.5,0.0,0.15714285714285717,1.5357142857142865
2024-09-09,31.7,17.8,24.8,0.0,15.6,13,9,253,4,26.6,26.2,25.9,24.4,26.233333333333334,25.228571428571428,24.735714285714284,0.0,0.0,0.0,0.6,0.0,0.08571428571428572,1.5357142857142865
2024-09-10,31.1,17.4,23.7,0.0,16.4,13,9,254,4,24.8,26.6,26.2,23.3,25.86666666666667,25.285714285714285,24.607142857142858,0.0,0.0,0.0,0.0,0.0,0.0,1.5357142857142865
2024-09-11,31.4,18.0,24.4,0.0,15.8,15,9,255,4,23.7,24.8,26.6,24.2,25.033333333333335,25.342857142857145,24.485714285714284,0.0,0.0,0.0,0.0,0.0,0.0,1.5285714285714291
2024-09-12,30.3,19.0,24.9,0.0,15.6,14,9,256,4,24.4,23.7,24.8,26.0,24.3,25.37142857142857,24.428571428571427,0.0,0.0,0.0,0.0,0.0,0.0,1.5214285714285722
2024-09-13,30.0,17.7,24.1,0.0,14.5,12,9,257,4,24.9,24.4,23.7,25.9,24.333333333333332,25.214285714285715,24.457142857142856,0.0,0.0,0.0,0.0,0.0,0.0,1.514285714285715
2024-09-14,28.7,15.1,22.1,0.0,15.2,16,9,258,4,24.1,24.9,24.4,26.2,24.46666666666667,24.95714285714286,24.564285714285713,0.0,0.0,0.0,0.0,0.0,0.0,0.3428571428571436
2024-09-15,29.3,14.4,22.2,0.0,13.8,29,9,259,4,22.1,24.1,24.9,26.6,23.700000000000003,24.37142857142857,24.54285714285714,0.0,0.0,0.0,0.0,0.0,0.0,0.07857142857142933
2024-09-16,29.7,16.1,23.3,0.0,12.7,30,9,260,4,22.2,22.1,24.1,24.8,22.8,23.74285714285714,24.485714285714288,0.0,0.0,0.0,0.0,0.0,0.0,0.042857142857143614
2024-09-17,30.8,19.4,24.8,0.0,20.6,24,9,261,4,23.3,22.2,22.1,23.7,22.533333333333335,23.52857142857143,24.407142857142855,0.0,0.0,0.0,0.0,0.0,0.0,0.0
2024-09-18,30.1,19.5,24.8,0.0,10.6,22,9,262,4,24.8,23.3,22.2,24.4,23.433333333333337,23.685714285714287,24.514285714285712,0.0,0.0,0.0,0.0,0.0,0.0,0.0
2024-09-19,31.5,16.5,24.3,0.0,14.9,43,9,263,4,24.8,24.8,23.3,24.9,24.3,23.74285714285714,24.557142857142857,0.0,0.0,0.0,0.0,0.0,0.0,0.0
2024-09-20,32.3,18.3,25.6,0.0,12.3,28,9,264,4,24.3,24.8,24.8,24.1,24.633333333333336,23.657142857142862,24.435714285714287,0.0,0.0,0.0,0.0,0.0,0.0,0.0
2024-09-21,33.8,20.0,26.6,0.0,18.5,19,9,265,4,25.6,24.3,24.8,22.1,24.900000000000006,23.87142857142857,24.41428571428571,0.0,0.0,0.0,0.0,0.0,0.0,0.0
2024-09-22,33.5,19.0,26.4,0.0,15.5,30,9,266,4,26.6,25.6,24.3,22.2,25.500000000000004,24.514285714285712,24.442857142857143,0.0,0.0,0.0,0.0,0.0,0.0,0.0
2024-09-23,34.1,18.7,26.4,0.0,13.8,34,9,267,4,26.4,26.6,25.6,23.3,26.200000000000003,25.114285714285717,24.428571428571427,0.0,0.0,0.0,0.0,0.0,0.0,0.0
2024-09-24,34.3,20.4,27.5,0.0,12.2,24,9,268,4,26.4,26.4,26.6,24.8,26.46666666666667,25.557142857142857,24.542857142857144,0.0,0.0,0.0,0.0,0.0,0.0,0.0
2024-09-25,34.0,22.2,27.8,0.0,10.4,17,9,269,4,27.5,26.4,26.4,24.8,26.76666666666667,25.942857142857147,24.814285714285717,0.0,0.0,0.0,0.0,0.0,0.0,0.0
2024-09-26,32.5,17.5,25.7,0.0,10.6,34,9,270,4,27.8,27.5,26.4,24.3,27.233333333333334,26.37142857142857,25.057142857142857,0.0,0.0,0.0,0.0,0.0,0.0,0.0
2024-09-27,30.9,16.3,24.3,0.0,17.1,37,9,271,4,25.7,27.8,27.5,25.6,27.0,26.571428571428573,25.114285714285717,0.0,0.0,0.0,0.0,0.0,0.0,0.0
2024-09-28,30.0,17.6,23.7,0.0,18.0,26,9,272,4,24.3,25.7,27.8,26.6,25.933333333333337,26.385714285714283,25.12857142857143,0.0,0.0,0.0,0.0,0.0,0.0,0.0
2024-09-29,30.3,17.1,23.5,0.0,17.0,40,9,273,4,23.7,24.3,25.7,26.4,24.566666666666674,25.97142857142857,25.242857142857144,0.0,0.0,0.0,0.0,0.0,0.0,0.0
2024-09-30,29.9,16.7,23.6,0.0,13.5,42,9,274,4,23.5,23.7,24.3,26.4,23.833333333333332,25.557142857142857,25.335714285714285,0.0,0.0,0.0,0.0,0.0,0.0,0.0
2024-10-01,28.8,17.5,23.8,0.0,15.9,26,10,275,4,23.6,23.5,23.7,27.5,23.600000000000005,25.157142857142855,25.357142857142858,0.0,0.0,0.0,0.0,0.0,0.0,0.0
2024-10-02,29.0,17.2,23.6,0.0,20.6,24,10,276,4,23.8,23.6,23.5,27.8,23.633333333333336,24.62857142857143,25.285714285714285,0.0,0.0,0.0,0.0,0.0,0.0,0.0
2024-10-03,28.8,17.4,23.4,0.0,15.5,20,10,277,4,23.6,23.8,23.6,25.7,23.66666666666667,24.028571428571432,25.2,0.0,0.0,0.0,0.0,0.0,0.0,0.0
2024-10-04,29.1,16.8,23.5,0.0,12.6,19,10,278,4,23.4,23.6,23.8,24.3,23.600000000000005,23.7,25.135714285714283,0.0,0.0,0.0,0.0,0.0,0.0,0.0
2024-10-05,29.8,15.8,23.1,0.0,12.8,21,10,279,4,23.5,23.4,23.6,23.7,23.500000000000004,23.58571428571429,24.985714285714284,0.0,0.0,0.0,0.0,0.0,0.0,0.0
2024-10-06,28.3,15.1,21.7,0.0,17.3,54,10,280,4,23.1,23.5,23.4,23.5,23.333333333333332,23.5,24.735714285714288,0.0,0.0,0.0,0.0,0.0,0.0,0.0
2024-10-07,22.8,16.4,19.7,2.4,14.9,62,10,281,4,21.7,23.1,23.5,23.6,22.76666666666667,23.24285714285714,24.4,0.0,0.0,0.0,0.0,0.0,0.0,0.0
2024-10-08,23.3,13.9,18.8,0.0,16.8,44,10,282,4,19.7,21.7,23.1,23.8,21.500000000000004,22.685714285714287,23.92142857142857,2.4,0.0,0.0,0.0,0.7999999999999999,0.34285714285714286,0.17142857142857218
2024-10-09,23.8,12.6,18.5,0.0,15.4,32,10,283,4,18.8,19.7,21.7,23.6,20.066666666666666,21.971428571428568,23.3,0.0,2.4,0.0,0.0,0.7999999999999999,0.34285714285714286,0.17142857142857218
2024-10-10,23.8,12.6,18.4,0.0,11.7,23,10,284,4,18.5,18.8,19.7,23.4,19.000000000000004,21.24285714285714,22.635714285714283,0.0,0.0,2.4,0.0,0.7999999999999999,0.34285714285714286,0.17142857142857218
2024-10-11,24.3,15.5,19.7,0.0,11.9,17,10,285,4,18.4,18.5,18.8,23.5,18.56666666666667,20.52857142857143,22.114285714285717,0.0,0.0,0.0,0.0,0.0,0.34285714285714286,0.17142857142857218
2024-10-12,26.0,15.9,20.0,0.0,11.6,17,10,286,4,19.7,18.4,18.5,23.1,18.86666666666667,19.985714285714288,21.785714285714285,0.0,0.0,0.0,0.0,0.0,0.34285714285714286,0.17142857142857218
2024-10-13,26.1,14.8,19.9,0.0,14.1,20,10,287,4,20.0,19.7,18.4,21.7,19.36666666666667,19.54285714285714,21.521428571428572,0.0,0.0,0.0,0.0,0.0,0.34285714285714286,0.17142857142857218
2024-10-14,25.6,13.2,19.7,0.0,10.8,21,10,288,4,19.9,20.0,19.7,19.7,19.86666666666667,19.285714285714285,21.264285714285712,0.0,0.0,0.0,2.4,0.0,0.34285714285714286,0.17142857142857218
2024-10-15,26.0,12.5,20.1,0.0,9.6,20,10,289,4,19.7,19.9,20.0,18.8,19.866666666666667,19.285714285714285,20.985714285714288,0.0,0.0,0.0,0.0,0.0,0.0,0.17142857142857218
2024-10-16,26.5,15.4,21.3,0.0,15.5,16,10,290,4,20.1,19.7,19.9,18.5,19.900000000000002,19.471428571428568,20.72142857142857,0.0,0.0,0.0,0.0,0.0,0.0,0.17142857142857218
2024-10-17,26.1,17.2,21.3,0.0,13.3,18,10,291,4,21.3,20.1,19.7,18.4,20.36666666666667,19.87142857142857,20.557142857142857,0.0,0.0,0.0,0.0,0.0,0.0,0.17142857142857218
2024-10-18,25.5,15.8,20.0,0.0,12.3,21,10,292,4,21.3,21.3,20.1,19.7,20.900000000000002,20.285714285714285,20.407142857142862,0.0,0.0,0.0,0.0,0.0,0.0,0.17142857142857218
2024-10-19,24.8,15.1,19.5,0.0,10.1,19,10,293,4,20.0,21.3,21.3,20.0,20.86666666666667,20.32857142857143,20.157142857142862,0.0,0.0,0.0,0.0,0.0,0.0,0.17142857142857218
2024-10-20,25.2,14.5,19.9,0.0,13.3,20,10,294,4,19.5,20.0,21.3,19.9,20.26666666666667,20.25714285714286,19.900000000000002,0.0,0.0,0.0,0.0,0.0,0.0,0.17142857142857218
2024-10-21,25.9,13.8,19.9,0.0,9.7,22,10,295,4,19.9,19.5,20.0,19.7,19.8,20.25714285714286,19.771428571428572,0.0,0.0,0.0,0.0,0.0,0.0,0.17142857142857218
2024-10-22,26.1,12.5,19.2,0.0,13.2,33,10,296,4,19.9,19.9,19.5,20.1,19.76666666666667,20.285714285714285,19.785714285714285,0.0,0.0,0.0,0.0,0.0,0.0,0.0
2024-10-23,25.9,13.8,19.7,0.1,12.1,41,10,297,4,19.2,19.9,19.9,21.3,19.666666666666668,20.157142857142855,19.814285714285713,0.0,0.0,0.0,0.0,0.0,0.0,0.0
2024-10-24,25.6,13.6,19.9,0.0,14.2,40,10,298,4,19.7,19.2,19.9,21.3,19.6,19.928571428571427,19.900000000000002,0.1,0.0,0.0,0.0,0.03333333333333333,0.014285714285714287,0.007142857142857904
2024-10-25,27.0,15.6,21.1,0.0,16.6,32,10,299,4,19.9,19.7,19.2,20.0,19.6,19.728571428571428,20.00714285714286,0.0,0.1,0.0,0.0,0.03333333333333333,0.014285714285714287,0.007142857142857904
2024-10-26,26.6,14.4,20.7,0.0,16.1,36,10,300,4,21.1,19.9,19.7,19.5,20.233333333333338,19.885714285714283,20.107142857142858,0.0,0.0,0.1,0.0,0.03333333333333333,0.014285714285714287,0.007142857142857904
2024-10-27,25.2,15.5,20.1,0.0,9.3,35,10,301,4,20.7,21.1,19.9,19.9,20.566666666666666,20.057142857142857,20.157142857142855,0.0,0.0,0.0,0.0,0.0,0.014285714285714287,0.007142857142857904
2024-10-28,23.8,14.4,19.0,0.0,14.8,33,10,302,4,20.1,20.7,21.1,19.9,20.633333333333336,20.085714285714285,20.17142857142857,0.0,0.0,0.0,0.0,0.0,0.014285714285714287,0.007142857142857904
2024-10-29,22.7,13.8,18.1,0.0,12.0,36,10,303,4,19.0,20.1,20.7,19.2,19.933333333333337,19.957142857142856,20.12142857142857,0.0,0.0,0.0,0.0,0.0,0.014285714285714287,0.007142857142857904
2024-10-30,22.4,13.2,17.8,0.0,12.3,31,10,304,4,18.1,19.0,20.1,19.7,19.066666666666666,19.8,19.978571428571428,0.0,0.0,0.0,0.1,0.0,0.014285714285714287,0.007142857142857904
2024-10-31,22.8,14.7,18.2,0.0,12.7,20,10,305,4,17.8,18.1,19.0,19.9,18.300000000000004,19.528571428571432,19.728571428571428,0.0,0.0,0.0,0.0,0.0,0.0,0.007142857142857904
2024-11-01,23.7,13.3,18.4,0.0,15.7,23,11,306,4,18.2,17.8,18.1,21.1,18.033333333333335,19.285714285714285,19.50714285714286,0.0,0.0,0.0,0.0,0.0,0.0,0.007142857142857904
2024-11-02,24.8,14.4,19.3,0.0,12.8,27,11,307,4,18.4,18.2,17.8,20.7,18.133333333333336,18.900000000000002,19.392857142857142,0.0,0.0,0.0,0.0,0.0,0.0,0.007142857142857904
2024-11-03,25.7,14.8,20.4,0.0,11.3,26,11,308,4,19.3,18.4,18.2,20.1,18.633333333333336,18.7,19.37857142857143,0.0,0.0,0.0,0.0,0.0,0.0,0.007142857142857904
2024-11-04,26.2,16.5,20.9,0.0,11.5,26,11,309,4,20.4,19.3,18.4,19.0,19.366666666666667,18.74285714285714,19.414285714285715,0.0,0.0,0.0,0.0,0.0,0.0,0.007142857142857904
2024-11-05,26.4,15.2,20.6,0.0,10.9,27,11,310,4,20.9,20.4,19.3,18.1,20.2,19.014285714285712,19.485714285714288,0.0,0.0,0.0,0.0,0.0,0.0,0.007142857142857904
2024-11-06,27.2,15.0,21.3,0.0,10.9,27,11,311,4,20.6,20.9,20.4,17.8,20.633333333333336,19.37142857142857,19.585714285714285,0.0,0.0,0.0,0.0,0.0,0.0,0.007142857142857904
2024-11-07,25.9,14.3,20.4,0.0,13.3,22,11,312,4,21.3,20.6,20.9,18.2,20.933333333333337,19.87142857142857,19.7,0.0,0.0,0.0,0.0,0.0,0.0,0.0
2024-11-08,24.6,13.6,19.1,0.0,13.6,27,11,313,4,20.4,21.3,20.6,18.4,20.76666666666667,20.185714285714287,19.735714285714288,0.0,0.0,0.0,0.0,0.0,0.0,0.0
2024-11-09,23.6,13.9,18.5,0.0,10.8,30,11,314,4,19.1,20.4,21.3,19.3,20.26666666666667,20.285714285714285,19.592857142857145,0.0,0.0,0.0,0.0,0.0,0.0,0.0
2024-11-10,22.1,12.8,17.2,0.0,13.8,31,11,315,4,18.5,19.1,20.4,20.4,19.33333333333334,20.17142857142857,19.435714285714283,0.0,0.0,0.0,0.0,0.0,0.0,0.0
2024-11-11,19.5,10.8,15.0,0.0,17.5,34,11,316,4,17.2,18.5,19.1,20.9,18.26666666666667,19.714285714285715,19.228571428571428,0.0,0.0,0.0,0.0,0.0,0.0,0.0
2024-11-12,18.7,9.2,13.1,0.0,8.8,33,11,317,4,15.0,17.2,18.5,20.6,16.900000000000002,18.87142857142857,18.942857142857143,0.0,0.0,0.0,0.0,0.0,0.0,0.0
2024-11-13,20.6,8.1,13.4,0.0,8.5,26,11,318,4,13.1,15.0,17.2,21.3,15.100000000000001,17.8,18.585714285714285,0.0,0.0,0.0,0.0,0.0,0.0,0.0
2024-11-14,21.5,8.8,14.1,0.0,12.8,30,11,319,4,13.4,13.1,15.0,20.4,13.833333333333336,16.67142857142857,18.27142857142857,0.0,0.0,0.0,0.0,0.0,0.0,0.0
2024-11-15,17.3,7.5,12.0,0.0,12.1,44,11,320,4,14.1,13.4,13.1,19.1,13.533333333333337,15.771428571428572,17.978571428571428,0.0,0.0,0.0,0.0,0.0,0.0,0.0
2024-11-16,16.5,5.5,10.5,0.0,15.2,53,11,321,4,12.0,14.1,13.4,18.5,13.16666666666667,14.757142857142856,17.52142857142857,0.0,0.0,0.0,0.0,0.0,0.0,0.0
2024-11-17,17.8,5.9,11.4,0.0,12.2,44,11,322,4,10.5,12.0,14.1,17.2,12.200000000000003,13.614285714285714,16.892857142857142,0.0,0.0,0.0,0.0,0.0,0.0,0.0
2024-11-18,18.3,6.2,11.7,0.0,11.7,37,11,323,4,11.4,10.5,12.0,15.0,11.300000000000002,12.785714285714286,16.25,0.0,0.0,0.0,0.0,0.0,0.0,0.0
2024-11-19,18.3,5.7,11.8,0.0,11.4,36,11,324,4,11.7,11.4,10.5,13.1,11.200000000000003,12.314285714285713,15.592857142857143,0.0,0.0,0.0,0.0,0.0,0.0,0.0
2024-11-20,19.6,7.8,12.8,0.0,8.1,35,11,325,4,11.8,11.7,11.4,13.4,11.633333333333335,12.12857142857143,14.964285714285714,0.0,0.0,0.0,0.0,0.0,0.0,0.0
2024-11-21,20.0,7.6,13.4,0.0,10.3,35,11,326,4,12.8,11.8,11.7,14.1,12.100000000000003,12.042857142857143,14.357142857142858,0.0,0.0,0.0,0.0,0.0,0.0,0.0
2024-11-22,19.7,7.3,13.3,0.0,12.0,39,11,327,4,13.4,12.8,11.8,12.0,12.66666666666667,11.942857142857141,13.857142857142858,0.0,0.0,0.0,0.0,0.0,0.0,0.0
2024-11-23,18.2,7.0,12.2,0.0,18.9,42,11,328,4,13.3,13.4,12.8,10.5,13.16666666666667,12.12857142857143,13.442857142857141,0.0,0.0,0.0,0.0,0.0,0.0,0.0
2024-11-24,17.3,5.0,10.8,0.0,9.9,36,11,329,4,12.2,13.3,13.4,11.4,12.966666666666669,12.37142857142857,12.992857142857144,0.0,0.0,0.0,0.0,0.0,0.0,0.0
2024-11-25,19.0,7.5,12.6,0.0,15.3,39,11,330,4,10.8,12.2,13.3,11.7,12.100000000000003,12.285714285714286,12.535714285714286,0.0,0.0,0.0,0.0,0.0,0.0,0.0
2024-11-26,18.8,6.2,12.0,0.0,13.9,44,11,331,4,12.6,10.8,12.2,11.8,11.866666666666669,12.414285714285715,12.364285714285716,0.0,0.0,0.0,0.0,0.0,0.0,0.0
2024-11-27,19.3,6.1,12.0,0.0,10.4,35,11,332,4,12.0,12.6,10.8,12.8,11.800000000000002,12.442857142857141,12.285714285714286,0.0,0.0,0.0,0.0,0.0,0.0,0.0
2024-11-28,21.5,8.2,13.7,0.0,11.3,37,11,333,4,12.0,12.0,12.6,13.4,12.200000000000003,12.328571428571427,12.185714285714287,0.0,0.0,0.0,0.0,0.0,0.0,0.0
2024-11-29,16.5,7.7,11.2,11.4,13.7,75,11,334,4,13.7,12.0,12.0,13.3,12.566666666666668,12.371428571428572,12.157142857142858,0.0,0.0,0.0,0.0,0.0,0.0,0.0
2024-11-30,17.1,6.7,11.2,0.5,9.3,71,11,335,4,11.2,13.7,12.0,12.2,12.300000000000002,12.071428571428571,12.1,11.4,0.0,0.0,0.0,3.8000000000000003,1.6285714285714286,0.8142857142857151
2024-12-01,14.5,5.8,9.5,1.0,11.7,72,12,336,1,11.2,11.2,13.7,10.8,12.033333333333337,11.928571428571429,12.150000000000002,0.5,11.4,0.0,0.0,3.966666666666667,1.7,0.8500000000000008
2024-12-02,14.0,5.4,8.5,0.1,12.0,66,12,337,1,9.5,11.2,11.2,12.6,10.633333333333335,11.742857142857142,12.014285714285716,1.0,0.5,11.4,0.0,4.3,1.842857142857143,0.9214285714285723
2024-12-03,13.5,4.1,8.0,0.0,9.2,53,12,338,1,8.5,9.5,11.2,12.0,9.733333333333336,11.157142857142857,11.785714285714286,0.1,1.0,0.5,0.0,0.5333333333333333,1.8571428571428572,0.9285714285714294
2024-12-04,13.0,3.5,7.3,0.0,10.1,52,12,339,1,8.0,8.5,9.5,12.0,8.66666666666667,10.585714285714285,11.514285714285716,0.0,0.1,1.0,0.0,0.3666666666666667,1.8571428571428572,0.9285714285714294
2024-12-05,12.0,1.6,6.2,0.0,12.4,48,12,340,1,7.3,8.0,8.5,13.7,7.933333333333336,9.914285714285713,11.12142857142857,0.0,0.0,0.1,0.0,0.03333333333333333,1.8571428571428572,0.9285714285714294
2024-12-06,12.1,0.6,5.3,0.0,10.5,49,12,341,1,6.2,7.3,8.0,11.2,7.166666666666669,8.842857142857142,10.607142857142858,0.0,0.0,0.0,11.4,0.0,1.8571428571428572,0.9285714285714294
2024-12-07,10.4,0.9,4.6,0.0,14.5,39,12,342,1,5.3,6.2,7.3,11.2,6.266666666666669,8.0,10.035714285714286,0.0,0.0,0.0,0.5,0.0,0.2285714285714286,0.9285714285714294
2024-12-08,6.8,-1.7,2.4,0.0,16.5,47,12,343,1,4.6,5.3,6.2,9.5,5.366666666666668,7.057142857142857,9.492857142857142,0.0,0.0,0.0,1.0,0.0,0.15714285714285717,0.9285714285714294
2024-12-09,10.0,-1.5,3.2,0.0,8.0,44,12,344,1,2.4,4.6,5.3,8.5,4.100000000000002,6.042857142857144,8.892857142857142,0.0,0.0,0.0,0.1,0.0,0.014285714285714287,0.9285714285714294
2024-12-10,11.7,1.6,5.4,0.0,9.1,25,12,345,1,3.2,2.4,4.6,8.0,3.400000000000002,5.285714285714285,8.221428571428572,0.0,0.0,0.0,0.0,0.0,0.0,0.9285714285714294
2024-12-11,8.0,-1.6,3.2,0.0,17.3,40,12,346,1,5.4,3.2,2.4,7.3,3.666666666666669,4.914285714285714,7.75,0.0,0.0,0.0,0.0,0.0,0.0,0.9285714285714294
2024-12-12,8.3,-3.2,1.8,0.0,6.3,51,12,347,1,3.2,5.4,3.2,6.2,3.933333333333336,4.328571428571428,7.121428571428572,0.0,0.0,0.0,0.0,0.0,0.0,0.9285714285714294
2024-12-13,14.3,1.3,6.1,0.0,8.4,32,12,348,1,1.8,3.2,5.4,5.3,3.466666666666669,3.7,6.271428571428571,0.0,0.0,0.0,0.0,0.0,0.0,0.9285714285714294
2024-12-14,16.4,1.6,7.1,0.0,10.4,33,12,349,1,6.1,1.8,3.2,4.6,3.7000000000000024,3.814285714285714,5.907142857142857,0.0,0.0,0.0,0.0,0.0,0.0,0.11428571428571506
2024-12-15,15.4,2.3,8.0,0.0,10.5,41,12,350,1,7.1,6.1,1.8,2.4,5.000000000000003,4.171428571428572,5.614285714285715,0.0,0.0,0.0,0.0,0.0,0.0,0.07857142857142933
2024-12-16,8.4,-0.2,4.8,0.3,9.4,65,12,351,1,8.0,7.1,6.1,3.2,7.066666666666669,4.971428571428571,5.507142857142858,0.0,0.0,0.0,0.0,0.0,0.0,0.007142857142857904
2024-12-17,10.5,-3.0,2.4,0.0,6.9,49,12,352,1,4.8,8.0,7.1,5.4,6.6333333333333355,5.2,5.242857142857143,0.3,0.0,0.0,0.0,0.09999999999999999,0.04285714285714286,0.02142857142857219
2024-12-18,10.0,-1.2,3.7,0.0,9.7,41,12,353,1,2.4,4.8,8.0,3.2,5.066666666666669,4.771428571428571,4.8428571428571425,0.0,0.3,0.0,0.0,0.09999999999999999,0.04285714285714286,0.02142857142857219
2024-12-19,11.9,-0.0,4.5,0.0,6.8,33,12,354,1,3.7,2.4,4.8,1.8,3.633333333333336,4.8428571428571425,4.585714285714286,0.0,0.0,0.3,0.0,0.09999999999999999,0.04285714285714286,0.02142857142857219
2024-12-20,11.4,0.2,4.9,0.0,6.2,29,12,355,1,4.5,3.7,2.4,6.1,3.5333333333333363,5.228571428571429,4.464285714285714,0.0,0.0,0.0,0.0,0.0,0.04285714285714286,0.02142857142857219
2024-12-21,13.8,1.0,5.9,0.0,6.9,32,12,356,1,4.9,4.5,3.7,7.1,4.36666666666667,5.057142857142857,4.435714285714286,0.0,0.0,0.0,0.0,0.0,0.04285714285714286,0.02142857142857219
2024-12-22,11.1,-0.6,4.2,0.0,9.2,41,12,357,1,5.9,4.9,4.5,8.0,5.100000000000002,4.885714285714286,4.5285714285714285,0.0,0.0,0.0,0.0,0.0,0.04285714285714286,0.02142857142857219
2024-12-23,8.6,-0.0,3.2,0.0,7.7,45,12,358,1,4.2,5.9,4.9,4.8,5.000000000000003,4.3428571428571425,4.6571428571428575,0.0,0.0,0.0,0.3,0.0,0.04285714285714286,0.02142857142857219
2024-12-24,10.0,-0.5,3.7,0.0,6.7,45,12,359,1,3.2,4.2,5.9,2.4,4.433333333333336,4.114285714285715,4.6571428571428575,0.0,0.0,0.0,0.0,0.0,0.0,0.02142857142857219
2024-12-25,12.6,0.3,5.1,0.0,4.6,40,12,360,1,3.7,3.2,4.2,3.7,3.700000000000003,4.3,4.535714285714286,0.0,0.0,0.0,0.0,0.0,0.0,0.02142857142857219
2024-12-26,10.3,-0.1,4.2,0.0,11.0,39,12,361,1,5.1,3.7,3.2,4.5,4.000000000000003,4.5,4.671428571428572,0.0,0.0,0.0,0.0,0.0,0.0,0.02142857142857219
2024-12-27,9.1,-0.8,3.0,0.0,9.7,46,12,362,1,4.2,5.1,3.7,4.9,4.333333333333337,4.457142857142857,4.8428571428571425,0.0,0.0,0.0,0.0,0.0,0.0,0.02142857142857219
2024-12-28,10.3,-1.7,3.5,0.0,5.1,42,12,363,1,3.0,4.2,5.1,5.9,4.100000000000002,4.185714285714286,4.621428571428572,0.0,0.0,0.0,0.0,0.0,0.0,0.02142857142857219
2024-12-29,15.0,1.4,6.3,0.0,9.7,33,12,364,1,3.5,3.0,4.2,4.2,3.5666666666666695,3.8428571428571425,4.364285714285715,0.0,0.0,0.0,0.0,0.0,0.0,0.02142857142857219
2024-12-30,14.4,2.1,7.4,0.0,6.8,34,12,365,1,6.3,3.5,3.0,3.2,4.266666666666669,4.142857142857143,4.242857142857143,0.0,0.0,0.0,0.0,0.0,0.0,0.02142857142857219
2024-12-31,16.7,4.4,9.5,0.4,4.8,42,12,366,1,7.4,6.3,3.5,3.7,5.733333333333337,4.742857142857142,4.428571428571429,0.0,0.0,0.0,0.0,0.0,0.0,0.0
