date,temperature_2m_max,temperature_2m_min,temperature_2m_mean,precipitation_sum,windspeed_10m_max,relative_humidity_2m_mean
2015-01-01,20.4,10.4,15.1,0.0,34.6,57
2015-01-02,23.5,13.1,17.4,0.0,22.2,60
2015-01-03,24.9,11.3,17.9,0.0,8.9,60
2015-01-04,25.9,11.0,18.3,0.0,8.4,61
2015-01-05,25.2,11.8,18.3,0.0,11.0,62
2015-01-06,26.6,13.2,19.4,0.0,12.9,64
2015-01-07,26.7,13.1,19.5,0.0,12.2,74
2015-01-08,26.2,12.6,19.1,0.0,9.7,66
2015-01-09,26.5,13.0,19.5,0.0,12.3,65
2015-01-10,24.8,13.4,18.5,0.0,14.8,70
2015-01-11,27.1,10.8,18.5,0.0,13.1,63
2015-01-12,27.0,13.3,19.6,0.0,17.4,64
2015-01-13,26.8,17.0,20.7,0.0,15.3,71
2015-01-14,23.1,14.6,18.2,0.0,23.1,60
2015-01-15,21.9,11.3,16.2,0.0,22.8,65
2015-01-16,22.0,10.2,15.7,0.0,16.6,66
2015-01-17,22.4,9.8,15.7,0.0,14.8,62
2015-01-18,23.5,10.2,16.5,0.0,12.8,57
2015-01-19,24.6,11.0,17.2,0.0,14.1,54
2015-01-20,23.9,12.1,18.0,0.0,18.4,53
2015-01-21,22.6,12.6,17.6,0.0,12.0,61
2015-01-22,21.2,13.4,16.7,0.0,19.7,67
2015-01-23,22.3,10.8,16.2,0.0,15.9,64
2015-01-24,21.6,10.3,15.8,0.0,14.3,61
2015-01-25,22.3,9.4,15.8,0.0,11.8,62
2015-01-26,22.8,10.2,16.4,0.0,10.1,63
2015-01-27,22.3,9.9,15.8,0.0,15.1,47
2015-01-28,21.0,9.4,15.0,0.0,14.4,50
2015-01-29,23.9,10.0,16.5,0.0,9.3,54
2015-01-30,24.8,9.9,17.3,0.0,9.4,50
2015-01-31,27.5,9.9,18.9,0.0,17.1,52
2015-02-01,28.0,16.6,21.0,0.0,15.6,70
2015-02-02,24.5,14.6,19.0,0.0,23.3,59
2015-02-03,24.6,12.4,18.2,0.0,13.6,64
2015-02-04,26.1,12.1,18.6,0.0,17.2,60
2015-02-05,25.5,12.6,18.9,0.0,14.6,55
2015-02-06,27.1,12.6,20.1,0.0,9.8,52
2015-02-07,26.0,13.5,19.5,0.0,15.8,52
2015-02-08,24.3,13.3,18.5,0.0,22.5,60
2015-02-09,25.3,13.2,19.0,0.0,21.9,53
2015-02-10,25.7,13.5,19.2,0.0,18.7,44
2015-02-11,27.1,12.6,19.8,0.0,12.1,46
2015-02-12,30.2,13.7,21.7,0.0,13.4,51
2015-02-13,32.0,17.0,23.4,0.0,23.0,64
2015-02-14,32.1,18.7,24.4,0.0,22.9,70
2015-02-15,33.0,18.7,24.5,0.0,23.9,68
2015-02-16,34.1,20.1,25.8,0.0,25.6,52
2015-02-17,29.8,18.9,24.1,0.0,20.5,60
2015-02-18,30.6,16.1,23.2,0.0,14.1,64
2015-02-19,31.8,18.6,24.1,0.0,17.8,68
2015-02-20,31.2,19.0,24.5,0.0,16.1,67
2015-02-21,30.1,18.7,24.0,0.0,22.7,65
2015-02-22,30.4,18.4,24.0,0.0,18.6,64
2015-02-23,32.7,18.2,24.8,0.0,20.5,60
2015-02-24,28.7,18.4,23.0,0.0,26.1,44
2015-02-25,25.4,13.5,19.7,0.0,19.3,33
2015-02-26,24.2,12.7,18.3,0.0,17.5,35
2015-02-27,25.9,11.2,18.8,0.0,12.3,39
2015-02-28,18.8,14.6,16.8,3.5,30.3,55
2015-03-01,19.7,13.1,16.1,0.0,32.6,63
2015-03-02,25.1,9.8,17.5,0.0,18.3,59
2015-03-03,27.5,14.1,20.5,0.0,20.4,52
2015-03-04,27.9,14.5,21.5,0.0,19.8,56
2015-03-05,28.8,16.6,22.8,0.2,18.6,63
2015-03-06,27.3,17.6,22.2,0.0,18.8,64
2015-03-07,28.1,17.0,22.3,0.0,12.3,55
2015-03-08,28.8,16.2,21.9,0.0,13.7,28
2015-03-09,28.2,12.4,20.3,0.0,19.3,27
2015-03-10,25.9,13.7,19.6,0.0,21.6,35
2015-03-11,27.7,14.0,20.7,0.0,19.3,41
2015-03-12,29.5,16.4,22.4,0.0,23.0,40
2015-03-13,29.0,16.8,22.7,1.3,16.2,44
2015-03-14,26.0,16.6,21.0,0.2,15.0,53
2015-03-15,26.8,14.3,20.6,0.0,13.4,53
2015-03-16,29.7,15.8,22.9,0.0,11.2,43
2015-03-17,30.8,17.2,24.1,0.0,14.1,46
2015-03-18,33.0,17.1,25.3,0.0,18.2,40
2015-03-19,34.8,19.3,27.1,0.0,21.6,47
2015-03-20,34.2,21.5,27.9,0.0,17.1,49
2015-03-21,35.9,21.8,29.2,0.0,8.9,46
2015-03-22,36.4,23.8,29.9,0.0,14.3,44
2015-03-23,39.5,22.4,31.1,0.0,22.8,29
2015-03-24,39.2,22.5,30.4,0.0,18.6,30
2015-03-25,37.0,20.5,28.9,0.0,15.3,48
2015-03-26,36.9,24.5,30.1,0.0,20.8,44
2015-03-27,37.7,23.2,30.4,0.0,15.6,45
2015-03-28,38.7,23.4,31.3,0.0,23.9,35
2015-03-29,37.1,25.9,30.9,0.0,25.9,30
2015-03-30,34.3,20.6,27.7,0.0,18.7,35
2015-03-31,36.6,20.0,28.4,0.0,21.2,33
2015-04-01,35.5,21.3,27.5,0.0,30.5,59
2015-04-02,37.5,23.5,29.0,0.0,30.3,59
2015-04-03,34.4,22.8,27.9,0.9,31.5,65
2015-04-04,34.4,22.1,28.0,0.0,21.0,59
2015-04-05,35.7,21.8,28.6,0.0,18.3,52
2015-04-06,36.7,22.6,29.8,0.0,15.1,33
2015-04-07,35.8,23.1,29.9,0.0,13.0,36
2015-04-08,35.7,23.2,29.7,0.0,13.1,40
2015-04-09,36.9,22.1,29.9,0.0,10.9,33
2015-04-10,38.3,24.1,30.7,0.2,19.2,28
2015-04-11,37.1,24.2,30.5,0.0,19.1,32
2015-04-12,36.0,22.6,29.2,0.0,13.5,53
2015-04-13,36.6,23.6,30.3,0.0,15.0,32
2015-04-14,37.5,24.3,31.1,0.0,11.2,33
2015-04-15,38.4,24.4,31.7,0.0,9.8,32
2015-04-16,40.5,26.1,33.5,0.0,14.2,28
2015-04-17,42.5,28.0,34.6,0.0,24.0,24
2015-04-18,42.5,26.5,33.3,0.0,28.4,37
2015-04-19,41.0,27.3,33.1,0.0,37.4,33
2015-04-20,41.8,26.9,33.9,0.0,29.0,31
2015-04-21,41.7,26.3,34.0,0.0,20.1,21
2015-04-22,40.4,25.7,32.6,0.0,26.4,23
2015-04-23,42.9,24.7,33.0,0.0,23.3,32
2015-04-24,42.0,24.3,32.4,0.0,21.1,43
2015-04-25,40.7,24.1,31.8,0.0,23.3,51
2015-04-26,41.6,24.4,31.9,0.0,25.6,57
2015-04-27,42.3,24.5,32.5,0.0,23.6,55
2015-04-28,41.6,25.1,33.3,0.0,18.4,35
2015-04-29,44.1,25.2,33.7,0.0,28.0,31
2015-04-30,43.5,26.8,34.6,0.0,26.4,32
2015-05-01,42.0,27.3,34.4,0.0,16.5,21
2015-05-02,42.3,25.5,34.0,0.0,15.5,23
2015-05-03,42.0,25.2,33.3,0.0,20.3,33
2015-05-04,41.6,24.3,32.7,0.0,19.5,38
2015-05-05,40.8,24.0,32.3,0.0,18.0,40
2015-05-06,39.5,23.4,31.4,0.0,23.2,53
2015-05-07,38.8,25.9,31.4,0.0,26.8,60
2015-05-08,39.7,26.0,32.0,0.0,32.4,52
2015-05-09,39.1,26.2,31.9,0.5,25.1,59
2015-05-10,40.2,26.2,32.4,0.3,24.3,58
2015-05-11,40.6,27.4,32.8,0.2,21.2,57
2015-05-12,39.8,26.2,32.2,2.6,19.2,56
2015-05-13,38.7,26.3,32.7,0.0,14.8,54
2015-05-14,40.5,26.4,33.5,0.0,19.5,46
2015-05-15,42.3,26.4,33.7,0.0,24.4,42
2015-05-16,40.5,25.4,32.5,0.0,29.1,50
2015-05-17,41.0,26.0,32.6,0.0,30.6,56
2015-05-18,41.5,27.1,33.2,0.0,31.3,60
2015-05-19,41.9,27.0,33.3,0.0,28.3,61
2015-05-20,42.7,27.2,33.9,0.2,24.2,57
2015-05-21,43.9,26.9,34.2,0.1,28.0,50
2015-05-22,42.6,26.8,33.7,0.0,33.1,53
2015-05-23,43.1,28.3,34.6,0.0,34.6,49
2015-05-24,45.0,27.7,35.0,1.0,27.2,50
2015-05-25,42.1,26.9,33.6,0.0,27.7,57
2015-05-26,42.0,27.2,33.5,0.4,27.9,61
2015-05-27,41.1,27.5,33.1,0.0,31.9,61
2015-05-28,42.0,27.3,33.4,0.0,32.3,57
2015-05-29,41.6,26.4,33.2,0.0,25.1,51
2015-05-30,42.1,26.8,33.5,0.0,23.5,55
2015-05-31,41.8,26.4,33.4,0.2,23.9,58
2015-06-01,43.2,26.0,33.7,0.0,28.0,57
2015-06-02,38.6,27.0,32.5,0.2,21.4,58
2015-06-03,38.3,26.8,32.6,0.1,13.5,51
2015-06-04,38.0,27.9,33.0,0.0,15.4,47
2015-06-05,40.0,26.4,34.0,0.0,17.7,39
2015-06-06,41.8,27.9,34.7,0.0,22.7,38
2015-06-07,41.6,26.4,33.4,0.1,23.2,53
2015-06-08,38.9,26.6,32.3,0.0,28.1,56
2015-06-09,37.1,28.0,31.9,0.4,25.5,58
2015-06-10,38.1,27.9,32.7,0.0,23.3,57
2015-06-11,38.8,27.6,32.8,0.0,23.7,57
2015-06-12,39.2,27.4,32.7,0.0,27.1,60
2015-06-13,38.7,28.3,32.7,0.0,30.8,61
2015-06-14,38.6,28.5,32.7,0.0,32.7,60
2015-06-15,38.6,28.3,32.7,0.0,29.1,59
2015-06-16,39.6,28.7,33.6,0.0,24.7,57
2015-06-17,39.6,29.1,34.4,0.0,21.6,55
2015-06-18,40.9,30.3,35.5,0.0,16.1,49
2015-06-19,42.0,31.2,36.2,0.0,22.3,46
2015-06-20,42.4,31.8,37.2,0.0,16.5,42
2015-06-21,40.9,32.7,36.7,0.0,18.3,46
2015-06-22,42.0,32.6,36.9,0.0,14.5,45
2015-06-23,41.4,32.6,36.4,2.3,17.3,49
2015-06-24,40.2,29.8,34.6,0.0,23.6,53
2015-06-25,40.0,28.6,33.8,0.0,26.3,59
2015-06-26,41.0,28.5,33.7,0.0,27.5,60
2015-06-27,40.7,28.3,33.7,0.0,25.5,59
2015-06-28,42.5,28.4,34.4,0.0,26.4,59
2015-06-29,42.1,28.3,34.0,0.0,27.8,58
2015-06-30,39.7,28.2,32.7,0.0,33.6,60
2015-07-01,38.4,27.5,31.8,0.0,34.2,63
2015-07-02,37.7,28.0,31.9,0.0,33.4,61
2015-07-03,38.0,28.1,32.0,0.0,38.1,60
2015-07-04,38.0,28.2,32.1,0.0,41.1,60
2015-07-05,36.9,28.1,31.8,0.0,42.2,64
2015-07-06,38.3,28.1,32.0,0.0,41.4,66
2015-07-07,39.1,27.8,32.3,0.0,32.1,66
2015-07-08,38.3,28.1,32.1,0.0,30.1,65
2015-07-09,37.3,27.5,31.4,0.0,35.8,63
2015-07-10,37.6,27.1,31.3,0.0,37.2,63
2015-07-11,37.9,27.3,32.1,0.0,25.0,62
2015-07-12,37.5,28.0,32.6,0.0,24.4,62
2015-07-13,38.1,27.4,32.2,0.0,27.5,62
2015-07-14,37.5,27.7,31.7,0.0,30.3,61
2015-07-15,36.8,27.2,31.1,0.0,35.8,62
2015-07-16,38.1,27.8,31.9,0.0,35.9,63
2015-07-17,37.9,27.1,31.9,0.0,27.1,64
2015-07-18,37.0,27.8,31.6,0.0,27.5,65
2015-07-19,38.3,27.5,31.6,0.0,30.7,64
2015-07-20,39.2,27.6,32.5,0.0,26.4,62
2015-07-21,39.0,27.8,33.0,1.5,22.7,61
2015-07-22,33.9,29.2,30.9,4.7,18.2,72
2015-07-23,31.8,28.9,30.2,10.3,12.3,80
2015-07-24,35.8,27.4,31.2,0.0,19.1,73
2015-07-25,34.0,27.4,29.9,0.0,25.9,75
2015-07-26,33.8,26.8,29.7,10.8,25.9,74
2015-07-27,29.0,25.8,26.8,59.8,26.5,89
2015-07-28,31.6,25.9,27.6,37.0,24.6,85
2015-07-29,31.6,25.9,28.2,1.4,25.6,81
2015-07-30,31.9,25.9,28.1,0.0,31.7,79
2015-07-31,31.5,25.7,28.0,0.0,34.8,78
2015-08-01,31.7,25.7,28.0,0.0,36.9,78
2015-08-02,32.3,25.6,28.3,0.0,31.9,75
2015-08-03,32.9,25.0,28.2,0.0,25.6,75
2015-08-04,33.1,25.1,28.2,0.0,28.5,74
2015-08-05,33.7,25.0,28.4,0.0,28.9,72
2015-08-06,33.6,25.1,28.5,0.0,25.6,73
2015-08-07,34.5,25.1,29.0,0.0,25.7,74
2015-08-08,34.2,25.6,29.1,0.0,23.8,74
2015-08-09,34.3,25.6,29.4,0.0,21.7,72
2015-08-10,34.0,25.6,29.6,0.0,18.0,71
2015-08-11,33.0,26.1,29.8,0.0,15.8,71
2015-08-12,34.5,26.4,30.1,0.0,16.6,68
2015-08-13,34.4,27.5,30.6,0.0,20.9,67
2015-08-14,35.1,27.2,31.0,0.0,20.0,69
2015-08-15,36.3,27.3,30.9,0.0,24.0,69
2015-08-16,36.4,27.4,31.2,0.0,24.5,66
2015-08-17,35.7,26.9,30.7,0.0,24.4,66
2015-08-18,36.0,26.6,30.6,0.0,28.2,64
2015-08-19,35.2,26.4,29.9,0.0,34.8,65
2015-08-20,34.5,26.3,29.5,0.0,37.5,65
2015-08-21,34.9,26.2,29.6,0.0,38.3,68
2015-08-22,35.2,26.4,29.8,0.0,35.3,68
2015-08-23,34.3,26.3,29.6,0.0,32.1,70
2015-08-24,35.0,26.4,29.8,0.0,29.9,68
2015-08-25,35.4,26.2,29.8,0.0,27.2,69
2015-08-26,36.1,25.8,30.0,0.0,29.3,67
2015-08-27,36.4,26.3,30.4,0.0,24.9,67
2015-08-28,35.6,26.3,30.5,0.0,21.0,66
2015-08-29,36.6,25.9,30.4,0.0,25.0,67
2015-08-30,35.2,25.7,29.6,0.0,25.1,68
2015-08-31,34.5,24.8,29.0,0.0,27.3,67
2015-09-01,35.0,24.2,28.9,0.0,23.7,66
2015-09-02,34.4,24.5,28.5,0.0,25.8,63
2015-09-03,34.6,23.9,28.8,0.0,23.9,62
2015-09-04,34.5,23.0,28.9,0.0,17.7,62
2015-09-05,35.3,24.2,29.3,0.0,25.7,58
2015-09-06,35.7,24.8,29.4,0.0,25.3,64
2015-09-07,35.5,25.0,29.5,0.0,22.9,65
2015-09-08,35.4,25.1,29.8,0.0,18.9,65
2015-09-09,35.6,25.5,30.3,0.0,18.2,63
2015-09-10,36.2,25.4,30.6,0.0,17.1,61
2015-09-11,37.2,25.6,31.2,0.0,17.0,56
2015-09-12,38.6,26.0,31.8,0.0,21.2,53
2015-09-13,38.7,25.1,31.1,0.0,22.3,56
2015-09-14,37.2,24.9,30.0,0.0,24.6,67
2015-09-15,36.4,25.8,30.3,0.0,28.4,66
2015-09-16,36.1,25.0,30.1,0.0,19.1,67
2015-09-17,36.5,25.1,30.5,0.0,17.0,64
2015-09-18,38.4,26.3,32.6,0.0,12.9,55
2015-09-19,39.1,29.6,34.1,0.0,26.3,43
2015-09-20,36.2,29.1,32.0,0.0,24.2,55
2015-09-21,34.4,28.2,30.3,0.6,25.4,70
2015-09-22,37.1,26.4,30.9,0.0,19.9,56
2015-09-23,36.3,23.0,29.1,0.0,23.8,58
2015-09-24,35.7,24.2,29.0,0.0,24.2,67
2015-09-25,35.7,24.6,29.0,0.0,30.2,65
2015-09-26,35.8,24.5,29.1,0.0,28.6,65
2015-09-27,36.9,24.8,29.7,0.0,23.2,60
2015-09-28,35.9,23.5,29.0,0.0,16.8,59
2015-09-29,36.8,23.2,29.9,0.0,10.6,53
2015-09-30,37.7,24.6,30.8,0.0,16.0,41
2015-10-01,38.8,24.6,31.5,0.0,10.2,40
2015-10-02,39.8,24.4,31.8,0.0,13.4,33
2015-10-03,41.1,26.8,32.9,0.0,23.5,26
2015-10-04,37.4,24.5,30.2,0.0,26.3,64
2015-10-05,36.4,25.2,30.1,0.0,15.6,63
2015-10-06,37.0,24.2,30.1,0.0,13.2,55
2015-10-07,37.4,22.8,29.9,0.0,12.6,59
2015-10-08,38.7,23.6,31.1,0.0,15.4,51
2015-10-09,38.4,24.8,30.7,0.0,21.7,53
2015-10-10,36.6,25.0,29.6,0.0,27.9,66
2015-10-11,35.9,25.1,29.7,0.0,26.0,66
2015-10-12,36.3,24.4,29.6,0.0,18.5,64
2015-10-13,37.3,23.2,29.3,0.0,20.9,58
2015-10-14,37.4,22.7,29.9,0.0,20.5,48
2015-10-15,37.4,24.0,30.5,0.0,13.6,46
2015-10-16,37.4,24.2,30.9,0.0,9.3,47
2015-10-17,38.0,24.7,31.3,0.0,13.3,42
2015-10-18,38.1,24.8,31.3,0.0,17.2,39
2015-10-19,36.8,24.6,30.3,0.0,16.2,55
2015-10-20,35.4,24.7,30.1,0.0,10.2,58
2015-10-21,35.5,25.0,29.9,0.0,15.3,49
2015-10-22,36.0,23.6,29.4,0.0,10.8,46
2015-10-23,37.2,22.2,29.7,0.0,15.1,40
2015-10-24,36.9,23.4,29.9,0.0,17.5,41
2015-10-25,35.3,23.9,28.8,0.1,20.3,65
2015-10-26,31.8,23.1,27.1,0.0,23.8,56
2015-10-27,31.2,21.4,26.0,0.0,19.0,53
2015-10-28,31.0,21.2,25.6,0.0,21.1,48
2015-10-29,30.6,18.4,24.6,0.0,21.7,41
2015-10-30,31.2,18.1,24.6,0.0,15.9,43
2015-10-31,31.7,18.8,25.3,0.0,15.0,43
2015-11-01,31.8,19.7,25.6,0.0,17.0,43
2015-11-02,32.1,20.6,26.2,0.0,17.8,44
2015-11-03,32.9,22.0,27.0,0.0,16.9,47
2015-11-04,35.0,19.7,27.5,0.0,17.7,47
2015-11-05,33.2,22.3,27.2,0.0,20.5,53
2015-11-06,30.9,18.4,24.4,0.0,14.3,35
2015-11-07,30.2,16.8,23.4,0.0,13.2,43
2015-11-08,30.5,17.1,23.7,0.0,11.6,48
2015-11-09,30.4,17.4,23.8,0.0,13.3,45
2015-11-10,30.4,18.5,24.2,0.0,15.4,48
2015-11-11,31.0,19.2,24.7,0.0,15.5,54
2015-11-12,31.2,19.3,24.9,0.0,15.5,54
2015-11-13,34.5,18.8,26.1,0.0,12.3,48
2015-11-14,31.7,20.0,25.6,0.0,15.5,55
2015-11-15,31.3,20.2,25.3,0.0,12.2,65
2015-11-16,30.9,20.2,25.1,0.0,18.4,56
2015-11-17,30.9,18.2,24.4,0.0,13.0,47
2015-11-18,30.4,15.0,22.7,0.0,12.2,44
2015-11-19,30.3,15.2,22.4,0.0,12.6,39
2015-11-20,29.9,15.8,22.3,0.0,16.9,41
2015-11-21,29.2,16.2,22.1,0.0,19.9,42
2015-11-22,29.7,17.3,22.9,0.0,18.4,45
2015-11-23,29.9,17.5,23.0,0.0,19.6,47
2015-11-24,29.2,17.7,22.9,0.0,22.6,48
2015-11-25,28.8,17.6,22.5,0.0,18.8,49
2015-11-26,27.3,16.7,21.0,0.0,19.4,40
2015-11-27,27.4,12.9,20.0,0.0,9.6,35
2015-11-28,27.5,11.4,19.4,0.0,12.8,40
2015-11-29,26.6,13.8,19.9,0.0,20.5,43
2015-11-30,27.5,15.3,21.1,0.0,18.9,46
2015-12-01,28.5,15.7,21.8,0.0,13.8,49
2015-12-02,28.9,14.1,21.0,0.0,9.4,49
2015-12-03,28.6,14.1,21.0,0.0,11.0,43
2015-12-04,30.1,12.8,20.9,0.0,12.6,47
2015-12-05,28.6,15.2,21.3,0.0,11.5,67
2015-12-06,28.1,14.1,20.8,0.0,9.5,57
2015-12-07,28.0,13.6,20.5,0.0,8.9,60
2015-12-08,27.1,14.6,20.2,0.0,16.6,56
2015-12-09,28.8,14.5,21.1,0.0,16.7,61
2015-12-10,24.7,14.9,19.3,0.0,20.5,40
2015-12-11,24.0,11.3,16.9,0.0,14.6,41
2015-12-12,23.6,9.0,16.0,0.0,15.5,46
2015-12-13,23.5,8.2,15.7,0.0,9.7,45
2015-12-14,23.4,9.9,15.9,0.0,17.8,41
2015-12-15,23.3,8.4,15.8,0.0,11.2,44
2015-12-16,26.0,8.7,17.4,0.0,12.3,48
2015-12-17,24.4,11.7,17.3,0.0,21.5,46
2015-12-18,23.3,10.0,16.1,0.0,14.1,47
2015-12-19,24.3,8.4,16.3,0.0,10.0,50
2015-12-20,24.5,9.0,16.6,0.0,11.4,51
2015-12-21,23.2,9.7,16.2,0.0,11.9,52
2015-12-22,24.6,10.7,17.6,0.0,9.5,56
2015-12-23,23.7,12.5,17.5,0.0,18.9,50
2015-12-24,22.4,9.0,15.2,0.0,13.4,44
2015-12-25,22.8,7.4,15.1,0.0,8.4,48
2015-12-26,23.2,11.5,16.5,0.0,11.6,44
2015-12-27,25.6,11.3,17.8,0.0,10.6,46
2015-12-28,26.7,12.7,18.9,0.0,15.4,49
2015-12-29,27.6,13.6,20.0,0.0,12.2,57
2015-12-30,28.2,12.9,20.0,0.0,12.6,61
2015-12-31,26.0,15.0,19.8,0.0,21.7,57
2016-01-01,26.6,13.7,19.5,0.0,15.8,54
2016-01-02,27.6,12.7,19.6,0.0,9.5,55
2016-01-03,27.4,14.1,20.2,0.0,11.4,55
2016-01-04,29.0,14.3,21.0,0.0,13.7,54
2016-01-05,26.9,16.8,21.2,0.0,16.3,65
2016-01-06,24.6,14.3,18.9,0.0,9.8,67
2016-01-07,24.5,15.5,19.2,0.0,18.8,69
2016-01-08,25.6,12.8,19.0,0.0,9.4,65
2016-01-09,26.8,12.8,19.6,0.0,12.4,59
2016-01-10,27.1,14.9,20.5,0.0,14.5,68
2016-01-11,26.5,14.5,20.5,0.0,12.4,69
2016-01-12,26.0,16.8,20.9,0.0,13.4,69
2016-01-13,24.5,12.9,18.3,0.0,15.5,52
2016-01-14,24.3,11.5,17.6,0.0,8.9,55
2016-01-15,24.4,11.3,17.4,0.0,12.5,57
2016-01-16,24.4,10.7,17.5,0.0,10.2,59
2016-01-17,25.7,13.7,19.6,0.0,11.6,69
2016-01-18,24.7,15.5,19.4,0.0,17.3,54
2016-01-19,24.5,12.3,18.0,0.0,15.5,54
2016-01-20,23.6,10.6,17.1,0.0,9.5,58
2016-01-21,25.3,9.6,17.4,0.0,12.4,58
2016-01-22,25.4,10.8,18.4,0.0,11.7,61
2016-01-23,24.7,12.0,17.9,0.0,14.3,61
2016-01-24,23.7,11.2,17.3,0.0,11.9,64
2016-01-25,24.1,10.9,17.4,0.0,9.7,67
2016-01-26,25.6,13.6,19.0,0.0,9.0,72
2016-01-27,24.4,15.0,19.0,0.0,15.1,67
2016-01-28,26.6,13.5,20.1,0.0,12.1,66
2016-01-29,28.9,17.8,22.6,0.0,22.3,71
2016-01-30,28.1,17.7,22.5,0.0,18.1,66
2016-01-31,26.7,15.6,20.8,0.0,15.1,60
2016-02-01,25.6,13.5,19.4,0.0,12.7,47
2016-02-02,25.9,11.3,18.5,0.0,9.2,43
2016-02-03,26.0,11.0,18.2,0.0,11.5,47
2016-02-04,26.1,11.3,18.5,0.0,10.5,43
2016-02-05,26.3,11.7,19.0,0.0,11.6,44
2016-02-06,26.5,13.5,19.4,0.0,18.2,39
2016-02-07,28.0,10.6,19.3,0.0,10.9,46
2016-02-08,27.9,10.7,19.6,0.0,9.7,43
2016-02-09,28.5,12.4,20.4,0.0,17.1,35
2016-02-10,29.4,14.7,21.3,0.0,15.3,56
2016-02-11,25.8,13.6,19.7,0.0,14.3,34
2016-02-12,24.6,11.0,17.9,0.0,17.4,42
2016-02-13,24.1,11.3,17.6,0.0,14.3,45
2016-02-14,24.8,11.0,17.7,0.0,12.7,45
2016-02-15,25.1,11.4,17.9,0.0,17.1,43
2016-02-16,25.1,11.8,18.2,0.0,25.4,36
2016-02-17,26.1,13.5,19.5,0.0,30.0,34
2016-02-18,26.2,16.5,21.2,0.0,29.9,34
2016-02-19,26.8,17.5,21.3,0.0,22.8,48
2016-02-20,29.2,13.0,21.2,0.0,11.8,53
2016-02-21,29.8,12.7,21.4,0.0,9.7,47
2016-02-22,31.1,13.7,22.2,0.0,11.4,33
2016-02-23,32.0,13.0,22.5,0.0,10.5,40
2016-02-24,32.0,15.1,23.1,0.0,10.5,42
2016-02-25,32.0,15.1,23.6,0.0,10.3,46
2016-02-26,31.9,16.9,23.9,0.0,19.8,40
2016-02-27,32.6,17.0,24.4,0.0,16.4,41
2016-02-28,33.6,15.7,24.8,0.0,10.3,42
2016-02-29,33.8,17.8,25.4,0.0,11.0,44
2016-03-01,32.2,19.0,25.0,0.0,19.8,51
2016-03-02,31.9,20.3,25.8,0.0,21.6,54
2016-03-03,32.1,19.4,25.4,0.0,17.7,53
2016-03-04,31.7,18.1,24.8,0.0,17.9,47
2016-03-05,30.9,17.8,24.4,0.0,15.8,47
2016-03-06,30.4,17.6,23.9,0.0,15.5,46
2016-03-07,29.4,18.8,24.1,0.0,16.4,47
2016-03-08,29.3,17.7,24.0,0.0,9.7,51
2016-03-09,32.3,18.5,25.6,0.0,16.6,50
2016-03-10,32.0,20.8,25.5,0.0,22.9,63
2016-03-11,29.0,20.8,24.5,0.5,29.3,68
2016-03-12,32.2,19.6,25.2,0.0,23.4,55
2016-03-13,31.6,20.3,25.4,0.0,20.7,57
2016-03-14,32.2,18.4,25.3,0.0,14.3,49
2016-03-15,33.3,19.9,26.7,0.0,10.7,44
2016-03-16,33.6,21.4,27.1,0.0,23.7,39
2016-03-17,33.9,22.8,27.2,0.0,31.3,62
2016-03-18,35.3,22.3,27.7,0.0,25.7,54
2016-03-19,36.5,22.9,28.5,0.0,31.8,41
2016-03-20,36.3,21.1,28.3,0.0,26.9,40
2016-03-21,35.4,20.6,27.9,0.0,16.9,38
2016-03-22,34.4,19.9,27.3,0.0,12.0,36
2016-03-23,37.1,19.4,28.9,0.0,17.6,32
2016-03-24,37.4,23.0,30.1,0.0,17.5,34
2016-03-25,32.8,24.0,27.7,0.0,26.0,43
2016-03-26,33.1,20.6,26.8,0.0,16.7,42
2016-03-27,34.4,19.3,27.1,0.0,8.8,39
2016-03-28,36.6,20.0,28.7,0.0,17.8,23
2016-03-29,36.5,21.1,28.7,0.0,22.3,20
2016-03-30,37.6,21.6,28.8,0.0,23.1,50
2016-03-31,38.0,23.0,29.5,0.0,21.7,56
2016-04-01,38.1,23.7,30.0,0.0,21.1,56
2016-04-02,37.8,24.2,30.0,0.0,22.3,50
2016-04-03,35.6,24.9,29.4,0.0,29.4,44
2016-04-04,35.9,21.5,28.4,0.0,22.4,49
2016-04-05,34.9,20.8,27.3,0.1,26.3,48
2016-04-06,35.3,21.7,27.9,0.0,21.0,45
2016-04-07,35.3,21.0,28.3,0.0,21.7,45
2016-04-08,35.8,22.4,29.0,0.0,22.4,40
2016-04-09,34.1,23.0,28.4,0.0,16.6,48
2016-04-10,36.1,24.2,29.8,0.0,21.1,38
2016-04-11,35.6,23.6,29.4,0.0,18.3,46
2016-04-12,37.3,23.4,30.6,0.0,18.2,36
2016-04-13,39.6,24.0,31.5,0.0,25.5,36
2016-04-14,40.1,23.0,30.8,0.0,25.7,52
2016-04-15,39.1,24.3,30.8,0.0,25.2,57
2016-04-16,37.9,24.7,30.8,0.0,27.7,56
2016-04-17,39.0,25.9,31.6,0.0,32.4,32
2016-04-18,35.8,22.6,28.5,0.0,24.4,55
2016-04-19,37.0,22.5,29.5,0.0,21.0,49
2016-04-20,38.1,24.5,31.2,0.0,19.2,32
2016-04-21,39.4,24.1,31.2,0.0,24.4,38
2016-04-22,39.5,24.0,31.8,0.0,21.4,36
2016-04-23,39.4,23.6,31.8,0.0,19.3,22
2016-04-24,39.4,23.1,31.0,0.0,17.7,33
2016-04-25,40.3,23.0,30.8,0.0,26.3,43
2016-04-26,40.4,24.6,32.1,0.0,21.7,40
2016-04-27,40.5,25.8,32.9,0.0,20.8,26
2016-04-28,42.2,25.4,33.7,0.0,20.1,33
2016-04-29,42.4,23.9,32.7,0.3,20.2,43
2016-04-30,43.0,24.3,32.9,0.0,25.0,45
2016-05-01,42.6,27.1,34.0,0.0,26.5,36
2016-05-02,42.8,28.3,34.3,0.0,33.5,34
2016-05-03,39.7,25.7,31.8,0.0,30.4,45
2016-05-04,38.1,25.0,30.9,1.6,24.0,55
2016-05-05,36.9,24.6,30.8,0.7,14.4,55
2016-05-06,39.8,25.0,32.3,0.0,20.2,46
2016-05-07,39.9,25.2,32.0,0.0,23.2,55
2016-05-08,39.8,26.0,32.0,0.0,25.5,61
2016-05-09,40.3,25.8,32.3,0.0,24.1,62
2016-05-10,39.9,25.8,32.2,0.0,27.3,61
2016-05-11,41.2,26.1,32.9,0.0,25.3,56
2016-05-12,41.5,26.0,33.2,0.0,23.7,51
2016-05-13,42.0,26.4,33.6,0.0,26.9,50
2016-05-14,41.6,26.9,33.4,0.0,30.4,49
2016-05-15,41.8,26.0,33.4,0.4,23.1,55
2016-05-16,42.8,26.8,34.1,0.4,21.4,50
2016-05-17,45.3,27.1,35.6,0.0,21.9,41
2016-05-18,46.6,28.3,36.6,0.0,24.5,36
2016-05-19,45.4,27.7,35.2,0.0,25.6,48
2016-05-20,43.9,27.1,34.3,0.0,27.1,56
2016-05-21,41.5,27.1,33.3,0.0,33.4,61
2016-05-22,41.7,28.4,33.6,0.0,35.9,60
2016-05-23,40.7,27.6,32.9,0.0,38.9,60
2016-05-24,41.1,27.8,32.8,0.0,33.8,57
2016-05-25,38.4,27.0,31.8,0.0,39.2,57
2016-05-26,38.8,26.9,31.7,0.0,36.4,59
2016-05-27,38.2,27.1,31.7,0.0,35.1,58
2016-05-28,38.0,27.4,31.7,0.0,36.7,60
2016-05-29,38.8,27.6,31.8,0.0,38.0,61
2016-05-30,39.8,27.0,32.1,0.0,37.8,60
2016-05-31,38.4,27.4,32.0,0.0,30.4,62
2016-06-01,39.1,27.6,32.1,0.0,28.5,61
2016-06-02,40.4,26.9,32.5,0.0,29.3,57
2016-06-03,40.0,26.8,32.4,0.0,26.6,55
2016-06-04,42.8,25.4,33.4,0.0,22.2,46
2016-06-05,44.5,26.6,35.0,0.0,23.4,34
2016-06-06,44.3,27.1,35.0,0.0,23.0,42
2016-06-07,43.1,27.0,34.1,0.0,27.9,53
2016-06-08,40.4,27.3,32.8,0.0,28.6,62
2016-06-09,41.5,28.2,33.5,0.0,30.0,59
2016-06-10,40.6,28.9,33.5,0.0,33.2,59
2016-06-11,39.8,28.6,32.7,0.0,35.3,62
2016-06-12,38.8,27.7,32.3,0.0,38.2,62
2016-06-13,38.0,28.0,32.1,0.0,36.1,64
2016-06-14,37.8,27.8,31.9,0.0,32.6,64
2016-06-15,39.9,27.4,32.5,0.0,33.2,60
2016-06-16,42.9,27.8,33.6,0.0,29.1,50
2016-06-17,40.1,26.6,32.0,0.0,30.3,60
2016-06-18,38.9,26.1,31.7,0.0,28.5,58
2016-06-19,41.1,26.3,32.7,0.0,25.8,57
2016-06-20,41.4,26.7,33.0,0.0,25.8,57
2016-06-21,39.2,27.7,32.8,0.0,25.6,59
2016-06-22,38.1,27.9,32.2,0.0,32.7,60
2016-06-23,39.1,27.6,33.0,0.0,24.2,56
2016-06-24,39.0,28.2,33.5,0.0,19.5,55
2016-06-25,39.3,29.4,34.0,0.5,18.2,56
2016-06-26,39.4,29.8,34.4,0.0,22.9,56
2016-06-27,38.4,29.7,33.5,0.2,14.8,57
2016-06-28,37.8,29.2,33.1,2.1,16.1,60
2016-06-29,37.8,29.0,32.8,2.8,15.0,67
2016-06-30,37.3,28.5,32.7,0.5,12.7,70
2016-07-01,39.3,29.6,34.3,0.0,20.6,60
2016-07-02,39.2,29.7,33.7,0.0,28.9,63
2016-07-03,39.0,29.3,33.2,0.0,26.5,64
2016-07-04,39.2,28.5,32.9,0.0,28.8,61
2016-07-05,37.7,28.1,32.1,0.0,32.4,62
2016-07-06,37.5,27.9,31.8,0.0,34.2,63
2016-07-07,35.6,28.4,31.3,0.0,35.5,67
2016-07-08,37.1,28.2,31.7,0.0,30.0,66
2016-07-09,36.1,28.0,31.4,0.0,28.3,68
2016-07-10,35.2,28.0,31.3,0.0,23.2,71
2016-07-11,38.1,27.7,32.1,0.0,24.6,67
2016-07-12,37.5,27.7,32.0,0.0,21.3,63
2016-07-13,38.4,28.3,32.1,0.4,22.4,63
2016-07-14,38.0,28.1,32.4,0.5,24.8,63
2016-07-15,36.9,28.1,32.0,0.0,30.0,63
2016-07-16,36.5,28.2,31.7,0.0,28.5,64
2016-07-17,37.1,27.8,31.6,0.0,28.5,64
2016-07-18,35.6,27.7,30.8,0.0,31.7,67
2016-07-19,36.9,27.3,31.0,0.0,29.9,64
2016-07-20,36.9,27.0,31.0,0.0,30.6,64
2016-07-21,36.7,26.8,30.8,0.0,31.2,64
2016-07-22,36.7,26.9,31.0,0.0,34.2,66
2016-07-23,35.7,27.4,30.8,0.0,27.2,65
2016-07-24,36.8,27.0,31.7,0.0,20.6,61
2016-07-25,37.8,28.0,32.8,0.0,20.2,56
2016-07-26,37.8,28.0,32.4,0.0,26.3,59
2016-07-27,37.3,27.6,31.8,0.0,26.5,60
2016-07-28,37.1,27.8,31.4,0.0,24.0,61
2016-07-29,38.5,27.7,31.9,0.0,29.7,61
2016-07-30,37.4,27.4,31.3,0.0,28.3,63
2016-07-31,37.3,27.4,31.3,0.0,30.6,65
2016-08-01,36.4,27.4,30.9,0.0,30.0,67
2016-08-02,37.5,26.9,31.5,0.0,23.5,65
2016-08-03,37.0,26.7,31.4,0.9,17.2,68
2016-08-04,30.6,26.7,28.4,34.9,8.4,87
2016-08-05,32.9,26.1,28.4,55.4,13.0,89
2016-08-06,31.5,26.1,28.0,48.3,15.7,90
2016-08-07,33.0,26.4,29.1,9.5,10.6,86
2016-08-08,33.7,27.0,29.8,0.2,16.6,81
2016-08-09,33.3,26.8,29.2,0.0,22.2,79
2016-08-10,32.6,26.5,28.9,0.0,25.1,78
2016-08-11,33.0,25.9,28.8,0.0,22.4,78
2016-08-12,32.9,25.6,28.5,0.0,24.2,78
2016-08-13,33.0,25.6,28.6,0.0,25.0,76
2016-08-14,32.9,25.5,28.4,0.0,26.1,77
2016-08-15,33.1,25.4,28.5,0.0,31.4,77
2016-08-16,33.5,25.9,28.7,0.0,32.1,75
2016-08-17,33.7,25.6,28.9,0.0,27.2,75
2016-08-18,33.8,25.7,29.0,0.0,18.8,74
2016-08-19,34.1,25.1,28.8,0.0,23.9,72
2016-08-20,34.8,25.7,29.4,0.0,23.5,70
2016-08-21,35.8,25.9,30.1,0.0,21.1,72
2016-08-22,38.1,26.6,31.7,0.0,21.3,67
2016-08-23,37.2,27.2,31.7,0.5,16.4,66
2016-08-24,30.4,28.3,29.3,0.2,15.7,74
2016-08-25,36.7,27.2,30.9,4.3,17.3,71
2016-08-26,35.7,27.8,31.3,2.0,13.0,73
2016-08-27,33.9,25.9,29.7,17.6,15.3,82
2016-08-28,30.2,26.4,27.8,6.9,18.4,90
2016-08-29,34.0,26.9,30.0,0.1,14.2,77
2016-08-30,34.4,26.7,30.0,0.0,19.3,72
2016-08-31,33.8,25.2,28.8,0.0,23.5,72
2016-09-01,34.9,24.4,28.9,0.0,23.3,71
2016-09-02,34.1,24.5,28.5,0.0,23.2,66
2016-09-03,34.3,24.5,28.4,0.0,27.9,68
2016-09-04,33.5,25.2,28.7,0.0,33.4,66
2016-09-05,32.9,25.3,28.5,0.0,31.8,69
2016-09-06,34.2,24.8,28.7,0.0,30.4,66
2016-09-07,34.4,24.8,28.8,0.0,30.1,66
2016-09-08,34.9,24.6,28.9,0.0,28.5,62
2016-09-09,35.0,25.1,29.0,0.0,28.8,61
2016-09-10,34.4,24.8,28.7,0.0,30.3,63
2016-09-11,34.2,25.1,28.8,0.0,31.8,64
2016-09-12,32.9,25.1,28.5,0.0,23.8,68
2016-09-13,34.5,24.2,29.1,0.0,20.7,63
2016-09-14,35.9,24.4,30.1,0.0,18.4,59
2016-09-15,37.4,25.4,31.2,0.0,18.7,51
2016-09-16,38.2,25.6,31.3,0.0,20.7,57
2016-09-17,38.5,25.7,31.2,0.0,22.4,60
2016-09-18,38.7,25.0,30.7,0.0,22.0,61
2016-09-19,38.4,25.5,30.6,0.0,25.4,59
2016-09-20,37.3,25.0,29.6,0.0,26.9,62
2016-09-21,36.3,24.8,29.4,0.0,27.6,62
2016-09-22,37.2,24.3,29.6,0.0,24.3,62
2016-09-23,37.3,24.4,29.6,0.0,24.6,62
2016-09-24,35.6,24.2,29.0,0.0,24.9,63
2016-09-25,36.7,24.7,29.8,0.0,24.0,64
2016-09-26,37.1,25.2,30.1,0.0,23.4,62
2016-09-27,35.7,24.8,29.1,0.0,27.8,66
2016-09-28,35.2,24.9,28.9,0.0,28.2,68
2016-09-29,35.4,24.9,29.1,0.0,24.8,70
2016-09-30,35.2,24.9,29.0,0.0,22.5,68
2016-10-01,35.8,23.6,29.2,0.0,16.6,64
2016-10-02,36.7,25.5,31.0,0.0,12.4,57
2016-10-03,37.5,27.3,32.1,0.7,11.0,56
2016-10-04,35.7,28.1,31.7,0.1,17.0,61
2016-10-05,37.5,26.7,31.4,0.0,19.5,61
2016-10-06,37.9,26.0,31.3,0.0,17.5,62
2016-10-07,38.7,26.1,32.0,0.0,15.5,58
2016-10-08,39.3,26.6,32.1,0.0,22.8,51
2016-10-09,39.1,25.3,30.9,0.0,22.9,60
2016-10-10,37.1,24.1,29.7,0.0,16.1,52
2016-10-11,36.4,22.3,28.6,0.0,18.1,54
2016-10-12,35.7,22.8,28.3,0.0,20.5,66
2016-10-13,35.5,23.7,28.9,0.0,18.6,67
2016-10-14,35.6,23.7,28.8,0.0,16.4,65
2016-10-15,35.2,22.9,28.3,0.0,15.7,65
2016-10-16,36.1,21.8,28.5,0.0,12.8,57
2016-10-17,36.9,22.1,29.2,0.0,17.3,43
2016-10-18,35.9,22.6,28.6,0.0,21.3,53
2016-10-19,35.5,22.6,28.1,0.0,21.1,63
2016-10-20,34.9,22.8,28.0,0.0,16.6,67
2016-10-21,35.1,22.9,28.0,0.0,14.9,67
2016-10-22,34.9,23.2,28.0,0.0,18.6,64
2016-10-23,34.1,22.2,27.3,0.0,19.0,66
2016-10-24,33.8,22.4,27.2,0.0,23.5,68
2016-10-25,33.9,23.1,27.8,0.0,17.3,67
2016-10-26,34.3,22.2,27.8,0.0,11.5,62
2016-10-27,35.1,21.0,28.0,0.0,9.3,51
2016-10-28,36.2,22.2,28.4,0.0,17.2,28
2016-10-29,34.0,19.3,26.4,0.0,15.0,49
2016-10-30,33.9,19.6,26.9,0.0,10.8,52
2016-10-31,34.0,21.1,27.5,0.0,11.8,40
2016-11-01,34.6,20.7,27.4,0.0,12.1,40
2016-11-02,34.4,19.2,27.3,0.0,11.2,39
2016-11-03,34.3,18.4,26.9,0.0,10.6,37
2016-11-04,34.3,18.9,26.2,0.0,9.7,37
2016-11-05,34.4,17.9,26.1,0.0,10.1,39
2016-11-06,34.4,18.2,25.7,0.0,10.2,34
2016-11-07,32.6,17.2,24.6,0.0,9.0,49
2016-11-08,34.0,16.7,25.3,0.0,16.1,47
2016-11-09,32.9,17.7,24.8,0.0,13.8,53
2016-11-10,33.1,18.5,24.9,0.0,18.1,62
2016-11-11,32.0,19.1,24.8,0.0,15.0,62
2016-11-12,31.1,16.9,23.5,0.0,20.5,36
2016-11-13,30.3,17.5,23.4,0.0,15.3,42
2016-11-14,29.7,15.3,22.5,0.0,11.1,45
2016-11-15,29.8,14.3,22.2,0.0,10.2,44
2016-11-16,30.1,14.0,22.2,0.0,11.7,45
2016-11-17,30.3,16.3,22.8,0.0,14.2,42
2016-11-18,31.4,14.5,22.8,0.0,10.2,44
2016-11-19,32.4,15.8,23.6,0.0,14.1,52
2016-11-20,31.8,20.3,24.6,0.0,16.8,68
2016-11-21,30.5,19.3,23.9,0.0,14.5,68
2016-11-22,30.2,16.1,23.0,0.0,8.2,65
2016-11-23,29.8,15.9,23.2,0.0,7.3,59
2016-11-24,29.7,15.4,22.6,0.0,12.6,57
2016-11-25,30.0,17.9,23.2,0.0,19.1,49
2016-11-26,30.4,17.3,23.2,0.0,13.9,56
2016-11-27,30.5,15.7,22.8,0.0,9.0,58
2016-11-28,31.0,14.6,22.8,0.0,11.1,48
2016-11-29,31.6,16.2,23.1,0.0,12.8,46
2016-11-30,30.1,16.5,22.8,0.0,12.2,64
2016-12-01,29.7,17.9,23.1,0.0,20.6,55
2016-12-02,29.4,17.5,22.9,0.0,19.2,54
2016-12-03,30.0,16.0,22.5,0.0,12.8,51
2016-12-04,29.4,15.1,21.8,0.0,10.1,51
2016-12-05,29.3,13.8,21.8,0.0,8.5,51
2016-12-06,29.5,15.0,22.2,0.0,8.7,52
2016-12-07,30.1,15.7,22.5,0.0,12.1,53
2016-12-08,31.6,14.6,22.9,0.0,14.5,50
2016-12-09,29.8,17.3,23.1,0.0,15.8,68
2016-12-10,30.6,20.3,24.3,0.0,20.8,65
2016-12-11,28.8,17.5,22.7,0.0,12.3,64
2016-12-12,27.1,16.6,21.7,0.0,9.8,63
2016-12-13,27.5,17.1,21.9,0.0,15.5,60
2016-12-14,26.1,15.5,20.5,0.0,20.8,58
2016-12-15,26.6,14.8,20.3,0.0,15.1,55
2016-12-16,27.6,13.1,20.4,0.0,7.8,56
2016-12-17,27.2,14.0,20.2,0.0,11.6,57
2016-12-18,27.3,13.9,20.3,0.0,8.7,59
2016-12-19,27.6,14.5,20.6,0.0,10.1,58
2016-12-20,27.7,14.4,20.5,0.0,13.7,58
2016-12-21,27.7,14.1,20.3,0.0,12.1,56
2016-12-22,29.0,12.4,20.7,0.0,10.0,51
2016-12-23,30.2,12.7,20.9,0.0,9.1,60
2016-12-24,29.3,15.2,21.2,0.0,15.5,57
2016-12-25,26.3,13.8,19.1,0.0,22.8,40
2016-12-26,26.0,12.5,19.2,0.0,14.4,41
2016-12-27,28.0,12.1,19.6,0.0,11.2,46
2016-12-28,28.5,13.2,20.6,0.0,9.5,60
2016-12-29,30.2,12.9,20.8,0.0,13.6,59
2016-12-30,28.4,14.8,20.7,0.0,13.7,69
2016-12-31,26.5,14.6,20.0,0.0,16.1,69
2017-01-01,25.8,13.9,19.0,0.0,15.8,72
2017-01-02,25.4,13.3,18.5,0.0,12.7,73
2017-01-03,25.4,13.9,19.1,0.0,13.2,71
2017-01-04,25.7,11.6,18.8,0.0,12.3,75
2017-01-05,24.7,14.0,18.9,0.0,12.3,79
2017-01-06,24.6,14.0,18.6,0.0,11.3,82
2017-01-07,21.8,12.0,16.1,0.0,19.7,51
2017-01-08,22.0,8.7,14.6,0.0,13.6,56
2017-01-09,20.8,9.7,14.4,0.0,17.7,61
2017-01-10,21.2,7.8,14.0,0.0,10.4,68
2017-01-11,21.5,8.3,14.6,0.0,9.4,63
2017-01-12,22.8,10.4,15.6,0.0,9.9,60
2017-01-13,24.3,10.5,16.9,0.0,10.7,47
2017-01-14,18.1,12.3,14.7,0.5,22.8,70
2017-01-15,18.3,12.0,14.1,0.1,22.1,73
2017-01-16,20.9,9.1,13.9,0.0,13.8,72
2017-01-17,20.5,9.1,14.1,0.0,9.8,70
2017-01-18,22.4,10.2,15.8,0.0,14.8,70
2017-01-19,21.4,10.4,15.6,0.0,27.5,60
2017-01-20,20.1,11.4,15.4,0.0,25.6,56
2017-01-21,22.1,11.0,15.8,0.0,19.3,56
2017-01-22,24.6,11.8,17.2,0.0,14.5,51
2017-01-23,24.6,12.2,17.4,0.0,17.1,54
2017-01-24,23.7,13.6,17.9,0.0,24.5,60
2017-01-25,23.8,14.0,18.0,2.6,23.4,70
2017-01-26,21.9,12.9,16.8,2.8,11.5,75
2017-01-27,23.2,10.4,16.0,0.0,9.5,67
2017-01-28,24.2,10.7,16.9,0.0,10.2,63
2017-01-29,24.5,12.6,17.5,0.0,15.2,61
2017-01-30,26.9,9.9,18.4,0.0,18.6,61
2017-01-31,26.2,14.3,19.6,0.0,15.8,60
2017-02-01,26.4,14.0,19.1,0.0,14.1,56
2017-02-02,27.4,13.3,19.7,0.0,12.4,58
2017-02-03,26.7,14.2,19.5,0.0,17.6,61
2017-02-04,23.4,15.8,19.5,0.1,36.3,52
2017-02-05,21.6,9.0,15.0,0.0,12.0,44
2017-02-06,22.4,9.2,15.0,0.0,11.9,51
2017-02-07,23.4,10.6,16.0,0.0,14.4,51
2017-02-08,25.2,10.5,17.2,0.0,11.9,52
2017-02-09,24.8,11.2,17.6,0.0,22.1,44
2017-02-10,25.1,11.9,17.5,0.0,15.9,40
2017-02-11,26.2,10.9,17.7,0.0,11.2,45
2017-02-12,27.4,13.6,19.4,0.0,17.4,40
2017-02-13,27.5,13.1,19.6,0.0,23.8,41
2017-02-14,28.4,13.9,20.5,0.0,18.6,48
2017-02-15,30.1,14.8,21.2,0.0,15.0,49
2017-02-16,31.2,16.7,22.5,0.0,14.4,47
2017-02-17,30.0,17.7,22.4,0.0,19.1,58
2017-02-18,32.5,16.8,23.6,0.0,14.3,57
2017-02-19,33.0,19.8,26.2,0.0,25.9,38
2017-02-20,27.9,17.6,22.1,0.0,19.7,40
2017-02-21,26.7,13.1,19.3,0.0,12.4,46
2017-02-22,28.0,12.8,20.4,0.0,14.6,44
2017-02-23,28.8,13.6,20.2,0.0,12.3,45
2017-02-24,30.1,14.2,21.2,0.0,11.7,44
2017-02-25,31.7,13.7,23.2,0.0,11.2,38
2017-02-26,32.0,16.2,23.8,0.0,11.2,48
2017-02-27,34.3,19.4,26.6,0.0,18.9,31
2017-02-28,32.6,19.3,25.1,0.0,20.0,40
2017-03-01,29.5,18.6,23.6,0.0,19.1,44
2017-03-02,29.3,15.2,21.4,0.0,15.5,44
2017-03-03,29.1,13.8,21.6,0.0,12.9,40
2017-03-04,31.3,16.0,22.5,0.0,13.0,33
2017-03-05,33.0,17.5,24.8,0.0,20.6,37
2017-03-06,31.6,17.5,24.8,0.0,25.2,39
2017-03-07,32.3,20.2,25.3,0.7,20.2,57
2017-03-08,30.6,18.7,24.6,0.0,13.6,47
2017-03-09,30.7,19.2,24.6,0.0,16.8,58
2017-03-10,29.5,16.6,22.7,0.0,25.4,36
2017-03-11,27.0,13.9,20.7,0.0,17.6,20
2017-03-12,29.1,11.9,20.3,0.0,10.5,34
2017-03-13,30.7,12.5,22.0,0.0,13.7,34
2017-03-14,34.1,17.2,25.2,0.0,22.7,35
2017-03-15,31.9,17.5,23.6,0.0,14.4,44
2017-03-16,31.3,18.0,24.3,0.0,12.6,44
2017-03-17,35.2,20.2,27.0,0.0,31.7,50
2017-03-18,35.0,22.1,28.0,0.0,39.3,48
2017-03-19,34.9,21.2,27.2,0.0,13.4,49
2017-03-20,35.3,19.6,27.3,0.0,13.3,38
2017-03-21,36.5,22.3,28.8,0.0,24.2,29
2017-03-22,35.5,20.7,27.3,0.0,23.4,55
2017-03-23,36.6,21.8,28.6,0.0,19.9,48
2017-03-24,35.7,20.8,28.3,0.0,21.0,46
2017-03-25,38.1,23.4,30.5,0.0,17.7,35
2017-03-26,39.2,23.6,31.2,0.0,17.7,38
2017-03-27,40.6,24.4,32.4,0.0,21.7,26
2017-03-28,39.2,23.0,30.1,0.0,27.1,47
2017-03-29,39.5,24.6,30.7,0.0,25.0,42
2017-03-30,39.6,23.3,30.2,0.0,29.5,46
2017-03-31,38.7,22.9,29.5,0.0,25.8,50
2017-04-01,39.4,23.6,30.7,0.0,22.0,39
2017-04-02,40.3,23.1,30.7,0.0,23.3,46
2017-04-03,39.5,23.5,30.5,0.0,26.2,55
2017-04-04,43.0,23.7,31.6,0.0,28.7,53
2017-04-05,39.2,26.2,31.8,0.0,37.4,34
2017-04-06,33.3,22.9,27.8,0.0,28.0,27
2017-04-07,32.6,20.2,26.5,0.0,21.4,18
2017-04-08,34.9,17.7,26.2,0.0,13.4,26
2017-04-09,36.4,18.7,27.6,0.0,11.5,25
2017-04-10,39.4,21.7,30.4,0.0,16.9,17
2017-04-11,41.9,25.2,33.1,0.0,21.5,19
2017-04-12,43.6,26.5,34.7,0.0,28.8,17
2017-04-13,44.0,25.6,34.5,0.0,25.5,21
2017-04-14,42.3,25.5,32.9,0.0,25.8,34
2017-04-15,40.9,24.7,31.8,0.0,27.2,41
2017-04-16,40.2,25.3,31.6,0.0,29.8,42
2017-04-17,39.6,24.4,31.0,0.0,31.2,52
2017-04-18,42.7,25.2,32.5,0.0,30.8,45
2017-04-19,42.9,25.6,33.0,0.0,25.9,44
2017-04-20,42.1,27.1,33.4,0.0,35.0,36
2017-04-21,39.8,25.8,31.6,0.0,34.4,46
2017-04-22,38.2,24.0,30.1,0.0,34.2,54
2017-04-23,39.8,24.7,30.4,0.0,28.0,62
2017-04-24,38.9,24.0,30.1,0.0,28.0,55
2017-04-25,39.4,22.5,29.6,0.0,30.4,56
2017-04-26,38.7,23.8,29.8,0.0,34.6,59
2017-04-27,38.7,24.5,30.4,0.0,29.5,63
2017-04-28,41.3,24.6,31.6,2.5,27.2,53
2017-04-29,42.3,24.4,32.8,0.0,22.4,40
2017-04-30,40.7,25.2,33.4,0.0,20.4,22
2017-05-01,41.3,25.0,33.1,0.0,20.9,30
2017-05-02,42.0,26.5,33.4,0.0,22.3,38
2017-05-03,42.6,26.4,33.7,0.0,26.0,45
2017-05-04,41.4,27.5,33.8,0.0,23.8,39
2017-05-05,42.9,27.0,34.1,0.0,22.0,37
2017-05-06,42.6,25.9,33.6,0.0,23.5,42
2017-05-07,43.0,26.1,33.7,0.8,28.7,43
2017-05-08,44.1,26.5,34.1,0.0,26.0,43
2017-05-09,42.7,27.0,33.7,0.0,28.4,47
2017-05-10,42.7,27.0,33.5,0.5,27.6,53
2017-05-11,41.9,26.4,33.0,1.9,22.5,54
2017-05-12,40.3,27.2,33.1,1.9,24.8,53
2017-05-13,41.9,26.6,33.5,0.0,23.0,49
2017-05-14,41.9,26.3,33.2,0.0,29.9,50
2017-05-15,41.7,27.6,33.7,0.0,32.9,44
2017-05-16,42.5,28.2,34.3,0.0,32.8,41
2017-05-17,42.2,27.3,33.6,0.0,30.6,45
2017-05-18,40.9,26.3,32.8,0.0,31.6,56
2017-05-19,40.6,26.9,32.8,0.0,44.6,53
2017-05-20,39.4,26.8,32.4,0.0,37.7,60
2017-05-21,41.0,27.1,32.5,1.7,30.9,61
2017-05-22,38.5,27.1,32.0,0.0,33.0,61
2017-05-23,40.3,26.5,32.7,0.0,35.6,54
2017-05-24,42.8,27.4,34.0,0.0,26.5,54
2017-05-25,44.3,27.9,34.8,0.0,28.4,50
2017-05-26,43.0,27.4,33.8,0.0,28.6,54
2017-05-27,43.4,27.5,33.9,0.0,29.6,57
2017-05-28,41.4,27.0,33.4,0.0,27.6,61
2017-05-29,46.1,26.3,35.2,0.0,25.7,54
2017-05-30,43.7,27.1,34.8,0.0,23.5,54
2017-05-31,42.3,26.8,33.7,0.0,23.1,60
2017-06-01,41.0,27.7,33.6,0.0,20.0,58
2017-06-02,42.0,28.8,34.7,0.0,24.9,52
2017-06-03,42.7,28.0,35.1,0.0,29.3,48
2017-06-04,40.5,28.8,34.2,0.0,31.9,54
2017-06-05,39.3,29.3,33.3,0.0,34.6,57
2017-06-06,38.4,29.3,33.1,0.0,37.9,58
2017-06-07,38.7,29.0,33.4,0.0,32.1,59
2017-06-08,38.3,28.8,32.8,0.1,30.9,63
2017-06-09,39.7,28.7,33.5,0.0,28.3,58
2017-06-10,40.5,28.5,33.6,0.0,27.6,56
2017-06-11,40.2,28.6,33.4,0.0,32.2,58
2017-06-12,38.9,28.0,32.5,0.0,33.5,61
2017-06-13,38.7,28.8,32.6,0.0,36.2,61
2017-06-14,38.6,28.3,32.5,0.0,31.9,61
2017-06-15,37.7,28.3,32.3,0.0,37.6,59
2017-06-16,38.4,28.3,32.3,0.0,43.3,61
2017-06-17,37.8,29.0,32.5,0.0,38.8,60
2017-06-18,38.1,28.6,32.4,0.0,33.9,62
2017-06-19,37.6,28.7,32.2,0.0,37.9,63
2017-06-20,37.9,28.7,32.3,0.0,39.7,64
2017-06-21,38.1,28.4,32.2,0.4,33.6,66
2017-06-22,39.0,28.5,32.7,0.0,30.2,62
2017-06-23,38.7,28.5,32.5,0.0,33.8,63
2017-06-24,40.4,28.4,33.3,0.0,26.5,60
2017-06-25,41.2,28.2,34.2,0.0,24.0,56
2017-06-26,42.1,29.4,35.5,0.0,24.1,53
2017-06-27,41.3,30.4,35.1,0.6,20.5,54
2017-06-28,35.3,29.9,31.7,7.7,14.8,67
2017-06-29,34.8,29.1,31.3,18.1,19.2,74
2017-06-30,34.1,28.9,30.9,2.2,23.2,75
2017-07-01,36.6,28.2,31.4,0.0,27.8,68
2017-07-02,36.9,27.6,31.1,0.0,34.7,68
2017-07-03,36.4,28.1,31.3,0.0,36.2,66
2017-07-04,37.4,28.2,31.8,0.0,40.4,62
2017-07-05,37.6,28.2,31.8,0.0,43.0,61
2017-07-06,36.7,28.1,31.6,0.0,38.0,63
2017-07-07,35.7,28.0,31.1,0.0,31.4,66
2017-07-08,37.9,27.9,31.8,0.0,30.8,64
2017-07-09,37.7,27.5,31.5,0.0,32.9,62
2017-07-10,37.2,28.0,31.2,0.0,39.3,65
2017-07-11,36.3,27.7,30.9,0.0,41.1,65
2017-07-12,36.8,27.9,30.9,0.0,37.0,66
2017-07-13,37.0,27.9,31.4,0.0,32.7,65
2017-07-14,37.7,28.2,31.9,0.5,26.0,64
2017-07-15,37.2,28.1,31.1,24.4,28.9,69
2017-07-16,35.2,27.4,30.5,14.3,21.3,75
2017-07-17,36.6,27.6,30.7,13.7,21.0,76
2017-07-18,36.9,27.7,31.3,0.2,21.3,73
2017-07-19,32.9,28.0,29.8,15.1,13.8,80
2017-07-20,36.6,27.8,31.8,1.0,16.6,71
2017-07-21,35.3,28.1,31.1,0.0,21.7,70
2017-07-22,36.0,27.4,30.8,0.0,25.2,69
2017-07-23,36.7,27.2,31.0,0.0,25.6,69
2017-07-24,36.5,27.3,31.0,0.0,30.6,66
2017-07-25,36.0,27.4,30.8,0.0,27.2,67
2017-07-26,37.7,27.9,31.7,0.0,28.8,66
2017-07-27,37.2,27.8,31.5,0.0,28.6,66
2017-07-28,37.9,27.9,31.4,0.0,28.3,66
2017-07-29,35.2,27.6,30.0,0.0,28.3,69
2017-07-30,32.6,26.6,29.3,18.5,34.0,75
2017-07-31,35.6,26.9,30.2,0.0,34.2,70
2017-08-01,35.0,27.2,30.1,0.0,31.4,72
2017-08-02,35.5,26.6,29.9,0.0,34.9,70
2017-08-03,37.2,26.4,30.4,0.0,36.7,66
2017-08-04,37.0,26.4,30.6,0.0,35.9,66
2017-08-05,37.2,26.8,31.1,0.0,29.6,66
2017-08-06,37.6,27.3,31.5,0.0,24.7,64
2017-08-07,38.3,27.4,31.5,0.0,23.4,62
2017-08-08,35.5,27.7,30.6,0.0,23.4,66
2017-08-09,32.8,27.5,29.6,0.0,26.7,68
2017-08-10,34.7,27.3,30.4,0.0,29.3,67
2017-08-11,35.1,27.6,30.5,0.0,37.3,68
2017-08-12,35.8,27.3,30.3,0.0,40.6,65
2017-08-13,36.3,26.9,30.3,0.0,43.0,65
2017-08-14,36.5,26.4,30.4,0.0,35.2,65
2017-08-15,37.6,26.4,30.8,0.0,31.8,63
2017-08-16,37.0,26.3,30.5,0.0,33.7,61
2017-08-17,37.6,26.5,30.8,0.0,32.0,62
2017-08-18,38.1,26.9,31.1,0.0,30.1,64
2017-08-19,37.8,26.7,31.0,0.0,24.0,64
2017-08-20,39.0,26.3,31.9,0.0,21.9,60
2017-08-21,41.2,28.4,34.1,0.0,22.4,54
2017-08-22,36.8,29.3,31.8,10.6,23.1,67
2017-08-23,34.5,26.5,29.7,0.1,24.7,76
2017-08-24,35.1,26.6,29.8,0.0,30.2,74
2017-08-25,34.8,26.8,29.9,0.0,29.8,72
2017-08-26,36.0,26.6,30.2,0.0,31.6,71
2017-08-27,37.2,26.8,30.9,0.0,24.0,68
2017-08-28,39.0,27.4,32.5,0.0,19.9,59
2017-08-29,39.0,29.3,34.0,0.0,25.0,52
2017-08-30,32.8,27.7,30.7,18.2,26.8,69
2017-08-31,29.7,25.8,27.9,13.1,23.2,85
2017-09-01,31.1,26.2,28.2,8.5,18.0,85
2017-09-02,33.3,26.4,29.0,0.0,27.0,75
2017-09-03,31.0,26.2,28.0,0.0,24.9,81
2017-09-04,33.5,25.9,28.7,0.0,27.3,76
2017-09-05,33.2,25.4,28.4,0.0,30.6,75
2017-09-06,33.8,25.1,28.4,0.0,33.2,74
2017-09-07,34.2,25.3,28.8,0.0,25.2,72
2017-09-08,35.9,25.2,29.8,0.0,23.8,70
2017-09-09,36.3,25.7,29.9,0.0,23.2,67
2017-09-10,35.5,25.2,29.4,0.0,25.3,69
2017-09-11,35.6,25.3,29.7,0.0,23.6,67
2017-09-12,37.6,25.4,30.6,0.0,27.4,66
2017-09-13,37.0,26.2,30.6,0.0,26.0,65
2017-09-14,37.7,25.1,30.1,0.0,27.4,65
2017-09-15,38.1,25.8,31.2,0.0,16.9,61
2017-09-16,38.3,26.7,32.2,0.0,18.3,56
2017-09-17,38.8,27.1,32.7,0.0,16.1,50
2017-09-18,40.2,28.1,33.4,0.0,23.2,41
2017-09-19,39.5,25.8,31.9,0.0,22.0,53
2017-09-20,40.2,25.3,32.0,0.0,21.7,48
2017-09-21,39.0,25.0,30.9,0.0,24.8,56
2017-09-22,37.6,24.9,29.7,0.0,27.0,64
2017-09-23,35.3,24.6,29.1,0.0,25.2,66
2017-09-24,34.9,25.1,28.9,0.0,26.8,67
2017-09-25,35.7,24.8,29.0,0.0,27.6,65
2017-09-26,35.7,24.2,28.8,0.0,24.6,66
2017-09-27,36.3,24.0,29.1,0.0,22.0,65
2017-09-28,36.1,24.0,29.3,0.0,20.1,67
2017-09-29,36.3,23.8,29.5,0.0,17.7,64
2017-09-30,37.5,23.8,29.8,0.0,17.4,58
2017-10-01,37.8,23.2,29.4,0.0,25.1,55
2017-10-02,36.6,24.3,29.7,0.0,22.3,66
2017-10-03,35.6,24.6,29.6,0.0,16.9,65
2017-10-04,36.1,23.9,29.5,0.0,18.7,60
2017-10-05,37.1,23.7,29.8,0.0,16.3,57
2017-10-06,38.2,24.2,31.0,0.0,16.3,44
2017-10-07,38.7,26.5,32.2,0.0,13.1,31
2017-10-08,40.2,27.9,32.8,0.0,17.3,28
2017-10-09,39.3,25.1,31.8,0.0,17.5,39
2017-10-10,39.5,25.9,32.0,0.0,15.8,31
2017-10-11,39.4,24.6,31.1,0.0,16.4,39
2017-10-12,39.8,23.9,31.3,0.0,13.5,37
2017-10-13,40.6,22.7,31.4,0.0,14.3,32
2017-10-14,41.4,25.2,31.8,0.0,20.4,40
2017-10-15,40.4,24.8,30.9,0.0,25.7,56
2017-10-16,39.2,24.1,30.1,0.0,18.9,59
2017-10-17,38.9,22.9,30.0,0.0,10.1,55
2017-10-18,39.3,23.6,30.6,0.0,14.5,44
2017-10-19,39.5,24.2,31.4,0.0,19.9,41
2017-10-20,38.0,25.8,30.9,0.0,13.6,35
2017-10-21,38.5,22.6,30.1,0.0,21.9,37
2017-10-22,38.5,23.7,29.9,0.0,19.4,44
2017-10-23,37.2,22.6,29.2,0.0,24.2,59
2017-10-24,38.0,23.4,29.7,0.0,15.9,58
2017-10-25,37.4,22.7,29.7,0.0,10.5,50
2017-10-26,36.5,22.6,28.8,0.0,20.7,56
2017-10-27,34.5,23.1,27.7,0.0,16.7,64
2017-10-28,35.8,22.2,28.4,0.0,14.8,51
2017-10-29,36.0,22.1,28.5,0.0,12.9,41
2017-10-30,36.1,22.8,28.9,0.0,10.8,31
2017-10-31,36.0,24.6,30.1,0.0,21.8,23
2017-11-01,36.0,23.8,29.4,0.0,18.0,26
2017-11-02,35.5,23.7,29.1,0.0,16.4,26
2017-11-03,34.8,21.8,27.8,0.0,14.6,36
2017-11-04,34.8,22.8,27.9,0.0,13.8,35
2017-11-05,33.6,22.2,27.1,0.0,17.2,48
2017-11-06,33.8,21.0,26.5,0.0,12.5,51
2017-11-07,33.9,18.3,25.6,0.0,10.1,50
2017-11-08,34.4,20.3,26.7,0.0,14.0,45
2017-11-09,32.8,19.7,25.6,0.0,10.0,52
2017-11-10,32.9,20.8,25.7,0.0,10.6,55
2017-11-11,32.6,19.7,25.3,0.0,10.5,53
2017-11-12,32.0,19.7,25.3,0.0,13.0,52
2017-11-13,31.8,20.8,25.8,0.0,21.4,42
2017-11-14,29.9,18.4,23.5,0.0,12.7,52
2017-11-15,29.0,16.6,22.4,0.0,12.4,54
2017-11-16,26.8,17.2,21.4,0.0,18.8,57
2017-11-17,25.9,15.5,20.3,0.0,16.2,58
2017-11-18,26.3,15.5,20.4,0.0,18.5,51
2017-11-19,26.7,14.9,20.6,0.0,18.5,45
2017-11-20,27.3,14.4,19.9,0.0,13.8,44
2017-11-21,27.0,14.2,19.6,0.0,12.2,43
2017-11-22,27.0,13.2,19.2,0.0,10.9,44
2017-11-23,27.1,13.2,19.6,0.0,10.9,42
2017-11-24,27.8,11.3,20.0,0.0,10.5,43
2017-11-25,29.1,14.3,21.4,0.0,10.0,48
2017-11-26,29.0,16.4,21.8,0.0,13.7,55
2017-11-27,29.7,16.9,22.1,0.0,11.4,49
2017-11-28,31.4,17.1,23.4,0.0,15.6,48
2017-11-29,28.3,16.1,21.5,0.0,17.9,53
2017-11-30,27.6,16.2,21.1,0.0,19.4,50
2017-12-01,27.4,14.5,20.2,0.0,15.2,51
2017-12-02,28.5,15.3,21.0,0.0,14.5,46
2017-12-03,27.4,15.5,20.6,0.0,19.4,46
2017-12-04,25.1,15.1,19.2,0.0,22.7,39
2017-12-05,23.4,12.7,17.6,0.0,29.5,26
2017-12-06,23.6,12.3,17.2,0.0,23.8,34
2017-12-07,23.8,10.4,16.7,0.0,16.9,38
2017-12-08,24.4,10.7,16.7,0.0,16.3,39
2017-12-09,26.0,12.0,18.4,0.0,10.6,45
2017-12-10,22.7,16.0,19.1,0.0,24.0,45
2017-12-11,23.3,13.3,17.7,0.0,18.5,56
2017-12-12,23.9,12.3,17.1,0.0,12.6,59
2017-12-13,23.3,9.9,16.3,0.0,13.1,54
2017-12-14,22.2,11.4,15.9,0.0,21.0,71
2017-12-15,21.4,10.8,15.6,0.0,21.3,70
2017-12-16,21.7,10.6,15.6,0.0,24.9,61
2017-12-17,22.6,10.5,16.2,0.0,22.4,49
2017-12-18,23.0,13.2,17.1,0.0,23.2,46
2017-12-19,24.6,13.2,18.0,0.0,20.0,52
2017-12-20,26.4,13.5,18.9,0.0,15.9,67
2017-12-21,26.1,14.9,19.6,0.0,16.0,67
2017-12-22,26.8,13.8,19.4,0.0,16.1,62
2017-12-23,26.9,13.0,19.3,0.0,10.1,52
2017-12-24,27.3,11.9,18.6,0.0,11.8,53
2017-12-25,26.6,13.3,18.8,0.0,13.8,60
2017-12-26,27.2,12.4,18.8,0.0,10.2,59
2017-12-27,27.7,11.8,18.8,0.0,10.2,53
2017-12-28,26.3,15.3,19.6,0.0,18.8,57
2017-12-29,24.9,13.6,18.3,0.0,19.8,58
2017-12-30,24.2,11.2,17.0,0.0,16.3,54
2017-12-31,24.9,10.3,16.5,0.0,10.9,55
2018-01-01,24.7,9.7,16.3,0.0,10.9,52
2018-01-02,25.2,10.5,17.6,0.0,8.7,46
2018-01-03,25.2,10.4,17.2,0.0,12.3,46
2018-01-04,24.8,13.9,18.6,0.0,13.0,71
2018-01-05,24.4,13.3,17.8,0.0,12.6,64
2018-01-06,23.3,12.0,16.8,0.0,14.1,63
2018-01-07,23.7,11.3,16.4,0.0,9.8,67
2018-01-08,24.1,11.9,17.1,0.0,10.9,65
2018-01-09,24.7,11.5,17.3,0.0,15.3,59
2018-01-10,24.7,12.8,18.0,0.0,20.4,50
2018-01-11,23.3,14.7,18.2,0.0,16.6,51
2018-01-12,25.3,15.7,19.3,0.0,11.7,57
2018-01-13,28.0,12.9,19.4,0.0,10.5,58
2018-01-14,28.6,13.0,20.4,0.0,10.7,56
2018-01-15,27.1,13.8,19.1,0.0,14.1,58
2018-01-16,28.0,11.8,19.6,0.0,20.8,59
2018-01-17,26.1,15.7,19.6,0.0,20.7,67
2018-01-18,24.4,13.7,18.1,0.0,20.7,49
2018-01-19,24.9,12.9,18.1,0.0,16.9,49
2018-01-20,25.4,11.4,17.8,0.0,12.4,50
2018-01-21,27.1,10.0,18.3,0.0,17.2,48
2018-01-22,26.6,14.6,19.6,0.0,14.9,65
2018-01-23,24.8,12.8,19.3,0.0,20.2,39
2018-01-24,26.8,10.5,18.3,0.0,13.8,42
2018-01-25,25.8,13.1,18.8,0.0,12.7,60
2018-01-26,26.5,11.0,17.8,0.0,10.2,59
2018-01-27,27.1,11.1,18.9,0.0,10.2,54
2018-01-28,27.4,12.1,19.6,0.0,9.6,51
2018-01-29,28.0,12.7,19.7,0.0,10.8,53
2018-01-30,27.9,13.1,20.0,0.0,14.5,59
2018-01-31,30.1,13.1,21.0,0.0,16.1,57
2018-02-01,27.5,16.2,20.7,0.0,16.9,53
2018-02-02,26.9,14.4,19.7,0.0,11.7,48
2018-02-03,26.4,13.4,19.0,0.0,16.6,48
2018-02-04,25.3,12.4,18.2,0.0,16.5,39
2018-02-05,24.7,14.7,18.8,0.0,16.8,44
2018-02-06,26.4,13.2,19.0,0.0,17.6,42
2018-02-07,26.3,12.4,18.6,0.0,11.7,46
2018-02-08,26.6,10.3,18.0,0.0,11.0,49
2018-02-09,28.1,12.0,19.9,0.0,10.6,43
2018-02-10,27.0,14.0,19.9,0.0,13.0,50
2018-02-11,24.1,15.1,19.0,0.0,23.8,48
2018-02-12,26.3,12.1,19.3,0.0,15.0,56
2018-02-13,28.2,15.2,21.2,0.0,12.9,60
2018-02-14,25.9,15.1,19.9,0.0,23.9,60
2018-02-15,28.6,14.2,20.9,0.0,11.5,57
2018-02-16,29.5,14.4,21.4,0.0,11.6,52
2018-02-17,33.5,16.5,23.2,0.0,11.8,53
2018-02-18,32.7,17.4,23.8,0.0,11.1,51
2018-02-19,34.6,16.7,24.7,0.0,11.5,48
2018-02-20,33.2,16.5,24.6,0.0,16.8,53
2018-02-21,32.0,17.6,25.0,0.0,16.3,47
2018-02-22,32.3,18.1,25.0,0.0,14.8,56
2018-02-23,32.9,19.0,25.5,0.0,18.4,49
2018-02-24,30.1,19.9,24.2,0.0,20.3,67
2018-02-25,30.6,18.9,24.2,0.0,19.5,58
2018-02-26,28.9,19.2,23.2,0.0,16.9,61
2018-02-27,31.7,18.0,24.7,0.0,13.6,51
2018-02-28,33.1,21.1,26.1,0.0,12.0,40
2018-03-01,33.8,20.4,26.8,0.0,19.6,39
2018-03-02,34.5,20.3,27.4,0.0,20.7,38
2018-03-03,33.0,21.9,26.8,0.0,23.9,44
2018-03-04,31.8,18.6,25.0,0.0,16.9,46
2018-03-05,32.8,18.6,25.2,0.0,13.6,45
2018-03-06,33.1,18.2,25.2,0.0,13.0,42
2018-03-07,33.4,18.6,25.5,0.0,12.3,39
2018-03-08,34.3,19.8,26.5,0.0,12.9,29
2018-03-09,33.7,19.2,26.3,0.0,15.0,38
2018-03-10,31.5,21.0,25.5,0.0,21.0,49
2018-03-11,34.3,20.8,27.2,0.0,27.5,42
2018-03-12,34.9,20.1,27.3,0.0,25.7,43
2018-03-13,34.1,20.2,26.1,0.0,32.9,53
2018-03-14,34.5,21.6,26.9,0.0,27.1,59
2018-03-15,35.3,22.2,27.9,0.0,19.1,40
2018-03-16,35.1,20.8,27.9,0.0,18.8,36
2018-03-17,35.2,22.2,28.1,0.0,20.8,30
2018-03-18,31.8,20.0,25.7,0.0,24.3,46
2018-03-19,33.7,20.9,26.5,0.0,24.4,54
2018-03-20,33.3,20.7,26.3,0.0,26.5,55
2018-03-21,31.3,19.6,25.2,0.0,20.2,48
2018-03-22,33.4,18.9,25.9,0.0,10.5,40
2018-03-23,35.0,20.2,27.5,0.0,17.7,43
2018-03-24,36.5,21.8,29.1,0.0,18.6,28
2018-03-25,37.5,23.0,30.0,0.0,19.3,24
2018-03-26,38.9,21.1,30.5,0.0,23.9,25
2018-03-27,40.4,23.6,31.7,0.0,21.3,22
2018-03-28,40.8,21.8,31.8,0.0,16.6,27
2018-03-29,41.1,21.7,31.5,0.0,17.7,24
2018-03-30,42.3,25.9,33.4,0.0,21.6,19
2018-03-31,40.8,24.5,31.3,0.0,27.0,38
2018-04-01,40.0,24.0,30.6,0.0,24.7,46
2018-04-02,38.8,24.0,29.9,0.0,29.7,51
2018-04-03,38.9,22.7,30.0,0.0,23.7,51
2018-04-04,39.7,22.8,30.5,0.0,24.0,43
2018-04-05,38.1,23.7,30.0,1.2,18.7,48
2018-04-06,38.9,25.0,31.5,0.1,20.9,38
2018-04-07,40.0,24.4,31.9,0.0,23.9,41
2018-04-08,41.1,25.8,32.6,0.0,29.7,34
2018-04-09,39.6,24.0,30.5,2.9,21.9,54
2018-04-10,38.1,23.7,30.5,1.4,16.9,50
2018-04-11,40.2,26.3,32.7,0.0,20.0,30
2018-04-12,39.4,25.3,32.0,0.0,14.9,30
2018-04-13,39.8,25.4,32.5,0.0,23.2,31
2018-04-14,40.1,26.2,32.9,0.0,25.3,35
2018-04-15,39.6,26.4,32.6,0.0,25.8,33
2018-04-16,38.8,26.9,32.4,0.0,27.1,30
2018-04-17,40.8,25.0,32.7,0.0,22.4,34
2018-04-18,41.5,27.8,34.3,0.0,26.4,24
2018-04-19,40.6,26.0,32.9,0.0,31.6,30
2018-04-20,37.3,25.6,30.6,0.0,28.2,32
2018-04-21,35.9,22.6,28.7,0.0,18.1,28
2018-04-22,36.9,22.2,29.0,0.0,14.4,25
2018-04-23,39.7,23.9,32.0,0.0,21.7,17
2018-04-24,41.9,26.2,33.3,0.0,26.1,21
2018-04-25,42.8,24.5,32.2,0.0,27.8,43
2018-04-26,42.0,24.9,32.2,0.0,25.1,54
2018-04-27,42.2,25.3,32.5,0.0,26.8,53
2018-04-28,42.7,26.1,32.7,0.0,29.5,54
2018-04-29,43.5,26.8,34.0,0.2,25.5,44
2018-04-30,44.4,27.6,34.5,0.0,33.7,39
2018-05-01,41.8,26.4,33.2,0.0,30.0,47
2018-05-02,43.5,26.6,33.5,0.0,34.9,45
2018-05-03,43.1,25.4,33.6,0.0,20.4,48
2018-05-04,44.5,29.6,36.3,0.0,25.0,23
2018-05-05,41.1,26.2,33.1,0.0,30.2,42
2018-05-06,39.0,26.8,31.9,0.0,36.3,44
2018-05-07,39.9,25.8,31.6,0.0,31.7,56
2018-05-08,41.2,26.4,32.1,0.0,28.5,57
2018-05-09,41.0,26.4,32.5,0.0,30.6,55
2018-05-10,41.4,26.6,33.0,0.0,26.6,52
2018-05-11,42.5,27.0,33.7,0.0,27.9,42
2018-05-12,41.0,26.1,32.5,0.6,31.9,57
2018-05-13,43.1,27.4,33.8,0.0,26.6,46
2018-05-14,43.4,26.9,33.8,0.3,26.5,46
2018-05-15,44.1,27.4,34.4,0.0,29.3,45
2018-05-16,43.1,28.1,35.0,0.5,26.4,40
2018-05-17,44.5,28.3,36.0,0.0,30.9,34
2018-05-18,43.4,29.1,35.4,0.0,28.5,32
2018-05-19,42.1,26.5,34.7,0.0,19.4,31
2018-05-20,41.7,26.8,34.5,0.0,28.6,26
2018-05-21,41.6,27.7,34.3,0.0,26.7,17
2018-05-22,41.6,25.2,33.7,0.0,21.9,14
2018-05-23,42.8,27.5,35.1,0.0,19.7,12
2018-05-24,42.6,26.6,33.8,0.0,25.8,39
2018-05-25,45.2,27.6,35.7,0.0,24.6,34
2018-05-26,45.4,27.8,36.2,0.0,22.8,36
2018-05-27,46.4,28.7,36.3,0.0,32.7,38
2018-05-28,45.3,28.2,35.7,0.0,30.3,42
2018-05-29,47.2,27.7,36.1,0.0,27.2,42
2018-05-30,44.8,27.6,36.3,0.0,19.5,28
2018-05-31,45.5,30.4,37.2,0.0,24.7,22
2018-06-01,43.3,27.9,34.4,0.0,28.3,50
2018-06-02,41.4,27.1,32.7,0.0,30.3,57
2018-06-03,40.0,26.6,32.2,0.0,36.5,56
2018-06-04,40.5,28.0,32.7,0.0,37.5,58
2018-06-05,40.2,28.5,33.3,0.0,35.5,58
2018-06-06,40.4,28.1,33.2,0.0,34.7,58
2018-06-07,40.1,28.3,33.2,0.0,35.5,58
2018-06-08,40.2,28.8,33.5,0.0,32.9,62
2018-06-09,40.9,28.6,33.7,0.0,28.4,63
2018-06-10,44.6,28.0,34.4,0.0,34.8,60
2018-06-11,41.4,28.4,33.2,0.0,35.5,62
2018-06-12,40.1,28.6,32.8,0.0,38.6,60
2018-06-13,38.6,27.9,32.1,0.0,42.2,59
2018-06-14,36.6,28.3,31.5,0.0,45.7,59
2018-06-15,37.8,28.5,31.8,0.0,42.4,61
2018-06-16,37.9,28.4,32.1,0.0,41.6,61
2018-06-17,38.4,28.5,32.4,0.0,37.3,62
2018-06-18,39.2,28.0,32.7,0.0,33.2,59
2018-06-19,42.1,27.1,33.0,0.0,31.7,58
2018-06-20,40.1,27.6,32.8,0.0,32.3,60
2018-06-21,40.3,27.7,32.8,0.0,27.2,62
2018-06-22,38.8,28.0,32.4,0.0,29.8,62
2018-06-23,39.2,28.1,32.7,0.0,28.6,60
2018-06-24,38.5,28.0,32.2,0.0,30.3,61
2018-06-25,38.7,28.0,32.3,0.0,30.7,61
2018-06-26,38.7,27.7,32.6,0.0,26.0,60
2018-06-27,38.6,27.6,32.9,0.0,20.1,58
2018-06-28,37.1,29.7,32.7,7.1,16.7,59
2018-06-29,34.5,27.4,31.2,1.6,19.1,65
2018-06-30,34.2,26.1,30.4,20.1,20.4,77
2018-07-01,36.0,27.9,31.3,0.2,25.0,73
2018-07-02,36.2,27.3,30.9,0.0,35.3,71
2018-07-03,36.1,27.9,31.0,0.0,41.7,67
2018-07-04,37.2,27.8,31.5,0.0,39.5,65
2018-07-05,37.7,27.9,31.8,0.0,31.2,64
2018-07-06,38.1,27.5,31.7,0.0,31.6,62
2018-07-07,38.7,27.6,32.1,0.0,35.2,61
2018-07-08,39.1,27.9,32.1,0.0,31.5,61
2018-07-09,38.3,27.5,32.1,0.0,28.3,61
2018-07-10,37.9,27.8,31.9,0.0,28.8,61
2018-07-11,37.4,28.2,31.8,0.0,31.6,60
2018-07-12,37.3,27.8,31.7,0.0,33.5,61
2018-07-13,38.2,28.0,32.2,0.0,27.5,62
2018-07-14,38.9,27.9,32.5,0.0,27.2,63
2018-07-15,41.3,28.3,33.2,0.0,31.1,58
2018-07-16,37.7,28.6,32.2,0.0,28.1,63
2018-07-17,38.9,29.1,33.3,0.1,23.2,62
2018-07-18,38.3,29.1,32.4,0.0,24.3,64
2018-07-19,39.1,28.6,32.5,0.0,29.5,63
2018-07-20,38.0,28.1,32.2,0.0,28.6,63
2018-07-21,35.8,28.1,31.3,0.0,30.1,64
2018-07-22,37.9,27.8,31.7,0.0,29.6,63
2018-07-23,38.9,27.5,32.0,0.0,29.2,62
2018-07-24,37.0,27.5,31.7,0.0,29.1,63
2018-07-25,35.4,27.3,30.4,0.0,37.0,66
2018-07-26,36.5,27.6,30.6,0.0,40.1,66
2018-07-27,37.8,27.4,31.3,0.0,33.7,63
2018-07-28,37.2,26.4,30.8,0.0,34.1,65
2018-07-29,37.3,27.0,30.8,0.0,30.1,64
2018-07-30,37.6,26.4,30.6,0.0,30.9,63
2018-07-31,38.2,26.3,30.7,0.0,34.1,63
2018-08-01,37.3,26.2,30.3,0.0,37.4,64
2018-08-02,35.9,26.0,30.0,0.0,35.7,63
2018-08-03,36.4,26.2,30.1,0.0,36.8,65
2018-08-04,35.6,25.9,29.7,0.0,38.7,66
2018-08-05,36.4,26.7,30.0,0.0,41.3,67
2018-08-06,36.0,26.4,29.9,0.0,39.1,66
2018-08-07,36.8,26.0,30.4,0.0,30.4,65
2018-08-08,37.1,26.1,30.8,0.0,22.2,64
2018-08-09,33.8,27.6,30.0,1.7,18.4,67
2018-08-10,37.5,27.0,31.1,0.0,26.7,62
2018-08-11,37.2,26.7,30.4,0.0,37.9,66
2018-08-12,37.2,26.7,30.2,0.0,36.3,66
2018-08-13,36.9,26.2,30.5,0.0,29.3,68
2018-08-14,37.2,26.8,30.8,0.0,28.7,68
2018-08-15,37.2,26.4,30.5,0.0,29.3,66
2018-08-16,37.0,26.3,30.5,0.0,25.0,64
2018-08-17,37.9,27.0,31.3,0.0,26.1,63
2018-08-18,35.1,26.4,29.7,8.9,26.1,73
2018-08-19,34.8,26.5,29.6,0.0,30.2,71
2018-08-20,34.6,26.3,29.6,0.0,28.4,71
2018-08-21,35.4,26.3,29.8,0.0,29.4,67
2018-08-22,36.4,26.7,30.0,0.0,32.0,67
2018-08-23,33.2,26.7,29.4,0.0,33.9,70
2018-08-24,33.9,26.4,29.5,0.0,31.2,67
2018-08-25,34.6,25.8,29.2,0.0,34.5,66
2018-08-26,35.2,25.8,29.4,0.0,32.4,64
2018-08-27,36.1,25.3,29.6,0.0,26.6,63
2018-08-28,36.9,25.7,30.6,0.0,24.0,62
2018-08-29,37.4,26.5,30.7,0.0,27.8,61
2018-08-30,35.6,26.2,29.8,0.0,31.3,62
2018-08-31,34.2,25.8,29.0,0.0,36.1,65
2018-09-01,34.9,25.2,29.0,0.0,30.0,66
2018-09-02,34.8,25.1,28.9,0.0,27.4,66
2018-09-03,36.1,25.1,29.2,0.0,29.4,64
2018-09-04,36.3,24.5,29.0,0.0,31.9,63
2018-09-05,36.2,23.9,28.6,0.0,34.2,64
2018-09-06,36.3,24.2,28.8,0.0,30.2,63
2018-09-07,36.6,23.9,28.8,0.0,27.0,63
2018-09-08,35.0,24.7,29.4,0.0,21.1,64
2018-09-09,37.7,25.6,30.5,0.0,29.1,60
2018-09-10,37.3,26.1,30.3,0.0,31.1,62
2018-09-11,35.4,25.4,29.1,0.0,34.8,66
2018-09-12,34.4,25.3,28.7,0.0,35.7,65
2018-09-13,34.5,25.2,28.6,0.0,36.5,66
2018-09-14,33.1,25.1,28.5,0.0,30.8,67
2018-09-15,33.7,25.2,28.5,0.0,30.5,69
2018-09-16,36.3,24.3,29.1,0.0,25.6,66
2018-09-17,35.8,24.4,29.3,0.0,22.9,62
2018-09-18,36.7,24.1,29.3,0.0,24.3,61
2018-09-19,36.0,23.7,28.7,0.0,25.7,65
2018-09-20,36.7,23.7,28.9,0.0,25.8,65
2018-09-21,37.6,23.3,29.9,0.0,18.2,60
2018-09-22,40.1,25.4,32.8,0.0,22.0,44
2018-09-23,38.5,27.4,32.9,0.0,13.4,45
2018-09-24,38.6,25.5,30.8,0.0,23.4,57
2018-09-25,37.0,23.7,29.4,0.0,25.9,67
2018-09-26,36.9,23.9,29.2,0.0,24.2,66
2018-09-27,37.1,24.5,30.1,0.0,23.8,64
2018-09-28,37.9,25.4,30.5,0.0,24.3,61
2018-09-29,38.9,25.0,31.0,0.0,19.8,57
2018-09-30,39.2,24.9,30.8,0.0,28.3,55
2018-10-01,40.1,24.9,31.1,0.0,25.5,49
2018-10-02,39.7,23.9,30.5,0.0,23.0,56
2018-10-03,38.8,23.2,29.7,0.0,23.8,61
2018-10-04,38.4,23.4,29.7,0.0,20.2,57
2018-10-05,39.1,22.5,30.2,0.0,14.5,46
2018-10-06,39.6,23.9,31.6,0.0,14.7,27
2018-10-07,40.7,24.6,33.2,0.0,21.8,16
2018-10-08,40.5,25.4,32.6,0.0,24.5,28
2018-10-09,37.0,24.8,30.6,0.0,17.1,42
2018-10-10,36.2,24.6,29.6,0.0,12.1,44
2018-10-11,36.2,22.8,29.0,0.0,14.0,43
2018-10-12,36.7,21.9,28.3,0.0,13.0,39
2018-10-13,36.8,20.8,28.2,0.0,11.3,40
2018-10-14,38.2,22.0,29.6,0.0,14.5,29
2018-10-15,36.4,23.4,29.5,0.0,12.5,44
2018-10-16,36.5,24.6,29.7,0.0,10.5,43
2018-10-17,36.3,23.0,29.4,0.0,13.0,39
2018-10-18,36.5,22.9,29.2,0.0,13.5,43
2018-10-19,35.6,22.2,28.4,0.0,15.7,34
2018-10-20,35.2,20.1,27.4,0.0,11.8,37
2018-10-21,35.0,20.5,26.9,0.0,11.0,40
2018-10-22,35.1,19.7,27.0,0.0,13.7,43
2018-10-23,38.2,23.4,29.9,0.0,21.1,39
2018-10-24,37.2,23.2,29.2,0.0,17.6,56
2018-10-25,35.9,22.1,28.8,0.0,19.1,57
2018-10-26,36.3,21.9,28.7,0.0,14.2,50
2018-10-27,36.6,21.2,28.8,0.0,11.5,43
2018-10-28,36.9,23.9,29.5,0.0,11.5,32
2018-10-29,37.0,23.7,29.6,0.0,13.2,28
2018-10-30,35.9,21.3,28.6,0.0,12.3,32
2018-10-31,35.7,21.9,28.3,0.0,11.9,36
2018-11-01,35.6,20.0,27.4,0.0,11.9,36
2018-11-02,33.0,21.8,26.6,0.0,17.7,33
2018-11-03,31.7,19.6,24.8,0.0,19.2,41
2018-11-04,31.8,19.3,24.5,0.0,16.8,39
2018-11-05,31.3,17.1,23.3,0.0,12.1,43
2018-11-06,31.2,17.2,22.8,0.0,13.6,42
2018-11-07,32.6,14.8,23.7,0.0,11.3,42
2018-11-08,32.4,17.7,24.2,0.0,11.4,47
2018-11-09,31.9,17.4,24.2,0.0,10.5,53
2018-11-10,32.9,19.7,25.3,0.0,10.2,52
2018-11-11,33.2,20.0,26.1,0.0,9.0,62
2018-11-12,33.6,19.6,26.5,0.0,15.3,57
2018-11-13,31.7,21.4,25.8,0.0,14.2,68
2018-11-14,32.2,21.1,25.6,0.0,14.7,53
2018-11-15,31.7,17.8,24.0,0.0,12.8,48
2018-11-16,31.0,17.4,23.7,0.0,11.9,47
2018-11-17,32.0,17.7,24.5,0.0,12.6,51
2018-11-18,32.9,18.1,24.9,0.0,9.7,54
2018-11-19,32.4,19.2,25.7,0.0,15.9,50
2018-11-20,31.1,19.6,24.5,0.0,17.4,51
2018-11-21,30.8,18.5,23.6,0.0,14.2,51
2018-11-22,31.7,17.8,24.2,0.0,11.0,50
2018-11-23,30.9,17.4,23.7,0.0,15.0,52
2018-11-24,30.8,18.1,23.4,0.0,14.0,52
2018-11-25,31.4,16.4,23.4,0.0,10.3,55
2018-11-26,30.9,18.5,23.5,0.0,10.2,60
2018-11-27,29.7,18.9,23.0,0.0,10.2,58
2018-11-28,30.2,16.5,22.5,0.0,15.0,58
2018-11-29,30.2,17.7,23.1,0.0,18.1,53
2018-11-30,30.1,17.9,23.1,0.0,13.4,55
2018-12-01,29.9,14.8,21.9,0.0,9.7,56
2018-12-02,29.3,16.2,21.7,0.0,10.5,65
2018-12-03,28.5,16.5,21.5,0.0,12.0,56
2018-12-04,28.8,16.2,21.3,0.0,14.9,55
2018-12-05,28.1,15.3,21.1,0.0,11.9,51
2018-12-06,28.3,14.9,21.2,0.0,10.2,62
2018-12-07,27.4,16.5,20.6,0.0,14.1,61
2018-12-08,28.3,13.5,20.8,0.0,9.7,63
2018-12-09,27.4,16.0,21.7,0.0,12.1,64
2018-12-10,27.5,16.8,22.0,0.0,10.5,71
2018-12-11,26.1,16.2,20.4,0.0,15.2,64
2018-12-12,24.2,14.3,18.6,0.0,12.8,66
2018-12-13,24.2,12.4,17.6,0.0,11.0,62
2018-12-14,24.1,10.5,17.2,0.0,18.2,54
2018-12-15,22.7,11.6,17.0,0.0,21.5,50
2018-12-16,22.6,11.3,16.7,0.0,24.8,52
2018-12-17,23.3,10.9,16.3,0.0,18.4,52
2018-12-18,23.9,9.2,16.3,0.0,11.4,53
2018-12-19,25.6,7.9,16.7,0.0,14.9,50
2018-12-20,24.5,9.8,16.1,0.0,12.0,56
2018-12-21,24.1,9.9,15.8,0.0,11.9,58
2018-12-22,24.1,9.8,15.4,0.0,11.1,59
2018-12-23,24.1,10.6,16.3,0.0,13.0,54
2018-12-24,22.7,10.9,16.0,0.0,19.7,53
2018-12-25,23.9,9.1,15.9,0.0,10.0,58
2018-12-26,27.5,11.5,18.1,0.0,15.2,54
2018-12-27,24.8,10.0,16.4,0.0,11.3,49
2018-12-28,24.5,8.6,16.2,0.0,10.6,48
2018-12-29,24.9,8.1,16.2,0.0,10.7,55
2018-12-30,25.0,10.4,17.2,0.0,10.8,59
2018-12-31,24.8,12.2,17.2,0.0,17.1,60
2019-01-01,26.3,12.2,18.6,0.0,13.7,57
2019-01-02,27.4,12.7,18.9,0.0,12.7,62
2019-01-03,27.2,12.1,18.5,0.0,10.1,58
2019-01-04,27.0,12.4,19.4,0.0,19.5,60
2019-01-05,24.8,14.9,19.1,0.0,16.2,65
2019-01-06,23.0,11.2,16.3,0.0,14.8,63
2019-01-07,22.7,9.8,15.3,0.0,10.5,63
2019-01-08,22.9,9.9,15.6,0.0,10.5,60
2019-01-09,24.1,11.2,16.6,0.0,10.0,64
2019-01-10,27.4,10.3,19.1,0.0,21.0,66
2019-01-11,23.9,17.2,19.8,0.0,19.6,64
2019-01-12,24.1,14.7,18.7,0.0,17.7,58
2019-01-13,24.9,12.1,18.0,0.0,17.1,62
2019-01-14,22.9,11.9,16.7,0.0,20.5,61
2019-01-15,24.4,9.9,16.8,0.0,12.0,53
2019-01-16,25.8,14.1,19.1,0.0,12.7,71
2019-01-17,25.4,14.1,18.8,0.0,17.7,52
2019-01-18,26.5,12.8,18.5,0.0,13.4,57
2019-01-19,25.8,12.7,18.4,0.0,14.1,63
2019-01-20,25.5,13.0,18.8,0.0,13.0,61
2019-01-21,20.4,13.8,16.9,6.8,16.3,79
2019-01-22,21.8,11.4,15.4,0.0,13.3,73
2019-01-23,22.7,8.8,15.3,0.0,12.3,65
2019-01-24,22.0,10.0,15.5,0.0,16.3,60
2019-01-25,21.8,9.0,14.9,0.0,9.0,66
2019-01-26,23.2,10.4,16.4,0.0,10.9,60
2019-01-27,22.5,12.7,16.6,0.0,13.4,57
2019-01-28,23.5,9.5,16.3,0.0,10.9,56
2019-01-29,23.9,11.1,17.4,0.0,10.0,51
2019-01-30,25.2,11.6,18.9,0.0,20.9,65
2019-01-31,22.1,12.5,16.9,2.3,18.8,73
2019-02-01,22.1,10.8,15.7,0.0,16.3,70
2019-02-02,21.7,10.4,15.4,0.0,18.2,64
2019-02-03,22.9,10.6,16.2,0.0,19.2,61
2019-02-04,24.2,11.0,17.1,0.0,15.3,58
2019-02-05,26.7,12.2,18.5,0.0,9.6,55
2019-02-06,24.2,13.8,18.6,0.0,22.4,46
2019-02-07,19.9,9.8,15.1,0.0,17.7,29
2019-02-08,23.1,10.0,16.1,0.0,18.6,36
2019-02-09,24.1,10.1,16.3,0.0,12.3,43
2019-02-10,24.8,10.2,17.1,0.0,10.4,41
2019-02-11,25.3,12.3,18.1,0.0,15.0,44
2019-02-12,26.3,13.2,19.1,0.0,19.9,49
2019-02-13,24.7,13.9,19.0,0.0,23.0,56
2019-02-14,25.6,14.0,19.5,0.0,13.9,53
2019-02-15,25.9,13.2,19.2,0.0,17.5,51
2019-02-16,27.0,10.6,18.6,0.0,11.7,49
2019-02-17,29.3,12.3,20.9,0.0,20.2,41
2019-02-18,28.4,19.1,22.3,0.0,28.3,63
2019-02-19,28.9,19.1,23.3,0.4,24.1,68
2019-02-20,28.2,17.4,21.9,0.0,27.4,66
2019-02-21,25.5,16.5,20.3,0.1,15.5,69
2019-02-22,25.3,13.3,18.9,0.0,14.4,60
2019-02-23,25.7,14.2,19.1,0.0,14.1,49
2019-02-24,28.5,14.4,21.0,0.0,10.4,48
2019-02-25,29.1,14.8,22.3,0.3,15.5,41
2019-02-26,25.7,16.9,21.0,0.0,16.6,51
2019-02-27,27.8,14.6,20.3,0.0,18.9,38
2019-02-28,28.1,13.4,20.8,0.0,14.5,35
2019-03-01,27.5,15.1,21.2,0.5,14.5,47
2019-03-02,26.4,14.9,18.6,19.9,29.8,70
2019-03-03,23.6,13.0,17.3,0.0,21.3,73
2019-03-04,23.4,13.1,18.0,0.0,13.0,72
2019-03-05,26.6,14.0,19.9,0.0,13.8,71
2019-03-06,28.1,16.7,21.9,0.0,20.5,63
2019-03-07,28.5,15.5,21.9,0.0,21.4,58
2019-03-08,27.8,16.5,21.5,0.0,16.5,64
2019-03-09,26.9,16.9,21.5,0.0,13.4,60
2019-03-10,28.0,16.1,21.6,0.3,23.7,62
2019-03-11,28.5,15.3,21.8,0.0,19.1,49
2019-03-12,27.5,15.4,21.3,0.0,16.2,44
2019-03-13,25.3,17.2,21.0,0.0,19.8,53
2019-03-14,27.7,14.4,21.0,0.0,12.8,56
2019-03-15,29.0,15.3,21.8,0.0,13.4,44
2019-03-16,29.0,16.6,22.1,0.0,15.3,42
2019-03-17,30.6,17.0,23.0,0.0,11.9,44
2019-03-18,32.9,16.0,25.3,0.0,21.3,32
2019-03-19,32.3,19.1,25.4,0.0,28.6,41
2019-03-20,31.4,19.7,25.1,0.0,25.6,57
2019-03-21,32.1,19.6,25.8,0.0,18.4,46
2019-03-22,33.4,20.1,26.6,0.0,16.8,37
2019-03-23,35.0,21.1,28.1,0.0,15.8,33
2019-03-24,32.1,22.3,27.2,0.0,17.3,45
2019-03-25,34.2,19.4,26.6,0.0,13.9,52
2019-03-26,35.5,20.8,28.0,0.0,13.0,45
2019-03-27,39.4,23.2,31.1,0.0,23.1,25
2019-03-28,38.9,23.1,31.0,0.0,29.4,31
2019-03-29,40.5,24.6,32.0,0.0,25.4,31
2019-03-30,37.7,22.2,30.3,0.0,20.8,29
2019-03-31,38.0,21.5,29.8,0.0,10.9,26
2019-04-01,39.8,22.1,30.9,0.0,23.6,25
2019-04-02,40.3,22.7,31.5,0.0,22.5,37
2019-04-03,41.0,24.6,32.7,0.0,16.1,33
2019-04-04,42.4,25.0,33.5,0.0,21.9,25
2019-04-05,40.6,24.7,31.9,0.0,27.1,38
2019-04-06,41.3,25.1,32.5,0.0,23.7,40
2019-04-07,42.2,26.9,34.3,0.0,25.9,27
2019-04-08,40.8,25.9,33.2,0.0,26.5,31
2019-04-09,41.1,25.3,32.0,0.0,32.4,41
2019-04-10,40.8,26.3,33.2,0.0,25.6,33
2019-04-11,40.7,25.4,32.7,0.0,27.2,39
2019-04-12,39.4,26.1,32.2,0.0,23.7,36
2019-04-13,38.9,24.5,31.6,0.0,23.5,39
2019-04-14,38.2,26.5,31.6,0.0,16.6,37
2019-04-15,31.9,23.7,28.3,0.0,41.2,42
2019-04-16,31.5,21.5,25.8,0.0,34.4,52
2019-04-17,32.9,21.1,26.9,0.0,13.0,50
2019-04-18,34.7,21.0,27.8,0.0,10.6,42
2019-04-19,36.6,22.9,29.8,0.0,24.1,36
2019-04-20,39.1,23.0,30.3,0.0,28.3,41
2019-04-21,39.4,24.3,30.6,0.0,27.5,49
2019-04-22,41.3,24.3,31.6,0.0,24.2,49
2019-04-23,40.6,24.3,31.4,0.0,28.0,49
2019-04-24,38.8,24.7,30.6,0.0,29.1,59
2019-04-25,41.7,25.1,32.5,0.0,23.3,51
2019-04-26,42.0,26.5,33.9,0.0,25.9,25
2019-04-27,42.7,24.6,33.6,0.0,28.2,20
2019-04-28,41.9,26.0,34.2,0.0,22.1,20
2019-04-29,43.0,26.0,34.1,0.0,28.5,25
2019-04-30,40.6,26.0,33.2,0.0,20.0,27
2019-05-01,40.2,24.8,32.6,0.0,17.6,20
2019-05-02,40.2,25.4,33.3,0.0,19.5,22
2019-05-03,40.9,26.1,33.4,0.0,21.1,27
2019-05-04,41.1,26.4,33.4,0.0,21.7,26
2019-05-05,42.6,26.5,34.2,0.0,27.5,24
2019-05-06,40.6,26.0,32.5,0.0,29.4,37
2019-05-07,40.5,25.9,32.0,0.0,33.4,47
2019-05-08,38.2,25.7,30.8,0.0,35.9,53
2019-05-09,37.9,25.2,30.4,0.0,34.0,57
2019-05-10,38.6,25.8,31.0,0.0,30.1,62
2019-05-11,39.8,26.2,31.5,0.0,31.0,62
2019-05-12,40.6,25.5,32.1,0.0,25.3,55
2019-05-13,42.0,25.8,32.8,0.0,30.9,48
2019-05-14,41.2,25.8,32.0,0.0,32.4,57
2019-05-15,39.9,25.8,31.7,0.0,29.5,55
2019-05-16,37.2,26.0,31.0,0.1,25.8,60
2019-05-17,37.9,25.3,31.3,0.0,29.4,52
2019-05-18,40.1,26.7,32.6,0.0,28.1,52
2019-05-19,38.7,27.0,32.1,0.0,29.3,55
2019-05-20,39.9,27.8,33.5,0.0,22.2,48
2019-05-21,41.0,28.6,34.6,0.0,25.6,43
2019-05-22,41.2,27.5,33.9,0.0,29.0,47
2019-05-23,40.7,28.2,33.6,0.0,27.1,48
2019-05-24,41.8,27.5,33.8,0.0,27.2,46
2019-05-25,42.8,27.6,34.9,0.0,27.2,39
2019-05-26,44.0,27.0,34.4,0.0,32.3,42
2019-05-27,45.5,27.9,35.5,0.0,30.1,44
2019-05-28,44.7,28.4,35.1,0.0,30.8,43
2019-05-29,45.3,28.3,35.2,0.0,31.4,43
2019-05-30,45.2,28.4,35.4,0.0,29.8,48
2019-05-31,45.6,29.1,36.3,0.0,25.9,43
2019-06-01,46.1,29.6,36.6,0.0,26.9,39
2019-06-02,45.6,29.6,36.7,0.0,30.4,40
2019-06-03,43.3,28.2,34.6,0.0,31.3,49
2019-06-04,42.0,28.3,33.6,0.0,33.5,59
2019-06-05,44.3,28.0,34.9,0.0,26.1,54
2019-06-06,45.4,28.2,36.8,0.0,22.9,35
2019-06-07,45.8,29.0,36.6,0.0,29.6,33
2019-06-08,45.1,28.2,35.5,0.0,31.4,47
2019-06-09,43.6,27.9,34.6,0.0,25.3,54
2019-06-10,40.3,27.3,33.0,0.0,27.8,62
2019-06-11,40.1,28.5,33.5,0.0,30.0,61
2019-06-12,42.8,27.6,34.8,0.0,20.4,55
2019-06-13,40.6,29.9,35.2,0.1,20.5,49
2019-06-14,39.3,30.3,34.6,0.0,22.7,49
2019-06-15,39.5,30.6,34.1,0.0,27.9,51
2019-06-16,39.7,28.6,33.3,0.0,26.3,52
2019-06-17,39.1,28.3,32.9,0.0,21.1,58
2019-06-18,41.2,28.5,34.0,0.0,29.5,58
2019-06-19,40.4,29.3,34.2,0.0,26.4,57
2019-06-20,39.2,29.1,33.4,0.0,28.1,58
2019-06-21,39.5,28.6,33.3,0.0,26.6,58
2019-06-22,40.2,29.2,34.0,0.0,23.4,56
2019-06-23,40.8,29.7,34.2,0.0,27.4,56
2019-06-24,39.6,29.2,33.8,0.0,23.6,57
2019-06-25,40.2,29.2,34.1,0.0,26.1,55
2019-06-26,40.0,29.5,33.9,0.0,29.3,58
2019-06-27,39.5,28.9,33.1,0.0,33.1,59
2019-06-28,39.4,28.7,33.1,0.0,35.7,59
2019-06-29,39.9,28.8,33.1,0.0,34.7,60
2019-06-30,38.9,28.8,32.9,0.0,35.5,62
2019-07-01,38.7,29.4,33.2,0.0,29.8,61
2019-07-02,39.1,29.1,33.3,0.0,27.0,60
2019-07-03,40.2,28.2,33.0,0.0,27.7,60
2019-07-04,39.5,28.6,32.6,0.0,31.6,62
2019-07-05,38.4,29.0,32.4,0.0,34.9,64
2019-07-06,39.0,28.7,32.8,0.0,32.8,61
2019-07-07,39.7,29.0,33.0,0.0,31.7,61
2019-07-08,39.2,28.8,32.7,0.0,32.8,60
2019-07-09,38.8,28.7,32.5,0.0,37.0,61
2019-07-10,38.7,28.6,32.6,0.0,37.8,61
2019-07-11,37.9,28.9,32.3,0.0,40.3,62
2019-07-12,37.4,28.8,32.3,0.0,38.4,62
2019-07-13,36.9,28.5,31.8,0.0,38.9,63
2019-07-14,37.3,28.2,31.8,0.0,45.9,62
2019-07-15,36.7,28.4,31.5,0.0,47.1,63
2019-07-16,36.6,28.3,31.7,0.0,39.1,65
2019-07-17,37.8,28.5,32.0,0.0,31.6,64
2019-07-18,38.9,28.2,32.2,0.0,27.3,62
2019-07-19,38.1,27.8,32.5,0.0,23.9,59
2019-07-20,39.0,28.1,33.6,0.0,19.3,52
2019-07-21,41.4,29.7,35.6,0.0,24.2,45
2019-07-22,42.5,29.8,35.5,0.0,22.1,50
2019-07-23,40.0,30.3,34.7,0.5,26.2,57
2019-07-24,39.9,29.6,33.4,0.0,34.9,61
2019-07-25,37.8,29.2,32.3,0.0,44.2,63
2019-07-26,36.4,28.8,31.5,0.0,45.0,65
2019-07-27,37.8,28.0,31.8,0.0,37.5,63
2019-07-28,38.0,28.2,32.1,0.1,36.9,63
2019-07-29,30.8,26.9,28.4,37.8,25.3,86
2019-07-30,32.5,26.3,29.1,16.8,21.1,84
2019-07-31,34.4,27.4,30.1,0.0,26.7,78
2019-08-01,33.3,27.0,29.3,0.0,31.3,77
2019-08-02,33.4,27.3,29.8,0.0,29.1,78
2019-08-03,35.1,27.1,30.1,0.1,26.7,77
2019-08-04,35.4,27.3,30.3,0.0,26.3,75
2019-08-05,34.7,27.0,29.9,0.0,29.1,74
2019-08-06,35.3,26.8,30.1,0.0,29.2,74
2019-08-07,35.4,27.0,30.2,0.0,27.8,73
2019-08-08,36.2,26.7,30.9,0.0,20.7,72
2019-08-09,35.0,28.1,30.8,4.4,19.7,77
2019-08-10,33.2,27.4,29.4,66.3,26.8,84
2019-08-11,32.4,26.7,28.2,24.0,27.2,88
2019-08-12,31.4,25.9,28.4,0.5,22.1,80
2019-08-13,33.3,25.6,28.9,0.0,19.4,79
2019-08-14,33.5,26.2,29.3,0.2,19.0,80
2019-08-15,32.8,26.9,29.2,0.5,25.2,82
2019-08-16,32.8,27.0,29.0,0.0,28.1,79
2019-08-17,33.0,26.6,29.1,0.0,30.0,76
2019-08-18,32.8,26.3,29.0,0.0,27.9,77
2019-08-19,33.0,26.0,29.1,0.0,23.3,75
2019-08-20,34.1,25.8,29.1,0.0,25.7,76
2019-08-21,34.2,25.7,29.0,0.0,29.7,74
2019-08-22,34.0,25.8,29.1,0.0,30.7,74
2019-08-23,34.6,25.3,29.1,0.0,28.0,72
2019-08-24,35.2,25.4,29.4,0.0,28.9,71
2019-08-25,35.3,25.8,29.8,0.0,25.5,69
2019-08-26,36.6,25.6,30.3,0.0,21.7,69
2019-08-27,38.5,26.5,31.5,0.0,20.9,65
2019-08-28,35.0,27.0,30.5,19.1,18.0,77
2019-08-29,29.6,26.3,27.8,26.9,17.1,90
2019-08-30,33.5,26.3,29.8,2.0,11.9,79
2019-08-31,34.5,27.5,30.7,0.3,16.0,79
2019-09-01,33.9,27.0,30.0,11.6,14.9,80
2019-09-02,34.3,27.5,29.9,6.7,14.3,82
2019-09-03,33.3,26.9,29.8,2.5,20.0,83
2019-09-04,35.3,27.5,30.8,0.0,18.9,78
2019-09-05,35.3,27.4,30.7,0.0,19.3,78
2019-09-06,36.3,27.4,31.1,0.0,19.6,77
2019-09-07,35.7,27.6,30.9,0.0,20.2,77
2019-09-08,35.5,27.0,30.6,0.0,18.9,75
2019-09-09,36.9,27.5,31.7,0.0,20.1,74
2019-09-10,36.3,27.6,30.9,0.0,25.0,74
2019-09-11,36.1,26.9,30.9,0.0,24.7,73
2019-09-12,36.1,26.9,30.4,0.0,27.3,72
2019-09-13,35.8,27.0,30.3,0.0,28.8,69
2019-09-14,36.3,26.8,30.8,0.0,29.1,68
2019-09-15,36.2,26.9,30.5,0.0,32.0,69
2019-09-16,37.1,26.0,30.4,0.0,31.1,69
2019-09-17,36.8,25.7,30.5,0.0,26.7,70
2019-09-18,37.3,25.8,30.6,0.0,22.2,66
2019-09-19,38.6,23.5,30.3,0.0,17.6,60
2019-09-20,39.2,25.2,32.3,0.0,15.5,45
2019-09-21,39.2,27.1,33.2,0.0,13.7,48
2019-09-22,39.4,28.4,33.4,0.0,15.4,52
2019-09-23,37.9,29.4,33.3,0.0,21.7,55
2019-09-24,36.9,28.4,32.1,0.4,24.5,62
2019-09-25,36.7,28.4,31.9,1.3,18.7,62
2019-09-26,37.7,27.8,32.1,0.2,15.3,61
2019-09-27,35.2,28.0,31.0,0.8,16.5,70
2019-09-28,35.3,26.9,31.0,0.1,17.3,70
2019-09-29,36.3,27.1,30.9,0.0,18.7,68
2019-09-30,35.8,25.5,30.1,0.0,20.1,64
2019-10-01,36.9,27.0,31.0,0.0,26.0,68
2019-10-02,36.6,27.0,30.9,0.7,28.8,67
2019-10-03,35.9,26.9,30.2,0.0,22.1,68
2019-10-04,34.4,25.9,29.5,1.7,20.2,69
2019-10-05,34.7,25.6,29.8,0.7,16.0,64
2019-10-06,30.9,23.2,27.2,2.3,15.8,70
2019-10-07,33.0,23.8,28.1,0.0,12.6,66
2019-10-08,34.4,23.7,28.6,0.0,10.7,56
2019-10-09,36.9,24.6,30.7,0.0,14.0,51
2019-10-10,37.6,24.9,30.9,0.0,13.0,51
2019-10-11,37.8,25.2,31.2,0.0,15.8,41
2019-10-12,36.6,24.2,30.0,0.0,15.9,49
2019-10-13,37.0,25.1,30.7,0.0,13.4,38
2019-10-14,37.5,24.9,31.0,0.0,20.5,32
2019-10-15,37.1,23.8,30.3,0.0,16.6,49
2019-10-16,37.3,25.1,30.9,0.0,15.5,42
2019-10-17,38.1,25.8,31.4,0.0,17.4,36
2019-10-18,38.2,24.8,30.8,0.0,17.2,40
2019-10-19,34.8,24.2,28.4,0.0,22.4,49
2019-10-20,35.5,22.6,28.2,0.0,19.2,48
2019-10-21,35.9,23.2,28.5,0.0,17.6,45
2019-10-22,35.9,22.1,28.3,0.0,10.5,41
2019-10-23,36.8,21.4,28.6,0.0,10.8,38
2019-10-24,36.4,22.4,28.9,0.0,10.1,45
2019-10-25,36.3,23.7,29.6,0.0,15.5,37
2019-10-26,36.1,23.6,29.1,0.0,16.7,38
2019-10-27,35.5,22.0,28.2,0.0,18.8,37
2019-10-28,35.0,20.4,27.4,0.0,15.5,47
2019-10-29,32.4,24.4,28.6,0.0,8.7,49
2019-10-30,33.7,25.2,29.2,0.0,9.3,58
2019-10-31,34.9,25.2,29.9,0.0,6.8,58
2019-11-01,35.9,25.7,30.1,0.0,15.2,50
2019-11-02,33.9,23.9,27.8,1.3,20.2,60
2019-11-03,32.3,23.2,27.3,0.0,14.2,61
2019-11-04,33.2,22.7,27.6,0.0,10.2,60
2019-11-05,34.2,21.7,27.9,0.0,19.6,56
2019-11-06,32.8,23.6,27.3,0.0,18.4,65
2019-11-07,30.3,19.1,24.7,0.0,21.3,36
2019-11-08,29.3,16.6,22.3,0.0,22.5,42
2019-11-09,28.3,16.6,21.9,0.0,21.6,46
2019-11-10,28.9,16.2,21.9,0.0,13.6,47
2019-11-11,29.3,16.1,22.2,0.0,10.0,48
2019-11-12,29.7,18.1,23.4,0.0,13.7,45
2019-11-13,30.2,19.2,24.2,0.0,16.6,46
2019-11-14,27.2,19.8,23.0,0.3,23.1,62
2019-11-15,23.2,18.0,19.9,1.6,20.7,82
2019-11-16,27.1,17.2,21.3,0.0,19.8,74
2019-11-17,27.9,18.2,22.3,0.0,20.5,69
2019-11-18,28.5,17.2,22.6,0.0,7.6,62
2019-11-19,30.5,16.4,22.9,0.0,9.7,54
2019-11-20,29.8,16.4,22.9,0.0,10.1,62
2019-11-21,30.6,18.9,24.3,0.0,16.2,58
2019-11-22,29.4,19.3,23.6,0.0,17.7,63
2019-11-23,27.7,17.7,22.3,0.0,19.1,66
2019-11-24,27.7,18.3,22.5,0.0,17.3,55
2019-11-25,28.9,17.4,22.7,0.0,15.0,53
2019-11-26,27.8,18.0,21.9,0.0,20.1,53
2019-11-27,27.2,16.1,20.7,0.0,12.1,52
2019-11-28,26.4,14.9,19.9,0.0,16.3,56
2019-11-29,25.9,14.6,19.5,0.0,18.2,52
2019-11-30,25.3,13.7,18.9,0.0,20.7,55
2019-12-01,25.7,12.9,18.7,0.0,16.7,52
2019-12-02,27.0,12.2,19.1,0.0,19.4,49
2019-12-03,27.6,13.4,19.6,0.0,16.6,49
2019-12-04,27.8,13.5,20.0,0.0,15.8,45
2019-12-05,27.0,15.7,20.6,0.0,21.6,40
2019-12-06,25.3,15.7,19.8,0.0,23.1,42
2019-12-07,25.5,13.5,18.5,0.0,20.7,46
2019-12-08,25.5,11.6,17.9,0.0,18.5,54
2019-12-09,26.3,12.8,18.7,0.0,14.0,49
2019-12-10,27.2,13.4,20.0,0.0,10.8,49
2019-12-11,27.2,17.0,21.5,0.3,24.3,69
2019-12-12,23.7,15.3,19.2,0.0,14.4,69
2019-12-13,24.2,13.7,18.4,0.0,11.7,68
2019-12-14,26.2,12.7,18.7,0.0,12.3,66
2019-12-15,23.6,14.1,17.9,0.0,18.4,64
2019-12-16,22.5,12.2,16.5,0.0,18.0,70
2019-12-17,22.4,11.0,15.9,0.0,18.3,68
2019-12-18,23.1,10.5,15.8,0.0,9.2,65
2019-12-19,24.8,12.0,17.8,0.0,9.8,61
2019-12-20,25.8,14.3,19.3,0.0,14.6,55
2019-12-21,25.1,15.3,19.3,0.0,19.2,57
2019-12-22,24.4,12.6,17.6,0.0,20.1,56
2019-12-23,23.6,11.1,16.4,0.0,16.2,55
2019-12-24,23.8,10.4,16.2,0.0,17.6,54
2019-12-25,22.1,9.8,14.9,0.0,18.8,55
2019-12-26,23.2,8.3,15.2,0.0,9.8,60
2019-12-27,23.7,8.5,15.3,0.0,10.4,55
2019-12-28,23.1,10.0,15.2,0.0,15.2,63
2019-12-29,20.6,8.8,14.0,0.0,19.2,64
2019-12-30,19.6,8.1,13.3,0.0,15.5,67
2019-12-31,19.1,7.5,12.6,0.0,20.5,63
2020-01-01,16.7,7.2,11.6,0.0,25.1,69
2020-01-02,15.7,9.2,12.0,0.0,24.6,69
2020-01-03,21.0,9.8,14.3,0.0,17.8,66
2020-01-04,23.9,7.7,16.0,0.0,9.7,72
2020-01-05,24.9,12.8,18.7,0.0,13.5,79
2020-01-06,22.8,12.6,16.6,0.0,15.5,75
2020-01-07,18.8,11.0,14.4,0.0,20.6,77
2020-01-08,20.9,9.8,14.4,0.0,11.9,71
2020-01-09,21.3,8.1,13.4,0.0,11.4,62
2020-01-10,20.1,8.4,13.6,0.0,20.3,51
2020-01-11,21.9,10.8,15.7,0.0,23.4,54
2020-01-12,20.2,11.1,14.5,0.0,23.4,66
2020-01-13,21.3,9.8,14.4,1.6,23.6,62
2020-01-14,19.1,8.1,13.5,0.0,17.3,62
2020-01-15,18.5,8.6,13.1,0.0,18.8,64
2020-01-16,20.0,8.8,13.7,0.0,16.2,58
2020-01-17,22.5,5.9,14.0,0.0,11.0,53
2020-01-18,21.3,9.0,14.1,0.0,14.8,54
2020-01-19,22.1,9.5,14.7,0.0,15.1,51
2020-01-20,22.3,8.8,14.9,0.0,10.1,61
2020-01-21,22.5,9.9,15.9,0.0,13.0,60
2020-01-22,23.1,11.3,16.8,0.0,21.8,62
2020-01-23,23.7,11.0,16.4,0.0,15.7,59
2020-01-24,24.9,10.6,17.6,0.0,12.0,57
2020-01-25,28.3,13.6,20.3,0.0,17.4,46
2020-01-26,27.0,13.6,19.8,0.0,13.2,63
2020-01-27,25.9,16.2,20.5,0.0,24.4,53
2020-01-28,23.7,14.3,18.1,0.0,22.9,54
2020-01-29,23.4,10.0,16.4,0.0,14.0,50
2020-01-30,23.8,11.3,16.6,0.0,14.9,52
2020-01-31,24.3,9.7,16.9,0.0,14.1,52
2020-02-01,25.1,11.6,18.0,0.0,14.3,49
2020-02-02,23.9,11.3,17.0,0.0,14.7,44
2020-02-03,24.7,12.1,17.5,0.0,11.5,49
2020-02-04,24.9,14.9,18.9,0.0,13.8,63
2020-02-05,24.1,12.6,17.7,0.0,20.2,56
2020-02-06,25.3,10.2,17.5,0.0,16.4,58
2020-02-07,26.4,11.5,18.5,0.0,16.4,55
2020-02-08,25.8,11.6,17.9,0.0,14.0,46
2020-02-09,25.9,11.0,17.7,0.0,11.5,43
2020-02-10,26.3,12.5,18.1,0.0,14.6,43
2020-02-11,27.7,12.5,19.5,0.0,13.7,44
2020-02-12,27.6,14.5,20.2,0.0,19.2,46
2020-02-13,31.0,15.5,22.2,0.0,17.0,50
2020-02-14,28.7,14.8,21.3,0.0,12.6,50
2020-02-15,30.8,14.9,21.7,0.0,10.2,47
2020-02-16,31.5,13.8,22.1,0.0,12.3,41
2020-02-17,31.8,15.0,22.6,0.0,15.9,39
2020-02-18,32.5,15.8,23.5,0.0,16.6,35
2020-02-19,33.5,19.1,25.9,0.0,18.8,23
2020-02-20,28.6,17.5,22.7,0.0,24.9,33
2020-02-21,28.6,15.2,21.5,0.0,16.8,39
2020-02-22,29.2,15.6,21.9,0.0,16.7,48
2020-02-23,29.6,16.3,22.5,0.0,14.8,50
2020-02-24,30.7,16.6,23.3,0.0,10.8,48
2020-02-25,33.8,16.2,25.3,0.0,23.7,41
2020-02-26,33.9,18.1,25.7,0.0,20.4,54
2020-02-27,34.8,18.8,26.4,0.0,25.4,37
2020-02-28,33.2,20.3,25.9,0.0,23.2,56
2020-02-29,31.3,17.9,24.5,0.0,15.8,60
2020-03-01,30.3,18.8,24.1,0.0,19.2,50
2020-03-02,30.6,17.4,23.6,0.0,12.8,48
2020-03-03,32.0,19.2,25.6,0.0,25.7,38
2020-03-04,31.8,19.4,24.4,0.0,26.8,58
2020-03-05,28.6,18.5,23.1,0.0,24.3,58
2020-03-06,26.3,14.3,20.2,0.0,15.9,49
2020-03-07,30.3,15.7,22.8,0.0,18.2,38
2020-03-08,30.6,15.2,23.2,0.0,17.6,30
2020-03-09,29.9,17.3,22.9,0.0,22.7,40
2020-03-10,30.6,18.3,23.9,0.0,29.1,44
2020-03-11,27.3,15.5,21.7,0.0,26.4,40
2020-03-12,27.7,16.0,21.8,0.0,38.1,18
2020-03-13,29.2,13.8,21.5,0.0,13.1,38
2020-03-14,30.2,14.2,22.4,0.0,11.1,35
2020-03-15,31.4,18.1,24.3,0.0,14.2,27
2020-03-16,31.3,18.9,24.7,0.0,15.0,34
2020-03-17,33.6,18.6,25.7,0.0,13.7,37
2020-03-18,35.6,19.9,27.3,0.0,15.0,33
2020-03-19,36.1,20.1,28.2,0.0,26.6,27
2020-03-20,36.0,19.3,27.2,0.0,26.6,42
2020-03-21,34.9,21.1,27.6,0.0,20.6,54
2020-03-22,33.1,22.4,27.9,0.0,16.9,48
2020-03-23,32.0,22.5,27.5,0.0,20.2,47
2020-03-24,32.9,22.6,27.1,0.0,20.2,58
2020-03-25,33.7,21.7,26.9,0.0,17.9,48
2020-03-26,25.5,21.2,23.7,0.4,12.0,46
2020-03-27,29.7,17.4,23.3,0.0,22.4,59
2020-03-28,33.5,19.4,26.1,0.0,21.3,52
2020-03-29,35.1,21.1,27.7,0.0,14.4,35
2020-03-30,36.3,20.4,28.8,0.0,17.7,30
2020-03-31,35.4,23.1,28.8,0.0,24.7,34
2020-04-01,34.9,22.4,28.0,0.0,20.8,54
2020-04-02,36.0,23.1,29.5,0.0,17.3,39
2020-04-03,37.4,23.9,30.2,0.0,16.2,29
2020-04-04,38.7,22.4,31.2,0.0,24.8,26
2020-04-05,38.8,23.8,31.1,0.0,17.2,30
2020-04-06,39.6,22.2,31.6,0.0,24.9,32
2020-04-07,38.0,23.8,31.0,0.0,17.5,33
2020-04-08,38.5,24.3,31.0,0.0,20.7,32
2020-04-09,39.3,24.0,31.4,0.0,26.5,33
2020-04-10,40.2,24.9,32.2,0.0,20.7,28
2020-04-11,40.6,25.5,32.7,0.0,13.0,30
2020-04-12,41.1,27.0,34.2,0.0,19.6,18
2020-04-13,40.3,26.3,32.9,0.0,30.9,23
2020-04-14,38.5,24.1,30.5,0.0,27.1,47
2020-04-15,39.3,25.8,32.1,0.0,24.1,45
2020-04-16,38.8,26.3,32.2,0.0,25.7,39
2020-04-17,38.2,26.9,32.6,0.0,29.3,30
2020-04-18,38.8,25.4,31.9,0.0,31.0,38
2020-04-19,38.4,25.6,31.4,0.0,26.4,41
2020-04-20,38.9,24.4,31.2,0.0,18.7,49
2020-04-21,40.3,25.3,33.0,0.0,16.9,35
2020-04-22,41.1,27.7,34.0,0.0,24.7,37
2020-04-23,41.0,27.1,33.7,0.0,28.3,40
2020-04-24,39.2,25.7,31.9,0.0,30.1,44
2020-04-25,41.2,26.8,33.0,0.0,29.5,41
2020-04-26,42.2,26.3,33.0,0.0,25.7,46
2020-04-27,42.6,26.8,33.3,0.0,28.4,42
2020-04-28,41.7,25.0,32.8,0.0,25.6,49
2020-04-29,42.3,26.6,33.8,0.0,23.9,38
2020-04-30,41.5,24.7,32.8,0.0,26.5,40
2020-05-01,39.8,25.0,31.8,0.0,31.1,52
2020-05-02,42.8,27.3,34.1,0.0,28.7,43
2020-05-03,42.5,27.1,33.7,0.0,29.0,53
2020-05-04,41.9,26.9,34.1,0.0,24.5,47
2020-05-05,42.9,27.3,34.8,0.0,25.6,41
2020-05-06,43.8,26.9,35.1,0.0,21.4,33
2020-05-07,43.9,27.8,35.1,0.0,30.0,31
2020-05-08,42.9,28.3,34.4,0.0,27.4,45
2020-05-09,40.2,26.7,32.2,0.0,27.0,58
2020-05-10,40.7,26.5,32.4,0.0,26.3,61
2020-05-11,40.3,26.3,32.0,0.0,25.7,60
2020-05-12,42.0,26.2,32.7,0.0,30.3,54
2020-05-13,39.7,25.8,31.9,0.0,24.8,55
2020-05-14,39.4,26.0,32.2,0.0,22.3,54
2020-05-15,40.4,25.9,32.5,0.0,24.7,53
2020-05-16,40.3,27.6,33.8,0.0,23.5,47
2020-05-17,39.2,27.0,32.7,0.0,29.1,49
2020-05-18,42.6,26.3,33.5,0.0,25.7,52
2020-05-19,43.0,26.3,34.5,0.0,19.7,42
2020-05-20,44.1,27.5,35.4,0.0,22.5,32
2020-05-21,43.4,28.1,34.9,0.0,29.6,37
2020-05-22,44.3,27.7,35.1,0.0,33.4,44
2020-05-23,42.8,28.4,34.7,0.0,35.0,42
2020-05-24,42.4,27.8,33.7,0.0,32.7,48
2020-05-25,41.5,27.0,33.2,0.0,32.6,53
2020-05-26,44.0,28.0,34.4,0.0,32.2,50
2020-05-27,47.0,28.7,36.3,0.0,34.8,41
2020-05-28,43.3,29.0,34.8,0.0,35.6,47
2020-05-29,43.1,28.6,34.0,0.0,37.2,55
2020-05-30,40.7,27.7,33.3,0.0,30.9,59
2020-05-31,39.7,27.7,32.8,0.0,28.7,61
2020-06-01,39.1,27.8,32.7,0.1,23.3,60
2020-06-02,39.7,28.0,33.2,0.0,25.7,60
2020-06-03,40.0,27.7,33.6,0.0,20.9,55
2020-06-04,40.1,27.6,33.7,0.0,24.1,53
2020-06-05,40.6,28.4,33.6,0.0,25.5,55
2020-06-06,39.3,28.3,33.2,0.0,23.3,56
2020-06-07,39.6,28.8,33.6,0.0,24.1,57
2020-06-08,40.0,28.8,33.5,0.0,27.0,58
2020-06-09,40.5,28.6,33.4,0.0,27.1,59
2020-06-10,40.6,28.6,33.3,0.0,29.4,61
2020-06-11,39.4,28.9,33.3,0.0,29.9,60
2020-06-12,39.7,28.4,33.3,0.0,24.1,60
2020-06-13,41.0,28.6,33.5,0.0,24.7,56
2020-06-14,41.8,27.7,33.9,0.0,26.4,55
2020-06-15,44.3,28.1,35.1,0.0,27.0,52
2020-06-16,43.1,27.9,34.3,0.0,29.8,56
2020-06-17,42.0,28.4,33.5,0.0,33.6,58
2020-06-18,41.3,28.3,33.7,0.0,33.4,56
2020-06-19,41.4,29.1,34.2,0.0,32.4,57
2020-06-20,39.8,30.0,34.2,0.0,28.1,58
2020-06-21,40.5,29.5,34.1,0.0,26.3,57
2020-06-22,40.8,28.9,34.1,0.0,29.0,55
2020-06-23,41.1,29.9,34.9,0.0,23.5,53
2020-06-24,41.1,30.2,34.9,0.0,25.0,56
2020-06-25,39.8,29.9,34.2,0.0,28.3,59
2020-06-26,39.4,30.1,33.9,0.0,31.2,57
2020-06-27,39.7,30.1,34.0,0.0,33.7,59
2020-06-28,39.5,29.8,33.7,0.0,36.3,61
2020-06-29,37.3,29.7,32.8,0.0,36.7,64
2020-06-30,40.8,29.5,34.6,0.0,23.7,56
2020-07-01,42.1,30.3,35.8,0.0,23.9,48
2020-07-02,40.7,29.9,34.7,0.0,26.3,56
2020-07-03,41.1,30.0,34.5,0.0,27.8,57
2020-07-04,41.8,29.8,34.4,0.0,28.3,59
2020-07-05,41.2,30.0,34.9,0.0,26.6,58
2020-07-06,42.7,30.1,35.6,0.0,19.1,53
2020-07-07,38.5,32.1,35.2,0.5,15.5,51
2020-07-08,36.2,30.9,33.0,0.9,21.6,61
2020-07-09,37.7,28.5,32.9,0.3,20.7,63
2020-07-10,39.5,28.7,33.5,0.0,30.0,65
2020-07-11,38.9,29.8,33.2,0.0,34.9,64
2020-07-12,37.8,29.1,32.5,0.0,38.7,63
2020-07-13,37.4,28.8,32.3,0.0,29.6,65
2020-07-14,40.3,29.0,33.6,0.0,25.1,61
2020-07-15,40.5,29.4,34.5,0.0,23.7,57
2020-07-16,41.0,29.6,35.0,0.0,20.4,55
2020-07-17,41.4,29.3,34.0,2.1,17.1,63
2020-07-18,39.8,30.2,34.6,1.2,20.4,59
2020-07-19,39.0,30.0,33.6,0.0,28.5,60
2020-07-20,38.8,29.4,32.9,0.0,38.2,63
2020-07-21,36.6,29.3,32.3,0.0,37.7,66
2020-07-22,38.2,28.8,32.6,0.1,27.0,63
2020-07-23,39.0,28.7,32.9,0.0,31.8,62
2020-07-24,39.6,29.3,33.4,0.0,30.1,61
2020-07-25,40.1,29.4,33.9,0.0,21.8,58
2020-07-26,33.8,29.1,31.2,2.6,22.0,71
2020-07-27,36.9,27.8,31.5,0.0,24.9,69
2020-07-28,37.1,28.4,32.1,0.0,33.7,68
2020-07-29,39.0,29.0,32.6,0.0,36.1,66
2020-07-30,37.4,28.9,32.6,0.0,26.6,65
2020-07-31,38.6,28.4,33.4,0.0,23.2,62
2020-08-01,39.5,29.4,34.0,0.0,22.1,59
2020-08-02,40.3,29.7,34.2,0.0,25.8,60
2020-08-03,39.7,29.6,33.7,0.0,31.3,62
2020-08-04,39.5,29.7,33.6,0.0,30.9,62
2020-08-05,41.1,29.2,34.6,0.0,22.2,59
2020-08-06,42.4,30.4,35.2,4.2,30.9,54
2020-08-07,32.8,27.9,29.5,33.3,18.8,86
2020-08-08,34.6,27.4,29.8,1.3,20.2,81
2020-08-09,33.2,27.6,30.0,0.9,25.5,80
2020-08-10,34.5,27.8,30.6,0.0,25.8,78
2020-08-11,34.4,28.1,30.7,0.2,24.4,78
2020-08-12,34.6,28.6,30.8,0.0,35.7,77
2020-08-13,35.6,28.2,31.1,0.0,35.0,73
2020-08-14,35.5,27.8,31.1,0.0,27.0,73
2020-08-15,36.7,27.9,31.9,0.0,22.2,72
2020-08-16,37.5,29.2,32.3,0.0,26.1,70
2020-08-17,38.9,28.9,32.7,0.0,26.8,67
2020-08-18,38.3,29.3,32.5,0.0,29.6,68
2020-08-19,37.4,28.8,32.0,0.0,31.8,70
2020-08-20,35.6,28.8,32.0,0.0,27.8,68
2020-08-21,35.7,28.7,31.5,1.5,14.5,72
2020-08-22,36.0,28.0,31.6,5.9,14.7,74
2020-08-23,38.9,28.7,32.9,0.5,24.8,67
2020-08-24,37.7,27.9,31.5,4.6,28.2,72
2020-08-25,28.2,26.5,27.2,57.8,27.4,89
2020-08-26,30.5,25.7,28.0,2.2,25.5,84
2020-08-27,31.4,26.2,28.2,3.0,23.6,85
2020-08-28,32.3,26.0,29.0,4.0,13.1,84
2020-08-29,34.8,27.4,30.6,0.3,19.9,77
2020-08-30,32.3,27.5,29.7,4.6,20.4,80
2020-08-31,30.4,26.7,28.2,4.4,23.0,84
2020-09-01,32.7,26.2,28.8,0.0,25.7,76
2020-09-02,34.1,25.8,29.3,0.0,24.8,76
2020-09-03,33.9,26.6,29.7,0.6,18.3,78
2020-09-04,33.4,27.0,29.1,1.4,15.3,81
2020-09-05,34.9,26.3,30.0,0.0,19.5,75
2020-09-06,34.4,25.9,29.4,0.0,23.1,74
2020-09-07,35.1,25.7,29.4,0.0,27.9,76
2020-09-08,35.4,25.4,29.3,0.0,24.5,75
2020-09-09,34.9,25.2,29.3,0.0,20.0,75
2020-09-10,35.7,24.8,29.4,0.0,22.1,74
2020-09-11,35.7,25.1,29.6,0.0,20.0,72
2020-09-12,35.7,25.6,30.3,0.0,16.8,69
2020-09-13,35.9,27.9,31.6,0.0,14.2,67
2020-09-14,37.1,28.9,32.2,0.2,16.5,66
2020-09-15,36.4,28.4,31.5,1.1,17.4,70
2020-09-16,37.0,28.0,31.9,0.0,20.6,64
2020-09-17,37.7,27.9,31.9,0.0,23.9,62
2020-09-18,37.5,26.9,31.0,0.0,26.3,65
2020-09-19,37.0,26.2,31.0,0.0,20.9,66
2020-09-20,37.6,27.0,31.7,0.0,17.0,61
2020-09-21,39.0,27.9,32.9,0.0,17.4,57
2020-09-22,40.2,28.2,33.3,0.0,19.6,49
2020-09-23,41.1,27.7,33.4,0.0,20.4,47
2020-09-24,39.2,25.9,31.5,0.0,22.7,61
2020-09-25,36.8,26.6,30.3,0.0,27.3,67
2020-09-26,37.6,26.0,30.4,0.0,28.3,63
2020-09-27,37.2,25.8,30.3,0.0,26.0,64
2020-09-28,35.8,25.3,29.5,0.0,23.2,65
2020-09-29,36.1,24.7,29.5,0.0,26.0,65
2020-09-30,37.2,25.2,30.3,0.0,21.3,65
2020-10-01,37.9,25.5,30.8,0.0,24.6,63
2020-10-02,39.1,25.3,30.6,0.0,26.8,65
2020-10-03,37.0,25.2,30.4,0.0,22.7,67
2020-10-04,37.6,25.9,30.7,0.0,18.9,65
2020-10-05,37.0,25.0,30.1,0.0,18.3,61
2020-10-06,36.8,24.0,29.6,0.0,18.4,61
2020-10-07,35.9,23.9,29.3,0.0,24.3,64
2020-10-08,36.6,23.9,29.9,0.0,18.1,62
2020-10-09,37.1,24.8,30.6,0.0,16.1,58
2020-10-10,38.4,25.0,31.4,0.0,11.8,45
2020-10-11,39.3,25.6,32.1,0.0,13.0,37
2020-10-12,38.8,25.5,31.8,0.0,17.8,28
2020-10-13,37.9,23.5,30.5,0.0,12.9,26
2020-10-14,38.5,24.3,30.5,0.0,16.5,20
2020-10-15,38.4,23.9,31.1,0.0,16.8,21
2020-10-16,38.9,24.5,31.5,0.0,20.2,23
2020-10-17,38.7,25.5,31.5,0.0,19.3,30
2020-10-18,36.0,28.3,31.8,0.0,14.9,35
2020-10-19,38.3,26.0,32.2,0.0,12.0,41
2020-10-20,37.9,23.6,30.9,0.0,22.9,29
2020-10-21,36.7,21.1,28.2,0.0,13.3,30
2020-10-22,37.1,20.2,27.9,0.0,12.8,26
2020-10-23,37.3,22.9,29.5,0.0,15.6,18
2020-10-24,35.4,20.6,28.1,0.0,19.9,27
2020-10-25,35.2,21.2,27.4,0.0,14.9,33
2020-10-26,35.6,20.2,27.5,0.0,10.1,25
2020-10-27,35.1,19.2,27.2,0.0,16.9,28
2020-10-28,34.8,20.5,27.4,0.0,16.6,35
2020-10-29,34.3,20.0,26.7,0.0,15.4,53
2020-10-30,34.6,20.5,27.4,0.0,14.0,41
2020-10-31,34.5,20.2,27.2,0.0,11.6,28
2020-11-01,34.2,18.2,26.4,0.0,9.4,30
2020-11-02,34.0,19.0,26.6,0.0,10.8,26
2020-11-03,34.9,17.6,26.3,0.0,20.3,25
2020-11-04,33.8,18.8,26.1,0.0,19.8,42
2020-11-05,32.9,18.8,25.5,0.0,17.6,64
2020-11-06,34.0,18.7,25.8,0.0,12.2,45
2020-11-07,33.9,19.4,25.8,0.0,14.3,33
2020-11-08,33.7,18.2,25.8,0.0,10.0,35
2020-11-09,33.5,17.5,25.7,0.0,12.9,32
2020-11-10,33.4,17.1,25.4,0.0,9.6,36
2020-11-11,33.8,18.6,25.9,0.0,13.1,34
2020-11-12,32.7,18.3,24.9,0.0,16.6,32
2020-11-13,32.5,17.8,24.3,0.0,11.4,35
2020-11-14,31.9,16.5,24.7,0.0,10.7,36
2020-11-15,30.7,17.6,24.2,0.0,16.6,43
2020-11-16,29.3,17.1,22.8,0.0,17.4,39
2020-11-17,27.6,16.5,21.5,0.0,18.7,53
2020-11-18,27.5,14.6,20.7,0.0,9.6,50
2020-11-19,29.8,13.8,21.9,0.0,11.5,46
2020-11-20,28.9,15.5,21.4,0.0,15.5,39
2020-11-21,28.6,14.0,20.6,0.0,11.6,35
2020-11-22,28.6,13.3,20.7,0.0,11.7,42
2020-11-23,28.9,14.7,21.7,0.0,14.1,63
2020-11-24,25.3,16.9,20.4,0.0,21.6,52
2020-11-25,22.6,14.7,18.1,0.9,21.4,68
2020-11-26,25.3,13.8,19.1,0.0,27.3,59
2020-11-27,25.7,14.3,19.3,0.0,23.3,56
2020-11-28,26.8,13.0,19.0,0.0,17.1,50
2020-11-29,28.1,12.2,18.8,0.0,13.1,49
2020-11-30,28.6,11.1,18.9,0.0,9.2,51
2020-12-01,29.5,13.3,20.3,0.0,11.5,48
2020-12-02,29.8,14.5,21.0,0.0,10.2,54
2020-12-03,31.1,14.0,22.0,0.0,10.3,54
2020-12-04,31.5,16.9,23.5,0.0,14.0,55
2020-12-05,30.2,19.4,23.2,0.0,15.6,70
2020-12-06,31.4,16.9,23.1,0.0,10.2,55
2020-12-07,30.2,17.4,22.6,0.0,15.3,58
2020-12-08,29.8,16.3,22.1,0.0,10.0,64
2020-12-09,28.0,17.1,21.6,0.0,18.2,65
2020-12-10,27.7,16.1,21.4,0.0,18.4,61
2020-12-11,25.8,16.4,20.6,0.0,21.0,62
2020-12-12,24.7,13.5,18.4,0.0,13.8,65
2020-12-13,24.0,12.4,17.6,0.0,14.0,54
2020-12-14,23.8,10.7,16.7,0.0,12.4,54
2020-12-15,22.7,11.3,16.4,0.0,18.8,52
2020-12-16,21.7,10.0,15.2,0.0,22.2,44
2020-12-17,21.4,9.0,14.3,0.0,18.4,46
2020-12-18,22.8,8.1,14.3,0.0,11.7,50
2020-12-19,24.8,8.8,15.7,0.0,13.6,42
2020-12-20,25.2,12.3,17.4,0.0,13.9,47
2020-12-21,25.7,11.6,17.6,0.0,12.8,50
2020-12-22,26.2,10.7,17.7,0.0,12.8,54
2020-12-23,25.5,12.6,18.4,0.0,15.4,52
2020-12-24,26.1,12.8,18.3,0.0,17.1,50
2020-12-25,26.0,12.2,18.2,0.0,17.2,46
2020-12-26,25.6,12.3,18.3,0.0,15.9,42
2020-12-27,22.2,11.7,16.8,0.0,24.1,31
2020-12-28,23.2,7.5,14.6,0.0,11.5,27
2020-12-29,21.6,8.1,14.2,0.0,18.3,41
2020-12-30,21.0,8.2,14.1,0.0,21.9,44
2020-12-31,20.9,8.1,14.0,0.0,23.0,43
2021-01-01,21.9,8.6,14.4,0.0,19.6,46
2021-01-02,22.7,9.7,15.3,0.0,21.4,41
2021-01-03,22.7,9.5,14.9,0.0,17.1,45
2021-01-04,23.1,9.3,15.7,0.0,18.8,54
2021-01-05,23.4,12.1,16.7,0.0,15.6,61
2021-01-06,25.3,8.0,16.4,0.0,10.0,48
2021-01-07,23.9,9.8,16.1,0.0,15.5,55
2021-01-08,20.8,10.8,14.9,0.0,23.4,35
2021-01-09,22.3,9.0,14.7,0.0,25.9,41
2021-01-10,23.4,8.4,15.1,0.0,20.5,46
2021-01-11,24.7,8.0,15.0,0.0,13.7,43
2021-01-12,25.5,7.6,15.4,0.0,10.5,43
2021-01-13,26.2,8.0,17.5,0.0,7.2,32
2021-01-14,26.7,7.4,17.0,0.0,10.1,41
2021-01-15,25.9,11.9,17.4,0.0,15.6,43
2021-01-16,24.5,10.2,16.2,0.0,19.7,48
2021-01-17,25.1,8.3,15.9,0.0,10.7,49
2021-01-18,23.2,10.4,15.7,0.0,21.4,50
2021-01-19,23.3,8.6,15.1,0.0,15.1,58
2021-01-20,25.7,9.1,16.9,0.0,10.1,53
2021-01-21,27.7,10.4,18.6,0.0,20.1,71
2021-01-22,30.0,17.1,22.2,0.0,24.8,68
2021-01-23,26.0,13.6,19.3,0.0,20.1,32
2021-01-24,25.1,9.8,16.7,0.0,11.3,29
2021-01-25,24.9,8.5,16.2,0.0,10.8,32
2021-01-26,25.1,8.9,16.7,0.0,10.9,32
2021-01-27,25.4,8.5,16.6,0.0,10.3,36
2021-01-28,25.6,10.0,16.7,0.0,10.8,43
2021-01-29,25.8,8.8,17.4,0.0,10.9,43
2021-01-30,26.4,8.5,18.0,0.0,11.3,37
2021-01-31,28.5,12.4,20.0,0.0,21.9,59
2021-02-01,28.5,12.8,20.4,0.0,14.0,60
2021-02-02,28.7,12.9,20.9,0.0,16.5,51
2021-02-03,29.2,13.4,21.3,0.0,15.1,49
2021-02-04,27.6,14.2,20.4,0.0,22.3,40
2021-02-05,27.2,12.5,19.5,0.0,16.2,39
2021-02-06,27.8,10.2,19.7,0.0,11.8,35
2021-02-07,29.1,13.1,20.7,0.0,10.0,33
2021-02-08,29.9,10.5,21.0,0.0,16.3,34
2021-02-09,30.4,13.3,21.8,0.0,15.0,31
2021-02-10,32.5,13.5,23.1,0.0,16.4,40
2021-02-11,31.2,14.0,22.5,0.0,10.8,32
2021-02-12,32.0,13.9,22.7,0.0,11.4,30
2021-02-13,31.7,15.4,23.4,0.0,17.8,31
2021-02-14,32.1,16.2,24.3,0.0,23.2,28
2021-02-15,31.6,15.3,23.4,0.0,19.7,45
2021-02-16,32.4,16.0,23.7,0.0,15.5,50
2021-02-17,32.3,14.7,23.7,0.0,10.2,42
2021-02-18,32.6,13.9,23.2,0.0,11.5,31
2021-02-19,33.2,15.7,23.6,0.0,13.5,25
2021-02-20,32.6,15.9,23.3,0.0,11.7,27
2021-02-21,32.9,15.5,24.4,0.0,11.9,29
2021-02-22,33.8,17.8,25.9,0.0,20.6,23
2021-02-23,34.6,17.6,25.4,0.0,23.6,42
2021-02-24,33.3,18.9,24.9,0.0,25.0,67
2021-02-25,36.0,19.7,26.4,0.0,23.4,61
2021-02-26,36.7,21.6,28.2,0.0,25.8,46
2021-02-27,33.8,21.1,27.1,0.0,21.4,45
2021-02-28,33.0,18.1,25.7,0.0,20.7,28
2021-03-01,32.8,17.4,24.6,0.0,13.1,26
2021-03-02,33.1,15.7,24.3,0.0,14.5,27
2021-03-03,37.2,17.6,27.0,0.0,27.2,27
2021-03-04,37.6,18.9,28.4,0.0,17.7,41
2021-03-05,38.7,21.6,29.8,0.0,20.0,31
2021-03-06,37.8,23.5,29.3,0.0,28.3,35
2021-03-07,37.0,21.5,27.6,0.0,30.1,58
2021-03-08,36.0,20.8,27.9,0.0,22.5,48
2021-03-09,35.6,19.6,27.2,0.0,16.5,45
2021-03-10,34.8,19.7,27.0,0.0,18.2,27
2021-03-11,33.7,18.6,25.4,0.0,21.9,62
2021-03-12,34.6,20.7,26.9,0.0,17.7,58
2021-03-13,34.4,21.3,27.4,0.0,16.8,39
2021-03-14,35.7,19.7,27.6,0.0,18.8,37
2021-03-15,37.0,21.0,28.7,0.0,17.1,33
2021-03-16,37.9,21.3,29.3,0.0,17.6,39
2021-03-17,37.3,23.2,29.7,0.0,17.6,34
2021-03-18,36.5,22.4,29.0,0.0,19.1,40
2021-03-19,37.4,21.6,29.3,0.0,15.0,38
2021-03-20,37.8,22.1,29.9,0.0,23.9,28
2021-03-21,37.4,22.5,28.7,0.0,23.9,47
2021-03-22,35.5,22.5,27.6,0.5,29.6,65
2021-03-23,35.5,20.4,27.1,0.0,14.3,53
2021-03-24,36.4,20.7,28.3,0.0,11.5,39
2021-03-25,36.9,21.3,28.7,0.0,14.4,29
2021-03-26,39.5,22.3,31.2,0.0,21.4,19
2021-03-27,41.5,24.9,32.6,0.0,20.9,16
2021-03-28,41.3,23.0,31.0,0.0,27.1,38
2021-03-29,40.1,23.9,30.2,0.0,28.1,55
2021-03-30,42.2,23.7,32.5,0.0,21.3,38
2021-03-31,40.4,25.0,32.1,0.0,16.5,13
2021-04-01,40.1,23.1,31.1,0.0,13.5,11
2021-04-02,40.4,21.7,32.2,0.0,16.2,12
2021-04-03,42.3,23.5,33.2,0.0,16.9,14
2021-04-04,43.2,24.2,33.1,0.0,26.6,28
2021-04-05,40.4,25.4,31.7,0.0,28.7,42
2021-04-06,40.0,24.4,31.1,0.0,30.9,49
2021-04-07,39.4,23.5,30.9,0.0,24.5,41
2021-04-08,38.1,22.3,30.3,0.0,15.0,20
2021-04-09,39.2,21.6,31.0,0.0,18.1,22
2021-04-10,40.3,23.6,31.9,0.0,16.9,25
2021-04-11,41.4,24.1,33.1,0.0,16.6,15
2021-04-12,42.0,25.0,33.4,0.0,26.1,22
2021-04-13,39.2,24.3,31.1,0.0,22.2,30
2021-04-14,36.3,21.6,28.1,0.0,25.2,57
2021-04-15,38.4,23.8,30.2,0.0,24.5,54
2021-04-16,38.0,24.9,31.1,0.0,26.3,50
2021-04-17,40.3,23.5,31.5,0.0,32.7,44
2021-04-18,41.0,24.3,32.5,0.0,31.3,42
2021-04-19,40.1,25.7,32.4,0.0,24.1,34
2021-04-20,38.0,25.1,31.1,0.0,24.2,39
2021-04-21,38.7,23.8,30.7,0.0,18.8,46
2021-04-22,41.3,24.0,31.8,0.0,29.6,49
2021-04-23,43.1,25.3,33.2,0.0,26.4,39
2021-04-24,40.8,26.2,33.1,0.0,16.0,24
2021-04-25,41.7,25.7,33.8,0.0,17.3,23
2021-04-26,42.7,26.3,34.5,0.0,25.3,22
2021-04-27,41.6,26.1,33.3,0.0,22.1,37
2021-04-28,40.0,24.6,31.5,0.0,21.5,56
2021-04-29,39.7,24.5,31.3,0.0,25.5,57
2021-04-30,39.9,25.5,31.8,0.0,36.4,54
2021-05-01,40.5,25.6,32.6,0.0,38.6,45
2021-05-02,38.4,26.0,32.5,0.0,31.1,33
2021-05-03,38.2,25.3,31.7,0.0,28.6,42
2021-05-04,40.3,26.5,32.4,0.0,29.4,49
2021-05-05,41.8,26.8,33.7,0.0,26.5,44
2021-05-06,41.3,26.9,34.0,0.0,26.8,39
2021-05-07,40.3,28.1,34.2,0.0,22.6,38
2021-05-08,41.7,28.1,34.6,0.0,26.1,41
2021-05-09,42.0,27.7,34.2,0.0,30.9,43
2021-05-10,41.6,26.5,32.7,0.0,28.8,54
2021-05-11,40.3,27.1,32.7,0.0,32.2,51
2021-05-12,41.7,26.9,32.6,0.0,30.9,54
2021-05-13,43.6,26.5,33.6,0.0,34.4,49
2021-05-14,41.6,26.2,32.7,0.0,25.1,57
2021-05-15,41.5,25.6,33.3,0.0,19.9,51
2021-05-16,43.3,27.8,36.1,0.0,20.9,35
2021-05-17,42.3,31.0,37.2,0.0,25.4,23
2021-05-18,38.2,30.6,34.6,0.0,25.1,34
2021-05-19,42.2,26.8,34.3,0.0,16.3,34
2021-05-20,40.9,26.5,32.6,0.0,28.0,59
2021-05-21,41.2,27.1,32.9,0.0,30.0,62
2021-05-22,40.4,27.8,33.0,0.0,27.3,59
2021-05-23,39.0,27.2,32.7,0.0,22.7,54
2021-05-24,41.9,27.9,33.5,0.0,25.0,53
2021-05-25,42.8,27.0,33.5,0.0,32.6,57
2021-05-26,46.8,27.9,35.1,0.0,32.7,54
2021-05-27,44.4,27.7,34.2,0.0,29.8,61
2021-05-28,42.1,28.1,33.6,0.0,28.0,61
2021-05-29,41.3,28.3,33.3,0.0,29.5,60
2021-05-30,43.3,27.9,33.5,0.0,32.7,60
2021-05-31,44.3,27.9,33.8,0.0,33.4,58
2021-06-01,40.8,27.3,32.9,0.0,30.7,63
2021-06-02,40.4,28.3,33.0,0.0,29.4,60
2021-06-03,39.5,27.8,32.8,0.0,26.7,58
2021-06-04,40.1,28.3,33.5,0.0,26.5,58
2021-06-05,40.2,28.5,33.3,0.0,24.5,58
2021-06-06,39.5,27.8,32.8,0.0,23.3,56
2021-06-07,39.7,27.8,32.5,0.0,31.1,58
2021-06-08,39.5,28.4,32.6,0.0,36.0,59
2021-06-09,38.3,28.5,32.5,0.0,37.5,62
2021-06-10,38.1,28.7,32.4,0.0,36.1,61
2021-06-11,38.5,28.5,32.5,0.0,37.8,63
2021-06-12,39.2,28.8,32.6,0.0,39.6,64
2021-06-13,39.6,28.8,32.8,0.0,33.1,61
2021-06-14,37.7,28.7,32.4,0.0,31.5,62
2021-06-15,38.7,28.2,32.4,0.0,32.8,63
2021-06-16,40.2,28.5,33.8,0.0,28.6,58
2021-06-17,39.1,29.1,33.8,0.0,20.7,60
2021-06-18,38.7,29.2,33.3,5.2,23.8,58
2021-06-19,40.4,28.6,33.5,0.0,29.8,57
2021-06-20,38.7,27.7,32.3,0.0,31.8,58
2021-06-21,39.0,28.5,32.7,0.0,30.9,58
2021-06-22,40.0,28.2,32.8,0.0,30.9,58
2021-06-23,39.2,27.9,32.3,0.0,29.3,59
2021-06-24,38.1,27.8,31.9,0.0,32.6,59
2021-06-25,38.9,28.0,32.1,0.0,33.8,58
2021-06-26,39.5,27.7,32.3,0.0,31.9,59
2021-06-27,40.1,28.1,33.3,0.0,24.9,56
2021-06-28,41.4,27.8,33.6,0.0,28.7,56
2021-06-29,39.7,28.1,32.1,0.0,30.5,60
2021-06-30,38.5,28.0,32.1,0.0,34.7,60
2021-07-01,41.0,27.5,32.4,0.0,36.9,61
2021-07-02,37.6,28.2,32.0,0.0,39.9,63
2021-07-03,37.3,28.2,31.9,0.0,33.6,62
2021-07-04,38.0,28.0,31.7,0.0,32.8,62
2021-07-05,38.2,27.7,31.7,0.0,30.0,60
2021-07-06,38.2,27.0,31.6,0.0,29.3,59
2021-07-07,37.9,27.7,31.7,0.0,33.1,59
2021-07-08,38.5,27.8,31.9,0.0,36.2,61
2021-07-09,39.0,28.2,32.0,0.0,34.3,64
2021-07-10,39.3,28.1,32.6,0.0,26.4,61
2021-07-11,40.6,28.2,33.8,0.0,21.9,57
2021-07-12,37.0,29.4,33.3,0.0,21.1,58
2021-07-13,39.3,29.8,34.3,0.1,22.9,58
2021-07-14,38.6,28.3,33.6,3.7,21.6,63
2021-07-15,37.5,29.5,32.4,4.3,20.7,71
2021-07-16,36.7,29.1,31.4,13.0,15.3,78
2021-07-17,36.2,28.9,31.8,1.7,22.4,75
2021-07-18,35.9,28.3,31.3,0.0,38.0,71
2021-07-19,35.2,28.2,30.7,0.0,41.4,72
2021-07-20,34.5,28.3,30.5,0.0,44.0,74
2021-07-21,37.9,28.3,31.8,0.0,35.0,69
2021-07-22,39.5,27.2,32.4,0.0,26.3,68
2021-07-23,38.8,27.7,32.4,0.2,22.0,69
2021-07-24,35.7,28.7,31.1,0.0,24.9,69
2021-07-25,37.3,27.9,31.6,0.0,31.8,66
2021-07-26,36.7,28.2,31.2,0.0,36.6,67
2021-07-27,33.4,27.8,29.8,0.0,38.4,74
2021-07-28,35.4,27.8,30.3,0.0,38.8,72
2021-07-29,36.2,27.6,30.7,0.0,36.1,71
2021-07-30,35.2,27.3,30.3,0.0,34.3,72
2021-07-31,36.0,27.5,30.7,0.0,41.2,68
2021-08-01,36.7,27.0,30.5,0.0,35.2,68
2021-08-02,36.9,27.1,30.7,0.0,36.9,68
2021-08-03,36.0,27.1,30.0,0.0,36.1,70
2021-08-04,36.9,26.5,30.3,0.0,33.0,68
2021-08-05,36.7,26.1,30.5,0.0,27.8,68
2021-08-06,37.0,26.4,30.7,0.0,26.7,67
2021-08-07,37.4,26.5,30.9,0.0,24.2,65
2021-08-08,36.8,26.3,30.5,0.0,26.6,64
2021-08-09,35.7,26.5,30.1,0.0,28.9,63
2021-08-10,35.0,25.7,29.5,0.0,31.6,62
2021-08-11,36.1,25.7,29.7,0.0,31.7,63
2021-08-12,35.9,26.1,29.8,0.0,31.9,65
2021-08-13,35.6,25.9,29.6,0.0,31.8,65
2021-08-14,35.8,25.9,29.5,0.0,34.4,66
2021-08-15,36.0,26.0,29.8,0.0,34.2,64
2021-08-16,36.4,26.1,30.3,0.0,25.0,62
2021-08-17,37.1,25.4,30.3,0.0,25.0,63
2021-08-18,38.4,26.1,30.6,0.0,29.6,63
2021-08-19,36.5,26.0,30.1,0.0,31.7,62
2021-08-20,37.0,26.1,30.3,0.0,31.2,64
2021-08-21,38.2,25.8,30.7,0.0,26.9,63
2021-08-22,38.3,26.2,31.3,0.0,25.5,60
2021-08-23,38.1,26.0,30.6,0.0,28.9,62
2021-08-24,36.3,26.0,29.9,0.0,36.4,63
2021-08-25,36.0,26.2,29.9,0.0,39.2,63
2021-08-26,36.2,26.0,29.8,0.0,36.7,64
2021-08-27,36.1,25.9,29.7,0.0,32.6,63
2021-08-28,35.7,25.6,30.1,0.0,27.5,61
2021-08-29,36.2,25.1,30.1,0.0,21.3,60
2021-08-30,37.2,25.6,31.2,0.0,16.9,57
2021-08-31,39.8,27.4,33.7,0.0,19.2,49
2021-09-01,39.2,30.6,35.0,0.0,21.3,42
2021-09-02,38.5,29.6,34.1,0.0,20.9,45
2021-09-03,33.3,28.9,30.8,20.7,17.7,73
2021-09-04,34.7,27.4,30.7,1.4,15.6,74
2021-09-05,36.2,27.3,31.0,0.1,20.5,70
2021-09-06,36.2,26.9,30.8,0.0,19.7,69
2021-09-07,37.6,27.2,31.8,0.0,17.6,64
2021-09-08,39.0,28.8,33.5,0.0,14.8,58
2021-09-09,38.7,28.9,33.1,0.5,21.5,62
2021-09-10,37.7,28.4,32.2,1.3,13.7,68
2021-09-11,36.8,27.3,32.1,0.2,16.6,64
2021-09-12,36.6,29.9,32.7,0.0,19.2,62
2021-09-13,37.8,29.1,33.0,0.0,18.4,59
2021-09-14,36.7,28.9,32.6,0.2,22.6,60
2021-09-15,38.1,29.4,33.0,0.9,23.4,61
2021-09-16,37.7,28.4,33.1,0.0,17.7,62
2021-09-17,38.2,29.0,33.1,0.0,16.6,61
2021-09-18,38.8,27.8,32.4,0.0,23.4,60
2021-09-19,38.8,27.4,31.7,0.0,26.6,63
2021-09-20,37.7,27.3,31.5,0.0,24.9,63
2021-09-21,37.2,26.8,31.1,0.0,26.0,63
2021-09-22,36.5,26.9,31.2,0.1,21.2,64
2021-09-23,36.3,27.5,31.6,0.7,15.1,64
2021-09-24,35.5,27.5,30.7,1.0,15.1,71
2021-09-25,36.2,26.8,31.1,0.0,16.5,69
2021-09-26,36.4,27.4,31.6,0.0,13.2,66
2021-09-27,37.4,28.0,32.4,0.0,17.3,59
2021-09-28,35.6,27.6,30.9,2.3,18.7,67
2021-09-29,37.3,28.0,32.7,0.0,27.5,59
2021-09-30,32.0,26.8,28.7,14.1,27.7,79
2021-10-01,32.6,25.7,28.8,1.8,20.3,76
2021-10-02,33.4,24.4,28.6,0.1,15.3,77
2021-10-03,33.7,25.7,28.8,0.0,26.6,78
2021-10-04,33.7,24.5,28.5,0.0,28.1,73
2021-10-05,33.8,24.2,28.3,0.0,24.0,74
2021-10-06,34.7,23.7,28.8,0.0,13.2,72
2021-10-07,36.0,25.9,30.8,0.0,14.4,64
2021-10-08,37.2,25.4,31.0,0.0,20.0,58
2021-10-09,36.1,24.5,29.4,0.0,22.3,62
2021-10-10,35.6,23.9,28.7,0.0,25.8,72
2021-10-11,36.2,23.8,29.1,0.0,19.6,67
2021-10-12,35.0,23.9,28.6,0.0,14.8,61
2021-10-13,35.8,21.4,28.0,0.0,11.8,45
2021-10-14,36.0,20.1,27.5,0.0,11.7,42
2021-10-15,35.3,19.1,27.2,0.0,16.0,42
2021-10-16,35.9,23.0,28.8,0.0,17.1,25
2021-10-17,35.6,23.5,28.8,0.0,17.0,22
2021-10-18,36.6,22.7,29.0,0.0,22.4,27
2021-10-19,36.9,21.8,28.6,0.0,20.7,41
2021-10-20,35.3,21.2,27.6,0.0,21.9,51
2021-10-21,33.1,21.6,26.6,0.0,27.1,68
2021-10-22,33.9,23.3,27.5,0.0,30.1,66
2021-10-23,34.4,23.5,28.0,0.0,23.8,57
2021-10-24,33.9,20.6,26.5,0.0,14.6,47
2021-10-25,32.1,21.6,26.0,0.0,24.1,50
2021-10-26,32.1,20.2,25.9,0.0,15.5,46
2021-10-27,34.0,19.5,26.6,0.0,11.6,40
2021-10-28,34.1,20.5,26.5,0.0,15.1,45
2021-10-29,34.5,19.8,27.0,0.0,11.6,38
2021-10-30,35.1,19.4,27.1,0.0,11.0,38
2021-10-31,36.5,21.6,28.5,0.0,17.9,29
2021-11-01,34.4,20.5,26.9,0.0,18.5,51
2021-11-02,33.0,20.1,25.7,0.0,13.0,61
2021-11-03,33.2,20.2,26.1,0.0,17.8,43
2021-11-04,33.4,18.8,25.8,0.0,10.4,37
2021-11-05,34.1,18.6,26.4,0.0,10.9,33
2021-11-06,34.4,20.2,26.4,0.0,10.6,33
2021-11-07,34.4,18.5,25.9,0.0,10.7,41
2021-11-08,34.9,17.6,26.3,0.0,13.8,36
2021-11-09,34.3,19.1,26.1,0.0,11.2,34
2021-11-10,33.9,17.6,25.9,0.0,13.0,31
2021-11-11,33.6,17.0,25.4,0.0,10.8,37
2021-11-12,33.2,17.6,24.6,0.0,12.6,39
2021-11-13,32.9,17.2,24.5,0.0,10.8,36
2021-11-14,32.6,15.9,24.1,0.0,10.0,35
2021-11-15,31.7,16.7,23.2,0.0,14.5,38
2021-11-16,31.8,16.3,23.2,0.0,12.6,34
2021-11-17,30.3,15.2,22.3,0.0,19.2,38
2021-11-18,29.9,15.6,21.9,0.0,21.2,34
2021-11-19,29.4,14.7,21.3,0.0,21.6,35
2021-11-20,29.6,15.5,21.7,0.0,18.6,37
2021-11-21,30.4,15.9,22.3,0.0,21.1,37
2021-11-22,30.3,15.6,22.0,0.0,14.5,39
2021-11-23,32.3,12.7,22.6,0.0,16.4,40
2021-11-24,31.7,17.4,23.9,0.0,15.3,59
2021-11-25,31.7,18.8,23.5,0.0,15.0,67
2021-11-26,31.4,17.8,23.6,0.0,13.0,52
2021-11-27,31.3,15.4,22.9,0.0,12.4,50
2021-11-28,30.9,17.6,23.3,0.0,18.4,47
2021-11-29,30.3,16.8,22.9,0.0,19.8,46
2021-11-30,29.6,16.7,22.3,0.0,19.8,46
2021-12-01,30.1,16.1,22.2,0.0,16.5,42
2021-12-02,28.1,15.6,21.4,0.0,21.9,42
2021-12-03,28.0,14.7,21.0,0.0,15.2,44
2021-12-04,27.6,14.7,20.4,0.0,14.8,47
2021-12-05,28.4,12.6,20.0,0.0,10.3,51
2021-12-06,28.1,13.7,20.2,0.0,13.8,54
2021-12-07,27.2,14.0,20.0,0.0,14.8,49
2021-12-08,27.2,13.8,19.7,0.0,13.5,51
2021-12-09,27.0,12.5,19.2,0.0,14.3,48
2021-12-10,26.6,12.4,18.8,0.0,15.5,46
2021-12-11,26.3,10.9,17.7,0.0,10.7,51
2021-12-12,26.5,11.4,18.3,0.0,11.2,45
2021-12-13,25.8,12.5,18.0,0.0,13.6,51
2021-12-14,25.6,10.9,17.5,0.0,11.6,50
2021-12-15,24.5,9.5,16.3,0.0,10.1,52
2021-12-16,22.1,10.9,15.6,0.0,20.9,37
2021-12-17,22.8,9.5,15.1,0.0,17.7,36
2021-12-18,23.2,8.2,14.8,0.0,12.8,40
2021-12-19,23.6,7.9,15.2,0.0,10.6,39
2021-12-20,25.3,10.4,17.9,0.0,12.7,29
2021-12-21,25.1,12.5,19.0,0.0,12.8,63
2021-12-22,25.5,14.1,19.8,0.0,17.1,59
2021-12-23,23.9,17.0,20.0,0.0,13.3,70
2021-12-24,25.9,17.3,20.5,0.0,13.1,51
2021-12-25,26.6,13.3,20.2,0.0,7.3,60
2021-12-26,26.5,16.0,20.8,1.0,14.7,72
2021-12-27,25.0,15.7,19.1,3.8,14.2,77
2021-12-28,22.8,14.8,17.8,0.3,21.9,78
2021-12-29,22.7,12.1,16.5,0.0,15.4,71
2021-12-30,23.7,11.6,17.1,0.0,15.5,65
2021-12-31,22.9,14.6,17.6,0.1,17.9,47
2022-01-01,23.0,11.3,16.6,0.0,17.1,53
2022-01-02,23.9,11.8,16.9,0.0,18.8,54
2022-01-03,24.0,12.4,17.5,0.0,18.9,57
2022-01-04,23.1,14.5,17.3,3.1,15.1,66
2022-01-05,20.6,14.2,16.4,21.0,17.4,87
2022-01-06,21.0,13.3,16.6,3.8,7.4,86
2022-01-07,19.2,11.4,15.3,1.7,20.2,79
2022-01-08,21.0,9.6,14.4,0.0,14.8,76
2022-01-09,20.5,10.5,14.3,0.0,11.8,76
2022-01-10,20.1,10.6,14.5,0.0,8.3,76
2022-01-11,20.5,9.5,14.5,0.0,9.9,74
2022-01-12,20.4,10.7,14.6,0.0,9.8,71
2022-01-13,20.9,10.2,14.9,0.0,9.7,68
2022-01-14,21.6,9.2,14.6,0.0,14.9,70
2022-01-15,21.5,10.1,15.0,0.0,17.0,70
2022-01-16,21.6,10.4,15.3,0.0,16.3,66
2022-01-17,23.0,12.2,16.7,0.0,13.8,60
2022-01-18,23.4,11.7,16.5,0.0,13.9,60
2022-01-19,26.6,11.1,18.4,0.0,22.9,65
2022-01-20,25.4,13.9,19.0,0.0,10.5,73
2022-01-21,28.3,17.1,20.9,0.0,38.2,74
2022-01-22,20.6,11.7,16.4,0.0,27.8,58
2022-01-23,20.5,8.5,14.0,0.0,12.4,52
2022-01-24,21.2,7.1,13.6,0.0,10.1,57
2022-01-25,21.3,8.1,14.1,0.0,10.5,60
2022-01-26,22.5,8.4,14.8,0.0,10.8,63
2022-01-27,22.9,8.3,15.9,0.0,10.2,56
2022-01-28,24.0,9.3,16.2,0.0,12.3,50
2022-01-29,25.9,12.9,18.4,0.0,16.2,73
2022-01-30,26.2,11.0,18.4,0.0,16.4,76
2022-01-31,29.4,16.9,21.4,0.0,15.1,72
2022-02-01,28.7,15.3,21.2,0.0,11.9,62
2022-02-02,30.9,15.9,22.5,0.0,28.7,56
2022-02-03,26.1,13.9,20.1,0.0,17.7,41
2022-02-04,27.6,10.3,19.1,0.0,19.1,48
2022-02-05,27.5,12.2,19.2,0.0,16.6,64
2022-02-06,27.1,16.7,21.2,0.0,17.7,67
2022-02-07,25.9,16.1,20.4,0.0,13.2,71
2022-02-08,25.1,15.1,19.0,1.5,16.4,74
2022-02-09,26.4,13.3,18.8,0.0,11.9,65
2022-02-10,26.6,12.8,18.9,0.0,11.8,48
2022-02-11,27.5,10.7,19.2,0.0,10.9,47
2022-02-12,28.4,11.6,19.9,0.0,15.3,41
2022-02-13,27.9,13.8,20.5,0.0,18.0,50
2022-02-14,28.0,12.6,20.8,0.0,10.9,55
2022-02-15,28.9,14.3,21.3,0.0,13.8,50
2022-02-16,29.9,14.3,22.1,0.0,14.8,47
2022-02-17,30.5,13.7,22.7,0.0,15.9,35
2022-02-18,30.5,15.5,22.6,0.0,16.6,35
2022-02-19,30.3,15.9,22.6,0.0,13.7,44
2022-02-20,33.7,19.4,25.7,0.0,19.2,26
2022-02-21,35.7,19.1,26.2,0.0,27.9,41
2022-02-22,32.6,19.8,25.1,0.0,30.0,54
2022-02-23,30.3,16.4,23.3,0.0,21.0,50
2022-02-24,32.2,15.7,23.5,0.0,12.3,43
2022-02-25,33.2,16.4,25.0,0.0,19.7,34
2022-02-26,30.3,17.2,23.3,0.0,17.6,49
2022-02-27,29.3,16.6,22.6,0.0,22.7,41
2022-02-28,29.8,15.6,22.4,0.0,13.4,42
2022-03-01,32.1,16.0,24.5,0.0,12.7,39
2022-03-02,30.8,18.4,24.2,0.0,18.1,48
2022-03-03,30.2,16.7,23.0,0.0,16.0,51
2022-03-04,32.4,16.6,24.4,0.0,11.7,41
2022-03-05,32.0,16.2,24.8,0.0,15.1,34
2022-03-06,33.3,20.8,26.2,0.0,23.9,30
2022-03-07,33.7,19.0,26.0,0.0,17.1,53
2022-03-08,32.2,19.5,25.3,0.0,21.7,47
2022-03-09,33.7,20.2,26.3,0.0,12.4,46
2022-03-10,34.5,20.2,27.2,0.0,17.2,40
2022-03-11,36.2,21.1,28.1,0.0,13.8,41
2022-03-12,37.6,21.3,29.6,0.0,17.1,29
2022-03-13,39.2,24.9,31.6,0.0,20.9,20
2022-03-14,39.5,23.9,31.2,0.0,21.3,24
2022-03-15,39.8,22.3,30.3,0.0,21.4,37
2022-03-16,41.0,22.3,30.3,0.0,25.3,47
2022-03-17,40.4,22.5,30.5,0.0,26.4,33
2022-03-18,40.5,23.2,30.6,0.0,23.2,38
2022-03-19,39.5,23.2,30.4,0.0,25.8,39
2022-03-20,39.2,22.9,30.9,0.0,29.0,27
2022-03-21,36.9,21.6,29.0,0.0,21.9,28
2022-03-22,33.9,19.8,26.0,0.0,29.3,59
2022-03-23,37.0,21.9,28.5,0.0,29.3,43
2022-03-24,40.3,21.0,30.3,0.0,21.9,38
2022-03-25,39.8,22.3,31.1,0.0,18.8,30
2022-03-26,40.5,22.5,32.1,0.0,22.5,17
2022-03-27,42.0,25.1,33.1,0.0,24.5,17
2022-03-28,42.3,24.9,32.6,0.0,23.3,29
2022-03-29,42.2,24.4,32.3,0.0,25.0,32
2022-03-30,41.2,21.7,31.9,0.0,14.2,21
2022-03-31,41.4,21.8,31.6,0.0,11.3,17
2022-04-01,41.2,23.1,32.3,0.0,18.4,16
2022-04-02,42.2,26.9,34.1,0.0,25.5,10
2022-04-03,41.9,25.9,33.3,0.0,24.5,14
2022-04-04,40.7,24.5,32.1,0.0,22.2,20
2022-04-05,42.3,22.2,31.7,0.0,21.4,39
2022-04-06,44.1,26.0,34.5,0.0,22.7,18
2022-04-07,43.9,26.2,35.2,0.0,24.6,20
2022-04-08,43.5,28.7,35.6,0.0,25.9,19
2022-04-09,44.5,25.6,33.8,0.0,33.2,31
2022-04-10,43.3,25.1,33.3,0.0,24.2,35
2022-04-11,40.1,23.6,31.1,0.0,25.5,48
2022-04-12,38.9,24.2,30.2,0.0,29.3,58
2022-04-13,41.2,24.1,31.5,0.0,27.8,52
2022-04-14,43.9,24.3,32.7,0.0,30.3,43
2022-04-15,44.7,27.6,35.0,0.0,28.0,25
2022-04-16,43.0,25.4,33.2,0.0,27.7,41
2022-04-17,41.0,25.0,31.7,0.0,30.8,55
2022-04-18,41.3,24.9,31.4,0.0,33.7,59
2022-04-19,40.1,24.6,31.4,0.0,26.3,56
2022-04-20,41.6,24.5,32.4,0.0,26.8,49
2022-04-21,40.5,24.8,32.1,0.0,26.0,45
2022-04-22,40.9,24.4,31.5,0.0,27.7,47
2022-04-23,41.7,24.8,32.4,0.0,28.3,42
2022-04-24,42.7,25.8,33.6,0.0,26.1,35
2022-04-25,43.2,25.8,33.8,0.0,27.8,37
2022-04-26,43.2,26.2,33.7,0.0,33.4,43
2022-04-27,42.4,26.0,33.6,0.0,21.6,43
2022-04-28,41.4,25.4,32.9,0.0,26.3,47
2022-04-29,45.5,27.7,35.8,0.0,26.8,35
2022-04-30,47.2,29.1,36.9,0.0,30.1,31
2022-05-01,45.7,29.0,36.0,0.0,27.9,33
2022-05-02,39.0,28.6,32.7,0.0,42.7,36
2022-05-03,38.7,26.7,31.6,0.0,36.0,57
2022-05-04,39.8,25.9,31.9,0.0,24.5,56
2022-05-05,40.7,24.5,31.9,0.0,22.4,53
2022-05-06,42.9,26.0,33.4,0.0,25.8,39
2022-05-07,41.8,26.0,32.8,0.0,23.8,46
2022-05-08,41.5,25.4,31.8,0.0,27.5,53
2022-05-09,39.3,25.3,31.5,0.0,27.1,61
2022-05-10,41.2,25.8,32.8,0.0,24.2,59
2022-05-11,44.5,25.0,33.5,0.0,22.6,56
2022-05-12,44.6,26.2,34.7,0.0,27.2,47
2022-05-13,48.0,28.2,37.4,0.0,30.6,28
2022-05-14,46.4,28.8,36.6,0.0,30.0,30
2022-05-15,41.7,26.7,32.6,0.0,35.5,55
2022-05-16,42.9,26.5,33.7,0.0,35.0,43
2022-05-17,45.6,27.0,35.3,0.0,31.8,38
2022-05-18,45.1,26.7,34.7,0.0,26.7,48
2022-05-19,44.6,26.4,34.5,0.0,21.3,48
2022-05-20,40.6,25.8,32.0,0.0,33.4,63
2022-05-21,42.7,27.0,33.0,0.0,33.7,60
2022-05-22,43.4,27.2,33.5,0.0,31.3,57
2022-05-23,45.3,27.0,35.2,0.0,30.6,41
2022-05-24,44.4,26.3,33.4,0.0,31.9,54
2022-05-25,41.4,26.8,33.0,0.0,28.3,57
2022-05-26,39.0,26.9,31.6,0.0,34.8,64
2022-05-27,40.6,27.1,32.2,0.0,36.0,61
2022-05-28,41.6,26.9,32.7,0.0,33.7,59
2022-05-29,42.8,26.7,32.9,0.0,30.9,58
2022-05-30,41.5,26.9,32.8,0.0,29.6,56
2022-05-31,40.7,26.5,32.5,0.0,35.5,57
2022-06-01,43.7,26.1,33.4,0.0,30.0,52
2022-06-02,45.1,27.6,35.3,0.0,28.0,37
2022-06-03,44.6,26.8,34.7,0.0,29.9,39
2022-06-04,40.8,27.1,32.4,0.0,32.9,55
2022-06-05,38.7,25.9,31.4,0.0,33.2,63
2022-06-06,40.7,25.7,31.5,0.0,31.1,61
2022-06-07,40.2,26.0,31.2,0.0,36.2,59
2022-06-08,38.6,26.2,31.1,0.0,37.3,60
2022-06-09,38.4,26.6,31.1,0.0,37.5,63
2022-06-10,37.5,26.9,31.4,0.0,34.4,64
2022-06-11,37.6,27.4,31.6,0.0,33.3,63
2022-06-12,37.8,27.3,32.1,0.0,29.3,61
2022-06-13,38.9,28.1,32.7,0.0,26.4,60
2022-06-14,39.7,27.5,32.8,0.0,27.2,58
2022-06-15,39.5,28.1,32.4,0.0,34.4,61
2022-06-16,37.0,28.1,31.9,0.0,37.4,62
2022-06-17,38.0,28.2,32.2,0.0,36.2,62
2022-06-18,37.4,28.3,32.1,0.0,33.4,63
2022-06-19,38.6,28.0,32.5,0.0,30.3,61
2022-06-20,37.9,27.8,31.9,0.0,33.9,62
2022-06-21,40.9,27.6,32.7,0.0,34.8,59
2022-06-22,39.3,27.2,33.1,0.0,21.7,57
2022-06-23,41.8,28.7,35.0,0.0,18.4,44
2022-06-24,43.3,30.4,36.7,0.0,26.0,33
2022-06-25,44.1,28.9,35.5,0.0,25.8,43
2022-06-26,44.8,28.0,35.8,0.0,26.9,48
2022-06-27,43.3,29.0,35.5,0.0,24.7,50
2022-06-28,41.3,28.9,34.5,0.0,27.9,55
2022-06-29,38.6,29.4,33.1,0.0,35.2,61
2022-06-30,37.9,29.0,32.8,0.0,35.7,62
2022-07-01,39.7,29.4,33.6,0.2,31.5,61
2022-07-02,34.4,29.3,31.1,1.3,28.3,70
2022-07-03,37.9,28.8,32.4,0.1,20.9,67
2022-07-04,34.9,28.0,30.1,26.7,19.5,79
2022-07-05,35.3,27.6,30.7,10.3,18.1,79
2022-07-06,32.0,28.3,29.5,22.6,20.2,85
2022-07-07,34.3,27.4,29.5,9.6,19.5,82
2022-07-08,33.4,26.9,28.5,23.8,21.5,87
2022-07-09,31.5,26.2,28.4,4.6,25.3,84
2022-07-10,31.8,26.6,28.5,1.8,21.9,83
2022-07-11,32.3,26.7,28.9,3.4,23.7,81
2022-07-12,34.2,27.0,29.4,9.7,19.6,81
2022-07-13,34.3,27.4,30.5,0.5,17.6,77
2022-07-14,35.8,27.1,30.7,0.7,15.3,78
2022-07-15,34.3,26.9,29.0,17.9,27.0,84
2022-07-16,29.9,25.3,27.7,13.8,26.7,88
2022-07-17,33.6,26.2,28.8,20.2,22.0,85
2022-07-18,32.9,26.3,28.9,6.0,15.8,83
2022-07-19,33.8,26.6,29.7,0.0,24.7,78
2022-07-20,33.6,27.2,29.8,0.1,31.9,79
2022-07-21,32.8,27.4,29.6,0.0,34.7,78
2022-07-22,32.8,26.8,29.4,0.1,28.4,77
2022-07-23,33.7,26.8,29.5,3.8,21.3,78
2022-07-24,29.8,25.9,27.4,43.8,20.5,90
2022-07-25,29.6,25.6,27.3,36.8,28.7,89
2022-07-26,31.0,26.0,27.8,5.2,19.4,84
2022-07-27,31.1,26.1,27.9,12.6,21.8,84
2022-07-28,32.3,26.3,28.7,0.3,29.7,78
2022-07-29,32.0,26.2,28.6,0.1,30.2,78
2022-07-30,31.8,26.2,28.7,0.0,29.8,78
2022-07-31,31.8,26.4,28.8,0.2,31.8,79
2022-08-01,32.5,26.9,29.1,0.2,33.8,79
2022-08-02,33.6,26.8,29.6,0.0,24.5,78
2022-08-03,33.3,26.2,29.4,0.0,20.8,79
2022-08-04,35.2,26.2,30.4,0.0,16.5,76
2022-08-05,34.5,27.4,30.7,0.1,17.0,76
2022-08-06,33.1,27.0,28.9,17.0,17.3,83
2022-08-07,34.4,26.4,30.3,9.3,11.4,81
2022-08-08,34.7,27.9,30.7,4.9,11.5,80
2022-08-09,35.7,27.8,31.4,2.9,16.3,77
2022-08-10,35.0,27.7,29.7,27.4,18.8,83
2022-08-11,35.3,28.0,31.5,0.0,23.1,73
2022-08-12,30.5,26.3,28.4,36.1,22.1,86
2022-08-13,28.9,25.8,27.1,18.9,17.1,87
2022-08-14,30.6,25.0,27.3,6.3,21.2,85
2022-08-15,31.7,25.4,27.9,9.4,15.9,86
2022-08-16,30.8,25.7,27.6,36.5,18.6,88
2022-08-17,30.0,25.5,27.2,77.9,18.8,90
2022-08-18,27.8,26.1,26.9,77.2,28.5,91
2022-08-19,29.0,26.3,26.9,9.8,29.9,89
2022-08-20,30.2,25.8,27.5,0.4,27.5,85
2022-08-21,31.4,25.8,27.9,0.9,26.5,83
2022-08-22,32.1,25.7,28.3,0.0,23.2,80
2022-08-23,29.8,25.6,27.1,80.8,27.5,88
2022-08-24,27.6,25.3,26.1,35.1,27.2,88
2022-08-25,30.5,24.8,27.6,0.6,31.2,78
2022-08-26,30.9,24.7,27.4,1.1,22.8,79
2022-08-27,31.3,23.9,27.2,0.6,23.7,80
2022-08-28,32.4,25.0,27.8,0.0,25.5,77
2022-08-29,32.3,24.5,27.7,0.0,19.3,78
2022-08-30,31.9,24.5,28.0,0.0,15.1,77
2022-08-31,32.2,24.9,28.1,0.0,20.2,78
2022-09-01,32.5,25.2,28.4,0.0,24.1,80
2022-09-02,33.1,25.3,28.4,0.0,21.1,79
2022-09-03,33.0,25.0,28.1,0.0,28.8,78
2022-09-04,31.9,25.4,27.9,0.0,37.7,77
2022-09-05,32.7,25.1,28.1,0.0,33.2,75
2022-09-06,33.5,24.7,28.4,0.0,17.6,76
2022-09-07,33.3,24.7,28.6,0.0,14.6,74
2022-09-08,34.9,25.1,29.6,0.0,11.9,71
2022-09-09,36.8,26.7,31.3,0.0,16.3,64
2022-09-10,37.5,29.0,32.4,0.0,14.8,62
2022-09-11,36.8,27.7,31.8,0.0,14.4,66
2022-09-12,34.1,27.2,29.7,6.2,12.3,74
2022-09-13,36.2,27.6,31.6,0.0,11.9,72
2022-09-14,36.8,28.6,32.0,0.0,15.9,65
2022-09-15,37.9,26.8,31.5,0.0,22.5,59
2022-09-16,34.6,25.9,29.2,0.0,30.3,71
2022-09-17,33.7,25.5,28.8,0.0,28.6,72
2022-09-18,34.0,24.8,29.0,0.0,19.3,71
2022-09-19,35.2,24.6,29.0,0.0,22.6,68
2022-09-20,34.7,23.8,28.3,0.0,23.7,71
2022-09-21,35.6,24.3,28.9,0.0,22.5,69
2022-09-22,35.6,24.5,29.1,0.0,25.6,69
2022-09-23,35.2,25.1,29.0,0.0,27.9,69
2022-09-24,34.3,25.2,28.9,0.0,30.5,69
2022-09-25,33.9,25.2,28.8,0.0,31.3,68
2022-09-26,34.1,25.4,28.9,0.0,20.0,68
2022-09-27,34.7,23.9,28.6,0.0,20.7,66
2022-09-28,34.7,24.0,28.5,0.0,21.1,67
2022-09-29,34.6,24.3,28.8,0.0,22.7,65
2022-09-30,35.1,23.9,28.6,0.0,19.9,63
2022-10-01,34.2,24.1,28.3,0.0,26.0,67
2022-10-02,34.2,25.1,28.8,0.0,26.8,66
2022-10-03,33.9,24.5,28.7,0.0,18.3,66
2022-10-04,34.5,24.8,29.0,0.0,16.2,63
2022-10-05,36.1,25.0,29.9,0.0,12.7,56
2022-10-06,36.6,25.1,30.1,0.0,19.6,53
2022-10-07,36.7,25.2,30.3,0.0,16.2,46
2022-10-08,36.5,26.4,30.8,0.0,23.9,37
2022-10-09,35.4,25.0,29.7,0.0,13.5,45
2022-10-10,36.4,23.8,29.5,0.0,13.0,47
2022-10-11,36.9,22.2,29.9,0.0,14.1,33
2022-10-12,36.8,23.6,29.2,0.0,16.6,25
2022-10-13,36.5,22.2,28.8,0.0,15.8,29
2022-10-14,36.5,24.0,29.3,0.0,15.8,28
2022-10-15,36.6,23.1,29.0,0.0,12.6,25
2022-10-16,36.1,23.5,28.9,0.0,15.5,29
2022-10-17,35.8,21.9,28.2,0.0,13.6,31
2022-10-18,36.9,24.1,29.6,0.0,17.9,32
2022-10-19,35.7,22.6,28.3,0.0,15.6,56
2022-10-20,35.2,22.3,28.0,0.0,19.9,55
2022-10-21,35.4,21.5,27.9,0.0,15.1,57
2022-10-22,35.3,22.4,28.5,0.0,16.9,39
2022-10-23,35.7,21.2,28.2,0.0,13.2,36
2022-10-24,36.2,21.5,28.7,0.0,20.4,35
2022-10-25,36.8,22.9,28.5,0.0,23.1,63
2022-10-26,35.3,22.7,28.2,0.0,17.7,70
2022-10-27,34.2,22.9,28.0,0.0,18.5,67
2022-10-28,34.4,22.0,27.7,0.0,14.8,55
2022-10-29,35.3,23.4,28.4,0.0,15.5,38
2022-10-30,35.5,23.5,28.6,0.0,14.8,34
2022-10-31,35.8,22.9,28.8,0.0,16.8,33
2022-11-01,35.9,22.3,28.4,0.0,19.7,55
2022-11-02,36.2,22.1,28.4,0.0,20.1,59
2022-11-03,38.1,22.6,29.0,0.0,21.4,47
2022-11-04,38.0,22.1,28.9,0.0,18.8,41
2022-11-05,36.9,22.8,29.2,0.0,19.7,30
2022-11-06,34.9,23.2,28.3,0.0,22.3,34
2022-11-07,30.0,20.7,25.0,0.0,17.6,58
2022-11-08,30.2,21.0,25.2,0.0,18.4,53
2022-11-09,31.1,20.5,25.5,0.0,12.1,50
2022-11-10,32.6,20.1,25.9,0.0,9.6,54
2022-11-11,32.3,20.5,25.5,0.0,13.7,53
2022-11-12,32.4,18.4,25.1,0.0,8.6,52
2022-11-13,33.0,18.6,25.8,0.0,15.5,52
2022-11-14,32.2,22.4,26.6,0.0,15.8,67
2022-11-15,28.9,20.5,24.0,0.0,20.5,52
2022-11-16,30.1,18.3,23.9,0.0,9.7,53
2022-11-17,30.8,19.3,24.2,0.0,10.1,59
2022-11-18,31.6,17.6,24.3,0.0,12.8,60
2022-11-19,30.8,20.2,24.7,0.0,12.2,70
2022-11-20,30.3,20.2,24.5,0.0,16.9,51
2022-11-21,30.5,19.1,24.0,0.0,15.1,48
2022-11-22,30.4,18.2,23.8,0.0,10.4,49
2022-11-23,30.1,16.8,22.6,0.0,11.9,43
2022-11-24,30.4,14.0,21.8,0.0,11.8,45
2022-11-25,30.2,16.0,22.7,0.0,10.2,52
2022-11-26,29.6,16.9,22.5,0.0,10.8,43
2022-11-27,29.4,14.5,21.5,0.0,10.9,53
2022-11-28,29.5,15.4,21.7,0.0,10.8,50
2022-11-29,29.5,15.6,21.7,0.0,17.7,46
2022-11-30,29.7,15.0,21.5,0.0,13.7,46
2022-12-01,29.1,14.4,20.9,0.0,13.0,46
2022-12-02,28.8,13.7,20.9,0.0,14.2,49
2022-12-03,28.6,15.4,21.8,0.0,11.9,60
2022-12-04,28.3,16.2,21.0,0.0,17.0,48
2022-12-05,28.3,14.1,20.5,0.0,9.4,54
2022-12-06,28.0,14.7,20.5,0.0,13.1,51
2022-12-07,28.8,13.7,20.4,0.0,11.6,50
2022-12-08,29.7,12.9,21.0,0.0,10.7,44
2022-12-09,29.0,13.0,20.8,0.0,11.7,56
2022-12-10,28.3,16.6,21.6,0.0,18.0,50
2022-12-11,26.5,15.7,20.7,0.0,24.5,53
2022-12-12,27.4,16.0,20.9,0.0,21.3,48
2022-12-13,28.1,15.3,20.9,0.0,23.8,46
2022-12-14,27.6,14.7,20.1,0.0,19.9,46
2022-12-15,27.6,12.4,19.1,0.0,10.8,51
2022-12-16,28.1,11.9,19.3,0.0,10.5,49
2022-12-17,28.5,11.4,19.0,0.0,9.6,52
2022-12-18,28.5,14.7,20.6,0.0,11.9,49
2022-12-19,27.8,13.2,19.3,0.0,11.7,53
2022-12-20,26.7,13.8,19.5,0.0,11.5,50
2022-12-21,26.6,13.7,19.1,0.0,16.2,43
2022-12-22,25.3,12.8,18.0,0.0,13.7,45
2022-12-23,25.7,10.8,17.4,0.0,9.5,47
2022-12-24,24.9,11.2,17.1,0.0,11.4,43
2022-12-25,23.5,11.3,17.1,0.0,11.1,45
2022-12-26,24.3,11.4,17.0,0.0,13.2,47
2022-12-27,24.5,11.7,17.3,0.0,15.1,47
2022-12-28,26.5,11.9,19.0,0.0,8.9,49
2022-12-29,29.4,17.9,22.6,0.0,22.1,64
2022-12-30,25.0,15.5,19.8,0.0,20.5,51
2022-12-31,23.9,11.2,16.7,0.0,11.0,55
2023-01-01,25.7,9.9,17.4,0.0,11.1,55
2023-01-02,24.5,10.6,17.7,0.0,18.1,48
2023-01-03,24.2,12.0,17.4,0.0,23.1,42
2023-01-04,23.4,10.3,16.1,0.0,19.7,41
2023-01-05,21.9,9.2,15.2,0.0,23.6,35
2023-01-06,22.6,10.1,15.7,0.0,21.0,35
2023-01-07,24.1,11.0,16.6,0.0,19.1,35
2023-01-08,24.5,11.4,16.8,0.0,16.2,39
2023-01-09,25.5,11.5,17.4,0.0,11.5,43
2023-01-10,25.7,11.9,17.8,0.0,11.9,50
2023-01-11,28.1,13.3,20.4,0.0,30.7,67
2023-01-12,23.2,12.7,17.3,0.0,15.1,48
2023-01-13,21.6,10.2,15.1,0.0,17.7,31
2023-01-14,20.5,7.4,13.4,0.0,15.3,34
2023-01-15,20.8,6.2,13.6,0.0,9.5,42
2023-01-16,22.6,7.8,14.4,0.0,10.0,48
2023-01-17,23.2,8.9,15.0,0.0,13.1,37
2023-01-18,24.9,7.9,16.0,0.0,11.3,39
2023-01-19,21.7,11.6,16.0,0.0,26.3,46
2023-01-20,21.8,10.8,15.5,0.0,23.8,61
2023-01-21,21.8,10.2,15.2,0.0,16.7,55
2023-01-22,21.5,10.0,15.1,0.0,15.5,46
2023-01-23,21.1,9.6,14.7,0.0,19.9,37
2023-01-24,21.2,9.2,14.4,0.0,14.4,40
2023-01-25,21.1,7.8,13.7,0.0,13.0,39
2023-01-26,21.3,8.2,14.0,0.0,21.6,34
2023-01-27,22.5,8.3,15.1,0.0,23.2,32
2023-01-28,23.5,9.3,15.9,0.0,21.3,30
2023-01-29,24.3,10.0,17.0,0.0,13.4,34
2023-01-30,25.2,12.4,17.9,0.0,15.1,40
2023-01-31,25.2,11.0,17.5,0.0,17.6,41
2023-02-01,25.6,11.4,17.7,0.0,15.3,47
2023-02-02,26.7,10.8,18.0,0.0,12.1,47
2023-02-03,27.9,10.9,19.0,0.0,10.6,42
2023-02-04,29.0,12.7,20.7,0.0,12.1,40
2023-02-05,30.3,13.5,21.7,0.0,26.2,57
2023-02-06,30.3,16.5,22.4,0.0,20.5,56
2023-02-07,30.2,13.3,21.4,0.0,11.3,43
2023-02-08,32.0,16.9,23.7,0.0,21.7,36
2023-02-09,32.9,18.4,24.2,0.0,29.0,49
2023-02-10,31.2,19.1,23.8,0.0,29.7,64
2023-02-11,30.2,18.2,22.9,0.0,22.9,40
2023-02-12,29.0,14.8,21.2,0.0,16.4,28
2023-02-13,28.6,12.6,20.7,0.0,14.6,26
2023-02-14,31.8,14.4,22.8,0.0,13.6,35
2023-02-15,33.3,14.6,23.5,0.0,12.7,47
2023-02-16,36.7,15.5,25.5,0.0,18.7,42
2023-02-17,35.1,16.7,24.9,0.0,16.6,41
2023-02-18,34.9,16.0,24.7,0.0,12.8,47
2023-02-19,36.6,16.7,26.2,0.0,21.9,31
2023-02-20,38.0,19.6,27.4,0.0,23.7,39
2023-02-21,33.9,18.4,25.8,0.0,18.9,41
2023-02-22,32.4,18.7,24.6,0.0,22.6,53
2023-02-23,33.1,17.7,24.8,0.0,18.6,54
2023-02-24,32.6,17.5,25.0,0.0,18.9,57
2023-02-25,33.6,17.3,25.2,0.0,16.0,47
2023-02-26,35.9,18.5,27.1,0.0,16.0,38
2023-02-27,36.3,20.9,28.3,0.0,22.1,35
2023-02-28,35.3,19.8,27.7,0.0,20.1,25
2023-03-01,31.5,17.1,25.1,0.0,21.1,45
2023-03-02,33.7,19.9,26.3,0.0,19.7,45
2023-03-03,33.4,20.0,26.3,0.0,20.3,42
2023-03-04,34.1,20.5,26.5,0.0,19.4,39
2023-03-05,34.8,20.1,27.1,0.0,14.9,33
2023-03-06,35.0,20.3,27.3,0.0,12.7,28
2023-03-07,35.3,19.8,27.6,0.0,13.0,28
2023-03-08,35.6,19.4,27.3,0.0,13.6,31
2023-03-09,36.1,19.6,28.0,0.0,13.0,26
2023-03-10,36.2,18.6,28.6,0.0,21.3,25
2023-03-11,36.3,19.8,28.6,0.0,19.7,19
2023-03-12,35.5,22.8,29.1,0.0,16.8,18
2023-03-13,36.7,22.6,28.9,0.0,14.7,24
2023-03-14,36.3,20.4,28.9,0.0,17.3,27
2023-03-15,33.5,23.5,27.9,0.0,20.8,38
2023-03-16,35.2,21.7,27.4,0.0,27.8,56
2023-03-17,33.9,22.0,26.8,0.1,15.8,54
2023-03-18,32.3,21.1,26.2,0.0,16.0,46
2023-03-19,29.8,20.4,24.9,2.3,20.3,51
2023-03-20,32.1,19.3,25.0,0.2,15.5,54
2023-03-21,32.9,20.8,26.3,0.0,23.2,50
2023-03-22,32.2,20.8,25.9,0.2,24.4,57
2023-03-23,31.9,20.6,25.4,0.9,26.4,63
2023-03-24,31.9,20.4,25.6,0.0,25.2,45
2023-03-25,32.4,19.0,25.6,0.0,17.8,44
2023-03-26,33.2,20.6,26.3,0.0,16.6,39
2023-03-27,34.7,20.6,27.8,0.0,22.7,30
2023-03-28,35.3,22.4,28.3,0.0,26.3,34
2023-03-29,33.8,22.3,27.2,0.0,28.3,57
2023-03-30,31.9,21.9,26.5,0.0,22.5,53
2023-03-31,34.2,21.8,27.5,0.0,20.1,53
2023-04-01,35.6,22.3,28.1,0.0,28.4,46
2023-04-02,34.8,21.0,27.1,0.0,26.3,60
2023-04-03,35.7,22.8,27.9,0.0,30.9,58
2023-04-04,35.3,21.0,27.6,0.0,23.8,54
2023-04-05,35.8,21.5,28.5,0.0,30.6,34
2023-04-06,36.3,20.8,28.6,0.0,19.3,36
2023-04-07,37.6,23.5,30.0,0.0,18.4,28
2023-04-08,38.8,24.3,31.2,0.0,26.1,22
2023-04-09,39.5,24.2,31.2,0.0,24.6,26
2023-04-10,37.1,23.6,29.7,0.0,24.2,34
2023-04-11,36.3,22.2,29.3,0.0,18.9,43
2023-04-12,38.7,23.8,31.5,0.0,25.0,32
2023-04-13,40.4,26.2,33.0,0.0,31.6,28
2023-04-14,40.4,25.4,32.3,0.0,36.3,37
2023-04-15,41.4,25.4,32.3,0.0,26.9,43
2023-04-16,38.9,24.3,30.8,0.2,23.9,57
2023-04-17,38.7,24.8,31.3,0.0,29.4,38
2023-04-18,39.3,26.2,31.9,0.0,26.0,37
2023-04-19,37.0,24.9,30.5,0.0,25.2,37
2023-04-20,38.5,23.6,31.1,0.0,25.3,33
2023-04-21,39.7,24.3,31.5,0.0,27.8,37
2023-04-22,40.4,24.1,31.4,0.0,30.1,40
2023-04-23,39.9,24.0,31.8,0.0,22.3,30
2023-04-24,40.2,22.7,32.0,0.0,17.7,27
2023-04-25,41.1,25.1,32.5,0.0,25.7,27
2023-04-26,38.2,27.7,32.2,0.0,26.3,25
2023-04-27,35.3,24.2,29.3,0.0,27.0,50
2023-04-28,34.4,24.0,28.0,0.2,24.0,59
2023-04-29,32.9,21.1,26.2,5.9,23.5,63
2023-04-30,32.6,20.9,26.5,0.4,19.1,60
2023-05-01,35.0,23.2,29.3,0.0,17.8,51
2023-05-02,37.6,25.3,31.0,0.0,17.4,46
2023-05-03,38.6,25.1,32.2,0.8,22.0,45
2023-05-04,39.2,25.9,32.7,0.0,20.9,41
2023-05-05,39.1,25.1,32.4,0.0,20.4,40
2023-05-06,40.5,26.2,33.1,0.0,26.0,42
2023-05-07,42.9,26.2,33.5,0.0,25.7,41
2023-05-08,42.9,25.8,33.5,0.0,29.7,40
2023-05-09,43.1,26.0,33.9,0.0,26.6,37
2023-05-10,43.1,26.0,34.7,0.0,19.8,31
2023-05-11,44.2,26.6,35.2,0.0,26.9,30
2023-05-12,44.8,27.6,35.4,0.0,26.0,30
2023-05-13,44.0,27.7,34.9,0.0,31.7,33
2023-05-14,42.2,28.1,33.8,0.0,31.9,48
2023-05-15,40.6,26.8,32.2,0.0,29.0,63
2023-05-16,40.3,26.9,32.2,0.0,35.5,63
2023-05-17,38.2,27.0,31.7,0.0,34.0,61
2023-05-18,40.2,27.2,32.8,0.0,26.1,59
2023-05-19,40.9,27.4,33.7,0.0,21.8,55
2023-05-20,41.8,26.5,32.3,0.0,30.0,57
2023-05-21,39.2,26.7,31.7,0.0,33.1,64
2023-05-22,38.9,27.0,32.0,0.0,33.6,65
2023-05-23,39.3,27.5,32.9,0.0,32.4,63
2023-05-24,40.8,27.2,33.0,0.7,31.1,60
2023-05-25,42.0,29.0,33.7,0.0,36.0,56
2023-05-26,42.2,28.0,33.6,0.0,35.9,57
2023-05-27,42.6,27.6,33.4,0.6,31.0,57
2023-05-28,41.6,28.2,33.7,0.0,29.5,53
2023-05-29,37.9,28.0,32.3,2.1,18.7,59
2023-05-30,37.3,27.5,31.9,0.1,23.3,58
2023-05-31,37.5,26.1,31.4,0.0,33.2,58
2023-06-01,38.8,27.3,32.3,0.0,30.7,60
2023-06-02,40.9,28.1,33.4,0.0,30.6,61
2023-06-03,42.7,28.1,34.0,0.0,30.8,55
2023-06-04,42.5,27.4,33.6,0.0,25.7,58
2023-06-05,41.4,27.0,33.1,0.0,26.8,60
2023-06-06,43.2,27.3,33.5,0.0,28.0,62
2023-06-07,40.9,27.4,33.8,0.1,24.7,63
2023-06-08,39.7,28.4,33.0,0.0,29.3,62
2023-06-09,38.1,27.9,32.2,0.0,32.6,64
2023-06-10,40.1,27.9,32.9,0.0,28.6,57
2023-06-11,40.7,27.8,33.9,0.0,23.8,54
2023-06-12,41.8,29.5,35.4,0.0,22.9,43
2023-06-13,38.1,30.2,32.8,0.5,26.5,57
2023-06-14,38.7,28.8,32.1,0.6,27.7,58
2023-06-15,36.3,27.7,30.7,6.1,29.9,65
2023-06-16,32.2,25.7,28.8,16.4,31.7,79
2023-06-17,38.3,27.7,32.0,0.0,27.0,72
2023-06-18,36.3,27.9,31.1,0.0,30.8,71
2023-06-19,36.5,27.2,30.8,0.0,32.4,70
2023-06-20,37.2,27.2,31.2,0.0,33.0,67
2023-06-21,38.1,27.8,32.1,0.0,31.8,66
2023-06-22,37.7,28.1,32.2,0.0,31.6,64
2023-06-23,37.8,28.2,32.4,0.0,30.0,63
2023-06-24,38.3,28.5,32.8,0.0,28.8,62
2023-06-25,39.0,28.9,33.2,0.0,27.8,61
2023-06-26,39.9,29.1,33.4,0.0,27.8,59
2023-06-27,40.1,29.3,34.0,0.1,23.3,59
2023-06-28,39.2,29.3,33.3,0.0,28.7,62
2023-06-29,41.0,29.2,34.0,0.0,31.8,59
2023-06-30,39.4,29.5,33.5,0.0,30.9,60
2023-07-01,39.4,29.0,33.4,0.0,28.0,61
2023-07-02,39.5,29.1,33.8,0.0,26.0,59
2023-07-03,40.4,29.2,33.8,0.0,25.3,61
2023-07-04,39.9,28.6,32.9,0.0,30.4,61
2023-07-05,38.7,28.7,33.0,0.0,30.6,61
2023-07-06,39.8,28.7,34.0,0.0,25.0,56
2023-07-07,40.6,29.9,33.8,0.0,20.5,60
2023-07-08,35.1,28.4,31.0,5.3,17.8,74
2023-07-09,38.8,29.3,32.7,2.0,22.0,68
2023-07-10,38.6,28.4,32.3,0.0,26.9,64
2023-07-11,38.7,28.3,32.2,0.0,29.8,62
2023-07-12,38.1,28.1,32.0,0.0,28.6,61
2023-07-13,38.1,28.2,32.1,0.0,29.7,64
2023-07-14,38.2,28.4,32.5,0.0,31.4,61
2023-07-15,38.5,28.6,32.3,0.0,32.0,60
2023-07-16,38.3,28.6,32.3,0.0,30.6,61
2023-07-17,40.1,28.4,33.1,0.0,32.7,61
2023-07-18,39.8,28.9,33.3,0.0,26.1,60
2023-07-19,40.3,29.0,33.1,0.0,26.5,61
2023-07-20,36.8,29.4,32.8,0.0,22.1,61
2023-07-21,38.2,30.0,33.4,0.4,17.7,64
2023-07-22,36.6,29.6,32.1,2.1,19.2,71
2023-07-23,35.0,27.4,29.9,32.1,21.5,84
2023-07-24,30.9,26.7,28.2,64.8,16.6,90
2023-07-25,32.3,25.7,28.5,20.3,14.1,85
2023-07-26,33.9,26.9,29.8,0.1,20.5,78
2023-07-27,35.2,27.2,30.1,0.0,24.0,75
2023-07-28,33.8,27.2,29.8,0.1,30.8,76
2023-07-29,32.6,27.0,29.4,0.0,34.0,76
2023-07-30,33.2,26.8,29.5,0.0,27.7,77
2023-07-31,34.1,26.8,29.9,0.0,29.1,76
2023-08-01,35.5,26.8,30.0,0.0,31.9,76
2023-08-02,34.2,26.9,29.9,0.0,35.8,74
2023-08-03,34.8,26.8,30.0,0.0,32.4,72
2023-08-04,35.8,26.3,30.2,0.0,27.7,72
2023-08-05,35.6,26.3,30.0,0.0,29.9,71
2023-08-06,35.1,26.4,29.8,0.0,39.8,70
2023-08-07,34.5,26.7,29.6,0.0,42.7,70
2023-08-08,35.1,26.7,29.9,0.0,35.5,69
2023-08-09,35.7,26.4,29.9,0.0,35.1,69
2023-08-10,35.6,26.0,29.9,0.0,36.4,69
2023-08-11,36.1,26.1,30.0,0.0,33.0,69
2023-08-12,35.3,26.2,29.7,0.0,37.1,69
2023-08-13,35.7,25.9,29.8,0.0,34.6,69
2023-08-14,36.8,25.9,29.9,0.0,32.2,71
2023-08-15,37.1,26.0,30.5,0.0,25.8,70
2023-08-16,37.5,27.0,30.7,0.0,26.6,68
2023-08-17,35.8,25.5,29.4,0.0,31.4,65
2023-08-18,37.2,25.1,29.8,0.0,31.2,63
2023-08-19,38.1,24.8,30.3,0.0,26.5,63
2023-08-20,37.9,25.3,30.1,0.1,25.6,66
2023-08-21,37.3,26.6,30.6,0.0,26.0,66
2023-08-22,35.4,26.1,29.5,0.0,32.6,67
2023-08-23,33.7,25.4,28.6,0.0,37.7,69
2023-08-24,34.7,25.6,29.0,0.0,37.0,70
2023-08-25,34.6,25.1,28.9,0.0,33.3,68
2023-08-26,34.9,25.5,29.2,0.0,31.7,68
2023-08-27,34.8,25.4,29.1,0.0,32.7,67
2023-08-28,35.4,25.1,29.1,0.0,38.1,68
2023-08-29,36.2,25.5,29.7,0.0,35.6,67
2023-08-30,36.8,25.5,29.9,0.0,26.5,67
2023-08-31,35.8,25.4,29.6,0.0,24.1,66
2023-09-01,35.5,24.8,29.3,0.0,22.9,64
2023-09-02,35.3,24.7,28.9,0.0,28.3,65
2023-09-03,35.2,24.8,29.1,0.0,29.8,64
2023-09-04,36.7,25.4,29.8,0.0,31.2,64
2023-09-05,36.5,25.4,30.0,0.0,24.0,65
2023-09-06,38.5,25.4,31.1,0.0,20.6,61
2023-09-07,41.1,26.2,32.7,0.0,21.7,57
2023-09-08,42.1,27.1,33.4,0.0,22.9,53
2023-09-09,41.6,26.7,32.8,0.0,26.8,55
2023-09-10,40.6,26.1,31.5,0.0,28.2,61
2023-09-11,37.3,26.1,30.4,0.0,33.7,64
2023-09-12,36.5,25.5,30.0,0.0,32.1,66
2023-09-13,36.4,25.8,30.2,0.0,31.2,66
2023-09-14,37.5,26.1,30.7,0.0,23.6,64
2023-09-15,37.0,26.5,31.1,0.0,22.0,61
2023-09-16,38.4,27.2,31.8,0.0,24.1,61
2023-09-17,39.6,27.4,32.8,0.0,20.5,58
2023-09-18,39.4,28.3,32.7,1.1,26.0,61
2023-09-19,38.3,29.0,32.6,0.3,25.4,61
2023-09-20,36.6,29.3,31.6,3.2,29.3,66
2023-09-21,34.7,27.3,30.5,0.5,21.5,68
2023-09-22,36.5,25.8,30.6,0.0,18.2,69
2023-09-23,38.1,27.3,31.9,0.0,30.2,66
2023-09-24,37.4,26.7,31.0,0.0,24.4,62
2023-09-25,37.2,24.4,30.0,0.0,21.0,62
2023-09-26,37.1,24.2,30.6,0.0,15.3,56
2023-09-27,39.3,27.1,32.9,0.0,14.1,43
2023-09-28,40.9,28.5,34.0,0.0,23.7,35
2023-09-29,41.8,29.0,34.3,0.0,22.0,29
2023-09-30,39.0,26.3,32.1,0.0,17.1,37
2023-10-01,38.5,24.7,30.8,0.0,12.6,30
2023-10-02,40.2,27.1,32.6,0.0,21.3,24
2023-10-03,38.1,23.7,30.1,0.0,21.4,64
2023-10-04,37.9,24.6,30.0,0.0,22.7,69
2023-10-05,36.3,24.8,29.6,0.0,24.1,71
2023-10-06,36.1,25.4,29.7,0.0,28.4,69
2023-10-07,36.5,26.1,30.1,0.0,30.1,67
2023-10-08,37.4,26.0,30.6,0.0,29.5,68
2023-10-09,38.7,26.2,30.9,0.0,29.9,67
2023-10-10,39.8,25.4,31.2,0.0,26.0,63
2023-10-11,38.0,25.0,30.7,0.0,22.1,62
2023-10-12,36.9,25.3,30.2,0.0,20.9,63
2023-10-13,37.1,24.6,29.8,0.0,24.1,61
2023-10-14,36.6,24.1,29.1,0.0,26.3,65
2023-10-15,36.1,25.1,29.9,0.0,29.6,64
2023-10-16,34.5,25.7,29.4,0.5,26.8,67
2023-10-17,36.7,24.4,29.5,0.0,24.6,61
2023-10-18,34.5,24.7,28.8,0.0,17.5,57
2023-10-19,36.5,24.5,30.2,0.0,18.7,50
2023-10-20,36.3,24.0,30.0,0.0,16.3,57
2023-10-21,37.8,24.9,30.9,0.0,16.8,46
2023-10-22,37.9,24.8,31.0,0.0,21.2,37
2023-10-23,37.4,24.2,30.6,0.0,12.6,44
2023-10-24,37.3,24.1,30.2,0.0,16.2,41
2023-10-25,37.6,23.7,30.2,0.0,10.6,46
2023-10-26,38.1,25.2,31.0,0.0,25.4,38
2023-10-27,37.0,24.1,30.2,0.0,20.8,51
2023-10-28,36.7,25.7,30.2,0.0,20.7,48
2023-10-29,36.0,22.9,29.0,0.0,9.4,41
2023-10-30,36.8,22.8,29.7,0.0,12.5,36
2023-10-31,36.5,22.6,29.1,0.0,18.4,33
2023-11-01,36.3,23.2,29.3,0.0,14.9,33
2023-11-02,36.3,23.4,28.8,0.0,12.1,34
2023-11-03,36.8,23.2,29.6,0.0,12.2,29
2023-11-04,35.9,23.1,28.9,0.0,12.0,45
2023-11-05,35.6,23.2,29.1,0.0,11.4,42
2023-11-06,36.7,21.8,28.8,0.0,10.0,36
2023-11-07,34.4,22.0,27.7,0.0,20.4,42
2023-11-08,33.2,22.3,27.6,0.0,10.1,45
2023-11-09,34.0,21.7,27.6,0.0,10.5,47
2023-11-10,34.5,22.7,27.8,0.0,13.0,39
2023-11-11,32.1,18.5,24.9,0.0,14.3,35
2023-11-12,32.3,16.2,23.9,0.0,9.6,47
2023-11-13,31.1,16.8,23.7,0.0,9.6,47
2023-11-14,31.1,18.6,23.9,0.0,17.9,45
2023-11-15,30.6,17.6,23.5,0.0,15.9,43
2023-11-16,30.5,16.8,23.2,0.0,15.5,43
2023-11-17,29.3,16.4,22.6,0.0,18.2,39
2023-11-18,29.1,16.6,22.4,0.0,14.4,41
2023-11-19,30.1,16.4,22.8,0.0,15.5,42
2023-11-20,30.5,17.2,23.2,0.0,17.9,42
2023-11-21,30.6,17.1,23.2,0.0,16.0,43
2023-11-22,30.6,15.2,22.9,0.0,14.1,45
2023-11-23,32.2,18.1,24.9,0.0,16.7,51
2023-11-24,31.9,17.4,24.5,0.0,17.7,49
2023-11-25,30.5,18.6,24.5,0.0,21.0,44
2023-11-26,25.7,18.9,21.6,0.5,25.6,54
2023-11-27,26.1,16.4,20.6,0.0,21.4,64
2023-11-28,26.7,16.4,20.7,0.0,19.7,58
2023-11-29,27.4,15.7,20.6,0.0,17.3,57
2023-11-30,28.4,15.3,21.0,0.0,11.5,60
2023-12-01,28.8,16.3,21.8,0.0,21.2,56
2023-12-02,27.6,15.8,21.3,0.0,20.7,56
2023-12-03,27.4,15.9,20.9,0.0,21.1,57
2023-12-04,27.8,15.1,20.5,0.0,18.7,57
2023-12-05,27.3,14.1,20.2,0.0,15.0,55
2023-12-06,26.6,13.8,19.6,0.0,18.7,50
2023-12-07,26.5,14.4,19.4,0.0,15.8,52
2023-12-08,26.7,12.3,18.9,0.0,9.8,56
2023-12-09,27.7,13.0,19.3,0.0,8.9,66
2023-12-10,27.1,13.3,19.4,0.0,8.6,58
2023-12-11,28.9,13.4,20.3,0.0,13.8,63
2023-12-12,27.1,13.4,19.5,0.0,9.1,68
2023-12-13,26.6,14.4,19.2,0.0,13.3,61
2023-12-14,26.4,14.0,19.0,0.0,14.6,62
2023-12-15,26.1,13.8,19.0,0.0,13.7,61
2023-12-16,26.3,13.1,18.8,0.0,10.5,63
2023-12-17,25.9,13.8,19.0,0.0,14.2,64
2023-12-18,25.4,12.5,18.2,0.0,21.0,50
2023-12-19,24.8,12.8,17.8,0.0,14.4,48
2023-12-20,24.3,11.8,17.2,0.0,15.4,49
2023-12-21,25.3,11.6,18.4,0.0,13.2,45
2023-12-22,26.4,16.2,20.2,0.0,18.9,41
2023-12-23,25.9,14.2,19.4,0.0,21.3,47
2023-12-24,25.9,13.9,19.2,0.0,20.5,52
2023-12-25,25.9,13.7,18.7,0.0,16.7,57
2023-12-26,26.8,11.9,18.6,0.0,11.4,57
2023-12-27,26.7,13.6,19.2,0.0,20.1,54
2023-12-28,26.3,13.8,19.1,0.0,18.0,56
2023-12-29,26.8,13.3,19.0,0.0,15.5,50
2023-12-30,25.3,13.2,18.5,0.0,18.8,53
2023-12-31,24.4,11.5,17.4,0.0,19.6,53
2024-01-01,24.4,11.3,17.1,0.0,17.8,54
2024-01-02,24.3,10.6,16.6,0.0,14.1,55
2024-01-03,23.8,11.3,17.0,0.0,15.7,52
2024-01-04,22.4,10.9,16.2,0.0,17.3,56
2024-01-05,22.7,10.4,16.2,0.0,16.1,57
2024-01-06,23.0,11.8,16.7,0.0,19.9,58
2024-01-07,22.8,11.1,16.1,0.0,18.6,61
2024-01-08,23.7,10.2,16.2,0.0,14.0,56
2024-01-09,22.1,10.5,15.5,0.0,23.1,67
2024-01-10,23.1,10.0,15.3,0.0,16.3,63
2024-01-11,24.6,7.9,15.4,0.0,11.4,56
2024-01-12,25.3,9.6,16.1,0.0,12.1,47
2024-01-13,26.6,8.4,17.0,0.0,12.0,54
2024-01-14,25.2,12.5,17.9,0.0,15.2,57
2024-01-15,25.1,10.7,18.1,0.0,14.4,64
2024-01-16,25.3,14.9,19.6,0.0,13.0,72
2024-01-17,24.5,13.0,18.2,0.0,17.2,58
2024-01-18,24.4,11.7,17.4,0.0,16.3,55
2024-01-19,25.3,11.7,17.7,0.0,11.6,47
2024-01-20,26.0,11.7,18.5,0.0,8.8,54
2024-01-21,26.2,13.2,19.0,0.0,12.6,49
2024-01-22,27.2,11.5,19.5,0.0,15.2,56
2024-01-23,26.0,13.8,19.0,0.0,15.7,58
2024-01-24,25.2,9.8,16.5,0.0,9.8,61
2024-01-25,25.1,9.1,17.2,0.0,10.8,53
2024-01-26,23.9,11.6,17.3,0.0,18.7,61
2024-01-27,24.6,12.4,17.7,0.0,17.0,59
2024-01-28,26.3,10.9,18.7,0.0,15.8,63
2024-01-29,27.3,16.7,21.2,0.0,13.1,67
2024-01-30,27.1,16.0,21.4,0.0,16.3,61
2024-01-31,29.0,18.6,23.2,0.0,15.3,65
2024-02-01,29.7,15.8,22.8,0.0,15.3,53
2024-02-02,29.1,17.4,21.8,0.0,18.1,47
2024-02-03,27.8,15.5,20.3,0.8,17.8,59
2024-02-04,24.5,16.6,20.5,2.0,20.5,77
2024-02-05,25.7,14.4,19.6,0.0,7.4,70
2024-02-06,25.1,14.5,19.5,0.0,14.5,68
2024-02-07,24.8,16.2,19.7,0.0,23.7,61
2024-02-08,25.1,14.4,18.6,0.0,15.9,53
2024-02-09,27.6,10.7,19.3,0.0,11.9,48
2024-02-10,28.0,12.4,19.7,0.0,14.7,45
2024-02-11,27.0,13.3,19.4,0.0,14.4,43
2024-02-12,26.3,14.2,19.2,0.0,14.2,43
2024-02-13,25.3,12.9,17.7,0.0,13.9,54
2024-02-14,27.1,12.4,18.7,0.0,14.4,57
2024-02-15,27.5,12.5,18.9,0.0,13.0,55
2024-02-16,29.0,12.2,19.4,0.0,13.2,51
2024-02-17,30.9,12.2,21.3,0.0,15.9,42
2024-02-18,30.4,17.6,23.3,0.0,34.3,55
2024-02-19,31.7,21.3,25.3,0.0,32.1,62
2024-02-20,30.9,18.8,23.8,0.0,23.4,63
2024-02-21,30.0,18.5,23.4,0.0,16.0,57
2024-02-22,27.1,15.9,21.2,0.0,19.5,37
2024-02-23,28.3,11.9,19.6,0.0,11.7,41
2024-02-24,28.5,11.9,19.8,0.0,10.7,37
2024-02-25,28.6,11.6,20.3,0.2,15.3,36
2024-02-26,28.2,15.7,21.1,0.7,26.1,42
2024-02-27,26.1,14.4,19.5,0.0,26.7,58
2024-02-28,27.9,14.7,20.7,0.0,18.4,51
2024-02-29,31.5,15.6,22.7,0.0,13.1,50
2024-03-01,26.2,17.1,21.6,0.0,20.2,62
2024-03-02,23.6,16.0,20.1,0.0,24.1,47
2024-03-03,23.1,9.7,16.8,0.0,17.5,34
2024-03-04,25.0,9.6,17.3,0.0,14.4,42
2024-03-05,25.4,11.8,18.2,0.0,17.7,37
2024-03-06,27.0,13.1,20.0,0.0,16.2,37
2024-03-07,28.0,15.4,21.4,0.0,15.1,43
2024-03-08,29.5,15.2,21.6,0.0,13.2,38
2024-03-09,29.6,15.6,22.1,0.0,13.8,38
2024-03-10,26.7,16.4,21.0,1.3,13.7,48
2024-03-11,32.0,18.7,25.0,0.0,18.0,44
2024-03-12,32.9,18.4,25.5,0.0,24.3,50
2024-03-13,32.7,20.0,25.7,0.0,25.3,44
2024-03-14,31.3,16.7,23.4,0.0,18.9,31
2024-03-15,31.8,18.0,24.4,0.0,20.2,33
2024-03-16,34.5,17.6,25.6,0.0,12.7,35
2024-03-17,35.0,19.0,26.6,0.0,15.3,27
2024-03-18,35.6,19.2,27.4,0.0,14.5,26
2024-03-19,39.0,23.3,30.6,0.0,17.7,18
2024-03-20,38.1,21.7,29.4,0.0,13.7,25
2024-03-21,38.1,26.1,31.3,0.0,25.0,19
2024-03-22,38.4,23.2,30.0,0.0,22.1,37
2024-03-23,38.4,22.9,30.2,0.0,25.2,46
2024-03-24,40.0,24.1,31.3,0.0,21.1,43
2024-03-25,39.9,24.1,32.0,0.0,15.2,34
2024-03-26,40.8,27.1,33.3,0.0,22.8,28
2024-03-27,39.1,24.3,30.9,0.0,25.3,46
2024-03-28,36.7,23.3,30.2,0.0,17.6,40
2024-03-29,35.5,24.1,29.1,0.0,24.6,37
2024-03-30,35.2,21.0,27.6,0.0,24.3,51
2024-03-31,36.3,23.5,29.0,0.0,23.0,28
2024-04-01,36.1,21.8,29.0,0.0,18.5,20
2024-04-02,37.2,23.7,30.0,0.0,27.6,34
2024-04-03,37.5,23.2,29.6,0.0,23.4,51
2024-04-04,37.7,23.2,30.2,0.0,26.1,39
2024-04-05,37.6,24.6,30.7,0.0,24.5,35
2024-04-06,37.8,23.6,30.7,0.0,22.4,33
2024-04-07,39.9,24.4,32.0,0.0,28.1,28
2024-04-08,41.0,24.8,33.3,0.0,26.6,20
2024-04-09,41.3,26.5,33.9,0.0,22.5,16
2024-04-10,40.0,26.5,31.9,0.0,23.4,26
2024-04-11,40.6,22.8,31.5,0.0,21.8,42
2024-04-12,39.8,27.0,32.8,0.0,22.3,28
2024-04-13,37.6,24.8,30.2,0.2,23.6,54
2024-04-14,30.5,24.3,27.4,0.7,16.4,60
2024-04-15,33.7,22.5,27.8,0.0,20.0,65
2024-04-16,37.0,23.6,30.5,0.0,16.1,49
2024-04-17,38.9,26.7,32.3,0.0,20.8,35
2024-04-18,32.8,25.8,29.1,0.4,28.6,53
2024-04-19,34.5,22.8,28.2,0.0,30.7,57
2024-04-20,36.7,23.7,29.8,0.0,22.7,47
2024-04-21,37.4,23.9,30.4,0.0,27.1,46
2024-04-22,38.9,24.6,31.5,0.0,23.1,40
2024-04-23,40.0,24.2,31.5,0.0,25.4,46
2024-04-24,40.2,23.7,31.8,0.0,25.8,45
2024-04-25,39.3,25.1,31.5,0.0,27.7,45
2024-04-26,38.9,25.5,31.5,0.0,31.3,46
2024-04-27,38.2,24.6,31.4,0.0,25.0,45
2024-04-28,40.2,25.3,32.6,0.0,26.9,38
2024-04-29,39.4,25.9,32.9,0.0,23.2,23
2024-04-30,38.5,23.3,31.3,0.0,19.3,18
2024-05-01,37.3,22.3,30.4,0.0,14.9,12
2024-05-02,40.5,20.6,31.6,0.0,20.6,17
2024-05-03,40.0,27.3,32.6,0.0,25.1,37
2024-05-04,39.7,27.1,32.6,0.0,31.5,40
2024-05-05,40.9,26.4,33.2,0.0,27.6,41
2024-05-06,43.0,27.0,34.4,0.0,24.5,39
2024-05-07,45.1,27.9,35.8,0.0,29.4,34
2024-05-08,45.1,28.1,35.9,0.0,25.7,34
2024-05-09,43.8,28.3,35.4,0.0,24.4,41
2024-05-10,40.8,26.3,33.0,0.0,24.5,53
2024-05-11,39.1,25.9,32.4,0.0,22.5,56
2024-05-12,41.1,26.2,33.6,0.0,25.6,50
2024-05-13,42.6,27.6,34.5,0.0,23.6,45
2024-05-14,41.5,26.9,34.2,0.0,20.8,42
2024-05-15,43.2,28.9,36.1,0.0,21.7,34
2024-05-16,43.7,28.8,36.2,0.0,20.6,28
2024-05-17,45.3,29.1,37.1,0.0,23.3,24
2024-05-18,44.4,29.5,36.7,0.0,32.6,25
2024-05-19,42.0,28.3,34.9,0.0,29.6,34
2024-05-20,43.2,28.0,34.8,0.0,29.1,51
2024-05-21,47.3,29.2,37.2,0.0,34.0,38
2024-05-22,48.0,30.8,38.0,0.0,40.4,34
2024-05-23,48.3,30.7,37.9,0.0,44.0,31
2024-05-24,46.8,30.5,37.4,0.0,31.2,35
2024-05-25,46.5,29.2,36.9,0.0,23.7,45
2024-05-26,49.0,28.8,37.4,0.0,29.5,46
2024-05-27,49.1,29.9,37.3,0.0,33.8,44
2024-05-28,48.1,29.2,36.9,0.0,33.1,46
2024-05-29,48.1,28.1,37.6,0.0,29.0,37
2024-05-30,47.4,28.2,36.9,0.0,27.7,47
2024-05-31,43.4,28.5,34.6,0.0,28.1,60
2024-06-01,44.0,28.0,35.0,0.0,25.1,56
2024-06-02,42.0,28.4,34.3,0.0,24.5,58
2024-06-03,40.3,27.5,32.7,0.0,28.8,59
2024-06-04,38.6,27.2,32.0,0.0,34.8,61
2024-06-05,37.8,27.9,32.2,0.0,36.7,60
2024-06-06,40.3,28.0,33.4,0.0,36.0,60
2024-06-07,41.5,28.0,33.9,0.0,28.0,56
2024-06-08,41.5,27.4,33.5,0.2,25.1,55
2024-06-09,40.8,27.5,33.7,0.0,24.9,55
2024-06-10,41.9,27.7,33.9,0.0,26.7,54
2024-06-11,40.4,27.9,33.1,0.4,28.8,58
2024-06-12,39.1,27.9,32.7,0.0,32.3,59
2024-06-13,39.4,28.5,32.9,0.0,32.7,59
2024-06-14,39.5,28.7,33.1,0.0,32.1,60
2024-06-15,39.6,28.7,33.6,0.1,24.4,60
2024-06-16,41.0,28.9,33.9,0.0,26.8,60
2024-06-17,39.8,28.7,33.2,0.0,26.1,59
2024-06-18,39.8,28.9,33.2,0.0,31.8,60
2024-06-19,40.7,28.7,33.4,0.0,33.9,62
2024-06-20,41.4,28.5,33.8,0.0,32.3,62
2024-06-21,40.1,28.4,33.9,0.1,24.7,59
2024-06-22,41.6,29.9,35.6,0.0,18.6,53
2024-06-23,44.7,30.6,37.3,0.0,20.9,42
2024-06-24,46.3,31.5,38.9,0.0,21.7,33
2024-06-25,46.2,31.3,38.5,0.0,25.2,37
2024-06-26,42.4,29.7,35.7,0.2,25.1,52
2024-06-27,43.2,31.9,35.1,0.5,30.8,56
2024-06-28,37.6,30.0,33.5,0.7,21.6,63
2024-06-29,38.7,30.6,34.3,0.0,20.2,58
2024-06-30,40.5,30.2,34.8,0.0,24.2,59
2024-07-01,42.6,31.0,35.5,0.0,28.5,58
2024-07-02,40.7,30.0,34.3,0.0,29.3,60
2024-07-03,40.8,30.2,34.5,0.0,27.4,61
2024-07-04,40.0,29.5,34.0,0.0,25.5,61
2024-07-05,38.7,29.4,33.2,0.0,29.1,61
2024-07-06,38.7,29.6,33.4,0.0,33.7,61
2024-07-07,43.2,29.6,34.4,0.6,32.2,64
2024-07-08,38.5,30.4,33.9,4.9,19.6,63
2024-07-09,37.2,30.3,32.5,3.1,16.2,73
2024-07-10,37.5,29.6,32.8,0.0,19.5,74
2024-07-11,36.9,28.9,32.0,0.0,32.8,73
2024-07-12,37.1,28.9,32.0,0.0,38.9,69
2024-07-13,37.8,28.6,32.2,0.1,32.1,69
2024-07-14,39.3,28.8,33.0,0.0,29.5,66
2024-07-15,39.7,29.4,34.4,0.0,20.1,59
2024-07-16,43.0,30.4,36.3,0.1,20.0,50
2024-07-17,40.2,30.9,35.2,0.0,17.4,58
2024-07-18,40.5,31.5,35.3,0.0,23.8,59
2024-07-19,39.1,30.2,33.7,0.7,20.0,63
2024-07-20,36.7,30.5,32.8,23.9,18.7,73
2024-07-21,40.1,29.7,34.2,1.9,14.0,64
2024-07-22,39.6,30.7,33.8,8.7,25.2,67
2024-07-23,38.1,29.7,33.0,0.0,29.6,68
2024-07-24,36.2,29.5,32.1,0.0,28.8,68
2024-07-25,38.6,28.2,32.5,0.0,25.3,67
2024-07-26,39.5,28.8,33.1,0.0,27.4,66
2024-07-27,38.7,29.0,33.0,0.0,26.8,66
2024-07-28,38.0,28.8,33.0,0.0,22.2,65
2024-07-29,36.3,29.3,31.9,8.3,20.3,72
2024-07-30,35.8,27.3,30.5,7.4,16.2,78
2024-07-31,32.9,27.9,30.2,5.6,22.4,80
2024-08-01,33.8,28.1,30.5,0.0,34.1,77
2024-08-02,33.3,28.0,30.2,1.0,28.0,78
2024-08-03,32.5,27.4,29.0,13.0,19.7,83
2024-08-04,34.0,27.2,29.8,0.0,26.0,76
2024-08-05,33.5,27.0,29.7,0.6,17.9,77
2024-08-06,31.3,27.1,28.8,0.1,25.6,79
2024-08-07,32.3,27.2,29.2,0.0,33.2,76
2024-08-08,34.3,26.9,30.0,0.0,27.4,72
2024-08-09,36.2,27.0,31.0,0.3,30.6,70
2024-08-10,37.1,27.5,31.3,0.0,30.9,68
2024-08-11,36.8,27.7,31.1,0.0,33.8,68
2024-08-12,35.2,27.2,30.8,0.0,30.2,71
2024-08-13,37.2,28.1,31.8,0.4,24.0,68
2024-08-14,37.9,27.8,32.0,0.2,26.3,67
2024-08-15,36.6,28.2,31.4,0.0,26.5,68
2024-08-16,35.8,27.7,30.9,0.1,26.7,68
2024-08-17,28.7,26.8,27.7,26.2,22.9,86
2024-08-18,32.5,26.6,29.0,1.2,24.0,78
2024-08-19,33.0,26.2,29.2,1.0,23.5,77
2024-08-20,33.9,26.5,29.6,0.4,27.7,74
2024-08-21,34.6,27.0,30.3,0.2,22.4,72
2024-08-22,35.8,26.9,30.7,0.2,21.1,71
2024-08-23,37.5,27.0,31.4,0.0,23.5,65
2024-08-24,38.2,26.9,31.1,3.3,21.3,69
2024-08-25,37.6,27.6,32.2,0.1,20.2,63
2024-08-26,37.1,28.2,30.6,19.4,25.2,71
2024-08-27,32.0,26.5,28.4,14.5,30.3,82
2024-08-28,29.8,25.4,26.6,49.0,31.1,90
2024-08-29,29.9,26.0,26.8,37.4,33.5,90
2024-08-30,31.1,25.6,27.7,4.7,33.8,77
2024-08-31,32.1,25.2,27.6,2.8,20.5,81
2024-09-01,32.5,24.8,28.5,0.2,13.2,80
2024-09-02,32.5,25.2,28.6,0.0,15.1,77
2024-09-03,33.6,25.8,29.3,5.3,13.0,75
2024-09-04,32.1,25.5,27.9,14.1,18.1,84
2024-09-05,33.7,26.0,29.1,0.0,24.8,77
2024-09-06,34.4,25.8,29.0,0.0,25.7,77
2024-09-07,33.7,25.2,28.6,0.0,21.6,78
2024-09-08,33.7,25.1,28.7,0.0,20.2,78
2024-09-09,33.7,25.3,28.7,0.0,22.9,78
2024-09-10,33.9,24.8,28.6,0.0,24.2,76
2024-09-11,34.7,24.4,29.1,0.0,21.1,76
2024-09-12,34.7,25.7,29.0,0.0,27.9,74
2024-09-13,33.9,24.9,28.4,0.0,35.3,72
2024-09-14,34.5,24.9,28.6,0.0,33.7,69
2024-09-15,34.8,24.9,28.8,0.0,29.1,69
2024-09-16,35.7,24.7,29.1,0.0,29.7,69
2024-09-17,35.8,25.1,29.6,0.0,22.2,70
2024-09-18,36.2,24.5,29.6,0.0,21.2,72
2024-09-19,37.9,24.8,30.8,0.0,18.7,66
2024-09-20,38.8,26.6,31.7,0.0,24.1,60
2024-09-21,37.4,25.8,30.5,0.0,27.0,66
2024-09-22,37.8,25.9,30.8,0.0,23.8,64
2024-09-23,37.5,26.3,30.9,0.0,23.2,65
2024-09-24,37.5,26.5,31.0,0.0,24.6,66
2024-09-25,38.1,26.1,31.1,0.0,23.4,65
2024-09-26,38.6,26.1,31.6,0.0,21.1,62
2024-09-27,39.5,27.3,32.5,0.0,24.8,59
2024-09-28,38.4,26.9,31.7,0.0,26.5,63
2024-09-29,37.8,26.8,31.3,0.0,25.2,63
2024-09-30,38.7,26.6,31.9,0.0,19.9,58
2024-10-01,39.7,26.1,32.0,0.0,21.5,58
2024-10-02,39.9,26.4,31.8,0.0,26.5,63
2024-10-03,38.9,26.4,31.1,0.0,28.6,66
2024-10-04,37.9,26.5,30.5,0.0,29.2,68
2024-10-05,37.0,25.7,30.5,0.0,25.3,67
2024-10-06,36.1,25.7,30.5,0.0,19.9,65
2024-10-07,37.4,26.1,31.4,0.0,9.7,51
2024-10-08,38.6,27.2,32.7,0.0,12.6,36
2024-10-09,38.1,26.3,32.2,0.0,9.4,39
2024-10-10,39.2,26.8,32.6,0.0,13.4,33
2024-10-11,39.1,25.3,32.1,0.0,14.8,34
2024-10-12,38.4,24.6,31.3,0.0,12.4,37
2024-10-13,35.9,26.5,31.3,0.0,12.2,49
2024-10-14,33.7,27.4,30.4,0.0,13.8,56
2024-10-15,38.3,26.7,32.7,0.0,8.8,41
2024-10-16,38.7,26.3,32.5,0.0,18.8,41
2024-10-17,38.6,26.5,32.4,0.0,15.4,42
2024-10-18,38.9,26.3,32.4,0.0,11.8,46
2024-10-19,39.5,27.0,33.2,0.0,13.3,37
2024-10-20,39.3,28.0,33.0,0.0,13.6,30
2024-10-21,39.9,25.9,32.3,0.0,18.0,34
2024-10-22,39.1,24.9,31.9,0.0,13.6,37
2024-10-23,38.6,24.7,31.3,0.0,11.4,38
2024-10-24,38.4,24.4,31.2,0.0,9.2,35
2024-10-25,40.2,25.6,32.2,0.0,11.3,30
2024-10-26,41.5,24.3,32.2,0.0,21.7,38
2024-10-27,41.2,24.2,32.3,0.0,19.8,42
2024-10-28,41.4,25.7,32.8,0.0,19.0,34
2024-10-29,38.9,24.5,30.8,0.0,20.6,58
2024-10-30,39.0,24.0,30.3,0.0,24.2,57
2024-10-31,37.5,22.9,30.1,0.0,15.4,49
2024-11-01,38.3,25.5,31.3,0.0,16.5,36
2024-11-02,38.3,24.9,30.8,0.0,20.1,44
2024-11-03,36.5,22.9,29.1,0.0,12.4,59
2024-11-04,36.5,23.2,29.7,0.0,14.4,45
2024-11-05,36.6,24.5,30.2,0.0,19.0,39
2024-11-06,37.4,22.6,29.8,0.0,15.9,37
2024-11-07,36.7,22.8,29.3,0.0,20.0,51
2024-11-08,35.7,23.7,28.9,0.0,18.0,65
2024-11-09,35.3,22.7,28.5,0.0,15.9,61
2024-11-10,35.4,22.1,28.6,0.0,19.6,58
2024-11-11,34.7,22.1,28.4,0.0,19.7,59
2024-11-12,34.2,22.8,28.1,0.0,14.9,61
2024-11-13,33.9,22.3,27.6,0.0,8.3,52
2024-11-14,33.7,21.8,27.5,0.0,11.0,38
2024-11-15,33.5,20.8,26.9,0.0,8.7,38
2024-11-16,32.7,20.3,26.2,0.0,8.8,43
2024-11-17,32.7,20.1,26.2,0.0,9.9,49
2024-11-18,31.9,20.4,25.7,0.0,7.4,49
2024-11-19,33.0,19.1,25.7,0.0,10.5,51
2024-11-20,31.4,19.4,25.0,0.0,8.8,52
2024-11-21,32.1,18.1,25.2,0.0,10.5,44
2024-11-22,31.9,19.3,25.4,0.0,9.5,52
2024-11-23,32.2,20.2,25.8,0.0,8.6,56
2024-11-24,31.2,19.5,25.0,0.0,9.4,60
2024-11-25,30.7,17.8,24.1,0.0,7.0,50
2024-11-26,32.8,18.6,25.3,0.0,7.5,45
2024-11-27,32.3,19.3,25.3,0.0,6.9,53
2024-11-28,31.7,19.4,25.0,0.0,9.1,61
2024-11-29,30.9,18.8,24.7,0.0,8.7,57
2024-11-30,28.8,19.1,23.3,0.0,10.9,55
2024-12-01,29.0,18.1,23.0,0.0,9.9,53
2024-12-02,28.8,17.8,23.1,0.0,11.7,52
2024-12-03,27.7,18.3,22.8,0.0,15.8,58
2024-12-04,28.0,17.9,22.4,0.0,13.7,57
2024-12-05,29.7,16.0,22.7,0.0,9.1,53
2024-12-06,27.6,16.2,21.4,0.0,8.2,60
2024-12-07,27.0,14.4,20.4,0.0,9.1,65
2024-12-08,25.8,13.9,19.0,0.0,12.5,45
2024-12-09,24.4,12.4,17.6,0.0,12.3,39
2024-12-10,23.5,10.7,16.9,0.0,10.2,47
2024-12-11,23.9,11.1,17.0,0.0,10.9,50
2024-12-12,22.7,11.7,16.9,0.0,14.7,41
2024-12-13,22.6,10.1,16.0,0.0,15.1,41
2024-12-14,22.9,10.1,16.1,0.0,12.3,43
2024-12-15,24.0,10.9,16.8,0.0,11.5,44
2024-12-16,24.0,11.5,17.2,0.0,12.4,44
2024-12-17,23.5,12.1,17.4,0.0,15.1,44
2024-12-18,23.2,12.2,17.0,0.0,14.1,44
2024-12-19,23.3,11.4,17.0,0.0,12.7,46
2024-12-20,22.2,10.9,16.3,0.0,17.4,47
2024-12-21,22.2,9.8,15.5,0.0,12.5,48
2024-12-22,23.1,11.4,16.7,0.0,12.6,49
2024-12-23,22.7,11.5,16.5,0.0,10.5,50
2024-12-24,21.6,11.2,16.0,0.0,15.8,60
2024-12-25,21.5,10.5,15.8,0.0,16.6,57
2024-12-26,21.9,11.1,16.0,0.0,16.5,55
2024-12-27,22.5,11.5,16.3,0.0,13.5,49
2024-12-28,25.0,9.6,16.3,0.0,6.8,44
2024-12-29,22.7,8.8,15.7,0.0,13.5,51
2024-12-30,22.5,10.1,15.8,0.0,12.0,52
2024-12-31,23.2,11.0,16.6,0.0,11.1,54
