date,temperature_2m_max,temperature_2m_min,temperature_2m_mean,precipitation_sum,windspeed_10m_max,relative_humidity_2m_mean
2015-01-01,20.9,3.9,11.4,0.0,11.8,37
2015-01-02,20.9,3.9,12.3,0.0,9.4,36
2015-01-03,18.0,4.8,12.2,0.0,6.2,49
2015-01-04,17.2,6.1,12.0,0.0,6.5,62
2015-01-05,17.2,6.3,11.4,0.0,7.9,63
2015-01-06,21.1,4.7,11.8,0.0,8.3,59
2015-01-07,22.1,5.5,12.1,0.0,8.6,37
2015-01-08,19.7,6.4,13.0,0.0,7.6,33
2015-01-09,19.3,4.8,12.0,0.0,7.6,50
2015-01-10,22.3,5.2,12.8,0.0,7.0,46
2015-01-11,21.7,7.9,14.1,0.0,6.9,41
2015-01-12,18.9,9.2,13.4,0.0,6.5,48
2015-01-13,13.4,7.6,11.0,16.8,6.4,76
2015-01-14,18.1,4.8,11.5,0.3,7.4,67
2015-01-15,17.6,5.0,10.9,0.0,6.9,63
2015-01-16,19.4,2.8,10.5,0.0,8.1,53
2015-01-17,19.5,4.1,11.3,0.0,7.9,49
2015-01-18,18.8,4.1,11.2,0.0,7.6,54
2015-01-19,19.3,5.5,11.8,0.0,7.4,55
2015-01-20,19.6,9.3,13.9,0.0,7.2,52
2015-01-21,13.1,8.7,10.7,21.8,9.3,84
2015-01-22,12.1,5.3,9.1,5.1,7.7,82
2015-01-23,14.2,4.6,8.9,0.1,8.4,76
2015-01-24,14.8,5.6,9.4,3.2,8.0,75
2015-01-25,15.6,3.5,9.0,1.5,8.3,71
2015-01-26,12.6,3.1,7.8,5.8,8.7,76
2015-01-27,11.9,2.3,7.1,3.1,7.2,72
2015-01-28,13.7,0.2,6.8,0.0,9.7,54
2015-01-29,15.3,2.1,8.8,0.0,8.4,45
2015-01-30,16.6,1.0,8.8,0.0,7.9,56
2015-01-31,17.7,2.6,10.0,0.0,7.6,59
2015-02-01,15.0,6.8,10.8,0.0,10.9,68
2015-02-02,14.1,6.0,10.3,2.5,6.5,77
2015-02-03,16.2,5.4,10.8,0.0,8.2,72
2015-02-04,17.1,6.3,11.8,1.5,10.0,72
2015-02-05,20.1,3.1,11.1,0.0,8.7,57
2015-02-06,18.0,5.3,11.4,0.0,7.2,51
2015-02-07,13.9,6.7,10.5,0.5,6.5,63
2015-02-08,17.5,4.2,10.4,0.0,8.0,63
2015-02-09,20.3,3.5,11.1,0.0,10.8,56
2015-02-10,21.6,3.9,12.2,0.0,9.1,47
2015-02-11,22.8,4.6,13.6,0.0,8.3,46
2015-02-12,22.1,6.8,14.1,0.0,7.2,51
2015-02-13,22.6,9.2,15.2,0.0,6.9,55
2015-02-14,25.7,8.5,16.5,0.0,7.8,52
2015-02-15,22.7,9.6,15.3,2.6,8.0,49
2015-02-16,14.0,10.0,12.3,9.9,6.8,81
2015-02-17,20.0,7.9,13.7,0.0,7.2,72
2015-02-18,19.6,9.7,14.5,1.2,9.0,73
2015-02-19,14.8,11.1,13.0,17.7,9.4,83
2015-02-20,18.9,11.6,14.7,3.2,8.2,75
2015-02-21,18.8,12.1,15.1,3.1,9.4,77
2015-02-22,25.0,10.2,17.0,0.0,9.4,68
2015-02-23,22.3,12.7,17.3,0.0,8.1,71
2015-02-24,15.4,12.5,14.1,54.6,16.7,88
2015-02-25,14.2,8.2,11.2,15.7,13.7,88
2015-02-26,16.4,6.3,10.8,0.3,11.9,69
2015-02-27,18.3,4.0,11.2,0.0,7.9,54
2015-02-28,19.6,4.7,11.9,0.0,9.1,54
2015-03-01,14.1,9.2,10.8,4.6,8.8,68
2015-03-02,12.5,8.5,10.3,16.1,7.8,82
2015-03-03,15.1,6.6,10.7,3.1,10.1,82
2015-03-04,14.9,5.8,10.0,1.8,8.5,78
2015-03-05,12.5,6.3,9.5,11.0,9.9,82
2015-03-06,17.4,4.2,11.0,0.0,6.9,75
2015-03-07,11.8,7.4,9.4,20.2,8.9,87
2015-03-08,12.7,6.7,8.9,8.3,15.8,72
2015-03-09,18.2,4.4,11.2,0.0,8.8,60
2015-03-10,21.3,5.8,13.3,0.0,9.0,59
2015-03-11,22.7,9.1,14.7,0.0,10.6,51
2015-03-12,23.7,7.0,14.7,0.0,11.5,54
2015-03-13,24.0,7.1,15.9,0.0,9.0,52
2015-03-14,24.0,11.0,17.1,0.0,8.2,57
2015-03-15,17.6,11.8,13.7,10.6,9.8,80
2015-03-16,13.8,9.0,12.1,25.4,8.6,88
2015-03-17,20.9,8.5,14.4,0.4,9.8,71
2015-03-18,24.1,6.9,15.5,0.0,7.6,61
2015-03-19,25.1,9.6,17.1,0.0,7.6,57
2015-03-20,25.5,11.8,18.5,0.0,8.3,61
2015-03-21,25.4,12.4,18.5,0.0,8.4,66
2015-03-22,28.2,11.8,19.5,0.0,8.7,63
2015-03-23,29.0,12.4,20.8,0.0,8.8,61
2015-03-24,27.5,14.0,19.6,4.1,10.2,72
2015-03-25,27.1,10.7,18.8,0.0,9.7,67
2015-03-26,28.6,12.6,20.5,0.0,8.6,55
2015-03-27,28.5,12.7,20.6,0.0,9.4,61
2015-03-28,24.4,15.7,19.3,2.6,10.8,74
2015-03-29,19.1,13.9,16.8,4.0,8.9,83
2015-03-30,22.7,11.1,17.3,0.2,6.8,76
2015-03-31,17.8,13.9,16.1,19.8,7.3,84
2015-04-01,15.6,14.2,14.8,21.7,7.9,91
2015-04-02,20.6,13.5,16.5,5.8,5.5,81
2015-04-03,22.2,11.8,17.7,21.4,11.4,70
2015-04-04,25.4,11.6,19.0,0.0,6.9,65
2015-04-05,24.3,14.9,19.0,0.9,7.2,69
2015-04-06,24.9,12.1,19.3,1.3,7.8,67
2015-04-07,24.9,11.5,18.7,0.0,13.8,65
2015-04-08,23.8,15.3,19.1,0.0,6.8,73
2015-04-09,26.9,12.6,20.0,0.0,7.1,67
2015-04-10,28.7,12.7,21.0,0.0,8.3,61
2015-04-11,27.8,15.7,21.5,0.0,9.2,63
2015-04-12,29.6,12.9,21.8,0.0,8.3,56
2015-04-13,29.8,14.4,22.8,0.0,7.9,57
2015-04-14,29.0,18.2,24.0,0.0,7.0,61
2015-04-15,26.3,18.2,21.9,10.8,7.6,76
2015-04-16,25.6,17.0,21.2,1.3,11.0,81
2015-04-17,29.0,16.4,23.0,0.0,7.2,71
2015-04-18,29.4,15.9,23.1,0.0,8.4,64
2015-04-19,25.0,17.6,21.1,10.6,10.6,75
2015-04-20,26.8,15.5,21.0,3.9,13.8,69
2015-04-21,30.7,14.5,22.6,0.0,9.5,56
2015-04-22,32.1,13.6,23.1,0.0,9.7,47
2015-04-23,33.0,14.2,24.0,0.0,8.7,48
2015-04-24,33.8,15.0,24.8,0.0,8.9,47
2015-04-25,33.6,15.6,25.5,0.0,8.0,42
2015-04-26,31.7,17.3,24.6,1.1,12.7,56
2015-04-27,24.9,17.9,21.2,25.9,12.8,77
2015-04-28,31.1,15.2,23.3,0.0,8.0,59
2015-04-29,30.7,15.0,23.2,0.1,13.0,54
2015-04-30,25.0,17.0,20.6,13.3,14.1,68
2015-05-01,28.6,14.4,22.0,0.0,7.3,59
2015-05-02,30.7,14.0,22.8,0.0,7.9,53
2015-05-03,31.8,14.4,23.8,0.0,8.3,47
2015-05-04,32.6,15.8,25.2,0.0,8.5,50
2015-05-05,34.7,18.9,27.4,0.0,8.0,51
2015-05-06,35.9,18.7,27.9,0.0,7.9,52
2015-05-07,35.7,21.4,28.9,0.0,7.7,51
2015-05-08,34.4,22.3,27.9,0.0,12.6,52
2015-05-09,34.0,22.2,27.6,0.0,14.5,49
2015-05-10,34.8,20.6,27.7,0.0,11.0,47
2015-05-11,28.9,19.8,22.9,7.5,13.9,67
2015-05-12,22.7,18.9,20.8,12.5,10.3,75
2015-05-13,26.3,17.3,21.7,7.4,12.4,71
2015-05-14,30.3,16.2,24.3,0.0,9.7,58
2015-05-15,32.5,17.5,25.9,0.0,5.8,59
2015-05-16,33.9,18.8,27.2,0.0,9.4,62
2015-05-17,32.3,21.2,26.2,25.2,10.9,71
2015-05-18,31.7,20.2,25.8,1.3,9.2,63
2015-05-19,33.9,18.4,26.4,0.0,10.5,52
2015-05-20,34.3,16.9,26.2,0.0,8.3,48
2015-05-21,35.7,18.2,27.7,0.0,9.5,47
2015-05-22,36.3,19.2,28.2,0.0,8.0,44
2015-05-23,35.2,20.1,28.1,0.0,8.5,44
2015-05-24,34.7,19.5,27.7,0.2,10.3,38
2015-05-25,34.5,18.6,27.1,0.2,23.5,31
2015-05-26,34.8,18.9,27.5,0.0,19.1,18
2015-05-27,36.0,17.8,27.9,0.0,9.8,31
2015-05-28,36.0,19.8,28.6,0.2,10.6,37
2015-05-29,34.5,23.7,28.3,0.1,15.3,40
2015-05-30,35.8,20.3,28.6,0.0,9.0,40
2015-05-31,36.9,19.2,29.3,0.0,10.7,32
2015-06-01,36.3,19.2,29.1,0.2,8.1,29
2015-06-02,35.6,21.2,29.4,0.0,14.8,29
2015-06-03,31.8,23.0,27.2,1.3,12.2,46
2015-06-04,31.5,21.6,27.4,1.1,11.9,49
2015-06-05,31.8,21.1,27.3,0.0,13.2,49
2015-06-06,36.6,20.3,29.7,0.0,9.7,42
2015-06-07,39.2,22.2,31.7,0.0,8.3,31
2015-06-08,39.7,24.0,32.8,0.0,8.9,28
2015-06-09,39.7,23.5,32.6,0.0,7.3,29
2015-06-10,38.6,23.1,31.5,0.0,16.6,26
2015-06-11,37.2,23.2,31.4,0.0,10.8,42
2015-06-12,39.2,24.8,32.1,0.0,7.1,38
2015-06-13,39.5,24.7,32.9,0.0,8.0,31
2015-06-14,38.8,25.6,32.6,0.0,13.8,30
2015-06-15,35.0,25.2,30.5,0.0,10.9,45
2015-06-16,36.1,25.3,29.6,2.8,9.6,53
2015-06-17,38.2,22.6,31.0,0.0,7.9,49
2015-06-18,40.2,27.9,34.0,0.5,7.6,43
2015-06-19,41.9,27.4,34.8,0.0,9.7,39
2015-06-20,40.0,29.6,34.5,1.0,14.8,38
2015-06-21,35.2,26.3,30.5,1.9,15.8,62
2015-06-22,36.6,25.4,30.4,6.2,13.2,58
2015-06-23,36.2,23.6,30.0,0.5,13.8,57
2015-06-24,30.6,24.7,28.0,3.6,9.7,61
2015-06-25,34.3,22.5,28.7,0.0,11.6,52
2015-06-26,36.7,24.1,30.8,0.0,7.1,39
2015-06-27,38.1,24.7,31.8,0.9,11.0,41
2015-06-28,39.7,26.1,33.1,2.2,8.8,42
2015-06-29,40.5,26.8,33.6,0.0,17.5,38
2015-06-30,36.1,26.7,31.1,1.2,12.0,56
2015-07-01,37.1,27.3,31.4,9.2,11.6,50
2015-07-02,35.8,26.0,31.3,0.4,11.1,54
2015-07-03,39.6,27.7,33.7,0.0,11.7,50
2015-07-04,41.9,29.5,36.0,0.0,12.7,45
2015-07-05,43.9,31.7,37.9,0.0,10.4,39
2015-07-06,40.2,29.6,34.5,0.6,13.8,50
2015-07-07,35.0,25.7,29.4,1.1,14.7,72
2015-07-08,35.4,26.5,30.4,1.7,13.5,70
2015-07-09,34.8,26.6,30.2,1.8,12.9,68
2015-07-10,31.8,24.6,27.9,6.3,15.8,77
2015-07-11,30.0,23.4,26.2,9.2,9.5,80
2015-07-12,33.3,23.9,28.9,1.3,11.3,67
2015-07-13,36.0,24.3,30.3,1.0,12.1,65
2015-07-14,37.8,28.0,32.6,0.4,11.0,62
2015-07-15,40.0,29.1,34.1,0.1,14.3,58
2015-07-16,39.9,28.9,34.1,2.7,15.5,59
2015-07-17,28.9,25.2,26.3,5.4,12.8,87
2015-07-18,34.9,24.8,29.5,0.0,15.6,66
2015-07-19,34.4,25.6,29.8,2.9,10.2,71
2015-07-20,35.6,25.4,29.3,11.3,12.1,74
2015-07-21,33.9,25.7,29.1,1.2,10.1,75
2015-07-22,34.7,27.1,30.6,0.5,8.5,69
2015-07-23,31.3,26.8,28.9,2.9,8.5,78
2015-07-24,34.3,25.4,29.3,5.8,10.9,76
2015-07-25,33.3,26.1,28.9,8.9,10.7,80
2015-07-26,27.7,24.2,25.0,77.1,8.7,95
2015-07-27,31.5,24.0,27.5,50.1,8.2,79
2015-07-28,32.4,25.1,28.4,6.1,7.6,78
2015-07-29,34.1,23.8,28.8,7.6,9.9,76
2015-07-30,33.4,26.5,30.0,1.7,10.2,74
2015-07-31,31.0,25.5,27.6,6.6,10.7,84
2015-08-01,27.1,23.8,25.4,71.0,7.0,90
2015-08-02,26.2,23.4,24.8,23.2,6.6,84
2015-08-03,27.7,24.0,25.7,6.7,4.8,86
2015-08-04,32.4,23.1,28.5,0.0,7.9,78
2015-08-05,33.2,26.6,29.5,0.5,9.9,78
2015-08-06,34.5,27.0,30.5,0.5,9.5,77
2015-08-07,35.3,26.9,30.8,3.0,10.4,77
2015-08-08,35.0,26.8,30.6,2.8,9.8,77
2015-08-09,33.0,25.8,28.7,2.6,11.0,82
2015-08-10,31.0,25.7,27.9,35.0,7.2,85
2015-08-11,34.0,24.0,29.8,0.2,8.1,74
2015-08-12,32.8,26.2,29.2,3.7,8.2,81
2015-08-13,31.0,24.6,27.7,4.9,8.2,84
2015-08-14,32.7,24.6,28.4,4.2,9.3,79
2015-08-15,32.2,24.5,28.1,2.6,9.0,80
2015-08-16,32.2,24.8,28.9,2.9,8.6,77
2015-08-17,33.2,23.8,28.5,0.4,8.9,77
2015-08-18,34.9,25.3,30.3,0.0,10.5,69
2015-08-19,34.0,26.9,30.4,0.4,11.3,72
2015-08-20,34.4,26.8,29.8,0.9,13.2,78
2015-08-21,30.5,24.7,27.1,1.4,11.1,81
2015-08-22,31.4,24.3,27.2,2.2,12.5,81
2015-08-23,30.8,22.8,26.7,4.1,10.8,81
2015-08-24,30.3,22.9,26.7,6.6,10.9,75
2015-08-25,35.0,21.9,28.6,0.0,7.5,66
2015-08-26,34.9,24.8,30.2,0.0,11.5,65
2015-08-27,32.6,24.7,28.8,5.4,10.9,73
2015-08-28,34.2,24.2,29.1,0.0,11.7,68
2015-08-29,34.7,25.9,29.9,0.2,13.8,64
2015-08-30,33.8,25.9,29.2,1.5,9.8,65
2015-08-31,32.2,22.5,27.5,11.3,8.4,68
2015-09-01,35.0,20.9,28.4,0.0,9.9,55
2015-09-02,34.1,22.5,28.9,0.0,10.6,59
2015-09-03,31.3,23.8,27.6,3.8,9.4,66
2015-09-04,32.6,22.9,27.6,0.4,8.4,68
2015-09-05,33.1,21.8,27.4,0.8,10.4,61
2015-09-06,31.8,21.4,27.2,0.0,12.0,62
2015-09-07,31.6,22.6,26.5,1.1,11.1,66
2015-09-08,33.9,20.2,26.8,0.0,10.6,54
2015-09-09,34.9,19.5,27.4,0.0,11.0,46
2015-09-10,34.8,20.6,27.6,0.0,9.7,47
2015-09-11,36.0,20.3,28.1,0.0,8.8,50
2015-09-12,35.8,21.9,28.8,0.0,11.0,49
2015-09-13,34.8,22.2,28.9,0.0,6.9,55
2015-09-14,35.3,23.3,29.1,0.7,12.3,53
2015-09-15,33.5,23.5,28.2,0.7,11.5,56
2015-09-16,34.0,23.1,28.3,0.9,7.4,55
2015-09-17,34.1,23.9,28.8,0.0,8.4,52
2015-09-18,35.8,22.0,28.4,0.7,9.4,52
2015-09-19,35.1,22.7,28.8,0.0,8.2,50
2015-09-20,31.8,22.2,26.9,0.4,12.2,53
2015-09-21,34.7,20.5,28.2,0.0,9.7,44
2015-09-22,29.1,22.3,25.9,0.5,11.2,53
2015-09-23,27.8,21.6,24.4,0.9,10.5,68
2015-09-24,32.8,20.5,26.4,0.0,11.0,58
2015-09-25,32.8,21.2,27.1,0.0,11.2,57
2015-09-26,31.6,22.1,26.4,1.1,8.7,53
2015-09-27,30.2,20.5,25.2,1.5,8.3,57
2015-09-28,30.4,19.3,23.9,9.5,14.1,61
2015-09-29,29.5,17.8,23.6,0.0,8.0,60
2015-09-30,33.0,17.7,25.0,0.0,8.4,51
2015-10-01,34.1,17.4,25.6,0.0,7.9,47
2015-10-02,34.1,17.5,26.3,0.0,7.6,43
2015-10-03,34.4,17.4,25.8,0.0,8.0,44
2015-10-04,33.9,17.1,26.0,0.0,8.0,35
2015-10-05,33.3,18.7,26.0,0.0,8.7,47
2015-10-06,31.9,19.5,25.3,0.0,10.2,54
2015-10-07,33.9,18.5,25.9,0.0,7.6,49
2015-10-08,34.7,18.0,26.5,0.0,7.2,45
2015-10-09,34.9,17.9,26.6,0.0,7.8,40
2015-10-10,33.7,19.8,26.9,0.0,8.4,48
2015-10-11,34.1,21.1,27.8,0.0,9.2,53
2015-10-12,33.9,23.0,28.4,0.1,7.6,53
2015-10-13,33.5,21.9,27.4,0.8,8.9,56
2015-10-14,29.0,20.9,24.5,2.6,9.0,68
2015-10-15,29.5,18.0,24.1,0.3,8.3,70
2015-10-16,29.4,19.1,23.8,4.1,9.5,69
2015-10-17,31.8,17.2,24.5,0.0,7.6,55
2015-10-18,28.3,18.5,23.3,8.5,7.1,62
2015-10-19,21.5,16.5,19.2,4.1,9.7,79
2015-10-20,25.5,14.3,19.4,1.2,7.6,68
2015-10-21,28.2,13.0,20.1,0.0,8.0,54
2015-10-22,28.5,13.0,20.2,0.0,7.6,54
2015-10-23,28.6,13.5,21.2,0.0,7.2,53
2015-10-24,23.9,17.4,19.8,2.9,9.2,64
2015-10-25,16.4,15.0,15.8,18.0,10.0,87
2015-10-26,17.8,12.4,15.1,5.7,7.7,84
2015-10-27,24.0,11.2,16.5,0.0,12.7,61
2015-10-28,25.4,9.8,16.7,0.0,8.3,48
2015-10-29,24.9,9.9,17.5,0.0,7.6,55
2015-10-30,23.7,14.7,18.7,0.0,7.3,60
2015-10-31,24.3,13.6,18.6,0.0,6.6,69
2015-11-01,24.0,13.8,18.7,0.0,5.9,69
2015-11-02,25.1,14.1,19.5,0.0,8.2,66
2015-11-03,21.9,15.6,18.4,3.5,8.4,70
2015-11-04,19.3,14.7,16.5,11.5,9.6,89
2015-11-05,21.1,11.3,16.2,8.6,8.3,74
2015-11-06,22.9,9.2,15.3,0.0,8.3,61
2015-11-07,23.2,9.4,15.7,0.0,8.3,58
2015-11-08,23.3,9.7,16.0,0.3,7.9,58
2015-11-09,19.0,12.3,15.7,1.9,12.0,65
2015-11-10,16.3,9.7,13.4,4.4,10.0,79
2015-11-11,20.8,9.3,14.9,0.0,9.1,70
2015-11-12,19.9,12.3,15.1,12.4,8.6,78
2015-11-13,20.5,11.6,16.0,0.2,9.4,77
2015-11-14,23.6,9.6,15.4,0.0,8.8,69
2015-11-15,22.2,9.2,14.8,0.0,8.3,65
2015-11-16,23.1,7.7,14.3,0.0,10.1,58
2015-11-17,23.1,7.1,14.3,0.0,8.7,54
2015-11-18,23.8,7.6,14.8,0.0,8.0,58
2015-11-19,22.6,8.4,15.2,0.0,7.6,67
2015-11-20,22.7,9.2,15.3,0.0,7.3,71
2015-11-21,23.0,8.3,15.3,0.0,7.3,67
2015-11-22,22.5,9.4,14.9,0.0,7.7,65
2015-11-23,21.9,10.6,15.4,0.0,10.5,62
2015-11-24,22.4,7.7,14.4,0.0,9.7,58
2015-11-25,21.3,8.6,14.1,0.0,9.7,57
2015-11-26,21.5,8.0,13.2,0.0,15.9,55
2015-11-27,21.0,5.6,12.7,0.0,8.3,50
2015-11-28,21.7,5.7,12.7,0.0,8.7,55
2015-11-29,22.7,7.1,13.7,0.0,9.0,56
2015-11-30,23.5,8.3,14.6,0.0,10.1,53
2015-12-01,22.3,8.9,14.5,0.0,9.4,53
2015-12-02,22.5,7.9,14.2,0.0,8.0,52
2015-12-03,23.1,6.7,14.2,0.0,7.6,56
2015-12-04,22.8,10.4,15.7,0.0,6.6,58
2015-12-05,21.7,10.0,15.5,0.0,6.5,67
2015-12-06,24.1,11.4,17.2,0.0,7.6,63
2015-12-07,21.9,10.2,15.7,0.0,7.1,66
2015-12-08,22.4,9.1,15.6,0.0,6.9,65
2015-12-09,16.3,11.0,13.4,7.7,8.7,76
2015-12-10,14.3,9.5,12.1,8.2,12.9,82
2015-12-11,15.2,2.9,10.0,0.0,22.4,22
2015-12-12,16.2,-1.4,7.0,0.0,8.7,41
2015-12-13,17.5,1.3,8.4,0.0,8.6,51
2015-12-14,17.6,1.0,8.0,0.0,9.4,50
2015-12-15,17.6,0.9,8.5,0.0,8.6,48
2015-12-16,16.8,3.0,9.6,0.0,8.0,54
2015-12-17,17.1,4.3,10.6,0.0,7.0,51
2015-12-18,16.8,3.4,9.2,0.0,7.6,54
2015-12-19,16.5,2.9,9.8,0.0,6.9,58
2015-12-20,17.0,3.8,9.6,0.0,8.7,56
2015-12-21,16.8,1.9,9.4,0.0,7.9,50
2015-12-22,12.3,4.6,8.8,1.2,8.0,66
2015-12-23,13.9,0.8,6.7,0.0,12.6,59
2015-12-24,15.9,-0.4,7.2,0.0,8.3,43
2015-12-25,16.1,2.2,8.7,0.0,7.6,52
2015-12-26,18.5,4.9,10.9,0.0,7.1,55
2015-12-27,20.1,3.9,11.2,0.0,8.0,63
2015-12-28,21.0,6.0,12.1,0.0,9.5,66
2015-12-29,20.8,5.1,11.5,0.0,8.8,60
2015-12-30,20.1,4.1,10.5,0.0,9.4,50
2015-12-31,19.9,3.3,10.7,0.0,9.0,46
2016-01-01,20.5,6.8,12.5,0.0,7.6,52
2016-01-02,19.3,5.0,11.2,0.0,8.4,55
2016-01-03,20.4,5.2,12.6,0.0,8.7,62
2016-01-04,15.1,9.8,12.8,0.3,7.3,75
2016-01-05,18.8,5.6,11.6,0.0,7.7,72
2016-01-06,17.8,5.7,10.9,0.0,8.0,65
2016-01-07,18.5,5.2,11.6,0.0,7.9,58
2016-01-08,17.9,5.5,11.1,0.0,7.8,61
2016-01-09,18.7,3.3,10.9,0.0,7.2,61
2016-01-10,19.4,4.7,12.1,0.0,7.3,57
2016-01-11,18.7,5.5,12.3,0.0,7.3,62
2016-01-12,13.7,7.8,10.7,4.8,10.5,76
2016-01-13,18.0,5.7,11.4,0.0,8.0,65
2016-01-14,17.4,6.3,11.4,0.0,6.8,67
2016-01-15,18.2,4.3,10.5,0.0,7.9,66
2016-01-16,19.2,3.2,11.1,0.0,8.0,58
2016-01-17,16.9,7.1,11.6,0.0,7.3,63
2016-01-18,17.0,5.8,10.7,0.0,7.8,65
2016-01-19,18.4,2.2,9.0,0.0,10.7,43
2016-01-20,16.2,1.7,8.6,0.0,7.6,43
2016-01-21,16.3,2.4,9.5,0.0,7.6,59
2016-01-22,15.7,2.4,9.1,0.0,6.8,70
2016-01-23,16.0,2.8,9.4,0.0,5.5,73
2016-01-24,16.8,2.4,9.5,0.0,7.3,69
2016-01-25,14.6,3.7,9.2,0.0,6.5,80
2016-01-26,15.3,7.6,11.3,0.0,10.4,69
2016-01-27,17.5,6.5,11.5,0.1,8.0,66
2016-01-28,17.0,7.1,11.9,1.4,7.4,69
2016-01-29,12.6,9.9,11.1,12.9,7.6,91
2016-01-30,16.6,5.8,11.1,1.2,8.3,73
2016-01-31,18.2,2.6,9.7,0.0,8.7,52
2016-02-01,18.9,1.8,9.6,0.0,8.7,47
2016-02-02,19.5,2.5,10.0,0.0,9.4,47
2016-02-03,20.3,2.0,10.1,0.0,9.4,43
2016-02-04,20.5,4.3,11.6,0.0,7.9,45
2016-02-05,21.9,3.9,12.0,0.0,11.6,45
2016-02-06,21.3,5.9,13.0,0.0,9.8,39
2016-02-07,20.1,7.8,14.0,0.0,11.3,54
2016-02-08,19.7,7.2,13.7,0.0,8.4,68
2016-02-09,20.3,7.1,14.0,0.0,6.5,67
2016-02-10,12.6,7.7,9.8,15.0,8.7,86
2016-02-11,15.5,3.7,9.3,0.0,14.3,64
2016-02-12,16.1,2.7,9.2,0.0,11.1,67
2016-02-13,18.0,3.0,10.2,0.0,9.4,52
2016-02-14,18.2,3.8,10.7,0.0,9.9,58
2016-02-15,19.1,3.3,10.8,0.0,11.1,53
2016-02-16,20.6,3.2,11.2,0.0,9.4,45
2016-02-17,22.1,4.1,12.4,0.0,10.1,41
2016-02-18,22.8,5.5,13.4,0.0,9.4,40
2016-02-19,21.2,6.2,13.0,1.4,10.2,54
2016-02-20,21.7,5.8,13.1,0.0,7.8,62
2016-02-21,23.4,6.0,13.9,0.0,9.1,46
2016-02-22,26.5,5.7,15.5,0.0,19.3,36
2016-02-23,27.7,6.9,16.8,0.0,13.7,30
2016-02-24,27.6,8.3,17.8,0.0,9.9,32
2016-02-25,25.5,10.0,18.5,0.0,9.8,47
2016-02-26,26.0,10.3,17.8,0.0,8.4,48
2016-02-27,26.9,9.6,18.3,0.0,11.3,48
2016-02-28,26.3,12.1,19.1,0.0,10.9,54
2016-02-29,26.4,13.0,19.4,0.8,8.7,59
2016-03-01,25.2,12.6,18.6,0.0,7.6,59
2016-03-02,25.2,13.2,18.6,0.2,10.2,53
2016-03-03,25.4,14.1,19.2,0.3,13.0,53
2016-03-04,26.0,12.0,19.2,0.0,8.7,53
2016-03-05,19.8,12.0,15.7,4.2,8.8,76
2016-03-06,18.9,10.4,14.5,1.5,11.3,79
2016-03-07,24.1,9.0,16.5,0.0,7.6,62
2016-03-08,27.1,10.1,18.6,0.0,7.6,49
2016-03-09,27.4,11.9,19.9,0.0,9.4,47
2016-03-10,26.7,11.8,20.1,0.1,10.4,50
2016-03-11,17.6,12.9,14.8,54.1,8.0,89
2016-03-12,14.8,11.5,13.4,20.1,7.1,89
2016-03-13,14.1,9.7,12.3,6.7,9.7,85
2016-03-14,17.2,8.9,13.4,3.1,7.5,81
2016-03-15,20.1,10.1,14.8,0.0,6.9,75
2016-03-16,20.3,11.2,14.8,4.1,10.1,74
2016-03-17,15.5,11.8,13.7,3.1,7.1,80
2016-03-18,17.2,12.1,14.3,12.3,10.4,87
2016-03-19,18.4,12.8,14.9,14.1,10.5,87
2016-03-20,20.4,10.5,15.0,4.6,8.8,75
2016-03-21,23.2,8.6,15.5,0.0,10.7,62
2016-03-22,27.2,7.4,16.9,0.0,12.0,51
2016-03-23,27.6,12.1,19.3,0.0,10.1,54
2016-03-24,19.7,13.1,16.0,6.4,12.9,74
2016-03-25,22.2,11.1,16.8,1.5,9.5,70
2016-03-26,22.7,11.4,16.8,1.1,9.3,73
2016-03-27,27.6,10.6,18.7,0.0,9.9,58
2016-03-28,26.6,11.0,19.2,0.0,8.3,54
2016-03-29,28.2,12.4,21.0,0.0,8.3,56
2016-03-30,29.0,14.4,21.5,0.4,8.3,63
2016-03-31,21.6,14.9,18.6,9.7,9.0,75
2016-04-01,24.9,14.0,19.5,0.3,8.7,71
2016-04-02,20.5,14.7,18.2,14.5,7.9,85
2016-04-03,21.0,15.2,18.2,5.4,10.9,89
2016-04-04,26.4,13.7,19.9,0.0,9.4,70
2016-04-05,26.5,14.3,20.3,0.0,8.6,60
2016-04-06,27.1,14.1,20.7,0.8,10.1,58
2016-04-07,26.9,13.2,20.4,0.0,7.5,58
2016-04-08,25.1,12.9,18.9,1.3,6.7,67
2016-04-09,20.8,14.1,17.1,2.7,9.3,74
2016-04-10,26.3,12.2,19.4,0.1,9.8,64
2016-04-11,24.5,14.9,20.2,0.0,10.9,62
2016-04-12,27.9,13.0,20.9,0.0,7.6,62
2016-04-13,30.5,14.1,22.5,0.0,7.8,57
2016-04-14,32.0,15.7,23.8,0.0,7.9,47
2016-04-15,31.4,17.4,25.0,0.0,8.0,52
2016-04-16,32.0,17.0,24.3,0.8,15.5,55
2016-04-17,27.6,16.5,22.6,1.4,11.3,64
2016-04-18,30.8,15.7,23.4,0.0,9.5,54
2016-04-19,29.4,16.9,22.9,0.7,9.1,52
2016-04-20,31.0,15.2,23.4,0.0,11.2,50
2016-04-21,30.2,17.1,22.8,2.9,13.3,55
2016-04-22,28.5,14.1,21.6,0.0,12.5,48
2016-04-23,29.5,12.5,22.2,0.0,13.6,33
2016-04-24,30.3,12.1,22.6,0.0,10.7,33
2016-04-25,31.5,14.7,23.6,0.3,10.4,40
2016-04-26,31.6,17.1,24.3,0.3,11.4,42
2016-04-27,31.2,16.7,25.1,0.1,9.9,43
2016-04-28,33.9,15.5,25.7,0.0,8.0,35
2016-04-29,35.4,16.1,26.8,0.0,9.1,28
2016-04-30,36.8,18.4,28.3,0.0,9.7,32
2016-05-01,38.0,19.9,29.7,0.0,8.3,32
2016-05-02,37.6,20.6,29.9,0.0,12.8,31
2016-05-03,31.5,22.7,26.8,0.4,14.0,41
2016-05-04,25.5,19.9,22.2,6.6,12.9,61
2016-05-05,31.6,17.0,25.2,0.0,9.2,52
2016-05-06,35.3,17.8,27.6,0.0,8.3,46
2016-05-07,37.0,19.9,29.6,0.0,9.2,41
2016-05-08,38.5,21.1,30.4,0.4,9.5,40
2016-05-09,38.7,22.3,31.4,0.0,9.7,36
2016-05-10,37.7,23.7,30.5,1.0,15.6,38
2016-05-11,35.4,23.3,29.7,0.9,10.0,48
2016-05-12,34.2,22.0,28.7,0.0,6.9,51
2016-05-13,34.7,23.0,29.2,0.0,9.2,42
2016-05-14,33.3,22.1,27.7,0.0,13.9,45
2016-05-15,37.0,18.6,28.7,0.0,11.5,38
2016-05-16,38.7,21.1,30.9,0.0,9.4,29
2016-05-17,39.6,20.6,31.5,0.0,8.4,22
2016-05-18,41.7,21.7,32.6,0.0,17.2,23
2016-05-19,41.0,23.3,33.3,0.0,15.3,22
2016-05-20,41.6,23.0,33.6,0.0,8.8,24
2016-05-21,42.3,24.1,33.9,0.0,10.5,25
2016-05-22,42.3,24.5,34.1,0.1,9.4,29
2016-05-23,39.0,25.6,32.5,0.0,13.5,30
2016-05-24,35.0,25.4,29.3,1.4,11.8,40
2016-05-25,35.7,22.8,29.6,0.0,9.1,43
2016-05-26,37.2,23.4,31.1,0.0,8.2,36
2016-05-27,38.3,25.1,32.1,0.5,9.8,36
2016-05-28,40.3,24.2,33.3,0.0,14.5,28
2016-05-29,39.9,22.8,32.7,0.0,11.7,19
2016-05-30,38.9,23.6,32.7,0.0,14.8,22
2016-05-31,37.5,25.3,31.9,0.0,8.7,37
2016-06-01,39.5,26.4,32.6,0.4,11.7,35
2016-06-02,38.4,24.2,31.5,0.2,10.3,43
2016-06-03,37.6,26.0,31.8,0.0,15.3,39
2016-06-04,40.4,25.9,32.5,1.9,10.6,38
2016-06-05,41.6,24.4,34.0,0.0,8.9,31
2016-06-06,42.0,23.7,34.0,0.0,8.7,24
2016-06-07,41.9,23.7,33.7,0.0,8.3,25
2016-06-08,41.4,25.5,34.5,0.0,8.7,23
2016-06-09,41.1,26.9,34.9,0.0,8.7,26
2016-06-10,41.8,26.0,34.9,0.0,7.4,26
2016-06-11,39.1,28.0,33.8,0.0,10.1,37
2016-06-12,39.7,27.5,33.5,0.1,12.0,38
2016-06-13,39.5,25.4,33.4,0.0,8.8,47
2016-06-14,42.2,29.1,35.9,0.0,8.6,35
2016-06-15,41.4,28.7,34.4,3.0,14.6,42
2016-06-16,34.2,24.3,29.1,22.5,8.2,69
2016-06-17,36.7,25.9,31.3,0.0,8.4,58
2016-06-18,38.8,27.7,33.4,0.0,6.6,50
2016-06-19,39.7,29.4,34.5,0.0,8.3,45
2016-06-20,39.8,29.7,34.5,0.0,10.5,48
2016-06-21,38.0,26.2,32.3,1.7,12.1,57
2016-06-22,34.5,23.7,28.9,15.4,13.4,72
2016-06-23,36.9,25.3,31.1,3.4,8.3,57
2016-06-24,38.2,26.5,32.5,0.1,10.5,48
2016-06-25,39.7,27.4,33.8,0.0,10.1,45
2016-06-26,38.6,28.9,34.0,1.1,11.2,49
2016-06-27,38.6,28.8,33.4,0.1,9.2,52
2016-06-28,35.4,27.7,31.6,3.2,10.9,64
2016-06-29,38.5,28.9,33.7,0.0,8.4,54
2016-06-30,40.8,30.3,35.4,0.0,10.1,49
2016-07-01,42.7,31.6,36.7,0.0,12.5,44
2016-07-02,38.6,26.2,32.3,10.8,17.6,68
2016-07-03,29.8,25.4,27.5,13.8,10.9,82
2016-07-04,34.6,24.9,29.3,5.4,9.4,74
2016-07-05,36.6,26.7,31.5,0.9,10.4,65
2016-07-06,34.1,25.0,29.5,2.7,8.9,69
2016-07-07,35.6,25.6,30.7,2.1,11.3,63
2016-07-08,38.6,27.1,32.6,0.0,12.8,56
2016-07-09,36.7,28.1,31.2,4.0,19.3,64
2016-07-10,37.1,27.0,32.0,0.0,11.0,61
2016-07-11,36.8,27.6,31.9,2.9,13.0,64
2016-07-12,35.4,25.4,30.2,4.2,13.2,74
2016-07-13,35.1,25.9,29.8,9.7,13.0,77
2016-07-14,36.0,26.8,31.5,1.7,12.0,69
2016-07-15,36.9,26.8,31.8,0.9,10.5,68
2016-07-16,35.7,26.6,31.0,3.4,14.4,69
2016-07-17,31.6,24.2,27.6,15.5,12.7,78
2016-07-18,32.1,23.8,27.1,12.6,9.7,79
2016-07-19,35.0,24.9,29.8,0.1,11.7,65
2016-07-20,37.4,26.2,31.9,0.0,12.3,59
2016-07-21,37.4,28.3,32.6,0.0,11.0,62
2016-07-22,35.8,27.4,31.9,1.1,12.5,64
2016-07-23,35.9,26.4,30.6,1.9,12.7,71
2016-07-24,33.6,24.3,29.0,5.1,10.0,75
2016-07-25,35.2,26.9,30.9,2.4,11.5,69
2016-07-26,35.6,25.6,30.6,1.4,12.7,71
2016-07-27,29.4,24.4,25.9,13.7,9.4,91
2016-07-28,32.5,24.2,28.3,0.0,9.9,72
2016-07-29,34.7,26.6,30.2,0.1,10.9,67
2016-07-30,30.5,24.3,27.8,4.9,11.0,77
2016-07-31,32.8,24.7,28.7,4.5,8.4,73
2016-08-01,35.7,25.7,30.5,0.0,11.3,68
2016-08-02,31.7,25.9,28.1,1.2,9.7,78
2016-08-03,32.6,25.0,28.6,5.6,7.4,73
2016-08-04,36.3,25.5,31.3,2.0,6.9,63
2016-08-05,37.2,27.3,32.4,0.0,7.6,59
2016-08-06,37.8,28.5,32.3,0.9,12.4,60
2016-08-07,33.5,25.2,27.8,6.1,15.1,83
2016-08-08,30.5,24.5,27.0,3.7,8.1,86
2016-08-09,33.7,25.5,29.3,1.4,12.2,75
2016-08-10,32.2,25.1,28.6,4.6,13.3,78
2016-08-11,33.5,25.3,28.9,0.9,10.2,75
2016-08-12,34.1,24.5,28.8,3.2,10.2,72
2016-08-13,36.7,26.7,31.2,0.1,10.0,62
2016-08-14,36.3,27.8,31.1,2.6,11.9,62
2016-08-15,34.9,25.7,30.1,2.6,7.6,62
2016-08-16,37.8,26.1,31.9,0.0,11.3,44
2016-08-17,36.2,26.5,31.1,0.6,11.9,52
2016-08-18,36.6,26.2,30.8,0.2,10.7,58
2016-08-19,39.3,24.3,32.3,0.1,10.5,43
2016-08-20,39.3,27.8,33.7,0.0,9.7,41
2016-08-21,38.4,28.5,33.0,0.0,11.4,44
2016-08-22,38.8,27.1,32.8,0.1,7.9,48
2016-08-23,39.4,28.3,33.5,0.0,10.7,41
2016-08-24,39.1,28.9,33.2,0.7,12.3,43
2016-08-25,36.5,25.1,30.5,1.0,12.0,62
2016-08-26,37.3,28.2,31.9,2.2,13.0,58
2016-08-27,35.4,25.7,29.5,11.2,13.9,68
2016-08-28,34.8,24.6,28.9,0.2,15.6,68
2016-08-29,36.6,24.6,30.8,0.2,11.5,56
2016-08-30,33.9,24.6,28.6,2.0,10.1,65
2016-08-31,34.9,22.7,28.6,3.1,8.8,60
2016-09-01,33.8,24.2,29.0,0.4,9.8,45
2016-09-02,35.3,22.1,29.1,0.0,7.7,42
2016-09-03,38.0,22.2,30.6,0.0,9.4,36
2016-09-04,38.2,25.5,31.7,0.0,10.2,39
2016-09-05,38.6,27.5,32.6,0.0,12.5,42
2016-09-06,37.1,25.1,30.9,0.0,13.0,53
2016-09-07,38.2,27.4,32.2,0.0,10.8,47
2016-09-08,39.5,27.6,33.2,0.0,11.0,42
2016-09-09,40.1,27.3,33.8,0.1,12.9,42
2016-09-10,38.7,28.6,32.7,0.1,12.4,51
2016-09-11,36.4,27.0,30.6,2.1,11.7,57
2016-09-12,34.2,23.9,28.6,2.3,10.8,63
2016-09-13,33.7,23.4,28.3,10.8,12.1,61
2016-09-14,32.0,23.8,27.6,4.2,6.9,63
2016-09-15,34.2,25.3,29.4,0.3,7.4,55
2016-09-16,36.4,24.7,30.1,0.0,6.4,47
2016-09-17,38.0,21.6,30.1,0.0,11.1,41
2016-09-18,37.4,26.8,31.7,0.0,6.6,45
2016-09-19,37.7,26.0,31.6,0.0,9.2,46
2016-09-20,37.7,26.9,31.8,0.0,8.9,49
2016-09-21,33.3,26.9,29.7,2.7,13.0,58
2016-09-22,34.3,25.5,29.2,1.6,7.4,60
2016-09-23,32.6,25.3,28.3,2.0,13.3,62
2016-09-24,33.1,24.6,28.5,0.2,9.5,61
2016-09-25,33.8,25.8,29.4,0.1,8.9,58
2016-09-26,36.2,24.1,30.1,0.0,10.1,53
2016-09-27,36.5,25.5,30.5,0.0,10.2,50
2016-09-28,37.1,25.1,30.7,0.0,10.4,47
2016-09-29,34.9,26.7,30.3,0.3,10.0,54
2016-09-30,35.5,24.9,30.6,0.5,8.7,51
2016-10-01,37.0,27.2,31.6,0.0,5.2,47
2016-10-02,36.5,26.1,31.5,0.0,11.5,44
2016-10-03,36.8,25.2,30.8,0.0,6.6,42
2016-10-04,36.2,24.2,30.0,1.5,11.5,43
2016-10-05,33.0,24.5,28.5,0.3,7.7,50
2016-10-06,32.9,22.3,27.1,1.2,10.0,51
2016-10-07,33.2,21.2,26.7,0.0,7.9,49
2016-10-08,32.2,19.6,25.2,0.8,11.8,49
2016-10-09,32.7,19.1,25.4,0.5,8.0,43
2016-10-10,33.6,17.1,25.2,0.0,6.9,40
2016-10-11,34.3,17.2,26.1,0.0,8.7,34
2016-10-12,33.1,19.5,26.2,0.0,6.5,36
2016-10-13,33.9,17.9,26.2,0.0,9.7,35
2016-10-14,33.5,17.8,26.5,0.0,7.4,33
2016-10-15,34.6,17.7,26.3,0.0,8.1,32
2016-10-16,33.8,18.3,26.4,0.0,10.7,35
2016-10-17,34.1,18.1,26.2,0.0,9.7,37
2016-10-18,33.6,17.8,26.1,0.0,11.3,38
2016-10-19,32.8,18.4,26.0,0.0,7.8,34
2016-10-20,32.4,17.3,24.6,0.4,11.0,34
2016-10-21,30.5,17.6,24.1,0.0,7.3,35
2016-10-22,31.5,17.0,24.3,0.0,8.7,31
2016-10-23,30.6,14.9,23.6,0.0,7.7,31
2016-10-24,30.4,15.6,23.2,0.0,9.2,36
2016-10-25,30.1,15.4,22.2,0.0,8.1,46
2016-10-26,30.6,14.0,22.3,0.0,14.5,29
2016-10-27,30.7,11.9,21.5,0.0,8.3,24
2016-10-28,31.6,12.3,21.6,0.0,11.7,26
2016-10-29,29.9,13.7,21.8,0.0,10.4,28
2016-10-30,28.8,14.4,21.8,0.0,7.8,42
2016-10-31,29.3,14.9,22.4,0.0,7.0,47
2016-11-01,30.4,14.2,22.5,0.0,7.9,46
2016-11-02,29.2,14.5,22.4,0.0,12.0,49
2016-11-03,27.9,16.3,21.9,4.1,5.4,63
2016-11-04,25.8,14.5,19.6,18.1,11.0,66
2016-11-05,26.7,11.0,18.5,0.0,7.9,47
2016-11-06,27.4,11.6,18.5,0.0,8.1,44
2016-11-07,27.4,8.9,17.2,0.0,9.0,40
2016-11-08,28.4,9.4,18.1,0.0,7.9,39
2016-11-09,27.6,11.0,18.9,0.0,7.9,42
2016-11-10,26.9,10.7,18.8,0.0,9.7,42
2016-11-11,25.2,10.7,17.8,0.3,11.2,50
2016-11-12,26.2,12.4,18.4,0.0,10.5,44
2016-11-13,25.6,9.0,16.7,0.0,7.4,43
2016-11-14,25.8,8.8,17.0,0.0,7.2,43
2016-11-15,25.2,9.3,17.3,0.0,8.2,46
2016-11-16,25.2,9.7,17.2,0.0,7.2,48
2016-11-17,26.3,9.8,17.3,0.0,7.2,48
2016-11-18,27.5,10.2,18.1,0.0,7.6,48
2016-11-19,27.1,10.1,18.5,0.0,6.9,41
2016-11-20,21.4,14.0,17.6,0.0,8.0,56
2016-11-21,22.3,13.4,17.3,1.7,10.4,66
2016-11-22,21.8,13.2,16.9,0.0,10.1,64
2016-11-23,23.8,10.1,17.3,0.0,8.3,53
2016-11-24,23.1,10.3,16.3,0.0,8.3,52
2016-11-25,23.0,10.7,15.9,0.0,10.0,50
2016-11-26,23.9,10.2,16.0,0.0,9.4,54
2016-11-27,25.3,9.1,16.0,0.0,9.5,41
2016-11-28,26.2,8.4,16.1,0.0,9.1,35
2016-11-29,24.3,10.7,16.9,0.0,7.6,37
2016-11-30,24.0,12.3,17.4,0.0,7.6,44
2016-12-01,24.9,9.4,16.1,0.0,9.0,50
2016-12-02,25.5,8.2,15.6,0.0,9.5,41
2016-12-03,25.7,7.7,16.5,0.0,8.0,38
2016-12-04,23.8,9.9,16.5,0.0,6.2,47
2016-12-05,25.8,10.7,17.2,0.0,6.5,51
2016-12-06,25.7,12.0,18.0,0.0,6.6,48
2016-12-07,26.6,11.8,18.8,0.0,6.8,46
2016-12-08,22.8,12.0,17.2,0.0,5.4,53
2016-12-09,22.0,10.4,16.0,0.0,8.7,63
2016-12-10,18.5,10.9,14.0,6.3,7.9,80
2016-12-11,19.7,11.8,14.9,0.1,9.4,74
2016-12-12,19.7,8.7,13.7,0.0,9.5,62
2016-12-13,20.8,8.8,13.6,0.0,10.7,59
2016-12-14,21.8,5.9,13.1,0.0,8.7,48
2016-12-15,22.4,9.2,15.0,0.0,6.8,46
2016-12-16,21.4,7.1,14.3,0.0,7.3,47
2016-12-17,21.5,7.3,13.7,0.0,7.2,48
2016-12-18,22.2,7.2,13.6,0.0,7.6,49
2016-12-19,21.8,7.3,13.7,0.0,7.5,49
2016-12-20,23.4,7.4,14.4,0.0,10.9,47
2016-12-21,24.5,7.0,14.9,0.0,9.0,44
2016-12-22,24.2,9.0,15.3,0.0,8.1,40
2016-12-23,22.6,8.3,14.2,0.0,8.4,45
2016-12-24,19.5,5.2,11.9,0.0,18.2,33
2016-12-25,20.3,4.4,11.8,0.0,11.7,23
2016-12-26,21.6,4.0,12.3,0.0,8.6,30
2016-12-27,21.8,9.1,14.9,0.0,6.5,33
2016-12-28,23.9,9.0,15.4,0.0,7.3,41
2016-12-29,23.6,11.4,16.6,0.0,6.5,43
2016-12-30,20.4,11.0,15.0,0.0,7.2,52
2016-12-31,20.8,7.5,13.6,0.0,6.8,60
2017-01-01,21.1,7.4,13.2,0.0,7.6,62
2017-01-02,21.1,8.0,14.0,0.0,12.1,64
2017-01-03,14.4,11.6,12.9,3.6,14.9,69
2017-01-04,12.8,10.8,11.6,11.9,9.4,82
2017-01-05,17.0,9.1,12.6,3.3,9.2,73
2017-01-06,13.1,7.4,10.2,6.4,15.2,78
2017-01-07,15.8,3.8,8.9,0.0,10.0,72
2017-01-08,14.7,4.1,8.3,0.0,12.9,59
2017-01-09,14.7,1.7,7.5,0.0,20.2,35
2017-01-10,16.7,0.6,8.2,0.0,10.4,32
2017-01-11,16.0,0.9,7.0,0.0,8.8,40
2017-01-12,15.2,2.2,8.2,0.0,7.9,54
2017-01-13,15.0,4.1,8.4,0.3,10.1,53
2017-01-14,13.0,5.7,8.8,0.5,14.5,57
2017-01-15,14.2,5.3,8.9,1.2,15.5,70
2017-01-16,14.4,5.3,9.4,1.4,12.3,75
2017-01-17,16.5,5.9,10.3,2.2,11.7,70
2017-01-18,8.9,5.2,7.9,20.7,17.6,86
2017-01-19,15.8,4.3,9.2,0.0,14.2,64
2017-01-20,17.7,3.2,11.1,0.0,14.8,40
2017-01-21,20.2,5.0,12.4,0.0,15.3,38
2017-01-22,20.5,10.6,14.4,0.0,12.4,41
2017-01-23,17.8,7.3,12.1,2.0,11.7,62
2017-01-24,14.5,8.8,11.0,0.6,12.4,79
2017-01-25,11.8,9.5,10.7,10.9,8.8,89
2017-01-26,17.1,7.7,11.7,4.2,12.0,75
2017-01-27,18.2,5.6,11.2,0.0,8.0,72
2017-01-28,17.3,8.4,11.9,0.3,14.1,58
2017-01-29,20.4,8.2,13.2,0.3,9.0,60
2017-01-30,15.8,7.4,11.6,2.6,7.8,75
2017-01-31,19.4,7.7,13.4,0.6,10.6,71
2017-02-01,20.8,7.3,12.9,0.0,8.7,58
2017-02-02,19.8,8.7,13.6,0.0,5.3,67
2017-02-03,17.8,9.0,12.7,0.1,8.7,67
2017-02-04,12.8,8.9,10.4,15.2,12.5,86
2017-02-05,16.4,5.1,11.0,5.1,19.2,69
2017-02-06,18.5,4.9,11.0,0.0,14.1,57
2017-02-07,19.3,5.4,12.7,0.0,15.8,46
2017-02-08,18.2,8.7,13.8,0.0,22.2,41
2017-02-09,20.0,6.1,11.8,0.0,12.1,48
2017-02-10,20.7,3.9,12.3,0.0,6.3,45
2017-02-11,21.1,5.4,12.6,0.0,6.5,43
2017-02-12,22.0,6.9,13.5,0.0,11.4,43
2017-02-13,23.4,7.8,15.6,0.0,15.8,38
2017-02-14,22.6,7.9,15.1,0.0,13.7,46
2017-02-15,21.5,10.6,15.7,0.0,18.6,49
2017-02-16,23.0,9.2,15.4,0.0,16.8,55
2017-02-17,24.1,10.7,17.8,0.0,13.5,56
2017-02-18,22.0,13.6,17.3,2.6,11.0,66
2017-02-19,18.8,13.0,15.4,3.7,15.8,83
2017-02-20,22.2,9.1,15.5,0.0,24.5,41
2017-02-21,22.0,6.0,13.6,0.0,10.7,40
2017-02-22,21.0,5.5,13.5,0.0,10.3,49
2017-02-23,22.5,5.7,13.8,0.0,16.0,36
2017-02-24,23.5,6.4,14.2,0.1,8.4,31
2017-02-25,24.9,8.1,15.8,1.2,18.2,37
2017-02-26,25.9,8.1,16.8,0.0,11.9,33
2017-02-27,26.2,11.9,18.1,0.0,8.4,34
2017-02-28,20.0,10.9,15.9,2.6,20.3,58
2017-03-01,20.8,10.6,15.3,1.3,14.9,59
2017-03-02,21.9,8.7,14.6,0.0,9.4,65
2017-03-03,22.8,8.3,15.2,0.0,14.1,53
2017-03-04,23.1,8.3,15.6,0.0,13.8,43
2017-03-05,24.1,6.8,15.8,0.0,12.9,29
2017-03-06,25.0,8.9,16.9,0.0,10.5,30
2017-03-07,22.2,10.3,16.0,0.5,11.9,46
2017-03-08,21.5,9.7,14.4,2.1,12.8,68
2017-03-09,17.6,8.4,12.3,2.7,9.1,77
2017-03-10,19.5,7.7,12.8,1.8,11.8,64
2017-03-11,19.4,5.9,12.5,0.0,15.6,57
2017-03-12,20.5,6.6,13.1,0.0,11.7,29
2017-03-13,21.9,8.1,14.9,0.0,14.2,41
2017-03-14,22.6,7.5,15.6,0.0,9.4,47
2017-03-15,21.8,13.8,16.7,0.0,20.9,46
2017-03-16,24.4,10.3,17.2,0.5,14.5,46
2017-03-17,24.6,10.3,17.2,0.0,12.9,57
2017-03-18,26.4,11.0,18.7,0.0,11.4,50
2017-03-19,29.7,12.2,20.5,0.0,21.1,40
2017-03-20,29.6,13.6,21.6,0.0,9.4,37
2017-03-21,21.6,16.3,18.3,2.2,16.1,58
2017-03-22,18.5,14.3,16.3,14.3,14.8,76
2017-03-23,27.7,11.8,19.5,0.0,17.8,58
2017-03-24,31.3,12.2,21.8,0.0,12.2,43
2017-03-25,31.4,15.2,22.7,0.0,12.9,39
2017-03-26,33.2,15.2,24.3,0.0,9.3,38
2017-03-27,32.9,17.7,25.1,0.0,12.6,42
2017-03-28,30.8,21.4,25.4,0.0,20.3,43
2017-03-29,32.7,18.3,25.6,0.0,10.9,45
2017-03-30,34.1,18.4,26.0,0.4,13.0,40
2017-03-31,32.2,20.0,26.1,0.0,18.7,35
2017-04-01,34.2,18.2,26.0,0.0,17.7,35
2017-04-02,33.7,19.8,25.9,0.4,12.5,32
2017-04-03,33.5,18.4,25.9,0.0,18.2,32
2017-04-04,28.1,17.2,22.7,0.5,15.0,47
2017-04-05,24.9,15.7,19.9,1.8,18.5,68
2017-04-06,26.1,13.8,19.6,0.0,17.3,50
2017-04-07,22.9,13.0,17.4,1.3,13.9,44
2017-04-08,26.4,11.6,18.8,0.0,12.1,41
2017-04-09,29.1,14.5,21.4,0.0,14.7,28
2017-04-10,32.3,13.5,23.1,0.0,16.5,28
2017-04-11,36.1,16.4,26.3,0.0,17.9,25
2017-04-12,37.9,18.4,28.3,0.0,21.7,24
2017-04-13,37.4,17.7,28.0,0.0,17.8,28
2017-04-14,38.7,18.7,29.5,0.0,16.2,23
2017-04-15,39.4,21.5,30.3,0.0,14.2,23
2017-04-16,41.3,21.1,31.1,0.0,15.4,19
2017-04-17,40.9,22.6,31.6,0.0,13.8,26
2017-04-18,41.4,22.8,32.2,0.0,15.0,27
2017-04-19,40.9,23.7,32.2,0.3,20.8,30
2017-04-20,38.4,24.9,31.8,0.0,17.1,33
2017-04-21,37.6,23.1,30.3,0.0,19.0,31
2017-04-22,33.1,21.2,26.8,0.9,22.7,45
2017-04-23,30.5,18.4,24.4,0.9,25.6,50
2017-04-24,28.1,16.7,22.0,3.4,14.3,58
2017-04-25,34.7,17.8,26.2,0.0,17.3,33
2017-04-26,33.8,17.8,25.7,0.0,19.1,36
2017-04-27,35.0,18.9,26.8,0.0,20.9,37
2017-04-28,34.8,18.0,27.0,0.3,18.8,36
2017-04-29,32.9,19.6,26.5,0.2,17.7,34
2017-04-30,35.1,18.6,26.5,0.0,23.5,28
2017-05-01,35.3,17.9,26.7,0.0,14.1,25
2017-05-02,34.7,19.4,26.2,0.1,15.6,32
2017-05-03,30.9,21.5,25.3,0.6,14.3,41
2017-05-04,34.0,17.9,26.4,0.0,11.9,43
2017-05-05,36.7,22.0,29.7,0.0,12.1,33
2017-05-06,38.2,21.9,30.7,0.1,13.4,33
2017-05-07,38.8,25.6,31.2,0.0,14.3,32
2017-05-08,38.2,24.6,31.1,7.3,16.4,34
2017-05-09,39.0,23.1,31.4,0.7,19.5,33
2017-05-10,37.9,23.2,30.6,0.0,20.1,32
2017-05-11,37.2,23.4,29.9,0.0,12.3,35
2017-05-12,37.4,24.9,30.9,0.9,13.0,34
2017-05-13,38.4,25.4,31.2,0.1,14.3,36
2017-05-14,38.4,24.1,31.0,0.7,23.0,39
2017-05-15,35.2,24.6,29.9,0.1,26.1,42
2017-05-16,34.1,23.0,28.3,5.3,15.0,48
2017-05-17,32.3,22.1,27.1,1.0,9.7,61
2017-05-18,37.9,23.1,30.1,0.0,13.4,43
2017-05-19,38.9,22.2,30.9,0.0,18.2,39
2017-05-20,37.2,22.5,30.1,1.6,19.4,41
2017-05-21,37.6,22.2,28.8,2.1,21.4,44
2017-05-22,33.2,23.6,28.1,7.1,10.8,52
2017-05-23,38.0,22.1,30.2,0.0,14.1,42
2017-05-24,38.4,23.5,31.2,0.0,21.4,40
2017-05-25,41.3,22.9,32.7,0.0,16.1,34
2017-05-26,44.4,25.8,34.8,0.0,17.5,20
2017-05-27,45.3,29.3,37.6,0.0,28.4,10
2017-05-28,42.7,24.0,33.8,0.0,21.4,19
2017-05-29,43.3,23.7,33.7,0.0,19.1,27
2017-05-30,40.7,24.0,32.4,0.0,22.4,31
2017-05-31,37.5,26.9,32.6,0.4,30.3,19
2017-06-01,38.2,23.5,30.6,0.0,14.9,41
2017-06-02,41.2,24.2,32.8,0.0,11.4,28
2017-06-03,44.6,26.6,35.2,0.0,11.1,23
2017-06-04,46.9,26.2,36.9,0.0,12.0,21
2017-06-05,44.4,28.3,36.8,1.1,15.0,21
2017-06-06,39.8,26.3,33.8,0.2,16.5,28
2017-06-07,39.1,24.6,32.5,0.0,15.3,31
2017-06-08,37.5,24.5,31.0,0.0,17.4,46
2017-06-09,37.4,23.6,30.0,0.0,16.3,46
2017-06-10,34.5,23.8,28.8,1.4,27.0,48
2017-06-11,37.1,22.7,30.0,0.0,11.9,43
2017-06-12,38.3,22.9,31.0,0.1,15.4,36
2017-06-13,40.0,25.5,32.4,0.0,23.4,33
2017-06-14,41.2,23.8,33.2,0.0,24.8,31
2017-06-15,40.9,24.8,33.1,0.0,25.7,33
2017-06-16,41.2,25.3,33.1,0.0,14.0,37
2017-06-17,40.3,26.9,33.4,0.0,14.4,42
2017-06-18,40.4,27.0,33.3,0.0,12.2,48
2017-06-19,39.9,27.1,33.3,0.1,20.8,45
2017-06-20,35.6,27.2,30.4,3.0,20.7,58
2017-06-21,29.9,21.7,25.7,11.0,31.2,73
2017-06-22,35.3,23.7,29.3,0.0,12.2,57
2017-06-23,38.2,24.7,31.6,0.0,12.3,50
2017-06-24,40.8,26.5,33.5,0.0,12.5,49
2017-06-25,38.3,27.8,33.4,3.0,13.3,51
2017-06-26,35.7,26.5,31.2,3.1,14.4,59
2017-06-27,38.3,28.6,32.5,0.0,14.0,58
2017-06-28,33.5,24.3,27.9,27.5,17.7,78
2017-06-29,35.6,23.3,29.4,13.4,12.2,63
2017-06-30,34.6,25.2,29.8,0.0,11.8,65
2017-07-01,37.4,26.0,31.5,0.0,12.2,61
2017-07-02,38.1,27.9,32.7,1.8,15.0,55
2017-07-03,38.1,26.9,32.4,0.3,16.8,56
2017-07-04,38.5,27.6,32.6,0.0,13.1,56
2017-07-05,36.3,24.1,31.2,0.3,10.5,59
2017-07-06,36.6,26.5,31.8,1.5,12.1,54
2017-07-07,37.0,27.1,31.3,0.9,14.9,60
2017-07-08,39.0,26.9,32.9,0.1,14.9,55
2017-07-09,39.5,28.4,34.0,0.2,13.6,53
2017-07-10,40.1,27.8,34.4,0.7,23.0,54
2017-07-11,35.8,26.9,30.2,3.6,14.9,69
2017-07-12,32.5,25.7,28.4,7.6,12.5,80
2017-07-13,32.0,24.9,27.9,29.3,10.2,80
2017-07-14,34.8,25.7,29.8,2.6,7.9,73
2017-07-15,34.4,24.5,29.6,7.1,10.6,73
2017-07-16,34.8,24.1,29.8,13.5,16.6,75
2017-07-17,34.2,24.9,29.0,14.1,14.5,77
2017-07-18,32.9,24.3,28.1,21.4,13.0,81
2017-07-19,33.5,24.6,28.3,12.7,11.2,81
2017-07-20,34.3,26.6,30.2,5.3,13.5,76
2017-07-21,31.9,24.5,27.9,7.3,14.4,82
2017-07-22,34.1,25.2,28.6,2.8,14.6,80
2017-07-23,32.2,24.2,27.4,8.1,9.4,81
2017-07-24,34.6,25.6,29.8,4.0,13.0,74
2017-07-25,32.8,24.7,28.2,3.2,15.6,78
2017-07-26,31.0,24.6,27.6,4.6,18.2,82
2017-07-27,31.3,24.4,27.1,13.9,11.9,85
2017-07-28,32.8,25.2,28.4,4.9,10.3,83
2017-07-29,33.1,25.1,27.8,9.2,11.9,86
2017-07-30,32.2,25.3,28.1,12.4,13.2,86
2017-07-31,32.2,25.4,28.3,4.6,12.9,86
2017-08-01,32.1,26.0,28.3,4.5,13.3,86
2017-08-02,30.2,25.1,27.1,7.2,17.6,88
2017-08-03,32.4,25.0,28.1,8.9,13.5,82
2017-08-04,35.3,25.1,29.3,6.4,18.9,76
2017-08-05,34.7,24.1,29.7,5.6,11.5,78
2017-08-06,35.0,26.2,30.3,6.4,16.9,78
2017-08-07,34.2,25.5,29.0,8.3,16.6,82
2017-08-08,32.9,24.9,28.8,7.1,12.6,80
2017-08-09,33.2,25.1,28.6,9.7,13.8,82
2017-08-10,32.7,24.7,28.3,9.9,13.9,80
2017-08-11,34.3,24.9,28.7,9.3,20.3,78
2017-08-12,35.8,24.6,29.7,0.8,11.6,73
2017-08-13,33.2,24.7,27.6,20.3,13.1,80
2017-08-14,31.2,22.8,27.0,2.8,13.3,72
2017-08-15,34.7,23.8,28.7,0.0,8.2,67
2017-08-16,34.5,23.8,28.9,0.4,11.0,72
2017-08-17,35.5,26.2,30.4,0.0,11.5,70
2017-08-18,35.8,26.5,30.7,0.1,7.2,70
2017-08-19,34.4,27.1,30.0,2.8,11.7,74
2017-08-20,32.9,22.9,27.7,13.5,16.3,76
2017-08-21,32.5,24.4,28.1,2.1,11.0,77
2017-08-22,32.1,24.5,27.9,6.1,15.1,77
2017-08-23,32.5,23.9,28.0,9.0,12.3,77
2017-08-24,29.2,23.9,26.0,14.0,13.4,85
2017-08-25,29.2,22.5,25.4,12.1,10.9,82
2017-08-26,31.5,23.2,27.1,0.2,9.2,76
2017-08-27,34.2,23.7,28.5,0.0,7.7,71
2017-08-28,32.9,23.3,28.1,0.0,9.6,75
2017-08-29,32.8,23.6,28.0,3.8,10.6,75
2017-08-30,33.9,24.3,28.5,0.6,10.5,76
2017-08-31,32.0,25.1,28.4,2.5,8.1,80
2017-09-01,31.8,22.7,27.7,6.9,16.3,77
2017-09-02,31.4,22.1,26.0,1.6,12.5,77
2017-09-03,32.1,23.2,26.7,4.2,12.4,79
2017-09-04,32.1,22.8,27.1,3.5,10.0,77
2017-09-05,33.2,24.4,27.8,1.8,13.5,78
2017-09-06,31.2,23.2,26.9,7.6,9.8,79
2017-09-07,30.8,22.2,26.1,13.1,12.0,78
2017-09-08,33.7,24.0,28.4,0.0,9.3,73
2017-09-09,33.3,24.4,28.7,0.0,10.8,74
2017-09-10,28.0,22.7,25.4,10.7,14.3,83
2017-09-11,31.1,21.3,25.9,4.7,10.3,76
2017-09-12,33.0,22.5,27.5,0.0,8.2,71
2017-09-13,32.1,22.4,26.9,0.8,7.6,72
2017-09-14,30.5,22.6,25.5,2.3,14.1,77
2017-09-15,33.5,21.0,26.6,0.0,6.9,57
2017-09-16,33.1,20.3,26.4,0.0,7.6,54
2017-09-17,34.6,19.3,26.9,0.0,8.7,52
2017-09-18,34.9,19.6,26.5,0.0,10.2,61
2017-09-19,34.3,19.5,26.5,0.0,8.4,66
2017-09-20,33.6,21.0,27.0,0.0,7.1,70
2017-09-21,32.7,21.5,27.0,1.7,8.7,69
2017-09-22,32.8,20.8,27.1,0.0,12.0,67
2017-09-23,33.5,21.8,27.0,0.0,9.2,66
2017-09-24,32.6,22.1,26.8,0.3,14.0,69
2017-09-25,33.4,23.4,27.5,0.0,10.4,66
2017-09-26,34.3,22.3,27.6,0.0,8.3,63
2017-09-27,34.8,21.8,27.4,0.0,9.0,65
2017-09-28,34.2,21.5,27.4,0.0,7.3,67
2017-09-29,34.4,22.2,27.7,0.1,10.5,66
2017-09-30,34.6,22.4,27.8,0.0,7.8,59
2017-10-01,34.0,22.0,27.9,1.3,8.4,56
2017-10-02,35.3,23.4,28.2,0.0,9.5,51
2017-10-03,34.6,22.1,27.7,0.0,14.0,53
2017-10-04,33.9,21.2,27.6,0.0,10.1,57
2017-10-05,32.9,23.8,27.5,0.0,16.6,48
2017-10-06,33.1,23.3,27.6,0.0,22.5,45
2017-10-07,34.1,22.0,27.4,0.0,10.0,46
2017-10-08,33.7,20.8,26.4,1.6,9.2,49
2017-10-09,33.7,20.2,25.9,0.0,8.5,52
2017-10-10,33.6,18.8,25.5,0.0,9.3,58
2017-10-11,33.1,19.3,25.2,0.0,11.4,58
2017-10-12,33.7,20.2,25.6,0.0,9.2,52
2017-10-13,33.5,19.0,25.3,0.0,15.1,45
2017-10-14,32.7,18.8,24.9,0.0,10.0,46
2017-10-15,32.1,18.8,24.7,0.0,8.0,45
2017-10-16,33.2,19.3,25.2,0.0,8.7,42
2017-10-17,33.7,18.4,25.3,0.0,10.2,43
2017-10-18,33.8,18.5,25.2,0.0,8.3,47
2017-10-19,32.3,19.2,25.1,0.0,10.1,49
2017-10-20,33.3,18.7,25.2,0.0,9.4,46
2017-10-21,32.8,17.7,24.3,0.0,7.7,46
2017-10-22,29.8,16.0,22.6,4.8,14.9,58
2017-10-23,29.2,16.6,22.6,0.1,7.0,52
2017-10-24,32.6,15.9,23.2,0.0,22.6,35
2017-10-25,32.4,14.6,21.9,0.0,10.1,43
2017-10-26,29.4,13.6,20.9,0.0,8.7,50
2017-10-27,29.7,15.1,21.3,0.0,9.9,53
2017-10-28,29.7,15.6,21.2,0.0,9.4,58
2017-10-29,28.7,15.0,21.0,0.0,11.4,58
2017-10-30,28.7,14.7,20.9,0.0,8.4,61
2017-10-31,27.8,14.4,20.9,0.0,12.1,62
2017-11-01,28.3,15.5,21.1,0.0,11.4,65
2017-11-02,28.4,16.2,21.3,0.0,12.1,70
2017-11-03,27.6,14.9,20.8,0.0,13.7,75
2017-11-04,28.6,16.2,21.5,0.0,11.0,73
2017-11-05,29.7,17.1,21.8,0.0,9.4,70
2017-11-06,28.6,15.6,21.1,0.0,10.1,74
2017-11-07,27.1,14.8,20.1,0.0,9.9,79
2017-11-08,26.8,16.4,20.8,0.0,5.9,75
2017-11-09,27.9,14.9,20.0,0.0,7.6,71
2017-11-10,26.6,13.9,19.0,0.0,9.2,72
2017-11-11,27.1,13.5,19.1,0.0,8.7,71
2017-11-12,26.0,13.0,18.3,0.0,9.4,73
2017-11-13,24.8,12.1,17.9,0.0,9.0,73
2017-11-14,16.1,13.1,14.3,27.9,13.5,90
2017-11-15,14.6,11.7,13.0,21.6,14.2,80
2017-11-16,19.7,10.6,14.5,0.3,18.4,64
2017-11-17,18.8,9.3,13.6,1.5,17.9,66
2017-11-18,21.9,9.1,14.7,0.4,10.3,57
2017-11-19,22.4,8.0,14.4,0.0,10.6,46
2017-11-20,22.0,9.6,14.5,0.0,10.2,43
2017-11-21,22.6,8.2,13.8,0.0,10.1,42
2017-11-22,22.4,9.0,13.9,0.0,10.0,41
2017-11-23,22.1,9.2,13.8,0.0,8.2,47
2017-11-24,21.3,8.4,13.9,0.1,7.9,61
2017-11-25,24.4,9.8,16.0,0.0,10.3,51
2017-11-26,22.2,10.9,15.8,0.0,9.4,61
2017-11-27,23.2,11.3,15.4,0.0,9.2,59
2017-11-28,20.8,8.0,14.5,0.0,5.4,63
2017-11-29,23.1,8.5,15.1,0.0,8.7,47
2017-11-30,23.2,8.6,14.7,0.0,10.2,45
2017-12-01,21.9,9.4,14.2,0.0,9.2,49
2017-12-02,21.1,9.5,14.2,0.0,4.4,62
2017-12-03,19.3,6.0,12.5,0.0,8.3,70
2017-12-04,19.5,6.7,12.3,0.0,8.7,67
2017-12-05,18.9,8.2,13.2,0.0,21.8,34
2017-12-06,21.2,4.1,12.0,0.0,10.3,35
2017-12-07,22.6,5.1,13.4,0.0,13.5,29
2017-12-08,22.8,10.0,14.9,0.0,9.7,34
2017-12-09,19.3,7.8,12.7,0.0,6.7,51
2017-12-10,20.6,8.4,12.9,0.0,9.6,55
2017-12-11,13.6,6.4,10.5,7.8,7.2,83
2017-12-12,14.6,8.4,10.7,2.9,6.6,88
2017-12-13,13.8,7.3,10.0,2.2,15.5,82
2017-12-14,14.8,5.0,9.5,0.0,13.5,70
2017-12-15,16.0,5.1,10.3,0.1,15.5,53
2017-12-16,17.4,7.1,11.3,0.0,19.6,38
2017-12-17,19.5,5.0,11.3,0.0,10.5,42
2017-12-18,20.9,6.6,13.3,0.0,9.4,40
2017-12-19,22.3,7.4,14.2,0.0,6.8,44
2017-12-20,20.9,9.2,14.5,0.0,7.2,52
2017-12-21,20.6,9.6,13.8,0.0,6.7,50
2017-12-22,21.1,6.1,13.1,0.0,10.1,46
2017-12-23,21.7,9.7,13.8,0.0,9.3,44
2017-12-24,20.3,8.4,12.7,0.0,9.1,56
2017-12-25,21.3,7.4,13.5,0.0,7.4,49
2017-12-26,19.2,6.7,12.7,0.0,8.4,56
2017-12-27,22.2,5.4,12.1,0.0,9.7,63
2017-12-28,20.8,4.7,12.7,0.0,18.9,34
2017-12-29,20.6,7.4,13.2,0.0,10.2,28
2017-12-30,21.0,7.2,13.1,0.0,13.7,28
2017-12-31,20.6,6.2,12.4,0.0,8.7,37
2018-01-01,19.5,7.1,11.3,0.0,9.1,45
2018-01-02,17.7,4.4,10.2,0.0,7.4,67
2018-01-03,18.8,6.8,11.3,0.0,7.9,57
2018-01-04,13.6,4.5,8.7,0.7,7.9,76
2018-01-05,15.4,4.8,10.1,0.0,7.6,68
2018-01-06,18.0,3.1,10.2,0.0,9.0,62
2018-01-07,18.3,4.9,10.1,0.0,7.6,57
2018-01-08,18.2,5.0,10.5,0.0,9.7,63
2018-01-09,20.4,6.4,11.7,0.0,5.9,56
2018-01-10,21.1,6.7,12.6,0.0,8.4,44
2018-01-11,19.4,7.0,12.4,0.0,7.9,50
2018-01-12,20.5,8.0,12.5,0.0,8.4,54
2018-01-13,19.4,4.7,11.1,0.0,8.0,65
2018-01-14,19.3,4.6,11.2,0.0,8.3,65
2018-01-15,20.9,6.6,11.6,0.0,6.8,52
2018-01-16,19.4,5.9,11.6,0.0,8.0,53
2018-01-17,16.1,4.1,10.0,1.2,11.6,64
2018-01-18,20.7,7.1,12.3,0.0,14.8,48
2018-01-19,22.3,7.9,13.3,0.0,8.1,36
2018-01-20,23.8,4.0,14.1,0.0,11.2,35
2018-01-21,20.1,5.8,12.5,0.0,9.7,44
2018-01-22,19.4,4.9,11.7,0.0,9.5,62
2018-01-23,20.3,4.9,10.7,0.0,10.0,69
2018-01-24,16.8,3.2,9.5,0.0,8.3,78
2018-01-25,18.5,6.0,11.3,0.0,9.0,68
2018-01-26,18.6,5.4,10.4,0.0,8.6,78
2018-01-27,18.5,5.1,10.6,0.0,9.5,77
2018-01-28,19.2,4.7,11.3,0.0,11.2,73
2018-01-29,17.4,7.3,11.6,1.2,15.5,70
2018-01-30,18.5,9.7,13.3,0.3,13.5,61
2018-01-31,18.2,7.1,12.3,0.0,10.6,52
2018-02-01,20.1,6.4,12.6,0.0,14.1,54
2018-02-02,21.8,6.4,14.2,0.0,15.0,35
2018-02-03,21.0,7.5,12.8,0.0,13.0,33
2018-02-04,21.0,5.2,12.4,0.0,13.4,19
2018-02-05,20.3,7.6,13.0,0.0,8.1,27
2018-02-06,20.8,5.9,12.9,0.0,8.6,43
2018-02-07,21.4,8.4,13.8,0.0,12.8,25
2018-02-08,21.4,5.7,12.6,0.0,11.7,33
2018-02-09,20.6,6.7,13.1,0.0,6.0,32
2018-02-10,16.9,8.5,11.7,2.0,14.2,54
2018-02-11,18.3,7.8,12.6,0.8,15.1,57
2018-02-12,11.2,8.6,9.7,26.6,19.1,85
2018-02-13,13.9,6.8,10.0,1.4,11.7,77
2018-02-14,18.4,7.0,12.3,0.0,16.6,55
2018-02-15,21.6,7.9,14.0,0.0,15.1,53
2018-02-16,23.5,8.6,15.0,0.0,7.5,54
2018-02-17,23.9,9.2,15.1,0.0,19.9,45
2018-02-18,23.7,7.4,14.4,0.0,9.4,41
2018-02-19,24.1,9.3,15.6,0.0,6.2,47
2018-02-20,23.9,11.1,15.9,0.2,16.8,50
2018-02-21,22.7,10.6,16.7,0.0,15.3,49
2018-02-22,24.5,8.6,16.3,0.0,9.4,53
2018-02-23,24.7,10.5,16.7,0.0,7.7,45
2018-02-24,15.7,11.3,13.8,4.8,17.0,72
2018-02-25,22.8,8.5,14.9,0.0,10.5,65
2018-02-26,25.2,11.1,17.7,0.0,14.0,54
2018-02-27,24.5,12.5,17.8,0.6,16.6,55
2018-02-28,25.7,12.5,18.7,0.0,8.6,53
2018-03-01,21.1,14.1,17.1,7.7,17.5,69
2018-03-02,19.1,13.9,15.8,24.1,12.8,84
2018-03-03,21.7,13.0,16.1,0.7,13.7,78
2018-03-04,22.2,11.8,16.5,0.0,8.2,72
2018-03-05,24.1,10.2,16.9,0.0,9.0,63
2018-03-06,26.0,11.1,18.2,0.0,13.7,49
2018-03-07,26.9,12.4,18.4,0.0,10.1,44
2018-03-08,26.5,12.1,18.4,0.5,14.7,53
2018-03-09,24.1,12.2,18.2,0.1,11.7,57
2018-03-10,27.5,12.4,19.8,0.0,14.8,49
2018-03-11,28.8,14.3,20.5,0.0,13.2,48
2018-03-12,26.5,14.9,20.6,0.8,10.3,51
2018-03-13,21.2,14.6,17.2,8.3,11.2,80
2018-03-14,22.4,13.4,17.4,0.6,14.7,71
2018-03-15,23.2,10.9,17.0,1.9,10.8,68
2018-03-16,26.2,12.2,18.5,0.0,11.8,54
2018-03-17,27.9,12.3,19.5,0.0,10.8,38
2018-03-18,28.6,13.2,20.3,0.0,8.9,37
2018-03-19,27.4,17.0,21.7,0.0,17.8,39
2018-03-20,28.5,16.4,21.3,1.2,11.6,43
2018-03-21,28.1,16.3,20.3,1.4,13.8,54
2018-03-22,26.5,13.0,19.5,0.0,10.7,63
2018-03-23,27.6,14.4,20.5,0.0,12.2,61
2018-03-24,30.8,15.0,22.0,0.0,14.8,53
2018-03-25,32.6,13.7,23.5,0.0,7.6,32
2018-03-26,34.4,16.7,24.0,0.0,11.6,41
2018-03-27,31.9,14.2,23.1,0.0,10.4,58
2018-03-28,33.0,16.5,24.0,0.0,16.0,45
2018-03-29,35.3,17.3,27.0,0.0,31.7,21
2018-03-30,36.4,18.3,28.1,0.0,18.5,15
2018-03-31,36.8,17.6,27.2,0.0,15.0,21
2018-04-01,34.3,16.8,25.2,0.0,15.5,48
2018-04-02,33.5,19.3,25.4,1.0,21.7,56
2018-04-03,30.3,19.0,24.0,2.4,9.1,62
2018-04-04,32.0,18.9,25.1,0.0,11.2,54
2018-04-05,33.0,17.9,24.9,1.4,12.1,54
2018-04-06,32.9,17.0,24.6,1.7,16.6,57
2018-04-07,33.0,17.5,25.1,0.0,13.4,54
2018-04-08,26.4,19.0,22.0,6.4,14.9,74
2018-04-09,26.0,18.0,20.7,13.4,20.5,82
2018-04-10,26.5,17.5,21.5,8.6,11.7,74
2018-04-11,26.9,15.8,20.3,0.5,21.0,64
2018-04-12,28.5,13.8,21.2,0.0,8.6,53
2018-04-13,30.2,16.3,22.9,0.0,6.9,48
2018-04-14,30.2,17.1,23.9,0.8,6.8,47
2018-04-15,32.6,17.3,24.9,0.0,22.8,44
2018-04-16,24.2,17.4,19.9,10.1,21.9,72
2018-04-17,25.6,16.1,20.6,0.5,11.8,71
2018-04-18,27.5,16.0,21.0,3.3,19.4,67
2018-04-19,26.6,15.2,20.3,5.8,25.3,70
2018-04-20,17.3,11.9,15.1,36.3,19.9,86
2018-04-21,25.7,10.8,18.3,0.0,14.8,62
2018-04-22,30.2,13.3,21.9,0.0,10.0,48
2018-04-23,33.4,16.0,24.4,0.0,10.1,44
2018-04-24,33.2,17.9,25.4,0.0,9.4,53
2018-04-25,34.9,18.7,26.8,0.0,17.1,47
2018-04-26,35.5,19.6,27.6,0.0,14.3,37
2018-04-27,36.6,20.3,28.4,0.0,10.2,36
2018-04-28,35.6,19.8,28.2,0.3,11.5,41
2018-04-29,36.9,21.9,29.4,0.0,10.7,35
2018-04-30,38.2,19.2,29.3,0.0,12.6,33
2018-05-01,37.8,21.5,29.9,0.0,19.4,34
2018-05-02,34.9,21.3,27.7,2.3,16.8,46
2018-05-03,30.4,20.3,25.5,2.0,19.9,53
2018-05-04,32.9,20.6,26.9,0.0,9.4,47
2018-05-05,32.7,21.6,27.1,0.1,12.4,42
2018-05-06,31.5,19.6,24.3,0.1,11.6,58
2018-05-07,26.2,18.0,21.4,3.2,15.1,75
2018-05-08,31.2,18.1,24.4,0.0,13.6,59
2018-05-09,32.7,20.0,26.0,0.0,10.5,52
2018-05-10,36.2,21.1,28.3,0.0,11.8,48
2018-05-11,38.4,22.7,29.8,3.3,23.0,52
2018-05-12,35.1,21.4,27.5,7.3,20.1,57
2018-05-13,32.3,20.5,26.4,0.0,15.4,51
2018-05-14,28.7,20.9,25.3,0.7,16.4,56
2018-05-15,30.8,19.7,23.6,3.0,12.7,70
2018-05-16,32.8,19.8,26.3,0.6,14.8,51
2018-05-17,33.7,20.4,27.3,2.4,20.3,45
2018-05-18,30.9,20.9,26.1,1.4,22.7,44
2018-05-19,31.7,20.0,26.2,0.2,18.3,39
2018-05-20,32.5,20.3,26.8,0.0,23.5,32
2018-05-21,33.9,21.7,28.4,0.2,26.3,25
2018-05-22,34.9,22.5,28.6,0.0,25.0,24
2018-05-23,36.8,21.1,29.5,0.0,18.6,21
2018-05-24,38.2,22.9,30.8,0.0,18.6,17
2018-05-25,38.9,23.3,31.5,0.4,22.2,21
2018-05-26,39.3,23.7,31.5,0.0,25.2,23
2018-05-27,40.4,24.2,32.1,0.1,23.3,27
2018-05-28,41.0,24.6,33.3,0.0,30.7,17
2018-05-29,40.7,26.2,33.3,0.0,20.0,18
2018-05-30,42.2,25.8,34.4,0.0,15.5,18
2018-05-31,42.1,25.8,34.0,0.0,17.4,22
2018-06-01,42.2,26.5,34.1,0.0,17.1,30
2018-06-02,42.7,25.2,34.1,0.0,13.1,33
2018-06-03,43.3,26.1,34.5,0.0,12.8,37
2018-06-04,42.8,25.6,34.1,0.1,12.9,43
2018-06-05,40.9,26.7,34.2,4.4,16.9,41
2018-06-06,41.3,26.8,34.0,0.0,11.6,46
2018-06-07,41.6,26.0,33.8,0.0,10.8,48
2018-06-08,42.5,27.3,34.6,0.0,12.2,44
2018-06-09,36.4,26.6,31.7,0.3,17.4,53
2018-06-10,35.9,26.6,30.8,1.8,11.4,56
2018-06-11,39.1,25.7,32.2,0.0,18.8,43
2018-06-12,43.4,25.9,34.2,0.0,13.6,29
2018-06-13,44.2,26.3,35.3,0.0,14.8,26
2018-06-14,45.0,27.3,36.2,0.0,15.0,25
2018-06-15,37.6,26.3,32.3,0.0,20.7,44
2018-06-16,36.6,24.1,31.2,1.2,16.5,51
2018-06-17,33.1,21.5,26.9,12.1,12.0,68
2018-06-18,35.4,23.4,28.9,0.1,13.7,60
2018-06-19,37.5,24.9,31.2,0.0,10.4,52
2018-06-20,38.4,26.5,32.1,0.0,25.2,47
2018-06-21,36.4,26.2,31.6,0.2,8.8,52
2018-06-22,34.2,27.1,30.7,1.0,15.5,48
2018-06-23,38.8,26.4,32.1,0.0,12.6,44
2018-06-24,38.5,26.6,32.5,0.0,17.8,39
2018-06-25,42.0,25.6,34.4,0.0,14.7,31
2018-06-26,40.9,25.8,33.9,0.0,13.0,29
2018-06-27,37.6,25.6,31.6,0.0,23.9,41
2018-06-28,39.1,26.3,32.3,0.0,14.3,48
2018-06-29,38.6,26.0,31.9,0.0,16.0,48
2018-06-30,39.4,25.7,32.3,0.0,15.0,49
2018-07-01,40.8,27.2,34.4,0.0,14.6,47
2018-07-02,42.1,29.4,35.8,0.0,16.5,41
2018-07-03,35.7,22.8,29.2,16.2,20.8,71
2018-07-04,34.0,22.0,27.5,8.4,16.9,69
2018-07-05,32.6,21.6,27.3,1.9,16.9,70
2018-07-06,37.8,24.4,30.9,0.0,10.8,55
2018-07-07,39.3,24.9,31.8,0.0,12.0,54
2018-07-08,40.5,25.3,32.9,0.0,14.5,56
2018-07-09,40.7,27.8,34.1,0.0,19.6,53
2018-07-10,40.4,29.0,34.2,0.0,20.4,54
2018-07-11,38.3,29.5,33.6,0.0,17.9,58
2018-07-12,35.7,25.4,30.9,1.8,20.6,70
2018-07-13,32.5,24.4,28.2,14.5,19.4,78
2018-07-14,35.5,25.8,30.2,14.5,17.2,74
2018-07-15,33.8,25.3,29.2,4.9,11.5,78
2018-07-16,33.0,24.5,28.3,18.4,13.3,81
2018-07-17,32.7,24.7,28.4,15.7,14.2,82
2018-07-18,32.3,24.4,28.0,15.7,11.4,80
2018-07-19,34.1,25.5,29.9,2.6,9.8,75
2018-07-20,34.1,24.9,29.2,12.4,9.4,78
2018-07-21,35.1,24.9,29.9,12.7,11.6,77
2018-07-22,33.4,25.7,28.7,18.4,12.5,83
2018-07-23,28.7,25.0,26.5,17.6,12.6,90
2018-07-24,33.8,25.4,29.4,0.4,9.7,77
2018-07-25,34.3,25.3,30.0,6.7,16.3,79
2018-07-26,31.6,24.9,27.6,8.7,11.4,85
2018-07-27,30.8,24.3,26.6,81.1,22.7,88
2018-07-28,31.7,23.0,27.2,13.1,8.0,81
2018-07-29,32.8,22.9,27.9,11.5,9.3,79
2018-07-30,34.7,25.5,29.7,1.3,7.6,73
2018-07-31,35.6,25.2,30.6,0.0,8.3,71
2018-08-01,34.3,26.5,29.9,0.5,15.6,73
2018-08-02,34.0,23.7,28.6,6.9,17.6,75
2018-08-03,35.7,26.5,30.7,0.1,10.8,73
2018-08-04,36.7,27.3,31.7,0.1,10.4,71
2018-08-05,36.7,28.4,32.4,0.0,15.0,68
2018-08-06,36.9,28.3,32.1,0.0,16.6,68
2018-08-07,30.7,24.7,27.4,8.6,16.2,85
2018-08-08,31.3,24.2,27.2,12.4,11.8,81
2018-08-09,34.0,25.2,29.4,0.1,9.7,73
2018-08-10,34.6,26.4,30.3,0.3,10.8,75
2018-08-11,35.0,27.4,31.0,0.4,13.4,74
2018-08-12,36.0,27.2,31.1,1.7,24.1,75
2018-08-13,31.2,25.1,27.8,5.4,16.7,83
2018-08-14,33.2,24.7,28.1,11.6,12.8,79
2018-08-15,34.2,25.7,29.8,0.1,10.6,75
2018-08-16,33.2,25.1,28.9,7.5,9.8,79
2018-08-17,34.1,26.2,29.9,0.0,10.6,77
2018-08-18,31.8,24.3,27.6,6.5,14.5,81
2018-08-19,34.8,24.8,29.5,1.1,10.8,78
2018-08-20,35.6,26.9,30.8,0.5,8.2,77
2018-08-21,33.8,27.4,29.7,4.2,14.1,80
2018-08-22,33.1,25.4,28.9,11.9,14.0,82
2018-08-23,33.8,25.8,29.2,7.2,13.0,82
2018-08-24,34.5,25.0,29.5,7.5,16.6,78
2018-08-25,32.8,24.0,28.1,4.9,14.6,76
2018-08-26,31.6,22.9,27.4,7.2,10.5,79
2018-08-27,33.7,23.6,28.3,4.2,14.7,75
2018-08-28,34.9,25.1,29.6,0.0,10.6,71
2018-08-29,35.0,25.6,30.1,0.0,9.0,71
2018-08-30,34.8,26.5,30.2,0.1,10.8,71
2018-08-31,35.3,26.8,30.6,0.2,10.0,69
2018-09-01,33.7,24.9,29.0,5.7,13.7,75
2018-09-02,33.4,23.3,28.2,4.7,11.3,71
2018-09-03,32.2,23.0,27.3,10.9,15.1,74
2018-09-04,33.4,23.7,28.3,4.2,11.2,74
2018-09-05,33.3,24.0,28.4,2.4,11.5,75
2018-09-06,35.8,25.5,30.0,0.0,9.7,69
2018-09-07,35.3,25.0,29.8,0.4,8.7,71
2018-09-08,34.5,25.3,29.6,0.0,10.5,70
2018-09-09,34.3,25.5,29.9,0.7,15.6,71
2018-09-10,34.1,24.8,29.3,1.9,17.0,72
2018-09-11,34.3,23.5,28.6,1.6,14.9,73
2018-09-12,35.4,25.1,29.7,0.0,14.8,67
2018-09-13,35.0,24.8,29.3,0.0,21.6,65
2018-09-14,31.4,22.5,26.3,5.5,14.1,65
2018-09-15,29.3,20.3,23.4,9.5,13.0,72
2018-09-16,32.2,19.3,25.4,0.0,7.2,56
2018-09-17,33.6,19.8,25.9,0.0,8.2,56
2018-09-18,33.2,18.6,25.9,0.0,12.6,65
2018-09-19,33.5,20.4,27.1,0.0,13.4,65
2018-09-20,34.2,21.9,27.8,0.0,8.9,65
2018-09-21,31.6,22.9,26.7,2.6,21.6,70
2018-09-22,33.4,23.3,27.7,0.0,14.3,61
2018-09-23,30.5,20.0,25.5,13.5,19.3,75
2018-09-24,31.4,21.6,26.1,8.7,10.1,71
2018-09-25,31.1,20.9,25.9,0.0,13.4,72
2018-09-26,31.6,22.7,26.4,1.7,8.6,71
2018-09-27,33.4,22.0,26.5,0.0,19.7,64
2018-09-28,33.1,22.0,26.4,0.1,15.1,62
2018-09-29,31.6,20.2,25.2,0.0,11.2,70
2018-09-30,32.1,20.9,25.8,0.1,10.7,63
2018-10-01,32.5,21.8,26.5,0.0,8.5,57
2018-10-02,33.3,20.3,26.1,0.0,16.2,56
2018-10-03,31.5,20.3,24.9,0.8,17.3,63
2018-10-04,27.1,19.5,22.7,1.2,18.4,62
2018-10-05,30.4,17.7,23.6,0.5,14.8,54
2018-10-06,31.7,19.2,24.6,0.0,10.1,46
2018-10-07,32.3,19.3,24.7,0.0,10.2,49
2018-10-08,26.2,17.1,20.3,20.6,14.5,74
2018-10-09,27.2,15.6,20.2,0.0,10.1,68
2018-10-10,29.2,16.1,21.9,0.0,9.2,50
2018-10-11,29.2,15.8,22.1,0.0,10.7,55
2018-10-12,28.3,16.7,21.6,0.0,17.7,53
2018-10-13,29.1,15.3,21.9,0.0,7.6,50
2018-10-14,29.7,16.9,22.6,0.0,10.8,48
2018-10-15,27.0,15.5,20.7,7.3,20.6,61
2018-10-16,21.2,15.6,18.2,19.0,10.0,80
2018-10-17,25.6,15.0,19.5,0.0,8.8,67
2018-10-18,28.0,16.0,20.9,0.0,12.2,52
2018-10-19,28.3,15.4,21.2,0.0,9.8,47
2018-10-20,28.9,15.6,21.6,0.0,9.4,46
2018-10-21,28.2,15.6,21.2,0.0,8.4,50
2018-10-22,28.2,15.3,20.6,0.0,9.9,52
2018-10-23,28.0,13.9,20.3,0.0,10.5,59
2018-10-24,27.9,14.2,20.8,0.0,8.4,58
2018-10-25,27.1,15.3,20.0,0.0,9.1,57
2018-10-26,28.2,14.4,20.8,0.0,9.3,57
2018-10-27,28.3,14.0,20.4,0.0,8.4,61
2018-10-28,28.5,13.9,20.6,0.0,9.1,65
2018-10-29,27.5,13.9,20.6,0.0,8.7,71
2018-10-30,27.8,15.1,21.3,0.0,12.1,74
2018-10-31,24.3,16.9,20.0,16.7,23.7,78
2018-11-01,19.9,15.8,17.5,33.0,12.4,90
2018-11-02,22.8,14.2,18.0,0.0,7.8,75
2018-11-03,22.0,11.4,15.9,0.2,18.6,53
2018-11-04,22.5,9.7,15.3,0.0,7.6,46
2018-11-05,23.9,10.1,15.6,0.0,12.0,41
2018-11-06,25.1,10.7,17.0,0.0,7.7,36
2018-11-07,24.5,12.0,16.8,0.0,8.9,46
2018-11-08,24.1,11.7,16.8,0.0,8.4,63
2018-11-09,24.2,12.9,17.2,0.0,7.8,63
2018-11-10,24.8,11.7,17.3,0.0,8.7,65
2018-11-11,24.7,12.6,17.7,0.3,8.9,66
2018-11-12,23.0,14.7,18.0,0.6,9.8,63
2018-11-13,22.8,12.0,17.0,0.3,13.1,67
2018-11-14,18.4,12.3,14.9,5.1,10.9,80
2018-11-15,21.4,10.0,15.5,0.0,8.2,68
2018-11-16,23.1,10.7,16.0,0.0,9.0,64
2018-11-17,23.4,8.0,15.1,0.1,8.1,66
2018-11-18,23.8,11.1,16.4,0.0,8.4,63
2018-11-19,23.4,12.1,17.3,0.0,10.0,58
2018-11-20,25.2,11.7,17.6,0.0,9.0,53
2018-11-21,25.1,12.1,17.8,0.0,7.4,47
2018-11-22,17.2,10.4,14.2,1.2,18.0,63
2018-11-23,24.2,12.8,17.8,0.0,19.4,40
2018-11-24,26.5,9.0,16.9,0.0,10.6,45
2018-11-25,24.5,10.7,16.3,0.0,8.4,60
2018-11-26,24.7,11.7,16.2,0.0,8.0,72
2018-11-27,20.8,8.8,14.3,0.0,6.5,84
2018-11-28,21.8,11.3,16.2,0.0,19.3,66
2018-11-29,23.8,11.9,17.0,0.0,16.9,46
2018-11-30,24.6,7.5,15.2,0.0,10.8,44
2018-12-01,22.1,8.8,13.6,0.0,8.1,52
2018-12-02,20.9,6.2,13.4,0.0,8.0,69
2018-12-03,21.8,9.1,13.8,0.0,9.0,67
2018-12-04,21.2,6.7,12.8,0.0,7.2,74
2018-12-05,20.0,9.0,13.1,0.0,8.6,71
2018-12-06,20.6,8.0,13.4,0.0,7.9,66
2018-12-07,20.6,8.0,13.1,0.0,9.3,62
2018-12-08,20.1,9.0,13.2,0.0,9.7,69
2018-12-09,19.4,8.5,13.2,2.1,9.2,72
2018-12-10,13.5,10.3,11.8,8.1,12.7,80
2018-12-11,17.4,7.7,11.6,0.0,10.6,75
2018-12-12,18.6,5.0,11.0,0.0,10.2,67
2018-12-13,16.9,5.0,10.2,0.0,8.7,77
2018-12-14,17.9,6.2,10.5,0.0,7.7,55
2018-12-15,19.4,6.3,11.3,0.0,6.8,46
2018-12-16,20.2,6.8,11.6,0.0,7.6,49
2018-12-17,20.6,7.1,11.8,0.0,8.1,48
2018-12-18,21.3,6.9,12.4,0.0,8.7,49
2018-12-19,19.0,5.8,11.3,0.0,9.7,64
2018-12-20,18.9,6.4,11.4,0.0,8.8,61
2018-12-21,20.4,5.9,11.3,0.0,9.1,53
2018-12-22,18.6,6.6,10.7,0.0,9.0,54
2018-12-23,15.7,1.6,8.7,0.0,10.4,73
2018-12-24,19.1,5.4,10.4,0.0,11.8,51
2018-12-25,18.7,3.0,9.4,0.0,9.7,53
2018-12-26,14.7,2.5,7.6,0.0,6.8,60
2018-12-27,15.8,2.4,7.9,0.0,8.7,65
2018-12-28,17.3,4.3,8.7,0.0,7.1,56
2018-12-29,17.4,2.4,8.7,0.0,8.7,67
2018-12-30,17.9,5.8,10.2,0.0,8.7,67
2018-12-31,19.3,5.0,10.4,0.0,9.9,65
2019-01-01,15.5,6.9,10.4,0.0,7.3,52
2019-01-02,16.8,5.7,10.1,0.0,11.2,74
2019-01-03,17.7,3.7,10.6,0.0,8.8,71
2019-01-04,14.5,7.4,10.0,1.0,15.5,68
2019-01-05,12.9,5.1,8.9,1.3,12.3,73
2019-01-06,17.9,2.5,9.6,0.0,10.4,57
2019-01-07,16.3,5.7,9.6,0.0,8.5,49
2019-01-08,17.4,5.1,10.9,0.3,15.8,54
2019-01-09,18.5,3.7,9.9,0.0,8.1,55
2019-01-10,11.9,4.7,7.9,1.5,12.4,64
2019-01-11,15.4,3.4,8.9,0.1,10.7,68
2019-01-12,13.4,4.7,8.6,0.3,9.0,82
2019-01-13,13.1,4.0,7.6,0.0,10.8,80
2019-01-14,18.5,1.1,8.6,0.0,10.5,43
2019-01-15,18.3,5.1,9.9,0.0,8.9,40
2019-01-16,16.1,3.8,9.2,0.0,9.2,60
2019-01-17,20.0,5.5,11.1,0.0,10.2,50
2019-01-18,14.3,7.0,10.5,0.3,17.6,46
2019-01-19,19.5,7.0,12.1,0.6,12.8,54
2019-01-20,15.3,7.4,11.1,0.1,6.7,77
2019-01-21,15.9,8.9,11.5,0.0,14.6,69
2019-01-22,11.6,6.9,9.0,4.0,8.9,90
2019-01-23,14.6,6.6,9.4,0.1,12.6,75
2019-01-24,16.1,3.5,9.2,0.0,15.0,54
2019-01-25,16.6,2.2,8.8,0.0,12.7,45
2019-01-26,15.9,3.6,8.8,0.0,11.5,57
2019-01-27,17.3,2.1,9.3,0.0,14.3,32
2019-01-28,18.1,2.8,9.5,0.0,9.2,35
2019-01-29,18.3,5.0,10.3,0.0,8.3,41
2019-01-30,14.2,8.2,11.0,1.0,12.9,53
2019-01-31,9.0,7.2,8.1,14.2,13.9,87
2019-02-01,16.9,5.5,10.0,0.2,8.7,74
2019-02-02,19.2,6.1,11.5,0.0,14.3,56
2019-02-03,20.8,5.5,12.2,0.0,15.3,47
2019-02-04,20.7,8.1,13.9,0.0,14.4,44
2019-02-05,17.6,9.7,13.1,2.2,12.3,60
2019-02-06,13.1,6.2,9.9,7.0,12.3,76
2019-02-07,16.3,4.1,9.8,0.1,16.5,51
2019-02-08,13.1,5.4,8.5,7.3,17.3,73
2019-02-09,18.9,2.6,10.0,0.0,8.1,53
2019-02-10,20.6,6.7,12.6,0.0,8.0,42
2019-02-11,20.6,6.4,13.7,0.0,7.3,50
2019-02-12,16.7,10.1,13.2,0.1,19.2,54
2019-02-13,18.6,10.4,13.5,1.5,10.5,66
2019-02-14,16.7,8.7,12.0,2.4,17.9,73
2019-02-15,19.1,4.7,11.1,0.0,14.0,59
2019-02-16,19.9,4.1,11.8,0.0,7.4,47
2019-02-17,18.7,6.5,12.8,0.0,12.5,47
2019-02-18,15.3,7.9,11.3,0.5,13.6,70
2019-02-19,16.0,5.4,10.4,6.5,7.4,82
2019-02-20,13.2,8.6,10.4,13.1,14.2,79
2019-02-21,13.5,6.2,9.9,2.9,20.1,72
2019-02-22,19.1,3.8,10.6,0.0,10.8,57
2019-02-23,20.4,3.5,11.6,0.0,13.2,45
2019-02-24,20.3,5.2,11.9,0.0,11.5,49
2019-02-25,18.7,5.9,11.8,0.2,20.5,65
2019-02-26,14.1,6.2,9.5,3.0,14.6,80
2019-02-27,17.8,5.4,11.2,0.0,16.6,56
2019-02-28,18.3,5.0,12.0,0.0,12.2,48
2019-03-01,13.9,9.2,11.2,1.1,16.0,62
2019-03-02,10.6,8.6,9.4,22.9,9.9,91
2019-03-03,16.2,8.3,11.0,3.7,12.2,73
2019-03-04,20.6,6.0,13.1,0.0,14.3,59
2019-03-05,21.3,7.6,13.6,0.0,9.9,56
2019-03-06,22.2,9.1,14.5,0.0,10.9,60
2019-03-07,17.7,9.0,12.6,2.1,12.3,70
2019-03-08,20.0,7.3,13.9,0.0,12.2,54
2019-03-09,23.3,7.5,14.7,0.0,15.6,43
2019-03-10,23.9,6.1,15.1,0.0,10.3,45
2019-03-11,12.7,10.5,11.7,17.7,16.2,80
2019-03-12,19.9,9.4,14.1,0.0,19.1,57
2019-03-13,22.9,8.4,14.7,0.7,16.2,57
2019-03-14,20.8,9.1,14.0,0.1,14.8,69
2019-03-15,22.1,7.7,14.5,0.0,9.4,59
2019-03-16,24.6,9.4,16.5,0.0,11.8,45
2019-03-17,27.0,10.2,18.4,0.0,10.2,44
2019-03-18,25.5,9.8,18.2,0.0,9.8,51
2019-03-19,16.9,12.3,14.5,22.1,12.6,78
2019-03-20,20.6,9.0,14.4,0.2,12.5,68
2019-03-21,24.0,8.5,16.3,0.0,12.8,58
2019-03-22,25.6,10.9,17.9,0.0,10.7,45
2019-03-23,24.1,14.1,18.3,0.0,17.4,46
2019-03-24,26.0,11.6,18.1,0.0,15.3,48
2019-03-25,27.8,12.2,19.6,0.0,19.1,36
2019-03-26,29.7,11.0,20.1,0.0,10.7,37
2019-03-27,30.2,14.1,21.4,0.0,11.8,50
2019-03-28,30.3,15.3,22.8,0.2,11.5,52
2019-03-29,29.7,16.9,22.3,0.0,19.8,49
2019-03-30,25.8,15.4,19.8,0.1,26.4,53
2019-03-31,30.3,12.4,21.3,0.0,15.4,37
2019-04-01,33.3,13.4,23.2,0.0,18.1,29
2019-04-02,33.2,16.1,24.2,0.0,12.0,32
2019-04-03,35.2,17.3,25.2,0.0,14.5,39
2019-04-04,34.2,16.9,25.8,0.0,11.9,48
2019-04-05,35.4,19.5,27.3,0.0,13.0,40
2019-04-06,35.9,18.6,27.0,0.0,24.0,32
2019-04-07,34.3,16.8,25.7,0.0,10.9,38
2019-04-08,33.3,17.3,25.6,0.0,13.8,44
2019-04-09,33.3,18.3,24.9,2.7,15.0,51
2019-04-10,31.7,18.5,24.8,0.0,16.1,50
2019-04-11,28.4,20.1,23.9,1.0,22.4,49
2019-04-12,30.9,17.7,24.5,0.0,14.5,49
2019-04-13,27.6,19.1,23.5,9.7,13.1,56
2019-04-14,31.2,20.0,24.9,0.0,17.1,46
2019-04-15,31.9,20.4,24.9,0.3,17.3,49
2019-04-16,21.0,17.5,19.0,24.5,14.2,82
2019-04-17,20.8,15.6,17.7,15.1,15.1,79
2019-04-18,26.7,16.1,20.6,1.8,9.5,65
2019-04-19,29.3,15.8,22.2,0.0,13.9,60
2019-04-20,30.7,18.1,23.0,0.2,17.6,65
2019-04-21,32.5,19.1,25.3,0.4,9.0,59
2019-04-22,34.3,20.1,26.9,0.0,12.4,53
2019-04-23,33.0,21.1,25.7,0.0,24.9,59
2019-04-24,27.2,18.7,22.9,0.3,18.7,69
2019-04-25,29.9,19.1,23.5,0.0,18.3,58
2019-04-26,30.2,17.1,24.0,0.0,19.6,55
2019-04-27,32.6,18.8,26.0,0.0,15.5,42
2019-04-28,34.7,19.3,27.0,0.0,12.0,35
2019-04-29,34.5,17.8,27.0,0.0,14.6,33
2019-04-30,31.3,20.6,26.0,0.0,17.9,36
2019-05-01,33.8,17.5,26.3,0.0,15.5,33
2019-05-02,31.7,19.2,25.6,0.0,14.2,31
2019-05-03,32.4,18.4,25.6,0.0,17.4,33
2019-05-04,35.1,18.6,26.9,0.0,14.9,32
2019-05-05,37.2,18.5,28.1,0.0,15.8,25
2019-05-06,36.9,20.6,28.7,0.0,13.1,22
2019-05-07,38.1,20.9,29.6,0.0,13.6,25
2019-05-08,38.3,19.7,29.6,0.0,14.6,30
2019-05-09,38.0,23.3,30.8,0.0,16.3,28
2019-05-10,36.0,23.4,29.8,0.0,19.4,30
2019-05-11,35.1,22.2,28.6,0.0,13.2,38
2019-05-12,35.9,22.2,29.3,0.0,15.5,36
2019-05-13,35.8,22.6,28.7,0.0,17.9,40
2019-05-14,35.2,20.6,28.3,0.0,21.6,44
2019-05-15,34.7,21.4,27.0,0.0,20.2,49
2019-05-16,30.1,19.9,25.2,0.9,14.9,58
2019-05-17,29.8,20.9,25.3,3.2,13.6,56
2019-05-18,31.8,18.4,25.1,2.4,16.3,60
2019-05-19,32.9,21.0,27.0,0.3,17.5,45
2019-05-20,35.8,18.6,28.0,0.0,12.2,42
2019-05-21,38.6,22.3,30.4,0.0,12.6,32
2019-05-22,38.7,23.1,31.1,0.0,17.5,30
2019-05-23,28.9,21.4,26.2,1.1,21.7,46
2019-05-24,29.5,19.6,23.7,4.0,15.9,64
2019-05-25,35.3,18.7,26.7,0.0,14.4,53
2019-05-26,38.1,22.0,29.4,0.0,18.6,35
2019-05-27,38.6,20.6,29.7,0.0,16.6,31
2019-05-28,39.8,22.4,31.0,0.0,15.5,27
2019-05-29,41.0,22.4,32.2,0.0,14.7,25
2019-05-30,41.9,22.2,33.1,0.0,19.5,21
2019-05-31,42.7,26.0,34.5,0.0,18.2,21
2019-06-01,42.8,27.1,34.5,0.0,25.4,23
2019-06-02,42.5,27.6,34.8,0.0,19.3,24
2019-06-03,39.7,28.1,33.9,0.0,25.8,22
2019-06-04,38.5,25.1,31.7,0.0,17.8,30
2019-06-05,37.2,25.7,31.4,0.0,22.2,27
2019-06-06,39.7,25.1,32.1,0.0,22.8,26
2019-06-07,39.6,24.3,32.0,0.0,13.0,30
2019-06-08,39.8,24.7,32.7,0.0,20.2,31
2019-06-09,41.9,26.0,34.0,0.0,16.5,20
2019-06-10,42.8,25.8,34.1,0.0,13.2,24
2019-06-11,35.0,27.4,31.2,0.0,21.2,31
2019-06-12,36.9,21.2,29.9,0.1,19.4,33
2019-06-13,39.5,23.4,31.6,0.0,12.8,23
2019-06-14,40.5,23.5,32.7,0.0,15.7,21
2019-06-15,40.9,26.2,33.8,0.0,16.1,22
2019-06-16,42.0,24.4,33.2,0.0,18.1,22
2019-06-17,40.3,24.6,32.3,0.0,18.8,30
2019-06-18,36.9,23.9,30.9,0.0,27.8,40
2019-06-19,37.8,25.7,31.9,0.2,15.3,41
2019-06-20,36.8,24.8,31.0,0.1,23.7,39
2019-06-21,36.3,25.0,31.3,0.9,11.0,40
2019-06-22,40.1,25.8,33.1,0.0,23.0,34
2019-06-23,38.8,26.6,33.1,0.0,14.1,33
2019-06-24,35.6,27.3,31.1,0.3,19.0,41
2019-06-25,39.2,25.7,32.5,0.0,23.1,35
2019-06-26,41.4,26.3,33.7,0.0,15.1,28
2019-06-27,41.2,25.6,33.1,0.0,22.0,31
2019-06-28,41.8,25.8,34.5,0.0,19.1,28
2019-06-29,41.3,26.9,34.5,0.0,16.1,30
2019-06-30,40.2,27.6,34.0,0.0,14.9,29
2019-07-01,43.1,29.6,36.1,0.0,22.2,23
2019-07-02,44.0,27.3,35.3,0.0,9.3,32
2019-07-03,43.6,28.0,36.1,0.0,12.6,36
2019-07-04,43.9,30.1,36.9,0.0,14.8,35
2019-07-05,39.6,29.4,34.8,0.1,19.2,49
2019-07-06,38.8,25.6,33.0,6.7,16.9,57
2019-07-07,40.4,28.0,34.3,6.5,15.3,53
2019-07-08,42.2,29.7,36.3,0.1,17.7,46
2019-07-09,43.3,26.3,35.1,9.6,20.2,54
2019-07-10,36.0,25.9,30.4,10.3,14.8,75
2019-07-11,37.1,26.4,31.7,9.1,21.2,69
2019-07-12,36.1,25.3,29.9,10.6,18.1,76
2019-07-13,34.5,23.8,29.2,16.5,20.6,76
2019-07-14,34.0,24.3,28.8,9.0,16.3,76
2019-07-15,33.4,24.9,28.3,5.3,17.3,79
2019-07-16,33.9,24.5,29.0,5.7,13.5,74
2019-07-17,34.2,24.6,28.9,3.0,14.3,77
2019-07-18,31.5,24.8,27.7,7.3,12.4,80
2019-07-19,33.8,25.5,29.7,0.2,12.6,70
2019-07-20,35.4,25.7,30.2,1.8,12.3,70
2019-07-21,35.0,27.2,31.0,0.1,11.9,69
2019-07-22,34.6,27.8,30.8,1.3,10.4,70
2019-07-23,36.0,28.1,31.7,0.3,10.6,68
2019-07-24,38.2,28.3,33.1,0.0,11.3,64
2019-07-25,33.5,26.0,29.2,8.1,22.1,79
2019-07-26,32.7,25.0,28.2,5.8,8.9,79
2019-07-27,32.0,24.6,27.4,18.0,10.0,85
2019-07-28,32.7,24.5,28.2,10.3,9.4,79
2019-07-29,34.4,25.7,29.9,0.1,7.4,75
2019-07-30,35.7,26.5,31.0,0.0,10.0,72
2019-07-31,34.9,27.8,31.2,0.5,15.5,71
2019-08-01,30.4,25.0,27.5,6.5,14.7,83
2019-08-02,34.4,25.5,29.5,0.7,13.0,74
2019-08-03,33.7,24.5,28.4,3.0,20.2,76
2019-08-04,36.1,26.2,30.6,2.5,9.4,70
2019-08-05,37.0,27.1,31.9,0.0,12.8,66
2019-08-06,38.1,28.2,33.0,0.3,12.1,64
2019-08-07,30.8,26.7,28.2,3.4,18.8,84
2019-08-08,36.8,25.9,31.4,0.0,10.0,66
2019-08-09,34.5,26.4,30.2,8.7,18.3,75
2019-08-10,28.7,24.7,26.4,17.5,14.1,88
2019-08-11,34.5,24.7,29.5,0.0,8.7,74
2019-08-12,35.5,26.4,31.1,0.0,10.8,71
2019-08-13,34.3,25.8,30.1,8.4,18.2,78
2019-08-14,29.0,24.5,26.4,15.4,11.4,87
2019-08-15,34.8,23.8,29.4,9.4,12.3,71
2019-08-16,33.6,24.4,28.5,10.7,11.9,75
2019-08-17,32.7,23.6,27.0,43.3,9.0,78
2019-08-18,32.1,24.0,28.1,0.6,8.0,74
2019-08-19,33.1,21.5,26.7,3.9,14.3,76
2019-08-20,33.8,23.5,28.1,0.0,17.5,70
2019-08-21,35.2,23.1,29.1,0.0,10.4,64
2019-08-22,35.2,24.2,29.8,0.0,9.8,65
2019-08-23,34.4,25.2,29.9,0.1,10.1,69
2019-08-24,35.7,25.4,30.7,0.0,7.9,66
2019-08-25,35.6,26.4,30.8,0.3,9.0,66
2019-08-26,33.2,24.9,28.6,7.5,14.0,74
2019-08-27,36.3,26.0,30.7,0.0,10.1,67
2019-08-28,37.0,26.3,31.3,0.0,8.3,64
2019-08-29,38.3,26.2,32.1,0.0,11.8,62
2019-08-30,36.0,27.4,30.8,0.3,10.2,68
2019-08-31,35.0,25.2,30.1,2.2,9.8,72
2019-09-01,36.1,26.6,30.9,1.0,9.3,69
2019-09-02,35.3,24.8,30.0,10.3,11.6,69
2019-09-03,36.8,26.7,31.6,0.0,11.6,62
2019-09-04,36.9,25.9,31.1,2.9,16.3,63
2019-09-05,36.7,27.4,31.3,1.4,11.1,65
2019-09-06,35.3,26.8,30.3,3.3,10.8,69
2019-09-07,34.4,25.7,29.2,2.4,14.0,69
2019-09-08,36.0,24.2,29.9,2.3,10.0,62
2019-09-09,38.3,25.4,31.3,0.0,9.7,56
2019-09-10,38.5,26.5,31.6,0.0,12.8,60
2019-09-11,39.0,27.5,32.1,0.0,9.8,57
2019-09-12,38.6,27.2,32.2,0.0,7.6,56
2019-09-13,35.4,22.8,29.9,6.7,13.3,64
2019-09-14,36.9,24.9,30.6,2.1,11.6,61
2019-09-15,36.2,26.1,30.7,0.0,16.0,59
2019-09-16,35.7,23.3,28.8,0.6,14.8,61
2019-09-17,36.0,23.7,29.2,0.0,11.2,58
2019-09-18,36.9,23.9,30.0,0.0,13.6,60
2019-09-19,35.5,24.1,29.0,3.5,15.8,67
2019-09-20,30.9,21.9,25.4,6.3,10.1,76
2019-09-21,34.0,21.9,27.5,0.0,9.8,65
2019-09-22,34.8,22.7,28.3,0.0,8.9,63
2019-09-23,34.2,23.5,28.4,0.3,9.8,67
2019-09-24,34.5,24.5,29.0,0.4,12.9,67
2019-09-25,33.8,24.3,28.3,1.4,10.7,70
2019-09-26,33.1,25.1,28.5,1.1,12.6,67
2019-09-27,32.8,24.2,27.9,0.1,14.1,68
2019-09-28,31.2,22.7,26.1,1.7,16.6,74
2019-09-29,27.8,21.1,23.9,10.8,12.5,82
2019-09-30,29.9,20.5,24.1,19.7,15.0,79
2019-10-01,28.8,20.7,23.5,1.5,11.8,75
2019-10-02,29.2,20.7,24.7,0.5,15.2,68
2019-10-03,29.7,21.0,24.2,3.5,20.8,65
2019-10-04,27.5,18.8,23.0,1.0,12.9,59
2019-10-05,28.3,18.5,22.7,0.2,16.1,57
2019-10-06,26.8,20.5,23.4,0.0,22.2,49
2019-10-07,30.3,19.0,24.3,0.0,14.6,46
2019-10-08,33.3,16.7,24.4,0.0,11.6,44
2019-10-09,32.4,16.8,23.9,0.0,11.7,47
2019-10-10,31.4,18.5,24.0,0.0,8.3,58
2019-10-11,32.6,19.4,25.1,0.0,9.7,55
2019-10-12,32.9,18.5,25.1,0.0,12.9,60
2019-10-13,33.2,20.2,25.8,0.0,11.0,59
2019-10-14,33.3,20.0,25.9,0.0,10.5,60
2019-10-15,34.1,20.6,26.3,0.0,12.0,58
2019-10-16,33.3,20.1,25.8,0.0,11.3,64
2019-10-17,28.8,19.0,22.6,3.0,22.8,70
2019-10-18,25.8,17.2,20.6,1.6,17.9,70
2019-10-19,28.3,17.4,22.3,0.2,12.1,50
2019-10-20,30.7,16.7,22.8,0.0,9.7,44
2019-10-21,29.7,15.1,22.1,0.0,8.5,49
2019-10-22,30.3,16.2,23.2,0.0,15.4,46
2019-10-23,29.9,16.5,22.5,0.0,12.9,43
2019-10-24,29.9,17.3,22.7,0.0,8.6,43
2019-10-25,29.9,16.6,22.8,0.0,9.2,41
2019-10-26,29.8,16.1,22.6,0.0,8.7,41
2019-10-27,30.8,16.3,22.9,0.0,15.5,40
2019-10-28,31.4,17.7,23.3,0.0,7.5,45
2019-10-29,31.5,16.7,22.8,0.0,9.1,57
2019-10-30,28.5,17.2,22.1,0.0,12.6,56
2019-10-31,29.6,16.1,22.5,0.0,11.1,52
2019-11-01,23.3,16.2,20.5,5.0,16.6,56
2019-11-02,26.1,14.8,20.0,0.4,15.3,59
2019-11-03,28.3,14.8,20.6,0.0,12.8,54
2019-11-04,27.4,14.4,20.4,0.0,6.4,60
2019-11-05,27.6,14.5,21.1,0.0,9.7,50
2019-11-06,21.9,13.4,17.7,7.4,11.5,70
2019-11-07,18.8,12.6,15.4,1.1,18.6,63
2019-11-08,22.5,9.8,16.3,0.4,15.0,62
2019-11-09,25.9,10.3,17.9,0.0,18.8,39
2019-11-10,27.3,11.8,18.8,0.0,15.3,32
2019-11-11,26.9,11.3,19.1,0.0,13.5,30
2019-11-12,25.7,11.0,18.3,0.0,9.2,39
2019-11-13,24.9,11.8,17.4,0.1,7.4,44
2019-11-14,24.4,13.0,18.6,0.0,12.6,55
2019-11-15,20.6,14.3,16.5,4.7,9.8,78
2019-11-16,18.5,13.2,15.1,13.7,9.2,84
2019-11-17,24.8,10.9,17.8,0.0,20.5,56
2019-11-18,26.0,10.5,17.8,0.0,10.9,42
2019-11-19,23.1,11.1,16.3,0.0,6.8,46
2019-11-20,20.9,10.0,15.5,0.0,7.1,60
2019-11-21,16.1,12.9,14.4,4.8,12.8,79
2019-11-22,14.2,12.6,13.4,8.0,12.0,78
2019-11-23,21.5,11.6,15.5,0.0,15.5,55
2019-11-24,22.9,10.1,15.4,0.0,11.8,53
2019-11-25,22.4,11.1,15.7,0.0,10.0,49
2019-11-26,20.3,9.6,14.2,0.2,10.8,61
2019-11-27,18.9,9.8,13.8,0.0,7.9,67
2019-11-28,19.5,8.7,13.0,0.0,8.2,69
2019-11-29,20.9,6.1,13.0,0.0,12.5,43
2019-11-30,21.0,7.2,13.0,0.0,14.8,37
2019-12-01,22.2,7.4,12.9,0.0,11.5,38
2019-12-02,22.7,8.9,14.1,0.0,8.4,43
2019-12-03,23.1,8.7,14.2,0.0,9.3,47
2019-12-04,21.8,8.7,13.7,0.0,8.0,55
2019-12-05,21.0,7.3,13.1,0.0,7.4,68
2019-12-06,22.1,7.2,13.1,0.0,10.1,61
2019-12-07,23.0,7.7,13.6,0.0,9.4,45
2019-12-08,21.4,7.9,13.1,0.0,6.1,47
2019-12-09,20.0,5.2,11.8,0.0,6.5,67
2019-12-10,19.8,6.1,12.2,0.7,9.3,70
2019-12-11,17.8,9.0,13.1,0.3,10.8,66
2019-12-12,16.8,7.6,11.5,1.2,10.2,71
2019-12-13,16.3,7.6,11.2,1.1,8.3,81
2019-12-14,13.9,7.0,10.0,8.8,8.1,91
2019-12-15,17.0,6.2,10.7,0.2,11.8,69
2019-12-16,18.8,5.3,11.2,0.0,15.8,46
2019-12-17,19.8,6.6,11.7,0.0,8.8,39
2019-12-18,18.2,7.2,11.0,0.0,7.1,47
2019-12-19,16.8,4.1,9.6,0.0,8.6,72
2019-12-20,19.2,5.1,10.4,0.0,10.6,72
2019-12-21,16.8,5.0,10.1,0.0,7.2,79
2019-12-22,19.5,7.1,11.6,0.0,8.7,52
2019-12-23,19.6,5.3,10.5,0.0,9.3,51
2019-12-24,16.6,3.4,9.6,0.0,6.4,71
2019-12-25,17.6,3.6,9.4,0.0,8.2,60
2019-12-26,19.0,0.7,8.3,0.0,9.8,58
2019-12-27,16.5,2.0,7.6,0.0,10.4,72
2019-12-28,16.3,1.4,7.7,0.0,9.1,77
2019-12-29,15.0,1.3,6.4,0.0,8.7,85
2019-12-30,13.6,2.4,6.4,0.0,10.5,84
2019-12-31,15.5,4.0,8.0,0.0,10.2,79
2020-01-01,16.3,5.9,10.3,0.0,15.1,57
2020-01-02,13.6,7.8,10.6,0.0,17.8,56
2020-01-03,16.4,6.7,10.3,0.0,12.2,63
2020-01-04,14.1,4.1,9.0,0.1,8.9,74
2020-01-05,12.8,5.8,8.9,1.6,12.0,76
2020-01-06,8.7,6.5,7.4,4.5,8.5,84
2020-01-07,12.8,5.5,8.1,0.0,9.2,76
2020-01-08,15.4,3.0,8.3,0.0,6.5,59
2020-01-09,15.1,1.8,7.6,0.0,8.5,48
2020-01-10,17.5,2.9,9.0,0.0,8.4,41
2020-01-11,13.5,3.4,9.1,0.0,10.1,40
2020-01-12,12.1,6.1,8.9,2.0,11.1,68
2020-01-13,9.4,7.5,8.3,17.1,14.0,87
2020-01-14,13.9,5.4,8.9,6.2,15.5,76
2020-01-15,16.7,3.9,8.7,0.0,12.2,61
2020-01-16,17.9,2.5,9.4,0.0,12.6,48
2020-01-17,16.4,6.1,10.0,0.0,8.7,43
2020-01-18,16.9,3.1,8.9,0.0,9.2,45
2020-01-19,17.2,1.6,9.3,0.0,9.1,46
2020-01-20,17.4,4.8,10.5,0.0,9.8,53
2020-01-21,11.5,8.3,9.4,0.4,7.8,74
2020-01-22,14.8,5.0,9.4,0.0,13.5,69
2020-01-23,18.1,4.1,9.7,0.0,14.5,42
2020-01-24,18.5,4.7,10.8,0.0,6.9,42
2020-01-25,17.3,5.5,10.3,0.0,9.7,55
2020-01-26,17.7,5.0,10.7,0.0,7.0,67
2020-01-27,17.3,5.0,10.4,0.0,9.9,61
2020-01-28,14.6,5.9,9.7,2.0,10.8,72
2020-01-29,9.3,7.5,8.4,18.8,20.3,85
2020-01-30,17.1,2.4,9.2,0.0,8.9,70
2020-01-31,16.8,5.9,10.2,0.0,9.7,64
2020-02-01,16.8,5.6,10.9,0.0,4.8,69
2020-02-02,19.2,5.8,11.5,0.0,9.1,50
2020-02-03,17.3,5.2,10.9,0.0,8.0,47
2020-02-04,12.9,6.9,9.6,0.5,13.9,65
2020-02-05,17.9,2.9,9.9,0.0,16.9,57
2020-02-06,17.7,4.3,10.3,0.0,8.6,42
2020-02-07,19.0,4.4,11.2,0.0,8.6,46
2020-02-08,20.8,4.3,10.9,0.0,12.0,49
2020-02-09,20.1,5.2,12.2,0.0,9.1,59
2020-02-10,21.4,6.0,13.3,0.0,11.6,55
2020-02-11,16.8,11.0,13.6,1.7,14.0,60
2020-02-12,18.7,9.8,13.5,0.6,16.9,66
2020-02-13,18.6,9.1,12.9,1.3,17.7,76
2020-02-14,24.4,5.6,13.7,0.0,16.4,50
2020-02-15,25.1,6.3,15.0,0.0,8.6,32
2020-02-16,24.5,7.1,15.6,0.0,21.2,30
2020-02-17,26.1,6.4,16.3,0.0,13.8,23
2020-02-18,26.4,9.3,16.2,0.0,9.1,30
2020-02-19,15.7,7.4,11.9,7.2,24.5,70
2020-02-20,18.3,9.8,13.0,8.2,25.0,62
2020-02-21,23.0,6.7,14.6,0.0,15.6,56
2020-02-22,23.8,10.7,16.4,0.0,9.2,60
2020-02-23,25.4,10.2,16.9,0.0,9.1,54
2020-02-24,25.6,11.1,17.3,0.0,10.2,50
2020-02-25,26.0,11.6,17.7,0.0,10.7,53
2020-02-26,27.0,10.8,18.5,0.0,8.9,47
2020-02-27,23.4,11.7,16.9,3.6,17.3,72
2020-02-28,17.8,12.7,14.8,14.3,11.5,79
2020-02-29,14.6,11.6,13.0,16.9,24.2,81
2020-03-01,23.5,9.8,16.1,0.1,9.4,62
2020-03-02,25.0,10.7,16.9,0.0,8.5,60
2020-03-03,25.6,12.6,17.7,0.0,9.4,61
2020-03-04,19.8,11.6,14.9,14.1,10.5,80
2020-03-05,15.6,11.3,13.1,23.0,16.0,78
2020-03-06,17.1,10.9,13.1,3.8,10.3,78
2020-03-07,13.9,9.7,11.8,16.1,14.8,89
2020-03-08,15.8,8.2,11.6,10.6,15.0,78
2020-03-09,20.6,7.7,13.7,0.0,15.3,58
2020-03-10,22.0,8.6,15.1,0.0,14.2,53
2020-03-11,21.3,11.1,15.6,3.0,9.4,59
2020-03-12,14.4,9.7,12.8,28.7,19.4,84
2020-03-13,20.3,6.8,12.9,0.0,8.5,70
2020-03-14,21.3,7.3,14.2,0.0,9.7,74
2020-03-15,23.1,9.5,16.0,0.0,9.2,72
2020-03-16,23.9,12.0,17.0,0.0,9.2,67
2020-03-17,25.4,13.1,18.5,0.0,8.3,64
2020-03-18,27.6,13.4,19.2,0.0,9.5,66
2020-03-19,25.9,13.3,19.0,0.4,8.0,68
2020-03-20,25.1,14.7,18.7,3.5,12.8,75
2020-03-21,20.3,15.3,16.7,12.4,13.9,78
2020-03-22,25.6,11.9,18.2,0.0,9.2,65
2020-03-23,26.3,13.0,19.0,4.7,8.7,65
2020-03-24,19.9,13.7,17.0,12.5,15.9,68
2020-03-25,23.0,14.2,17.6,0.6,16.2,73
2020-03-26,24.2,13.0,18.5,0.2,18.4,63
2020-03-27,18.2,12.1,15.8,11.0,13.0,77
2020-03-28,18.8,11.3,14.7,13.6,10.6,84
2020-03-29,24.5,10.1,17.6,0.0,13.5,65
2020-03-30,21.6,14.1,17.3,0.4,22.5,59
2020-03-31,18.4,13.4,15.0,21.7,11.7,77
2020-04-01,21.7,10.8,15.8,0.6,17.4,69
2020-04-02,23.8,11.0,17.0,1.2,10.7,70
2020-04-03,26.8,11.9,18.9,0.0,9.2,61
2020-04-04,27.7,14.1,20.0,0.0,9.4,63
2020-04-05,26.8,14.1,19.2,0.3,16.5,70
2020-04-06,25.8,14.0,19.6,0.2,8.6,65
2020-04-07,24.7,15.8,19.3,1.2,20.3,57
2020-04-08,27.9,12.6,20.5,0.0,8.0,57
2020-04-09,26.3,16.6,20.9,0.7,19.4,61
2020-04-10,28.4,14.3,21.0,0.0,13.9,63
2020-04-11,31.8,16.8,24.0,0.0,7.4,48
2020-04-12,33.7,16.6,24.9,0.0,9.9,52
2020-04-13,32.8,18.9,26.0,0.0,16.4,50
2020-04-14,23.0,18.4,20.7,20.5,18.4,73
2020-04-15,27.8,17.4,22.1,0.2,17.7,62
2020-04-16,30.5,15.8,23.5,0.0,15.9,45
2020-04-17,23.2,15.9,19.4,8.9,18.1,63
2020-04-18,24.2,14.0,18.9,1.3,13.2,70
2020-04-19,27.1,13.2,20.4,0.1,13.9,65
2020-04-20,27.9,15.1,21.5,1.0,13.8,55
2020-04-21,28.9,15.4,22.1,0.0,11.6,57
2020-04-22,30.8,16.6,23.6,0.0,7.7,59
2020-04-23,32.6,18.6,25.1,0.0,10.6,53
2020-04-24,32.8,18.2,25.6,0.0,9.4,55
2020-04-25,33.2,19.9,25.8,0.0,14.8,53
2020-04-26,31.4,18.9,25.4,0.0,15.2,63
2020-04-27,30.1,19.3,24.0,4.0,14.5,70
2020-04-28,26.9,19.4,22.4,4.2,13.2,76
2020-04-29,33.6,19.6,25.5,0.0,26.7,59
2020-04-30,35.2,19.7,27.0,0.0,12.7,47
2020-05-01,34.3,20.0,27.1,0.5,11.2,52
2020-05-02,33.1,21.2,26.1,0.7,19.1,54
2020-05-03,28.8,18.8,23.6,0.4,8.8,68
2020-05-04,32.4,18.8,24.9,0.0,21.7,55
2020-05-05,33.7,18.6,25.8,0.0,18.0,47
2020-05-06,33.3,18.2,26.2,0.0,18.6,41
2020-05-07,34.3,18.3,26.7,0.0,14.1,41
2020-05-08,37.2,22.2,29.8,0.0,16.6,35
2020-05-09,36.9,21.8,29.5,0.0,12.6,38
2020-05-10,36.0,22.6,29.6,0.0,12.1,37
2020-05-11,31.9,21.3,26.3,0.6,13.5,55
2020-05-12,35.4,19.7,27.6,0.1,11.4,53
2020-05-13,34.2,22.5,28.1,0.8,22.5,46
2020-05-14,26.8,18.5,22.4,10.3,20.1,74
2020-05-15,32.6,17.1,25.0,0.0,16.6,58
2020-05-16,33.2,21.3,27.0,0.0,22.4,38
2020-05-17,33.6,20.1,26.9,0.0,22.7,36
2020-05-18,35.3,21.5,28.2,0.0,20.9,29
2020-05-19,33.9,22.5,27.9,0.0,16.4,30
2020-05-20,39.3,21.7,29.7,0.0,18.5,29
2020-05-21,41.4,22.3,31.8,0.0,14.1,29
2020-05-22,41.4,21.5,32.4,0.0,19.8,26
2020-05-23,39.2,24.5,31.6,0.0,17.8,30
2020-05-24,39.7,23.3,31.8,0.0,12.1,30
2020-05-25,43.5,26.2,34.2,0.0,20.9,27
2020-05-26,43.8,24.3,35.2,0.0,21.2,23
2020-05-27,44.0,23.6,35.1,0.0,24.0,21
2020-05-28,41.0,25.8,32.9,0.1,21.4,26
2020-05-29,33.2,23.5,28.5,10.7,18.6,50
2020-05-30,34.3,23.5,27.8,0.7,14.6,51
2020-05-31,33.3,21.6,27.4,0.2,15.6,54
2020-06-01,32.7,21.8,26.4,0.8,15.8,60
2020-06-02,31.6,21.3,25.8,2.3,12.1,66
2020-06-03,34.7,21.4,27.9,0.0,11.2,52
2020-06-04,36.4,22.4,29.9,0.0,15.3,42
2020-06-05,38.1,23.1,30.6,0.0,15.5,42
2020-06-06,37.2,24.3,30.7,0.0,17.8,49
2020-06-07,37.1,24.7,30.8,0.0,15.5,50
2020-06-08,38.0,25.3,30.9,0.1,17.6,54
2020-06-09,36.0,26.3,30.5,1.0,11.7,56
2020-06-10,38.8,26.9,32.4,0.0,15.9,48
2020-06-11,35.2,27.0,31.2,1.3,10.8,51
2020-06-12,36.1,25.0,30.0,0.1,19.7,48
2020-06-13,35.6,25.1,30.4,0.1,18.2,42
2020-06-14,40.1,26.1,32.8,0.0,13.3,32
2020-06-15,42.0,25.8,33.4,0.0,12.9,26
2020-06-16,42.4,24.2,33.4,0.0,13.0,23
2020-06-17,42.4,22.8,33.2,0.0,12.3,28
2020-06-18,42.3,24.8,33.6,0.0,14.4,29
2020-06-19,40.3,26.1,33.4,0.0,9.8,38
2020-06-20,40.1,27.6,33.6,0.0,11.2,36
2020-06-21,42.3,26.3,34.2,0.0,10.5,39
2020-06-22,41.8,26.8,34.2,0.0,16.3,44
2020-06-23,39.4,28.7,32.9,1.3,16.6,55
2020-06-24,33.8,25.1,28.5,18.9,11.3,73
2020-06-25,35.9,24.8,30.4,5.7,9.2,65
2020-06-26,36.0,27.2,31.5,0.2,13.1,61
2020-06-27,40.0,27.1,33.3,0.0,14.0,52
2020-06-28,36.4,27.6,31.3,0.0,28.0,56
2020-06-29,37.2,26.0,31.9,0.2,12.0,55
2020-06-30,39.4,26.9,33.3,0.0,13.4,44
2020-07-01,40.7,27.3,34.2,0.0,16.9,40
2020-07-02,43.0,28.0,35.1,0.0,12.6,39
2020-07-03,45.7,26.1,36.0,0.0,15.3,33
2020-07-04,37.9,28.0,32.6,0.6,19.8,51
2020-07-05,35.7,24.0,30.4,10.3,14.2,54
2020-07-06,39.1,25.6,32.3,0.0,18.6,47
2020-07-07,41.0,26.5,33.7,0.0,13.7,45
2020-07-08,40.9,27.3,34.0,0.0,14.9,47
2020-07-09,39.0,28.9,33.7,0.6,16.2,52
2020-07-10,41.6,30.3,35.4,0.0,17.2,41
2020-07-11,43.2,28.8,35.5,0.0,20.9,41
2020-07-12,37.9,24.8,31.8,9.0,20.9,50
2020-07-13,39.5,27.6,33.8,0.0,14.3,39
2020-07-14,42.1,27.8,35.6,0.0,18.9,32
2020-07-15,40.3,29.4,34.2,1.4,16.6,43
2020-07-16,37.4,28.1,32.3,0.3,15.5,58
2020-07-17,36.7,28.3,32.1,1.6,11.3,60
2020-07-18,39.6,28.3,33.8,0.0,11.9,55
2020-07-19,41.0,29.1,34.7,0.0,18.4,48
2020-07-20,40.0,25.5,33.1,6.1,26.4,56
2020-07-21,32.1,24.1,27.6,11.0,18.1,68
2020-07-22,35.6,22.6,29.0,4.4,12.6,62
2020-07-23,39.0,25.3,31.9,0.0,16.5,53
2020-07-24,36.1,25.9,30.9,2.3,22.7,64
2020-07-25,36.7,24.9,30.8,7.4,18.5,67
2020-07-26,35.0,25.7,30.0,1.5,15.2,71
2020-07-27,37.4,25.7,32.1,1.2,18.3,62
2020-07-28,39.3,28.0,33.9,0.0,17.6,55
2020-07-29,41.3,29.3,34.7,0.0,18.7,52
2020-07-30,37.8,26.1,30.4,4.0,25.1,69
2020-07-31,34.8,24.7,28.9,18.5,15.2,77
2020-08-01,33.9,24.1,28.7,6.3,11.3,75
2020-08-02,37.4,25.5,32.0,4.5,12.2,62
2020-08-03,36.3,28.1,31.5,2.7,14.8,69
2020-08-04,35.8,24.9,30.4,14.9,16.4,69
2020-08-05,38.4,26.5,32.0,1.6,13.8,63
2020-08-06,38.3,27.2,32.3,1.1,16.8,63
2020-08-07,39.4,28.2,33.6,0.0,10.2,60
2020-08-08,37.0,29.2,32.9,0.0,10.8,63
2020-08-09,35.4,27.6,31.1,6.8,16.8,70
2020-08-10,35.8,25.6,30.6,7.2,15.3,71
2020-08-11,36.5,26.4,30.9,2.7,14.1,71
2020-08-12,37.8,27.5,32.6,0.6,16.5,67
2020-08-13,36.9,27.4,32.1,3.1,15.1,70
2020-08-14,34.5,25.6,29.9,11.7,17.1,77
2020-08-15,33.9,26.4,29.8,4.9,16.1,79
2020-08-16,36.2,27.3,31.0,4.1,14.8,76
2020-08-17,37.0,28.1,32.2,1.8,19.6,72
2020-08-18,33.5,25.7,29.0,12.8,16.8,81
2020-08-19,33.0,24.7,28.7,3.6,13.0,80
2020-08-20,27.3,24.6,25.5,42.4,12.2,91
2020-08-21,33.7,23.8,28.2,0.5,11.8,76
2020-08-22,33.9,24.4,28.8,1.8,12.8,74
2020-08-23,34.7,25.6,29.9,0.2,11.2,72
2020-08-24,34.9,26.9,30.3,0.6,11.8,75
2020-08-25,34.4,26.3,29.8,9.7,17.1,78
2020-08-26,32.6,24.6,27.7,10.3,11.3,79
2020-08-27,30.7,25.0,27.1,6.4,12.6,81
2020-08-28,31.0,23.3,26.3,8.4,9.7,80
2020-08-29,33.8,24.1,28.8,0.0,5.8,69
2020-08-30,35.1,25.5,29.9,1.2,8.7,65
2020-08-31,31.3,24.8,27.0,13.6,16.8,80
2020-09-01,24.6,21.9,23.0,95.7,10.8,88
2020-09-02,28.2,21.1,23.5,23.5,7.9,86
2020-09-03,28.2,21.5,24.6,11.8,6.9,82
2020-09-04,33.0,22.0,27.0,0.5,9.8,76
2020-09-05,33.9,23.1,28.2,0.0,8.6,74
2020-09-06,33.1,23.9,28.4,4.1,10.2,73
2020-09-07,33.7,22.3,28.1,1.6,12.1,71
2020-09-08,34.1,23.6,28.8,0.0,10.8,67
2020-09-09,34.8,23.7,29.1,0.0,8.2,67
2020-09-10,35.6,23.2,29.1,0.0,12.4,66
2020-09-11,34.9,24.4,29.3,0.0,7.9,64
2020-09-12,36.1,25.2,30.2,0.2,9.0,61
2020-09-13,35.8,24.4,30.1,0.1,9.2,61
2020-09-14,35.6,24.4,29.8,0.1,9.4,62
2020-09-15,36.7,24.9,30.5,0.0,9.7,55
2020-09-16,37.6,25.2,30.8,0.0,8.3,49
2020-09-17,38.8,24.8,30.8,0.0,8.4,44
2020-09-18,38.9,23.6,30.2,0.0,11.6,46
2020-09-19,38.4,23.3,30.3,0.0,11.9,44
2020-09-20,38.5,22.9,30.1,0.0,12.1,43
2020-09-21,37.6,20.5,29.0,0.0,10.5,42
2020-09-22,37.6,20.9,29.2,0.0,9.7,47
2020-09-23,37.5,22.1,29.2,0.0,11.5,51
2020-09-24,38.6,22.2,29.5,0.0,12.7,52
2020-09-25,35.6,22.5,28.5,0.1,20.2,57
2020-09-26,32.2,21.8,26.7,0.4,12.4,57
2020-09-27,31.7,21.4,26.6,0.4,21.9,47
2020-09-28,34.2,22.0,28.1,0.0,16.4,38
2020-09-29,33.4,23.0,27.7,0.0,16.3,36
2020-09-30,33.4,21.3,27.3,0.0,18.9,36
2020-10-01,34.6,22.9,28.4,0.0,16.9,29
2020-10-02,35.3,20.7,27.1,0.0,10.8,35
2020-10-03,35.1,19.8,26.7,0.0,9.5,43
2020-10-04,34.7,19.3,26.5,0.0,9.9,44
2020-10-05,35.6,20.0,26.8,0.0,8.6,36
2020-10-06,34.8,18.9,26.5,0.0,7.8,39
2020-10-07,34.5,18.6,26.5,0.0,8.9,48
2020-10-08,34.8,19.1,26.6,0.0,10.4,50
2020-10-09,34.6,20.3,27.0,0.0,11.3,47
2020-10-10,34.5,21.0,26.7,0.0,11.2,45
2020-10-11,33.5,20.4,26.2,0.0,10.7,41
2020-10-12,32.9,20.0,25.4,0.0,11.1,39
2020-10-13,30.9,20.1,25.0,0.0,18.0,34
2020-10-14,33.0,16.7,24.7,0.0,11.8,33
2020-10-15,32.5,17.0,24.9,0.0,7.7,33
2020-10-16,32.7,17.2,24.5,0.0,8.5,41
2020-10-17,32.1,16.0,23.6,0.0,9.4,55
2020-10-18,32.3,17.7,23.9,0.0,8.5,51
2020-10-19,31.6,16.2,22.9,0.0,8.0,53
2020-10-20,30.1,14.8,22.6,0.0,9.4,56
2020-10-21,30.4,16.0,23.0,0.0,8.3,53
2020-10-22,30.1,15.0,21.8,0.0,9.2,56
2020-10-23,29.3,14.3,21.8,0.0,9.4,58
2020-10-24,29.9,16.2,22.1,0.0,7.8,50
2020-10-25,21.1,16.4,18.8,1.1,18.4,55
2020-10-26,29.2,13.2,20.9,0.0,13.6,36
2020-10-27,29.5,13.9,20.1,0.0,9.8,36
2020-10-28,28.5,13.4,20.1,0.0,10.1,57
2020-10-29,28.7,14.9,20.9,0.0,10.0,54
2020-10-30,28.7,14.9,20.7,0.0,12.7,35
2020-10-31,28.6,12.9,19.5,0.0,12.1,23
2020-11-01,29.4,13.4,20.5,0.0,11.8,22
2020-11-02,29.4,12.8,20.1,0.0,9.0,30
2020-11-03,27.7,12.2,19.0,0.0,7.3,48
2020-11-04,27.2,12.7,18.7,0.0,7.9,53
2020-11-05,27.8,12.7,18.8,0.0,9.7,53
2020-11-06,28.4,12.9,19.0,0.0,10.1,51
2020-11-07,29.2,13.0,19.1,0.0,10.0,48
2020-11-08,26.8,11.0,17.7,0.0,10.4,63
2020-11-09,26.4,12.1,18.1,0.0,9.6,65
2020-11-10,26.3,12.7,18.5,0.0,10.5,61
2020-11-11,26.0,12.8,18.5,0.0,10.3,56
2020-11-12,27.1,11.7,18.0,0.0,8.9,63
2020-11-13,24.8,10.9,17.3,1.2,11.0,69
2020-11-14,19.7,13.4,15.5,29.7,8.9,76
2020-11-15,14.5,11.1,13.4,12.0,9.2,81
2020-11-16,18.5,8.1,12.5,0.0,7.3,76
2020-11-17,20.9,7.4,13.6,0.0,13.5,50
2020-11-18,21.0,7.7,14.1,0.0,9.2,44
2020-11-19,18.1,8.1,12.8,0.0,8.8,68
2020-11-20,18.8,7.7,12.2,0.0,11.8,63
2020-11-21,20.2,4.8,11.7,0.0,9.7,46
2020-11-22,18.4,6.8,12.2,0.0,10.9,44
2020-11-23,14.2,9.6,11.7,1.3,8.9,65
2020-11-24,14.4,7.4,10.7,0.0,10.2,71
2020-11-25,12.7,8.6,10.8,8.4,7.8,84
2020-11-26,18.6,5.4,11.5,0.0,11.5,67
2020-11-27,21.0,7.2,12.9,0.0,7.3,53
2020-11-28,22.3,8.5,14.1,0.0,8.7,46
2020-11-29,22.9,9.7,14.6,0.0,7.0,52
2020-11-30,22.9,9.3,14.6,0.0,9.2,63
2020-12-01,23.7,9.8,15.4,0.0,5.5,67
2020-12-02,24.9,11.8,16.5,0.0,7.4,63
2020-12-03,24.4,11.4,16.1,0.0,8.8,59
2020-12-04,21.7,10.2,15.4,0.1,5.2,71
2020-12-05,21.1,11.6,15.7,0.0,8.0,59
2020-12-06,21.8,10.4,15.3,0.0,11.9,59
2020-12-07,18.0,12.6,14.8,0.1,16.1,59
2020-12-08,17.6,11.1,13.2,2.0,9.0,80
2020-12-09,18.9,9.0,13.6,0.0,15.0,68
2020-12-10,21.0,7.9,13.3,0.0,12.0,54
2020-12-11,20.2,8.1,13.4,1.0,8.2,53
2020-12-12,13.9,8.4,11.0,2.9,8.8,85
2020-12-13,17.4,7.5,11.6,0.4,13.3,68
2020-12-14,14.9,7.9,10.4,2.9,9.9,72
2020-12-15,14.9,4.6,9.0,0.2,11.8,67
2020-12-16,16.3,2.4,8.3,0.0,8.6,47
2020-12-17,17.1,1.1,8.0,0.0,9.7,43
2020-12-18,18.5,5.0,10.0,0.0,9.2,43
2020-12-19,18.8,5.5,10.8,0.0,8.1,49
2020-12-20,19.7,7.3,11.9,0.0,9.1,54
2020-12-21,20.0,7.5,13.4,0.0,20.2,44
2020-12-22,21.1,7.5,13.5,0.0,14.3,45
2020-12-23,19.3,7.1,12.2,0.0,8.1,49
2020-12-24,20.6,8.1,12.2,0.0,9.0,48
2020-12-25,17.5,7.0,11.3,0.0,7.6,57
2020-12-26,17.7,4.7,11.3,0.0,9.2,60
2020-12-27,12.0,5.4,7.3,40.7,22.4,81
2020-12-28,12.1,1.9,6.7,0.1,9.3,76
2020-12-29,15.0,1.3,7.8,0.0,8.2,50
2020-12-30,16.9,0.6,7.5,0.0,6.1,43
2020-12-31,18.3,2.3,9.7,0.0,10.0,34
2021-01-01,19.1,2.3,10.0,0.0,9.7,41
2021-01-02,16.8,2.3,9.0,0.0,8.2,48
2021-01-03,17.2,5.5,10.0,0.9,9.7,45
2021-01-04,15.6,5.2,10.5,3.3,15.7,60
2021-01-05,16.4,6.0,10.4,1.1,10.8,73
2021-01-06,16.6,6.0,10.9,0.0,7.1,75
2021-01-07,18.9,3.7,10.8,0.0,10.2,65
2021-01-08,16.9,7.0,10.9,0.2,14.1,58
2021-01-09,18.0,2.7,9.8,0.0,10.6,54
2021-01-10,19.1,2.5,9.1,0.0,12.2,49
2021-01-11,18.4,4.3,10.2,0.0,10.9,47
2021-01-12,18.3,4.2,9.7,0.0,8.8,49
2021-01-13,18.1,2.6,8.9,0.0,7.9,67
2021-01-14,16.4,1.3,9.2,0.0,6.8,74
2021-01-15,17.7,1.7,9.5,0.0,10.5,79
2021-01-16,18.7,2.6,9.0,0.0,7.7,80
2021-01-17,16.6,3.1,9.2,0.0,10.3,86
2021-01-18,18.1,6.0,10.3,0.0,8.1,80
2021-01-19,20.1,6.3,11.7,0.0,8.1,58
2021-01-20,22.3,7.7,13.0,0.0,7.9,50
2021-01-21,20.4,7.0,11.8,0.0,8.7,48
2021-01-22,16.1,3.2,10.2,0.9,17.1,67
2021-01-23,17.3,5.1,11.6,0.1,27.9,40
2021-01-24,17.5,1.8,9.9,0.0,7.8,32
2021-01-25,19.9,5.0,11.2,0.0,9.4,37
2021-01-26,19.8,6.0,11.1,0.0,9.4,40
2021-01-27,20.0,5.3,11.4,0.0,14.5,32
2021-01-28,20.0,5.0,11.1,0.0,9.3,35
2021-01-29,19.9,4.9,11.1,0.0,8.2,45
2021-01-30,20.0,6.1,11.5,0.0,7.9,45
2021-01-31,19.0,2.8,11.5,0.0,9.5,54
2021-02-01,21.6,6.5,13.3,0.0,13.4,43
2021-02-02,19.4,9.6,13.1,0.0,9.7,47
2021-02-03,19.3,7.8,12.7,0.1,10.2,55
2021-02-04,19.4,6.7,12.6,0.0,6.3,59
2021-02-05,19.2,4.4,11.8,0.0,9.8,70
2021-02-06,21.1,6.5,13.3,0.0,10.0,62
2021-02-07,23.3,8.5,14.1,0.0,10.5,60
2021-02-08,22.9,7.7,14.6,0.0,8.7,65
2021-02-09,25.4,9.1,16.1,0.0,15.2,60
2021-02-10,24.6,8.0,16.2,0.0,5.9,52
2021-02-11,25.2,9.7,16.2,0.0,11.8,51
2021-02-12,26.7,10.3,17.1,0.0,7.1,47
2021-02-13,25.6,9.1,16.7,0.0,11.8,54
2021-02-14,26.0,9.7,16.8,0.0,9.4,56
2021-02-15,26.7,11.0,17.3,0.0,9.1,48
2021-02-16,26.9,10.8,17.0,0.0,10.8,47
2021-02-17,25.9,11.1,17.3,0.0,8.5,41
2021-02-18,26.1,8.8,16.8,0.0,8.2,54
2021-02-19,25.2,9.0,16.9,0.0,10.7,57
2021-02-20,25.2,10.4,17.2,0.0,9.8,62
2021-02-21,26.6,10.7,18.4,0.0,7.3,61
2021-02-22,22.4,14.6,18.4,0.5,15.9,58
2021-02-23,22.9,12.9,17.3,2.3,9.4,70
2021-02-24,23.3,11.5,17.8,0.1,11.2,58
2021-02-25,23.4,12.5,17.8,0.0,13.2,62
2021-02-26,21.1,13.8,16.1,5.2,12.2,82
2021-02-27,23.5,12.5,17.1,0.0,11.5,65
2021-02-28,24.5,7.9,16.6,0.0,7.9,39
2021-03-01,26.4,9.1,17.5,0.0,9.4,37
2021-03-02,26.7,11.1,17.8,0.0,9.2,43
2021-03-03,26.8,12.4,18.8,0.0,10.6,41
2021-03-04,26.8,12.3,19.1,0.0,9.6,45
2021-03-05,28.6,13.7,19.8,0.0,10.3,41
2021-03-06,25.8,12.5,18.7,0.0,13.8,49
2021-03-07,23.8,13.3,18.6,1.3,14.3,51
2021-03-08,25.8,12.9,19.2,0.1,9.8,51
2021-03-09,27.6,14.1,20.8,0.0,16.1,42
2021-03-10,24.2,15.5,20.1,0.8,16.4,44
2021-03-11,18.9,14.2,16.7,5.6,13.9,71
2021-03-12,22.6,13.7,17.6,1.8,13.0,67
2021-03-13,26.4,14.2,19.8,0.1,14.3,55
2021-03-14,20.6,13.9,17.0,3.6,13.3,66
2021-03-15,25.7,11.9,18.7,0.0,13.1,57
2021-03-16,27.1,11.9,19.6,0.0,12.5,54
2021-03-17,27.9,13.8,20.5,0.0,8.6,53
2021-03-18,28.6,15.6,21.2,0.0,8.5,47
2021-03-19,30.0,13.9,22.1,0.0,15.1,41
2021-03-20,30.0,16.6,23.5,0.0,14.2,36
2021-03-21,21.4,15.6,18.1,12.1,20.9,72
2021-03-22,19.4,14.2,16.0,29.9,13.9,85
2021-03-23,14.6,12.3,13.3,53.8,24.2,85
2021-03-24,22.0,9.9,15.7,0.3,14.2,70
2021-03-25,25.8,10.7,18.4,0.0,10.9,62
2021-03-26,28.1,14.6,20.7,0.0,8.4,61
2021-03-27,27.6,15.0,20.9,0.0,9.7,66
2021-03-28,27.8,14.9,21.3,5.6,22.8,65
2021-03-29,27.6,17.1,21.0,4.9,11.4,71
2021-03-30,28.6,15.2,21.9,0.0,28.6,39
2021-03-31,28.3,19.1,23.5,0.0,36.5,12
2021-04-01,27.0,20.2,23.1,0.0,36.0,11
2021-04-02,27.8,16.2,21.8,0.0,34.9,15
2021-04-03,28.0,12.3,20.2,0.0,13.5,28
2021-04-04,24.7,15.3,20.6,0.1,19.7,37
2021-04-05,26.9,15.6,20.9,0.0,13.6,45
2021-04-06,24.5,14.6,18.9,3.7,11.1,64
2021-04-07,25.0,11.6,18.4,0.2,9.3,65
2021-04-08,29.2,13.0,21.0,0.0,13.5,42
2021-04-09,29.7,13.4,22.0,0.0,11.7,38
2021-04-10,31.0,18.0,24.1,0.0,16.8,33
2021-04-11,28.9,17.6,23.3,0.0,11.8,43
2021-04-12,31.4,16.5,24.6,0.0,10.2,43
2021-04-13,31.4,19.8,25.7,0.0,20.6,39
2021-04-14,32.5,18.3,25.4,0.0,19.0,42
2021-04-15,25.8,17.5,21.4,2.1,22.7,58
2021-04-16,27.1,16.6,21.1,3.7,18.2,63
2021-04-17,23.2,16.4,19.1,5.7,11.3,74
2021-04-18,23.9,14.8,18.9,0.6,14.5,74
2021-04-19,29.5,15.3,21.8,0.0,7.6,54
2021-04-20,28.5,15.4,22.3,0.0,9.3,45
2021-04-21,28.8,14.4,21.6,0.0,15.0,59
2021-04-22,26.8,15.9,20.3,0.8,22.2,64
2021-04-23,29.7,12.9,20.9,0.0,14.2,53
2021-04-24,31.8,14.2,22.9,0.0,11.2,46
2021-04-25,35.3,18.2,26.0,0.0,11.3,37
2021-04-26,36.4,17.6,26.8,0.0,10.1,42
2021-04-27,37.0,20.4,28.8,0.0,12.6,37
2021-04-28,38.2,22.9,30.3,0.0,16.1,30
2021-04-29,37.6,22.9,30.3,0.0,13.4,28
2021-04-30,37.5,22.5,29.8,0.0,13.8,32
2021-05-01,38.3,22.0,30.3,0.0,12.6,32
2021-05-02,37.8,25.5,31.4,0.0,15.8,27
2021-05-03,38.5,23.6,31.3,0.0,18.9,28
2021-05-04,33.8,21.9,27.0,2.1,15.5,53
2021-05-05,29.7,20.2,24.8,1.2,15.8,63
2021-05-06,32.9,21.6,26.5,0.0,16.8,45
2021-05-07,33.9,20.4,27.0,0.0,18.1,45
2021-05-08,34.1,20.8,27.4,0.0,11.6,48
2021-05-09,34.6,20.4,28.0,0.0,16.9,47
2021-05-10,34.9,21.9,27.7,4.9,16.7,52
2021-05-11,30.6,21.5,26.4,1.6,23.0,54
2021-05-12,33.6,20.1,27.2,0.0,13.8,47
2021-05-13,32.2,20.0,26.1,0.0,16.9,51
2021-05-14,32.6,20.1,26.5,0.0,14.8,49
2021-05-15,31.3,21.2,25.9,0.0,12.6,50
2021-05-16,34.6,21.0,26.9,0.5,10.8,45
2021-05-17,36.1,20.6,28.6,0.0,11.8,36
2021-05-18,37.4,22.9,30.5,0.0,14.9,27
2021-05-19,37.3,23.0,30.1,0.0,14.8,30
2021-05-20,37.0,23.2,29.5,0.1,16.4,34
2021-05-21,36.9,19.0,29.3,0.0,17.4,29
2021-05-22,34.7,22.4,28.7,0.0,20.2,31
2021-05-23,30.5,22.1,26.7,0.7,20.6,38
2021-05-24,34.7,20.7,27.6,0.0,17.6,35
2021-05-25,37.9,20.2,29.3,0.0,13.3,27
2021-05-26,39.7,22.4,30.8,0.0,14.8,25
2021-05-27,40.3,23.5,32.1,0.0,11.7,24
2021-05-28,41.8,24.6,33.4,0.0,22.6,24
2021-05-29,41.8,26.0,33.9,0.0,22.0,25
2021-05-30,40.6,25.1,33.3,0.0,17.0,31
2021-05-31,39.9,25.2,32.4,0.0,27.8,36
2021-06-01,36.5,23.5,30.2,0.0,19.4,44
2021-06-02,37.9,24.1,31.1,0.0,14.8,41
2021-06-03,38.7,24.8,31.6,0.0,18.7,40
2021-06-04,38.5,25.1,31.6,0.0,12.8,46
2021-06-05,40.5,25.5,32.8,0.0,20.7,41
2021-06-06,40.8,25.5,33.3,0.0,14.0,40
2021-06-07,43.0,27.1,34.8,0.0,12.4,36
2021-06-08,44.6,27.9,36.5,0.0,13.5,35
2021-06-09,47.8,27.5,38.0,0.0,14.2,23
2021-06-10,45.3,27.7,36.9,0.0,14.7,28
2021-06-11,42.0,27.2,34.7,0.1,22.5,41
2021-06-12,43.4,27.6,35.6,0.0,17.3,34
2021-06-13,40.3,27.6,33.2,0.0,27.4,40
2021-06-14,38.3,24.5,31.1,0.0,20.2,48
2021-06-15,38.0,25.8,31.8,0.0,14.4,39
2021-06-16,38.8,24.2,31.6,0.0,24.5,33
2021-06-17,36.8,22.3,30.1,0.0,16.9,43
2021-06-18,40.0,26.0,32.8,0.0,14.6,27
2021-06-19,40.9,26.2,33.2,0.0,12.1,28
2021-06-20,38.7,24.8,31.7,0.0,21.8,37
2021-06-21,38.1,24.2,31.6,0.0,15.3,38
2021-06-22,42.0,25.1,33.6,0.0,18.2,29
2021-06-23,41.5,25.3,33.6,0.0,22.8,29
2021-06-24,42.1,26.9,34.6,0.0,17.3,24
2021-06-25,38.3,26.5,32.2,0.0,16.2,37
2021-06-26,37.7,24.6,32.1,0.0,17.9,38
2021-06-27,39.5,26.4,33.5,0.0,11.8,33
2021-06-28,42.0,27.3,34.8,0.0,11.8,28
2021-06-29,43.6,27.2,35.7,0.0,11.3,29
2021-06-30,44.7,28.6,36.6,0.0,15.6,28
2021-07-01,45.4,29.3,37.2,0.0,26.9,22
2021-07-02,41.9,27.6,34.7,0.0,25.7,33
2021-07-03,39.4,26.8,33.8,0.0,20.5,38
2021-07-04,39.4,27.6,33.6,0.1,15.3,38
2021-07-05,40.2,26.8,33.9,0.0,17.7,36
2021-07-06,42.1,28.3,34.9,0.0,15.2,32
2021-07-07,43.1,28.7,35.8,0.0,22.6,34
2021-07-08,43.6,28.5,36.2,0.0,13.4,36
2021-07-09,43.8,29.8,37.0,0.0,17.6,37
2021-07-10,40.3,32.0,35.7,0.1,15.1,47
2021-07-11,39.4,29.0,34.4,1.5,18.5,55
2021-07-12,34.1,25.7,28.7,20.1,22.1,78
2021-07-13,31.8,24.0,27.6,14.8,13.6,72
2021-07-14,30.7,24.7,27.4,1.8,9.7,73
2021-07-15,36.5,24.7,30.4,0.0,10.4,64
2021-07-16,38.0,26.2,32.6,0.0,10.2,58
2021-07-17,39.9,28.6,34.1,0.0,13.0,58
2021-07-18,41.1,30.1,35.5,0.0,13.0,55
2021-07-19,33.3,25.2,29.2,9.3,21.3,73
2021-07-20,30.2,24.1,26.5,33.6,11.7,83
2021-07-21,31.6,24.1,27.4,7.4,7.1,77
2021-07-22,35.1,24.1,29.4,0.0,7.0,69
2021-07-23,36.0,24.5,30.4,0.0,7.6,68
2021-07-24,37.2,26.4,31.6,0.0,11.1,68
2021-07-25,37.4,27.5,32.3,0.1,13.4,67
2021-07-26,37.8,29.0,33.0,0.1,12.0,67
2021-07-27,33.8,27.9,30.3,3.2,15.1,81
2021-07-28,31.4,25.9,28.0,10.4,16.7,89
2021-07-29,33.1,25.0,28.8,10.7,11.5,79
2021-07-30,34.1,25.9,29.7,3.8,13.0,73
2021-07-31,33.2,24.9,28.3,11.1,10.5,78
2021-08-01,34.0,25.7,29.4,6.0,12.7,75
2021-08-02,34.2,24.0,29.2,7.5,12.7,74
2021-08-03,34.3,25.1,29.9,8.6,17.3,74
2021-08-04,33.2,25.1,28.8,6.4,11.5,75
2021-08-05,34.2,24.0,28.8,11.9,13.3,76
2021-08-06,33.6,23.2,28.6,10.3,11.6,76
2021-08-07,34.6,25.8,30.3,0.3,8.9,72
2021-08-08,34.2,27.1,30.3,3.2,12.5,72
2021-08-09,33.6,23.7,28.7,10.3,16.8,74
2021-08-10,35.0,25.9,30.4,0.1,10.4,71
2021-08-11,35.9,26.6,31.0,0.0,12.4,68
2021-08-12,35.9,26.3,30.8,2.2,15.8,71
2021-08-13,34.8,25.7,30.3,2.9,17.0,70
2021-08-14,32.7,23.7,28.0,2.5,9.8,71
2021-08-15,30.9,22.9,26.1,9.9,15.5,75
2021-08-16,35.1,24.4,29.5,0.0,10.9,57
2021-08-17,36.4,23.6,30.2,0.0,10.3,56
2021-08-18,36.1,24.4,30.1,0.0,9.3,62
2021-08-19,37.0,25.4,30.9,0.0,11.3,63
2021-08-20,36.6,25.7,30.7,0.0,13.7,61
2021-08-21,36.9,24.9,30.7,0.0,11.0,59
2021-08-22,37.1,26.2,31.2,0.0,12.6,59
2021-08-23,36.6,26.6,31.2,0.0,13.0,63
2021-08-24,38.4,27.2,32.4,0.0,15.7,61
2021-08-25,38.3,28.4,32.9,0.0,14.5,58
2021-08-26,39.3,28.9,33.5,0.0,14.3,54
2021-08-27,37.3,28.8,32.4,0.7,18.6,58
2021-08-28,34.2,23.8,28.6,9.6,13.4,71
2021-08-29,33.1,22.3,27.6,13.2,15.0,69
2021-08-30,32.3,23.4,27.5,10.0,17.1,69
2021-08-31,31.4,22.9,27.0,3.1,8.5,70
2021-09-01,34.0,23.3,28.5,0.0,11.5,56
2021-09-02,36.0,24.0,29.7,0.0,8.8,56
2021-09-03,36.9,24.5,30.4,0.0,13.6,58
2021-09-04,36.2,25.6,30.3,0.1,12.6,66
2021-09-05,36.9,25.9,31.0,0.0,13.4,63
2021-09-06,37.2,26.4,31.6,0.0,13.7,62
2021-09-07,36.3,27.4,32.0,0.0,12.2,62
2021-09-08,31.0,24.8,27.5,5.5,18.0,80
2021-09-09,34.3,24.8,29.1,0.2,12.1,68
2021-09-10,33.3,23.8,28.0,12.5,14.2,74
2021-09-11,31.3,23.2,26.4,15.4,12.4,78
2021-09-12,32.7,23.3,27.3,1.8,9.2,70
2021-09-13,35.2,24.4,29.2,0.1,9.4,61
2021-09-14,35.7,24.3,29.6,0.8,9.4,64
2021-09-15,35.2,25.1,29.8,0.3,9.3,63
2021-09-16,37.0,25.6,30.8,0.0,10.0,58
2021-09-17,36.9,25.8,30.9,0.0,13.5,60
2021-09-18,35.8,26.3,30.6,0.0,11.0,65
2021-09-19,35.7,26.5,31.0,0.2,11.8,65
2021-09-20,34.4,24.7,29.3,2.6,20.4,69
2021-09-21,32.0,22.8,26.6,10.0,18.0,74
2021-09-22,32.1,21.2,26.7,11.8,10.9,71
2021-09-23,32.1,21.7,26.3,3.6,11.2,73
2021-09-24,32.2,21.7,26.5,9.2,10.8,72
2021-09-25,35.1,23.5,28.5,0.0,9.0,64
2021-09-26,34.9,23.1,28.4,0.0,10.2,65
2021-09-27,34.7,23.2,28.9,0.0,7.6,65
2021-09-28,35.7,24.3,29.7,0.0,10.3,61
2021-09-29,34.0,25.3,29.2,0.2,9.2,67
2021-09-30,34.0,25.5,29.6,0.2,11.7,66
2021-10-01,33.2,24.3,28.1,6.6,16.6,68
2021-10-02,29.9,22.4,25.6,12.9,13.1,77
2021-10-03,30.2,21.8,25.5,4.7,15.3,76
2021-10-04,31.6,21.3,26.0,2.5,6.8,71
2021-10-05,30.0,21.3,25.1,8.4,11.2,70
2021-10-06,33.2,21.5,26.6,0.0,7.1,61
2021-10-07,33.6,21.2,26.6,0.0,10.6,58
2021-10-08,34.2,22.1,26.9,0.0,11.4,59
2021-10-09,33.2,21.6,26.8,0.0,8.7,57
2021-10-10,23.5,19.9,21.6,10.3,19.9,73
2021-10-11,29.8,17.9,22.7,0.1,13.4,65
2021-10-12,31.3,17.7,24.1,0.0,15.5,44
2021-10-13,33.9,18.9,24.9,0.0,10.5,34
2021-10-14,34.4,18.8,25.4,0.0,10.5,29
2021-10-15,35.0,18.6,24.7,0.0,9.4,28
2021-10-16,33.9,16.0,24.3,0.0,8.3,46
2021-10-17,27.5,17.3,23.4,0.9,15.7,48
2021-10-18,30.5,17.2,22.9,0.5,10.5,60
2021-10-19,32.6,18.1,24.1,0.0,9.9,53
2021-10-20,32.3,17.4,23.7,0.0,8.8,56
2021-10-21,32.6,16.2,23.8,0.0,7.7,56
2021-10-22,27.1,15.7,20.8,0.0,19.4,64
2021-10-23,27.3,12.3,20.0,0.0,14.5,56
2021-10-24,20.5,12.1,16.5,9.4,28.7,70
2021-10-25,25.0,11.6,17.7,0.0,8.1,51
2021-10-26,26.4,13.9,19.3,0.0,16.1,43
2021-10-27,28.1,13.8,20.0,0.0,10.1,43
2021-10-28,26.9,13.2,19.5,0.0,7.8,47
2021-10-29,27.4,12.9,19.5,0.0,8.2,50
2021-10-30,28.7,13.8,20.1,0.0,16.7,37
2021-10-31,27.6,11.9,19.0,0.0,7.6,38
2021-11-01,26.3,13.2,18.2,0.0,11.2,56
2021-11-02,27.7,12.5,18.7,0.0,10.8,52
2021-11-03,25.7,12.2,18.2,0.0,7.9,59
2021-11-04,25.1,13.7,18.5,0.0,8.7,57
2021-11-05,22.4,13.6,17.7,0.0,7.9,65
2021-11-06,25.6,12.6,18.3,0.0,14.3,54
2021-11-07,26.9,12.7,18.4,0.0,9.4,44
2021-11-08,27.6,13.1,19.2,0.0,9.4,40
2021-11-09,26.2,13.9,18.5,0.0,9.4,48
2021-11-10,26.2,11.1,18.4,0.0,7.3,57
2021-11-11,27.3,13.4,19.0,0.0,11.3,43
2021-11-12,26.5,13.8,18.2,0.0,9.2,41
2021-11-13,24.4,12.1,17.1,0.0,5.1,44
2021-11-14,22.4,7.5,14.9,0.0,8.8,60
2021-11-15,24.0,11.1,15.8,0.0,9.7,46
2021-11-16,23.0,10.0,15.6,0.0,7.4,46
2021-11-17,21.9,9.6,14.5,0.0,8.7,67
2021-11-18,22.7,12.0,16.2,0.0,8.2,54
2021-11-19,22.4,9.2,14.6,0.0,10.8,54
2021-11-20,22.1,7.3,14.1,0.0,7.6,67
2021-11-21,22.3,9.5,14.3,0.0,10.7,64
2021-11-22,22.2,9.2,13.8,0.0,7.7,53
2021-11-23,21.8,7.0,13.6,0.0,7.3,67
2021-11-24,21.4,8.6,14.5,0.0,7.9,72
2021-11-25,23.4,10.7,15.7,0.0,9.0,66
2021-11-26,21.9,10.0,14.8,0.0,7.9,65
2021-11-27,21.6,9.3,14.8,0.0,5.6,72
2021-11-28,22.1,9.8,15.2,0.0,12.7,71
2021-11-29,22.3,8.7,14.8,0.0,9.0,62
2021-11-30,22.3,9.5,14.5,0.0,9.3,52
2021-12-01,20.2,8.6,13.2,0.0,8.6,68
2021-12-02,20.2,8.2,13.4,0.0,7.7,62
2021-12-03,20.4,6.1,12.6,0.0,9.5,65
2021-12-04,21.7,10.5,14.4,0.0,8.3,67
2021-12-05,16.9,8.7,12.5,8.2,9.0,86
2021-12-06,20.2,8.2,13.2,0.0,10.8,77
2021-12-07,19.2,8.0,13.3,0.0,5.0,56
2021-12-08,19.7,8.2,12.4,0.0,8.4,62
2021-12-09,20.6,6.0,12.3,0.0,7.7,70
2021-12-10,20.2,5.9,12.4,0.0,10.9,41
2021-12-11,18.3,5.3,11.5,0.0,8.2,50
2021-12-12,17.6,7.1,11.1,0.0,9.3,66
2021-12-13,16.7,3.6,9.6,0.0,6.6,74
2021-12-14,14.3,5.6,9.2,0.0,16.0,73
2021-12-15,15.0,5.1,9.6,0.2,17.8,70
2021-12-16,14.6,2.4,9.0,0.0,11.5,61
2021-12-17,14.6,3.8,8.0,0.0,8.2,59
2021-12-18,14.9,2.9,8.0,0.0,7.9,53
2021-12-19,15.4,1.0,7.4,0.0,6.9,69
2021-12-20,15.2,3.8,8.3,0.0,9.7,70
2021-12-21,17.0,2.9,8.7,0.0,7.6,76
2021-12-22,17.5,4.1,10.0,0.0,6.8,74
2021-12-23,19.4,6.2,11.9,0.0,7.7,67
2021-12-24,20.1,7.0,12.3,0.0,10.2,56
2021-12-25,18.2,6.9,11.7,0.0,6.3,63
2021-12-26,14.0,7.8,10.1,1.0,12.0,79
2021-12-27,13.8,6.5,9.4,4.1,8.1,84
2021-12-28,16.9,4.1,9.8,0.0,17.1,60
2021-12-29,17.1,5.2,9.5,0.0,8.8,46
2021-12-30,16.7,5.0,9.8,0.0,7.9,50
2021-12-31,17.9,6.4,10.7,0.0,9.0,56
2022-01-01,16.2,5.3,9.3,0.0,6.8,64
2022-01-02,18.6,6.6,11.4,0.0,10.0,56
2022-01-03,13.3,5.3,9.8,2.8,7.4,69
2022-01-04,10.2,7.9,9.2,13.2,9.4,91
2022-01-05,9.6,4.7,8.3,18.5,13.2,89
2022-01-06,14.8,5.0,9.2,2.7,10.2,77
2022-01-07,12.2,8.3,9.8,18.0,12.7,81
2022-01-08,10.8,8.1,9.4,22.4,17.2,83
2022-01-09,15.2,3.8,8.8,0.2,9.2,81
2022-01-10,15.0,2.5,8.1,0.0,7.0,79
2022-01-11,17.2,3.1,9.5,0.0,9.3,62
2022-01-12,16.3,3.5,9.4,0.0,7.7,52
2022-01-13,17.5,3.8,9.3,0.0,7.9,53
2022-01-14,18.2,4.5,10.4,0.0,10.2,44
2022-01-15,15.9,3.4,9.9,0.0,7.4,54
2022-01-16,17.9,5.3,10.8,0.0,7.3,55
2022-01-17,13.4,7.3,9.9,0.2,8.5,73
2022-01-18,19.2,4.1,10.6,0.0,9.9,77
2022-01-19,13.8,7.5,10.3,7.4,8.7,90
2022-01-20,17.5,6.8,10.3,0.0,11.5,79
2022-01-21,12.3,5.2,8.7,6.9,8.4,91
2022-01-22,9.8,8.2,8.8,16.8,15.7,89
2022-01-23,12.8,6.3,9.4,0.0,9.5,82
2022-01-24,16.1,3.0,9.3,0.0,6.9,73
2022-01-25,16.4,4.9,9.6,0.0,6.1,68
2022-01-26,16.9,3.2,9.0,0.0,9.1,57
2022-01-27,16.8,4.4,9.8,0.0,7.2,60
2022-01-28,17.7,4.6,10.2,0.0,5.8,59
2022-01-29,18.2,6.3,10.6,0.0,10.3,66
2022-01-30,19.5,6.1,11.6,0.0,9.3,58
2022-01-31,17.8,6.0,11.6,0.0,8.3,60
2022-02-01,18.4,5.6,10.9,0.0,9.2,70
2022-02-02,15.6,3.9,9.8,0.0,8.5,66
2022-02-03,17.0,4.3,9.6,0.0,11.3,76
2022-02-04,16.1,3.8,8.1,0.0,11.8,81
2022-02-05,17.3,4.4,9.9,0.0,9.4,79
2022-02-06,14.4,8.2,10.9,2.5,7.6,83
2022-02-07,17.7,8.7,12.0,1.9,10.7,72
2022-02-08,18.9,5.9,11.3,0.0,15.2,59
2022-02-09,18.3,4.8,10.5,0.0,10.0,62
2022-02-10,19.4,6.9,11.6,0.0,12.5,45
2022-02-11,21.0,6.2,12.2,0.0,9.4,43
2022-02-12,20.5,6.2,12.7,0.0,6.5,51
2022-02-13,21.1,7.3,13.6,0.0,6.6,63
2022-02-14,19.6,9.7,14.6,0.0,19.3,57
2022-02-15,20.9,9.9,14.2,0.0,10.7,58
2022-02-16,21.1,8.0,13.9,0.0,13.8,60
2022-02-17,19.1,7.5,12.3,0.0,10.7,71
2022-02-18,21.0,7.6,13.1,0.0,13.8,60
2022-02-19,22.4,7.4,13.9,0.0,10.1,44
2022-02-20,25.1,6.3,16.4,0.0,28.7,30
2022-02-21,24.1,8.6,16.4,0.0,17.6,36
2022-02-22,19.0,11.8,14.5,4.4,22.7,60
2022-02-23,16.4,9.5,13.3,0.5,19.9,72
2022-02-24,19.8,8.9,13.3,1.0,10.7,78
2022-02-25,16.8,7.1,11.3,4.2,11.0,80
2022-02-26,17.4,4.4,11.0,0.0,9.4,73
2022-02-27,20.7,6.8,12.9,0.0,8.5,62
2022-02-28,22.5,8.1,14.0,0.0,10.5,53
2022-03-01,22.9,8.3,15.4,0.0,10.0,57
2022-03-02,23.9,9.9,16.6,0.0,13.7,51
2022-03-03,23.1,10.7,16.6,0.0,16.5,52
2022-03-04,22.8,8.6,15.6,0.0,7.5,63
2022-03-05,25.2,12.1,17.6,0.0,6.9,54
2022-03-06,20.0,13.0,16.2,0.3,16.8,58
2022-03-07,20.7,12.2,15.6,9.7,8.6,74
2022-03-08,21.7,11.0,16.0,0.0,20.8,61
2022-03-09,24.0,13.0,17.6,13.6,15.5,58
2022-03-10,26.3,12.2,18.7,0.0,19.1,49
2022-03-11,29.2,13.5,20.8,0.0,10.0,41
2022-03-12,29.9,15.9,21.7,0.0,10.7,45
2022-03-13,32.5,14.3,23.0,0.0,10.7,47
2022-03-14,33.7,17.0,24.4,0.0,9.4,45
2022-03-15,31.7,17.0,24.1,0.0,11.0,47
2022-03-16,34.8,17.7,25.6,0.0,11.4,40
2022-03-17,36.3,19.1,26.9,0.0,11.8,36
2022-03-18,31.6,16.2,22.2,4.1,21.0,69
2022-03-19,28.4,16.8,22.3,0.4,13.2,64
2022-03-20,30.9,17.4,23.6,0.0,11.2,51
2022-03-21,32.1,16.3,23.9,0.0,12.7,42
2022-03-22,32.9,17.6,24.6,0.0,8.4,35
2022-03-23,30.9,16.0,23.2,0.0,12.1,40
2022-03-24,31.1,15.9,23.1,0.0,11.3,44
2022-03-25,32.4,17.0,23.8,0.0,12.7,37
2022-03-26,33.8,15.9,24.6,0.0,8.9,34
2022-03-27,33.5,14.3,24.4,0.0,13.4,39
2022-03-28,33.9,16.7,25.2,0.0,9.9,38
2022-03-29,33.7,17.4,26.0,0.0,16.6,34
2022-03-30,33.8,19.7,26.7,0.0,22.3,14
2022-03-31,34.5,16.8,25.5,0.0,16.8,17
2022-04-01,36.4,16.4,25.8,0.0,11.1,18
2022-04-02,34.4,15.8,24.9,0.0,13.8,41
2022-04-03,34.0,17.8,26.0,0.0,18.9,25
2022-04-04,35.3,17.8,26.8,0.0,13.4,22
2022-04-05,36.3,19.8,27.2,0.0,9.4,25
2022-04-06,36.8,20.4,27.7,0.0,11.2,28
2022-04-07,37.8,20.2,28.2,0.0,11.3,30
2022-04-08,38.3,21.0,28.7,0.0,11.6,29
2022-04-09,37.0,21.7,29.0,0.0,15.1,28
2022-04-10,38.9,21.7,29.6,0.0,10.1,31
2022-04-11,39.6,21.7,30.0,0.0,12.3,32
2022-04-12,38.3,21.1,29.5,0.0,21.6,30
2022-04-13,33.8,20.7,26.8,0.0,20.2,38
2022-04-14,33.0,19.7,26.7,0.0,9.3,34
2022-04-15,36.3,21.3,28.1,0.0,12.8,28
2022-04-16,37.4,20.7,28.5,0.0,10.2,29
2022-04-17,38.0,19.5,28.5,0.0,13.2,35
2022-04-18,37.3,21.7,29.7,0.0,24.2,30
2022-04-19,33.5,23.6,28.4,0.0,23.5,35
2022-04-20,36.1,22.3,28.3,0.0,21.4,32
2022-04-21,31.7,22.1,26.3,0.3,20.9,35
2022-04-22,31.8,18.7,25.1,1.5,17.3,41
2022-04-23,34.5,18.3,26.3,0.0,15.5,35
2022-04-24,35.1,19.9,27.8,0.0,14.2,30
2022-04-25,36.9,21.1,28.7,0.0,15.6,29
2022-04-26,38.0,20.7,29.2,0.0,13.0,32
2022-04-27,39.5,22.6,30.6,0.0,18.1,29
2022-04-28,39.6,22.9,31.7,0.0,12.6,30
2022-04-29,39.4,23.4,31.4,0.0,10.3,28
2022-04-30,41.3,24.7,32.6,0.0,17.1,22
2022-05-01,41.2,22.2,31.6,0.0,14.3,30
2022-05-02,39.8,22.7,31.3,0.0,25.4,32
2022-05-03,37.3,25.0,30.2,3.2,27.1,35
2022-05-04,29.7,20.8,24.5,5.4,22.5,54
2022-05-05,34.1,19.0,26.8,0.0,12.5,45
2022-05-06,36.9,20.1,28.2,0.0,14.0,40
2022-05-07,38.2,21.5,29.5,0.0,11.3,35
2022-05-08,40.2,22.1,30.9,0.0,13.4,35
2022-05-09,38.7,23.8,30.7,0.1,16.0,39
2022-05-10,39.4,23.6,31.6,0.0,10.2,35
2022-05-11,40.8,24.4,32.9,0.0,11.6,30
2022-05-12,41.1,24.4,32.7,0.0,9.0,30
2022-05-13,42.7,25.5,34.7,0.0,23.5,16
2022-05-14,43.3,23.9,33.9,0.0,15.8,15
2022-05-15,42.8,27.7,35.4,0.0,24.5,14
2022-05-16,41.7,26.0,33.9,0.0,15.1,20
2022-05-17,38.5,25.0,32.3,0.0,17.8,25
2022-05-18,40.6,23.4,32.6,0.0,15.3,29
2022-05-19,40.3,25.7,33.2,0.0,24.4,27
2022-05-20,35.9,23.2,30.0,1.0,27.5,35
2022-05-21,38.3,23.8,31.2,0.0,13.4,28
2022-05-22,39.6,22.1,31.7,0.0,32.5,20
2022-05-23,33.9,24.3,29.7,0.0,31.6,17
2022-05-24,35.4,20.6,28.0,0.0,12.4,35
2022-05-25,37.5,21.6,29.4,0.0,18.6,39
2022-05-26,39.8,23.9,31.7,0.0,20.2,37
2022-05-27,39.5,24.6,32.2,0.0,17.6,36
2022-05-28,41.0,24.5,32.8,0.8,16.6,31
2022-05-29,40.4,25.0,32.8,0.0,21.1,27
2022-05-30,39.3,24.2,31.8,0.0,21.8,31
2022-05-31,37.8,23.9,30.9,0.0,17.3,31
2022-06-01,37.3,24.0,31.0,0.0,10.2,30
2022-06-02,40.7,24.8,32.5,0.0,14.5,24
2022-06-03,42.4,24.9,33.6,0.0,15.0,20
2022-06-04,42.0,24.3,33.4,0.0,19.6,19
2022-06-05,42.3,25.1,33.8,0.0,15.6,20
2022-06-06,44.0,27.1,35.0,0.0,10.0,18
2022-06-07,43.9,25.9,35.2,0.0,15.2,19
2022-06-08,43.1,29.2,35.5,0.0,12.8,18
2022-06-09,42.6,28.2,35.2,0.0,15.9,21
2022-06-10,41.9,26.7,34.7,0.0,11.3,22
2022-06-11,42.1,26.3,34.8,0.0,22.7,22
2022-06-12,41.6,27.6,34.4,0.0,19.8,25
2022-06-13,40.9,27.2,33.8,0.0,11.3,27
2022-06-14,43.9,28.2,36.4,0.0,16.6,21
2022-06-15,45.0,27.8,36.5,0.0,17.0,23
2022-06-16,42.8,28.1,35.2,0.0,20.2,27
2022-06-17,35.2,24.2,30.9,3.5,15.5,44
2022-06-18,34.8,24.7,29.6,0.4,18.1,48
2022-06-19,35.1,21.9,28.9,0.0,15.0,49
2022-06-20,33.1,21.9,27.9,0.0,15.3,49
2022-06-21,27.5,19.4,22.5,31.7,16.0,72
2022-06-22,27.7,18.8,22.0,32.6,18.5,71
2022-06-23,34.2,21.5,27.3,0.0,16.3,45
2022-06-24,36.7,22.3,29.5,0.0,4.5,46
2022-06-25,37.1,22.5,30.5,0.0,7.3,52
2022-06-26,38.8,24.8,31.9,0.0,8.0,53
2022-06-27,39.7,25.6,32.7,0.0,8.9,51
2022-06-28,41.0,26.6,33.7,0.0,9.0,49
2022-06-29,41.8,27.3,34.3,0.0,9.5,50
2022-06-30,41.5,29.3,34.9,0.1,24.7,55
2022-07-01,32.8,25.8,29.9,1.9,16.9,70
2022-07-02,37.3,27.6,31.6,0.0,13.0,61
2022-07-03,37.9,28.2,32.6,0.7,13.0,61
2022-07-04,37.0,26.6,31.5,2.5,17.5,68
2022-07-05,36.5,26.6,31.0,1.7,9.8,70
2022-07-06,35.8,26.7,30.2,19.2,13.4,75
2022-07-07,35.4,26.8,30.5,4.5,12.4,74
2022-07-08,36.8,27.7,31.8,0.0,13.3,68
2022-07-09,36.2,25.6,30.2,4.4,20.2,73
2022-07-10,32.6,23.8,27.7,15.6,15.5,80
2022-07-11,31.2,24.0,26.7,33.9,12.3,82
2022-07-12,33.4,25.1,28.6,2.9,13.3,76
2022-07-13,31.0,24.0,27.3,11.1,15.8,80
2022-07-14,31.0,23.3,26.6,5.0,12.8,81
2022-07-15,34.2,22.1,28.0,5.1,11.3,74
2022-07-16,36.4,25.2,30.3,0.0,9.4,67
2022-07-17,37.0,26.0,31.4,0.0,9.3,60
2022-07-18,37.1,25.9,31.3,0.0,9.4,64
2022-07-19,38.1,26.8,32.3,0.0,11.0,61
2022-07-20,36.9,26.7,31.9,0.0,12.9,66
2022-07-21,30.0,25.0,26.8,12.9,16.4,87
2022-07-22,32.2,24.6,27.4,0.5,6.5,78
2022-07-23,33.9,24.8,29.1,10.5,13.6,74
2022-07-24,27.7,24.3,26.0,32.1,8.8,90
2022-07-25,33.1,23.8,28.0,0.0,9.7,82
2022-07-26,33.2,24.6,28.7,3.4,9.4,81
2022-07-27,31.7,24.4,27.6,19.3,13.2,85
2022-07-28,31.2,24.4,27.1,36.8,12.1,87
2022-07-29,30.4,24.5,26.9,18.5,10.7,86
2022-07-30,32.8,25.0,28.1,4.6,12.2,82
2022-07-31,30.9,22.7,26.3,20.5,16.3,85
2022-08-01,32.8,22.4,26.5,4.3,9.9,78
2022-08-02,33.9,24.1,28.8,0.0,8.5,71
2022-08-03,34.6,25.4,29.8,0.0,9.8,67
2022-08-04,35.9,25.0,30.3,0.0,7.2,68
2022-08-05,33.4,25.9,29.3,1.1,17.1,75
2022-08-06,33.2,23.7,28.7,3.5,11.3,76
2022-08-07,35.0,25.6,29.6,0.7,15.6,75
2022-08-08,33.0,25.6,28.8,2.8,14.1,77
2022-08-09,33.9,24.4,29.0,13.5,12.2,76
2022-08-10,36.3,26.5,31.0,0.0,8.0,71
2022-08-11,33.7,25.4,28.9,17.6,14.9,80
2022-08-12,33.0,24.0,27.6,24.3,12.3,80
2022-08-13,36.5,25.6,30.7,0.0,9.1,71
2022-08-14,35.6,27.3,31.0,0.0,12.1,71
2022-08-15,29.7,24.4,26.7,17.8,26.0,86
2022-08-16,32.2,24.5,27.9,1.9,9.7,80
2022-08-17,27.0,24.3,25.8,7.4,10.9,88
2022-08-18,32.0,23.3,26.4,0.6,6.8,80
2022-08-19,34.1,23.3,28.5,0.0,8.7,74
2022-08-20,32.3,24.0,27.3,6.9,18.0,81
2022-08-21,28.2,23.0,25.6,17.4,12.5,84
2022-08-22,33.2,24.6,28.0,0.0,8.0,72
2022-08-23,35.0,23.5,28.9,0.0,9.7,63
2022-08-24,29.9,24.4,26.9,1.2,12.7,75
2022-08-25,29.1,23.1,25.8,1.2,15.1,75
2022-08-26,26.3,22.9,24.5,16.5,6.6,87
2022-08-27,28.8,22.1,25.3,1.0,15.5,80
2022-08-28,33.7,22.2,27.6,0.0,7.1,70
2022-08-29,33.7,24.2,28.4,0.0,7.4,72
2022-08-30,34.5,24.5,29.1,0.0,11.4,70
2022-08-31,35.2,25.5,29.8,0.1,7.1,69
2022-09-01,34.9,25.8,30.0,0.0,8.6,70
2022-09-02,35.2,26.1,30.3,0.0,9.9,70
2022-09-03,34.9,25.6,29.7,0.1,9.1,71
2022-09-04,33.3,25.1,28.5,3.7,14.3,73
2022-09-05,30.0,23.0,26.0,2.5,11.3,79
2022-09-06,33.4,23.4,28.1,0.0,11.0,72
2022-09-07,34.6,24.6,29.1,0.0,8.1,68
2022-09-08,35.2,24.8,29.7,0.0,11.2,70
2022-09-09,33.4,24.4,28.5,5.5,14.0,75
2022-09-10,32.5,23.7,27.7,2.0,20.2,75
2022-09-11,30.2,22.6,26.1,3.9,19.2,81
2022-09-12,30.8,21.1,25.4,9.5,10.1,79
2022-09-13,34.4,22.1,28.0,0.0,8.7,65
2022-09-14,34.2,22.6,27.9,0.0,7.4,62
2022-09-15,34.2,22.0,27.9,0.0,11.4,70
2022-09-16,34.4,23.3,28.2,0.0,11.8,70
2022-09-17,31.8,21.1,26.6,1.4,15.5,70
2022-09-18,34.9,23.4,28.0,0.0,8.1,60
2022-09-19,33.9,21.2,27.2,0.0,8.6,69
2022-09-20,33.7,22.1,27.8,0.6,9.5,69
2022-09-21,33.9,23.2,28.2,1.2,7.1,65
2022-09-22,35.0,22.6,28.1,0.0,10.7,68
2022-09-23,35.0,22.7,28.5,0.0,12.7,67
2022-09-24,34.7,23.5,28.4,0.5,15.0,60
2022-09-25,33.3,21.3,26.9,2.7,16.9,65
2022-09-26,32.8,21.1,26.2,8.0,10.8,68
2022-09-27,32.9,21.8,26.9,0.0,11.8,69
2022-09-28,33.3,22.7,27.5,0.6,10.4,65
2022-09-29,33.5,22.7,27.6,0.0,9.5,61
2022-09-30,34.2,22.7,27.9,0.0,9.4,61
2022-10-01,33.4,22.6,27.7,0.0,10.9,59
2022-10-02,32.0,20.6,25.9,0.0,9.4,53
2022-10-03,33.6,22.4,26.9,0.0,21.2,46
2022-10-04,34.5,20.0,27.0,0.0,12.1,42
2022-10-05,34.4,19.6,26.3,0.0,10.5,46
2022-10-06,26.1,18.9,22.4,1.2,13.7,61
2022-10-07,30.9,18.8,24.5,0.0,9.1,51
2022-10-08,33.2,19.8,25.4,0.0,9.4,39
2022-10-09,31.0,17.5,23.2,0.0,9.2,53
2022-10-10,31.5,17.7,23.9,0.0,13.9,65
2022-10-11,30.7,17.7,23.5,0.0,8.6,65
2022-10-12,28.6,18.0,22.6,0.0,11.3,66
2022-10-13,30.5,18.5,23.4,0.0,10.0,62
2022-10-14,31.8,18.6,23.9,0.0,8.3,55
2022-10-15,31.8,18.2,23.5,0.0,7.6,57
2022-10-16,31.5,17.6,23.3,0.0,10.2,68
2022-10-17,31.4,18.1,23.7,0.0,12.4,63
2022-10-18,30.4,17.6,23.2,0.0,13.5,56
2022-10-19,28.6,16.3,21.5,6.9,15.6,62
2022-10-20,24.8,14.2,18.9,0.0,7.4,69
2022-10-21,28.3,13.6,20.4,0.0,8.5,55
2022-10-22,28.0,13.7,20.3,0.0,8.2,50
2022-10-23,27.6,14.8,20.4,0.0,7.7,53
2022-10-24,28.7,15.7,21.1,0.0,8.4,54
2022-10-25,30.0,16.0,21.4,0.0,9.5,55
2022-10-26,28.8,15.9,21.3,0.0,9.0,59
2022-10-27,30.0,16.5,21.9,0.0,10.0,54
2022-10-28,29.3,15.8,21.4,0.0,8.0,53
2022-10-29,29.2,15.7,21.1,0.0,8.4,60
2022-10-30,29.2,15.6,21.2,0.0,8.9,65
2022-10-31,26.8,16.3,20.7,0.1,11.2,64
2022-11-01,26.0,16.0,20.5,0.0,11.6,60
2022-11-02,28.2,15.3,21.4,0.0,9.2,54
2022-11-03,29.2,15.4,21.6,0.0,12.0,52
2022-11-04,28.4,16.4,21.6,0.0,6.6,56
2022-11-05,24.2,14.9,19.7,5.0,16.0,65
2022-11-06,20.3,13.7,17.1,5.1,8.7,78
2022-11-07,23.7,12.6,17.3,0.1,9.2,73
2022-11-08,24.8,12.9,17.7,0.0,13.0,61
2022-11-09,20.6,12.5,15.9,0.5,12.1,75
2022-11-10,22.9,10.1,16.0,0.0,8.9,70
2022-11-11,24.6,11.1,16.9,0.0,7.6,58
2022-11-12,24.4,11.9,16.9,0.0,5.1,52
2022-11-13,18.7,11.0,14.8,1.0,15.3,67
2022-11-14,17.2,10.8,13.9,0.1,16.8,65
2022-11-15,22.7,8.7,15.1,0.0,9.2,61
2022-11-16,23.1,10.6,15.5,0.0,9.4,57
2022-11-17,23.9,9.2,15.5,0.0,10.4,49
2022-11-18,22.1,11.0,15.2,0.0,5.5,49
2022-11-19,20.5,11.3,14.2,0.3,11.3,67
2022-11-20,23.2,11.0,15.6,0.0,11.1,48
2022-11-21,23.9,10.5,15.4,0.0,9.4,45
2022-11-22,24.1,8.8,14.8,0.0,12.3,45
2022-11-23,23.6,9.4,15.8,0.0,9.8,40
2022-11-24,23.8,10.2,15.9,0.0,9.4,51
2022-11-25,23.1,8.5,14.6,0.0,7.9,76
2022-11-26,22.8,9.8,14.9,0.0,8.7,70
2022-11-27,22.6,7.9,14.7,0.0,7.2,70
2022-11-28,22.1,9.7,14.1,0.0,8.6,76
2022-11-29,22.4,8.3,13.7,0.0,6.8,77
2022-11-30,22.2,5.9,13.5,0.0,6.5,70
2022-12-01,22.1,8.6,13.3,0.0,8.0,70
2022-12-02,21.6,8.5,13.9,0.0,9.0,65
2022-12-03,21.3,9.5,14.5,0.0,5.2,58
2022-12-04,22.6,10.0,14.8,0.0,8.9,54
2022-12-05,20.4,7.4,13.4,0.0,4.3,59
2022-12-06,22.0,9.4,14.0,0.0,8.8,57
2022-12-07,21.9,9.2,14.5,0.0,6.4,49
2022-12-08,18.7,9.4,12.9,0.0,6.8,60
2022-12-09,20.4,8.1,13.4,0.0,8.4,60
2022-12-10,18.8,7.8,13.2,0.0,6.2,65
2022-12-11,20.7,6.4,13.6,0.0,9.0,55
2022-12-12,17.9,8.2,13.4,0.6,12.7,53
2022-12-13,20.8,7.7,14.4,0.0,15.9,41
2022-12-14,22.0,7.2,14.3,0.0,11.8,36
2022-12-15,21.2,7.4,13.1,0.0,8.7,46
2022-12-16,20.8,7.2,12.1,0.0,8.7,62
2022-12-17,20.9,7.6,12.2,0.0,7.9,74
2022-12-18,20.1,6.0,12.1,0.0,5.7,75
2022-12-19,19.8,8.3,12.5,0.0,8.1,67
2022-12-20,19.7,7.0,12.1,0.0,7.5,65
2022-12-21,18.8,4.9,11.0,0.0,6.1,67
2022-12-22,17.7,4.1,9.9,0.0,5.2,70
2022-12-23,15.7,3.3,8.4,0.0,5.5,74
2022-12-24,16.6,4.4,9.1,0.0,9.0,76
2022-12-25,16.3,6.0,9.8,0.0,4.5,57
2022-12-26,18.1,3.2,9.2,0.0,7.3,64
2022-12-27,18.6,6.0,10.9,0.0,9.9,52
2022-12-28,17.5,4.3,10.2,0.0,6.6,55
2022-12-29,10.5,5.7,8.1,7.5,11.9,80
2022-12-30,16.3,3.6,9.4,0.0,8.7,70
2022-12-31,17.4,3.1,9.2,0.0,9.7,54
2023-01-01,16.9,4.0,9.0,0.0,10.0,60
2023-01-02,16.7,5.2,9.8,0.0,6.5,53
2023-01-03,16.3,2.5,9.2,0.0,7.8,51
2023-01-04,16.9,4.9,9.3,0.0,7.1,47
2023-01-05,16.6,3.0,8.5,0.0,8.0,65
2023-01-06,15.0,1.3,7.9,0.0,7.6,78
2023-01-07,15.2,5.8,10.1,0.0,14.8,69
2023-01-08,14.0,5.7,10.4,0.2,13.8,63
2023-01-09,19.1,4.7,11.3,0.0,14.5,63
2023-01-10,20.0,6.8,13.3,0.0,5.5,54
2023-01-11,13.1,9.2,10.3,9.3,17.1,81
2023-01-12,12.0,6.9,9.2,0.3,6.0,84
2023-01-13,12.7,2.2,8.1,0.0,16.6,32
2023-01-14,15.0,-1.4,6.6,0.0,8.4,35
2023-01-15,16.2,3.9,9.1,0.0,23.2,26
2023-01-16,15.3,0.7,7.5,0.0,12.4,29
2023-01-17,16.3,2.9,7.9,0.0,7.1,42
2023-01-18,14.5,3.0,7.9,0.0,7.2,45
2023-01-19,16.0,2.7,9.0,0.0,7.4,55
2023-01-20,16.5,5.9,9.8,0.0,11.5,55
2023-01-21,15.9,3.3,8.9,0.0,10.6,69
2023-01-22,14.2,4.0,8.6,0.0,13.8,63
2023-01-23,14.9,4.1,8.8,0.0,16.4,53
2023-01-24,15.6,1.7,8.3,0.0,14.2,54
2023-01-25,15.3,3.1,8.3,0.1,11.2,55
2023-01-26,17.0,1.7,9.1,0.0,18.7,35
2023-01-27,19.0,1.6,10.3,0.0,15.8,38
2023-01-28,16.3,4.2,10.0,0.0,14.9,44
2023-01-29,15.3,8.6,11.7,0.4,14.1,54
2023-01-30,16.3,6.9,10.6,0.7,17.1,77
2023-01-31,18.6,5.6,10.9,0.0,12.4,61
2023-02-01,20.4,4.6,12.7,0.0,14.5,40
2023-02-02,21.5,8.9,14.5,0.0,18.1,43
2023-02-03,17.7,9.0,12.7,0.3,13.5,61
2023-02-04,21.7,6.4,13.0,0.0,15.5,57
2023-02-05,21.7,7.0,13.9,1.4,12.4,53
2023-02-06,18.6,9.0,13.1,4.9,9.7,71
2023-02-07,21.7,5.8,13.1,0.0,6.6,52
2023-02-08,18.4,6.5,12.4,0.0,9.0,51
2023-02-09,13.6,8.0,10.4,10.2,10.1,72
2023-02-10,16.3,5.8,10.5,1.3,9.0,75
2023-02-11,17.3,3.9,9.8,0.0,18.6,48
2023-02-12,19.4,4.4,11.0,0.0,10.5,27
2023-02-13,20.7,3.9,11.1,0.0,9.7,38
2023-02-14,23.7,6.9,14.6,0.0,8.0,45
2023-02-15,26.4,9.4,17.0,0.0,10.5,48
2023-02-16,27.4,12.2,18.5,0.0,9.6,46
2023-02-17,27.7,13.0,18.7,0.0,7.1,51
2023-02-18,26.7,12.5,18.6,0.0,9.0,57
2023-02-19,25.4,13.4,18.1,0.0,10.7,54
2023-02-20,22.5,12.5,16.4,0.1,13.0,62
2023-02-21,25.4,10.8,17.6,0.0,12.1,52
2023-02-22,25.0,12.7,17.7,0.0,10.7,36
2023-02-23,26.7,10.2,18.3,0.0,17.7,32
2023-02-24,27.7,13.9,19.7,0.0,9.2,27
2023-02-25,23.7,12.0,16.6,3.0,21.3,52
2023-02-26,25.3,10.2,17.3,0.1,13.3,58
2023-02-27,26.5,13.2,18.7,0.0,8.6,44
2023-02-28,24.5,13.8,18.3,0.0,13.3,47
2023-03-01,23.7,11.4,16.8,0.6,12.9,51
2023-03-02,19.9,11.8,15.5,0.0,10.4,70
2023-03-03,25.1,11.2,17.6,0.0,11.9,58
2023-03-04,28.0,13.7,19.8,0.0,12.1,42
2023-03-05,28.1,13.2,20.6,0.0,14.5,36
2023-03-06,29.1,14.7,20.8,0.0,10.2,31
2023-03-07,29.9,14.0,21.3,0.0,12.1,28
2023-03-08,30.0,14.8,21.5,0.0,12.2,24
2023-03-09,29.0,11.3,20.0,0.0,9.7,44
2023-03-10,30.3,14.2,21.6,0.0,13.4,48
2023-03-11,31.7,15.1,22.5,0.0,11.2,46
2023-03-12,25.3,16.8,20.5,2.2,14.1,55
2023-03-13,30.8,14.4,22.3,0.0,14.5,44
2023-03-14,31.5,16.4,23.1,0.0,10.4,34
2023-03-15,31.3,14.5,22.7,0.0,11.6,40
2023-03-16,26.4,15.4,20.0,0.0,13.8,61
2023-03-17,23.1,13.9,17.5,7.1,19.1,78
2023-03-18,26.5,11.1,18.2,0.7,6.6,70
2023-03-19,26.0,14.1,19.5,0.0,9.0,61
2023-03-20,25.8,13.1,19.2,0.2,8.6,60
2023-03-21,24.2,13.1,18.3,1.7,12.0,68
2023-03-22,25.5,12.5,18.1,3.8,19.5,71
2023-03-23,22.4,14.6,17.5,5.2,10.0,69
2023-03-24,22.0,13.0,16.0,16.8,14.4,75
2023-03-25,19.9,12.9,15.4,13.3,11.5,74
2023-03-26,25.0,9.5,17.3,0.0,9.0,60
2023-03-27,26.7,13.1,19.2,0.0,8.8,57
2023-03-28,26.7,15.0,20.0,0.1,7.7,59
2023-03-29,24.0,15.8,18.6,6.4,9.4,70
2023-03-30,21.2,16.0,18.0,17.8,19.1,69
2023-03-31,22.6,15.1,18.5,2.1,11.4,66
2023-04-01,22.3,14.2,17.4,7.8,13.0,81
2023-04-02,22.0,14.3,17.7,4.5,8.0,81
2023-04-03,20.2,14.2,16.7,4.6,17.7,83
2023-04-04,22.2,13.0,17.2,1.4,11.5,77
2023-04-05,22.6,13.5,17.7,8.5,19.1,67
2023-04-06,23.9,12.1,17.6,0.4,8.3,65
2023-04-07,28.0,12.3,19.6,0.0,15.3,54
2023-04-08,30.8,15.7,22.4,0.0,11.5,45
2023-04-09,31.3,15.6,23.0,0.0,7.2,43
2023-04-10,32.1,16.0,23.9,0.0,9.0,44
2023-04-11,32.3,18.5,24.6,0.0,11.3,40
2023-04-12,33.8,17.2,25.4,0.0,10.5,42
2023-04-13,35.9,19.0,26.8,0.0,10.9,36
2023-04-14,36.0,17.5,26.9,0.0,11.9,38
2023-04-15,35.8,17.8,27.0,0.0,15.0,40
2023-04-16,29.6,22.1,25.4,0.1,19.6,46
2023-04-17,32.7,21.3,25.9,2.1,18.9,45
2023-04-18,26.9,18.6,21.6,3.1,15.7,74
2023-04-19,25.2,15.6,20.0,6.6,14.0,77
2023-04-20,23.7,14.5,18.3,3.7,9.2,77
2023-04-21,25.7,13.3,19.8,0.1,12.4,61
2023-04-22,28.8,14.7,21.4,0.0,10.7,47
2023-04-23,32.4,15.0,23.2,0.0,8.9,44
2023-04-24,33.2,15.7,24.7,0.0,10.0,48
2023-04-25,32.4,18.3,25.1,0.2,12.6,48
2023-04-26,31.8,18.6,25.1,0.0,16.1,45
2023-04-27,30.6,17.0,23.9,0.3,18.7,49
2023-04-28,30.9,18.5,24.4,0.6,11.7,47
2023-04-29,33.7,17.7,26.3,0.0,10.8,40
2023-04-30,34.1,20.2,26.9,0.0,21.5,36
2023-05-01,27.3,18.2,22.1,9.2,14.9,65
2023-05-02,24.3,17.3,20.3,21.9,9.0,80
2023-05-03,27.0,16.1,21.6,2.1,10.2,73
2023-05-04,25.1,16.3,20.5,4.0,16.1,75
2023-05-05,29.0,16.0,23.2,2.7,7.6,64
2023-05-06,26.3,17.9,22.2,8.7,13.7,64
2023-05-07,24.4,16.6,20.2,5.1,11.2,71
2023-05-08,28.2,14.9,21.6,1.5,20.1,60
2023-05-09,31.1,16.3,23.2,0.0,10.1,48
2023-05-10,35.0,17.5,25.8,0.0,9.4,37
2023-05-11,35.4,19.4,27.7,0.0,8.2,33
2023-05-12,37.3,19.7,29.2,0.0,12.4,36
2023-05-13,35.3,21.3,27.9,0.0,20.9,38
2023-05-14,35.2,20.5,28.1,0.0,20.0,34
2023-05-15,36.8,21.8,29.1,0.0,11.8,32
2023-05-16,34.2,23.7,29.6,0.0,17.4,32
2023-05-17,36.2,22.1,29.2,0.0,15.3,40
2023-05-18,31.5,23.3,27.5,0.0,20.2,40
2023-05-19,38.2,21.2,29.1,0.0,20.4,38
2023-05-20,40.7,20.0,31.0,0.0,22.1,29
2023-05-21,41.6,22.9,32.9,0.0,19.7,21
2023-05-22,41.8,26.0,33.9,0.0,13.5,23
2023-05-23,37.4,24.9,30.7,1.8,24.3,37
2023-05-24,36.4,22.8,28.9,0.0,27.5,48
2023-05-25,34.9,22.3,28.6,0.0,25.2,45
2023-05-26,29.6,20.7,25.0,0.1,19.5,54
2023-05-27,35.3,20.3,27.8,0.0,16.1,41
2023-05-28,36.5,21.0,29.2,0.0,17.6,36
2023-05-29,33.2,24.1,27.9,0.2,15.1,40
2023-05-30,30.3,20.0,24.4,7.3,7.7,59
2023-05-31,28.4,20.0,23.7,3.7,20.2,61
2023-06-01,24.5,19.0,20.8,5.8,10.9,82
2023-06-02,33.8,17.3,25.3,0.0,13.8,57
2023-06-03,34.3,19.9,27.2,0.0,17.7,52
2023-06-04,35.0,23.4,29.4,0.0,13.0,43
2023-06-05,37.6,21.5,29.2,0.0,28.5,41
2023-06-06,37.6,23.1,29.9,0.0,20.0,39
2023-06-07,38.4,22.9,30.3,0.0,23.5,42
2023-06-08,40.2,24.1,31.8,0.0,18.8,44
2023-06-09,41.4,25.8,33.3,0.0,15.5,41
2023-06-10,41.7,25.5,33.3,0.0,24.2,40
2023-06-11,39.8,24.7,32.6,0.0,12.7,42
2023-06-12,39.0,26.1,32.7,0.0,18.7,41
2023-06-13,40.6,27.1,33.9,0.0,14.5,37
2023-06-14,40.8,26.4,33.6,0.0,19.0,38
2023-06-15,37.2,26.8,31.5,0.1,18.2,44
2023-06-16,38.7,24.9,31.7,0.0,9.8,50
2023-06-17,40.3,26.9,33.4,0.0,13.5,44
2023-06-18,39.4,27.2,33.5,1.4,12.3,44
2023-06-19,40.6,26.1,33.0,0.0,16.5,50
2023-06-20,41.9,27.8,34.5,0.0,13.0,47
2023-06-21,42.7,28.3,35.0,0.0,15.2,46
2023-06-22,43.7,28.6,35.9,0.0,16.5,46
2023-06-23,43.9,29.8,36.7,0.0,16.5,47
2023-06-24,43.2,31.6,36.6,0.0,19.6,47
2023-06-25,42.0,29.4,35.5,0.0,18.3,48
2023-06-26,31.0,24.7,27.8,11.0,24.3,76
2023-06-27,35.6,24.3,30.5,3.3,14.8,63
2023-06-28,35.6,23.7,29.0,5.6,23.8,67
2023-06-29,36.8,25.6,31.0,0.0,16.7,60
2023-06-30,35.8,22.6,29.7,1.5,15.5,64
2023-07-01,36.4,24.0,30.6,3.8,15.1,63
2023-07-02,38.9,27.1,32.5,0.3,12.6,58
2023-07-03,40.1,27.6,34.1,0.0,17.1,57
2023-07-04,36.3,25.8,30.4,2.3,23.6,64
2023-07-05,35.5,24.1,29.3,1.1,17.0,64
2023-07-06,34.7,23.9,29.2,0.0,13.2,62
2023-07-07,32.1,22.5,27.8,12.1,10.9,68
2023-07-08,36.0,23.8,29.8,2.2,18.1,57
2023-07-09,37.3,24.4,30.4,0.0,13.7,58
2023-07-10,36.9,23.1,29.7,3.9,15.5,59
2023-07-11,39.9,25.0,31.9,0.0,14.8,51
2023-07-12,40.4,26.6,33.3,0.0,14.0,51
2023-07-13,39.4,27.5,33.0,0.0,19.0,57
2023-07-14,38.0,25.1,31.5,2.4,18.3,63
2023-07-15,36.8,25.1,30.2,5.9,17.1,68
2023-07-16,36.0,27.6,30.6,10.4,13.6,69
2023-07-17,37.6,23.6,31.2,5.6,9.2,68
2023-07-18,39.2,28.3,33.5,0.1,12.6,60
2023-07-19,33.3,26.3,29.1,3.3,21.4,77
2023-07-20,35.4,24.5,29.8,9.8,9.9,72
2023-07-21,36.5,27.0,31.4,0.1,11.5,69
2023-07-22,34.1,25.4,29.0,22.0,14.1,79
2023-07-23,33.3,24.3,28.2,10.9,8.6,78
2023-07-24,35.1,25.7,30.4,0.4,9.2,68
2023-07-25,34.2,24.8,29.6,9.8,12.5,75
2023-07-26,34.9,24.9,29.9,12.9,11.5,76
2023-07-27,33.2,24.8,28.9,12.4,13.9,77
2023-07-28,31.9,24.1,27.5,17.5,11.9,80
2023-07-29,32.5,22.8,27.3,13.1,10.8,79
2023-07-30,35.2,25.7,30.2,0.0,8.7,69
2023-07-31,34.3,25.3,29.3,10.1,15.2,74
2023-08-01,36.5,26.0,31.3,0.0,10.1,69
2023-08-02,37.9,27.8,32.5,0.0,20.7,66
2023-08-03,35.7,25.2,30.4,1.7,19.5,67
2023-08-04,36.0,25.1,30.7,15.5,14.7,72
2023-08-05,35.0,24.0,29.8,9.7,13.6,75
2023-08-06,35.7,24.9,30.1,3.3,18.3,74
2023-08-07,32.9,23.9,28.3,2.5,11.3,75
2023-08-08,36.1,23.9,29.7,0.8,14.4,68
2023-08-09,37.3,26.5,31.6,0.6,12.1,65
2023-08-10,37.0,28.2,31.7,1.9,15.3,66
2023-08-11,36.3,25.7,30.8,0.4,14.6,69
2023-08-12,37.8,27.9,32.4,0.4,15.3,64
2023-08-13,39.5,28.8,33.5,0.0,20.3,58
2023-08-14,34.4,23.9,29.3,9.2,20.7,72
2023-08-15,34.6,23.6,28.5,6.5,15.5,72
2023-08-16,36.0,26.1,30.6,0.6,14.0,67
2023-08-17,36.3,26.6,31.0,0.6,12.2,66
2023-08-18,36.1,25.4,31.2,0.4,14.0,66
2023-08-19,37.5,25.6,31.5,4.1,9.8,65
2023-08-20,38.8,27.5,32.3,0.0,13.0,64
2023-08-21,39.2,28.1,33.1,0.0,14.2,63
2023-08-22,39.7,28.6,33.7,0.0,14.2,59
2023-08-23,39.0,27.0,32.9,0.0,29.8,59
2023-08-24,35.1,25.1,29.6,0.3,17.4,63
2023-08-25,34.4,23.7,29.0,3.4,12.9,66
2023-08-26,35.0,22.9,29.2,4.7,14.7,63
2023-08-27,37.1,25.4,30.5,0.0,17.4,58
2023-08-28,36.4,24.6,29.8,0.0,19.4,55
2023-08-29,35.6,24.1,29.4,1.8,15.0,59
2023-08-30,38.7,24.4,30.9,0.0,19.7,56
2023-08-31,38.6,25.4,31.8,0.0,18.0,54
2023-09-01,39.0,27.5,32.9,0.4,12.4,57
2023-09-02,37.8,27.9,31.7,3.0,13.4,59
2023-09-03,37.1,26.5,31.4,0.9,12.4,57
2023-09-04,39.0,26.9,32.3,0.0,14.8,52
2023-09-05,36.3,25.1,30.5,0.0,12.0,55
2023-09-06,36.7,25.5,30.9,0.0,13.0,53
2023-09-07,39.1,26.1,32.0,0.0,12.1,47
2023-09-08,39.9,25.5,32.1,0.0,10.0,49
2023-09-09,39.3,25.9,31.9,0.0,11.2,53
2023-09-10,39.5,26.1,31.9,0.0,12.3,56
2023-09-11,38.9,26.7,32.2,0.0,13.8,57
2023-09-12,39.5,27.5,32.5,0.0,15.0,58
2023-09-13,39.7,28.1,32.9,0.0,10.9,57
2023-09-14,39.1,27.9,32.8,0.0,13.0,56
2023-09-15,37.9,27.6,32.1,0.6,23.6,58
2023-09-16,35.3,25.0,29.1,2.4,18.4,67
2023-09-17,34.7,23.0,28.3,9.4,13.4,71
2023-09-18,32.7,22.8,27.4,6.1,12.6,74
2023-09-19,35.4,24.5,29.6,0.0,13.7,64
2023-09-20,35.9,25.3,30.0,0.0,12.6,61
2023-09-21,33.8,23.6,28.5,3.5,14.2,64
2023-09-22,32.7,23.5,28.1,4.7,13.3,67
2023-09-23,33.3,23.5,27.3,0.8,10.9,69
2023-09-24,33.5,21.1,27.1,5.3,22.3,59
2023-09-25,31.8,19.6,25.6,0.0,11.6,55
2023-09-26,35.1,18.8,26.8,0.0,8.7,43
2023-09-27,34.9,20.5,26.7,0.0,7.8,46
2023-09-28,34.6,20.3,26.6,1.0,12.2,54
2023-09-29,29.4,20.0,23.7,0.7,18.4,54
2023-09-30,33.3,19.4,25.9,0.0,17.3,36
2023-10-01,35.2,17.4,25.4,0.0,9.7,32
2023-10-02,33.8,18.5,25.9,0.0,11.3,39
2023-10-03,34.8,19.5,26.5,0.0,9.7,37
2023-10-04,35.1,19.4,26.3,0.0,7.4,38
2023-10-05,36.6,18.2,26.4,0.0,9.2,37
2023-10-06,34.6,18.7,26.5,0.0,7.6,50
2023-10-07,34.8,20.0,27.0,0.0,9.6,54
2023-10-08,35.1,21.0,27.5,0.0,11.3,45
2023-10-09,30.2,20.9,25.2,1.0,20.3,48
2023-10-10,31.3,17.6,23.5,0.0,10.3,53
2023-10-11,33.8,15.5,24.2,0.0,11.3,47
2023-10-12,33.2,18.8,25.1,0.0,12.8,54
2023-10-13,32.8,18.7,25.0,6.9,25.0,61
2023-10-14,25.3,19.1,21.8,1.8,9.1,78
2023-10-15,28.0,17.6,21.9,10.1,14.3,68
2023-10-16,23.9,15.9,18.9,22.1,10.9,78
2023-10-17,21.6,14.3,17.4,11.8,11.3,80
2023-10-18,25.9,13.0,18.8,0.0,6.1,66
2023-10-19,27.5,14.0,20.2,0.0,6.5,61
2023-10-20,28.2,14.6,21.1,0.0,7.1,59
2023-10-21,28.1,14.9,21.5,0.0,7.3,59
2023-10-22,26.4,16.3,20.3,0.4,10.9,64
2023-10-23,28.6,13.6,20.7,0.0,6.6,56
2023-10-24,28.5,14.8,21.1,0.0,8.7,57
2023-10-25,29.8,14.1,21.3,0.0,8.7,54
2023-10-26,28.6,14.7,21.1,0.0,8.8,55
2023-10-27,29.1,15.8,21.4,0.0,9.2,59
2023-10-28,29.5,15.9,21.7,0.0,7.7,59
2023-10-29,29.0,17.5,21.9,0.0,8.9,63
2023-10-30,29.0,17.1,22.2,0.0,7.9,68
2023-10-31,29.2,17.4,22.4,0.0,7.6,70
2023-11-01,26.3,17.2,21.5,5.9,14.8,68
2023-11-02,28.7,15.6,21.4,0.0,7.9,56
2023-11-03,29.3,13.6,20.5,0.0,9.4,51
2023-11-04,27.9,15.3,20.7,0.0,7.4,49
2023-11-05,27.9,15.2,20.2,0.0,8.2,56
2023-11-06,26.7,14.1,19.8,0.0,8.4,70
2023-11-07,26.7,15.5,19.7,0.0,16.4,72
2023-11-08,26.2,13.9,19.2,0.0,8.3,76
2023-11-09,23.6,15.1,18.3,14.8,15.2,75
2023-11-10,23.3,12.5,16.9,0.0,7.7,75
2023-11-11,23.9,11.2,16.8,0.0,8.6,68
2023-11-12,24.3,12.2,17.2,0.0,8.2,67
2023-11-13,24.7,11.6,17.2,0.0,8.3,71
2023-11-14,25.3,13.4,17.8,0.0,9.4,63
2023-11-15,26.8,9.1,17.6,0.0,7.8,41
2023-11-16,25.1,10.2,17.4,0.0,4.9,42
2023-11-17,24.8,11.3,17.2,0.0,7.2,54
2023-11-18,21.8,11.2,15.7,0.0,9.0,66
2023-11-19,22.7,11.6,16.0,0.0,8.2,66
2023-11-20,23.4,11.1,16.6,0.0,5.9,58
2023-11-21,23.5,11.2,16.3,0.0,5.5,61
2023-11-22,24.1,11.0,15.8,0.0,9.9,62
2023-11-23,21.5,9.5,14.6,0.0,9.3,80
2023-11-24,24.4,8.1,15.8,0.0,7.1,62
2023-11-25,23.8,9.5,16.3,0.0,8.0,49
2023-11-26,21.1,9.9,14.7,0.0,9.5,61
2023-11-27,19.5,10.2,14.0,0.0,9.8,65
2023-11-28,24.0,9.5,15.5,0.0,10.2,60
2023-11-29,23.5,11.4,16.3,0.0,12.2,64
2023-11-30,20.3,12.0,15.1,3.2,11.1,77
2023-12-01,21.1,9.9,14.8,0.0,10.5,74
2023-12-02,23.4,8.3,14.9,0.0,9.4,61
2023-12-03,21.7,10.0,14.9,0.0,6.8,54
2023-12-04,21.7,9.0,14.2,0.0,7.5,55
2023-12-05,19.4,8.1,12.9,0.0,6.9,69
2023-12-06,20.7,8.8,13.7,0.0,7.4,65
2023-12-07,21.4,9.1,13.7,0.0,7.0,59
2023-12-08,19.7,7.2,13.0,0.0,7.2,69
2023-12-09,20.6,8.5,13.2,0.0,7.6,61
2023-12-10,20.3,6.3,12.9,0.0,8.0,54
2023-12-11,18.4,5.8,11.2,0.0,8.4,66
2023-12-12,18.8,5.0,11.5,0.0,9.4,66
2023-12-13,18.8,7.9,12.0,0.0,6.7,63
2023-12-14,19.6,4.7,11.9,0.0,5.8,64
2023-12-15,17.5,6.6,11.0,0.0,7.4,66
2023-12-16,17.6,6.2,11.3,0.0,8.4,68
2023-12-17,18.9,6.0,11.1,0.0,10.0,67
2023-12-18,19.7,4.0,10.6,0.0,7.4,55
2023-12-19,19.5,5.0,11.7,0.0,8.3,48
2023-12-20,20.5,6.8,13.4,0.0,7.2,44
2023-12-21,20.2,6.0,12.9,0.0,7.9,48
2023-12-22,19.1,5.6,11.9,0.1,12.9,63
2023-12-23,21.3,8.2,13.7,0.2,9.3,70
2023-12-24,19.0,8.2,12.8,0.0,7.9,65
2023-12-25,21.9,7.5,13.6,0.0,8.6,59
2023-12-26,20.5,9.1,13.4,0.0,6.4,65
2023-12-27,22.2,8.1,14.2,0.0,9.8,61
2023-12-28,22.1,6.1,13.0,0.0,10.1,56
2023-12-29,17.9,5.5,11.3,0.0,8.0,80
2023-12-30,19.4,6.4,12.5,0.0,8.7,75
2023-12-31,19.4,6.3,11.3,0.0,7.6,74
2024-01-01,18.8,5.8,11.1,0.0,5.8,70
2024-01-02,17.0,3.9,9.6,0.0,10.5,77
2024-01-03,15.5,3.7,8.3,0.0,8.2,90
2024-01-04,17.3,3.8,8.8,0.0,9.2,85
2024-01-05,16.9,5.2,9.7,0.0,9.7,85
2024-01-06,17.8,4.7,9.5,0.0,8.9,84
2024-01-07,16.2,2.8,8.0,0.0,7.6,81
2024-01-08,14.6,1.3,7.3,0.0,7.4,86
2024-01-09,18.1,2.6,9.6,0.0,6.1,64
2024-01-10,17.4,3.4,9.1,0.0,6.4,72
2024-01-11,17.3,3.8,9.3,0.0,10.2,71
2024-01-12,16.9,5.8,10.4,0.0,8.6,67
2024-01-13,17.6,4.1,10.4,0.0,9.7,76
2024-01-14,18.7,4.7,10.4,0.0,7.1,75
2024-01-15,18.1,3.8,9.8,0.0,7.0,77
2024-01-16,16.7,3.4,8.7,0.0,8.1,81
2024-01-17,18.7,6.4,11.2,0.0,7.2,72
2024-01-18,19.2,5.8,11.3,0.0,8.9,71
2024-01-19,19.1,6.6,10.8,0.0,10.4,72
2024-01-20,16.9,3.4,8.9,0.0,9.8,87
2024-01-21,17.1,5.1,8.9,0.0,10.3,87
2024-01-22,15.1,4.4,8.1,0.0,9.7,90
2024-01-23,16.7,4.6,9.5,0.0,10.3,85
2024-01-24,16.5,3.8,8.5,0.0,8.7,86
2024-01-25,16.6,5.2,10.0,0.0,8.3,80
2024-01-26,18.5,7.3,11.6,0.0,7.9,67
2024-01-27,19.4,3.7,11.5,0.1,10.7,60
2024-01-28,14.5,7.9,11.1,1.7,8.2,80
2024-01-29,17.2,8.6,12.1,0.0,9.6,77
2024-01-30,18.1,6.0,11.3,3.0,12.4,75
2024-01-31,13.9,9.0,10.9,5.6,8.9,87
2024-02-01,16.5,5.7,10.1,0.0,10.4,70
2024-02-02,15.7,4.3,9.7,0.0,7.4,69
2024-02-03,10.9,8.1,9.3,1.2,7.9,79
2024-02-04,15.3,6.2,10.3,0.0,9.3,67
2024-02-05,17.3,4.1,10.4,0.0,9.8,61
2024-02-06,17.7,3.3,10.5,0.0,8.9,45
2024-02-07,18.6,1.9,9.8,0.0,17.8,43
2024-02-08,20.8,1.6,10.1,0.0,14.0,43
2024-02-09,21.1,5.7,12.6,0.0,7.9,41
2024-02-10,23.0,4.9,14.1,0.0,10.2,37
2024-02-11,22.9,4.8,13.3,0.0,8.4,38
2024-02-12,22.6,5.4,13.5,0.0,9.7,42
2024-02-13,23.6,4.5,13.7,0.0,15.5,35
2024-02-14,24.3,4.5,14.1,0.0,14.2,29
2024-02-15,23.9,5.5,14.5,0.0,9.7,40
2024-02-16,24.7,7.9,15.3,0.0,10.2,57
2024-02-17,24.5,9.4,16.2,0.0,9.0,56
2024-02-18,14.9,11.4,13.4,9.8,11.1,81
2024-02-19,12.8,7.2,10.5,28.9,17.3,85
2024-02-20,18.2,4.7,10.5,0.0,17.2,68
2024-02-21,18.3,5.2,10.8,0.1,12.2,67
2024-02-22,18.5,3.8,10.7,0.0,17.3,51
2024-02-23,19.1,2.3,10.2,0.0,11.7,46
2024-02-24,19.5,3.4,11.5,0.0,9.7,44
2024-02-25,18.6,4.9,11.9,0.0,10.0,53
2024-02-26,16.2,8.5,11.7,0.0,9.7,62
2024-02-27,17.2,5.7,11.0,0.2,13.0,65
2024-02-28,21.8,5.4,12.7,0.0,14.3,59
2024-02-29,19.6,8.0,13.1,0.4,6.9,63
2024-03-01,12.2,10.1,11.3,35.3,10.8,90
2024-03-02,14.2,9.3,10.8,29.6,8.9,85
2024-03-03,13.5,4.2,8.3,8.3,19.2,74
2024-03-04,15.9,2.7,8.7,0.0,12.2,65
2024-03-05,18.8,4.1,10.7,0.0,16.8,44
2024-03-06,21.0,6.0,13.7,0.0,10.7,43
2024-03-07,20.5,8.3,14.3,0.0,9.0,51
2024-03-08,21.6,5.7,13.4,0.0,16.1,52
2024-03-09,23.9,6.2,13.6,0.0,15.8,52
2024-03-10,25.9,8.1,16.7,0.0,10.4,44
2024-03-11,25.6,12.6,18.2,0.0,11.0,43
2024-03-12,25.9,9.4,17.8,0.0,12.2,46
2024-03-13,17.4,10.9,14.1,6.8,11.3,76
2024-03-14,21.7,8.3,14.2,0.0,7.5,69
2024-03-15,24.8,6.2,15.4,0.0,15.2,44
2024-03-16,26.2,9.2,17.7,0.0,10.6,36
2024-03-17,27.3,9.1,19.1,0.0,14.7,33
2024-03-18,29.2,11.8,20.4,0.0,16.5,35
2024-03-19,30.2,11.0,20.7,0.0,15.0,35
2024-03-20,29.6,13.8,21.9,0.0,9.8,36
2024-03-21,24.8,15.9,20.8,0.0,21.0,47
2024-03-22,25.5,12.8,19.2,2.2,10.5,63
2024-03-23,28.8,13.5,21.1,1.4,11.6,51
2024-03-24,30.2,14.9,22.1,0.8,14.5,49
2024-03-25,32.1,14.0,23.8,0.0,13.4,31
2024-03-26,30.9,17.0,23.3,0.0,24.7,37
2024-03-27,26.3,16.8,20.1,0.3,16.3,59
2024-03-28,28.8,15.5,21.4,0.4,10.8,61
2024-03-29,26.9,15.4,19.8,13.1,18.1,72
2024-03-30,22.2,14.4,17.1,15.4,12.0,86
2024-03-31,25.1,12.4,17.9,0.0,10.5,67
2024-04-01,28.6,9.6,18.9,0.0,14.0,48
2024-04-02,29.6,12.5,21.3,0.0,15.2,42
2024-04-03,24.1,13.3,19.2,3.0,18.4,60
2024-04-04,28.1,11.9,20.1,0.0,17.1,51
2024-04-05,29.5,13.5,22.0,0.0,21.6,36
2024-04-06,31.4,13.5,22.7,0.0,12.9,28
2024-04-07,32.5,13.6,23.7,0.0,18.2,26
2024-04-08,32.9,15.4,24.6,0.0,10.8,22
2024-04-09,33.9,18.1,25.6,0.0,9.8,25
2024-04-10,30.7,16.8,24.7,0.0,23.4,36
2024-04-11,31.3,16.9,24.5,0.2,15.3,40
2024-04-12,30.5,17.9,23.6,0.5,13.9,49
2024-04-13,19.9,16.0,18.1,23.9,17.1,75
2024-04-14,21.8,15.1,18.3,18.1,10.9,75
2024-04-15,19.5,13.7,17.1,24.7,10.2,88
2024-04-16,26.9,12.9,19.3,0.0,12.5,66
2024-04-17,29.2,13.9,21.5,0.0,10.0,59
2024-04-18,24.3,17.6,20.4,8.5,11.5,75
2024-04-19,18.2,15.6,17.1,40.3,13.5,88
2024-04-20,24.6,15.3,19.2,8.4,20.7,69
2024-04-21,28.8,14.0,20.8,0.3,16.9,62
2024-04-22,30.0,15.1,22.2,0.0,12.6,60
2024-04-23,30.6,17.4,23.9,0.0,13.8,53
2024-04-24,31.1,17.1,23.8,0.0,13.7,56
2024-04-25,30.7,18.4,24.2,0.0,10.8,58
2024-04-26,29.2,18.9,22.3,1.7,17.3,65
2024-04-27,22.0,16.6,18.9,6.9,13.4,79
2024-04-28,20.2,15.5,17.6,20.8,11.9,80
2024-04-29,20.6,14.2,16.8,4.1,18.0,79
2024-04-30,22.2,11.9,17.2,0.0,28.2,63
2024-05-01,28.2,10.5,19.8,0.0,7.9,54
2024-05-02,30.4,16.0,23.2,0.0,7.2,54
2024-05-03,26.5,18.4,22.2,0.0,13.7,57
2024-05-04,28.0,17.4,22.4,0.0,15.3,58
2024-05-05,32.1,16.5,24.2,0.0,15.8,56
2024-05-06,34.7,17.1,26.4,0.0,12.8,48
2024-05-07,35.9,17.1,27.7,0.0,14.7,40
2024-05-08,36.1,19.1,28.0,0.0,8.1,43
2024-05-09,36.4,21.3,28.9,0.0,10.1,41
2024-05-10,35.1,22.1,29.0,0.1,20.2,38
2024-05-11,34.7,21.2,27.6,0.1,27.1,45
2024-05-12,32.1,19.5,25.0,0.3,26.8,52
2024-05-13,33.7,18.0,26.3,0.0,9.8,44
2024-05-14,36.3,20.6,29.0,0.0,9.7,36
2024-05-15,37.5,21.6,30.2,0.0,7.6,36
2024-05-16,36.7,23.0,30.4,0.1,14.2,36
2024-05-17,38.8,22.1,31.6,0.0,18.2,33
2024-05-18,37.2,25.5,31.2,0.5,20.9,33
2024-05-19,38.8,22.2,31.0,0.0,16.9,33
2024-05-20,38.9,24.1,31.4,0.0,17.7,30
2024-05-21,40.9,23.4,32.3,0.0,18.7,26
2024-05-22,41.9,23.8,33.3,0.0,14.1,22
2024-05-23,42.0,25.0,33.3,0.0,18.1,24
2024-05-24,40.1,23.7,32.7,0.0,12.0,27
2024-05-25,42.3,25.9,33.9,0.0,11.3,25
2024-05-26,42.5,26.2,35.3,0.0,27.5,16
2024-05-27,43.4,28.1,36.6,0.0,28.5,11
2024-05-28,42.5,31.9,37.0,0.0,39.8,9
2024-05-29,41.8,29.1,35.3,0.0,40.1,10
2024-05-30,41.5,30.1,35.1,0.0,26.3,10
2024-05-31,41.4,26.0,34.0,0.0,23.5,13
2024-06-01,41.8,25.6,34.0,0.0,20.4,15
2024-06-02,42.7,24.1,33.8,0.0,12.6,16
2024-06-03,43.4,27.4,34.9,0.0,16.0,20
2024-06-04,41.0,26.4,33.4,0.0,27.8,28
2024-06-05,37.0,25.6,31.0,0.0,12.2,33
2024-06-06,34.9,22.9,28.0,0.4,15.1,46
2024-06-07,35.5,21.9,29.0,0.0,10.1,39
2024-06-08,37.7,22.9,30.3,0.0,19.2,29
2024-06-09,39.4,22.7,31.2,0.0,14.7,26
2024-06-10,40.9,24.3,32.6,0.0,19.8,23
2024-06-11,41.6,26.3,33.5,0.0,10.4,25
2024-06-12,42.1,25.8,34.1,0.0,11.6,27
2024-06-13,42.6,25.1,34.4,0.0,15.1,28
2024-06-14,40.6,25.8,33.8,0.0,16.6,30
2024-06-15,41.9,26.4,34.4,0.0,8.4,28
2024-06-16,44.2,28.2,35.6,0.0,11.5,26
2024-06-17,43.6,28.2,35.9,0.0,12.1,25
2024-06-18,43.7,27.7,36.0,0.0,11.5,21
2024-06-19,43.4,29.2,36.4,0.0,22.4,18
2024-06-20,39.3,27.3,33.6,0.0,18.2,29
2024-06-21,35.1,25.0,30.0,2.3,18.9,48
2024-06-22,39.6,26.4,32.6,0.0,16.3,38
2024-06-23,39.0,27.7,33.8,0.0,12.8,31
2024-06-24,42.4,28.4,34.8,0.0,10.4,29
2024-06-25,42.7,28.6,35.1,0.0,16.0,27
2024-06-26,43.8,28.5,36.6,0.0,10.4,26
2024-06-27,43.7,28.5,35.9,0.0,12.6,33
2024-06-28,41.1,28.7,34.3,0.0,15.0,48
2024-06-29,41.7,29.8,35.0,0.0,20.8,46
2024-06-30,42.1,30.2,35.4,0.0,18.7,47
2024-07-01,43.4,29.8,36.1,0.0,13.0,46
2024-07-02,41.6,28.0,35.0,0.0,19.5,51
2024-07-03,43.1,28.7,36.1,0.3,20.3,52
2024-07-04,38.4,26.8,33.0,4.1,19.4,63
2024-07-05,35.6,25.4,29.8,3.7,22.1,70
2024-07-06,36.3,24.8,30.1,0.5,18.5,64
2024-07-07,35.4,22.5,28.9,11.0,20.8,66
2024-07-08,38.6,24.6,31.8,0.0,12.2,57
2024-07-09,38.5,27.1,32.2,0.0,19.2,58
2024-07-10,36.5,27.4,31.8,14.5,12.2,63
2024-07-11,39.0,28.4,33.6,0.0,18.9,56
2024-07-12,37.5,28.8,32.2,6.0,26.2,58
2024-07-13,35.9,24.3,30.3,13.1,18.4,59
2024-07-14,37.6,23.7,31.3,2.5,15.0,52
2024-07-15,39.2,26.7,32.5,0.0,27.5,49
2024-07-16,40.4,28.8,34.1,0.6,10.1,44
2024-07-17,39.4,27.9,34.0,0.0,20.4,48
2024-07-18,37.9,25.9,32.5,1.8,15.5,54
2024-07-19,40.4,28.7,34.0,1.0,9.8,50
2024-07-20,40.8,29.2,34.3,1.0,14.3,49
2024-07-21,43.3,29.2,35.7,0.0,17.3,46
2024-07-22,40.8,30.2,35.1,1.2,16.6,51
2024-07-23,36.9,28.1,32.2,2.0,18.9,63
2024-07-24,39.8,28.1,33.5,0.1,13.2,58
2024-07-25,41.1,27.2,34.6,0.0,15.3,53
2024-07-26,41.3,28.2,35.1,0.0,16.0,55
2024-07-27,42.6,30.3,36.0,0.0,11.5,53
2024-07-28,35.4,27.1,30.6,3.9,21.5,76
2024-07-29,34.9,27.4,30.6,1.6,10.7,77
2024-07-30,31.8,26.2,28.8,13.4,10.8,83
2024-07-31,37.3,26.0,31.5,0.0,10.5,70
2024-08-01,33.8,26.8,29.9,5.5,14.5,77
2024-08-02,35.1,25.6,30.4,0.4,8.4,72
2024-08-03,33.8,25.6,29.0,48.1,15.8,81
2024-08-04,32.2,25.0,27.5,39.9,9.3,85
2024-08-05,33.9,25.4,29.5,6.2,7.3,82
2024-08-06,33.6,25.4,29.1,4.6,16.1,82
2024-08-07,32.4,24.6,27.7,10.0,14.2,83
2024-08-08,32.9,23.8,27.8,24.5,10.7,82
2024-08-09,33.3,24.2,28.9,2.0,11.4,80
2024-08-10,34.4,25.0,29.3,12.5,22.6,82
2024-08-11,32.1,24.0,27.4,5.3,12.3,83
2024-08-12,33.0,25.1,28.4,5.8,7.3,82
2024-08-13,34.9,25.6,30.2,0.2,7.2,76
2024-08-14,34.9,26.9,30.6,1.0,11.5,78
2024-08-15,30.0,25.1,27.3,17.5,18.1,86
2024-08-16,33.8,24.9,28.9,1.8,9.0,80
2024-08-17,31.2,24.5,26.5,56.0,10.9,88
2024-08-18,34.9,24.0,28.8,0.1,13.8,79
2024-08-19,33.0,25.2,28.9,2.4,12.8,81
2024-08-20,30.7,23.5,26.5,25.5,15.8,83
2024-08-21,31.8,23.9,27.3,19.1,8.3,77
2024-08-22,34.6,23.6,28.8,0.0,7.3,72
2024-08-23,34.7,24.5,29.2,0.0,14.0,71
2024-08-24,34.7,25.0,29.6,0.1,11.2,71
2024-08-25,33.6,24.1,29.1,5.9,16.2,75
2024-08-26,34.0,24.6,29.2,0.0,9.7,74
2024-08-27,31.4,23.9,26.9,8.9,11.4,78
2024-08-28,31.7,23.3,26.4,0.2,14.5,79
2024-08-29,30.5,22.9,26.7,3.2,13.3,77
2024-08-30,27.1,23.2,24.8,29.6,8.8,87
2024-08-31,35.0,22.7,28.2,0.0,11.0,69
2024-09-01,34.9,24.2,29.2,0.0,7.0,72
2024-09-02,30.9,24.3,27.4,23.4,13.1,82
2024-09-03,30.8,22.9,26.2,21.8,10.4,81
2024-09-04,33.5,24.0,28.1,0.0,8.9,75
2024-09-05,33.0,23.6,28.0,0.6,8.0,78
2024-09-06,31.1,22.7,26.7,11.0,15.1,81
2024-09-07,32.2,22.2,26.8,5.4,8.3,80
2024-09-08,33.5,22.8,27.8,3.1,8.2,77
2024-09-09,34.2,23.5,28.6,0.0,6.1,74
2024-09-10,33.5,24.1,28.0,0.9,11.2,73
2024-09-11,34.1,23.6,28.4,2.3,16.7,69
2024-09-12,35.8,24.2,29.3,0.0,11.3,65
2024-09-13,34.0,24.6,28.8,0.0,11.9,67
2024-09-14,30.4,21.6,25.1,16.3,30.1,76
2024-09-15,33.7,20.5,26.8,2.4,13.5,64
2024-09-16,34.0,21.0,27.5,0.0,7.4,66
2024-09-17,34.8,22.9,28.4,0.0,10.4,57
2024-09-18,34.8,23.0,27.9,0.0,7.7,55
2024-09-19,35.9,22.8,28.4,0.0,8.6,59
2024-09-20,35.9,21.8,28.5,0.0,7.9,56
2024-09-21,34.9,22.0,28.4,0.0,10.5,67
2024-09-22,35.4,23.9,29.4,0.0,15.0,68
2024-09-23,35.9,25.2,30.3,0.0,13.1,66
2024-09-24,36.6,25.9,30.7,0.0,11.1,67
2024-09-25,36.4,25.6,30.7,0.0,13.6,66
2024-09-26,34.2,25.4,28.8,2.1,16.6,71
2024-09-27,27.9,21.3,24.3,16.6,11.5,79
2024-09-28,30.8,21.2,26.2,0.0,11.5,67
2024-09-29,33.4,22.2,27.5,0.0,8.6,61
2024-09-30,35.2,23.0,27.8,0.0,7.3,59
2024-10-01,34.9,21.5,27.0,0.0,11.2,61
2024-10-02,35.3,21.3,27.4,0.0,10.3,59
2024-10-03,35.2,21.0,27.3,0.0,9.7,55
2024-10-04,34.1,21.2,27.2,0.0,14.7,66
2024-10-05,31.8,22.0,25.5,7.0,12.6,74
2024-10-06,32.1,20.5,25.6,0.0,8.3,62
2024-10-07,33.3,21.0,25.5,1.8,22.3,54
2024-10-08,29.3,19.1,23.3,1.8,14.2,60
2024-10-09,31.6,17.7,24.2,0.1,12.5,47
2024-10-10,32.0,17.6,24.6,0.0,7.3,46
2024-10-11,33.5,18.2,24.7,0.0,11.1,48
2024-10-12,32.3,18.7,24.1,0.0,9.3,58
2024-10-13,32.0,17.8,24.6,0.0,10.9,62
2024-10-14,31.1,18.6,24.7,0.1,8.4,62
2024-10-15,32.4,19.4,25.0,0.0,7.5,52
2024-10-16,32.2,17.7,24.7,0.0,10.3,57
2024-10-17,31.9,19.3,24.7,0.0,7.2,56
2024-10-18,32.5,18.3,24.7,0.0,8.4,53
2024-10-19,32.7,18.9,24.5,0.0,10.0,55
2024-10-20,30.8,18.1,24.0,0.0,9.6,66
2024-10-21,31.2,19.3,24.8,0.0,9.1,63
2024-10-22,28.8,18.5,23.4,1.8,11.2,72
2024-10-23,28.2,18.2,22.8,0.1,9.4,67
2024-10-24,30.5,16.9,23.7,4.2,14.7,58
2024-10-25,31.7,15.5,24.1,0.0,8.4,46
2024-10-26,33.5,16.9,24.0,0.0,7.4,47
2024-10-27,31.7,18.5,23.9,0.0,7.5,55
2024-10-28,28.2,18.2,22.9,6.1,22.2,66
2024-10-29,25.7,17.8,21.3,0.5,9.6,78
2024-10-30,29.2,17.3,22.4,0.0,9.9,64
2024-10-31,31.1,14.5,22.4,0.0,12.7,49
2024-11-01,30.7,13.8,21.3,0.0,7.2,50
2024-11-02,29.2,16.1,21.0,0.0,8.0,68
2024-11-03,28.9,16.5,21.2,0.0,8.3,67
2024-11-04,29.5,15.1,21.4,0.0,7.9,63
2024-11-05,28.4,15.8,21.5,0.0,7.1,68
2024-11-06,30.2,18.8,22.9,0.0,8.1,66
2024-11-07,28.6,16.5,22.0,0.0,7.8,73
2024-11-08,29.2,17.6,22.3,0.0,7.2,73
2024-11-09,29.0,17.6,22.1,0.0,9.0,70
2024-11-10,27.6,17.8,21.4,0.0,10.9,74
2024-11-11,23.1,15.8,18.5,10.8,10.1,82
2024-11-12,26.3,13.3,18.7,0.0,9.3,72
2024-11-13,24.3,11.8,17.4,0.0,4.1,74
2024-11-14,22.0,12.4,16.9,0.0,8.8,73
2024-11-15,20.4,13.0,16.3,0.6,9.3,79
2024-11-16,22.5,12.3,16.1,0.0,3.4,80
2024-11-17,23.6,9.4,15.4,0.0,6.1,72
2024-11-18,22.7,8.6,14.8,0.0,4.8,64
2024-11-19,22.0,8.3,14.5,0.0,2.4,65
2024-11-20,22.1,8.5,14.5,0.0,2.7,65
2024-11-21,22.6,9.8,15.2,0.0,3.3,70
2024-11-22,22.0,10.3,15.1,0.0,3.8,70
2024-11-23,20.3,10.0,15.2,0.0,4.2,76
2024-11-24,21.2,11.1,15.2,0.0,9.9,78
2024-11-25,22.2,8.3,14.2,0.0,5.0,71
2024-11-26,21.6,7.5,13.8,0.0,3.5,64
2024-11-27,21.4,6.6,13.6,0.0,4.2,64
2024-11-28,21.0,7.6,13.7,0.0,3.8,68
2024-11-29,16.9,10.2,13.1,0.0,7.1,68
2024-11-30,21.2,8.1,13.5,0.0,5.6,68
2024-12-01,21.6,6.8,13.5,0.0,10.7,66
2024-12-02,19.5,7.9,12.8,0.3,11.3,72
2024-12-03,21.9,7.6,13.2,0.0,5.6,63
2024-12-04,22.1,5.7,11.8,0.0,7.1,55
2024-12-05,19.5,4.8,11.4,0.0,3.3,48
2024-12-06,19.2,4.2,11.0,0.0,7.0,50
2024-12-07,17.9,3.4,10.3,0.0,2.5,54
2024-12-08,19.0,5.7,10.9,0.0,12.2,52
2024-12-09,17.2,4.7,9.3,0.0,6.3,41
2024-12-10,16.7,3.8,9.1,0.0,4.7,58
2024-12-11,16.7,2.2,8.8,0.0,5.1,55
2024-12-12,16.5,3.1,9.0,0.0,5.0,56
2024-12-13,19.1,2.0,9.3,0.0,9.0,54
2024-12-14,18.7,3.3,9.5,0.0,5.1,48
2024-12-15,17.7,2.7,9.2,0.0,3.6,58
2024-12-16,18.1,1.8,9.5,0.0,3.3,58
2024-12-17,17.6,3.7,9.5,0.0,3.7,56
2024-12-18,16.1,4.8,9.4,0.0,3.6,58
2024-12-19,16.6,1.5,8.0,0.0,5.1,55
2024-12-20,16.6,2.1,8.6,0.0,4.2,54
2024-12-21,15.9,0.8,7.8,0.0,3.4,56
2024-12-22,15.6,3.0,9.0,0.0,4.3,59
2024-12-23,16.1,4.4,9.7,0.0,5.7,63
2024-12-24,16.8,3.9,9.2,0.0,2.1,68
2024-12-25,16.6,2.1,8.5,0.0,3.4,55
2024-12-26,17.8,1.5,8.3,0.0,3.8,55
2024-12-27,15.3,2.6,8.2,0.0,10.5,62
2024-12-28,15.6,2.5,8.2,0.0,4.4,77
2024-12-29,17.2,2.0,9.0,0.0,3.6,74
2024-12-30,17.3,2.6,8.8,0.0,3.7,67
2024-12-31,17.3,4.3,9.3,0.0,6.1,72
